{
  "A": {
    "columns": [
      "交收日期",
      "业务标示",
      "证券代码",
      "证券名称",
      "成交价格",
      "成交数量",
      "模拟初始金额42万左右"
    ],
    "shape": [
      127,
      7
    ],
    "date_range": [
      20250106,
      20260410
    ],
    "n_stocks": 14,
    "stocks": [
      "1965",
      "2327",
      "2818",
      "600188",
      "600256",
      "600507",
      "601006",
      "601166",
      "601666",
      "603210",
      "603406",
      "732210",
      "732406",
      "983"
    ],
    "mean_price": 8.67984251968504,
    "mean_qty": 3798.4251968503936
  },
  "B": {
    "columns": [
      "交收日期",
      "业务标示",
      "证券代码",
      "证券名称",
      "成交价格",
      "成交数量",
      "成交金额",
      "模拟初始100万左右"
    ],
    "shape": [
      1727,
      8
    ],
    "date_range": [
      20250102,
      20260417
    ],
    "n_stocks": 89,
    "stocks": [
      "1369",
      "153",
      "2050",
      "2052",
      "2074",
      "2085",
      "2086",
      "2179",
      "2195",
      "2329",
      "2389",
      "2460",
      "2466",
      "2579",
      "2600",
      "2611",
      "2695",
      "2697",
      "2806",
      "2926",
      "3037",
      "3816",
      "407",
      "513",
      "554",
      "559",
      "600010",
      "600021",
      "600030",
      "600089"
    ],
    "mean_price": 22.827735379270408,
    "mean_qty": 11825.70932252461
  },
  "C": {
    "columns": [
      "交收日期",
      "业务标示",
      "证券代码",
      "证券名称",
      "成交价格",
      "成交数量",
      "成交金额",
      "模拟初始资金40万左右"
    ],
    "shape": [
      285,
      8
    ],
    "date_range": [
      20250120,
      20260413
    ],
    "n_stocks": 53,
    "stocks": [
      "123254",
      "123255",
      "127110",
      "2025",
      "2241",
      "2400",
      "2409",
      "2493",
      "2497",
      "300031",
      "300037",
      "300045",
      "300070",
      "300094",
      "300212",
      "300223",
      "300261",
      "300304",
      "300316",
      "300327",
      "300347",
      "300351",
      "300366",
      "300415",
      "300427",
      "300433",
      "300474",
      "300496",
      "300552",
      "300593"
    ],
    "mean_price": 26.907385964912283,
    "mean_qty": 8462.070175438597
  }
}