{
  "n_components": 4,
  "explained_variance_ratio": [
    0.414996027487851,
    0.23415711235081332,
    0.1675556496017313,
    0.09647516703776259
  ],
  "cumulative_variance": [
    0.414996027487851,
    0.6491531398386643,
    0.8167087894403956,
    0.9131839564781582
  ],
  "feature_names": [
    "positive_month_ratio",
    "max_drawdown",
    "daily_vol_annual",
    "var_5pct",
    "downside_vol",
    "sharpe_ratio",
    "calmar_ratio",
    "annual_turnover",
    "avg_holding_period",
    "buy_sell_ratio",
    "trades_per_year",
    "hhi_concentration",
    "avg_position_ratio",
    "cash_ratio_std",
    "trend_strength",
    "avg_recovery_days"
  ],
  "loadings": [
    [
      -0.14341503486152646,
      0.018078158424305046,
      0.37854563192196905,
      -0.1782775672091927,
      0.35344525080516653,
      0.27989133367541574,
      0.3794564550864366,
      -0.05508267347590359,
      -0.016903979506091543,
      -0.04761472122003829,
      -0.11842908349310695,
      0.15876407613127297,
      0.23531115094081712,
      0.34083136372221884,
      0.3710671633383168,
      0.32051370250029965
    ],
    [
      -0.29133508552455,
      0.24996740289142905,
      -0.05688521763217004,
      0.373861937327985,
      -0.1673206202525594,
      -0.22276637946652786,
      0.005475832229107205,
      -0.24267313138595104,
      0.3943598022875922,
      0.35917349770460627,
      -0.212773689421842,
      0.28858654201223166,
      0.3626052649466773,
      0.05094081910633395,
      -0.10832816570118645,
      0.11915359454059596
    ],
    [
      -0.28907071868554457,
      0.24066618387471744,
      -0.014634521297011656,
      0.2795931954162147,
      0.031208873348867225,
      -0.19876928336212044,
      0.05671384788953622,
      0.49037756908967534,
      -0.2637310992708012,
      -0.37548476822840726,
      0.38850401672301366,
      0.27286591677120176,
      0.11070241973834889,
      -0.026656041165416262,
      -0.10284472515867557,
      0.1910100772459339
    ],
    [
      -0.22990596713038103,
      0.5731819451551511,
      -0.13581642411610456,
      0.137116403715899,
      -0.1352855892574711,
      0.2552032351304946,
      0.12274383529244816,
      0.061421369324681244,
      -0.19344466554767098,
      -0.14373241894496902,
      -0.415046058539516,
      -0.3739995243778774,
      -0.14086291530584924,
      0.18183721301556466,
      0.03260284503557197,
      -0.2343082988834841
    ]
  ],
  "note": "Projection uses centered (not scaled) data to preserve norm information"
}