datetime,symbol,action,price,amount,quantity
2021-07-30 13:48:30,688599,BUY,44.91999816894531,84600.91451789555,1900.0
2021-07-31 13:48:30,688599,BUY,44.91999816894531,70377.0041526812,1900.0
2021-07-31 13:48:30,688116,BUY,146.60000610351562,83375.5080072803,600.0
2021-08-02 13:48:30,688122,BUY,82.95999908447266,81983.41443221284,1100.0
2021-08-02 13:48:30,688599,BUY,44.91999816894531,83384.33854445035,1900.0
2021-08-03 13:48:30,688567,BUY,35.36000061035156,87594.58741822805,2500.0
2021-08-05 13:48:30,688366,BUY,217.07000732421875,109799.5272249305,400.0
2021-08-15 09:35:00,688567,SELL,40.91999816894531,19150.786820022444,500.0
2021-08-15 13:48:30,688222,BUY,28.21999931335449,4701.574599648377,200.0
2021-08-17 09:35:00,688366,SELL,194.69000244140625,69137.30783905741,400.0
2021-08-19 09:35:00,688366,BUY,181.30668916541018,92718.54620956356,511.390653242663
2021-08-19 09:35:00,688366,SELL,194.69000244140625,80063.02095012004,400.0
2021-08-20 09:35:00,688366,SELL,194.69000244140625,90260.00068235367,400.0
2021-08-22 13:48:30,688078,BUY,58.54999923706055,111003.35361287073,1700.0
2021-08-23 09:35:00,688222,SELL,26.15999984741211,85842.90101785611,3200.0
2021-08-23 09:35:00,688122,SELL,95.4000015258789,88931.6305172723,1100.0
2021-08-23 13:48:30,688037,BUY,243.6300048828125,92375.90907232747,400.0
2021-08-23 13:48:30,688078,BUY,58.54999923706055,88582.34472577515,1700.0
2021-08-24 09:35:00,688006,SELL,114.5,87043.23346565697,700.0
2021-08-24 13:48:30,688025,BUY,65.80000305175781,75302.28603417026,1400.0
2021-08-25 09:35:00,688006,SELL,114.5,67752.97790004982,700.0
2021-08-30 09:35:00,688005,SELL,120.22000122070312,82048.26833399266,700.0
2021-08-30 13:48:30,688017,BUY,177.0,97013.5699323681,500.0
2021-08-31 09:35:00,688012,BUY,164.33009043129854,67412.55819976145,410.22650217517287
2021-09-02 09:35:00,688078,SELL,72.0,154552.04733824098,1700.0
2021-09-04 09:35:00,688012,SELL,160.77999877929688,71910.20668756512,500.0
2021-09-06 09:35:00,688599,SELL,58.29999923706055,10228.688224437405,200.0
2021-09-07 09:35:00,688012,SELL,160.77999877929688,70820.71649669792,500.0
2021-09-07 13:48:30,688078,BUY,74.95999908447266,74417.8813521931,1200.0
2021-09-08 13:48:30,688078,BUY,74.95999908447266,92299.4823282924,1200.0
2021-09-15 13:48:30,688567,BUY,34.0,7946.660775780072,200.0
2021-09-18 13:48:30,688300,BUY,67.81999969482422,73089.7239513233,1200.0
2021-09-21 09:35:00,688022,SELL,39.64409317058896,60047.57574377555,1514.6663964639117
2021-09-22 09:35:00,688022,SELL,38.540000915527344,81040.15393815456,2300.0
2021-09-22 13:48:30,688301,BUY,372.3900146484375,74699.03469470267,200.0
2021-09-25 09:35:00,688516,SELL,197.33999633789065,80772.62829553714,400.0
2021-09-26 09:35:00,688516,SELL,197.33999633789065,86560.90416783058,400.0
2021-09-26 09:35:00,688599,SELL,51.95000076293945,10270.66935915122,200.0
2021-09-27 09:35:00,688516,SELL,197.33999633789065,74851.88279397158,400.0
2021-09-29 09:35:00,688599,SELL,51.95000076293945,9764.671777640347,200.0
2021-09-29 13:48:30,688039,BUY,64.37000274658203,100506.40493663435,1200.0
2021-10-05 09:35:00,688039,SELL,59.52000045776367,82548.75720343429,1200.0
2021-10-06 13:48:30,688559,BUY,55.59000015258789,80575.31775442926,1500.0
2021-10-07 13:48:30,688559,BUY,55.59000015258789,96531.3166751197,1500.0
2021-10-08 09:35:00,688039,SELL,59.52000045776367,71470.94869637543,1200.0
2021-10-08 13:48:30,688559,BUY,55.59000015258789,73658.92245062301,1500.0
2021-10-09 09:35:00,688025,SELL,53.5,95609.71679482605,1600.0
2021-10-09 13:48:30,688198,BUY,243.1499938964844,76461.79011257138,300.0
2021-10-10 09:35:00,688039,SELL,59.52000045776367,60037.975701306175,1200.0
2021-10-11 09:35:00,688039,SELL,59.52000045776367,82157.31460826303,1200.0
2021-10-11 09:35:00,688039,SELL,60.845329182988515,79637.52340450774,1308.8518785887882
2021-10-11 13:48:30,688089,BUY,48.619998931884766,77132.30781031541,1600.0
2021-10-18 09:35:00,688089,SELL,43.25,67518.08302652116,1600.0
2021-10-18 13:48:30,688356,BUY,255.3000030517578,85934.44167630268,300.0
2021-10-22 09:35:00,688301,SELL,472.6300048828125,101980.8201377804,200.0
2021-10-23 09:35:00,688198,SELL,233.17999267578125,67507.68066541334,300.0
2021-10-25 13:48:30,688078,BUY,64.0,11666.603043733348,200.0
2021-10-26 13:48:30,688518,BUY,36.040000915527344,121177.89199660475,2400.0
2021-10-27 09:35:00,688198,SELL,233.17999267578125,49024.0299277934,300.0
2021-10-28 13:48:30,688301,BUY,447.760009765625,92544.80582745445,200.0
2021-10-30 13:48:30,688596,BUY,23.56999969482422,89242.272453849,3700.0
2021-10-30 13:48:30,688301,BUY,432.42948797157885,128892.95531989308,298.0669887349692
2021-10-30 13:48:30,688301,BUY,447.760009765625,79558.97095531001,200.0
2021-10-30 13:48:30,688596,BUY,23.56999969482422,75475.76448627119,3700.0
2021-11-01 09:35:00,688599,SELL,74.0,23825.612894731392,300.0
2021-11-01 13:48:30,688301,BUY,447.760009765625,110226.46089727568,200.0
2021-11-03 13:48:30,688301,BUY,447.760009765625,106770.98456618133,200.0
2021-11-04 09:35:00,688598,SELL,342.4800109863281,83579.26699530304,300.0
2021-11-05 09:35:00,688301,SELL,441.0,81794.71619951398,200.0
2021-11-09 09:35:00,688518,SELL,47.470001220703125,94092.61134726797,2000.0
2021-11-11 13:48:30,688116,BUY,167.9499969482422,94313.74647433306,500.0
2021-11-13 09:35:00,688116,SELL,153.47999572753906,74543.47602821619,500.0
2021-11-14 09:35:00,688007,SELL,32.349998474121094,93883.24058007523,2400.0
2021-11-14 13:48:30,688551,BUY,69.56999969482422,125138.6696650904,1300.0
2021-11-14 13:48:30,688301,BUY,446.1000061035156,64428.787328386206,200.0
2021-11-15 09:35:00,688007,SELL,32.349998474121094,58936.26424791806,2400.0
2021-11-17 09:35:00,688007,SELL,32.349998474121094,68517.17509709341,2400.0
2021-11-19 09:35:00,688022,SELL,59.27999877929688,11816.683645310346,200.0
2021-11-20 13:48:30,688078,BUY,70.80000305175781,79904.61057174805,1400.0
2021-11-23 09:35:00,688022,SELL,59.27999877929688,12570.73080340624,200.0
2021-11-23 13:48:30,688078,BUY,70.80000305175781,84907.23143574616,1400.0
2021-11-29 09:35:00,688301,SELL,540.0,111500.91790549885,200.0
2021-11-30 13:48:30,688005,BUY,141.8800048828125,103496.00534071172,700.0
2021-12-02 13:48:30,688005,SELL,148.74677547848836,73999.47014789851,497.4862138009859
2021-12-03 09:35:00,688301,SELL,540.0,109179.71691104278,200.0
2021-12-07 09:35:00,688300,SELL,94.8000030517578,94689.19960026884,1100.0
2021-12-07 13:48:30,688037,BUY,217.6499938964844,82645.3262027051,400.0
2021-12-11 09:35:00,688599,SELL,85.13999938964844,18169.474164891704,200.0
2021-12-11 13:48:30,688022,BUY,57.900001525878906,9757.413054704712,200.0
2021-12-12 13:48:30,688022,BUY,57.900001525878906,13001.256590334255,200.0
2021-12-14 09:35:00,688599,SELL,85.13999938964844,17584.7814859324,200.0
2021-12-14 09:35:00,688386,SELL,74.19000244140625,125120.62061478604,1400.0
2021-12-14 13:48:30,688551,BUY,63.65999984741211,114517.78975705113,1500.0
2021-12-15 13:48:30,688022,BUY,57.900001525878906,10145.31674298936,200.0
2021-12-18 13:48:30,688300,BUY,97.01000213623048,83300.38788592201,1000.0
2021-12-19 13:48:30,688101,BUY,20.1200008392334,89897.79918115019,4700.0
2021-12-25 09:35:00,688025,SELL,71.56999969482422,11522.000682018825,200.0
2021-12-26 09:35:00,688101,SELL,18.90999984741211,74890.73652483124,4700.0
2021-12-26 09:35:00,688101,SELL,18.90999984741211,96021.63364053666,4700.0
2021-12-28 09:35:00,688025,SELL,71.56999969482422,12198.920199751243,200.0
2021-12-29 09:35:00,688551,SELL,53.56999969482422,98583.06330098002,1500.0
2022-01-02 09:35:00,688596,SELL,25.07999992370605,95284.04545678302,4000.0
2022-01-02 09:35:00,688356,SELL,322.25,77795.84073739972,300.0
2022-01-07 09:35:00,688599,SELL,64.61000061035156,73988.7773808009,1200.0
2022-01-11 13:48:30,688138,BUY,20.26000022888184,85035.4377441751,4600.0
2022-01-15 13:48:30,688127,BUY,24.40999984741211,108934.34203993379,4000.0
2022-01-15 13:48:30,688590,BUY,19.13999938964844,106811.56241790432,4800.0
2022-01-18 09:35:00,688595,SELL,113.4000015258789,98723.39832145686,800.0
2022-01-20 09:35:00,688595,SELL,113.4000015258789,92080.58082240765,800.0
2022-01-21 13:48:30,688039,BUY,92.31999969482422,93040.69672233144,1000.0
2022-01-22 09:35:00,688590,SELL,19.530000686645508,84207.08760771286,4800.0
2022-01-23 09:35:00,688025,SELL,61.22999954223633,83776.79509076185,1300.0
2022-01-23 13:48:30,688196,BUY,75.5199966430664,95296.88348465013,1100.0
2022-01-24 09:35:00,688386,SELL,63.77999877929688,65852.57042342251,1200.0
2022-01-24 13:48:30,688550,BUY,99.4800033569336,70704.9823568843,800.0
2022-01-24 13:48:30,688318,BUY,184.1499938964844,82100.0354059221,400.0
2022-01-25 09:35:00,688590,SELL,19.530000686645508,103970.97331780399,4800.0
2022-01-26 13:48:30,688196,BUY,75.5199966430664,69222.93221521578,1100.0
2022-01-26 13:48:30,688318,BUY,184.1499938964844,85206.11862727265,400.0
2022-02-04 09:35:00,688127,SELL,20.459999084472656,90192.24504656179,3700.0
2022-02-06 09:35:00,688668,SELL,58.540000915527344,117803.71685383368,1400.0
2022-02-06 13:48:30,688138,BUY,17.889999389648438,2956.3905106051043,200.0
2022-02-06 13:48:30,688021,BUY,54.84000015258789,80148.50712604744,1500.0
2022-02-07 09:35:00,688106,SELL,24.950000762939453,91033.06267214271,3300.0
2022-02-07 09:35:00,688127,SELL,20.459999084472656,82736.04501959214,3700.0
2022-02-07 13:48:30,688003,BUY,36.5,86291.37395947365,2100.0
2022-02-09 09:35:00,688138,SELL,16.579999923706055,87718.71732463561,4800.0
2022-02-09 13:48:30,688021,BUY,54.84000015258789,94905.68189034764,1500.0
2022-02-10 13:48:30,688658,BUY,24.780000686645508,92660.06673841062,3000.0
2022-02-11 09:35:00,688003,SELL,31.93000030517578,66333.38113356548,2100.0
2022-02-13 09:35:00,688039,SELL,56.75,51166.98639729356,1200.0
2022-02-13 09:35:00,688039,SELL,56.75,71009.30565578054,1200.0
2022-02-13 09:35:00,688039,SELL,56.75,63252.48089075698,1200.0
2022-02-13 13:48:30,688377,BUY,23.59000015258789,87696.12782808198,3300.0
2022-02-14 13:48:30,688228,BUY,39.2599983215332,64726.21846474024,1800.0
2022-02-21 13:48:30,688155,BUY,116.1999969482422,55650.18553096241,600.0
2022-02-23 13:48:30,688155,BUY,116.1999969482422,68991.87217112465,600.0
2022-02-25 09:35:00,688377,SELL,21.950000762939453,74074.71158059424,3300.0
2022-02-25 09:35:00,688377,SELL,21.950000762939453,67016.83379210514,3300.0
2022-02-27 13:48:30,688590,BUY,19.84000015258789,3576.4237078723686,200.0
2022-02-27 13:48:30,688066,BUY,71.51000213623047,61530.978432680036,1100.0
2022-03-01 13:48:30,688068,BUY,174.11000061035156,63859.91565459418,500.0
2022-03-06 09:35:00,688228,SELL,38.04999923706055,72210.79158409507,1800.0
2022-03-06 13:48:30,688138,BUY,18.43000030517578,88046.15608351254,4100.0
2022-03-07 13:48:30,688138,BUY,18.43000030517578,72021.86761691928,4100.0
2022-03-10 09:35:00,688058,SELL,113.31999969482422,75065.19618082189,700.0
2022-03-13 09:35:00,688590,SELL,17.31999969482422,86378.60967208432,3900.0
2022-03-15 13:48:30,688221,BUY,20.31999969482422,78131.33999382185,3600.0
2022-03-16 13:48:30,688196,BUY,63.08000183105469,14544.79415761381,200.0
2022-03-17 09:35:00,688221,BUY,21.202269315616995,45251.11357090815,2134.2580314069237
2022-03-17 09:35:00,688068,SELL,188.8000030517578,45333.39165682389,300.0
2022-03-17 13:48:30,688058,BUY,107.3499984741211,61497.414668638245,600.0
2022-03-19 13:48:30,688077,BUY,94.23999786376952,69121.77157343618,700.0
2022-03-20 09:35:00,688221,SELL,21.39999961853028,63549.18614828703,3600.0
2022-03-20 09:35:00,688196,SELL,64.80999755859375,69587.48133923634,1100.0
2022-03-20 13:48:30,688136,BUY,33.33000183105469,59057.524597297925,2200.0
2022-03-20 13:48:30,688628,BUY,27.90999984741211,6611.537370709844,200.0
2022-03-21 09:35:00,688138,SELL,15.710000038146973,53551.37866080527,4100.0
2022-03-21 09:35:00,688068,SELL,188.8000030517578,56108.91985813636,300.0
2022-03-21 13:48:30,688196,BUY,63.40098648971866,13435.042355657297,211.90588821257495
2022-03-24 09:35:00,688066,SELL,65.2699966430664,67543.50700777647,1100.0
2022-03-25 09:35:00,688628,SELL,26.89999961853028,50502.10978269587,2500.0
2022-03-25 13:48:30,688628,BUY,27.90999984741211,5709.635849483157,200.0
2022-03-26 09:35:00,688136,SELL,28.75,50665.28490442142,2200.0
2022-03-26 13:48:30,688550,BUY,102.2699966430664,50348.55613512198,600.0
2022-03-27 09:35:00,688136,SELL,28.75,57613.675831158755,2200.0
2022-03-27 13:48:30,688005,BUY,126.5,52622.52880226817,500.0
2022-03-28 09:35:00,688513,SELL,54.790000915527344,58006.327969451755,1300.0
2022-03-28 13:48:30,688606,BUY,141.5399932861328,41029.53817029432,400.0
2022-03-29 09:35:00,688513,SELL,54.790000915527344,77148.52221317263,1300.0
2022-03-29 13:48:30,688556,BUY,70.91999816894531,51752.394091853406,900.0
2022-03-30 09:35:00,688058,SELL,97.5999984741211,53850.02190559493,600.0
2022-03-30 09:35:00,688513,SELL,54.790000915527344,69876.69061851139,1300.0
2022-03-30 09:35:00,688066,SELL,65.2699966430664,55110.843459753385,1100.0
2022-03-30 09:35:00,688136,SELL,28.75,73627.53108661289,2200.0
2022-03-30 09:35:00,688513,BUY,53.26862354814965,46346.55341576495,870.0535198524922
2022-03-30 13:48:30,688606,BUY,141.5399932861328,53787.11209008106,400.0
2022-03-30 13:48:30,688005,BUY,126.5,85937.75095148882,500.0
2022-03-30 13:48:30,688556,BUY,70.91999816894531,58990.37960392067,900.0
2022-03-31 09:35:00,688058,SELL,97.5999984741211,50540.1668449223,600.0
2022-03-31 13:48:30,688606,BUY,141.5399932861328,51423.21835019942,400.0
2022-04-01 13:48:30,688005,BUY,126.5,65466.3778548006,500.0
2022-04-04 09:35:00,688116,SELL,136.75,50996.53265875547,400.0
2022-04-04 13:48:30,688513,BUY,52.63999938964844,73847.04451640933,1300.0
2022-04-05 09:35:00,688116,SELL,136.75,54755.10382744555,400.0
2022-04-05 09:35:00,688559,SELL,61.68999862670898,73862.37219415928,1100.0
2022-04-06 09:35:00,688550,SELL,98.8000030517578,54779.85967957291,600.0
2022-04-06 13:48:30,688019,BUY,266.0,64465.1000245278,200.0
2022-04-08 09:35:00,688116,SELL,136.75,52148.07519374557,400.0
2022-04-08 13:48:30,688513,BUY,52.63999938964844,60543.62594110058,1300.0
2022-04-11 13:48:30,688559,BUY,56.02000045776367,66772.16536767913,1100.0
2022-04-12 09:35:00,688005,SELL,114.0199966430664,52365.40841299855,500.0
2022-04-16 09:35:00,688298,SELL,286.20001220703125,51127.78174915329,200.0
2022-04-17 09:35:00,688298,SELL,286.20001220703125,43258.84528844499,200.0
2022-04-19 09:35:00,688077,SELL,72.70999908447266,51712.20232892473,700.0
2022-04-19 09:35:00,688556,SELL,63.91999816894531,50293.655594075535,900.0
2022-04-19 09:35:00,688606,SELL,161.0500030517578,76344.70696963502,400.0
2022-04-20 09:35:00,688298,SELL,286.20001220703125,43082.07108852469,200.0
2022-04-20 09:35:00,688556,SELL,63.91999816894531,63320.23826339951,900.0
2022-04-20 13:48:30,688559,BUY,66.30000305175781,17405.063602310976,300.0
2022-04-20 13:48:30,688559,BUY,66.30000305175781,17909.72973669464,300.0
2022-04-21 09:35:00,688330,SELL,93.62999725341795,84861.49628923672,800.0
2022-04-21 09:35:00,688298,SELL,286.20001220703125,56644.74170423927,200.0
2022-04-21 13:48:30,688559,BUY,66.30000305175781,26802.62460470185,300.0
2022-04-22 09:35:00,688123,SELL,64.33999633789062,68070.73525506681,1200.0
2022-04-22 09:35:00,688077,SELL,72.70999908447266,61046.68712317681,700.0
2022-04-23 09:35:00,688377,SELL,22.81999969482422,75587.59080876551,3900.0
2022-04-26 09:35:00,688330,SELL,93.62999725341795,77481.63039755219,800.0
2022-04-26 13:48:30,688180,BUY,83.30000305175781,34577.048809591746,500.0
2022-05-03 13:48:30,688363,BUY,133.0,76834.58680268914,600.0
2022-05-04 09:35:00,688019,SELL,241.0500030517578,126232.35160127489,500.0
2022-05-04 09:35:00,688019,SELL,241.0500030517578,124659.66085249133,500.0
2022-05-04 13:48:30,688516,BUY,216.6000061035156,97555.17722349486,400.0
2022-05-06 09:35:00,688559,SELL,57.900001525878906,47775.233474236884,1000.0
2022-05-06 09:35:00,688377,SELL,28.0,17904.15235927745,900.0
2022-05-06 13:48:30,688516,BUY,216.6000061035156,79626.82205254996,400.0
2022-05-06 13:48:30,688377,BUY,29.280000686645508,113450.64182363037,3300.0
2022-05-07 13:48:30,688363,BUY,133.0,67729.45212666364,600.0
2022-05-08 09:35:00,688180,SELL,107.0,29131.58660217624,300.0
2022-05-08 09:35:00,688559,SELL,55.900001525878906,17405.457968647104,300.0
2022-05-09 13:48:30,688550,BUY,100.58000183105467,58469.17077713253,700.0
2022-05-13 09:35:00,688063,SELL,174.8000030517578,28300.647261415696,200.0
2022-05-13 09:35:00,688377,SELL,28.75,77724.71740464153,2400.0
2022-05-14 09:35:00,688516,SELL,234.4199981689453,46422.15699715883,200.0
2022-05-16 09:35:00,688516,SELL,234.4199981689453,49391.00871131933,200.0
2022-05-16 09:35:00,688063,SELL,174.8000030517578,35164.7054952554,200.0
2022-05-17 13:48:30,688668,BUY,57.400001525878906,65126.28057116013,1200.0
2022-05-17 13:48:30,688668,BUY,57.400001525878906,67553.25100439269,1200.0
2022-05-18 00:00:00,688363,OTHER,0.0,293.54072925800835,0.0
2022-05-18 09:35:00,688516,SELL,234.4199981689453,42752.963570237065,200.0
2022-05-20 09:35:00,688677,SELL,77.87999725341797,71771.21065668364,800.0
2022-05-20 09:35:00,688363,SELL,139.30999755859375,32633.71699639377,200.0
2022-05-20 13:48:30,688533,BUY,48.29999923706055,75823.43521818072,1400.0
2022-05-20 13:48:30,688127,BUY,18.96999931335449,77143.97551610076,3700.0
2022-05-20 13:48:30,688556,BUY,76.98999786376953,65352.70763340419,800.0
2022-05-23 09:35:00,688363,SELL,139.30999755859375,23066.180471752872,200.0
2022-05-24 09:35:00,688516,SELL,247.759994506836,50976.42794874338,200.0
2022-05-24 13:48:30,688533,BUY,48.29999923706055,75743.47174543806,1400.0
2022-05-24 13:48:30,688127,BUY,18.96999931335449,69585.8449743089,3700.0
2022-05-25 00:00:00,688019,BUY,0.0,49.281326479848886,80.0
2022-05-25 00:00:00,688019,BUY,0.0,84.11668296987743,80.0
2022-05-26 09:35:00,688139,SELL,73.55999755859375,56403.82316980296,800.0
2022-05-28 09:35:00,688680,SELL,210.259994506836,59231.82578229399,300.0
2022-05-28 13:48:30,688680,BUY,214.69000244140625,82551.03271289484,300.0
2022-06-03 13:48:30,688198,BUY,129.5500030517578,77552.31618719421,500.0
2022-06-05 09:35:00,688533,SELL,58.29999923706055,9701.651803616016,200.0
2022-06-05 13:48:30,688308,BUY,67.94999694824219,75732.34535381489,1100.0
2022-06-06 09:35:00,688019,SELL,224.6300048828125,43816.151322173064,200.0
2022-06-07 09:35:00,688533,SELL,58.29999923706055,11582.456148717127,200.0
2022-06-07 09:35:00,688019,SELL,224.6300048828125,47116.167943279725,200.0
2022-06-08 13:48:30,688111,BUY,224.0,67544.13057527662,300.0
2022-06-10 09:35:00,688308,SELL,65.06999969482422,75376.76452355034,1100.0
2022-06-11 09:35:00,688127,SELL,21.459999084472656,55693.93551186659,3500.0
2022-06-11 09:35:00,688363,SELL,140.89999389648438,58919.29219796161,400.0
2022-06-11 09:35:00,688363,SELL,140.89999389648438,56041.56686733527,400.0
2022-06-11 13:48:30,688022,BUY,55.7599983215332,100428.0324642825,1400.0
2022-06-11 13:48:30,688345,BUY,51.86000061035156,66630.10750614874,1400.0
2022-06-12 13:48:30,688518,BUY,31.8799991607666,65546.01557977393,2300.0
2022-06-13 09:35:00,688050,SELL,191.8800048828125,90092.58211236737,400.0
2022-06-13 09:35:00,688198,SELL,122.31999969482422,63654.65955702419,500.0
2022-06-13 09:35:00,688667,SELL,158.80999755859375,74410.54767809247,500.0
2022-06-13 13:48:30,688318,BUY,129.39999389648438,67810.02064026867,500.0
2022-06-14 09:35:00,688050,SELL,191.8800048828125,70758.23726970579,400.0
2022-06-14 09:35:00,688308,SELL,65.06999969482422,63867.099568710815,1100.0
2022-06-14 09:35:00,688006,SELL,72.4000015258789,69834.53475222972,1000.0
2022-06-14 09:35:00,688668,SELL,67.52999877929688,74700.18986299122,1200.0
2022-06-14 13:48:30,688066,BUY,71.43000030517578,96732.1553228677,1000.0
2022-06-15 09:35:00,688198,SELL,122.31999969482422,44643.36869156324,500.0
2022-06-19 09:35:00,688066,SELL,73.5,63455.81921663389,1000.0
2022-06-19 13:48:30,688567,BUY,26.75,83408.7791248933,2900.0
2022-06-20 09:35:00,688318,SELL,99.13999938964844,18168.625459947372,200.0
2022-06-20 09:35:00,688033,SELL,23.3700008392334,11497.57825618727,500.0
2022-06-21 09:35:00,688006,SELL,72.4000015258789,47745.135257190035,1000.0
2022-06-25 00:00:00,688663,OTHER,0.0,1089.9422583094724,0.0
2022-06-26 00:00:00,688663,OTHER,0.0,934.5427035815798,0.0
2022-06-26 13:48:30,688033,BUY,23.450000762939453,6211.219847791782,300.0
2022-06-27 09:35:00,688025,SELL,54.0,11494.405279597566,200.0
2022-06-27 09:35:00,688025,SELL,54.0,10631.251712917267,200.0
2022-06-27 13:48:30,688529,BUY,31.030000686645508,6656.043601722365,200.0
2022-06-27 13:48:30,688318,BUY,97.3499984741211,28493.933406545835,300.0
2022-06-28 00:00:00,688518,SELL,0.0,261.14113374235137,26114113374.235138
2022-06-29 00:00:00,688518,OTHER,0.0,285.8403056405691,0.0
2022-06-30 00:00:00,688518,OTHER,0.0,249.53037401486048,0.0
2022-07-06 09:35:00,688559,SELL,75.41000366210938,59382.84809834541,1000.0
2022-07-06 13:48:30,688186,BUY,30.43000030517578,8013.825492323604,200.0
2022-07-11 13:48:30,688005,BUY,133.39999389648438,65259.69148100669,500.0
2022-07-15 13:48:30,688017,BUY,167.0,72580.80389932934,500.0
2022-07-17 09:35:00,688186,SELL,35.5,9865.079054129184,300.0
2022-07-17 13:48:30,688518,BUY,31.790000915527344,6628.618724203086,200.0
2022-07-18 09:35:00,688186,SELL,35.5,8272.628623218863,300.0
2022-07-19 13:48:30,688518,BUY,31.790000915527344,7322.570012505145,200.0
2022-07-22 09:35:00,688529,SELL,34.08000183105469,6034.668194715615,200.0
2022-07-22 09:35:00,688017,SELL,167.2100067138672,78302.12429349168,500.0
2022-07-24 13:48:30,688005,BUY,142.8800048828125,86737.12198101038,500.0
2022-07-25 09:35:00,688529,SELL,34.08000183105469,7607.76502265928,200.0
2022-07-29 13:48:30,688318,BUY,86.5999984741211,87717.7141713055,900.0
2022-07-31 09:35:00,688033,SELL,28.170000076293945,11178.418717438326,400.0
2022-07-31 13:48:30,688186,BUY,35.34000015258789,9954.432716052615,300.0
2022-08-01 09:35:00,688033,SELL,28.170000076293945,9396.994007479494,400.0
2022-08-02 13:48:30,688148,BUY,22.790000915527344,82551.7518692739,3500.0
2022-08-04 13:48:30,688186,BUY,35.34000015258789,14132.138703703971,300.0
2022-08-06 09:35:00,688033,SELL,30.168976852773177,6653.9906881940615,220.55738650554923
2022-08-07 09:35:00,688033,SELL,31.520000457763672,7988.284876001199,300.0
2022-08-07 09:35:00,688318,SELL,92.6500015258789,63941.92702127491,900.0
2022-08-12 09:35:00,688518,SELL,39.27000045776367,11952.716697063655,300.0
2022-08-12 09:35:00,688778,SELL,130.3000030517578,70484.7855821063,600.0
2022-08-12 13:48:30,688148,BUY,23.11000061035156,12095.762079767963,500.0
2022-08-13 13:48:30,688148,BUY,23.11000061035156,13183.677979642353,500.0
2022-08-14 13:48:30,688318,BUY,96.62000274658205,92293.50480159358,800.0
2022-08-15 09:35:00,688005,SELL,118.5999984741211,48040.01815442067,500.0
2022-08-15 13:48:30,688148,SELL,22.886362037677408,14778.614489657492,645.7389105934672
2022-08-16 13:48:30,688033,BUY,29.5,4895.7323578681735,200.0
2022-08-17 09:35:00,688778,SELL,130.3000030517578,77231.47085612238,600.0
2022-08-18 13:48:30,688699,BUY,116.2699966430664,87398.99607282104,700.0
2022-08-19 13:48:30,688148,BUY,21.96535775232271,5869.945923790381,267.2365271705929
2022-08-20 09:35:00,688529,SELL,33.880001068115234,85875.67077084014,2400.0
2022-08-21 13:48:30,688148,BUY,20.65999984741211,7180.882786545914,300.0
2022-08-22 13:48:30,688800,BUY,158.75999450683594,99536.82350327136,600.0
2022-08-22 13:48:30,688567,BUY,38.83000183105469,87533.82846908635,2300.0
2022-08-22 13:48:30,688148,BUY,20.65999984741211,5849.731789072151,300.0
2022-08-23 13:48:30,688033,BUY,27.18000030517578,5733.775063916562,200.0
2022-08-25 13:48:30,688533,BUY,72.51000213623047,12538.067458556636,200.0
2022-08-25 13:48:30,688071,BUY,77.93000030517578,74997.77343586631,1000.0
2022-08-25 13:48:30,688033,BUY,27.18000030517578,6166.533350627322,200.0
2022-08-26 09:35:00,688186,SELL,34.59000015258789,7123.594011707302,200.0
2022-08-28 09:35:00,688533,SELL,65.83999633789062,89574.88137967508,1200.0
2022-08-29 09:35:00,688186,SELL,34.59000015258789,6896.171241763389,200.0
2022-09-01 13:48:30,688663,BUY,37.43000030517578,11063.079708690835,300.0
2022-09-02 09:35:00,688510,SELL,17.25,68185.81954072835,4400.0
2022-09-05 09:35:00,688033,SELL,23.350000381469727,79509.45293611837,3200.0
2022-09-06 09:35:00,688510,SELL,17.25,71014.72212142243,4400.0
2022-09-06 13:48:30,688017,BUY,153.5,62778.06821014973,400.0
2022-09-07 13:48:30,688017,BUY,153.5,61060.404021990005,400.0
2022-09-08 09:35:00,688800,SELL,152.62622054605959,97069.67887454592,635.9960859101022
2022-09-09 13:48:30,688560,BUY,59.36000061035156,55210.630868695334,1200.0
2022-09-10 13:48:30,688560,BUY,59.36000061035156,78511.54579836321,1200.0
2022-09-11 09:35:00,688138,SELL,19.31999969482422,74926.70993408849,3900.0
2022-09-11 09:35:00,688256,SELL,67.97000122070312,57925.01340111129,900.0
2022-09-11 13:48:30,688300,BUY,88.66000366210938,84561.94884881204,900.0
2022-09-12 09:35:00,688800,SELL,150.8000030517578,96065.33332500195,600.0
2022-09-12 09:35:00,688800,SELL,150.8000030517578,125718.02731197116,600.0
2022-09-12 13:48:30,688560,BUY,59.36000061035156,101414.23542187663,1200.0
2022-09-12 13:48:30,688560,BUY,59.36000061035156,59172.19019318587,1200.0
2022-09-13 09:35:00,688567,SELL,33.97999954223633,112433.20748675289,2600.0
2022-09-13 13:48:30,688596,BUY,38.56999969482422,64309.56986047912,2100.0
2022-09-15 09:35:00,688138,SELL,19.31999969482422,82233.14068034917,3900.0
2022-09-15 13:48:30,688300,BUY,88.66000366210938,83657.54864198172,900.0
2022-09-16 09:35:00,688408,SELL,96.73999786376952,73512.51793823144,700.0
2022-09-16 09:35:00,688138,SELL,19.31999969482422,71591.05529636097,3900.0
2022-09-16 09:35:00,688663,SELL,40.209999084472656,75703.52769456895,2100.0
2022-09-18 09:35:00,688518,SELL,37.59000015258789,95367.09435964037,2100.0
2022-09-18 09:35:00,688071,SELL,65.5999984741211,11580.995901817607,200.0
2022-09-19 09:35:00,688559,SELL,72.33000183105469,47239.3808848219,900.0
2022-09-19 13:48:30,688560,BUY,49.34000015258789,14049.14916879833,300.0
2022-09-20 09:35:00,688138,BUY,20.207141543884358,68121.46919719878,3371.158115028673
2022-09-20 13:48:30,688138,BUY,18.670000076293945,54119.495243769015,3700.0
2022-09-21 13:48:30,688560,BUY,49.34000015258789,13728.143962486602,300.0
2022-09-21 13:48:30,688001,BUY,31.59000015258789,69233.6952123964,2200.0
2022-09-22 09:35:00,688071,SELL,65.5999984741211,13856.230789710122,200.0
2022-09-22 09:35:00,688408,SELL,96.73999786376952,77206.01532509802,700.0
2022-09-23 09:35:00,688560,SELL,51.84999847412109,11700.33991450328,200.0
2022-09-23 09:35:00,688518,SELL,37.59000015258789,75393.36605266084,2100.0
2022-09-23 13:48:30,688138,BUY,20.18786620635472,78579.119252241,3892.3935025637297
2022-09-24 09:35:00,688186,SELL,31.190000534057617,76367.83554600987,2200.0
2022-09-24 13:48:30,688518,BUY,41.45000076293945,77586.44515932645,1700.0
2022-09-25 09:35:00,688560,SELL,51.84999847412109,13452.990278771797,200.0
2022-09-25 09:35:00,688560,SELL,51.84999847412109,12973.789420802292,200.0
2022-09-25 13:48:30,688138,BUY,18.670000076293945,74438.79140269289,3700.0
2022-09-26 09:35:00,688025,SELL,51.59999847412109,57590.4367185969,1300.0
2022-09-26 09:35:00,688002,SELL,38.459999084472656,72573.82430287177,1800.0
2022-09-26 09:35:00,688001,SELL,29.290000915527344,54776.87192513365,2200.0
2022-09-27 09:35:00,688001,SELL,29.290000915527344,59838.13004894832,2200.0
2022-09-27 09:35:00,688560,SELL,51.84999847412109,9911.214113936358,200.0
2022-09-27 13:48:30,688518,BUY,41.45000076293945,65423.75315358774,1700.0
2022-09-28 09:35:00,688560,SELL,51.84999847412109,10344.41567048171,200.0
2022-09-28 09:35:00,688017,SELL,159.2100067138672,72932.75091033556,400.0
2022-09-28 09:35:00,688560,SELL,51.84999847412109,12408.80705512911,200.0
2022-09-28 13:48:30,688518,BUY,41.45000076293945,78342.13645963746,1700.0
2022-09-28 13:48:30,688106,BUY,20.700000762939453,52960.641756834804,3300.0
2022-10-08 13:48:30,688377,BUY,39.33000183105469,69258.09572340435,1700.0
2022-10-09 09:35:00,688300,SELL,66.19999694824219,69017.73306008567,900.0
2022-10-09 09:35:00,688106,SELL,18.40999984741211,79216.93307636527,3300.0
2022-10-09 09:35:00,688138,SELL,19.39999961853028,5726.572932466235,300.0
2022-10-10 09:35:00,688300,SELL,66.19999694824219,67942.30089293141,900.0
2022-10-12 09:35:00,688300,SELL,66.19999694824219,70751.88080413443,900.0
2022-10-14 13:48:30,688663,BUY,50.790000915527344,59867.40386899045,1300.0
2022-10-16 13:48:30,688093,BUY,23.799999237060547,83528.7510416026,2800.0
2022-10-17 09:35:00,688377,SELL,39.84000015258789,68975.39184163639,1700.0
2022-10-17 13:48:30,688636,BUY,135.8300018310547,69325.31963861175,500.0
2022-10-17 13:48:30,688663,BUY,50.790000915527344,65877.35225385033,1300.0
2022-10-18 09:35:00,688377,SELL,39.84000015258789,56550.57108561825,1700.0
2022-10-20 13:48:30,688308,BUY,69.69999694824219,61957.17171150587,1000.0
2022-10-21 13:48:30,688278,BUY,38.4900016784668,47133.807930786395,1600.0
2022-10-22 13:48:30,688066,BUY,84.11000061035156,83601.63171568241,800.0
2022-10-23 09:35:00,688037,SELL,249.0,76552.66864298837,300.0
2022-10-23 09:35:00,688518,SELL,34.66999816894531,43106.999986739254,1700.0
2022-10-23 09:35:00,688596,SELL,40.61000061035156,7385.128409951364,200.0
2022-10-23 13:48:30,688016,BUY,250.0,46699.129638738705,200.0
2022-10-24 13:48:30,688016,BUY,250.0,44525.58296221344,200.0
2022-10-24 13:48:30,688066,SELL,81.04206775611955,68781.14021200196,848.7090978352813
2022-10-25 13:48:30,688016,BUY,250.0,35099.279526392886,200.0
2022-10-29 09:35:00,688066,SELL,90.05000305175781,68671.57609307137,800.0
2022-11-04 09:35:00,688016,SELL,218.3500061035156,51243.75623173573,200.0
2022-11-05 09:35:00,688596,SELL,41.209999084472656,12182.991689166822,200.0
2022-11-06 09:35:00,688029,SELL,98.0,58031.98085908068,600.0
2022-11-06 13:48:30,688368,BUY,148.39999389648438,74395.86709550742,500.0
2022-11-06 13:48:30,688136,BUY,25.31999969482422,57010.49278274064,2800.0
2022-11-06 13:48:30,688185,BUY,258.0,47853.62035045857,200.0
2022-11-07 09:35:00,688266,SELL,48.84999847412109,87631.9274493423,1600.0
2022-11-08 09:35:00,688016,SELL,218.3500061035156,42463.83617135009,200.0
2022-11-08 09:35:00,688266,SELL,48.84999847412109,88892.23901320831,1600.0
2022-11-08 09:35:00,688016,SELL,218.3500061035156,40324.87339317941,200.0
2022-11-09 13:48:30,688560,BUY,62.84000015258789,81741.84091125084,1100.0
2022-11-11 09:35:00,688368,SELL,136.2504196093872,141702.52653214344,1040.015340417936
2022-11-11 09:35:00,688368,BUY,142.32711665319417,76909.27336576412,540.369784579895
2022-11-12 13:48:30,688208,BUY,38.21311180220574,76150.26372635242,1992.778398171616
2022-11-12 13:48:30,688278,BUY,42.7400016784668,84065.64285348516,1600.0
2022-11-12 13:48:30,688278,BUY,42.7400016784668,70156.29065705612,1600.0
2022-11-13 13:48:30,688278,BUY,42.7400016784668,69331.4184865613,1600.0
2022-11-14 09:35:00,688368,SELL,139.19000244140625,59359.14972583618,500.0
2022-11-14 13:48:30,688208,BUY,39.75,54253.91199385466,1600.0
2022-11-15 09:35:00,688368,SELL,139.19000244140625,71087.56372652737,500.0
2022-11-16 13:48:30,688071,BUY,66.51000213623047,61837.369247612354,1000.0
2022-11-16 13:48:30,688278,BUY,42.7400016784668,87663.27811525307,1600.0
2022-11-19 09:35:00,688071,SELL,67.58999633789062,60858.206918091,1000.0
2022-11-20 13:48:30,688105,BUY,72.55000305175781,91046.6593084265,900.0
2022-11-20 13:48:30,688558,BUY,42.09999847412109,64580.89689373938,1700.0
2022-11-21 09:35:00,688180,BUY,70.25499384003875,57269.21724261665,815.1622270868178
2022-11-21 09:35:00,688180,SELL,71.0999984741211,53964.70449899079,900.0
2022-11-21 13:48:30,688136,BUY,27.600000381469727,91214.94686489963,2600.0
2022-11-23 09:35:00,688180,SELL,71.0999984741211,67772.85483989958,900.0
2022-11-23 09:35:00,688278,SELL,40.79999923706055,67734.66083774524,1600.0
2022-11-24 09:35:00,688185,SELL,240.22000122070312,43461.75824604955,200.0
2022-11-24 13:48:30,688036,BUY,75.05000305175781,88081.75293287779,900.0
2022-11-27 09:35:00,688560,SELL,53.77999877929688,62788.127496100155,1100.0
2022-11-28 13:48:30,688508,BUY,68.12999725341797,66385.2582171502,900.0
2022-11-29 13:48:30,688100,BUY,23.64999961853028,56236.11583484047,2900.0
2022-11-30 13:48:30,688036,BUY,81.94000244140625,74114.85144491986,800.0
2022-12-01 09:35:00,688560,SELL,53.77999877929688,58213.161418362775,1100.0
2022-12-02 09:35:00,688558,SELL,43.04999923706055,7296.2401236914475,200.0
2022-12-03 13:48:30,688630,BUY,85.6500015258789,69473.28107558504,700.0
2022-12-04 09:35:00,688558,SELL,43.04999923706055,11927.580602753096,200.0
2022-12-04 13:48:30,688366,BUY,82.43000030517578,66461.1947226871,800.0
2022-12-05 09:35:00,688208,SELL,35.119998931884766,65455.54497831895,1700.0
2022-12-06 09:35:00,688100,SELL,23.940000534057617,5357.12038334214,200.0
2022-12-06 13:48:30,688366,BUY,82.43000030517578,57634.68064463565,800.0
2022-12-06 13:48:30,688697,BUY,24.540000915527344,71181.04324856639,2600.0
2022-12-09 09:35:00,688208,SELL,35.119998931884766,59597.81297371646,1700.0
2022-12-09 09:35:00,688697,SELL,23.850000381469727,64478.40718984622,2600.0
2022-12-10 13:48:30,688299,BUY,18.739999771118164,60787.674891122064,3500.0
2022-12-10 13:48:30,688519,BUY,23.39999961853028,53336.81538969626,2800.0
2022-12-11 13:48:30,688007,BUY,25.940000534057617,65498.14808252299,2500.0
2022-12-11 13:48:30,688007,BUY,25.940000534057617,76344.06328815439,2500.0
2022-12-12 09:35:00,688100,SELL,22.75,65082.815740081816,2700.0
2022-12-12 13:48:30,688179,BUY,40.79999923706055,72118.9560659483,1600.0
2022-12-12 13:48:30,688299,BUY,18.739999771118164,75070.87906634006,3500.0
2022-12-12 13:48:30,688519,BUY,23.39999961853028,73144.13114520491,2800.0
2022-12-13 09:35:00,688697,SELL,23.850000381469727,52375.4730455075,2600.0
2022-12-13 09:35:00,688630,SELL,94.68000030517578,69530.92212881932,700.0
2022-12-14 13:48:30,688299,BUY,18.739999771118164,84404.3511207793,3500.0
2022-12-14 13:48:30,688318,BUY,88.87000274658203,65921.86486911858,700.0
2022-12-14 13:48:30,688007,BUY,25.803153178959025,67562.4232920395,2618.3785688306007
2022-12-15 09:35:00,688697,SELL,23.850000381469727,54538.31279106452,2600.0
2022-12-16 09:35:00,688007,SELL,25.14999961853028,60894.967009062,2500.0
2022-12-16 13:48:30,688798,BUY,102.18000030517578,65068.55764403039,600.0
2022-12-18 09:35:00,688558,SELL,36.790000915527344,62124.74457652937,1500.0
2022-12-21 13:48:30,688699,BUY,51.65999984741211,68019.1180266149,1100.0
2022-12-25 13:48:30,688007,BUY,25.90999984741211,52019.03357136724,2300.0
2022-12-26 09:35:00,688699,SELL,48.04999923706055,48386.1463485031,1100.0
2022-12-26 13:48:30,688298,BUY,85.70999908447266,34653.33726359241,600.0
2022-12-28 09:35:00,688318,SELL,83.77999877929688,47874.137261897784,700.0
2023-01-02 13:48:30,688363,BUY,130.5,59548.19439489219,400.0
2023-01-03 09:35:00,688368,SELL,115.9800033569336,54290.25094616637,500.0
2023-01-03 09:35:00,688298,SELL,77.19999694824219,36189.90094487322,600.0
2023-01-04 09:35:00,688766,SELL,160.89331150018555,46688.319033784515,290.1818515540385
2023-01-04 09:35:00,688519,SELL,21.8700008392334,51971.277793101224,2600.0
2023-01-05 09:35:00,688298,SELL,77.19999694824219,48317.536030281415,600.0
2023-01-05 13:48:30,688357,BUY,109.0999984741211,67579.7767014043,500.0
2023-01-06 13:48:30,688169,BUY,270.6499938964844,58855.22157327234,200.0
2023-01-07 13:48:30,688318,BUY,119.6999969482422,64284.86300881716,600.0
2023-01-08 09:35:00,688766,SELL,163.5,73903.76130692939,400.0
2023-01-09 13:48:30,688169,BUY,270.6499938964844,51833.98186145742,200.0
2023-01-09 13:48:30,688318,BUY,119.6999969482422,59011.60680411702,600.0
2023-01-13 09:35:00,688363,SELL,134.5,53595.271993123926,400.0
2023-01-16 09:35:00,688363,SELL,134.5,50819.362530957136,400.0
2023-01-24 13:48:30,688560,SELL,54.62321765232036,70514.67877121437,1290.9286893358058
2023-01-24 13:48:30,688560,BUY,51.08000183105469,73501.3325322078,1300.0
2023-01-29 13:48:30,688368,BUY,146.25,68885.72119117594,400.0
2023-01-29 13:48:30,688560,BUY,51.08000183105469,62324.06355572859,1300.0
2023-01-30 13:48:30,688560,BUY,51.08000183105469,65216.406847291204,1300.0
2023-01-30 13:48:30,688772,BUY,22.790000915527344,63080.89507771073,3100.0
2023-02-01 09:35:00,688696,SELL,202.63999938964844,49625.07960940227,300.0
2023-02-02 13:48:30,688661,BUY,71.0,72323.69158417716,900.0
2023-02-05 09:35:00,688772,SELL,22.36000061035156,59930.33983444205,3100.0
2023-02-05 09:35:00,688772,SELL,22.36000061035156,77053.49181695418,3100.0
2023-02-05 13:48:30,688699,BUY,55.65999984741211,70157.77749842255,1200.0
2023-02-06 09:35:00,688560,SELL,47.900001525878906,64699.184056488724,1300.0
2023-02-07 13:48:30,688699,BUY,55.65999984741211,58645.60864850431,1200.0
2023-02-09 09:35:00,688036,SELL,93.8000030517578,89969.0418938728,800.0
2023-02-11 13:48:30,688357,BUY,118.58000183105467,90679.69528831387,600.0
2023-02-12 13:48:30,688357,BUY,118.58000183105467,70714.5169697134,600.0
2023-02-14 09:35:00,688007,SELL,27.229999542236328,66532.1946146211,2300.0
2023-02-15 09:35:00,688179,SELL,44.209999084472656,67651.69843053614,1500.0
2023-02-15 13:48:30,688696,BUY,216.1999969482422,51830.23113945189,300.0
2023-02-17 09:35:00,688357,SELL,118.97000122070312,76964.96609279701,600.0
2023-02-19 09:35:00,688696,SELL,206.2899932861328,55965.03895521516,300.0
2023-02-19 09:35:00,688357,SELL,118.97000122070312,77052.44788302123,600.0
2023-02-19 13:48:30,688007,BUY,26.190000534057617,72919.37578705761,2500.0
2023-02-20 09:35:00,688699,SELL,55.45000076293945,71970.12023460492,1200.0
2023-02-20 13:48:30,688601,BUY,75.76000213623047,81085.35555885594,800.0
2023-02-21 13:48:30,688017,BUY,132.58999633789062,54429.1905122338,400.0
2023-02-21 13:48:30,688007,BUY,26.190000534057617,69213.5663109578,2500.0
2023-02-22 13:48:30,688601,BUY,75.76000213623047,69616.24880950614,800.0
2023-02-23 13:48:30,688007,BUY,25.39438512368736,59708.80326219716,2351.260051045773
2023-02-25 09:35:00,688169,SELL,361.3500061035156,76885.00279731936,200.0
2023-02-26 09:35:00,688169,SELL,361.3500061035156,114430.1079377459,200.0
2023-02-27 09:35:00,688601,SELL,70.16999816894531,43442.17033742923,800.0
2023-03-04 09:35:00,688508,SELL,71.58999633789062,61702.76245607453,900.0
2023-03-04 13:48:30,688798,BUY,110.48999786376952,76237.17123035435,600.0
2023-03-07 13:48:30,688798,BUY,110.48999786376952,67121.33967736966,600.0
2023-03-13 13:48:30,688319,BUY,20.96999931335449,60477.598761289715,3100.0
2023-03-14 09:35:00,688680,SELL,170.19000244140625,56957.429321924305,300.0
2023-03-14 13:48:30,688319,BUY,20.96999931335449,54226.28683905069,3100.0
2023-03-15 13:48:30,688356,BUY,175.72999572753906,54848.59091267971,300.0
2023-03-15 13:48:30,688319,BUY,20.96999931335449,56030.46416127278,3100.0
2023-03-18 09:35:00,688017,SELL,112.76000213623048,52909.14571662937,400.0
2023-03-18 13:48:30,688508,BUY,78.98999786376953,56933.257825156354,800.0
2023-03-19 13:48:30,688699,BUY,57.34999847412109,72374.59517196486,1100.0
2023-03-20 09:35:00,688319,SELL,21.670000076293945,3985.3725901254193,200.0
2023-03-21 09:35:00,688167,SELL,121.75,66427.21201112769,500.0
2023-03-21 13:48:30,688798,BUY,122.5,64270.85481392553,500.0
2023-03-23 09:35:00,688319,SELL,21.670000076293945,4895.051298762277,200.0
2023-03-23 09:35:00,688319,SELL,21.950000762939453,67670.2184933878,2900.0
2023-03-23 09:35:00,688017,SELL,112.76000213623048,65229.048593213076,400.0
2023-03-26 09:35:00,688319,SELL,21.950000762939453,79842.18938430023,2900.0
2023-03-26 13:48:30,688519,BUY,27.68000030517578,58377.05438679042,2300.0
2023-03-26 13:48:30,688167,BUY,126.98999786376952,59936.01356213263,500.0
2023-03-27 09:35:00,688699,SELL,57.7599983215332,68134.8386651606,1100.0
2023-03-28 13:48:30,688318,BUY,158.8800048828125,64466.34070074379,400.0
2023-03-29 13:48:30,688182,BUY,17.170000076293945,79692.404247861,3800.0
2023-04-01 09:35:00,688319,SELL,21.950000762939453,67907.83560791513,2900.0
2023-04-01 09:35:00,688319,SELL,21.950000762939453,71816.16505434968,2900.0
2023-04-01 13:48:30,688318,BUY,158.8800048828125,56692.15474252537,400.0
2023-04-02 09:35:00,688182,SELL,17.299999237060547,69265.94671412974,3800.0
2023-04-04 13:48:30,688699,BUY,62.709999084472656,58275.34601662008,1000.0
2023-04-05 13:48:30,688766,BUY,185.7700042724609,49740.2436324816,300.0
2023-04-06 13:48:30,688169,BUY,342.7699890136719,64774.748433705885,200.0
2023-04-15 09:35:00,688601,SELL,88.58999633789062,49289.78559909301,800.0
2023-04-16 09:35:00,688169,SELL,332.44000244140625,74918.4642490117,200.0
2023-04-16 13:48:30,688661,BUY,98.0,77795.72197855373,600.0
2023-04-17 09:35:00,688601,SELL,88.58999633789062,50409.59695989937,800.0
2023-04-19 13:48:30,688521,BUY,93.6999969482422,61912.6906565955,700.0
2023-04-22 09:35:00,688508,SELL,75.0,76993.76991373011,800.0
2023-04-24 13:48:30,688095,BUY,109.9499969482422,63029.35286808225,500.0
2023-04-25 09:35:00,688766,SELL,164.6999969482422,53589.52139693639,300.0
2023-04-25 13:48:30,688153,BUY,65.63999938964844,78774.21450570817,1000.0
2023-04-26 09:35:00,688601,SELL,73.96645226319717,45297.82790323951,612.410444427628
2023-04-28 13:48:30,688601,BUY,75.16000366210938,60898.317809257234,800.0
2023-05-01 09:35:00,688601,SELL,76.2699966430664,46265.967398446446,800.0
2023-05-02 09:35:00,688601,SELL,76.2699966430664,61770.622197672405,800.0
2023-05-03 09:35:00,688167,SELL,103.52999877929688,52794.562597975455,500.0
2023-05-04 09:35:00,688601,SELL,76.2699966430664,60699.712974660375,800.0
2023-05-08 09:35:00,688095,SELL,168.88999938964844,40399.91397622337,200.0
2023-05-11 13:48:30,688318,BUY,167.58999633789062,58137.34842580325,300.0
2023-05-12 13:48:30,688082,BUY,106.0199966430664,51402.41026978025,500.0
2023-05-27 09:35:00,688981,SELL,52.59999847412109,50846.947453771114,1100.0
2023-05-29 13:48:30,688766,BUY,181.8000030517578,52101.32055653646,300.0
2023-05-30 00:00:00,688036,OTHER,0.0,889.8496945022465,0.0
2023-06-01 13:48:30,688766,BUY,181.8000030517578,43342.49815654643,300.0
2023-06-16 09:35:00,688766,SELL,121.31999969482422,53197.422033687064,400.0
2023-06-17 00:00:00,688019,BUY,0.0,36.013376260284005,24.0
2023-06-17 13:48:30,688158,BUY,23.6200008392334,73617.16149258062,2700.0
2023-06-19 09:35:00,688766,SELL,121.31999969482422,49815.430479533774,400.0
2023-06-20 00:00:00,688095,BUY,0.0,149.19434415078132,120.0
2023-06-20 13:48:30,688158,BUY,23.6200008392334,63826.55649447292,2700.0
2023-06-21 09:35:00,688521,SELL,87.81999969482422,72831.6579704213,700.0
2023-06-24 09:35:00,688521,SELL,86.8682034454615,98929.0035260433,1138.8402154322662
2023-06-26 09:35:00,688158,SELL,20.1200008392334,55607.30858863977,2700.0
2023-06-26 13:48:30,688003,BUY,43.20000076293945,39552.98073070566,1300.0
2023-06-26 13:48:30,688318,BUY,104.8000030517578,51210.81842070033,500.0
2023-06-27 09:35:00,688158,SELL,20.1200008392334,51305.9870565932,2700.0
2023-06-28 09:35:00,688025,SELL,76.30999755859375,13740.18004374119,200.0
2023-06-29 09:35:00,688018,SELL,136.6699981689453,60241.21759003095,500.0
2023-06-29 09:35:00,688128,SELL,25.13999938964844,8891.771973814068,300.0
2023-07-02 13:48:30,688326,BUY,149.72000122070312,62702.18913531689,400.0
2023-07-04 09:35:00,688256,BUY,181.54235767274747,62472.68382256991,344.12180508961245
2023-07-04 09:35:00,688256,SELL,192.5399932861328,64721.203190039494,300.0
2023-07-05 09:35:00,688256,SELL,192.5399932861328,62162.06775569508,300.0
2023-07-06 13:48:30,688128,SELL,22.593464250687084,2871.854264235868,127.10995677205777
2023-07-06 13:48:30,688018,BUY,129.66000366210938,51602.0679279231,400.0
2023-07-08 13:48:30,688088,BUY,40.27000045776367,47332.22165770425,1400.0
2023-07-10 13:48:30,688128,BUY,24.020000457763672,4927.260809071097,200.0
2023-07-10 13:48:30,688128,BUY,24.020000457763672,6019.17124652304,200.0
2023-07-10 13:48:30,688088,BUY,40.27000045776367,71633.0064362489,1400.0
2023-07-11 13:48:30,688128,BUY,24.020000457763672,4627.02493462595,200.0
2023-07-13 13:48:30,688686,BUY,150.17999267578125,48743.358748684506,300.0
2023-07-15 09:35:00,688686,SELL,140.70549553986518,32609.88227762516,231.75983391768813
2023-07-16 09:35:00,688686,SELL,143.3800048828125,42938.77332049919,300.0
2023-07-17 13:48:30,688153,BUY,65.12000274658203,54695.22036327324,900.0
2023-07-18 09:35:00,688120,SELL,216.0,46834.64297133137,200.0
2023-07-18 09:35:00,688120,SELL,216.0,30636.407492989296,200.0
2023-07-18 13:48:30,688018,BUY,137.5800018310547,56746.117423658354,400.0
2023-07-18 13:48:30,688153,BUY,65.12000274658203,48629.72407554022,900.0
2023-07-18 13:48:30,688668,BUY,93.1999969482422,62954.39810664593,600.0
2023-07-20 09:35:00,688128,SELL,23.71999931335449,47087.98703204042,2500.0
2023-07-21 13:48:30,688569,BUY,41.900001525878906,47681.37845070621,1300.0
2023-07-24 09:35:00,688153,SELL,64.61000061035156,70933.15142747438,900.0
2023-07-24 09:35:00,688153,SELL,64.61000061035156,79835.36322667249,900.0
2023-07-24 13:48:30,688569,BUY,41.900001525878906,59724.56935423515,1300.0
2023-07-25 09:35:00,688088,SELL,37.630001068115234,58991.71903696588,1400.0
2023-07-25 13:48:30,688569,BUY,41.900001525878906,48484.71543585741,1300.0
2023-07-26 09:35:00,688018,SELL,125.86000061035156,56567.764951600286,400.0
2023-07-26 13:48:30,688569,BUY,41.900001525878906,64002.9495246794,1300.0
2023-07-27 09:35:00,688153,SELL,65.75004287795419,77390.92312988237,1177.0474929352683
2023-07-27 09:35:00,688668,SELL,73.19999694824219,46402.36260114952,600.0
2023-07-27 13:48:30,688569,BUY,41.900001525878906,64423.1809925637,1300.0
2023-07-28 13:48:30,688385,BUY,55.52999877929688,61514.22766169091,900.0
2023-07-28 13:48:30,688569,SELL,41.424224779184314,58317.80478916899,1407.8188572034232
2023-07-29 09:35:00,688569,SELL,48.5,8452.442268099312,200.0
2023-07-30 09:35:00,688630,SELL,74.12000274658203,34964.35546164506,600.0
2023-07-30 13:48:30,688766,BUY,107.91999816894533,26586.77797823345,300.0
2023-07-31 09:35:00,688182,SELL,22.670000076293945,51559.43629986559,2400.0
2023-07-31 09:35:00,688182,SELL,22.670000076293945,41220.347161332036,2400.0
2023-08-02 13:48:30,688766,BUY,107.91999816894533,32836.76783281119,300.0
2023-08-02 13:48:30,688083,BUY,145.3000030517578,49646.19661472874,300.0
2023-08-03 13:48:30,688110,BUY,33.7599983215332,57728.895082614385,1500.0
2023-08-03 13:48:30,688169,BUY,267.79998779296875,53367.495169927126,200.0
2023-08-04 09:35:00,688110,SELL,33.310001373291016,67269.52866128764,1500.0
2023-08-04 13:48:30,688318,BUY,167.0500030517578,44255.127746762286,300.0
2023-08-05 13:48:30,688066,BUY,63.79999923706055,42512.64718759491,800.0
2023-08-05 13:48:30,688055,BUY,4.179999828338623,63348.73636754048,13000.0
2023-08-06 13:48:30,688336,BUY,18.3700008392334,47770.73156421336,2800.0
2023-08-06 13:48:30,688336,BUY,18.3700008392334,50959.58000601794,2800.0
2023-08-07 13:48:30,688318,BUY,167.0500030517578,40319.75272401078,300.0
2023-08-08 13:48:30,688798,BUY,72.54000091552734,46326.94438417556,700.0
2023-08-09 09:35:00,688110,SELL,33.310001373291016,44555.617382519944,1500.0
2023-08-13 13:48:30,688569,BUY,36.470001220703125,11858.824034008543,300.0
2023-08-14 09:35:00,688003,SELL,38.790000915527344,55446.88715179869,1300.0
2023-08-14 09:35:00,688055,SELL,4.039999961853027,59952.60599330711,13000.0
2023-08-14 13:48:30,688569,BUY,38.645520296227,5625.681153586757,145.57136533457407
2023-08-14 13:48:30,688009,BUY,5.909999847412109,57950.30719687272,8900.0
2023-08-15 13:48:30,688261,BUY,130.66000366210938,53692.16395970999,400.0
2023-08-15 13:48:30,688007,BUY,20.64999961853028,42311.80988750865,2500.0
2023-08-15 13:48:30,688261,BUY,130.66000366210938,66801.18882056943,400.0
2023-08-15 13:48:30,688569,BUY,36.470001220703125,8982.863075918402,300.0
2023-08-16 09:35:00,688055,SELL,4.039999961853027,51066.37260663363,13000.0
2023-08-16 09:35:00,688003,SELL,38.790000915527344,45090.98410472059,1300.0
2023-08-16 13:48:30,688009,BUY,5.909999847412109,38108.63566410582,8900.0
2023-08-17 13:48:30,688569,BUY,36.470001220703125,10133.945820438852,300.0
2023-08-18 13:48:30,688505,BUY,9.460000038146973,48866.92842636489,5500.0
2023-08-19 09:35:00,688169,SELL,260.0,54196.67220239703,200.0
2023-08-19 13:48:30,688261,BUY,130.66000366210938,43947.45675270484,400.0
2023-08-20 13:48:30,688569,BUY,36.06426732359461,10723.514421521042,297.3445800326938
2023-08-21 13:48:30,688556,BUY,46.93000030517578,45438.02787560446,900.0
2023-08-22 09:35:00,688798,SELL,62.72999954223633,45599.337609145,700.0
2023-08-22 09:35:00,688261,SELL,126.5999984741211,58416.49010436961,400.0
2023-08-24 13:48:30,688676,BUY,32.470001220703125,57521.4481426307,1500.0
2023-08-25 09:35:00,688066,SELL,53.68000030517578,42716.485084961336,800.0
2023-08-25 13:48:30,688190,BUY,72.98999786376953,50384.37462924282,700.0
2023-08-25 13:48:30,688363,BUY,97.87999725341795,48962.04556811832,500.0
2023-08-27 09:35:00,688066,SELL,53.68000030517578,44813.58174995143,800.0
2023-08-27 09:35:00,688336,SELL,18.61000061035156,5941.676698873648,300.0
2023-08-28 09:35:00,688190,SELL,68.0,45128.874364808966,700.0
2023-08-30 09:35:00,688190,BUY,68.25500484681461,31531.762720818457,461.96997262816853
2023-08-31 09:35:00,688198,SELL,125.0199966430664,43083.55672730652,300.0
2023-08-31 13:48:30,688676,BUY,32.470001220703125,68560.90968643982,1500.0
2023-08-31 13:48:30,688789,BUY,89.0999984741211,46575.23101949527,500.0
2023-08-31 13:48:30,688235,BUY,127.50422213315473,37511.55928799098,294.19856582331096
2023-09-01 09:35:00,688336,SELL,19.34000015258789,38384.95897907642,2500.0
2023-09-01 09:35:00,688190,SELL,68.0,34932.59031584061,700.0
2023-09-02 13:48:30,688235,BUY,131.6999969482422,46165.609835439915,300.0
2023-09-03 13:48:30,688187,BUY,43.9900016784668,49894.08062960014,1100.0
2023-09-04 09:35:00,688333,SELL,117.97000122070312,41869.32191663897,400.0
2023-09-05 09:35:00,688676,SELL,32.209999084472656,45668.166662844895,1500.0
2023-09-05 13:48:30,688002,BUY,50.65999984741211,70514.02498079905,1000.0
2023-09-05 13:48:30,688002,BUY,50.65999984741211,58125.589855005026,1000.0
2023-09-05 13:48:30,688187,BUY,43.9900016784668,54494.66168223546,1100.0
2023-09-06 13:48:30,688153,BUY,71.1500015258789,49861.66593273748,700.0
2023-09-06 13:48:30,688036,BUY,144.8000030517578,43932.58642130408,300.0
2023-09-07 13:48:30,688798,BUY,73.61000061035156,43342.92389638299,600.0
2023-09-07 13:48:30,688235,BUY,131.6999969482422,41446.43227997858,300.0
2023-09-08 09:35:00,688007,SELL,26.0,36867.99881010196,2200.0
2023-09-08 13:48:30,688798,SELL,73.45100640166972,40398.847047804,550.0108034855414
2023-09-10 09:35:00,688153,SELL,64.81999969482422,38103.57783027364,700.0
2023-09-10 13:48:30,688798,BUY,73.61000061035156,44893.47302433452,600.0
2023-09-11 09:35:00,688235,SELL,135.36000061035156,47613.87591049787,300.0
2023-09-12 13:48:30,688138,BUY,25.0,48660.77249571243,2100.0
2023-09-12 13:48:30,688798,BUY,73.61000061035156,49122.43414153859,600.0
2023-09-12 13:48:30,688138,BUY,25.0,56522.71694029278,2100.0
2023-09-17 09:35:00,688138,SELL,21.64999961853028,31220.158130301228,2100.0
2023-09-17 09:35:00,688036,SELL,135.49000549316406,46105.6299317954,300.0
2023-09-18 09:35:00,688177,SELL,32.599998474121094,12211.009156858187,300.0
2023-09-18 09:35:00,688138,SELL,21.64999961853028,52265.518717402505,2100.0
2023-09-20 09:35:00,688036,SELL,135.49000549316406,45613.7566970716,300.0
2023-09-21 09:35:00,688036,SELL,127.62809366052501,29402.397448803255,230.3755905577498
2023-09-23 09:35:00,688177,SELL,32.599998474121094,10404.302192287392,300.0
2023-09-25 09:35:00,688187,SELL,40.02999877929688,50355.06705915156,1100.0
2023-09-25 09:35:00,688036,BUY,128.45230044803017,42652.10316424699,332.04623829608545
2023-09-26 09:35:00,688055,SELL,4.199999809265137,770.3734529816644,200.0
2023-09-27 09:35:00,688789,SELL,90.8000030517578,31269.20562811108,500.0
2023-09-29 09:35:00,688055,SELL,4.199999809265137,978.7592564654013,200.0
2023-10-06 09:35:00,688055,SELL,4.360000133514404,70228.6392769946,11400.0
2023-10-06 13:48:30,688561,BUY,50.41999816894531,36313.91876864557,900.0
2023-10-07 13:48:30,688789,BUY,94.56999969482422,51508.79583311553,500.0
2023-10-09 13:48:30,688561,BUY,50.41999816894531,45009.7746005099,900.0
2023-10-10 09:35:00,688798,SELL,64.63999938964844,26766.614174844086,600.0
2023-10-11 09:35:00,688177,SELL,31.61000061035156,43652.40643194127,1500.0
2023-10-12 00:00:00,688375,OTHER,0.0,427.39497542169704,0.0
2023-10-13 13:48:30,688127,BUY,18.15999984741211,67892.16701221961,2700.0
2023-10-15 13:48:30,688012,BUY,158.64999389648438,44454.58862611696,300.0
2023-10-15 13:48:30,688601,BUY,52.52999877929688,52758.240940623764,900.0
2023-10-15 13:48:30,688082,BUY,120.47000122070312,42115.82573613003,400.0
2023-10-16 09:35:00,688375,SELL,79.5,50566.727188487195,600.0
2023-10-16 09:35:00,688036,SELL,145.2100067138672,43279.694597348745,300.0
2023-10-16 09:35:00,688561,SELL,48.88999938964844,38050.16849875975,900.0
2023-10-16 13:48:30,688082,SELL,123.73602449434784,40745.41838993,329.2930943630827
2023-10-17 13:48:30,688601,BUY,52.52999877929688,40426.86144992221,900.0
2023-10-18 09:35:00,688192,SELL,35.97999954223633,41868.50823373052,1300.0
2023-10-18 09:35:00,688375,SELL,79.5,45578.33144921231,600.0
2023-10-21 13:48:30,688658,BUY,16.760000228881836,42319.49506682507,2700.0
2023-10-27 13:48:30,688318,BUY,142.58999633789062,52740.5584570792,300.0
2023-10-27 13:48:30,688036,BUY,134.60000610351562,38268.04069243426,300.0
2023-10-29 09:35:00,688082,SELL,120.5,65500.01090407322,400.0
2023-10-29 09:35:00,688036,SELL,134.7899932861328,34632.123332297575,300.0
2023-10-29 09:35:00,688036,SELL,134.7899932861328,44221.81263140683,300.0
2023-10-29 13:48:30,688318,BUY,142.58999633789062,38642.408147152164,300.0
2023-10-29 13:48:30,688123,BUY,64.9000015258789,52960.03049342343,800.0
2023-10-30 09:35:00,688082,SELL,120.5,48702.99738950485,400.0
2023-10-30 13:48:30,688177,BUY,37.459999084472656,53610.11391751981,1400.0
2023-10-31 09:35:00,688036,SELL,134.7899932861328,34397.125212445106,300.0
2023-10-31 09:35:00,688658,SELL,18.790000915527344,49024.90688586276,2700.0
2023-11-01 13:48:30,688123,BUY,64.9000015258789,57179.83664284321,800.0
2023-11-01 13:48:30,688041,BUY,62.79999923706055,56882.25903794623,800.0
2023-11-02 13:48:30,688123,BUY,64.9000015258789,53918.382319130105,800.0
2023-11-03 09:35:00,688387,SELL,7.269999980926514,48684.34793775972,6400.0
2023-11-03 09:35:00,688318,SELL,150.9600067138672,43082.72573902352,300.0
2023-11-04 13:48:30,688153,BUY,71.54000091552734,45646.43746976569,700.0
2023-11-05 13:48:30,688658,SELL,18.420882085884987,39017.962706931015,2118.137585649525
2023-11-06 13:48:30,688658,BUY,18.56999969482422,51335.98572420686,2600.0
2023-11-06 13:48:30,688153,BUY,71.54000091552734,47442.04813802105,700.0
2023-11-07 13:48:30,688658,BUY,18.56999969482422,47584.79128121331,2600.0
2023-11-07 13:48:30,688403,BUY,11.5,46399.122092143756,4500.0
2023-11-11 13:48:30,688025,BUY,83.83999633789062,51103.095944468405,600.0
2023-11-12 09:35:00,688382,SELL,15.90999984741211,67959.03055747418,3000.0
2023-11-12 13:48:30,688017,BUY,142.86000061035156,40467.32444235174,300.0
2023-11-12 13:48:30,688183,BUY,11.800000190734863,42608.71501315276,4300.0
2023-11-12 13:48:30,688017,BUY,142.86000061035156,51957.872904120726,300.0
2023-11-12 13:48:30,688428,BUY,11.1899995803833,51671.870869203696,4400.0
2023-11-13 09:35:00,688658,SELL,20.940000534057617,55539.0270611599,2600.0
2023-11-13 13:48:30,688183,BUY,11.800000190734863,39014.31883437133,4300.0
2023-11-14 13:48:30,688158,BUY,17.5,57188.06502061139,2900.0
2023-11-15 09:35:00,688153,SELL,65.5,48231.988158058426,700.0
2023-11-15 09:35:00,688153,SELL,65.5,40819.37817022459,700.0
2023-11-17 13:48:30,688208,BUY,29.14999961853028,55966.7895692216,1700.0
2023-11-18 09:35:00,688008,SELL,57.970001220703125,49519.12903735555,800.0
2023-11-18 09:35:00,688025,SELL,83.77999877929688,66809.35051209605,600.0
2023-11-18 13:48:30,688322,BUY,35.18000030517578,56743.27536634128,1500.0
2023-11-18 13:48:30,688088,BUY,40.02000045776367,42377.5605142428,1200.0
2023-11-19 09:35:00,688041,SELL,65.4000015258789,57972.46516520766,800.0
2023-11-19 09:35:00,688158,SELL,18.739999771118164,3748.056495975541,200.0
2023-11-20 09:35:00,688403,SELL,11.229999542236328,69429.91198259397,4500.0
2023-11-21 09:35:00,688403,SELL,11.229999542236328,45732.516524930725,4500.0
2023-11-21 13:48:30,688088,BUY,40.02000045776367,56520.70766224613,1200.0
2023-11-22 09:35:00,688183,SELL,11.989999771118164,51178.219980669746,4300.0
2023-11-22 09:35:00,688403,SELL,11.229999542236328,38290.81849008812,4500.0
2023-11-22 09:35:00,688017,SELL,154.6999969482422,59441.440033615436,300.0
2023-11-22 13:48:30,688088,BUY,40.02000045776367,45594.75248942102,1200.0
2023-11-25 09:35:00,688208,SELL,26.8700008392334,53479.84896437198,1700.0
2023-11-25 13:48:30,688025,BUY,79.83000183105469,53092.81137485013,600.0
2023-11-25 13:48:30,688326,BUY,136.5800018310547,36235.97000914492,300.0
2023-11-26 00:00:00,688556,OTHER,0.0,21.899382803550182,0.0
2023-11-26 13:48:30,688327,BUY,17.280000686645508,3180.418113775946,200.0
2023-11-28 09:35:00,688208,SELL,26.8700008392334,42293.085112937355,1700.0
2023-11-30 09:35:00,688326,SELL,137.66000366210938,39032.4137080317,300.0
2023-12-01 13:48:30,688123,BUY,65.12000274658203,43246.75514635743,700.0
2023-12-02 13:48:30,688183,BUY,11.81999969482422,48494.9919759669,4100.0
2023-12-06 09:35:00,688001,SELL,32.619998931884766,47528.23864799757,1500.0
2023-12-08 09:35:00,688327,SELL,19.549999237060547,3490.409058732103,200.0
2023-12-08 09:35:00,688400,SELL,25.07999992370605,45109.73621465516,1900.0
2023-12-08 13:48:30,688256,BUY,169.99000549316406,29267.37503190396,200.0
2023-12-09 09:35:00,688123,SELL,64.66000366210938,37666.62308503118,700.0
2023-12-11 09:35:00,688428,SELL,10.970000267028809,54190.39532158926,4400.0
2023-12-12 09:35:00,688327,SELL,19.549999237060547,4541.902565137952,200.0
2023-12-12 09:35:00,688327,SELL,19.549999237060547,3796.488739995391,200.0
2023-12-13 09:35:00,688183,SELL,11.720000267028809,42765.06526844261,4100.0
2023-12-13 13:48:30,688116,BUY,27.5,5263.013345843568,200.0
2023-12-14 13:48:30,688008,BUY,59.9900016784668,51604.20491839527,800.0
2023-12-15 13:48:30,688400,BUY,24.940000534057617,54184.059699117475,1900.0
2023-12-16 13:48:30,688041,BUY,75.2300033569336,44669.870297318615,600.0
2023-12-18 13:48:30,688041,BUY,75.2300033569336,44601.294229447296,600.0
2023-12-21 09:35:00,688088,SELL,39.93999862670898,46945.55143774013,1200.0
2023-12-24 09:35:00,688041,SELL,72.61000061035156,42603.943086471605,600.0
2023-12-24 09:35:00,688041,SELL,72.61000061035156,48215.08240964178,600.0
2023-12-25 13:48:30,688327,BUY,16.440000534057617,3240.274694146428,200.0
2023-12-26 13:48:30,688158,BUY,16.1200008392334,3612.7507352324783,200.0
2023-12-26 13:48:30,688327,BUY,16.440000534057617,3654.5310551052708,200.0
2023-12-31 09:35:00,688001,SELL,34.720001220703125,66805.5418623263,1400.0
2024-01-01 09:35:00,688008,SELL,57.619998931884766,41427.64768866959,800.0
2024-01-03 09:35:00,688001,SELL,34.720001220703125,41432.1990761422,1400.0
2024-01-04 09:35:00,688008,SELL,57.619998931884766,30784.547144373853,800.0
2024-01-06 09:35:00,688300,SELL,48.06999969482422,42101.68654238562,900.0
2024-01-06 13:48:30,688127,BUY,21.479999542236328,57112.711027905665,2000.0
2024-01-07 09:35:00,688256,SELL,122.08999633789062,21342.439889319085,200.0
2024-01-09 13:48:30,688127,BUY,21.479999542236328,50575.35509059715,2000.0
2024-01-10 13:48:30,688001,BUY,29.65999984741211,47460.59882957839,1400.0
2024-01-11 09:35:00,688266,SELL,49.93000030517578,8518.151857076027,200.0
2024-01-11 09:35:00,688327,SELL,15.15999984741211,51864.10674416369,2800.0
2024-01-11 09:35:00,688383,SELL,88.19000244140625,31542.406325536776,400.0
2024-01-11 09:35:00,688266,SELL,49.93000030517578,10711.45245154559,200.0
2024-01-11 13:48:30,688408,BUY,77.02999877929688,28983.774474425805,500.0
2024-01-11 13:48:30,688127,BUY,21.479999542236328,42031.422310875445,2000.0
2024-01-13 09:35:00,688017,SELL,129.1999969482422,31915.7387622782,300.0
2024-01-14 09:35:00,688400,SELL,21.5,35220.332325596384,1900.0
2024-01-14 13:48:30,688127,BUY,20.448768714551843,69766.9190359815,3411.790705341278
2024-01-15 09:35:00,688001,SELL,28.959999084472656,46703.1552006259,1400.0
2024-01-15 09:35:00,688400,SELL,21.5,40789.97003437748,1900.0
2024-01-15 13:48:30,688408,BUY,77.02999877929688,38003.822130676264,500.0
2024-01-15 13:48:30,688609,BUY,13.960000038146973,40052.750576782986,3000.0
2024-01-16 09:35:00,688383,SELL,88.19000244140625,40618.69128018413,400.0
2024-01-16 13:48:30,688608,BUY,137.99000549316406,52277.897996681946,300.0
2024-01-16 13:48:30,688408,BUY,77.02999877929688,41324.03339790729,500.0
2024-01-17 09:35:00,688025,SELL,75.62000274658203,41963.91071176752,600.0
2024-01-17 13:48:30,688091,BUY,60.45000076293945,33359.308580446166,700.0
2024-01-19 09:35:00,688001,SELL,28.959999084472656,44196.530938970616,1400.0
2024-01-21 09:35:00,688608,SELL,121.75,43957.06805917804,300.0
2024-01-22 09:35:00,688052,SELL,129.02000427246094,19555.812392929594,200.0
2024-01-23 09:35:00,688127,SELL,19.38999938964844,34901.72372344809,2000.0
2024-01-23 09:35:00,688608,SELL,121.75,30910.31938001951,300.0
2024-01-24 09:35:00,688608,SELL,121.75,38327.314806195485,300.0
2024-01-24 13:48:30,688390,BUY,122.3499984741211,40047.57339787541,300.0
2024-01-24 13:48:30,688621,BUY,68.80000305175781,28443.679120590405,500.0
2024-01-25 09:35:00,688609,SELL,10.460000038146973,36539.847353388315,3000.0
2024-01-25 13:48:30,688390,BUY,122.3499984741211,41180.57751322976,300.0
2024-01-26 09:35:00,688496,SELL,14.789999961853027,41845.65023771514,2100.0
2024-01-27 09:35:00,688496,SELL,14.789999961853027,43379.86208190475,2100.0
2024-01-29 09:35:00,688062,SELL,27.1299991607666,32948.839472599284,1400.0
2024-01-29 09:35:00,688062,SELL,27.1299991607666,37360.58320449779,1400.0
2024-01-29 13:48:30,688278,BUY,51.900001525878906,40290.098198323605,700.0
2024-01-30 09:35:00,688062,SELL,27.1299991607666,32320.60821025942,1400.0
2024-02-01 09:35:00,688390,SELL,90.4000015258789,25144.373872198867,300.0
2024-02-02 13:48:30,688188,BUY,258.0,45261.250287146686,200.0
2024-02-03 09:35:00,688621,SELL,63.560001373291016,22828.98861629905,500.0
2024-02-03 13:48:30,688278,BUY,49.33000183105469,24235.957186281088,500.0
2024-02-04 13:48:30,688271,BUY,143.5500030517578,36665.85045304283,200.0
2024-02-05 09:35:00,688289,SELL,17.920000076293945,44787.880133261315,2100.0
2024-02-06 13:48:30,688188,BUY,258.0,49379.03133325431,200.0
2024-02-06 13:48:30,688188,BUY,258.0,50487.44856328091,200.0
2024-02-09 13:48:30,688278,BUY,49.33000183105469,22428.30030520378,500.0
2024-02-16 09:35:00,688271,SELL,144.0,28964.12878735999,200.0
2024-02-17 09:35:00,688278,SELL,59.29999923706055,31381.933827394154,600.0
2024-02-18 13:48:30,688041,BUY,86.0,41679.20461769785,500.0
2024-02-19 09:35:00,688676,SELL,42.0,27456.527620803325,700.0
2024-02-21 13:48:30,688041,BUY,86.0,44362.219114049956,500.0
2024-02-24 09:35:00,688271,SELL,139.27000427246094,33522.768037929505,200.0
2024-02-26 09:35:00,688271,SELL,139.27000427246094,34203.36515579426,200.0
2024-02-26 13:48:30,688575,BUY,25.43000030517578,44390.31369946619,1600.0
2024-02-27 13:48:30,688100,BUY,30.450000762939453,29232.319455843208,1300.0
2024-03-03 09:35:00,688041,SELL,86.27999877929688,42101.07240319611,500.0
2024-03-03 09:35:00,688366,SELL,109.0,33418.68592467985,300.0
2024-03-03 13:48:30,688777,BUY,47.77000045776367,49279.92613130234,800.0
2024-03-03 13:48:30,688187,BUY,44.790000915527344,35776.772988116645,900.0
2024-03-04 09:35:00,688036,SELL,167.55999755859375,25173.454380424897,200.0
2024-03-04 09:35:00,688366,SELL,109.0,37577.661233976054,300.0
2024-03-04 09:35:00,688575,SELL,26.21999931335449,43210.17413478141,1600.0
2024-03-04 09:35:00,688041,SELL,86.27999877929688,49909.68157277294,500.0
2024-03-04 09:35:00,688289,SELL,21.6299991607666,36951.40668153097,1900.0
2024-03-04 13:48:30,688248,BUY,28.5,42919.05540520312,1400.0
2024-03-05 09:35:00,688289,SELL,21.6299991607666,45736.1385615826,1900.0
2024-03-05 09:35:00,688366,SELL,109.0,42862.08202149367,300.0
2024-03-05 13:48:30,688697,BUY,21.299999237060547,43655.598770201854,1800.0
2024-03-07 09:35:00,688036,SELL,167.55999755859375,35418.07257816614,200.0
2024-03-10 13:48:30,688601,BUY,53.40999984741211,38254.65818373629,700.0
2024-03-11 09:35:00,688305,SELL,85.0,40071.034014592304,500.0
2024-03-11 13:48:30,688062,BUY,30.940000534057617,54681.159444090845,1300.0
2024-03-12 13:48:30,688127,BUY,21.21999931335449,39435.695465912635,2000.0
2024-03-13 09:35:00,688578,SELL,43.2599983215332,50617.256459771954,900.0
2024-03-13 13:48:30,688127,BUY,21.21999931335449,49607.92491069583,2000.0
2024-03-13 13:48:30,688127,BUY,21.21999931335449,38029.43735259081,2000.0
2024-03-14 09:35:00,688187,SELL,44.81999969482422,45528.713802692924,900.0
2024-03-17 13:48:30,688127,BUY,20.342794858307716,30240.292016373718,1486.535760056785
2024-03-17 13:48:30,688003,BUY,39.400001525878906,47753.87495488271,1100.0
2024-03-18 13:48:30,688003,BUY,39.400001525878906,44455.171586979086,1100.0
2024-03-19 09:35:00,688322,SELL,37.59999847412109,46755.842108349,1200.0
2024-03-19 13:48:30,688697,BUY,21.32999992370605,3695.2162685823864,200.0
2024-03-21 09:35:00,688819,SELL,29.979999542236328,48576.679537784126,1400.0
2024-03-23 09:35:00,688003,SELL,37.34999847412109,38547.12886249333,1100.0
2024-03-23 09:35:00,688256,SELL,182.8800048828125,33764.239854298845,200.0
2024-03-25 09:35:00,688256,SELL,182.8800048828125,45118.34955283849,200.0
2024-03-25 13:48:30,688668,BUY,64.66000366210938,30351.935433159848,500.0
2024-03-25 13:48:30,688095,BUY,72.0999984741211,18362.31553569413,300.0
2024-03-25 13:48:30,688559,BUY,32.619998931884766,34487.23592987586,1200.0
2024-03-25 13:48:30,688095,BUY,72.0999984741211,18262.166464238337,300.0
2024-03-26 09:35:00,688006,SELL,21.540000915527344,34042.90749447919,1900.0
2024-03-26 09:35:00,688503,SELL,60.77000045776367,40233.219606481834,600.0
2024-03-27 13:48:30,688503,BUY,57.40999984741211,39532.52140615632,700.0
2024-03-27 13:48:30,688266,BUY,51.52000045776367,41630.55172792396,800.0
2024-03-31 13:48:30,688522,BUY,61.5,36743.49283853838,600.0
2024-03-31 13:48:30,688609,BUY,12.449999809265137,42460.438491426146,3300.0
2024-04-01 09:35:00,688498,SELL,126.12000274658205,21584.386759785593,200.0
2024-04-01 13:48:30,688609,BUY,12.449999809265137,48723.696817126416,3300.0
2024-04-01 13:48:30,688503,BUY,57.40999984741211,35516.34991752002,700.0
2024-04-01 13:48:30,688503,BUY,57.40999984741211,43917.6545467354,700.0
2024-04-04 09:35:00,688322,SELL,30.82999992370605,33778.05437827177,1300.0
2024-04-04 09:35:00,688322,SELL,30.82999992370605,38156.658874385845,1300.0
2024-04-05 13:48:30,688256,BUY,174.5800018310547,37165.671315575026,200.0
2024-04-11 09:35:00,688062,SELL,32.5099983215332,39020.68723148524,1100.0
2024-04-14 09:35:00,688503,SELL,57.0,43258.3565485991,700.0
2024-04-14 13:48:30,688596,BUY,36.4900016784668,33017.57755629333,1000.0
2024-04-14 13:48:30,688596,BUY,36.4900016784668,31938.994332431124,1000.0
2024-04-15 09:35:00,688256,SELL,153.61000061035156,42143.666515323894,200.0
2024-04-15 13:48:30,688116,BUY,26.1200008392334,51748.22448178462,1500.0
2024-04-16 13:48:30,688116,BUY,26.1200008392334,38763.540403689316,1500.0
2024-04-17 13:48:30,688525,BUY,40.9900016784668,27884.517052372015,800.0
2024-04-17 13:48:30,688525,BUY,40.9900016784668,34200.68920149838,800.0
2024-04-22 09:35:00,688408,SELL,86.5,37978.16482363827,400.0
2024-04-22 13:48:30,688297,BUY,40.400001525878906,42405.56383218139,1000.0
2024-04-24 13:48:30,688297,BUY,40.400001525878906,37045.289719998014,1000.0
2024-04-25 09:35:00,688568,SELL,56.75,43455.52407195224,700.0
2024-04-26 13:48:30,688123,BUY,57.34000015258789,45040.091133952825,700.0
2024-04-27 13:48:30,688123,BUY,57.34000015258789,43948.8053293566,700.0
2024-04-29 09:35:00,688568,SELL,56.75,33423.62823289838,700.0
2024-04-30 13:48:30,688123,BUY,57.34000015258789,41582.176579097366,700.0
2024-05-01 09:35:00,688766,SELL,109.08000183105467,34390.28376085028,300.0
2024-05-05 13:48:30,688083,BUY,83.33999633789062,48857.39342527897,500.0
2024-05-10 00:00:00,688556,BUY,0.0,14.32215581302224,16.0
2024-05-11 13:48:30,688380,BUY,16.610000610351562,35847.37106343708,2400.0
2024-05-13 09:35:00,688146,SELL,28.61000061035156,41235.63682718865,1400.0
2024-05-13 13:48:30,688380,BUY,16.610000610351562,39154.782894276024,2400.0
2024-05-13 13:48:30,688262,BUY,20.15999984741211,33747.76728604241,1900.0
2024-05-16 13:48:30,688380,BUY,16.610000610351562,34967.5792378053,2400.0
2024-05-19 13:48:30,688700,BUY,41.880001068115234,42118.03439060298,1000.0
2024-05-20 09:35:00,688116,SELL,29.8700008392334,5122.790755480761,200.0
2024-05-20 13:48:30,688166,BUY,37.810001373291016,33146.27141819269,1100.0
2024-05-21 13:48:30,688318,BUY,120.20999908447266,25972.323581336983,300.0
2024-05-23 09:35:00,688380,SELL,16.59000015258789,34752.57928143601,2400.0
2024-05-23 09:35:00,688362,SELL,20.36000061035156,39351.4372775565,1900.0
2024-05-23 13:48:30,688166,BUY,37.810001373291016,40381.222005989875,1100.0
2024-05-26 09:35:00,688380,SELL,16.71210774603487,23840.492528413564,1426.5401402806285
2024-05-27 09:35:00,688380,BUY,16.135654591140923,25434.522275165775,1576.2931792758056
2024-05-27 09:35:00,688248,SELL,30.31999969482422,41482.437355799695,1400.0
2024-05-28 09:35:00,688700,SELL,42.900001525878906,5792.069880173662,200.0
2024-05-28 09:35:00,688088,SELL,30.100000381469727,49537.9913944411,1200.0
2024-05-28 13:48:30,688047,BUY,104.0500030517578,33488.878780897714,400.0
2024-05-28 13:48:30,688102,BUY,10.880000114440918,36455.65990341899,3600.0
2024-05-29 09:35:00,688700,SELL,42.900001525878906,9914.972247966463,200.0
2024-05-29 13:48:30,688256,BUY,175.99000549316406,33607.07379931525,200.0
2024-06-02 09:35:00,688102,SELL,12.100000381469728,5913.313467840923,400.0
2024-06-03 09:35:00,688700,BUY,43.811411702021026,9207.902307939657,210.17132181373867
2024-06-03 13:48:30,688248,BUY,29.86000061035156,34191.714277498184,1300.0
2024-06-10 00:00:00,688146,OTHER,0.0,271.5257825053403,0.0
2024-06-10 13:48:30,688116,BUY,26.31999969482422,5540.765384011888,200.0
2024-06-11 09:35:00,688047,SELL,101.13999938964844,44381.57177476662,400.0
2024-06-11 13:48:30,688318,BUY,121.13999938964844,37716.23781088568,300.0
2024-06-12 00:00:00,688146,OTHER,0.0,265.30230613596757,0.0
2024-06-12 09:35:00,688102,SELL,11.630000114440918,52967.18517977445,3200.0
2024-06-12 09:35:00,688248,SELL,31.600000381469727,48447.30436567782,1300.0
2024-06-12 09:35:00,688047,SELL,101.13999938964844,37164.1150472513,400.0
2024-06-12 13:48:30,688318,BUY,121.13999938964844,31791.680781390427,300.0
2024-06-13 13:48:30,688318,BUY,121.13999938964844,37728.75779929443,300.0
2024-06-14 13:48:30,688525,BUY,58.459999084472656,46386.8547474155,700.0
2024-06-18 13:48:30,688352,BUY,11.960000038146973,47896.33608762218,3500.0
2024-06-19 00:00:00,688352,OTHER,0.0,333.45749409056947,0.0
2024-06-20 09:35:00,688116,SELL,26.059999465942383,39461.73883843788,1500.0
2024-06-20 13:48:30,688522,BUY,46.13999938964844,46853.22618857948,900.0
2024-06-21 00:00:00,688095,OTHER,0.0,9.680986858724133,0.0
2024-06-22 13:48:30,688102,BUY,11.300000190734863,29836.105414500173,3600.0
2024-06-23 00:00:00,688095,OTHER,0.0,9.870567740654034,0.0
2024-06-24 09:35:00,688208,SELL,23.6200008392334,40931.303095118456,1600.0
2024-06-25 13:48:30,688102,BUY,11.300000190734863,45484.78657122992,3600.0
2024-06-27 00:00:00,688138,OTHER,0.0,318.51929722444237,0.0
2024-06-27 09:35:00,688522,SELL,46.66999816894531,41139.96804648944,900.0
2024-06-28 09:35:00,688256,SELL,206.3099975585937,44238.53435633013,200.0
2024-06-29 00:00:00,688138,OTHER,0.0,237.5966058110397,0.0
2024-07-02 13:48:30,688380,BUY,16.200000762939453,38488.95737680303,2400.0
2024-07-03 13:48:30,688248,BUY,30.32999992370605,43021.25650615028,1300.0
2024-07-04 00:00:00,688166,OTHER,0.0,78.78822286936446,0.0
2024-07-06 00:00:00,688248,OTHER,0.0,235.62177378990586,0.0
2024-07-06 09:35:00,688352,SELL,11.3100004196167,42249.73333229143,3500.0
2024-07-08 00:00:00,688248,OTHER,0.0,231.09862977345404,0.0
2024-07-08 13:48:30,688518,BUY,15.369999885559082,38837.748983434096,2500.0
2024-07-09 13:48:30,688518,BUY,15.369999885559082,40707.15436658151,2500.0
2024-07-09 13:48:30,688102,BUY,8.199999809265137,49010.46328912266,4700.0
2024-07-10 09:35:00,688498,SELL,123.1999969482422,35682.678757523565,300.0
2024-07-10 09:35:00,688318,SELL,73.94999694824219,30885.392887469046,400.0
2024-07-10 13:48:30,688518,BUY,15.369999885559082,38164.63112957827,2500.0
2024-07-11 09:35:00,688102,SELL,8.229999542236328,51010.13983030215,4700.0
2024-07-11 13:48:30,688352,BUY,11.734081334609733,52353.171633723585,4461.633607337256
2024-07-14 13:48:30,688352,BUY,11.600000381469728,40848.994204407754,3500.0
2024-07-15 09:35:00,688248,SELL,28.86000061035156,36402.08842217967,1300.0
2024-07-15 09:35:00,688183,SELL,26.39999961853028,60020.25552516214,2000.0
2024-07-16 09:35:00,688183,SELL,26.39999961853028,46353.82773142958,2000.0
2024-07-18 09:35:00,688252,BUY,18.4788421375896,6505.940686168207,352.0751266625004
2024-07-19 09:35:00,688166,SELL,32.0099983215332,37538.11785708828,1300.0
2024-07-19 13:48:30,688146,BUY,29.96999931335449,36487.76529651517,1400.0
2024-07-20 09:35:00,688166,BUY,29.23182052364714,32463.255234808265,1110.5451064379329
2024-07-21 09:35:00,688256,SELL,265.2200012207031,50139.75427255025,200.0
2024-07-21 09:35:00,688352,SELL,11.350000381469728,34340.20696575042,3500.0
2024-07-21 13:48:30,688348,SELL,54.722499213984925,29582.3401547107,540.5882512608381
2024-07-22 09:35:00,688352,SELL,11.350000381469728,39854.31581192787,3500.0
2024-07-22 09:35:00,688252,SELL,17.8799991607666,5426.725548535936,300.0
2024-07-22 09:35:00,688166,SELL,32.0099983215332,51522.33222713363,1300.0
2024-07-23 09:35:00,688508,SELL,38.29999923706055,34818.49646219542,1000.0
2024-07-24 09:35:00,688166,SELL,32.0099983215332,41705.437194848855,1300.0
2024-07-24 13:48:30,688348,BUY,49.43999862670898,35482.18026166648,700.0
2024-07-28 09:35:00,688037,SELL,66.29000091552734,28028.2105492224,500.0
2024-07-28 13:48:30,688348,BUY,49.43999862670898,38533.65801186099,700.0
2024-07-29 09:35:00,688146,SELL,28.21999931335449,39717.844417362256,1400.0
2024-07-30 13:48:30,688047,BUY,95.11000061035156,31495.357786873512,300.0
2024-07-31 09:35:00,688385,SELL,30.979999542236328,30817.71786003116,1200.0
2024-08-01 09:35:00,688380,SELL,16.0,34367.41237581738,2400.0
2024-08-01 13:48:30,688047,BUY,95.11000061035156,25415.676844712452,300.0
2024-08-01 13:48:30,688183,BUY,23.5,48374.85869769039,1700.0
2024-08-01 13:48:30,688368,BUY,55.31999969482422,36059.78122025307,700.0
2024-08-02 09:35:00,688300,SELL,45.0,41309.845540151924,800.0
2024-08-07 09:35:00,688518,SELL,13.609999656677246,38733.06086627111,2700.0
2024-08-09 13:48:30,688772,BUY,13.859999656677246,35748.83201814403,2600.0
2024-08-11 09:35:00,688521,SELL,28.82999992370605,37345.59713803164,1200.0
2024-08-12 13:48:30,688361,BUY,56.52000045776367,36241.736433663194,600.0
2024-08-12 13:48:30,688582,BUY,32.810001373291016,30250.440697466325,1100.0
2024-08-14 09:35:00,688368,SELL,53.34999847412109,30551.524095196015,700.0
2024-08-14 09:35:00,688368,SELL,53.34999847412109,26301.53738052069,700.0
2024-08-14 13:48:30,688582,BUY,32.810001373291016,34960.892565710325,1100.0
2024-08-15 09:35:00,688368,SELL,53.34999847412109,43031.4430301263,700.0
2024-08-17 09:35:00,688206,SELL,13.720000267028809,38529.13217571741,2500.0
2024-08-18 09:35:00,688206,SELL,13.720000267028809,30591.500332831776,2500.0
2024-08-18 13:48:30,688380,BUY,17.209999084472656,39489.25899898174,2100.0
2024-08-19 13:48:30,688380,BUY,17.209999084472656,47057.146382269915,2100.0
2024-08-20 09:35:00,688206,SELL,12.995737153590465,32244.06495916473,2481.126278416329
2024-08-20 09:35:00,688183,SELL,19.89999961853028,32025.01827022948,1700.0
2024-08-20 09:35:00,688206,SELL,13.720000267028809,36565.30833708936,2500.0
2024-08-21 09:35:00,688206,BUY,14.648509254702406,21020.121652161226,1434.9666090024439
2024-08-22 09:35:00,688772,SELL,13.420000076293944,28191.864480164688,2600.0
2024-08-24 09:35:00,688213,SELL,48.650001525878906,35377.794189268636,700.0
2024-08-25 13:48:30,688018,BUY,98.27999877929688,21158.65452539725,300.0
2024-08-26 09:35:00,688361,SELL,51.02999877929688,32199.05529606683,600.0
2024-08-26 13:48:30,688232,BUY,20.21999931335449,29071.157311613224,1700.0
2024-08-26 13:48:30,688232,BUY,20.21999931335449,32315.94996169836,1700.0
2024-08-27 09:35:00,688380,SELL,16.43000030517578,33368.30547509273,2100.0
2024-08-28 09:35:00,688380,SELL,16.43000030517578,34775.41404404482,2100.0
2024-08-28 09:35:00,688047,SELL,90.4000015258789,30680.978750736846,300.0
2024-09-02 13:48:30,688380,BUY,17.06999969482422,32436.07088622857,2000.0
2024-09-07 09:35:00,688082,SELL,82.0,27502.765567880164,400.0
2024-09-08 09:35:00,688658,SELL,18.64999961853028,38640.930456510636,1900.0
2024-09-09 13:48:30,688131,BUY,24.170000076293945,34459.95544933982,1400.0
2024-09-09 13:48:30,688400,BUY,16.719999313354492,35863.70012793403,2100.0
2024-09-11 09:35:00,688232,SELL,19.459999084472656,36678.11300829566,1700.0
2024-09-11 09:35:00,688041,SELL,76.4000015258789,30140.106557493917,400.0
2024-09-15 13:48:30,688387,BUY,5.25,29323.23322773176,6900.0
2024-09-16 13:48:30,688505,BUY,6.519999980926514,30380.75262069971,5300.0
2024-09-17 09:35:00,688001,SELL,21.600000381469727,32341.673284242883,1500.0
2024-09-17 13:48:30,688472,BUY,10.979999542236328,30035.475004827065,3200.0
2024-09-17 13:48:30,688348,BUY,44.45000076293945,24057.731007816103,700.0
2024-09-18 09:35:00,688772,SELL,13.300000190734863,24198.74117693259,2400.0
2024-09-19 09:35:00,688400,SELL,16.09000015258789,43990.57470242841,2100.0
2024-09-19 13:48:30,688348,BUY,44.45000076293945,25540.978283559747,700.0
2024-09-23 09:35:00,688387,SELL,5.440000057220459,4003.034038361548,500.0
2024-09-24 09:35:00,688387,SELL,5.440000057220459,1884.3361090550832,500.0
2024-09-24 13:48:30,688380,BUY,16.860000610351562,40701.156298618815,2000.0
2024-09-25 09:35:00,688348,SELL,40.84999847412109,31753.422231326975,700.0
2024-09-25 13:48:30,688380,BUY,16.860000610351562,37057.38902065634,2000.0
2024-09-26 13:48:30,688232,SELL,33.38040435822377,51091.119971720036,1530.5722310440785
2024-09-26 13:48:30,688005,BUY,29.0,59681.063427090514,1600.0
2024-09-27 09:35:00,688161,SELL,28.34000015258789,50274.863442868154,1600.0
2024-09-27 09:35:00,688326,SELL,85.66,52519.33241127938,500.0
2024-09-28 09:35:00,688041,SELL,103.27999877929688,55793.97492081263,400.0
2024-09-28 13:48:30,688005,BUY,29.0,52226.6994138465,1600.0
2024-09-29 13:48:30,688037,BUY,82.8499984741211,36643.28962935351,500.0
2024-09-29 13:48:30,688232,BUY,30.46999931335449,52817.29219333297,1500.0
2024-09-30 09:35:00,688326,SELL,85.66,47859.3865785914,500.0
2024-09-30 09:35:00,688387,SELL,6.610000133514404,41129.54681726619,6400.0
2024-09-30 09:35:00,688326,SELL,85.66,43248.855191070645,500.0
2024-09-30 13:48:30,688037,BUY,82.8499984741211,53785.36179170713,500.0
2024-10-01 09:35:00,688472,SELL,13.970000267028809,31023.14975896515,3200.0
2024-10-01 09:35:00,688380,SELL,25.06999969482422,3567.6339641449276,200.0
2024-10-02 09:35:00,688161,SELL,28.34000015258789,40079.005067826976,1600.0
2024-10-02 13:48:30,688232,BUY,30.46999931335449,41074.86300013505,1500.0
2024-10-03 09:35:00,688041,SELL,103.27999877929688,48412.91291329693,400.0
2024-10-05 09:35:00,688326,BUY,86.1391749044825,35935.93210676755,417.1845405602732
2024-10-07 09:35:00,688002,SELL,47.31999969482422,62137.73447852097,1200.0
2024-10-09 13:48:30,688048,BUY,41.11,63546.23312591134,1300.0
2024-10-10 13:48:30,688343,BUY,29.559999465942383,52201.4079193973,1600.0
2024-10-11 09:35:00,688348,SELL,72.63999938964844,78599.58792817476,700.0
2024-10-12 09:35:00,688380,SELL,25.600000381469727,44700.0400215276,1800.0
2024-10-13 13:48:30,688556,BUY,12.949999809265137,38817.47373703078,3400.0
2024-10-14 09:35:00,688348,SELL,73.04219625016914,75483.50814351457,1033.4233089731304
2024-10-14 13:48:30,688147,BUY,26.1200008392334,49835.32399058196,1800.0
2024-10-15 13:48:30,688147,BUY,26.1200008392334,52796.897953045765,1800.0
2024-10-15 13:48:30,688343,BUY,29.559999465942383,46987.35845879565,1600.0
2024-10-15 13:48:30,688327,BUY,11.529999732971191,58109.58596035627,4100.0
2024-10-16 13:48:30,688327,BUY,11.529999732971191,40738.012192024464,4100.0
2024-10-17 09:35:00,688629,SELL,40.709999084472656,15987.363015947905,400.0
2024-10-27 13:48:30,688700,BUY,29.989999771118164,52691.80821129294,1600.0
2024-10-28 13:48:30,688700,BUY,29.989999771118164,51400.54625459591,1600.0
2024-10-28 13:48:30,688111,BUY,269.0299987792969,34804.04068505343,200.0
2024-10-30 00:00:00,688766,OTHER,0.0,12.095617365694848,0.0
2024-11-07 09:35:00,688005,SELL,29.38999938964844,5944.076153784696,200.0
2024-11-12 09:35:00,688556,SELL,14.760000228881836,65295.485356521225,3500.0
2024-11-12 13:48:30,688131,BUY,46.52000045776367,56665.409693111964,1300.0
2024-11-16 13:48:30,688629,BUY,41.41999816894531,63511.210476180095,1400.0
2024-11-17 13:48:30,688629,BUY,41.41999816894531,52235.227961779696,1400.0
2024-11-18 09:35:00,688111,SELL,272.239990234375,56500.648860047106,200.0
2024-11-19 09:35:00,688686,SELL,60.380001068115234,42476.47837998088,800.0
2024-11-19 13:48:30,688629,BUY,32.7599983215332,8497.25737977147,200.0
2024-11-20 13:48:30,688556,BUY,13.260000228881836,70732.17295065745,3900.0
2024-11-23 09:35:00,688556,SELL,12.869999885559082,55574.26413943832,3900.0
2024-11-24 09:35:00,688556,SELL,12.869999885559082,59115.86722963701,3900.0
2024-11-27 09:35:00,688343,SELL,36.4900016784668,7515.510386230809,200.0
2024-12-02 09:35:00,688131,SELL,37.59999847412109,50997.396985530024,1300.0
2024-12-07 09:35:00,688005,SELL,34.779998779296875,58549.276103459655,1500.0
2024-12-07 09:35:00,688005,SELL,34.779998779296875,48197.72216893844,1500.0
2024-12-11 09:35:00,688141,SELL,26.64999961853028,53424.40628427817,2300.0
2024-12-11 13:48:30,688147,BUY,29.850000381469727,52233.94657082487,1800.0
2024-12-14 09:35:00,688063,SELL,44.84999847412109,55250.50229703468,1100.0
2024-12-15 13:48:30,688700,BUY,28.3799991607666,6711.153376835355,200.0
2024-12-15 13:48:30,688700,BUY,28.3799991607666,5249.728639610306,200.0
2024-12-17 13:48:30,688141,BUY,25.540000915527344,54897.64911054002,2100.0
2024-12-18 13:48:30,688700,BUY,28.3799991607666,7410.806623828529,200.0
2024-12-19 09:35:00,688343,SELL,48.959999084472656,11184.98413836771,200.0
2024-12-21 13:48:30,688700,BUY,26.200000762939453,7216.176681257849,200.0
2024-12-23 13:48:30,688700,BUY,26.200000762939453,5346.697872425861,200.0
2024-12-26 09:35:00,688141,SELL,31.989460375764256,6993.7641883505985,218.627138632485
2024-12-28 09:35:00,688131,SELL,37.02999877929688,41094.80545478851,1500.0
2024-12-28 13:48:30,688327,BUY,12.359999656677246,62707.561625588496,4600.0
2024-12-30 09:35:00,688700,SELL,29.780000686645508,54654.70183275874,2100.0
2024-12-31 09:35:00,688327,SELL,11.4924965831173,40844.2937075922,3553.99659353332
2024-12-31 09:35:00,688141,SELL,32.400001525878906,9235.602722526322,300.0
2025-01-01 09:35:00,688131,SELL,37.02999877929688,52056.35043339572,1500.0
2025-01-03 09:35:00,688327,SELL,11.869999885559082,44019.78594070479,4600.0
2025-01-05 09:35:00,688327,SELL,11.869999885559082,52492.50701963166,4600.0
2025-01-06 09:35:00,688568,SELL,45.4900016784668,58136.64633654179,1000.0
2025-01-07 09:35:00,688270,SELL,31.940000534057617,59389.301815383966,1600.0
2025-01-10 09:35:00,688111,SELL,257.6499938964844,42472.51791543887,200.0
2025-01-10 13:48:30,688778,BUY,41.900001525878906,48493.88487374426,1200.0
2025-01-11 09:35:00,688629,SELL,36.84999847412109,66060.70343088574,1600.0
2025-01-13 09:35:00,688017,SELL,129.6199951171875,54843.28336742776,400.0
2025-01-13 09:35:00,688017,BUY,133.40882095426153,51870.35035790051,388.8075015345797
2025-01-14 09:35:00,688515,SELL,86.30000305175781,64272.396262091184,600.0
2025-01-14 09:35:00,688017,SELL,129.6199951171875,52359.57265155772,400.0
2025-01-14 09:35:00,688017,SELL,129.6199951171875,50282.50261203953,400.0
2025-01-15 09:35:00,688318,SELL,151.72000122070312,49632.341195733425,300.0
2025-01-16 09:35:00,688778,SELL,43.0,49954.83997212481,1200.0
2025-01-16 09:35:00,688629,SELL,36.84999847412109,62774.85738860113,1600.0
2025-01-17 13:48:30,688343,BUY,43.34000015258789,12000.377282565078,300.0
2025-01-18 09:35:00,688766,SELL,110.1999969482422,57070.35153900553,400.0
2025-01-20 09:35:00,688088,SELL,44.959999084472656,11027.946839227996,200.0
2025-01-21 09:35:00,688205,SELL,92.66000366210938,57307.72575468523,700.0
2025-01-21 13:48:30,688380,BUY,32.400001525878906,50790.49091892455,1900.0
2025-01-26 09:35:00,688702,SELL,82.5999984741211,60121.49500497331,700.0
2025-01-26 13:48:30,688787,BUY,133.97999572753906,49532.039655572866,400.0
2025-01-27 13:48:30,688629,BUY,37.900001525878906,56094.95661176705,1600.0
2025-01-27 13:48:30,688629,BUY,37.900001525878906,49884.54126056081,1600.0
2025-01-27 13:48:30,688787,BUY,133.97999572753906,60154.725910463014,400.0
2025-01-28 09:35:00,688702,SELL,82.5999984741211,70855.73316062696,700.0
2025-01-28 09:35:00,688702,SELL,82.5999984741211,54988.3603464523,700.0
2025-01-29 13:48:30,688141,BUY,30.75,5234.72462221066,200.0
2025-02-07 09:35:00,688787,SELL,127.51000213623048,54509.27458973929,400.0
2025-02-07 09:35:00,688123,SELL,69.02999877929688,54117.586053800725,800.0
2025-02-09 09:35:00,688787,SELL,127.51000213623048,45035.10090361759,400.0
2025-02-09 13:48:30,688158,BUY,28.68,83151.45106077618,2800.0
2025-02-10 13:48:30,688158,BUY,28.68,58575.5120451738,2800.0
2025-02-11 09:35:00,688629,SELL,45.79999923706055,8739.754401406755,200.0
2025-02-11 09:35:00,688343,SELL,73.0999984741211,23467.66562931734,300.0
2025-02-12 09:35:00,688629,SELL,45.79999923706055,9370.552683530177,200.0
2025-02-12 09:35:00,688787,SELL,127.51000213623048,53328.098919346354,400.0
2025-02-12 13:48:30,688515,BUY,106.08999633789062,52963.26358378167,600.0
2025-02-14 13:48:30,688327,BUY,16.760000228881836,73617.42359932739,4100.0
2025-02-21 13:48:30,688568,BUY,62.02000045776367,78190.470254895,1200.0
2025-02-22 13:48:30,688158,BUY,32.619998931884766,5614.555877191097,200.0
2025-02-23 09:35:00,688696,SELL,126.68000030517578,80222.96079685468,500.0
2025-02-23 13:48:30,688568,BUY,62.02000045776367,59524.63800638261,1200.0
2025-02-24 09:35:00,688629,SELL,66.80000305175781,20149.794346943756,300.0
2025-02-24 13:48:30,688111,BUY,373.7200012207031,63044.80153492512,200.0
2025-02-27 13:48:30,688111,BUY,373.7200012207031,77688.83328564822,200.0
2025-02-27 13:48:30,688141,BUY,32.33000183105469,6022.792151741092,200.0
2025-03-02 09:35:00,688111,SELL,356.010009765625,100726.59205972486,200.0
2025-03-02 13:48:30,688141,SELL,33.71527849329095,8603.481060567392,255.18048330164052
2025-03-03 13:48:30,688327,BUY,18.76000022888184,92587.47075848035,3600.0
2025-03-03 13:48:30,688327,BUY,18.76000022888184,62825.679045398625,3600.0
2025-03-03 13:48:30,688327,BUY,18.76000022888184,86866.70271559409,3600.0
2025-03-04 09:35:00,688631,SELL,111.25,62750.79450629012,600.0
2025-03-04 13:48:30,688700,BUY,31.88999938964844,69660.3513992951,2200.0
2025-03-04 13:48:30,688141,BUY,32.33000183105469,8188.330511843298,200.0
2025-03-04 13:48:30,688700,BUY,31.88999938964844,63724.64755323158,2200.0
2025-03-07 13:48:30,688131,BUY,43.15999984741211,94632.40355731588,1700.0
2025-03-08 13:48:30,688131,BUY,43.15999984741211,71900.63843479038,1700.0
2025-03-08 13:48:30,688141,BUY,33.9900016784668,6359.1671311669315,200.0
2025-03-08 13:48:30,688158,BUY,30.46999931335449,13278.176657038994,400.0
2025-03-09 09:35:00,688631,BUY,109.59877855312327,72560.31492014047,662.0540472991677
2025-03-09 13:48:30,688131,BUY,43.15999984741211,71973.16805106802,1700.0
2025-03-09 13:48:30,688327,BUY,19.530000686645508,4314.3220750044975,300.0
2025-03-10 09:35:00,688568,SELL,57.7400016784668,56669.383085748304,1200.0
2025-03-10 09:35:00,688568,SELL,57.7400016784668,67356.54588189929,1200.0
2025-03-12 09:35:00,688709,SELL,37.70000076293945,71185.16047164924,2100.0
2025-03-16 09:35:00,688700,SELL,43.79999923706055,110472.89383251294,2200.0
2025-03-16 13:48:30,688111,BUY,346.1000061035156,73830.18517998823,200.0
2025-03-17 13:48:30,688158,BUY,28.32999992370605,6099.160075895521,200.0
2025-03-18 09:35:00,688700,SELL,43.79999923706055,87026.4534347782,2200.0
2025-03-19 13:48:30,688629,BUY,53.060001373291016,7855.991938411436,200.0
2025-03-21 13:48:30,688568,BUY,61.0,70300.22264359337,1200.0
2025-03-24 13:48:30,688700,BUY,40.79999923706055,59991.60970690834,1700.0
2025-03-25 13:48:30,688700,BUY,40.79999923706055,67104.40057691601,1700.0
2025-03-26 13:48:30,688700,BUY,40.79999923706055,63413.472858538094,1700.0
2025-03-26 13:48:30,688700,BUY,40.79999923706055,64886.96362921211,1700.0
2025-03-31 09:35:00,688111,SELL,299.1199951171875,59531.98397683859,200.0
2025-04-01 13:48:30,688327,BUY,15.5,4288.801252717577,300.0
2025-04-04 09:35:00,688147,SELL,25.65999984741211,50727.38766173829,2100.0
2025-04-04 09:35:00,688686,SELL,64.76000213623047,50568.243379353764,800.0
2025-04-05 13:48:30,688306,BUY,9.07,65353.21029573754,5800.0
2025-04-07 09:35:00,688327,SELL,12.04,59879.19584196364,4400.0
2025-04-07 09:35:00,688686,SELL,64.76000213623047,42875.71831189042,800.0
2025-04-07 09:35:00,688017,SELL,117.1999969482422,52559.0859282243,400.0
2025-04-07 13:48:30,688182,BUY,20.82,54040.12798472355,2500.0
2025-04-08 13:48:30,688306,BUY,9.07,50295.928894853736,5800.0
2025-04-09 09:35:00,688131,SELL,34.54999923706055,6991.420151035008,200.0
2025-04-09 09:35:00,688131,BUY,32.168601257715764,6945.533854571911,215.9103468294568
2025-04-09 09:35:00,688158,SELL,19.43000030517578,53057.57177789596,2600.0
2025-04-09 13:48:30,688306,BUY,9.07,59954.81573281045,5800.0
2025-04-09 13:48:30,688306,BUY,9.07,42346.899603003854,5800.0
2025-04-10 13:48:30,688433,BUY,32.96,55106.56169088126,1600.0
2025-04-10 13:48:30,688123,BUY,59.869998931884766,57609.55630325376,800.0
2025-04-11 13:48:30,688521,BUY,101.95999908447266,69705.69445458073,600.0
2025-04-12 13:48:30,688306,BUY,8.988470135871285,38964.502048912145,4334.942594225483
2025-04-13 09:35:00,688001,SELL,24.26000022888184,69253.5450861228,2300.0
2025-04-13 09:35:00,688123,SELL,72.58000183105469,81838.31670831832,800.0
2025-04-13 09:35:00,688123,SELL,72.58000183105469,44466.916300563455,800.0
2025-04-13 13:48:30,688382,BUY,20.520000457763672,68304.91207510131,3200.0
2025-04-15 09:35:00,688629,SELL,52.27000045776367,70164.49629030384,1300.0
2025-04-16 13:48:30,688591,BUY,38.93000030517578,71898.2658814493,1600.0
2025-04-17 13:48:30,688591,BUY,38.93000030517578,79918.89032082038,1600.0
2025-04-17 13:48:30,688591,SELL,39.8890634646819,75716.53328726035,1898.1777637948403
2025-04-18 09:35:00,688433,SELL,36.470001220703125,49369.794739893296,1600.0
2025-04-18 09:35:00,688368,SELL,121.77999877929688,67131.78319163014,500.0
2025-04-18 13:48:30,688160,BUY,99.11000061035156,58612.557203016346,600.0
2025-04-19 09:35:00,688700,SELL,31.780000686645508,52954.91128035115,1700.0
2025-04-19 13:48:30,688519,BUY,35.189998626708984,69965.13396592136,1800.0
2025-04-20 09:35:00,688382,SELL,22.850000381469727,7707.557601538962,300.0
2025-04-21 09:35:00,688368,SELL,121.77999877929688,58066.697654022515,500.0
2025-04-21 09:35:00,688382,SELL,22.850000381469727,8416.517673803472,300.0
2025-04-23 13:48:30,688519,BUY,35.189998626708984,51564.915028789575,1800.0
2025-04-25 09:35:00,688776,SELL,79.04000091552734,76445.81737270272,700.0
2025-04-26 13:48:30,688313,BUY,25.799999237060547,71264.08804442403,2400.0
2025-04-29 13:48:30,688629,BUY,56.880001068115234,59244.9370886671,1100.0
2025-04-30 13:48:30,688141,BUY,34.54999923706055,93378.37338535652,1900.0
2025-05-01 09:35:00,688776,SELL,79.04000091552734,60313.22099689365,700.0
2025-05-01 13:48:30,688313,BUY,25.799999237060547,79608.858904837,2400.0
2025-05-11 09:35:00,688382,SELL,19.850000381469727,52079.51647827756,2900.0
2025-05-12 13:48:30,688686,BUY,92.5999984741211,63498.194732097574,700.0
2025-05-13 09:35:00,688182,SELL,26.200000762939453,48661.29066649354,2500.0
2025-05-14 13:48:30,688709,BUY,34.349998474121094,81331.50514480603,1900.0
2025-05-17 13:48:30,688123,BUY,76.62000274658203,69664.00812514902,800.0
2025-05-17 13:48:30,688110,BUY,34.150001525878906,45331.389004387114,1800.0
2025-05-18 09:35:00,688686,SELL,86.98999786376953,43335.488433007806,700.0
2025-05-20 09:35:00,688591,SELL,36.70000076293945,50904.22380326489,1600.0
2025-05-20 13:48:30,688123,BUY,76.62000274658203,53566.22198719713,800.0
2025-05-21 13:48:30,688110,BUY,34.150001525878906,63147.96991695212,1800.0
2025-05-23 09:35:00,688382,SELL,22.57999992370605,10149.80397152925,400.0
2025-05-24 09:35:00,688629,SELL,52.02999877929688,48083.780394652575,1100.0
2025-05-25 09:35:00,688629,SELL,52.02999877929688,60122.29039534117,1100.0
2025-05-27 09:35:00,688709,SELL,31.46999931335449,73413.1514055742,1900.0
2025-05-28 13:48:30,688717,BUY,54.18999862670898,57652.21112805747,1100.0
2025-05-29 09:35:00,688519,SELL,36.40400170378373,56563.347549387814,1553.7673031014276
2025-05-31 00:00:00,688766,BUY,0.0,28.60269019459688,26.0
2025-05-31 09:35:00,688382,SELL,31.76000022888184,19588.11332791186,600.0
2025-06-02 09:35:00,688270,SELL,45.68999862670898,76670.33781092841,1400.0
2025-06-03 09:35:00,688519,SELL,34.150001525878906,56086.77193531359,1800.0
2025-06-04 09:35:00,688519,SELL,34.150001525878906,52753.792196856644,1800.0
2025-06-04 09:35:00,688382,SELL,31.76000022888184,18045.371958236086,600.0
2025-06-04 13:48:30,688582,BUY,69.77999877929688,88794.26271700216,900.0
2025-06-05 09:35:00,688717,SELL,52.650001525878906,64877.93683559149,1100.0
2025-06-05 09:35:00,688382,BUY,34.31290283711041,15343.27321014655,447.1575396282809
2025-06-06 09:35:00,688717,SELL,52.650001525878906,54551.00740839647,1100.0
2025-06-07 13:48:30,688498,BUY,148.85000610351562,65163.72447041294,400.0
2025-06-08 09:35:00,688136,SELL,53.0,42170.412544100516,1100.0
2025-06-08 13:48:30,688800,BUY,47.209999084472656,60120.656523848025,1300.0
2025-06-08 13:48:30,688183,BUY,41.2599983215332,54399.658670193385,1500.0
2025-06-09 09:35:00,688182,SELL,27.82999992370605,70538.8076145368,2100.0
2025-06-09 09:35:00,688313,SELL,34.7599983215332,13914.582630557297,400.0
2025-06-09 13:48:30,688519,BUY,39.72999954223633,58470.04709316753,1600.0
2025-06-09 13:48:30,688205,BUY,61.5099983215332,52216.90227463565,1000.0
2025-06-10 09:35:00,688297,SELL,46.59000015258789,64356.2821449351,1300.0
2025-06-10 09:35:00,688321,SELL,23.76000022888184,96338.56673531646,3200.0
2025-06-10 09:35:00,688321,SELL,23.76000022888184,76710.96570680269,3200.0
2025-06-11 13:48:30,688800,BUY,47.209999084472656,77419.23702820971,1300.0
2025-06-11 13:48:30,688183,BUY,41.2599983215332,81778.28094060141,1500.0
2025-06-12 09:35:00,688110,SELL,29.64999961853028,64078.933909068815,2000.0
2025-06-12 09:35:00,688321,SELL,23.76000022888184,88463.06855898038,3200.0
2025-06-12 13:48:30,688668,BUY,64.13999938964844,78126.73799932623,1000.0
2025-06-13 13:48:30,688668,BUY,64.13999938964844,57946.110116108655,1000.0
2025-06-15 09:35:00,688297,BUY,47.027626443682315,82930.40169635467,1763.4400876188708
2025-06-16 00:00:00,688019,BUY,0.0,52.006375686637384,40.0
2025-06-18 00:00:00,688630,OTHER,0.0,403.87972818965613,0.0
2025-06-19 09:35:00,688382,SELL,33.29999923706055,5812.9084749880385,200.0
2025-06-20 09:35:00,688382,SELL,32.83000183105469,52757.57401498077,1800.0
2025-06-21 00:00:00,688019,BUY,0.0,51.16199964329733,40.0
2025-06-21 09:35:00,688382,SELL,32.83000183105469,63946.870662647365,1800.0
2025-06-28 09:35:00,688582,SELL,67.19999694824219,60223.42628000023,900.0
2025-06-29 13:48:30,688088,BUY,48.25,73610.61790278731,1400.0
2025-06-29 13:48:30,688049,BUY,60.5,61857.85955004065,1100.0
2025-07-02 13:48:30,688049,BUY,60.5,51299.45272798428,1100.0
2025-07-04 13:48:30,688049,BUY,62.47850168414974,54413.0539548864,870.9084323110541
2025-07-04 13:48:30,688400,BUY,26.3799991607666,49942.609730832,2500.0
2025-07-05 09:35:00,688205,SELL,57.720001220703125,45631.270442977366,1000.0
2025-07-06 09:35:00,688519,SELL,42.97999954223633,59600.518088539066,1600.0
2025-07-07 13:48:30,688400,BUY,26.3799991607666,80807.1222394429,2500.0
2025-07-10 13:48:30,688001,BUY,25.56999969482422,72310.04096873254,2700.0
2025-07-10 13:48:30,688048,BUY,53.619998931884766,61678.41797856895,1200.0
2025-07-14 09:35:00,688400,SELL,27.540000915527344,73251.15608687865,2500.0
2025-07-17 09:35:00,688400,SELL,27.540000915527344,50068.197085807,2500.0
2025-07-17 13:48:30,688322,BUY,72.4000015258789,78071.12034298352,1000.0
2025-07-18 09:35:00,688631,SELL,91.0999984741211,65737.63979922916,700.0
2025-07-21 09:35:00,688498,SELL,197.3000030517578,89606.36926676163,400.0
2025-07-23 09:35:00,688252,SELL,24.030000686645508,67582.59887378445,2900.0
2025-07-23 13:48:30,688698,BUY,55.18000030517578,66961.03579070498,1300.0
2025-07-24 09:35:00,688498,SELL,197.3000030517578,69355.8046838861,400.0
2025-07-24 09:35:00,688252,SELL,24.030000686645508,65424.22612219561,2900.0
2025-07-25 09:35:00,688158,SELL,25.770000457763672,6699.097575246002,300.0
2025-07-25 13:48:30,688306,BUY,10.109999656677246,66323.60498846158,7000.0
2025-07-25 13:48:30,688322,BUY,72.4000015258789,80379.36981308958,1000.0
2025-07-29 09:35:00,688322,SELL,71.77999877929688,55250.28742761604,1000.0
2025-07-30 13:48:30,688668,BUY,81.69999694824219,72823.12344832528,900.0
2025-08-03 09:35:00,688668,SELL,90.33999633789062,72324.98634929943,900.0
2025-08-03 09:35:00,688668,SELL,90.33999633789062,118753.05506956296,900.0
2025-08-04 09:35:00,688183,SELL,50.970001220703125,67606.43343534008,1400.0
2025-08-04 09:35:00,688306,SELL,10.220000267028809,76863.29355508917,7000.0
2025-08-05 09:35:00,688158,SELL,25.71999931335449,67629.5594419355,2700.0
2025-08-06 09:35:00,688183,SELL,50.970001220703125,61754.273019237,1400.0
2025-08-08 13:48:30,688222,BUY,24.739999771118164,80715.53283305951,3100.0
2025-08-11 13:48:30,688327,BUY,16.780000686645508,4780.663863845553,300.0
2025-08-12 09:35:00,688380,SELL,28.8799991607666,78258.30512335215,2600.0
2025-08-13 13:48:30,688788,BUY,75.19999694824219,77075.83968583382,1000.0
2025-08-17 09:35:00,688306,SELL,13.130000114440918,10366.023873533462,1000.0
2025-08-17 09:35:00,688630,SELL,135.0,90393.95608423464,600.0
2025-08-18 13:48:30,688318,BUY,155.85000610351562,48768.39613381495,400.0
2025-08-19 09:35:00,688306,SELL,13.130000114440918,12371.817392531326,1000.0
2025-08-20 09:35:00,688676,SELL,56.209999084472656,87288.75419063543,1500.0
2025-08-21 09:35:00,688630,SELL,135.0,70453.13580149742,600.0
2025-08-21 13:48:30,688362,BUY,40.790000915527344,78052.69104619056,2100.0
2025-08-24 09:35:00,688327,SELL,18.020000457763672,83252.16904219367,4900.0
2025-08-24 13:48:30,688343,BUY,87.5,102927.7063746458,1100.0
2025-08-24 13:48:30,688698,BUY,59.0,11792.34430960538,200.0
2025-08-25 13:48:30,688183,BUY,73.36000061035156,99776.38366822932,1300.0
2025-08-25 13:48:30,688362,BUY,40.790000915527344,79173.49405787655,2100.0
2025-08-26 09:35:00,688327,SELL,18.020000457763672,101510.59026289012,4900.0
2025-08-26 13:48:30,688343,BUY,87.5,108906.45288353658,1100.0
2025-08-26 13:48:30,688362,BUY,40.790000915527344,97782.596284186,2100.0
2025-08-29 09:35:00,688327,BUY,18.887467174908764,74788.3000069396,3959.678622567923
2025-08-29 13:48:30,688306,BUY,12.06999969482422,5113.77313004174,400.0
2025-08-30 09:35:00,688003,SELL,64.69999694824219,13950.88200353078,200.0
2025-08-31 09:35:00,688591,SELL,58.470001220703125,77008.32061818382,1600.0
2025-09-01 13:48:30,688630,BUY,143.0,109411.28912959684,600.0
2025-09-02 09:35:00,688591,SELL,58.470001220703125,100745.36343890992,1600.0
2025-09-02 09:35:00,688183,SELL,82.77999877929688,18216.34404506134,200.0
2025-09-02 13:48:30,688676,BUY,57.900001525878906,75159.90384752298,1400.0
2025-09-03 09:35:00,688698,SELL,54.650001525878906,93675.86439460322,1500.0
2025-09-04 13:48:30,688306,BUY,12.06999969482422,4846.399259541435,400.0
2025-09-07 09:35:00,688017,SELL,168.6999969482422,99469.3026231147,500.0
2025-09-07 13:48:30,688195,BUY,88.30000305175781,102001.08527394604,900.0
2025-09-09 09:35:00,688676,SELL,50.41999816894531,69805.70478800377,1400.0
2025-09-09 13:48:30,688519,BUY,60.45000076293945,12734.252672796258,200.0
2025-09-09 13:48:30,688519,BUY,60.45000076293945,12627.593978759089,200.0
2025-09-10 09:35:00,688400,SELL,38.33000183105469,10868.911829664883,200.0
2025-09-11 09:35:00,688400,SELL,38.33000183105469,6678.690181277147,200.0
2025-09-11 09:35:00,688183,SELL,91.58000183105467,15595.433045932152,200.0
2025-09-16 13:48:30,688048,BUY,79.19999694824219,30466.006167404477,300.0
2025-09-23 13:48:30,688183,BUY,90.0999984741211,18940.057659563066,200.0
2025-09-24 09:35:00,688205,SELL,148.0,124144.55489774742,800.0
2025-09-26 00:00:00,688183,OTHER,0.0,307.41569772696494,0.0
2025-09-27 13:48:30,688702,BUY,127.0,104689.6895230472,800.0
2025-09-27 13:48:30,688660,BUY,20.520000457763672,106950.55368900919,5000.0
2025-09-28 09:35:00,688660,SELL,22.65999984741211,140435.34204244244,5000.0
2025-09-29 09:35:00,688195,SELL,119.95999908447266,74992.90679312823,700.0
2025-10-01 13:48:30,688502,BUY,424.7999877929688,97725.20181291758,200.0
2025-10-01 13:48:30,688502,BUY,424.7999877929688,76709.43698357257,200.0
2025-10-07 09:35:00,688048,SELL,75.3499984741211,99494.33249807399,1300.0
2025-10-08 09:35:00,688048,SELL,75.3499984741211,105133.87350930562,1300.0
2025-10-08 09:35:00,688048,SELL,75.3499984741211,102092.6064454734,1300.0
2025-10-08 09:35:00,688502,SELL,419.8999938964844,74915.94447504796,200.0
2025-10-09 09:35:00,688048,SELL,75.3499984741211,111444.26856966098,1300.0
2025-10-11 13:48:30,688691,BUY,122.26,105939.56646935403,900.0
2025-10-13 13:48:30,688183,BUY,73.30000305175781,13680.287519567111,200.0
2025-10-21 09:35:00,688630,SELL,121.98999786376952,94127.95552370834,600.0
2025-10-27 09:35:00,688183,SELL,96.83000183105467,17291.69094045795,200.0
2025-10-27 13:48:30,688525,BUY,127.80999755859376,107084.77240239538,800.0
2025-10-28 13:48:30,688172,BUY,26.82999992370605,94712.61965319036,3700.0
2025-10-29 13:48:30,688172,BUY,26.82999992370605,96206.10088734711,3700.0
2025-10-30 09:35:00,688183,SELL,104.75,18123.457506096074,200.0
2025-10-31 13:48:30,688525,BUY,127.80999755859376,98527.59216833963,800.0
2025-11-02 13:48:30,688172,BUY,24.209999084472656,4095.956180834521,300.0
2025-11-04 13:48:30,688172,BUY,24.209999084472656,6894.239078876489,300.0
2025-11-04 13:48:30,688172,BUY,24.209999084472656,5444.1304664515565,300.0
2025-11-07 09:35:00,688172,SELL,25.6299991607666,85019.9231688074,4000.0
2025-11-07 13:48:30,688147,BUY,51.09999847412109,67907.94597768706,1900.0
2025-11-09 09:35:00,688147,SELL,52.29999923706055,145131.8946473551,1900.0
2025-11-09 09:35:00,688676,SELL,91.01000213623048,24783.029542718705,300.0
2025-11-09 09:35:00,688172,SELL,25.6299991607666,107365.05200150346,4000.0
2025-11-10 13:48:30,688313,BUY,77.33000183105469,111529.0321863426,1300.0
2025-11-11 09:35:00,688172,SELL,25.6299991607666,116856.97855920806,4000.0
2025-11-12 09:35:00,688676,SELL,91.01000213623048,27415.257218688057,300.0
2025-11-15 13:48:30,688147,BUY,59.47999954223633,94104.03218524036,1600.0
2025-11-16 13:48:30,688147,BUY,59.47999954223633,115750.80188008046,1600.0
2025-11-17 09:35:00,688519,SELL,63.79999923706055,81489.74397404943,1300.0
2025-11-18 13:48:30,688525,BUY,132.72000122070312,103779.10909930742,700.0
2025-11-20 09:35:00,688702,SELL,120.7699966430664,84860.20159170484,800.0
2025-11-22 13:48:30,688233,BUY,63.369998931884766,64705.55695221502,1500.0
2025-11-30 13:48:30,688702,BUY,131.0,80306.1896659208,700.0
2025-11-30 13:48:30,688195,BUY,181.009994506836,112917.10779519929,500.0
2025-12-01 09:35:00,688048,SELL,111.8499984741211,28254.176486716253,300.0
2025-12-05 13:48:30,688195,SELL,177.25053623884867,115017.2418514412,648.8964394243251
2025-12-10 13:48:30,688313,BUY,93.36000061035156,99245.80531378493,1100.0
2025-12-11 09:35:00,688313,SELL,97.56999969482422,16693.811343730707,200.0
2025-12-13 13:48:30,688167,BUY,156.00999450683594,104474.40005371273,600.0
2025-12-16 09:35:00,688691,SELL,109.0,86396.77357322186,900.0
2025-12-16 09:35:00,688147,SELL,68.0,13109.977436552208,200.0
2025-12-17 13:48:30,688167,SELL,154.3937417082716,111686.40121096042,723.3868418189703
2025-12-17 13:48:30,688167,BUY,156.00999450683594,115961.38933465206,600.0
2025-12-18 09:35:00,688147,SELL,68.0,12882.683075616247,200.0
2025-12-18 13:48:30,688172,BUY,27.700000762939453,80575.09860928192,3600.0
2025-12-19 09:35:00,688147,SELL,68.0,10983.141358806013,200.0
2025-12-19 09:35:00,688313,SELL,97.56999969482422,17502.78055100596,200.0
2025-12-20 13:48:30,688195,BUY,165.35000610351562,109910.01267244843,600.0
2025-12-21 09:35:00,688525,SELL,107.70999908447266,94028.60718541127,900.0
2025-12-21 13:48:30,688172,BUY,27.700000762939453,88645.93562932142,3600.0
2025-12-21 13:48:30,688195,BUY,165.35000610351562,128000.08537101363,600.0
2025-12-22 09:35:00,688702,SELL,130.99000549316406,80190.94569499626,700.0
2025-12-22 09:35:00,688525,SELL,107.70999908447266,99614.79233348064,900.0
2026-01-07 13:48:30,688519,BUY,80.3499984741211,83858.10441745327,1200.0
2026-01-09 09:35:00,688233,SELL,76.94000244140625,103783.01208853311,1500.0
2026-01-10 09:35:00,688519,BUY,71.65660825557293,49863.59367660988,695.8687396808493
2026-01-11 09:35:00,688233,SELL,76.94000244140625,94579.95705017539,1500.0
2026-01-11 09:35:00,688702,SELL,133.07000732421875,100152.18744304881,700.0
2026-01-12 09:35:00,688519,SELL,74.91000366210938,82148.1328287509,1200.0
2026-01-12 09:35:00,688233,SELL,76.94000244140625,140666.5050884436,1500.0
2026-01-12 13:48:30,688523,BUY,90.76000213623048,145578.11937097486,1300.0
2026-01-13 13:48:30,688347,BUY,126.79000091552734,105286.33474013185,800.0
2026-01-14 13:48:30,688183,BUY,95.9000015258789,17336.446255180475,200.0
2026-01-15 09:35:00,688702,SELL,133.07000732421875,94164.32407529121,700.0
2026-01-15 13:48:30,688041,BUY,255.9499969482422,93027.17349275056,400.0
2026-01-15 13:48:30,688523,BUY,66.16999816894531,27624.395832143306,400.0
2026-01-16 09:35:00,688233,SELL,79.23268900241067,122763.12502079915,1549.3999581039598
2026-01-17 09:35:00,688702,SELL,136.66199400999298,136374.05632996495,997.8930668902213
2026-01-19 13:48:30,688523,BUY,66.16999816894531,34095.57364863604,400.0
2026-01-24 09:35:00,688347,SELL,142.85000610351562,145573.9568864521,800.0
2026-01-24 09:35:00,688313,SELL,79.01000213623047,87942.05983588121,1100.0
2026-01-26 09:35:00,688347,SELL,142.85000610351562,94328.98847240556,800.0
2026-01-26 13:48:30,688691,BUY,143.00999450683594,99354.53952827535,700.0
2026-01-26 13:48:30,688691,BUY,143.00999450683594,82786.16255960481,700.0
2026-01-27 13:48:30,688521,BUY,221.8099975585937,95733.76497734999,500.0
2026-01-31 09:35:00,688147,SELL,66.0,75999.54894509916,1400.0
2026-01-31 13:48:30,688702,BUY,142.5,102273.33446366312,700.0
2026-02-01 09:35:00,688691,SELL,124.05999755859376,76423.04280776232,700.0
2026-02-01 13:48:30,688031,BUY,182.41000366210932,88020.8699333175,500.0
2026-02-02 09:35:00,688167,SELL,255.1300048828125,47355.03531910341,200.0
2026-02-02 09:35:00,688147,SELL,66.0,88496.52256131629,1400.0
2026-02-02 13:48:30,688525,BUY,167.89999389648438,102794.3171731552,600.0
2026-02-03 13:48:30,688031,BUY,182.41000366210932,84328.07988573637,500.0
2026-02-03 13:48:30,688691,BUY,136.40315689932058,195570.55914555053,1433.7685695199966
2026-02-04 09:35:00,688521,SELL,207.8500061035156,109474.08998557077,500.0
2026-02-05 13:48:30,688523,BUY,59.38999938964844,21693.861521351577,400.0
2026-02-06 13:48:30,688525,BUY,167.89999389648438,107161.64947333373,600.0
2026-02-07 13:48:30,688147,BUY,72.87999725341797,85495.15675652272,1500.0
2026-02-08 13:48:30,688691,BUY,133.1699981689453,96924.369182342,800.0
2026-02-08 13:48:30,688521,BUY,220.1999969482422,147204.7773295235,500.0
2026-02-09 09:35:00,688172,SELL,41.2400016784668,88034.59869636885,2400.0
2026-02-10 13:48:30,688147,BUY,72.87999725341797,113649.953995136,1500.0
2026-02-11 09:35:00,688172,SELL,41.2400016784668,89658.94422425653,2400.0
2026-02-11 09:35:00,688172,SELL,41.2400016784668,95316.75660152144,2400.0
2026-02-12 09:35:00,688523,SELL,62.15999984741211,10119.068218166149,200.0
2026-02-19 09:35:00,688147,SELL,92.3000030517578,23150.246737780926,300.0
2026-02-21 09:35:00,688519,SELL,110.6999969482422,152966.72190461162,1300.0
2026-02-23 09:35:00,688519,SELL,110.6999969482422,149288.03332815733,1300.0
2026-02-25 09:35:00,688519,SELL,110.6999969482422,130065.77768539905,1300.0
2026-02-26 09:35:00,688031,SELL,190.47999572753903,93757.0826718869,500.0
2026-02-27 13:48:30,688347,BUY,128.75999450683594,25536.841170005573,200.0
2026-02-28 13:48:30,688233,BUY,87.69999694824219,95477.95429244326,1300.0
2026-02-28 13:48:30,688233,BUY,87.69999694824219,142059.7804303132,1300.0
2026-03-02 13:48:30,688147,BUY,86.16999816894531,10529.90508461043,200.0
2026-03-03 09:35:00,688172,SELL,39.27000045776367,97936.97361145678,2700.0
2026-03-04 13:48:30,688031,BUY,233.1000061035156,114135.82314379854,500.0
2026-03-06 13:48:30,688521,BUY,230.5800018310547,82936.38097880887,400.0
2026-03-09 13:48:30,688172,BUY,38.90999984741211,114502.69590042315,2900.0
2026-03-10 13:48:30,688521,BUY,230.5800018310547,80948.0491407446,400.0
2026-03-12 13:48:30,688521,BUY,230.5800018310547,120983.73867340884,400.0
2026-03-17 13:48:30,688800,BUY,93.6500015258789,143036.65122608212,1300.0
2026-03-20 13:48:30,688523,BUY,58.59999847412109,11091.831506618144,200.0
2026-03-22 13:48:30,688556,BUY,13.859999656677246,111961.08251297864,7500.0
2026-03-23 13:48:30,688257,BUY,59.83000183105469,105632.04406768299,1700.0
2026-03-23 13:48:30,688523,BUY,58.59999847412109,15867.447671579204,200.0
2026-03-24 13:48:30,688766,BUY,273.1099853515625,73746.70643877034,300.0
2026-03-24 13:48:30,688766,BUY,273.1099853515625,78430.38125828249,300.0
2026-03-28 09:35:00,688523,SELL,60.95000076293945,129477.74880868662,1800.0
2026-03-28 09:35:00,688031,SELL,142.66000366210938,122565.79351635384,700.0
2026-03-29 09:35:00,688556,SELL,13.937941700239431,71953.45046030293,5162.415800538675
2026-03-29 09:35:00,688556,SELL,13.449999809265137,89914.58704840708,7500.0
2026-03-31 09:35:00,688556,SELL,13.449999809265137,96049.45814591611,7500.0
