{
  "A": {
    "industry_pref": {
      "交通运输": 0.20197443475769267,
      "传媒": 5.306193920163006e-07,
      "公用事业": 5.306193920163006e-07,
      "农林牧渔": 5.306193920163006e-07,
      "医药生物": 5.306193920163006e-07,
      "商贸零售": 0.057948943802100195,
      "国防军工": 5.306193920163006e-07,
      "基础化工": 5.306193920163006e-07,
      "家用电器": 5.306193920163006e-07,
      "建筑材料": 5.306193920163006e-07,
      "建筑装饰": 5.306193920163006e-07,
      "房地产": 5.306193920163006e-07,
      "有色金属": 5.306193920163006e-07,
      "机械设备": 5.306193920163006e-07,
      "汽车": 5.306193920163006e-07,
      "煤炭": 0.24171994969728164,
      "环保": 5.306193920163006e-07,
      "电力设备": 5.306193920163006e-07,
      "电子": 5.306193920163006e-07,
      "石油石化": 0.15124881273911037,
      "社会服务": 5.306193920163006e-07,
      "纺织服饰": 0.2886781740325482,
      "综合": 5.306193920163006e-07,
      "美容护理": 5.306193920163006e-07,
      "计算机": 5.306193920163006e-07,
      "轻工制造": 5.306193920163006e-07,
      "通信": 5.306193920163006e-07,
      "钢铁": 0.028791938830196488,
      "银行": 0.02962501127566208,
      "非银金融": 5.306193920163006e-07,
      "食品饮料": 5.306193920163006e-07
    },
    "turnover": 5.9222799499552705,
    "holding_period_days": 56.81303688731683,
    "concentration_hhi": 0.4731052203549767,
    "buy_sell_symmetry": 0.5391222580576873,
    "volatility_pref": 0.07264399319481075,
    "realized_return_pref": 0.016068467447108534,
    "max_drawdown_pref": 0.6936418174496368,
    "market_state_exposure": 0.3145721473868602,
    "trade_interval_days": 5.043956043956044
  },
  "B": {
    "industry_pref": {
      "交通运输": 0.008469153323319375,
      "传媒": 7.203492489433431e-09,
      "公用事业": 0.010818356293973404,
      "农林牧渔": 0.002140164822103162,
      "医药生物": 0.009176104076232372,
      "商贸零售": 0.012857160773257749,
      "国防军工": 0.07377060640966329,
      "基础化工": 7.203492489433431e-09,
      "家用电器": 7.203492489433431e-09,
      "建筑材料": 0.030384799547442026,
      "建筑装饰": 0.03179190095635799,
      "房地产": 7.203492489433431e-09,
      "有色金属": 0.5057105146448047,
      "机械设备": 0.01617033510884776,
      "汽车": 0.02070490481697615,
      "煤炭": 0.001246211404164473,
      "环保": 7.203492489433431e-09,
      "电力设备": 0.057934779881547355,
      "电子": 0.034638490676422426,
      "石油石化": 0.0069326483753232235,
      "社会服务": 0.003426132301316818,
      "纺织服饰": 7.203492489433431e-09,
      "综合": 0.000864224604434797,
      "美容护理": 7.203492489433431e-09,
      "计算机": 0.05290275859257616,
      "轻工制造": 7.203492489433431e-09,
      "通信": 0.0009876060237938129,
      "钢铁": 0.00718188921545762,
      "银行": 7.203492489433431e-09,
      "非银金融": 0.11002260016530142,
      "食品饮料": 0.0018685931552515215
    },
    "turnover": 89.19682191178757,
    "holding_period_days": 3.0951226721844516,
    "concentration_hhi": 0.285692101676715,
    "buy_sell_symmetry": 0.4992433919052586,
    "volatility_pref": 0.12579357076187356,
    "realized_return_pref": 0.001678319684314639,
    "max_drawdown_pref": 0.9469764725208535,
    "market_state_exposure": 0.23213354068334124,
    "trade_interval_days": 1.6095890410958904
  },
  "C": {
    "industry_pref": {
      "交通运输": 6.44035893691803e-08,
      "传媒": 0.06282473537579485,
      "公用事业": 0.0054911144332056815,
      "农林牧渔": 0.007211269901667118,
      "医药生物": 0.012528623450754752,
      "商贸零售": 6.44035893691803e-08,
      "国防军工": 0.03052131182718013,
      "基础化工": 0.26756432561272336,
      "家用电器": 6.44035893691803e-08,
      "建筑材料": 6.44035893691803e-08,
      "建筑装饰": 6.44035893691803e-08,
      "房地产": 6.44035893691803e-08,
      "有色金属": 0.05608109993653734,
      "机械设备": 0.04595672688052346,
      "汽车": 0.004382471045804612,
      "煤炭": 6.44035893691803e-08,
      "环保": 0.00570886296886288,
      "电力设备": 0.18017638326946997,
      "电子": 0.20366282018590623,
      "石油石化": 0.06306895378668277,
      "社会服务": 6.44035893691803e-08,
      "纺织服饰": 6.44035893691803e-08,
      "综合": 6.44035893691803e-08,
      "美容护理": 6.44035893691803e-08,
      "计算机": 0.05482020646386753,
      "轻工制造": 6.44035893691803e-08,
      "通信": 6.44035893691803e-08,
      "钢铁": 6.44035893691803e-08,
      "银行": 6.44035893691803e-08,
      "非银金融": 6.44035893691803e-08,
      "食品饮料": 6.44035893691803e-08
    },
    "turnover": 36.8557672918511,
    "holding_period_days": 7.330548021361546,
    "concentration_hhi": 0.3841705055410158,
    "buy_sell_symmetry": 0.4953901039986093,
    "volatility_pref": 0.03589377370414447,
    "realized_return_pref": 0.009498595271666157,
    "max_drawdown_pref": 0.9990164306188049,
    "market_state_exposure": 0.2542004338586865,
    "trade_interval_days": 3.4461538461538463
  }
}