code,symbol,name,market,asset_type,date,open,high,low,close,preclose,volume,amount,pct_chg,turnover,trade_status,is_st,adjust,provider,source_function
000429,SZSE.000429,,SZ,A股-深交所,2021-07-23,6.87,6.89,6.78,6.82,6.87,2566007,17493708.44,-0.7278,0.1969,1,0,none,baostock,query_history_k_data_plus
000429,SZSE.000429,,SZ,A股-深交所,2021-07-26,6.81,6.95,6.73,6.83,6.82,3050403,20705274.72,0.1466,0.2341,1,0,none,baostock,query_history_k_data_plus
000429,SZSE.000429,,SZ,A股-深交所,2021-07-27,6.78,6.8,6.7,6.74,6.83,5272940,35542414.28,-1.3177,0.4047,1,0,none,baostock,query_history_k_data_plus
000429,SZSE.000429,,SZ,A股-深交所,2021-07-28,6.73,6.82,6.65,6.76,6.74,4784487,32229668.19,0.2967,0.3672,1,0,none,baostock,query_history_k_data_plus
000429,SZSE.000429,,SZ,A股-深交所,2021-07-29,6.76,6.83,6.72,6.74,6.76,2178219,14706476.12,-0.2959,0.1672,1,0,none,baostock,query_history_k_data_plus
000429,SZSE.000429,,SZ,A股-深交所,2021-07-30,6.72,6.75,6.66,6.75,6.74,2944316,19767986.93,0.1484,0.226,1,0,none,baostock,query_history_k_data_plus
000429,SZSE.000429,,SZ,A股-深交所,2021-08-02,6.69,6.77,6.65,6.73,6.75,5442002,36528431.13,-0.2963,0.4177,1,0,none,baostock,query_history_k_data_plus
000429,SZSE.000429,,SZ,A股-深交所,2021-08-03,6.7,6.8,6.68,6.79,6.73,4127519,27819780.99,0.8915,0.3168,1,0,none,baostock,query_history_k_data_plus
000429,SZSE.000429,,SZ,A股-深交所,2021-08-04,6.8,6.8,6.72,6.73,6.79,2534616,17081377.36,-0.8837,0.1945,1,0,none,baostock,query_history_k_data_plus
000429,SZSE.000429,,SZ,A股-深交所,2021-08-05,6.75,6.76,6.7,6.7,6.73,2529487,16995129.77,-0.4458,0.1941,1,0,none,baostock,query_history_k_data_plus
000429,SZSE.000429,,SZ,A股-深交所,2021-08-06,6.73,6.73,6.65,6.67,6.7,2150906,14343512.87,-0.4478,0.1651,1,0,none,baostock,query_history_k_data_plus
000429,SZSE.000429,,SZ,A股-深交所,2021-08-09,6.67,6.76,6.65,6.72,6.67,3059792,20533060.83,0.7496,0.2348,1,0,none,baostock,query_history_k_data_plus
000429,SZSE.000429,,SZ,A股-深交所,2021-08-10,6.75,6.82,6.72,6.75,6.72,2618013,17714708.83,0.4464,0.2009,1,0,none,baostock,query_history_k_data_plus
000429,SZSE.000429,,SZ,A股-深交所,2021-08-11,6.79,6.82,6.74,6.77,6.75,1966184,13319565.19,0.2963,0.1509,1,0,none,baostock,query_history_k_data_plus
000429,SZSE.000429,,SZ,A股-深交所,2021-08-12,6.77,6.78,6.66,6.67,6.77,4217197,28228612.37,-1.4771,0.3237,1,0,none,baostock,query_history_k_data_plus
000429,SZSE.000429,,SZ,A股-深交所,2021-08-13,6.67,6.69,6.65,6.67,6.67,1712530,11418409.24,0.0,0.1314,1,0,none,baostock,query_history_k_data_plus
000429,SZSE.000429,,SZ,A股-深交所,2021-08-16,6.69,6.7,6.67,6.69,6.67,1531288,10231804.84,0.2999,0.1175,1,0,none,baostock,query_history_k_data_plus
000429,SZSE.000429,,SZ,A股-深交所,2021-08-17,6.71,6.71,6.61,6.63,6.69,2543400,16925228.0,-0.8969,0.1952,1,0,none,baostock,query_history_k_data_plus
000429,SZSE.000429,,SZ,A股-深交所,2021-08-18,6.64,6.65,6.52,6.58,6.63,3359865,22096078.97,-0.7541,0.2579,1,0,none,baostock,query_history_k_data_plus
000429,SZSE.000429,,SZ,A股-深交所,2021-08-19,6.59,6.75,6.58,6.74,6.58,6959849,46655066.24,2.4316,0.5342,1,0,none,baostock,query_history_k_data_plus
000429,SZSE.000429,,SZ,A股-深交所,2021-08-20,6.74,6.75,6.64,6.74,6.74,3343482,22342253.4,0.0,0.2566,1,0,none,baostock,query_history_k_data_plus
000429,SZSE.000429,,SZ,A股-深交所,2021-08-23,6.72,6.8,6.71,6.77,6.74,2211932,14959729.34,0.4451,0.1698,1,0,none,baostock,query_history_k_data_plus
000429,SZSE.000429,,SZ,A股-深交所,2021-08-24,6.79,6.8,6.73,6.79,6.77,2413534,16333132.56,0.2954,0.1852,1,0,none,baostock,query_history_k_data_plus
000429,SZSE.000429,,SZ,A股-深交所,2021-08-25,6.8,6.9,6.76,6.89,6.79,4510427,30934455.81,1.4728,0.3462,1,0,none,baostock,query_history_k_data_plus
000429,SZSE.000429,,SZ,A股-深交所,2021-08-26,6.89,7.03,6.89,6.93,6.89,3613624,25166323.04,0.5806,0.2774,1,0,none,baostock,query_history_k_data_plus
000429,SZSE.000429,,SZ,A股-深交所,2021-08-27,6.9,6.96,6.85,6.94,6.93,2926420,20204023.75,0.1443,0.2246,1,0,none,baostock,query_history_k_data_plus
000429,SZSE.000429,,SZ,A股-深交所,2021-08-30,6.95,7.01,6.84,6.9,6.94,4097062,28258498.72,-0.5764,0.3145,1,0,none,baostock,query_history_k_data_plus
000429,SZSE.000429,,SZ,A股-深交所,2021-08-31,6.9,6.97,6.85,6.93,6.9,4556673,31531068.3,0.4348,0.3497,1,0,none,baostock,query_history_k_data_plus
000429,SZSE.000429,,SZ,A股-深交所,2021-09-01,6.93,7.04,6.9,7.01,6.93,5180526,36233414.93,1.1544,0.3976,1,0,none,baostock,query_history_k_data_plus
000429,SZSE.000429,,SZ,A股-深交所,2021-09-02,7.05,7.05,6.95,6.99,7.01,2550302,17855899.7,-0.2853,0.1957,1,0,none,baostock,query_history_k_data_plus
000429,SZSE.000429,,SZ,A股-深交所,2021-09-03,7.03,7.16,6.99,7.09,6.99,5085297,35975155.6,1.4306,0.3903,1,0,none,baostock,query_history_k_data_plus
000429,SZSE.000429,,SZ,A股-深交所,2021-09-06,7.1,7.18,7.05,7.15,7.09,4667342,33211646.35,0.8463,0.3582,1,0,none,baostock,query_history_k_data_plus
000429,SZSE.000429,,SZ,A股-深交所,2021-09-07,7.09,7.24,7.09,7.16,7.15,4736939,33995545.67,0.1399,0.3636,1,0,none,baostock,query_history_k_data_plus
000429,SZSE.000429,,SZ,A股-深交所,2021-09-08,7.23,7.37,7.18,7.31,7.16,10350215,75356905.78,2.095,0.7944,1,0,none,baostock,query_history_k_data_plus
000429,SZSE.000429,,SZ,A股-深交所,2021-09-09,7.31,7.52,7.28,7.51,7.31,7324999,54590846.03,2.736,0.5622,1,0,none,baostock,query_history_k_data_plus
000429,SZSE.000429,,SZ,A股-深交所,2021-09-10,7.54,7.63,7.42,7.52,7.51,6907050,51975925.09,0.1332,0.5301,1,0,none,baostock,query_history_k_data_plus
000429,SZSE.000429,,SZ,A股-深交所,2021-09-13,7.51,7.72,7.43,7.64,7.52,7758174,58951163.0,1.5957,0.5955,1,0,none,baostock,query_history_k_data_plus
000429,SZSE.000429,,SZ,A股-深交所,2021-09-14,7.7,7.8,7.46,7.55,7.64,9669109,74021557.26,-1.178,0.7421,1,0,none,baostock,query_history_k_data_plus
000429,SZSE.000429,,SZ,A股-深交所,2021-09-15,7.55,7.74,7.51,7.58,7.55,7069017,54000799.57,0.3974,0.5426,1,0,none,baostock,query_history_k_data_plus
000429,SZSE.000429,,SZ,A股-深交所,2021-09-16,7.53,7.85,7.42,7.42,7.58,7882843,59862993.68,-2.1108,0.605,1,0,none,baostock,query_history_k_data_plus
000429,SZSE.000429,,SZ,A股-深交所,2021-09-17,7.54,7.66,7.38,7.46,7.42,6511547,48717821.37,0.5391,0.4998,1,0,none,baostock,query_history_k_data_plus
000429,SZSE.000429,,SZ,A股-深交所,2021-09-22,7.39,7.78,7.31,7.67,7.46,6402897,48369654.42,2.815,0.4914,1,0,none,baostock,query_history_k_data_plus
000429,SZSE.000429,,SZ,A股-深交所,2021-09-23,7.75,7.8,7.53,7.63,7.67,8548581,65452081.02,-0.5215,0.6561,1,0,none,baostock,query_history_k_data_plus
000429,SZSE.000429,,SZ,A股-深交所,2021-09-24,7.69,7.93,7.55,7.69,7.63,10108531,78556623.0,0.7864,0.7758,1,0,none,baostock,query_history_k_data_plus
000429,SZSE.000429,,SZ,A股-深交所,2021-09-27,7.57,7.68,6.99,7.49,7.69,10911273,81942174.55,-2.6008,0.8375,1,0,none,baostock,query_history_k_data_plus
000429,SZSE.000429,,SZ,A股-深交所,2021-09-28,7.57,7.6,7.46,7.53,7.49,7213757,54274692.01,0.534,0.5537,1,0,none,baostock,query_history_k_data_plus
000429,SZSE.000429,,SZ,A股-深交所,2021-09-29,7.52,7.57,7.28,7.3,7.53,5544539,41055454.34,-3.0544,0.4256,1,0,none,baostock,query_history_k_data_plus
000429,SZSE.000429,,SZ,A股-深交所,2021-09-30,7.31,7.57,7.31,7.43,7.3,7909634,58875746.95,1.7808,0.6071,1,0,none,baostock,query_history_k_data_plus
000429,SZSE.000429,,SZ,A股-深交所,2021-10-08,7.42,7.52,7.26,7.31,7.43,4623502,34083393.33,-1.6151,0.3549,1,0,none,baostock,query_history_k_data_plus
000429,SZSE.000429,,SZ,A股-深交所,2021-10-11,7.35,7.45,7.31,7.31,7.31,4955636,36548227.9,0.0,0.3804,1,0,none,baostock,query_history_k_data_plus
000429,SZSE.000429,,SZ,A股-深交所,2021-10-12,7.3,7.36,7.1,7.21,7.31,5059684,36453502.86,-1.368,0.3883,1,0,none,baostock,query_history_k_data_plus
000429,SZSE.000429,,SZ,A股-深交所,2021-10-13,7.21,7.27,7.08,7.17,7.21,4283016,30661417.99,-0.5548,0.3287,1,0,none,baostock,query_history_k_data_plus
000429,SZSE.000429,,SZ,A股-深交所,2021-10-14,7.17,7.2,7.04,7.11,7.17,2591110,18413240.9,-0.8368,0.1989,1,0,none,baostock,query_history_k_data_plus
000429,SZSE.000429,,SZ,A股-深交所,2021-10-15,7.2,7.23,7.07,7.18,7.11,4058317,29046901.93,0.9845,0.3115,1,0,none,baostock,query_history_k_data_plus
000429,SZSE.000429,,SZ,A股-深交所,2021-10-18,7.16,7.33,7.15,7.24,7.18,4300793,31178912.96,0.8357,0.3301,1,0,none,baostock,query_history_k_data_plus
000429,SZSE.000429,,SZ,A股-深交所,2021-10-19,7.28,7.3,7.2,7.23,7.24,3220048,23344607.28,-0.1381,0.2471,1,0,none,baostock,query_history_k_data_plus
000429,SZSE.000429,,SZ,A股-深交所,2021-10-20,7.2,7.28,7.19,7.23,7.23,2912921,21080085.53,0.0,0.2236,1,0,none,baostock,query_history_k_data_plus
000429,SZSE.000429,,SZ,A股-深交所,2021-10-21,7.22,7.26,7.16,7.21,7.23,2092106,15084437.59,-0.2766,0.1606,1,0,none,baostock,query_history_k_data_plus
000429,SZSE.000429,,SZ,A股-深交所,2021-10-22,7.23,7.23,7.11,7.15,7.21,2162409,15466766.2,-0.8322,0.166,1,0,none,baostock,query_history_k_data_plus
000429,SZSE.000429,,SZ,A股-深交所,2021-10-25,7.19,7.19,7.07,7.17,7.15,2257526,16101407.16,0.2797,0.1733,1,0,none,baostock,query_history_k_data_plus
000429,SZSE.000429,,SZ,A股-深交所,2021-10-26,7.16,7.17,7.07,7.08,7.17,2369047,16833998.79,-1.2552,0.1818,1,0,none,baostock,query_history_k_data_plus
000429,SZSE.000429,,SZ,A股-深交所,2021-10-27,7.09,7.11,7.01,7.05,7.08,2076074,14630202.73,-0.4237,0.1593,1,0,none,baostock,query_history_k_data_plus
000429,SZSE.000429,,SZ,A股-深交所,2021-10-28,7.0,7.06,6.96,7.04,7.05,3196840,22418957.36,-0.1418,0.2454,1,0,none,baostock,query_history_k_data_plus
000429,SZSE.000429,,SZ,A股-深交所,2021-10-29,7.05,7.13,6.99,7.11,7.04,3292460,23294364.76,0.9943,0.2527,1,0,none,baostock,query_history_k_data_plus
000429,SZSE.000429,,SZ,A股-深交所,2021-11-01,7.11,7.32,7.04,7.17,7.11,6812724,49133811.37,0.8439,0.5229,1,0,none,baostock,query_history_k_data_plus
000429,SZSE.000429,,SZ,A股-深交所,2021-11-02,7.15,7.21,7.0,7.03,7.17,5489358,38886867.95,-1.9526,0.4213,1,0,none,baostock,query_history_k_data_plus
000429,SZSE.000429,,SZ,A股-深交所,2021-11-03,7.03,7.15,7.01,7.12,7.03,3146631,22226700.47,1.2802,0.2415,1,0,none,baostock,query_history_k_data_plus
000429,SZSE.000429,,SZ,A股-深交所,2021-11-04,7.13,7.14,7.04,7.06,7.12,2747002,19422109.28,-0.8427,0.2108,1,0,none,baostock,query_history_k_data_plus
000429,SZSE.000429,,SZ,A股-深交所,2021-11-05,7.04,7.11,7.0,7.0,7.06,3110875,21905243.84,-0.8499,0.2388,1,0,none,baostock,query_history_k_data_plus
000429,SZSE.000429,,SZ,A股-深交所,2021-11-08,7.05,7.11,6.99,7.01,7.0,3633613,25583079.93,0.1429,0.2789,1,0,none,baostock,query_history_k_data_plus
000429,SZSE.000429,,SZ,A股-深交所,2021-11-09,7.01,7.19,7.01,7.11,7.01,3722893,26407834.49,1.4265,0.2857,1,0,none,baostock,query_history_k_data_plus
000429,SZSE.000429,,SZ,A股-深交所,2021-11-10,7.12,7.12,7.03,7.08,7.11,1737807,12266242.1,-0.4219,0.1334,1,0,none,baostock,query_history_k_data_plus
000429,SZSE.000429,,SZ,A股-深交所,2021-11-11,7.08,7.15,7.08,7.11,7.08,2221697,15818006.8,0.4237,0.1705,1,0,none,baostock,query_history_k_data_plus
000429,SZSE.000429,,SZ,A股-深交所,2021-11-12,7.09,7.14,7.07,7.11,7.11,1765200,12544271.0,0.0,0.1355,1,0,none,baostock,query_history_k_data_plus
000429,SZSE.000429,,SZ,A股-深交所,2021-11-15,7.13,7.16,7.07,7.14,7.11,2078797,14810993.76,0.4219,0.1596,1,0,none,baostock,query_history_k_data_plus
000429,SZSE.000429,,SZ,A股-深交所,2021-11-16,7.15,7.18,7.1,7.11,7.14,2575146,18384976.72,-0.4202,0.1976,1,0,none,baostock,query_history_k_data_plus
000429,SZSE.000429,,SZ,A股-深交所,2021-11-17,7.1,7.15,7.08,7.09,7.11,1379108,9789905.38,-0.2813,0.1058,1,0,none,baostock,query_history_k_data_plus
000429,SZSE.000429,,SZ,A股-深交所,2021-11-18,7.09,7.11,7.01,7.03,7.09,3252114,22977758.42,-0.8463,0.2496,1,0,none,baostock,query_history_k_data_plus
000429,SZSE.000429,,SZ,A股-深交所,2021-11-19,7.03,7.07,7.02,7.05,7.03,2504163,17643586.89,0.2845,0.1922,1,0,none,baostock,query_history_k_data_plus
000429,SZSE.000429,,SZ,A股-深交所,2021-11-22,7.06,7.07,7.03,7.05,7.05,2203992,15534511.01,0.0,0.1692,1,0,none,baostock,query_history_k_data_plus
000429,SZSE.000429,,SZ,A股-深交所,2021-11-23,7.04,7.07,7.03,7.05,7.05,1432934,10108502.1,0.0,0.11,1,0,none,baostock,query_history_k_data_plus
000429,SZSE.000429,,SZ,A股-深交所,2021-11-24,7.04,7.07,7.01,7.02,7.05,3103181,21824424.58,-0.4255,0.2382,1,0,none,baostock,query_history_k_data_plus
000429,SZSE.000429,,SZ,A股-深交所,2021-11-25,7.03,7.04,7.0,7.02,7.02,2037893,14297554.87,0.0,0.1564,1,0,none,baostock,query_history_k_data_plus
000429,SZSE.000429,,SZ,A股-深交所,2021-11-26,7.02,7.03,6.93,6.95,7.02,3012285,20994779.78,-0.9972,0.2312,1,0,none,baostock,query_history_k_data_plus
000429,SZSE.000429,,SZ,A股-深交所,2021-11-29,6.9,6.93,6.84,6.9,6.95,3852034,26529409.21,-0.7194,0.2957,1,0,none,baostock,query_history_k_data_plus
000429,SZSE.000429,,SZ,A股-深交所,2021-11-30,6.9,6.94,6.86,6.9,6.9,2621740,18091479.68,0.0,0.2012,1,0,none,baostock,query_history_k_data_plus
000429,SZSE.000429,,SZ,A股-深交所,2021-12-01,6.9,7.05,6.9,6.99,6.9,1967068,13726919.85,1.3043,0.151,1,0,none,baostock,query_history_k_data_plus
000429,SZSE.000429,,SZ,A股-深交所,2021-12-02,6.99,7.02,6.95,6.97,6.99,1737077,12133582.46,-0.2861,0.1333,1,0,none,baostock,query_history_k_data_plus
000429,SZSE.000429,,SZ,A股-深交所,2021-12-03,6.99,7.05,6.99,7.03,6.97,1999241,14043024.48,0.8608,0.1534,1,0,none,baostock,query_history_k_data_plus
000429,SZSE.000429,,SZ,A股-深交所,2021-12-06,7.06,7.15,7.03,7.07,7.03,4312624,30601996.6,0.569,0.331,1,0,none,baostock,query_history_k_data_plus
000429,SZSE.000429,,SZ,A股-深交所,2021-12-07,7.12,7.14,7.07,7.1,7.07,2391323,16982782.15,0.4243,0.1835,1,0,none,baostock,query_history_k_data_plus
000429,SZSE.000429,,SZ,A股-深交所,2021-12-08,7.1,7.12,7.04,7.1,7.1,2373500,16810621.92,0.0,0.1822,1,0,none,baostock,query_history_k_data_plus
000429,SZSE.000429,,SZ,A股-深交所,2021-12-09,7.1,7.22,7.1,7.18,7.1,3591952,25720229.71,1.1268,0.2757,1,0,none,baostock,query_history_k_data_plus
000429,SZSE.000429,,SZ,A股-深交所,2021-12-10,7.16,7.21,7.12,7.15,7.18,2290599,16407545.98,-0.4178,0.1758,1,0,none,baostock,query_history_k_data_plus
000429,SZSE.000429,,SZ,A股-深交所,2021-12-13,7.16,7.21,7.08,7.12,7.15,3927830,28068583.55,-0.4196,0.3015,1,0,none,baostock,query_history_k_data_plus
000429,SZSE.000429,,SZ,A股-深交所,2021-12-14,7.12,7.17,7.06,7.11,7.12,2546450,18096903.58,-0.1404,0.1954,1,0,none,baostock,query_history_k_data_plus
000429,SZSE.000429,,SZ,A股-深交所,2021-12-15,7.1,7.13,7.07,7.09,7.11,1805054,12786804.78,-0.2813,0.1385,1,0,none,baostock,query_history_k_data_plus
000429,SZSE.000429,,SZ,A股-深交所,2021-12-16,7.09,7.13,7.07,7.12,7.09,1401384,9956911.05,0.4231,0.1076,1,0,none,baostock,query_history_k_data_plus
000429,SZSE.000429,,SZ,A股-深交所,2021-12-17,7.12,7.13,7.07,7.07,7.12,1574608,11164254.64,-0.7022,0.1209,1,0,none,baostock,query_history_k_data_plus
000429,SZSE.000429,,SZ,A股-深交所,2021-12-20,7.09,7.19,7.05,7.13,7.07,3314099,23593232.23,0.8487,0.2544,1,0,none,baostock,query_history_k_data_plus
000429,SZSE.000429,,SZ,A股-深交所,2021-12-21,7.12,7.16,7.09,7.16,7.13,2042551,14563019.1,0.4208,0.1568,1,0,none,baostock,query_history_k_data_plus
000429,SZSE.000429,,SZ,A股-深交所,2021-12-22,7.16,7.27,7.13,7.26,7.16,3306853,23825770.43,1.3966,0.2538,1,0,none,baostock,query_history_k_data_plus
000429,SZSE.000429,,SZ,A股-深交所,2021-12-23,7.26,7.26,7.15,7.23,7.26,2649037,19075978.41,-0.4132,0.2033,1,0,none,baostock,query_history_k_data_plus
000429,SZSE.000429,,SZ,A股-深交所,2021-12-24,7.23,7.27,7.15,7.18,7.23,2304573,16623949.31,-0.6916,0.1769,1,0,none,baostock,query_history_k_data_plus
000429,SZSE.000429,,SZ,A股-深交所,2021-12-27,7.17,7.23,7.13,7.19,7.18,1899875,13621319.65,0.1393,0.1458,1,0,none,baostock,query_history_k_data_plus
000429,SZSE.000429,,SZ,A股-深交所,2021-12-28,7.19,7.28,7.06,7.21,7.19,5382493,38563344.8,0.2782,0.4131,1,0,none,baostock,query_history_k_data_plus
000429,SZSE.000429,,SZ,A股-深交所,2021-12-29,7.19,7.23,7.15,7.19,7.21,3281618,23588207.63,-0.2774,0.2519,1,0,none,baostock,query_history_k_data_plus
000429,SZSE.000429,,SZ,A股-深交所,2021-12-30,7.2,7.29,7.15,7.26,7.19,7103821,51310452.8,0.9736,0.5452,1,0,none,baostock,query_history_k_data_plus
000429,SZSE.000429,,SZ,A股-深交所,2021-12-31,7.25,7.41,7.23,7.4,7.26,7817369,57320313.62,1.9284,0.6,1,0,none,baostock,query_history_k_data_plus
000429,SZSE.000429,,SZ,A股-深交所,2022-01-04,7.35,7.41,7.28,7.4,7.4,7370603,54054843.32,0.0,0.5657,1,0,none,baostock,query_history_k_data_plus
000429,SZSE.000429,,SZ,A股-深交所,2022-01-05,7.39,7.46,7.31,7.44,7.4,6013062,44447125.89,0.5405,0.4615,1,0,none,baostock,query_history_k_data_plus
000429,SZSE.000429,,SZ,A股-深交所,2022-01-06,7.42,7.47,7.38,7.47,7.44,4392799,32666732.82,0.4032,0.3372,1,0,none,baostock,query_history_k_data_plus
000429,SZSE.000429,,SZ,A股-深交所,2022-01-07,7.45,7.5,7.39,7.41,7.47,3022343,22510385.94,-0.8032,0.232,1,0,none,baostock,query_history_k_data_plus
000429,SZSE.000429,,SZ,A股-深交所,2022-01-10,7.41,7.44,7.36,7.4,7.41,2165342,16027780.82,-0.135,0.1662,1,0,none,baostock,query_history_k_data_plus
000429,SZSE.000429,,SZ,A股-深交所,2022-01-11,7.41,7.59,7.4,7.53,7.4,4436040,33381537.29,1.7568,0.3405,1,0,none,baostock,query_history_k_data_plus
000429,SZSE.000429,,SZ,A股-深交所,2022-01-12,7.5,7.59,7.46,7.56,7.53,3162442,23806614.95,0.3984,0.2427,1,0,none,baostock,query_history_k_data_plus
000429,SZSE.000429,,SZ,A股-深交所,2022-01-13,7.56,7.65,7.53,7.54,7.56,2750264,20898931.68,-0.2646,0.2111,1,0,none,baostock,query_history_k_data_plus
000429,SZSE.000429,,SZ,A股-深交所,2022-01-14,7.54,7.6,7.46,7.46,7.54,2703321,20339696.56,-1.061,0.2075,1,0,none,baostock,query_history_k_data_plus
000429,SZSE.000429,,SZ,A股-深交所,2022-01-17,7.45,7.54,7.33,7.36,7.46,2959114,21910530.0,-1.3405,0.2271,1,0,none,baostock,query_history_k_data_plus
000429,SZSE.000429,,SZ,A股-深交所,2022-01-18,7.38,7.46,7.33,7.4,7.36,2004032,14816807.26,0.5435,0.1538,1,0,none,baostock,query_history_k_data_plus
000429,SZSE.000429,,SZ,A股-深交所,2022-01-19,7.38,7.77,7.38,7.55,7.4,10855415,82427678.28,2.027,0.8329,1,0,none,baostock,query_history_k_data_plus
000429,SZSE.000429,,SZ,A股-深交所,2022-01-20,7.48,7.65,7.45,7.6,7.55,5640518,42600941.42,0.6623,0.4328,1,0,none,baostock,query_history_k_data_plus
000429,SZSE.000429,,SZ,A股-深交所,2022-01-21,7.54,7.61,7.46,7.48,7.6,2775326,20824921.48,-1.5789,0.2129,1,0,none,baostock,query_history_k_data_plus
000429,SZSE.000429,,SZ,A股-深交所,2022-01-24,7.49,7.53,7.39,7.42,7.48,2925618,21739188.24,-0.8021,0.2245,1,0,none,baostock,query_history_k_data_plus
000429,SZSE.000429,,SZ,A股-深交所,2022-01-25,7.41,7.46,7.28,7.29,7.42,4055673,29914407.3,-1.752,0.3112,1,0,none,baostock,query_history_k_data_plus
000429,SZSE.000429,,SZ,A股-深交所,2022-01-26,7.3,7.45,7.21,7.39,7.29,5053669,37185662.24,1.3717,0.3878,1,0,none,baostock,query_history_k_data_plus
000429,SZSE.000429,,SZ,A股-深交所,2022-01-27,7.38,7.44,7.3,7.33,7.39,4203936,30851091.23,-0.8119,0.3226,1,0,none,baostock,query_history_k_data_plus
000429,SZSE.000429,,SZ,A股-深交所,2022-01-28,7.35,7.43,7.3,7.34,7.33,3994727,29404265.34,0.1364,0.3065,1,0,none,baostock,query_history_k_data_plus
000429,SZSE.000429,,SZ,A股-深交所,2022-02-07,7.37,7.73,7.37,7.69,7.34,6945671,52752132.24,4.7684,0.5329,1,0,none,baostock,query_history_k_data_plus
000429,SZSE.000429,,SZ,A股-深交所,2022-02-08,7.69,7.86,7.58,7.85,7.69,11811335,91584386.42,2.0806,0.9062,1,0,none,baostock,query_history_k_data_plus
000429,SZSE.000429,,SZ,A股-深交所,2022-02-09,7.84,7.95,7.75,7.85,7.85,7965733,62260321.1,0.0,0.6112,1,0,none,baostock,query_history_k_data_plus
000429,SZSE.000429,,SZ,A股-深交所,2022-02-10,7.8,8.06,7.73,8.05,7.85,11293332,90156705.37,2.5478,0.8665,1,0,none,baostock,query_history_k_data_plus
000429,SZSE.000429,,SZ,A股-深交所,2022-02-11,8.0,8.0,7.78,7.92,8.05,10206830,80258994.25,-1.6149,0.7831,1,0,none,baostock,query_history_k_data_plus
000429,SZSE.000429,,SZ,A股-深交所,2022-02-14,7.85,7.89,7.66,7.68,7.92,4569213,35232888.58,-3.0303,0.3506,1,0,none,baostock,query_history_k_data_plus
000429,SZSE.000429,,SZ,A股-深交所,2022-02-15,7.69,7.73,7.57,7.72,7.68,5805415,44403193.56,0.5208,0.4454,1,0,none,baostock,query_history_k_data_plus
000429,SZSE.000429,,SZ,A股-深交所,2022-02-16,7.73,7.92,7.68,7.92,7.72,4638572,36309718.3,2.5907,0.3559,1,0,none,baostock,query_history_k_data_plus
000429,SZSE.000429,,SZ,A股-深交所,2022-02-17,7.93,7.99,7.84,7.97,7.92,4973854,39395612.36,0.6313,0.3816,1,0,none,baostock,query_history_k_data_plus
000429,SZSE.000429,,SZ,A股-深交所,2022-02-18,7.88,8.05,7.86,8.0,7.97,4383783,35002402.45,0.3764,0.3364,1,0,none,baostock,query_history_k_data_plus
000429,SZSE.000429,,SZ,A股-深交所,2022-02-21,7.97,8.05,7.97,8.0,8.0,2679892,21444549.92,0.0,0.2056,1,0,none,baostock,query_history_k_data_plus
000429,SZSE.000429,,SZ,A股-深交所,2022-02-22,7.96,8.0,7.86,7.99,8.0,2790473,22130376.78,-0.125,0.2141,1,0,none,baostock,query_history_k_data_plus
000429,SZSE.000429,,SZ,A股-深交所,2022-02-23,7.95,8.0,7.71,7.73,7.99,5668567,44251977.52,-3.2541,0.4349,1,0,none,baostock,query_history_k_data_plus
000429,SZSE.000429,,SZ,A股-深交所,2022-02-24,7.73,7.8,7.53,7.58,7.73,4440414,33946293.84,-1.9405,0.3407,1,0,none,baostock,query_history_k_data_plus
000429,SZSE.000429,,SZ,A股-深交所,2022-02-25,7.61,7.66,7.44,7.47,7.58,3163911,23785497.66,-1.4512,0.2428,1,0,none,baostock,query_history_k_data_plus
000429,SZSE.000429,,SZ,A股-深交所,2022-02-28,7.49,7.56,7.37,7.48,7.47,3316907,24757009.0,0.1339,0.2545,1,0,none,baostock,query_history_k_data_plus
000429,SZSE.000429,,SZ,A股-深交所,2022-03-01,7.49,7.51,7.38,7.46,7.48,3449217,25620159.0,-0.2674,0.2646,1,0,none,baostock,query_history_k_data_plus
000429,SZSE.000429,,SZ,A股-深交所,2022-03-02,7.48,7.57,7.41,7.56,7.46,2768608,20813621.0,1.3405,0.2124,1,0,none,baostock,query_history_k_data_plus
000429,SZSE.000429,,SZ,A股-深交所,2022-03-03,7.59,7.68,7.56,7.68,7.56,2125454,16232258.0,1.5873,0.1631,1,0,none,baostock,query_history_k_data_plus
000429,SZSE.000429,,SZ,A股-深交所,2022-03-04,7.67,7.67,7.53,7.59,7.68,1949534,14799814.0,-1.1719,0.1496,1,0,none,baostock,query_history_k_data_plus
000429,SZSE.000429,,SZ,A股-深交所,2022-03-07,7.57,7.74,7.53,7.66,7.59,4211827,32278080.0,0.9223,0.3232,1,0,none,baostock,query_history_k_data_plus
000429,SZSE.000429,,SZ,A股-深交所,2022-03-08,7.73,7.73,7.44,7.46,7.66,2728700,20557928.0,-2.611,0.2094,1,0,none,baostock,query_history_k_data_plus
000429,SZSE.000429,,SZ,A股-深交所,2022-03-09,7.48,7.52,7.11,7.28,7.46,4108933,30012100.0,-2.4129,0.3153,1,0,none,baostock,query_history_k_data_plus
000429,SZSE.000429,,SZ,A股-深交所,2022-03-10,7.35,7.72,7.33,7.66,7.28,4868856,36786641.0,5.2198,0.3736,1,0,none,baostock,query_history_k_data_plus
000429,SZSE.000429,,SZ,A股-深交所,2022-03-11,7.55,7.59,7.41,7.53,7.66,2490450,18660614.0,-1.6971,0.1911,1,0,none,baostock,query_history_k_data_plus
000429,SZSE.000429,,SZ,A股-深交所,2022-03-14,7.51,7.61,7.48,7.5,7.53,2682684,20242697.0,-0.3984,0.2058,1,0,none,baostock,query_history_k_data_plus
000429,SZSE.000429,,SZ,A股-深交所,2022-03-15,7.47,7.47,7.03,7.1,7.5,5176591,37376990.0,-5.3333,0.3972,1,0,none,baostock,query_history_k_data_plus
000429,SZSE.000429,,SZ,A股-深交所,2022-03-16,7.21,7.61,7.03,7.45,7.1,8697797,63340901.0,4.9296,0.6674,1,0,none,baostock,query_history_k_data_plus
000429,SZSE.000429,,SZ,A股-深交所,2022-03-17,7.5,7.59,7.36,7.36,7.45,4389271,32690834.0,-1.2081,0.3368,1,0,none,baostock,query_history_k_data_plus
000429,SZSE.000429,,SZ,A股-深交所,2022-03-18,7.38,7.5,7.31,7.5,7.36,2745988,20450539.2,1.9022,0.2107,1,0,none,baostock,query_history_k_data_plus
000429,SZSE.000429,,SZ,A股-深交所,2022-03-21,7.49,7.52,7.43,7.46,7.5,1737457,12982779.6,-0.5333,0.1333,1,0,none,baostock,query_history_k_data_plus
000429,SZSE.000429,,SZ,A股-深交所,2022-03-22,7.5,7.58,7.45,7.57,7.46,1809665,13638395.16,1.4745,0.1388,1,0,none,baostock,query_history_k_data_plus
000429,SZSE.000429,,SZ,A股-深交所,2022-03-23,7.58,7.67,7.49,7.57,7.57,2197127,16637876.63,0.0,0.1686,1,0,none,baostock,query_history_k_data_plus
000429,SZSE.000429,,SZ,A股-深交所,2022-03-24,7.52,7.62,7.52,7.55,7.57,1451773,11003252.82,-0.2642,0.1114,1,0,none,baostock,query_history_k_data_plus
000429,SZSE.000429,,SZ,A股-深交所,2022-03-25,7.53,7.63,7.5,7.59,7.55,1566642,11850754.04,0.5298,0.1202,1,0,none,baostock,query_history_k_data_plus
000429,SZSE.000429,,SZ,A股-深交所,2022-03-28,7.54,7.7,7.44,7.69,7.59,3025510,22986203.97,1.3175,0.2321,1,0,none,baostock,query_history_k_data_plus
000429,SZSE.000429,,SZ,A股-深交所,2022-03-29,7.67,7.73,7.64,7.67,7.69,1721341,13226521.47,-0.2601,0.1321,1,0,none,baostock,query_history_k_data_plus
000429,SZSE.000429,,SZ,A股-深交所,2022-03-30,7.69,7.76,7.65,7.73,7.67,1895703,14601562.94,0.7823,0.1455,1,0,none,baostock,query_history_k_data_plus
000429,SZSE.000429,,SZ,A股-深交所,2022-03-31,7.74,7.95,7.7,7.94,7.73,4322928,33969791.99,2.7167,0.3317,1,0,none,baostock,query_history_k_data_plus
000429,SZSE.000429,,SZ,A股-深交所,2022-04-01,7.91,7.98,7.86,7.91,7.94,2551364,20171657.09,-0.3778,0.1958,1,0,none,baostock,query_history_k_data_plus
000429,SZSE.000429,,SZ,A股-深交所,2022-04-06,7.9,8.01,7.82,7.99,7.91,3642023,28951102.38,1.0114,0.2794,1,0,none,baostock,query_history_k_data_plus
000429,SZSE.000429,,SZ,A股-深交所,2022-04-07,7.98,8.06,7.88,7.88,7.99,5043653,40094478.21,-1.3767,0.387,1,0,none,baostock,query_history_k_data_plus
000429,SZSE.000429,,SZ,A股-深交所,2022-04-08,7.9,7.95,7.8,7.9,7.88,2999379,23601093.52,0.2538,0.2301,1,0,none,baostock,query_history_k_data_plus
000429,SZSE.000429,,SZ,A股-深交所,2022-04-11,7.91,8.02,7.82,7.83,7.9,4736593,37629117.42,-0.8861,0.3634,1,0,none,baostock,query_history_k_data_plus
000429,SZSE.000429,,SZ,A股-深交所,2022-04-12,7.8,8.06,7.8,8.05,7.83,4664605,37129090.68,2.8097,0.3579,1,0,none,baostock,query_history_k_data_plus
000429,SZSE.000429,,SZ,A股-深交所,2022-04-13,8.01,8.03,7.9,7.92,8.05,3120226,24818445.48,-1.6149,0.2394,1,0,none,baostock,query_history_k_data_plus
000429,SZSE.000429,,SZ,A股-深交所,2022-04-14,7.92,7.98,7.83,7.9,7.92,3013701,23769436.59,-0.2525,0.2312,1,0,none,baostock,query_history_k_data_plus
000429,SZSE.000429,,SZ,A股-深交所,2022-04-15,7.88,8.01,7.86,7.88,7.9,2950477,23398836.32,-0.2532,0.2264,1,0,none,baostock,query_history_k_data_plus
000429,SZSE.000429,,SZ,A股-深交所,2022-04-18,7.88,8.17,7.8,8.08,7.88,7304824,58948496.48,2.5381,0.5605,1,0,none,baostock,query_history_k_data_plus
000429,SZSE.000429,,SZ,A股-深交所,2022-04-19,8.05,8.11,7.87,8.1,8.08,5365548,42888334.92,0.2475,0.4117,1,0,none,baostock,query_history_k_data_plus
000429,SZSE.000429,,SZ,A股-深交所,2022-04-20,8.14,8.15,7.95,7.97,8.1,5997900,48160656.0,-1.6049,0.4602,1,0,none,baostock,query_history_k_data_plus
000429,SZSE.000429,,SZ,A股-深交所,2022-04-21,7.99,8.16,7.9,7.94,7.97,6076587,48869281.54,-0.3764,0.4662,1,0,none,baostock,query_history_k_data_plus
000429,SZSE.000429,,SZ,A股-深交所,2022-04-22,7.9,8.18,7.85,8.17,7.94,8322421,67421742.46,2.8967,0.6386,1,0,none,baostock,query_history_k_data_plus
000429,SZSE.000429,,SZ,A股-深交所,2022-04-25,8.12,8.13,7.8,7.98,8.17,8819386,70151266.55,-2.3256,0.6767,1,0,none,baostock,query_history_k_data_plus
000429,SZSE.000429,,SZ,A股-深交所,2022-04-26,7.9,8.04,7.6,7.93,7.98,7542885,59267490.23,-0.6266,0.5787,1,0,none,baostock,query_history_k_data_plus
000429,SZSE.000429,,SZ,A股-深交所,2022-04-27,7.76,7.9,7.65,7.89,7.93,3802190,29577871.62,-0.5044,0.2917,1,0,none,baostock,query_history_k_data_plus
000429,SZSE.000429,,SZ,A股-深交所,2022-04-28,7.89,8.0,7.83,8.0,7.89,3389596,26931038.19,1.3942,0.2601,1,0,none,baostock,query_history_k_data_plus
000429,SZSE.000429,,SZ,A股-深交所,2022-04-29,7.95,7.99,7.86,7.95,8.0,3068289,24296205.44,-0.625,0.2354,1,0,none,baostock,query_history_k_data_plus
000429,SZSE.000429,,SZ,A股-深交所,2022-05-05,7.87,7.91,7.8,7.88,7.95,2481239,19488532.58,-0.8805,0.1904,1,0,none,baostock,query_history_k_data_plus
000429,SZSE.000429,,SZ,A股-深交所,2022-05-06,7.8,8.02,7.72,7.79,7.88,2694537,21208127.75,-1.1421,0.2067,1,0,none,baostock,query_history_k_data_plus
000429,SZSE.000429,,SZ,A股-深交所,2022-05-09,7.75,7.86,7.72,7.83,7.79,2787900,21717072.8,0.5135,0.2139,1,0,none,baostock,query_history_k_data_plus
000429,SZSE.000429,,SZ,A股-深交所,2022-05-10,7.83,7.91,7.66,7.85,7.83,5257448,41169541.25,0.2554,0.4034,1,0,none,baostock,query_history_k_data_plus
000429,SZSE.000429,,SZ,A股-深交所,2022-05-11,7.88,7.9,7.77,7.8,7.85,3160780,24761483.0,-0.6369,0.2425,1,0,none,baostock,query_history_k_data_plus
000429,SZSE.000429,,SZ,A股-深交所,2022-05-12,7.78,7.91,7.74,7.84,7.8,2250944,17561721.46,0.5128,0.1727,1,0,none,baostock,query_history_k_data_plus
000429,SZSE.000429,,SZ,A股-深交所,2022-05-13,7.86,8.15,7.8,8.1,7.84,5868873,46925711.67,3.3163,0.4503,1,0,none,baostock,query_history_k_data_plus
000429,SZSE.000429,,SZ,A股-深交所,2022-05-16,8.14,8.17,7.98,8.16,8.1,3997042,32387069.37,0.7407,0.3067,1,0,none,baostock,query_history_k_data_plus
000429,SZSE.000429,,SZ,A股-深交所,2022-05-17,8.18,8.19,8.04,8.09,8.16,2106826,17049451.54,-0.8578,0.1617,1,0,none,baostock,query_history_k_data_plus
000429,SZSE.000429,,SZ,A股-深交所,2022-05-18,8.13,8.16,7.99,7.99,8.09,2430749,19495879.51,-1.2361,0.1865,1,0,none,baostock,query_history_k_data_plus
000429,SZSE.000429,,SZ,A股-深交所,2022-05-19,7.94,8.27,7.86,8.25,7.99,6224966,50323513.08,3.2541,0.4776,1,0,none,baostock,query_history_k_data_plus
000429,SZSE.000429,,SZ,A股-深交所,2022-05-20,8.18,8.28,8.15,8.23,8.25,3451200,28329253.0,-0.2424,0.2648,1,0,none,baostock,query_history_k_data_plus
000429,SZSE.000429,,SZ,A股-深交所,2022-05-23,8.25,8.27,8.13,8.16,8.23,3149004,25773458.64,-0.8505,0.2416,1,0,none,baostock,query_history_k_data_plus
000429,SZSE.000429,,SZ,A股-深交所,2022-05-24,8.13,8.19,8.02,8.05,8.16,2882366,23336151.88,-1.348,0.2212,1,0,none,baostock,query_history_k_data_plus
000429,SZSE.000429,,SZ,A股-深交所,2022-05-25,8.02,8.18,8.01,8.18,8.05,2085046,16913551.41,1.6149,0.16,1,0,none,baostock,query_history_k_data_plus
000429,SZSE.000429,,SZ,A股-深交所,2022-05-26,8.18,8.24,8.14,8.19,8.18,2211416,18110466.88,0.1222,0.1697,1,0,none,baostock,query_history_k_data_plus
000429,SZSE.000429,,SZ,A股-深交所,2022-05-27,8.24,8.27,8.15,8.27,8.19,3197722,26277100.44,0.9768,0.2454,1,0,none,baostock,query_history_k_data_plus
000429,SZSE.000429,,SZ,A股-深交所,2022-05-30,8.26,8.45,8.19,8.38,8.27,4518558,37672535.22,1.3301,0.3467,1,0,none,baostock,query_history_k_data_plus
000429,SZSE.000429,,SZ,A股-深交所,2022-05-31,8.37,8.63,8.31,8.57,8.38,6712442,57129942.98,2.2673,0.515,1,0,none,baostock,query_history_k_data_plus
000429,SZSE.000429,,SZ,A股-深交所,2022-06-01,8.53,8.55,8.29,8.36,8.57,4867980,40848321.02,-2.4504,0.3735,1,0,none,baostock,query_history_k_data_plus
000429,SZSE.000429,,SZ,A股-深交所,2022-06-02,8.35,8.39,8.21,8.36,8.36,4339869,36005346.13,0.0,0.333,1,0,none,baostock,query_history_k_data_plus
000429,SZSE.000429,,SZ,A股-深交所,2022-06-06,8.36,8.36,8.06,8.13,8.36,5907130,48107142.36,-2.7512,0.4532,1,0,none,baostock,query_history_k_data_plus
000429,SZSE.000429,,SZ,A股-深交所,2022-06-07,8.12,8.23,8.07,8.22,8.13,3936140,32160719.11,1.107,0.302,1,0,none,baostock,query_history_k_data_plus
000429,SZSE.000429,,SZ,A股-深交所,2022-06-08,8.23,8.3,8.12,8.29,8.22,3032511,24905225.64,0.8516,0.2327,1,0,none,baostock,query_history_k_data_plus
000429,SZSE.000429,,SZ,A股-深交所,2022-06-09,8.36,8.44,8.24,8.39,8.29,4431289,37080150.06,1.2063,0.34,1,0,none,baostock,query_history_k_data_plus
000429,SZSE.000429,,SZ,A股-深交所,2022-06-10,8.31,8.39,8.24,8.39,8.39,2633104,21871786.44,0.0,0.202,1,0,none,baostock,query_history_k_data_plus
000429,SZSE.000429,,SZ,A股-深交所,2022-06-13,8.35,8.35,8.13,8.21,8.39,2503627,20579800.13,-2.1454,0.1921,1,0,none,baostock,query_history_k_data_plus
000429,SZSE.000429,,SZ,A股-深交所,2022-06-14,8.16,8.27,8.11,8.25,8.21,2336115,19145091.16,0.4872,0.1792,1,0,none,baostock,query_history_k_data_plus
000429,SZSE.000429,,SZ,A股-深交所,2022-06-15,8.29,8.35,8.2,8.27,8.25,3271735,27091226.26,0.2424,0.251,1,0,none,baostock,query_history_k_data_plus
000429,SZSE.000429,,SZ,A股-深交所,2022-06-16,8.25,8.32,8.18,8.2,8.27,2213184,18180059.96,-0.8464,0.1698,1,0,none,baostock,query_history_k_data_plus
000429,SZSE.000429,,SZ,A股-深交所,2022-06-17,8.19,8.28,8.16,8.28,8.2,2199152,18065584.58,0.9756,0.1687,1,0,none,baostock,query_history_k_data_plus
000429,SZSE.000429,,SZ,A股-深交所,2022-06-20,8.27,8.27,8.15,8.2,8.28,2043601,16767539.76,-0.9662,0.1568,1,0,none,baostock,query_history_k_data_plus
000429,SZSE.000429,,SZ,A股-深交所,2022-06-21,8.18,8.22,8.14,8.15,8.2,1681799,13740118.44,-0.6098,0.129,1,0,none,baostock,query_history_k_data_plus
000429,SZSE.000429,,SZ,A股-深交所,2022-06-22,8.14,8.19,8.07,8.08,8.15,1606500,13025192.0,-0.8589,0.1233,1,0,none,baostock,query_history_k_data_plus
000429,SZSE.000429,,SZ,A股-深交所,2022-06-23,8.07,8.14,7.97,8.13,8.08,2006559,16149180.39,0.6188,0.154,1,0,none,baostock,query_history_k_data_plus
000429,SZSE.000429,,SZ,A股-深交所,2022-06-24,8.16,8.16,8.05,8.11,8.13,1621118,13107782.44,-0.246,0.1244,1,0,none,baostock,query_history_k_data_plus
000429,SZSE.000429,,SZ,A股-深交所,2022-06-27,8.12,8.19,8.09,8.13,8.11,2135700,17387762.0,0.2466,0.1639,1,0,none,baostock,query_history_k_data_plus
000429,SZSE.000429,,SZ,A股-深交所,2022-06-28,8.12,8.15,8.06,8.13,8.13,1607349,13029599.12,0.0,0.1233,1,0,none,baostock,query_history_k_data_plus
000429,SZSE.000429,,SZ,A股-深交所,2022-06-29,8.13,8.15,8.05,8.06,8.13,1806000,14614449.0,-0.861,0.1386,1,0,none,baostock,query_history_k_data_plus
000429,SZSE.000429,,SZ,A股-深交所,2022-06-30,8.06,8.11,8.04,8.05,8.06,2039725,16454360.5,-0.1241,0.1565,1,0,none,baostock,query_history_k_data_plus
000429,SZSE.000429,,SZ,A股-深交所,2022-07-01,8.09,8.25,8.08,8.25,8.05,4248091,34820861.25,2.4845,0.3259,1,0,none,baostock,query_history_k_data_plus
000429,SZSE.000429,,SZ,A股-深交所,2022-07-04,8.26,8.3,8.16,8.24,8.25,3464994,28495810.64,-0.1212,0.2659,1,0,none,baostock,query_history_k_data_plus
000429,SZSE.000429,,SZ,A股-深交所,2022-07-05,8.23,8.29,8.21,8.28,8.24,3970919,32819291.16,0.4854,0.3047,1,0,none,baostock,query_history_k_data_plus
000429,SZSE.000429,,SZ,A股-深交所,2022-07-06,8.28,8.31,8.16,8.28,8.28,6940708,57111649.13,0.0,0.5325,1,0,none,baostock,query_history_k_data_plus
000429,SZSE.000429,,SZ,A股-深交所,2022-07-07,7.72,7.72,7.29,7.37,7.71,14527330,108134372.01,-4.4099,1.1146,1,0,none,baostock,query_history_k_data_plus
000429,SZSE.000429,,SZ,A股-深交所,2022-07-08,7.37,7.59,7.28,7.41,7.37,6091635,45146370.32,0.5427,0.4674,1,0,none,baostock,query_history_k_data_plus
000429,SZSE.000429,,SZ,A股-深交所,2022-07-11,7.39,7.41,7.34,7.38,7.41,2040900,15044168.0,-0.4049,0.1566,1,0,none,baostock,query_history_k_data_plus
000429,SZSE.000429,,SZ,A股-深交所,2022-07-12,7.38,7.72,7.38,7.51,7.38,6736143,51026454.67,1.7615,0.5168,1,0,none,baostock,query_history_k_data_plus
000429,SZSE.000429,,SZ,A股-深交所,2022-07-13,7.52,7.99,7.51,7.9,7.51,11838571,92964216.65,5.1931,0.9083,1,0,none,baostock,query_history_k_data_plus
000429,SZSE.000429,,SZ,A股-深交所,2022-07-14,7.9,7.9,7.49,7.54,7.9,7081155,53610912.43,-4.557,0.5433,1,0,none,baostock,query_history_k_data_plus
000429,SZSE.000429,,SZ,A股-深交所,2022-07-15,7.48,7.59,7.37,7.43,7.54,4308480,32224816.28,-1.4589,0.3306,1,0,none,baostock,query_history_k_data_plus
000429,SZSE.000429,,SZ,A股-深交所,2022-07-18,7.42,7.57,7.4,7.5,7.43,2835800,21294030.0,0.9421,0.2176,1,0,none,baostock,query_history_k_data_plus
000429,SZSE.000429,,SZ,A股-深交所,2022-07-19,7.5,7.53,7.43,7.5,7.5,1733816,12988849.65,0.0,0.133,1,0,none,baostock,query_history_k_data_plus
000429,SZSE.000429,,SZ,A股-深交所,2022-07-20,7.55,7.55,7.46,7.47,7.5,1793170,13415106.2,-0.4,0.1376,1,0,none,baostock,query_history_k_data_plus
000429,SZSE.000429,,SZ,A股-深交所,2022-07-21,7.47,7.49,7.37,7.37,7.47,2395198,17728186.26,-1.3387,0.1838,1,0,none,baostock,query_history_k_data_plus
000429,SZSE.000429,,SZ,A股-深交所,2022-07-22,7.37,7.43,7.35,7.38,7.37,1335900,9861561.0,0.1357,0.1025,1,0,none,baostock,query_history_k_data_plus
000429,SZSE.000429,,SZ,A股-深交所,2022-07-25,7.4,7.42,7.32,7.35,7.38,1108100,8162376.0,-0.4065,0.085,1,0,none,baostock,query_history_k_data_plus
000429,SZSE.000429,,SZ,A股-深交所,2022-07-26,7.36,7.4,7.32,7.38,7.35,946786,6972149.96,0.4082,0.0726,1,0,none,baostock,query_history_k_data_plus
000429,SZSE.000429,,SZ,A股-深交所,2022-07-27,7.4,7.4,7.32,7.32,7.38,1544171,11328678.43,-0.813,0.1185,1,0,none,baostock,query_history_k_data_plus
000429,SZSE.000429,,SZ,A股-深交所,2022-07-28,7.35,7.37,7.32,7.36,7.32,1793375,13167146.0,0.5464,0.1376,1,0,none,baostock,query_history_k_data_plus
000429,SZSE.000429,,SZ,A股-深交所,2022-07-29,7.37,7.7,7.32,7.64,7.36,4777387,35714003.43,3.8043,0.3666,1,0,none,baostock,query_history_k_data_plus
000429,SZSE.000429,,SZ,A股-深交所,2022-08-01,7.48,7.49,7.35,7.4,7.64,2445700,18068726.0,-3.1414,0.1877,1,0,none,baostock,query_history_k_data_plus
000429,SZSE.000429,,SZ,A股-深交所,2022-08-02,7.35,7.36,7.18,7.3,7.4,2632690,19172165.08,-1.3514,0.202,1,0,none,baostock,query_history_k_data_plus
000429,SZSE.000429,,SZ,A股-深交所,2022-08-03,7.34,7.35,7.26,7.32,7.3,1153684,8436853.2,0.274,0.0885,1,0,none,baostock,query_history_k_data_plus
000429,SZSE.000429,,SZ,A股-深交所,2022-08-04,7.32,7.34,7.24,7.28,7.32,994816,7259044.16,-0.5464,0.0763,1,0,none,baostock,query_history_k_data_plus
000429,SZSE.000429,,SZ,A股-深交所,2022-08-05,7.29,7.37,7.26,7.32,7.28,1066072,7786261.88,0.5495,0.0818,1,0,none,baostock,query_history_k_data_plus
000429,SZSE.000429,,SZ,A股-深交所,2022-08-08,7.34,7.35,7.3,7.34,7.32,864551,6327747.82,0.2732,0.0663,1,0,none,baostock,query_history_k_data_plus
000429,SZSE.000429,,SZ,A股-深交所,2022-08-09,7.31,7.36,7.31,7.35,7.34,979205,7177329.75,0.1362,0.0751,1,0,none,baostock,query_history_k_data_plus
000429,SZSE.000429,,SZ,A股-深交所,2022-08-10,7.35,7.36,7.29,7.31,7.35,741800,5421418.0,-0.5442,0.0569,1,0,none,baostock,query_history_k_data_plus
000429,SZSE.000429,,SZ,A股-深交所,2022-08-11,7.31,7.35,7.31,7.35,7.31,1306004,9574428.28,0.5472,0.1002,1,0,none,baostock,query_history_k_data_plus
000429,SZSE.000429,,SZ,A股-深交所,2022-08-12,7.35,7.35,7.31,7.33,7.35,1084470,7949657.1,-0.2721,0.0832,1,0,none,baostock,query_history_k_data_plus
000429,SZSE.000429,,SZ,A股-深交所,2022-08-15,7.33,7.34,7.27,7.3,7.33,1691200,12338005.0,-0.4093,0.1298,1,0,none,baostock,query_history_k_data_plus
000429,SZSE.000429,,SZ,A股-深交所,2022-08-16,7.33,7.33,7.28,7.31,7.3,1248772,9110301.57,0.137,0.0958,1,0,none,baostock,query_history_k_data_plus
000429,SZSE.000429,,SZ,A股-深交所,2022-08-17,7.3,7.33,7.27,7.33,7.31,1667471,12174045.3,0.2736,0.1279,1,0,none,baostock,query_history_k_data_plus
000429,SZSE.000429,,SZ,A股-深交所,2022-08-18,7.34,7.34,7.29,7.31,7.33,1134507,8294164.09,-0.2729,0.087,1,0,none,baostock,query_history_k_data_plus
000429,SZSE.000429,,SZ,A股-深交所,2022-08-19,7.29,7.33,7.29,7.31,7.31,1284810,9394444.1,0.0,0.0986,1,0,none,baostock,query_history_k_data_plus
000429,SZSE.000429,,SZ,A股-深交所,2022-08-22,7.32,7.33,7.28,7.3,7.31,829394,6060904.28,-0.1368,0.0636,1,0,none,baostock,query_history_k_data_plus
000429,SZSE.000429,,SZ,A股-深交所,2022-08-23,7.3,7.31,7.28,7.29,7.3,1166217,8501221.84,-0.137,0.0895,1,0,none,baostock,query_history_k_data_plus
000429,SZSE.000429,,SZ,A股-深交所,2022-08-24,7.3,7.3,7.25,7.26,7.29,1173095,8532821.75,-0.4115,0.09,1,0,none,baostock,query_history_k_data_plus
000429,SZSE.000429,,SZ,A股-深交所,2022-08-25,7.26,7.27,7.22,7.27,7.26,1373577,9952554.25,0.1377,0.1054,1,0,none,baostock,query_history_k_data_plus
000429,SZSE.000429,,SZ,A股-深交所,2022-08-26,7.28,7.34,7.25,7.29,7.27,1623332,11843073.84,0.2751,0.1246,1,0,none,baostock,query_history_k_data_plus
000429,SZSE.000429,,SZ,A股-深交所,2022-08-29,7.25,7.28,7.22,7.28,7.29,1273887,9240111.75,-0.1372,0.0977,1,0,none,baostock,query_history_k_data_plus
000429,SZSE.000429,,SZ,A股-深交所,2022-08-30,7.31,7.34,7.27,7.33,7.28,2032512,14862856.26,0.6868,0.1559,1,0,none,baostock,query_history_k_data_plus
000429,SZSE.000429,,SZ,A股-深交所,2022-08-31,7.33,7.33,7.27,7.29,7.33,1721895,12566039.5,-0.5457,0.1321,1,0,none,baostock,query_history_k_data_plus
000429,SZSE.000429,,SZ,A股-深交所,2022-09-01,7.31,7.33,7.29,7.32,7.29,1076400,7869849.0,0.4115,0.0826,1,0,none,baostock,query_history_k_data_plus
000429,SZSE.000429,,SZ,A股-深交所,2022-09-02,7.32,7.34,7.18,7.25,7.32,2842995,20648100.83,-0.9563,0.2181,1,0,none,baostock,query_history_k_data_plus
000429,SZSE.000429,,SZ,A股-深交所,2022-09-05,7.26,7.36,7.22,7.35,7.25,2440360,17803955.27,1.3793,0.1872,1,0,none,baostock,query_history_k_data_plus
000429,SZSE.000429,,SZ,A股-深交所,2022-09-06,7.35,7.43,7.32,7.4,7.35,2192256,16203552.07,0.6803,0.1682,1,0,none,baostock,query_history_k_data_plus
000429,SZSE.000429,,SZ,A股-深交所,2022-09-07,7.4,7.44,7.35,7.38,7.4,1149271,8477907.98,-0.2703,0.0882,1,0,none,baostock,query_history_k_data_plus
000429,SZSE.000429,,SZ,A股-深交所,2022-09-08,7.39,7.47,7.37,7.43,7.38,2784900,20690775.0,0.6775,0.2137,1,0,none,baostock,query_history_k_data_plus
000429,SZSE.000429,,SZ,A股-深交所,2022-09-09,7.49,7.56,7.43,7.55,7.43,2739248,20599278.64,1.6151,0.2102,1,0,none,baostock,query_history_k_data_plus
000429,SZSE.000429,,SZ,A股-深交所,2022-09-13,7.58,7.58,7.45,7.47,7.55,1712086,12811841.14,-1.0596,0.1314,1,0,none,baostock,query_history_k_data_plus
000429,SZSE.000429,,SZ,A股-深交所,2022-09-14,7.43,7.63,7.39,7.45,7.47,3743089,28053118.16,-0.2677,0.2872,1,0,none,baostock,query_history_k_data_plus
000429,SZSE.000429,,SZ,A股-深交所,2022-09-15,7.46,7.55,7.42,7.53,7.45,1734555,13025280.66,1.0738,0.1331,1,0,none,baostock,query_history_k_data_plus
000429,SZSE.000429,,SZ,A股-深交所,2022-09-16,7.59,7.6,7.38,7.41,7.53,1702209,12659551.17,-1.5936,0.1306,1,0,none,baostock,query_history_k_data_plus
000429,SZSE.000429,,SZ,A股-深交所,2022-09-19,7.37,7.42,7.27,7.38,7.41,2082149,15299482.13,-0.4049,0.1598,1,0,none,baostock,query_history_k_data_plus
000429,SZSE.000429,,SZ,A股-深交所,2022-09-20,7.39,7.49,7.33,7.36,7.38,1895000,14007451.0,-0.271,0.1454,1,0,none,baostock,query_history_k_data_plus
000429,SZSE.000429,,SZ,A股-深交所,2022-09-21,7.32,7.5,7.3,7.45,7.36,1937575,14350810.22,1.2228,0.1487,1,0,none,baostock,query_history_k_data_plus
000429,SZSE.000429,,SZ,A股-深交所,2022-09-22,7.42,7.48,7.35,7.4,7.45,1644426,12169019.7,-0.6711,0.1262,1,0,none,baostock,query_history_k_data_plus
000429,SZSE.000429,,SZ,A股-深交所,2022-09-23,7.4,7.41,7.31,7.32,7.4,1688541,12398197.12,-1.0811,0.1296,1,0,none,baostock,query_history_k_data_plus
000429,SZSE.000429,,SZ,A股-深交所,2022-09-26,7.3,7.31,7.18,7.18,7.32,2170966,15705902.54,-1.9126,0.1666,1,0,none,baostock,query_history_k_data_plus
000429,SZSE.000429,,SZ,A股-深交所,2022-09-27,7.18,7.27,7.14,7.26,7.18,2501560,18024604.56,1.1142,0.1919,1,0,none,baostock,query_history_k_data_plus
000429,SZSE.000429,,SZ,A股-深交所,2022-09-28,7.26,7.3,7.21,7.25,7.26,1304548,9483278.34,-0.1377,0.1001,1,0,none,baostock,query_history_k_data_plus
000429,SZSE.000429,,SZ,A股-深交所,2022-09-29,7.28,7.29,7.2,7.2,7.25,1102740,7973705.0,-0.6897,0.0846,1,0,none,baostock,query_history_k_data_plus
000429,SZSE.000429,,SZ,A股-深交所,2022-09-30,7.2,7.43,7.17,7.4,7.2,4460023,32746624.89,2.7778,0.3422,1,0,none,baostock,query_history_k_data_plus
000429,SZSE.000429,,SZ,A股-深交所,2022-10-10,7.31,7.4,7.25,7.3,7.4,1563668,11439282.04,-1.3514,0.12,1,0,none,baostock,query_history_k_data_plus
000429,SZSE.000429,,SZ,A股-深交所,2022-10-11,7.32,7.32,7.25,7.28,7.3,889714,6477097.26,-0.274,0.0683,1,0,none,baostock,query_history_k_data_plus
000429,SZSE.000429,,SZ,A股-深交所,2022-10-12,7.29,7.33,7.25,7.31,7.28,1199726,8739126.01,0.4121,0.0921,1,0,none,baostock,query_history_k_data_plus
000429,SZSE.000429,,SZ,A股-深交所,2022-10-13,7.31,7.36,7.25,7.31,7.31,1464269,10700907.01,0.0,0.1123,1,0,none,baostock,query_history_k_data_plus
000429,SZSE.000429,,SZ,A股-深交所,2022-10-14,7.33,7.36,7.3,7.3,7.31,1151628,8443149.83,-0.1368,0.0884,1,0,none,baostock,query_history_k_data_plus
000429,SZSE.000429,,SZ,A股-深交所,2022-10-17,7.3,7.31,7.26,7.3,7.3,873929,6370972.8,0.0,0.0671,1,0,none,baostock,query_history_k_data_plus
000429,SZSE.000429,,SZ,A股-深交所,2022-10-18,7.31,7.35,7.3,7.3,7.3,830157,6077347.4,0.0,0.0637,1,0,none,baostock,query_history_k_data_plus
000429,SZSE.000429,,SZ,A股-深交所,2022-10-19,7.3,7.39,7.28,7.39,7.3,1622786,11917104.12,1.2329,0.1245,1,0,none,baostock,query_history_k_data_plus
000429,SZSE.000429,,SZ,A股-深交所,2022-10-20,7.39,7.4,7.29,7.4,7.39,1206616,8861479.12,0.1353,0.0926,1,0,none,baostock,query_history_k_data_plus
000429,SZSE.000429,,SZ,A股-深交所,2022-10-21,7.35,7.39,7.32,7.38,7.4,655300,4822911.0,-0.2703,0.0503,1,0,none,baostock,query_history_k_data_plus
000429,SZSE.000429,,SZ,A股-深交所,2022-10-24,7.39,7.39,7.28,7.29,7.38,1117143,8165652.49,-1.2195,0.0857,1,0,none,baostock,query_history_k_data_plus
000429,SZSE.000429,,SZ,A股-深交所,2022-10-25,7.29,7.36,7.25,7.33,7.29,980017,7152886.4,0.5487,0.0752,1,0,none,baostock,query_history_k_data_plus
000429,SZSE.000429,,SZ,A股-深交所,2022-10-26,7.36,7.36,7.26,7.27,7.33,1049134,7649678.18,-0.8186,0.0805,1,0,none,baostock,query_history_k_data_plus
000429,SZSE.000429,,SZ,A股-深交所,2022-10-27,7.25,7.31,7.25,7.26,7.27,895989,6525872.82,-0.1376,0.0687,1,0,none,baostock,query_history_k_data_plus
000429,SZSE.000429,,SZ,A股-深交所,2022-10-28,7.28,7.28,7.16,7.19,7.26,1077193,7768919.67,-0.9642,0.0826,1,0,none,baostock,query_history_k_data_plus
000429,SZSE.000429,,SZ,A股-深交所,2022-10-31,7.16,7.18,7.0,7.04,7.19,1918688,13598529.68,-2.0862,0.1472,1,0,none,baostock,query_history_k_data_plus
000429,SZSE.000429,,SZ,A股-深交所,2022-11-01,7.03,7.13,7.01,7.13,7.04,1421553,10044145.27,1.2784,0.1091,1,0,none,baostock,query_history_k_data_plus
000429,SZSE.000429,,SZ,A股-深交所,2022-11-02,7.13,7.2,7.13,7.2,7.13,855162,6139304.37,0.9818,0.0656,1,0,none,baostock,query_history_k_data_plus
000429,SZSE.000429,,SZ,A股-深交所,2022-11-03,7.14,7.32,7.14,7.31,7.2,2837200,20643560.0,1.5278,0.2177,1,0,none,baostock,query_history_k_data_plus
000429,SZSE.000429,,SZ,A股-深交所,2022-11-04,7.35,7.35,7.26,7.29,7.31,2003558,14626537.83,-0.2736,0.1537,1,0,none,baostock,query_history_k_data_plus
000429,SZSE.000429,,SZ,A股-深交所,2022-11-07,7.27,7.38,7.25,7.33,7.29,1184664,8654925.34,0.5487,0.0909,1,0,none,baostock,query_history_k_data_plus
000429,SZSE.000429,,SZ,A股-深交所,2022-11-08,7.33,7.35,7.28,7.3,7.33,1320443,9648551.19,-0.4093,0.1013,1,0,none,baostock,query_history_k_data_plus
000429,SZSE.000429,,SZ,A股-深交所,2022-11-09,7.34,7.34,7.25,7.3,7.3,703177,5124112.63,0.0,0.054,1,0,none,baostock,query_history_k_data_plus
000429,SZSE.000429,,SZ,A股-深交所,2022-11-10,7.3,7.3,7.25,7.27,7.3,923635,6715781.03,-0.411,0.0709,1,0,none,baostock,query_history_k_data_plus
000429,SZSE.000429,,SZ,A股-深交所,2022-11-11,7.33,7.35,7.29,7.3,7.27,1636820,11961829.88,0.4127,0.1256,1,0,none,baostock,query_history_k_data_plus
000429,SZSE.000429,,SZ,A股-深交所,2022-11-14,7.31,7.35,7.26,7.28,7.3,995600,7268225.0,-0.274,0.0764,1,0,none,baostock,query_history_k_data_plus
000429,SZSE.000429,,SZ,A股-深交所,2022-11-15,7.28,7.3,7.25,7.28,7.28,1105103,8036306.92,0.0,0.0848,1,0,none,baostock,query_history_k_data_plus
000429,SZSE.000429,,SZ,A股-深交所,2022-11-16,7.29,7.31,7.25,7.26,7.28,890300,6482118.0,-0.2747,0.0683,1,0,none,baostock,query_history_k_data_plus
000429,SZSE.000429,,SZ,A股-深交所,2022-11-17,7.27,7.29,7.25,7.29,7.26,585028,4257039.27,0.4132,0.0449,1,0,none,baostock,query_history_k_data_plus
000429,SZSE.000429,,SZ,A股-深交所,2022-11-18,7.29,7.45,7.25,7.27,7.29,2415834,17670297.03,-0.2743,0.1854,1,0,none,baostock,query_history_k_data_plus
000429,SZSE.000429,,SZ,A股-深交所,2022-11-21,7.26,7.28,7.2,7.25,7.27,1351867,9798005.42,-0.2751,0.1037,1,0,none,baostock,query_history_k_data_plus
000429,SZSE.000429,,SZ,A股-深交所,2022-11-22,7.28,7.33,7.25,7.3,7.25,1209917,8830073.42,0.6897,0.0928,1,0,none,baostock,query_history_k_data_plus
000429,SZSE.000429,,SZ,A股-深交所,2022-11-23,7.36,7.36,7.28,7.33,7.3,1031931,7557516.16,0.411,0.0792,1,0,none,baostock,query_history_k_data_plus
000429,SZSE.000429,,SZ,A股-深交所,2022-11-24,7.35,7.35,7.29,7.31,7.33,842462,6161292.6,-0.2729,0.0646,1,0,none,baostock,query_history_k_data_plus
000429,SZSE.000429,,SZ,A股-深交所,2022-11-25,7.3,7.44,7.3,7.38,7.31,2181809,16119210.52,0.9576,0.1674,1,0,none,baostock,query_history_k_data_plus
000429,SZSE.000429,,SZ,A股-深交所,2022-11-28,7.38,7.42,7.29,7.41,7.38,1704700,12558918.0,0.4065,0.1308,1,0,none,baostock,query_history_k_data_plus
000429,SZSE.000429,,SZ,A股-深交所,2022-11-29,7.42,7.46,7.37,7.45,7.41,1464682,10903752.15,0.5398,0.1124,1,0,none,baostock,query_history_k_data_plus
000429,SZSE.000429,,SZ,A股-深交所,2022-11-30,7.45,7.53,7.39,7.46,7.45,1955300,14562287.66,0.1342,0.15,1,0,none,baostock,query_history_k_data_plus
000429,SZSE.000429,,SZ,A股-深交所,2022-12-01,7.56,7.56,7.4,7.43,7.46,3483800,25984311.34,-0.4021,0.2673,1,0,none,baostock,query_history_k_data_plus
000429,SZSE.000429,,SZ,A股-深交所,2022-12-02,7.43,7.44,7.37,7.42,7.43,1305108,9668493.94,-0.1346,0.1001,1,0,none,baostock,query_history_k_data_plus
000429,SZSE.000429,,SZ,A股-深交所,2022-12-05,7.45,7.8,7.45,7.8,7.42,5259209,40201711.17,5.1213,0.4035,1,0,none,baostock,query_history_k_data_plus
000429,SZSE.000429,,SZ,A股-深交所,2022-12-06,7.77,7.82,7.65,7.8,7.8,4585656,35488410.69,0.0,0.3518,1,0,none,baostock,query_history_k_data_plus
000429,SZSE.000429,,SZ,A股-深交所,2022-12-07,7.85,8.01,7.7,7.88,7.8,7930119,62478254.84,1.0256,0.6085,1,0,none,baostock,query_history_k_data_plus
000429,SZSE.000429,,SZ,A股-深交所,2022-12-08,7.89,7.93,7.71,7.79,7.88,6321495,49309085.57,-1.1421,0.485,1,0,none,baostock,query_history_k_data_plus
000429,SZSE.000429,,SZ,A股-深交所,2022-12-09,7.84,7.84,7.62,7.66,7.79,3178876,24454228.92,-1.6688,0.2439,1,0,none,baostock,query_history_k_data_plus
000429,SZSE.000429,,SZ,A股-深交所,2022-12-12,7.63,7.68,7.54,7.57,7.66,2893205,21958101.75,-1.1749,0.222,1,0,none,baostock,query_history_k_data_plus
000429,SZSE.000429,,SZ,A股-深交所,2022-12-13,7.64,7.75,7.5,7.7,7.57,3126537,23990941.06,1.7173,0.2399,1,0,none,baostock,query_history_k_data_plus
000429,SZSE.000429,,SZ,A股-深交所,2022-12-14,7.69,7.7,7.6,7.66,7.7,1856221,14188551.65,-0.5195,0.1424,1,0,none,baostock,query_history_k_data_plus
000429,SZSE.000429,,SZ,A股-深交所,2022-12-15,7.67,7.72,7.56,7.6,7.66,2138300,16281159.0,-0.7833,0.1641,1,0,none,baostock,query_history_k_data_plus
000429,SZSE.000429,,SZ,A股-深交所,2022-12-16,7.59,7.75,7.55,7.73,7.6,2051100,15745217.0,1.7105,0.1574,1,0,none,baostock,query_history_k_data_plus
000429,SZSE.000429,,SZ,A股-深交所,2022-12-19,7.75,7.86,7.58,7.61,7.73,2536600,19551443.0,-1.5524,0.1946,1,0,none,baostock,query_history_k_data_plus
000429,SZSE.000429,,SZ,A股-深交所,2022-12-20,7.68,7.74,7.55,7.58,7.61,2124758,16218250.6,-0.3942,0.163,1,0,none,baostock,query_history_k_data_plus
000429,SZSE.000429,,SZ,A股-深交所,2022-12-21,7.64,7.76,7.57,7.66,7.58,1817242,13953405.24,1.0554,0.1394,1,0,none,baostock,query_history_k_data_plus
000429,SZSE.000429,,SZ,A股-深交所,2022-12-22,7.72,7.74,7.56,7.6,7.66,1887500,14425271.0,-0.7833,0.1448,1,0,none,baostock,query_history_k_data_plus
000429,SZSE.000429,,SZ,A股-深交所,2022-12-23,7.55,7.63,7.51,7.52,7.6,1453500,10994007.0,-1.0526,0.1115,1,0,none,baostock,query_history_k_data_plus
000429,SZSE.000429,,SZ,A股-深交所,2022-12-26,7.53,7.75,7.52,7.65,7.52,2803891,21481807.22,1.7287,0.2151,1,0,none,baostock,query_history_k_data_plus
000429,SZSE.000429,,SZ,A股-深交所,2022-12-27,7.68,7.71,7.64,7.71,7.65,1368900,10518094.0,0.7843,0.105,1,0,none,baostock,query_history_k_data_plus
000429,SZSE.000429,,SZ,A股-深交所,2022-12-28,7.66,7.77,7.66,7.71,7.71,1573700,12149848.58,0.0,0.1207,1,0,none,baostock,query_history_k_data_plus
000429,SZSE.000429,,SZ,A股-深交所,2022-12-29,7.7,7.71,7.63,7.64,7.71,1298600,9933391.0,-0.9079,0.0996,1,0,none,baostock,query_history_k_data_plus
000429,SZSE.000429,,SZ,A股-深交所,2022-12-30,7.67,7.94,7.66,7.82,7.64,5992244,46946583.01,2.356,0.4598,1,0,none,baostock,query_history_k_data_plus
000429,SZSE.000429,,SZ,A股-深交所,2023-01-03,7.92,7.92,7.75,7.76,7.82,2693254,21001839.9,-0.7673,0.2066,1,0,none,baostock,query_history_k_data_plus
000429,SZSE.000429,,SZ,A股-深交所,2023-01-04,7.76,7.91,7.75,7.85,7.76,1971320,15441120.6,1.1598,0.1513,1,0,none,baostock,query_history_k_data_plus
000429,SZSE.000429,,SZ,A股-深交所,2023-01-05,7.84,7.91,7.8,7.84,7.85,1404842,11020211.22,-0.1274,0.1078,1,0,none,baostock,query_history_k_data_plus
000429,SZSE.000429,,SZ,A股-深交所,2023-01-06,7.84,7.85,7.73,7.75,7.84,1658090,12868549.5,-1.148,0.1272,1,0,none,baostock,query_history_k_data_plus
000429,SZSE.000429,,SZ,A股-深交所,2023-01-09,7.8,7.8,7.68,7.73,7.75,2285225,17638747.88,-0.2581,0.1753,1,0,none,baostock,query_history_k_data_plus
000429,SZSE.000429,,SZ,A股-深交所,2023-01-10,7.73,7.74,7.66,7.67,7.73,1565185,12045140.4,-0.7762,0.1201,1,0,none,baostock,query_history_k_data_plus
000429,SZSE.000429,,SZ,A股-深交所,2023-01-11,7.65,7.7,7.64,7.66,7.67,978939,7509991.13,-0.1304,0.0751,1,0,none,baostock,query_history_k_data_plus
000429,SZSE.000429,,SZ,A股-深交所,2023-01-12,7.71,7.71,7.61,7.65,7.66,1090223,8327954.57,-0.1305,0.0836,1,0,none,baostock,query_history_k_data_plus
000429,SZSE.000429,,SZ,A股-深交所,2023-01-13,7.67,7.69,7.63,7.69,7.65,1037454,7952361.57,0.5229,0.0796,1,0,none,baostock,query_history_k_data_plus
000429,SZSE.000429,,SZ,A股-深交所,2023-01-16,7.69,7.74,7.65,7.66,7.69,2027393,15582514.45,-0.3901,0.1556,1,0,none,baostock,query_history_k_data_plus
000429,SZSE.000429,,SZ,A股-深交所,2023-01-17,7.7,7.7,7.62,7.67,7.66,888500,6804473.0,0.1305,0.0682,1,0,none,baostock,query_history_k_data_plus
000429,SZSE.000429,,SZ,A股-深交所,2023-01-18,7.67,7.69,7.61,7.66,7.67,2046700,15640141.0,-0.1304,0.157,1,0,none,baostock,query_history_k_data_plus
000429,SZSE.000429,,SZ,A股-深交所,2023-01-19,7.67,7.71,7.64,7.69,7.66,1167711,8973649.59,0.3916,0.0896,1,0,none,baostock,query_history_k_data_plus
000429,SZSE.000429,,SZ,A股-深交所,2023-01-20,7.71,7.76,7.67,7.75,7.69,1651811,12756995.25,0.7802,0.1267,1,0,none,baostock,query_history_k_data_plus
000429,SZSE.000429,,SZ,A股-深交所,2023-01-30,7.82,7.83,7.74,7.78,7.75,2612823,20320021.02,0.3871,0.2005,1,0,none,baostock,query_history_k_data_plus
000429,SZSE.000429,,SZ,A股-深交所,2023-01-31,7.75,7.8,7.74,7.79,7.78,1282186,9976784.56,0.1285,0.0984,1,0,none,baostock,query_history_k_data_plus
000429,SZSE.000429,,SZ,A股-深交所,2023-02-01,7.83,7.83,7.75,7.81,7.79,1712460,13340600.4,0.2567,0.1314,1,0,none,baostock,query_history_k_data_plus
000429,SZSE.000429,,SZ,A股-深交所,2023-02-02,7.83,7.86,7.78,7.81,7.81,1985427,15542162.14,0.0,0.1523,1,0,none,baostock,query_history_k_data_plus
000429,SZSE.000429,,SZ,A股-深交所,2023-02-03,7.81,7.83,7.66,7.71,7.81,2982387,23015922.02,-1.2804,0.2288,1,0,none,baostock,query_history_k_data_plus
000429,SZSE.000429,,SZ,A股-深交所,2023-02-06,7.7,7.8,7.68,7.75,7.71,2580616,19980600.52,0.5188,0.198,1,0,none,baostock,query_history_k_data_plus
000429,SZSE.000429,,SZ,A股-深交所,2023-02-07,7.82,7.83,7.67,7.7,7.75,3444191,26611440.49,-0.6452,0.2643,1,0,none,baostock,query_history_k_data_plus
000429,SZSE.000429,,SZ,A股-深交所,2023-02-08,7.73,7.76,7.68,7.7,7.7,1620600,12499505.59,0.0,0.1243,1,0,none,baostock,query_history_k_data_plus
000429,SZSE.000429,,SZ,A股-深交所,2023-02-09,7.69,7.73,7.67,7.7,7.7,1339615,10315086.42,0.0,0.1028,1,0,none,baostock,query_history_k_data_plus
000429,SZSE.000429,,SZ,A股-深交所,2023-02-10,7.71,7.73,7.67,7.7,7.7,1452186,11192804.62,0.0,0.1114,1,0,none,baostock,query_history_k_data_plus
000429,SZSE.000429,,SZ,A股-深交所,2023-02-13,7.75,7.78,7.68,7.77,7.7,1871701,14482848.75,0.9091,0.1436,1,0,none,baostock,query_history_k_data_plus
000429,SZSE.000429,,SZ,A股-深交所,2023-02-14,7.81,7.84,7.77,7.78,7.77,1746322,13622112.98,0.1287,0.134,1,0,none,baostock,query_history_k_data_plus
000429,SZSE.000429,,SZ,A股-深交所,2023-02-15,7.82,7.82,7.7,7.77,7.78,3954980,30603861.92,-0.1285,0.3035,1,0,none,baostock,query_history_k_data_plus
000429,SZSE.000429,,SZ,A股-深交所,2023-02-16,7.8,7.81,7.64,7.66,7.77,4918609,38047132.17,-1.4157,0.3774,1,0,none,baostock,query_history_k_data_plus
000429,SZSE.000429,,SZ,A股-深交所,2023-02-17,7.64,7.67,7.6,7.6,7.66,3417700,26079381.0,-0.7833,0.2622,1,0,none,baostock,query_history_k_data_plus
000429,SZSE.000429,,SZ,A股-深交所,2023-02-20,7.63,7.67,7.6,7.67,7.6,2413786,18438788.04,0.9211,0.1852,1,0,none,baostock,query_history_k_data_plus
000429,SZSE.000429,,SZ,A股-深交所,2023-02-21,7.68,7.74,7.66,7.73,7.67,2077130,16006272.6,0.7823,0.1594,1,0,none,baostock,query_history_k_data_plus
000429,SZSE.000429,,SZ,A股-深交所,2023-02-22,7.74,7.76,7.68,7.74,7.73,2021601,15612976.73,0.1294,0.1551,1,0,none,baostock,query_history_k_data_plus
000429,SZSE.000429,,SZ,A股-深交所,2023-02-23,7.76,7.83,7.74,7.79,7.74,3009602,23436679.51,0.646,0.2309,1,0,none,baostock,query_history_k_data_plus
000429,SZSE.000429,,SZ,A股-深交所,2023-02-24,7.82,7.83,7.74,7.81,7.79,1776102,13834319.5,0.2567,0.1363,1,0,none,baostock,query_history_k_data_plus
000429,SZSE.000429,,SZ,A股-深交所,2023-02-27,7.84,7.84,7.76,7.8,7.81,1805326,14086599.06,-0.128,0.1385,1,0,none,baostock,query_history_k_data_plus
000429,SZSE.000429,,SZ,A股-深交所,2023-02-28,7.82,7.86,7.8,7.86,7.8,1998258,15650332.4,0.7692,0.1533,1,0,none,baostock,query_history_k_data_plus
000429,SZSE.000429,,SZ,A股-深交所,2023-03-01,7.86,7.95,7.83,7.94,7.86,2924280,23156011.4,1.0178,0.2244,1,0,none,baostock,query_history_k_data_plus
000429,SZSE.000429,,SZ,A股-深交所,2023-03-02,7.92,8.0,7.92,7.96,7.94,3447633,27481842.27,0.2519,0.2645,1,0,none,baostock,query_history_k_data_plus
000429,SZSE.000429,,SZ,A股-深交所,2023-03-03,7.97,8.02,7.93,8.0,7.96,3598158,28711220.68,0.5025,0.2761,1,0,none,baostock,query_history_k_data_plus
000429,SZSE.000429,,SZ,A股-深交所,2023-03-06,8.0,8.05,7.9,7.96,8.0,4160504,33170977.49,-0.5,0.3192,1,0,none,baostock,query_history_k_data_plus
000429,SZSE.000429,,SZ,A股-深交所,2023-03-07,7.98,8.08,7.93,7.93,7.96,2958497,23678625.07,-0.3769,0.227,1,0,none,baostock,query_history_k_data_plus
000429,SZSE.000429,,SZ,A股-深交所,2023-03-08,7.94,8.07,7.92,8.06,7.93,2888656,23191406.43,1.6393,0.2216,1,0,none,baostock,query_history_k_data_plus
000429,SZSE.000429,,SZ,A股-深交所,2023-03-09,8.06,8.08,7.97,8.01,8.06,1674600,13411196.23,-0.6203,0.1285,1,0,none,baostock,query_history_k_data_plus
000429,SZSE.000429,,SZ,A股-深交所,2023-03-10,7.99,8.08,7.99,8.04,8.01,2846600,22877774.0,0.3745,0.2184,1,0,none,baostock,query_history_k_data_plus
000429,SZSE.000429,,SZ,A股-深交所,2023-03-13,8.0,8.06,7.95,7.99,8.04,4619173,36900985.72,-0.6219,0.3544,1,0,none,baostock,query_history_k_data_plus
000429,SZSE.000429,,SZ,A股-深交所,2023-03-14,7.97,8.08,7.95,7.99,7.99,4588961,36714500.78,0.0,0.3521,1,0,none,baostock,query_history_k_data_plus
000429,SZSE.000429,,SZ,A股-深交所,2023-03-15,7.98,8.01,7.95,8.0,7.99,4650216,37164959.68,0.1252,0.3568,1,0,none,baostock,query_history_k_data_plus
000429,SZSE.000429,,SZ,A股-深交所,2023-03-16,8.0,8.13,7.97,8.0,8.0,4692686,37637940.74,0.0,0.3601,1,0,none,baostock,query_history_k_data_plus
000429,SZSE.000429,,SZ,A股-深交所,2023-03-17,8.03,8.07,7.97,7.97,8.0,3289203,26344633.36,-0.375,0.2524,1,0,none,baostock,query_history_k_data_plus
000429,SZSE.000429,,SZ,A股-深交所,2023-03-20,8.01,8.07,7.96,7.97,7.97,6279198,50257111.12,0.0,0.4818,1,0,none,baostock,query_history_k_data_plus
000429,SZSE.000429,,SZ,A股-深交所,2023-03-21,7.93,8.02,7.84,7.9,7.97,4892466,38648601.46,-0.8783,0.3754,1,0,none,baostock,query_history_k_data_plus
000429,SZSE.000429,,SZ,A股-深交所,2023-03-22,7.89,7.99,7.86,7.9,7.9,3600446,28575366.34,0.0,0.2763,1,0,none,baostock,query_history_k_data_plus
000429,SZSE.000429,,SZ,A股-深交所,2023-03-23,7.9,7.93,7.78,7.81,7.9,7426299,58126170.11,-1.1392,0.5698,1,0,none,baostock,query_history_k_data_plus
000429,SZSE.000429,,SZ,A股-深交所,2023-03-24,7.81,7.82,7.65,7.66,7.81,7916200,60907354.0,-1.9206,0.6074,1,0,none,baostock,query_history_k_data_plus
000429,SZSE.000429,,SZ,A股-深交所,2023-03-27,7.66,7.69,7.58,7.6,7.66,4546758,34638505.96,-0.7833,0.3489,1,0,none,baostock,query_history_k_data_plus
000429,SZSE.000429,,SZ,A股-深交所,2023-03-28,7.6,7.65,7.56,7.59,7.6,3684958,27980935.32,-0.1316,0.2827,1,0,none,baostock,query_history_k_data_plus
000429,SZSE.000429,,SZ,A股-深交所,2023-03-29,7.56,7.59,7.46,7.5,7.59,4225568,31769694.0,-1.1858,0.3242,1,0,none,baostock,query_history_k_data_plus
000429,SZSE.000429,,SZ,A股-深交所,2023-03-30,7.5,7.56,7.48,7.54,7.5,3923367,29517594.35,0.5333,0.301,1,0,none,baostock,query_history_k_data_plus
000429,SZSE.000429,,SZ,A股-深交所,2023-03-31,7.55,7.6,7.5,7.55,7.54,3448883,26040200.73,0.1326,0.2646,1,0,none,baostock,query_history_k_data_plus
000429,SZSE.000429,,SZ,A股-深交所,2023-04-03,7.58,7.63,7.58,7.63,7.55,4174000,31742170.0,1.0596,0.3203,1,0,none,baostock,query_history_k_data_plus
000429,SZSE.000429,,SZ,A股-深交所,2023-04-04,7.63,7.74,7.61,7.69,7.63,4306800,33104867.0,0.7864,0.3304,1,0,none,baostock,query_history_k_data_plus
000429,SZSE.000429,,SZ,A股-深交所,2023-04-06,7.69,7.72,7.63,7.69,7.69,3217720,24765727.2,0.0,0.2469,1,0,none,baostock,query_history_k_data_plus
000429,SZSE.000429,,SZ,A股-深交所,2023-04-07,7.71,7.74,7.65,7.7,7.69,2365792,18200304.06,0.13,0.1815,1,0,none,baostock,query_history_k_data_plus
000429,SZSE.000429,,SZ,A股-深交所,2023-04-10,7.74,7.74,7.57,7.68,7.7,4544301,34740327.79,-0.2597,0.3487,1,0,none,baostock,query_history_k_data_plus
000429,SZSE.000429,,SZ,A股-深交所,2023-04-11,7.67,7.68,7.62,7.65,7.68,3235100,24758488.0,-0.3906,0.2482,1,0,none,baostock,query_history_k_data_plus
000429,SZSE.000429,,SZ,A股-深交所,2023-04-12,7.67,7.76,7.66,7.72,7.65,2758426,21288321.24,0.915,0.2116,1,0,none,baostock,query_history_k_data_plus
000429,SZSE.000429,,SZ,A股-深交所,2023-04-13,7.71,7.8,7.71,7.76,7.72,2724200,21139997.78,0.5181,0.209,1,0,none,baostock,query_history_k_data_plus
000429,SZSE.000429,,SZ,A股-深交所,2023-04-14,7.76,7.79,7.7,7.73,7.76,2397339,18535316.75,-0.3866,0.1839,1,0,none,baostock,query_history_k_data_plus
000429,SZSE.000429,,SZ,A股-深交所,2023-04-17,7.73,7.85,7.7,7.83,7.73,2997278,23344087.16,1.2937,0.23,1,0,none,baostock,query_history_k_data_plus
000429,SZSE.000429,,SZ,A股-深交所,2023-04-18,7.83,7.85,7.76,7.79,7.83,3062668,23877670.89,-0.5109,0.235,1,0,none,baostock,query_history_k_data_plus
000429,SZSE.000429,,SZ,A股-深交所,2023-04-19,7.85,7.85,7.68,7.7,7.79,7618192,58990996.54,-1.1553,0.5845,1,0,none,baostock,query_history_k_data_plus
000429,SZSE.000429,,SZ,A股-深交所,2023-04-20,7.74,7.74,7.67,7.71,7.7,3370690,25985876.8,0.1299,0.2586,1,0,none,baostock,query_history_k_data_plus
000429,SZSE.000429,,SZ,A股-深交所,2023-04-21,7.73,7.83,7.57,7.61,7.71,7452233,57536931.97,-1.297,0.5718,1,0,none,baostock,query_history_k_data_plus
000429,SZSE.000429,,SZ,A股-深交所,2023-04-24,7.61,7.65,7.53,7.57,7.61,5199435,39447291.51,-0.5256,0.3989,1,0,none,baostock,query_history_k_data_plus
000429,SZSE.000429,,SZ,A股-深交所,2023-04-25,7.58,7.67,7.5,7.55,7.57,3923577,29742640.8,-0.2642,0.301,1,0,none,baostock,query_history_k_data_plus
000429,SZSE.000429,,SZ,A股-深交所,2023-04-26,7.54,7.71,7.51,7.58,7.55,3906686,29615799.75,0.3974,0.2997,1,0,none,baostock,query_history_k_data_plus
000429,SZSE.000429,,SZ,A股-深交所,2023-04-27,7.55,7.72,7.53,7.71,7.58,5031595,38467666.89,1.715,0.3861,1,0,none,baostock,query_history_k_data_plus
000429,SZSE.000429,,SZ,A股-深交所,2023-04-28,7.68,7.82,7.68,7.76,7.71,8194221,63510716.78,0.6485,0.6287,1,0,none,baostock,query_history_k_data_plus
000429,SZSE.000429,,SZ,A股-深交所,2023-05-04,7.78,8.13,7.78,8.07,7.76,15313341,122879343.7,3.9948,1.1749,1,0,none,baostock,query_history_k_data_plus
000429,SZSE.000429,,SZ,A股-深交所,2023-05-05,8.07,8.3,8.02,8.18,8.07,8805992,71717050.65,1.3631,0.6757,1,0,none,baostock,query_history_k_data_plus
000429,SZSE.000429,,SZ,A股-深交所,2023-05-08,8.15,8.6,8.14,8.54,8.18,15792789,133380704.76,4.401,1.2117,1,0,none,baostock,query_history_k_data_plus
000429,SZSE.000429,,SZ,A股-深交所,2023-05-09,8.48,8.69,8.4,8.46,8.54,13903423,119208865.47,-0.9368,1.0668,1,0,none,baostock,query_history_k_data_plus
000429,SZSE.000429,,SZ,A股-深交所,2023-05-10,8.49,8.5,8.16,8.2,8.46,7256436,59929315.5,-3.0733,0.5568,1,0,none,baostock,query_history_k_data_plus
000429,SZSE.000429,,SZ,A股-深交所,2023-05-11,8.24,8.34,8.21,8.27,8.2,4104406,33946307.4,0.8537,0.3149,1,0,none,baostock,query_history_k_data_plus
000429,SZSE.000429,,SZ,A股-深交所,2023-05-12,8.22,8.45,8.22,8.37,8.27,5604600,47018100.84,1.2092,0.43,1,0,none,baostock,query_history_k_data_plus
000429,SZSE.000429,,SZ,A股-深交所,2023-05-15,8.32,8.37,8.1,8.34,8.37,6386200,52590458.0,-0.3584,0.49,1,0,none,baostock,query_history_k_data_plus
000429,SZSE.000429,,SZ,A股-深交所,2023-05-16,8.31,8.54,8.23,8.35,8.34,6398401,53815886.91,0.1199,0.4909,1,0,none,baostock,query_history_k_data_plus
000429,SZSE.000429,,SZ,A股-深交所,2023-05-17,8.35,8.45,8.17,8.27,8.35,5355483,44204403.99,-0.9581,0.4109,1,0,none,baostock,query_history_k_data_plus
000429,SZSE.000429,,SZ,A股-深交所,2023-05-18,8.27,8.45,8.2,8.31,8.27,6935196,57659795.18,0.4837,0.5321,1,0,none,baostock,query_history_k_data_plus
000429,SZSE.000429,,SZ,A股-深交所,2023-05-19,8.25,8.28,8.03,8.15,8.31,7158242,58258266.67,-1.9254,0.5492,1,0,none,baostock,query_history_k_data_plus
000429,SZSE.000429,,SZ,A股-深交所,2023-05-22,8.2,8.21,8.09,8.14,8.15,3621000,29508703.0,-0.1227,0.2778,1,0,none,baostock,query_history_k_data_plus
000429,SZSE.000429,,SZ,A股-深交所,2023-05-23,8.16,8.23,7.99,8.0,8.14,8853200,71372660.73,-1.7199,0.6793,1,0,none,baostock,query_history_k_data_plus
000429,SZSE.000429,,SZ,A股-深交所,2023-05-24,8.02,8.04,7.89,7.91,8.0,5557958,44117754.52,-1.125,0.4264,1,0,none,baostock,query_history_k_data_plus
000429,SZSE.000429,,SZ,A股-深交所,2023-05-25,7.94,8.04,7.78,7.83,7.91,13211573,104210688.36,-1.0114,1.0137,1,0,none,baostock,query_history_k_data_plus
000429,SZSE.000429,,SZ,A股-深交所,2023-05-26,7.85,7.9,7.73,7.83,7.83,5903626,46105555.24,0.0,0.453,1,0,none,baostock,query_history_k_data_plus
000429,SZSE.000429,,SZ,A股-深交所,2023-05-29,7.81,8.08,7.81,7.99,7.83,8036668,64004611.24,2.0434,0.6166,1,0,none,baostock,query_history_k_data_plus
000429,SZSE.000429,,SZ,A股-深交所,2023-05-30,7.95,8.0,7.8,7.95,7.99,4473100,35355425.0,-0.5006,0.3432,1,0,none,baostock,query_history_k_data_plus
000429,SZSE.000429,,SZ,A股-深交所,2023-05-31,7.94,8.08,7.88,7.95,7.95,5690399,45248816.06,0.0,0.4366,1,0,none,baostock,query_history_k_data_plus
000429,SZSE.000429,,SZ,A股-深交所,2023-06-01,7.98,8.02,7.89,7.9,7.95,4818457,38268218.25,-0.6289,0.3697,1,0,none,baostock,query_history_k_data_plus
000429,SZSE.000429,,SZ,A股-深交所,2023-06-02,7.91,7.95,7.73,7.77,7.9,7354200,57376208.0,-1.6456,0.5643,1,0,none,baostock,query_history_k_data_plus
000429,SZSE.000429,,SZ,A股-深交所,2023-06-05,7.78,7.95,7.76,7.9,7.77,4494086,35308569.84,1.6731,0.3448,1,0,none,baostock,query_history_k_data_plus
000429,SZSE.000429,,SZ,A股-深交所,2023-06-06,7.92,8.04,7.82,7.84,7.9,3965125,31383028.75,-0.7595,0.3042,1,0,none,baostock,query_history_k_data_plus
000429,SZSE.000429,,SZ,A股-深交所,2023-06-07,7.87,8.13,7.84,8.06,7.84,7178033,57676710.69,2.8061,0.5507,1,0,none,baostock,query_history_k_data_plus
000429,SZSE.000429,,SZ,A股-深交所,2023-06-08,8.07,8.35,8.03,8.17,8.06,8014803,65409578.84,1.3648,0.615,1,0,none,baostock,query_history_k_data_plus
000429,SZSE.000429,,SZ,A股-深交所,2023-06-09,8.17,8.3,8.11,8.14,8.17,5399331,44125907.34,-0.3672,0.4143,1,0,none,baostock,query_history_k_data_plus
000429,SZSE.000429,,SZ,A股-深交所,2023-06-12,8.14,8.15,8.01,8.03,8.14,2983101,24019882.04,-1.3514,0.2289,1,0,none,baostock,query_history_k_data_plus
000429,SZSE.000429,,SZ,A股-深交所,2023-06-13,8.04,8.14,7.99,8.01,8.03,3341026,26898623.22,-0.2491,0.2563,1,0,none,baostock,query_history_k_data_plus
000429,SZSE.000429,,SZ,A股-深交所,2023-06-14,8.06,8.08,7.88,7.94,8.01,5681100,45343852.0,-0.8739,0.4359,1,0,none,baostock,query_history_k_data_plus
000429,SZSE.000429,,SZ,A股-深交所,2023-06-15,7.94,7.97,7.88,7.92,7.94,4296098,34029514.84,-0.2519,0.3296,1,0,none,baostock,query_history_k_data_plus
000429,SZSE.000429,,SZ,A股-深交所,2023-06-16,7.93,7.96,7.76,7.8,7.92,8909800,69827418.0,-1.5152,0.6836,1,0,none,baostock,query_history_k_data_plus
000429,SZSE.000429,,SZ,A股-深交所,2023-06-19,7.8,7.8,7.7,7.73,7.8,5190050,40193910.42,-0.8974,0.3982,1,0,none,baostock,query_history_k_data_plus
000429,SZSE.000429,,SZ,A股-深交所,2023-06-20,7.73,7.75,7.68,7.69,7.73,3801098,29274198.85,-0.5175,0.2916,1,0,none,baostock,query_history_k_data_plus
000429,SZSE.000429,,SZ,A股-深交所,2023-06-21,7.69,7.73,7.63,7.67,7.69,4514042,34640319.3,-0.2601,0.3463,1,0,none,baostock,query_history_k_data_plus
000429,SZSE.000429,,SZ,A股-深交所,2023-06-26,7.66,7.66,7.51,7.56,7.67,4881031,36869436.74,-1.4342,0.3745,1,0,none,baostock,query_history_k_data_plus
000429,SZSE.000429,,SZ,A股-深交所,2023-06-27,7.58,7.78,7.55,7.77,7.56,5752646,44414768.64,2.7778,0.4414,1,0,none,baostock,query_history_k_data_plus
000429,SZSE.000429,,SZ,A股-深交所,2023-06-28,7.78,7.83,7.74,7.8,7.77,2911736,22675776.08,0.3861,0.2234,1,0,none,baostock,query_history_k_data_plus
000429,SZSE.000429,,SZ,A股-深交所,2023-06-29,7.85,7.85,7.76,7.78,7.8,7778009,60665248.82,-0.2564,0.5968,1,0,none,baostock,query_history_k_data_plus
000429,SZSE.000429,,SZ,A股-深交所,2023-06-30,7.81,7.9,7.71,7.84,7.78,7168401,55917176.86,0.7712,0.55,1,0,none,baostock,query_history_k_data_plus
000429,SZSE.000429,,SZ,A股-深交所,2023-07-03,7.78,7.88,7.75,7.79,7.84,6546000,51162843.0,-0.6378,0.5023,1,0,none,baostock,query_history_k_data_plus
000429,SZSE.000429,,SZ,A股-深交所,2023-07-04,7.81,7.83,7.76,7.79,7.79,3288731,25637334.18,0.0,0.2523,1,0,none,baostock,query_history_k_data_plus
000429,SZSE.000429,,SZ,A股-深交所,2023-07-05,7.79,7.8,7.73,7.75,7.79,2193550,17007246.65,-0.5135,0.1683,1,0,none,baostock,query_history_k_data_plus
000429,SZSE.000429,,SZ,A股-深交所,2023-07-06,7.74,7.83,7.73,7.78,7.75,3054700,23782197.0,0.3871,0.2344,1,0,none,baostock,query_history_k_data_plus
000429,SZSE.000429,,SZ,A股-深交所,2023-07-07,7.78,7.87,7.77,7.8,7.78,8302184,64879542.28,0.2571,0.637,1,0,none,baostock,query_history_k_data_plus
000429,SZSE.000429,,SZ,A股-深交所,2023-07-10,7.86,7.87,7.69,7.72,7.8,11678868,90727024.4,-1.0256,0.8961,1,0,none,baostock,query_history_k_data_plus
000429,SZSE.000429,,SZ,A股-深交所,2023-07-11,7.74,7.78,7.67,7.7,7.72,7687243,59283385.66,-0.2591,0.5898,1,0,none,baostock,query_history_k_data_plus
000429,SZSE.000429,,SZ,A股-深交所,2023-07-12,7.71,7.73,7.65,7.69,7.7,5216801,40070566.65,-0.1299,0.4003,1,0,none,baostock,query_history_k_data_plus
000429,SZSE.000429,,SZ,A股-深交所,2023-07-13,7.67,7.81,7.65,7.71,7.69,9388081,72612788.94,0.2601,0.7203,1,0,none,baostock,query_history_k_data_plus
000429,SZSE.000429,,SZ,A股-深交所,2023-07-14,7.39,7.42,7.31,7.37,7.28,10519871,77465797.66,1.2363,0.8072,1,0,none,baostock,query_history_k_data_plus
000429,SZSE.000429,,SZ,A股-深交所,2023-07-17,7.41,7.46,7.34,7.46,7.37,4782448,35457145.84,1.2212,0.3669,1,0,none,baostock,query_history_k_data_plus
000429,SZSE.000429,,SZ,A股-深交所,2023-07-18,7.47,7.57,7.43,7.56,7.46,4729697,35527256.8,1.3405,0.3629,1,0,none,baostock,query_history_k_data_plus
000429,SZSE.000429,,SZ,A股-深交所,2023-07-19,7.56,7.58,7.44,7.5,7.56,8820264,66141579.04,-0.7937,0.6768,1,0,none,baostock,query_history_k_data_plus
000429,SZSE.000429,,SZ,A股-深交所,2023-07-20,7.52,7.54,7.43,7.44,7.5,4576867,34165163.19,-0.8,0.3512,1,0,none,baostock,query_history_k_data_plus
000429,SZSE.000429,,SZ,A股-深交所,2023-07-21,7.42,7.52,7.42,7.49,7.44,4037021,30210398.29,0.672,0.3097,1,0,none,baostock,query_history_k_data_plus
000429,SZSE.000429,,SZ,A股-深交所,2023-07-24,7.5,7.61,7.45,7.59,7.49,6350548,47971055.54,1.3351,0.4873,1,0,none,baostock,query_history_k_data_plus
000429,SZSE.000429,,SZ,A股-深交所,2023-07-25,7.61,7.64,7.49,7.53,7.59,7425300,55868140.0,-0.7905,0.5697,1,0,none,baostock,query_history_k_data_plus
000429,SZSE.000429,,SZ,A股-深交所,2023-07-26,7.51,7.56,7.49,7.54,7.53,4849916,36507349.16,0.1328,0.3721,1,0,none,baostock,query_history_k_data_plus
000429,SZSE.000429,,SZ,A股-深交所,2023-07-27,7.54,7.62,7.5,7.59,7.54,8232794,62356544.12,0.6631,0.6317,1,0,none,baostock,query_history_k_data_plus
000429,SZSE.000429,,SZ,A股-深交所,2023-07-28,7.6,7.65,7.56,7.65,7.59,5607904,42717618.02,0.7905,0.4303,1,0,none,baostock,query_history_k_data_plus
000429,SZSE.000429,,SZ,A股-深交所,2023-07-31,7.64,7.72,7.62,7.66,7.65,7220101,55400987.69,0.1307,0.554,1,0,none,baostock,query_history_k_data_plus
000429,SZSE.000429,,SZ,A股-深交所,2023-08-01,7.66,7.67,7.59,7.61,7.66,5990200,45662113.0,-0.6527,0.4596,1,0,none,baostock,query_history_k_data_plus
000429,SZSE.000429,,SZ,A股-深交所,2023-08-02,7.63,7.71,7.51,7.56,7.61,6528602,49428040.52,-0.657,0.5009,1,0,none,baostock,query_history_k_data_plus
000429,SZSE.000429,,SZ,A股-深交所,2023-08-03,7.57,7.6,7.48,7.56,7.56,6324028,47630571.63,0.0,0.4852,1,0,none,baostock,query_history_k_data_plus
000429,SZSE.000429,,SZ,A股-深交所,2023-08-04,7.57,7.59,7.43,7.44,7.56,6365789,47734868.35,-1.5873,0.4884,1,0,none,baostock,query_history_k_data_plus
000429,SZSE.000429,,SZ,A股-深交所,2023-08-07,7.44,7.47,7.38,7.41,7.44,5136700,38092640.0,-0.4032,0.3941,1,0,none,baostock,query_history_k_data_plus
000429,SZSE.000429,,SZ,A股-深交所,2023-08-08,7.41,7.5,7.39,7.46,7.41,4423526,32941482.66,0.6748,0.3394,1,0,none,baostock,query_history_k_data_plus
000429,SZSE.000429,,SZ,A股-深交所,2023-08-09,7.43,7.46,7.39,7.42,7.46,4139810,30727026.0,-0.5362,0.3176,1,0,none,baostock,query_history_k_data_plus
000429,SZSE.000429,,SZ,A股-深交所,2023-08-10,7.43,7.45,7.38,7.42,7.42,5494000,40711429.0,0.0,0.4215,1,0,none,baostock,query_history_k_data_plus
000429,SZSE.000429,,SZ,A股-深交所,2023-08-11,7.42,7.45,7.32,7.32,7.42,6032567,44431393.44,-1.3477,0.4629,1,0,none,baostock,query_history_k_data_plus
000429,SZSE.000429,,SZ,A股-深交所,2023-08-14,7.3,7.44,7.23,7.43,7.32,7910410,58106487.8,1.5027,0.6069,1,0,none,baostock,query_history_k_data_plus
000429,SZSE.000429,,SZ,A股-深交所,2023-08-15,7.44,7.53,7.4,7.49,7.43,7335861,54859811.24,0.8075,0.5629,1,0,none,baostock,query_history_k_data_plus
000429,SZSE.000429,,SZ,A股-深交所,2023-08-16,7.46,7.48,7.42,7.43,7.49,3369235,25096292.88,-0.8011,0.2585,1,0,none,baostock,query_history_k_data_plus
000429,SZSE.000429,,SZ,A股-深交所,2023-08-17,7.43,7.6,7.36,7.53,7.43,9135990,68183124.8,1.3459,0.701,1,0,none,baostock,query_history_k_data_plus
000429,SZSE.000429,,SZ,A股-深交所,2023-08-18,7.5,7.6,7.49,7.55,7.53,8590047,65009803.62,0.2656,0.6591,1,0,none,baostock,query_history_k_data_plus
000429,SZSE.000429,,SZ,A股-深交所,2023-08-21,7.55,7.8,7.5,7.64,7.55,12602816,96394422.0,1.1921,0.967,1,0,none,baostock,query_history_k_data_plus
000429,SZSE.000429,,SZ,A股-深交所,2023-08-22,7.65,7.84,7.61,7.8,7.64,16943039,131246045.68,2.0942,1.3,1,0,none,baostock,query_history_k_data_plus
000429,SZSE.000429,,SZ,A股-深交所,2023-08-23,7.8,7.85,7.69,7.79,7.8,14973320,116558284.66,-0.1282,1.1489,1,0,none,baostock,query_history_k_data_plus
000429,SZSE.000429,,SZ,A股-深交所,2023-08-24,7.79,7.81,7.64,7.7,7.79,14961886,115332659.62,-1.1553,1.148,1,0,none,baostock,query_history_k_data_plus
000429,SZSE.000429,,SZ,A股-深交所,2023-08-25,7.68,7.79,7.6,7.71,7.7,12401630,95274677.88,0.1299,0.9515,1,0,none,baostock,query_history_k_data_plus
000429,SZSE.000429,,SZ,A股-深交所,2023-08-28,7.89,7.96,7.51,7.59,7.71,19323119,148130672.39,-1.5564,1.4826,1,0,none,baostock,query_history_k_data_plus
000429,SZSE.000429,,SZ,A股-深交所,2023-08-29,7.66,7.91,7.65,7.86,7.59,23789973,185852256.78,3.5573,1.8253,1,0,none,baostock,query_history_k_data_plus
000429,SZSE.000429,,SZ,A股-深交所,2023-08-30,7.87,7.93,7.55,7.57,7.86,15290181,117180037.35,-3.6896,1.1732,1,0,none,baostock,query_history_k_data_plus
000429,SZSE.000429,,SZ,A股-深交所,2023-08-31,7.64,7.67,7.55,7.6,7.57,11558839,87926366.26,0.3963,0.8869,1,0,none,baostock,query_history_k_data_plus
000429,SZSE.000429,,SZ,A股-深交所,2023-09-01,7.6,7.89,7.57,7.87,7.6,14376600,112033432.6,3.5526,1.1031,1,0,none,baostock,query_history_k_data_plus
000429,SZSE.000429,,SZ,A股-深交所,2023-09-04,7.87,7.92,7.76,7.88,7.87,8499600,66703286.0,0.1271,0.6521,1,0,none,baostock,query_history_k_data_plus
000429,SZSE.000429,,SZ,A股-深交所,2023-09-05,7.88,7.9,7.78,7.84,7.88,11145524,87147106.98,-0.5076,0.8552,1,0,none,baostock,query_history_k_data_plus
000429,SZSE.000429,,SZ,A股-深交所,2023-09-06,7.83,7.83,7.72,7.74,7.84,5883900,45584198.0,-1.2755,0.4515,1,0,none,baostock,query_history_k_data_plus
000429,SZSE.000429,,SZ,A股-深交所,2023-09-07,7.71,7.83,7.7,7.78,7.74,6155184,47854976.36,0.5168,0.4723,1,0,none,baostock,query_history_k_data_plus
000429,SZSE.000429,,SZ,A股-深交所,2023-09-08,7.76,7.89,7.72,7.85,7.78,6747442,52741535.6,0.8997,0.5177,1,0,none,baostock,query_history_k_data_plus
000429,SZSE.000429,,SZ,A股-深交所,2023-09-11,7.86,7.88,7.79,7.82,7.85,4403119,34451343.77,-0.3822,0.3378,1,0,none,baostock,query_history_k_data_plus
000429,SZSE.000429,,SZ,A股-深交所,2023-09-12,7.8,7.91,7.8,7.83,7.82,3899639,30605555.98,0.1279,0.2992,1,0,none,baostock,query_history_k_data_plus
000429,SZSE.000429,,SZ,A股-深交所,2023-09-13,7.83,7.95,7.82,7.92,7.83,5314060,41978288.01,1.1494,0.4077,1,0,none,baostock,query_history_k_data_plus
000429,SZSE.000429,,SZ,A股-深交所,2023-09-14,7.92,8.12,7.86,8.07,7.92,12705136,102143175.83,1.8939,0.9748,1,0,none,baostock,query_history_k_data_plus
000429,SZSE.000429,,SZ,A股-深交所,2023-09-15,8.07,8.23,8.04,8.16,8.07,10529885,85755640.27,1.1152,0.8079,1,0,none,baostock,query_history_k_data_plus
000429,SZSE.000429,,SZ,A股-深交所,2023-09-18,8.15,8.17,7.95,8.13,8.16,9585801,77348808.08,-0.3676,0.7355,1,0,none,baostock,query_history_k_data_plus
000429,SZSE.000429,,SZ,A股-深交所,2023-09-19,8.12,8.22,8.1,8.2,8.13,8809245,71895428.87,0.861,0.6759,1,0,none,baostock,query_history_k_data_plus
000429,SZSE.000429,,SZ,A股-深交所,2023-09-20,8.18,8.23,8.08,8.2,8.2,8898188,72742935.37,0.0,0.6827,1,0,none,baostock,query_history_k_data_plus
000429,SZSE.000429,,SZ,A股-深交所,2023-09-21,8.22,8.41,8.21,8.37,8.2,13850022,115718898.15,2.0732,1.0627,1,0,none,baostock,query_history_k_data_plus
000429,SZSE.000429,,SZ,A股-深交所,2023-09-22,8.32,8.48,8.3,8.4,8.37,11307559,94697645.96,0.3584,0.8676,1,0,none,baostock,query_history_k_data_plus
000429,SZSE.000429,,SZ,A股-深交所,2023-09-25,8.4,8.55,8.36,8.41,8.4,13919819,117717805.97,0.119,1.068,1,0,none,baostock,query_history_k_data_plus
000429,SZSE.000429,,SZ,A股-深交所,2023-09-26,8.43,8.57,8.35,8.45,8.41,10317725,87215946.9,0.4756,0.7916,1,0,none,baostock,query_history_k_data_plus
000429,SZSE.000429,,SZ,A股-深交所,2023-09-27,8.47,8.51,8.33,8.41,8.45,11943053,100160259.55,-0.4734,0.9163,1,0,none,baostock,query_history_k_data_plus
000429,SZSE.000429,,SZ,A股-深交所,2023-09-28,8.39,8.45,8.28,8.38,8.41,9481659,79231579.29,-0.3567,0.7275,1,0,none,baostock,query_history_k_data_plus
000429,SZSE.000429,,SZ,A股-深交所,2023-10-09,8.4,8.61,8.32,8.5,8.38,10654044,90417120.94,1.432,0.8174,1,0,none,baostock,query_history_k_data_plus
000429,SZSE.000429,,SZ,A股-深交所,2023-10-10,8.61,8.77,8.42,8.46,8.5,14276094,122771588.77,-0.4706,1.0954,1,0,none,baostock,query_history_k_data_plus
000429,SZSE.000429,,SZ,A股-深交所,2023-10-11,8.49,8.54,8.33,8.42,8.46,4785557,40176484.04,-0.4728,0.3672,1,0,none,baostock,query_history_k_data_plus
000429,SZSE.000429,,SZ,A股-深交所,2023-10-12,8.45,8.47,8.33,8.44,8.42,6808963,57264256.93,0.2375,0.5224,1,0,none,baostock,query_history_k_data_plus
000429,SZSE.000429,,SZ,A股-深交所,2023-10-13,8.41,8.48,8.38,8.46,8.44,4339246,36566558.64,0.237,0.3329,1,0,none,baostock,query_history_k_data_plus
000429,SZSE.000429,,SZ,A股-深交所,2023-10-16,8.47,8.51,8.37,8.41,8.46,4756034,40016639.16,-0.591,0.3649,1,0,none,baostock,query_history_k_data_plus
000429,SZSE.000429,,SZ,A股-深交所,2023-10-17,8.44,8.5,8.37,8.38,8.41,4841506,40732463.08,-0.3567,0.3715,1,0,none,baostock,query_history_k_data_plus
000429,SZSE.000429,,SZ,A股-深交所,2023-10-18,8.4,8.44,8.33,8.35,8.38,4656698,38980488.62,-0.358,0.3573,1,0,none,baostock,query_history_k_data_plus
000429,SZSE.000429,,SZ,A股-深交所,2023-10-19,8.31,8.36,8.24,8.26,8.35,4747490,39357344.04,-1.0778,0.3643,1,0,none,baostock,query_history_k_data_plus
000429,SZSE.000429,,SZ,A股-深交所,2023-10-20,8.25,8.28,8.08,8.11,8.26,9528679,77821007.67,-1.816,0.7311,1,0,none,baostock,query_history_k_data_plus
000429,SZSE.000429,,SZ,A股-深交所,2023-10-23,8.11,8.15,8.03,8.1,8.11,7816859,63265098.71,-0.1233,0.5998,1,0,none,baostock,query_history_k_data_plus
000429,SZSE.000429,,SZ,A股-深交所,2023-10-24,8.15,8.23,8.06,8.2,8.1,6472815,52859359.58,1.2346,0.4966,1,0,none,baostock,query_history_k_data_plus
000429,SZSE.000429,,SZ,A股-深交所,2023-10-25,8.22,8.3,8.06,8.19,8.2,10279257,83802169.13,-0.122,0.7887,1,0,none,baostock,query_history_k_data_plus
000429,SZSE.000429,,SZ,A股-深交所,2023-10-26,8.21,8.4,8.16,8.36,8.19,7943233,66271734.22,2.0757,0.6095,1,0,none,baostock,query_history_k_data_plus
000429,SZSE.000429,,SZ,A股-深交所,2023-10-27,8.38,8.5,8.34,8.35,8.36,4755500,40012691.0,-0.1196,0.3649,1,0,none,baostock,query_history_k_data_plus
000429,SZSE.000429,,SZ,A股-深交所,2023-10-30,8.33,8.45,7.87,8.03,8.35,16795613,134870592.0,-3.8323,1.2887,1,0,none,baostock,query_history_k_data_plus
000429,SZSE.000429,,SZ,A股-深交所,2023-10-31,8.02,8.12,7.98,8.08,8.03,6871934,55305180.72,0.6227,0.5273,1,0,none,baostock,query_history_k_data_plus
000429,SZSE.000429,,SZ,A股-深交所,2023-11-01,8.12,8.2,8.02,8.11,8.08,9701700,78789647.17,0.3713,0.7444,1,0,none,baostock,query_history_k_data_plus
000429,SZSE.000429,,SZ,A股-深交所,2023-11-02,8.13,8.16,8.07,8.12,8.11,4692047,38118054.14,0.1233,0.36,1,0,none,baostock,query_history_k_data_plus
000429,SZSE.000429,,SZ,A股-深交所,2023-11-03,8.13,8.14,8.01,8.04,8.12,4914216,39674670.6,-0.9852,0.3771,1,0,none,baostock,query_history_k_data_plus
000429,SZSE.000429,,SZ,A股-深交所,2023-11-06,8.07,8.08,7.85,7.89,8.04,9991039,79095517.96,-1.8657,0.7666,1,0,none,baostock,query_history_k_data_plus
000429,SZSE.000429,,SZ,A股-深交所,2023-11-07,7.92,8.04,7.86,8.03,7.89,10110732,80638455.66,1.7744,0.7758,1,0,none,baostock,query_history_k_data_plus
000429,SZSE.000429,,SZ,A股-深交所,2023-11-08,8.01,8.1,7.96,8.09,8.03,4783755,38508612.75,0.7472,0.367,1,0,none,baostock,query_history_k_data_plus
000429,SZSE.000429,,SZ,A股-深交所,2023-11-09,8.09,8.17,8.04,8.16,8.09,3894352,31658191.93,0.8653,0.2988,1,0,none,baostock,query_history_k_data_plus
000429,SZSE.000429,,SZ,A股-深交所,2023-11-10,8.12,8.17,8.09,8.13,8.16,2848741,23147361.1,-0.3676,0.2186,1,0,none,baostock,query_history_k_data_plus
000429,SZSE.000429,,SZ,A股-深交所,2023-11-13,8.14,8.16,8.0,8.11,8.13,3413812,27516397.4,-0.246,0.2619,1,0,none,baostock,query_history_k_data_plus
000429,SZSE.000429,,SZ,A股-深交所,2023-11-14,8.1,8.12,8.04,8.11,8.11,2756236,22268538.24,0.0,0.2115,1,0,none,baostock,query_history_k_data_plus
000429,SZSE.000429,,SZ,A股-深交所,2023-11-15,8.12,8.12,8.01,8.07,8.11,3691408,29724710.56,-0.4932,0.2832,1,0,none,baostock,query_history_k_data_plus
000429,SZSE.000429,,SZ,A股-深交所,2023-11-16,8.05,8.14,8.02,8.12,8.07,3780700,30586850.0,0.6196,0.2901,1,0,none,baostock,query_history_k_data_plus
000429,SZSE.000429,,SZ,A股-深交所,2023-11-17,8.1,8.14,8.08,8.12,8.12,3411700,27671841.3,0.0,0.2618,1,0,none,baostock,query_history_k_data_plus
000429,SZSE.000429,,SZ,A股-深交所,2023-11-20,8.13,8.19,8.05,8.06,8.12,5984358,48619555.98,-0.7389,0.4592,1,0,none,baostock,query_history_k_data_plus
000429,SZSE.000429,,SZ,A股-深交所,2023-11-21,8.07,8.14,8.04,8.09,8.06,3215546,26038184.73,0.3722,0.2467,1,0,none,baostock,query_history_k_data_plus
000429,SZSE.000429,,SZ,A股-深交所,2023-11-22,8.12,8.24,8.09,8.14,8.09,6837797,55802115.46,0.618,0.5246,1,0,none,baostock,query_history_k_data_plus
000429,SZSE.000429,,SZ,A股-深交所,2023-11-23,8.14,8.16,8.02,8.09,8.14,8719700,70395820.0,-0.6143,0.669,1,0,none,baostock,query_history_k_data_plus
000429,SZSE.000429,,SZ,A股-深交所,2023-11-24,8.08,8.14,8.06,8.11,8.09,6763400,54875659.9,0.2472,0.5189,1,0,none,baostock,query_history_k_data_plus
000429,SZSE.000429,,SZ,A股-深交所,2023-11-27,8.09,8.12,8.01,8.02,8.11,8089724,65068180.39,-1.1097,0.6207,1,0,none,baostock,query_history_k_data_plus
000429,SZSE.000429,,SZ,A股-深交所,2023-11-28,8.03,8.04,7.95,8.01,8.02,5710700,45691155.0,-0.1247,0.4382,1,0,none,baostock,query_history_k_data_plus
000429,SZSE.000429,,SZ,A股-深交所,2023-11-29,8.0,8.04,7.98,8.01,8.01,2885872,23118164.0,0.0,0.2214,1,0,none,baostock,query_history_k_data_plus
000429,SZSE.000429,,SZ,A股-深交所,2023-11-30,8.03,8.06,7.99,8.03,8.01,6910625,55438417.0,0.2497,0.5302,1,0,none,baostock,query_history_k_data_plus
000429,SZSE.000429,,SZ,A股-深交所,2023-12-01,8.03,8.14,8.03,8.1,8.03,6632074,53682563.48,0.8717,0.5089,1,0,none,baostock,query_history_k_data_plus
000429,SZSE.000429,,SZ,A股-深交所,2023-12-04,8.11,8.26,8.03,8.24,8.1,14223150,115913617.49,1.7284,1.0913,1,0,none,baostock,query_history_k_data_plus
000429,SZSE.000429,,SZ,A股-深交所,2023-12-05,8.29,8.38,8.18,8.31,8.24,12455342,103362775.58,0.8495,0.9557,1,0,none,baostock,query_history_k_data_plus
000429,SZSE.000429,,SZ,A股-深交所,2023-12-06,8.32,8.38,8.2,8.36,8.31,8555100,71033478.01,0.6017,0.6564,1,0,none,baostock,query_history_k_data_plus
000429,SZSE.000429,,SZ,A股-深交所,2023-12-07,8.36,8.4,8.3,8.33,8.36,4742881,39560187.58,-0.3589,0.3639,1,0,none,baostock,query_history_k_data_plus
000429,SZSE.000429,,SZ,A股-深交所,2023-12-08,8.35,8.43,8.29,8.36,8.33,6269002,52381533.31,0.3601,0.481,1,0,none,baostock,query_history_k_data_plus
000429,SZSE.000429,,SZ,A股-深交所,2023-12-11,8.39,8.58,8.28,8.56,8.36,13200119,111771736.43,2.3923,1.0128,1,0,none,baostock,query_history_k_data_plus
000429,SZSE.000429,,SZ,A股-深交所,2023-12-12,8.54,8.73,8.52,8.66,8.56,14130864,122276042.65,1.1682,1.0842,1,0,none,baostock,query_history_k_data_plus
000429,SZSE.000429,,SZ,A股-深交所,2023-12-13,8.66,8.9,8.63,8.85,8.66,19092683,167726126.74,2.194,1.4649,1,0,none,baostock,query_history_k_data_plus
000429,SZSE.000429,,SZ,A股-深交所,2023-12-14,8.79,9.18,8.6,9.08,8.85,30107215,270659060.08,2.5989,2.31,1,0,none,baostock,query_history_k_data_plus
000429,SZSE.000429,,SZ,A股-深交所,2023-12-15,8.99,9.07,8.59,8.62,9.08,23267562,203546853.35,-5.0661,1.7852,1,0,none,baostock,query_history_k_data_plus
000429,SZSE.000429,,SZ,A股-深交所,2023-12-18,8.64,8.72,8.53,8.61,8.62,10081158,86575298.54,-0.116,0.7735,1,0,none,baostock,query_history_k_data_plus
000429,SZSE.000429,,SZ,A股-深交所,2023-12-19,8.59,8.63,8.51,8.57,8.61,8349604,71480051.98,-0.4646,0.6406,1,0,none,baostock,query_history_k_data_plus
000429,SZSE.000429,,SZ,A股-深交所,2023-12-20,8.59,8.66,8.53,8.55,8.57,7779350,66847320.66,-0.2334,0.5969,1,0,none,baostock,query_history_k_data_plus
000429,SZSE.000429,,SZ,A股-深交所,2023-12-21,8.55,8.55,8.38,8.46,8.55,11216082,94498839.95,-1.0526,0.8606,1,0,none,baostock,query_history_k_data_plus
000429,SZSE.000429,,SZ,A股-深交所,2023-12-22,8.45,8.57,8.39,8.48,8.46,9739145,82518621.27,0.2364,0.7473,1,0,none,baostock,query_history_k_data_plus
000429,SZSE.000429,,SZ,A股-深交所,2023-12-25,8.44,8.51,8.3,8.5,8.48,8010194,67094782.42,0.2358,0.6146,1,0,none,baostock,query_history_k_data_plus
000429,SZSE.000429,,SZ,A股-深交所,2023-12-26,8.5,8.63,8.44,8.5,8.5,9085844,77562201.67,0.0,0.6971,1,0,none,baostock,query_history_k_data_plus
000429,SZSE.000429,,SZ,A股-深交所,2023-12-27,8.53,8.62,8.46,8.6,8.5,7241062,62086893.27,1.1765,0.5556,1,0,none,baostock,query_history_k_data_plus
000429,SZSE.000429,,SZ,A股-深交所,2023-12-28,8.6,8.62,8.38,8.41,8.6,13108611,110577012.18,-2.2093,1.0058,1,0,none,baostock,query_history_k_data_plus
000429,SZSE.000429,,SZ,A股-深交所,2023-12-29,8.39,8.47,8.39,8.46,8.41,6751628,56877978.7,0.5945,0.518,1,0,none,baostock,query_history_k_data_plus
000429,SZSE.000429,,SZ,A股-深交所,2024-01-02,8.46,8.66,8.46,8.59,8.46,10068568,86584239.34,1.5366,0.7725,1,0,none,baostock,query_history_k_data_plus
000429,SZSE.000429,,SZ,A股-深交所,2024-01-03,8.55,8.79,8.55,8.76,8.59,12927116,112827603.37,1.979,0.9919,1,0,none,baostock,query_history_k_data_plus
000429,SZSE.000429,,SZ,A股-深交所,2024-01-04,8.74,8.86,8.7,8.84,8.76,8229142,72405668.86,0.9132,0.6314,1,0,none,baostock,query_history_k_data_plus
000429,SZSE.000429,,SZ,A股-深交所,2024-01-05,8.85,8.92,8.77,8.82,8.84,10215931,90311545.64,-0.2262,0.7838,1,0,none,baostock,query_history_k_data_plus
000429,SZSE.000429,,SZ,A股-深交所,2024-01-08,8.81,8.98,8.75,8.88,8.82,11606761,103146527.48,0.6803,0.8905,1,0,none,baostock,query_history_k_data_plus
000429,SZSE.000429,,SZ,A股-深交所,2024-01-09,8.84,8.98,8.76,8.95,8.88,6761227,60181673.12,0.7883,0.5188,1,0,none,baostock,query_history_k_data_plus
000429,SZSE.000429,,SZ,A股-深交所,2024-01-10,8.93,8.99,8.88,8.91,8.95,7374367,65932108.54,-0.4469,0.5658,1,0,none,baostock,query_history_k_data_plus
000429,SZSE.000429,,SZ,A股-深交所,2024-01-11,8.88,8.94,8.67,8.78,8.91,11842973,103894274.51,-1.459,0.9087,1,0,none,baostock,query_history_k_data_plus
000429,SZSE.000429,,SZ,A股-深交所,2024-01-12,8.78,8.97,8.73,8.9,8.78,8574125,76286115.92,1.3667,0.6579,1,0,none,baostock,query_history_k_data_plus
000429,SZSE.000429,,SZ,A股-深交所,2024-01-15,8.9,9.02,8.88,8.97,8.9,6374614,57148270.76,0.7865,0.4891,1,0,none,baostock,query_history_k_data_plus
000429,SZSE.000429,,SZ,A股-深交所,2024-01-16,8.98,9.05,8.89,9.03,8.97,5275900,47259436.0,0.6689,0.4048,1,0,none,baostock,query_history_k_data_plus
000429,SZSE.000429,,SZ,A股-深交所,2024-01-17,9.01,9.11,8.95,8.98,9.03,7154632,64643523.69,-0.5537,0.549,1,0,none,baostock,query_history_k_data_plus
000429,SZSE.000429,,SZ,A股-深交所,2024-01-18,8.92,8.95,8.7,8.91,8.98,8225100,72473354.86,-0.7795,0.6311,1,0,none,baostock,query_history_k_data_plus
000429,SZSE.000429,,SZ,A股-深交所,2024-01-19,8.91,8.98,8.86,8.92,8.91,4708631,42031124.23,0.1122,0.3613,1,0,none,baostock,query_history_k_data_plus
000429,SZSE.000429,,SZ,A股-深交所,2024-01-22,8.92,8.93,8.61,8.79,8.92,8702502,76727289.82,-1.4574,0.6677,1,0,none,baostock,query_history_k_data_plus
000429,SZSE.000429,,SZ,A股-深交所,2024-01-23,8.73,8.79,8.56,8.79,8.79,10098986,87554731.04,0.0,0.7749,1,0,none,baostock,query_history_k_data_plus
000429,SZSE.000429,,SZ,A股-深交所,2024-01-24,8.8,8.9,8.73,8.9,8.79,6915562,61084131.94,1.2514,0.5306,1,0,none,baostock,query_history_k_data_plus
000429,SZSE.000429,,SZ,A股-深交所,2024-01-25,9.02,9.07,8.76,8.83,8.9,15072874,133694788.83,-0.7865,1.1565,1,0,none,baostock,query_history_k_data_plus
000429,SZSE.000429,,SZ,A股-深交所,2024-01-26,8.82,9.07,8.82,9.07,8.83,13126597,118133305.02,2.718,1.0072,1,0,none,baostock,query_history_k_data_plus
000429,SZSE.000429,,SZ,A股-深交所,2024-01-29,9.1,9.18,8.98,9.11,9.07,14101313,128403290.59,0.441,1.0819,1,0,none,baostock,query_history_k_data_plus
000429,SZSE.000429,,SZ,A股-深交所,2024-01-30,9.08,9.22,8.99,9.1,9.11,13232235,120816581.81,-0.1098,1.0153,1,0,none,baostock,query_history_k_data_plus
000429,SZSE.000429,,SZ,A股-深交所,2024-01-31,9.05,9.17,9.0,9.14,9.1,9414356,85690827.46,0.4396,0.7223,1,0,none,baostock,query_history_k_data_plus
000429,SZSE.000429,,SZ,A股-深交所,2024-02-01,9.09,9.36,9.03,9.15,9.14,15235409,140039349.18,0.1094,1.169,1,0,none,baostock,query_history_k_data_plus
000429,SZSE.000429,,SZ,A股-深交所,2024-02-02,9.16,9.38,9.04,9.35,9.15,15597214,143985203.35,2.1858,1.1967,1,0,none,baostock,query_history_k_data_plus
000429,SZSE.000429,,SZ,A股-深交所,2024-02-05,9.32,9.85,9.18,9.75,9.35,20071554,192126794.87,4.2781,1.54,1,0,none,baostock,query_history_k_data_plus
000429,SZSE.000429,,SZ,A股-深交所,2024-02-06,9.58,9.8,9.45,9.56,9.75,18498495,177724459.95,-1.9487,1.4193,1,0,none,baostock,query_history_k_data_plus
000429,SZSE.000429,,SZ,A股-深交所,2024-02-07,9.56,9.56,9.19,9.56,9.56,19751012,184906860.98,0.0,1.5154,1,0,none,baostock,query_history_k_data_plus
000429,SZSE.000429,,SZ,A股-深交所,2024-02-08,9.35,9.52,8.99,9.5,9.56,16541356,153844464.56,-0.6276,1.2692,1,0,none,baostock,query_history_k_data_plus
000429,SZSE.000429,,SZ,A股-深交所,2024-02-19,9.38,9.78,9.22,9.7,9.5,17253884,165237728.57,2.1053,1.3238,1,0,none,baostock,query_history_k_data_plus
000429,SZSE.000429,,SZ,A股-深交所,2024-02-20,9.61,9.93,9.61,9.91,9.7,10735011,105094657.89,2.1649,0.8237,1,0,none,baostock,query_history_k_data_plus
000429,SZSE.000429,,SZ,A股-深交所,2024-02-21,9.83,9.99,9.68,9.89,9.91,16319475,159448170.84,-0.2018,1.2521,1,0,none,baostock,query_history_k_data_plus
000429,SZSE.000429,,SZ,A股-深交所,2024-02-22,9.79,10.04,9.76,10.02,9.89,9077380,90304119.3,1.3145,0.6965,1,0,none,baostock,query_history_k_data_plus
000429,SZSE.000429,,SZ,A股-深交所,2024-02-23,9.99,10.05,9.84,9.88,10.02,10292417,102473781.99,-1.3972,0.7897,1,0,none,baostock,query_history_k_data_plus
000429,SZSE.000429,,SZ,A股-深交所,2024-02-26,9.85,9.87,9.35,9.49,9.88,23027887,218965700.66,-3.9474,1.7669,1,0,none,baostock,query_history_k_data_plus
000429,SZSE.000429,,SZ,A股-深交所,2024-02-27,9.42,9.58,9.36,9.52,9.49,14296677,135611139.21,0.3161,1.0969,1,0,none,baostock,query_history_k_data_plus
000429,SZSE.000429,,SZ,A股-深交所,2024-02-28,9.5,9.81,9.41,9.73,9.52,14431200,138993358.02,2.2059,1.1073,1,0,none,baostock,query_history_k_data_plus
000429,SZSE.000429,,SZ,A股-深交所,2024-02-29,9.66,9.74,9.41,9.62,9.73,16411870,156749401.7,-1.1305,1.2592,1,0,none,baostock,query_history_k_data_plus
000429,SZSE.000429,,SZ,A股-深交所,2024-03-01,9.58,9.66,9.43,9.62,9.62,15138244,144901775.88,0.0,1.1615,1,0,none,baostock,query_history_k_data_plus
000429,SZSE.000429,,SZ,A股-深交所,2024-03-04,9.6,9.71,9.49,9.65,9.62,11645868,111762918.4,0.3119,0.8935,1,0,none,baostock,query_history_k_data_plus
000429,SZSE.000429,,SZ,A股-深交所,2024-03-05,9.63,9.8,9.6,9.8,9.65,11750784,114487669.01,1.5544,0.9016,1,0,none,baostock,query_history_k_data_plus
000429,SZSE.000429,,SZ,A股-深交所,2024-03-06,9.77,9.96,9.76,9.89,9.8,11220653,110775178.25,0.9184,0.8609,1,0,none,baostock,query_history_k_data_plus
000429,SZSE.000429,,SZ,A股-深交所,2024-03-07,9.88,10.1,9.8,10.07,9.89,11855328,118560703.55,1.82,0.9096,1,0,none,baostock,query_history_k_data_plus
000429,SZSE.000429,,SZ,A股-深交所,2024-03-08,10.01,10.24,9.98,10.14,10.07,13604907,137675625.44,0.6951,1.0439,1,0,none,baostock,query_history_k_data_plus
000429,SZSE.000429,,SZ,A股-深交所,2024-03-11,10.07,10.15,9.69,9.8,10.14,15630950,153759624.48,-3.3531,1.1993,1,0,none,baostock,query_history_k_data_plus
000429,SZSE.000429,,SZ,A股-深交所,2024-03-12,9.76,9.81,9.57,9.65,9.8,14408673,139447317.34,-1.5306,1.1055,1,0,none,baostock,query_history_k_data_plus
000429,SZSE.000429,,SZ,A股-深交所,2024-03-13,9.64,9.65,9.49,9.6,9.65,10996202,105300440.87,-0.5181,0.8437,1,0,none,baostock,query_history_k_data_plus
000429,SZSE.000429,,SZ,A股-深交所,2024-03-14,9.62,9.75,9.58,9.64,9.6,9310733,90038718.21,0.4167,0.7144,1,0,none,baostock,query_history_k_data_plus
000429,SZSE.000429,,SZ,A股-深交所,2024-03-15,9.61,9.67,9.46,9.66,9.64,10398462,99457267.2,0.2075,0.7978,1,0,none,baostock,query_history_k_data_plus
000429,SZSE.000429,,SZ,A股-深交所,2024-03-18,9.76,9.81,9.47,9.72,9.66,16722662,161166738.9,0.6211,1.2831,1,0,none,baostock,query_history_k_data_plus
000429,SZSE.000429,,SZ,A股-深交所,2024-03-19,9.69,9.76,9.6,9.6,9.72,7449084,71972593.48,-1.2346,0.5715,1,0,none,baostock,query_history_k_data_plus
000429,SZSE.000429,,SZ,A股-深交所,2024-03-20,9.6,9.73,9.55,9.65,9.6,5537481,53386011.0,0.5208,0.4249,1,0,none,baostock,query_history_k_data_plus
000429,SZSE.000429,,SZ,A股-深交所,2024-03-21,9.64,9.69,9.59,9.6,9.65,5335000,51383817.31,-0.5181,0.4093,1,0,none,baostock,query_history_k_data_plus
000429,SZSE.000429,,SZ,A股-深交所,2024-03-22,9.6,9.66,9.52,9.65,9.6,6382729,61097650.88,0.5208,0.4897,1,0,none,baostock,query_history_k_data_plus
000429,SZSE.000429,,SZ,A股-深交所,2024-03-25,9.56,9.88,9.56,9.76,9.65,13879533,135769674.86,1.1399,1.0649,1,0,none,baostock,query_history_k_data_plus
000429,SZSE.000429,,SZ,A股-深交所,2024-03-26,9.75,9.89,9.66,9.88,9.76,11630204,114115957.24,1.2295,0.8923,1,0,none,baostock,query_history_k_data_plus
000429,SZSE.000429,,SZ,A股-深交所,2024-03-27,9.86,9.88,9.74,9.78,9.88,7857000,77107316.5,-1.0121,0.6028,1,0,none,baostock,query_history_k_data_plus
000429,SZSE.000429,,SZ,A股-深交所,2024-03-28,9.77,9.89,9.69,9.82,9.78,8440630,82757291.7,0.409,0.6476,1,0,none,baostock,query_history_k_data_plus
000429,SZSE.000429,,SZ,A股-深交所,2024-03-29,9.83,10.02,9.79,10.01,9.82,10714263,106558068.13,1.9348,0.8221,1,0,none,baostock,query_history_k_data_plus
000429,SZSE.000429,,SZ,A股-深交所,2024-04-01,10.01,10.03,9.73,9.95,10.01,13209703,130157136.17,-0.5994,1.0135,1,0,none,baostock,query_history_k_data_plus
000429,SZSE.000429,,SZ,A股-深交所,2024-04-02,9.89,10.08,9.85,9.92,9.95,11818255,117973095.27,-0.3015,0.9068,1,0,none,baostock,query_history_k_data_plus
000429,SZSE.000429,,SZ,A股-深交所,2024-04-03,9.94,10.06,9.87,9.99,9.92,10267535,102338910.62,0.7056,0.7878,1,0,none,baostock,query_history_k_data_plus
000429,SZSE.000429,,SZ,A股-深交所,2024-04-08,9.95,10.12,9.95,10.03,9.99,9459000,95122063.87,0.4004,0.7258,1,0,none,baostock,query_history_k_data_plus
000429,SZSE.000429,,SZ,A股-深交所,2024-04-09,10.06,10.06,9.9,9.91,10.03,7311454,72768561.84,-1.1964,0.561,1,0,none,baostock,query_history_k_data_plus
000429,SZSE.000429,,SZ,A股-深交所,2024-04-10,9.9,10.12,9.89,10.05,9.91,11629429,116648722.9,1.4127,0.8923,1,0,none,baostock,query_history_k_data_plus
000429,SZSE.000429,,SZ,A股-深交所,2024-04-11,10.0,10.17,9.97,10.16,10.05,8289273,83732229.38,1.0945,0.636,1,0,none,baostock,query_history_k_data_plus
000429,SZSE.000429,,SZ,A股-深交所,2024-04-12,10.16,10.27,10.09,10.19,10.16,7071580,72149659.6,0.2953,0.5426,1,0,none,baostock,query_history_k_data_plus
000429,SZSE.000429,,SZ,A股-深交所,2024-04-15,10.22,10.51,10.19,10.51,10.19,12231979,127320697.95,3.1403,0.9385,1,0,none,baostock,query_history_k_data_plus
000429,SZSE.000429,,SZ,A股-深交所,2024-04-16,10.46,10.6,10.36,10.37,10.51,11928669,125056599.43,-1.3321,0.9152,1,0,none,baostock,query_history_k_data_plus
000429,SZSE.000429,,SZ,A股-深交所,2024-04-17,10.35,10.55,10.25,10.54,10.37,10306712,107694334.5,1.6393,0.7908,1,0,none,baostock,query_history_k_data_plus
000429,SZSE.000429,,SZ,A股-深交所,2024-04-18,10.54,10.73,10.4,10.54,10.54,8453841,89053474.85,0.0,0.6486,1,0,none,baostock,query_history_k_data_plus
000429,SZSE.000429,,SZ,A股-深交所,2024-04-19,10.54,10.74,10.48,10.66,10.54,9928269,105745174.16,1.1385,0.7618,1,0,none,baostock,query_history_k_data_plus
000429,SZSE.000429,,SZ,A股-深交所,2024-04-22,10.66,10.84,10.52,10.59,10.66,10047101,107145138.77,-0.6567,0.7709,1,0,none,baostock,query_history_k_data_plus
000429,SZSE.000429,,SZ,A股-深交所,2024-04-23,10.53,10.69,10.42,10.43,10.59,7351980,77317211.41,-1.5109,0.5641,1,0,none,baostock,query_history_k_data_plus
000429,SZSE.000429,,SZ,A股-深交所,2024-04-24,10.45,10.65,10.45,10.63,10.43,6808502,71973330.2,1.9175,0.5224,1,0,none,baostock,query_history_k_data_plus
000429,SZSE.000429,,SZ,A股-深交所,2024-04-25,10.59,10.75,10.51,10.72,10.63,6001710,64078284.84,0.8467,0.4605,1,0,none,baostock,query_history_k_data_plus
000429,SZSE.000429,,SZ,A股-深交所,2024-04-26,10.69,10.76,10.24,10.35,10.72,21070826,219182160.12,-3.4515,1.6167,1,0,none,baostock,query_history_k_data_plus
000429,SZSE.000429,,SZ,A股-深交所,2024-04-29,10.23,10.35,10.03,10.15,10.35,15688673,159303830.97,-1.9324,1.2037,1,0,none,baostock,query_history_k_data_plus
000429,SZSE.000429,,SZ,A股-深交所,2024-04-30,10.05,10.33,10.03,10.26,10.15,10964603,112135699.14,1.0837,0.8413,1,0,none,baostock,query_history_k_data_plus
000429,SZSE.000429,,SZ,A股-深交所,2024-05-06,10.18,10.45,9.94,10.39,10.26,29536804,299554527.76,1.2671,2.2663,1,0,none,baostock,query_history_k_data_plus
000429,SZSE.000429,,SZ,A股-深交所,2024-05-07,10.25,10.37,10.14,10.26,10.39,12171386,124875834.54,-1.2512,0.9339,1,0,none,baostock,query_history_k_data_plus
000429,SZSE.000429,,SZ,A股-深交所,2024-05-08,10.26,10.34,10.23,10.28,10.26,5690146,58525100.68,0.1949,0.4366,1,0,none,baostock,query_history_k_data_plus
000429,SZSE.000429,,SZ,A股-深交所,2024-05-09,10.24,10.32,10.2,10.29,10.28,6797975,69844207.82,0.0973,0.5216,1,0,none,baostock,query_history_k_data_plus
000429,SZSE.000429,,SZ,A股-深交所,2024-05-10,10.29,10.33,10.24,10.31,10.29,5777250,59447781.5,0.1944,0.4433,1,0,none,baostock,query_history_k_data_plus
000429,SZSE.000429,,SZ,A股-深交所,2024-05-13,10.3,10.44,10.17,10.41,10.31,10872000,112316020.7,0.9699,0.8342,1,0,none,baostock,query_history_k_data_plus
000429,SZSE.000429,,SZ,A股-深交所,2024-05-14,10.38,10.43,10.32,10.41,10.41,5721097,59405737.2,0.0,0.439,1,0,none,baostock,query_history_k_data_plus
000429,SZSE.000429,,SZ,A股-深交所,2024-05-15,10.41,10.48,10.36,10.41,10.41,6404373,66698738.0,0.0,0.4914,1,0,none,baostock,query_history_k_data_plus
000429,SZSE.000429,,SZ,A股-深交所,2024-05-16,10.43,10.45,10.18,10.21,10.41,11786100,120818530.87,-1.9212,0.9043,1,0,none,baostock,query_history_k_data_plus
000429,SZSE.000429,,SZ,A股-深交所,2024-05-17,10.19,10.32,10.18,10.3,10.21,6415501,65865778.19,0.8815,0.4922,1,0,none,baostock,query_history_k_data_plus
000429,SZSE.000429,,SZ,A股-深交所,2024-05-20,10.32,10.38,10.21,10.28,10.3,7000259,72012975.48,-0.1942,0.5371,1,0,none,baostock,query_history_k_data_plus
000429,SZSE.000429,,SZ,A股-深交所,2024-05-21,10.28,10.34,10.24,10.33,10.28,6469752,66539584.93,0.4864,0.4964,1,0,none,baostock,query_history_k_data_plus
000429,SZSE.000429,,SZ,A股-深交所,2024-05-22,10.33,10.47,10.31,10.35,10.33,7901798,82223513.1,0.1936,0.6063,1,0,none,baostock,query_history_k_data_plus
000429,SZSE.000429,,SZ,A股-深交所,2024-05-23,10.32,10.39,10.23,10.3,10.35,5732900,59114256.0,-0.4831,0.4399,1,0,none,baostock,query_history_k_data_plus
000429,SZSE.000429,,SZ,A股-深交所,2024-05-24,10.29,10.42,10.26,10.33,10.3,5367184,55589233.34,0.2913,0.4118,1,0,none,baostock,query_history_k_data_plus
000429,SZSE.000429,,SZ,A股-深交所,2024-05-27,10.35,10.49,10.32,10.41,10.33,8360939,86992283.59,0.7744,0.6415,1,0,none,baostock,query_history_k_data_plus
000429,SZSE.000429,,SZ,A股-深交所,2024-05-28,10.41,10.43,10.3,10.4,10.41,7228395,74795870.0,-0.0961,0.5546,1,0,none,baostock,query_history_k_data_plus
000429,SZSE.000429,,SZ,A股-深交所,2024-05-29,10.39,10.47,10.36,10.38,10.4,5815438,60514650.24,-0.1923,0.4462,1,0,none,baostock,query_history_k_data_plus
000429,SZSE.000429,,SZ,A股-深交所,2024-05-30,10.38,10.38,10.16,10.19,10.38,8694926,89071699.38,-1.8304,0.6671,1,0,none,baostock,query_history_k_data_plus
000429,SZSE.000429,,SZ,A股-深交所,2024-05-31,10.2,10.24,10.16,10.18,10.19,4347788,44314565.2,-0.0981,0.3336,1,0,none,baostock,query_history_k_data_plus
000429,SZSE.000429,,SZ,A股-深交所,2024-06-03,10.18,10.28,10.16,10.21,10.18,8105740,82781847.82,0.2947,0.6219,1,0,none,baostock,query_history_k_data_plus
000429,SZSE.000429,,SZ,A股-深交所,2024-06-04,10.21,10.43,10.18,10.42,10.21,9214224,95072988.43,2.0568,0.707,1,0,none,baostock,query_history_k_data_plus
000429,SZSE.000429,,SZ,A股-深交所,2024-06-05,10.41,10.49,10.19,10.24,10.42,9035032,93567803.68,-1.7274,0.6932,1,0,none,baostock,query_history_k_data_plus
000429,SZSE.000429,,SZ,A股-深交所,2024-06-06,10.26,10.42,10.22,10.35,10.24,8435493,87320292.44,1.0742,0.6472,1,0,none,baostock,query_history_k_data_plus
000429,SZSE.000429,,SZ,A股-深交所,2024-06-07,10.41,10.54,10.35,10.53,10.35,9605084,100513870.21,1.7391,0.737,1,0,none,baostock,query_history_k_data_plus
000429,SZSE.000429,,SZ,A股-深交所,2024-06-11,10.53,10.56,10.24,10.31,10.53,9619280,99683638.8,-2.0893,0.7381,1,0,none,baostock,query_history_k_data_plus
000429,SZSE.000429,,SZ,A股-深交所,2024-06-12,10.31,10.43,10.28,10.42,10.31,6707475,69515808.0,1.0669,0.5146,1,0,none,baostock,query_history_k_data_plus
000429,SZSE.000429,,SZ,A股-深交所,2024-06-13,10.37,10.4,10.18,10.21,10.42,11061131,113410925.58,-2.0154,0.8487,1,0,none,baostock,query_history_k_data_plus
000429,SZSE.000429,,SZ,A股-深交所,2024-06-14,10.2,10.35,10.17,10.27,10.21,14201160,145880221.84,0.5877,1.0896,1,0,none,baostock,query_history_k_data_plus
000429,SZSE.000429,,SZ,A股-深交所,2024-06-17,10.27,10.45,10.23,10.36,10.27,11049395,114488074.79,0.8763,0.8478,1,0,none,baostock,query_history_k_data_plus
000429,SZSE.000429,,SZ,A股-深交所,2024-06-18,10.36,10.66,10.33,10.6,10.36,12021025,126944729.82,2.3166,0.9223,1,0,none,baostock,query_history_k_data_plus
000429,SZSE.000429,,SZ,A股-深交所,2024-06-19,10.6,10.67,10.51,10.53,10.6,5551676,58713625.59,-0.6604,0.426,1,0,none,baostock,query_history_k_data_plus
000429,SZSE.000429,,SZ,A股-深交所,2024-06-20,10.52,10.62,10.45,10.51,10.53,4325306,45492829.74,-0.1899,0.3319,1,0,none,baostock,query_history_k_data_plus
000429,SZSE.000429,,SZ,A股-深交所,2024-06-21,10.51,10.57,10.36,10.46,10.51,8993372,93856993.0,-0.4757,0.69,1,0,none,baostock,query_history_k_data_plus
000429,SZSE.000429,,SZ,A股-深交所,2024-06-24,10.4,10.45,10.26,10.31,10.46,7767591,80306430.21,-1.434,0.596,1,0,none,baostock,query_history_k_data_plus
000429,SZSE.000429,,SZ,A股-深交所,2024-06-25,10.3,10.39,10.3,10.35,10.31,7460100,77199628.0,0.388,0.5724,1,0,none,baostock,query_history_k_data_plus
000429,SZSE.000429,,SZ,A股-深交所,2024-06-26,10.32,10.38,10.2,10.25,10.35,7973558,81791552.77,-0.9662,0.6118,1,0,none,baostock,query_history_k_data_plus
000429,SZSE.000429,,SZ,A股-深交所,2024-06-27,10.26,10.35,10.2,10.34,10.25,7584642,77990819.39,0.878,0.5819,1,0,none,baostock,query_history_k_data_plus
000429,SZSE.000429,,SZ,A股-深交所,2024-06-28,10.29,10.47,10.29,10.41,10.34,10487258,109027173.32,0.677,0.8047,1,0,none,baostock,query_history_k_data_plus
000429,SZSE.000429,,SZ,A股-深交所,2024-07-01,10.42,10.55,10.39,10.48,10.41,12047517,126329263.67,0.6724,0.9244,1,0,none,baostock,query_history_k_data_plus
000429,SZSE.000429,,SZ,A股-深交所,2024-07-02,10.48,10.64,10.39,10.63,10.48,13057272,137617523.07,1.4313,1.0018,1,0,none,baostock,query_history_k_data_plus
000429,SZSE.000429,,SZ,A股-深交所,2024-07-03,10.58,10.89,10.57,10.85,10.63,15306064,165261589.2,2.0696,1.1744,1,0,none,baostock,query_history_k_data_plus
000429,SZSE.000429,,SZ,A股-深交所,2024-07-04,10.82,11.05,10.82,11.03,10.85,15371854,168817772.78,1.659,1.1794,1,0,none,baostock,query_history_k_data_plus
000429,SZSE.000429,,SZ,A股-深交所,2024-07-05,11.05,11.23,11.03,11.17,11.03,19457015,216629526.08,1.2693,1.4929,1,0,none,baostock,query_history_k_data_plus
000429,SZSE.000429,,SZ,A股-深交所,2024-07-08,11.1,11.22,11.07,11.1,11.17,9290200,103347744.36,-0.6267,0.7128,1,0,none,baostock,query_history_k_data_plus
000429,SZSE.000429,,SZ,A股-深交所,2024-07-09,11.08,11.37,11.03,11.35,11.1,11008099,123404736.63,2.2523,0.8446,1,0,none,baostock,query_history_k_data_plus
000429,SZSE.000429,,SZ,A股-深交所,2024-07-10,11.35,11.37,11.11,11.13,11.35,8266416,92691337.28,-1.9383,0.6343,1,0,none,baostock,query_history_k_data_plus
000429,SZSE.000429,,SZ,A股-深交所,2024-07-11,11.15,11.18,10.85,10.9,11.13,12115482,132830726.15,-2.0665,0.9296,1,0,none,baostock,query_history_k_data_plus
000429,SZSE.000429,,SZ,A股-深交所,2024-07-12,10.91,11.05,10.9,11.02,10.9,11180226,122752174.94,1.1009,0.8578,1,0,none,baostock,query_history_k_data_plus
000429,SZSE.000429,,SZ,A股-深交所,2024-07-15,10.41,10.47,10.11,10.44,10.47,14191674,147203363.29,-0.2865,1.0889,1,0,none,baostock,query_history_k_data_plus
000429,SZSE.000429,,SZ,A股-深交所,2024-07-16,10.44,10.5,10.28,10.38,10.44,8041857,83221049.33,-0.5747,0.617,1,0,none,baostock,query_history_k_data_plus
000429,SZSE.000429,,SZ,A股-深交所,2024-07-17,10.36,10.37,10.2,10.24,10.38,7910822,81077932.55,-1.3487,0.607,1,0,none,baostock,query_history_k_data_plus
000429,SZSE.000429,,SZ,A股-深交所,2024-07-18,10.19,10.4,10.15,10.4,10.24,8016914,82459456.05,1.5625,0.6151,1,0,none,baostock,query_history_k_data_plus
000429,SZSE.000429,,SZ,A股-深交所,2024-07-19,10.34,10.41,10.22,10.29,10.4,7937400,81643557.0,-1.0577,0.609,1,0,none,baostock,query_history_k_data_plus
000429,SZSE.000429,,SZ,A股-深交所,2024-07-22,10.31,10.32,10.07,10.16,10.29,8593700,87219954.0,-1.2634,0.6594,1,0,none,baostock,query_history_k_data_plus
000429,SZSE.000429,,SZ,A股-深交所,2024-07-23,10.13,10.21,10.07,10.1,10.16,7203111,73099247.69,-0.5906,0.5527,1,0,none,baostock,query_history_k_data_plus
000429,SZSE.000429,,SZ,A股-深交所,2024-07-24,10.05,10.25,9.95,10.22,10.1,14911847,151316738.6,1.1881,1.1441,1,0,none,baostock,query_history_k_data_plus
000429,SZSE.000429,,SZ,A股-深交所,2024-07-25,10.22,10.51,10.13,10.42,10.22,19025667,196666835.83,1.9569,1.4598,1,0,none,baostock,query_history_k_data_plus
000429,SZSE.000429,,SZ,A股-深交所,2024-07-26,10.39,10.44,10.11,10.36,10.42,14466330,148073309.24,-0.5758,1.11,1,0,none,baostock,query_history_k_data_plus
000429,SZSE.000429,,SZ,A股-深交所,2024-07-29,10.32,10.6,10.3,10.59,10.36,11440526,119434522.14,2.2201,0.8778,1,0,none,baostock,query_history_k_data_plus
000429,SZSE.000429,,SZ,A股-深交所,2024-07-30,10.55,10.88,10.52,10.87,10.59,14214827,152619032.49,2.644,1.0907,1,0,none,baostock,query_history_k_data_plus
000429,SZSE.000429,,SZ,A股-深交所,2024-07-31,10.83,10.94,10.59,10.84,10.87,21138608,227807771.72,-0.276,1.6219,1,0,none,baostock,query_history_k_data_plus
000429,SZSE.000429,,SZ,A股-深交所,2024-08-01,10.74,11.25,10.71,11.18,10.84,20235920,224864829.59,3.1365,1.5526,1,0,none,baostock,query_history_k_data_plus
000429,SZSE.000429,,SZ,A股-深交所,2024-08-02,11.13,11.32,11.05,11.27,11.18,9995263,112134128.12,0.805,0.7669,1,0,none,baostock,query_history_k_data_plus
000429,SZSE.000429,,SZ,A股-深交所,2024-08-05,11.21,11.28,11.05,11.1,11.27,11035600,123143928.0,-1.5084,0.8467,1,0,none,baostock,query_history_k_data_plus
000429,SZSE.000429,,SZ,A股-深交所,2024-08-06,11.08,11.12,10.48,10.53,11.1,16375343,174942683.02,-5.1351,1.2564,1,0,none,baostock,query_history_k_data_plus
000429,SZSE.000429,,SZ,A股-深交所,2024-08-07,10.45,10.54,10.34,10.37,10.53,13243746,138296475.38,-1.5195,1.0161,1,0,none,baostock,query_history_k_data_plus
000429,SZSE.000429,,SZ,A股-深交所,2024-08-08,10.34,10.62,10.32,10.56,10.37,9907543,104448403.77,1.8322,0.7602,1,0,none,baostock,query_history_k_data_plus
000429,SZSE.000429,,SZ,A股-深交所,2024-08-09,10.59,10.63,10.39,10.41,10.56,5659500,59305154.0,-1.4205,0.4342,1,0,none,baostock,query_history_k_data_plus
000429,SZSE.000429,,SZ,A股-深交所,2024-08-12,10.41,10.54,10.34,10.53,10.41,6454583,67435366.44,1.1527,0.4952,1,0,none,baostock,query_history_k_data_plus
000429,SZSE.000429,,SZ,A股-深交所,2024-08-13,10.54,10.78,10.51,10.72,10.53,11446830,122171402.5,1.8044,0.8783,1,0,none,baostock,query_history_k_data_plus
000429,SZSE.000429,,SZ,A股-深交所,2024-08-14,10.69,10.99,10.62,10.92,10.72,8957377,97335334.27,1.8657,0.6873,1,0,none,baostock,query_history_k_data_plus
000429,SZSE.000429,,SZ,A股-深交所,2024-08-15,10.93,11.15,10.85,11.12,10.92,12349372,135822836.07,1.8315,0.9475,1,0,none,baostock,query_history_k_data_plus
000429,SZSE.000429,,SZ,A股-深交所,2024-08-16,11.05,11.23,11.0,11.07,11.12,11857526,131851343.56,-0.4496,0.9098,1,0,none,baostock,query_history_k_data_plus
000429,SZSE.000429,,SZ,A股-深交所,2024-08-19,11.03,11.17,10.98,11.15,11.07,8269743,91816179.35,0.7227,0.6345,1,0,none,baostock,query_history_k_data_plus
000429,SZSE.000429,,SZ,A股-深交所,2024-08-20,11.16,11.26,11.06,11.13,11.15,9406794,104722213.63,-0.1794,0.7218,1,0,none,baostock,query_history_k_data_plus
000429,SZSE.000429,,SZ,A股-深交所,2024-08-21,11.08,11.27,11.04,11.24,11.13,11159988,124686998.05,0.9883,0.8563,1,0,none,baostock,query_history_k_data_plus
000429,SZSE.000429,,SZ,A股-深交所,2024-08-22,11.23,11.48,11.2,11.44,11.24,11716211,133367952.99,1.7794,0.8989,1,0,none,baostock,query_history_k_data_plus
000429,SZSE.000429,,SZ,A股-深交所,2024-08-23,11.4,11.49,11.09,11.47,11.44,14180724,160366294.32,0.2622,1.088,1,0,none,baostock,query_history_k_data_plus
000429,SZSE.000429,,SZ,A股-深交所,2024-08-26,11.38,11.44,10.89,11.26,11.47,22586567,252505563.59,-1.8309,1.733,1,0,none,baostock,query_history_k_data_plus
000429,SZSE.000429,,SZ,A股-深交所,2024-08-27,11.16,11.36,11.14,11.35,11.26,7172573,81114003.86,0.7993,0.5503,1,0,none,baostock,query_history_k_data_plus
000429,SZSE.000429,,SZ,A股-深交所,2024-08-28,11.35,11.42,11.22,11.38,11.35,7079636,80416165.6,0.2643,0.5432,1,0,none,baostock,query_history_k_data_plus
000429,SZSE.000429,,SZ,A股-深交所,2024-08-29,11.38,11.4,11.11,11.26,11.38,11271984,126150118.18,-1.0545,0.8649,1,0,none,baostock,query_history_k_data_plus
000429,SZSE.000429,,SZ,A股-深交所,2024-08-30,11.07,11.14,10.71,11.04,11.26,18676343,205138063.55,-1.9538,1.433,1,0,none,baostock,query_history_k_data_plus
000429,SZSE.000429,,SZ,A股-深交所,2024-09-02,11.0,11.42,10.96,11.32,11.04,13681146,153841374.63,2.5362,1.0497,1,0,none,baostock,query_history_k_data_plus
000429,SZSE.000429,,SZ,A股-深交所,2024-09-03,11.36,11.45,10.96,11.3,11.32,10117097,113095750.57,-0.1767,0.7762,1,0,none,baostock,query_history_k_data_plus
000429,SZSE.000429,,SZ,A股-深交所,2024-09-04,11.21,11.48,11.09,11.46,11.3,9605494,109054786.17,1.4159,0.737,1,0,none,baostock,query_history_k_data_plus
000429,SZSE.000429,,SZ,A股-深交所,2024-09-05,11.48,11.57,11.25,11.55,11.46,7630177,87473029.09,0.7853,0.5854,1,0,none,baostock,query_history_k_data_plus
000429,SZSE.000429,,SZ,A股-深交所,2024-09-06,11.5,11.77,11.48,11.68,11.55,5772375,67252540.5,1.1255,0.4429,1,0,none,baostock,query_history_k_data_plus
000429,SZSE.000429,,SZ,A股-深交所,2024-09-09,11.64,11.7,11.34,11.68,11.68,8686671,100400156.31,0.0,0.6665,1,0,none,baostock,query_history_k_data_plus
000429,SZSE.000429,,SZ,A股-深交所,2024-09-10,11.67,11.85,11.47,11.8,11.68,6833564,79865938.4,1.0274,0.5243,1,0,none,baostock,query_history_k_data_plus
000429,SZSE.000429,,SZ,A股-深交所,2024-09-11,11.74,11.79,11.23,11.41,11.8,14601500,167349816.5,-3.3051,1.1203,1,0,none,baostock,query_history_k_data_plus
000429,SZSE.000429,,SZ,A股-深交所,2024-09-12,11.37,11.56,11.18,11.5,11.41,11304468,128493410.2,0.7888,0.8674,1,0,none,baostock,query_history_k_data_plus
000429,SZSE.000429,,SZ,A股-深交所,2024-09-13,11.49,11.65,11.29,11.32,11.5,9046810,103123660.0,-1.5652,0.6941,1,0,none,baostock,query_history_k_data_plus
000429,SZSE.000429,,SZ,A股-深交所,2024-09-18,11.28,11.35,11.04,11.12,11.32,11113000,124074821.0,-1.7668,0.8527,1,0,none,baostock,query_history_k_data_plus
000429,SZSE.000429,,SZ,A股-深交所,2024-09-19,11.15,11.17,10.71,10.93,11.12,10008311,108892648.57,-1.7086,0.7679,1,0,none,baostock,query_history_k_data_plus
000429,SZSE.000429,,SZ,A股-深交所,2024-09-20,10.91,11.07,10.86,10.91,10.93,8120524,88880760.74,-0.183,0.6231,1,0,none,baostock,query_history_k_data_plus
000429,SZSE.000429,,SZ,A股-深交所,2024-09-23,10.91,10.93,10.72,10.76,10.91,9618900,103952941.0,-1.3749,0.738,1,0,none,baostock,query_history_k_data_plus
000429,SZSE.000429,,SZ,A股-深交所,2024-09-24,10.78,11.03,10.56,11.02,10.76,12525245,135886130.07,2.4164,0.961,1,0,none,baostock,query_history_k_data_plus
000429,SZSE.000429,,SZ,A股-深交所,2024-09-25,11.05,11.23,10.89,11.02,11.02,13932272,154216713.2,0.0,1.069,1,0,none,baostock,query_history_k_data_plus
000429,SZSE.000429,,SZ,A股-深交所,2024-09-26,11.0,11.02,10.71,11.01,11.02,14282135,154903547.67,-0.0907,1.0958,1,0,none,baostock,query_history_k_data_plus
000429,SZSE.000429,,SZ,A股-深交所,2024-09-27,11.0,11.07,10.54,10.76,11.01,27225852,292527075.97,-2.2707,2.0889,1,0,none,baostock,query_history_k_data_plus
000429,SZSE.000429,,SZ,A股-深交所,2024-09-30,10.77,11.5,10.74,11.38,10.76,45355609,503094039.14,5.7621,3.48,1,0,none,baostock,query_history_k_data_plus
000429,SZSE.000429,,SZ,A股-深交所,2024-10-08,12.25,12.47,10.94,11.13,11.38,51789249,593371265.37,-2.1968,3.9736,1,0,none,baostock,query_history_k_data_plus
000429,SZSE.000429,,SZ,A股-深交所,2024-10-09,11.02,11.12,10.47,10.48,11.13,29657235,319772103.09,-5.8401,2.2755,1,0,none,baostock,query_history_k_data_plus
000429,SZSE.000429,,SZ,A股-深交所,2024-10-10,10.51,10.97,10.51,10.67,10.48,24535703,265394331.49,1.813,1.8825,1,0,none,baostock,query_history_k_data_plus
000429,SZSE.000429,,SZ,A股-深交所,2024-10-11,10.68,11.07,10.51,10.87,10.67,23111132,251705409.27,1.8744,1.7732,1,0,none,baostock,query_history_k_data_plus
000429,SZSE.000429,,SZ,A股-深交所,2024-10-14,10.87,11.24,10.81,11.07,10.87,22675416,250557836.54,1.8399,1.7398,1,0,none,baostock,query_history_k_data_plus
000429,SZSE.000429,,SZ,A股-深交所,2024-10-15,11.01,11.09,10.83,10.88,11.07,15111474,165318158.83,-1.7164,1.1595,1,0,none,baostock,query_history_k_data_plus
000429,SZSE.000429,,SZ,A股-深交所,2024-10-16,10.8,11.24,10.79,11.05,10.88,15437537,171274775.49,1.5625,1.1845,1,0,none,baostock,query_history_k_data_plus
000429,SZSE.000429,,SZ,A股-深交所,2024-10-17,11.07,11.22,10.96,10.96,11.05,10814417,119657725.88,-0.8145,0.8298,1,0,none,baostock,query_history_k_data_plus
000429,SZSE.000429,,SZ,A股-深交所,2024-10-18,10.97,11.02,10.8,10.88,10.96,15565980,169434243.36,-0.7299,1.1943,1,0,none,baostock,query_history_k_data_plus
000429,SZSE.000429,,SZ,A股-深交所,2024-10-21,10.85,10.97,10.68,10.83,10.88,12558838,135919988.32,-0.4596,0.9636,1,0,none,baostock,query_history_k_data_plus
000429,SZSE.000429,,SZ,A股-深交所,2024-10-22,10.86,11.09,10.82,11.08,10.83,17100092,188469685.04,2.3084,1.312,1,0,none,baostock,query_history_k_data_plus
000429,SZSE.000429,,SZ,A股-深交所,2024-10-23,11.08,11.19,10.98,11.08,11.08,9231791,102303337.91,0.0,0.7083,1,0,none,baostock,query_history_k_data_plus
000429,SZSE.000429,,SZ,A股-深交所,2024-10-24,11.08,11.17,11.01,11.15,11.08,7199877,80004065.98,0.6318,0.5524,1,0,none,baostock,query_history_k_data_plus
000429,SZSE.000429,,SZ,A股-深交所,2024-10-25,11.17,11.54,11.16,11.39,11.15,26809686,303891029.82,2.1525,2.057,1,0,none,baostock,query_history_k_data_plus
000429,SZSE.000429,,SZ,A股-深交所,2024-10-28,11.45,11.52,11.02,11.05,11.39,15447044,171786503.58,-2.9851,1.1852,1,0,none,baostock,query_history_k_data_plus
000429,SZSE.000429,,SZ,A股-深交所,2024-10-29,11.06,11.13,10.85,10.95,11.05,12872617,141106536.47,-0.905,0.9877,1,0,none,baostock,query_history_k_data_plus
000429,SZSE.000429,,SZ,A股-深交所,2024-10-30,10.92,11.03,10.82,10.94,10.95,11215078,122356533.66,-0.0913,0.8605,1,0,none,baostock,query_history_k_data_plus
000429,SZSE.000429,,SZ,A股-深交所,2024-10-31,10.9,10.94,10.71,10.75,10.94,12579408,135631833.12,-1.7367,0.9652,1,0,none,baostock,query_history_k_data_plus
000429,SZSE.000429,,SZ,A股-深交所,2024-11-01,10.72,11.01,10.66,10.97,10.75,14402400,156838323.92,2.0465,1.105,1,0,none,baostock,query_history_k_data_plus
000429,SZSE.000429,,SZ,A股-深交所,2024-11-04,10.98,11.03,10.77,10.98,10.97,10996695,119973606.0,0.0912,0.8437,1,0,none,baostock,query_history_k_data_plus
000429,SZSE.000429,,SZ,A股-深交所,2024-11-05,10.97,11.06,10.87,11.06,10.98,11207283,122906920.22,0.7286,0.8599,1,0,none,baostock,query_history_k_data_plus
000429,SZSE.000429,,SZ,A股-深交所,2024-11-06,11.03,11.09,10.94,11.06,11.06,10926586,120425188.79,0.0,0.8384,1,0,none,baostock,query_history_k_data_plus
000429,SZSE.000429,,SZ,A股-深交所,2024-11-07,11.02,11.2,10.98,11.13,11.06,10725580,119225610.59,0.6329,0.8229,1,0,none,baostock,query_history_k_data_plus
000429,SZSE.000429,,SZ,A股-深交所,2024-11-08,11.13,11.2,10.95,11.06,11.13,12404409,137304218.72,-0.6289,0.9517,1,0,none,baostock,query_history_k_data_plus
000429,SZSE.000429,,SZ,A股-深交所,2024-11-11,11.03,11.03,10.84,10.88,11.06,10452117,113930793.42,-1.6275,0.802,1,0,none,baostock,query_history_k_data_plus
000429,SZSE.000429,,SZ,A股-深交所,2024-11-12,10.88,11.01,10.78,10.83,10.88,16591693,180333851.79,-0.4596,1.273,1,0,none,baostock,query_history_k_data_plus
000429,SZSE.000429,,SZ,A股-深交所,2024-11-13,10.79,11.08,10.75,10.96,10.83,12829811,140568751.0,1.2004,0.9844,1,0,none,baostock,query_history_k_data_plus
000429,SZSE.000429,,SZ,A股-深交所,2024-11-14,10.96,11.25,10.89,11.05,10.96,20861084,232192186.88,0.8212,1.6006,1,0,none,baostock,query_history_k_data_plus
000429,SZSE.000429,,SZ,A股-深交所,2024-11-15,11.06,11.63,11.02,11.47,11.05,26858764,306503307.09,3.8009,2.0608,1,0,none,baostock,query_history_k_data_plus
000429,SZSE.000429,,SZ,A股-深交所,2024-11-18,11.58,11.67,11.35,11.41,11.47,18285004,210023962.64,-0.5231,1.4029,1,0,none,baostock,query_history_k_data_plus
000429,SZSE.000429,,SZ,A股-深交所,2024-11-19,11.43,11.73,11.37,11.66,11.41,13991063,162367716.81,2.1911,1.0735,1,0,none,baostock,query_history_k_data_plus
000429,SZSE.000429,,SZ,A股-深交所,2024-11-20,11.61,11.79,11.54,11.77,11.66,10117547,117960435.56,0.9434,0.7763,1,0,none,baostock,query_history_k_data_plus
000429,SZSE.000429,,SZ,A股-深交所,2024-11-21,11.82,11.91,11.68,11.8,11.77,12143093,143178833.72,0.2549,0.9317,1,0,none,baostock,query_history_k_data_plus
000429,SZSE.000429,,SZ,A股-深交所,2024-11-22,11.76,11.97,11.7,11.72,11.8,11760784,139450824.42,-0.678,0.9024,1,0,none,baostock,query_history_k_data_plus
000429,SZSE.000429,,SZ,A股-深交所,2024-11-25,11.66,12.01,11.53,11.7,11.72,13882462,164123985.43,-0.1706,1.0652,1,0,none,baostock,query_history_k_data_plus
000429,SZSE.000429,,SZ,A股-深交所,2024-11-26,11.75,11.93,11.65,11.73,11.7,9331889,109953641.47,0.2564,0.716,1,0,none,baostock,query_history_k_data_plus
000429,SZSE.000429,,SZ,A股-深交所,2024-11-27,11.68,11.78,11.56,11.67,11.73,13520616,157481244.09,-0.5115,1.0374,1,0,none,baostock,query_history_k_data_plus
000429,SZSE.000429,,SZ,A股-深交所,2024-11-28,11.67,11.93,11.56,11.86,11.67,12366415,146109643.3,1.6281,0.9488,1,0,none,baostock,query_history_k_data_plus
000429,SZSE.000429,,SZ,A股-深交所,2024-11-29,11.86,12.02,11.77,11.82,11.86,10315287,122800247.77,-0.3373,0.7915,1,0,none,baostock,query_history_k_data_plus
000429,SZSE.000429,,SZ,A股-深交所,2024-12-02,11.86,11.89,11.36,11.71,11.82,20195946,233947463.59,-0.9306,1.5496,1,0,none,baostock,query_history_k_data_plus
000429,SZSE.000429,,SZ,A股-深交所,2024-12-03,11.71,12.01,11.63,11.92,11.71,12649672,149948222.4,1.7933,0.9706,1,0,none,baostock,query_history_k_data_plus
000429,SZSE.000429,,SZ,A股-深交所,2024-12-04,11.94,12.33,11.88,12.26,11.92,13942897,169739858.91,2.8523,1.0698,1,0,none,baostock,query_history_k_data_plus
000429,SZSE.000429,,SZ,A股-深交所,2024-12-05,12.3,12.45,12.08,12.15,12.26,13503716,164900720.1,-0.8972,1.0361,1,0,none,baostock,query_history_k_data_plus
000429,SZSE.000429,,SZ,A股-深交所,2024-12-06,12.12,12.33,12.03,12.21,12.15,11068242,134595315.66,0.4938,0.8492,1,0,none,baostock,query_history_k_data_plus
000429,SZSE.000429,,SZ,A股-深交所,2024-12-09,12.15,12.3,12.02,12.06,12.21,10098058,122585377.52,-1.2285,0.7748,1,0,none,baostock,query_history_k_data_plus
000429,SZSE.000429,,SZ,A股-深交所,2024-12-10,12.18,12.18,11.82,12.05,12.06,17401551,208586418.5,-0.0829,1.3352,1,0,none,baostock,query_history_k_data_plus
000429,SZSE.000429,,SZ,A股-深交所,2024-12-11,12.0,12.23,11.97,12.14,12.05,14116889,171087034.2,0.7469,1.0831,1,0,none,baostock,query_history_k_data_plus
000429,SZSE.000429,,SZ,A股-深交所,2024-12-12,12.14,12.28,12.1,12.15,12.14,12987285,158514959.41,0.0824,0.9965,1,0,none,baostock,query_history_k_data_plus
000429,SZSE.000429,,SZ,A股-深交所,2024-12-13,12.14,12.32,12.08,12.28,12.15,24752555,303027343.1,1.07,1.8992,1,0,none,baostock,query_history_k_data_plus
000429,SZSE.000429,,SZ,A股-深交所,2024-12-16,12.24,12.92,12.2,12.8,12.28,21687408,275645731.83,4.2345,1.664,1,0,none,baostock,query_history_k_data_plus
000429,SZSE.000429,,SZ,A股-深交所,2024-12-17,12.89,13.08,12.8,12.89,12.8,13274671,171457744.66,0.7031,1.0185,1,0,none,baostock,query_history_k_data_plus
000429,SZSE.000429,,SZ,A股-深交所,2024-12-18,12.89,13.24,12.85,12.95,12.89,12947697,168739323.67,0.4655,0.9934,1,0,none,baostock,query_history_k_data_plus
000429,SZSE.000429,,SZ,A股-深交所,2024-12-19,12.9,13.18,12.89,13.14,12.95,12293851,160772430.23,1.4672,0.9433,1,0,none,baostock,query_history_k_data_plus
000429,SZSE.000429,,SZ,A股-深交所,2024-12-20,13.14,13.33,13.09,13.24,13.14,9213920,121584356.3,0.761,0.707,1,0,none,baostock,query_history_k_data_plus
000429,SZSE.000429,,SZ,A股-深交所,2024-12-23,13.22,13.51,13.01,13.32,13.24,12976414,172426471.78,0.6042,0.9956,1,0,none,baostock,query_history_k_data_plus
000429,SZSE.000429,,SZ,A股-深交所,2024-12-24,13.33,13.54,13.15,13.52,13.32,10188387,136046972.39,1.5015,0.7817,1,0,none,baostock,query_history_k_data_plus
000429,SZSE.000429,,SZ,A股-深交所,2024-12-25,13.57,13.63,13.43,13.63,13.52,8649934,117238300.56,0.8136,0.6637,1,0,none,baostock,query_history_k_data_plus
000429,SZSE.000429,,SZ,A股-深交所,2024-12-26,13.63,13.63,13.41,13.53,13.63,10351161,139682242.42,-0.7337,0.7942,1,0,none,baostock,query_history_k_data_plus
000429,SZSE.000429,,SZ,A股-深交所,2024-12-27,13.5,14.0,13.5,14.0,13.53,11934080,164213112.07,3.4738,0.9157,1,0,none,baostock,query_history_k_data_plus
000429,SZSE.000429,,SZ,A股-深交所,2024-12-30,14.0,14.32,13.83,13.98,14.0,15841519,222311291.31,-0.1429,1.2155,1,0,none,baostock,query_history_k_data_plus
000429,SZSE.000429,,SZ,A股-深交所,2024-12-31,14.05,14.72,13.88,14.7,13.98,18790276,270208990.67,5.1502,1.4417,1,0,none,baostock,query_history_k_data_plus
000429,SZSE.000429,,SZ,A股-深交所,2025-01-02,14.52,14.65,13.53,13.7,14.7,33334937,467270670.75,-6.8027,2.5577,1,0,none,baostock,query_history_k_data_plus
000429,SZSE.000429,,SZ,A股-深交所,2025-01-03,13.52,13.96,13.38,13.7,13.7,21189792,289871529.11,0.0,1.6258,1,0,none,baostock,query_history_k_data_plus
000429,SZSE.000429,,SZ,A股-深交所,2025-01-06,13.6,13.84,13.59,13.75,13.7,15938687,218670739.29,0.365,1.2229,1,0,none,baostock,query_history_k_data_plus
000429,SZSE.000429,,SZ,A股-深交所,2025-01-07,13.76,13.92,13.39,13.57,13.75,17462601,237372727.4,-1.3091,1.3398,1,0,none,baostock,query_history_k_data_plus
000429,SZSE.000429,,SZ,A股-深交所,2025-01-08,13.53,13.88,13.51,13.64,13.57,15696599,214590970.69,0.5158,1.2043,1,0,none,baostock,query_history_k_data_plus
000429,SZSE.000429,,SZ,A股-深交所,2025-01-09,13.61,13.63,13.39,13.56,13.64,10985219,148435767.73,-0.5865,0.8429,1,0,none,baostock,query_history_k_data_plus
000429,SZSE.000429,,SZ,A股-深交所,2025-01-10,13.59,13.8,13.39,13.58,13.56,12810977,174203125.02,0.1475,0.9829,1,0,none,baostock,query_history_k_data_plus
000429,SZSE.000429,,SZ,A股-深交所,2025-01-13,13.52,13.59,13.13,13.22,13.58,12853154,170953600.1,-2.651,0.9862,1,0,none,baostock,query_history_k_data_plus
000429,SZSE.000429,,SZ,A股-深交所,2025-01-14,13.22,13.49,13.15,13.45,13.22,11172798,148791437.31,1.7398,0.8573,1,0,none,baostock,query_history_k_data_plus
000429,SZSE.000429,,SZ,A股-深交所,2025-01-15,13.45,13.85,13.32,13.35,13.45,12896689,174326810.8,-0.7435,0.9895,1,0,none,baostock,query_history_k_data_plus
000429,SZSE.000429,,SZ,A股-深交所,2025-01-16,13.4,13.42,13.18,13.33,13.35,10272492,136630087.61,-0.1498,0.7882,1,0,none,baostock,query_history_k_data_plus
000429,SZSE.000429,,SZ,A股-深交所,2025-01-17,13.34,13.34,13.08,13.13,13.33,9671963,127327088.63,-1.5004,0.7421,1,0,none,baostock,query_history_k_data_plus
000429,SZSE.000429,,SZ,A股-深交所,2025-01-20,13.16,13.33,13.03,13.2,13.13,10629058,139989720.22,0.5331,0.8155,1,0,none,baostock,query_history_k_data_plus
000429,SZSE.000429,,SZ,A股-深交所,2025-01-21,13.21,13.24,12.91,12.97,13.2,10429844,135842366.87,-1.7424,0.8002,1,0,none,baostock,query_history_k_data_plus
000429,SZSE.000429,,SZ,A股-深交所,2025-01-22,12.95,13.02,12.71,12.87,12.97,8800627,112884139.98,-0.771,0.6752,1,0,none,baostock,query_history_k_data_plus
000429,SZSE.000429,,SZ,A股-深交所,2025-01-23,12.87,13.05,12.66,12.92,12.87,17107301,220015092.79,0.3885,1.3126,1,0,none,baostock,query_history_k_data_plus
000429,SZSE.000429,,SZ,A股-深交所,2025-01-24,12.81,12.97,12.67,12.71,12.92,9044400,115508013.9,-1.6254,0.6939,1,0,none,baostock,query_history_k_data_plus
000429,SZSE.000429,,SZ,A股-深交所,2025-01-27,12.78,13.22,12.71,12.98,12.71,12191837,158275824.83,2.1243,0.9354,1,0,none,baostock,query_history_k_data_plus
000429,SZSE.000429,,SZ,A股-深交所,2025-02-05,12.98,13.1,12.58,12.62,12.98,9446833,119963045.47,-2.7735,0.7248,1,0,none,baostock,query_history_k_data_plus
000429,SZSE.000429,,SZ,A股-深交所,2025-02-06,12.61,12.69,12.42,12.5,12.62,8090736,101181750.24,-0.9509,0.6208,1,0,none,baostock,query_history_k_data_plus
000429,SZSE.000429,,SZ,A股-深交所,2025-02-07,12.5,12.53,12.31,12.38,12.5,9985275,123900810.25,-0.96,0.7661,1,0,none,baostock,query_history_k_data_plus
000429,SZSE.000429,,SZ,A股-深交所,2025-02-10,12.39,12.52,12.25,12.3,12.38,10608084,130806158.0,-0.6462,0.8139,1,0,none,baostock,query_history_k_data_plus
000429,SZSE.000429,,SZ,A股-深交所,2025-02-11,12.32,12.66,12.3,12.63,12.3,22328752,279319497.43,2.6829,1.7132,1,0,none,baostock,query_history_k_data_plus
000429,SZSE.000429,,SZ,A股-深交所,2025-02-12,12.63,12.67,12.26,12.58,12.63,13101692,163391375.42,-0.3959,1.0052,1,0,none,baostock,query_history_k_data_plus
000429,SZSE.000429,,SZ,A股-深交所,2025-02-13,12.57,12.96,12.53,12.74,12.58,12902387,164586515.17,1.2719,0.99,1,0,none,baostock,query_history_k_data_plus
000429,SZSE.000429,,SZ,A股-深交所,2025-02-14,12.67,13.04,12.49,13.0,12.74,19243934,247495229.55,2.0408,1.4765,1,0,none,baostock,query_history_k_data_plus
000429,SZSE.000429,,SZ,A股-深交所,2025-02-17,13.0,13.44,12.57,13.34,13.0,22650976,297795707.37,2.6154,1.7379,1,0,none,baostock,query_history_k_data_plus
000429,SZSE.000429,,SZ,A股-深交所,2025-02-18,13.22,13.7,13.21,13.65,13.34,16662395,226247495.34,2.3238,1.2784,1,0,none,baostock,query_history_k_data_plus
000429,SZSE.000429,,SZ,A股-深交所,2025-02-19,13.6,13.94,13.51,13.88,13.65,16848312,231595157.84,1.685,1.2927,1,0,none,baostock,query_history_k_data_plus
000429,SZSE.000429,,SZ,A股-深交所,2025-02-20,13.82,13.98,13.69,13.81,13.88,12048700,166606050.08,-0.5043,0.9245,1,0,none,baostock,query_history_k_data_plus
000429,SZSE.000429,,SZ,A股-深交所,2025-02-21,13.75,13.84,13.37,13.74,13.81,14589115,199316615.97,-0.5069,1.1194,1,0,none,baostock,query_history_k_data_plus
000429,SZSE.000429,,SZ,A股-深交所,2025-02-24,13.65,14.1,13.62,13.98,13.74,12263636,170740989.56,1.7467,0.9409,1,0,none,baostock,query_history_k_data_plus
000429,SZSE.000429,,SZ,A股-深交所,2025-02-25,13.93,14.2,13.93,14.01,13.98,9491658,133464482.45,0.2146,0.7283,1,0,none,baostock,query_history_k_data_plus
000429,SZSE.000429,,SZ,A股-深交所,2025-02-26,13.93,14.45,13.9,14.33,14.01,11077596,158416509.36,2.2841,0.8499,1,0,none,baostock,query_history_k_data_plus
000429,SZSE.000429,,SZ,A股-深交所,2025-02-27,14.33,14.72,14.25,14.7,14.33,12409736,180252910.65,2.582,0.9522,1,0,none,baostock,query_history_k_data_plus
000429,SZSE.000429,,SZ,A股-深交所,2025-02-28,14.66,14.98,14.6,14.73,14.7,13471435,199149670.78,0.2041,1.0336,1,0,none,baostock,query_history_k_data_plus
000429,SZSE.000429,,SZ,A股-深交所,2025-03-03,14.73,14.85,14.35,14.6,14.73,19585475,286376116.14,-0.8826,1.5027,1,0,none,baostock,query_history_k_data_plus
000429,SZSE.000429,,SZ,A股-深交所,2025-03-04,14.57,14.84,14.41,14.58,14.6,19301660,282082689.86,-0.137,1.481,1,0,none,baostock,query_history_k_data_plus
000429,SZSE.000429,,SZ,A股-深交所,2025-03-05,14.63,14.64,14.34,14.36,14.58,8561496,123872209.7,-1.5089,0.6569,1,0,none,baostock,query_history_k_data_plus
000429,SZSE.000429,,SZ,A股-深交所,2025-03-06,14.37,14.38,13.75,13.77,14.36,12036519,167581006.86,-4.1086,0.9235,1,0,none,baostock,query_history_k_data_plus
000429,SZSE.000429,,SZ,A股-深交所,2025-03-07,13.71,13.71,13.4,13.5,13.77,10567238,142937669.98,-1.9608,0.8108,1,0,none,baostock,query_history_k_data_plus
000429,SZSE.000429,,SZ,A股-深交所,2025-03-10,13.52,13.62,13.33,13.42,13.5,8721445,117260456.78,-0.5926,0.6692,1,0,none,baostock,query_history_k_data_plus
000429,SZSE.000429,,SZ,A股-深交所,2025-03-11,13.4,13.4,13.15,13.23,13.42,6733156,89094606.28,-1.4158,0.5166,1,0,none,baostock,query_history_k_data_plus
000429,SZSE.000429,,SZ,A股-深交所,2025-03-12,13.21,13.25,13.11,13.22,13.23,7602031,100260605.21,-0.0756,0.5833,1,0,none,baostock,query_history_k_data_plus
000429,SZSE.000429,,SZ,A股-深交所,2025-03-13,13.23,13.69,13.15,13.44,13.22,21180427,284784168.9,1.6641,1.6251,1,0,none,baostock,query_history_k_data_plus
000429,SZSE.000429,,SZ,A股-深交所,2025-03-14,13.42,13.6,13.23,13.29,13.44,16758453,223584676.95,-1.1161,1.2858,1,0,none,baostock,query_history_k_data_plus
000429,SZSE.000429,,SZ,A股-深交所,2025-03-17,13.24,13.35,13.12,13.26,13.29,14947858,197526827.72,-0.2257,1.1469,1,0,none,baostock,query_history_k_data_plus
000429,SZSE.000429,,SZ,A股-深交所,2025-03-18,13.29,13.4,13.21,13.27,13.26,8576576,113997624.42,0.0754,0.6581,1,0,none,baostock,query_history_k_data_plus
000429,SZSE.000429,,SZ,A股-深交所,2025-03-19,13.27,13.75,13.17,13.73,13.27,14838150,200749495.57,3.4665,1.1385,1,0,none,baostock,query_history_k_data_plus
000429,SZSE.000429,,SZ,A股-深交所,2025-03-20,13.8,13.98,13.51,13.58,13.73,11081284,151834947.62,-1.0925,0.8502,1,0,none,baostock,query_history_k_data_plus
000429,SZSE.000429,,SZ,A股-深交所,2025-03-21,13.55,13.79,13.55,13.79,13.58,10113979,138412844.77,1.5464,0.776,1,0,none,baostock,query_history_k_data_plus
000429,SZSE.000429,,SZ,A股-深交所,2025-03-24,13.81,14.0,13.68,13.79,13.79,12363616,171164762.16,0.0,0.9486,1,0,none,baostock,query_history_k_data_plus
000429,SZSE.000429,,SZ,A股-深交所,2025-03-25,13.85,13.85,13.54,13.78,13.79,7847844,107486262.68,-0.0725,0.6021,1,0,none,baostock,query_history_k_data_plus
000429,SZSE.000429,,SZ,A股-深交所,2025-03-26,13.75,14.05,13.56,13.9,13.78,11602625,160314211.56,0.8708,0.8902,1,0,none,baostock,query_history_k_data_plus
000429,SZSE.000429,,SZ,A股-深交所,2025-03-27,13.94,14.05,13.82,13.83,13.9,5396915,75102075.84,-0.5036,0.4141,1,0,none,baostock,query_history_k_data_plus
000429,SZSE.000429,,SZ,A股-深交所,2025-03-28,13.81,13.96,13.75,13.95,13.83,5642648,78244063.14,0.8677,0.4329,1,0,none,baostock,query_history_k_data_plus
000429,SZSE.000429,,SZ,A股-深交所,2025-03-31,13.9,14.28,13.9,14.18,13.95,9974732,141073575.51,1.6487,0.7653,1,0,none,baostock,query_history_k_data_plus
000429,SZSE.000429,,SZ,A股-深交所,2025-04-01,14.2,14.32,13.99,14.28,14.18,8665100,122686365.9,0.7052,0.6648,1,0,none,baostock,query_history_k_data_plus
000429,SZSE.000429,,SZ,A股-深交所,2025-04-02,14.28,14.48,13.93,13.97,14.28,11894801,168830556.46,-2.1709,0.9126,1,0,none,baostock,query_history_k_data_plus
000429,SZSE.000429,,SZ,A股-深交所,2025-04-03,13.9,13.97,13.39,13.75,13.97,12537126,171824911.13,-1.5748,0.9619,1,0,none,baostock,query_history_k_data_plus
000429,SZSE.000429,,SZ,A股-深交所,2025-04-07,13.21,13.76,12.83,13.31,13.75,19186955,256538128.57,-3.2,1.4721,1,0,none,baostock,query_history_k_data_plus
000429,SZSE.000429,,SZ,A股-深交所,2025-04-08,13.28,13.73,13.28,13.69,13.31,15148407,205954702.21,2.855,1.1623,1,0,none,baostock,query_history_k_data_plus
000429,SZSE.000429,,SZ,A股-深交所,2025-04-09,13.69,13.78,13.34,13.78,13.69,9202827,125005241.22,0.6574,0.7061,1,0,none,baostock,query_history_k_data_plus
000429,SZSE.000429,,SZ,A股-深交所,2025-04-10,13.72,13.78,13.48,13.5,13.78,12736898,173643815.17,-2.0319,0.9773,1,0,none,baostock,query_history_k_data_plus
000429,SZSE.000429,,SZ,A股-深交所,2025-04-11,13.5,13.69,13.43,13.61,13.5,9234746,125367159.52,0.8148,0.7086,1,0,none,baostock,query_history_k_data_plus
000429,SZSE.000429,,SZ,A股-深交所,2025-04-14,13.58,13.79,13.54,13.63,13.61,8176179,111635768.32,0.147,0.6273,1,0,none,baostock,query_history_k_data_plus
000429,SZSE.000429,,SZ,A股-深交所,2025-04-15,13.61,13.72,13.47,13.72,13.63,7034620,95788664.1,0.6603,0.5397,1,0,none,baostock,query_history_k_data_plus
000429,SZSE.000429,,SZ,A股-深交所,2025-04-16,13.67,13.95,13.66,13.95,13.72,9409472,130523694.86,1.6764,0.722,1,0,none,baostock,query_history_k_data_plus
000429,SZSE.000429,,SZ,A股-深交所,2025-04-17,13.94,14.1,13.76,14.05,13.95,8066201,112135950.02,0.7168,0.6189,1,0,none,baostock,query_history_k_data_plus
000429,SZSE.000429,,SZ,A股-深交所,2025-04-18,14.0,14.12,13.98,14.0,14.05,4279668,60047333.1,-0.3559,0.3284,1,0,none,baostock,query_history_k_data_plus
000429,SZSE.000429,,SZ,A股-深交所,2025-04-21,14.0,14.06,13.6,13.61,14.0,8715710,119876395.41,-2.7857,0.6687,1,0,none,baostock,query_history_k_data_plus
000429,SZSE.000429,,SZ,A股-深交所,2025-04-22,13.6,13.86,13.58,13.74,13.61,6319726,86889241.38,0.9552,0.4849,1,0,none,baostock,query_history_k_data_plus
000429,SZSE.000429,,SZ,A股-深交所,2025-04-23,13.73,13.79,13.52,13.66,13.74,6418001,87440314.74,-0.5822,0.4924,1,0,none,baostock,query_history_k_data_plus
000429,SZSE.000429,,SZ,A股-深交所,2025-04-24,13.6,13.75,13.6,13.68,13.66,3863700,52934652.0,0.1464,0.2964,1,0,none,baostock,query_history_k_data_plus
000429,SZSE.000429,,SZ,A股-深交所,2025-04-25,13.66,13.76,13.56,13.74,13.68,4566252,62275270.5,0.4386,0.3504,1,0,none,baostock,query_history_k_data_plus
000429,SZSE.000429,,SZ,A股-深交所,2025-04-28,13.7,13.99,13.67,13.84,13.74,6651909,92199343.08,0.7278,0.5104,1,0,none,baostock,query_history_k_data_plus
000429,SZSE.000429,,SZ,A股-深交所,2025-04-29,13.79,13.86,13.59,13.76,13.84,5755393,78829425.52,-0.578,0.4416,1,0,none,baostock,query_history_k_data_plus
000429,SZSE.000429,,SZ,A股-深交所,2025-04-30,13.86,14.18,13.83,14.01,13.76,10049508,141030729.76,1.8169,0.7711,1,0,none,baostock,query_history_k_data_plus
000429,SZSE.000429,,SZ,A股-深交所,2025-05-06,14.04,14.08,13.65,13.71,14.01,15489128,213016768.22,-2.1413,1.1884,1,0,none,baostock,query_history_k_data_plus
000429,SZSE.000429,,SZ,A股-深交所,2025-05-07,13.77,13.94,13.7,13.87,13.71,10838866,149992805.77,1.167,0.8316,1,0,none,baostock,query_history_k_data_plus
000429,SZSE.000429,,SZ,A股-深交所,2025-05-08,13.83,14.07,13.79,14.04,13.87,7142591,99632529.95,1.2257,0.548,1,0,none,baostock,query_history_k_data_plus
000429,SZSE.000429,,SZ,A股-深交所,2025-05-09,14.01,14.55,14.01,14.38,14.04,12860101,184829275.04,2.4217,0.9867,1,0,none,baostock,query_history_k_data_plus
000429,SZSE.000429,,SZ,A股-深交所,2025-05-12,14.35,14.43,14.09,14.13,14.38,11103555,157915832.56,-1.7385,0.8519,1,0,none,baostock,query_history_k_data_plus
000429,SZSE.000429,,SZ,A股-深交所,2025-05-13,14.18,14.21,14.03,14.15,14.13,5704560,80411750.92,0.1415,0.4377,1,0,none,baostock,query_history_k_data_plus
000429,SZSE.000429,,SZ,A股-深交所,2025-05-14,14.12,14.2,14.0,14.17,14.15,7118808,100476845.08,0.1413,0.5462,1,0,none,baostock,query_history_k_data_plus
000429,SZSE.000429,,SZ,A股-深交所,2025-05-15,14.15,14.34,14.1,14.13,14.17,7506600,106577743.0,-0.2823,0.576,1,0,none,baostock,query_history_k_data_plus
000429,SZSE.000429,,SZ,A股-深交所,2025-05-16,14.08,14.17,13.93,13.98,14.13,5788830,81073510.33,-1.0616,0.4442,1,0,none,baostock,query_history_k_data_plus
000429,SZSE.000429,,SZ,A股-深交所,2025-05-19,13.98,14.28,13.97,14.27,13.98,7254842,102983281.18,2.0744,0.5566,1,0,none,baostock,query_history_k_data_plus
000429,SZSE.000429,,SZ,A股-深交所,2025-05-20,14.27,14.38,14.25,14.36,14.27,4930205,70617874.93,0.6307,0.3783,1,0,none,baostock,query_history_k_data_plus
000429,SZSE.000429,,SZ,A股-深交所,2025-05-21,14.34,14.63,14.3,14.6,14.36,6193554,89928033.49,1.6713,0.4752,1,0,none,baostock,query_history_k_data_plus
000429,SZSE.000429,,SZ,A股-深交所,2025-05-22,14.6,14.75,14.58,14.65,14.6,5873501,86049622.15,0.3425,0.4507,1,0,none,baostock,query_history_k_data_plus
000429,SZSE.000429,,SZ,A股-深交所,2025-05-23,14.65,14.79,14.45,14.47,14.65,5806533,84671174.7,-1.2287,0.4455,1,0,none,baostock,query_history_k_data_plus
000429,SZSE.000429,,SZ,A股-深交所,2025-05-26,14.51,14.55,14.14,14.18,14.47,8037336,114788137.86,-2.0041,0.6167,1,0,none,baostock,query_history_k_data_plus
000429,SZSE.000429,,SZ,A股-深交所,2025-05-27,14.24,14.29,14.04,14.12,14.18,10469215,148205518.94,-0.4231,0.8033,1,0,none,baostock,query_history_k_data_plus
000429,SZSE.000429,,SZ,A股-深交所,2025-05-28,14.13,14.29,13.98,14.27,14.12,7675005,108736410.45,1.0623,0.5889,1,0,none,baostock,query_history_k_data_plus
000429,SZSE.000429,,SZ,A股-深交所,2025-05-29,14.28,14.3,14.08,14.17,14.27,8847783,125321042.91,-0.7008,0.6789,1,0,none,baostock,query_history_k_data_plus
000429,SZSE.000429,,SZ,A股-深交所,2025-05-30,14.17,14.29,14.13,14.24,14.17,11502955,163408163.21,0.494,0.8826,1,0,none,baostock,query_history_k_data_plus
000429,SZSE.000429,,SZ,A股-深交所,2025-06-03,14.14,14.29,13.93,14.1,14.24,12008467,169674615.09,-0.9831,0.9214,1,0,none,baostock,query_history_k_data_plus
000429,SZSE.000429,,SZ,A股-深交所,2025-06-04,14.15,14.27,14.1,14.22,14.1,6293476,89442089.79,0.8511,0.4829,1,0,none,baostock,query_history_k_data_plus
000429,SZSE.000429,,SZ,A股-深交所,2025-06-05,14.23,14.31,14.15,14.22,14.22,5502524,78301790.66,0.0,0.4222,1,0,none,baostock,query_history_k_data_plus
000429,SZSE.000429,,SZ,A股-深交所,2025-06-06,14.23,14.38,14.18,14.29,14.22,4864697,69495076.24,0.4923,0.3733,1,0,none,baostock,query_history_k_data_plus
000429,SZSE.000429,,SZ,A股-深交所,2025-06-09,14.32,14.33,14.0,14.03,14.29,17398432,245201075.68,-1.8195,1.3349,1,0,none,baostock,query_history_k_data_plus
000429,SZSE.000429,,SZ,A股-深交所,2025-06-10,14.02,14.1,13.86,13.87,14.03,10989386,153552173.86,-1.1404,0.8432,1,0,none,baostock,query_history_k_data_plus
000429,SZSE.000429,,SZ,A股-深交所,2025-06-11,13.87,14.06,13.72,13.92,13.87,14127500,196243136.79,0.3605,1.084,1,0,none,baostock,query_history_k_data_plus
000429,SZSE.000429,,SZ,A股-深交所,2025-06-12,13.91,13.93,13.57,13.76,13.92,20288857,278597633.33,-1.1494,1.5567,1,0,none,baostock,query_history_k_data_plus
000429,SZSE.000429,,SZ,A股-深交所,2025-06-13,13.7,13.91,13.61,13.75,13.76,23990290,328624791.54,-0.0727,1.8407,1,0,none,baostock,query_history_k_data_plus
000429,SZSE.000429,,SZ,A股-深交所,2025-06-16,13.7,13.72,13.55,13.56,13.75,11747437,160026120.17,-1.3818,0.9013,1,0,none,baostock,query_history_k_data_plus
000429,SZSE.000429,,SZ,A股-深交所,2025-06-17,13.58,13.74,13.56,13.65,13.56,8069281,110340768.38,0.6637,0.6191,1,0,none,baostock,query_history_k_data_plus
000429,SZSE.000429,,SZ,A股-深交所,2025-06-18,13.63,13.7,13.58,13.63,13.65,5681500,77492509.63,-0.1465,0.4359,1,0,none,baostock,query_history_k_data_plus
000429,SZSE.000429,,SZ,A股-深交所,2025-06-19,13.65,13.74,13.58,13.66,13.63,7062942,96637993.98,0.2201,0.5419,1,0,none,baostock,query_history_k_data_plus
000429,SZSE.000429,,SZ,A股-深交所,2025-06-20,13.66,13.86,13.62,13.84,13.66,9140222,126064583.68,1.3177,0.7013,1,0,none,baostock,query_history_k_data_plus
000429,SZSE.000429,,SZ,A股-深交所,2025-06-23,13.82,13.94,13.57,13.62,13.84,11623631,158717925.22,-1.5896,0.8918,1,0,none,baostock,query_history_k_data_plus
000429,SZSE.000429,,SZ,A股-深交所,2025-06-24,13.6,13.66,13.46,13.47,13.62,12347175,166934163.25,-1.1013,0.9474,1,0,none,baostock,query_history_k_data_plus
000429,SZSE.000429,,SZ,A股-深交所,2025-06-25,13.49,13.68,13.47,13.63,13.47,9766116,132845599.44,1.1878,0.7493,1,0,none,baostock,query_history_k_data_plus
000429,SZSE.000429,,SZ,A股-深交所,2025-06-26,13.6,13.63,13.48,13.49,13.63,8616000,116669219.0,-1.0271,0.6611,1,0,none,baostock,query_history_k_data_plus
000429,SZSE.000429,,SZ,A股-深交所,2025-06-27,13.5,13.5,13.3,13.31,13.49,13217812,176446674.68,-1.3343,1.0142,1,0,none,baostock,query_history_k_data_plus
000429,SZSE.000429,,SZ,A股-深交所,2025-06-30,13.32,13.42,13.29,13.33,13.31,5675159,75739394.06,0.1503,0.4354,1,0,none,baostock,query_history_k_data_plus
000429,SZSE.000429,,SZ,A股-深交所,2025-07-01,13.35,13.5,13.33,13.47,13.33,9558900,128508795.0,1.0503,0.7334,1,0,none,baostock,query_history_k_data_plus
000429,SZSE.000429,,SZ,A股-深交所,2025-07-02,13.47,13.6,13.23,13.26,13.47,12680816,170044720.0,-1.559,0.973,1,0,none,baostock,query_history_k_data_plus
000429,SZSE.000429,,SZ,A股-深交所,2025-07-03,13.26,13.27,13.18,13.2,13.26,8728332,115312701.8,-0.4525,0.6697,1,0,none,baostock,query_history_k_data_plus
000429,SZSE.000429,,SZ,A股-深交所,2025-07-04,13.25,13.48,13.22,13.37,13.2,12313432,164740983.66,1.2879,0.9448,1,0,none,baostock,query_history_k_data_plus
000429,SZSE.000429,,SZ,A股-深交所,2025-07-07,13.35,13.6,13.25,13.59,13.37,10811583,145836184.33,1.6455,0.8295,1,0,none,baostock,query_history_k_data_plus
000429,SZSE.000429,,SZ,A股-深交所,2025-07-08,13.54,13.64,13.52,13.52,13.59,10744500,145756068.0,-0.5151,0.8244,1,0,none,baostock,query_history_k_data_plus
000429,SZSE.000429,,SZ,A股-深交所,2025-07-09,13.54,13.93,13.53,13.85,13.52,14460865,199196614.21,2.4408,1.1095,1,0,none,baostock,query_history_k_data_plus
000429,SZSE.000429,,SZ,A股-深交所,2025-07-10,13.88,13.99,13.81,13.96,13.85,9401163,130883206.18,0.7942,0.7213,1,0,none,baostock,query_history_k_data_plus
000429,SZSE.000429,,SZ,A股-深交所,2025-07-11,13.95,14.07,13.86,14.0,13.96,13457140,187908843.55,0.2865,1.0325,1,0,none,baostock,query_history_k_data_plus
000429,SZSE.000429,,SZ,A股-深交所,2025-07-14,13.35,13.35,12.95,13.0,13.48,21421698,280923336.96,-3.5608,1.6436,1,0,none,baostock,query_history_k_data_plus
000429,SZSE.000429,,SZ,A股-深交所,2025-07-15,13.0,13.04,12.77,12.81,13.0,13313749,171402818.27,-1.4615,1.0215,1,0,none,baostock,query_history_k_data_plus
000429,SZSE.000429,,SZ,A股-深交所,2025-07-16,12.8,12.89,12.78,12.83,12.81,8302200,106638462.88,0.1561,0.637,1,0,none,baostock,query_history_k_data_plus
000429,SZSE.000429,,SZ,A股-深交所,2025-07-17,12.83,12.88,12.7,12.75,12.83,9032458,115198830.58,-0.6235,0.693,1,0,none,baostock,query_history_k_data_plus
000429,SZSE.000429,,SZ,A股-深交所,2025-07-18,12.77,12.78,12.72,12.77,12.75,6743389,85963097.29,0.1569,0.5174,1,0,none,baostock,query_history_k_data_plus
000429,SZSE.000429,,SZ,A股-深交所,2025-07-21,12.75,12.79,12.73,12.78,12.77,5321417,67939314.92,0.0783,0.4083,1,0,none,baostock,query_history_k_data_plus
000429,SZSE.000429,,SZ,A股-深交所,2025-07-22,12.82,12.83,12.76,12.83,12.78,6867569,87885115.35,0.3912,0.5269,1,0,none,baostock,query_history_k_data_plus
000429,SZSE.000429,,SZ,A股-深交所,2025-07-23,12.84,12.96,12.84,12.88,12.83,9298848,119911963.93,0.3897,0.7135,1,0,none,baostock,query_history_k_data_plus
000429,SZSE.000429,,SZ,A股-深交所,2025-07-24,12.9,12.9,12.8,12.87,12.88,6800610,87267882.1,-0.0776,0.5218,1,0,none,baostock,query_history_k_data_plus
000429,SZSE.000429,,SZ,A股-深交所,2025-07-25,12.84,12.92,12.77,12.79,12.87,7311021,93854852.92,-0.6216,0.5609,1,0,none,baostock,query_history_k_data_plus
000429,SZSE.000429,,SZ,A股-深交所,2025-07-28,12.78,12.79,12.54,12.61,12.79,12065457,152458459.45,-1.4073,0.9257,1,0,none,baostock,query_history_k_data_plus
000429,SZSE.000429,,SZ,A股-深交所,2025-07-29,12.54,12.58,12.35,12.42,12.61,10883297,134970046.33,-1.5067,0.835,1,0,none,baostock,query_history_k_data_plus
000429,SZSE.000429,,SZ,A股-深交所,2025-07-30,12.41,12.55,12.4,12.53,12.42,7106688,88876207.0,0.8857,0.5453,1,0,none,baostock,query_history_k_data_plus
000429,SZSE.000429,,SZ,A股-深交所,2025-07-31,12.54,12.55,12.3,12.35,12.53,7626700,94295420.0,-1.4366,0.5852,1,0,none,baostock,query_history_k_data_plus
000429,SZSE.000429,,SZ,A股-深交所,2025-08-01,12.36,12.37,12.29,12.32,12.35,5338290,65771027.0,-0.2429,0.4096,1,0,none,baostock,query_history_k_data_plus
000429,SZSE.000429,,SZ,A股-深交所,2025-08-04,12.33,12.45,12.27,12.41,12.32,5063950,62769710.53,0.7305,0.3885,1,0,none,baostock,query_history_k_data_plus
000429,SZSE.000429,,SZ,A股-深交所,2025-08-05,12.38,12.52,12.36,12.5,12.41,4834393,60221640.64,0.7252,0.3709,1,0,none,baostock,query_history_k_data_plus
000429,SZSE.000429,,SZ,A股-深交所,2025-08-06,12.5,12.56,12.44,12.55,12.5,4313200,53972708.8,0.4,0.3309,1,0,none,baostock,query_history_k_data_plus
000429,SZSE.000429,,SZ,A股-深交所,2025-08-07,12.55,12.6,12.5,12.59,12.55,4140920,52000381.0,0.3187,0.3177,1,0,none,baostock,query_history_k_data_plus
000429,SZSE.000429,,SZ,A股-深交所,2025-08-08,12.58,12.61,12.55,12.6,12.59,3431400,43162485.84,0.0794,0.2633,1,0,none,baostock,query_history_k_data_plus
000429,SZSE.000429,,SZ,A股-深交所,2025-08-11,12.59,12.62,12.38,12.39,12.6,7209113,89597796.33,-1.6667,0.5531,1,0,none,baostock,query_history_k_data_plus
000429,SZSE.000429,,SZ,A股-深交所,2025-08-12,12.39,12.46,12.37,12.38,12.39,5175320,64202105.6,-0.0807,0.3971,1,0,none,baostock,query_history_k_data_plus
000429,SZSE.000429,,SZ,A股-深交所,2025-08-13,12.39,12.42,12.28,12.32,12.38,7801603,96145739.84,-0.4847,0.5986,1,0,none,baostock,query_history_k_data_plus
000429,SZSE.000429,,SZ,A股-深交所,2025-08-14,12.32,12.37,12.2,12.23,12.32,9011182,110786542.04,-0.7305,0.6914,1,0,none,baostock,query_history_k_data_plus
000429,SZSE.000429,,SZ,A股-深交所,2025-08-15,12.21,12.22,12.0,12.07,12.23,13622313,164154641.2,-1.3083,1.0452,1,0,none,baostock,query_history_k_data_plus
000429,SZSE.000429,,SZ,A股-深交所,2025-08-18,12.07,12.16,12.04,12.16,12.07,7314731,88656620.27,0.7457,0.5612,1,0,none,baostock,query_history_k_data_plus
000429,SZSE.000429,,SZ,A股-深交所,2025-08-19,12.16,12.16,12.05,12.08,12.16,6573399,79528840.46,-0.6579,0.5044,1,0,none,baostock,query_history_k_data_plus
000429,SZSE.000429,,SZ,A股-深交所,2025-08-20,12.12,12.12,12.03,12.11,12.08,6944195,83823578.57,0.2483,0.5328,1,0,none,baostock,query_history_k_data_plus
000429,SZSE.000429,,SZ,A股-深交所,2025-08-21,12.11,12.18,12.06,12.11,12.11,9408894,114073327.77,0.0,0.7219,1,0,none,baostock,query_history_k_data_plus
000429,SZSE.000429,,SZ,A股-深交所,2025-08-22,12.13,12.14,12.05,12.07,12.11,8441340,101869348.0,-0.3303,0.6477,1,0,none,baostock,query_history_k_data_plus
000429,SZSE.000429,,SZ,A股-深交所,2025-08-25,12.07,12.15,12.05,12.14,12.07,8222786,99515263.32,0.58,0.6309,1,0,none,baostock,query_history_k_data_plus
000429,SZSE.000429,,SZ,A股-深交所,2025-08-26,12.15,12.16,12.1,12.13,12.14,6061801,73547952.74,-0.0824,0.4651,1,0,none,baostock,query_history_k_data_plus
000429,SZSE.000429,,SZ,A股-深交所,2025-08-27,12.13,12.13,12.02,12.02,12.13,9618208,115985784.24,-0.9068,0.738,1,0,none,baostock,query_history_k_data_plus
000429,SZSE.000429,,SZ,A股-深交所,2025-08-28,12.06,12.06,11.75,11.93,12.02,12283989,146139518.62,-0.7488,0.9425,1,0,none,baostock,query_history_k_data_plus
000429,SZSE.000429,,SZ,A股-深交所,2025-08-29,11.94,11.96,11.8,11.82,11.93,9735009,115550241.38,-0.922,0.7469,1,0,none,baostock,query_history_k_data_plus
000429,SZSE.000429,,SZ,A股-深交所,2025-09-01,11.81,11.81,11.66,11.7,11.82,11411810,133722890.36,-1.0152,0.8756,1,0,none,baostock,query_history_k_data_plus
000429,SZSE.000429,,SZ,A股-深交所,2025-09-02,11.67,11.81,11.65,11.8,11.7,9674470,113619060.32,0.8547,0.7423,1,0,none,baostock,query_history_k_data_plus
000429,SZSE.000429,,SZ,A股-深交所,2025-09-03,11.82,11.85,11.6,11.6,11.8,7134866,83205561.04,-1.6949,0.5474,1,0,none,baostock,query_history_k_data_plus
000429,SZSE.000429,,SZ,A股-深交所,2025-09-04,11.6,11.7,11.4,11.69,11.6,9663115,111859875.3,0.7759,0.7414,1,0,none,baostock,query_history_k_data_plus
000429,SZSE.000429,,SZ,A股-深交所,2025-09-05,11.69,11.69,11.42,11.5,11.69,8736495,100452328.4,-1.6253,0.6703,1,0,none,baostock,query_history_k_data_plus
000429,SZSE.000429,,SZ,A股-深交所,2025-09-08,11.49,11.59,11.46,11.51,11.5,8838301,101832362.48,0.087,0.6781,1,0,none,baostock,query_history_k_data_plus
000429,SZSE.000429,,SZ,A股-深交所,2025-09-09,11.52,11.52,11.35,11.43,11.51,9390824,107315464.49,-0.695,0.7205,1,0,none,baostock,query_history_k_data_plus
000429,SZSE.000429,,SZ,A股-深交所,2025-09-10,11.4,11.45,11.37,11.42,11.43,5223940,59604245.07,-0.0875,0.4008,1,0,none,baostock,query_history_k_data_plus
000429,SZSE.000429,,SZ,A股-深交所,2025-09-11,11.42,11.43,11.2,11.35,11.42,13195498,149004385.3,-0.613,1.0124,1,0,none,baostock,query_history_k_data_plus
000429,SZSE.000429,,SZ,A股-深交所,2025-09-12,11.36,11.42,11.22,11.24,11.35,9842717,111298128.6,-0.9692,0.7552,1,0,none,baostock,query_history_k_data_plus
000429,SZSE.000429,,SZ,A股-深交所,2025-09-15,11.23,11.25,11.11,11.14,11.24,9745443,108651303.82,-0.8897,0.7477,1,0,none,baostock,query_history_k_data_plus
000429,SZSE.000429,,SZ,A股-深交所,2025-09-16,11.13,11.19,11.02,11.05,11.14,9570590,106230498.8,-0.8079,0.7343,1,0,none,baostock,query_history_k_data_plus
000429,SZSE.000429,,SZ,A股-深交所,2025-09-17,11.05,11.06,10.9,10.92,11.05,12251501,134073891.93,-1.1765,0.94,1,0,none,baostock,query_history_k_data_plus
000429,SZSE.000429,,SZ,A股-深交所,2025-09-18,10.92,10.93,10.71,10.76,10.92,17308995,186463145.35,-1.4652,1.3281,1,0,none,baostock,query_history_k_data_plus
000429,SZSE.000429,,SZ,A股-深交所,2025-09-19,10.74,10.75,10.54,10.7,10.76,17712685,188236010.93,-0.5576,1.359,1,0,none,baostock,query_history_k_data_plus
000429,SZSE.000429,,SZ,A股-深交所,2025-09-22,10.69,10.91,10.64,10.78,10.7,15925466,171900160.48,0.7477,1.2219,1,0,none,baostock,query_history_k_data_plus
000429,SZSE.000429,,SZ,A股-深交所,2025-09-23,10.76,10.92,10.7,10.88,10.78,17487407,189050641.67,0.9276,1.3417,1,0,none,baostock,query_history_k_data_plus
000429,SZSE.000429,,SZ,A股-深交所,2025-09-24,10.88,11.21,10.85,11.0,10.88,24139957,266847500.26,1.1029,1.8522,1,0,none,baostock,query_history_k_data_plus
000429,SZSE.000429,,SZ,A股-深交所,2025-09-25,10.99,10.99,10.71,10.77,11.0,18035411,194828924.12,-2.0909,1.3838,1,0,none,baostock,query_history_k_data_plus
000429,SZSE.000429,,SZ,A股-深交所,2025-09-26,10.74,10.92,10.71,10.89,10.77,14274923,154184669.19,1.1142,1.0953,1,0,none,baostock,query_history_k_data_plus
000429,SZSE.000429,,SZ,A股-深交所,2025-09-29,10.91,10.99,10.79,10.97,10.89,10289249,112431208.66,0.7346,0.7895,1,0,none,baostock,query_history_k_data_plus
000429,SZSE.000429,,SZ,A股-深交所,2025-09-30,10.97,10.99,10.83,10.89,10.97,8097214,88204532.47,-0.7293,0.6213,1,0,none,baostock,query_history_k_data_plus
000429,SZSE.000429,,SZ,A股-深交所,2025-10-09,10.91,11.08,10.79,11.07,10.89,13031016,143071811.18,1.6529,0.9998,1,0,none,baostock,query_history_k_data_plus
000429,SZSE.000429,,SZ,A股-深交所,2025-10-10,11.08,11.3,11.02,11.22,11.07,11618549,129954106.4,1.355,0.8915,1,0,none,baostock,query_history_k_data_plus
000429,SZSE.000429,,SZ,A股-深交所,2025-10-13,11.11,11.35,11.02,11.34,11.22,14821168,166291064.94,1.0695,1.1372,1,0,none,baostock,query_history_k_data_plus
000429,SZSE.000429,,SZ,A股-深交所,2025-10-14,11.34,11.37,11.21,11.36,11.34,12965076,146336614.0,0.1764,0.9948,1,0,none,baostock,query_history_k_data_plus
000429,SZSE.000429,,SZ,A股-深交所,2025-10-15,11.36,11.49,11.3,11.46,11.36,11934343,136131794.28,0.8803,0.9157,1,0,none,baostock,query_history_k_data_plus
000429,SZSE.000429,,SZ,A股-深交所,2025-10-16,11.45,11.6,11.44,11.51,11.46,12175345,140270642.97,0.4363,0.9342,1,0,none,baostock,query_history_k_data_plus
000429,SZSE.000429,,SZ,A股-深交所,2025-10-17,11.52,11.68,11.44,11.64,11.51,16103665,186855666.99,1.1295,1.2356,1,0,none,baostock,query_history_k_data_plus
000429,SZSE.000429,,SZ,A股-深交所,2025-10-20,11.59,11.7,11.4,11.65,11.64,15795034,182557201.7,0.0859,1.2119,1,0,none,baostock,query_history_k_data_plus
000429,SZSE.000429,,SZ,A股-深交所,2025-10-21,11.63,11.64,11.39,11.4,11.65,15750643,180679728.75,-2.1459,1.2085,1,0,none,baostock,query_history_k_data_plus
000429,SZSE.000429,,SZ,A股-深交所,2025-10-22,11.4,11.65,11.38,11.56,11.4,15507319,178955860.07,1.4035,1.1898,1,0,none,baostock,query_history_k_data_plus
000429,SZSE.000429,,SZ,A股-深交所,2025-10-23,11.55,11.7,11.54,11.63,11.56,12384252,144034737.42,0.6055,0.9502,1,0,none,baostock,query_history_k_data_plus
000429,SZSE.000429,,SZ,A股-深交所,2025-10-24,11.67,11.83,11.48,11.75,11.63,21462207,250797955.07,1.0318,1.6467,1,0,none,baostock,query_history_k_data_plus
000429,SZSE.000429,,SZ,A股-深交所,2025-10-27,11.77,11.82,11.57,11.79,11.75,15802870,185136019.59,0.3404,1.2125,1,0,none,baostock,query_history_k_data_plus
000429,SZSE.000429,,SZ,A股-深交所,2025-10-28,11.79,11.95,11.73,11.95,11.79,15742655,186920058.7,1.3571,1.2079,1,0,none,baostock,query_history_k_data_plus
000429,SZSE.000429,,SZ,A股-深交所,2025-10-29,11.95,11.96,11.75,11.81,11.95,15734672,186036779.55,-1.1715,1.2073,1,0,none,baostock,query_history_k_data_plus
000429,SZSE.000429,,SZ,A股-深交所,2025-10-30,11.86,11.88,11.71,11.76,11.81,9098233,107182899.1,-0.4234,0.6981,1,0,none,baostock,query_history_k_data_plus
000429,SZSE.000429,,SZ,A股-深交所,2025-10-31,11.71,11.76,11.51,11.61,11.76,15210151,176632669.2,-1.2755,1.167,1,0,none,baostock,query_history_k_data_plus
000429,SZSE.000429,,SZ,A股-深交所,2025-11-03,11.62,11.8,11.53,11.8,11.61,11748194,137439496.91,1.6365,0.9014,1,0,none,baostock,query_history_k_data_plus
000429,SZSE.000429,,SZ,A股-深交所,2025-11-04,11.76,12.23,11.73,12.19,11.8,23571304,284521401.07,3.3051,1.8085,1,0,none,baostock,query_history_k_data_plus
000429,SZSE.000429,,SZ,A股-深交所,2025-11-05,12.24,12.37,12.08,12.26,12.19,17453963,214185020.26,0.5742,1.3392,1,0,none,baostock,query_history_k_data_plus
000429,SZSE.000429,,SZ,A股-深交所,2025-11-06,12.27,12.3,12.12,12.23,12.26,10063863,122856742.34,-0.2447,0.7722,1,0,none,baostock,query_history_k_data_plus
000429,SZSE.000429,,SZ,A股-深交所,2025-11-07,12.21,12.31,12.13,12.17,12.23,6949478,84773344.52,-0.4906,0.5332,1,0,none,baostock,query_history_k_data_plus
000429,SZSE.000429,,SZ,A股-深交所,2025-11-10,12.18,12.36,12.06,12.35,12.17,11231431,137949080.99,1.479,0.8617,1,0,none,baostock,query_history_k_data_plus
000429,SZSE.000429,,SZ,A股-深交所,2025-11-11,12.3,12.51,12.26,12.48,12.35,9524251,118267720.26,1.0526,0.7308,1,0,none,baostock,query_history_k_data_plus
000429,SZSE.000429,,SZ,A股-深交所,2025-11-12,12.47,12.63,12.43,12.48,12.48,8853737,110783720.22,0.0,0.6793,1,0,none,baostock,query_history_k_data_plus
000429,SZSE.000429,,SZ,A股-深交所,2025-11-13,12.45,12.46,12.26,12.37,12.48,10376900,127998136.0,-0.8814,0.7962,1,0,none,baostock,query_history_k_data_plus
000429,SZSE.000429,,SZ,A股-深交所,2025-11-14,12.49,12.51,12.21,12.22,12.37,9577064,117965457.87,-1.2126,0.7348,1,0,none,baostock,query_history_k_data_plus
000429,SZSE.000429,,SZ,A股-深交所,2025-11-17,12.2,12.25,12.06,12.18,12.22,9035480,109860917.49,-0.3273,0.6933,1,0,none,baostock,query_history_k_data_plus
000429,SZSE.000429,,SZ,A股-深交所,2025-11-18,12.18,12.39,12.18,12.36,12.18,9154545,112705084.35,1.4778,0.7024,1,0,none,baostock,query_history_k_data_plus
000429,SZSE.000429,,SZ,A股-深交所,2025-11-19,12.38,12.38,12.21,12.22,12.36,6405863,78695736.87,-1.1327,0.4915,1,0,none,baostock,query_history_k_data_plus
000429,SZSE.000429,,SZ,A股-深交所,2025-11-20,12.22,12.35,12.12,12.25,12.22,7550301,92352292.98,0.2455,0.5793,1,0,none,baostock,query_history_k_data_plus
000429,SZSE.000429,,SZ,A股-深交所,2025-11-21,12.23,12.33,12.05,12.06,12.25,10378760,126530682.6,-1.551,0.7963,1,0,none,baostock,query_history_k_data_plus
000429,SZSE.000429,,SZ,A股-深交所,2025-11-24,12.1,12.21,12.03,12.14,12.06,8428515,102009177.42,0.6633,0.6467,1,0,none,baostock,query_history_k_data_plus
000429,SZSE.000429,,SZ,A股-深交所,2025-11-25,12.13,12.22,11.94,12.15,12.14,8062693,97599581.48,0.0824,0.6186,1,0,none,baostock,query_history_k_data_plus
000429,SZSE.000429,,SZ,A股-深交所,2025-11-26,12.17,12.37,12.11,12.18,12.15,9058468,110778007.64,0.2469,0.695,1,0,none,baostock,query_history_k_data_plus
000429,SZSE.000429,,SZ,A股-深交所,2025-11-27,12.17,12.21,12.02,12.15,12.18,7208219,87285556.37,-0.2463,0.5531,1,0,none,baostock,query_history_k_data_plus
000429,SZSE.000429,,SZ,A股-深交所,2025-11-28,12.15,12.18,11.95,12.03,12.15,8939862,107613988.84,-0.9877,0.6859,1,0,none,baostock,query_history_k_data_plus
000429,SZSE.000429,,SZ,A股-深交所,2025-12-01,12.64,12.78,12.24,12.46,12.03,30652984,382126641.54,3.5744,2.3519,1,0,none,baostock,query_history_k_data_plus
000429,SZSE.000429,,SZ,A股-深交所,2025-12-02,12.46,12.59,12.35,12.55,12.46,16226161,202651626.16,0.7223,1.245,1,0,none,baostock,query_history_k_data_plus
000429,SZSE.000429,,SZ,A股-深交所,2025-12-03,12.5,12.72,12.48,12.68,12.55,10810347,136624972.6,1.0359,0.8294,1,0,none,baostock,query_history_k_data_plus
000429,SZSE.000429,,SZ,A股-深交所,2025-12-04,12.68,12.76,12.61,12.61,12.68,8521091,108041474.32,-0.5521,0.6538,1,0,none,baostock,query_history_k_data_plus
000429,SZSE.000429,,SZ,A股-深交所,2025-12-05,12.62,12.7,12.52,12.64,12.61,10235265,128946670.59,0.2379,0.7853,1,0,none,baostock,query_history_k_data_plus
000429,SZSE.000429,,SZ,A股-深交所,2025-12-08,12.58,12.58,12.44,12.54,12.64,8937346,111851711.36,-0.7911,0.6857,1,0,none,baostock,query_history_k_data_plus
000429,SZSE.000429,,SZ,A股-深交所,2025-12-09,12.54,12.64,12.47,12.58,12.54,8557984,107806939.48,0.319,0.6566,1,0,none,baostock,query_history_k_data_plus
000429,SZSE.000429,,SZ,A股-深交所,2025-12-10,12.56,12.7,12.51,12.57,12.58,13048742,164240072.36,-0.0795,1.0012,1,0,none,baostock,query_history_k_data_plus
000429,SZSE.000429,,SZ,A股-深交所,2025-12-11,12.55,12.78,12.53,12.64,12.57,17043609,215910141.2,0.5569,1.3077,1,0,none,baostock,query_history_k_data_plus
000429,SZSE.000429,,SZ,A股-深交所,2025-12-12,12.68,12.72,12.05,12.09,12.64,36514048,448118310.7,-4.3513,2.8016,1,0,none,baostock,query_history_k_data_plus
000429,SZSE.000429,,SZ,A股-深交所,2025-12-15,12.09,12.29,11.97,12.22,12.09,14864929,180715374.44,1.0753,1.1405,1,0,none,baostock,query_history_k_data_plus
000429,SZSE.000429,,SZ,A股-深交所,2025-12-16,12.18,12.3,12.1,12.12,12.22,9046334,110197057.42,-0.8183,0.6941,1,0,none,baostock,query_history_k_data_plus
000429,SZSE.000429,,SZ,A股-深交所,2025-12-17,12.09,12.2,11.96,11.97,12.12,8159002,98571511.32,-1.2376,0.626,1,0,none,baostock,query_history_k_data_plus
000429,SZSE.000429,,SZ,A股-深交所,2025-12-18,11.99,12.06,11.89,11.99,11.97,6547832,78464264.47,0.1671,0.5024,1,0,none,baostock,query_history_k_data_plus
000429,SZSE.000429,,SZ,A股-深交所,2025-12-19,11.99,11.99,11.86,11.86,11.99,8369520,99658681.8,-1.0842,0.6422,1,0,none,baostock,query_history_k_data_plus
000429,SZSE.000429,,SZ,A股-深交所,2025-12-22,11.86,11.87,11.68,11.72,11.86,6552300,76982795.56,-1.1804,0.5027,1,0,none,baostock,query_history_k_data_plus
000429,SZSE.000429,,SZ,A股-深交所,2025-12-23,11.73,11.82,11.65,11.71,11.72,5302833,62241973.44,-0.0853,0.4069,1,0,none,baostock,query_history_k_data_plus
000429,SZSE.000429,,SZ,A股-深交所,2025-12-24,11.77,11.82,11.65,11.8,11.71,4810334,56462117.91,0.7686,0.3691,1,0,none,baostock,query_history_k_data_plus
000429,SZSE.000429,,SZ,A股-深交所,2025-12-25,11.8,11.92,11.77,11.89,11.8,3804476,45169743.84,0.7627,0.2919,1,0,none,baostock,query_history_k_data_plus
000429,SZSE.000429,,SZ,A股-深交所,2025-12-26,11.86,12.24,11.86,12.19,11.89,11318264,136773875.16,2.5231,0.8684,1,0,none,baostock,query_history_k_data_plus
000429,SZSE.000429,,SZ,A股-深交所,2025-12-29,12.19,12.21,11.92,11.97,12.19,7517027,90432854.67,-1.8048,0.5768,1,0,none,baostock,query_history_k_data_plus
000429,SZSE.000429,,SZ,A股-深交所,2025-12-30,11.96,12.05,11.87,11.97,11.97,5450186,65179795.72,0.0,0.4182,1,0,none,baostock,query_history_k_data_plus
000429,SZSE.000429,,SZ,A股-深交所,2025-12-31,11.99,12.11,11.75,11.78,11.97,9070436,107641769.87,-1.5873,0.6959,1,0,none,baostock,query_history_k_data_plus
000429,SZSE.000429,,SZ,A股-深交所,2026-01-05,11.78,11.79,11.52,11.6,11.78,10282459,119355617.48,-1.528,0.7889,1,0,none,baostock,query_history_k_data_plus
000429,SZSE.000429,,SZ,A股-深交所,2026-01-06,11.59,11.67,11.54,11.58,11.6,7033752,81542373.6,-0.1724,0.5397,1,0,none,baostock,query_history_k_data_plus
000429,SZSE.000429,,SZ,A股-深交所,2026-01-07,11.58,11.59,11.51,11.52,11.58,5604197,64675214.06,-0.5181,0.43,1,0,none,baostock,query_history_k_data_plus
000429,SZSE.000429,,SZ,A股-深交所,2026-01-08,11.54,11.56,11.44,11.46,11.52,6726412,77243278.18,-0.5208,0.5161,1,0,none,baostock,query_history_k_data_plus
000429,SZSE.000429,,SZ,A股-深交所,2026-01-09,11.46,11.52,11.41,11.48,11.46,5645136,64706706.2,0.1745,0.4331,1,0,none,baostock,query_history_k_data_plus
000429,SZSE.000429,,SZ,A股-深交所,2026-01-12,11.48,11.6,11.43,11.59,11.48,6571195,75911184.78,0.9582,0.5042,1,0,none,baostock,query_history_k_data_plus
000429,SZSE.000429,,SZ,A股-深交所,2026-01-13,11.58,11.59,11.44,11.49,11.59,6569764,75693850.16,-0.8628,0.5041,1,0,none,baostock,query_history_k_data_plus
000429,SZSE.000429,,SZ,A股-深交所,2026-01-14,11.5,11.55,11.41,11.42,11.49,6320681,72479431.23,-0.6092,0.485,1,0,none,baostock,query_history_k_data_plus
000429,SZSE.000429,,SZ,A股-深交所,2026-01-15,11.43,11.45,11.26,11.27,11.42,6838206,77547710.58,-1.3135,0.5247,1,0,none,baostock,query_history_k_data_plus
000429,SZSE.000429,,SZ,A股-深交所,2026-01-16,11.3,11.35,11.21,11.32,11.27,5698901,64306444.31,0.4437,0.4373,1,0,none,baostock,query_history_k_data_plus
000429,SZSE.000429,,SZ,A股-深交所,2026-01-19,11.37,11.44,11.26,11.44,11.32,5162978,58809113.37,1.0601,0.3961,1,0,none,baostock,query_history_k_data_plus
000429,SZSE.000429,,SZ,A股-深交所,2026-01-20,11.44,11.8,11.4,11.73,11.44,11491957,133423349.05,2.535,0.8817,1,0,none,baostock,query_history_k_data_plus
000429,SZSE.000429,,SZ,A股-深交所,2026-01-21,11.76,11.76,11.61,11.68,11.73,7309689,85297688.54,-0.4263,0.5608,1,0,none,baostock,query_history_k_data_plus
000429,SZSE.000429,,SZ,A股-深交所,2026-01-22,11.69,11.81,11.57,11.79,11.68,5143635,60298121.2,0.9418,0.3947,1,0,none,baostock,query_history_k_data_plus
000429,SZSE.000429,,SZ,A股-深交所,2026-01-23,11.79,11.82,11.7,11.75,11.79,4858574,57111575.02,-0.3393,0.3728,1,0,none,baostock,query_history_k_data_plus
000429,SZSE.000429,,SZ,A股-深交所,2026-01-26,11.71,11.82,11.62,11.79,11.75,7392091,86574668.24,0.3404,0.5672,1,0,none,baostock,query_history_k_data_plus
000429,SZSE.000429,,SZ,A股-深交所,2026-01-27,11.79,11.99,11.72,11.98,11.79,8121016,96390551.38,1.6115,0.6231,1,0,none,baostock,query_history_k_data_plus
000429,SZSE.000429,,SZ,A股-深交所,2026-01-28,11.99,12.15,11.92,12.11,11.98,8820059,106371941.25,1.0851,0.6767,1,0,none,baostock,query_history_k_data_plus
000429,SZSE.000429,,SZ,A股-深交所,2026-01-29,12.11,12.25,11.91,12.19,12.11,9438995,114524540.97,0.6606,0.7242,1,0,none,baostock,query_history_k_data_plus
000429,SZSE.000429,,SZ,A股-深交所,2026-01-30,12.18,12.38,12.16,12.19,12.19,10829497,133054527.24,0.0,0.8309,1,0,none,baostock,query_history_k_data_plus
000429,SZSE.000429,,SZ,A股-深交所,2026-02-02,12.25,12.25,12.0,12.01,12.19,9525792,115648239.98,-1.4766,0.7309,1,0,none,baostock,query_history_k_data_plus
000429,SZSE.000429,,SZ,A股-深交所,2026-02-03,12.1,12.23,12.0,12.14,12.01,8062551,97659205.48,1.0824,0.6186,1,0,none,baostock,query_history_k_data_plus
000429,SZSE.000429,,SZ,A股-深交所,2026-02-04,12.14,12.36,12.12,12.23,12.14,9970000,122114520.0,0.7414,0.765,1,0,none,baostock,query_history_k_data_plus
000429,SZSE.000429,,SZ,A股-深交所,2026-02-05,12.23,12.36,12.2,12.25,12.23,6386050,78400625.42,0.1635,0.49,1,0,none,baostock,query_history_k_data_plus
000429,SZSE.000429,,SZ,A股-深交所,2026-02-06,12.26,12.36,12.16,12.21,12.25,6682189,81972760.66,-0.3265,0.5127,1,0,none,baostock,query_history_k_data_plus
000429,SZSE.000429,,SZ,A股-深交所,2026-02-09,12.25,12.43,12.22,12.41,12.21,6272888,77481051.24,1.638,0.4813,1,0,none,baostock,query_history_k_data_plus
000429,SZSE.000429,,SZ,A股-深交所,2026-02-10,12.35,12.41,12.31,12.37,12.41,3083742,38135348.54,-0.3223,0.2366,1,0,none,baostock,query_history_k_data_plus
000429,SZSE.000429,,SZ,A股-深交所,2026-02-11,12.4,12.44,12.3,12.3,12.37,3234501,39872875.32,-0.5659,0.2482,1,0,none,baostock,query_history_k_data_plus
000429,SZSE.000429,,SZ,A股-深交所,2026-02-12,12.33,12.33,12.11,12.16,12.3,6960444,84875093.69,-1.1382,0.5341,1,0,none,baostock,query_history_k_data_plus
000429,SZSE.000429,,SZ,A股-深交所,2026-02-13,12.16,12.21,11.95,11.99,12.16,5350400,64612115.45,-1.398,0.4105,1,0,none,baostock,query_history_k_data_plus
000429,SZSE.000429,,SZ,A股-深交所,2026-02-24,12.08,12.15,11.95,12.01,11.99,4305968,51770662.88,0.1668,0.3304,1,0,none,baostock,query_history_k_data_plus
000429,SZSE.000429,,SZ,A股-深交所,2026-02-25,12.06,12.14,12.01,12.01,12.01,4423300,53386858.0,0.0,0.3394,1,0,none,baostock,query_history_k_data_plus
000429,SZSE.000429,,SZ,A股-深交所,2026-02-26,12.07,12.1,12.0,12.03,12.01,3888140,46835902.2,0.1665,0.2983,1,0,none,baostock,query_history_k_data_plus
000429,SZSE.000429,,SZ,A股-深交所,2026-02-27,12.03,12.3,12.01,12.23,12.03,4849172,59148780.34,1.6625,0.3721,1,0,none,baostock,query_history_k_data_plus
000429,SZSE.000429,,SZ,A股-深交所,2026-03-02,12.22,12.38,12.13,12.28,12.23,6657771,81666009.34,0.4088,0.5108,1,0,none,baostock,query_history_k_data_plus
000429,SZSE.000429,,SZ,A股-深交所,2026-03-03,12.29,12.37,12.19,12.23,12.28,8038424,98773705.24,-0.4072,0.6168,1,0,none,baostock,query_history_k_data_plus
000429,SZSE.000429,,SZ,A股-深交所,2026-03-04,12.15,12.24,12.01,12.02,12.23,8717690,105456986.73,-1.7171,0.6689,1,0,none,baostock,query_history_k_data_plus
000429,SZSE.000429,,SZ,A股-深交所,2026-03-05,12.12,12.17,12.0,12.12,12.02,5163063,62378294.62,0.8319,0.3961,1,0,none,baostock,query_history_k_data_plus
000429,SZSE.000429,,SZ,A股-深交所,2026-03-06,12.13,12.36,12.08,12.33,12.12,5525741,67711798.17,1.7327,0.424,1,0,none,baostock,query_history_k_data_plus
000429,SZSE.000429,,SZ,A股-深交所,2026-03-09,12.34,12.4,12.23,12.32,12.33,7702540,94850213.05,-0.0811,0.591,1,0,none,baostock,query_history_k_data_plus
000429,SZSE.000429,,SZ,A股-深交所,2026-03-10,12.39,12.55,12.25,12.47,12.32,7985958,98981135.73,1.2175,0.6127,1,0,none,baostock,query_history_k_data_plus
000429,SZSE.000429,,SZ,A股-深交所,2026-03-11,12.47,12.62,12.4,12.58,12.47,6460147,81071255.75,0.8821,0.4957,1,0,none,baostock,query_history_k_data_plus
000429,SZSE.000429,,SZ,A股-深交所,2026-03-12,12.64,12.64,12.48,12.49,12.58,6571232,82344952.55,-0.7154,0.5042,1,0,none,baostock,query_history_k_data_plus
000429,SZSE.000429,,SZ,A股-深交所,2026-03-13,12.55,12.61,12.41,12.54,12.49,8147955,102148259.46,0.4003,0.6252,1,0,none,baostock,query_history_k_data_plus
000429,SZSE.000429,,SZ,A股-深交所,2026-03-16,12.58,12.85,12.55,12.83,12.54,12114898,154442594.57,2.3126,0.9295,1,0,none,baostock,query_history_k_data_plus
000429,SZSE.000429,,SZ,A股-深交所,2026-03-17,12.8,12.88,12.64,12.73,12.83,7228325,92130465.01,-0.7794,0.5546,1,0,none,baostock,query_history_k_data_plus
000429,SZSE.000429,,SZ,A股-深交所,2026-03-18,12.73,12.79,12.5,12.66,12.73,7457967,94608457.23,-0.5499,0.5722,1,0,none,baostock,query_history_k_data_plus
000429,SZSE.000429,,SZ,A股-深交所,2026-03-19,12.56,12.77,12.56,12.64,12.66,6450402,81835668.91,-0.158,0.4949,1,0,none,baostock,query_history_k_data_plus
000429,SZSE.000429,,SZ,A股-深交所,2026-03-20,12.65,12.84,12.61,12.76,12.64,6374125,81273391.11,0.9494,0.4891,1,0,none,baostock,query_history_k_data_plus
000429,SZSE.000429,,SZ,A股-深交所,2026-03-23,12.55,12.64,12.13,12.18,12.76,9664482,119196531.61,-4.5455,0.7415,1,0,none,baostock,query_history_k_data_plus
000429,SZSE.000429,,SZ,A股-深交所,2026-03-24,12.66,12.7,12.25,12.64,12.18,8337950,104783092.5,3.7767,0.6397,1,0,none,baostock,query_history_k_data_plus
000429,SZSE.000429,,SZ,A股-深交所,2026-03-25,12.68,12.96,12.53,12.94,12.64,9575136,122304680.05,2.3734,0.7347,1,0,none,baostock,query_history_k_data_plus
000429,SZSE.000429,,SZ,A股-深交所,2026-03-26,12.9,13.03,12.81,12.85,12.94,6409070,82691371.35,-0.6955,0.4917,1,0,none,baostock,query_history_k_data_plus
000429,SZSE.000429,,SZ,A股-深交所,2026-03-27,12.85,13.0,12.71,12.88,12.85,8598255,110890796.59,0.2335,0.6597,1,0,none,baostock,query_history_k_data_plus
000429,SZSE.000429,,SZ,A股-深交所,2026-03-30,12.83,13.06,12.8,13.03,12.88,7461841,96805988.08,1.1646,0.5725,1,0,none,baostock,query_history_k_data_plus
000429,SZSE.000429,,SZ,A股-深交所,2026-03-31,13.04,13.12,12.9,13.05,13.03,6822731,88909788.29,0.1535,0.5235,1,0,none,baostock,query_history_k_data_plus
000429,SZSE.000429,,SZ,A股-深交所,2026-04-01,13.08,13.1,12.95,13.0,13.05,6131099,79747640.05,-0.3831,0.4704,1,0,none,baostock,query_history_k_data_plus
000429,SZSE.000429,,SZ,A股-深交所,2026-04-02,13.0,13.13,12.9,13.13,13.0,6133071,79945026.43,1.0,0.4706,1,0,none,baostock,query_history_k_data_plus
000429,SZSE.000429,,SZ,A股-深交所,2026-04-03,13.12,13.18,12.98,13.08,13.13,6947398,90559893.12,-0.3808,0.533,1,0,none,baostock,query_history_k_data_plus
000429,SZSE.000429,,SZ,A股-深交所,2026-04-07,13.09,13.09,12.81,12.83,13.08,6474097,83612558.43,-1.9113,0.4967,1,0,none,baostock,query_history_k_data_plus
000429,SZSE.000429,,SZ,A股-深交所,2026-04-08,12.92,12.93,12.73,12.87,12.83,8142828,104283691.56,0.3118,0.6248,1,0,none,baostock,query_history_k_data_plus
000429,SZSE.000429,,SZ,A股-深交所,2026-04-09,12.84,12.93,12.74,12.77,12.87,3975734,50879266.98,-0.777,0.305,1,0,none,baostock,query_history_k_data_plus
000429,SZSE.000429,,SZ,A股-深交所,2026-04-10,12.8,12.83,12.51,12.53,12.77,7318108,92459234.79,-1.8794,0.5615,1,0,none,baostock,query_history_k_data_plus
000429,SZSE.000429,,SZ,A股-深交所,2026-04-13,12.53,12.66,12.48,12.57,12.53,4030182,50640182.69,0.3192,0.3092,1,0,none,baostock,query_history_k_data_plus
000429,SZSE.000429,,SZ,A股-深交所,2026-04-14,12.61,12.78,12.5,12.61,12.57,6089150,76748301.76,0.3182,0.4672,1,0,none,baostock,query_history_k_data_plus
000429,SZSE.000429,,SZ,A股-深交所,2026-04-15,12.68,12.85,12.56,12.82,12.61,5616800,71567797.0,1.6653,0.431,1,0,none,baostock,query_history_k_data_plus
000429,SZSE.000429,,SZ,A股-深交所,2026-04-16,12.8,12.93,12.78,12.85,12.82,3687983,47447130.91,0.234,0.283,1,0,none,baostock,query_history_k_data_plus
000429,SZSE.000429,,SZ,A股-深交所,2026-04-17,12.85,12.88,12.7,12.7,12.85,3253840,41520390.07,-1.1673,0.2497,1,0,none,baostock,query_history_k_data_plus
