code,symbol,name,market,asset_type,date,open,high,low,close,preclose,volume,amount,pct_chg,turnover,trade_status,is_st,adjust,provider,source_function
002271,SZSE.002271,,SZ,A股-深交所,2020-05-06,38.2,38.38,36.99,38.19,38.64,32046235,1207001355.24,-1.1646,2.9095,1,0,none,baostock,query_history_k_data_plus
002271,SZSE.002271,,SZ,A股-深交所,2020-05-07,38.01,38.99,37.76,38.88,38.19,21949724,846642714.83,1.8068,1.9928,1,0,none,baostock,query_history_k_data_plus
002271,SZSE.002271,,SZ,A股-深交所,2020-05-08,39.1,39.24,38.61,38.87,38.88,17700247,687779422.77,-0.0257,1.607,1,0,none,baostock,query_history_k_data_plus
002271,SZSE.002271,,SZ,A股-深交所,2020-05-11,39.06,39.95,38.67,38.98,38.87,18941455,743315997.54,0.283,1.7197,1,0,none,baostock,query_history_k_data_plus
002271,SZSE.002271,,SZ,A股-深交所,2020-05-12,38.78,39.05,38.23,38.86,38.98,15146255,584436748.03,-0.3078,1.3751,1,0,none,baostock,query_history_k_data_plus
002271,SZSE.002271,,SZ,A股-深交所,2020-05-13,38.9,38.9,38.02,38.61,38.86,19837696,760946630.73,-0.6433,1.8011,1,0,none,baostock,query_history_k_data_plus
002271,SZSE.002271,,SZ,A股-深交所,2020-05-14,38.5,38.5,37.19,37.2,38.61,27025227,1017080621.08,-3.6519,2.4536,1,0,none,baostock,query_history_k_data_plus
002271,SZSE.002271,,SZ,A股-深交所,2020-05-15,37.9,37.95,36.52,36.83,37.2,20303624,751237658.46,-0.9946,1.8434,1,0,none,baostock,query_history_k_data_plus
002271,SZSE.002271,,SZ,A股-深交所,2020-05-18,37.2,38.38,36.75,38.19,36.83,26263830,993512072.23,3.6926,2.3845,1,0,none,baostock,query_history_k_data_plus
002271,SZSE.002271,,SZ,A股-深交所,2020-05-19,38.29,38.44,37.7,38.0,38.19,15620166,593649511.56,-0.4975,1.4182,1,0,none,baostock,query_history_k_data_plus
002271,SZSE.002271,,SZ,A股-深交所,2020-05-20,37.7,38.57,37.27,37.97,38.0,16808755,638900970.04,-0.0789,1.5261,1,0,none,baostock,query_history_k_data_plus
002271,SZSE.002271,,SZ,A股-深交所,2020-05-21,37.9,38.38,37.33,37.55,37.97,13859651,524314200.05,-1.1061,1.2583,1,0,none,baostock,query_history_k_data_plus
002271,SZSE.002271,,SZ,A股-深交所,2020-05-22,37.68,37.7,36.3,36.4,37.55,16429526,603578133.05,-3.0626,1.4917,1,0,none,baostock,query_history_k_data_plus
002271,SZSE.002271,,SZ,A股-深交所,2020-05-25,36.4,38.2,35.87,37.65,36.4,20132774,750436867.75,3.4341,1.8279,1,0,none,baostock,query_history_k_data_plus
002271,SZSE.002271,,SZ,A股-深交所,2020-05-26,37.95,38.3,37.45,37.7,37.65,13918581,525313879.23,0.1328,1.2637,1,0,none,baostock,query_history_k_data_plus
002271,SZSE.002271,,SZ,A股-深交所,2020-05-27,37.82,37.97,36.67,36.86,37.7,13185714,487466929.28,-2.2281,1.1971,1,0,none,baostock,query_history_k_data_plus
002271,SZSE.002271,,SZ,A股-深交所,2020-05-28,36.6,37.82,36.58,37.0,36.86,13493979,500752435.87,0.3798,1.2251,1,0,none,baostock,query_history_k_data_plus
002271,SZSE.002271,,SZ,A股-深交所,2020-05-29,36.9,38.56,36.42,38.55,37.0,22785339,863638506.44,4.1892,2.0687,1,0,none,baostock,query_history_k_data_plus
002271,SZSE.002271,,SZ,A股-深交所,2020-06-01,38.9,39.28,37.9,39.01,38.55,27608801,1066264058.8,1.1933,2.5066,1,0,none,baostock,query_history_k_data_plus
002271,SZSE.002271,,SZ,A股-深交所,2020-06-02,38.99,39.23,38.16,38.44,39.01,14013726,540262093.15,-1.4612,1.2723,1,0,none,baostock,query_history_k_data_plus
002271,SZSE.002271,,SZ,A股-深交所,2020-06-03,38.59,39.3,38.2,38.7,38.44,18190065,708139672.0,0.6764,1.6515,1,0,none,baostock,query_history_k_data_plus
002271,SZSE.002271,,SZ,A股-深交所,2020-06-04,38.75,39.2,38.31,39.05,38.7,11350971,440121963.71,0.9044,1.0306,1,0,none,baostock,query_history_k_data_plus
002271,SZSE.002271,,SZ,A股-深交所,2020-06-05,38.8,38.99,37.88,38.24,39.05,12334757,472176560.51,-2.0743,1.1199,1,0,none,baostock,query_history_k_data_plus
002271,SZSE.002271,,SZ,A股-深交所,2020-06-08,38.45,38.59,37.42,37.62,38.24,15477891,587082345.67,-1.6213,1.4053,1,0,none,baostock,query_history_k_data_plus
002271,SZSE.002271,,SZ,A股-深交所,2020-06-09,37.74,38.2,37.26,38.12,37.62,13068016,493668891.59,1.3291,1.1865,1,0,none,baostock,query_history_k_data_plus
002271,SZSE.002271,,SZ,A股-深交所,2020-06-10,38.1,40.92,37.94,40.73,38.12,34687883,1387017979.97,6.8468,3.1493,1,0,none,baostock,query_history_k_data_plus
002271,SZSE.002271,,SZ,A股-深交所,2020-06-11,40.77,41.15,40.37,40.77,40.73,21989781,897504476.75,0.0982,1.9965,1,0,none,baostock,query_history_k_data_plus
002271,SZSE.002271,,SZ,A股-深交所,2020-06-12,40.0,41.78,39.8,41.4,40.77,25627523,1056588113.3,1.5453,2.3267,1,0,none,baostock,query_history_k_data_plus
002271,SZSE.002271,,SZ,A股-深交所,2020-06-15,40.87,41.82,40.58,40.76,41.1,17315552,713496730.6,-0.8273,1.5721,1,0,none,baostock,query_history_k_data_plus
002271,SZSE.002271,,SZ,A股-深交所,2020-06-16,41.1,41.89,40.88,41.88,40.76,15759091,653467108.93,2.7478,1.4308,1,0,none,baostock,query_history_k_data_plus
002271,SZSE.002271,,SZ,A股-深交所,2020-06-17,41.8,41.88,41.0,41.3,41.88,12982612,536100606.49,-1.3849,1.1787,1,0,none,baostock,query_history_k_data_plus
002271,SZSE.002271,,SZ,A股-深交所,2020-06-18,41.5,41.55,40.61,41.08,41.3,9139587,375414936.09,-0.5327,0.8298,1,0,none,baostock,query_history_k_data_plus
002271,SZSE.002271,,SZ,A股-深交所,2020-06-19,41.08,41.66,40.85,41.66,41.08,16285150,673707660.34,1.4119,1.4785,1,0,none,baostock,query_history_k_data_plus
002271,SZSE.002271,,SZ,A股-深交所,2020-06-22,41.1,41.59,39.39,40.26,41.66,24932902,1004273123.12,-3.3605,2.2637,1,0,none,baostock,query_history_k_data_plus
002271,SZSE.002271,,SZ,A股-深交所,2020-06-23,40.29,40.53,39.9,40.31,40.26,14707723,590944270.5,0.1242,1.3353,1,0,none,baostock,query_history_k_data_plus
002271,SZSE.002271,,SZ,A股-深交所,2020-06-24,40.52,41.5,40.1,40.48,40.31,14549217,592745793.55,0.4217,1.3209,1,0,none,baostock,query_history_k_data_plus
002271,SZSE.002271,,SZ,A股-深交所,2020-06-29,40.47,40.9,40.05,40.57,40.48,10685232,432931334.06,0.2223,0.9701,1,0,none,baostock,query_history_k_data_plus
002271,SZSE.002271,,SZ,A股-深交所,2020-06-30,40.85,41.02,40.4,40.63,40.57,12906420,525118578.93,0.1479,1.1718,1,0,none,baostock,query_history_k_data_plus
002271,SZSE.002271,,SZ,A股-深交所,2020-07-01,41.4,43.38,39.81,42.57,40.63,24398603,1010451910.71,4.7748,2.2152,1,0,none,baostock,query_history_k_data_plus
002271,SZSE.002271,,SZ,A股-深交所,2020-07-02,42.56,45.38,42.0,44.68,42.57,31805966,1402506078.24,4.9565,2.8877,1,0,none,baostock,query_history_k_data_plus
002271,SZSE.002271,,SZ,A股-深交所,2020-07-03,44.44,44.69,43.1,44.0,44.68,16895294,739669421.73,-1.5219,1.5339,1,0,none,baostock,query_history_k_data_plus
002271,SZSE.002271,,SZ,A股-深交所,2020-07-06,44.09,46.97,44.09,46.5,44.0,21815223,996087239.94,5.6818,1.9806,1,0,none,baostock,query_history_k_data_plus
002271,SZSE.002271,,SZ,A股-深交所,2020-07-07,46.6,47.86,45.81,45.81,46.5,20665373,969253672.95,-1.4839,1.8762,1,0,none,baostock,query_history_k_data_plus
002271,SZSE.002271,,SZ,A股-深交所,2020-07-08,45.8,46.76,45.51,46.5,45.81,12113214,559107393.53,1.5062,1.0998,1,0,none,baostock,query_history_k_data_plus
002271,SZSE.002271,,SZ,A股-深交所,2020-07-09,46.51,48.76,46.18,48.7,46.5,16356224,782427399.71,4.7312,1.485,1,0,none,baostock,query_history_k_data_plus
002271,SZSE.002271,,SZ,A股-深交所,2020-07-10,48.0,48.66,47.61,47.89,48.7,13753324,661137283.06,-1.6632,1.2487,1,0,none,baostock,query_history_k_data_plus
002271,SZSE.002271,,SZ,A股-深交所,2020-07-13,48.34,50.48,48.33,49.6,47.89,13724051,683100487.07,3.5707,1.246,1,0,none,baostock,query_history_k_data_plus
002271,SZSE.002271,,SZ,A股-深交所,2020-07-14,49.58,50.3,48.08,49.1,49.6,13981407,684840606.43,-1.0081,1.2694,1,0,none,baostock,query_history_k_data_plus
002271,SZSE.002271,,SZ,A股-深交所,2020-07-15,49.41,51.1,49.0,49.84,49.1,15923618,797679175.15,1.5071,1.4457,1,0,none,baostock,query_history_k_data_plus
002271,SZSE.002271,,SZ,A股-深交所,2020-07-16,50.05,52.68,48.9,49.61,49.84,24977485,1276824559.68,-0.4615,2.2677,1,0,none,baostock,query_history_k_data_plus
002271,SZSE.002271,,SZ,A股-深交所,2020-07-17,49.62,53.58,49.62,52.45,49.61,25696398,1330158048.62,5.7247,2.333,1,0,none,baostock,query_history_k_data_plus
002271,SZSE.002271,,SZ,A股-深交所,2020-07-20,53.42,56.3,51.42,54.7,52.45,27646117,1492621251.3,4.2898,2.51,1,0,none,baostock,query_history_k_data_plus
002271,SZSE.002271,,SZ,A股-深交所,2020-07-21,54.02,57.21,54.02,55.45,54.7,20534952,1144002932.66,1.3711,1.8644,1,0,none,baostock,query_history_k_data_plus
002271,SZSE.002271,,SZ,A股-深交所,2020-07-22,55.0,56.12,54.23,55.22,55.45,16931645,935542692.84,-0.4148,1.5372,1,0,none,baostock,query_history_k_data_plus
002271,SZSE.002271,,SZ,A股-深交所,2020-07-23,55.2,56.68,54.76,56.0,55.22,15798766,878923524.24,1.4125,1.4344,1,0,none,baostock,query_history_k_data_plus
002271,SZSE.002271,,SZ,A股-深交所,2020-07-24,55.31,56.05,51.6,51.97,56.0,27705421,1477416996.36,-7.1964,2.5154,1,0,none,baostock,query_history_k_data_plus
002271,SZSE.002271,,SZ,A股-深交所,2020-07-27,52.01,53.28,50.5,51.0,51.97,19140108,988224337.15,-1.8665,1.7377,1,0,none,baostock,query_history_k_data_plus
002271,SZSE.002271,,SZ,A股-深交所,2020-07-28,51.63,52.19,49.68,51.5,51.0,20186589,1027061584.18,0.9804,1.8328,1,0,none,baostock,query_history_k_data_plus
002271,SZSE.002271,,SZ,A股-深交所,2020-07-29,51.51,53.09,51.0,53.01,51.5,18613549,974494364.25,2.932,1.6899,1,0,none,baostock,query_history_k_data_plus
002271,SZSE.002271,,SZ,A股-深交所,2020-07-30,53.21,55.89,53.21,54.4,53.01,19554982,1069095887.25,2.6221,1.7754,1,0,none,baostock,query_history_k_data_plus
002271,SZSE.002271,,SZ,A股-深交所,2020-07-31,54.49,55.2,53.38,54.82,54.4,13283760,722791490.11,0.7721,1.206,1,0,none,baostock,query_history_k_data_plus
002271,SZSE.002271,,SZ,A股-深交所,2020-08-03,55.11,56.78,54.29,54.83,54.82,15224805,840279035.03,0.0182,1.3823,1,0,none,baostock,query_history_k_data_plus
002271,SZSE.002271,,SZ,A股-深交所,2020-08-04,55.2,56.15,54.4,54.81,54.83,13537404,747354253.27,-0.0365,1.2291,1,0,none,baostock,query_history_k_data_plus
002271,SZSE.002271,,SZ,A股-深交所,2020-08-05,54.75,57.29,54.2,57.11,54.81,16797917,944935969.74,4.1963,1.5251,1,0,none,baostock,query_history_k_data_plus
002271,SZSE.002271,,SZ,A股-深交所,2020-08-06,57.16,57.16,54.84,56.12,57.11,11248474,628390817.14,-1.7335,1.0213,1,0,none,baostock,query_history_k_data_plus
002271,SZSE.002271,,SZ,A股-深交所,2020-08-07,56.12,56.8,53.53,55.1,56.12,14332373,791072397.64,-1.8175,1.3012,1,0,none,baostock,query_history_k_data_plus
002271,SZSE.002271,,SZ,A股-深交所,2020-08-10,55.55,55.6,54.05,55.35,55.1,11279806,619836750.32,0.4537,1.0241,1,0,none,baostock,query_history_k_data_plus
002271,SZSE.002271,,SZ,A股-深交所,2020-08-11,55.1,57.79,54.8,55.06,55.35,16567967,933538966.58,-0.5239,1.5042,1,0,none,baostock,query_history_k_data_plus
002271,SZSE.002271,,SZ,A股-深交所,2020-08-12,54.57,55.07,51.2,52.63,55.06,21431329,1125554461.66,-4.4134,1.9458,1,0,none,baostock,query_history_k_data_plus
002271,SZSE.002271,,SZ,A股-深交所,2020-08-13,52.79,53.13,51.82,52.11,52.63,11310034,592708345.09,-0.988,1.0268,1,0,none,baostock,query_history_k_data_plus
002271,SZSE.002271,,SZ,A股-深交所,2020-08-14,52.5,53.4,52.3,53.15,52.11,11306963,597930423.62,1.9958,1.0266,1,0,none,baostock,query_history_k_data_plus
002271,SZSE.002271,,SZ,A股-深交所,2020-08-17,53.84,53.9,52.28,52.85,53.15,13329559,704333608.81,-0.5644,1.2102,1,0,none,baostock,query_history_k_data_plus
002271,SZSE.002271,,SZ,A股-深交所,2020-08-18,53.16,55.0,52.94,54.62,52.85,15045649,813192898.98,3.3491,1.366,1,0,none,baostock,query_history_k_data_plus
002271,SZSE.002271,,SZ,A股-深交所,2020-08-19,54.79,57.12,54.5,56.3,54.62,18957750,1064195562.51,3.0758,1.7212,1,0,none,baostock,query_history_k_data_plus
002271,SZSE.002271,,SZ,A股-深交所,2020-08-20,56.0,56.88,53.86,54.52,56.3,16374731,903060575.27,-3.1616,1.4867,1,0,none,baostock,query_history_k_data_plus
002271,SZSE.002271,,SZ,A股-深交所,2020-08-21,55.21,56.87,55.21,56.2,54.52,11709455,657662728.83,3.0814,1.0631,1,0,none,baostock,query_history_k_data_plus
002271,SZSE.002271,,SZ,A股-深交所,2020-08-24,56.6,57.68,55.86,57.29,56.2,12910455,736788700.02,1.9395,1.1722,1,0,none,baostock,query_history_k_data_plus
002271,SZSE.002271,,SZ,A股-深交所,2020-08-25,57.0,57.58,56.25,57.31,57.29,8827430,502509441.03,0.0349,0.8015,1,0,none,baostock,query_history_k_data_plus
002271,SZSE.002271,,SZ,A股-深交所,2020-08-26,56.88,57.27,54.3,54.78,57.31,18841524,1039341061.48,-4.4146,1.7106,1,0,none,baostock,query_history_k_data_plus
002271,SZSE.002271,,SZ,A股-深交所,2020-08-27,55.43,56.36,54.79,55.9,54.78,10086265,563029384.07,2.0445,0.9157,1,0,none,baostock,query_history_k_data_plus
002271,SZSE.002271,,SZ,A股-深交所,2020-08-28,56.2,58.6,55.6,58.54,55.9,21284598,1221944984.95,4.7227,1.9324,1,0,none,baostock,query_history_k_data_plus
002271,SZSE.002271,,SZ,A股-深交所,2020-08-31,60.5,61.48,57.4,59.94,58.54,33146837,1975288109.38,2.3915,3.0094,1,0,none,baostock,query_history_k_data_plus
002271,SZSE.002271,,SZ,A股-深交所,2020-09-01,59.94,61.49,59.65,60.8,59.94,14615275,886192011.67,1.4348,1.3269,1,0,none,baostock,query_history_k_data_plus
002271,SZSE.002271,,SZ,A股-深交所,2020-09-02,61.21,61.86,60.08,61.0,60.8,13240194,807939307.81,0.3289,1.2021,1,0,none,baostock,query_history_k_data_plus
002271,SZSE.002271,,SZ,A股-深交所,2020-09-03,60.98,63.32,60.18,61.5,61.0,17436544,1080794836.36,0.8197,1.5831,1,0,none,baostock,query_history_k_data_plus
002271,SZSE.002271,,SZ,A股-深交所,2020-09-04,60.26,61.3,59.27,59.9,61.5,12296691,738536640.08,-2.6016,1.1164,1,0,none,baostock,query_history_k_data_plus
002271,SZSE.002271,,SZ,A股-深交所,2020-09-07,59.91,60.58,57.11,57.44,59.9,13561284,796076560.32,-4.1068,1.231,1,0,none,baostock,query_history_k_data_plus
002271,SZSE.002271,,SZ,A股-深交所,2020-09-08,57.11,57.85,54.85,55.02,57.44,24730210,1374577226.84,-4.2131,2.2448,1,0,none,baostock,query_history_k_data_plus
002271,SZSE.002271,,SZ,A股-深交所,2020-09-09,54.06,54.33,52.0,53.03,55.02,18651754,992268533.78,-3.6169,1.693,1,0,none,baostock,query_history_k_data_plus
002271,SZSE.002271,,SZ,A股-深交所,2020-09-10,54.14,55.4,53.69,53.82,53.03,13683072,747474121.66,1.4897,1.242,1,0,none,baostock,query_history_k_data_plus
002271,SZSE.002271,,SZ,A股-深交所,2020-09-11,53.94,55.65,53.94,54.91,53.82,10955568,600431982.26,2.0253,0.9944,1,0,none,baostock,query_history_k_data_plus
002271,SZSE.002271,,SZ,A股-深交所,2020-09-14,55.5,55.5,54.28,55.0,54.91,11437452,627358403.91,0.1639,1.0382,1,0,none,baostock,query_history_k_data_plus
002271,SZSE.002271,,SZ,A股-深交所,2020-09-15,54.99,55.9,53.82,55.46,55.0,13079431,716189123.34,0.8364,1.1872,1,0,none,baostock,query_history_k_data_plus
002271,SZSE.002271,,SZ,A股-深交所,2020-09-16,55.49,57.1,55.28,56.24,55.46,10156185,571495442.64,1.4064,0.9219,1,0,none,baostock,query_history_k_data_plus
002271,SZSE.002271,,SZ,A股-深交所,2020-09-17,56.0,56.25,54.6,55.43,56.24,8147396,450827923.17,-1.4403,0.7395,1,0,none,baostock,query_history_k_data_plus
002271,SZSE.002271,,SZ,A股-深交所,2020-09-18,55.45,58.88,55.45,58.88,55.43,16440958,948214465.01,6.2241,1.4924,1,0,none,baostock,query_history_k_data_plus
002271,SZSE.002271,,SZ,A股-深交所,2020-09-21,58.0,59.59,57.72,58.77,58.88,9806226,575322007.66,-0.1868,0.8901,1,0,none,baostock,query_history_k_data_plus
002271,SZSE.002271,,SZ,A股-深交所,2020-09-22,57.86,58.7,57.42,58.21,58.77,7716980,448728551.05,-0.9529,0.7005,1,0,none,baostock,query_history_k_data_plus
002271,SZSE.002271,,SZ,A股-深交所,2020-09-23,58.25,58.58,57.51,57.88,58.21,10057408,583579414.03,-0.5669,0.9129,1,0,none,baostock,query_history_k_data_plus
002271,SZSE.002271,,SZ,A股-深交所,2020-09-24,58.0,58.88,56.81,57.0,57.88,12510481,721090945.96,-1.5204,1.1356,1,0,none,baostock,query_history_k_data_plus
002271,SZSE.002271,,SZ,A股-深交所,2020-09-25,55.5,55.93,52.5,54.95,57.0,28096269,1534722549.73,-3.5965,2.5503,1,0,none,baostock,query_history_k_data_plus
002271,SZSE.002271,,SZ,A股-深交所,2020-09-28,54.95,56.5,53.56,55.5,54.95,18591800,1020175671.4,1.0009,1.6876,1,0,none,baostock,query_history_k_data_plus
002271,SZSE.002271,,SZ,A股-深交所,2020-09-29,55.63,56.1,53.18,54.08,55.5,19761725,1070729047.41,-2.5586,1.7938,1,0,none,baostock,query_history_k_data_plus
002271,SZSE.002271,,SZ,A股-深交所,2020-09-30,54.08,54.98,53.32,53.9,54.08,11567886,626131638.56,-0.3328,1.0306,1,0,none,baostock,query_history_k_data_plus
002271,SZSE.002271,,SZ,A股-深交所,2020-10-09,55.01,57.19,54.8,57.07,53.9,19442570,1090491781.53,5.8813,1.7322,1,0,none,baostock,query_history_k_data_plus
002271,SZSE.002271,,SZ,A股-深交所,2020-10-12,57.4,57.96,56.97,57.67,57.07,14421855,828163374.57,1.0513,1.2849,1,0,none,baostock,query_history_k_data_plus
002271,SZSE.002271,,SZ,A股-深交所,2020-10-13,57.2,59.88,57.17,59.48,57.67,11541865,679829289.71,3.1385,1.0283,1,0,none,baostock,query_history_k_data_plus
002271,SZSE.002271,,SZ,A股-深交所,2020-10-14,59.5,61.0,59.08,60.83,59.48,12109521,731331417.15,2.2697,1.0789,1,0,none,baostock,query_history_k_data_plus
002271,SZSE.002271,,SZ,A股-深交所,2020-10-15,60.83,60.83,57.08,57.4,60.83,22615314,1327642215.11,-5.6387,2.0172,1,0,none,baostock,query_history_k_data_plus
002271,SZSE.002271,,SZ,A股-深交所,2020-10-16,56.56,57.84,55.2,56.3,57.4,21641485,1219750259.12,-1.9164,1.9303,1,0,none,baostock,query_history_k_data_plus
002271,SZSE.002271,,SZ,A股-深交所,2020-10-19,56.8,57.95,56.16,56.51,56.3,11849906,673643756.01,0.373,1.057,1,0,none,baostock,query_history_k_data_plus
002271,SZSE.002271,,SZ,A股-深交所,2020-10-20,56.6,56.65,54.06,56.38,56.51,17405817,962447889.77,-0.23,1.5525,1,0,none,baostock,query_history_k_data_plus
002271,SZSE.002271,,SZ,A股-深交所,2020-10-21,56.58,56.59,52.02,52.5,56.38,30058211,1606191235.98,-6.8819,2.681,1,0,none,baostock,query_history_k_data_plus
002271,SZSE.002271,,SZ,A股-深交所,2020-10-22,34.94,35.0,33.8,34.1,35.0,34530273,1180905224.47,-2.5714,2.0533,1,0,none,baostock,query_history_k_data_plus
002271,SZSE.002271,,SZ,A股-深交所,2020-10-23,34.25,34.66,33.25,33.32,34.1,18404167,622792112.82,-2.2874,1.0944,1,0,none,baostock,query_history_k_data_plus
002271,SZSE.002271,,SZ,A股-深交所,2020-10-26,33.05,33.86,31.6,33.74,33.32,21647025,715220932.24,1.2605,1.2872,1,0,none,baostock,query_history_k_data_plus
002271,SZSE.002271,,SZ,A股-深交所,2020-10-27,34.0,36.43,33.6,36.22,33.74,44873479,1578616126.48,7.3503,2.6683,1,0,none,baostock,query_history_k_data_plus
002271,SZSE.002271,,SZ,A股-深交所,2020-10-28,36.59,36.79,35.07,35.96,36.22,25076364,904503243.47,-0.7178,1.4911,1,0,none,baostock,query_history_k_data_plus
002271,SZSE.002271,,SZ,A股-深交所,2020-10-29,35.54,38.2,35.1,37.77,35.96,34293366,1284391012.01,5.0334,2.0392,1,0,none,baostock,query_history_k_data_plus
002271,SZSE.002271,,SZ,A股-深交所,2020-10-30,37.82,38.08,36.83,37.07,37.77,20157290,752737970.64,-1.8533,1.1986,1,0,none,baostock,query_history_k_data_plus
002271,SZSE.002271,,SZ,A股-深交所,2020-11-02,37.49,37.98,36.85,37.8,37.07,22559494,847853424.03,1.9692,1.3415,1,0,none,baostock,query_history_k_data_plus
002271,SZSE.002271,,SZ,A股-深交所,2020-11-03,37.88,37.91,36.77,37.18,37.8,20261562,751670898.03,-1.6402,1.2048,1,0,none,baostock,query_history_k_data_plus
002271,SZSE.002271,,SZ,A股-深交所,2020-11-04,37.18,37.48,36.01,36.94,37.18,18530191,679839091.67,-0.6455,1.1019,1,0,none,baostock,query_history_k_data_plus
002271,SZSE.002271,,SZ,A股-深交所,2020-11-05,37.2,37.45,36.73,37.37,36.94,19585158,727426727.26,1.164,1.1646,1,0,none,baostock,query_history_k_data_plus
002271,SZSE.002271,,SZ,A股-深交所,2020-11-06,37.0,37.2,35.62,36.48,37.37,22613446,821959216.34,-2.3816,1.3447,1,0,none,baostock,query_history_k_data_plus
002271,SZSE.002271,,SZ,A股-深交所,2020-11-09,36.9,38.8,36.67,38.08,36.48,41219928,1566048164.49,4.386,2.4511,1,0,none,baostock,query_history_k_data_plus
002271,SZSE.002271,,SZ,A股-深交所,2020-11-10,38.1,39.43,37.8,39.05,38.08,27633649,1075161036.06,2.5473,1.6432,1,0,none,baostock,query_history_k_data_plus
002271,SZSE.002271,,SZ,A股-深交所,2020-11-11,39.05,40.43,38.95,39.03,39.05,34210007,1355932739.89,-0.0512,2.0342,1,0,none,baostock,query_history_k_data_plus
002271,SZSE.002271,,SZ,A股-深交所,2020-11-12,39.3,40.1,39.03,39.55,39.03,18516175,732191551.47,1.3323,1.101,1,0,none,baostock,query_history_k_data_plus
002271,SZSE.002271,,SZ,A股-深交所,2020-11-13,39.6,40.07,38.84,39.44,39.55,18416924,724284381.54,-0.2781,1.0951,1,0,none,baostock,query_history_k_data_plus
002271,SZSE.002271,,SZ,A股-深交所,2020-11-16,39.44,39.73,38.4,38.6,39.44,21653068,839918645.58,-2.1298,1.2876,1,0,none,baostock,query_history_k_data_plus
002271,SZSE.002271,,SZ,A股-深交所,2020-11-17,38.59,38.68,37.53,38.1,38.6,17109833,648948491.96,-1.2953,1.0174,1,0,none,baostock,query_history_k_data_plus
002271,SZSE.002271,,SZ,A股-深交所,2020-11-18,38.0,38.0,36.69,36.92,38.1,21570791,800708199.49,-3.0971,1.2827,1,0,none,baostock,query_history_k_data_plus
002271,SZSE.002271,,SZ,A股-深交所,2020-11-19,37.0,37.49,36.44,37.4,36.92,19627363,728881782.68,1.3001,1.1671,1,0,none,baostock,query_history_k_data_plus
002271,SZSE.002271,,SZ,A股-深交所,2020-11-20,37.36,38.2,37.1,37.72,37.4,14910652,562631747.92,0.8556,0.8866,1,0,none,baostock,query_history_k_data_plus
002271,SZSE.002271,,SZ,A股-深交所,2020-11-23,38.06,38.2,36.88,37.42,37.72,22932403,858059665.27,-0.7953,1.3636,1,0,none,baostock,query_history_k_data_plus
002271,SZSE.002271,,SZ,A股-深交所,2020-11-24,37.13,37.28,36.01,36.26,37.42,31133559,1130458565.79,-3.0999,1.8513,1,0,none,baostock,query_history_k_data_plus
002271,SZSE.002271,,SZ,A股-深交所,2020-11-25,36.6,36.63,35.03,35.19,36.26,21205711,755112085.83,-2.9509,1.261,1,0,none,baostock,query_history_k_data_plus
002271,SZSE.002271,,SZ,A股-深交所,2020-11-26,35.3,35.5,33.6,34.68,35.19,34591129,1185744491.42,-1.4493,2.0569,1,0,none,baostock,query_history_k_data_plus
002271,SZSE.002271,,SZ,A股-深交所,2020-11-27,34.48,34.67,33.71,34.26,34.68,20050367,682982159.64,-1.2111,1.1923,1,0,none,baostock,query_history_k_data_plus
002271,SZSE.002271,,SZ,A股-深交所,2020-11-30,34.1,34.78,33.8,34.2,34.26,21924686,747949096.97,-0.1751,1.3037,1,0,none,baostock,query_history_k_data_plus
002271,SZSE.002271,,SZ,A股-深交所,2020-12-01,34.01,34.53,33.73,34.37,34.2,20049640,686925652.14,0.4971,1.1922,1,0,none,baostock,query_history_k_data_plus
002271,SZSE.002271,,SZ,A股-深交所,2020-12-02,34.47,35.22,33.88,35.1,34.37,23584151,812978330.97,2.1239,1.4024,1,0,none,baostock,query_history_k_data_plus
002271,SZSE.002271,,SZ,A股-深交所,2020-12-03,34.88,35.06,34.39,34.5,35.1,15670347,542724281.02,-1.7094,0.9318,1,0,none,baostock,query_history_k_data_plus
002271,SZSE.002271,,SZ,A股-深交所,2020-12-04,34.5,35.3,34.02,35.1,34.5,18315631,637892950.99,1.7391,1.0891,1,0,none,baostock,query_history_k_data_plus
002271,SZSE.002271,,SZ,A股-深交所,2020-12-07,35.1,36.3,34.8,35.83,35.1,25862050,926207926.11,2.0798,1.5378,1,0,none,baostock,query_history_k_data_plus
002271,SZSE.002271,,SZ,A股-深交所,2020-12-08,35.77,36.45,35.61,35.92,35.83,15708041,565883947.19,0.2512,0.9341,1,0,none,baostock,query_history_k_data_plus
002271,SZSE.002271,,SZ,A股-深交所,2020-12-09,35.88,35.91,34.88,35.29,35.92,20989995,739715057.61,-1.7539,1.2481,1,0,none,baostock,query_history_k_data_plus
002271,SZSE.002271,,SZ,A股-深交所,2020-12-10,34.83,35.17,34.46,35.11,35.29,16599690,577046755.31,-0.5101,0.9871,1,0,none,baostock,query_history_k_data_plus
002271,SZSE.002271,,SZ,A股-深交所,2020-12-11,35.11,35.4,34.0,34.5,35.11,16529808,571765792.37,-1.7374,0.9829,1,0,none,baostock,query_history_k_data_plus
002271,SZSE.002271,,SZ,A股-深交所,2020-12-14,34.58,34.69,33.7,33.98,34.5,21024908,714426590.46,-1.5072,1.2502,1,0,none,baostock,query_history_k_data_plus
002271,SZSE.002271,,SZ,A股-深交所,2020-12-15,34.07,35.45,33.72,34.48,33.98,25602359,887475373.74,1.4715,1.5224,1,0,none,baostock,query_history_k_data_plus
002271,SZSE.002271,,SZ,A股-深交所,2020-12-16,34.47,35.5,34.28,35.1,34.48,25211027,886208091.53,1.7981,1.4991,1,0,none,baostock,query_history_k_data_plus
002271,SZSE.002271,,SZ,A股-深交所,2020-12-17,35.25,35.45,34.22,35.02,35.1,15909036,553577817.87,-0.2279,0.946,1,0,none,baostock,query_history_k_data_plus
002271,SZSE.002271,,SZ,A股-深交所,2020-12-18,35.0,35.88,34.65,35.46,35.02,18303403,649388633.14,1.2564,1.0884,1,0,none,baostock,query_history_k_data_plus
002271,SZSE.002271,,SZ,A股-深交所,2020-12-21,35.47,35.8,34.92,35.65,35.46,18392157,651160924.71,0.5358,1.0937,1,0,none,baostock,query_history_k_data_plus
002271,SZSE.002271,,SZ,A股-深交所,2020-12-22,35.61,37.55,35.5,36.56,35.65,36690582,1348771175.4,2.5526,2.1817,1,0,none,baostock,query_history_k_data_plus
002271,SZSE.002271,,SZ,A股-深交所,2020-12-23,36.93,37.75,36.05,36.59,36.56,32637332,1203851365.07,0.0821,1.9407,1,0,none,baostock,query_history_k_data_plus
002271,SZSE.002271,,SZ,A股-深交所,2020-12-24,36.59,37.9,36.59,37.85,36.59,32074111,1204224721.35,3.4436,1.9072,1,0,none,baostock,query_history_k_data_plus
002271,SZSE.002271,,SZ,A股-深交所,2020-12-25,37.86,38.2,37.45,37.93,37.85,17764239,671311542.56,0.2114,1.0563,1,0,none,baostock,query_history_k_data_plus
002271,SZSE.002271,,SZ,A股-深交所,2020-12-28,37.85,39.29,37.77,38.65,37.93,35531009,1376997690.85,1.8982,2.1128,1,0,none,baostock,query_history_k_data_plus
002271,SZSE.002271,,SZ,A股-深交所,2020-12-29,39.0,39.06,37.54,38.62,38.65,25112979,962073415.93,-0.0776,1.4933,1,0,none,baostock,query_history_k_data_plus
002271,SZSE.002271,,SZ,A股-深交所,2020-12-30,38.8,39.08,37.71,38.14,38.62,28669093,1101488692.04,-1.2429,1.7048,1,0,none,baostock,query_history_k_data_plus
002271,SZSE.002271,,SZ,A股-深交所,2020-12-31,38.2,39.0,38.2,38.8,38.14,20540538,795516045.52,1.7305,1.2214,1,0,none,baostock,query_history_k_data_plus
002271,SZSE.002271,,SZ,A股-深交所,2021-01-04,38.5,39.58,38.43,39.48,38.8,27721525,1088444306.14,1.7526,1.6484,1,0,none,baostock,query_history_k_data_plus
002271,SZSE.002271,,SZ,A股-深交所,2021-01-05,39.3,41.98,39.01,41.61,39.48,48356429,1976104562.49,5.3951,2.8754,1,0,none,baostock,query_history_k_data_plus
002271,SZSE.002271,,SZ,A股-深交所,2021-01-06,41.72,45.18,41.72,44.5,41.61,46288017,2017010879.72,6.9454,2.7524,1,0,none,baostock,query_history_k_data_plus
002271,SZSE.002271,,SZ,A股-深交所,2021-01-07,44.36,47.0,43.41,46.9,44.5,45114123,2063003349.34,5.3933,2.6826,1,0,none,baostock,query_history_k_data_plus
002271,SZSE.002271,,SZ,A股-深交所,2021-01-08,47.19,48.48,45.0,45.5,46.9,37179037,1711067959.25,-2.9851,2.2108,1,0,none,baostock,query_history_k_data_plus
002271,SZSE.002271,,SZ,A股-深交所,2021-01-11,46.02,47.16,45.36,46.1,45.5,28446326,1315729599.1,1.3187,1.6915,1,0,none,baostock,query_history_k_data_plus
002271,SZSE.002271,,SZ,A股-深交所,2021-01-12,48.5,50.71,48.5,50.71,46.1,41675811,2081785943.42,10.0,2.4782,1,0,none,baostock,query_history_k_data_plus
002271,SZSE.002271,,SZ,A股-深交所,2021-01-13,51.94,53.36,50.82,51.55,50.71,54664205,2833872084.72,1.6565,3.2505,1,0,none,baostock,query_history_k_data_plus
002271,SZSE.002271,,SZ,A股-深交所,2021-01-14,51.72,51.72,48.0,48.2,51.55,48831767,2401055824.14,-6.4985,2.9037,1,0,none,baostock,query_history_k_data_plus
002271,SZSE.002271,,SZ,A股-深交所,2021-01-15,47.8,49.19,47.22,48.28,48.2,28588819,1374949629.5,0.166,1.7,1,0,none,baostock,query_history_k_data_plus
002271,SZSE.002271,,SZ,A股-深交所,2021-01-18,48.1,48.8,46.2,48.2,48.28,34347391,1644730978.42,-0.1657,2.0424,1,0,none,baostock,query_history_k_data_plus
002271,SZSE.002271,,SZ,A股-深交所,2021-01-19,48.25,49.7,46.7,47.37,48.2,25899729,1238759486.97,-1.722,1.5401,1,0,none,baostock,query_history_k_data_plus
002271,SZSE.002271,,SZ,A股-深交所,2021-01-20,46.88,47.9,46.02,47.75,47.37,20522403,971783134.89,0.8022,1.2203,1,0,none,baostock,query_history_k_data_plus
002271,SZSE.002271,,SZ,A股-深交所,2021-01-21,47.46,48.99,46.9,48.21,47.75,30826531,1484282501.75,0.9634,1.833,1,0,none,baostock,query_history_k_data_plus
002271,SZSE.002271,,SZ,A股-深交所,2021-01-22,48.9,53.03,48.9,53.03,48.21,48150376,2444148416.75,9.9979,2.8632,1,0,none,baostock,query_history_k_data_plus
002271,SZSE.002271,,SZ,A股-深交所,2021-01-25,52.1,52.59,49.9,51.78,53.03,43937158,2254521770.47,-2.3572,2.6127,1,0,none,baostock,query_history_k_data_plus
002271,SZSE.002271,,SZ,A股-深交所,2021-01-26,51.5,51.84,48.76,49.0,51.78,28970085,1443293313.77,-5.3689,1.7227,1,0,none,baostock,query_history_k_data_plus
002271,SZSE.002271,,SZ,A股-深交所,2021-01-27,49.0,49.78,48.21,49.19,49.0,18390147,903096256.87,0.3878,1.0935,1,0,none,baostock,query_history_k_data_plus
002271,SZSE.002271,,SZ,A股-深交所,2021-01-28,48.52,49.25,47.28,47.7,49.19,21068926,1011983402.71,-3.0291,1.2528,1,0,none,baostock,query_history_k_data_plus
002271,SZSE.002271,,SZ,A股-深交所,2021-01-29,48.2,49.73,47.55,48.5,47.7,22528549,1094710888.44,1.6771,1.3396,1,0,none,baostock,query_history_k_data_plus
002271,SZSE.002271,,SZ,A股-深交所,2021-02-01,48.51,51.31,47.0,51.01,48.5,30212534,1517412064.31,5.1753,1.7965,1,0,none,baostock,query_history_k_data_plus
002271,SZSE.002271,,SZ,A股-深交所,2021-02-02,50.85,52.54,50.41,51.72,51.01,26905234,1388252056.82,1.3919,1.5999,1,0,none,baostock,query_history_k_data_plus
002271,SZSE.002271,,SZ,A股-深交所,2021-02-03,51.5,52.35,50.5,51.18,51.72,17923226,922859838.52,-1.0441,1.0658,1,0,none,baostock,query_history_k_data_plus
002271,SZSE.002271,,SZ,A股-深交所,2021-02-04,50.57,53.85,49.66,53.54,51.18,33292395,1740066585.09,4.6112,1.9797,1,0,none,baostock,query_history_k_data_plus
002271,SZSE.002271,,SZ,A股-深交所,2021-02-05,53.8,54.24,51.3,51.76,53.54,31776663,1687201695.82,-3.3246,1.8895,1,0,none,baostock,query_history_k_data_plus
002271,SZSE.002271,,SZ,A股-深交所,2021-02-08,51.0,55.48,50.35,55.48,51.76,34410262,1841913338.27,7.187,2.0461,1,0,none,baostock,query_history_k_data_plus
002271,SZSE.002271,,SZ,A股-深交所,2021-02-09,55.0,56.69,54.8,56.5,55.48,29093577,1625440325.59,1.8385,1.73,1,0,none,baostock,query_history_k_data_plus
002271,SZSE.002271,,SZ,A股-深交所,2021-02-10,56.51,57.57,55.51,56.06,56.5,26588611,1503427301.32,-0.7788,1.581,1,0,none,baostock,query_history_k_data_plus
002271,SZSE.002271,,SZ,A股-深交所,2021-02-18,57.39,57.6,54.5,56.12,56.06,27085253,1513381472.15,0.107,1.6106,1,0,none,baostock,query_history_k_data_plus
002271,SZSE.002271,,SZ,A股-深交所,2021-02-19,55.9,55.9,52.7,54.9,56.12,28054652,1522085352.89,-2.1739,1.6682,1,0,none,baostock,query_history_k_data_plus
002271,SZSE.002271,,SZ,A股-深交所,2021-02-22,54.11,54.5,50.27,50.33,54.9,44330722,2304654282.95,-8.3242,2.6361,1,0,none,baostock,query_history_k_data_plus
002271,SZSE.002271,,SZ,A股-深交所,2021-02-23,50.21,50.26,47.88,48.05,50.33,49665205,2411442928.06,-4.5301,2.9533,1,0,none,baostock,query_history_k_data_plus
002271,SZSE.002271,,SZ,A股-深交所,2021-02-24,49.31,51.6,46.39,47.3,48.05,53039416,2578291352.98,-1.5609,3.1539,1,0,none,baostock,query_history_k_data_plus
002271,SZSE.002271,,SZ,A股-深交所,2021-02-25,48.52,48.7,46.58,47.57,47.3,26812113,1279770806.4,0.5708,1.5943,1,0,none,baostock,query_history_k_data_plus
002271,SZSE.002271,,SZ,A股-深交所,2021-02-26,46.51,48.67,46.17,47.23,47.57,30628155,1448608231.46,-0.7147,1.8213,1,0,none,baostock,query_history_k_data_plus
002271,SZSE.002271,,SZ,A股-深交所,2021-03-01,48.78,50.5,48.1,50.0,47.23,40747889,2020073754.58,5.8649,2.423,1,0,none,baostock,query_history_k_data_plus
002271,SZSE.002271,,SZ,A股-深交所,2021-03-02,50.56,51.08,49.2,49.8,50.0,34851978,1745359338.25,-0.4,2.0724,1,0,none,baostock,query_history_k_data_plus
002271,SZSE.002271,,SZ,A股-深交所,2021-03-03,49.3,49.5,47.48,48.1,49.8,34163949,1649495432.35,-3.4137,2.0315,1,0,none,baostock,query_history_k_data_plus
002271,SZSE.002271,,SZ,A股-深交所,2021-03-04,47.56,48.24,45.9,47.35,48.1,44832424,2107656381.45,-1.5593,2.6659,1,0,none,baostock,query_history_k_data_plus
002271,SZSE.002271,,SZ,A股-深交所,2021-03-05,46.0,48.18,45.92,47.88,47.35,30414612,1447264713.92,1.1193,1.8086,1,0,none,baostock,query_history_k_data_plus
002271,SZSE.002271,,SZ,A股-深交所,2021-03-08,48.31,49.43,47.25,47.32,47.88,50491223,2461237559.15,-1.1696,3.0024,1,0,none,baostock,query_history_k_data_plus
002271,SZSE.002271,,SZ,A股-深交所,2021-03-09,47.8,48.28,42.81,45.0,47.32,50586286,2282543716.16,-4.9028,3.008,1,0,none,baostock,query_history_k_data_plus
002271,SZSE.002271,,SZ,A股-深交所,2021-03-10,45.92,47.58,45.1,46.72,45.0,33857428,1573960651.86,3.8222,2.0133,1,0,none,baostock,query_history_k_data_plus
002271,SZSE.002271,,SZ,A股-深交所,2021-03-11,47.51,48.2,46.7,47.4,46.72,26787670,1273662455.82,1.4555,1.5929,1,0,none,baostock,query_history_k_data_plus
002271,SZSE.002271,,SZ,A股-深交所,2021-03-12,47.99,48.48,47.12,47.61,47.4,19312338,921379496.39,0.443,1.1484,1,0,none,baostock,query_history_k_data_plus
002271,SZSE.002271,,SZ,A股-深交所,2021-03-15,47.58,47.98,46.25,46.76,47.61,19204257,900637423.55,-1.7853,1.1419,1,0,none,baostock,query_history_k_data_plus
002271,SZSE.002271,,SZ,A股-深交所,2021-03-16,46.53,47.6,46.3,46.6,46.76,19201058,899677738.17,-0.3422,1.1418,1,0,none,baostock,query_history_k_data_plus
002271,SZSE.002271,,SZ,A股-深交所,2021-03-17,46.35,48.88,46.05,48.85,46.6,29158736,1406596764.52,4.8283,1.7339,1,0,none,baostock,query_history_k_data_plus
002271,SZSE.002271,,SZ,A股-深交所,2021-03-18,49.0,49.78,48.42,49.52,48.85,21505035,1060869596.44,1.3715,1.2788,1,0,none,baostock,query_history_k_data_plus
002271,SZSE.002271,,SZ,A股-深交所,2021-03-19,48.54,48.91,47.0,47.42,49.52,21464345,1028913250.31,-4.2407,1.2763,1,0,none,baostock,query_history_k_data_plus
002271,SZSE.002271,,SZ,A股-深交所,2021-03-22,47.4,48.29,45.53,47.42,47.42,25260007,1182359574.08,0.0,1.502,1,0,none,baostock,query_history_k_data_plus
002271,SZSE.002271,,SZ,A股-深交所,2021-03-23,47.0,48.07,45.72,46.48,47.42,19382330,904650574.75,-1.9823,1.1525,1,0,none,baostock,query_history_k_data_plus
002271,SZSE.002271,,SZ,A股-深交所,2021-03-24,46.49,46.7,44.69,45.18,46.48,28764202,1303705353.59,-2.7969,1.7104,1,0,none,baostock,query_history_k_data_plus
002271,SZSE.002271,,SZ,A股-深交所,2021-03-25,45.1,46.79,44.6,46.27,45.18,18050692,828982475.72,2.4126,1.0734,1,0,none,baostock,query_history_k_data_plus
002271,SZSE.002271,,SZ,A股-深交所,2021-03-26,46.63,50.09,46.27,50.0,46.27,39578290,1939132629.78,8.0614,2.3535,1,0,none,baostock,query_history_k_data_plus
002271,SZSE.002271,,SZ,A股-深交所,2021-03-29,52.49,53.78,51.0,52.52,50.0,57664678,3034548444.51,5.04,3.4289,1,0,none,baostock,query_history_k_data_plus
002271,SZSE.002271,,SZ,A股-深交所,2021-03-30,52.5,53.98,51.7,52.11,52.52,39385327,2081690041.21,-0.7807,2.342,1,0,none,baostock,query_history_k_data_plus
002271,SZSE.002271,,SZ,A股-深交所,2021-03-31,52.69,52.89,50.77,51.16,52.11,21661247,1110894347.43,-1.8231,1.2881,1,0,none,baostock,query_history_k_data_plus
002271,SZSE.002271,,SZ,A股-深交所,2021-04-01,51.65,52.33,50.67,51.9,51.16,17874096,920736792.51,1.4464,1.0629,1,0,none,baostock,query_history_k_data_plus
002271,SZSE.002271,,SZ,A股-深交所,2021-04-02,54.0,55.93,52.61,52.79,51.9,61115305,3316151979.63,1.7148,3.6341,1,0,none,baostock,query_history_k_data_plus
002271,SZSE.002271,,SZ,A股-深交所,2021-04-06,53.17,53.38,51.68,52.66,52.79,23658585,1245249886.77,-0.2463,1.4068,1,0,none,baostock,query_history_k_data_plus
002271,SZSE.002271,,SZ,A股-深交所,2021-04-07,53.0,53.74,52.16,53.16,52.66,31400847,1666051578.17,0.9495,1.8672,1,0,none,baostock,query_history_k_data_plus
002271,SZSE.002271,,SZ,A股-深交所,2021-04-08,53.8,54.38,52.26,53.3,53.16,29535267,1575529950.53,0.2634,1.7563,1,0,none,baostock,query_history_k_data_plus
002271,SZSE.002271,,SZ,A股-深交所,2021-04-09,53.35,53.38,49.0,52.15,53.3,21875417,1143586397.67,-2.1576,1.3008,1,0,none,baostock,query_history_k_data_plus
002271,SZSE.002271,,SZ,A股-深交所,2021-04-12,53.22,53.35,50.8,51.31,52.15,17263892,890664885.53,-1.6107,1.0266,1,0,none,baostock,query_history_k_data_plus
002271,SZSE.002271,,SZ,A股-深交所,2021-04-13,51.02,52.5,50.95,51.15,51.31,17771125,917620372.44,-0.3118,1.0567,1,0,none,baostock,query_history_k_data_plus
002271,SZSE.002271,,SZ,A股-深交所,2021-04-14,51.19,51.79,50.89,51.28,51.15,12802914,656012546.49,0.2542,0.7613,1,0,none,baostock,query_history_k_data_plus
002271,SZSE.002271,,SZ,A股-深交所,2021-04-15,50.97,51.36,50.43,51.31,51.28,12749439,648844209.54,0.0585,0.7581,1,0,none,baostock,query_history_k_data_plus
002271,SZSE.002271,,SZ,A股-深交所,2021-04-16,53.0,53.35,51.04,53.09,51.31,30388053,1593721034.44,3.4691,1.807,1,0,none,baostock,query_history_k_data_plus
002271,SZSE.002271,,SZ,A股-深交所,2021-04-19,53.09,56.05,52.81,56.02,53.09,34398836,1900952035.61,5.5189,2.0455,1,0,none,baostock,query_history_k_data_plus
002271,SZSE.002271,,SZ,A股-深交所,2021-04-20,56.05,56.3,55.16,55.68,56.02,19945785,1113093398.04,-0.6069,1.186,1,0,none,baostock,query_history_k_data_plus
002271,SZSE.002271,,SZ,A股-深交所,2021-04-21,55.6,56.55,54.68,56.41,55.68,20681417,1156153526.4,1.3111,1.2298,1,0,none,baostock,query_history_k_data_plus
002271,SZSE.002271,,SZ,A股-深交所,2021-04-22,56.65,56.93,55.89,56.69,56.41,15188751,858131048.19,0.4964,0.9032,1,0,none,baostock,query_history_k_data_plus
002271,SZSE.002271,,SZ,A股-深交所,2021-04-23,56.41,59.68,56.0,58.5,56.69,31133267,1819976889.17,3.1928,1.8513,1,0,none,baostock,query_history_k_data_plus
002271,SZSE.002271,,SZ,A股-深交所,2021-04-26,58.89,59.94,57.66,58.25,58.5,23248050,1367958653.53,-0.4274,1.3824,1,0,none,baostock,query_history_k_data_plus
002271,SZSE.002271,,SZ,A股-深交所,2021-04-27,57.67,58.15,56.4,57.62,58.25,16904851,969478026.79,-1.0815,1.0052,1,0,none,baostock,query_history_k_data_plus
002271,SZSE.002271,,SZ,A股-深交所,2021-04-28,58.5,58.65,56.62,57.2,57.62,14394235,825616730.1,-0.7289,0.8559,1,0,none,baostock,query_history_k_data_plus
002271,SZSE.002271,,SZ,A股-深交所,2021-04-29,57.71,57.99,56.6,57.97,57.2,12828528,736273376.4,1.3462,0.7628,1,0,none,baostock,query_history_k_data_plus
002271,SZSE.002271,,SZ,A股-深交所,2021-04-30,57.31,59.0,57.2,57.76,57.97,15954930,926170772.53,-0.3623,0.9487,1,0,none,baostock,query_history_k_data_plus
002271,SZSE.002271,,SZ,A股-深交所,2021-05-06,57.4,57.54,55.59,56.95,57.76,17698068,1000681672.05,-1.4024,1.0524,1,0,none,baostock,query_history_k_data_plus
002271,SZSE.002271,,SZ,A股-深交所,2021-05-07,57.51,58.88,56.95,57.06,56.95,15471049,895091589.66,0.1932,0.92,1,0,none,baostock,query_history_k_data_plus
002271,SZSE.002271,,SZ,A股-深交所,2021-05-10,57.11,57.5,55.14,56.52,57.06,22669260,1274596115.54,-0.9464,1.348,1,0,none,baostock,query_history_k_data_plus
002271,SZSE.002271,,SZ,A股-深交所,2021-05-11,56.52,56.94,55.5,56.7,56.52,12592608,710140579.23,0.3185,0.7488,1,0,none,baostock,query_history_k_data_plus
002271,SZSE.002271,,SZ,A股-深交所,2021-05-12,55.84,56.29,53.14,55.25,56.7,27967300,1528497947.59,-2.5573,1.663,1,0,none,baostock,query_history_k_data_plus
002271,SZSE.002271,,SZ,A股-深交所,2021-05-13,55.09,55.1,53.89,54.34,55.25,19628387,1065079666.93,-1.6471,1.1672,1,0,none,baostock,query_history_k_data_plus
002271,SZSE.002271,,SZ,A股-深交所,2021-05-14,54.36,56.22,53.53,55.62,54.34,14958017,824297142.76,2.3555,0.8895,1,0,none,baostock,query_history_k_data_plus
002271,SZSE.002271,,SZ,A股-深交所,2021-05-17,55.5,58.88,55.45,57.86,55.62,22083034,1276660169.33,4.0273,1.3131,1,0,none,baostock,query_history_k_data_plus
002271,SZSE.002271,,SZ,A股-深交所,2021-05-18,58.49,58.5,56.6,56.81,57.86,11790255,671775465.78,-1.8147,0.7011,1,0,none,baostock,query_history_k_data_plus
002271,SZSE.002271,,SZ,A股-深交所,2021-05-19,56.81,58.45,56.66,57.71,56.81,11197276,645614259.65,1.5842,0.6658,1,0,none,baostock,query_history_k_data_plus
002271,SZSE.002271,,SZ,A股-深交所,2021-05-20,58.0,59.18,56.9,58.48,57.71,16476845,960376226.21,1.3343,0.9798,1,0,none,baostock,query_history_k_data_plus
002271,SZSE.002271,,SZ,A股-深交所,2021-05-21,59.01,59.5,58.09,58.65,58.48,13772559,809653722.84,0.2907,0.819,1,0,none,baostock,query_history_k_data_plus
002271,SZSE.002271,,SZ,A股-深交所,2021-05-24,59.2,59.29,56.69,57.45,58.65,21349884,1225135963.54,-2.046,1.2695,1,0,none,baostock,query_history_k_data_plus
002271,SZSE.002271,,SZ,A股-深交所,2021-05-25,57.5,59.89,57.01,59.6,57.45,24844952,1467599314.0,3.7424,1.4774,1,0,none,baostock,query_history_k_data_plus
002271,SZSE.002271,,SZ,A股-深交所,2021-05-26,59.6,59.88,58.15,58.7,59.6,16637026,976090245.44,-1.5101,0.9893,1,0,none,baostock,query_history_k_data_plus
002271,SZSE.002271,,SZ,A股-深交所,2021-05-27,58.81,58.95,57.12,57.12,58.7,19918631,1151642124.56,-2.6917,1.1844,1,0,none,baostock,query_history_k_data_plus
002271,SZSE.002271,,SZ,A股-深交所,2021-05-28,57.61,59.38,57.2,57.25,57.12,20242434,1174945232.38,0.2276,1.2037,1,0,none,baostock,query_history_k_data_plus
002271,SZSE.002271,,SZ,A股-深交所,2021-05-31,58.99,62.65,58.44,62.65,56.95,60090716,3714176803.07,10.0088,3.5732,1,0,none,baostock,query_history_k_data_plus
002271,SZSE.002271,,SZ,A股-深交所,2021-06-01,63.32,64.14,61.8,62.11,62.65,38466718,2413891817.23,-0.8619,2.2874,1,0,none,baostock,query_history_k_data_plus
002271,SZSE.002271,,SZ,A股-深交所,2021-06-02,62.94,63.24,59.2,59.56,62.11,38295121,2303747598.2,-4.1056,2.2772,1,0,none,baostock,query_history_k_data_plus
002271,SZSE.002271,,SZ,A股-深交所,2021-06-03,59.57,59.85,58.0,58.0,59.56,24500840,1437200367.31,-2.6192,1.4569,1,0,none,baostock,query_history_k_data_plus
002271,SZSE.002271,,SZ,A股-深交所,2021-06-04,57.0,58.31,56.96,57.5,58.0,26489862,1526737470.38,-0.8621,1.5752,1,0,none,baostock,query_history_k_data_plus
002271,SZSE.002271,,SZ,A股-深交所,2021-06-07,56.85,58.65,56.4,57.3,57.5,28681582,1658243391.92,-0.3478,1.7055,1,0,none,baostock,query_history_k_data_plus
002271,SZSE.002271,,SZ,A股-深交所,2021-06-08,57.5,57.7,56.11,56.6,57.3,23667968,1341960182.22,-1.2216,1.4074,1,0,none,baostock,query_history_k_data_plus
002271,SZSE.002271,,SZ,A股-深交所,2021-06-09,56.12,57.92,55.55,57.86,56.6,21437155,1217934037.9,2.2261,1.2747,1,0,none,baostock,query_history_k_data_plus
002271,SZSE.002271,,SZ,A股-深交所,2021-06-10,57.01,60.18,57.01,59.77,57.86,26134722,1553330572.55,3.3011,1.5541,1,0,none,baostock,query_history_k_data_plus
002271,SZSE.002271,,SZ,A股-深交所,2021-06-11,59.21,59.49,58.1,58.49,59.77,18416655,1077231883.28,-2.1415,1.0951,1,0,none,baostock,query_history_k_data_plus
002271,SZSE.002271,,SZ,A股-深交所,2021-06-15,58.27,58.55,56.3,58.35,58.49,19707257,1136026591.37,-0.2394,1.1719,1,0,none,baostock,query_history_k_data_plus
002271,SZSE.002271,,SZ,A股-深交所,2021-06-16,58.0,58.35,56.51,57.0,58.35,23398794,1333955119.66,-2.3136,1.3914,1,0,none,baostock,query_history_k_data_plus
002271,SZSE.002271,,SZ,A股-深交所,2021-06-17,57.0,57.74,56.89,57.57,57.0,10872384,625075125.77,1.0,0.6465,1,0,none,baostock,query_history_k_data_plus
002271,SZSE.002271,,SZ,A股-深交所,2021-06-18,57.57,57.57,56.5,56.5,57.57,15597135,889097326.56,-1.8586,0.9275,1,0,none,baostock,query_history_k_data_plus
002271,SZSE.002271,,SZ,A股-深交所,2021-06-21,56.29,57.98,56.05,57.9,56.5,16980211,970394286.79,2.4779,1.0097,1,0,none,baostock,query_history_k_data_plus
002271,SZSE.002271,,SZ,A股-深交所,2021-06-22,57.32,57.83,56.67,57.3,57.9,14800992,846592935.83,-1.0363,0.8801,1,0,none,baostock,query_history_k_data_plus
002271,SZSE.002271,,SZ,A股-深交所,2021-06-23,57.19,57.2,53.19,55.76,57.3,35516956,1966137585.92,-2.6876,2.112,1,0,none,baostock,query_history_k_data_plus
002271,SZSE.002271,,SZ,A股-深交所,2021-06-24,55.25,57.99,55.25,57.4,55.76,20838775,1193137912.04,2.9412,1.2391,1,0,none,baostock,query_history_k_data_plus
002271,SZSE.002271,,SZ,A股-深交所,2021-06-25,57.08,57.7,56.5,56.94,57.4,13034631,741939704.49,-0.8014,0.7751,1,0,none,baostock,query_history_k_data_plus
002271,SZSE.002271,,SZ,A股-深交所,2021-06-28,57.5,57.55,55.0,55.72,56.94,21366657,1192872189.25,-2.1426,1.2705,1,0,none,baostock,query_history_k_data_plus
002271,SZSE.002271,,SZ,A股-深交所,2021-06-29,55.72,56.1,54.49,54.86,55.72,22812993,1251957215.59,-1.5434,1.3565,1,0,none,baostock,query_history_k_data_plus
002271,SZSE.002271,,SZ,A股-深交所,2021-06-30,54.54,55.4,54.07,55.32,54.86,14686904,804617324.47,0.8385,0.8733,1,0,none,baostock,query_history_k_data_plus
002271,SZSE.002271,,SZ,A股-深交所,2021-07-01,54.67,56.23,54.5,55.45,55.32,14696887,814733409.6,0.235,0.8739,1,0,none,baostock,query_history_k_data_plus
002271,SZSE.002271,,SZ,A股-深交所,2021-07-02,54.77,54.95,52.06,53.7,55.45,34442930,1834004874.36,-3.156,2.0481,1,0,none,baostock,query_history_k_data_plus
002271,SZSE.002271,,SZ,A股-深交所,2021-07-05,53.4,53.58,51.29,53.26,53.7,23873366,1250786420.97,-0.8194,1.4196,1,0,none,baostock,query_history_k_data_plus
002271,SZSE.002271,,SZ,A股-深交所,2021-07-06,52.88,53.96,52.67,53.26,53.26,11243295,600243054.82,0.0,0.6686,1,0,none,baostock,query_history_k_data_plus
002271,SZSE.002271,,SZ,A股-深交所,2021-07-07,53.45,55.5,52.88,54.57,53.26,14956602,820340255.86,2.4596,0.8894,1,0,none,baostock,query_history_k_data_plus
002271,SZSE.002271,,SZ,A股-深交所,2021-07-08,55.12,55.23,53.61,53.89,54.57,12910266,700019416.55,-1.2461,0.7677,1,0,none,baostock,query_history_k_data_plus
002271,SZSE.002271,,SZ,A股-深交所,2021-07-09,53.48,54.4,52.66,54.0,53.89,12751956,683517914.56,0.2041,0.7583,1,0,none,baostock,query_history_k_data_plus
002271,SZSE.002271,,SZ,A股-深交所,2021-07-12,55.13,57.3,54.89,55.58,54.0,23751811,1333985811.99,2.9259,1.4124,1,0,none,baostock,query_history_k_data_plus
002271,SZSE.002271,,SZ,A股-深交所,2021-07-13,55.51,56.17,54.72,55.9,55.58,15520270,864936166.93,0.5757,0.9229,1,0,none,baostock,query_history_k_data_plus
002271,SZSE.002271,,SZ,A股-深交所,2021-07-14,55.94,56.0,54.6,54.62,55.9,13721830,754147609.5,-2.2898,0.8159,1,0,none,baostock,query_history_k_data_plus
002271,SZSE.002271,,SZ,A股-深交所,2021-07-15,54.51,55.12,54.03,55.05,54.62,9333367,509447872.03,0.7873,0.555,1,0,none,baostock,query_history_k_data_plus
002271,SZSE.002271,,SZ,A股-深交所,2021-07-16,54.94,55.2,53.8,54.0,55.05,9590059,521624622.97,-1.9074,0.5703,1,0,none,baostock,query_history_k_data_plus
002271,SZSE.002271,,SZ,A股-深交所,2021-07-19,54.0,54.0,52.5,52.87,54.0,13418583,709599953.3,-2.0926,0.7979,1,0,none,baostock,query_history_k_data_plus
002271,SZSE.002271,,SZ,A股-深交所,2021-07-20,52.5,52.57,49.96,50.66,52.87,37373785,1900469872.22,-4.1801,2.2224,1,0,none,baostock,query_history_k_data_plus
002271,SZSE.002271,,SZ,A股-深交所,2021-07-21,51.31,52.42,50.01,51.08,50.66,27701884,1409410985.01,0.8291,1.6472,1,0,none,baostock,query_history_k_data_plus
002271,SZSE.002271,,SZ,A股-深交所,2021-07-22,50.51,50.9,49.6,49.96,51.08,35214534,1758840202.43,-2.1926,2.094,1,0,none,baostock,query_history_k_data_plus
002271,SZSE.002271,,SZ,A股-深交所,2021-07-23,49.5,49.8,48.3,49.7,49.96,28040764,1376624534.61,-0.5204,1.6674,1,0,none,baostock,query_history_k_data_plus
002271,SZSE.002271,,SZ,A股-深交所,2021-07-26,49.25,49.65,47.87,49.3,49.7,27613738,1343410559.6,-0.8048,1.642,1,0,none,baostock,query_history_k_data_plus
002271,SZSE.002271,,SZ,A股-深交所,2021-07-27,49.42,49.61,45.13,45.13,49.3,34617087,1638189608.34,-8.4584,2.0584,1,0,none,baostock,query_history_k_data_plus
002271,SZSE.002271,,SZ,A股-深交所,2021-07-28,46.03,49.64,46.02,49.64,45.13,53591225,2597242658.49,9.9934,3.1867,1,0,none,baostock,query_history_k_data_plus
002271,SZSE.002271,,SZ,A股-深交所,2021-07-29,51.59,53.43,50.85,51.41,49.64,45399583,2344848168.0,3.5657,2.6996,1,0,none,baostock,query_history_k_data_plus
002271,SZSE.002271,,SZ,A股-深交所,2021-07-30,51.8,51.98,49.7,50.88,51.41,25714056,1310989182.35,-1.0309,1.529,1,0,none,baostock,query_history_k_data_plus
002271,SZSE.002271,,SZ,A股-深交所,2021-08-02,51.48,53.49,49.85,53.14,50.88,29286710,1527358523.44,4.4418,1.7415,1,0,none,baostock,query_history_k_data_plus
002271,SZSE.002271,,SZ,A股-深交所,2021-08-03,53.22,57.6,53.16,56.91,53.14,47805371,2675798581.4,7.0945,2.8427,1,0,none,baostock,query_history_k_data_plus
002271,SZSE.002271,,SZ,A股-深交所,2021-08-04,57.25,58.1,55.5,57.57,56.91,27956731,1595134946.05,1.1597,1.6624,1,0,none,baostock,query_history_k_data_plus
002271,SZSE.002271,,SZ,A股-深交所,2021-08-05,58.0,59.5,57.62,59.0,57.57,26356865,1542800023.34,2.4839,1.5673,1,0,none,baostock,query_history_k_data_plus
002271,SZSE.002271,,SZ,A股-深交所,2021-08-06,57.5,57.74,55.5,55.98,59.0,23077446,1297031609.34,-5.1186,1.3723,1,0,none,baostock,query_history_k_data_plus
002271,SZSE.002271,,SZ,A股-深交所,2021-08-09,55.37,58.97,54.31,57.64,55.98,26622801,1525361476.52,2.9653,1.5831,1,0,none,baostock,query_history_k_data_plus
002271,SZSE.002271,,SZ,A股-深交所,2021-08-10,57.58,57.6,53.5,55.99,57.64,40693147,2222514752.18,-2.8626,2.3382,1,0,none,baostock,query_history_k_data_plus
002271,SZSE.002271,,SZ,A股-深交所,2021-08-11,55.21,55.85,54.25,54.88,55.99,17911205,985450526.04,-1.9825,1.0292,1,0,none,baostock,query_history_k_data_plus
002271,SZSE.002271,,SZ,A股-深交所,2021-08-12,54.3,54.32,52.9,53.24,54.88,24696147,1318992570.61,-2.9883,1.419,1,0,none,baostock,query_history_k_data_plus
002271,SZSE.002271,,SZ,A股-深交所,2021-08-13,53.0,53.41,51.6,53.06,53.24,20060767,1050745867.24,-0.3381,1.1527,1,0,none,baostock,query_history_k_data_plus
002271,SZSE.002271,,SZ,A股-深交所,2021-08-16,52.9,53.74,52.31,53.5,53.06,14376189,766459776.32,0.8292,0.826,1,0,none,baostock,query_history_k_data_plus
002271,SZSE.002271,,SZ,A股-深交所,2021-08-17,53.08,57.2,53.05,54.66,53.5,39092852,2161411249.94,2.1682,2.2462,1,0,none,baostock,query_history_k_data_plus
002271,SZSE.002271,,SZ,A股-深交所,2021-08-18,55.49,55.5,53.04,53.1,54.66,22318930,1203657368.97,-2.854,1.2824,1,0,none,baostock,query_history_k_data_plus
002271,SZSE.002271,,SZ,A股-深交所,2021-08-19,52.91,53.89,52.0,52.4,53.1,18057000,951691287.92,-1.3183,1.0375,1,0,none,baostock,query_history_k_data_plus
002271,SZSE.002271,,SZ,A股-深交所,2021-08-20,52.4,52.4,49.8,50.84,52.4,24890239,1258989749.22,-2.9771,1.4302,1,0,none,baostock,query_history_k_data_plus
002271,SZSE.002271,,SZ,A股-深交所,2021-08-23,51.0,53.0,51.0,51.7,50.84,18035841,932571247.05,1.6916,1.0363,1,0,none,baostock,query_history_k_data_plus
002271,SZSE.002271,,SZ,A股-深交所,2021-08-24,51.11,52.19,50.56,51.58,51.7,19953131,1022455949.48,-0.2321,1.1465,1,0,none,baostock,query_history_k_data_plus
002271,SZSE.002271,,SZ,A股-深交所,2021-08-25,51.21,51.98,50.45,50.55,51.58,18619787,946557754.81,-1.9969,1.0699,1,0,none,baostock,query_history_k_data_plus
002271,SZSE.002271,,SZ,A股-深交所,2021-08-26,50.12,51.2,49.0,49.11,50.55,23633758,1171934068.65,-2.8487,1.358,1,0,none,baostock,query_history_k_data_plus
002271,SZSE.002271,,SZ,A股-深交所,2021-08-27,49.18,50.89,49.18,49.53,49.11,15460727,774109740.68,0.8552,0.8884,1,0,none,baostock,query_history_k_data_plus
002271,SZSE.002271,,SZ,A股-深交所,2021-08-30,49.54,50.39,48.71,49.13,49.53,17274568,852120621.15,-0.8076,0.9926,1,0,none,baostock,query_history_k_data_plus
002271,SZSE.002271,,SZ,A股-深交所,2021-08-31,48.99,49.01,47.75,48.4,49.13,17097027,824956172.58,-1.4859,0.9824,1,0,none,baostock,query_history_k_data_plus
002271,SZSE.002271,,SZ,A股-深交所,2021-09-01,48.0,52.0,47.6,51.47,48.4,36890071,1859383840.78,6.343,2.1192,1,0,none,baostock,query_history_k_data_plus
002271,SZSE.002271,,SZ,A股-深交所,2021-09-02,51.1,52.18,49.25,49.7,51.47,20974516,1054886675.12,-3.4389,1.2049,1,0,none,baostock,query_history_k_data_plus
002271,SZSE.002271,,SZ,A股-深交所,2021-09-03,49.0,49.38,48.22,49.04,49.7,17207851,837117738.01,-1.328,0.9885,1,0,none,baostock,query_history_k_data_plus
002271,SZSE.002271,,SZ,A股-深交所,2021-09-06,48.8,51.98,48.39,50.99,49.04,25374965,1287325916.78,3.9763,1.4577,1,0,none,baostock,query_history_k_data_plus
002271,SZSE.002271,,SZ,A股-深交所,2021-09-07,51.24,51.69,50.0,50.04,50.99,23510223,1189599321.84,-1.8631,1.3506,1,0,none,baostock,query_history_k_data_plus
002271,SZSE.002271,,SZ,A股-深交所,2021-09-08,50.0,50.38,49.01,49.51,50.04,16813319,831918833.76,-1.0592,0.9659,1,0,none,baostock,query_history_k_data_plus
002271,SZSE.002271,,SZ,A股-深交所,2021-09-09,49.0,49.38,47.8,48.36,49.51,20057960,970228235.43,-2.3228,1.1523,1,0,none,baostock,query_history_k_data_plus
002271,SZSE.002271,,SZ,A股-深交所,2021-09-10,48.0,49.15,47.68,48.5,48.36,16088335,779644637.46,0.2895,0.9242,1,0,none,baostock,query_history_k_data_plus
002271,SZSE.002271,,SZ,A股-深交所,2021-09-13,49.79,51.36,49.0,49.22,48.5,35183196,1769092365.33,1.4845,2.0212,1,0,none,baostock,query_history_k_data_plus
002271,SZSE.002271,,SZ,A股-深交所,2021-09-14,49.2,49.5,47.8,48.14,49.22,22164805,1072543070.52,-2.1942,1.2733,1,0,none,baostock,query_history_k_data_plus
002271,SZSE.002271,,SZ,A股-深交所,2021-09-15,47.99,48.0,43.8,45.23,48.14,65428560,2963996613.26,-6.0449,3.7587,1,0,none,baostock,query_history_k_data_plus
002271,SZSE.002271,,SZ,A股-深交所,2021-09-16,44.5,44.5,41.35,41.35,45.23,71387619,3028191129.61,-8.5784,4.101,1,0,none,baostock,query_history_k_data_plus
002271,SZSE.002271,,SZ,A股-深交所,2021-09-17,40.33,42.28,40.25,40.87,41.35,33365270,1371957229.85,-1.1608,1.883,1,0,none,baostock,query_history_k_data_plus
002271,SZSE.002271,,SZ,A股-深交所,2021-09-22,39.9,40.68,38.85,39.27,40.87,54374245,2155246670.54,-3.9149,3.0686,1,0,none,baostock,query_history_k_data_plus
002271,SZSE.002271,,SZ,A股-深交所,2021-09-23,39.88,42.36,39.8,41.41,39.27,38357473,1581500376.63,5.4495,2.1647,1,0,none,baostock,query_history_k_data_plus
002271,SZSE.002271,,SZ,A股-深交所,2021-09-24,42.02,42.24,40.25,40.4,41.41,31163036,1279730342.87,-2.439,1.7587,1,0,none,baostock,query_history_k_data_plus
002271,SZSE.002271,,SZ,A股-深交所,2021-09-27,40.18,40.56,39.25,39.74,40.4,30690764,1222845340.96,-1.6337,1.732,1,0,none,baostock,query_history_k_data_plus
002271,SZSE.002271,,SZ,A股-深交所,2021-09-28,40.5,42.48,39.72,42.26,39.74,44739989,1861564100.62,6.3412,2.5249,1,0,none,baostock,query_history_k_data_plus
002271,SZSE.002271,,SZ,A股-深交所,2021-09-29,42.26,43.39,41.58,42.18,42.26,33755674,1440311077.42,-0.1893,1.905,1,0,none,baostock,query_history_k_data_plus
002271,SZSE.002271,,SZ,A股-深交所,2021-09-30,43.14,44.85,42.88,44.32,42.18,34525387,1518541544.22,5.0735,1.951,1,0,none,baostock,query_history_k_data_plus
002271,SZSE.002271,,SZ,A股-深交所,2021-10-08,44.48,46.33,44.01,45.3,44.32,35633588,1622011281.97,2.2112,1.8316,1,0,none,baostock,query_history_k_data_plus
002271,SZSE.002271,,SZ,A股-深交所,2021-10-11,45.29,46.39,44.47,45.07,45.3,23235083,1053655773.36,-0.5077,1.1943,1,0,none,baostock,query_history_k_data_plus
002271,SZSE.002271,,SZ,A股-深交所,2021-10-12,44.8,45.29,43.44,44.16,45.07,19741401,871172035.05,-2.0191,1.0148,1,0,none,baostock,query_history_k_data_plus
002271,SZSE.002271,,SZ,A股-深交所,2021-10-13,43.89,46.0,43.7,46.0,44.16,22166923,1008877113.55,4.1667,1.1394,1,0,none,baostock,query_history_k_data_plus
002271,SZSE.002271,,SZ,A股-深交所,2021-10-14,45.69,46.88,45.02,45.09,46.0,16170518,741016125.11,-1.9783,0.8312,1,0,none,baostock,query_history_k_data_plus
002271,SZSE.002271,,SZ,A股-深交所,2021-10-15,45.06,46.1,44.25,45.99,45.09,13613165,622208965.97,1.996,0.6997,1,0,none,baostock,query_history_k_data_plus
002271,SZSE.002271,,SZ,A股-深交所,2021-10-18,46.14,46.19,43.73,43.96,45.99,29418452,1306088980.66,-4.414,1.5122,1,0,none,baostock,query_history_k_data_plus
002271,SZSE.002271,,SZ,A股-深交所,2021-10-19,44.87,45.86,43.44,45.1,43.96,23451404,1055344987.24,2.5933,1.2055,1,0,none,baostock,query_history_k_data_plus
002271,SZSE.002271,,SZ,A股-深交所,2021-10-20,44.92,45.5,44.0,44.34,45.1,19308767,855609866.99,-1.6851,0.9925,1,0,none,baostock,query_history_k_data_plus
002271,SZSE.002271,,SZ,A股-深交所,2021-10-21,44.12,45.88,44.06,45.48,44.34,18687730,846915664.59,2.571,0.9606,1,0,none,baostock,query_history_k_data_plus
002271,SZSE.002271,,SZ,A股-深交所,2021-10-22,46.1,49.8,46.1,48.87,45.48,48821226,2372310446.69,7.4538,2.5095,1,0,none,baostock,query_history_k_data_plus
002271,SZSE.002271,,SZ,A股-深交所,2021-10-25,47.8,48.01,46.58,47.68,48.87,30163246,1430420966.99,-2.435,1.5505,1,0,none,baostock,query_history_k_data_plus
002271,SZSE.002271,,SZ,A股-深交所,2021-10-26,47.8,47.93,46.5,46.8,47.68,16752685,785506554.68,-1.8456,0.8611,1,0,none,baostock,query_history_k_data_plus
002271,SZSE.002271,,SZ,A股-深交所,2021-10-27,44.1,44.46,42.12,42.12,46.8,77980943,3320384870.64,-10.0,4.0084,1,0,none,baostock,query_history_k_data_plus
002271,SZSE.002271,,SZ,A股-深交所,2021-10-28,42.16,43.32,41.9,42.6,42.12,59177404,2515542361.75,1.1396,3.0419,1,0,none,baostock,query_history_k_data_plus
002271,SZSE.002271,,SZ,A股-深交所,2021-10-29,42.0,42.5,41.2,41.75,42.6,30566566,1278201869.21,-1.9953,1.5712,1,0,none,baostock,query_history_k_data_plus
002271,SZSE.002271,,SZ,A股-深交所,2021-11-01,41.7,41.7,39.75,40.45,41.75,50335483,2022902635.02,-3.1138,2.5874,1,0,none,baostock,query_history_k_data_plus
002271,SZSE.002271,,SZ,A股-深交所,2021-11-02,40.4,41.1,39.11,39.7,40.45,32210119,1288442115.89,-1.8541,1.6557,1,0,none,baostock,query_history_k_data_plus
002271,SZSE.002271,,SZ,A股-深交所,2021-11-03,39.4,41.32,39.4,40.77,39.7,25575124,1037264394.41,2.6952,1.3146,1,0,none,baostock,query_history_k_data_plus
002271,SZSE.002271,,SZ,A股-深交所,2021-11-04,40.85,41.24,40.28,41.0,40.77,18468499,756117109.65,0.5641,0.9493,1,0,none,baostock,query_history_k_data_plus
002271,SZSE.002271,,SZ,A股-深交所,2021-11-05,40.6,40.89,39.52,39.79,41.0,33151534,1321830747.18,-2.9512,1.7041,1,0,none,baostock,query_history_k_data_plus
002271,SZSE.002271,,SZ,A股-深交所,2021-11-08,39.64,39.64,37.6,38.4,39.79,49953191,1907249757.34,-3.4933,2.5677,1,0,none,baostock,query_history_k_data_plus
002271,SZSE.002271,,SZ,A股-深交所,2021-11-09,39.6,40.38,38.44,38.9,38.4,44854658,1762657203.41,1.3021,2.3056,1,0,none,baostock,query_history_k_data_plus
002271,SZSE.002271,,SZ,A股-深交所,2021-11-10,38.9,38.9,36.42,38.27,38.9,59382953,2224551418.78,-1.6195,3.0524,1,0,none,baostock,query_history_k_data_plus
002271,SZSE.002271,,SZ,A股-深交所,2021-11-11,39.53,42.1,39.44,42.1,38.27,84802197,3493206176.98,10.0078,4.359,1,0,none,baostock,query_history_k_data_plus
002271,SZSE.002271,,SZ,A股-深交所,2021-11-12,42.5,42.88,41.0,42.08,42.1,53662048,2249063087.11,-0.0475,2.7584,1,0,none,baostock,query_history_k_data_plus
002271,SZSE.002271,,SZ,A股-深交所,2021-11-15,41.7,43.35,41.41,42.22,42.08,32640370,1386950953.13,0.3327,1.6778,1,0,none,baostock,query_history_k_data_plus
002271,SZSE.002271,,SZ,A股-深交所,2021-11-16,41.87,43.28,41.85,42.53,42.22,22158736,945846672.4,0.7342,1.139,1,0,none,baostock,query_history_k_data_plus
002271,SZSE.002271,,SZ,A股-深交所,2021-11-17,42.34,42.34,41.52,41.86,42.53,26909343,1126185432.84,-1.5754,1.3832,1,0,none,baostock,query_history_k_data_plus
002271,SZSE.002271,,SZ,A股-深交所,2021-11-18,41.6,41.97,40.99,41.1,41.86,21938685,907632076.83,-1.8156,1.1277,1,0,none,baostock,query_history_k_data_plus
002271,SZSE.002271,,SZ,A股-深交所,2021-11-19,40.9,43.0,40.3,42.98,41.1,31560298,1317450756.63,4.5742,1.6223,1,0,none,baostock,query_history_k_data_plus
002271,SZSE.002271,,SZ,A股-深交所,2021-11-22,42.16,42.45,41.61,41.93,42.98,22376555,938699023.28,-2.443,1.1502,1,0,none,baostock,query_history_k_data_plus
002271,SZSE.002271,,SZ,A股-深交所,2021-11-23,41.8,41.82,40.6,40.7,41.93,27301042,1119268022.68,-2.9335,1.4033,1,0,none,baostock,query_history_k_data_plus
002271,SZSE.002271,,SZ,A股-深交所,2021-11-24,41.0,41.77,40.58,41.3,40.7,18402556,760723016.6,1.4742,0.9459,1,0,none,baostock,query_history_k_data_plus
002271,SZSE.002271,,SZ,A股-深交所,2021-11-25,41.29,42.5,41.14,42.2,41.3,21719824,915075658.46,2.1792,1.1164,1,0,none,baostock,query_history_k_data_plus
002271,SZSE.002271,,SZ,A股-深交所,2021-11-26,42.4,42.58,41.7,41.7,42.2,19558459,824041174.85,-1.1848,1.0054,1,0,none,baostock,query_history_k_data_plus
002271,SZSE.002271,,SZ,A股-深交所,2021-11-29,41.01,41.53,40.05,40.38,41.7,19033315,774121472.62,-3.1655,0.9784,1,0,none,baostock,query_history_k_data_plus
002271,SZSE.002271,,SZ,A股-深交所,2021-11-30,40.83,40.85,39.2,39.53,40.38,26159992,1041608378.47,-2.105,1.3447,1,0,none,baostock,query_history_k_data_plus
002271,SZSE.002271,,SZ,A股-深交所,2021-12-01,39.68,39.77,38.61,38.98,39.53,26659044,1039087249.82,-1.3913,1.3703,1,0,none,baostock,query_history_k_data_plus
002271,SZSE.002271,,SZ,A股-深交所,2021-12-02,38.99,41.07,38.5,40.31,38.98,42353014,1691407944.84,3.412,2.177,1,0,none,baostock,query_history_k_data_plus
002271,SZSE.002271,,SZ,A股-深交所,2021-12-03,40.12,42.9,39.34,41.88,40.31,47510513,1956397720.88,3.8948,2.4422,1,0,none,baostock,query_history_k_data_plus
002271,SZSE.002271,,SZ,A股-深交所,2021-12-06,41.9,44.89,41.9,43.2,41.88,65404568,2866468377.71,3.1519,3.3619,1,0,none,baostock,query_history_k_data_plus
002271,SZSE.002271,,SZ,A股-深交所,2021-12-07,45.35,46.78,45.2,45.6,43.2,68376208,3144177198.56,5.5556,3.5147,1,0,none,baostock,query_history_k_data_plus
002271,SZSE.002271,,SZ,A股-深交所,2021-12-08,45.6,47.0,44.68,44.81,45.6,44707571,2029082545.56,-1.7325,2.2873,1,0,none,baostock,query_history_k_data_plus
002271,SZSE.002271,,SZ,A股-深交所,2021-12-09,44.73,47.49,44.65,46.8,44.81,44479288,2075577576.99,4.441,2.2756,1,0,none,baostock,query_history_k_data_plus
002271,SZSE.002271,,SZ,A股-深交所,2021-12-10,46.4,46.8,45.39,45.8,46.8,32642035,1496496926.9,-2.1368,1.67,1,0,none,baostock,query_history_k_data_plus
002271,SZSE.002271,,SZ,A股-深交所,2021-12-13,47.0,49.14,47.0,47.9,45.8,56031204,2711701529.35,4.5852,2.8666,1,0,none,baostock,query_history_k_data_plus
002271,SZSE.002271,,SZ,A股-深交所,2021-12-14,47.24,47.79,45.3,45.52,47.9,31967573,1476380393.05,-4.9687,1.6355,1,0,none,baostock,query_history_k_data_plus
002271,SZSE.002271,,SZ,A股-深交所,2021-12-15,45.67,47.18,45.63,46.7,45.52,26209811,1220391676.85,2.5923,1.3409,1,0,none,baostock,query_history_k_data_plus
002271,SZSE.002271,,SZ,A股-深交所,2021-12-16,46.3,47.3,46.3,47.17,46.7,20559734,966517238.71,1.0064,1.0519,1,0,none,baostock,query_history_k_data_plus
002271,SZSE.002271,,SZ,A股-深交所,2021-12-17,47.17,48.08,46.42,46.77,47.17,20928494,990832649.03,-0.848,1.0707,1,0,none,baostock,query_history_k_data_plus
002271,SZSE.002271,,SZ,A股-深交所,2021-12-20,46.5,47.97,46.05,46.65,46.77,21370018,1003537772.92,-0.2566,1.0933,1,0,none,baostock,query_history_k_data_plus
002271,SZSE.002271,,SZ,A股-深交所,2021-12-21,46.1,48.29,45.85,48.02,46.65,35843460,1703547488.35,2.9368,1.8338,1,0,none,baostock,query_history_k_data_plus
002271,SZSE.002271,,SZ,A股-深交所,2021-12-22,47.8,49.3,47.59,48.84,48.02,26145614,1271086977.33,1.7076,1.3376,1,0,none,baostock,query_history_k_data_plus
002271,SZSE.002271,,SZ,A股-深交所,2021-12-23,48.73,50.0,48.35,48.77,48.84,21461626,1051392323.39,-0.1433,1.098,1,0,none,baostock,query_history_k_data_plus
002271,SZSE.002271,,SZ,A股-深交所,2021-12-24,48.4,50.5,48.33,49.9,48.77,27424593,1366696548.87,2.317,1.4031,1,0,none,baostock,query_history_k_data_plus
002271,SZSE.002271,,SZ,A股-深交所,2021-12-27,50.4,52.5,50.3,52.17,49.9,34051128,1764558568.46,4.5491,1.7421,1,0,none,baostock,query_history_k_data_plus
002271,SZSE.002271,,SZ,A股-深交所,2021-12-28,52.17,52.83,51.0,51.12,52.17,25442487,1318680603.37,-2.0127,1.3017,1,0,none,baostock,query_history_k_data_plus
002271,SZSE.002271,,SZ,A股-深交所,2021-12-29,51.13,51.46,49.62,50.34,51.12,19985657,1008442588.72,-1.5258,1.0225,1,0,none,baostock,query_history_k_data_plus
002271,SZSE.002271,,SZ,A股-深交所,2021-12-30,50.33,51.45,49.89,51.38,50.34,18660976,948065266.28,2.066,0.9547,1,0,none,baostock,query_history_k_data_plus
002271,SZSE.002271,,SZ,A股-深交所,2021-12-31,51.0,52.9,50.65,52.68,51.38,16439563,855379473.15,2.5302,0.8411,1,0,none,baostock,query_history_k_data_plus
002271,SZSE.002271,,SZ,A股-深交所,2022-01-04,52.0,52.02,49.0,51.0,52.68,25493416,1294252860.4,-3.1891,1.3043,1,0,none,baostock,query_history_k_data_plus
002271,SZSE.002271,,SZ,A股-深交所,2022-01-05,51.02,51.4,49.0,49.16,51.0,25389012,1261442377.58,-3.6078,1.2989,1,0,none,baostock,query_history_k_data_plus
002271,SZSE.002271,,SZ,A股-深交所,2022-01-06,48.66,50.6,48.3,49.8,49.16,26014227,1291001036.27,1.3019,1.3309,1,0,none,baostock,query_history_k_data_plus
002271,SZSE.002271,,SZ,A股-深交所,2022-01-07,49.5,52.5,49.5,51.88,49.8,33091684,1714234242.6,4.1767,1.693,1,0,none,baostock,query_history_k_data_plus
002271,SZSE.002271,,SZ,A股-深交所,2022-01-10,52.0,52.3,49.83,51.1,51.88,27819720,1412614579.57,-1.5035,1.4233,1,0,none,baostock,query_history_k_data_plus
002271,SZSE.002271,,SZ,A股-深交所,2022-01-11,51.0,51.27,48.42,49.0,51.1,27662171,1374873009.57,-4.1096,1.4152,1,0,none,baostock,query_history_k_data_plus
002271,SZSE.002271,,SZ,A股-深交所,2022-01-12,49.1,49.33,47.78,48.9,49.0,19011674,920472598.35,-0.2041,0.9727,1,0,none,baostock,query_history_k_data_plus
002271,SZSE.002271,,SZ,A股-深交所,2022-01-13,47.9,48.49,46.21,46.37,48.9,30164368,1419133033.24,-5.1738,1.5432,1,0,none,baostock,query_history_k_data_plus
002271,SZSE.002271,,SZ,A股-深交所,2022-01-14,46.5,49.37,46.0,48.28,46.37,28375380,1363338966.32,4.119,1.4517,1,0,none,baostock,query_history_k_data_plus
002271,SZSE.002271,,SZ,A股-深交所,2022-01-17,48.5,49.38,47.66,49.08,48.28,18268564,891478091.76,1.657,0.9346,1,0,none,baostock,query_history_k_data_plus
002271,SZSE.002271,,SZ,A股-深交所,2022-01-18,49.35,51.58,49.05,51.1,49.08,26209730,1336602094.8,4.1157,1.3247,1,0,none,baostock,query_history_k_data_plus
002271,SZSE.002271,,SZ,A股-深交所,2022-01-19,51.92,53.0,51.83,52.23,51.1,33084184,1738264914.67,2.2114,1.6721,1,0,none,baostock,query_history_k_data_plus
002271,SZSE.002271,,SZ,A股-深交所,2022-01-20,52.6,53.18,51.85,52.39,52.23,20950562,1099097767.48,0.3063,1.0589,1,0,none,baostock,query_history_k_data_plus
002271,SZSE.002271,,SZ,A股-深交所,2022-01-21,52.28,53.15,51.82,52.24,52.39,15370993,804136251.92,-0.2863,0.7769,1,0,none,baostock,query_history_k_data_plus
002271,SZSE.002271,,SZ,A股-深交所,2022-01-24,52.24,52.32,50.88,51.1,52.24,18994917,974017432.77,-2.1822,0.96,1,0,none,baostock,query_history_k_data_plus
002271,SZSE.002271,,SZ,A股-深交所,2022-01-25,50.78,51.5,49.22,49.5,51.1,16799855,844989421.38,-3.1311,0.8491,1,0,none,baostock,query_history_k_data_plus
002271,SZSE.002271,,SZ,A股-深交所,2022-01-26,49.51,50.16,48.5,49.72,49.5,16060591,793727629.19,0.4444,0.8117,1,0,none,baostock,query_history_k_data_plus
002271,SZSE.002271,,SZ,A股-深交所,2022-01-27,49.35,49.89,48.3,48.5,49.72,14755825,721199432.84,-2.4537,0.7458,1,0,none,baostock,query_history_k_data_plus
002271,SZSE.002271,,SZ,A股-深交所,2022-01-28,48.95,50.64,48.06,49.4,48.5,20968555,1040020177.76,1.8557,1.0598,1,0,none,baostock,query_history_k_data_plus
002271,SZSE.002271,,SZ,A股-深交所,2022-02-07,50.66,51.62,49.71,50.23,49.4,19223622,969099351.95,1.6802,0.9716,1,0,none,baostock,query_history_k_data_plus
002271,SZSE.002271,,SZ,A股-深交所,2022-02-08,50.22,51.05,49.67,51.0,50.23,18431125,928691310.03,1.5329,0.9315,1,0,none,baostock,query_history_k_data_plus
002271,SZSE.002271,,SZ,A股-深交所,2022-02-09,51.15,51.95,49.4,50.01,51.0,20470166,1025126670.49,-1.9412,1.0346,1,0,none,baostock,query_history_k_data_plus
002271,SZSE.002271,,SZ,A股-深交所,2022-02-10,49.9,51.45,49.01,50.82,50.01,15956872,807954492.86,1.6197,0.8065,1,0,none,baostock,query_history_k_data_plus
002271,SZSE.002271,,SZ,A股-深交所,2022-02-11,51.49,53.15,51.0,52.19,50.82,22524496,1182304747.82,2.6958,1.1384,1,0,none,baostock,query_history_k_data_plus
002271,SZSE.002271,,SZ,A股-深交所,2022-02-14,51.8,51.8,49.18,49.44,52.19,24579821,1225794230.45,-5.2692,1.2423,1,0,none,baostock,query_history_k_data_plus
002271,SZSE.002271,,SZ,A股-深交所,2022-02-15,49.5,49.88,48.62,49.5,49.44,18925481,930027600.44,0.1214,0.9565,1,0,none,baostock,query_history_k_data_plus
002271,SZSE.002271,,SZ,A股-深交所,2022-02-16,49.5,51.55,49.22,50.83,49.5,16789072,852300711.02,2.6869,0.8486,1,0,none,baostock,query_history_k_data_plus
002271,SZSE.002271,,SZ,A股-深交所,2022-02-17,50.59,51.1,49.33,50.9,50.83,14488176,728992769.99,0.1377,0.7323,1,0,none,baostock,query_history_k_data_plus
002271,SZSE.002271,,SZ,A股-深交所,2022-02-18,50.15,51.66,50.06,51.56,50.9,10750206,549811845.17,1.2967,0.5433,1,0,none,baostock,query_history_k_data_plus
002271,SZSE.002271,,SZ,A股-深交所,2022-02-21,51.48,51.48,50.28,50.8,51.56,10589927,536875605.1,-1.474,0.5352,1,0,none,baostock,query_history_k_data_plus
002271,SZSE.002271,,SZ,A股-深交所,2022-02-22,50.12,50.38,49.33,49.83,50.8,8490029,421628472.9,-1.9094,0.4291,1,0,none,baostock,query_history_k_data_plus
002271,SZSE.002271,,SZ,A股-深交所,2022-02-23,49.83,49.83,47.33,48.16,49.83,35945867,1734199732.61,-3.3514,1.8168,1,0,none,baostock,query_history_k_data_plus
002271,SZSE.002271,,SZ,A股-深交所,2022-02-24,47.92,47.94,44.9,46.31,48.16,36223412,1667368443.34,-3.8414,1.8308,1,0,none,baostock,query_history_k_data_plus
002271,SZSE.002271,,SZ,A股-深交所,2022-02-25,46.25,47.3,45.84,46.42,46.31,18474702,858864381.23,0.2375,0.9337,1,0,none,baostock,query_history_k_data_plus
002271,SZSE.002271,,SZ,A股-深交所,2022-02-28,46.0,46.4,44.98,45.38,46.42,23197490,1050867008.0,-2.2404,1.1724,1,0,none,baostock,query_history_k_data_plus
002271,SZSE.002271,,SZ,A股-深交所,2022-03-01,45.35,46.49,45.0,46.4,45.38,17915138,824106976.0,2.2477,0.9055,1,0,none,baostock,query_history_k_data_plus
002271,SZSE.002271,,SZ,A股-深交所,2022-03-02,45.6,46.6,45.5,45.54,46.4,12597579,576468240.0,-1.8534,0.6367,1,0,none,baostock,query_history_k_data_plus
002271,SZSE.002271,,SZ,A股-深交所,2022-03-03,45.98,46.07,44.01,44.63,45.54,25172112,1130098624.0,-1.9982,1.2722,1,0,none,baostock,query_history_k_data_plus
002271,SZSE.002271,,SZ,A股-深交所,2022-03-04,44.21,45.29,43.2,44.7,44.63,17103285,764665408.0,0.1568,0.8644,1,0,none,baostock,query_history_k_data_plus
002271,SZSE.002271,,SZ,A股-深交所,2022-03-07,44.7,45.64,43.66,43.96,44.7,25582879,1145935488.0,-1.6555,1.293,1,0,none,baostock,query_history_k_data_plus
002271,SZSE.002271,,SZ,A股-深交所,2022-03-08,43.6,44.44,41.76,42.08,43.96,42025049,1795109200.0,-4.2766,2.124,1,0,none,baostock,query_history_k_data_plus
002271,SZSE.002271,,SZ,A股-深交所,2022-03-09,42.7,42.71,39.95,41.45,42.08,28787760,1188313520.0,-1.4971,1.455,1,0,none,baostock,query_history_k_data_plus
002271,SZSE.002271,,SZ,A股-深交所,2022-03-10,43.21,43.88,42.35,43.15,41.45,26790376,1157642272.0,4.1013,1.354,1,0,none,baostock,query_history_k_data_plus
002271,SZSE.002271,,SZ,A股-深交所,2022-03-11,42.7,42.8,41.5,42.63,43.15,13802728,581590720.0,-1.2051,0.6976,1,0,none,baostock,query_history_k_data_plus
002271,SZSE.002271,,SZ,A股-深交所,2022-03-14,42.68,43.34,41.27,41.43,42.63,22918822,960071680.0,-2.8149,1.1584,1,0,none,baostock,query_history_k_data_plus
002271,SZSE.002271,,SZ,A股-深交所,2022-03-15,40.67,40.95,37.7,38.0,41.43,51598154,2028363392.0,-8.279,2.6079,1,0,none,baostock,query_history_k_data_plus
002271,SZSE.002271,,SZ,A股-深交所,2022-03-16,39.22,40.2,37.63,40.18,38.0,35969717,1403651552.0,5.7368,1.818,1,0,none,baostock,query_history_k_data_plus
002271,SZSE.002271,,SZ,A股-深交所,2022-03-17,42.0,43.94,41.29,42.74,40.18,44234309,1893679840.0,6.3713,2.2357,1,0,none,baostock,query_history_k_data_plus
002271,SZSE.002271,,SZ,A股-深交所,2022-03-18,42.52,44.0,42.01,43.67,42.74,20790798,900034087.28,2.1759,1.0508,1,0,none,baostock,query_history_k_data_plus
002271,SZSE.002271,,SZ,A股-深交所,2022-03-21,43.68,43.94,42.1,42.65,43.67,19412081,830195626.44,-2.3357,0.9811,1,0,none,baostock,query_history_k_data_plus
002271,SZSE.002271,,SZ,A股-深交所,2022-03-22,42.49,43.44,41.32,42.78,42.65,26170251,1110840624.9,0.3048,1.3227,1,0,none,baostock,query_history_k_data_plus
002271,SZSE.002271,,SZ,A股-深交所,2022-03-23,42.7,42.93,41.8,42.28,42.78,13405006,567698680.42,-1.1688,0.6775,1,0,none,baostock,query_history_k_data_plus
002271,SZSE.002271,,SZ,A股-深交所,2022-03-24,42.01,42.08,39.82,40.03,42.28,40953518,1657636174.47,-5.3217,2.0699,1,0,none,baostock,query_history_k_data_plus
002271,SZSE.002271,,SZ,A股-深交所,2022-03-25,40.42,40.45,39.6,39.69,40.03,18834769,751616066.64,-0.8494,0.9519,1,0,none,baostock,query_history_k_data_plus
002271,SZSE.002271,,SZ,A股-深交所,2022-03-28,39.3,40.01,38.6,39.38,39.69,18448615,727819816.06,-0.7811,0.9324,1,0,none,baostock,query_history_k_data_plus
002271,SZSE.002271,,SZ,A股-深交所,2022-03-29,40.06,40.67,39.6,40.1,39.38,17254669,692241493.07,1.8283,0.8721,1,0,none,baostock,query_history_k_data_plus
002271,SZSE.002271,,SZ,A股-深交所,2022-03-30,40.68,44.11,40.67,44.11,40.1,37250758,1601749893.03,10.0,1.8827,1,0,none,baostock,query_history_k_data_plus
002271,SZSE.002271,,SZ,A股-深交所,2022-03-31,44.49,45.96,43.92,44.94,44.11,38248441,1721805984.08,1.8817,1.9331,1,0,none,baostock,query_history_k_data_plus
002271,SZSE.002271,,SZ,A股-深交所,2022-04-01,44.04,45.8,44.0,44.89,44.94,25686731,1155179876.75,-0.1113,1.2983,1,0,none,baostock,query_history_k_data_plus
002271,SZSE.002271,,SZ,A股-深交所,2022-04-06,44.5,47.77,44.5,46.6,44.89,31340244,1457793538.45,3.8093,1.584,1,0,none,baostock,query_history_k_data_plus
002271,SZSE.002271,,SZ,A股-深交所,2022-04-07,45.86,47.24,45.09,45.25,46.6,25730828,1180837406.84,-2.897,1.3005,1,0,none,baostock,query_history_k_data_plus
002271,SZSE.002271,,SZ,A股-深交所,2022-04-08,45.1,46.89,44.81,46.63,45.25,22229236,1020161350.41,3.0497,1.1235,1,0,none,baostock,query_history_k_data_plus
002271,SZSE.002271,,SZ,A股-深交所,2022-04-11,47.17,47.5,45.41,45.6,46.63,24021531,1109241592.51,-2.2089,1.2141,1,0,none,baostock,query_history_k_data_plus
002271,SZSE.002271,,SZ,A股-深交所,2022-04-12,46.0,47.2,44.58,45.0,45.6,27549531,1258934173.64,-1.3158,1.3924,1,0,none,baostock,query_history_k_data_plus
002271,SZSE.002271,,SZ,A股-深交所,2022-04-13,45.5,45.99,43.5,45.55,45.0,24085938,1082925372.19,1.2222,1.2173,1,0,none,baostock,query_history_k_data_plus
002271,SZSE.002271,,SZ,A股-深交所,2022-04-14,45.4,47.4,45.0,46.95,45.55,22847379,1060693812.13,3.0735,1.1547,1,0,none,baostock,query_history_k_data_plus
002271,SZSE.002271,,SZ,A股-深交所,2022-04-15,46.5,47.84,46.36,46.7,46.95,19334450,914410409.31,-0.5325,0.9772,1,0,none,baostock,query_history_k_data_plus
002271,SZSE.002271,,SZ,A股-深交所,2022-04-18,46.2,47.0,44.77,46.09,46.7,18062096,827006408.9,-1.3062,0.9129,1,0,none,baostock,query_history_k_data_plus
002271,SZSE.002271,,SZ,A股-深交所,2022-04-19,45.73,46.17,44.81,45.3,46.09,15328589,694070655.48,-1.714,0.7747,1,0,none,baostock,query_history_k_data_plus
002271,SZSE.002271,,SZ,A股-深交所,2022-04-20,45.32,45.58,43.65,44.04,45.3,17713337,789631824.47,-2.7815,0.8953,1,0,none,baostock,query_history_k_data_plus
002271,SZSE.002271,,SZ,A股-深交所,2022-04-21,43.8,44.17,41.39,41.9,44.04,27278795,1150657197.51,-4.8592,1.3787,1,0,none,baostock,query_history_k_data_plus
002271,SZSE.002271,,SZ,A股-深交所,2022-04-22,42.18,43.51,41.22,43.06,41.9,19106776,817630193.47,2.7685,0.9657,1,0,none,baostock,query_history_k_data_plus
002271,SZSE.002271,,SZ,A股-深交所,2022-04-25,42.6,44.0,42.0,42.09,43.06,16600227,715504069.62,-2.2527,0.839,1,0,none,baostock,query_history_k_data_plus
002271,SZSE.002271,,SZ,A股-深交所,2022-04-26,42.05,44.48,42.05,43.46,42.09,21963156,957933198.9,3.2549,1.1101,1,0,none,baostock,query_history_k_data_plus
002271,SZSE.002271,,SZ,A股-深交所,2022-04-27,43.56,45.78,43.56,45.6,43.46,33280751,1506289459.87,4.9241,1.6821,1,0,none,baostock,query_history_k_data_plus
002271,SZSE.002271,,SZ,A股-深交所,2022-04-28,44.0,45.35,43.6,44.4,45.6,29725057,1321382182.94,-2.6316,1.5024,1,0,none,baostock,query_history_k_data_plus
002271,SZSE.002271,,SZ,A股-深交所,2022-04-29,44.89,45.8,43.08,45.35,44.4,31079421,1384268758.31,2.1396,1.5708,1,0,none,baostock,query_history_k_data_plus
002271,SZSE.002271,,SZ,A股-深交所,2022-05-05,45.31,47.1,45.31,46.73,45.35,25649567,1191982773.48,3.043,1.2964,1,0,none,baostock,query_history_k_data_plus
002271,SZSE.002271,,SZ,A股-深交所,2022-05-06,45.79,45.79,44.5,44.81,46.73,17269637,776530389.2,-4.1087,0.8728,1,0,none,baostock,query_history_k_data_plus
002271,SZSE.002271,,SZ,A股-深交所,2022-05-09,44.5,45.32,42.81,43.39,44.81,19554911,854425851.71,-3.1689,0.9883,1,0,none,baostock,query_history_k_data_plus
002271,SZSE.002271,,SZ,A股-深交所,2022-05-10,42.7,44.5,42.51,44.5,43.39,18571834,815853625.93,2.5582,0.9387,1,0,none,baostock,query_history_k_data_plus
002271,SZSE.002271,,SZ,A股-深交所,2022-05-11,44.39,44.8,43.42,43.9,44.5,25540481,1124058754.69,-1.3483,1.2909,1,0,none,baostock,query_history_k_data_plus
002271,SZSE.002271,,SZ,A股-深交所,2022-05-12,43.0,43.7,42.9,43.17,43.9,16611464,718973800.45,-1.6629,0.8396,1,0,none,baostock,query_history_k_data_plus
002271,SZSE.002271,,SZ,A股-深交所,2022-05-13,42.93,44.14,42.93,44.1,43.17,12686091,554097389.97,2.1543,0.6412,1,0,none,baostock,query_history_k_data_plus
002271,SZSE.002271,,SZ,A股-深交所,2022-05-16,44.88,46.51,44.5,44.64,44.1,26594293,1213703205.23,1.2245,1.3441,1,0,none,baostock,query_history_k_data_plus
002271,SZSE.002271,,SZ,A股-深交所,2022-05-17,44.67,45.79,44.2,45.53,44.64,13918390,628464888.37,1.9937,0.7035,1,0,none,baostock,query_history_k_data_plus
002271,SZSE.002271,,SZ,A股-深交所,2022-05-18,45.66,46.06,44.5,44.5,45.53,14844083,667570994.04,-2.2622,0.7502,1,0,none,baostock,query_history_k_data_plus
002271,SZSE.002271,,SZ,A股-深交所,2022-05-19,43.8,45.82,43.5,45.7,44.5,18324571,818434809.92,2.6966,0.9262,1,0,none,baostock,query_history_k_data_plus
002271,SZSE.002271,,SZ,A股-深交所,2022-05-20,45.53,46.85,45.29,46.7,45.7,20105710,931388528.55,2.1882,1.0162,1,0,none,baostock,query_history_k_data_plus
002271,SZSE.002271,,SZ,A股-深交所,2022-05-23,46.7,46.79,45.91,46.5,46.7,16284590,753033412.75,-0.4283,0.8231,1,0,none,baostock,query_history_k_data_plus
002271,SZSE.002271,,SZ,A股-深交所,2022-05-24,46.3,47.14,45.22,45.3,46.5,13180631,607680757.23,-2.5806,0.6662,1,0,none,baostock,query_history_k_data_plus
002271,SZSE.002271,,SZ,A股-深交所,2022-05-25,45.3,46.77,45.23,45.96,45.3,10013948,461234561.87,1.457,0.5061,1,0,none,baostock,query_history_k_data_plus
002271,SZSE.002271,,SZ,A股-深交所,2022-05-26,45.95,46.5,45.21,46.01,45.96,9591006,441650131.18,0.1088,0.4847,1,0,none,baostock,query_history_k_data_plus
002271,SZSE.002271,,SZ,A股-深交所,2022-05-27,46.01,46.73,45.4,45.76,46.01,11908128,547531345.04,-0.5434,0.6019,1,0,none,baostock,query_history_k_data_plus
002271,SZSE.002271,,SZ,A股-深交所,2022-05-30,45.93,46.13,44.7,45.15,45.76,12341258,557134504.32,-1.333,0.6237,1,0,none,baostock,query_history_k_data_plus
002271,SZSE.002271,,SZ,A股-深交所,2022-05-31,45.0,45.1,44.21,44.55,44.85,13445634,598780970.26,-0.6689,0.6796,1,0,none,baostock,query_history_k_data_plus
002271,SZSE.002271,,SZ,A股-深交所,2022-06-01,44.72,47.84,44.59,46.46,44.55,27446074,1277985700.04,4.2873,1.3872,1,0,none,baostock,query_history_k_data_plus
002271,SZSE.002271,,SZ,A股-深交所,2022-06-02,46.45,48.09,45.8,47.5,46.46,22960417,1085193928.51,2.2385,1.1605,1,0,none,baostock,query_history_k_data_plus
002271,SZSE.002271,,SZ,A股-深交所,2022-06-06,47.62,47.68,44.26,46.18,47.5,48483466,2195805600.59,-2.7789,2.4504,1,0,none,baostock,query_history_k_data_plus
002271,SZSE.002271,,SZ,A股-深交所,2022-06-07,45.8,46.38,44.96,46.23,46.18,26252525,1203730678.37,0.1083,1.3269,1,0,none,baostock,query_history_k_data_plus
002271,SZSE.002271,,SZ,A股-深交所,2022-06-08,46.34,47.5,45.68,46.43,46.23,21180500,984504437.28,0.4326,1.0705,1,0,none,baostock,query_history_k_data_plus
002271,SZSE.002271,,SZ,A股-深交所,2022-06-09,46.3,46.77,45.27,45.35,46.43,21138597,970548529.47,-2.3261,1.0684,1,0,none,baostock,query_history_k_data_plus
002271,SZSE.002271,,SZ,A股-深交所,2022-06-10,45.37,47.0,45.32,46.84,45.35,25975175,1207978422.36,3.2856,1.3128,1,0,none,baostock,query_history_k_data_plus
002271,SZSE.002271,,SZ,A股-深交所,2022-06-13,46.8,46.8,44.2,44.98,46.84,38078428,1710290205.72,-3.971,1.9246,1,0,none,baostock,query_history_k_data_plus
002271,SZSE.002271,,SZ,A股-深交所,2022-06-14,44.31,44.8,44.01,44.7,44.98,17628272,782311264.97,-0.6225,0.891,1,0,none,baostock,query_history_k_data_plus
002271,SZSE.002271,,SZ,A股-深交所,2022-06-15,44.7,46.93,44.53,45.77,44.7,38445658,1764057808.53,2.3937,1.9431,1,0,none,baostock,query_history_k_data_plus
002271,SZSE.002271,,SZ,A股-深交所,2022-06-16,46.04,47.4,45.01,45.15,45.77,26274106,1205322959.72,-1.3546,1.3279,1,0,none,baostock,query_history_k_data_plus
002271,SZSE.002271,,SZ,A股-深交所,2022-06-17,45.0,45.48,44.7,45.4,45.15,18375300,828034188.84,0.5537,0.9287,1,0,none,baostock,query_history_k_data_plus
002271,SZSE.002271,,SZ,A股-深交所,2022-06-20,46.97,49.89,46.8,47.71,45.4,65488576,3160975001.89,5.0881,3.3099,1,0,none,baostock,query_history_k_data_plus
002271,SZSE.002271,,SZ,A股-深交所,2022-06-21,47.97,48.3,47.0,47.74,47.71,23839844,1133902858.78,0.0629,1.2049,1,0,none,baostock,query_history_k_data_plus
002271,SZSE.002271,,SZ,A股-深交所,2022-06-22,47.4,47.73,45.95,46.0,47.74,19362308,900208024.66,-3.6447,0.9786,1,0,none,baostock,query_history_k_data_plus
002271,SZSE.002271,,SZ,A股-深交所,2022-06-23,45.85,47.1,45.85,46.8,46.0,18969289,885122295.17,1.7391,0.9587,1,0,none,baostock,query_history_k_data_plus
002271,SZSE.002271,,SZ,A股-深交所,2022-06-24,47.0,47.66,46.18,46.76,46.8,17007742,798994446.41,-0.0855,0.8596,1,0,none,baostock,query_history_k_data_plus
002271,SZSE.002271,,SZ,A股-深交所,2022-06-27,47.1,48.68,47.0,47.93,46.76,23649551,1135683714.89,2.5021,1.1953,1,0,none,baostock,query_history_k_data_plus
002271,SZSE.002271,,SZ,A股-深交所,2022-06-28,48.19,48.93,47.47,48.09,47.93,17180429,825748234.19,0.3338,0.8683,1,0,none,baostock,query_history_k_data_plus
002271,SZSE.002271,,SZ,A股-深交所,2022-06-29,48.1,50.13,47.83,49.1,48.09,37475968,1851434875.69,2.1002,1.8941,1,0,none,baostock,query_history_k_data_plus
002271,SZSE.002271,,SZ,A股-深交所,2022-06-30,49.2,52.3,49.1,51.47,49.1,40104921,2047691664.5,4.8269,2.027,1,0,none,baostock,query_history_k_data_plus
002271,SZSE.002271,,SZ,A股-深交所,2022-07-01,51.6,52.46,50.77,50.83,51.47,22019813,1134472683.44,-1.2434,1.1129,1,0,none,baostock,query_history_k_data_plus
002271,SZSE.002271,,SZ,A股-深交所,2022-07-04,50.79,52.25,50.12,51.8,50.83,23837924,1235066546.89,1.9083,1.2048,1,0,none,baostock,query_history_k_data_plus
002271,SZSE.002271,,SZ,A股-深交所,2022-07-05,51.77,51.78,46.62,46.63,51.8,68550517,3255250432.4,-9.9807,3.4647,1,0,none,baostock,query_history_k_data_plus
002271,SZSE.002271,,SZ,A股-深交所,2022-07-06,46.75,48.48,45.4,47.39,46.63,48268396,2280846231.87,1.6299,2.4396,1,0,none,baostock,query_history_k_data_plus
002271,SZSE.002271,,SZ,A股-深交所,2022-07-07,47.09,47.39,46.09,46.63,47.39,18374517,857653543.0,-1.6037,0.9287,1,0,none,baostock,query_history_k_data_plus
002271,SZSE.002271,,SZ,A股-深交所,2022-07-08,46.77,46.96,45.84,46.11,46.63,23229273,1073000641.79,-1.1152,1.174,1,0,none,baostock,query_history_k_data_plus
002271,SZSE.002271,,SZ,A股-深交所,2022-07-11,45.71,45.95,43.91,44.49,46.11,33127554,1474034804.19,-3.5133,1.6743,1,0,none,baostock,query_history_k_data_plus
002271,SZSE.002271,,SZ,A股-深交所,2022-07-12,44.6,45.02,43.9,44.97,44.49,20797803,926366932.81,1.0789,1.0512,1,0,none,baostock,query_history_k_data_plus
002271,SZSE.002271,,SZ,A股-深交所,2022-07-13,45.1,46.76,45.09,46.03,44.97,26583426,1223899846.89,2.3571,1.3436,1,0,none,baostock,query_history_k_data_plus
002271,SZSE.002271,,SZ,A股-深交所,2022-07-14,45.0,45.3,44.11,44.5,46.03,33243229,1485776207.94,-3.3239,1.6802,1,0,none,baostock,query_history_k_data_plus
002271,SZSE.002271,,SZ,A股-深交所,2022-07-15,44.45,44.7,43.38,43.48,44.5,22782068,1005047648.62,-2.2921,1.1514,1,0,none,baostock,query_history_k_data_plus
002271,SZSE.002271,,SZ,A股-深交所,2022-07-18,43.31,44.5,42.7,43.02,43.48,30286082,1313432045.77,-1.058,1.5307,1,0,none,baostock,query_history_k_data_plus
002271,SZSE.002271,,SZ,A股-深交所,2022-07-19,43.05,43.13,41.3,41.8,43.02,45759915,1912646366.8,-2.8359,2.3128,1,0,none,baostock,query_history_k_data_plus
002271,SZSE.002271,,SZ,A股-深交所,2022-07-20,41.9,42.35,41.66,42.26,41.8,19929319,838468210.12,1.1005,1.0073,1,0,none,baostock,query_history_k_data_plus
002271,SZSE.002271,,SZ,A股-深交所,2022-07-21,42.0,42.5,41.8,42.21,42.26,17041261,719756001.15,-0.1183,0.8613,1,0,none,baostock,query_history_k_data_plus
002271,SZSE.002271,,SZ,A股-深交所,2022-07-22,42.21,42.3,38.8,39.95,42.21,62432449,2501123465.06,-5.3542,3.1554,1,0,none,baostock,query_history_k_data_plus
002271,SZSE.002271,,SZ,A股-深交所,2022-07-25,39.95,41.49,39.88,40.15,39.95,37730755,1539115036.74,0.5006,1.907,1,0,none,baostock,query_history_k_data_plus
002271,SZSE.002271,,SZ,A股-深交所,2022-07-26,40.15,41.99,40.07,41.95,40.15,29635537,1226249926.15,4.4832,1.4978,1,0,none,baostock,query_history_k_data_plus
002271,SZSE.002271,,SZ,A股-深交所,2022-07-27,41.7,42.2,40.8,41.2,41.95,25241730,1041593048.61,-1.7878,1.2758,1,0,none,baostock,query_history_k_data_plus
002271,SZSE.002271,,SZ,A股-深交所,2022-07-28,41.39,41.97,40.37,41.8,41.2,24726347,1017650471.96,1.4563,1.2497,1,0,none,baostock,query_history_k_data_plus
002271,SZSE.002271,,SZ,A股-深交所,2022-07-29,41.22,41.52,39.96,40.45,41.8,30238168,1224513857.01,-3.2297,1.5283,1,0,none,baostock,query_history_k_data_plus
002271,SZSE.002271,,SZ,A股-深交所,2022-08-01,40.44,40.44,39.61,39.76,40.45,22161341,882806617.75,-1.7058,1.1201,1,0,none,baostock,query_history_k_data_plus
002271,SZSE.002271,,SZ,A股-深交所,2022-08-02,39.64,39.64,38.25,38.79,39.76,19501337,757073836.13,-2.4396,0.9856,1,0,none,baostock,query_history_k_data_plus
002271,SZSE.002271,,SZ,A股-深交所,2022-08-03,38.79,39.3,37.56,37.86,38.79,25463234,970748613.52,-2.3975,1.287,1,0,none,baostock,query_history_k_data_plus
002271,SZSE.002271,,SZ,A股-深交所,2022-08-04,38.0,38.17,37.31,37.5,37.86,16760148,630216131.1,-0.9509,0.8471,1,0,none,baostock,query_history_k_data_plus
002271,SZSE.002271,,SZ,A股-深交所,2022-08-05,38.0,38.68,37.3,38.47,37.5,26226321,994414773.3,2.5867,1.3255,1,0,none,baostock,query_history_k_data_plus
002271,SZSE.002271,,SZ,A股-深交所,2022-08-08,38.45,38.83,38.06,38.7,38.47,15330066,590979678.24,0.5979,0.7748,1,0,none,baostock,query_history_k_data_plus
002271,SZSE.002271,,SZ,A股-深交所,2022-08-09,38.55,38.59,37.6,38.05,38.7,14369747,546833309.6,-1.6796,0.7263,1,0,none,baostock,query_history_k_data_plus
002271,SZSE.002271,,SZ,A股-深交所,2022-08-10,38.05,38.05,36.0,36.3,38.05,50816788,1850802843.01,-4.5992,2.5684,1,0,none,baostock,query_history_k_data_plus
002271,SZSE.002271,,SZ,A股-深交所,2022-08-11,36.65,37.37,36.19,37.24,36.3,27069585,997788426.03,2.5895,1.3681,1,0,none,baostock,query_history_k_data_plus
002271,SZSE.002271,,SZ,A股-深交所,2022-08-12,37.26,38.3,36.88,38.01,37.24,24781230,935072915.37,2.0677,1.2525,1,0,none,baostock,query_history_k_data_plus
002271,SZSE.002271,,SZ,A股-深交所,2022-08-15,37.61,38.17,37.5,37.66,38.01,22253533,840422005.05,-0.9208,1.1247,1,0,none,baostock,query_history_k_data_plus
002271,SZSE.002271,,SZ,A股-深交所,2022-08-16,37.86,38.6,37.83,38.11,37.66,23297579,891240111.33,1.1949,1.1775,1,0,none,baostock,query_history_k_data_plus
002271,SZSE.002271,,SZ,A股-深交所,2022-08-17,37.9,37.98,37.0,37.5,38.11,26813783,1002515759.49,-1.6006,1.3552,1,0,none,baostock,query_history_k_data_plus
002271,SZSE.002271,,SZ,A股-深交所,2022-08-18,37.5,37.5,37.0,37.42,37.5,16945395,631269920.76,-0.2133,0.8565,1,0,none,baostock,query_history_k_data_plus
002271,SZSE.002271,,SZ,A股-深交所,2022-08-19,37.41,37.41,36.67,36.72,37.42,28762546,1061455588.2,-1.8707,1.4537,1,0,none,baostock,query_history_k_data_plus
002271,SZSE.002271,,SZ,A股-深交所,2022-08-22,36.37,36.37,34.43,35.25,36.72,64773321,2277105026.79,-4.0033,3.2738,1,0,none,baostock,query_history_k_data_plus
002271,SZSE.002271,,SZ,A股-深交所,2022-08-23,33.55,34.0,31.73,31.74,35.25,115927661,3741998119.09,-9.9574,5.8592,1,0,none,baostock,query_history_k_data_plus
002271,SZSE.002271,,SZ,A股-深交所,2022-08-24,31.91,32.14,30.94,31.02,31.74,55678791,1757145092.66,-2.2684,2.8141,1,0,none,baostock,query_history_k_data_plus
002271,SZSE.002271,,SZ,A股-深交所,2022-08-25,31.13,31.85,31.02,31.51,31.02,34548723,1086078063.19,1.5796,1.7461,1,0,none,baostock,query_history_k_data_plus
002271,SZSE.002271,,SZ,A股-深交所,2022-08-26,31.68,31.84,31.03,31.28,31.51,24359817,765892139.02,-0.7299,1.2312,1,0,none,baostock,query_history_k_data_plus
002271,SZSE.002271,,SZ,A股-深交所,2022-08-29,30.95,30.95,29.82,30.7,31.28,43188928,1311902503.46,-1.8542,2.1831,1,0,none,baostock,query_history_k_data_plus
002271,SZSE.002271,,SZ,A股-深交所,2022-08-30,30.6,30.72,30.0,30.25,30.7,24993428,755448053.31,-1.4658,1.2634,1,0,none,baostock,query_history_k_data_plus
002271,SZSE.002271,,SZ,A股-深交所,2022-08-31,29.96,30.76,29.89,30.36,30.25,34365135,1040104112.0,0.3636,1.7368,1,0,none,baostock,query_history_k_data_plus
002271,SZSE.002271,,SZ,A股-深交所,2022-09-01,30.36,31.31,30.1,30.88,30.36,31976995,989348847.38,1.7128,1.6161,1,0,none,baostock,query_history_k_data_plus
002271,SZSE.002271,,SZ,A股-深交所,2022-09-02,30.8,30.89,30.0,30.51,30.88,20789749,630216165.21,-1.1982,1.0507,1,0,none,baostock,query_history_k_data_plus
002271,SZSE.002271,,SZ,A股-深交所,2022-09-05,30.21,30.48,29.08,29.32,30.51,38834200,1143849615.33,-3.9004,1.9627,1,0,none,baostock,query_history_k_data_plus
002271,SZSE.002271,,SZ,A股-深交所,2022-09-06,29.32,29.8,28.52,29.18,29.32,48316489,1393407208.73,-0.4775,2.4419,1,0,none,baostock,query_history_k_data_plus
002271,SZSE.002271,,SZ,A股-深交所,2022-09-07,28.9,29.09,28.18,28.27,29.18,44289584,1263580740.12,-3.1186,2.2384,1,0,none,baostock,query_history_k_data_plus
002271,SZSE.002271,,SZ,A股-深交所,2022-09-08,28.33,28.8,27.41,27.5,28.27,60454697,1686319443.03,-2.7237,3.0419,1,0,none,baostock,query_history_k_data_plus
002271,SZSE.002271,,SZ,A股-深交所,2022-09-09,27.5,30.25,27.45,30.25,27.5,95213182,2767160316.07,10.0,4.7909,1,0,none,baostock,query_history_k_data_plus
002271,SZSE.002271,,SZ,A股-深交所,2022-09-13,30.2,30.2,29.14,29.19,30.25,63842746,1880572292.54,-3.5041,3.2124,1,0,none,baostock,query_history_k_data_plus
002271,SZSE.002271,,SZ,A股-深交所,2022-09-14,28.95,31.1,28.66,29.96,29.19,87527939,2635774216.38,2.6379,4.4042,1,0,none,baostock,query_history_k_data_plus
002271,SZSE.002271,,SZ,A股-深交所,2022-09-15,30.02,31.57,29.72,31.31,29.96,95884409,2979763299.85,4.506,4.8247,1,0,none,baostock,query_history_k_data_plus
002271,SZSE.002271,,SZ,A股-深交所,2022-09-16,31.31,31.31,29.88,30.0,31.31,53187570,1617789110.71,-4.184,2.6763,1,0,none,baostock,query_history_k_data_plus
002271,SZSE.002271,,SZ,A股-深交所,2022-09-19,29.54,30.42,28.28,29.87,30.0,47809164,1406940991.15,-0.4333,2.4056,1,0,none,baostock,query_history_k_data_plus
002271,SZSE.002271,,SZ,A股-深交所,2022-09-20,30.01,30.18,28.75,29.13,29.87,44272385,1290643123.05,-2.4774,2.2277,1,0,none,baostock,query_history_k_data_plus
002271,SZSE.002271,,SZ,A股-深交所,2022-09-21,29.0,29.59,27.9,28.16,29.13,40878601,1159480450.07,-3.3299,2.0569,1,0,none,baostock,query_history_k_data_plus
002271,SZSE.002271,,SZ,A股-深交所,2022-09-22,27.9,28.41,27.52,27.57,28.16,43513468,1213048847.35,-2.0952,2.1895,1,0,none,baostock,query_history_k_data_plus
002271,SZSE.002271,,SZ,A股-深交所,2022-09-23,27.63,27.97,26.88,27.34,27.57,36188366,993480939.78,-0.8342,1.8209,1,0,none,baostock,query_history_k_data_plus
002271,SZSE.002271,,SZ,A股-深交所,2022-09-26,27.07,28.69,26.98,27.93,27.34,39836257,1122290529.43,2.158,2.0045,1,0,none,baostock,query_history_k_data_plus
002271,SZSE.002271,,SZ,A股-深交所,2022-09-27,28.02,28.72,27.6,28.58,27.93,36307919,1028203702.47,2.3272,1.8269,1,0,none,baostock,query_history_k_data_plus
002271,SZSE.002271,,SZ,A股-深交所,2022-09-28,28.5,28.73,27.28,27.35,28.58,31382871,875332956.72,-4.3037,1.5791,1,0,none,baostock,query_history_k_data_plus
002271,SZSE.002271,,SZ,A股-深交所,2022-09-29,27.65,27.75,26.58,26.78,27.35,29661534,803467609.15,-2.0841,1.4925,1,0,none,baostock,query_history_k_data_plus
002271,SZSE.002271,,SZ,A股-深交所,2022-09-30,26.91,27.41,25.7,26.37,26.78,49837577,1309548921.4,-1.531,2.5077,1,0,none,baostock,query_history_k_data_plus
002271,SZSE.002271,,SZ,A股-深交所,2022-10-10,26.38,26.57,25.3,25.44,26.37,31469794,815105420.49,-3.5267,1.5835,1,0,none,baostock,query_history_k_data_plus
002271,SZSE.002271,,SZ,A股-深交所,2022-10-11,25.36,25.56,24.97,25.5,25.44,33346415,844079093.58,0.2358,1.6779,1,0,none,baostock,query_history_k_data_plus
002271,SZSE.002271,,SZ,A股-深交所,2022-10-12,25.28,25.41,24.26,25.37,25.5,53471192,1325662071.14,-0.5098,2.6905,1,0,none,baostock,query_history_k_data_plus
002271,SZSE.002271,,SZ,A股-深交所,2022-10-13,25.29,25.34,24.71,24.8,25.37,39202096,979555293.7,-2.2467,1.9726,1,0,none,baostock,query_history_k_data_plus
002271,SZSE.002271,,SZ,A股-深交所,2022-10-14,25.0,25.65,24.81,25.59,24.8,68094839,1730289859.06,3.1855,3.4264,1,0,none,baostock,query_history_k_data_plus
002271,SZSE.002271,,SZ,A股-深交所,2022-10-17,25.31,25.38,24.63,24.88,25.59,51915886,1293583358.88,-2.7745,2.6123,1,0,none,baostock,query_history_k_data_plus
002271,SZSE.002271,,SZ,A股-深交所,2022-10-18,24.99,25.3,24.26,24.48,24.88,55290784,1366666995.39,-1.6077,2.7821,1,0,none,baostock,query_history_k_data_plus
002271,SZSE.002271,,SZ,A股-深交所,2022-10-19,24.37,24.82,24.27,24.37,24.48,39910276,979141927.01,-0.4493,2.0082,1,0,none,baostock,query_history_k_data_plus
002271,SZSE.002271,,SZ,A股-深交所,2022-10-20,24.16,24.48,23.67,23.67,24.37,51427968,1231117038.66,-2.8724,2.5877,1,0,none,baostock,query_history_k_data_plus
002271,SZSE.002271,,SZ,A股-深交所,2022-10-21,23.79,24.56,23.75,24.0,23.67,53326383,1287936021.76,1.3942,2.6833,1,0,none,baostock,query_history_k_data_plus
002271,SZSE.002271,,SZ,A股-深交所,2022-10-24,23.81,23.83,22.61,23.25,24.0,68649136,1591614064.3,-3.125,3.4543,1,0,none,baostock,query_history_k_data_plus
002271,SZSE.002271,,SZ,A股-深交所,2022-10-25,23.3,25.0,23.3,24.54,23.25,112506902,2758443649.66,5.5484,5.6611,1,0,none,baostock,query_history_k_data_plus
002271,SZSE.002271,,SZ,A股-深交所,2022-10-26,24.0,26.7,23.8,26.22,24.54,116296858,2997103163.83,6.846,5.8518,1,0,none,baostock,query_history_k_data_plus
002271,SZSE.002271,,SZ,A股-深交所,2022-10-27,26.32,26.99,25.7,26.38,26.22,68952462,1825245441.64,0.6102,3.4695,1,0,none,baostock,query_history_k_data_plus
002271,SZSE.002271,,SZ,A股-深交所,2022-10-28,26.3,26.96,25.68,25.88,26.38,51194260,1349288807.21,-1.8954,2.576,1,0,none,baostock,query_history_k_data_plus
002271,SZSE.002271,,SZ,A股-深交所,2022-10-31,25.5,25.5,24.4,24.5,25.88,51833470,1282397045.7,-5.3323,2.6081,1,0,none,baostock,query_history_k_data_plus
002271,SZSE.002271,,SZ,A股-深交所,2022-11-01,24.53,26.95,24.5,26.95,24.5,73081413,1900377250.92,10.0,3.6773,1,0,none,baostock,query_history_k_data_plus
002271,SZSE.002271,,SZ,A股-深交所,2022-11-02,27.0,27.86,26.76,27.69,26.95,76902706,2106057273.37,2.7458,3.8696,1,0,none,baostock,query_history_k_data_plus
002271,SZSE.002271,,SZ,A股-深交所,2022-11-03,27.39,28.17,27.16,27.55,27.69,44670964,1238214348.18,-0.5056,2.2477,1,0,none,baostock,query_history_k_data_plus
002271,SZSE.002271,,SZ,A股-深交所,2022-11-04,27.83,28.94,27.21,28.24,27.55,55703668,1561913883.83,2.5045,2.8029,1,0,none,baostock,query_history_k_data_plus
002271,SZSE.002271,,SZ,A股-深交所,2022-11-07,28.05,28.34,27.66,27.83,28.24,38630697,1077953011.72,-1.4518,1.9438,1,0,none,baostock,query_history_k_data_plus
002271,SZSE.002271,,SZ,A股-深交所,2022-11-08,27.74,27.78,27.25,27.65,27.83,22600920,620769861.44,-0.6468,1.1372,1,0,none,baostock,query_history_k_data_plus
002271,SZSE.002271,,SZ,A股-深交所,2022-11-09,28.0,29.1,27.9,28.07,27.65,42741711,1217140558.3,1.519,2.1519,1,0,none,baostock,query_history_k_data_plus
002271,SZSE.002271,,SZ,A股-深交所,2022-11-10,27.84,27.9,26.89,27.08,28.07,32886283,896273731.04,-3.5269,1.6557,1,0,none,baostock,query_history_k_data_plus
002271,SZSE.002271,,SZ,A股-深交所,2022-11-11,28.18,29.79,28.0,29.79,27.08,90616112,2679884456.37,10.0074,4.5623,1,0,none,baostock,query_history_k_data_plus
002271,SZSE.002271,,SZ,A股-深交所,2022-11-14,31.31,32.77,31.27,32.6,29.79,157909260,5132938757.95,9.4327,7.9503,1,0,none,baostock,query_history_k_data_plus
002271,SZSE.002271,,SZ,A股-深交所,2022-11-15,32.61,33.2,31.4,32.35,32.6,96911345,3121955030.9,-0.7669,4.8792,1,0,none,baostock,query_history_k_data_plus
002271,SZSE.002271,,SZ,A股-深交所,2022-11-16,32.04,32.06,30.81,31.15,32.35,59354361,1849022688.22,-3.7094,2.9883,1,0,none,baostock,query_history_k_data_plus
002271,SZSE.002271,,SZ,A股-深交所,2022-11-17,31.13,31.75,30.17,30.85,31.15,53199993,1635526279.37,-0.9631,2.6785,1,0,none,baostock,query_history_k_data_plus
002271,SZSE.002271,,SZ,A股-深交所,2022-11-18,31.03,31.28,30.51,30.7,30.85,34927842,1079758920.51,-0.4862,1.7585,1,0,none,baostock,query_history_k_data_plus
002271,SZSE.002271,,SZ,A股-深交所,2022-11-21,30.44,30.8,29.56,30.65,30.7,28720745,870218459.02,-0.1629,1.446,1,0,none,baostock,query_history_k_data_plus
002271,SZSE.002271,,SZ,A股-深交所,2022-11-22,31.2,31.84,29.65,29.97,30.65,41362993,1253996077.83,-2.2186,2.0825,1,0,none,baostock,query_history_k_data_plus
002271,SZSE.002271,,SZ,A股-深交所,2022-11-23,29.84,30.68,29.64,30.21,29.97,28826240,871224444.67,0.8008,1.4513,1,0,none,baostock,query_history_k_data_plus
002271,SZSE.002271,,SZ,A股-深交所,2022-11-24,30.8,31.4,30.08,30.53,30.21,36981299,1128405447.99,1.0593,1.8619,1,0,none,baostock,query_history_k_data_plus
002271,SZSE.002271,,SZ,A股-深交所,2022-11-25,30.75,32.99,30.5,32.5,30.53,89057731,2829165542.74,6.4527,4.4838,1,0,none,baostock,query_history_k_data_plus
002271,SZSE.002271,,SZ,A股-深交所,2022-11-28,31.5,32.32,31.0,32.09,32.5,39505427,1253387292.44,-1.2615,1.989,1,0,none,baostock,query_history_k_data_plus
002271,SZSE.002271,,SZ,A股-深交所,2022-11-29,33.79,34.75,33.1,34.08,32.09,91641223,3121316948.71,6.2013,4.6139,1,0,none,baostock,query_history_k_data_plus
002271,SZSE.002271,,SZ,A股-深交所,2022-11-30,33.86,34.57,32.72,32.89,34.08,49293763,1648803605.09,-3.4918,2.4818,1,0,none,baostock,query_history_k_data_plus
002271,SZSE.002271,,SZ,A股-深交所,2022-12-01,33.58,34.2,32.88,33.0,32.89,40686886,1361057891.18,0.3344,2.0485,1,0,none,baostock,query_history_k_data_plus
002271,SZSE.002271,,SZ,A股-深交所,2022-12-02,32.9,33.13,32.01,32.97,33.0,34894934,1139065769.56,-0.0909,1.7569,1,0,none,baostock,query_history_k_data_plus
002271,SZSE.002271,,SZ,A股-深交所,2022-12-05,33.35,34.5,32.83,34.28,32.97,52408863,1778158181.78,3.9733,2.6387,1,0,none,baostock,query_history_k_data_plus
002271,SZSE.002271,,SZ,A股-深交所,2022-12-06,34.02,35.0,33.47,34.18,34.28,38780966,1320739087.59,-0.2917,1.9525,1,0,none,baostock,query_history_k_data_plus
002271,SZSE.002271,,SZ,A股-深交所,2022-12-07,33.8,34.02,32.93,33.01,34.18,35116228,1166915570.22,-3.4231,1.768,1,0,none,baostock,query_history_k_data_plus
002271,SZSE.002271,,SZ,A股-深交所,2022-12-08,33.01,33.55,32.47,32.53,33.01,30206810,988882520.87,-1.4541,1.5208,1,0,none,baostock,query_history_k_data_plus
002271,SZSE.002271,,SZ,A股-深交所,2022-12-09,33.0,34.9,32.85,34.79,32.53,68478494,2340454284.11,6.9474,3.4477,1,0,none,baostock,query_history_k_data_plus
002271,SZSE.002271,,SZ,A股-深交所,2022-12-12,34.8,35.5,34.11,34.59,34.79,47150963,1644903167.6,-0.5749,2.3739,1,0,none,baostock,query_history_k_data_plus
002271,SZSE.002271,,SZ,A股-深交所,2022-12-13,34.35,35.4,34.03,35.05,34.59,29478471,1028610683.73,1.3299,1.4842,1,0,none,baostock,query_history_k_data_plus
002271,SZSE.002271,,SZ,A股-深交所,2022-12-14,34.98,34.98,34.25,34.36,35.05,27707659,954333543.2,-1.9686,1.395,1,0,none,baostock,query_history_k_data_plus
002271,SZSE.002271,,SZ,A股-深交所,2022-12-15,34.21,34.21,32.85,33.6,34.36,27901815,931203523.2,-2.2119,1.4048,1,0,none,baostock,query_history_k_data_plus
002271,SZSE.002271,,SZ,A股-深交所,2022-12-16,33.9,34.72,33.45,34.26,33.6,29098709,994140060.68,1.9643,1.465,1,0,none,baostock,query_history_k_data_plus
002271,SZSE.002271,,SZ,A股-深交所,2022-12-19,34.5,35.25,33.74,34.05,34.26,26078553,897364503.04,-0.613,1.313,1,0,none,baostock,query_history_k_data_plus
002271,SZSE.002271,,SZ,A股-深交所,2022-12-20,33.69,34.0,32.0,32.52,34.05,32780059,1069185355.33,-4.4934,1.6504,1,0,none,baostock,query_history_k_data_plus
002271,SZSE.002271,,SZ,A股-深交所,2022-12-21,32.5,33.99,32.4,33.7,32.52,28656579,961055306.26,3.6285,1.4428,1,0,none,baostock,query_history_k_data_plus
002271,SZSE.002271,,SZ,A股-深交所,2022-12-22,34.05,35.26,33.8,34.45,33.7,34091323,1184385355.55,2.2255,1.7164,1,0,none,baostock,query_history_k_data_plus
002271,SZSE.002271,,SZ,A股-深交所,2022-12-23,34.14,35.33,33.71,34.15,34.45,19637841,679052606.45,-0.8708,0.9887,1,0,none,baostock,query_history_k_data_plus
002271,SZSE.002271,,SZ,A股-深交所,2022-12-26,34.15,34.27,33.38,33.53,34.15,13757069,464189565.33,-1.8155,0.6926,1,0,none,baostock,query_history_k_data_plus
002271,SZSE.002271,,SZ,A股-深交所,2022-12-27,33.8,34.1,33.23,33.43,33.53,21558447,726192182.46,-0.2982,1.0854,1,0,none,baostock,query_history_k_data_plus
002271,SZSE.002271,,SZ,A股-深交所,2022-12-28,33.63,33.82,32.81,33.71,33.43,25242909,843649863.57,0.8376,1.2709,1,0,none,baostock,query_history_k_data_plus
002271,SZSE.002271,,SZ,A股-深交所,2022-12-29,33.5,33.69,32.01,32.51,33.71,38158103,1240060370.94,-3.5598,1.9212,1,0,none,baostock,query_history_k_data_plus
002271,SZSE.002271,,SZ,A股-深交所,2022-12-30,32.52,33.72,32.52,33.57,32.51,30966302,1034549746.63,3.2605,1.5591,1,0,none,baostock,query_history_k_data_plus
002271,SZSE.002271,,SZ,A股-深交所,2023-01-03,33.45,33.48,32.75,33.43,33.57,22876771,758464211.66,-0.417,1.1518,1,0,none,baostock,query_history_k_data_plus
002271,SZSE.002271,,SZ,A股-深交所,2023-01-04,33.45,36.11,33.26,35.19,33.43,50017310,1754633792.28,5.2647,2.5182,1,0,none,baostock,query_history_k_data_plus
002271,SZSE.002271,,SZ,A股-深交所,2023-01-05,35.19,35.85,34.8,35.71,35.19,25362273,898731898.51,1.4777,1.2769,1,0,none,baostock,query_history_k_data_plus
002271,SZSE.002271,,SZ,A股-深交所,2023-01-06,35.7,36.55,35.7,36.08,35.71,26654128,963832976.87,1.0361,1.342,1,0,none,baostock,query_history_k_data_plus
002271,SZSE.002271,,SZ,A股-深交所,2023-01-09,35.86,36.37,35.54,35.82,36.08,14338497,513197697.25,-0.7206,0.7219,1,0,none,baostock,query_history_k_data_plus
002271,SZSE.002271,,SZ,A股-深交所,2023-01-10,35.8,36.48,35.56,36.01,35.82,18858667,679310520.39,0.5304,0.9495,1,0,none,baostock,query_history_k_data_plus
002271,SZSE.002271,,SZ,A股-深交所,2023-01-11,36.04,36.65,35.65,36.45,36.01,19071377,694486342.94,1.2219,0.9602,1,0,none,baostock,query_history_k_data_plus
002271,SZSE.002271,,SZ,A股-深交所,2023-01-12,36.21,36.55,35.75,36.25,36.45,11604382,420097383.32,-0.5487,0.5843,1,0,none,baostock,query_history_k_data_plus
002271,SZSE.002271,,SZ,A股-深交所,2023-01-13,36.26,38.65,36.01,38.03,36.25,32522076,1227170390.79,4.9103,1.6374,1,0,none,baostock,query_history_k_data_plus
002271,SZSE.002271,,SZ,A股-深交所,2023-01-16,38.1,38.65,37.5,38.41,38.03,26046377,997902418.26,0.9992,1.3114,1,0,none,baostock,query_history_k_data_plus
002271,SZSE.002271,,SZ,A股-深交所,2023-01-17,38.54,39.5,38.11,39.1,38.41,29177252,1139255123.0,1.7964,1.469,1,0,none,baostock,query_history_k_data_plus
002271,SZSE.002271,,SZ,A股-深交所,2023-01-18,38.98,39.5,37.79,38.4,39.1,24823253,953462957.28,-1.7903,1.2498,1,0,none,baostock,query_history_k_data_plus
002271,SZSE.002271,,SZ,A股-深交所,2023-01-19,38.57,38.7,37.82,38.29,38.4,13643338,522143418.4,-0.2865,0.6869,1,0,none,baostock,query_history_k_data_plus
002271,SZSE.002271,,SZ,A股-深交所,2023-01-20,38.35,38.49,38.0,38.14,38.29,11866131,453002733.28,-0.3917,0.5974,1,0,none,baostock,query_history_k_data_plus
002271,SZSE.002271,,SZ,A股-深交所,2023-01-30,38.71,39.0,37.16,37.67,38.14,22174184,837619628.79,-1.2323,1.1164,1,0,none,baostock,query_history_k_data_plus
002271,SZSE.002271,,SZ,A股-深交所,2023-01-31,37.39,37.87,36.75,37.12,37.67,19161692,713196060.82,-1.46,0.9647,1,0,none,baostock,query_history_k_data_plus
002271,SZSE.002271,,SZ,A股-深交所,2023-02-01,37.12,37.49,35.66,36.6,37.12,29306731,1062080744.63,-1.4009,1.4755,1,0,none,baostock,query_history_k_data_plus
002271,SZSE.002271,,SZ,A股-深交所,2023-02-02,36.7,37.34,36.18,37.08,36.6,21536054,793902662.12,1.3115,1.0843,1,0,none,baostock,query_history_k_data_plus
002271,SZSE.002271,,SZ,A股-深交所,2023-02-03,36.8,36.8,35.1,35.83,37.08,30597980,1089943405.84,-3.3711,1.5405,1,0,none,baostock,query_history_k_data_plus
002271,SZSE.002271,,SZ,A股-深交所,2023-02-06,35.25,35.83,34.81,34.84,35.83,19423521,682417417.72,-2.763,0.9779,1,0,none,baostock,query_history_k_data_plus
002271,SZSE.002271,,SZ,A股-深交所,2023-02-07,35.27,35.6,35.02,35.26,34.84,16219156,571925072.82,1.2055,0.8166,1,0,none,baostock,query_history_k_data_plus
002271,SZSE.002271,,SZ,A股-深交所,2023-02-08,35.27,35.38,34.68,34.96,35.26,12790139,447454463.8,-0.8508,0.644,1,0,none,baostock,query_history_k_data_plus
002271,SZSE.002271,,SZ,A股-深交所,2023-02-09,34.94,35.65,34.71,35.59,34.96,15668705,555187221.85,1.8021,0.7889,1,0,none,baostock,query_history_k_data_plus
002271,SZSE.002271,,SZ,A股-深交所,2023-02-10,35.46,35.58,34.92,35.13,35.59,9806711,344495765.66,-1.2925,0.4937,1,0,none,baostock,query_history_k_data_plus
002271,SZSE.002271,,SZ,A股-深交所,2023-02-13,35.5,37.18,35.0,37.0,35.13,35985755,1310568469.29,5.3231,1.8118,1,0,none,baostock,query_history_k_data_plus
002271,SZSE.002271,,SZ,A股-深交所,2023-02-14,36.95,37.05,36.24,36.73,37.0,17149247,627765884.64,-0.7297,0.8634,1,0,none,baostock,query_history_k_data_plus
002271,SZSE.002271,,SZ,A股-深交所,2023-02-15,36.93,36.99,35.18,35.28,36.73,30429610,1079568469.46,-3.9477,1.5321,1,0,none,baostock,query_history_k_data_plus
002271,SZSE.002271,,SZ,A股-深交所,2023-02-16,35.25,35.48,34.8,34.91,35.28,19819777,694449788.4,-1.0488,0.9979,1,0,none,baostock,query_history_k_data_plus
002271,SZSE.002271,,SZ,A股-深交所,2023-02-17,34.8,35.5,34.8,34.9,34.91,12249411,430717767.56,-0.0286,0.6167,1,0,none,baostock,query_history_k_data_plus
002271,SZSE.002271,,SZ,A股-深交所,2023-02-20,34.9,37.07,34.62,36.98,34.9,45873918,1680048852.3,5.9599,2.3096,1,0,none,baostock,query_history_k_data_plus
002271,SZSE.002271,,SZ,A股-深交所,2023-02-21,37.16,37.77,36.6,36.77,36.98,20908910,772925500.15,-0.5679,1.0527,1,0,none,baostock,query_history_k_data_plus
002271,SZSE.002271,,SZ,A股-深交所,2023-02-22,36.5,36.51,35.58,35.65,36.77,21657904,776764012.82,-3.046,1.0904,1,0,none,baostock,query_history_k_data_plus
002271,SZSE.002271,,SZ,A股-深交所,2023-02-23,35.65,36.26,35.28,35.45,35.65,14109131,503515734.11,-0.561,0.7104,1,0,none,baostock,query_history_k_data_plus
002271,SZSE.002271,,SZ,A股-深交所,2023-02-24,35.46,35.55,34.8,35.08,35.45,17633772,617185503.63,-1.0437,0.8878,1,0,none,baostock,query_history_k_data_plus
002271,SZSE.002271,,SZ,A股-深交所,2023-02-27,35.12,35.18,33.55,33.88,35.08,30653213,1044225960.49,-3.4208,1.5433,1,0,none,baostock,query_history_k_data_plus
002271,SZSE.002271,,SZ,A股-深交所,2023-02-28,33.89,34.58,33.89,34.42,33.88,15938339,547071405.43,1.5939,0.8025,1,0,none,baostock,query_history_k_data_plus
002271,SZSE.002271,,SZ,A股-深交所,2023-03-01,35.11,36.24,34.73,36.11,34.42,34869112,1244291674.63,4.9099,1.7556,1,0,none,baostock,query_history_k_data_plus
002271,SZSE.002271,,SZ,A股-深交所,2023-03-02,36.36,37.4,35.88,36.66,36.11,40169483,1481037954.07,1.5231,2.0224,1,0,none,baostock,query_history_k_data_plus
002271,SZSE.002271,,SZ,A股-深交所,2023-03-03,36.7,37.1,36.13,36.67,36.66,18494406,677529257.73,0.0273,0.9311,1,0,none,baostock,query_history_k_data_plus
002271,SZSE.002271,,SZ,A股-深交所,2023-03-06,37.03,37.25,35.55,35.92,36.67,21858170,788929134.82,-2.0453,1.1005,1,0,none,baostock,query_history_k_data_plus
002271,SZSE.002271,,SZ,A股-深交所,2023-03-07,35.92,36.79,35.1,35.19,35.92,16286793,582062679.64,-2.0323,0.82,1,0,none,baostock,query_history_k_data_plus
002271,SZSE.002271,,SZ,A股-深交所,2023-03-08,34.91,35.0,33.87,34.22,35.19,28863093,986329980.62,-2.7565,1.4532,1,0,none,baostock,query_history_k_data_plus
002271,SZSE.002271,,SZ,A股-深交所,2023-03-09,34.0,34.73,33.66,34.0,34.22,18848622,640901598.41,-0.6429,0.949,1,0,none,baostock,query_history_k_data_plus
002271,SZSE.002271,,SZ,A股-深交所,2023-03-10,33.67,33.67,32.2,32.66,34.0,34584090,1133334825.94,-3.9412,1.7412,1,0,none,baostock,query_history_k_data_plus
002271,SZSE.002271,,SZ,A股-深交所,2023-03-13,32.66,34.2,32.57,33.89,32.66,24327973,820246271.13,3.7661,1.2249,1,0,none,baostock,query_history_k_data_plus
002271,SZSE.002271,,SZ,A股-深交所,2023-03-14,33.8,33.94,33.13,33.47,33.89,15002005,502025930.07,-1.2393,0.7553,1,0,none,baostock,query_history_k_data_plus
002271,SZSE.002271,,SZ,A股-深交所,2023-03-15,33.63,34.05,33.35,33.51,33.47,9919690,333016096.65,0.1195,0.4994,1,0,none,baostock,query_history_k_data_plus
002271,SZSE.002271,,SZ,A股-深交所,2023-03-16,33.2,33.26,31.57,31.7,33.51,29507269,949753461.32,-5.4014,1.4856,1,0,none,baostock,query_history_k_data_plus
002271,SZSE.002271,,SZ,A股-深交所,2023-03-17,32.01,32.86,32.01,32.61,31.7,22442989,729314736.6,2.8707,1.1299,1,0,none,baostock,query_history_k_data_plus
002271,SZSE.002271,,SZ,A股-深交所,2023-03-20,32.83,33.08,32.4,32.5,32.61,12793254,417674248.28,-0.3373,0.6441,1,0,none,baostock,query_history_k_data_plus
002271,SZSE.002271,,SZ,A股-深交所,2023-03-21,32.53,33.84,32.28,33.42,32.5,20270097,676652330.35,2.8308,1.0205,1,0,none,baostock,query_history_k_data_plus
002271,SZSE.002271,,SZ,A股-深交所,2023-03-22,33.63,34.45,33.47,34.08,33.42,17561585,598937854.38,1.9749,0.8842,1,0,none,baostock,query_history_k_data_plus
002271,SZSE.002271,,SZ,A股-深交所,2023-03-23,33.8,34.29,33.53,33.92,34.08,10339887,351471071.92,-0.4695,0.5206,1,0,none,baostock,query_history_k_data_plus
002271,SZSE.002271,,SZ,A股-深交所,2023-03-24,33.9,33.99,33.01,33.29,33.92,14703666,490517338.61,-1.8573,0.7403,1,0,none,baostock,query_history_k_data_plus
002271,SZSE.002271,,SZ,A股-深交所,2023-03-27,32.95,33.01,31.87,32.46,33.29,19733201,636885261.78,-2.4932,0.9935,1,0,none,baostock,query_history_k_data_plus
002271,SZSE.002271,,SZ,A股-深交所,2023-03-28,32.55,33.18,31.98,32.71,32.46,13907488,452334397.77,0.7702,0.7002,1,0,none,baostock,query_history_k_data_plus
002271,SZSE.002271,,SZ,A股-深交所,2023-03-29,32.7,32.93,32.43,32.53,32.71,10211272,333455146.15,-0.5503,0.5141,1,0,none,baostock,query_history_k_data_plus
002271,SZSE.002271,,SZ,A股-深交所,2023-03-30,32.53,34.2,32.23,34.07,32.53,29582810,991745099.88,4.7341,1.4894,1,0,none,baostock,query_history_k_data_plus
002271,SZSE.002271,,SZ,A股-深交所,2023-03-31,34.09,35.35,33.48,33.48,34.07,30894831,1064973880.51,-1.7317,1.5555,1,0,none,baostock,query_history_k_data_plus
002271,SZSE.002271,,SZ,A股-深交所,2023-04-03,34.01,35.38,33.38,35.01,33.48,35397719,1229902610.26,4.5699,1.7822,1,0,none,baostock,query_history_k_data_plus
002271,SZSE.002271,,SZ,A股-深交所,2023-04-04,34.69,35.11,34.34,34.65,35.01,15109678,523577510.85,-1.0283,0.7607,1,0,none,baostock,query_history_k_data_plus
002271,SZSE.002271,,SZ,A股-深交所,2023-04-06,34.63,35.39,34.3,35.07,34.65,15856190,554620473.97,1.2121,0.7983,1,0,none,baostock,query_history_k_data_plus
002271,SZSE.002271,,SZ,A股-深交所,2023-04-07,34.97,36.58,34.79,36.01,35.07,25095967,903953727.24,2.6804,1.2635,1,0,none,baostock,query_history_k_data_plus
002271,SZSE.002271,,SZ,A股-深交所,2023-04-10,36.01,36.3,35.35,35.6,36.01,12987987,463910133.08,-1.1386,0.6539,1,0,none,baostock,query_history_k_data_plus
002271,SZSE.002271,,SZ,A股-深交所,2023-04-11,35.61,35.85,34.67,34.94,35.6,16633950,582750879.49,-1.8539,0.8375,1,0,none,baostock,query_history_k_data_plus
002271,SZSE.002271,,SZ,A股-深交所,2023-04-12,35.0,35.5,34.15,34.46,34.94,15020518,520993264.83,-1.3738,0.7562,1,0,none,baostock,query_history_k_data_plus
002271,SZSE.002271,,SZ,A股-深交所,2023-04-13,33.5,33.77,32.01,32.97,34.46,44671368,1469973001.15,-4.3239,2.2491,1,0,none,baostock,query_history_k_data_plus
002271,SZSE.002271,,SZ,A股-深交所,2023-04-14,32.94,33.73,32.5,32.83,32.97,19797083,653557819.78,-0.4246,0.9967,1,0,none,baostock,query_history_k_data_plus
002271,SZSE.002271,,SZ,A股-深交所,2023-04-17,33.5,33.92,32.88,33.1,32.83,26255409,873810439.98,0.8224,1.3219,1,0,none,baostock,query_history_k_data_plus
002271,SZSE.002271,,SZ,A股-深交所,2023-04-18,33.34,33.38,32.75,32.84,33.1,19782091,652544508.41,-0.7855,0.996,1,0,none,baostock,query_history_k_data_plus
002271,SZSE.002271,,SZ,A股-深交所,2023-04-19,32.76,32.8,31.2,31.55,32.84,39835068,1261049747.89,-3.9281,2.0056,1,0,none,baostock,query_history_k_data_plus
002271,SZSE.002271,,SZ,A股-深交所,2023-04-20,31.41,31.49,30.6,30.97,31.55,25950021,800863324.19,-1.8384,1.3065,1,0,none,baostock,query_history_k_data_plus
002271,SZSE.002271,,SZ,A股-深交所,2023-04-21,31.24,32.19,31.05,31.63,30.97,24345193,771920555.83,2.1311,1.2257,1,0,none,baostock,query_history_k_data_plus
002271,SZSE.002271,,SZ,A股-深交所,2023-04-24,31.61,31.64,29.2,29.49,31.63,46952204,1403681120.34,-6.7657,2.3639,1,0,none,baostock,query_history_k_data_plus
002271,SZSE.002271,,SZ,A股-深交所,2023-04-25,29.0,29.74,28.14,28.73,29.49,40422034,1153792666.35,-2.5771,2.0351,1,0,none,baostock,query_history_k_data_plus
002271,SZSE.002271,,SZ,A股-深交所,2023-04-26,28.85,30.1,28.84,29.07,28.73,34781219,1028814433.25,1.1834,1.7511,1,0,none,baostock,query_history_k_data_plus
002271,SZSE.002271,,SZ,A股-深交所,2023-04-27,29.0,30.3,28.63,30.17,29.07,25365757,758587192.42,3.784,1.2771,1,0,none,baostock,query_history_k_data_plus
002271,SZSE.002271,,SZ,A股-深交所,2023-04-28,30.0,30.49,29.38,29.67,30.17,18897943,560689480.93,-1.6573,0.9515,1,0,none,baostock,query_history_k_data_plus
002271,SZSE.002271,,SZ,A股-深交所,2023-05-04,29.44,30.0,29.03,29.62,29.67,17994184,531366088.46,-0.1685,0.906,1,0,none,baostock,query_history_k_data_plus
002271,SZSE.002271,,SZ,A股-深交所,2023-05-05,29.77,30.05,29.11,29.95,29.62,13724156,406794995.54,1.1141,0.691,1,0,none,baostock,query_history_k_data_plus
002271,SZSE.002271,,SZ,A股-深交所,2023-05-08,29.89,29.95,28.91,29.04,29.95,18830371,549689347.44,-3.0384,0.9481,1,0,none,baostock,query_history_k_data_plus
002271,SZSE.002271,,SZ,A股-深交所,2023-05-09,29.05,29.38,28.55,28.73,29.04,17963227,519242887.12,-1.0675,0.9044,1,0,none,baostock,query_history_k_data_plus
002271,SZSE.002271,,SZ,A股-深交所,2023-05-10,28.73,28.91,28.24,28.81,28.73,11818073,338380626.25,0.2785,0.595,1,0,none,baostock,query_history_k_data_plus
002271,SZSE.002271,,SZ,A股-深交所,2023-05-11,28.81,29.43,28.62,29.12,28.81,13082409,380482782.46,1.076,0.6587,1,0,none,baostock,query_history_k_data_plus
002271,SZSE.002271,,SZ,A股-深交所,2023-05-12,29.05,29.48,27.78,27.92,29.12,28407625,803128707.38,-4.1209,1.4303,1,0,none,baostock,query_history_k_data_plus
002271,SZSE.002271,,SZ,A股-深交所,2023-05-15,28.0,28.18,27.48,27.83,27.92,20101468,557464901.34,-0.3223,1.0121,1,0,none,baostock,query_history_k_data_plus
002271,SZSE.002271,,SZ,A股-深交所,2023-05-16,27.94,28.08,27.47,27.48,27.83,15864265,439147708.13,-1.2576,0.7987,1,0,none,baostock,query_history_k_data_plus
002271,SZSE.002271,,SZ,A股-深交所,2023-05-17,27.5,27.7,27.17,27.35,27.48,12580715,344793281.6,-0.4731,0.6334,1,0,none,baostock,query_history_k_data_plus
002271,SZSE.002271,,SZ,A股-深交所,2023-05-18,27.35,27.46,26.5,26.69,27.35,25142911,673074527.81,-2.4132,1.2659,1,0,none,baostock,query_history_k_data_plus
002271,SZSE.002271,,SZ,A股-深交所,2023-05-19,26.69,27.12,26.18,27.0,26.59,16263103,434863273.81,1.5419,0.8188,1,0,none,baostock,query_history_k_data_plus
002271,SZSE.002271,,SZ,A股-深交所,2023-05-22,26.86,26.94,26.38,26.7,27.0,15627617,416690684.86,-1.1111,0.7868,1,0,none,baostock,query_history_k_data_plus
002271,SZSE.002271,,SZ,A股-深交所,2023-05-23,26.7,27.59,26.5,26.81,26.7,23512302,636200498.25,0.412,1.1838,1,0,none,baostock,query_history_k_data_plus
002271,SZSE.002271,,SZ,A股-深交所,2023-05-24,26.7,26.89,26.4,26.45,26.81,16713243,444244349.65,-1.3428,0.8415,1,0,none,baostock,query_history_k_data_plus
002271,SZSE.002271,,SZ,A股-深交所,2023-05-25,26.31,26.59,25.85,26.01,26.45,20505414,534429246.82,-1.6635,1.0324,1,0,none,baostock,query_history_k_data_plus
002271,SZSE.002271,,SZ,A股-深交所,2023-05-26,26.27,26.56,25.9,26.42,26.01,15643860,410562228.45,1.5763,0.7876,1,0,none,baostock,query_history_k_data_plus
002271,SZSE.002271,,SZ,A股-深交所,2023-05-29,26.49,27.19,26.17,26.2,26.42,28230400,751514016.63,-0.8327,1.4213,1,0,none,baostock,query_history_k_data_plus
002271,SZSE.002271,,SZ,A股-深交所,2023-05-30,26.1,26.67,25.71,26.53,26.2,19677260,515509044.71,1.2595,0.9907,1,0,none,baostock,query_history_k_data_plus
002271,SZSE.002271,,SZ,A股-深交所,2023-05-31,26.51,26.95,26.15,26.23,26.53,17758009,470188811.81,-1.1308,0.8941,1,0,none,baostock,query_history_k_data_plus
002271,SZSE.002271,,SZ,A股-深交所,2023-06-01,26.21,26.21,25.44,25.78,26.23,20534146,529591587.08,-1.7156,1.0338,1,0,none,baostock,query_history_k_data_plus
002271,SZSE.002271,,SZ,A股-深交所,2023-06-02,25.78,28.16,25.76,27.9,25.78,65245794,1785719237.63,8.2234,3.285,1,0,none,baostock,query_history_k_data_plus
002271,SZSE.002271,,SZ,A股-深交所,2023-06-05,27.36,28.12,27.22,27.86,27.9,30083891,833905088.19,-0.1434,1.5146,1,0,none,baostock,query_history_k_data_plus
002271,SZSE.002271,,SZ,A股-深交所,2023-06-06,27.9,29.76,27.72,28.64,27.86,56861498,1646031051.8,2.7997,2.8628,1,0,none,baostock,query_history_k_data_plus
002271,SZSE.002271,,SZ,A股-深交所,2023-06-07,28.9,29.49,28.38,28.5,28.64,32640916,945163308.94,-0.4888,1.6434,1,0,none,baostock,query_history_k_data_plus
002271,SZSE.002271,,SZ,A股-深交所,2023-06-08,28.52,29.5,28.25,29.29,28.5,37973560,1103340064.3,2.7719,1.9119,1,0,none,baostock,query_history_k_data_plus
002271,SZSE.002271,,SZ,A股-深交所,2023-06-09,29.0,29.62,28.75,28.84,29.29,31528655,918240985.9,-1.5364,1.5874,1,0,none,baostock,query_history_k_data_plus
002271,SZSE.002271,,SZ,A股-深交所,2023-06-12,28.75,30.35,28.44,29.9,28.84,49246067,1459751772.58,3.6755,2.4794,1,0,none,baostock,query_history_k_data_plus
002271,SZSE.002271,,SZ,A股-深交所,2023-06-13,29.9,30.41,29.14,29.59,29.9,32330148,959318166.47,-1.0368,1.6277,1,0,none,baostock,query_history_k_data_plus
002271,SZSE.002271,,SZ,A股-深交所,2023-06-14,29.59,30.0,29.29,29.59,29.59,25420547,753583271.56,0.0,1.2799,1,0,none,baostock,query_history_k_data_plus
002271,SZSE.002271,,SZ,A股-深交所,2023-06-15,29.59,30.72,29.16,30.25,29.59,39085605,1177659451.14,2.2305,1.9679,1,0,none,baostock,query_history_k_data_plus
002271,SZSE.002271,,SZ,A股-深交所,2023-06-16,30.29,30.51,29.9,30.09,30.25,26160132,787984550.17,-0.5289,1.3171,1,0,none,baostock,query_history_k_data_plus
002271,SZSE.002271,,SZ,A股-深交所,2023-06-19,30.09,30.09,28.94,29.3,30.09,35611838,1044516627.48,-2.6255,1.793,1,0,none,baostock,query_history_k_data_plus
002271,SZSE.002271,,SZ,A股-深交所,2023-06-20,29.35,29.4,27.29,27.7,29.3,61979856,1726935765.24,-5.4608,3.1205,1,0,none,baostock,query_history_k_data_plus
002271,SZSE.002271,,SZ,A股-深交所,2023-06-21,27.74,27.82,27.18,27.24,27.7,20010400,549369317.93,-1.6606,1.0075,1,0,none,baostock,query_history_k_data_plus
002271,SZSE.002271,,SZ,A股-深交所,2023-06-26,27.0,27.11,26.41,26.56,27.24,26051364,693037200.58,-2.4963,1.3116,1,0,none,baostock,query_history_k_data_plus
002271,SZSE.002271,,SZ,A股-深交所,2023-06-27,26.72,28.88,26.72,28.68,26.56,47074061,1322261103.64,7.9819,2.3701,1,0,none,baostock,query_history_k_data_plus
002271,SZSE.002271,,SZ,A股-深交所,2023-06-28,28.7,29.15,27.96,28.31,28.68,23147177,654859863.92,-1.2901,1.1654,1,0,none,baostock,query_history_k_data_plus
002271,SZSE.002271,,SZ,A股-深交所,2023-06-29,28.21,28.21,27.56,27.65,28.31,15680513,435275182.3,-2.3313,0.7895,1,0,none,baostock,query_history_k_data_plus
002271,SZSE.002271,,SZ,A股-深交所,2023-06-30,27.73,28.0,27.17,27.26,27.65,20226044,554771829.14,-1.4105,1.0136,1,0,none,baostock,query_history_k_data_plus
002271,SZSE.002271,,SZ,A股-深交所,2023-07-03,27.3,27.78,27.13,27.23,27.26,24921226,682068551.43,-0.1101,1.2547,1,0,none,baostock,query_history_k_data_plus
002271,SZSE.002271,,SZ,A股-深交所,2023-07-04,27.23,27.24,26.8,27.14,27.23,15711111,424840258.87,-0.3305,0.791,1,0,none,baostock,query_history_k_data_plus
002271,SZSE.002271,,SZ,A股-深交所,2023-07-05,27.17,27.22,26.18,26.31,27.14,37402448,987172055.33,-3.0582,1.8831,1,0,none,baostock,query_history_k_data_plus
002271,SZSE.002271,,SZ,A股-深交所,2023-07-06,26.3,26.99,26.06,26.45,26.31,36282920,956651770.06,0.5321,1.8268,1,0,none,baostock,query_history_k_data_plus
002271,SZSE.002271,,SZ,A股-深交所,2023-07-07,26.28,26.37,25.74,26.01,26.45,26172301,680775487.65,-1.6635,1.3177,1,0,none,baostock,query_history_k_data_plus
002271,SZSE.002271,,SZ,A股-深交所,2023-07-10,26.13,26.6,26.0,26.06,26.01,24430682,641640417.38,0.1922,1.23,1,0,none,baostock,query_history_k_data_plus
002271,SZSE.002271,,SZ,A股-深交所,2023-07-11,26.31,26.68,26.15,26.27,26.06,30793699,813162197.88,0.8058,1.5504,1,0,none,baostock,query_history_k_data_plus
002271,SZSE.002271,,SZ,A股-深交所,2023-07-12,26.25,26.42,25.82,25.89,26.27,23617087,614825912.68,-1.4465,1.1891,1,0,none,baostock,query_history_k_data_plus
002271,SZSE.002271,,SZ,A股-深交所,2023-07-13,26.0,26.47,26.0,26.47,25.89,31615530,832095623.91,2.2402,1.5918,1,0,none,baostock,query_history_k_data_plus
002271,SZSE.002271,,SZ,A股-深交所,2023-07-14,26.5,26.78,26.26,26.62,26.47,25123270,667395345.32,0.5667,1.2649,1,0,none,baostock,query_history_k_data_plus
002271,SZSE.002271,,SZ,A股-深交所,2023-07-17,26.55,26.55,26.01,26.29,26.62,13844692,362283238.67,-1.2397,0.697,1,0,none,baostock,query_history_k_data_plus
002271,SZSE.002271,,SZ,A股-深交所,2023-07-18,26.3,26.46,25.82,26.05,26.29,23386409,609789670.1,-0.9129,1.1774,1,0,none,baostock,query_history_k_data_plus
002271,SZSE.002271,,SZ,A股-深交所,2023-07-19,25.91,27.24,25.9,27.14,26.05,47806828,1279620936.02,4.1843,2.407,1,0,none,baostock,query_history_k_data_plus
002271,SZSE.002271,,SZ,A股-深交所,2023-07-20,27.14,28.3,27.14,27.61,27.14,63129893,1760402834.46,1.7318,3.1784,1,0,none,baostock,query_history_k_data_plus
002271,SZSE.002271,,SZ,A股-深交所,2023-07-21,27.6,27.77,27.13,27.59,27.61,29677061,817935398.83,-0.0724,1.4942,1,0,none,baostock,query_history_k_data_plus
002271,SZSE.002271,,SZ,A股-深交所,2023-07-24,28.02,28.2,26.1,26.48,27.59,49628801,1324690652.93,-4.0232,2.4987,1,0,none,baostock,query_history_k_data_plus
002271,SZSE.002271,,SZ,A股-深交所,2023-07-25,28.0,29.13,27.99,29.13,26.48,88640496,2567430494.91,10.0076,4.4628,1,0,none,baostock,query_history_k_data_plus
002271,SZSE.002271,,SZ,A股-深交所,2023-07-26,29.23,29.92,28.94,29.66,29.13,103633487,3066930232.38,1.8194,5.2177,1,0,none,baostock,query_history_k_data_plus
002271,SZSE.002271,,SZ,A股-深交所,2023-07-27,29.34,29.95,29.03,29.4,29.66,44081578,1301472537.8,-0.8766,2.2194,1,0,none,baostock,query_history_k_data_plus
002271,SZSE.002271,,SZ,A股-深交所,2023-07-28,29.75,30.71,29.5,30.51,29.4,56575442,1710220341.27,3.7755,2.8484,1,0,none,baostock,query_history_k_data_plus
002271,SZSE.002271,,SZ,A股-深交所,2023-07-31,31.45,32.11,30.34,30.85,30.51,64689109,2011533462.16,1.1144,3.2569,1,0,none,baostock,query_history_k_data_plus
002271,SZSE.002271,,SZ,A股-深交所,2023-08-01,30.7,31.09,30.08,30.2,30.85,38877162,1182111293.15,-2.107,1.9574,1,0,none,baostock,query_history_k_data_plus
002271,SZSE.002271,,SZ,A股-深交所,2023-08-02,30.09,31.1,30.01,30.41,30.2,30994761,944808021.21,0.6954,1.5605,1,0,none,baostock,query_history_k_data_plus
002271,SZSE.002271,,SZ,A股-深交所,2023-08-03,30.2,31.03,30.07,30.91,30.41,26407106,809305071.29,1.6442,1.3295,1,0,none,baostock,query_history_k_data_plus
002271,SZSE.002271,,SZ,A股-深交所,2023-08-04,31.43,32.18,30.72,30.91,30.91,34087714,1068338366.56,0.0,1.7162,1,0,none,baostock,query_history_k_data_plus
002271,SZSE.002271,,SZ,A股-深交所,2023-08-07,30.62,30.65,29.56,30.02,30.91,40368249,1207651043.71,-2.8793,2.0324,1,0,none,baostock,query_history_k_data_plus
002271,SZSE.002271,,SZ,A股-深交所,2023-08-08,30.0,30.22,29.7,29.74,30.02,19888279,595931348.05,-0.9327,1.0013,1,0,none,baostock,query_history_k_data_plus
002271,SZSE.002271,,SZ,A股-深交所,2023-08-09,29.94,30.31,29.58,29.83,29.74,21674980,648881502.65,0.3026,1.0913,1,0,none,baostock,query_history_k_data_plus
002271,SZSE.002271,,SZ,A股-深交所,2023-08-10,29.7,30.24,29.36,29.7,29.83,23467435,695143124.88,-0.4358,1.176,1,0,none,baostock,query_history_k_data_plus
002271,SZSE.002271,,SZ,A股-深交所,2023-08-11,29.71,30.1,28.56,28.83,29.7,34167146,993702720.48,-2.9293,1.7122,1,0,none,baostock,query_history_k_data_plus
002271,SZSE.002271,,SZ,A股-深交所,2023-08-14,28.02,29.13,27.56,28.65,28.83,25064704,711297084.78,-0.6243,1.2561,1,0,none,baostock,query_history_k_data_plus
002271,SZSE.002271,,SZ,A股-深交所,2023-08-15,28.75,29.0,28.16,28.93,28.65,23813851,681386300.69,0.9773,1.1934,1,0,none,baostock,query_history_k_data_plus
002271,SZSE.002271,,SZ,A股-深交所,2023-08-16,28.72,30.4,28.5,29.44,28.93,33453819,988335040.0,1.7629,1.6765,1,0,none,baostock,query_history_k_data_plus
002271,SZSE.002271,,SZ,A股-深交所,2023-08-17,29.1,29.5,28.7,29.25,29.44,20426271,593929274.0,-0.6454,1.0236,1,0,none,baostock,query_history_k_data_plus
002271,SZSE.002271,,SZ,A股-深交所,2023-08-18,29.25,29.79,28.87,28.9,29.25,19783814,578832180.95,-1.1966,0.9914,1,0,none,baostock,query_history_k_data_plus
002271,SZSE.002271,,SZ,A股-深交所,2023-08-21,28.78,29.39,28.49,28.56,28.9,22099897,636793087.22,-1.1765,1.1075,1,0,none,baostock,query_history_k_data_plus
002271,SZSE.002271,,SZ,A股-深交所,2023-08-22,28.48,28.83,28.21,28.73,28.56,23743894,677554735.98,0.5952,1.1899,1,0,none,baostock,query_history_k_data_plus
002271,SZSE.002271,,SZ,A股-深交所,2023-08-23,28.75,28.75,27.91,28.01,28.73,15817095,445987353.65,-2.5061,0.7926,1,0,none,baostock,query_history_k_data_plus
002271,SZSE.002271,,SZ,A股-深交所,2023-08-24,28.05,28.15,27.43,27.6,28.01,18069179,501252537.76,-1.4638,0.9055,1,0,none,baostock,query_history_k_data_plus
002271,SZSE.002271,,SZ,A股-深交所,2023-08-25,27.47,28.8,27.25,27.97,27.6,25344749,704757822.53,1.3406,1.2701,1,0,none,baostock,query_history_k_data_plus
002271,SZSE.002271,,SZ,A股-深交所,2023-08-28,30.29,30.58,28.5,29.27,27.97,51661783,1517139446.92,4.6478,2.5889,1,0,none,baostock,query_history_k_data_plus
002271,SZSE.002271,,SZ,A股-深交所,2023-08-29,28.95,29.81,28.59,29.55,29.27,36745373,1076358514.94,0.9566,1.8414,1,0,none,baostock,query_history_k_data_plus
002271,SZSE.002271,,SZ,A股-深交所,2023-08-30,29.32,30.4,29.03,30.12,29.55,41251602,1237476408.73,1.9289,2.0672,1,0,none,baostock,query_history_k_data_plus
002271,SZSE.002271,,SZ,A股-深交所,2023-08-31,30.0,30.22,28.65,28.72,30.12,41808793,1216781634.74,-4.6481,2.0952,1,0,none,baostock,query_history_k_data_plus
002271,SZSE.002271,,SZ,A股-深交所,2023-09-01,29.04,30.25,29.03,29.4,28.72,37552257,1113648861.78,2.3677,1.8819,1,0,none,baostock,query_history_k_data_plus
002271,SZSE.002271,,SZ,A股-深交所,2023-09-04,30.2,30.75,30.06,30.17,29.4,53412373,1625052155.15,2.619,2.6766,1,0,none,baostock,query_history_k_data_plus
002271,SZSE.002271,,SZ,A股-深交所,2023-09-05,30.1,30.42,29.77,30.3,30.17,32248916,971832313.75,0.4309,1.6161,1,0,none,baostock,query_history_k_data_plus
002271,SZSE.002271,,SZ,A股-深交所,2023-09-06,30.0,30.15,29.5,29.96,30.3,22084711,657919391.92,-1.1221,1.1067,1,0,none,baostock,query_history_k_data_plus
002271,SZSE.002271,,SZ,A股-深交所,2023-09-07,29.9,30.35,29.42,29.67,29.96,20820365,625039262.56,-0.968,1.0434,1,0,none,baostock,query_history_k_data_plus
002271,SZSE.002271,,SZ,A股-深交所,2023-09-08,29.62,29.67,28.99,29.35,29.67,14283311,417634061.85,-1.0785,0.7158,1,0,none,baostock,query_history_k_data_plus
002271,SZSE.002271,,SZ,A股-深交所,2023-09-11,29.17,29.3,28.53,28.93,29.35,27150262,784675469.83,-1.431,1.3606,1,0,none,baostock,query_history_k_data_plus
002271,SZSE.002271,,SZ,A股-深交所,2023-09-12,28.9,28.9,28.39,28.5,28.93,19465715,555243872.1,-1.4863,0.9755,1,0,none,baostock,query_history_k_data_plus
002271,SZSE.002271,,SZ,A股-深交所,2023-09-13,28.42,28.64,28.01,28.2,28.5,13934012,393980110.53,-1.0526,0.6983,1,0,none,baostock,query_history_k_data_plus
002271,SZSE.002271,,SZ,A股-深交所,2023-09-14,28.18,28.28,27.5,27.76,28.2,19425567,539015747.31,-1.5603,0.9735,1,0,none,baostock,query_history_k_data_plus
002271,SZSE.002271,,SZ,A股-深交所,2023-09-15,27.84,27.95,27.22,27.4,27.76,16416570,451568953.15,-1.2968,0.8227,1,0,none,baostock,query_history_k_data_plus
002271,SZSE.002271,,SZ,A股-深交所,2023-09-18,27.42,27.6,26.95,27.14,27.4,19192958,522588410.46,-0.9489,0.9618,1,0,none,baostock,query_history_k_data_plus
002271,SZSE.002271,,SZ,A股-深交所,2023-09-19,27.2,27.47,26.98,27.13,27.14,16625157,451669852.94,-0.0368,0.8331,1,0,none,baostock,query_history_k_data_plus
002271,SZSE.002271,,SZ,A股-深交所,2023-09-20,27.18,27.53,26.8,27.31,27.13,21147996,575547990.48,0.6635,1.0598,1,0,none,baostock,query_history_k_data_plus
002271,SZSE.002271,,SZ,A股-深交所,2023-09-21,27.28,28.36,27.24,27.54,27.31,29993953,834410782.47,0.8422,1.5031,1,0,none,baostock,query_history_k_data_plus
002271,SZSE.002271,,SZ,A股-深交所,2023-09-22,27.37,27.73,27.16,27.68,27.54,17406742,478636326.24,0.5084,0.8723,1,0,none,baostock,query_history_k_data_plus
002271,SZSE.002271,,SZ,A股-深交所,2023-09-25,27.62,27.69,27.25,27.29,27.68,11165640,306148488.37,-1.409,0.5595,1,0,none,baostock,query_history_k_data_plus
002271,SZSE.002271,,SZ,A股-深交所,2023-09-26,27.29,27.6,26.75,26.82,27.29,16271756,439209479.4,-1.7222,0.8154,1,0,none,baostock,query_history_k_data_plus
002271,SZSE.002271,,SZ,A股-深交所,2023-09-27,26.7,27.25,26.62,26.86,26.82,18510784,497493135.65,0.1491,0.9276,1,0,none,baostock,query_history_k_data_plus
002271,SZSE.002271,,SZ,A股-深交所,2023-09-28,26.93,26.95,26.63,26.68,26.86,14167712,378350728.51,-0.6701,0.71,1,0,none,baostock,query_history_k_data_plus
002271,SZSE.002271,,SZ,A股-深交所,2023-10-09,26.58,26.58,25.5,25.76,26.68,35702507,920842130.68,-3.4483,1.7892,1,0,none,baostock,query_history_k_data_plus
002271,SZSE.002271,,SZ,A股-深交所,2023-10-10,25.9,25.94,25.06,25.16,25.76,31994594,810845412.5,-2.3292,1.6033,1,0,none,baostock,query_history_k_data_plus
002271,SZSE.002271,,SZ,A股-深交所,2023-10-11,25.22,25.37,24.56,24.95,25.16,32955360,820165725.56,-0.8347,1.6515,1,0,none,baostock,query_history_k_data_plus
002271,SZSE.002271,,SZ,A股-深交所,2023-10-12,25.0,25.53,24.85,25.28,24.95,30727905,776343007.71,1.3226,1.5399,1,0,none,baostock,query_history_k_data_plus
002271,SZSE.002271,,SZ,A股-深交所,2023-10-13,25.2,25.45,24.6,24.77,25.28,22519739,560040677.05,-2.0174,1.1285,1,0,none,baostock,query_history_k_data_plus
002271,SZSE.002271,,SZ,A股-深交所,2023-10-16,24.77,24.89,24.05,24.12,24.77,30870765,750612758.87,-2.6241,1.547,1,0,none,baostock,query_history_k_data_plus
002271,SZSE.002271,,SZ,A股-深交所,2023-10-17,24.64,24.7,24.2,24.48,24.12,17266000,422034345.12,1.4925,0.8652,1,0,none,baostock,query_history_k_data_plus
002271,SZSE.002271,,SZ,A股-深交所,2023-10-18,24.68,24.73,24.1,24.38,24.48,21024392,512484129.71,-0.4085,1.0536,1,0,none,baostock,query_history_k_data_plus
002271,SZSE.002271,,SZ,A股-深交所,2023-10-19,24.13,24.5,23.84,24.0,24.38,24522598,593417715.69,-1.5587,1.2289,1,0,none,baostock,query_history_k_data_plus
002271,SZSE.002271,,SZ,A股-深交所,2023-10-20,23.8,24.18,23.68,23.93,24.0,31006837,741385115.74,-0.2917,1.5538,1,0,none,baostock,query_history_k_data_plus
002271,SZSE.002271,,SZ,A股-深交所,2023-10-23,23.78,23.88,23.17,23.48,23.93,20931641,490926631.64,-1.8805,1.0489,1,0,none,baostock,query_history_k_data_plus
002271,SZSE.002271,,SZ,A股-深交所,2023-10-24,23.6,23.68,23.06,23.26,23.48,34082398,794861823.5,-0.937,1.708,1,0,none,baostock,query_history_k_data_plus
002271,SZSE.002271,,SZ,A股-深交所,2023-10-25,24.7,25.49,24.67,24.71,23.26,71984142,1798750762.2,6.2339,3.6073,1,0,none,baostock,query_history_k_data_plus
002271,SZSE.002271,,SZ,A股-深交所,2023-10-26,24.5,24.62,23.74,24.38,24.71,36255767,874908701.92,-1.3355,1.8169,1,0,none,baostock,query_history_k_data_plus
002271,SZSE.002271,,SZ,A股-深交所,2023-10-27,24.03,25.27,24.02,25.2,24.38,36609975,911865345.97,3.3634,1.8346,1,0,none,baostock,query_history_k_data_plus
002271,SZSE.002271,,SZ,A股-深交所,2023-10-30,24.97,25.3,24.92,25.1,25.2,27851962,698285570.12,-0.3968,1.3957,1,0,none,baostock,query_history_k_data_plus
002271,SZSE.002271,,SZ,A股-深交所,2023-10-31,25.01,25.09,24.6,24.96,25.1,18884274,468810505.47,-0.5578,0.9463,1,0,none,baostock,query_history_k_data_plus
002271,SZSE.002271,,SZ,A股-深交所,2023-11-01,25.07,25.1,24.21,24.29,24.96,26985374,658750773.01,-2.6843,1.3523,1,0,none,baostock,query_history_k_data_plus
002271,SZSE.002271,,SZ,A股-深交所,2023-11-02,24.28,24.37,23.75,23.77,24.29,22886727,547967972.58,-2.1408,1.1469,1,0,none,baostock,query_history_k_data_plus
002271,SZSE.002271,,SZ,A股-深交所,2023-11-03,23.64,23.99,23.64,23.77,23.77,27572118,655800543.21,0.0,1.3817,1,0,none,baostock,query_history_k_data_plus
002271,SZSE.002271,,SZ,A股-深交所,2023-11-06,23.89,24.75,23.69,24.7,23.77,52722918,1280282708.41,3.9125,2.6421,1,0,none,baostock,query_history_k_data_plus
002271,SZSE.002271,,SZ,A股-深交所,2023-11-07,24.49,24.64,24.22,24.52,24.7,19466021,475207766.75,-0.7287,0.9755,1,0,none,baostock,query_history_k_data_plus
002271,SZSE.002271,,SZ,A股-深交所,2023-11-08,24.46,24.85,24.24,24.43,24.52,24528909,601886517.67,-0.367,1.2292,1,0,none,baostock,query_history_k_data_plus
002271,SZSE.002271,,SZ,A股-深交所,2023-11-09,24.5,24.73,24.35,24.56,24.43,21231900,521534939.98,0.5321,1.064,1,0,none,baostock,query_history_k_data_plus
002271,SZSE.002271,,SZ,A股-深交所,2023-11-10,24.5,24.5,23.88,23.88,24.56,24277441,582362043.62,-2.7687,1.2166,1,0,none,baostock,query_history_k_data_plus
002271,SZSE.002271,,SZ,A股-深交所,2023-11-13,23.78,23.93,22.4,22.64,23.88,76847074,1754987273.72,-5.1926,3.851,1,0,none,baostock,query_history_k_data_plus
002271,SZSE.002271,,SZ,A股-深交所,2023-11-14,22.8,23.35,22.51,22.97,22.64,52346542,1202806870.88,1.4576,2.6232,1,0,none,baostock,query_history_k_data_plus
002271,SZSE.002271,,SZ,A股-深交所,2023-11-15,23.3,23.79,23.24,23.5,22.97,46001496,1080726475.7,2.3074,2.3053,1,0,none,baostock,query_history_k_data_plus
002271,SZSE.002271,,SZ,A股-深交所,2023-11-16,23.4,23.43,22.73,22.75,23.5,41253065,942643315.89,-3.1915,2.0673,1,0,none,baostock,query_history_k_data_plus
002271,SZSE.002271,,SZ,A股-深交所,2023-11-17,22.53,22.58,21.68,22.5,22.75,76372198,1685316956.76,-1.0989,3.8272,1,0,none,baostock,query_history_k_data_plus
002271,SZSE.002271,,SZ,A股-深交所,2023-11-20,22.4,22.6,22.06,22.15,22.5,48058259,1067660786.01,-1.5556,2.4083,1,0,none,baostock,query_history_k_data_plus
002271,SZSE.002271,,SZ,A股-深交所,2023-11-21,22.26,23.6,22.22,22.99,22.15,92407330,2136441203.9,3.7923,4.6308,1,0,none,baostock,query_history_k_data_plus
002271,SZSE.002271,,SZ,A股-深交所,2023-11-22,22.78,22.93,22.26,22.3,22.99,42830615,963654297.01,-3.0013,2.1464,1,0,none,baostock,query_history_k_data_plus
002271,SZSE.002271,,SZ,A股-深交所,2023-11-23,22.25,23.0,22.13,23.0,22.3,49746386,1129767095.41,3.139,2.4929,1,0,none,baostock,query_history_k_data_plus
002271,SZSE.002271,,SZ,A股-深交所,2023-11-24,23.22,23.6,22.91,23.08,23.0,42704087,988659285.67,0.3478,2.14,1,0,none,baostock,query_history_k_data_plus
002271,SZSE.002271,,SZ,A股-深交所,2023-11-27,22.92,22.92,22.4,22.67,23.08,31174125,706175072.14,-1.7764,1.5622,1,0,none,baostock,query_history_k_data_plus
002271,SZSE.002271,,SZ,A股-深交所,2023-11-28,22.62,22.62,22.18,22.28,22.67,37115804,826891898.55,-1.7203,1.86,1,0,none,baostock,query_history_k_data_plus
002271,SZSE.002271,,SZ,A股-深交所,2023-11-29,22.31,22.35,21.53,21.6,22.28,50277305,1092538234.83,-3.0521,2.5195,1,0,none,baostock,query_history_k_data_plus
002271,SZSE.002271,,SZ,A股-深交所,2023-11-30,21.51,21.76,21.41,21.53,21.6,27463078,592589884.95,-0.3241,1.3763,1,0,none,baostock,query_history_k_data_plus
002271,SZSE.002271,,SZ,A股-深交所,2023-12-01,21.43,21.55,20.87,21.19,21.53,38996014,822435028.97,-1.5792,1.9542,1,0,none,baostock,query_history_k_data_plus
002271,SZSE.002271,,SZ,A股-深交所,2023-12-04,21.29,21.34,20.35,20.52,21.19,56171407,1158103453.64,-3.1619,2.8149,1,0,none,baostock,query_history_k_data_plus
002271,SZSE.002271,,SZ,A股-深交所,2023-12-05,20.35,20.35,19.63,19.65,20.52,57134091,1139808413.42,-4.2398,2.8632,1,0,none,baostock,query_history_k_data_plus
002271,SZSE.002271,,SZ,A股-深交所,2023-12-06,19.78,19.93,19.53,19.59,19.65,46740686,918996388.57,-0.3053,2.3423,1,0,none,baostock,query_history_k_data_plus
002271,SZSE.002271,,SZ,A股-深交所,2023-12-07,19.5,19.58,19.08,19.3,19.59,43299613,834434454.62,-1.4803,2.1699,1,0,none,baostock,query_history_k_data_plus
002271,SZSE.002271,,SZ,A股-深交所,2023-12-08,19.27,19.54,19.22,19.38,19.3,29927935,580247984.58,0.4145,1.4998,1,0,none,baostock,query_history_k_data_plus
002271,SZSE.002271,,SZ,A股-深交所,2023-12-11,19.11,19.18,18.7,19.16,19.38,38675354,732469420.82,-1.1352,1.9381,1,0,none,baostock,query_history_k_data_plus
002271,SZSE.002271,,SZ,A股-深交所,2023-12-12,19.16,19.95,19.09,19.75,19.16,55163542,1080097431.68,3.0793,2.7644,1,0,none,baostock,query_history_k_data_plus
002271,SZSE.002271,,SZ,A股-深交所,2023-12-13,19.5,19.6,19.21,19.26,19.75,31604388,611018983.5,-2.481,1.5838,1,0,none,baostock,query_history_k_data_plus
002271,SZSE.002271,,SZ,A股-深交所,2023-12-14,19.45,19.94,19.3,19.3,19.26,35189022,686608790.87,0.2077,1.7634,1,0,none,baostock,query_history_k_data_plus
002271,SZSE.002271,,SZ,A股-深交所,2023-12-15,19.5,20.54,19.43,19.97,19.3,89989153,1806047603.45,3.4715,4.5096,1,0,none,baostock,query_history_k_data_plus
002271,SZSE.002271,,SZ,A股-深交所,2023-12-18,19.96,20.07,19.58,19.65,19.97,32488087,642187453.56,-1.6024,1.6281,1,0,none,baostock,query_history_k_data_plus
002271,SZSE.002271,,SZ,A股-深交所,2023-12-19,19.6,19.8,19.43,19.62,19.65,25267865,494694484.84,-0.1527,1.2662,1,0,none,baostock,query_history_k_data_plus
002271,SZSE.002271,,SZ,A股-深交所,2023-12-20,19.6,19.8,19.47,19.49,19.62,26906608,527554262.95,-0.6626,1.3484,1,0,none,baostock,query_history_k_data_plus
002271,SZSE.002271,,SZ,A股-深交所,2023-12-21,19.39,19.95,19.27,19.49,19.49,33314752,654141949.03,0.0,1.6695,1,0,none,baostock,query_history_k_data_plus
002271,SZSE.002271,,SZ,A股-深交所,2023-12-22,19.36,19.58,18.96,19.36,19.49,27596514,533134292.08,-0.667,1.3829,1,0,none,baostock,query_history_k_data_plus
002271,SZSE.002271,,SZ,A股-深交所,2023-12-25,19.38,19.4,18.88,19.08,19.36,25523736,486409701.64,-1.4463,1.2791,1,0,none,baostock,query_history_k_data_plus
002271,SZSE.002271,,SZ,A股-深交所,2023-12-26,19.01,19.06,18.74,18.79,19.08,19091563,360137638.4,-1.5199,0.9567,1,0,none,baostock,query_history_k_data_plus
002271,SZSE.002271,,SZ,A股-深交所,2023-12-27,18.81,18.9,18.4,18.5,18.79,34889990,646083923.46,-1.5434,1.7484,1,0,none,baostock,query_history_k_data_plus
002271,SZSE.002271,,SZ,A股-深交所,2023-12-28,18.5,19.45,18.35,19.26,18.5,45351618,864343194.0,4.1081,2.2727,1,0,none,baostock,query_history_k_data_plus
002271,SZSE.002271,,SZ,A股-深交所,2023-12-29,19.26,19.42,18.93,19.2,19.26,30501959,584190917.28,-0.3115,1.5285,1,0,none,baostock,query_history_k_data_plus
002271,SZSE.002271,,SZ,A股-深交所,2024-01-02,19.22,19.31,18.64,18.66,19.2,37341372,702753660.45,-2.8125,1.8713,1,0,none,baostock,query_history_k_data_plus
002271,SZSE.002271,,SZ,A股-深交所,2024-01-03,18.66,18.85,18.51,18.71,18.66,24568456,458985259.66,0.268,1.2312,1,0,none,baostock,query_history_k_data_plus
002271,SZSE.002271,,SZ,A股-深交所,2024-01-04,18.68,18.68,18.16,18.33,18.71,31219774,572232102.53,-2.031,1.5645,1,0,none,baostock,query_history_k_data_plus
002271,SZSE.002271,,SZ,A股-深交所,2024-01-05,18.2,18.48,17.85,17.93,18.33,39332921,713311333.59,-2.1822,1.9711,1,0,none,baostock,query_history_k_data_plus
002271,SZSE.002271,,SZ,A股-深交所,2024-01-08,17.9,18.08,17.71,17.76,17.93,26052052,465077049.51,-0.9481,1.3055,1,0,none,baostock,query_history_k_data_plus
002271,SZSE.002271,,SZ,A股-深交所,2024-01-09,17.84,18.2,17.68,17.91,17.76,27169628,487112857.1,0.8446,1.3615,1,0,none,baostock,query_history_k_data_plus
002271,SZSE.002271,,SZ,A股-深交所,2024-01-10,17.76,18.01,17.5,17.84,17.91,22119800,394192327.65,-0.3908,1.1085,1,0,none,baostock,query_history_k_data_plus
002271,SZSE.002271,,SZ,A股-深交所,2024-01-11,17.76,18.27,17.61,18.14,17.84,31260266,562600757.14,1.6816,1.5665,1,0,none,baostock,query_history_k_data_plus
002271,SZSE.002271,,SZ,A股-深交所,2024-01-12,18.04,18.45,17.94,18.16,18.14,28390909,517014951.57,0.1103,1.4228,1,0,none,baostock,query_history_k_data_plus
002271,SZSE.002271,,SZ,A股-深交所,2024-01-15,17.5,18.21,17.16,17.81,18.16,52936137,939652096.78,-1.9273,2.6528,1,0,none,baostock,query_history_k_data_plus
002271,SZSE.002271,,SZ,A股-深交所,2024-01-16,17.67,17.95,17.55,17.74,17.81,41831819,741238850.08,-0.393,2.0963,1,0,none,baostock,query_history_k_data_plus
002271,SZSE.002271,,SZ,A股-深交所,2024-01-17,17.67,17.68,17.09,17.1,17.74,33514111,583005529.88,-3.6077,1.6795,1,0,none,baostock,query_history_k_data_plus
002271,SZSE.002271,,SZ,A股-深交所,2024-01-18,16.9,17.25,16.7,17.24,17.1,38798257,657725457.84,0.8187,1.9443,1,0,none,baostock,query_history_k_data_plus
002271,SZSE.002271,,SZ,A股-深交所,2024-01-19,17.16,17.43,17.05,17.08,17.24,23193573,398982151.63,-0.9281,1.1623,1,0,none,baostock,query_history_k_data_plus
002271,SZSE.002271,,SZ,A股-深交所,2024-01-22,17.01,17.05,16.16,16.28,17.08,35280753,588404112.43,-4.6838,1.768,1,0,none,baostock,query_history_k_data_plus
002271,SZSE.002271,,SZ,A股-深交所,2024-01-23,16.32,16.82,16.22,16.6,16.28,39465792,651596946.25,1.9656,1.9777,1,0,none,baostock,query_history_k_data_plus
002271,SZSE.002271,,SZ,A股-深交所,2024-01-24,16.7,16.8,16.15,16.8,16.6,32948680,545394689.71,1.2048,1.6512,1,0,none,baostock,query_history_k_data_plus
002271,SZSE.002271,,SZ,A股-深交所,2024-01-25,16.72,17.3,16.65,17.29,16.8,40278585,686480269.37,2.9167,2.0185,1,0,none,baostock,query_history_k_data_plus
002271,SZSE.002271,,SZ,A股-深交所,2024-01-26,17.2,18.05,17.18,17.44,17.29,51880918,914986927.82,0.8676,2.5999,1,0,none,baostock,query_history_k_data_plus
002271,SZSE.002271,,SZ,A股-深交所,2024-01-29,17.65,17.95,17.27,17.31,17.44,39912518,698973382.87,-0.7454,2.0001,1,0,none,baostock,query_history_k_data_plus
002271,SZSE.002271,,SZ,A股-深交所,2024-01-30,17.14,17.15,16.63,16.63,17.31,25664567,432144519.8,-3.9284,1.2861,1,0,none,baostock,query_history_k_data_plus
002271,SZSE.002271,,SZ,A股-深交所,2024-01-31,16.4,16.63,16.13,16.15,16.63,27116461,442547588.0,-2.8863,1.3589,1,0,none,baostock,query_history_k_data_plus
002271,SZSE.002271,,SZ,A股-深交所,2024-02-01,16.09,16.32,15.72,15.9,16.15,34410118,552031168.68,-1.548,1.7244,1,0,none,baostock,query_history_k_data_plus
002271,SZSE.002271,,SZ,A股-深交所,2024-02-02,15.99,16.42,15.0,15.64,15.9,40521494,641167361.91,-1.6352,2.0306,1,0,none,baostock,query_history_k_data_plus
002271,SZSE.002271,,SZ,A股-深交所,2024-02-05,15.53,15.53,14.66,14.88,15.64,63350912,952131425.1,-4.8593,3.1747,1,0,none,baostock,query_history_k_data_plus
002271,SZSE.002271,,SZ,A股-深交所,2024-02-06,14.85,16.02,14.66,16.01,14.88,60228276,927042962.67,7.5941,3.0182,1,0,none,baostock,query_history_k_data_plus
002271,SZSE.002271,,SZ,A股-深交所,2024-02-07,16.03,16.66,15.88,16.42,16.01,50089878,821147584.25,2.5609,2.5101,1,0,none,baostock,query_history_k_data_plus
002271,SZSE.002271,,SZ,A股-深交所,2024-02-08,16.42,16.78,16.07,16.63,16.42,53471564,878496101.65,1.2789,2.6796,1,0,none,baostock,query_history_k_data_plus
002271,SZSE.002271,,SZ,A股-深交所,2024-02-19,16.77,16.77,16.26,16.42,16.63,49932668,820984083.26,-1.2628,2.5023,1,0,none,baostock,query_history_k_data_plus
002271,SZSE.002271,,SZ,A股-深交所,2024-02-20,16.35,16.45,16.02,16.27,16.42,37728966,609509646.89,-0.9135,1.8907,1,0,none,baostock,query_history_k_data_plus
002271,SZSE.002271,,SZ,A股-深交所,2024-02-21,16.1,17.73,16.03,17.32,16.27,76102467,1299775063.4,6.4536,3.8137,1,0,none,baostock,query_history_k_data_plus
002271,SZSE.002271,,SZ,A股-深交所,2024-02-22,17.11,17.25,16.9,17.25,17.32,38377035,656121022.45,-0.4042,1.9232,1,0,none,baostock,query_history_k_data_plus
002271,SZSE.002271,,SZ,A股-深交所,2024-02-23,17.16,17.24,16.86,17.13,17.25,38429380,654218150.14,-0.6957,1.9258,1,0,none,baostock,query_history_k_data_plus
002271,SZSE.002271,,SZ,A股-深交所,2024-02-26,17.11,17.64,16.99,17.26,17.13,45801947,792883821.71,0.7589,2.2953,1,0,none,baostock,query_history_k_data_plus
002271,SZSE.002271,,SZ,A股-深交所,2024-02-27,17.17,17.41,17.06,17.41,17.26,33541170,579220839.51,0.8691,1.6808,1,0,none,baostock,query_history_k_data_plus
002271,SZSE.002271,,SZ,A股-深交所,2024-02-28,17.42,17.88,16.77,16.78,17.41,59198532,1029690508.68,-3.6186,2.9666,1,0,none,baostock,query_history_k_data_plus
002271,SZSE.002271,,SZ,A股-深交所,2024-02-29,16.55,17.27,16.54,17.27,16.78,41505145,706724494.75,2.9201,2.0799,1,0,none,baostock,query_history_k_data_plus
002271,SZSE.002271,,SZ,A股-深交所,2024-03-01,17.27,17.35,17.08,17.22,17.27,29516783,507535536.93,-0.2895,1.4792,1,0,none,baostock,query_history_k_data_plus
002271,SZSE.002271,,SZ,A股-深交所,2024-03-04,17.11,17.21,16.55,16.72,17.22,48307305,808554884.44,-2.9036,2.4208,1,0,none,baostock,query_history_k_data_plus
002271,SZSE.002271,,SZ,A股-深交所,2024-03-05,16.6,16.67,16.35,16.51,16.72,30599706,504495621.3,-1.256,1.5334,1,0,none,baostock,query_history_k_data_plus
002271,SZSE.002271,,SZ,A股-深交所,2024-03-06,16.41,16.66,16.21,16.48,16.51,28878287,474085901.98,-0.1817,1.4472,1,0,none,baostock,query_history_k_data_plus
002271,SZSE.002271,,SZ,A股-深交所,2024-03-07,16.5,16.91,16.25,16.25,16.48,34535066,571038198.71,-1.3956,1.7307,1,0,none,baostock,query_history_k_data_plus
002271,SZSE.002271,,SZ,A股-深交所,2024-03-08,16.26,16.39,15.88,16.06,16.25,33070525,531121367.03,-1.1692,1.6573,1,0,none,baostock,query_history_k_data_plus
002271,SZSE.002271,,SZ,A股-深交所,2024-03-11,16.12,16.54,16.1,16.49,16.06,41429783,679012031.3,2.6775,2.0762,1,0,none,baostock,query_history_k_data_plus
002271,SZSE.002271,,SZ,A股-深交所,2024-03-12,16.54,17.62,16.42,17.55,16.49,97768226,1677220090.18,6.4281,4.8994,1,0,none,baostock,query_history_k_data_plus
002271,SZSE.002271,,SZ,A股-深交所,2024-03-13,17.27,17.55,17.15,17.35,17.55,54378427,941425058.75,-1.1396,2.7251,1,0,none,baostock,query_history_k_data_plus
002271,SZSE.002271,,SZ,A股-深交所,2024-03-14,17.47,18.2,17.46,17.66,17.35,82027485,1463820244.75,1.7867,4.1106,1,0,none,baostock,query_history_k_data_plus
002271,SZSE.002271,,SZ,A股-深交所,2024-03-15,17.66,17.98,17.38,17.7,17.66,43496680,767265479.78,0.2265,2.1797,1,0,none,baostock,query_history_k_data_plus
002271,SZSE.002271,,SZ,A股-深交所,2024-03-18,17.82,17.9,17.48,17.53,17.7,43251305,759799179.29,-0.9605,2.1674,1,0,none,baostock,query_history_k_data_plus
002271,SZSE.002271,,SZ,A股-深交所,2024-03-19,17.41,17.43,17.15,17.15,17.53,52780252,909709618.01,-2.1677,2.645,1,0,none,baostock,query_history_k_data_plus
002271,SZSE.002271,,SZ,A股-深交所,2024-03-20,17.12,17.18,16.82,16.89,17.15,50316550,851224814.59,-1.516,2.5215,1,0,none,baostock,query_history_k_data_plus
002271,SZSE.002271,,SZ,A股-深交所,2024-03-21,16.92,17.27,16.72,16.83,16.89,47402415,803762285.86,-0.3552,2.3755,1,0,none,baostock,query_history_k_data_plus
002271,SZSE.002271,,SZ,A股-深交所,2024-03-22,16.83,16.83,16.4,16.5,16.83,38553232,638295957.92,-1.9608,1.932,1,0,none,baostock,query_history_k_data_plus
002271,SZSE.002271,,SZ,A股-深交所,2024-03-25,16.43,17.17,16.25,16.6,16.5,52774835,883449726.28,0.6061,2.6447,1,0,none,baostock,query_history_k_data_plus
002271,SZSE.002271,,SZ,A股-深交所,2024-03-26,16.56,16.95,16.5,16.85,16.6,43352631,725483038.53,1.506,2.1725,1,0,none,baostock,query_history_k_data_plus
002271,SZSE.002271,,SZ,A股-深交所,2024-03-27,16.78,16.8,15.99,16.0,16.85,40511638,662155612.98,-5.0445,2.0302,1,0,none,baostock,query_history_k_data_plus
002271,SZSE.002271,,SZ,A股-深交所,2024-03-28,15.99,16.33,15.96,16.06,16.0,27140692,438496200.51,0.375,1.3601,1,0,none,baostock,query_history_k_data_plus
002271,SZSE.002271,,SZ,A股-深交所,2024-03-29,16.0,16.07,15.63,15.82,16.06,30864730,487491395.7,-1.4944,1.5467,1,0,none,baostock,query_history_k_data_plus
002271,SZSE.002271,,SZ,A股-深交所,2024-04-01,15.88,16.48,15.88,16.41,15.82,38229927,624195882.3,3.7295,1.9158,1,0,none,baostock,query_history_k_data_plus
002271,SZSE.002271,,SZ,A股-深交所,2024-04-02,16.41,16.61,16.13,16.46,16.41,30233887,495107466.53,0.3047,1.515,1,0,none,baostock,query_history_k_data_plus
002271,SZSE.002271,,SZ,A股-深交所,2024-04-03,16.5,16.54,16.17,16.2,16.46,22366426,364351339.57,-1.5796,1.1208,1,0,none,baostock,query_history_k_data_plus
002271,SZSE.002271,,SZ,A股-深交所,2024-04-08,16.2,16.22,15.43,15.53,16.2,45367098,710862918.16,-4.1358,2.2733,1,0,none,baostock,query_history_k_data_plus
002271,SZSE.002271,,SZ,A股-深交所,2024-04-09,15.53,15.96,15.49,15.89,15.53,32495626,512681025.02,2.3181,1.6283,1,0,none,baostock,query_history_k_data_plus
002271,SZSE.002271,,SZ,A股-深交所,2024-04-10,15.89,15.9,15.11,15.31,15.89,43287865,665905582.54,-3.6501,2.1691,1,0,none,baostock,query_history_k_data_plus
002271,SZSE.002271,,SZ,A股-深交所,2024-04-11,15.05,15.18,14.76,14.9,15.31,52336257,781678159.14,-2.678,2.6225,1,0,none,baostock,query_history_k_data_plus
002271,SZSE.002271,,SZ,A股-深交所,2024-04-12,14.87,15.02,14.36,14.38,14.9,47904548,697879846.71,-3.4899,2.4005,1,0,none,baostock,query_history_k_data_plus
002271,SZSE.002271,,SZ,A股-深交所,2024-04-15,14.31,14.53,13.97,14.14,14.38,46561039,661203743.53,-1.669,2.3331,1,0,none,baostock,query_history_k_data_plus
002271,SZSE.002271,,SZ,A股-深交所,2024-04-16,14.15,14.15,13.65,13.7,14.14,45462699,629247459.63,-3.1117,2.2781,1,0,none,baostock,query_history_k_data_plus
002271,SZSE.002271,,SZ,A股-深交所,2024-04-17,13.73,14.49,13.73,14.49,13.7,49821488,707501702.1,5.7664,2.4965,1,0,none,baostock,query_history_k_data_plus
002271,SZSE.002271,,SZ,A股-深交所,2024-04-18,14.38,14.4,13.96,14.04,14.49,55692178,788210109.73,-3.1056,2.7907,1,0,none,baostock,query_history_k_data_plus
002271,SZSE.002271,,SZ,A股-深交所,2024-04-19,14.04,14.08,13.42,13.54,14.04,76091082,1037855201.37,-3.5613,3.8129,1,0,none,baostock,query_history_k_data_plus
002271,SZSE.002271,,SZ,A股-深交所,2024-04-22,13.45,13.87,13.27,13.37,13.54,57042657,768565398.74,-1.2555,2.8584,1,0,none,baostock,query_history_k_data_plus
002271,SZSE.002271,,SZ,A股-深交所,2024-04-23,13.26,13.4,12.91,12.99,13.37,62809341,820948399.59,-2.8422,3.1473,1,0,none,baostock,query_history_k_data_plus
002271,SZSE.002271,,SZ,A股-深交所,2024-04-24,12.99,13.05,12.65,13.05,12.99,63083341,807979495.94,0.4619,3.1611,1,0,none,baostock,query_history_k_data_plus
002271,SZSE.002271,,SZ,A股-深交所,2024-04-25,13.03,13.5,12.92,13.26,13.05,67878752,901991925.37,1.6092,3.4013,1,0,none,baostock,query_history_k_data_plus
002271,SZSE.002271,,SZ,A股-深交所,2024-04-26,13.13,13.9,13.03,13.79,13.26,84914114,1148515444.45,3.997,4.255,1,0,none,baostock,query_history_k_data_plus
002271,SZSE.002271,,SZ,A股-深交所,2024-04-29,13.63,15.17,13.62,14.75,13.79,134355126,1967292308.8,6.9616,6.7324,1,0,none,baostock,query_history_k_data_plus
002271,SZSE.002271,,SZ,A股-深交所,2024-04-30,14.57,14.83,14.48,14.65,14.75,68566393,1002782015.27,-0.678,3.4358,1,0,none,baostock,query_history_k_data_plus
002271,SZSE.002271,,SZ,A股-深交所,2024-05-06,14.99,15.37,14.9,15.01,14.65,81698458,1237104819.33,2.4573,4.0938,1,0,none,baostock,query_history_k_data_plus
002271,SZSE.002271,,SZ,A股-深交所,2024-05-07,15.02,15.41,14.9,15.3,15.01,66794496,1013753920.76,1.932,3.347,1,0,none,baostock,query_history_k_data_plus
002271,SZSE.002271,,SZ,A股-深交所,2024-05-08,15.24,15.3,14.68,14.71,15.3,54690097,813966776.1,-3.8562,2.7405,1,0,none,baostock,query_history_k_data_plus
002271,SZSE.002271,,SZ,A股-深交所,2024-05-09,14.71,15.1,14.71,14.99,14.71,39047598,583733320.31,1.9035,1.9566,1,0,none,baostock,query_history_k_data_plus
002271,SZSE.002271,,SZ,A股-深交所,2024-05-10,14.99,15.66,14.71,15.62,14.99,89771107,1375565113.93,4.2028,4.4984,1,0,none,baostock,query_history_k_data_plus
002271,SZSE.002271,,SZ,A股-深交所,2024-05-13,15.4,15.49,15.1,15.34,15.62,54628900,834276500.7,-1.7926,2.7374,1,0,none,baostock,query_history_k_data_plus
002271,SZSE.002271,,SZ,A股-深交所,2024-05-14,15.4,15.52,15.12,15.24,15.34,38708351,591492274.7,-0.6519,1.9396,1,0,none,baostock,query_history_k_data_plus
002271,SZSE.002271,,SZ,A股-深交所,2024-05-15,15.27,15.99,15.15,15.65,15.24,91416669,1427492298.16,2.6903,4.5808,1,0,none,baostock,query_history_k_data_plus
002271,SZSE.002271,,SZ,A股-深交所,2024-05-16,15.7,16.88,15.58,16.62,15.65,143988467,2355567201.36,6.1981,7.2151,1,0,none,baostock,query_history_k_data_plus
002271,SZSE.002271,,SZ,A股-深交所,2024-05-17,16.61,18.0,16.44,17.85,16.62,190512504,3257166757.7,7.4007,9.5464,1,0,none,baostock,query_history_k_data_plus
002271,SZSE.002271,,SZ,A股-深交所,2024-05-20,17.73,17.78,17.11,17.49,17.85,113098880,1975218273.83,-2.0168,5.6673,1,0,none,baostock,query_history_k_data_plus
002271,SZSE.002271,,SZ,A股-深交所,2024-05-21,17.24,17.5,17.13,17.26,17.49,61354390,1060735518.83,-1.315,3.0744,1,0,none,baostock,query_history_k_data_plus
002271,SZSE.002271,,SZ,A股-深交所,2024-05-22,16.76,17.39,16.52,17.05,16.68,99808865,1694993643.47,2.2182,5.0013,1,0,none,baostock,query_history_k_data_plus
002271,SZSE.002271,,SZ,A股-深交所,2024-05-23,16.68,16.88,16.24,16.32,17.05,83905300,1381662149.76,-4.2815,4.2044,1,0,none,baostock,query_history_k_data_plus
002271,SZSE.002271,,SZ,A股-深交所,2024-05-24,16.28,16.31,16.0,16.05,16.32,42811816,690494371.28,-1.6544,2.1453,1,0,none,baostock,query_history_k_data_plus
002271,SZSE.002271,,SZ,A股-深交所,2024-05-27,16.06,16.1,15.38,15.85,16.05,59813757,934948515.76,-1.2461,2.9972,1,0,none,baostock,query_history_k_data_plus
002271,SZSE.002271,,SZ,A股-深交所,2024-05-28,15.94,16.1,15.34,15.42,15.85,50435558,786295245.97,-2.7129,2.5273,1,0,none,baostock,query_history_k_data_plus
002271,SZSE.002271,,SZ,A股-深交所,2024-05-29,15.51,15.77,15.37,15.42,15.42,32729569,508914357.38,0.0,1.64,1,0,none,baostock,query_history_k_data_plus
002271,SZSE.002271,,SZ,A股-深交所,2024-05-30,15.28,15.34,14.68,14.78,15.42,65264351,970857711.96,-4.1505,3.2703,1,0,none,baostock,query_history_k_data_plus
002271,SZSE.002271,,SZ,A股-深交所,2024-05-31,14.88,15.03,14.75,14.75,14.78,38478142,572103842.49,-0.203,1.9281,1,0,none,baostock,query_history_k_data_plus
002271,SZSE.002271,,SZ,A股-深交所,2024-06-03,14.76,14.82,14.41,14.57,14.75,32987808,479283227.0,-1.2203,1.653,1,0,none,baostock,query_history_k_data_plus
002271,SZSE.002271,,SZ,A股-深交所,2024-06-04,14.55,15.63,14.36,15.49,14.57,76749964,1166091243.04,6.3143,3.8459,1,0,none,baostock,query_history_k_data_plus
002271,SZSE.002271,,SZ,A股-深交所,2024-06-05,15.59,15.76,15.12,15.17,15.49,35303831,542376228.44,-2.0658,1.769,1,0,none,baostock,query_history_k_data_plus
002271,SZSE.002271,,SZ,A股-深交所,2024-06-06,15.16,15.3,14.64,14.72,15.17,39347706,585686015.7,-2.9664,1.9717,1,0,none,baostock,query_history_k_data_plus
002271,SZSE.002271,,SZ,A股-深交所,2024-06-07,14.73,14.88,14.43,14.47,14.72,39095965,570949480.09,-1.6984,1.9591,1,0,none,baostock,query_history_k_data_plus
002271,SZSE.002271,,SZ,A股-深交所,2024-06-11,14.36,14.72,14.18,14.46,14.47,30730543,444640515.11,-0.0691,1.5399,1,0,none,baostock,query_history_k_data_plus
002271,SZSE.002271,,SZ,A股-深交所,2024-06-12,14.39,14.74,14.29,14.54,14.46,25440046,370709153.39,0.5533,1.2748,1,0,none,baostock,query_history_k_data_plus
002271,SZSE.002271,,SZ,A股-深交所,2024-06-13,14.55,14.64,13.75,13.79,14.54,70324413,982730755.19,-5.1582,3.5239,1,0,none,baostock,query_history_k_data_plus
002271,SZSE.002271,,SZ,A股-深交所,2024-06-14,13.78,14.12,13.57,13.97,13.79,35334170,491739312.2,1.3053,1.7706,1,0,none,baostock,query_history_k_data_plus
002271,SZSE.002271,,SZ,A股-深交所,2024-06-17,13.8,13.85,13.47,13.53,13.97,46310343,628331636.32,-3.1496,2.3206,1,0,none,baostock,query_history_k_data_plus
002271,SZSE.002271,,SZ,A股-深交所,2024-06-18,13.56,13.69,13.52,13.6,13.53,26940141,366395882.35,0.5174,1.3499,1,0,none,baostock,query_history_k_data_plus
002271,SZSE.002271,,SZ,A股-深交所,2024-06-19,13.56,13.67,13.43,13.43,13.6,25620836,346388478.49,-1.25,1.2839,1,0,none,baostock,query_history_k_data_plus
002271,SZSE.002271,,SZ,A股-深交所,2024-06-20,13.43,13.48,13.01,13.04,13.43,33333912,439334819.01,-2.9039,1.6704,1,0,none,baostock,query_history_k_data_plus
002271,SZSE.002271,,SZ,A股-深交所,2024-06-21,13.1,13.32,13.0,13.15,13.04,27536681,363337108.65,0.8436,1.3799,1,0,none,baostock,query_history_k_data_plus
002271,SZSE.002271,,SZ,A股-深交所,2024-06-24,13.05,13.28,12.8,13.0,13.15,31077984,403939929.64,-1.1407,1.5574,1,0,none,baostock,query_history_k_data_plus
002271,SZSE.002271,,SZ,A股-深交所,2024-06-25,12.98,13.24,12.9,13.0,13.0,29705334,387339998.61,0.0,1.4886,1,0,none,baostock,query_history_k_data_plus
002271,SZSE.002271,,SZ,A股-深交所,2024-06-26,12.91,13.08,12.72,13.07,13.0,30585953,395400562.56,0.5385,1.5327,1,0,none,baostock,query_history_k_data_plus
002271,SZSE.002271,,SZ,A股-深交所,2024-06-27,13.04,13.14,12.5,12.51,13.07,51630057,656259393.83,-4.2846,2.5873,1,0,none,baostock,query_history_k_data_plus
002271,SZSE.002271,,SZ,A股-深交所,2024-06-28,12.46,12.64,12.33,12.34,12.51,42008067,523036889.73,-1.3589,2.1051,1,0,none,baostock,query_history_k_data_plus
002271,SZSE.002271,,SZ,A股-深交所,2024-07-01,12.33,13.42,12.3,13.24,12.34,68490073,889645601.86,7.2934,3.4321,1,0,none,baostock,query_history_k_data_plus
002271,SZSE.002271,,SZ,A股-深交所,2024-07-02,13.18,13.29,13.03,13.1,13.24,31884469,420294481.23,-1.0574,1.6501,1,0,none,baostock,query_history_k_data_plus
002271,SZSE.002271,,SZ,A股-深交所,2024-07-03,13.1,13.19,12.86,13.05,13.1,26936342,349927074.06,-0.3817,1.3941,1,0,none,baostock,query_history_k_data_plus
002271,SZSE.002271,,SZ,A股-深交所,2024-07-04,13.05,13.09,12.7,12.73,13.05,24931289,320160394.7,-2.4521,1.2903,1,0,none,baostock,query_history_k_data_plus
002271,SZSE.002271,,SZ,A股-深交所,2024-07-05,12.73,12.95,12.66,12.73,12.73,28354258,362513390.32,0.0,1.4674,1,0,none,baostock,query_history_k_data_plus
002271,SZSE.002271,,SZ,A股-深交所,2024-07-08,12.75,12.75,12.28,12.33,12.73,30445562,378092702.75,-3.1422,1.5757,1,0,none,baostock,query_history_k_data_plus
002271,SZSE.002271,,SZ,A股-深交所,2024-07-09,12.33,12.36,11.73,12.12,12.33,69687115,836515769.54,-1.7032,3.6066,1,0,none,baostock,query_history_k_data_plus
002271,SZSE.002271,,SZ,A股-深交所,2024-07-10,12.02,12.36,11.92,12.12,12.12,42395935,512934810.94,0.0,2.1942,1,0,none,baostock,query_history_k_data_plus
002271,SZSE.002271,,SZ,A股-深交所,2024-07-11,12.31,12.8,12.25,12.76,12.12,55196799,694775697.18,5.2805,2.8566,1,0,none,baostock,query_history_k_data_plus
002271,SZSE.002271,,SZ,A股-深交所,2024-07-12,12.87,13.24,12.76,13.04,12.76,44855800,586146105.0,2.1944,2.3215,1,0,none,baostock,query_history_k_data_plus
002271,SZSE.002271,,SZ,A股-深交所,2024-07-15,13.0,13.1,12.73,12.81,13.04,29280744,377115301.34,-1.7638,1.5154,1,0,none,baostock,query_history_k_data_plus
002271,SZSE.002271,,SZ,A股-深交所,2024-07-16,12.79,12.98,12.66,12.86,12.81,26812080,343597842.0,0.3903,1.3876,1,0,none,baostock,query_history_k_data_plus
002271,SZSE.002271,,SZ,A股-深交所,2024-07-17,12.78,13.26,12.75,13.13,12.86,45477317,595505410.52,2.0995,2.3536,1,0,none,baostock,query_history_k_data_plus
002271,SZSE.002271,,SZ,A股-深交所,2024-07-18,13.11,13.17,12.91,13.14,13.13,29287544,382361746.38,0.0762,1.5157,1,0,none,baostock,query_history_k_data_plus
002271,SZSE.002271,,SZ,A股-深交所,2024-07-19,13.13,13.13,12.88,13.01,13.14,24633560,319859197.36,-0.9893,1.2749,1,0,none,baostock,query_history_k_data_plus
002271,SZSE.002271,,SZ,A股-深交所,2024-07-22,13.1,13.19,12.83,12.91,13.01,22791289,295965042.46,-0.7686,1.1795,1,0,none,baostock,query_history_k_data_plus
002271,SZSE.002271,,SZ,A股-深交所,2024-07-23,12.89,12.99,12.49,12.5,12.91,28058107,356692555.05,-3.1758,1.4521,1,0,none,baostock,query_history_k_data_plus
002271,SZSE.002271,,SZ,A股-深交所,2024-07-24,12.46,12.6,12.35,12.56,12.5,26090505,325946872.7,0.48,1.3503,1,0,none,baostock,query_history_k_data_plus
002271,SZSE.002271,,SZ,A股-深交所,2024-07-25,12.56,12.99,12.46,12.6,12.56,27962340,356565980.82,0.3185,1.4472,1,0,none,baostock,query_history_k_data_plus
002271,SZSE.002271,,SZ,A股-深交所,2024-07-26,12.56,12.98,12.56,12.67,12.6,26360386,335147204.0,0.5556,1.3643,1,0,none,baostock,query_history_k_data_plus
002271,SZSE.002271,,SZ,A股-深交所,2024-07-29,12.68,12.68,12.33,12.36,12.67,23549777,291811144.17,-2.4467,1.2188,1,0,none,baostock,query_history_k_data_plus
002271,SZSE.002271,,SZ,A股-深交所,2024-07-30,12.31,12.53,12.27,12.43,12.36,18711831,232167864.67,0.5663,0.9684,1,0,none,baostock,query_history_k_data_plus
002271,SZSE.002271,,SZ,A股-深交所,2024-07-31,12.44,12.99,12.28,12.97,12.43,41208174,524216102.25,4.3443,2.1327,1,0,none,baostock,query_history_k_data_plus
002271,SZSE.002271,,SZ,A股-深交所,2024-08-01,12.98,13.05,12.68,12.69,12.97,33266311,424696455.86,-2.1588,1.7217,1,0,none,baostock,query_history_k_data_plus
002271,SZSE.002271,,SZ,A股-深交所,2024-08-02,12.55,12.74,12.42,12.44,12.69,25288305,317392397.65,-1.9701,1.3088,1,0,none,baostock,query_history_k_data_plus
002271,SZSE.002271,,SZ,A股-深交所,2024-08-05,12.33,12.71,12.16,12.22,12.44,36668154,455830201.43,-1.7685,1.8977,1,0,none,baostock,query_history_k_data_plus
002271,SZSE.002271,,SZ,A股-深交所,2024-08-06,12.3,12.43,12.2,12.42,12.22,22886889,282086148.7,1.6367,1.1845,1,0,none,baostock,query_history_k_data_plus
002271,SZSE.002271,,SZ,A股-深交所,2024-08-07,12.36,12.4,12.18,12.29,12.42,21374792,262133465.67,-1.0467,1.1062,1,0,none,baostock,query_history_k_data_plus
002271,SZSE.002271,,SZ,A股-深交所,2024-08-08,12.29,12.69,12.17,12.37,12.29,35052725,434887914.0,0.6509,1.8141,1,0,none,baostock,query_history_k_data_plus
002271,SZSE.002271,,SZ,A股-深交所,2024-08-09,12.38,12.96,12.37,12.62,12.37,56220908,717885118.64,2.021,2.9096,1,0,none,baostock,query_history_k_data_plus
002271,SZSE.002271,,SZ,A股-深交所,2024-08-12,12.56,12.66,12.21,12.25,12.62,31513062,388731274.22,-2.9319,1.6309,1,0,none,baostock,query_history_k_data_plus
002271,SZSE.002271,,SZ,A股-深交所,2024-08-13,12.2,12.26,11.86,12.02,12.25,40433731,484778212.24,-1.8776,2.0926,1,0,none,baostock,query_history_k_data_plus
002271,SZSE.002271,,SZ,A股-深交所,2024-08-14,12.01,12.13,11.81,11.82,12.02,26223922,312239291.82,-1.6639,1.3572,1,0,none,baostock,query_history_k_data_plus
002271,SZSE.002271,,SZ,A股-深交所,2024-08-15,11.8,11.94,11.55,11.87,11.82,35024271,412851505.49,0.423,1.8126,1,0,none,baostock,query_history_k_data_plus
002271,SZSE.002271,,SZ,A股-深交所,2024-08-16,11.79,11.82,11.3,11.34,11.87,68055870,781306832.89,-4.465,3.5222,1,0,none,baostock,query_history_k_data_plus
002271,SZSE.002271,,SZ,A股-深交所,2024-08-19,11.15,11.29,10.75,10.84,11.34,83597053,916904327.34,-4.4092,4.3265,1,0,none,baostock,query_history_k_data_plus
002271,SZSE.002271,,SZ,A股-深交所,2024-08-20,10.84,10.87,10.28,10.35,10.84,84407575,881600856.33,-4.5203,4.3684,1,0,none,baostock,query_history_k_data_plus
002271,SZSE.002271,,SZ,A股-深交所,2024-08-21,10.32,10.34,10.05,10.06,10.35,61961972,627854378.99,-2.8019,3.2068,1,0,none,baostock,query_history_k_data_plus
002271,SZSE.002271,,SZ,A股-深交所,2024-08-22,10.05,10.34,10.05,10.06,10.06,53856692,546594641.64,0.0,2.7873,1,0,none,baostock,query_history_k_data_plus
002271,SZSE.002271,,SZ,A股-深交所,2024-08-23,10.05,10.36,10.03,10.19,10.06,54499401,557259431.53,1.2922,2.8206,1,0,none,baostock,query_history_k_data_plus
002271,SZSE.002271,,SZ,A股-深交所,2024-08-26,10.25,10.67,10.23,10.59,10.19,67581500,708898718.28,3.9254,3.4976,1,0,none,baostock,query_history_k_data_plus
002271,SZSE.002271,,SZ,A股-深交所,2024-08-27,10.55,10.6,10.23,10.28,10.59,34383614,355216629.5,-2.9273,1.7795,1,0,none,baostock,query_history_k_data_plus
002271,SZSE.002271,,SZ,A股-深交所,2024-08-28,10.2,10.27,9.96,10.01,10.28,46705084,469495444.81,-2.6265,2.4172,1,0,none,baostock,query_history_k_data_plus
002271,SZSE.002271,,SZ,A股-深交所,2024-08-29,10.02,10.46,10.02,10.4,10.01,61077200,627981132.26,3.8961,3.161,1,0,none,baostock,query_history_k_data_plus
002271,SZSE.002271,,SZ,A股-深交所,2024-08-30,10.38,11.31,10.28,10.9,10.4,91513025,994501894.44,4.8077,4.7362,1,0,none,baostock,query_history_k_data_plus
002271,SZSE.002271,,SZ,A股-深交所,2024-09-02,10.77,10.84,10.4,10.41,10.9,47364300,500789945.0,-4.4954,2.4513,1,0,none,baostock,query_history_k_data_plus
002271,SZSE.002271,,SZ,A股-深交所,2024-09-03,10.41,10.67,10.27,10.54,10.41,34477365,362633518.2,1.2488,1.7843,1,0,none,baostock,query_history_k_data_plus
002271,SZSE.002271,,SZ,A股-深交所,2024-09-04,10.49,10.73,10.41,10.44,10.54,36293577,381997015.88,-0.9488,1.8783,1,0,none,baostock,query_history_k_data_plus
002271,SZSE.002271,,SZ,A股-深交所,2024-09-05,10.5,10.63,10.43,10.5,10.44,26390626,277492596.96,0.5747,1.3658,1,0,none,baostock,query_history_k_data_plus
002271,SZSE.002271,,SZ,A股-深交所,2024-09-06,10.5,10.53,10.26,10.26,10.5,24101301,249302574.3,-2.2857,1.2473,1,0,none,baostock,query_history_k_data_plus
002271,SZSE.002271,,SZ,A股-深交所,2024-09-09,10.21,10.29,10.13,10.2,10.26,20214298,206036187.58,-0.5848,1.0462,1,0,none,baostock,query_history_k_data_plus
002271,SZSE.002271,,SZ,A股-深交所,2024-09-10,10.21,10.28,9.97,10.15,10.2,27375856,276024304.1,-0.4902,1.4168,1,0,none,baostock,query_history_k_data_plus
002271,SZSE.002271,,SZ,A股-深交所,2024-09-11,10.11,10.31,10.01,10.2,10.15,41284075,419890874.31,0.4926,2.1366,1,0,none,baostock,query_history_k_data_plus
002271,SZSE.002271,,SZ,A股-深交所,2024-09-12,10.16,10.34,10.08,10.09,10.2,26090041,265995776.89,-1.0784,1.3503,1,0,none,baostock,query_history_k_data_plus
002271,SZSE.002271,,SZ,A股-深交所,2024-09-13,10.1,10.18,9.86,9.86,10.09,37376620,373426260.55,-2.2795,1.9344,1,0,none,baostock,query_history_k_data_plus
002271,SZSE.002271,,SZ,A股-深交所,2024-09-18,9.87,10.22,9.75,10.16,9.86,50878441,508667728.23,3.0426,2.6332,1,0,none,baostock,query_history_k_data_plus
002271,SZSE.002271,,SZ,A股-深交所,2024-09-19,10.21,10.78,10.21,10.42,10.16,72678013,761856777.43,2.5591,3.7614,1,0,none,baostock,query_history_k_data_plus
002271,SZSE.002271,,SZ,A股-深交所,2024-09-20,10.34,10.43,10.27,10.4,10.42,31630918,327582690.08,-0.1919,1.637,1,0,none,baostock,query_history_k_data_plus
002271,SZSE.002271,,SZ,A股-深交所,2024-09-23,10.32,10.6,10.25,10.46,10.4,32717457,341812729.72,0.5769,1.6933,1,0,none,baostock,query_history_k_data_plus
002271,SZSE.002271,,SZ,A股-深交所,2024-09-24,10.75,10.83,10.39,10.82,10.46,62678442,668460366.17,3.4417,3.2439,1,0,none,baostock,query_history_k_data_plus
002271,SZSE.002271,,SZ,A股-深交所,2024-09-25,10.95,11.43,10.93,10.96,10.82,103774134,1156787878.27,1.2939,5.3707,1,0,none,baostock,query_history_k_data_plus
002271,SZSE.002271,,SZ,A股-深交所,2024-09-26,10.41,11.4,10.28,11.4,10.36,131201759,1432606822.5,10.0386,6.7902,1,0,none,baostock,query_history_k_data_plus
002271,SZSE.002271,,SZ,A股-深交所,2024-09-27,11.99,12.54,11.96,12.54,11.4,164843418,2033860939.29,10.0,8.5313,1,0,none,baostock,query_history_k_data_plus
002271,SZSE.002271,,SZ,A股-深交所,2024-09-30,13.69,13.79,13.48,13.79,12.54,127536697,1749537085.33,9.9681,6.6005,1,0,none,baostock,query_history_k_data_plus
002271,SZSE.002271,,SZ,A股-深交所,2024-10-08,15.17,15.17,13.92,15.16,13.79,242807877,3606095989.26,9.9347,12.5662,1,0,none,baostock,query_history_k_data_plus
002271,SZSE.002271,,SZ,A股-深交所,2024-10-09,14.85,14.85,13.64,13.64,15.16,179566251,2512066824.28,-10.0264,9.2932,1,0,none,baostock,query_history_k_data_plus
002271,SZSE.002271,,SZ,A股-深交所,2024-10-10,13.5,13.93,12.78,13.31,13.64,115920075,1548177047.66,-2.4194,5.9993,1,0,none,baostock,query_history_k_data_plus
002271,SZSE.002271,,SZ,A股-深交所,2024-10-11,13.0,13.2,12.59,12.81,13.31,68962938,890673300.7,-3.7566,3.5691,1,0,none,baostock,query_history_k_data_plus
002271,SZSE.002271,,SZ,A股-深交所,2024-10-14,13.21,14.09,12.93,13.84,12.81,136267533,1850732308.7,8.0406,7.0524,1,0,none,baostock,query_history_k_data_plus
002271,SZSE.002271,,SZ,A股-深交所,2024-10-15,13.68,14.46,13.6,13.74,13.84,110734361,1551672150.43,-0.7225,5.7309,1,0,none,baostock,query_history_k_data_plus
002271,SZSE.002271,,SZ,A股-深交所,2024-10-16,13.58,14.48,13.51,14.43,13.74,140377507,1993053292.09,5.0218,7.2651,1,0,none,baostock,query_history_k_data_plus
002271,SZSE.002271,,SZ,A股-深交所,2024-10-17,14.43,14.45,13.26,13.38,14.43,129393445,1783969675.71,-7.2765,6.6966,1,0,none,baostock,query_history_k_data_plus
002271,SZSE.002271,,SZ,A股-深交所,2024-10-18,13.38,13.85,12.81,13.58,13.38,111865495,1482261016.98,1.4948,5.7895,1,0,none,baostock,query_history_k_data_plus
002271,SZSE.002271,,SZ,A股-深交所,2024-10-21,13.6,13.7,13.26,13.36,13.58,86582260,1163465962.39,-1.62,4.481,1,0,none,baostock,query_history_k_data_plus
002271,SZSE.002271,,SZ,A股-深交所,2024-10-22,13.38,13.67,13.28,13.55,13.36,62952301,849775713.69,1.4222,3.258,1,0,none,baostock,query_history_k_data_plus
002271,SZSE.002271,,SZ,A股-深交所,2024-10-23,13.62,13.85,13.37,13.6,13.55,77255771,1050446548.46,0.369,3.9983,1,0,none,baostock,query_history_k_data_plus
002271,SZSE.002271,,SZ,A股-深交所,2024-10-24,13.51,13.85,13.23,13.32,13.6,49036334,658370581.0,-2.0588,2.5378,1,0,none,baostock,query_history_k_data_plus
002271,SZSE.002271,,SZ,A股-深交所,2024-10-25,13.32,14.0,13.32,13.73,13.32,92043528,1265415057.11,3.0781,4.7636,1,0,none,baostock,query_history_k_data_plus
002271,SZSE.002271,,SZ,A股-深交所,2024-10-28,13.98,14.19,13.89,14.03,13.73,64027430,897403197.05,2.185,3.3137,1,0,none,baostock,query_history_k_data_plus
002271,SZSE.002271,,SZ,A股-深交所,2024-10-29,14.32,14.4,13.86,13.9,14.03,79453801,1120279501.57,-0.9266,4.112,1,0,none,baostock,query_history_k_data_plus
002271,SZSE.002271,,SZ,A股-深交所,2024-10-30,13.86,14.44,13.8,13.96,13.9,84329587,1189523031.6,0.4317,4.3644,1,0,none,baostock,query_history_k_data_plus
002271,SZSE.002271,,SZ,A股-深交所,2024-10-31,13.97,14.98,13.76,14.59,13.96,134459992,1945436724.07,4.5129,6.9588,1,0,none,baostock,query_history_k_data_plus
002271,SZSE.002271,,SZ,A股-深交所,2024-11-01,14.5,14.71,13.93,14.22,14.59,81388177,1162159157.74,-2.536,4.2122,1,0,none,baostock,query_history_k_data_plus
002271,SZSE.002271,,SZ,A股-深交所,2024-11-04,14.44,14.46,14.03,14.25,14.22,50347977,712563718.34,0.211,2.6057,1,0,none,baostock,query_history_k_data_plus
002271,SZSE.002271,,SZ,A股-深交所,2024-11-05,14.15,14.78,14.14,14.77,14.25,91806687,1332593920.13,3.6491,4.7513,1,0,none,baostock,query_history_k_data_plus
002271,SZSE.002271,,SZ,A股-深交所,2024-11-06,14.9,15.75,14.44,15.49,14.77,152596865,2309901910.56,4.8747,7.8975,1,0,none,baostock,query_history_k_data_plus
002271,SZSE.002271,,SZ,A股-深交所,2024-11-07,15.3,15.9,15.22,15.81,15.49,113155814,1775182890.57,2.0658,5.8562,1,0,none,baostock,query_history_k_data_plus
002271,SZSE.002271,,SZ,A股-深交所,2024-11-08,15.91,16.05,15.21,15.24,15.81,99678548,1542804037.53,-3.6053,5.1587,1,0,none,baostock,query_history_k_data_plus
002271,SZSE.002271,,SZ,A股-深交所,2024-11-11,15.0,15.13,14.68,15.06,15.24,75302717,1122111172.82,-1.1811,3.8972,1,0,none,baostock,query_history_k_data_plus
002271,SZSE.002271,,SZ,A股-深交所,2024-11-12,15.07,15.4,14.81,15.0,15.06,61897939,936340919.66,-0.3984,3.2035,1,0,none,baostock,query_history_k_data_plus
002271,SZSE.002271,,SZ,A股-深交所,2024-11-13,14.89,15.01,14.65,14.85,15.0,41740737,618522556.41,-1.0,2.1602,1,0,none,baostock,query_history_k_data_plus
002271,SZSE.002271,,SZ,A股-深交所,2024-11-14,15.1,15.17,14.61,14.65,14.85,47154219,701626024.29,-1.3468,2.4404,1,0,none,baostock,query_history_k_data_plus
002271,SZSE.002271,,SZ,A股-深交所,2024-11-15,14.78,14.85,14.12,14.13,14.65,53913280,778508173.84,-3.5495,2.7902,1,0,none,baostock,query_history_k_data_plus
002271,SZSE.002271,,SZ,A股-深交所,2024-11-18,14.13,14.31,13.76,13.91,14.13,46062136,644412311.97,-1.557,2.3839,1,0,none,baostock,query_history_k_data_plus
002271,SZSE.002271,,SZ,A股-深交所,2024-11-19,13.91,13.99,13.57,13.92,13.91,48065507,661531636.49,0.0719,2.4876,1,0,none,baostock,query_history_k_data_plus
002271,SZSE.002271,,SZ,A股-深交所,2024-11-20,13.85,14.22,13.8,14.03,13.92,41928359,587459378.22,0.7902,2.17,1,0,none,baostock,query_history_k_data_plus
002271,SZSE.002271,,SZ,A股-深交所,2024-11-21,14.01,14.05,13.8,13.88,14.03,33042853,459626788.87,-1.0691,1.7101,1,0,none,baostock,query_history_k_data_plus
002271,SZSE.002271,,SZ,A股-深交所,2024-11-22,13.81,13.94,13.35,13.35,13.88,40361365,550851729.97,-3.8184,2.0889,1,0,none,baostock,query_history_k_data_plus
002271,SZSE.002271,,SZ,A股-深交所,2024-11-25,13.33,13.48,13.11,13.33,13.35,30899593,410917813.39,-0.1498,1.5992,1,0,none,baostock,query_history_k_data_plus
002271,SZSE.002271,,SZ,A股-深交所,2024-11-26,13.33,13.6,13.3,13.35,13.33,24175294,324059955.6,0.15,1.2512,1,0,none,baostock,query_history_k_data_plus
002271,SZSE.002271,,SZ,A股-深交所,2024-11-27,13.3,13.65,13.14,13.63,13.35,31020164,415318783.34,2.0974,1.6054,1,0,none,baostock,query_history_k_data_plus
002271,SZSE.002271,,SZ,A股-深交所,2024-11-28,13.64,13.68,13.46,13.49,13.63,23754434,322042698.86,-1.0271,1.2294,1,0,none,baostock,query_history_k_data_plus
002271,SZSE.002271,,SZ,A股-深交所,2024-11-29,13.43,13.84,13.42,13.63,13.49,35950828,491159335.96,1.0378,1.8606,1,0,none,baostock,query_history_k_data_plus
002271,SZSE.002271,,SZ,A股-深交所,2024-12-02,13.63,14.1,13.52,14.01,13.63,45510330,629306048.89,2.788,2.3553,1,0,none,baostock,query_history_k_data_plus
002271,SZSE.002271,,SZ,A股-深交所,2024-12-03,14.1,14.15,13.83,14.04,14.01,34883374,487604505.64,0.2141,1.8053,1,0,none,baostock,query_history_k_data_plus
002271,SZSE.002271,,SZ,A股-深交所,2024-12-04,13.94,14.0,13.64,13.68,14.04,29738578,409671220.36,-2.5641,1.5391,1,0,none,baostock,query_history_k_data_plus
002271,SZSE.002271,,SZ,A股-深交所,2024-12-05,13.69,13.7,13.51,13.64,13.68,23268717,316519041.35,-0.2924,1.2042,1,0,none,baostock,query_history_k_data_plus
002271,SZSE.002271,,SZ,A股-深交所,2024-12-06,13.64,13.9,13.53,13.8,13.64,33718261,463728098.32,1.173,1.745,1,0,none,baostock,query_history_k_data_plus
002271,SZSE.002271,,SZ,A股-深交所,2024-12-09,13.78,13.82,13.53,13.62,13.8,30923274,423022749.88,-1.3043,1.6004,1,0,none,baostock,query_history_k_data_plus
002271,SZSE.002271,,SZ,A股-深交所,2024-12-10,14.23,14.49,13.91,13.93,13.62,81454945,1160278230.06,2.2761,4.2156,1,0,none,baostock,query_history_k_data_plus
002271,SZSE.002271,,SZ,A股-深交所,2024-12-11,13.9,14.24,13.87,14.0,13.93,34550872,484356400.36,0.5025,1.7881,1,0,none,baostock,query_history_k_data_plus
002271,SZSE.002271,,SZ,A股-深交所,2024-12-12,13.96,14.38,13.83,14.31,14.0,57059701,807172361.78,2.2143,2.9531,1,0,none,baostock,query_history_k_data_plus
002271,SZSE.002271,,SZ,A股-深交所,2024-12-13,14.2,14.2,13.7,13.74,14.31,62758257,871136209.27,-3.9832,3.248,1,0,none,baostock,query_history_k_data_plus
002271,SZSE.002271,,SZ,A股-深交所,2024-12-16,13.74,13.74,13.13,13.21,13.74,59442829,794358130.12,-3.8574,3.0764,1,0,none,baostock,query_history_k_data_plus
002271,SZSE.002271,,SZ,A股-深交所,2024-12-17,13.18,13.28,13.0,13.05,13.21,36672222,480870080.95,-1.2112,1.8979,1,0,none,baostock,query_history_k_data_plus
002271,SZSE.002271,,SZ,A股-深交所,2024-12-18,13.13,13.19,13.0,13.02,13.05,25190826,328814773.41,-0.2299,1.3037,1,0,none,baostock,query_history_k_data_plus
002271,SZSE.002271,,SZ,A股-深交所,2024-12-19,12.89,12.99,12.75,12.94,13.02,26384803,339459345.68,-0.6144,1.3655,1,0,none,baostock,query_history_k_data_plus
002271,SZSE.002271,,SZ,A股-深交所,2024-12-20,12.98,13.04,12.9,12.95,12.94,20482730,265396193.78,0.0773,1.0601,1,0,none,baostock,query_history_k_data_plus
002271,SZSE.002271,,SZ,A股-深交所,2024-12-23,12.91,13.17,12.76,12.8,12.95,28393469,367564617.09,-1.1583,1.4695,1,0,none,baostock,query_history_k_data_plus
002271,SZSE.002271,,SZ,A股-深交所,2024-12-24,12.83,13.01,12.74,12.95,12.8,24879009,320090386.71,1.1719,1.2876,1,0,none,baostock,query_history_k_data_plus
002271,SZSE.002271,,SZ,A股-深交所,2024-12-25,12.94,13.95,12.9,13.7,12.95,106264997,1431279481.87,5.7915,5.4996,1,0,none,baostock,query_history_k_data_plus
002271,SZSE.002271,,SZ,A股-深交所,2024-12-26,13.58,13.61,13.28,13.34,13.7,45844185,614698744.63,-2.6277,2.3726,1,0,none,baostock,query_history_k_data_plus
002271,SZSE.002271,,SZ,A股-深交所,2024-12-27,13.47,14.05,13.41,13.85,13.34,75158566,1037149308.82,3.8231,3.8897,1,0,none,baostock,query_history_k_data_plus
002271,SZSE.002271,,SZ,A股-深交所,2024-12-30,13.71,13.79,13.41,13.51,13.85,42483811,576884950.31,-2.4549,2.1987,1,0,none,baostock,query_history_k_data_plus
002271,SZSE.002271,,SZ,A股-深交所,2024-12-31,13.45,13.48,12.96,12.98,13.51,41073509,540677468.74,-3.923,2.1257,1,0,none,baostock,query_history_k_data_plus
002271,SZSE.002271,,SZ,A股-深交所,2025-01-02,12.95,13.14,12.54,12.58,12.98,41220684,529694673.77,-3.0817,2.1333,1,0,none,baostock,query_history_k_data_plus
002271,SZSE.002271,,SZ,A股-深交所,2025-01-03,12.63,12.89,12.18,12.46,12.58,44687366,559393729.96,-0.9539,2.3127,1,0,none,baostock,query_history_k_data_plus
002271,SZSE.002271,,SZ,A股-深交所,2025-01-06,12.46,12.67,12.33,12.6,12.46,27286047,342317755.49,1.1236,1.4122,1,0,none,baostock,query_history_k_data_plus
002271,SZSE.002271,,SZ,A股-深交所,2025-01-07,12.55,12.67,12.43,12.65,12.6,21545730,270513620.97,0.3968,1.1151,1,0,none,baostock,query_history_k_data_plus
002271,SZSE.002271,,SZ,A股-深交所,2025-01-08,12.57,12.66,12.26,12.53,12.65,27467072,342812845.19,-0.9486,1.4215,1,0,none,baostock,query_history_k_data_plus
002271,SZSE.002271,,SZ,A股-深交所,2025-01-09,12.5,12.71,12.38,12.66,12.53,19760765,248925075.13,1.0375,1.0227,1,0,none,baostock,query_history_k_data_plus
002271,SZSE.002271,,SZ,A股-深交所,2025-01-10,12.7,12.74,12.25,12.25,12.66,28187138,349435929.98,-3.2385,1.4588,1,0,none,baostock,query_history_k_data_plus
002271,SZSE.002271,,SZ,A股-深交所,2025-01-13,12.1,12.34,11.97,12.33,12.25,22886495,279168027.5,0.6531,1.1845,1,0,none,baostock,query_history_k_data_plus
002271,SZSE.002271,,SZ,A股-深交所,2025-01-14,12.35,12.68,12.26,12.67,12.33,26810634,335634526.86,2.7575,1.3876,1,0,none,baostock,query_history_k_data_plus
002271,SZSE.002271,,SZ,A股-深交所,2025-01-15,12.62,12.83,12.48,12.71,12.67,23404602,296476086.9,0.3157,1.2113,1,0,none,baostock,query_history_k_data_plus
002271,SZSE.002271,,SZ,A股-深交所,2025-01-16,12.74,12.92,12.6,12.8,12.71,22307927,284849425.63,0.7081,1.1545,1,0,none,baostock,query_history_k_data_plus
002271,SZSE.002271,,SZ,A股-深交所,2025-01-17,12.69,12.99,12.59,12.8,12.8,21925417,280928087.77,0.0,1.1347,1,0,none,baostock,query_history_k_data_plus
002271,SZSE.002271,,SZ,A股-深交所,2025-01-20,12.27,12.45,12.08,12.29,12.8,53137726,652928774.79,-3.9844,2.7079,1,0,none,baostock,query_history_k_data_plus
002271,SZSE.002271,,SZ,A股-深交所,2025-01-21,12.34,12.55,12.12,12.32,12.29,30877866,380733979.47,0.2441,1.5735,1,0,none,baostock,query_history_k_data_plus
002271,SZSE.002271,,SZ,A股-深交所,2025-01-22,12.26,12.42,12.16,12.19,12.32,24173018,295857180.81,-1.0552,1.2318,1,0,none,baostock,query_history_k_data_plus
002271,SZSE.002271,,SZ,A股-深交所,2025-01-23,12.33,12.49,12.12,12.12,12.19,31469350,386969843.35,-0.5742,1.6037,1,0,none,baostock,query_history_k_data_plus
002271,SZSE.002271,,SZ,A股-深交所,2025-01-24,12.1,12.15,12.0,12.07,12.12,27173027,327869389.18,-0.4125,1.3847,1,0,none,baostock,query_history_k_data_plus
002271,SZSE.002271,,SZ,A股-深交所,2025-01-27,12.12,12.63,12.12,12.26,12.07,35618526,442038143.9,1.5742,1.8151,1,0,none,baostock,query_history_k_data_plus
002271,SZSE.002271,,SZ,A股-深交所,2025-02-05,12.31,12.34,11.97,12.01,12.26,31843881,384927072.97,-2.0392,1.6227,1,0,none,baostock,query_history_k_data_plus
002271,SZSE.002271,,SZ,A股-深交所,2025-02-06,12.03,12.04,11.71,12.01,12.01,38501182,456792172.18,0.0,1.962,1,0,none,baostock,query_history_k_data_plus
002271,SZSE.002271,,SZ,A股-深交所,2025-02-07,12.0,12.41,11.9,12.32,12.01,50896942,624065647.86,2.5812,2.5937,1,0,none,baostock,query_history_k_data_plus
002271,SZSE.002271,,SZ,A股-深交所,2025-02-10,12.37,12.4,12.23,12.38,12.32,26313652,324192585.24,0.487,1.3409,1,0,none,baostock,query_history_k_data_plus
002271,SZSE.002271,,SZ,A股-深交所,2025-02-11,12.4,12.42,12.14,12.21,12.38,24550250,299448423.6,-1.3732,1.2511,1,0,none,baostock,query_history_k_data_plus
002271,SZSE.002271,,SZ,A股-深交所,2025-02-12,12.18,12.4,12.12,12.4,12.21,35432671,433315867.86,1.5561,1.8056,1,0,none,baostock,query_history_k_data_plus
002271,SZSE.002271,,SZ,A股-深交所,2025-02-13,12.4,12.8,12.36,12.67,12.4,61092048,774497668.13,2.1774,3.1132,1,0,none,baostock,query_history_k_data_plus
002271,SZSE.002271,,SZ,A股-深交所,2025-02-14,12.61,12.7,12.45,12.57,12.67,27255900,341783750.96,-0.7893,1.3889,1,0,none,baostock,query_history_k_data_plus
002271,SZSE.002271,,SZ,A股-深交所,2025-02-17,12.6,12.69,12.47,12.68,12.57,33647333,423883014.83,0.8751,1.7146,1,0,none,baostock,query_history_k_data_plus
002271,SZSE.002271,,SZ,A股-深交所,2025-02-18,12.68,12.69,12.26,12.3,12.68,31773689,395085557.45,-2.9968,1.6192,1,0,none,baostock,query_history_k_data_plus
002271,SZSE.002271,,SZ,A股-深交所,2025-02-19,12.27,12.4,12.18,12.38,12.3,24332968,299464495.1,0.6504,1.24,1,0,none,baostock,query_history_k_data_plus
002271,SZSE.002271,,SZ,A股-深交所,2025-02-20,12.38,12.57,12.31,12.48,12.38,22465194,279387672.43,0.8078,1.1448,1,0,none,baostock,query_history_k_data_plus
002271,SZSE.002271,,SZ,A股-深交所,2025-02-21,12.49,12.76,12.41,12.58,12.48,36326243,457571478.46,0.8013,1.8512,1,0,none,baostock,query_history_k_data_plus
002271,SZSE.002271,,SZ,A股-深交所,2025-02-24,12.55,12.72,12.51,12.64,12.58,23493679,296548391.34,0.4769,1.1972,1,0,none,baostock,query_history_k_data_plus
002271,SZSE.002271,,SZ,A股-深交所,2025-02-25,12.5,12.56,12.35,12.38,12.64,25085320,311802533.29,-2.057,1.2783,1,0,none,baostock,query_history_k_data_plus
002271,SZSE.002271,,SZ,A股-深交所,2025-02-26,12.38,12.75,12.38,12.74,12.38,36368394,458603509.64,2.9079,1.8533,1,0,none,baostock,query_history_k_data_plus
002271,SZSE.002271,,SZ,A股-深交所,2025-02-27,12.75,12.88,12.56,12.68,12.74,29139521,370193435.57,-0.471,1.4849,1,0,none,baostock,query_history_k_data_plus
002271,SZSE.002271,,SZ,A股-深交所,2025-02-28,13.08,13.27,12.88,12.91,12.68,82573975,1076685553.28,1.8139,4.2079,1,0,none,baostock,query_history_k_data_plus
002271,SZSE.002271,,SZ,A股-深交所,2025-03-03,12.93,13.3,12.86,13.08,12.91,59605332,781335092.24,1.3168,3.0375,1,0,none,baostock,query_history_k_data_plus
002271,SZSE.002271,,SZ,A股-深交所,2025-03-04,13.03,13.2,12.89,13.02,13.08,34496721,447847256.77,-0.4587,1.7579,1,0,none,baostock,query_history_k_data_plus
002271,SZSE.002271,,SZ,A股-深交所,2025-03-05,13.03,13.19,12.99,13.08,13.02,36761411,481944290.58,0.4608,1.8733,1,0,none,baostock,query_history_k_data_plus
002271,SZSE.002271,,SZ,A股-深交所,2025-03-06,13.17,13.38,13.12,13.18,13.08,44656791,590880886.76,0.7645,2.2757,1,0,none,baostock,query_history_k_data_plus
002271,SZSE.002271,,SZ,A股-深交所,2025-03-07,13.13,13.39,13.07,13.34,13.18,38395638,509848274.17,1.214,1.9566,1,0,none,baostock,query_history_k_data_plus
002271,SZSE.002271,,SZ,A股-深交所,2025-03-10,13.42,14.04,13.42,13.97,13.34,96380540,1334541268.02,4.7226,4.9115,1,0,none,baostock,query_history_k_data_plus
002271,SZSE.002271,,SZ,A股-深交所,2025-03-11,13.86,14.24,13.81,13.98,13.97,64217732,897866777.45,0.0716,3.2725,1,0,none,baostock,query_history_k_data_plus
002271,SZSE.002271,,SZ,A股-深交所,2025-03-12,13.98,14.0,13.66,13.7,13.98,45561348,626816448.0,-2.0029,2.3218,1,0,none,baostock,query_history_k_data_plus
002271,SZSE.002271,,SZ,A股-深交所,2025-03-13,13.47,13.64,13.41,13.52,13.7,35652870,481038754.92,-1.3139,1.8168,1,0,none,baostock,query_history_k_data_plus
002271,SZSE.002271,,SZ,A股-深交所,2025-03-14,13.57,13.66,13.42,13.6,13.52,33987749,461111299.89,0.5917,1.732,1,0,none,baostock,query_history_k_data_plus
002271,SZSE.002271,,SZ,A股-深交所,2025-03-17,13.6,13.94,13.6,13.87,13.6,45852416,633069106.71,1.9853,2.3366,1,0,none,baostock,query_history_k_data_plus
002271,SZSE.002271,,SZ,A股-深交所,2025-03-18,13.86,13.88,13.69,13.79,13.87,23263774,320249635.13,-0.5768,1.1855,1,0,none,baostock,query_history_k_data_plus
002271,SZSE.002271,,SZ,A股-深交所,2025-03-19,13.79,13.96,13.69,13.88,13.79,31414884,435244313.76,0.6526,1.6009,1,0,none,baostock,query_history_k_data_plus
002271,SZSE.002271,,SZ,A股-深交所,2025-03-20,13.88,13.96,13.57,13.58,13.88,35292191,484686468.33,-2.1614,1.7985,1,0,none,baostock,query_history_k_data_plus
002271,SZSE.002271,,SZ,A股-深交所,2025-03-21,13.58,13.79,13.39,13.5,13.58,39379247,533216567.12,-0.5891,2.0067,1,0,none,baostock,query_history_k_data_plus
002271,SZSE.002271,,SZ,A股-深交所,2025-03-24,13.45,13.6,13.24,13.41,13.5,28624230,383905275.74,-0.6667,1.4949,1,0,none,baostock,query_history_k_data_plus
002271,SZSE.002271,,SZ,A股-深交所,2025-03-25,13.48,13.73,13.44,13.59,13.41,29098356,395454366.05,1.3423,1.5197,1,0,none,baostock,query_history_k_data_plus
002271,SZSE.002271,,SZ,A股-深交所,2025-03-26,13.6,13.64,13.39,13.5,13.59,18513552,249913158.61,-0.6623,0.9669,1,0,none,baostock,query_history_k_data_plus
002271,SZSE.002271,,SZ,A股-深交所,2025-03-27,13.51,13.72,13.4,13.6,13.5,24502061,332946835.54,0.7407,1.2797,1,0,none,baostock,query_history_k_data_plus
002271,SZSE.002271,,SZ,A股-深交所,2025-03-28,13.64,13.73,13.52,13.63,13.6,24544523,334551707.48,0.2206,1.2819,1,0,none,baostock,query_history_k_data_plus
002271,SZSE.002271,,SZ,A股-深交所,2025-03-31,13.64,13.72,13.45,13.65,13.63,34343276,467088229.85,0.1467,1.7936,1,0,none,baostock,query_history_k_data_plus
002271,SZSE.002271,,SZ,A股-深交所,2025-04-01,12.73,12.74,12.02,12.11,12.73,56665797,694889930.09,-4.8704,2.9595,1,0,none,baostock,query_history_k_data_plus
002271,SZSE.002271,,SZ,A股-深交所,2025-04-02,12.09,12.21,12.01,12.06,12.11,20605748,249347805.9,-0.4129,1.0762,1,0,none,baostock,query_history_k_data_plus
002271,SZSE.002271,,SZ,A股-深交所,2025-04-03,12.02,12.23,11.98,12.15,12.06,17408804,211182069.52,0.7463,0.9092,1,0,none,baostock,query_history_k_data_plus
002271,SZSE.002271,,SZ,A股-深交所,2025-04-07,11.68,11.74,10.94,11.18,12.15,48019168,542419726.84,-7.9835,2.5079,1,0,none,baostock,query_history_k_data_plus
002271,SZSE.002271,,SZ,A股-深交所,2025-04-08,11.17,11.54,11.1,11.5,11.18,30713966,349565108.77,2.8623,1.6041,1,0,none,baostock,query_history_k_data_plus
002271,SZSE.002271,,SZ,A股-深交所,2025-04-09,11.38,12.0,11.17,11.91,11.5,35098353,409479495.71,3.5652,1.8331,1,0,none,baostock,query_history_k_data_plus
002271,SZSE.002271,,SZ,A股-深交所,2025-04-10,12.0,12.16,11.8,12.01,11.91,24429955,293694424.4,0.8396,1.2759,1,0,none,baostock,query_history_k_data_plus
002271,SZSE.002271,,SZ,A股-深交所,2025-04-11,12.01,12.1,11.92,12.02,12.01,20409200,245208500.82,0.0833,1.0659,1,0,none,baostock,query_history_k_data_plus
002271,SZSE.002271,,SZ,A股-深交所,2025-04-14,12.05,12.1,11.89,11.93,12.02,17025383,204050324.57,-0.7488,0.8892,1,0,none,baostock,query_history_k_data_plus
002271,SZSE.002271,,SZ,A股-深交所,2025-04-15,11.91,11.95,11.64,11.75,11.93,16825980,197493824.55,-1.5088,0.8788,1,0,none,baostock,query_history_k_data_plus
002271,SZSE.002271,,SZ,A股-深交所,2025-04-16,11.68,11.77,11.52,11.67,11.75,16704567,194222590.94,-0.6809,0.8724,1,0,none,baostock,query_history_k_data_plus
002271,SZSE.002271,,SZ,A股-深交所,2025-04-17,11.6,12.33,11.59,12.16,11.67,37487047,453573958.65,4.1988,1.9578,1,0,none,baostock,query_history_k_data_plus
002271,SZSE.002271,,SZ,A股-深交所,2025-04-18,12.13,12.15,11.91,12.06,12.16,14295087,171782046.21,-0.8224,0.7466,1,0,none,baostock,query_history_k_data_plus
002271,SZSE.002271,,SZ,A股-深交所,2025-04-21,12.06,12.07,11.93,11.98,12.06,14388332,172216059.5,-0.6633,0.7515,1,0,none,baostock,query_history_k_data_plus
002271,SZSE.002271,,SZ,A股-深交所,2025-04-22,11.95,12.04,11.89,11.96,11.98,12798144,153014421.53,-0.1669,0.6684,1,0,none,baostock,query_history_k_data_plus
002271,SZSE.002271,,SZ,A股-深交所,2025-04-23,11.96,12.02,11.8,11.8,11.96,15142379,179745290.36,-1.3378,0.7908,1,0,none,baostock,query_history_k_data_plus
002271,SZSE.002271,,SZ,A股-深交所,2025-04-24,11.81,11.92,11.65,11.71,11.8,12740128,149898848.22,-0.7627,0.6654,1,0,none,baostock,query_history_k_data_plus
002271,SZSE.002271,,SZ,A股-深交所,2025-04-25,11.72,12.02,11.62,11.76,11.71,25241747,299374693.39,0.427,1.3183,1,0,none,baostock,query_history_k_data_plus
002271,SZSE.002271,,SZ,A股-深交所,2025-04-28,11.7,11.74,11.02,11.2,11.76,41543354,469452268.0,-4.7619,2.1697,1,0,none,baostock,query_history_k_data_plus
002271,SZSE.002271,,SZ,A股-深交所,2025-04-29,11.11,11.23,11.09,11.13,11.2,17531648,195407943.65,-0.625,0.9156,1,0,none,baostock,query_history_k_data_plus
002271,SZSE.002271,,SZ,A股-深交所,2025-04-30,11.12,11.27,11.12,11.17,11.13,14996749,167790886.29,0.3594,0.7832,1,0,none,baostock,query_history_k_data_plus
002271,SZSE.002271,,SZ,A股-深交所,2025-05-06,11.22,11.37,11.22,11.35,11.17,16812659,190482908.37,1.6115,0.8781,1,0,none,baostock,query_history_k_data_plus
002271,SZSE.002271,,SZ,A股-深交所,2025-05-07,11.5,11.63,11.38,11.42,11.35,19540396,223941588.36,0.6167,1.0205,1,0,none,baostock,query_history_k_data_plus
002271,SZSE.002271,,SZ,A股-深交所,2025-05-08,11.42,11.5,11.35,11.42,11.42,17275367,197703897.29,0.0,0.9022,1,0,none,baostock,query_history_k_data_plus
002271,SZSE.002271,,SZ,A股-深交所,2025-05-09,11.43,11.43,11.3,11.33,11.42,12234709,138722752.97,-0.7881,0.639,1,0,none,baostock,query_history_k_data_plus
002271,SZSE.002271,,SZ,A股-深交所,2025-05-12,11.35,11.48,11.33,11.47,11.33,15825086,180962290.38,1.2357,0.8265,1,0,none,baostock,query_history_k_data_plus
002271,SZSE.002271,,SZ,A股-深交所,2025-05-13,11.52,11.55,11.41,11.44,11.47,14071803,161220971.01,-0.2616,0.7349,1,0,none,baostock,query_history_k_data_plus
002271,SZSE.002271,,SZ,A股-深交所,2025-05-14,11.41,11.48,11.3,11.42,11.44,13459850,153107534.5,-0.1748,0.703,1,0,none,baostock,query_history_k_data_plus
002271,SZSE.002271,,SZ,A股-深交所,2025-05-15,11.4,11.4,11.21,11.21,11.42,16934833,191101943.93,-1.8389,0.8845,1,0,none,baostock,query_history_k_data_plus
002271,SZSE.002271,,SZ,A股-深交所,2025-05-16,11.32,11.44,11.26,11.41,11.21,21511736,244326532.4,1.7841,1.1235,1,0,none,baostock,query_history_k_data_plus
002271,SZSE.002271,,SZ,A股-深交所,2025-05-19,11.35,11.39,11.27,11.32,11.41,12459950,140967814.5,-0.7888,0.6507,1,0,none,baostock,query_history_k_data_plus
002271,SZSE.002271,,SZ,A股-深交所,2025-05-20,11.32,11.41,11.25,11.34,11.32,16868822,191207767.63,0.1767,0.881,1,0,none,baostock,query_history_k_data_plus
002271,SZSE.002271,,SZ,A股-深交所,2025-05-21,11.33,11.36,11.25,11.27,11.34,16086126,181494828.79,-0.6173,0.8401,1,0,none,baostock,query_history_k_data_plus
002271,SZSE.002271,,SZ,A股-深交所,2025-05-22,11.22,11.25,11.1,11.12,11.27,21947095,244493521.48,-1.331,1.1462,1,0,none,baostock,query_history_k_data_plus
002271,SZSE.002271,,SZ,A股-深交所,2025-05-23,11.13,11.17,11.05,11.08,11.12,12093615,134315608.4,-0.3597,0.6316,1,0,none,baostock,query_history_k_data_plus
002271,SZSE.002271,,SZ,A股-深交所,2025-05-26,11.05,11.11,11.04,11.1,11.08,9684268,107279031.04,0.1805,0.5058,1,0,none,baostock,query_history_k_data_plus
002271,SZSE.002271,,SZ,A股-深交所,2025-05-27,11.07,11.14,11.06,11.11,11.1,9767017,108421361.37,0.0901,0.5101,1,0,none,baostock,query_history_k_data_plus
002271,SZSE.002271,,SZ,A股-深交所,2025-05-28,11.12,11.14,10.97,10.97,11.11,15346455,169367692.96,-1.2601,0.8015,1,0,none,baostock,query_history_k_data_plus
002271,SZSE.002271,,SZ,A股-深交所,2025-05-29,10.95,11.06,10.94,11.06,10.97,11138787,122825300.27,0.8204,0.5817,1,0,none,baostock,query_history_k_data_plus
002271,SZSE.002271,,SZ,A股-深交所,2025-05-30,11.05,11.17,11.02,11.17,11.06,18286041,203182340.52,0.9946,0.955,1,0,none,baostock,query_history_k_data_plus
002271,SZSE.002271,,SZ,A股-深交所,2025-06-03,11.05,11.14,10.98,11.03,11.17,23480980,258899722.19,-1.2534,1.2263,1,0,none,baostock,query_history_k_data_plus
002271,SZSE.002271,,SZ,A股-深交所,2025-06-04,11.03,11.22,11.01,11.2,11.03,26009268,290079424.6,1.5413,1.3584,1,0,none,baostock,query_history_k_data_plus
002271,SZSE.002271,,SZ,A股-深交所,2025-06-05,11.18,11.2,11.08,11.14,11.2,16446849,182852668.23,-0.5357,0.859,1,0,none,baostock,query_history_k_data_plus
002271,SZSE.002271,,SZ,A股-深交所,2025-06-06,11.15,11.17,11.05,11.08,11.14,18602131,206485428.35,-0.5386,0.9715,1,0,none,baostock,query_history_k_data_plus
002271,SZSE.002271,,SZ,A股-深交所,2025-06-09,11.08,11.11,11.03,11.11,11.08,20044234,221715408.37,0.2708,1.0468,1,0,none,baostock,query_history_k_data_plus
002271,SZSE.002271,,SZ,A股-深交所,2025-06-10,11.09,11.14,10.98,11.03,11.11,20215193,223348429.31,-0.7201,1.0558,1,0,none,baostock,query_history_k_data_plus
002271,SZSE.002271,,SZ,A股-深交所,2025-06-11,11.02,11.09,11.01,11.04,11.03,15922912,175798316.36,0.0907,0.8316,1,0,none,baostock,query_history_k_data_plus
002271,SZSE.002271,,SZ,A股-深交所,2025-06-12,11.02,11.02,10.92,10.95,11.04,26758553,293049377.43,-0.8152,1.3975,1,0,none,baostock,query_history_k_data_plus
002271,SZSE.002271,,SZ,A股-深交所,2025-06-13,10.96,10.96,10.5,10.54,10.95,84669739,898271535.48,-3.7443,4.422,1,0,none,baostock,query_history_k_data_plus
002271,SZSE.002271,,SZ,A股-深交所,2025-06-16,10.53,10.63,10.37,10.56,10.54,36506744,383313322.78,0.1898,1.9066,1,0,none,baostock,query_history_k_data_plus
002271,SZSE.002271,,SZ,A股-深交所,2025-06-17,10.56,10.9,10.56,10.71,10.56,38930146,418052205.4,1.4205,2.0332,1,0,none,baostock,query_history_k_data_plus
002271,SZSE.002271,,SZ,A股-深交所,2025-06-18,10.67,10.67,10.53,10.58,10.71,16791166,177746543.67,-1.2138,0.8769,1,0,none,baostock,query_history_k_data_plus
002271,SZSE.002271,,SZ,A股-深交所,2025-06-19,10.57,10.62,10.45,10.45,10.58,15374225,161686468.22,-1.2287,0.8029,1,0,none,baostock,query_history_k_data_plus
002271,SZSE.002271,,SZ,A股-深交所,2025-06-20,10.45,10.56,10.4,10.41,10.45,13978153,146244456.09,-0.3828,0.73,1,0,none,baostock,query_history_k_data_plus
002271,SZSE.002271,,SZ,A股-深交所,2025-06-23,10.36,10.52,10.26,10.49,10.41,15313735,159202294.75,0.7685,0.7998,1,0,none,baostock,query_history_k_data_plus
002271,SZSE.002271,,SZ,A股-深交所,2025-06-24,10.55,10.65,10.49,10.65,10.49,20964290,222393739.39,1.5253,1.0949,1,0,none,baostock,query_history_k_data_plus
002271,SZSE.002271,,SZ,A股-深交所,2025-06-25,10.65,10.7,10.56,10.7,10.65,20807930,221559453.65,0.4695,1.0867,1,0,none,baostock,query_history_k_data_plus
002271,SZSE.002271,,SZ,A股-深交所,2025-06-26,10.7,10.7,10.59,10.6,10.7,13770130,146601441.3,-0.9346,0.7192,1,0,none,baostock,query_history_k_data_plus
002271,SZSE.002271,,SZ,A股-深交所,2025-06-27,10.61,10.7,10.61,10.65,10.6,13638922,145494255.06,0.4717,0.7123,1,0,none,baostock,query_history_k_data_plus
002271,SZSE.002271,,SZ,A股-深交所,2025-06-30,10.65,10.78,10.65,10.73,10.65,16026994,171894222.93,0.7512,0.837,1,0,none,baostock,query_history_k_data_plus
002271,SZSE.002271,,SZ,A股-深交所,2025-07-01,10.73,10.75,10.64,10.67,10.73,12623956,134750993.55,-0.5592,0.6593,1,0,none,baostock,query_history_k_data_plus
002271,SZSE.002271,,SZ,A股-深交所,2025-07-02,10.68,10.8,10.63,10.78,10.67,21807505,233831949.41,1.0309,1.1389,1,0,none,baostock,query_history_k_data_plus
002271,SZSE.002271,,SZ,A股-深交所,2025-07-03,10.73,11.13,10.73,11.07,10.78,71143992,782466216.37,2.6902,3.7156,1,0,none,baostock,query_history_k_data_plus
002271,SZSE.002271,,SZ,A股-深交所,2025-07-04,11.02,11.12,10.9,10.9,11.07,33197840,364062435.68,-1.5357,1.7338,1,0,none,baostock,query_history_k_data_plus
002271,SZSE.002271,,SZ,A股-深交所,2025-07-07,11.0,11.38,11.0,11.21,10.9,59308699,665025665.58,2.844,3.0975,1,0,none,baostock,query_history_k_data_plus
002271,SZSE.002271,,SZ,A股-深交所,2025-07-08,11.2,11.54,11.13,11.48,11.21,55217969,626746820.07,2.4086,2.8839,1,0,none,baostock,query_history_k_data_plus
002271,SZSE.002271,,SZ,A股-深交所,2025-07-09,11.47,11.47,11.33,11.37,11.48,30072206,342869271.27,-0.9582,1.5706,1,0,none,baostock,query_history_k_data_plus
002271,SZSE.002271,,SZ,A股-深交所,2025-07-10,11.37,11.72,11.33,11.68,11.37,48432589,560385571.13,2.7265,2.5295,1,0,none,baostock,query_history_k_data_plus
002271,SZSE.002271,,SZ,A股-深交所,2025-07-11,11.68,11.69,11.5,11.52,11.68,30668015,354435123.91,-1.3699,1.6017,1,0,none,baostock,query_history_k_data_plus
002271,SZSE.002271,,SZ,A股-深交所,2025-07-14,11.52,11.52,11.29,11.34,11.52,30079950,341385551.17,-1.5625,1.571,1,0,none,baostock,query_history_k_data_plus
002271,SZSE.002271,,SZ,A股-深交所,2025-07-15,11.32,11.39,11.07,11.24,11.34,33624369,376499942.44,-0.8818,1.7561,1,0,none,baostock,query_history_k_data_plus
002271,SZSE.002271,,SZ,A股-深交所,2025-07-16,11.25,11.37,11.18,11.29,11.24,22253532,250615552.6,0.4448,1.1622,1,0,none,baostock,query_history_k_data_plus
002271,SZSE.002271,,SZ,A股-深交所,2025-07-17,11.27,11.38,11.21,11.27,11.29,16695910,187999387.5,-0.1771,0.872,1,0,none,baostock,query_history_k_data_plus
002271,SZSE.002271,,SZ,A股-深交所,2025-07-18,11.36,11.38,11.18,11.2,11.27,19522080,219399582.06,-0.6211,1.0196,1,0,none,baostock,query_history_k_data_plus
002271,SZSE.002271,,SZ,A股-深交所,2025-07-21,11.66,11.89,11.47,11.87,11.2,93101759,1092851179.99,5.9821,4.8624,1,0,none,baostock,query_history_k_data_plus
002271,SZSE.002271,,SZ,A股-深交所,2025-07-22,11.99,12.71,11.83,12.64,11.87,143538592,1760734047.31,6.4869,7.4965,1,0,none,baostock,query_history_k_data_plus
002271,SZSE.002271,,SZ,A股-深交所,2025-07-23,12.72,12.8,12.32,12.35,12.64,86186707,1074889312.79,-2.2943,4.5012,1,0,none,baostock,query_history_k_data_plus
002271,SZSE.002271,,SZ,A股-深交所,2025-07-24,12.29,12.5,12.05,12.4,12.35,51560431,634848848.11,0.4049,2.6928,1,0,none,baostock,query_history_k_data_plus
002271,SZSE.002271,,SZ,A股-深交所,2025-07-25,12.48,12.6,12.3,12.41,12.4,45638540,568154343.29,0.0806,2.3835,1,0,none,baostock,query_history_k_data_plus
002271,SZSE.002271,,SZ,A股-深交所,2025-07-28,12.3,12.41,12.19,12.32,12.41,34919837,429242209.34,-0.7252,1.8237,1,0,none,baostock,query_history_k_data_plus
002271,SZSE.002271,,SZ,A股-深交所,2025-07-29,12.43,12.64,12.28,12.43,12.32,35979263,447601486.98,0.8929,1.8791,1,0,none,baostock,query_history_k_data_plus
002271,SZSE.002271,,SZ,A股-深交所,2025-07-30,12.4,12.78,12.33,12.51,12.43,48608148,611694566.71,0.6436,2.5386,1,0,none,baostock,query_history_k_data_plus
002271,SZSE.002271,,SZ,A股-深交所,2025-07-31,12.45,12.45,11.98,12.03,12.51,59845386,725231496.13,-3.8369,3.1255,1,0,none,baostock,query_history_k_data_plus
002271,SZSE.002271,,SZ,A股-深交所,2025-08-01,12.14,12.24,11.88,11.92,12.03,42166444,506492377.98,-0.9144,2.2019,1,0,none,baostock,query_history_k_data_plus
002271,SZSE.002271,,SZ,A股-深交所,2025-08-04,11.99,12.01,11.8,11.93,11.92,27735809,329558666.65,0.0839,1.4484,1,0,none,baostock,query_history_k_data_plus
002271,SZSE.002271,,SZ,A股-深交所,2025-08-05,11.93,12.5,11.93,12.48,11.93,66978764,824622072.04,4.6102,3.4976,1,0,none,baostock,query_history_k_data_plus
002271,SZSE.002271,,SZ,A股-深交所,2025-08-06,12.5,12.6,12.42,12.55,12.48,40666746,509077596.89,0.5609,2.1236,1,0,none,baostock,query_history_k_data_plus
002271,SZSE.002271,,SZ,A股-深交所,2025-08-07,12.58,12.65,12.3,12.49,12.55,32478691,404352877.77,-0.4781,1.696,1,0,none,baostock,query_history_k_data_plus
002271,SZSE.002271,,SZ,A股-深交所,2025-08-08,12.49,12.54,12.35,12.4,12.49,21237303,264033047.48,-0.7206,1.109,1,0,none,baostock,query_history_k_data_plus
002271,SZSE.002271,,SZ,A股-深交所,2025-08-11,12.5,12.74,12.49,12.64,12.4,39592509,501141324.13,1.9355,2.0675,1,0,none,baostock,query_history_k_data_plus
002271,SZSE.002271,,SZ,A股-深交所,2025-08-12,12.25,12.57,12.25,12.5,12.64,40273236,500530935.63,-1.1076,2.1031,1,0,none,baostock,query_history_k_data_plus
002271,SZSE.002271,,SZ,A股-深交所,2025-08-13,12.49,12.5,12.25,12.32,12.5,38976569,480248598.13,-1.44,2.0353,1,0,none,baostock,query_history_k_data_plus
002271,SZSE.002271,,SZ,A股-深交所,2025-08-14,12.35,12.44,12.03,12.03,12.32,40420647,493568356.88,-2.3539,2.1108,1,0,none,baostock,query_history_k_data_plus
002271,SZSE.002271,,SZ,A股-深交所,2025-08-15,12.02,12.24,12.02,12.14,12.03,28863561,350829890.41,0.9144,1.5073,1,0,none,baostock,query_history_k_data_plus
002271,SZSE.002271,,SZ,A股-深交所,2025-08-18,12.2,12.23,12.08,12.11,12.14,47332289,574924245.34,-0.2471,2.4717,1,0,none,baostock,query_history_k_data_plus
002271,SZSE.002271,,SZ,A股-深交所,2025-08-19,12.12,12.5,12.11,12.46,12.11,57998682,718285713.77,2.8902,3.0287,1,0,none,baostock,query_history_k_data_plus
002271,SZSE.002271,,SZ,A股-深交所,2025-08-20,12.41,12.45,12.23,12.41,12.46,29027417,358281598.03,-0.4013,1.5158,1,0,none,baostock,query_history_k_data_plus
002271,SZSE.002271,,SZ,A股-深交所,2025-08-21,12.5,12.7,12.47,12.51,12.41,54627311,687941893.7,0.8058,2.8526,1,0,none,baostock,query_history_k_data_plus
002271,SZSE.002271,,SZ,A股-深交所,2025-08-22,12.54,12.74,12.44,12.74,12.51,51183652,645151229.65,1.8385,2.6728,1,0,none,baostock,query_history_k_data_plus
002271,SZSE.002271,,SZ,A股-深交所,2025-08-25,12.79,13.19,12.76,13.1,12.74,77080652,999835194.59,2.8257,4.0251,1,0,none,baostock,query_history_k_data_plus
002271,SZSE.002271,,SZ,A股-深交所,2025-08-26,13.1,13.15,12.8,12.8,13.1,87504341,1134750069.32,-2.2901,4.5695,1,0,none,baostock,query_history_k_data_plus
002271,SZSE.002271,,SZ,A股-深交所,2025-08-27,11.85,11.93,11.66,11.66,11.88,71979408,848677867.4,-1.8519,3.7588,1,0,none,baostock,query_history_k_data_plus
002271,SZSE.002271,,SZ,A股-深交所,2025-08-28,11.67,11.74,11.27,11.6,11.66,58989121,680225825.16,-0.5146,3.0804,1,0,none,baostock,query_history_k_data_plus
002271,SZSE.002271,,SZ,A股-深交所,2025-08-29,11.66,11.97,11.65,11.76,11.6,50289880,594598295.11,1.3793,2.6261,1,0,none,baostock,query_history_k_data_plus
002271,SZSE.002271,,SZ,A股-深交所,2025-09-01,11.77,11.88,11.62,11.7,11.76,35563390,416793822.66,-0.5102,1.8571,1,0,none,baostock,query_history_k_data_plus
002271,SZSE.002271,,SZ,A股-深交所,2025-09-02,11.71,11.72,11.41,11.55,11.7,32731177,377965597.19,-1.2821,1.7092,1,0,none,baostock,query_history_k_data_plus
002271,SZSE.002271,,SZ,A股-深交所,2025-09-03,11.54,11.57,11.19,11.22,11.55,26895589,304931057.33,-2.8571,1.4045,1,0,none,baostock,query_history_k_data_plus
002271,SZSE.002271,,SZ,A股-深交所,2025-09-04,11.23,11.37,11.13,11.26,11.22,27255874,307033343.77,0.3565,1.4233,1,0,none,baostock,query_history_k_data_plus
002271,SZSE.002271,,SZ,A股-深交所,2025-09-05,11.33,11.5,11.24,11.47,11.26,29254383,333902823.14,1.865,1.5277,1,0,none,baostock,query_history_k_data_plus
002271,SZSE.002271,,SZ,A股-深交所,2025-09-08,11.51,11.67,11.43,11.58,11.47,32653995,377738665.4,0.959,1.7052,1,0,none,baostock,query_history_k_data_plus
002271,SZSE.002271,,SZ,A股-深交所,2025-09-09,11.52,11.85,11.46,11.78,11.58,41503217,484912640.69,1.7271,2.1673,1,0,none,baostock,query_history_k_data_plus
002271,SZSE.002271,,SZ,A股-深交所,2025-09-10,11.77,11.98,11.65,11.9,11.78,39565282,468837722.58,1.0187,2.0661,1,0,none,baostock,query_history_k_data_plus
002271,SZSE.002271,,SZ,A股-深交所,2025-09-11,11.86,11.91,11.77,11.85,11.9,36073946,427281846.43,-0.4202,1.8838,1,0,none,baostock,query_history_k_data_plus
002271,SZSE.002271,,SZ,A股-深交所,2025-09-12,11.84,12.36,11.82,12.05,11.85,66004065,802455350.32,1.6878,3.4467,1,0,none,baostock,query_history_k_data_plus
002271,SZSE.002271,,SZ,A股-深交所,2025-09-15,12.05,12.14,11.91,12.1,12.05,30814560,369729489.94,0.4149,1.6091,1,0,none,baostock,query_history_k_data_plus
002271,SZSE.002271,,SZ,A股-深交所,2025-09-16,12.07,12.47,11.97,12.42,12.1,59816801,732943158.25,2.6446,3.1236,1,0,none,baostock,query_history_k_data_plus
002271,SZSE.002271,,SZ,A股-深交所,2025-09-17,12.42,12.87,12.32,12.74,12.42,63432706,803606025.18,2.5765,3.3124,1,0,none,baostock,query_history_k_data_plus
002271,SZSE.002271,,SZ,A股-深交所,2025-09-18,12.74,12.82,12.5,12.6,12.74,53908410,683407795.85,-1.0989,2.8151,1,0,none,baostock,query_history_k_data_plus
002271,SZSE.002271,,SZ,A股-深交所,2025-09-19,12.55,12.77,12.26,12.66,12.6,55818054,697416259.85,0.4762,2.9148,1,0,none,baostock,query_history_k_data_plus
002271,SZSE.002271,,SZ,A股-深交所,2025-09-22,12.57,12.59,12.24,12.33,12.66,34473065,426735562.26,-2.6066,1.8002,1,0,none,baostock,query_history_k_data_plus
002271,SZSE.002271,,SZ,A股-深交所,2025-09-23,12.39,12.48,11.91,12.09,12.33,42645904,514580572.52,-1.9465,2.227,1,0,none,baostock,query_history_k_data_plus
002271,SZSE.002271,,SZ,A股-深交所,2025-09-24,12.15,12.32,12.02,12.2,12.09,26619065,323484109.4,0.9098,1.39,1,0,none,baostock,query_history_k_data_plus
002271,SZSE.002271,,SZ,A股-深交所,2025-09-25,12.22,12.44,12.1,12.39,12.2,31309907,384778003.44,1.5574,1.635,1,0,none,baostock,query_history_k_data_plus
002271,SZSE.002271,,SZ,A股-深交所,2025-09-26,12.3,12.43,12.15,12.23,12.39,24141758,295800669.67,-1.2914,1.2607,1,0,none,baostock,query_history_k_data_plus
002271,SZSE.002271,,SZ,A股-深交所,2025-09-29,12.18,12.42,12.05,12.35,12.23,30245827,370848498.62,0.9812,1.5794,1,0,none,baostock,query_history_k_data_plus
002271,SZSE.002271,,SZ,A股-深交所,2025-09-30,12.36,12.41,12.22,12.32,12.35,23810247,293367518.89,-0.2429,1.2434,1,0,none,baostock,query_history_k_data_plus
002271,SZSE.002271,,SZ,A股-深交所,2025-10-09,12.3,12.5,12.09,12.4,12.32,46542233,573905986.34,0.6494,2.4304,1,0,none,baostock,query_history_k_data_plus
002271,SZSE.002271,,SZ,A股-深交所,2025-10-10,12.37,13.03,12.35,12.86,12.4,67549169,862763461.19,3.7097,3.5274,1,0,none,baostock,query_history_k_data_plus
002271,SZSE.002271,,SZ,A股-深交所,2025-10-13,12.6,13.21,12.55,12.98,12.86,57524428,744718749.84,0.9331,3.0039,1,0,none,baostock,query_history_k_data_plus
002271,SZSE.002271,,SZ,A股-深交所,2025-10-14,12.96,13.13,12.89,13.05,12.98,47551006,618786602.24,0.5393,2.4831,1,0,none,baostock,query_history_k_data_plus
002271,SZSE.002271,,SZ,A股-深交所,2025-10-15,13.05,13.67,13.05,13.5,13.05,77667607,1048278407.92,3.4483,4.0558,1,0,none,baostock,query_history_k_data_plus
002271,SZSE.002271,,SZ,A股-深交所,2025-10-16,13.44,13.65,13.17,13.25,13.5,44424803,593140911.47,-1.8519,2.3199,1,0,none,baostock,query_history_k_data_plus
002271,SZSE.002271,,SZ,A股-深交所,2025-10-17,13.19,13.3,12.88,12.92,13.25,32859859,429014349.52,-2.4906,1.7159,1,0,none,baostock,query_history_k_data_plus
002271,SZSE.002271,,SZ,A股-深交所,2025-10-20,13.03,13.13,12.82,12.94,12.92,22158560,286374630.1,0.1548,1.1571,1,0,none,baostock,query_history_k_data_plus
002271,SZSE.002271,,SZ,A股-深交所,2025-10-21,12.95,13.06,12.84,12.93,12.94,24166325,312363985.1,-0.0773,1.262,1,0,none,baostock,query_history_k_data_plus
002271,SZSE.002271,,SZ,A股-深交所,2025-10-22,12.88,13.0,12.82,12.88,12.93,19961441,257429733.12,-0.3867,1.0424,1,0,none,baostock,query_history_k_data_plus
002271,SZSE.002271,,SZ,A股-深交所,2025-10-23,12.85,13.02,12.71,13.0,12.88,22935301,295334919.42,0.9317,1.1977,1,0,none,baostock,query_history_k_data_plus
002271,SZSE.002271,,SZ,A股-深交所,2025-10-24,13.02,13.06,12.82,12.84,13.0,22677692,292122207.41,-1.2308,1.1842,1,0,none,baostock,query_history_k_data_plus
002271,SZSE.002271,,SZ,A股-深交所,2025-10-27,12.84,13.34,12.82,13.27,12.84,40025038,527653019.13,3.3489,2.0901,1,0,none,baostock,query_history_k_data_plus
002271,SZSE.002271,,SZ,A股-深交所,2025-10-28,13.16,13.6,13.09,13.12,13.27,42616042,569061619.38,-1.1304,2.2254,1,0,none,baostock,query_history_k_data_plus
002271,SZSE.002271,,SZ,A股-深交所,2025-10-29,13.26,13.26,12.89,13.08,13.12,31656733,412175567.65,-0.3049,1.6531,1,0,none,baostock,query_history_k_data_plus
002271,SZSE.002271,,SZ,A股-深交所,2025-10-30,13.09,13.18,12.79,12.8,13.08,36656941,474434883.34,-2.1407,1.9142,1,0,none,baostock,query_history_k_data_plus
002271,SZSE.002271,,SZ,A股-深交所,2025-10-31,12.81,13.03,12.8,12.9,12.8,21614677,279272928.55,0.7813,1.1287,1,0,none,baostock,query_history_k_data_plus
002271,SZSE.002271,,SZ,A股-深交所,2025-11-03,12.96,13.17,12.95,13.0,12.9,22611202,294775606.61,0.7752,1.1808,1,0,none,baostock,query_history_k_data_plus
002271,SZSE.002271,,SZ,A股-深交所,2025-11-04,12.99,12.99,12.46,12.54,13.0,40921740,517444479.98,-3.5385,2.1369,1,0,none,baostock,query_history_k_data_plus
002271,SZSE.002271,,SZ,A股-深交所,2025-11-05,12.45,12.67,12.4,12.55,12.54,18187052,228971335.04,0.0797,0.9497,1,0,none,baostock,query_history_k_data_plus
002271,SZSE.002271,,SZ,A股-深交所,2025-11-06,12.58,12.64,12.5,12.54,12.55,17172570,215652793.71,-0.0797,0.8967,1,0,none,baostock,query_history_k_data_plus
002271,SZSE.002271,,SZ,A股-深交所,2025-11-07,12.54,12.55,12.31,12.33,12.54,28169380,349770432.38,-1.6746,1.471,1,0,none,baostock,query_history_k_data_plus
002271,SZSE.002271,,SZ,A股-深交所,2025-11-10,12.35,12.72,12.29,12.7,12.33,35047119,439334730.08,3.0008,1.8302,1,0,none,baostock,query_history_k_data_plus
002271,SZSE.002271,,SZ,A股-深交所,2025-11-11,12.77,12.78,12.58,12.58,12.7,15933755,201335923.2,-0.9449,0.8321,1,0,none,baostock,query_history_k_data_plus
002271,SZSE.002271,,SZ,A股-深交所,2025-11-12,12.62,13.07,12.6,12.84,12.58,51352175,662296132.54,2.0668,2.6816,1,0,none,baostock,query_history_k_data_plus
002271,SZSE.002271,,SZ,A股-深交所,2025-11-13,12.8,13.0,12.64,12.92,12.84,28840711,370058029.18,0.6231,1.5061,1,0,none,baostock,query_history_k_data_plus
002271,SZSE.002271,,SZ,A股-深交所,2025-11-14,12.9,13.17,12.83,13.03,12.92,36484493,477486626.12,0.8514,1.9052,1,0,none,baostock,query_history_k_data_plus
002271,SZSE.002271,,SZ,A股-深交所,2025-11-17,13.04,13.09,12.71,12.95,13.03,24090733,310639498.2,-0.614,1.258,1,0,none,baostock,query_history_k_data_plus
002271,SZSE.002271,,SZ,A股-深交所,2025-11-18,12.9,12.95,12.66,12.69,12.95,20771950,265532680.9,-2.0077,1.0847,1,0,none,baostock,query_history_k_data_plus
002271,SZSE.002271,,SZ,A股-深交所,2025-11-19,12.72,12.76,12.61,12.68,12.69,10648052,135050514.64,-0.0788,0.556,1,0,none,baostock,query_history_k_data_plus
002271,SZSE.002271,,SZ,A股-深交所,2025-11-20,12.73,13.2,12.68,13.12,12.68,43463100,566938105.82,3.47,2.2696,1,0,none,baostock,query_history_k_data_plus
002271,SZSE.002271,,SZ,A股-深交所,2025-11-21,13.08,13.38,12.85,12.85,13.12,48258419,632801395.09,-2.0579,2.52,1,0,none,baostock,query_history_k_data_plus
002271,SZSE.002271,,SZ,A股-深交所,2025-11-24,12.89,13.4,12.87,13.12,12.85,47217158,623222126.2,2.1012,2.4657,1,0,none,baostock,query_history_k_data_plus
002271,SZSE.002271,,SZ,A股-深交所,2025-11-25,13.15,13.34,12.92,13.23,13.12,40392927,531637962.29,0.8384,2.1093,1,0,none,baostock,query_history_k_data_plus
002271,SZSE.002271,,SZ,A股-深交所,2025-11-26,13.36,13.36,12.55,12.58,13.23,53343892,685608685.02,-4.9131,2.7856,1,0,none,baostock,query_history_k_data_plus
002271,SZSE.002271,,SZ,A股-深交所,2025-11-27,12.5,12.72,11.93,12.55,12.58,56954757,701678178.17,-0.2385,2.9742,1,0,none,baostock,query_history_k_data_plus
002271,SZSE.002271,,SZ,A股-深交所,2025-11-28,12.45,12.56,12.3,12.52,12.55,19748309,246018419.95,-0.239,1.0313,1,0,none,baostock,query_history_k_data_plus
002271,SZSE.002271,,SZ,A股-深交所,2025-12-01,12.62,13.4,12.6,13.18,12.52,75715496,996243243.67,5.2716,3.9538,1,0,none,baostock,query_history_k_data_plus
002271,SZSE.002271,,SZ,A股-深交所,2025-12-02,13.11,13.58,13.11,13.47,13.18,65809016,880511222.77,2.2003,3.4365,1,0,none,baostock,query_history_k_data_plus
002271,SZSE.002271,,SZ,A股-深交所,2025-12-03,13.55,13.8,13.35,13.37,13.47,47585702,644624822.28,-0.7424,2.4849,1,0,none,baostock,query_history_k_data_plus
002271,SZSE.002271,,SZ,A股-深交所,2025-12-04,13.46,13.5,13.18,13.23,13.37,26686672,354431061.23,-1.0471,1.3936,1,0,none,baostock,query_history_k_data_plus
002271,SZSE.002271,,SZ,A股-深交所,2025-12-05,13.25,13.66,13.12,13.45,13.23,32373138,432185832.4,1.6629,1.6905,1,0,none,baostock,query_history_k_data_plus
002271,SZSE.002271,,SZ,A股-深交所,2025-12-08,13.45,13.48,13.12,13.19,13.45,41107731,543482547.78,-1.9331,2.1466,1,0,none,baostock,query_history_k_data_plus
002271,SZSE.002271,,SZ,A股-深交所,2025-12-09,13.13,13.33,12.87,12.9,13.19,26168316,341015217.83,-2.1986,1.3665,1,0,none,baostock,query_history_k_data_plus
002271,SZSE.002271,,SZ,A股-深交所,2025-12-10,12.86,13.22,12.74,13.09,12.9,27501202,356827919.88,1.4729,1.4361,1,0,none,baostock,query_history_k_data_plus
002271,SZSE.002271,,SZ,A股-深交所,2025-12-11,13.02,13.08,12.87,12.99,13.09,21444651,278312215.56,-0.7639,1.1198,1,0,none,baostock,query_history_k_data_plus
002271,SZSE.002271,,SZ,A股-深交所,2025-12-12,12.97,13.21,12.85,13.19,12.99,60308062,786197878.76,1.5396,3.1493,1,0,none,baostock,query_history_k_data_plus
002271,SZSE.002271,,SZ,A股-深交所,2025-12-15,13.0,13.44,12.83,13.4,13.19,51149193,680657046.42,1.5921,2.671,1,0,none,baostock,query_history_k_data_plus
002271,SZSE.002271,,SZ,A股-深交所,2025-12-16,13.4,13.53,13.0,13.24,13.4,32086238,423546077.55,-1.194,1.6755,1,0,none,baostock,query_history_k_data_plus
002271,SZSE.002271,,SZ,A股-深交所,2025-12-17,13.2,13.48,13.03,13.41,13.24,35918738,476999054.69,1.284,1.8757,1,0,none,baostock,query_history_k_data_plus
002271,SZSE.002271,,SZ,A股-深交所,2025-12-18,13.41,13.47,13.28,13.35,13.41,19323450,258589037.0,-0.4474,1.0091,1,0,none,baostock,query_history_k_data_plus
002271,SZSE.002271,,SZ,A股-深交所,2025-12-19,13.35,13.7,13.27,13.55,13.35,31920472,432118133.15,1.4981,1.6669,1,0,none,baostock,query_history_k_data_plus
002271,SZSE.002271,,SZ,A股-深交所,2025-12-22,13.63,13.67,13.43,13.62,13.55,26667052,361803850.04,0.5166,1.3925,1,0,none,baostock,query_history_k_data_plus
002271,SZSE.002271,,SZ,A股-深交所,2025-12-23,13.66,13.66,13.41,13.52,13.62,22816786,308244007.75,-0.7342,1.1915,1,0,none,baostock,query_history_k_data_plus
002271,SZSE.002271,,SZ,A股-深交所,2025-12-24,13.36,13.63,13.29,13.49,13.52,23619824,317686033.01,-0.2219,1.2334,1,0,none,baostock,query_history_k_data_plus
002271,SZSE.002271,,SZ,A股-深交所,2025-12-25,13.49,13.55,13.34,13.49,13.49,20679672,278109253.07,0.0,1.0799,1,0,none,baostock,query_history_k_data_plus
002271,SZSE.002271,,SZ,A股-深交所,2025-12-26,13.46,13.98,13.4,13.95,13.49,52605295,726475034.01,3.4099,2.747,1,0,none,baostock,query_history_k_data_plus
002271,SZSE.002271,,SZ,A股-深交所,2025-12-29,14.04,14.06,13.72,13.77,13.95,33448346,463392772.17,-1.2903,1.7467,1,0,none,baostock,query_history_k_data_plus
002271,SZSE.002271,,SZ,A股-深交所,2025-12-30,13.71,13.77,13.51,13.54,13.77,26516560,360582280.55,-1.6703,1.3847,1,0,none,baostock,query_history_k_data_plus
002271,SZSE.002271,,SZ,A股-深交所,2025-12-31,13.61,13.85,13.48,13.59,13.54,28619973,389345072.01,0.3693,1.4945,1,0,none,baostock,query_history_k_data_plus
002271,SZSE.002271,,SZ,A股-深交所,2026-01-05,13.6,14.16,13.59,14.05,13.59,48764100,683052483.09,3.3848,2.5465,1,0,none,baostock,query_history_k_data_plus
002271,SZSE.002271,,SZ,A股-深交所,2026-01-06,14.04,14.4,13.9,14.24,14.05,40010364,568511561.93,1.3523,2.0893,1,0,none,baostock,query_history_k_data_plus
002271,SZSE.002271,,SZ,A股-深交所,2026-01-07,14.24,14.49,13.93,13.97,14.24,31976442,452530421.22,-1.8961,1.6698,1,0,none,baostock,query_history_k_data_plus
002271,SZSE.002271,,SZ,A股-深交所,2026-01-08,13.93,14.66,13.85,14.59,13.97,58690921,846424420.36,4.4381,3.0648,1,0,none,baostock,query_history_k_data_plus
002271,SZSE.002271,,SZ,A股-深交所,2026-01-09,14.65,14.74,14.46,14.64,14.59,37411244,546514180.75,0.3427,1.9536,1,0,none,baostock,query_history_k_data_plus
002271,SZSE.002271,,SZ,A股-深交所,2026-01-12,14.63,14.68,14.44,14.64,14.64,34809465,507145554.18,0.0,1.8177,1,0,none,baostock,query_history_k_data_plus
002271,SZSE.002271,,SZ,A股-深交所,2026-01-13,14.56,14.59,14.23,14.28,14.64,32161328,463430302.63,-2.459,1.6795,1,0,none,baostock,query_history_k_data_plus
002271,SZSE.002271,,SZ,A股-深交所,2026-01-14,14.29,14.45,14.05,14.27,14.28,39963677,569453505.77,-0.07,2.0869,1,0,none,baostock,query_history_k_data_plus
002271,SZSE.002271,,SZ,A股-深交所,2026-01-15,14.25,14.39,14.15,14.3,14.27,30078204,429440528.69,0.2102,1.5707,1,0,none,baostock,query_history_k_data_plus
002271,SZSE.002271,,SZ,A股-深交所,2026-01-16,14.34,14.42,14.02,14.09,14.3,27502068,388612290.45,-1.4685,1.4362,1,0,none,baostock,query_history_k_data_plus
002271,SZSE.002271,,SZ,A股-深交所,2026-01-19,14.0,14.48,13.89,14.36,14.09,30572507,436959073.16,1.9163,1.5965,1,0,none,baostock,query_history_k_data_plus
002271,SZSE.002271,,SZ,A股-深交所,2026-01-20,14.36,15.44,14.32,15.37,14.36,79919084,1206318504.01,7.0334,4.1734,1,0,none,baostock,query_history_k_data_plus
002271,SZSE.002271,,SZ,A股-深交所,2026-01-21,15.29,15.9,15.18,15.73,15.37,56995588,885673366.91,2.3422,2.9763,1,0,none,baostock,query_history_k_data_plus
002271,SZSE.002271,,SZ,A股-深交所,2026-01-22,15.73,17.19,15.66,17.01,15.73,94750023,1577036424.14,8.1373,4.9478,1,0,none,baostock,query_history_k_data_plus
002271,SZSE.002271,,SZ,A股-深交所,2026-01-23,16.88,17.34,16.5,17.29,17.01,70056990,1190148777.28,1.6461,3.6584,1,0,none,baostock,query_history_k_data_plus
002271,SZSE.002271,,SZ,A股-深交所,2026-01-26,17.21,17.21,16.56,16.91,17.29,65590390,1107610863.09,-2.1978,3.4251,1,0,none,baostock,query_history_k_data_plus
002271,SZSE.002271,,SZ,A股-深交所,2026-01-27,16.85,17.12,16.64,16.85,16.91,40295227,679212440.37,-0.3548,2.1042,1,0,none,baostock,query_history_k_data_plus
002271,SZSE.002271,,SZ,A股-深交所,2026-01-28,16.19,16.88,15.95,16.64,16.85,83101599,1367647300.67,-1.2463,4.3396,1,0,none,baostock,query_history_k_data_plus
002271,SZSE.002271,,SZ,A股-深交所,2026-01-29,16.5,18.2,16.46,17.95,16.64,95116423,1683930852.05,7.8726,4.967,1,0,none,baostock,query_history_k_data_plus
002271,SZSE.002271,,SZ,A股-深交所,2026-01-30,17.8,18.01,16.93,17.28,17.95,72853344,1264875465.83,-3.7326,3.8044,1,0,none,baostock,query_history_k_data_plus
002271,SZSE.002271,,SZ,A股-深交所,2026-02-02,17.1,17.1,16.19,16.25,17.28,67748701,1124579578.68,-5.9606,3.5378,1,0,none,baostock,query_history_k_data_plus
002271,SZSE.002271,,SZ,A股-深交所,2026-02-03,16.5,17.13,16.48,17.07,16.25,53278605,897704408.52,5.0462,2.7822,1,0,none,baostock,query_history_k_data_plus
002271,SZSE.002271,,SZ,A股-深交所,2026-02-04,17.08,18.38,16.96,18.26,17.07,79506897,1426658911.35,6.9713,4.1518,1,0,none,baostock,query_history_k_data_plus
002271,SZSE.002271,,SZ,A股-深交所,2026-02-05,18.26,18.99,18.14,18.27,18.26,85600484,1584546218.96,0.0548,4.47,1,0,none,baostock,query_history_k_data_plus
002271,SZSE.002271,,SZ,A股-深交所,2026-02-06,18.26,18.45,17.8,17.97,18.27,58029743,1053721005.88,-1.642,3.0303,1,0,none,baostock,query_history_k_data_plus
002271,SZSE.002271,,SZ,A股-深交所,2026-02-09,18.07,18.4,17.73,18.28,17.97,45034008,817552686.57,1.7251,2.3517,1,0,none,baostock,query_history_k_data_plus
002271,SZSE.002271,,SZ,A股-深交所,2026-02-10,18.28,18.33,17.61,17.7,18.28,45027466,800709808.2,-3.1729,2.3513,1,0,none,baostock,query_history_k_data_plus
002271,SZSE.002271,,SZ,A股-深交所,2026-02-11,17.67,18.18,17.31,17.87,17.7,48629209,865278887.99,0.9605,2.5394,1,0,none,baostock,query_history_k_data_plus
002271,SZSE.002271,,SZ,A股-深交所,2026-02-12,17.79,17.94,17.66,17.82,17.87,25730852,457494518.73,-0.2798,1.3437,1,0,none,baostock,query_history_k_data_plus
002271,SZSE.002271,,SZ,A股-深交所,2026-02-13,17.7,17.77,16.93,17.03,17.82,50208405,863403322.2,-4.4332,2.6219,1,0,none,baostock,query_history_k_data_plus
002271,SZSE.002271,,SZ,A股-深交所,2026-02-24,17.38,17.45,17.09,17.19,17.03,32433987,560520189.12,0.9395,1.6937,1,0,none,baostock,query_history_k_data_plus
002271,SZSE.002271,,SZ,A股-深交所,2026-02-25,17.3,18.91,17.22,18.75,17.19,89722466,1656623135.27,9.075,4.6853,1,0,none,baostock,query_history_k_data_plus
002271,SZSE.002271,,SZ,A股-深交所,2026-02-26,18.9,18.9,18.08,18.13,18.75,63687210,1167373760.3,-3.3067,3.3257,1,0,none,baostock,query_history_k_data_plus
002271,SZSE.002271,,SZ,A股-深交所,2026-02-27,18.0,18.41,17.77,18.0,18.13,39286954,709442630.36,-0.717,2.0516,1,0,none,baostock,query_history_k_data_plus
002271,SZSE.002271,,SZ,A股-深交所,2026-03-02,17.77,19.25,17.77,18.9,18.0,67499508,1274312789.46,5.0,3.5248,1,0,none,baostock,query_history_k_data_plus
002271,SZSE.002271,,SZ,A股-深交所,2026-03-03,19.0,19.08,17.65,17.8,18.9,69615660,1260086041.27,-5.8201,3.6353,1,0,none,baostock,query_history_k_data_plus
002271,SZSE.002271,,SZ,A股-深交所,2026-03-04,17.3,17.88,17.04,17.3,17.8,46951163,818786043.3,-2.809,2.4518,1,0,none,baostock,query_history_k_data_plus
002271,SZSE.002271,,SZ,A股-深交所,2026-03-05,17.53,17.57,16.9,17.05,17.3,44178814,757335927.28,-1.4451,2.307,1,0,none,baostock,query_history_k_data_plus
002271,SZSE.002271,,SZ,A股-深交所,2026-03-06,16.88,17.33,16.78,17.11,17.05,41272403,704104330.87,0.3519,2.1552,1,0,none,baostock,query_history_k_data_plus
002271,SZSE.002271,,SZ,A股-深交所,2026-03-09,16.71,16.8,16.02,16.45,17.11,63066933,1029845490.16,-3.8574,3.2933,1,0,none,baostock,query_history_k_data_plus
002271,SZSE.002271,,SZ,A股-深交所,2026-03-10,16.57,17.06,16.57,16.96,16.45,32868143,555130889.42,3.1003,1.7164,1,0,none,baostock,query_history_k_data_plus
002271,SZSE.002271,,SZ,A股-深交所,2026-03-11,17.06,17.24,16.79,16.84,16.96,40167123,681898401.16,-0.7075,2.0975,1,0,none,baostock,query_history_k_data_plus
002271,SZSE.002271,,SZ,A股-深交所,2026-03-12,16.7,17.07,16.44,16.64,16.84,36228925,603756099.87,-1.1876,1.8919,1,0,none,baostock,query_history_k_data_plus
002271,SZSE.002271,,SZ,A股-深交所,2026-03-13,16.64,17.28,16.17,16.28,16.64,60896582,1015949797.67,-2.1635,3.18,1,0,none,baostock,query_history_k_data_plus
002271,SZSE.002271,,SZ,A股-深交所,2026-03-16,16.25,16.48,15.32,15.47,16.28,68292102,1070415315.63,-4.9754,3.5662,1,0,none,baostock,query_history_k_data_plus
002271,SZSE.002271,,SZ,A股-深交所,2026-03-17,15.6,16.32,15.56,15.74,15.47,53086965,846106292.22,1.7453,2.7722,1,0,none,baostock,query_history_k_data_plus
002271,SZSE.002271,,SZ,A股-深交所,2026-03-18,15.79,15.81,15.4,15.72,15.74,25462281,397902421.91,-0.1271,1.3296,1,0,none,baostock,query_history_k_data_plus
002271,SZSE.002271,,SZ,A股-深交所,2026-03-19,15.48,15.54,14.75,14.85,15.72,46911679,705315399.61,-5.5344,2.4497,1,0,none,baostock,query_history_k_data_plus
002271,SZSE.002271,,SZ,A股-深交所,2026-03-20,14.92,15.1,14.73,14.75,14.85,33397310,497049072.7,-0.6734,1.744,1,0,none,baostock,query_history_k_data_plus
002271,SZSE.002271,,SZ,A股-深交所,2026-03-23,14.5,14.61,13.95,14.05,14.75,42665079,607610737.5,-4.7458,2.228,1,0,none,baostock,query_history_k_data_plus
002271,SZSE.002271,,SZ,A股-深交所,2026-03-24,14.3,15.25,13.99,15.21,14.05,65204610,961941505.5,8.2562,3.405,1,0,none,baostock,query_history_k_data_plus
002271,SZSE.002271,,SZ,A股-深交所,2026-03-25,15.41,15.72,15.28,15.4,15.21,42512147,657882207.02,1.2492,2.22,1,0,none,baostock,query_history_k_data_plus
002271,SZSE.002271,,SZ,A股-深交所,2026-03-26,15.37,15.75,15.22,15.45,15.4,34836439,539098868.91,0.3247,1.8192,1,0,none,baostock,query_history_k_data_plus
002271,SZSE.002271,,SZ,A股-深交所,2026-03-27,15.07,15.55,15.06,15.33,15.45,28109812,429682386.32,-0.7767,1.4679,1,0,none,baostock,query_history_k_data_plus
002271,SZSE.002271,,SZ,A股-深交所,2026-03-30,15.05,15.61,14.25,15.36,15.33,60221974,900745219.9,0.1957,3.1448,1,0,none,baostock,query_history_k_data_plus
002271,SZSE.002271,,SZ,A股-深交所,2026-03-31,15.35,15.83,15.3,15.31,15.36,35686999,553327897.9,-0.3255,1.8636,1,0,none,baostock,query_history_k_data_plus
002271,SZSE.002271,,SZ,A股-深交所,2026-04-01,15.61,15.83,15.53,15.6,15.31,32133088,503164698.03,1.8942,1.678,1,0,none,baostock,query_history_k_data_plus
002271,SZSE.002271,,SZ,A股-深交所,2026-04-02,15.61,15.62,15.31,15.56,15.6,24891515,385455129.15,-0.2564,1.2998,1,0,none,baostock,query_history_k_data_plus
002271,SZSE.002271,,SZ,A股-深交所,2026-04-03,15.54,15.6,14.97,15.1,15.56,21389136,324253912.26,-2.9563,1.1169,1,0,none,baostock,query_history_k_data_plus
002271,SZSE.002271,,SZ,A股-深交所,2026-04-07,15.09,15.3,14.95,15.1,15.1,19437300,293517212.97,0.0,1.015,1,0,none,baostock,query_history_k_data_plus
002271,SZSE.002271,,SZ,A股-深交所,2026-04-08,15.59,16.2,15.54,16.08,15.1,49190841,783404947.53,6.4901,2.5687,1,0,none,baostock,query_history_k_data_plus
002271,SZSE.002271,,SZ,A股-深交所,2026-04-09,15.98,16.02,15.71,15.81,16.08,27988190,443311623.34,-1.6791,1.4615,1,0,none,baostock,query_history_k_data_plus
002271,SZSE.002271,,SZ,A股-深交所,2026-04-10,15.88,16.27,15.67,15.69,15.81,30178981,479262912.5,-0.759,1.5759,1,0,none,baostock,query_history_k_data_plus
002271,SZSE.002271,,SZ,A股-深交所,2026-04-13,15.55,16.4,15.54,16.1,15.69,49583018,801694077.29,2.6131,2.5892,1,0,none,baostock,query_history_k_data_plus
002271,SZSE.002271,,SZ,A股-深交所,2026-04-14,16.3,16.3,15.95,16.22,16.1,42145321,679158446.3,0.7453,2.2008,1,0,none,baostock,query_history_k_data_plus
002271,SZSE.002271,,SZ,A股-深交所,2026-04-15,16.34,16.94,16.15,16.27,16.22,29338179,480441337.1,0.3083,1.532,1,0,none,baostock,query_history_k_data_plus
002271,SZSE.002271,,SZ,A股-深交所,2026-04-16,16.3,16.68,16.2,16.56,16.27,29507903,487590655.43,1.7824,1.5409,1,0,none,baostock,query_history_k_data_plus
002271,SZSE.002271,,SZ,A股-深交所,2026-04-17,17.34,17.48,15.91,16.29,16.56,123570882,2042198040.23,-1.6304,6.4545,1,0,none,baostock,query_history_k_data_plus
