code,symbol,name,market,asset_type,date,open,high,low,close,preclose,volume,amount,pct_chg,turnover,trade_status,is_st,adjust,provider,source_function
,,,,,2019-12-02,10.6900,10.8300,10.6600,10.6900,10.6600,8917350,95806022.0000,0.281400,1.666100,1,0,none,baostock,query_history_k_data_plus
,,,,,2019-12-03,10.6200,10.8000,10.5000,10.8000,10.6900,6991600,74471603.9000,1.029000,1.306300,1,0,none,baostock,query_history_k_data_plus
,,,,,2019-12-04,10.7100,10.8900,10.6700,10.8600,10.8000,7839725,84771027.1600,0.555600,1.464800,1,0,none,baostock,query_history_k_data_plus
,,,,,2019-12-05,10.9200,11.0800,10.8300,11.0100,10.8600,12681573,139294865.5200,1.381200,2.369400,1,0,none,baostock,query_history_k_data_plus
,,,,,2019-12-06,11.0400,11.0500,10.8400,10.9800,11.0100,10687456,116894820.7500,-0.272500,1.996800,1,0,none,baostock,query_history_k_data_plus
,,,,,2019-12-09,10.9800,11.1000,10.9500,11.0700,10.9800,11175155,123493621.6400,0.819700,2.088000,1,0,none,baostock,query_history_k_data_plus
,,,,,2019-12-10,11.0100,11.1500,10.8700,11.1000,11.0700,14801534,162912965.0400,0.271000,2.765500,1,0,none,baostock,query_history_k_data_plus
,,,,,2019-12-11,11.0400,11.1600,10.9400,10.9500,11.1000,13257402,146251709.2500,-1.351400,2.477000,1,0,none,baostock,query_history_k_data_plus
,,,,,2019-12-12,10.9600,11.1300,10.8900,10.9900,10.9500,15189124,167297283.8900,0.365300,2.837900,1,0,none,baostock,query_history_k_data_plus
,,,,,2019-12-13,11.1200,11.5000,11.0600,11.4700,10.9900,32444357,368163444.8400,4.367600,5.727000,1,0,none,baostock,query_history_k_data_plus
,,,,,2019-12-16,11.5000,11.7000,11.3700,11.6400,11.4700,26748479,308536779.0500,1.482100,4.721600,1,0,none,baostock,query_history_k_data_plus
,,,,,2019-12-17,11.6200,12.0600,11.5300,11.8000,11.6400,34440704,406852303.7700,1.374600,6.079400,1,0,none,baostock,query_history_k_data_plus
,,,,,2019-12-18,11.7700,11.9500,11.7100,11.8000,11.8000,21946768,259404426.6200,0.000000,3.874000,1,0,none,baostock,query_history_k_data_plus
,,,,,2019-12-19,11.7900,11.9100,11.6900,11.8500,11.8000,16092277,190177415.2400,0.423700,2.840600,1,0,none,baostock,query_history_k_data_plus
,,,,,2019-12-20,11.9000,11.9300,11.5700,11.5900,11.8500,17717946,207799574.4600,-2.194100,3.127500,1,0,none,baostock,query_history_k_data_plus
,,,,,2019-12-23,11.5800,11.6100,11.1800,11.2000,11.5900,18268608,207861678.2500,-3.365000,3.224700,1,0,none,baostock,query_history_k_data_plus
,,,,,2019-12-24,11.3100,11.3200,11.1700,11.2800,11.2000,14284779,160776231.7100,0.714300,2.521500,1,0,none,baostock,query_history_k_data_plus
,,,,,2019-12-25,11.3000,11.7500,11.2500,11.6800,11.2800,26168993,302494092.0900,3.546100,4.619300,1,0,none,baostock,query_history_k_data_plus
,,,,,2019-12-26,11.6100,11.7000,11.4300,11.6800,11.6800,16553074,191153085.8700,0.000000,2.921900,1,0,none,baostock,query_history_k_data_plus
,,,,,2019-12-27,11.6700,11.7200,11.2000,11.2900,11.6800,21578036,248253390.8700,-3.339000,3.808900,1,0,none,baostock,query_history_k_data_plus
,,,,,2019-12-30,11.1700,11.3700,10.8600,11.3100,11.2900,20131314,223977400.4000,0.177200,3.553500,1,0,none,baostock,query_history_k_data_plus
,,,,,2019-12-31,11.3000,11.7700,11.2600,11.4900,11.3100,26122790,302025957.9800,1.591500,4.611100,1,0,none,baostock,query_history_k_data_plus
,,,,,2020-01-02,11.5600,12.0300,11.5600,11.9500,11.4900,37923453,449464512.7400,4.003500,6.694200,1,0,none,baostock,query_history_k_data_plus
,,,,,2020-01-03,11.9000,12.2300,11.8000,11.9700,11.9500,30211739,361504226.6800,0.167400,5.332900,1,0,none,baostock,query_history_k_data_plus
,,,,,2020-01-06,11.9600,12.2300,11.7500,12.0700,11.9700,34130278,410012368.4100,0.835400,6.024600,1,0,none,baostock,query_history_k_data_plus
,,,,,2020-01-07,12.0700,12.8600,11.9600,12.5700,12.0700,56840212,705138195.5900,4.142500,10.033300,1,0,none,baostock,query_history_k_data_plus
,,,,,2020-01-08,12.3800,12.4200,12.0400,12.0700,12.5700,39962256,489495477.8400,-3.977700,7.054100,1,0,none,baostock,query_history_k_data_plus
,,,,,2020-01-09,12.2800,12.6400,12.2500,12.3500,12.0700,39121523,485761189.7800,2.319800,6.905700,1,0,none,baostock,query_history_k_data_plus
,,,,,2020-01-10,12.5000,12.5100,12.0900,12.3500,12.3500,26107651,321086274.9900,0.000000,4.608500,1,0,none,baostock,query_history_k_data_plus
,,,,,2020-01-13,12.2500,12.4400,12.1200,12.4400,12.3500,24455853,300940990.1600,0.728700,4.316900,1,0,none,baostock,query_history_k_data_plus
,,,,,2020-01-14,12.4900,12.5400,12.1900,12.2100,12.4400,22782556,280922766.7700,-1.848900,4.021500,1,0,none,baostock,query_history_k_data_plus
,,,,,2020-01-15,12.2200,12.4500,12.1500,12.3800,12.2100,24911792,307134390.2900,1.392300,4.397400,1,0,none,baostock,query_history_k_data_plus
,,,,,2020-01-16,12.3200,12.4200,12.1700,12.1900,12.3800,18478788,226900071.4500,-1.534700,3.261800,1,0,none,baostock,query_history_k_data_plus
,,,,,2020-01-17,12.2500,12.5400,12.1800,12.2300,12.1900,23452545,289533386.4400,0.328100,4.139800,1,0,none,baostock,query_history_k_data_plus
,,,,,2020-01-20,12.2000,12.4700,12.0100,12.4500,12.2300,25506388,313947245.7400,1.798900,4.502300,1,0,none,baostock,query_history_k_data_plus
,,,,,2020-01-21,12.4000,12.5800,12.2300,12.2500,12.4500,22640270,280300323.5900,-1.606400,3.996400,1,0,none,baostock,query_history_k_data_plus
,,,,,2020-01-22,12.1200,12.6300,12.0100,12.5500,12.2500,30485221,376836005.3500,2.449000,5.381200,1,0,none,baostock,query_history_k_data_plus
,,,,,2020-01-23,12.4600,12.4600,11.4100,11.7300,12.5500,36532485,437847497.7500,-6.533900,6.448600,1,0,none,baostock,query_history_k_data_plus
,,,,,2020-02-03,10.5600,10.5600,10.5600,10.5600,11.7300,2226200,23508672.0000,-9.974400,0.393000,1,0,none,baostock,query_history_k_data_plus
,,,,,2020-02-04,9.5100,10.3800,9.5100,10.1200,10.5600,34115097,344184642.2500,-4.166700,6.021900,1,0,none,baostock,query_history_k_data_plus
,,,,,2020-02-05,10.2200,10.5400,10.1100,10.2600,10.1200,24123130,249428593.9000,1.383400,4.258200,1,0,none,baostock,query_history_k_data_plus
,,,,,2020-02-06,10.2600,10.5900,10.1900,10.5500,10.2600,28122101,293066812.4700,2.826500,4.964100,1,0,none,baostock,query_history_k_data_plus
,,,,,2020-02-07,10.4800,10.9700,10.4600,10.9400,10.5500,27216407,293495492.5300,3.696700,4.804200,1,0,none,baostock,query_history_k_data_plus
,,,,,2020-02-10,10.9000,11.2300,10.8100,11.1200,10.9400,25387397,281295630.9100,1.645300,4.481300,1,0,none,baostock,query_history_k_data_plus
,,,,,2020-02-11,11.1400,11.1800,10.8700,10.9200,11.1200,19272503,211918236.0700,-1.798600,3.401900,1,0,none,baostock,query_history_k_data_plus
,,,,,2020-02-12,11.0100,11.2800,10.9200,11.2200,10.9200,22885329,254557357.6000,2.747300,4.039700,1,0,none,baostock,query_history_k_data_plus
,,,,,2020-02-13,11.2900,11.5600,11.1400,11.1800,11.2200,23728958,268331345.3300,-0.356500,4.188600,1,0,none,baostock,query_history_k_data_plus
,,,,,2020-02-14,11.1700,11.5400,11.1300,11.3300,11.1800,21780102,246460701.3400,1.341700,3.844600,1,0,none,baostock,query_history_k_data_plus
,,,,,2020-02-17,12.1000,12.4600,11.7200,12.2900,11.3300,46795533,564821571.8400,8.473100,8.260300,1,0,none,baostock,query_history_k_data_plus
,,,,,2020-02-18,12.5000,12.7000,12.1900,12.5600,12.2900,53442175,665525322.4400,2.196900,9.433500,1,0,none,baostock,query_history_k_data_plus
,,,,,2020-02-19,12.3000,12.6000,12.1000,12.1300,12.5600,39953383,492677865.0100,-3.423600,7.052500,1,0,none,baostock,query_history_k_data_plus
,,,,,2020-02-20,12.2100,13.2900,11.9500,13.0000,12.1300,69682414,880202272.1600,7.172300,12.300200,1,0,none,baostock,query_history_k_data_plus
,,,,,2020-02-21,12.8500,13.6300,12.7000,12.9000,13.0000,69246959,902404324.0100,-0.769200,12.223300,1,0,none,baostock,query_history_k_data_plus
,,,,,2020-02-24,12.6900,13.2700,12.6200,13.0100,12.9000,52046523,675444308.2100,0.852700,9.187100,1,0,none,baostock,query_history_k_data_plus
,,,,,2020-02-25,12.6900,12.9200,11.8800,12.8100,13.0100,54974660,692203779.0200,-1.537300,9.704000,1,0,none,baostock,query_history_k_data_plus
,,,,,2020-02-26,12.5800,13.2000,12.5300,12.5900,12.8100,55570266,714186933.3000,-1.717400,9.809100,1,0,none,baostock,query_history_k_data_plus
,,,,,2020-02-27,12.8800,13.5800,12.6300,13.0600,12.5900,69786326,915360021.8000,3.733100,12.318500,1,0,none,baostock,query_history_k_data_plus
,,,,,2020-02-28,12.4100,12.7200,11.8200,11.8900,13.0600,53768796,661481355.0200,-8.958700,9.491200,1,0,none,baostock,query_history_k_data_plus
,,,,,2020-03-02,12.1000,12.7300,11.9600,12.6500,11.8900,41102283,508232736.9700,6.391900,7.255300,1,0,none,baostock,query_history_k_data_plus
,,,,,2020-03-03,12.9800,13.3800,12.6300,12.8100,12.6500,50144842,651888310.9300,1.264800,8.851500,1,0,none,baostock,query_history_k_data_plus
,,,,,2020-03-04,12.8500,13.3800,12.7000,13.3400,12.8100,58011716,760511641.1100,4.137400,10.240100,1,0,none,baostock,query_history_k_data_plus
,,,,,2020-03-05,13.4300,13.5400,12.7700,12.9800,13.3400,58986882,770263511.1700,-2.698700,10.412200,1,0,none,baostock,query_history_k_data_plus
,,,,,2020-03-06,12.7200,12.7700,12.4600,12.5500,12.9800,35547574,448286053.0700,-3.312800,6.274800,1,0,none,baostock,query_history_k_data_plus
,,,,,2020-03-09,12.3000,12.3300,11.5200,11.5500,12.5500,38397561,457255771.1800,-7.968100,6.777900,1,0,none,baostock,query_history_k_data_plus
,,,,,2020-03-10,11.5000,12.1000,11.3900,12.0900,11.5500,28751939,338950112.4200,4.675300,5.075200,1,0,none,baostock,query_history_k_data_plus
,,,,,2020-03-11,12.0900,12.2000,11.6500,11.6500,12.0900,28187144,336148843.8700,-3.639400,4.975500,1,0,none,baostock,query_history_k_data_plus
,,,,,2020-03-12,11.3800,11.6000,11.2300,11.4000,11.6500,19585959,223231142.3500,-2.145900,3.457300,1,0,none,baostock,query_history_k_data_plus
,,,,,2020-03-13,10.6300,11.2700,10.6300,11.1300,11.4000,27554356,300697137.2800,-2.368400,4.863800,1,0,none,baostock,query_history_k_data_plus
,,,,,2020-03-16,11.1500,11.2500,10.2700,10.3600,11.1300,28340302,305092763.6200,-6.918200,5.002600,1,0,none,baostock,query_history_k_data_plus
,,,,,2020-03-17,10.5300,10.7700,10.1000,10.5800,10.3600,20264068,212352897.4600,2.123600,3.577000,1,0,none,baostock,query_history_k_data_plus
,,,,,2020-03-18,10.5800,10.7800,10.3800,10.3900,10.5800,19915028,211151117.7100,-1.795800,3.515400,1,0,none,baostock,query_history_k_data_plus
,,,,,2020-03-19,10.4400,10.7300,10.2700,10.6200,10.3900,19106467,200912437.8400,2.213700,3.372600,1,0,none,baostock,query_history_k_data_plus
,,,,,2020-03-20,10.7600,10.8000,10.4400,10.6800,10.6200,16374138,173936515.2600,0.565000,2.890300,1,0,none,baostock,query_history_k_data_plus
,,,,,2020-03-23,10.2700,10.5600,10.2000,10.3000,10.6800,12849709,133067127.8800,-3.558100,2.268200,1,0,none,baostock,query_history_k_data_plus
,,,,,2020-03-24,10.5000,10.6900,10.2800,10.6700,10.3000,15205797,159931961.8900,3.592200,2.684100,1,0,none,baostock,query_history_k_data_plus
,,,,,2020-03-25,10.9000,10.9600,10.6900,10.7600,10.6700,17260839,186387965.4900,0.843500,3.046800,1,0,none,baostock,query_history_k_data_plus
,,,,,2020-03-26,10.6000,10.7000,10.4600,10.4700,10.7600,11937326,126357544.7700,-2.695200,2.107200,1,0,none,baostock,query_history_k_data_plus
,,,,,2020-03-27,10.5900,10.6400,10.4100,10.4200,10.4700,9471900,99544354.1000,-0.477600,1.672000,1,0,none,baostock,query_history_k_data_plus
,,,,,2020-03-30,10.2800,10.3300,9.9600,10.0900,10.4200,13802023,139401398.7800,-3.167000,2.436300,1,0,none,baostock,query_history_k_data_plus
,,,,,2020-03-31,10.1900,10.2500,10.0000,10.0400,10.0900,8658879,87551240.7800,-0.495500,1.528400,1,0,none,baostock,query_history_k_data_plus
,,,,,2020-04-01,10.0000,10.2100,9.9700,10.0500,10.0400,8098372,81807707.2300,0.099600,1.429500,1,0,none,baostock,query_history_k_data_plus
,,,,,2020-04-02,10.0200,10.3400,9.9800,10.3400,10.0500,10672634,108550987.4000,2.885600,1.883900,1,0,none,baostock,query_history_k_data_plus
,,,,,2020-04-03,10.3000,10.3000,10.0600,10.0900,10.3400,9952415,101095833.1800,-2.417800,1.756800,1,0,none,baostock,query_history_k_data_plus
,,,,,2020-04-07,10.3600,10.6200,10.3100,10.5600,10.0900,18979392,199088096.5200,4.658100,3.350200,1,0,none,baostock,query_history_k_data_plus
,,,,,2020-04-08,10.5000,10.6400,10.4600,10.5500,10.5600,11872866,125215705.8400,-0.094700,2.095800,1,0,none,baostock,query_history_k_data_plus
,,,,,2020-04-09,10.6900,10.8800,10.6200,10.6900,10.5500,15371202,165154341.5600,1.327000,2.713300,1,0,none,baostock,query_history_k_data_plus
,,,,,2020-04-10,10.6700,10.6900,10.1500,10.1800,10.6900,19258797,198486434.3300,-4.770800,3.399500,1,0,none,baostock,query_history_k_data_plus
,,,,,2020-04-13,10.1300,10.1800,10.0000,10.1500,10.1800,9591078,96498696.3100,-0.294700,1.693000,1,0,none,baostock,query_history_k_data_plus
,,,,,2020-04-14,10.2300,10.3100,10.1500,10.2900,10.1500,8985303,92010912.0000,1.379300,1.586100,1,0,none,baostock,query_history_k_data_plus
,,,,,2020-04-15,10.3200,10.4300,10.1600,10.1900,10.2900,12053061,124104395.0500,-0.971800,2.127600,1,0,none,baostock,query_history_k_data_plus
,,,,,2020-04-16,10.1400,10.7000,10.0900,10.5900,10.1900,21982213,229679515.6500,3.925400,3.880300,1,0,none,baostock,query_history_k_data_plus
,,,,,2020-04-17,10.7000,11.1500,10.5100,10.7400,10.5900,33749230,363694157.1000,1.416400,5.957300,1,0,none,baostock,query_history_k_data_plus
,,,,,2020-04-20,10.6900,10.9200,10.6100,10.7300,10.7400,21009818,225571163.7700,-0.093100,3.708600,1,0,none,baostock,query_history_k_data_plus
,,,,,2020-04-21,10.6900,10.8300,10.5200,10.7200,10.7300,16351754,174321142.7000,-0.093200,2.886400,1,0,none,baostock,query_history_k_data_plus
,,,,,2020-04-22,10.5800,10.9500,10.5600,10.8600,10.7200,17997418,194006611.5600,1.306000,3.176900,1,0,none,baostock,query_history_k_data_plus
,,,,,2020-04-23,10.8200,10.8600,10.5600,10.6400,10.8600,15150649,161884911.4300,-2.025800,2.674400,1,0,none,baostock,query_history_k_data_plus
,,,,,2020-04-24,10.5800,10.7100,10.2400,10.3400,10.6400,13516046,141160931.4100,-2.819600,2.385800,1,0,none,baostock,query_history_k_data_plus
,,,,,2020-04-27,10.2200,10.3200,10.0600,10.0800,10.3400,12142061,123744386.0300,-2.514500,2.143300,1,0,none,baostock,query_history_k_data_plus
,,,,,2020-04-28,10.0500,10.1800,9.6100,9.9400,10.0800,13908678,138120640.2500,-1.388900,2.455100,1,0,none,baostock,query_history_k_data_plus
,,,,,2020-04-29,9.9400,10.1300,9.8500,9.9400,9.9400,8045612,80435343.0700,0.000000,1.420200,1,0,none,baostock,query_history_k_data_plus
,,,,,2020-04-30,9.9800,10.2700,9.9800,10.2000,9.9400,11717924,119314889.9000,2.615700,2.068400,1,0,none,baostock,query_history_k_data_plus
,,,,,2020-05-06,10.1500,10.3800,9.6700,10.3800,10.2000,18204286,185943008.3900,1.764700,3.213400,1,0,none,baostock,query_history_k_data_plus
,,,,,2020-05-07,10.3100,10.4500,10.1600,10.1900,10.3800,14094415,144691345.9700,-1.830400,2.487900,1,0,none,baostock,query_history_k_data_plus
,,,,,2020-05-08,10.2600,10.4700,10.2200,10.4500,10.1900,17718741,184132097.9600,2.551500,3.127700,1,0,none,baostock,query_history_k_data_plus
,,,,,2020-05-11,10.4900,10.5500,10.1100,10.1800,10.4500,17809002,182837191.6200,-2.583700,3.143600,1,0,none,baostock,query_history_k_data_plus
,,,,,2020-05-12,10.2600,10.2600,9.9600,10.1400,10.1800,10989750,110835256.5000,-0.392900,1.939900,1,0,none,baostock,query_history_k_data_plus
,,,,,2020-05-13,10.0900,10.1700,10.0000,10.1100,10.1400,8762208,88382507.5100,-0.295900,1.546700,1,0,none,baostock,query_history_k_data_plus
,,,,,2020-05-14,10.0300,10.2000,10.0000,10.0200,10.1100,8724453,87923348.6300,-0.890200,1.540000,1,0,none,baostock,query_history_k_data_plus
,,,,,2020-05-15,10.1300,10.2500,10.0700,10.0800,10.0200,10518893,106859497.8200,0.598800,1.856800,1,0,none,baostock,query_history_k_data_plus
,,,,,2020-05-18,10.0300,10.0500,9.7800,9.8100,10.0800,14797202,146150231.1400,-2.678600,2.612000,1,0,none,baostock,query_history_k_data_plus
,,,,,2020-05-19,9.9100,9.9400,9.7800,9.8600,9.8100,8658329,85191626.2100,0.509700,1.528400,1,0,none,baostock,query_history_k_data_plus
,,,,,2020-05-20,9.8300,9.8300,9.6700,9.7000,9.8600,9793020,95300238.7800,-1.622700,1.728600,1,0,none,baostock,query_history_k_data_plus
,,,,,2020-05-21,9.7300,9.8000,9.6200,9.6300,9.7000,7552820,73221196.0600,-0.721600,1.333200,1,0,none,baostock,query_history_k_data_plus
,,,,,2020-05-22,9.6200,9.7100,9.4200,9.4700,9.6300,8215539,78500831.2100,-1.661500,1.450200,1,0,none,baostock,query_history_k_data_plus
,,,,,2020-05-25,9.4600,9.5400,9.3800,9.4500,9.4700,5288485,49997429.6300,-0.211200,0.933500,1,0,none,baostock,query_history_k_data_plus
,,,,,2020-05-26,9.4700,9.6400,9.4600,9.6400,9.4500,6597955,63185605.9200,2.010600,1.164700,1,0,none,baostock,query_history_k_data_plus
,,,,,2020-05-27,9.6000,9.6300,8.6800,8.6800,9.6400,29161937,261545296.1200,-9.958500,5.147600,1,0,none,baostock,query_history_k_data_plus
,,,,,2020-05-28,8.5100,8.6800,8.0200,8.3100,8.6800,37962179,313837182.3800,-4.262700,6.701000,1,0,none,baostock,query_history_k_data_plus
,,,,,2020-05-29,8.1800,8.4100,8.1800,8.2300,8.3100,16620425,137432950.5900,-0.962700,2.933800,1,0,none,baostock,query_history_k_data_plus
,,,,,2020-06-01,8.3500,8.9600,8.2800,8.9000,8.2300,28579372,249851352.8500,8.140900,5.044800,1,0,none,baostock,query_history_k_data_plus
,,,,,2020-06-02,8.8500,8.9900,8.7900,8.9200,8.9000,14970600,133048097.6400,0.224700,2.642600,1,0,none,baostock,query_history_k_data_plus
,,,,,2020-06-03,8.9100,8.9900,8.7000,8.7000,8.9200,15472723,136369378.9900,-2.466400,2.731200,1,0,none,baostock,query_history_k_data_plus
,,,,,2020-06-04,8.7500,8.7800,8.5600,8.6600,8.7000,10828750,93649500.0000,-0.459800,1.911500,1,0,none,baostock,query_history_k_data_plus
,,,,,2020-06-05,8.6800,8.7200,8.5200,8.6900,8.6600,11128860,95966309.7000,0.346400,1.964400,1,0,none,baostock,query_history_k_data_plus
,,,,,2020-06-08,8.7600,8.8200,8.5000,8.5400,8.6900,12392326,106940362.2000,-1.726100,2.187500,1,0,none,baostock,query_history_k_data_plus
,,,,,2020-06-09,8.5600,8.8200,8.4300,8.7200,8.5400,15155516,130836674.3000,2.107700,2.675200,1,0,none,baostock,query_history_k_data_plus
,,,,,2020-06-10,8.6300,8.6300,8.4000,8.4300,8.6200,12771292,108098279.0700,-2.204200,2.254400,1,0,none,baostock,query_history_k_data_plus
,,,,,2020-06-11,8.4000,8.6600,8.3800,8.4700,8.4300,13971360,118927346.4600,0.474500,2.466200,1,0,none,baostock,query_history_k_data_plus
,,,,,2020-06-12,8.2700,8.4700,8.1300,8.3900,8.4700,14332759,119579144.5600,-0.944500,2.530000,1,0,none,baostock,query_history_k_data_plus
,,,,,2020-06-15,8.3600,8.6700,8.3600,8.4200,8.3900,14187927,120922635.3600,0.357600,2.504400,1,0,none,baostock,query_history_k_data_plus
,,,,,2020-06-16,8.5200,8.6300,8.4700,8.6000,8.4200,16249591,139019098.7700,2.137800,2.868300,1,0,none,baostock,query_history_k_data_plus
,,,,,2020-06-17,8.6300,8.6300,8.4800,8.6000,8.6000,10970489,93773218.5300,0.000000,1.936500,1,0,none,baostock,query_history_k_data_plus
,,,,,2020-06-18,8.5500,8.6700,8.5200,8.6400,8.6000,11148141,95908406.5700,0.465100,1.967800,1,0,none,baostock,query_history_k_data_plus
,,,,,2020-06-19,8.6400,8.8400,8.6100,8.7900,8.6400,17387343,152083658.0400,1.736100,3.069200,1,0,none,baostock,query_history_k_data_plus
,,,,,2020-06-22,8.8100,9.0800,8.7800,8.9700,8.7900,19290101,173014271.0000,2.047800,3.405000,1,0,none,baostock,query_history_k_data_plus
,,,,,2020-06-23,8.9200,8.9700,8.7800,8.8300,8.9700,11442387,101081140.4200,-1.560800,2.019800,1,0,none,baostock,query_history_k_data_plus
,,,,,2020-06-24,8.8700,8.8700,8.6600,8.7000,8.8300,10006114,87542274.8800,-1.472300,1.766300,1,0,none,baostock,query_history_k_data_plus
,,,,,2020-06-29,8.9000,8.9900,8.6000,8.6400,8.7000,13305419,116314082.3400,-0.689600,2.348600,1,0,none,baostock,query_history_k_data_plus
,,,,,2020-06-30,8.6800,9.5000,8.6400,9.3400,8.6400,47779808,442059484.9000,8.101800,8.434000,1,0,none,baostock,query_history_k_data_plus
,,,,,2020-07-01,9.2600,9.3400,8.9000,9.0800,9.3400,33606802,306025854.2100,-2.783700,5.932200,1,0,none,baostock,query_history_k_data_plus
,,,,,2020-07-02,9.0400,9.3500,8.9500,9.2800,9.0800,29222612,268227178.0100,2.202600,5.158300,1,0,none,baostock,query_history_k_data_plus
,,,,,2020-07-03,9.3500,9.9500,9.2400,9.9500,9.2800,48698478,469669720.1200,7.219800,8.596200,1,0,none,baostock,query_history_k_data_plus
,,,,,2020-07-06,10.3400,10.7500,10.0800,10.5800,9.9500,55429346,579265288.6400,6.331700,9.784300,1,0,none,baostock,query_history_k_data_plus
,,,,,2020-07-07,10.7900,10.7900,10.2100,10.3600,10.5800,47385416,495526255.4200,-2.079400,8.364400,1,0,none,baostock,query_history_k_data_plus
,,,,,2020-07-08,10.2500,10.8500,10.2500,10.7200,10.3600,40152929,424556972.9700,3.474900,7.087700,1,0,none,baostock,query_history_k_data_plus
,,,,,2020-07-09,10.8700,11.1800,10.6500,10.8600,10.7200,45306980,492735311.5800,1.306000,7.997500,1,0,none,baostock,query_history_k_data_plus
,,,,,2020-07-10,10.7800,11.6000,10.6300,10.9600,10.8600,46789850,525229172.8700,0.920800,8.259200,1,0,none,baostock,query_history_k_data_plus
,,,,,2020-07-13,11.1000,11.3800,10.8900,11.2500,10.9600,40893851,455824624.9400,2.646000,7.218500,1,0,none,baostock,query_history_k_data_plus
,,,,,2020-07-14,11.1100,11.2400,10.5500,10.7100,11.2500,45074724,489075162.6800,-4.800000,7.956500,1,0,none,baostock,query_history_k_data_plus
,,,,,2020-07-15,10.8300,11.0000,10.1500,10.2500,10.7100,32356722,339783289.7100,-4.295100,5.711500,1,0,none,baostock,query_history_k_data_plus
,,,,,2020-07-16,10.2800,10.4000,9.6400,9.7200,10.2500,29976139,300705942.3900,-5.170700,5.291300,1,0,none,baostock,query_history_k_data_plus
,,,,,2020-07-17,9.7600,9.8500,9.4000,9.5700,9.7200,24958976,239588228.4000,-1.543200,4.405700,1,0,none,baostock,query_history_k_data_plus
,,,,,2020-07-20,9.7400,9.9400,9.5500,9.9400,9.5700,19730260,192651080.9800,3.866200,3.482700,1,0,none,baostock,query_history_k_data_plus
,,,,,2020-07-21,10.0700,10.3500,9.7600,9.9100,9.9400,25334113,254391213.2700,-0.301800,4.471900,1,0,none,baostock,query_history_k_data_plus
,,,,,2020-07-22,9.9800,10.3200,9.8600,10.0500,9.9100,28247515,286225540.5600,1.412700,4.986200,1,0,none,baostock,query_history_k_data_plus
,,,,,2020-07-23,9.8500,9.9300,9.6000,9.8100,10.0500,20930955,204421682.3100,-2.388100,3.694700,1,0,none,baostock,query_history_k_data_plus
,,,,,2020-07-24,9.7500,9.9400,9.1300,9.3200,9.8100,25912365,247850685.9500,-4.994900,4.574000,1,0,none,baostock,query_history_k_data_plus
,,,,,2020-07-27,9.4100,9.4200,9.1900,9.3400,9.3200,11212548,104584597.2000,0.214600,1.979200,1,0,none,baostock,query_history_k_data_plus
,,,,,2020-07-28,9.4100,9.6600,9.3800,9.5200,9.3400,12445499,118076987.6600,1.927200,2.196900,1,0,none,baostock,query_history_k_data_plus
,,,,,2020-07-29,9.4800,9.7800,9.3900,9.7300,9.5200,17521405,168077616.7600,2.205900,3.092800,1,0,none,baostock,query_history_k_data_plus
,,,,,2020-07-30,9.7400,9.7700,9.5000,9.5200,9.7300,12608730,121151576.0500,-2.158300,2.225700,1,0,none,baostock,query_history_k_data_plus
,,,,,2020-07-31,9.4800,9.7700,9.4700,9.7000,9.5200,15838025,152509800.1600,1.890800,2.795700,1,0,none,baostock,query_history_k_data_plus
,,,,,2020-08-03,9.7800,10.0500,9.7200,10.0300,9.7000,21391380,212572500.9100,3.402100,3.776000,1,0,none,baostock,query_history_k_data_plus
,,,,,2020-08-04,10.1200,10.3200,9.9000,9.9700,10.0300,22482364,226525371.9700,-0.598200,3.968500,1,0,none,baostock,query_history_k_data_plus
,,,,,2020-08-05,10.0700,10.1700,9.9100,9.9900,9.9700,15147151,151684160.3500,0.200600,2.673700,1,0,none,baostock,query_history_k_data_plus
,,,,,2020-08-06,10.0900,10.3400,9.8900,10.1900,9.9900,29760315,301125399.2800,2.002000,5.253200,1,0,none,baostock,query_history_k_data_plus
,,,,,2020-08-07,10.0600,10.0600,9.5500,9.6800,10.1900,25330196,246816269.1800,-5.004900,4.471200,1,0,none,baostock,query_history_k_data_plus
,,,,,2020-08-10,9.6300,9.7600,9.5700,9.7200,9.6800,12555443,121642091.3700,0.413200,2.216300,1,0,none,baostock,query_history_k_data_plus
,,,,,2020-08-11,9.6800,9.7100,9.3600,9.3700,9.7200,16968873,161485556.5300,-3.600800,2.995300,1,0,none,baostock,query_history_k_data_plus
,,,,,2020-08-12,9.4000,9.4000,9.0600,9.2100,9.3700,13924073,127990340.5700,-1.707600,2.457800,1,0,none,baostock,query_history_k_data_plus
,,,,,2020-08-13,9.2200,9.3300,9.1800,9.2900,9.2100,8602352,79565841.4700,0.868600,1.518500,1,0,none,baostock,query_history_k_data_plus
,,,,,2020-08-14,9.2500,9.5300,9.2100,9.4800,9.2900,11131637,104525797.1600,2.045200,1.964900,1,0,none,baostock,query_history_k_data_plus
,,,,,2020-08-17,9.5500,9.7300,9.5000,9.6900,9.4800,14110581,135921453.7500,2.215200,2.490800,1,0,none,baostock,query_history_k_data_plus
,,,,,2020-08-18,9.9600,10.6600,9.9600,10.6600,9.6900,43675461,459449643.2800,10.010300,7.541900,1,0,none,baostock,query_history_k_data_plus
,,,,,2020-08-19,10.3200,11.0100,10.3100,10.6300,10.6600,75591501,808477152.2300,-0.281400,13.053200,1,0,none,baostock,query_history_k_data_plus
,,,,,2020-08-20,10.4300,11.2200,10.4100,10.7800,10.6300,54737735,592780711.2900,1.411100,9.452200,1,0,none,baostock,query_history_k_data_plus
,,,,,2020-08-21,10.8000,10.9100,10.5300,10.7100,10.7800,35087037,375050992.4500,-0.649400,6.058900,1,0,none,baostock,query_history_k_data_plus
,,,,,2020-08-24,10.7500,11.0900,10.3200,10.9400,10.7100,43015364,466535370.7000,2.147500,7.428000,1,0,none,baostock,query_history_k_data_plus
,,,,,2020-08-25,10.7600,11.3000,10.6800,11.1800,10.9400,54552249,602676064.4600,2.193800,9.420200,1,0,none,baostock,query_history_k_data_plus
,,,,,2020-08-26,11.0500,11.0600,10.5300,10.7500,11.1800,40442185,436372324.4400,-3.846200,6.983600,1,0,none,baostock,query_history_k_data_plus
,,,,,2020-08-27,10.6700,11.5800,10.6200,11.2400,10.7500,58074417,648340631.8200,4.558100,10.028400,1,0,none,baostock,query_history_k_data_plus
,,,,,2020-08-28,11.2900,11.3400,10.9200,11.1500,11.2400,37104378,411661337.0400,-0.800700,6.407200,1,0,none,baostock,query_history_k_data_plus
,,,,,2020-08-31,11.1900,11.4800,10.9600,10.9600,11.1500,41271689,463362701.5900,-1.704000,7.126900,1,0,none,baostock,query_history_k_data_plus
,,,,,2020-09-01,10.9000,11.9700,10.9000,11.4500,10.9600,55512082,638555020.1600,4.470800,9.585900,1,0,none,baostock,query_history_k_data_plus
,,,,,2020-09-02,11.3700,12.1500,11.2400,11.9000,11.4500,71231452,833004255.8200,3.930100,12.300300,1,0,none,baostock,query_history_k_data_plus
,,,,,2020-09-03,11.7800,11.8000,11.4800,11.5000,11.9000,41007531,476043689.1800,-3.361300,7.081200,1,0,none,baostock,query_history_k_data_plus
,,,,,2020-09-04,11.2300,12.1400,11.1300,11.9100,11.5000,60819745,719529333.7800,3.565200,10.502400,1,0,none,baostock,query_history_k_data_plus
,,,,,2020-09-07,12.1300,12.4600,11.8800,11.8900,11.9100,64127563,781824457.6900,-0.167900,11.073600,1,0,none,baostock,query_history_k_data_plus
,,,,,2020-09-08,11.9100,12.2500,11.6500,12.1900,11.8900,50985900,610281198.0900,2.523100,8.804300,1,0,none,baostock,query_history_k_data_plus
,,,,,2020-09-09,11.9500,12.0700,11.4100,11.5500,12.1900,51867216,609647770.7500,-5.250200,8.956500,1,0,none,baostock,query_history_k_data_plus
,,,,,2020-09-10,11.7100,11.7900,10.1300,10.2600,11.5500,59443568,641434204.0500,-11.168800,10.264800,1,0,none,baostock,query_history_k_data_plus
,,,,,2020-09-11,10.0700,10.3500,9.9800,10.2600,10.2600,33109173,337147003.7000,0.000000,5.717300,1,0,none,baostock,query_history_k_data_plus
,,,,,2020-09-14,10.3600,11.7300,10.3000,11.6100,10.2600,62995423,705343458.5100,13.157900,10.878100,1,0,none,baostock,query_history_k_data_plus
,,,,,2020-09-15,11.6400,11.7300,11.4200,11.5900,11.6100,32491411,375811359.1500,-0.172300,5.610700,1,0,none,baostock,query_history_k_data_plus
,,,,,2020-09-16,11.5500,11.6200,11.0900,11.3000,11.5900,28896605,326139506.0500,-2.502200,4.989900,1,0,none,baostock,query_history_k_data_plus
,,,,,2020-09-17,11.3400,11.4400,11.0200,11.1100,11.3000,26376866,295367748.9300,-1.681400,4.554800,1,0,none,baostock,query_history_k_data_plus
,,,,,2020-09-18,11.2800,11.5400,10.9100,11.4700,11.1100,36528772,411091804.6000,3.240300,6.307800,1,0,none,baostock,query_history_k_data_plus
,,,,,2020-09-21,11.6700,11.9000,11.2100,11.2300,11.4700,35263739,403662722.9400,-2.092400,6.089400,1,0,none,baostock,query_history_k_data_plus
,,,,,2020-09-22,11.0500,13.4800,11.0500,12.6000,11.2300,153320074,1952942138.3700,12.199500,26.475500,1,0,none,baostock,query_history_k_data_plus
,,,,,2020-09-23,12.4400,12.7900,11.8200,12.2900,12.6000,117418665,1434781887.3400,-2.460300,20.276000,1,0,none,baostock,query_history_k_data_plus
,,,,,2020-09-24,12.1500,12.1700,11.5200,11.7400,12.2900,72094937,852782926.9000,-4.475200,12.449500,1,0,none,baostock,query_history_k_data_plus
,,,,,2020-09-25,11.8500,12.0000,11.3300,11.3900,11.7400,44686536,516659688.9500,-2.981300,7.716500,1,0,none,baostock,query_history_k_data_plus
,,,,,2020-09-28,11.6000,11.6400,10.9000,10.9300,11.3900,39233061,437671033.3300,-4.038600,6.774800,1,0,none,baostock,query_history_k_data_plus
,,,,,2020-09-29,10.6500,11.1200,10.5500,10.8500,10.9300,51168178,556258816.0500,-0.731900,8.835800,1,0,none,baostock,query_history_k_data_plus
,,,,,2020-09-30,10.9400,11.1600,10.7300,10.7300,10.8500,37522394,410202216.3800,-1.106000,6.479400,1,0,none,baostock,query_history_k_data_plus
,,,,,2020-10-09,11.0000,11.3400,10.9200,11.1400,10.7300,36539246,406626078.1400,3.821100,6.309600,1,0,none,baostock,query_history_k_data_plus
,,,,,2020-10-12,11.7000,12.4200,11.5100,12.3000,11.1400,72952527,876573869.0200,10.412900,12.597500,1,0,none,baostock,query_history_k_data_plus
,,,,,2020-10-13,12.1300,12.4100,11.9300,12.3800,12.3000,52237673,635537031.6900,0.650400,9.195900,1,0,none,baostock,query_history_k_data_plus
,,,,,2020-10-14,12.3300,12.3700,11.9500,12.0300,12.3800,47431912,573131371.9600,-2.827100,8.349900,1,0,none,baostock,query_history_k_data_plus
,,,,,2020-10-15,12.0500,12.1300,11.5800,11.6300,12.0300,44144541,521668974.4100,-3.325000,7.771200,1,0,none,baostock,query_history_k_data_plus
,,,,,2020-10-16,11.7000,11.8000,11.4800,11.6300,11.6300,34967608,406696537.3500,0.000000,6.155700,1,0,none,baostock,query_history_k_data_plus
,,,,,2020-10-19,11.7800,12.3800,11.7100,12.0800,11.6300,63675223,769365194.2900,3.869300,11.209400,1,0,none,baostock,query_history_k_data_plus
,,,,,2020-10-20,12.0200,12.3500,11.9100,12.2500,12.0800,52775696,644405038.5900,1.407300,9.290700,1,0,none,baostock,query_history_k_data_plus
,,,,,2020-10-21,12.1800,12.5100,11.9700,12.1600,12.2500,48141548,588016244.1500,-0.734700,8.474900,1,0,none,baostock,query_history_k_data_plus
,,,,,2020-10-22,12.1400,12.9300,11.8100,12.7600,12.1600,76388305,957834736.9100,4.934200,13.447400,1,0,none,baostock,query_history_k_data_plus
,,,,,2020-10-23,12.6000,12.7800,12.1400,12.1900,12.7600,57300236,714861554.8000,-4.467100,10.087200,1,0,none,baostock,query_history_k_data_plus
,,,,,2020-10-26,12.1100,12.2800,11.8100,12.0900,12.1900,34521927,415448005.8500,-0.820300,6.077300,1,0,none,baostock,query_history_k_data_plus
,,,,,2020-10-27,12.0900,12.1200,11.2800,11.6300,12.0900,49542465,572352061.8600,-3.804800,8.721500,1,0,none,baostock,query_history_k_data_plus
,,,,,2020-10-28,11.5500,11.8500,11.3700,11.8000,11.6300,29095621,337899544.5200,1.461700,5.122000,1,0,none,baostock,query_history_k_data_plus
,,,,,2020-10-29,11.6300,13.5600,11.5100,13.0000,11.8000,117592272,1512482259.5600,10.169500,20.701000,1,0,none,baostock,query_history_k_data_plus
,,,,,2020-10-30,13.0600,13.3900,12.5500,12.6600,13.0000,69968712,903121171.6100,-2.615400,12.317300,1,0,none,baostock,query_history_k_data_plus
,,,,,2020-11-02,13.0000,13.2100,12.5600,12.9300,12.6600,62405027,802854057.7200,2.132700,10.985800,1,0,none,baostock,query_history_k_data_plus
,,,,,2020-11-03,12.8700,13.1600,12.4100,12.6600,12.9300,70622806,895075191.1900,-2.088200,12.432500,1,0,none,baostock,query_history_k_data_plus
,,,,,2020-11-04,12.6000,12.6100,12.2300,12.4200,12.6600,45320360,561430948.7000,-1.895700,7.978200,1,0,none,baostock,query_history_k_data_plus
,,,,,2020-11-05,12.5300,12.8000,12.0400,12.7800,12.4200,69379538,862298425.9700,2.898600,12.213600,1,0,none,baostock,query_history_k_data_plus
,,,,,2020-11-06,12.6300,12.6700,11.9000,11.9100,12.7800,51496306,629290042.2700,-6.807500,9.065400,1,0,none,baostock,query_history_k_data_plus
,,,,,2020-11-09,11.9900,12.6300,11.8500,12.4600,11.9100,52689759,648758826.8200,4.618000,9.275500,1,0,none,baostock,query_history_k_data_plus
,,,,,2020-11-10,12.5000,12.5200,11.9100,12.0500,12.4600,37640715,456231245.0200,-3.290500,6.626300,1,0,none,baostock,query_history_k_data_plus
,,,,,2020-11-11,11.8000,11.8200,10.8800,10.9900,12.0500,58577120,652233361.5300,-8.796700,10.311900,1,0,none,baostock,query_history_k_data_plus
,,,,,2020-11-12,11.0100,11.0700,10.6600,10.7500,10.9900,28281574,306901379.5200,-2.183800,4.978700,1,0,none,baostock,query_history_k_data_plus
,,,,,2020-11-13,10.6400,10.9400,10.5500,10.9100,10.7500,19392148,209490613.4400,1.488400,3.413800,1,0,none,baostock,query_history_k_data_plus
,,,,,2020-11-16,10.8400,10.8500,10.5000,10.6800,10.9100,20009859,213501501.3800,-2.108200,3.522500,1,0,none,baostock,query_history_k_data_plus
,,,,,2020-11-17,10.6900,10.8000,10.2700,10.8000,10.6800,28858337,303187143.3700,1.123600,5.080200,1,0,none,baostock,query_history_k_data_plus
,,,,,2020-11-18,10.6800,10.9500,10.6500,10.8300,10.8000,16638209,180056472.8600,0.277800,2.929000,1,0,none,baostock,query_history_k_data_plus
,,,,,2020-11-19,10.7100,11.0700,10.5300,10.8900,10.8300,19060863,207429316.2500,0.554000,3.355500,1,0,none,baostock,query_history_k_data_plus
,,,,,2020-11-20,10.8800,10.9800,10.6300,10.6700,10.8900,18791144,201594572.5500,-2.020200,3.308000,1,0,none,baostock,query_history_k_data_plus
,,,,,2020-11-23,10.0000,10.0000,9.6200,9.7900,10.6700,43447260,425291575.3500,-8.247400,7.648500,1,0,none,baostock,query_history_k_data_plus
,,,,,2020-11-24,9.7300,9.9200,9.7000,9.7500,9.7900,19100734,187187110.0500,-0.408600,3.362500,1,0,none,baostock,query_history_k_data_plus
,,,,,2020-11-25,9.7000,9.7500,9.4100,9.4100,9.7500,27298100,260163133.4000,-3.487200,4.805600,1,0,none,baostock,query_history_k_data_plus
,,,,,2020-11-26,9.4400,9.5600,9.2900,9.4700,9.4100,19271560,181722997.3700,0.637600,3.392600,1,0,none,baostock,query_history_k_data_plus
,,,,,2020-11-27,9.4700,9.5500,9.3100,9.4000,9.4700,12660500,118921943.1800,-0.739200,2.228800,1,0,none,baostock,query_history_k_data_plus
,,,,,2020-11-30,9.4200,9.6100,9.2700,9.4600,9.4000,17766279,168698486.5100,0.638300,3.127600,1,0,none,baostock,query_history_k_data_plus
,,,,,2020-12-01,9.4300,9.7300,9.3700,9.6500,9.4600,19577191,187658684.8000,2.008500,3.446400,1,0,none,baostock,query_history_k_data_plus
,,,,,2020-12-02,9.5800,9.6900,9.5200,9.5700,9.6500,14813330,142204366.7000,-0.829000,2.607700,1,0,none,baostock,query_history_k_data_plus
,,,,,2020-12-03,9.5700,9.6700,9.4200,9.5400,9.5700,14625671,139794211.7600,-0.313500,2.574700,1,0,none,baostock,query_history_k_data_plus
,,,,,2020-12-04,9.4800,9.5500,9.4300,9.4600,9.5400,9875600,93653514.7200,-0.838600,1.738500,1,0,none,baostock,query_history_k_data_plus
,,,,,2020-12-07,9.4500,9.5200,9.2600,9.2700,9.4600,13616585,127696373.6800,-2.008500,2.397100,1,0,none,baostock,query_history_k_data_plus
,,,,,2020-12-08,9.2700,9.4500,9.2000,9.3500,9.2700,10462242,97923154.0100,0.863000,1.841800,1,0,none,baostock,query_history_k_data_plus
,,,,,2020-12-09,9.3200,9.3800,9.0000,9.0200,9.3500,18450789,168783174.8000,-3.529400,3.248100,1,0,none,baostock,query_history_k_data_plus
,,,,,2020-12-10,9.1500,9.2100,8.9700,9.1300,9.0200,11390359,103742372.8400,1.219500,2.005200,1,0,none,baostock,query_history_k_data_plus
,,,,,2020-12-11,9.1500,9.1600,8.8000,8.9200,9.1300,15283825,136351355.0900,-2.300100,2.690600,1,0,none,baostock,query_history_k_data_plus
,,,,,2020-12-14,8.9600,9.0500,8.7800,9.0400,8.9200,8930325,80033680.3400,1.345300,1.572100,1,0,none,baostock,query_history_k_data_plus
,,,,,2020-12-15,9.0600,9.2400,9.0400,9.0900,9.0400,9753202,88849070.6700,0.553100,1.717000,1,0,none,baostock,query_history_k_data_plus
,,,,,2020-12-16,9.0400,9.0800,8.8500,8.9200,9.0900,8407483,75249530.0500,-1.870200,1.480100,1,0,none,baostock,query_history_k_data_plus
,,,,,2020-12-17,8.9800,9.2600,8.8300,9.2000,8.9200,15418925,140249141.6300,3.139000,2.714400,1,0,none,baostock,query_history_k_data_plus
,,,,,2020-12-18,9.2100,9.2200,8.9600,8.9700,9.2000,11630471,105345185.0900,-2.500000,2.047400,1,0,none,baostock,query_history_k_data_plus
,,,,,2020-12-21,8.9300,9.0400,8.8500,8.9300,8.9700,14500533,129494903.2100,-0.445900,2.552700,1,0,none,baostock,query_history_k_data_plus
,,,,,2020-12-22,8.8700,8.9100,8.5100,8.5800,8.9300,20322397,176228811.4900,-3.919400,3.577600,1,0,none,baostock,query_history_k_data_plus
,,,,,2020-12-23,8.6800,8.6800,8.4000,8.5700,8.5800,12786302,108947887.1400,-0.116600,2.250900,1,0,none,baostock,query_history_k_data_plus
,,,,,2020-12-24,8.5900,8.6000,8.2000,8.2600,8.5700,14766743,123248264.4600,-3.617300,2.599500,1,0,none,baostock,query_history_k_data_plus
,,,,,2020-12-25,8.2800,8.5100,8.2000,8.3700,8.2600,11628905,97677255.0300,1.331700,2.047200,1,0,none,baostock,query_history_k_data_plus
,,,,,2020-12-28,8.4500,8.8200,8.2900,8.5200,8.3700,19747291,169642055.9200,1.792100,3.476300,1,0,none,baostock,query_history_k_data_plus
,,,,,2020-12-29,8.5600,8.7700,8.4900,8.6200,8.5200,15102420,130754484.9800,1.173700,2.658600,1,0,none,baostock,query_history_k_data_plus
,,,,,2020-12-30,8.6100,8.6700,8.4100,8.6300,8.6200,11401437,97552690.4400,0.116000,2.007100,1,0,none,baostock,query_history_k_data_plus
,,,,,2020-12-31,8.6100,9.0100,8.5900,8.7700,8.6300,17750559,156813655.8500,1.622200,3.124800,1,0,none,baostock,query_history_k_data_plus
,,,,,2021-01-04,8.8500,9.0000,8.7400,8.9300,8.7700,16156391,143303994.1700,1.824400,2.844200,1,0,none,baostock,query_history_k_data_plus
,,,,,2021-01-05,8.8800,9.0100,8.6800,8.8000,8.9300,17134276,151213631.6400,-1.455800,3.016300,1,0,none,baostock,query_history_k_data_plus
,,,,,2021-01-06,8.7600,8.7700,8.4600,8.5200,8.8000,14683353,125827071.6900,-3.181800,2.584900,1,0,none,baostock,query_history_k_data_plus
,,,,,2021-01-07,8.5400,8.5400,8.0600,8.1500,8.5200,20695734,170292377.7900,-4.342700,3.643300,1,0,none,baostock,query_history_k_data_plus
,,,,,2021-01-08,8.1300,8.7500,8.0200,8.5300,8.1500,22147983,188434446.7100,4.662600,3.898900,1,0,none,baostock,query_history_k_data_plus
,,,,,2021-01-11,8.4900,8.6700,8.2400,8.2600,8.5300,15885954,133485312.8000,-3.165300,2.796600,1,0,none,baostock,query_history_k_data_plus
,,,,,2021-01-12,8.3300,8.6100,8.2200,8.4700,8.2600,14274162,120570230.2900,2.542400,2.512800,1,0,none,baostock,query_history_k_data_plus
,,,,,2021-01-13,8.4600,8.5100,8.2000,8.2900,8.4700,13927497,116013596.8000,-2.125100,2.451800,1,0,none,baostock,query_history_k_data_plus
,,,,,2021-01-14,8.2500,8.5000,8.2100,8.3900,8.2900,14033073,117697254.7000,1.206300,2.470400,1,0,none,baostock,query_history_k_data_plus
,,,,,2021-01-15,8.4400,8.7200,8.4000,8.5700,8.3900,17738338,152021214.9300,2.145400,3.122700,1,0,none,baostock,query_history_k_data_plus
,,,,,2021-01-18,8.5100,8.7200,8.4800,8.6900,8.5700,15657465,135307453.5200,1.400200,2.756300,1,0,none,baostock,query_history_k_data_plus
,,,,,2021-01-19,8.6200,8.9000,8.5800,8.8200,8.6900,21653245,190218620.6900,1.496000,3.811800,1,0,none,baostock,query_history_k_data_plus
,,,,,2021-01-20,8.8000,8.8600,8.6200,8.6800,8.8200,15347852,133384988.8100,-1.587300,2.701800,1,0,none,baostock,query_history_k_data_plus
,,,,,2021-01-21,8.6800,8.8600,8.6200,8.7300,8.6800,15988739,139858089.4700,0.576000,2.814700,1,0,none,baostock,query_history_k_data_plus
,,,,,2021-01-22,8.6900,8.7000,8.3700,8.4500,8.7300,15416174,130582621.6800,-3.207300,2.713900,1,0,none,baostock,query_history_k_data_plus
,,,,,2021-01-25,8.4800,8.5300,8.2500,8.2700,8.4500,11348923,94690286.1700,-2.130200,1.997900,1,0,none,baostock,query_history_k_data_plus
,,,,,2021-01-26,8.2800,8.5300,8.2500,8.3200,8.2700,12203994,101909037.1500,0.604600,2.148400,1,0,none,baostock,query_history_k_data_plus
,,,,,2021-01-27,8.2800,8.3200,8.1100,8.2400,8.3200,9442811,77568169.4300,-0.961500,1.662300,1,0,none,baostock,query_history_k_data_plus
,,,,,2021-01-28,8.1500,8.3300,8.1200,8.1800,8.2400,8680590,71436056.2900,-0.728200,1.528100,1,0,none,baostock,query_history_k_data_plus
,,,,,2021-01-29,8.2500,8.2900,7.8800,7.9600,8.1800,13181339,105954460.6600,-2.689500,2.320400,1,0,none,baostock,query_history_k_data_plus
,,,,,2021-02-01,7.3600,7.9100,7.3500,7.8400,7.9600,21125668,162114769.3000,-1.507500,3.719000,1,0,none,baostock,query_history_k_data_plus
,,,,,2021-02-02,7.8000,7.8600,7.5800,7.6300,7.8400,11392677,87541528.3100,-2.678600,2.005600,1,0,none,baostock,query_history_k_data_plus
,,,,,2021-02-03,7.6500,7.6500,7.3600,7.3700,7.6300,11057944,82594838.5100,-3.407600,1.946600,1,0,none,baostock,query_history_k_data_plus
,,,,,2021-02-04,7.2200,7.3500,7.0800,7.2900,7.3700,11600816,83739391.7500,-1.085500,2.042200,1,0,none,baostock,query_history_k_data_plus
,,,,,2021-02-05,7.3000,7.5300,7.1800,7.2000,7.2900,7924222,58021553.4700,-1.234600,1.395000,1,0,none,baostock,query_history_k_data_plus
,,,,,2021-02-08,7.3100,7.4400,7.1200,7.1500,7.2000,11035562,80038915.0600,-0.694400,1.942700,1,0,none,baostock,query_history_k_data_plus
,,,,,2021-02-09,7.1500,7.3700,7.0500,7.3200,7.1500,12112619,87597019.9300,2.377600,2.132300,1,0,none,baostock,query_history_k_data_plus
,,,,,2021-02-10,7.3200,7.9900,7.3100,7.8900,7.3200,24594042,191140277.9500,7.786900,4.329500,1,0,none,baostock,query_history_k_data_plus
,,,,,2021-02-18,8.1800,8.4900,8.1200,8.3500,7.8900,25879370,215912679.3100,5.830200,4.555800,1,0,none,baostock,query_history_k_data_plus
,,,,,2021-02-19,8.2300,8.4900,8.2300,8.4700,8.3500,16001583,134178594.8800,1.437100,2.816900,1,0,none,baostock,query_history_k_data_plus
,,,,,2021-02-22,9.1600,9.2900,8.8400,8.8500,8.4700,43924892,398903440.8000,4.486400,7.732600,1,0,none,baostock,query_history_k_data_plus
,,,,,2021-02-23,8.9900,9.0500,8.5300,8.5800,8.8500,28030721,243757961.9100,-3.050800,4.934500,1,0,none,baostock,query_history_k_data_plus
,,,,,2021-02-24,8.7100,8.9300,8.6300,8.7200,8.5800,20914530,183586513.7400,1.631700,3.681800,1,0,none,baostock,query_history_k_data_plus
,,,,,2021-02-25,8.7500,8.8400,8.4400,8.4700,8.7200,14385961,122969573.3500,-2.867000,2.532500,1,0,none,baostock,query_history_k_data_plus
,,,,,2021-02-26,8.4500,8.6000,8.3300,8.4300,8.4700,13369350,112997628.6400,-0.472300,2.353500,1,0,none,baostock,query_history_k_data_plus
,,,,,2021-03-01,8.4600,8.6500,8.3800,8.6000,8.4300,13808511,118034498.6900,2.016600,2.430900,1,0,none,baostock,query_history_k_data_plus
,,,,,2021-03-02,8.6800,8.7400,8.4500,8.5200,8.6000,11260540,96134137.7500,-0.930200,1.982300,1,0,none,baostock,query_history_k_data_plus
,,,,,2021-03-03,8.5100,8.5700,8.3500,8.5300,8.5200,10111902,85351410.8100,0.117400,1.780100,1,0,none,baostock,query_history_k_data_plus
,,,,,2021-03-04,8.5300,8.5700,8.3300,8.3300,8.5300,11399748,95913431.6800,-2.344700,2.006800,1,0,none,baostock,query_history_k_data_plus
,,,,,2021-03-05,8.3700,8.5500,8.3100,8.5000,8.3300,10193458,86252692.2500,2.040800,1.794500,1,0,none,baostock,query_history_k_data_plus
,,,,,2021-03-08,8.6000,8.6500,8.3300,8.3500,8.5000,12535060,106543856.1700,-1.764700,2.206700,1,0,none,baostock,query_history_k_data_plus
,,,,,2021-03-09,8.3800,8.4200,7.9500,8.0800,8.3500,11572753,94458826.0800,-3.233500,2.037300,1,0,none,baostock,query_history_k_data_plus
,,,,,2021-03-10,8.1800,8.1800,7.7700,7.8000,8.0800,12318321,97761216.0000,-3.465300,2.168500,1,0,none,baostock,query_history_k_data_plus
,,,,,2021-03-11,7.8800,8.0700,7.8100,8.0600,7.8000,8686499,69161232.9800,3.333300,1.529200,1,0,none,baostock,query_history_k_data_plus
,,,,,2021-03-12,8.0200,8.0600,7.8000,7.8200,8.0600,9938494,78374342.0800,-2.977700,1.749600,1,0,none,baostock,query_history_k_data_plus
,,,,,2021-03-15,7.8900,7.9900,7.7400,7.8300,7.8200,7496648,58738741.9900,0.127900,1.319700,1,0,none,baostock,query_history_k_data_plus
,,,,,2021-03-16,8.0100,8.1000,7.8600,8.0700,7.8300,10668197,85589592.9100,3.065100,1.878000,1,0,none,baostock,query_history_k_data_plus
,,,,,2021-03-17,8.1100,8.1600,7.9700,8.0600,8.0700,6699158,53957526.4200,-0.123900,1.179300,1,0,none,baostock,query_history_k_data_plus
,,,,,2021-03-18,8.0600,8.1100,7.9100,7.9300,8.0600,7982994,63735430.4400,-1.612900,1.405300,1,0,none,baostock,query_history_k_data_plus
,,,,,2021-03-19,7.9300,7.9500,7.8000,7.8500,7.9300,6912294,54347824.2600,-1.008800,1.216800,1,0,none,baostock,query_history_k_data_plus
,,,,,2021-03-22,7.8300,8.0200,7.8200,8.0200,7.8500,6532124,51935573.9200,2.165600,1.149900,1,0,none,baostock,query_history_k_data_plus
,,,,,2021-03-23,8.0200,8.2900,7.9200,8.1700,8.0200,16422674,133701123.2900,1.870300,2.891100,1,0,none,baostock,query_history_k_data_plus
,,,,,2021-03-24,8.0000,8.2500,8.0000,8.1400,8.1700,10271366,83610173.9800,-0.367200,1.808200,1,0,none,baostock,query_history_k_data_plus
,,,,,2021-03-25,8.1200,8.5900,8.1100,8.3800,8.1400,19416845,162980944.8700,2.948400,3.418200,1,0,none,baostock,query_history_k_data_plus
,,,,,2021-03-26,8.3800,8.4700,8.2900,8.3900,8.3800,13741308,115264014.9600,0.119300,2.419000,1,0,none,baostock,query_history_k_data_plus
,,,,,2021-03-29,8.4100,8.5500,8.2500,8.3200,8.3900,12564694,105385487.4000,-0.834300,2.211900,1,0,none,baostock,query_history_k_data_plus
,,,,,2021-03-30,8.3700,8.3700,8.1000,8.1400,8.3200,9676731,79110409.0700,-2.163500,1.703500,1,0,none,baostock,query_history_k_data_plus
,,,,,2021-03-31,8.1600,8.2800,8.0900,8.2100,8.1400,7808940,63895881.6700,0.860000,1.374700,1,0,none,baostock,query_history_k_data_plus
,,,,,2021-04-01,8.1600,8.2000,7.9500,8.0000,8.2100,9105371,73055611.7500,-2.557900,1.602900,1,0,none,baostock,query_history_k_data_plus
,,,,,2021-04-02,7.9800,8.4800,7.9800,8.3800,8.0000,16909672,140137485.0100,4.750000,2.976800,1,0,none,baostock,query_history_k_data_plus
,,,,,2021-04-06,8.4700,8.4800,8.3000,8.3800,8.3800,9326004,78312207.3600,0.000000,1.641800,1,0,none,baostock,query_history_k_data_plus
,,,,,2021-04-07,8.3900,8.4300,8.2800,8.3100,8.3800,7843563,65304594.2200,-0.835300,1.380800,1,0,none,baostock,query_history_k_data_plus
,,,,,2021-04-08,8.3700,8.3700,8.1300,8.1500,8.3100,8652157,70959133.0400,-1.925400,1.523100,1,0,none,baostock,query_history_k_data_plus
,,,,,2021-04-09,8.1500,8.1800,8.0100,8.0500,8.1500,5843393,47182063.6300,-1.227000,1.028700,1,0,none,baostock,query_history_k_data_plus
,,,,,2021-04-12,8.0800,8.1900,7.9900,8.0100,8.0500,7393920,59714943.5500,-0.496900,1.301600,1,0,none,baostock,query_history_k_data_plus
,,,,,2021-04-13,8.0000,8.1300,7.9700,8.0900,8.0100,6172427,49831134.9000,0.998800,1.086600,1,0,none,baostock,query_history_k_data_plus
,,,,,2021-04-14,8.0900,8.1400,8.0000,8.1000,8.0900,6550221,52856921.4000,0.123600,1.153100,1,0,none,baostock,query_history_k_data_plus
,,,,,2021-04-15,8.0700,8.1900,8.0300,8.0600,8.1000,6774863,54877690.4000,-0.493800,1.192700,1,0,none,baostock,query_history_k_data_plus
,,,,,2021-04-16,8.0500,8.4100,8.0400,8.2800,8.0600,12154382,100223364.8300,2.729500,2.139700,1,0,none,baostock,query_history_k_data_plus
,,,,,2021-04-19,8.2400,8.4400,8.1900,8.3900,8.2800,13070107,109070516.3600,1.328500,2.300900,1,0,none,baostock,query_history_k_data_plus
,,,,,2021-04-20,8.3800,8.5500,8.2900,8.3000,8.3900,13787250,116044220.7800,-1.072700,2.427100,1,0,none,baostock,query_history_k_data_plus
,,,,,2021-04-21,8.2800,8.3500,8.2200,8.2500,8.3000,6933410,57347929.5200,-0.602400,1.220600,1,0,none,baostock,query_history_k_data_plus
,,,,,2021-04-22,8.2300,8.4200,8.1800,8.3100,8.2500,9302610,77053136.3900,0.727300,1.637600,1,0,none,baostock,query_history_k_data_plus
,,,,,2021-04-23,8.2800,8.2800,8.0200,8.0500,8.3100,11011589,89218849.6200,-3.128800,1.938500,1,0,none,baostock,query_history_k_data_plus
,,,,,2021-04-26,8.0700,8.1200,7.9700,8.0000,8.0500,7667531,61676739.7500,-0.621100,1.349800,1,0,none,baostock,query_history_k_data_plus
,,,,,2021-04-27,7.9900,8.0900,7.9100,8.0200,8.0000,6476585,51761688.8200,0.250000,1.140100,1,0,none,baostock,query_history_k_data_plus
,,,,,2021-04-28,8.3200,8.7300,8.3000,8.5400,8.0200,31943716,271648047.6300,6.483800,5.623400,1,0,none,baostock,query_history_k_data_plus
,,,,,2021-04-29,8.5100,8.8100,8.5100,8.7100,8.5400,30425799,264644302.3700,1.990600,5.356200,1,0,none,baostock,query_history_k_data_plus
,,,,,2021-04-30,8.8400,8.8500,8.5900,8.7400,8.7100,21842836,190702521.3200,0.344400,3.845200,1,0,none,baostock,query_history_k_data_plus
,,,,,2021-05-06,8.8300,8.8600,8.5400,8.5900,8.7400,16801581,145005379.0600,-1.716200,2.957800,1,0,none,baostock,query_history_k_data_plus
,,,,,2021-05-07,8.6500,8.7000,8.4900,8.6000,8.5900,14047443,120819060.9500,0.116400,2.472900,1,0,none,baostock,query_history_k_data_plus
,,,,,2021-05-10,8.8500,10.1800,8.8500,10.0100,8.6000,76783999,747304455.8700,16.395300,13.517100,1,0,none,baostock,query_history_k_data_plus
,,,,,2021-05-11,10.0100,10.8500,9.8900,10.4300,10.0100,96472640,1004697970.4100,4.195800,16.983100,1,0,none,baostock,query_history_k_data_plus
,,,,,2021-05-12,10.1800,11.0200,10.0800,10.7400,10.4300,77000775,821278463.1800,2.972200,13.555300,1,0,none,baostock,query_history_k_data_plus
,,,,,2021-05-13,10.5000,10.7600,10.2800,10.4000,10.7400,54963485,575565640.7800,-3.165700,9.675800,1,0,none,baostock,query_history_k_data_plus
,,,,,2021-05-14,10.5000,10.6300,10.1900,10.3900,10.4000,44986644,466966216.6100,-0.096200,7.919500,1,0,none,baostock,query_history_k_data_plus
,,,,,2021-05-17,10.2300,10.2400,9.8100,9.9500,10.3900,40818417,408827160.9500,-4.234800,7.185700,1,0,none,baostock,query_history_k_data_plus
,,,,,2021-05-18,9.9300,10.1500,9.8800,10.0000,9.9500,29380001,294201801.3400,0.502500,5.172100,1,0,none,baostock,query_history_k_data_plus
,,,,,2021-05-19,10.0000,10.0100,9.5700,9.6300,10.0000,36922327,358544604.8100,-3.700000,6.499800,1,0,none,baostock,query_history_k_data_plus
,,,,,2021-05-20,9.5500,9.6500,9.3700,9.5300,9.6300,26842778,255003345.8600,-1.038400,4.725400,1,0,none,baostock,query_history_k_data_plus
,,,,,2021-05-21,9.5500,9.9300,9.4900,9.5600,9.5300,34372070,332725243.7800,0.314800,6.050900,1,0,none,baostock,query_history_k_data_plus
,,,,,2021-05-24,9.3400,9.9100,9.3300,9.7300,9.5600,30855772,299986970.5300,1.778200,5.431900,1,0,none,baostock,query_history_k_data_plus
,,,,,2021-05-25,9.7200,10.2100,9.6300,10.1100,9.7300,44665833,445809515.8000,3.905400,7.863000,1,0,none,baostock,query_history_k_data_plus
,,,,,2021-05-26,10.1000,10.1600,9.8500,9.8700,10.1100,33629844,336160769.2000,-2.373900,5.920200,1,0,none,baostock,query_history_k_data_plus
,,,,,2021-05-27,9.8600,10.0600,9.8000,9.8800,9.8700,22180527,220235864.6600,0.101300,3.904700,1,0,none,baostock,query_history_k_data_plus
,,,,,2021-05-28,9.8800,9.9600,9.7100,9.9300,9.8800,23398832,230136430.4100,0.506100,4.119100,1,0,none,baostock,query_history_k_data_plus
,,,,,2021-05-31,9.9500,9.9500,9.4100,9.8200,9.9300,31558237,306996654.7900,-1.107800,5.555500,1,0,none,baostock,query_history_k_data_plus
,,,,,2021-06-01,9.8000,10.1100,9.6600,10.0300,9.8200,29303525,291700515.8700,2.138500,5.158600,1,0,none,baostock,query_history_k_data_plus
,,,,,2021-06-02,9.9200,10.0600,9.7100,9.7600,10.0300,21780386,214399794.9900,-2.691900,3.834200,1,0,none,baostock,query_history_k_data_plus
,,,,,2021-06-03,9.7100,10.0500,9.6500,9.6700,9.7600,21203587,209243782.5500,-0.922100,3.732700,1,0,none,baostock,query_history_k_data_plus
,,,,,2021-06-04,9.6600,9.7700,9.5200,9.6200,9.6700,17583338,169273076.2900,-0.517100,3.095400,1,0,none,baostock,query_history_k_data_plus
,,,,,2021-06-07,9.6200,10.0500,9.6000,9.9400,9.6200,24767624,244206532.3100,3.326400,4.360100,1,0,none,baostock,query_history_k_data_plus
,,,,,2021-06-08,9.9500,10.4800,9.9300,10.2000,9.9400,38134014,389889416.9300,2.615700,6.713100,1,0,none,baostock,query_history_k_data_plus
,,,,,2021-06-09,10.1500,10.3000,9.9500,10.0100,10.2000,22456296,225787033.0200,-1.862700,3.953200,1,0,none,baostock,query_history_k_data_plus
,,,,,2021-06-10,10.0900,10.8300,10.0200,10.6500,10.0100,51284416,537699482.0100,6.393600,9.028100,1,0,none,baostock,query_history_k_data_plus
,,,,,2021-06-11,10.6700,10.8300,10.3600,10.4200,10.6500,39324071,414701446.3700,-2.159600,6.922600,1,0,none,baostock,query_history_k_data_plus
,,,,,2021-06-15,10.5000,10.6900,10.3500,10.4900,10.4200,31570365,332542101.9400,0.671800,5.557700,1,0,none,baostock,query_history_k_data_plus
,,,,,2021-06-16,10.3700,10.4700,10.0100,10.2800,10.4900,25078596,257079281.4700,-2.001900,4.414800,1,0,none,baostock,query_history_k_data_plus
,,,,,2021-06-17,10.2000,10.3000,9.8800,10.2100,10.1800,23946367,241249877.1400,0.294700,4.215500,1,0,none,baostock,query_history_k_data_plus
,,,,,2021-06-18,10.2300,11.0400,10.0600,10.8300,10.2100,52108045,556780790.0800,6.072500,9.173100,1,0,none,baostock,query_history_k_data_plus
,,,,,2021-06-21,10.9000,10.9500,10.5900,10.8300,10.8300,35262573,378844841.9100,0.000000,6.207600,1,0,none,baostock,query_history_k_data_plus
,,,,,2021-06-22,10.8400,11.7700,10.6800,11.2700,10.8300,62867962,713565767.9000,4.062800,11.067300,1,0,none,baostock,query_history_k_data_plus
,,,,,2021-06-23,11.1600,11.1900,10.8500,10.9700,11.2700,43091840,472661182.9300,-2.661900,7.585900,1,0,none,baostock,query_history_k_data_plus
,,,,,2021-06-24,10.9900,10.9900,10.3100,10.3600,10.9700,40761821,428615502.4700,-5.560600,7.175700,1,0,none,baostock,query_history_k_data_plus
,,,,,2021-06-25,10.3300,10.6300,10.2700,10.4300,10.3600,29376261,307598162.4000,0.675700,5.171400,1,0,none,baostock,query_history_k_data_plus
,,,,,2021-06-28,10.3500,10.6300,10.2600,10.3700,10.4300,24613256,258080419.7300,-0.575300,4.332900,1,0,none,baostock,query_history_k_data_plus
,,,,,2021-06-29,10.3500,10.9800,10.3000,10.5300,10.3700,36898080,394361021.4200,1.542900,6.495600,1,0,none,baostock,query_history_k_data_plus
,,,,,2021-06-30,10.4400,11.2100,10.4100,11.1400,10.5300,48952710,535661961.3900,5.793000,8.617700,1,0,none,baostock,query_history_k_data_plus
,,,,,2021-07-01,11.1500,11.1500,10.6000,10.6100,11.1400,35437372,383196594.6600,-4.757600,6.238400,1,0,none,baostock,query_history_k_data_plus
,,,,,2021-07-02,10.5100,10.6000,9.9100,10.0700,10.6100,41014440,417720192.6900,-5.089500,7.220200,1,0,none,baostock,query_history_k_data_plus
,,,,,2021-07-05,10.0600,10.3400,9.9800,10.2500,10.0700,20619403,209233376.3900,1.787500,3.629800,1,0,none,baostock,query_history_k_data_plus
,,,,,2021-07-06,10.2300,10.2900,9.9700,10.1400,10.2500,22219550,224925497.9800,-1.073200,3.911500,1,0,none,baostock,query_history_k_data_plus
,,,,,2021-07-07,10.0400,10.1400,9.9700,10.1300,10.1400,14592760,147131250.2600,-0.098600,2.568900,1,0,none,baostock,query_history_k_data_plus
,,,,,2021-07-08,10.1400,10.4700,9.9200,10.4500,10.1300,35731198,364560755.5500,3.158900,6.290100,1,0,none,baostock,query_history_k_data_plus
,,,,,2021-07-09,10.3000,10.3000,10.0700,10.1700,10.4500,22623275,229992598.4500,-2.679400,3.982600,1,0,none,baostock,query_history_k_data_plus
,,,,,2021-07-12,10.2000,10.8600,10.1500,10.6700,10.1700,40452665,426427792.3300,4.916400,7.121300,1,0,none,baostock,query_history_k_data_plus
,,,,,2021-07-13,10.7500,11.1500,10.7000,10.8300,10.6700,38907545,424047825.0200,1.499500,6.849300,1,0,none,baostock,query_history_k_data_plus
,,,,,2021-07-14,10.8600,11.6900,10.6500,11.2600,10.8300,66400913,751245617.4800,3.970500,11.689200,1,0,none,baostock,query_history_k_data_plus
,,,,,2021-07-15,11.7600,12.1300,11.2000,11.4100,11.2600,62913620,726823900.7900,1.332100,11.075300,1,0,none,baostock,query_history_k_data_plus
,,,,,2021-07-16,11.4800,11.6500,11.0600,11.0600,11.4100,49306909,556376206.3800,-3.067500,8.680000,1,0,none,baostock,query_history_k_data_plus
,,,,,2021-07-19,11.0600,11.0600,10.7100,10.8800,11.0600,33578235,364596310.5600,-1.627500,5.911100,1,0,none,baostock,query_history_k_data_plus
,,,,,2021-07-20,10.8100,11.1000,10.7600,10.8900,10.8800,25629710,279605835.4700,0.091900,4.511900,1,0,none,baostock,query_history_k_data_plus
,,,,,2021-07-21,10.8800,12.4200,10.8100,12.0900,10.8900,84348379,991600662.5700,11.019300,14.848700,1,0,none,baostock,query_history_k_data_plus
,,,,,2021-07-22,12.1200,12.2300,11.7500,11.8500,12.0900,57090276,681604523.3000,-1.985100,10.050200,1,0,none,baostock,query_history_k_data_plus
,,,,,2021-07-23,12.0000,12.0700,11.2400,11.3500,11.8500,46921257,541829783.7400,-4.219400,8.260000,1,0,none,baostock,query_history_k_data_plus
,,,,,2021-07-26,11.4000,11.7200,10.9300,11.3000,11.3500,42711182,484079806.9800,-0.440500,7.518900,1,0,none,baostock,query_history_k_data_plus
,,,,,2021-07-27,11.2400,11.7100,11.1300,11.2000,11.3000,42952834,489312443.9400,-0.885000,7.561400,1,0,none,baostock,query_history_k_data_plus
,,,,,2021-07-28,11.0100,11.1900,9.9000,10.0000,11.2000,55205693,570038941.1200,-10.714300,9.718400,1,0,none,baostock,query_history_k_data_plus
,,,,,2021-07-29,10.1600,10.5300,10.1400,10.3800,10.0000,36604675,378728227.2800,3.800000,6.443900,1,0,none,baostock,query_history_k_data_plus
,,,,,2021-07-30,10.3700,10.7000,10.1100,10.4900,10.3800,28208739,294964843.0400,1.059700,4.965900,1,0,none,baostock,query_history_k_data_plus
,,,,,2021-08-02,10.3700,10.7400,10.1500,10.7200,10.4900,30240063,317835510.8300,2.192600,5.323500,1,0,none,baostock,query_history_k_data_plus
,,,,,2021-08-03,10.6300,11.0200,10.4800,10.5600,10.7200,30993063,332846962.4600,-1.492500,5.456000,1,0,none,baostock,query_history_k_data_plus
,,,,,2021-08-04,10.4800,10.6900,10.4000,10.6700,10.5600,22794924,241414253.1500,1.041700,4.012800,1,0,none,baostock,query_history_k_data_plus
,,,,,2021-08-05,10.6000,10.6000,10.1600,10.2500,10.6700,28943079,297572700.3600,-3.936300,5.095200,1,0,none,baostock,query_history_k_data_plus
,,,,,2021-08-06,10.2100,10.3000,10.0700,10.2500,10.2500,19061226,193741346.3100,0.000000,3.355500,1,0,none,baostock,query_history_k_data_plus
,,,,,2021-08-09,10.2000,10.3900,10.0600,10.3500,10.2500,18843531,193322124.7700,0.975600,3.317200,1,0,none,baostock,query_history_k_data_plus
,,,,,2021-08-10,10.3400,10.7000,10.2400,10.6400,10.3500,25507568,268991429.5000,2.801900,4.490400,1,0,none,baostock,query_history_k_data_plus
,,,,,2021-08-11,10.5600,10.6900,10.4400,10.6700,10.6400,26819212,283084121.3600,0.282000,4.721300,1,0,none,baostock,query_history_k_data_plus
,,,,,2021-08-12,10.5600,12.8000,10.5500,12.8000,10.6700,122502519,1467425876.9200,19.962500,21.565400,1,0,none,baostock,query_history_k_data_plus
,,,,,2021-08-13,12.4000,12.4000,11.6000,11.8400,12.8000,108775694,1295467431.8600,-7.500000,18.289900,1,0,none,baostock,query_history_k_data_plus
,,,,,2021-08-16,12.0100,12.3700,11.6800,11.9900,11.8400,74934414,896829961.8600,1.266900,12.599700,1,0,none,baostock,query_history_k_data_plus
,,,,,2021-08-17,11.8300,11.9800,11.3100,11.4300,11.9900,55933405,648926565.4700,-4.670600,9.404800,1,0,none,baostock,query_history_k_data_plus
,,,,,2021-08-18,11.4900,13.5400,11.2000,13.1700,11.4300,120164152,1502135387.5500,15.223100,20.204800,1,0,none,baostock,query_history_k_data_plus
,,,,,2021-08-19,12.8500,13.8900,12.8200,13.2700,13.1700,125630701,1680353644.2200,0.759300,21.124000,1,0,none,baostock,query_history_k_data_plus
,,,,,2021-08-20,13.1500,13.5400,12.8800,12.9800,13.2700,74027770,970227941.7800,-2.185400,12.447300,1,0,none,baostock,query_history_k_data_plus
,,,,,2021-08-23,13.0500,13.1800,12.6600,12.7300,12.9800,63987642,823711472.8300,-1.926000,10.759100,1,0,none,baostock,query_history_k_data_plus
,,,,,2021-08-24,12.6600,13.2500,12.5100,12.7400,12.7300,64156443,822392272.2800,0.078600,10.787500,1,0,none,baostock,query_history_k_data_plus
,,,,,2021-08-25,12.6700,13.5500,12.4000,13.1300,12.7400,73974359,961110481.1800,3.061200,12.438300,1,0,none,baostock,query_history_k_data_plus
,,,,,2021-08-26,12.9800,12.9800,12.1100,12.2100,13.1300,56687718,705511475.1400,-7.006900,9.531700,1,0,none,baostock,query_history_k_data_plus
,,,,,2021-08-27,12.0800,12.4700,12.0100,12.2200,12.2100,36909691,451353350.0800,0.081900,6.206100,1,0,none,baostock,query_history_k_data_plus
,,,,,2021-08-30,12.2600,12.5500,11.8800,11.9800,12.2200,41529369,504720998.9300,-1.964000,6.982900,1,0,none,baostock,query_history_k_data_plus
,,,,,2021-08-31,11.9500,12.3600,11.7100,12.2700,11.9800,39444180,477943729.3000,2.420700,6.632300,1,0,none,baostock,query_history_k_data_plus
,,,,,2021-09-01,12.1200,12.9000,11.6600,12.6200,12.2700,64562111,796506927.4100,2.852500,10.855700,1,0,none,baostock,query_history_k_data_plus
,,,,,2021-09-02,12.3900,13.1000,12.1200,12.7100,12.6200,54572742,689482049.2400,0.713200,9.176000,1,0,none,baostock,query_history_k_data_plus
,,,,,2021-09-03,13.5600,13.9200,12.2700,12.3200,12.7100,77131930,1011751483.9100,-3.068500,12.969200,1,0,none,baostock,query_history_k_data_plus
,,,,,2021-09-06,12.2600,12.9600,12.2600,12.5400,12.3200,50955249,645333383.7600,1.785700,8.567800,1,0,none,baostock,query_history_k_data_plus
,,,,,2021-09-07,12.4300,12.8200,12.2800,12.4000,12.5400,43970469,549311806.8700,-1.116400,7.393300,1,0,none,baostock,query_history_k_data_plus
,,,,,2021-09-08,12.2900,12.6400,11.9600,12.1700,12.4000,44358926,544572860.6500,-1.854800,7.458700,1,0,none,baostock,query_history_k_data_plus
,,,,,2021-09-09,12.0200,12.2600,11.8600,11.8600,12.1700,34109924,408553700.6300,-2.547200,5.735400,1,0,none,baostock,query_history_k_data_plus
,,,,,2021-09-10,11.8600,12.4900,11.7600,12.2400,11.8600,41140100,500718490.6200,3.204000,6.917400,1,0,none,baostock,query_history_k_data_plus
,,,,,2021-09-13,12.1300,13.1800,11.9000,12.8400,12.2400,57766048,730267430.6700,4.902000,9.713000,1,0,none,baostock,query_history_k_data_plus
,,,,,2021-09-14,12.9300,13.0900,12.5800,12.6900,12.8400,52167804,669607457.4900,-1.168200,8.771700,1,0,none,baostock,query_history_k_data_plus
,,,,,2021-09-15,12.7400,13.1200,12.5800,12.8200,12.6900,43959681,565035461.1300,1.024400,7.391500,1,0,none,baostock,query_history_k_data_plus
,,,,,2021-09-16,12.6800,13.0100,11.9200,12.0400,12.8200,46417650,572985070.6700,-6.084200,7.804800,1,0,none,baostock,query_history_k_data_plus
,,,,,2021-09-17,11.9900,12.1000,11.5200,11.7400,12.0400,29346394,344598344.9700,-2.491700,4.934400,1,0,none,baostock,query_history_k_data_plus
,,,,,2021-09-22,11.5300,11.6500,11.3200,11.3800,11.7400,20593066,235910547.0000,-3.066400,3.462600,1,0,none,baostock,query_history_k_data_plus
,,,,,2021-09-23,11.4300,11.8400,11.3700,11.6800,11.3800,22251968,258308772.2200,2.636200,3.741500,1,0,none,baostock,query_history_k_data_plus
,,,,,2021-09-24,11.5900,11.9400,11.1500,11.2000,11.6800,26876402,310059702.1500,-4.109600,4.519100,1,0,none,baostock,query_history_k_data_plus
,,,,,2021-09-27,11.2900,11.3800,10.5000,10.7000,11.2000,26190599,285531091.1500,-4.464300,4.403800,1,0,none,baostock,query_history_k_data_plus
,,,,,2021-09-28,10.7300,10.8100,10.5800,10.7000,10.7000,10489411,112230307.9900,0.000000,1.763700,1,0,none,baostock,query_history_k_data_plus
,,,,,2021-09-29,10.5800,10.6700,10.2200,10.2400,10.7000,16296308,169679807.2400,-4.299100,2.740100,1,0,none,baostock,query_history_k_data_plus
,,,,,2021-09-30,10.3500,10.5200,10.2500,10.4700,10.2400,10923447,114175702.6500,2.246100,1.836700,1,0,none,baostock,query_history_k_data_plus
,,,,,2021-10-08,10.6000,10.8400,10.5400,10.7100,10.4700,13006807,139145711.2900,2.292300,2.187000,1,0,none,baostock,query_history_k_data_plus
,,,,,2021-10-11,10.7300,10.8500,10.5400,10.7400,10.7100,12453646,133043638.1200,0.280100,2.094000,1,0,none,baostock,query_history_k_data_plus
,,,,,2021-10-12,10.6600,10.6600,10.0600,10.3200,10.7400,17134319,176700589.8400,-3.910600,2.881000,1,0,none,baostock,query_history_k_data_plus
,,,,,2021-10-13,10.3000,10.4000,10.1500,10.3600,10.3200,9423367,97056516.2300,0.387600,1.584500,1,0,none,baostock,query_history_k_data_plus
,,,,,2021-10-14,10.3100,10.4800,10.1700,10.3900,10.3600,8881584,91985776.3900,0.289600,1.493400,1,0,none,baostock,query_history_k_data_plus
,,,,,2021-10-15,10.3500,10.6800,10.2900,10.5900,10.3900,13664300,144133855.8500,1.924900,2.297600,1,0,none,baostock,query_history_k_data_plus
,,,,,2021-10-18,10.5600,10.5700,10.3000,10.4800,10.5900,10035956,104476266.7600,-1.038700,1.687500,1,0,none,baostock,query_history_k_data_plus
,,,,,2021-10-19,10.5200,10.9700,10.4700,10.8100,10.4800,17416481,187059305.8500,3.148900,2.928500,1,0,none,baostock,query_history_k_data_plus
,,,,,2021-10-20,10.8800,11.4500,10.8800,10.9000,10.8100,25042482,278608438.2400,0.832600,4.185000,1,0,none,baostock,query_history_k_data_plus
,,,,,2021-10-21,10.8000,11.1500,10.7300,10.9200,10.9000,19201017,210096139.2700,0.183500,3.208800,1,0,none,baostock,query_history_k_data_plus
,,,,,2021-10-22,10.8300,10.9400,10.5800,10.5800,10.9200,14560168,155591707.5900,-3.113600,2.433200,1,0,none,baostock,query_history_k_data_plus
,,,,,2021-10-25,10.5100,10.7100,10.3400,10.6900,10.5800,11648437,122266830.6400,1.039700,1.946600,1,0,none,baostock,query_history_k_data_plus
,,,,,2021-10-26,10.7300,10.7300,10.3800,10.3900,10.6900,12720125,133733717.5000,-2.806400,2.125700,1,0,none,baostock,query_history_k_data_plus
,,,,,2021-10-27,10.3000,10.4100,9.9800,10.0000,10.3900,16114122,162685856.9600,-3.753600,2.692900,1,0,none,baostock,query_history_k_data_plus
,,,,,2021-10-28,9.9900,10.0900,9.5600,9.6000,10.0000,16668097,162812342.2600,-4.000000,2.785500,1,0,none,baostock,query_history_k_data_plus
,,,,,2021-10-29,9.5900,9.8300,9.5200,9.8000,9.6000,11686481,113722655.1500,2.083300,1.945500,1,0,none,baostock,query_history_k_data_plus
,,,,,2021-11-01,9.8000,10.1200,9.7000,10.0200,9.8000,12817851,127738623.5400,2.244900,2.133800,1,0,none,baostock,query_history_k_data_plus
,,,,,2021-11-02,10.0200,10.0900,9.6800,9.7600,10.0200,13413540,132777425.5100,-2.594800,2.233000,1,0,none,baostock,query_history_k_data_plus
,,,,,2021-11-03,9.7700,9.8800,9.7100,9.8700,9.7600,8732353,85645763.9300,1.127000,1.453700,1,0,none,baostock,query_history_k_data_plus
,,,,,2021-11-04,9.9000,10.0500,9.8700,9.9400,9.8700,10094069,100546267.1200,0.709200,1.680400,1,0,none,baostock,query_history_k_data_plus
,,,,,2021-11-05,9.8800,10.2200,9.8400,10.0900,9.9400,15810414,159678061.5200,1.509100,2.632000,1,0,none,baostock,query_history_k_data_plus
,,,,,2021-11-08,10.0100,10.1500,9.9000,10.0700,10.0900,11194801,112053885.4800,-0.198200,1.863600,1,0,none,baostock,query_history_k_data_plus
,,,,,2021-11-09,10.1100,10.3400,10.0700,10.3000,10.0700,15530125,159072443.5700,2.284000,2.585400,1,0,none,baostock,query_history_k_data_plus
,,,,,2021-11-10,10.5000,10.6800,10.2600,10.3300,10.3000,17433776,181293154.9100,0.291300,2.902300,1,0,none,baostock,query_history_k_data_plus
,,,,,2021-11-11,10.2000,10.4600,10.2000,10.3200,10.3300,14201222,146742713.2200,-0.096800,2.364100,1,0,none,baostock,query_history_k_data_plus
,,,,,2021-11-12,10.3200,10.5500,10.2700,10.5400,10.3200,15413936,160786979.5000,2.131800,2.566000,1,0,none,baostock,query_history_k_data_plus
,,,,,2021-11-15,10.5600,10.6500,10.4100,10.6000,10.5400,14755096,155828378.6800,0.569300,2.456300,1,0,none,baostock,query_history_k_data_plus
,,,,,2021-11-16,10.5500,10.6800,10.3200,10.3300,10.6000,19135623,200702586.9600,-2.547200,3.185600,1,0,none,baostock,query_history_k_data_plus
,,,,,2021-11-17,10.3900,10.6300,10.3800,10.5400,10.3300,14820880,155934437.4800,2.032900,2.467300,1,0,none,baostock,query_history_k_data_plus
,,,,,2021-11-18,10.5400,10.6200,10.2100,10.2300,10.5400,19193878,198840537.1800,-2.941200,3.195300,1,0,none,baostock,query_history_k_data_plus
,,,,,2021-11-19,10.2400,10.4100,10.2100,10.3700,10.2300,13768314,142045138.1700,1.368500,2.292100,1,0,none,baostock,query_history_k_data_plus
,,,,,2021-11-22,10.5000,10.7600,10.4500,10.6800,10.3700,24544522,261009923.6400,2.989400,4.086000,1,0,none,baostock,query_history_k_data_plus
,,,,,2021-11-23,10.6500,10.6500,10.4800,10.5900,10.6800,15956791,168537581.4600,-0.842700,2.656400,1,0,none,baostock,query_history_k_data_plus
,,,,,2021-11-24,10.6200,10.6200,10.4100,10.4900,10.5900,12973541,136147429.1500,-0.944300,2.159800,1,0,none,baostock,query_history_k_data_plus
,,,,,2021-11-25,10.4500,10.7300,10.4400,10.6400,10.4900,19872291,211056965.9600,1.429900,3.308200,1,0,none,baostock,query_history_k_data_plus
,,,,,2021-11-26,10.6500,11.6700,10.3900,11.1400,10.6400,55480092,613546294.1400,4.699200,9.236000,1,0,none,baostock,query_history_k_data_plus
,,,,,2021-11-29,10.9800,11.4500,10.9100,11.3500,11.1400,40749702,458009362.7600,1.885100,6.783800,1,0,none,baostock,query_history_k_data_plus
,,,,,2021-11-30,11.3500,11.9000,11.2600,11.4900,11.3500,46751584,540947842.0200,1.233500,7.782900,1,0,none,baostock,query_history_k_data_plus
,,,,,2021-12-01,11.4100,11.6600,11.3600,11.4500,11.4900,31035039,356901379.0100,-0.348100,5.166500,1,0,none,baostock,query_history_k_data_plus
,,,,,2021-12-02,11.4500,11.7900,11.3200,11.6000,11.4500,35300754,409529964.9500,1.310000,5.876700,1,0,none,baostock,query_history_k_data_plus
,,,,,2021-12-03,11.5500,11.8800,11.3300,11.6100,11.6000,31525876,365921582.2500,0.086200,5.248200,1,0,none,baostock,query_history_k_data_plus
,,,,,2021-12-06,11.5000,11.8500,11.1800,11.4300,11.6100,28030027,322746197.7400,-1.550400,4.666300,1,0,none,baostock,query_history_k_data_plus
,,,,,2021-12-07,11.4500,12.0800,11.3500,12.0200,11.4300,47439252,559406425.0100,5.161900,7.897400,1,0,none,baostock,query_history_k_data_plus
,,,,,2021-12-08,11.8800,12.0000,11.6000,11.8300,12.0200,34765812,410661402.3200,-1.580700,5.787600,1,0,none,baostock,query_history_k_data_plus
,,,,,2021-12-09,11.7600,12.1700,11.5600,11.8700,11.8300,36010567,426894485.2200,0.338100,5.994800,1,0,none,baostock,query_history_k_data_plus
,,,,,2021-12-10,11.7200,11.8800,11.3900,11.4600,11.8700,30537991,353688092.2000,-3.454100,5.083800,1,0,none,baostock,query_history_k_data_plus
,,,,,2021-12-13,11.3900,11.7400,11.3600,11.5100,11.4600,18974020,219340717.8800,0.436300,3.158700,1,0,none,baostock,query_history_k_data_plus
,,,,,2021-12-14,11.4100,11.9800,11.4000,11.8600,11.5100,37514090,441551707.7300,3.040800,6.245100,1,0,none,baostock,query_history_k_data_plus
,,,,,2021-12-15,12.0800,12.5800,11.9100,11.9200,11.8600,58565232,716092570.5300,0.505900,9.749600,1,0,none,baostock,query_history_k_data_plus
,,,,,2021-12-16,11.8700,12.1300,11.7000,11.7400,11.9200,33897997,401134322.8200,-1.510100,5.643100,1,0,none,baostock,query_history_k_data_plus
,,,,,2021-12-17,11.7300,12.0600,11.4900,11.7800,11.7400,33191088,391785395.1400,0.340700,5.525500,1,0,none,baostock,query_history_k_data_plus
,,,,,2021-12-20,11.6000,11.8800,11.1800,11.2600,11.7800,32375440,374295837.7500,-4.414300,5.389700,1,0,none,baostock,query_history_k_data_plus
,,,,,2021-12-21,11.2400,12.3800,11.2000,12.1000,11.2600,63285809,763423770.6400,7.460000,10.535500,1,0,none,baostock,query_history_k_data_plus
,,,,,2021-12-22,12.0600,12.1400,11.7200,11.8900,12.1000,31844240,378357579.8000,-1.735500,5.301200,1,0,none,baostock,query_history_k_data_plus
,,,,,2021-12-23,11.9300,11.9500,11.6000,11.6800,11.8900,31479333,368818083.3900,-1.766200,5.240500,1,0,none,baostock,query_history_k_data_plus
,,,,,2021-12-24,11.8800,12.0500,11.5500,11.8300,11.6800,31219502,368764630.7000,1.284200,5.197200,1,0,none,baostock,query_history_k_data_plus
,,,,,2021-12-27,11.7900,12.1000,11.6900,11.9600,11.8300,24445695,291049114.5700,1.098900,4.069600,1,0,none,baostock,query_history_k_data_plus
,,,,,2021-12-28,12.0800,12.5300,11.9500,12.4000,11.9600,44068652,542807511.3100,3.678900,7.336300,1,0,none,baostock,query_history_k_data_plus
,,,,,2021-12-29,12.2400,12.3500,11.9700,12.0700,12.4000,30979402,376383373.0200,-2.661300,5.157300,1,0,none,baostock,query_history_k_data_plus
,,,,,2021-12-30,12.0800,12.3700,12.0300,12.0600,12.0700,27379955,333802125.8100,-0.082900,4.558100,1,0,none,baostock,query_history_k_data_plus
,,,,,2021-12-31,12.0800,12.4300,11.9200,12.3700,12.0600,31909178,390995729.1900,2.570500,5.312100,1,0,none,baostock,query_history_k_data_plus
,,,,,2022-01-04,12.3700,12.8200,12.2800,12.6000,12.3700,43254786,543159968.0700,1.859300,7.200800,1,0,none,baostock,query_history_k_data_plus
,,,,,2022-01-05,12.6500,12.9400,12.2000,12.3100,12.6000,39428384,493820873.1300,-2.301600,6.563800,1,0,none,baostock,query_history_k_data_plus
,,,,,2022-01-06,12.0800,12.5000,11.9200,12.2700,12.3100,30154039,368998141.9500,-0.324900,5.019900,1,0,none,baostock,query_history_k_data_plus
,,,,,2022-01-07,12.3900,12.6900,11.5800,11.6300,12.2700,47237948,574958433.5300,-5.216000,7.863900,1,0,none,baostock,query_history_k_data_plus
,,,,,2022-01-10,11.5700,12.4900,11.3000,12.0300,11.6300,38631057,461066863.0800,3.439400,6.431100,1,0,none,baostock,query_history_k_data_plus
,,,,,2022-01-11,11.9900,12.1000,11.4700,11.5500,12.0300,29724227,347789105.7700,-3.990000,4.948300,1,0,none,baostock,query_history_k_data_plus
,,,,,2022-01-12,11.6500,12.7500,11.5600,12.3800,11.5500,56466125,696275846.0900,7.186100,9.400200,1,0,none,baostock,query_history_k_data_plus
,,,,,2022-01-13,12.4900,12.7600,12.2600,12.3400,12.3800,48182458,601368536.1500,-0.323100,8.021100,1,0,none,baostock,query_history_k_data_plus
,,,,,2022-01-14,12.3200,12.6500,12.2000,12.3400,12.3400,37773763,467859888.0600,0.000000,6.288400,1,0,none,baostock,query_history_k_data_plus
,,,,,2022-01-17,12.6800,13.3300,12.5200,13.1900,12.3400,79046325,1024829942.4800,6.888200,13.159200,1,0,none,baostock,query_history_k_data_plus
,,,,,2022-01-18,13.0500,13.8400,12.8600,12.9400,13.1900,93467651,1239503483.4500,-1.895400,15.560000,1,0,none,baostock,query_history_k_data_plus
,,,,,2022-01-19,12.6900,13.1200,12.6100,12.9300,12.9400,53443792,690437059.8400,-0.077300,8.897000,1,0,none,baostock,query_history_k_data_plus
,,,,,2022-01-20,12.8700,15.5200,12.3600,14.9600,12.9300,176864763,2534251771.4700,15.699900,29.443400,1,0,none,baostock,query_history_k_data_plus
,,,,,2022-01-21,14.5400,15.1800,14.1000,14.3300,14.9600,109556663,1606208660.4100,-4.211200,18.238400,1,0,none,baostock,query_history_k_data_plus
,,,,,2022-01-24,14.1100,14.6500,13.9700,14.0700,14.3300,71226237,1015939641.3800,-1.814400,11.857300,1,0,none,baostock,query_history_k_data_plus
,,,,,2022-01-25,13.8600,14.0200,13.2800,13.6600,14.0700,63442641,865336551.3800,-2.914000,10.561600,1,0,none,baostock,query_history_k_data_plus
,,,,,2022-01-26,13.6600,13.8800,12.8200,13.2200,13.6600,52118096,692651187.9000,-3.221100,8.281800,1,0,none,baostock,query_history_k_data_plus
,,,,,2022-01-27,13.2000,13.2800,11.6500,11.7000,13.2200,59624676,727089397.2100,-11.497700,9.474600,1,0,none,baostock,query_history_k_data_plus
,,,,,2022-01-28,12.1000,13.8000,12.0900,13.1700,11.7000,84397934,1099556851.5200,12.564100,13.411200,1,0,none,baostock,query_history_k_data_plus
,,,,,2022-02-07,13.5000,14.2000,13.1900,13.7900,13.1700,82351733,1136612082.9000,4.707700,13.086000,1,0,none,baostock,query_history_k_data_plus
,,,,,2022-02-08,13.6200,14.6700,13.2300,14.4500,13.7900,89081156,1250694959.1300,4.786100,14.155400,1,0,none,baostock,query_history_k_data_plus
,,,,,2022-02-09,14.6500,15.4400,14.4200,14.7500,14.4500,121296208,1809278586.4600,2.076100,19.274500,1,0,none,baostock,query_history_k_data_plus
,,,,,2022-02-10,14.8200,15.1800,14.2800,14.7600,14.7500,82980106,1218882677.4800,0.067800,13.185900,1,0,none,baostock,query_history_k_data_plus
,,,,,2022-02-11,14.5000,15.1000,14.1500,14.1500,14.7600,90537611,1327781671.1700,-4.132800,14.386800,1,0,none,baostock,query_history_k_data_plus
,,,,,2022-02-14,13.9300,15.9500,13.7800,14.8600,14.1500,92141864,1376092634.0000,5.017700,14.641700,1,0,none,baostock,query_history_k_data_plus
,,,,,2022-02-15,14.8700,14.9800,14.3000,14.4600,14.8600,60498325,878201773.1900,-2.691800,9.613400,1,0,none,baostock,query_history_k_data_plus
,,,,,2022-02-16,15.0100,15.1800,14.0300,14.2700,14.4600,62847118,908735963.9900,-1.314000,9.986700,1,0,none,baostock,query_history_k_data_plus
,,,,,2022-02-17,14.0000,14.5000,13.5700,13.6000,14.2700,66952356,933195826.4700,-4.695200,10.639000,1,0,none,baostock,query_history_k_data_plus
,,,,,2022-02-18,13.4800,14.2300,13.4600,14.2000,13.6000,55775950,776103586.6200,4.411800,8.863000,1,0,none,baostock,query_history_k_data_plus
,,,,,2022-02-21,14.1000,15.0700,14.0000,14.9300,14.2000,69130960,1014741469.3100,5.140800,10.985200,1,0,none,baostock,query_history_k_data_plus
,,,,,2022-02-22,14.6300,14.8500,14.4600,14.6300,14.9300,53194142,779698972.6700,-2.009400,8.452800,1,0,none,baostock,query_history_k_data_plus
,,,,,2022-02-23,14.6000,15.4500,14.2300,15.1600,14.6300,72461872,1079474662.2500,3.622700,11.514500,1,0,none,baostock,query_history_k_data_plus
,,,,,2022-02-24,14.8200,15.0000,13.3000,13.8000,15.1600,90012421,1274356220.3800,-8.971000,14.303300,1,0,none,baostock,query_history_k_data_plus
,,,,,2022-02-25,13.9400,14.0200,13.1800,13.2900,13.8000,51319638,697700873.2900,-3.695700,8.154900,1,0,none,baostock,query_history_k_data_plus
,,,,,2022-02-28,13.6500,13.8600,13.2700,13.5000,13.2900,36009108,489989840.0000,1.580100,5.722000,1,0,none,baostock,query_history_k_data_plus
,,,,,2022-03-01,13.3500,13.7700,13.2700,13.5500,13.5000,30404152,411287808.0000,0.370400,4.831300,1,0,none,baostock,query_history_k_data_plus
,,,,,2022-03-02,13.3300,13.8000,13.2400,13.5300,13.5500,28897918,392929728.0000,-0.147600,4.592000,1,0,none,baostock,query_history_k_data_plus
,,,,,2022-03-03,13.5400,13.6700,13.0100,13.1500,13.5300,37774784,500105952.0000,-2.808600,6.002600,1,0,none,baostock,query_history_k_data_plus
,,,,,2022-03-04,13.0100,13.2300,12.9100,12.9500,13.1500,25548125,333636144.0000,-1.520900,4.059700,1,0,none,baostock,query_history_k_data_plus
,,,,,2022-03-07,12.9000,12.9700,12.3800,12.5300,12.9500,29453692,371648704.0000,-3.243200,4.680300,1,0,none,baostock,query_history_k_data_plus
,,,,,2022-03-08,12.5500,12.7200,12.1900,12.2200,12.5300,28437032,354930976.0000,-2.474100,4.518800,1,0,none,baostock,query_history_k_data_plus
,,,,,2022-03-09,12.2100,12.4900,11.6800,12.4500,12.2200,31237813,379628528.0000,1.882200,4.963800,1,0,none,baostock,query_history_k_data_plus
,,,,,2022-03-10,12.7800,12.8900,12.4500,12.4600,12.4500,32884583,416368032.0000,0.080300,5.225500,1,0,none,baostock,query_history_k_data_plus
,,,,,2022-03-11,12.1900,12.8600,11.9800,12.6800,12.4600,34833935,432727328.0000,1.765700,5.535300,1,0,none,baostock,query_history_k_data_plus
,,,,,2022-03-14,12.4700,12.7700,12.1500,12.1600,12.6800,22894890,285257072.0000,-4.100900,3.638100,1,0,none,baostock,query_history_k_data_plus
,,,,,2022-03-15,12.1100,12.3900,11.6000,11.6300,12.1600,27177200,328223120.0000,-4.358600,4.318600,1,0,none,baostock,query_history_k_data_plus
,,,,,2022-03-16,11.8300,12.1200,11.4600,12.0500,11.6300,29005550,343867696.0000,3.611300,4.609100,1,0,none,baostock,query_history_k_data_plus
,,,,,2022-03-17,12.1600,12.5900,12.0000,12.3900,12.0500,41422089,509490560.0000,2.821600,6.582100,1,0,none,baostock,query_history_k_data_plus
,,,,,2022-03-18,12.2600,12.4300,12.1600,12.2700,12.3900,21222134,261040989.2200,-0.968500,3.372300,1,0,none,baostock,query_history_k_data_plus
,,,,,2022-03-21,12.2800,12.4700,12.1500,12.4000,12.2700,22285444,274414175.4000,1.059500,3.541200,1,0,none,baostock,query_history_k_data_plus
,,,,,2022-03-22,12.5200,12.9900,12.4500,12.6100,12.4000,37698935,479199872.7100,1.693500,5.990500,1,0,none,baostock,query_history_k_data_plus
,,,,,2022-03-23,12.5000,12.6000,12.2400,12.3300,12.6100,24550659,303703491.3800,-2.220500,3.901200,1,0,none,baostock,query_history_k_data_plus
,,,,,2022-03-24,12.2000,12.2400,11.8000,11.8600,12.3300,24189834,288792898.6300,-3.811800,3.843900,1,0,none,baostock,query_history_k_data_plus
,,,,,2022-03-25,12.2200,12.3500,11.8200,11.8200,11.8600,20889464,252127013.1000,-0.337300,3.319400,1,0,none,baostock,query_history_k_data_plus
,,,,,2022-03-28,11.5100,12.0700,11.4700,11.8600,11.8200,15658439,184820047.5600,0.338400,2.488200,1,0,none,baostock,query_history_k_data_plus
,,,,,2022-03-29,11.8600,11.9100,11.5000,11.5400,11.8600,17226479,201027564.2800,-2.698100,2.737400,1,0,none,baostock,query_history_k_data_plus
,,,,,2022-03-30,11.6300,11.9700,11.5200,11.9000,11.5400,20629510,242969524.5500,3.119600,3.278100,1,0,none,baostock,query_history_k_data_plus
,,,,,2022-03-31,11.8500,12.3700,11.7900,12.2400,11.9000,34018546,413283257.9400,2.857100,5.405700,1,0,none,baostock,query_history_k_data_plus
,,,,,2022-04-01,12.1500,12.3600,12.0700,12.2500,12.2400,26029659,317777312.9600,0.081700,4.136200,1,0,none,baostock,query_history_k_data_plus
,,,,,2022-04-06,12.5500,12.6200,12.2900,12.3700,12.2500,29235059,363556011.1900,0.979600,4.645600,1,0,none,baostock,query_history_k_data_plus
,,,,,2022-04-07,12.2100,12.2900,11.7000,11.7300,12.3700,24178187,289638641.0600,-5.173800,3.842000,1,0,none,baostock,query_history_k_data_plus
,,,,,2022-04-08,11.7400,12.4800,11.4900,12.2600,11.7300,31482834,378056180.3600,4.518300,5.002800,1,0,none,baostock,query_history_k_data_plus
,,,,,2022-04-11,12.0500,12.1300,11.5200,11.6700,12.2600,20500443,242929577.9300,-4.812400,3.257600,1,0,none,baostock,query_history_k_data_plus
,,,,,2022-04-12,11.7100,11.9100,11.5100,11.9100,11.6700,15817627,185863805.6000,2.056600,2.513500,1,0,none,baostock,query_history_k_data_plus
,,,,,2022-04-13,11.8100,11.8200,11.0000,11.0100,11.9100,26492611,300441148.1400,-7.556700,4.209800,1,0,none,baostock,query_history_k_data_plus
,,,,,2022-04-14,11.1700,11.2300,10.8300,10.8600,11.0100,18025972,197882297.7200,-1.362400,2.864400,1,0,none,baostock,query_history_k_data_plus
,,,,,2022-04-15,10.8600,11.0200,10.5600,10.5900,10.8600,16930749,182320502.9200,-2.486200,2.690400,1,0,none,baostock,query_history_k_data_plus
,,,,,2022-04-18,10.5100,10.5400,10.1300,10.4300,10.5900,16585439,171523348.9400,-1.510900,2.635500,1,0,none,baostock,query_history_k_data_plus
,,,,,2022-04-19,10.4500,10.5700,10.2800,10.4800,10.4300,12311994,128334402.3500,0.479400,1.956400,1,0,none,baostock,query_history_k_data_plus
,,,,,2022-04-20,10.5800,10.7600,10.2400,10.2600,10.4800,13976108,146732431.2500,-2.099200,2.220900,1,0,none,baostock,query_history_k_data_plus
,,,,,2022-04-21,10.2000,10.3400,9.7000,9.7900,10.2600,18219906,182202913.1700,-4.580900,2.895200,1,0,none,baostock,query_history_k_data_plus
,,,,,2022-04-22,9.7000,9.8800,9.4800,9.5500,9.7900,14158601,137289251.9600,-2.451500,2.249900,1,0,none,baostock,query_history_k_data_plus
,,,,,2022-04-25,9.3400,9.3600,8.6400,8.6600,9.5500,21699677,195287914.3000,-9.319400,3.448200,1,0,none,baostock,query_history_k_data_plus
,,,,,2022-04-26,8.6900,8.8500,8.3800,8.3900,8.6600,18257151,157539262.4000,-3.117800,2.901100,1,0,none,baostock,query_history_k_data_plus
,,,,,2022-04-27,7.7700,8.3200,7.4700,8.3000,8.3900,42982883,338144268.2100,-1.072700,6.830200,1,0,none,baostock,query_history_k_data_plus
,,,,,2022-04-28,8.1800,8.2200,7.7000,7.8800,8.3000,26586186,210726706.4300,-5.060200,4.224700,1,0,none,baostock,query_history_k_data_plus
,,,,,2022-04-29,8.1000,8.2800,7.9700,8.2100,7.8800,20411471,166518582.5200,4.187800,3.243500,1,0,none,baostock,query_history_k_data_plus
,,,,,2022-05-05,8.2300,8.3300,8.0700,8.2200,8.2100,16338761,134614391.0300,0.121800,2.596300,1,0,none,baostock,query_history_k_data_plus
,,,,,2022-05-06,8.0000,8.3700,7.9300,8.1600,8.2200,18258356,149292623.3700,-0.729900,2.901300,1,0,none,baostock,query_history_k_data_plus
,,,,,2022-05-09,8.2000,8.4200,8.1200,8.2000,8.1600,15553309,128235356.7600,0.490200,2.471500,1,0,none,baostock,query_history_k_data_plus
,,,,,2022-05-10,8.0600,8.3200,8.0300,8.2800,8.2000,15073560,124072304.6900,0.975600,2.395300,1,0,none,baostock,query_history_k_data_plus
,,,,,2022-05-11,8.2900,8.5500,8.2600,8.2800,8.2800,22985034,193480489.7500,0.000000,3.652400,1,0,none,baostock,query_history_k_data_plus
,,,,,2022-05-12,8.2000,8.4600,8.1300,8.2900,8.2800,17462841,144773292.8900,0.120800,2.774900,1,0,none,baostock,query_history_k_data_plus
,,,,,2022-05-13,8.3300,8.3700,8.1400,8.2000,8.2900,13844801,113873204.9800,-1.085600,2.200000,1,0,none,baostock,query_history_k_data_plus
,,,,,2022-05-16,8.2700,8.3600,8.1200,8.2000,8.2000,15755773,129590481.9600,0.000000,2.503700,1,0,none,baostock,query_history_k_data_plus
,,,,,2022-05-17,8.2200,8.2200,7.9400,8.1200,8.2000,14066245,113389566.2500,-0.975600,2.235200,1,0,none,baostock,query_history_k_data_plus
,,,,,2022-05-18,8.2900,8.3800,8.2000,8.2100,8.1200,17787262,147389828.6900,1.108400,2.826500,1,0,none,baostock,query_history_k_data_plus
,,,,,2022-05-19,8.0800,8.2000,8.0300,8.1500,8.2100,13394913,108537715.7200,-0.730800,2.128500,1,0,none,baostock,query_history_k_data_plus
,,,,,2022-05-20,8.1700,8.3100,8.1300,8.2300,8.1500,14854467,122085190.7800,0.981600,2.360400,1,0,none,baostock,query_history_k_data_plus
,,,,,2022-05-23,8.2800,8.5800,8.2300,8.5600,8.2300,27678847,234107708.6000,4.009700,4.398300,1,0,none,baostock,query_history_k_data_plus
,,,,,2022-05-24,8.5900,8.5900,7.9900,8.0100,8.5600,27657371,227987630.4400,-6.425200,4.394900,1,0,none,baostock,query_history_k_data_plus
,,,,,2022-05-25,8.0000,8.2300,8.0000,8.2000,8.0100,13795590,111953174.9400,2.372000,2.192200,1,0,none,baostock,query_history_k_data_plus
,,,,,2022-05-26,8.2000,8.2500,7.9900,8.1800,8.2000,15481782,126078803.9200,-0.243900,2.460100,1,0,none,baostock,query_history_k_data_plus
,,,,,2022-05-27,8.2000,8.3500,8.1000,8.2000,8.1800,15959260,131244316.5400,0.244500,2.536000,1,0,none,baostock,query_history_k_data_plus
,,,,,2022-05-30,8.2000,8.2500,8.1100,8.1800,8.2000,10546551,86226421.2900,-0.243900,1.675900,1,0,none,baostock,query_history_k_data_plus
,,,,,2022-05-31,8.1900,8.3500,8.0400,8.3300,8.1800,18442514,151844254.5400,1.833700,2.930600,1,0,none,baostock,query_history_k_data_plus
,,,,,2022-06-01,8.3300,8.4500,8.2600,8.3200,8.3300,13829732,115446050.7900,-0.120000,2.197600,1,0,none,baostock,query_history_k_data_plus
,,,,,2022-06-02,8.3000,8.4800,8.2100,8.4200,8.3200,14095658,117835779.6500,1.201900,2.239900,1,0,none,baostock,query_history_k_data_plus
,,,,,2022-06-06,8.4700,8.7300,8.4300,8.6700,8.4200,22185523,191525826.4300,2.969100,3.525400,1,0,none,baostock,query_history_k_data_plus
,,,,,2022-06-07,8.7000,8.7200,8.4800,8.5600,8.6700,15532055,133216765.4400,-1.268700,2.468100,1,0,none,baostock,query_history_k_data_plus
,,,,,2022-06-08,8.5500,8.7200,8.3700,8.5500,8.5600,16235761,138770619.1800,-0.116800,2.579900,1,0,none,baostock,query_history_k_data_plus
,,,,,2022-06-09,8.5300,8.8500,8.4100,8.6800,8.5500,30943004,268024793.8200,1.520500,4.917000,1,0,none,baostock,query_history_k_data_plus
,,,,,2022-06-10,8.5100,8.7600,8.4900,8.7100,8.6800,20327335,175637410.2600,0.345600,3.230100,1,0,none,baostock,query_history_k_data_plus
,,,,,2022-06-13,8.8200,9.1800,8.7100,9.1000,8.7100,36195217,324645354.5200,4.477600,5.751600,1,0,none,baostock,query_history_k_data_plus
,,,,,2022-06-14,8.9600,9.1200,8.6600,9.0800,9.1000,25733523,229333507.3000,-0.219800,4.089200,1,0,none,baostock,query_history_k_data_plus
,,,,,2022-06-15,9.1000,9.5100,9.0500,9.1900,9.0800,46181503,429485064.2600,1.211500,7.338400,1,0,none,baostock,query_history_k_data_plus
,,,,,2022-06-16,9.1200,9.2500,9.0200,9.1700,9.1900,30181894,275186044.7500,-0.217600,4.796000,1,0,none,baostock,query_history_k_data_plus
,,,,,2022-06-17,9.1100,9.1300,8.9300,9.0400,9.1700,18435968,166670737.8600,-1.417700,2.929600,1,0,none,baostock,query_history_k_data_plus
,,,,,2022-06-20,9.0200,9.1000,8.9200,9.0000,9.0400,15002730,135115026.2100,-0.442500,2.384000,1,0,none,baostock,query_history_k_data_plus
,,,,,2022-06-21,9.0000,9.2200,8.9300,9.0500,9.0000,17991881,163590028.2300,0.555600,2.859000,1,0,none,baostock,query_history_k_data_plus
,,,,,2022-06-22,9.0600,9.1000,8.7300,8.7300,9.0500,15621294,138416222.3000,-3.535900,2.482300,1,0,none,baostock,query_history_k_data_plus
,,,,,2022-06-23,8.7200,8.9800,8.7200,8.9400,8.7300,13230248,117604607.6600,2.405500,2.102300,1,0,none,baostock,query_history_k_data_plus
,,,,,2022-06-24,9.0100,9.1200,8.9500,9.0400,8.9400,14913165,135091162.9100,1.118600,2.369800,1,0,none,baostock,query_history_k_data_plus
,,,,,2022-06-27,9.0800,9.1600,9.0100,9.0900,9.0400,12497125,113476421.0200,0.553100,1.985800,1,0,none,baostock,query_history_k_data_plus
,,,,,2022-06-28,9.0100,9.1600,8.9000,9.1600,8.9900,18203056,164951385.8700,1.891000,2.892500,1,0,none,baostock,query_history_k_data_plus
,,,,,2022-06-29,9.1300,9.4500,9.0600,9.1100,9.1600,24326484,224719668.2500,-0.545900,3.865600,1,0,none,baostock,query_history_k_data_plus
,,,,,2022-06-30,9.1200,9.3800,9.0600,9.3600,9.1100,23023879,211818090.8200,2.744200,3.658600,1,0,none,baostock,query_history_k_data_plus
,,,,,2022-07-01,9.4200,9.4400,9.1700,9.2400,9.3600,20009247,186065964.5100,-1.282100,3.179600,1,0,none,baostock,query_history_k_data_plus
,,,,,2022-07-04,9.1900,9.3100,9.1500,9.1900,9.2400,10021575,92390539.0400,-0.541100,1.592500,1,0,none,baostock,query_history_k_data_plus
,,,,,2022-07-05,9.2400,9.2400,8.9600,9.0500,9.1900,11399019,103395148.1100,-1.523400,1.811400,1,0,none,baostock,query_history_k_data_plus
,,,,,2022-07-06,9.0100,9.0700,8.7800,8.9700,9.0500,10896769,97138817.2400,-0.884000,1.731500,1,0,none,baostock,query_history_k_data_plus
,,,,,2022-07-07,8.9700,9.0300,8.9100,8.9500,8.9700,7562724,67850422.9800,-0.223000,1.201700,1,0,none,baostock,query_history_k_data_plus
,,,,,2022-07-08,9.0000,9.0800,8.8800,8.9200,8.9500,8922200,80212560.0000,-0.335200,1.417800,1,0,none,baostock,query_history_k_data_plus
,,,,,2022-07-11,8.8800,8.9200,8.7200,8.7800,8.9200,7867826,69089342.9800,-1.569500,1.250200,1,0,none,baostock,query_history_k_data_plus
,,,,,2022-07-12,8.7700,8.8200,8.6100,8.6200,8.7800,7896600,68619810.0000,-1.822300,1.254800,1,0,none,baostock,query_history_k_data_plus
,,,,,2022-07-13,8.6600,8.7000,8.6100,8.6600,8.6200,5595911,48467524.4900,0.464000,0.889200,1,0,none,baostock,query_history_k_data_plus
,,,,,2022-07-14,8.6800,8.6900,8.5500,8.5500,8.6600,7380872,63521047.1800,-1.270200,1.172900,1,0,none,baostock,query_history_k_data_plus
,,,,,2022-07-15,8.5500,8.5700,8.2000,8.2200,8.5500,13490344,112276020.0600,-3.859600,2.143700,1,0,none,baostock,query_history_k_data_plus
,,,,,2022-07-18,8.2800,8.5600,8.2300,8.5400,8.2200,10292429,87010794.9500,3.892900,1.635500,1,0,none,baostock,query_history_k_data_plus
,,,,,2022-07-19,8.5800,8.7900,8.5000,8.7900,8.5400,11850533,103056464.4500,2.927400,1.883100,1,0,none,baostock,query_history_k_data_plus
,,,,,2022-07-20,8.8200,8.9500,8.7400,8.9300,8.7900,12761484,112993086.4800,1.592700,2.027900,1,0,none,baostock,query_history_k_data_plus
,,,,,2022-07-21,8.9100,8.9900,8.7900,8.8000,8.9300,10333437,91701274.9100,-1.455800,1.642000,1,0,none,baostock,query_history_k_data_plus
,,,,,2022-07-22,8.8500,8.9100,8.6100,8.6900,8.8000,9533617,83277567.5100,-1.250000,1.514900,1,0,none,baostock,query_history_k_data_plus
,,,,,2022-07-25,8.7600,9.0200,8.6300,8.6800,8.6900,12285700,107869817.0000,-0.115100,1.952200,1,0,none,baostock,query_history_k_data_plus
,,,,,2022-07-26,8.6900,8.9200,8.6500,8.8300,8.6800,11432177,100795872.1900,1.728100,1.816600,1,0,none,baostock,query_history_k_data_plus
,,,,,2022-07-27,8.8700,8.9300,8.7900,8.8500,8.8300,8495473,75302232.7600,0.226500,1.350000,1,0,none,baostock,query_history_k_data_plus
,,,,,2022-07-28,8.8600,9.0000,8.8600,8.9100,8.8500,12001078,107295082.1500,0.678000,1.907000,1,0,none,baostock,query_history_k_data_plus
,,,,,2022-07-29,8.9100,8.9600,8.8200,8.8600,8.9100,9062324,80647508.6800,-0.561200,1.440000,1,0,none,baostock,query_history_k_data_plus
,,,,,2022-08-01,8.8500,8.9700,8.7700,8.8700,8.8600,9078267,80652108.8100,0.112900,1.442600,1,0,none,baostock,query_history_k_data_plus
,,,,,2022-08-02,8.7700,8.7800,8.2400,8.4000,8.8700,17759341,150198513.9200,-5.298800,2.822000,1,0,none,baostock,query_history_k_data_plus
,,,,,2022-08-03,8.3900,8.6700,8.2900,8.3300,8.4000,13063847,111238431.8100,-0.833300,2.075900,1,0,none,baostock,query_history_k_data_plus
,,,,,2022-08-04,8.4000,8.5500,8.3600,8.5100,8.3300,8701293,73572161.5400,2.160900,1.382700,1,0,none,baostock,query_history_k_data_plus
,,,,,2022-08-05,8.6200,8.9600,8.5800,8.9600,8.5100,20604188,181750902.0200,5.287900,3.274100,1,0,none,baostock,query_history_k_data_plus
,,,,,2022-08-08,8.9600,9.0200,8.8700,8.9900,8.9600,10552376,94368089.1600,0.334800,1.676800,1,0,none,baostock,query_history_k_data_plus
,,,,,2022-08-09,9.0300,9.0800,8.8600,8.9900,8.9900,10389387,92983751.4000,0.000000,1.650900,1,0,none,baostock,query_history_k_data_plus
,,,,,2022-08-10,8.9700,9.0800,8.9000,8.9900,8.9900,15064312,135468487.5700,0.000000,2.393800,1,0,none,baostock,query_history_k_data_plus
,,,,,2022-08-11,9.0400,9.1800,8.9900,9.1200,8.9900,16074679,146494304.5300,1.446100,2.554300,1,0,none,baostock,query_history_k_data_plus
,,,,,2022-08-12,9.1300,9.2900,9.0700,9.1300,9.1200,20855636,191354437.4400,0.109600,3.314000,1,0,none,baostock,query_history_k_data_plus
,,,,,2022-08-15,9.1000,9.1400,8.9700,9.0000,9.1300,14631274,132193271.0500,-1.423900,2.325000,1,0,none,baostock,query_history_k_data_plus
,,,,,2022-08-16,8.8200,8.9300,8.5800,8.6600,9.0000,28118680,244740976.9800,-3.777800,4.468400,1,0,none,baostock,query_history_k_data_plus
,,,,,2022-08-17,8.6600,8.7600,8.5500,8.7200,8.6600,14830431,128125774.1100,0.692800,2.356800,1,0,none,baostock,query_history_k_data_plus
,,,,,2022-08-18,8.6900,8.7100,8.5300,8.5500,8.7200,12701179,108849283.0500,-1.949500,2.018400,1,0,none,baostock,query_history_k_data_plus
,,,,,2022-08-19,8.5400,8.7000,8.4600,8.4700,8.5500,16419619,140690994.0300,-0.935700,2.609300,1,0,none,baostock,query_history_k_data_plus
,,,,,2022-08-22,8.4300,8.5400,8.2400,8.4800,8.4700,9140457,77300040.9300,0.118100,1.452500,1,0,none,baostock,query_history_k_data_plus
,,,,,2022-08-23,8.4500,8.5000,8.3600,8.4700,8.4800,8516318,71852923.5500,-0.117900,1.353400,1,0,none,baostock,query_history_k_data_plus
,,,,,2022-08-24,8.4500,8.4900,8.1600,8.1800,8.4700,14707622,121924603.9200,-3.423800,2.337200,1,0,none,baostock,query_history_k_data_plus
,,,,,2022-08-25,8.2000,8.2400,8.0200,8.1000,8.1800,10812083,87767173.0700,-0.978000,1.718200,1,0,none,baostock,query_history_k_data_plus
,,,,,2022-08-26,8.1200,8.1700,8.0100,8.0200,8.1000,8357588,67569253.0900,-0.987700,1.328100,1,0,none,baostock,query_history_k_data_plus
,,,,,2022-08-29,7.9000,8.0500,7.7400,8.0400,8.0200,7556048,60126549.7800,0.249400,1.200800,1,0,none,baostock,query_history_k_data_plus
,,,,,2022-08-30,8.0400,8.1400,8.0100,8.0900,8.0400,5906156,47675654.0500,0.621900,0.938600,1,0,none,baostock,query_history_k_data_plus
,,,,,2022-08-31,8.0500,8.1100,7.9300,7.9700,8.0900,6565293,52558835.9200,-1.483300,1.043300,1,0,none,baostock,query_history_k_data_plus
,,,,,2022-09-01,8.0000,8.0500,7.9200,7.9400,7.9700,5733241,45772138.2200,-0.376400,0.911100,1,0,none,baostock,query_history_k_data_plus
,,,,,2022-09-02,7.9700,8.1200,7.9500,8.1000,7.9400,5712527,46024744.1200,2.015100,0.907800,1,0,none,baostock,query_history_k_data_plus
,,,,,2022-09-05,8.0900,8.1400,7.9800,8.0800,8.1000,5800973,46580536.0000,-0.246900,0.921900,1,0,none,baostock,query_history_k_data_plus
,,,,,2022-09-06,8.0800,8.1300,8.0100,8.0800,8.0800,5619900,45329252.0000,0.000000,0.893100,1,0,none,baostock,query_history_k_data_plus
,,,,,2022-09-07,8.0800,8.1200,8.0000,8.1100,8.0800,7172100,57753270.0400,0.371300,1.139700,1,0,none,baostock,query_history_k_data_plus
,,,,,2022-09-08,8.1100,8.1100,8.0000,8.0000,8.1100,5553313,44636664.8500,-1.356400,0.882500,1,0,none,baostock,query_history_k_data_plus
,,,,,2022-09-09,8.0500,8.1600,7.9900,8.1000,8.0000,7808139,63253627.0300,1.250000,1.240800,1,0,none,baostock,query_history_k_data_plus
,,,,,2022-09-13,8.1100,8.2800,8.1100,8.1500,8.1000,9953051,81692621.5500,0.617300,1.581700,1,0,none,baostock,query_history_k_data_plus
,,,,,2022-09-14,8.0200,8.1100,8.0000,8.0900,8.1500,6161871,49552652.0400,-0.736200,0.979200,1,0,none,baostock,query_history_k_data_plus
,,,,,2022-09-15,8.1000,8.1800,7.9100,8.0300,8.0900,8644826,69653040.1700,-0.741700,1.373800,1,0,none,baostock,query_history_k_data_plus
,,,,,2022-09-16,8.0300,8.1700,7.8900,7.9100,8.0300,11079116,89147518.8000,-1.494400,1.760600,1,0,none,baostock,query_history_k_data_plus
,,,,,2022-09-19,7.8600,7.8600,7.3200,7.4200,7.9100,17287716,129099717.9100,-6.194700,2.747300,1,0,none,baostock,query_history_k_data_plus
,,,,,2022-09-20,7.5000,7.6200,7.4400,7.5500,7.4200,7064460,53122803.0500,1.752000,1.122600,1,0,none,baostock,query_history_k_data_plus
,,,,,2022-09-21,7.5500,7.7700,7.3600,7.7200,7.5500,11109097,84620788.3200,2.251700,1.765400,1,0,none,baostock,query_history_k_data_plus
,,,,,2022-09-22,7.6700,7.8100,7.6200,7.7000,7.7200,8223172,63669616.3400,-0.259100,1.306800,1,0,none,baostock,query_history_k_data_plus
,,,,,2022-09-23,7.7500,7.7500,7.4500,7.5500,7.7000,8592071,65200768.2600,-1.948100,1.365400,1,0,none,baostock,query_history_k_data_plus
,,,,,2022-09-26,7.5000,7.5400,7.1800,7.1900,7.5500,8783889,64415076.1200,-4.768200,1.395900,1,0,none,baostock,query_history_k_data_plus
,,,,,2022-09-27,7.2100,7.3800,7.1900,7.3700,7.1900,6544942,47762086.5300,2.503500,1.040100,1,0,none,baostock,query_history_k_data_plus
,,,,,2022-09-28,7.3700,7.4000,7.1100,7.1100,7.3700,7698640,55752065.8400,-3.527800,1.223400,1,0,none,baostock,query_history_k_data_plus
,,,,,2022-09-29,7.1500,7.3200,7.0000,7.0400,7.1100,7963530,57026918.5100,-0.984500,1.265500,1,0,none,baostock,query_history_k_data_plus
,,,,,2022-09-30,7.0400,7.1500,7.0000,7.0500,7.0400,5987619,42418947.7700,0.142000,0.951500,1,0,none,baostock,query_history_k_data_plus
,,,,,2022-10-10,7.0900,7.1400,6.9300,6.9400,7.0500,5834363,41042670.3100,-1.560300,0.927200,1,0,none,baostock,query_history_k_data_plus
,,,,,2022-10-11,6.9500,7.0400,6.9100,7.0100,6.9400,4489224,31334800.1100,1.008600,0.713400,1,0,none,baostock,query_history_k_data_plus
,,,,,2022-10-12,7.0000,7.2400,6.9200,7.2300,7.0100,6776777,48014544.4900,3.138400,1.076900,1,0,none,baostock,query_history_k_data_plus
,,,,,2022-10-13,7.2400,7.5700,7.1400,7.4100,7.2300,14915403,110772000.1900,2.489600,2.370300,1,0,none,baostock,query_history_k_data_plus
,,,,,2022-10-14,7.4700,7.5900,7.4300,7.5300,7.4100,9633475,72405124.4700,1.619400,1.530900,1,0,none,baostock,query_history_k_data_plus
,,,,,2022-10-17,7.4800,7.7500,7.4600,7.7200,7.5300,9563400,73436900.0000,2.523200,1.519800,1,0,none,baostock,query_history_k_data_plus
,,,,,2022-10-18,7.7200,7.7400,7.6000,7.6700,7.7200,7610121,58290913.5900,-0.647700,1.209400,1,0,none,baostock,query_history_k_data_plus
,,,,,2022-10-19,7.6300,7.7300,7.5400,7.6500,7.6700,7408616,56581599.2200,-0.260800,1.177400,1,0,none,baostock,query_history_k_data_plus
,,,,,2022-10-20,7.6600,7.8100,7.5700,7.6800,7.6500,9708418,74827517.3600,0.392200,1.542900,1,0,none,baostock,query_history_k_data_plus
,,,,,2022-10-21,7.7400,7.8200,7.6300,7.7200,7.6800,8095622,62533183.0800,0.520800,1.286500,1,0,none,baostock,query_history_k_data_plus
,,,,,2022-10-24,7.7200,7.8800,7.5400,7.5900,7.7200,10052148,77503309.5300,-1.683900,1.597500,1,0,none,baostock,query_history_k_data_plus
,,,,,2022-10-25,7.5100,7.6700,7.3100,7.4200,7.5900,9663398,71909979.5900,-2.239800,1.535700,1,0,none,baostock,query_history_k_data_plus
,,,,,2022-10-26,7.4500,7.8200,7.3800,7.7500,7.4200,14428736,111249151.1500,4.447400,2.293000,1,0,none,baostock,query_history_k_data_plus
,,,,,2022-10-27,7.8000,8.0100,7.7200,7.9200,7.7500,16294557,128910558.6900,2.193500,2.575900,1,0,none,baostock,query_history_k_data_plus
,,,,,2022-10-28,8.4000,8.5500,8.1300,8.1300,7.9200,48754505,405554207.1900,2.651500,7.707400,1,0,none,baostock,query_history_k_data_plus
,,,,,2022-10-31,8.1300,8.5500,8.1300,8.4200,8.1300,38385707,321248162.5300,3.567000,6.068200,1,0,none,baostock,query_history_k_data_plus
,,,,,2022-11-01,8.3400,8.5200,8.2400,8.5100,8.4200,23507202,197398700.0200,1.068900,3.716200,1,0,none,baostock,query_history_k_data_plus
,,,,,2022-11-02,8.5200,8.5900,8.4100,8.4900,8.5100,17052376,144376855.3900,-0.235000,2.695700,1,0,none,baostock,query_history_k_data_plus
,,,,,2022-11-03,8.4100,8.5300,8.3000,8.3900,8.4900,14533950,122126899.0000,-1.177900,2.297600,1,0,none,baostock,query_history_k_data_plus
,,,,,2022-11-04,8.3500,8.5300,8.3400,8.4800,8.3900,14323695,120867625.3400,1.072700,2.264400,1,0,none,baostock,query_history_k_data_plus
,,,,,2022-11-07,8.4800,8.7300,8.4500,8.6400,8.4800,18984538,163465246.9500,1.886800,3.001200,1,0,none,baostock,query_history_k_data_plus
,,,,,2022-11-08,8.6000,8.7700,8.4700,8.6700,8.6400,17588685,151986167.5000,0.347200,2.780500,1,0,none,baostock,query_history_k_data_plus
,,,,,2022-11-09,9.1900,9.3400,8.8000,8.8900,8.6700,44155941,399360562.6700,2.537500,6.980400,1,0,none,baostock,query_history_k_data_plus
,,,,,2022-11-10,8.8800,9.8000,8.8000,9.7000,8.8900,65089017,616709229.7600,9.111400,10.289700,1,0,none,baostock,query_history_k_data_plus
,,,,,2022-11-11,9.5400,9.9500,9.1900,9.2000,9.7000,61607600,587743384.9300,-5.154600,9.739300,1,0,none,baostock,query_history_k_data_plus
,,,,,2022-11-14,9.0700,9.3700,8.9100,9.2800,9.2000,36656225,334180119.7500,0.869600,5.794800,1,0,none,baostock,query_history_k_data_plus
,,,,,2022-11-15,9.1000,9.5600,9.0200,9.2800,9.2800,31652815,294710179.7100,0.000000,5.003900,1,0,none,baostock,query_history_k_data_plus
,,,,,2022-11-16,9.1200,9.7000,9.0800,9.5500,9.2800,43023628,409286426.9900,2.909500,6.801400,1,0,none,baostock,query_history_k_data_plus
,,,,,2022-11-17,9.4500,9.5700,9.2100,9.3900,9.5500,27824043,259756320.3100,-1.675400,4.398600,1,0,none,baostock,query_history_k_data_plus
,,,,,2022-11-18,9.3800,9.5000,9.1900,9.2100,9.3900,24432454,228611247.1400,-1.916900,3.862400,1,0,none,baostock,query_history_k_data_plus
,,,,,2022-11-21,9.1000,9.2800,8.9700,9.1300,9.2100,21250416,193019125.5400,-0.868600,3.359400,1,0,none,baostock,query_history_k_data_plus
,,,,,2022-11-22,9.1000,9.1900,8.8500,8.9100,9.1300,19392761,174452282.5500,-2.409600,3.065700,1,0,none,baostock,query_history_k_data_plus
,,,,,2022-11-23,8.9300,8.9900,8.6000,8.7700,8.9100,16153963,141280924.6500,-1.571300,2.553700,1,0,none,baostock,query_history_k_data_plus
,,,,,2022-11-24,8.7900,8.9400,8.7700,8.8100,8.7700,11804215,104411565.7900,0.456100,1.866100,1,0,none,baostock,query_history_k_data_plus
,,,,,2022-11-25,8.7800,8.9100,8.7200,8.7400,8.8100,12090188,106445926.4300,-0.794600,1.911300,1,0,none,baostock,query_history_k_data_plus
,,,,,2022-11-28,8.5800,8.8000,8.5400,8.6100,8.7400,10834130,93586664.0800,-1.487400,1.712700,1,0,none,baostock,query_history_k_data_plus
,,,,,2022-11-29,8.6500,8.8300,8.5700,8.8100,8.6100,11229264,98013407.5400,2.322900,1.775200,1,0,none,baostock,query_history_k_data_plus
,,,,,2022-11-30,8.8000,8.8400,8.5900,8.6000,8.8100,14980385,129581045.7700,-2.383700,2.368200,1,0,none,baostock,query_history_k_data_plus
,,,,,2022-12-01,8.6100,8.8700,8.6100,8.8200,8.6000,15954011,140090974.1300,2.558100,2.522100,1,0,none,baostock,query_history_k_data_plus
,,,,,2022-12-02,8.7500,9.0400,8.7500,8.9200,8.8200,14938381,133466399.2500,1.133800,2.361500,1,0,none,baostock,query_history_k_data_plus
,,,,,2022-12-05,8.9500,9.1000,8.9200,9.0700,8.9200,13239780,119379943.0800,1.681600,2.093000,1,0,none,baostock,query_history_k_data_plus
,,,,,2022-12-06,9.0300,9.1000,8.8900,8.9500,9.0700,9401906,84263462.9500,-1.323000,1.486300,1,0,none,baostock,query_history_k_data_plus
,,,,,2022-12-07,8.9700,8.9700,8.7600,8.8400,8.9500,9165022,80956331.2200,-1.229100,1.448900,1,0,none,baostock,query_history_k_data_plus
,,,,,2022-12-08,8.8500,8.8700,8.6000,8.6400,8.8400,9606550,83244588.0000,-2.262400,1.518700,1,0,none,baostock,query_history_k_data_plus
,,,,,2022-12-09,8.6800,8.6900,8.5500,8.6700,8.6400,7542605,65079012.4600,0.347200,1.192400,1,0,none,baostock,query_history_k_data_plus
,,,,,2022-12-12,8.6300,8.7600,8.5800,8.6000,8.6700,8689142,75058981.7200,-0.807400,1.373600,1,0,none,baostock,query_history_k_data_plus
,,,,,2022-12-13,8.5900,8.6400,8.4300,8.4400,8.6000,7682436,65381999.0800,-1.860500,1.214500,1,0,none,baostock,query_history_k_data_plus
,,,,,2022-12-14,8.4600,8.5900,8.4500,8.4900,8.4400,5775301,49155084.5200,0.592400,0.913000,1,0,none,baostock,query_history_k_data_plus
,,,,,2022-12-15,8.5300,8.6100,8.3800,8.4900,8.4900,6352250,54102208.5000,0.000000,1.004200,1,0,none,baostock,query_history_k_data_plus
,,,,,2022-12-16,8.4500,8.4900,8.3200,8.3200,8.4900,8011450,67035158.0000,-2.002400,1.266500,1,0,none,baostock,query_history_k_data_plus
,,,,,2022-12-19,8.3500,8.3900,8.1100,8.1400,8.3200,7433091,61097112.0900,-2.163500,1.175100,1,0,none,baostock,query_history_k_data_plus
,,,,,2022-12-20,8.2300,8.2700,8.0200,8.0600,8.1400,6358823,51522169.4200,-0.982800,1.005200,1,0,none,baostock,query_history_k_data_plus
,,,,,2022-12-21,8.0600,8.1200,7.9000,7.9700,8.0600,5988446,47852329.2400,-1.116600,0.946700,1,0,none,baostock,query_history_k_data_plus
,,,,,2022-12-22,8.0100,8.0900,7.9200,7.9200,7.9700,5342072,42722532.8300,-0.627400,0.844500,1,0,none,baostock,query_history_k_data_plus
,,,,,2022-12-23,7.8900,8.2000,7.8600,8.0900,7.9200,9478513,76602772.2600,2.146500,1.418100,1,0,none,baostock,query_history_k_data_plus
,,,,,2022-12-26,8.1000,8.2000,8.0600,8.1400,8.0900,5575772,45391652.3600,0.618000,0.834200,1,0,none,baostock,query_history_k_data_plus
,,,,,2022-12-27,8.1800,8.2400,8.0800,8.1100,8.1400,5777500,46958168.0000,-0.368600,0.864400,1,0,none,baostock,query_history_k_data_plus
,,,,,2022-12-28,8.1100,8.1100,7.9400,8.0300,8.1100,7172502,57512619.1200,-0.986400,1.073100,1,0,none,baostock,query_history_k_data_plus
,,,,,2022-12-29,8.0700,8.2200,7.9700,8.1100,8.0300,7695675,62426860.0000,0.996300,1.151400,1,0,none,baostock,query_history_k_data_plus
,,,,,2022-12-30,8.1100,8.2800,8.0700,8.2100,8.1100,7221070,59181029.6600,1.233000,1.080400,1,0,none,baostock,query_history_k_data_plus
,,,,,2023-01-03,8.2000,8.5900,8.1600,8.5700,8.2100,14617523,123576194.3100,4.384900,2.187000,1,0,none,baostock,query_history_k_data_plus
,,,,,2023-01-04,8.5700,8.7500,8.5000,8.7400,8.5700,14352047,124315547.8200,1.983700,2.147300,1,0,none,baostock,query_history_k_data_plus
,,,,,2023-01-05,8.7500,8.8500,8.6900,8.7100,8.7400,11058212,96758330.0200,-0.343200,1.654500,1,0,none,baostock,query_history_k_data_plus
,,,,,2023-01-06,8.7100,8.8400,8.6100,8.6400,8.7100,13304700,115749161.4500,-0.803700,1.990600,1,0,none,baostock,query_history_k_data_plus
,,,,,2023-01-09,8.6400,9.0300,8.6100,8.8500,8.6400,18671651,166118282.4500,2.430600,2.793500,1,0,none,baostock,query_history_k_data_plus
,,,,,2023-01-10,8.8600,9.0500,8.7400,8.8800,8.8500,13161164,117193692.6300,0.339000,1.969100,1,0,none,baostock,query_history_k_data_plus
,,,,,2023-01-11,8.8900,8.9500,8.7000,8.7400,8.8800,11843833,104440070.2500,-1.576600,1.772000,1,0,none,baostock,query_history_k_data_plus
,,,,,2023-01-12,8.6800,8.8300,8.6600,8.7400,8.7400,9803120,85765843.5500,0.000000,1.466700,1,0,none,baostock,query_history_k_data_plus
,,,,,2023-01-13,8.7700,8.8000,8.6800,8.7500,8.7400,6590251,57512097.2500,0.114400,0.986000,1,0,none,baostock,query_history_k_data_plus
,,,,,2023-01-16,8.7900,9.0100,8.7800,8.8900,8.7500,12924318,115454999.8900,1.600000,1.933700,1,0,none,baostock,query_history_k_data_plus
,,,,,2023-01-17,8.8500,8.9300,8.7300,8.7700,8.8900,8225746,72524382.6700,-1.349800,1.230700,1,0,none,baostock,query_history_k_data_plus
,,,,,2023-01-18,8.8300,8.9000,8.6900,8.8500,8.7700,8208809,72449279.7400,0.912200,1.228200,1,0,none,baostock,query_history_k_data_plus
,,,,,2023-01-19,8.8500,8.9800,8.8100,8.9600,8.8500,10039650,89694301.5000,1.242900,1.502100,1,0,none,baostock,query_history_k_data_plus
,,,,,2023-01-20,8.9400,9.1300,8.9000,8.9900,8.9600,13549889,122005473.6900,0.334800,2.027200,1,0,none,baostock,query_history_k_data_plus
,,,,,2023-01-30,9.2000,9.3400,9.0400,9.2400,8.9900,20219779,186392504.1400,2.780900,3.025200,1,0,none,baostock,query_history_k_data_plus
,,,,,2023-01-31,9.2200,9.3800,9.1900,9.2700,9.2400,17853588,165863381.8900,0.324700,2.671100,1,0,none,baostock,query_history_k_data_plus
,,,,,2023-02-01,9.2600,9.4900,9.2200,9.4700,9.2700,20388251,191112262.7600,2.157500,3.050400,1,0,none,baostock,query_history_k_data_plus
,,,,,2023-02-02,9.5200,9.5500,9.2900,9.3000,9.4700,20098715,188589023.6200,-1.795100,3.007000,1,0,none,baostock,query_history_k_data_plus
,,,,,2023-02-03,9.2800,9.5200,9.2300,9.5200,9.3000,21103307,198185090.3900,2.365600,3.157300,1,0,none,baostock,query_history_k_data_plus
,,,,,2023-02-06,9.4900,9.6700,9.3800,9.6500,9.5200,26006627,248458696.5600,1.365500,3.890900,1,0,none,baostock,query_history_k_data_plus
,,,,,2023-02-07,9.5800,9.7300,9.4800,9.6700,9.6500,18750172,180225730.0100,0.207300,2.805300,1,0,none,baostock,query_history_k_data_plus
,,,,,2023-02-08,9.6600,9.7000,9.4400,9.4800,9.6700,16183238,154428347.6300,-1.964800,2.421200,1,0,none,baostock,query_history_k_data_plus
,,,,,2023-02-09,9.4500,9.8300,9.4000,9.8000,9.4800,23525667,227814643.8500,3.375500,3.519800,1,0,none,baostock,query_history_k_data_plus
,,,,,2023-02-10,9.7500,9.8300,9.5600,9.6200,9.8000,15448400,149590535.0000,-1.836700,2.311300,1,0,none,baostock,query_history_k_data_plus
,,,,,2023-02-13,9.5600,9.6600,9.4600,9.6100,9.6200,15300843,146412987.1600,-0.104000,2.289200,1,0,none,baostock,query_history_k_data_plus
,,,,,2023-02-14,9.6000,9.6600,9.4300,9.4700,9.6100,13482512,128108834.7500,-1.456800,2.017200,1,0,none,baostock,query_history_k_data_plus
,,,,,2023-02-15,9.4700,9.7400,9.4400,9.7000,9.4700,17699126,170485932.4500,2.428700,2.648000,1,0,none,baostock,query_history_k_data_plus
,,,,,2023-02-16,9.7100,9.9700,9.5000,9.5600,9.7000,27147847,264672653.1500,-1.443300,4.061700,1,0,none,baostock,query_history_k_data_plus
,,,,,2023-02-17,9.5600,9.6300,9.1500,9.1500,9.5600,23660959,219622475.6300,-4.288700,3.540000,1,0,none,baostock,query_history_k_data_plus
,,,,,2023-02-20,9.2400,9.4500,9.2300,9.4100,9.1500,16635843,155748157.7000,2.841500,2.488900,1,0,none,baostock,query_history_k_data_plus
,,,,,2023-02-21,9.4800,9.7700,9.3000,9.3900,9.4100,16489673,156834719.4100,-0.212500,2.467100,1,0,none,baostock,query_history_k_data_plus
,,,,,2023-02-22,9.3700,9.4500,9.1700,9.3800,9.3900,12830089,119325951.9800,-0.106500,1.919600,1,0,none,baostock,query_history_k_data_plus
,,,,,2023-02-23,9.3600,9.3600,9.1300,9.1800,9.3800,12614411,116270969.5500,-2.132200,1.887300,1,0,none,baostock,query_history_k_data_plus
,,,,,2023-02-24,9.2300,9.3100,9.1800,9.2500,9.1800,7641428,70686291.1100,0.762500,1.143300,1,0,none,baostock,query_history_k_data_plus
,,,,,2023-02-27,9.2300,9.2800,9.0300,9.0700,9.2500,9950577,90836921.9000,-1.945900,1.488700,1,0,none,baostock,query_history_k_data_plus
,,,,,2023-02-28,9.2200,9.3800,9.0800,9.2500,9.0700,13977849,129119309.1600,1.984600,2.091300,1,0,none,baostock,query_history_k_data_plus
,,,,,2023-03-01,9.2500,9.5400,9.2100,9.5300,9.2500,20566150,194303964.1900,3.027000,3.077000,1,0,none,baostock,query_history_k_data_plus
,,,,,2023-03-02,9.5300,9.5800,9.4600,9.5200,9.5300,11114459,105807500.2500,-0.104900,1.662900,1,0,none,baostock,query_history_k_data_plus
,,,,,2023-03-03,9.5200,9.5200,9.3000,9.4400,9.5200,12892895,121350184.6900,-0.840300,1.929000,1,0,none,baostock,query_history_k_data_plus
,,,,,2023-03-06,9.4600,9.5300,9.3900,9.4200,9.4400,11519605,108863294.2000,-0.211900,1.723500,1,0,none,baostock,query_history_k_data_plus
,,,,,2023-03-07,9.3800,9.4800,9.1200,9.1500,9.4200,10656149,98617658.8800,-2.866200,1.594300,1,0,none,baostock,query_history_k_data_plus
,,,,,2023-03-08,9.1700,9.3600,9.1100,9.3400,9.1500,8541772,79148279.2800,2.076500,1.278000,1,0,none,baostock,query_history_k_data_plus
,,,,,2023-03-09,9.3000,9.5100,9.1700,9.4900,9.3400,11925237,111751814.5300,1.606000,1.784200,1,0,none,baostock,query_history_k_data_plus
,,,,,2023-03-10,9.4000,9.8600,9.3900,9.5900,9.4900,28214012,272899942.4200,1.053700,4.221200,1,0,none,baostock,query_history_k_data_plus
,,,,,2023-03-13,9.5100,9.7200,9.4000,9.7100,9.5900,21384982,205298261.9000,1.251300,3.199500,1,0,none,baostock,query_history_k_data_plus
,,,,,2023-03-14,9.6300,9.7400,9.4300,9.6200,9.7100,17168405,164688835.9700,-0.926900,2.568600,1,0,none,baostock,query_history_k_data_plus
,,,,,2023-03-15,9.6300,9.7100,9.4200,9.4400,9.6200,13333708,126789360.5900,-1.871100,1.994900,1,0,none,baostock,query_history_k_data_plus
,,,,,2023-03-16,9.4500,9.4800,9.2200,9.3500,9.4400,12249875,114689848.9600,-0.953400,1.832700,1,0,none,baostock,query_history_k_data_plus
,,,,,2023-03-17,9.3700,9.7300,9.3700,9.6500,9.3500,18872741,181793022.8100,3.208600,2.823600,1,0,none,baostock,query_history_k_data_plus
,,,,,2023-03-20,9.6600,9.7500,9.5000,9.5100,9.6500,15772718,151167444.9300,-1.450800,2.359800,1,0,none,baostock,query_history_k_data_plus
,,,,,2023-03-21,9.5200,9.9000,9.4200,9.8700,9.5100,26578528,259951290.1500,3.785500,3.976500,1,0,none,baostock,query_history_k_data_plus
,,,,,2023-03-22,9.9000,10.1200,9.8200,10.1100,9.8700,31120741,311563342.4300,2.431600,4.656100,1,0,none,baostock,query_history_k_data_plus
,,,,,2023-03-23,10.1600,10.2500,9.9100,10.1000,10.1100,24962662,250701125.4200,-0.098900,3.734800,1,0,none,baostock,query_history_k_data_plus
,,,,,2023-03-24,10.0500,10.3000,9.9700,10.2200,10.1000,26175777,265674822.8800,1.188100,3.916300,1,0,none,baostock,query_history_k_data_plus
,,,,,2023-03-27,10.2600,10.4400,10.0700,10.3800,10.2200,32448400,333937614.1800,1.565600,4.854700,1,0,none,baostock,query_history_k_data_plus
,,,,,2023-03-28,10.2900,10.3100,10.0500,10.0900,10.3800,23107091,234408699.6200,-2.793800,3.457100,1,0,none,baostock,query_history_k_data_plus
,,,,,2023-03-29,10.0500,10.3000,9.9600,10.1000,10.0900,20528680,208130378.6600,0.099100,3.071400,1,0,none,baostock,query_history_k_data_plus
,,,,,2023-03-30,10.1600,10.1900,9.8600,9.9400,10.1000,16094223,161134023.9700,-1.584200,2.407900,1,0,none,baostock,query_history_k_data_plus
,,,,,2023-03-31,10.0300,10.2400,9.7800,10.2100,9.9400,19065222,191235988.9100,2.716300,2.852400,1,0,none,baostock,query_history_k_data_plus
,,,,,2023-04-03,10.1700,10.6300,10.0800,10.6100,10.2100,36200624,376943614.7200,3.917700,5.416100,1,0,none,baostock,query_history_k_data_plus
,,,,,2023-04-04,10.6000,10.7400,10.4000,10.6600,10.6100,31769749,336228457.7800,0.471300,4.753200,1,0,none,baostock,query_history_k_data_plus
,,,,,2023-04-06,10.3700,10.5000,10.1800,10.3000,10.6600,26792613,277080390.8800,-3.377100,4.008500,1,0,none,baostock,query_history_k_data_plus
,,,,,2023-04-07,10.4300,10.6600,10.1900,10.5900,10.3000,27131187,284335425.8100,2.815500,4.059200,1,0,none,baostock,query_history_k_data_plus
,,,,,2023-04-10,10.5900,10.6800,10.0500,10.0800,10.5900,28438044,293452000.1000,-4.815900,4.254700,1,0,none,baostock,query_history_k_data_plus
,,,,,2023-04-11,10.0800,10.2900,10.0200,10.1900,10.0800,17892133,182229761.6600,1.091300,2.676900,1,0,none,baostock,query_history_k_data_plus
,,,,,2023-04-12,10.2300,10.6400,10.2100,10.5400,10.1900,24837653,259554362.6600,3.434700,3.716100,1,0,none,baostock,query_history_k_data_plus
,,,,,2023-04-13,10.5500,10.8600,10.5000,10.5200,10.5400,29438934,313236452.4800,-0.189800,4.404500,1,0,none,baostock,query_history_k_data_plus
,,,,,2023-04-14,10.5800,10.7600,10.3800,10.6500,10.5200,24802347,262657943.3500,1.235700,3.710800,1,0,none,baostock,query_history_k_data_plus
,,,,,2023-04-17,10.6500,10.6600,10.2000,10.3000,10.6500,24151614,249517591.5900,-3.286400,3.613400,1,0,none,baostock,query_history_k_data_plus
,,,,,2023-04-18,10.2000,10.3200,9.9900,10.0800,10.3000,19642618,198841869.7200,-2.135900,2.938800,1,0,none,baostock,query_history_k_data_plus
,,,,,2023-04-19,10.0300,10.3100,10.0100,10.0700,10.0800,14644034,149120718.7300,-0.099200,2.190900,1,0,none,baostock,query_history_k_data_plus
,,,,,2023-04-20,10.0400,10.2700,9.9500,10.2300,10.0700,19226300,194614715.3000,1.588900,2.876500,1,0,none,baostock,query_history_k_data_plus
,,,,,2023-04-21,10.1700,10.2000,9.4500,9.4500,10.2300,24648955,240456090.5300,-7.624600,3.687800,1,0,none,baostock,query_history_k_data_plus
,,,,,2023-04-24,9.4000,9.7600,9.4000,9.5400,9.4500,14291006,137312837.0600,0.952400,2.138100,1,0,none,baostock,query_history_k_data_plus
,,,,,2023-04-25,9.5000,9.5300,9.1700,9.2900,9.5400,16364777,152169225.1400,-2.620500,2.448400,1,0,none,baostock,query_history_k_data_plus
,,,,,2023-04-26,9.2800,9.3800,8.9600,9.0100,9.2900,16407392,149429418.9600,-3.014000,2.454800,1,0,none,baostock,query_history_k_data_plus
,,,,,2023-04-27,8.7500,8.7500,8.1000,8.2100,9.0100,32459345,270459434.4500,-8.879000,4.856400,1,0,none,baostock,query_history_k_data_plus
,,,,,2023-04-28,8.3100,8.5800,8.2700,8.5500,8.2100,23850619,201247516.4000,4.141300,3.568400,1,0,none,baostock,query_history_k_data_plus
,,,,,2023-05-04,8.5200,8.6300,8.2600,8.3600,8.5500,18467524,154473200.1200,-2.222200,2.763000,1,0,none,baostock,query_history_k_data_plus
,,,,,2023-05-05,8.3300,8.4800,8.2400,8.3900,8.3600,16395072,136990616.7300,0.358900,2.452900,1,0,none,baostock,query_history_k_data_plus
,,,,,2023-05-08,8.4500,8.5900,8.3000,8.5500,8.3900,15661561,132477469.1500,1.907000,2.343200,1,0,none,baostock,query_history_k_data_plus
,,,,,2023-05-09,8.5000,8.6000,8.4100,8.4300,8.5500,13646871,115973702.8700,-1.403500,2.041800,1,0,none,baostock,query_history_k_data_plus
,,,,,2023-05-10,8.3600,8.4800,8.3300,8.3800,8.4300,11361800,95434062.2700,-0.593100,1.699900,1,0,none,baostock,query_history_k_data_plus
,,,,,2023-05-11,8.4000,8.4900,8.3100,8.3200,8.3800,10367003,86812203.2300,-0.716000,1.551000,1,0,none,baostock,query_history_k_data_plus
,,,,,2023-05-12,8.3000,8.3600,8.1800,8.1900,8.3200,9165697,75527742.3700,-1.562500,1.371300,1,0,none,baostock,query_history_k_data_plus
,,,,,2023-05-15,8.2100,8.2300,7.9400,8.1400,8.1900,11324333,91474591.7900,-0.610500,1.694300,1,0,none,baostock,query_history_k_data_plus
,,,,,2023-05-16,8.1500,8.1600,7.9500,7.9800,8.1400,9488373,75893047.3300,-1.965600,1.419600,1,0,none,baostock,query_history_k_data_plus
,,,,,2023-05-17,7.9600,8.0700,7.8900,8.0400,7.9800,9109560,72993147.2000,0.751900,1.362900,1,0,none,baostock,query_history_k_data_plus
,,,,,2023-05-18,8.0400,8.3000,8.0100,8.2100,8.0400,12609516,102950650.5500,2.114400,1.886600,1,0,none,baostock,query_history_k_data_plus
,,,,,2023-05-19,8.2300,8.2700,8.1400,8.2400,8.2100,8139594,66886121.8700,0.365400,1.217800,1,0,none,baostock,query_history_k_data_plus
,,,,,2023-05-22,8.2000,8.3400,8.1000,8.3100,8.2400,14371744,118129752.6900,0.849500,2.150200,1,0,none,baostock,query_history_k_data_plus
,,,,,2023-05-23,8.2700,8.2700,8.0700,8.0700,8.3100,10506329,85458034.6400,-2.888100,1.571900,1,0,none,baostock,query_history_k_data_plus
,,,,,2023-05-24,8.0200,8.1300,7.9500,8.0400,8.0700,8270143,66473561.2500,-0.371700,1.237300,1,0,none,baostock,query_history_k_data_plus
,,,,,2023-05-25,8.0500,8.1000,7.8600,7.9900,8.0400,10175471,80938378.2700,-0.621900,1.522400,1,0,none,baostock,query_history_k_data_plus
,,,,,2023-05-26,8.0000,8.0800,7.9500,8.0700,7.9900,6742100,54063892.0000,1.001300,1.008700,1,0,none,baostock,query_history_k_data_plus
,,,,,2023-05-29,8.1100,8.1400,8.0000,8.0200,8.0700,8617626,69520508.0700,-0.619600,1.289300,1,0,none,baostock,query_history_k_data_plus
,,,,,2023-05-30,8.0200,8.2200,7.9100,8.2200,8.0200,11925128,96670440.7700,2.493800,1.784200,1,0,none,baostock,query_history_k_data_plus
,,,,,2023-05-31,8.2000,8.3200,8.1500,8.3000,8.2200,11133430,91942906.0000,0.973200,1.665700,1,0,none,baostock,query_history_k_data_plus
,,,,,2023-06-01,8.2600,8.5400,8.2200,8.4300,8.3000,16274476,136992836.1000,1.566300,2.434900,1,0,none,baostock,query_history_k_data_plus
,,,,,2023-06-02,8.4600,8.5000,8.3800,8.4000,8.4300,10116757,85274247.6500,-0.355900,1.513600,1,0,none,baostock,query_history_k_data_plus
,,,,,2023-06-05,8.4200,8.6000,8.3800,8.4900,8.4000,11388133,96922958.6600,1.071400,1.703800,1,0,none,baostock,query_history_k_data_plus
,,,,,2023-06-06,8.5100,8.5400,8.2500,8.3000,8.4900,9118618,76584665.4100,-2.237900,1.364300,1,0,none,baostock,query_history_k_data_plus
,,,,,2023-06-07,8.3200,8.5200,8.2600,8.4600,8.3000,9551105,80644434.3500,1.927700,1.429000,1,0,none,baostock,query_history_k_data_plus
,,,,,2023-06-08,8.4700,8.5700,8.3300,8.5000,8.4600,10066700,85167736.0000,0.472800,1.506100,1,0,none,baostock,query_history_k_data_plus
,,,,,2023-06-09,8.4500,8.5700,8.4200,8.5200,8.5000,10148009,86164338.4600,0.235300,1.518300,1,0,none,baostock,query_history_k_data_plus
,,,,,2023-06-12,8.5200,8.6900,8.5000,8.5900,8.5200,11243509,96529289.8400,0.821600,1.682200,1,0,none,baostock,query_history_k_data_plus
,,,,,2023-06-13,8.5500,8.7200,8.5000,8.7000,8.5900,12095338,104598870.3300,1.280600,1.809600,1,0,none,baostock,query_history_k_data_plus
,,,,,2023-06-14,8.5600,8.6400,8.5000,8.5200,8.6000,10016500,85656945.0400,-0.930200,1.498600,1,0,none,baostock,query_history_k_data_plus
,,,,,2023-06-15,8.5000,8.5500,8.4100,8.4300,8.5200,8797410,74416137.2000,-1.056300,1.316200,1,0,none,baostock,query_history_k_data_plus
,,,,,2023-06-16,8.4300,8.6300,8.3700,8.5600,8.4300,11559305,98538372.7600,1.542100,1.729400,1,0,none,baostock,query_history_k_data_plus
,,,,,2023-06-19,8.5500,8.7300,8.5000,8.6300,8.5600,13177210,113552164.7800,0.817800,1.971500,1,0,none,baostock,query_history_k_data_plus
,,,,,2023-06-20,8.6400,8.7600,8.5600,8.7200,8.6300,16154469,140452718.9800,1.042900,2.416900,1,0,none,baostock,query_history_k_data_plus
,,,,,2023-06-21,8.6500,8.7000,8.3800,8.3900,8.7200,16173902,137260809.4800,-3.784400,2.419800,1,0,none,baostock,query_history_k_data_plus
,,,,,2023-06-26,8.3700,8.3900,8.0100,8.0400,8.3900,13816268,112523484.5200,-4.171600,2.067100,1,0,none,baostock,query_history_k_data_plus
,,,,,2023-06-27,8.1500,8.1700,8.0200,8.0900,8.0400,7913013,64103470.3600,0.621900,1.183900,1,0,none,baostock,query_history_k_data_plus
,,,,,2023-06-28,8.0700,8.0800,7.6700,7.9300,8.0900,14446977,113116359.6700,-1.977800,2.161500,1,0,none,baostock,query_history_k_data_plus
,,,,,2023-06-29,7.8700,8.0000,7.8100,7.9100,7.9300,11748214,92772133.8000,-0.252200,1.757700,1,0,none,baostock,query_history_k_data_plus
,,,,,2023-06-30,7.8900,8.1200,7.8600,8.1000,7.9100,11482715,91913719.8500,2.402000,1.718000,1,0,none,baostock,query_history_k_data_plus
,,,,,2023-07-03,8.1000,8.1600,7.9300,8.1000,8.1000,12240184,98538578.5400,0.000000,1.831300,1,0,none,baostock,query_history_k_data_plus
,,,,,2023-07-04,8.0700,8.1300,8.0300,8.0900,8.1000,9362283,75614375.7700,-0.123500,1.400700,1,0,none,baostock,query_history_k_data_plus
,,,,,2023-07-05,8.0700,8.2000,7.9900,8.0200,8.0900,10799499,87214556.8200,-0.865300,1.615800,1,0,none,baostock,query_history_k_data_plus
,,,,,2023-07-06,7.9900,8.1300,7.9200,8.0200,8.0200,8177375,65764804.7800,0.000000,1.223400,1,0,none,baostock,query_history_k_data_plus
,,,,,2023-07-07,7.9800,8.0000,7.7500,7.8600,8.0200,11546408,90506067.9600,-1.995000,1.727500,1,0,none,baostock,query_history_k_data_plus
,,,,,2023-07-10,7.8800,7.9100,7.7500,7.7900,7.8600,8322063,64930731.6600,-0.890600,1.245100,1,0,none,baostock,query_history_k_data_plus
,,,,,2023-07-11,7.7400,7.8200,7.7400,7.7900,7.7900,6044979,46985117.7900,0.000000,0.904400,1,0,none,baostock,query_history_k_data_plus
,,,,,2023-07-12,7.7800,7.8000,7.5500,7.5600,7.7900,11980432,91644604.1000,-2.952500,1.792400,1,0,none,baostock,query_history_k_data_plus
,,,,,2023-07-13,7.6100,7.7300,7.5400,7.7100,7.5600,8601852,66027486.3800,1.984100,1.287000,1,0,none,baostock,query_history_k_data_plus
,,,,,2023-07-14,7.7200,7.9300,7.7000,7.8600,7.7100,12777440,100310233.2000,1.945500,1.911700,1,0,none,baostock,query_history_k_data_plus
,,,,,2023-07-17,7.8900,7.9400,7.7800,7.8700,7.8600,6714600,52574922.0000,0.127200,1.004600,1,0,none,baostock,query_history_k_data_plus
,,,,,2023-07-18,7.8500,7.9000,7.7800,7.8200,7.8700,5597137,43774767.9600,-0.635300,0.837400,1,0,none,baostock,query_history_k_data_plus
,,,,,2023-07-19,7.8100,7.8900,7.7900,7.8400,7.8200,5519871,43307204.4400,0.255800,0.825800,1,0,none,baostock,query_history_k_data_plus
,,,,,2023-07-20,7.8300,7.9000,7.7400,7.7700,7.8400,8184650,64031584.3400,-0.892900,1.224500,1,0,none,baostock,query_history_k_data_plus
,,,,,2023-07-21,7.7300,7.8000,7.6900,7.7200,7.7700,5622906,43518739.2200,-0.643500,0.841300,1,0,none,baostock,query_history_k_data_plus
,,,,,2023-07-24,7.7100,7.8400,7.6100,7.7600,7.7200,6365429,49251579.3400,0.518100,0.952400,1,0,none,baostock,query_history_k_data_plus
,,,,,2023-07-25,7.8200,8.1700,7.8200,8.0900,7.7600,20047778,160727614.0600,4.252600,2.999400,1,0,none,baostock,query_history_k_data_plus
,,,,,2023-07-26,8.0900,8.1000,7.9300,7.9600,8.0900,9859881,78647365.3300,-1.606900,1.475200,1,0,none,baostock,query_history_k_data_plus
,,,,,2023-07-27,7.9400,8.0000,7.8000,7.8200,7.9600,8436637,66586928.1600,-1.758800,1.262200,1,0,none,baostock,query_history_k_data_plus
,,,,,2023-07-28,7.8300,8.4400,7.7800,8.4200,7.8200,37526722,309007157.9800,7.672600,5.614500,1,0,none,baostock,query_history_k_data_plus
,,,,,2023-07-31,8.3000,8.5500,8.2900,8.3600,8.4200,25823247,217240766.9300,-0.712600,3.863500,1,0,none,baostock,query_history_k_data_plus
,,,,,2023-08-01,8.3600,8.4100,8.2500,8.2800,8.3600,14183269,117907121.1300,-0.956900,2.122000,1,0,none,baostock,query_history_k_data_plus
,,,,,2023-08-02,8.2800,8.5100,8.2100,8.3700,8.2800,16113883,135125303.2000,1.087000,2.410900,1,0,none,baostock,query_history_k_data_plus
,,,,,2023-08-03,8.3300,8.8200,8.3200,8.7000,8.3700,34069017,292639584.8700,3.942700,5.097200,1,0,none,baostock,query_history_k_data_plus
,,,,,2023-08-04,8.8000,9.9100,8.7700,9.2800,8.7000,79326264,740787921.9100,6.666700,11.868300,1,0,none,baostock,query_history_k_data_plus
,,,,,2023-08-07,9.2700,9.4100,9.0500,9.3200,9.2800,49598820,457705478.7600,0.431000,7.420700,1,0,none,baostock,query_history_k_data_plus
,,,,,2023-08-08,9.1900,9.1900,8.8800,8.9700,9.3200,36082589,324588928.4200,-3.755400,5.398400,1,0,none,baostock,query_history_k_data_plus
,,,,,2023-08-09,8.8100,9.3600,8.7900,9.2600,8.9700,47962289,440074208.3700,3.233000,7.175800,1,0,none,baostock,query_history_k_data_plus
,,,,,2023-08-10,9.1900,9.7700,9.0400,9.7700,9.2600,69905311,663407654.6100,5.507600,10.458800,1,0,none,baostock,query_history_k_data_plus
,,,,,2023-08-11,9.5000,9.5400,9.0000,9.0000,9.7700,50257299,462357927.4900,-7.881300,7.519200,1,0,none,baostock,query_history_k_data_plus
,,,,,2023-08-14,8.8800,9.0700,8.7500,8.9600,9.0000,30724836,273558711.2300,-0.444400,4.596900,1,0,none,baostock,query_history_k_data_plus
,,,,,2023-08-15,8.8000,8.9100,8.6100,8.8300,8.9600,32207613,281544697.5100,-1.450900,4.818700,1,0,none,baostock,query_history_k_data_plus
,,,,,2023-08-16,8.9900,10.6000,8.8800,10.0000,8.8300,133783612,1328931661.0300,13.250300,20.015900,1,0,none,baostock,query_history_k_data_plus
,,,,,2023-08-17,9.7400,10.4200,9.6800,10.2300,10.0000,120123372,1205751873.8600,2.300000,17.972100,1,0,none,baostock,query_history_k_data_plus
,,,,,2023-08-18,10.0500,10.2100,9.5700,9.6300,10.2300,71246207,701305180.3400,-5.865100,10.659400,1,0,none,baostock,query_history_k_data_plus
,,,,,2023-08-21,9.7500,9.8400,9.4900,9.5500,9.6300,46615132,449274423.0600,-0.830700,6.974300,1,0,none,baostock,query_history_k_data_plus
,,,,,2023-08-22,9.5500,10.3500,9.5200,10.1300,9.5500,85807869,846248075.3600,6.073300,12.838000,1,0,none,baostock,query_history_k_data_plus
,,,,,2023-08-23,9.8800,9.8900,9.4000,9.4500,10.1300,64952863,625850277.0100,-6.712700,9.717800,1,0,none,baostock,query_history_k_data_plus
,,,,,2023-08-24,9.4600,9.7500,9.2000,9.5600,9.4500,52506977,497099993.2300,1.164000,7.855800,1,0,none,baostock,query_history_k_data_plus
,,,,,2023-08-25,9.3700,9.8400,9.2900,9.6000,9.5600,53807904,519248935.0500,0.418400,8.050400,1,0,none,baostock,query_history_k_data_plus
,,,,,2023-08-28,11.0000,11.0000,9.4300,9.5100,9.6000,87409542,892750118.3600,-0.937500,13.077700,1,0,none,baostock,query_history_k_data_plus
,,,,,2023-08-29,9.5200,9.8700,9.3000,9.7200,9.5100,58536326,563252095.0900,2.208200,8.757800,1,0,none,baostock,query_history_k_data_plus
,,,,,2023-08-30,9.6200,9.6200,9.2400,9.2500,9.7200,50684261,474837849.4700,-4.835400,7.583100,1,0,none,baostock,query_history_k_data_plus
,,,,,2023-08-31,9.2700,9.2800,8.9800,9.1500,9.2500,28347375,258592657.6500,-1.081100,4.241200,1,0,none,baostock,query_history_k_data_plus
,,,,,2023-09-01,9.2300,9.2300,8.9000,8.9400,9.1500,25863913,233507959.9600,-2.295100,3.869600,1,0,none,baostock,query_history_k_data_plus
,,,,,2023-09-04,8.9300,9.1300,8.9300,9.1100,8.9400,18247397,165317818.5800,1.901600,2.730100,1,0,none,baostock,query_history_k_data_plus
,,,,,2023-09-05,9.0800,9.1000,8.8500,8.8800,9.1100,19098045,170339389.6800,-2.524700,2.857300,1,0,none,baostock,query_history_k_data_plus
,,,,,2023-09-06,8.8700,8.8800,8.6600,8.6900,8.8800,24075626,210065205.0200,-2.139600,3.602000,1,0,none,baostock,query_history_k_data_plus
,,,,,2023-09-07,8.6600,8.8500,8.5800,8.7500,8.6900,19912762,174306565.4700,0.690400,2.979200,1,0,none,baostock,query_history_k_data_plus
,,,,,2023-09-08,8.6500,8.8000,8.5400,8.7200,8.7500,16134829,139786785.2100,-0.342900,2.414000,1,0,none,baostock,query_history_k_data_plus
,,,,,2023-09-11,8.7300,8.9100,8.6300,8.8800,8.7200,18770114,164926917.5400,1.834900,2.808300,1,0,none,baostock,query_history_k_data_plus
,,,,,2023-09-12,8.8100,8.8700,8.7300,8.7800,8.8800,13108345,115138131.7600,-1.126100,1.961200,1,0,none,baostock,query_history_k_data_plus
,,,,,2023-09-13,8.7800,8.8000,8.5000,8.5700,8.7800,13466383,115992518.6400,-2.391800,2.014800,1,0,none,baostock,query_history_k_data_plus
,,,,,2023-09-14,8.5500,8.6200,8.4500,8.5300,8.5700,10147063,86584201.4200,-0.466700,1.518100,1,0,none,baostock,query_history_k_data_plus
,,,,,2023-09-15,8.5200,8.6500,8.4900,8.5400,8.5300,10436941,89383523.5000,0.117200,1.561500,1,0,none,baostock,query_history_k_data_plus
,,,,,2023-09-18,8.4900,8.6500,8.4100,8.6000,8.5400,9143207,78505403.5400,0.702600,1.367900,1,0,none,baostock,query_history_k_data_plus
,,,,,2023-09-19,8.5900,8.6100,8.4800,8.5000,8.6000,7258788,62027298.0000,-1.162800,1.086000,1,0,none,baostock,query_history_k_data_plus
,,,,,2023-09-20,8.5300,8.6300,8.4900,8.4900,8.5000,6637340,56808700.4200,-0.117600,0.993000,1,0,none,baostock,query_history_k_data_plus
,,,,,2023-09-21,8.4900,8.5900,8.4400,8.4600,8.4900,7451800,63362687.5500,-0.353400,1.114900,1,0,none,baostock,query_history_k_data_plus
,,,,,2023-09-22,8.4200,8.6900,8.4100,8.6600,8.4600,14767332,126907242.6800,2.364100,2.209400,1,0,none,baostock,query_history_k_data_plus
,,,,,2023-09-25,8.6800,8.6800,8.3900,8.4800,8.6600,16673796,141461746.8000,-2.078500,2.494600,1,0,none,baostock,query_history_k_data_plus
,,,,,2023-09-26,8.4300,8.5700,8.4300,8.5100,8.4800,8199466,69849506.6400,0.353800,1.226800,1,0,none,baostock,query_history_k_data_plus
,,,,,2023-09-27,8.5100,8.5700,8.4200,8.4400,8.5100,10302960,87419000.8000,-0.822600,1.541500,1,0,none,baostock,query_history_k_data_plus
,,,,,2023-09-28,8.4600,8.5600,8.4600,8.5400,8.4400,9454626,80650184.1200,1.184800,1.414500,1,0,none,baostock,query_history_k_data_plus
,,,,,2023-10-09,8.5100,8.5400,8.4000,8.4500,8.5400,10779180,91077307.6400,-1.053900,1.612700,1,0,none,baostock,query_history_k_data_plus
,,,,,2023-10-10,8.4500,8.7500,8.4100,8.6700,8.4500,19561049,168917695.6600,2.603600,2.926600,1,0,none,baostock,query_history_k_data_plus
,,,,,2023-10-11,8.6600,8.8100,8.5600,8.7200,8.6700,14562228,126865146.5000,0.576700,2.178700,1,0,none,baostock,query_history_k_data_plus
,,,,,2023-10-12,8.7900,8.8500,8.6600,8.6800,8.7200,12423100,108310473.0000,-0.458700,1.858700,1,0,none,baostock,query_history_k_data_plus
,,,,,2023-10-13,8.6300,8.6400,8.4900,8.5200,8.6800,12132754,103876818.9400,-1.843300,1.815200,1,0,none,baostock,query_history_k_data_plus
,,,,,2023-10-16,8.5000,8.6300,8.4400,8.5000,8.5200,10822085,92120837.6500,-0.234700,1.619100,1,0,none,baostock,query_history_k_data_plus
,,,,,2023-10-17,8.5700,9.1000,8.5600,9.0300,8.5000,39200311,348595127.8000,6.235300,5.864900,1,0,none,baostock,query_history_k_data_plus
,,,,,2023-10-18,8.9000,8.9900,8.7200,8.8800,9.0300,26222816,231654046.3200,-1.661100,3.923300,1,0,none,baostock,query_history_k_data_plus
,,,,,2023-10-19,8.8100,9.2500,8.7700,8.9500,8.8800,35427747,320372244.9200,0.788300,5.300500,1,0,none,baostock,query_history_k_data_plus
,,,,,2023-10-20,8.8800,9.3000,8.8300,9.2700,8.9500,44334993,406452710.2000,3.575400,6.633100,1,0,none,baostock,query_history_k_data_plus
,,,,,2023-10-23,9.1600,9.1700,8.1000,8.2800,9.2700,43620500,372660551.2600,-10.679600,6.526200,1,0,none,baostock,query_history_k_data_plus
,,,,,2023-10-24,8.2700,8.6500,7.5500,8.5800,8.2800,39431139,324276093.0600,3.623200,5.899400,1,0,none,baostock,query_history_k_data_plus
,,,,,2023-10-25,8.6100,8.9000,8.5100,8.7200,8.5800,27428339,239200521.2700,1.631700,4.083700,1,0,none,baostock,query_history_k_data_plus
,,,,,2023-10-26,8.6800,8.8500,8.5800,8.8300,8.7200,21813829,191221195.2900,1.261500,3.247800,1,0,none,baostock,query_history_k_data_plus
,,,,,2023-10-27,8.8800,8.8800,8.5300,8.6900,8.8300,18317592,158974876.7100,-1.585500,2.727300,1,0,none,baostock,query_history_k_data_plus
,,,,,2023-10-30,8.6600,8.7900,8.6200,8.7500,8.6900,17237525,150664436.1100,0.690400,2.566400,1,0,none,baostock,query_history_k_data_plus
,,,,,2023-10-31,8.7500,8.9100,8.5600,8.6500,8.7500,20325562,177532414.6500,-1.142900,3.026200,1,0,none,baostock,query_history_k_data_plus
,,,,,2023-11-01,8.7100,8.7900,8.4800,8.4800,8.6500,16223298,139550394.3200,-1.965300,2.415400,1,0,none,baostock,query_history_k_data_plus
,,,,,2023-11-02,8.4700,8.6800,8.3900,8.4000,8.4800,16760252,142631203.8800,-0.943400,2.495400,1,0,none,baostock,query_history_k_data_plus
,,,,,2023-11-03,8.4000,8.6500,8.3900,8.5100,8.4000,14252896,121426276.3300,1.309500,2.122100,1,0,none,baostock,query_history_k_data_plus
,,,,,2023-11-06,8.6400,8.8900,8.6100,8.8900,8.5100,25566063,224774437.1900,4.465300,3.806500,1,0,none,baostock,query_history_k_data_plus
,,,,,2023-11-07,8.8500,9.0200,8.8200,9.0000,8.8900,20732714,185178569.0800,1.237300,3.086800,1,0,none,baostock,query_history_k_data_plus
,,,,,2023-11-08,9.0500,9.2100,8.9700,9.1100,9.0000,26049383,237096438.9200,1.222200,3.878400,1,0,none,baostock,query_history_k_data_plus
,,,,,2023-11-09,9.2000,9.2500,9.0500,9.1100,9.1100,19169250,174807773.7600,0.000000,2.854100,1,0,none,baostock,query_history_k_data_plus
,,,,,2023-11-10,9.0800,9.1500,9.0200,9.0300,9.1100,13301481,120584759.6800,-0.878200,1.980400,1,0,none,baostock,query_history_k_data_plus
,,,,,2023-11-13,9.0900,9.3200,9.0800,9.2100,9.0300,20513151,189457269.6600,1.993400,3.054100,1,0,none,baostock,query_history_k_data_plus
,,,,,2023-11-14,9.2400,9.4500,9.2000,9.3900,9.2100,23430411,219288896.3900,1.954400,3.488500,1,0,none,baostock,query_history_k_data_plus
,,,,,2023-11-15,9.4300,9.5600,9.3200,9.3400,9.3900,25291451,238345170.7700,-0.532500,3.765600,1,0,none,baostock,query_history_k_data_plus
,,,,,2023-11-16,9.3400,9.4000,9.2000,9.2900,9.3400,15658512,146106906.8800,-0.535300,2.331400,1,0,none,baostock,query_history_k_data_plus
,,,,,2023-11-17,9.3400,9.3600,9.2100,9.2800,9.2900,13762091,127590030.6900,-0.107600,2.049000,1,0,none,baostock,query_history_k_data_plus
,,,,,2023-11-20,9.2800,9.3800,9.2000,9.3000,9.2800,13708401,127276953.2800,0.215500,2.041000,1,0,none,baostock,query_history_k_data_plus
,,,,,2023-11-21,9.3200,9.4400,9.2300,9.2600,9.3000,17036700,159251124.7800,-0.430100,2.536500,1,0,none,baostock,query_history_k_data_plus
,,,,,2023-11-22,9.2500,9.3600,9.0900,9.1000,9.2600,19725960,181801579.5800,-1.727900,2.936900,1,0,none,baostock,query_history_k_data_plus
,,,,,2023-11-23,9.1500,9.1900,8.9700,9.1300,9.1000,14193400,129008121.0000,0.329700,2.113200,1,0,none,baostock,query_history_k_data_plus
,,,,,2023-11-24,9.1700,9.1700,8.8500,8.8900,9.1300,15076519,134769213.5300,-2.628700,2.244700,1,0,none,baostock,query_history_k_data_plus
,,,,,2023-11-27,8.8800,9.0500,8.8800,8.9100,8.8900,11633700,104113442.5100,0.225000,1.732100,1,0,none,baostock,query_history_k_data_plus
,,,,,2023-11-28,8.9400,9.0700,8.8500,8.9700,8.9100,10071800,90289568.0000,0.673400,1.499600,1,0,none,baostock,query_history_k_data_plus
,,,,,2023-11-29,8.9200,8.9900,8.8500,8.8700,8.9700,8967689,79940096.9500,-1.114800,1.335200,1,0,none,baostock,query_history_k_data_plus
,,,,,2023-11-30,8.9000,8.9000,8.7000,8.7700,8.8700,8785373,77184606.7500,-1.127400,1.308000,1,0,none,baostock,query_history_k_data_plus
,,,,,2023-12-01,8.7800,9.0900,8.7400,9.0400,8.7700,12814306,114630365.6400,3.078700,1.907900,1,0,none,baostock,query_history_k_data_plus
,,,,,2023-12-04,9.1400,9.5000,9.1400,9.2800,9.0400,29173028,271986068.0800,2.654900,4.343500,1,0,none,baostock,query_history_k_data_plus
,,,,,2023-12-05,9.2600,9.2800,8.9000,8.9100,9.2800,21320225,192619498.6700,-3.987100,3.174300,1,0,none,baostock,query_history_k_data_plus
,,,,,2023-12-06,8.9500,9.1100,8.7800,8.9500,8.9100,14409400,128801599.8300,0.448900,2.145400,1,0,none,baostock,query_history_k_data_plus
,,,,,2023-12-07,8.9500,9.2300,8.9100,9.1800,8.9500,21343778,194516676.3700,2.569800,3.177800,1,0,none,baostock,query_history_k_data_plus
,,,,,2023-12-08,9.1800,9.2100,8.9800,9.0400,9.1800,17666366,160493402.1500,-1.525100,2.630300,1,0,none,baostock,query_history_k_data_plus
,,,,,2023-12-11,9.0900,9.3200,8.9400,9.3100,9.0400,22494201,205955107.8500,2.986700,3.349100,1,0,none,baostock,query_history_k_data_plus
,,,,,2023-12-12,9.3000,9.3900,9.2400,9.3200,9.3100,15247274,142004705.2600,0.107400,2.270100,1,0,none,baostock,query_history_k_data_plus
,,,,,2023-12-13,9.3400,9.3700,9.1900,9.2200,9.3200,11518633,106756059.8000,-1.073000,1.715000,1,0,none,baostock,query_history_k_data_plus
,,,,,2023-12-14,9.2200,9.3100,9.0900,9.1100,9.2200,13914876,127911245.0900,-1.193100,2.071700,1,0,none,baostock,query_history_k_data_plus
,,,,,2023-12-15,9.1100,9.1600,8.9600,9.0100,9.1100,10628935,96053503.3400,-1.097700,1.582500,1,0,none,baostock,query_history_k_data_plus
,,,,,2023-12-18,9.0400,9.0900,8.5600,8.5900,9.0100,19995542,175788849.2200,-4.661500,2.977100,1,0,none,baostock,query_history_k_data_plus
,,,,,2023-12-19,7.7300,7.9400,7.4000,7.8100,8.5900,57511732,444871282.5400,-9.080300,8.562800,1,0,none,baostock,query_history_k_data_plus
,,,,,2023-12-20,7.8500,7.8500,7.5600,7.5700,7.8100,27920403,214209886.8500,-3.073000,4.157000,1,0,none,baostock,query_history_k_data_plus
,,,,,2023-12-21,7.6300,7.8300,7.5500,7.7400,7.5700,21717314,166662446.5700,2.245700,3.233400,1,0,none,baostock,query_history_k_data_plus
,,,,,2023-12-22,7.7400,7.8400,7.5400,7.5600,7.7400,17121473,130690086.7800,-2.325600,2.549200,1,0,none,baostock,query_history_k_data_plus
,,,,,2023-12-25,7.5600,7.6700,7.4100,7.4700,7.5600,11206766,83960813.4500,-1.190500,1.668500,1,0,none,baostock,query_history_k_data_plus
,,,,,2023-12-26,7.4600,7.4900,7.2000,7.2600,7.4700,15172952,110809517.0000,-2.811200,2.259100,1,0,none,baostock,query_history_k_data_plus
,,,,,2023-12-27,7.2900,7.4400,7.2600,7.4000,7.2600,13301449,97986519.1600,1.928400,1.980400,1,0,none,baostock,query_history_k_data_plus
,,,,,2023-12-28,7.3900,7.6700,7.3500,7.6100,7.4000,14132124,106487890.3000,2.837800,2.104100,1,0,none,baostock,query_history_k_data_plus
,,,,,2023-12-29,7.6100,7.7900,7.6000,7.7600,7.6100,12132644,93719750.1600,1.971100,1.806400,1,0,none,baostock,query_history_k_data_plus
,,,,,2024-01-02,7.7700,7.9300,7.7300,7.7400,7.7600,15304800,119839384.9100,-0.257700,2.278700,1,0,none,baostock,query_history_k_data_plus
,,,,,2024-01-03,7.7200,7.8600,7.6600,7.7300,7.7400,10213209,79029710.6600,-0.129200,1.520600,1,0,none,baostock,query_history_k_data_plus
,,,,,2024-01-04,7.7300,7.7600,7.6200,7.7200,7.7300,8616328,66414876.1600,-0.129400,1.282900,1,0,none,baostock,query_history_k_data_plus
,,,,,2024-01-05,7.7500,7.7800,7.5200,7.5600,7.7200,10580070,80778666.8000,-2.072500,1.575200,1,0,none,baostock,query_history_k_data_plus
,,,,,2024-01-08,7.5600,7.5800,7.3700,7.3800,7.5600,10458450,77970509.0000,-2.381000,1.557100,1,0,none,baostock,query_history_k_data_plus
,,,,,2024-01-09,7.4000,7.5000,7.3200,7.3800,7.3800,8686107,64400388.6600,0.000000,1.293300,1,0,none,baostock,query_history_k_data_plus
,,,,,2024-01-10,7.3700,7.3700,7.1200,7.2200,7.3800,10886312,78825537.4800,-2.168000,1.620800,1,0,none,baostock,query_history_k_data_plus
,,,,,2024-01-11,7.2900,7.5100,7.2000,7.4800,7.2200,11711200,86693517.5000,3.601100,1.743600,1,0,none,baostock,query_history_k_data_plus
,,,,,2024-01-12,7.4800,7.5000,7.3500,7.3700,7.4800,8191700,60674467.1500,-1.470600,1.219600,1,0,none,baostock,query_history_k_data_plus
,,,,,2024-01-15,7.3600,7.4200,7.2500,7.3100,7.3700,7360850,53906300.5000,-0.814100,1.095900,1,0,none,baostock,query_history_k_data_plus
,,,,,2024-01-16,7.3300,7.4300,7.1900,7.3400,7.3100,10113211,73642109.8000,0.410400,1.505700,1,0,none,baostock,query_history_k_data_plus
,,,,,2024-01-17,7.3500,7.3800,7.1500,7.1500,7.3400,9139378,66515546.0800,-2.588600,1.360700,1,0,none,baostock,query_history_k_data_plus
,,,,,2024-01-18,7.1300,7.2300,6.8900,7.1300,7.1500,14617974,102764271.0100,-0.279700,2.176400,1,0,none,baostock,query_history_k_data_plus
,,,,,2024-01-19,7.1800,7.1900,6.9200,6.9400,7.1300,11484193,80466421.5500,-2.664800,1.709900,1,0,none,baostock,query_history_k_data_plus
,,,,,2024-01-22,6.9800,7.0200,6.4300,6.4900,6.9400,17491634,117285588.2600,-6.484100,2.604300,1,0,none,baostock,query_history_k_data_plus
,,,,,2024-01-23,6.4900,6.6500,6.4300,6.6100,6.4900,12089393,79257362.6200,1.849000,1.800000,1,0,none,baostock,query_history_k_data_plus
,,,,,2024-01-24,6.6400,6.8100,6.4200,6.8100,6.6100,14453885,95660762.7900,3.025700,2.152000,1,0,none,baostock,query_history_k_data_plus
,,,,,2024-01-25,6.7500,6.9200,6.6700,6.9000,6.8100,15539945,106107987.3600,1.321600,2.313700,1,0,none,baostock,query_history_k_data_plus
,,,,,2024-01-26,6.8500,7.0300,6.8400,6.8600,6.9000,11467100,79343765.0000,-0.579700,1.707300,1,0,none,baostock,query_history_k_data_plus
,,,,,2024-01-29,6.8700,6.9500,6.5900,6.6000,6.8600,11007150,73766851.0000,-3.790100,1.638800,1,0,none,baostock,query_history_k_data_plus
,,,,,2024-01-30,6.5600,6.6700,6.3800,6.3900,6.6000,10169550,66422502.5000,-3.181800,1.514100,1,0,none,baostock,query_history_k_data_plus
,,,,,2024-01-31,6.3700,6.4300,5.9000,5.9300,6.3900,17589050,107658781.0000,-7.198700,2.618800,1,0,none,baostock,query_history_k_data_plus
,,,,,2024-02-01,5.9100,6.2800,5.8100,5.8700,5.9300,16076350,95505432.0000,-1.011800,2.393600,1,0,none,baostock,query_history_k_data_plus
,,,,,2024-02-02,5.9000,6.0600,5.2300,5.5100,5.8700,22420694,125690425.0000,-6.132900,3.338200,1,0,none,baostock,query_history_k_data_plus
,,,,,2024-02-05,5.3800,5.4500,4.6200,4.6700,5.5100,34684660,169407060.7000,-15.245000,5.164100,1,0,none,baostock,query_history_k_data_plus
,,,,,2024-02-06,4.5800,5.0700,4.3700,4.9200,4.6700,32122545,151058651.0400,5.353300,4.782600,1,0,none,baostock,query_history_k_data_plus
,,,,,2024-02-07,4.9400,5.2100,4.8900,5.1000,4.9200,26932943,136604516.3400,3.658500,4.010000,1,0,none,baostock,query_history_k_data_plus
,,,,,2024-02-08,5.1900,6.1200,5.1000,6.1200,5.1000,42975902,251586666.5300,20.000000,6.398600,1,0,none,baostock,query_history_k_data_plus
,,,,,2024-02-19,6.3000,6.3000,5.8300,6.0000,6.1200,48820775,293483127.4000,-1.960800,7.268800,1,0,none,baostock,query_history_k_data_plus
,,,,,2024-02-20,5.9900,6.0000,5.7500,5.9600,6.0000,28943607,170258608.4600,-0.666700,4.309300,1,0,none,baostock,query_history_k_data_plus
,,,,,2024-02-21,5.8800,6.3100,5.8500,6.0700,5.9600,36645919,224506077.3100,1.845600,5.456100,1,0,none,baostock,query_history_k_data_plus
,,,,,2024-02-22,6.0700,6.3000,6.0600,6.3000,6.0700,32809853,203426646.0700,3.789100,4.885000,1,0,none,baostock,query_history_k_data_plus
,,,,,2024-02-23,6.4400,6.6700,6.3100,6.6400,6.3000,42459766,275261929.8400,5.396800,6.321700,1,0,none,baostock,query_history_k_data_plus
,,,,,2024-02-26,6.6400,6.6700,6.4100,6.5200,6.6400,38005956,248132012.5500,-1.807200,5.658600,1,0,none,baostock,query_history_k_data_plus
,,,,,2024-02-27,6.5300,6.7700,6.4300,6.7700,6.5200,26722971,176512063.8000,3.834400,3.978700,1,0,none,baostock,query_history_k_data_plus
,,,,,2024-02-28,6.7700,6.9400,6.2400,6.2600,6.7700,38405200,255841967.9200,-7.533200,5.718000,1,0,none,baostock,query_history_k_data_plus
,,,,,2024-02-29,6.2800,6.5500,6.2800,6.5400,6.2600,23271119,150141581.6100,4.472800,3.464800,1,0,none,baostock,query_history_k_data_plus
,,,,,2024-03-01,6.5700,6.7700,6.4900,6.7200,6.5400,25867768,172436934.7400,2.752300,3.851400,1,0,none,baostock,query_history_k_data_plus
,,,,,2024-03-04,6.7100,6.7600,6.4900,6.6800,6.7200,19287480,127680950.6100,-0.595200,2.871700,1,0,none,baostock,query_history_k_data_plus
,,,,,2024-03-05,6.7000,6.7000,6.4700,6.5100,6.6800,18199361,119258346.4400,-2.544900,2.709700,1,0,none,baostock,query_history_k_data_plus
,,,,,2024-03-06,6.4700,6.6100,6.3600,6.5100,6.5100,15395785,99981240.7100,0.000000,2.292200,1,0,none,baostock,query_history_k_data_plus
,,,,,2024-03-07,6.5200,6.5900,6.3400,6.3400,6.5100,14627052,94576575.2100,-2.611400,2.177800,1,0,none,baostock,query_history_k_data_plus
,,,,,2024-03-08,6.3400,6.4800,6.3200,6.4300,6.3400,10803200,69110615.0000,1.419600,1.608500,1,0,none,baostock,query_history_k_data_plus
,,,,,2024-03-11,6.4500,6.5500,6.3900,6.5500,6.4300,13275735,85915667.0000,1.866300,1.976600,1,0,none,baostock,query_history_k_data_plus
,,,,,2024-03-12,6.5900,6.7300,6.5600,6.7100,6.5500,20771988,138318998.5300,2.442700,3.092700,1,0,none,baostock,query_history_k_data_plus
,,,,,2024-03-13,6.7100,6.8200,6.6700,6.7500,6.7100,20222510,136395515.4000,0.596100,3.010900,1,0,none,baostock,query_history_k_data_plus
,,,,,2024-03-14,6.7300,6.7400,6.5200,6.6500,6.7500,16274348,108173303.9100,-1.481500,2.423000,1,0,none,baostock,query_history_k_data_plus
,,,,,2024-03-15,6.6200,6.6900,6.5000,6.6800,6.6500,12028554,79460057.9700,0.451100,1.790900,1,0,none,baostock,query_history_k_data_plus
,,,,,2024-03-18,6.7800,6.8000,6.6500,6.7800,6.6800,15912979,107163518.5000,1.497000,2.369200,1,0,none,baostock,query_history_k_data_plus
,,,,,2024-03-19,6.7800,6.9000,6.7300,6.8200,6.7800,17764448,121367267.6800,0.590000,2.644900,1,0,none,baostock,query_history_k_data_plus
,,,,,2024-03-20,6.8000,7.0200,6.7800,7.0200,6.8200,20943728,145331095.7500,2.932600,3.118300,1,0,none,baostock,query_history_k_data_plus
,,,,,2024-03-21,7.0200,7.1200,6.9000,6.9600,7.0200,20491296,143289470.1100,-0.854700,3.050900,1,0,none,baostock,query_history_k_data_plus
,,,,,2024-03-22,6.9600,7.0200,6.7500,6.9200,6.9600,19680981,135455576.5400,-0.574700,2.930200,1,0,none,baostock,query_history_k_data_plus
,,,,,2024-03-25,6.9400,6.9700,6.6200,6.6300,6.9200,16791150,114336360.3600,-4.190800,2.500000,1,0,none,baostock,query_history_k_data_plus
,,,,,2024-03-26,6.6300,6.7200,6.3600,6.4700,6.6300,16592800,108363421.0000,-2.413300,2.470500,1,0,none,baostock,query_history_k_data_plus
,,,,,2024-03-27,6.4700,6.4900,6.0600,6.0800,6.4700,15579948,97355456.8800,-6.027800,2.319700,1,0,none,baostock,query_history_k_data_plus
,,,,,2024-03-28,6.1200,6.4300,6.0800,6.3500,6.0800,16064809,101209502.7000,4.440800,2.391800,1,0,none,baostock,query_history_k_data_plus
,,,,,2024-03-29,6.3500,6.4500,6.2400,6.4400,6.3500,14534794,92336403.5000,1.417300,2.164000,1,0,none,baostock,query_history_k_data_plus
,,,,,2024-04-01,6.4800,6.6200,6.4600,6.6000,6.4400,13259450,86894077.5000,2.484500,1.974200,1,0,none,baostock,query_history_k_data_plus
,,,,,2024-04-02,6.6600,6.6600,6.4200,6.5000,6.6000,11577981,75273796.1700,-1.515200,1.723800,1,0,none,baostock,query_history_k_data_plus
,,,,,2024-04-03,6.4900,6.4900,6.2400,6.3100,6.5000,13338478,84395050.0600,-2.923100,1.985900,1,0,none,baostock,query_history_k_data_plus
,,,,,2024-04-08,6.3400,6.3400,6.0800,6.0800,6.3100,12975263,79853373.9500,-3.645000,1.931900,1,0,none,baostock,query_history_k_data_plus
,,,,,2024-04-09,6.1500,6.2000,6.0700,6.1400,6.0800,9089393,55737978.8600,0.986800,1.353300,1,0,none,baostock,query_history_k_data_plus
,,,,,2024-04-10,6.1600,6.1600,5.9000,5.9700,6.1400,11892850,71299279.5200,-2.768700,1.770700,1,0,none,baostock,query_history_k_data_plus
,,,,,2024-04-11,5.9300,6.1400,5.9000,6.0300,5.9700,12212012,73836060.7600,1.005000,1.818200,1,0,none,baostock,query_history_k_data_plus
,,,,,2024-04-12,6.0600,6.1100,5.9300,5.9400,6.0300,10292082,61801605.7600,-1.492500,1.532400,1,0,none,baostock,query_history_k_data_plus
,,,,,2024-04-15,5.9300,6.1000,5.5200,5.6500,5.9400,19248356,110218018.9800,-4.882200,2.865800,1,0,none,baostock,query_history_k_data_plus
,,,,,2024-04-16,5.6000,5.6600,5.1900,5.2500,5.6500,18158201,97028400.5700,-7.079600,2.703500,1,0,none,baostock,query_history_k_data_plus
,,,,,2024-04-17,5.3000,5.8000,5.3000,5.8000,5.2500,17100180,96089886.7200,10.476200,2.546000,1,0,none,baostock,query_history_k_data_plus
,,,,,2024-04-18,5.8000,5.8100,5.5800,5.6100,5.8000,14745005,83671472.7400,-3.275900,2.195300,1,0,none,baostock,query_history_k_data_plus
,,,,,2024-04-19,5.5900,5.6700,5.5200,5.5500,5.6100,9442665,52668178.1900,-1.069500,1.405900,1,0,none,baostock,query_history_k_data_plus
,,,,,2024-04-22,5.5200,5.6800,5.3600,5.6100,5.5500,10246061,57055852.9300,1.081100,1.525500,1,0,none,baostock,query_history_k_data_plus
,,,,,2024-04-23,5.6200,5.8000,5.6000,5.7500,5.6100,10953716,62819233.7600,2.495500,1.630900,1,0,none,baostock,query_history_k_data_plus
,,,,,2024-04-24,5.7800,5.9400,5.7500,5.9400,5.7500,11727228,68918503.4000,3.304300,1.747500,1,0,none,baostock,query_history_k_data_plus
,,,,,2024-04-25,5.9400,6.0100,5.8300,5.8800,5.9400,11078012,65537836.8000,-1.010100,1.650800,1,0,none,baostock,query_history_k_data_plus
,,,,,2024-04-26,6.0100,6.1800,5.8800,6.1700,5.8800,15638239,95061788.5200,4.932000,2.330300,1,0,none,baostock,query_history_k_data_plus
,,,,,2024-04-29,6.1500,6.2200,6.0200,6.1900,6.1700,24224686,148881561.6500,0.324100,3.609800,1,0,none,baostock,query_history_k_data_plus
,,,,,2024-04-30,6.1500,6.2200,6.0400,6.1200,6.1900,15413243,94504554.3100,-1.130900,2.296800,1,0,none,baostock,query_history_k_data_plus
,,,,,2024-05-06,6.5000,6.6500,6.1200,6.1300,6.1200,23772723,148918145.0200,0.163400,3.542400,1,0,none,baostock,query_history_k_data_plus
,,,,,2024-05-07,6.1300,6.1800,6.0300,6.1000,6.1300,14751068,89932738.5800,-0.489400,2.198100,1,0,none,baostock,query_history_k_data_plus
,,,,,2024-05-08,6.0600,6.0700,5.8800,5.8900,6.1000,13210664,78444717.6000,-3.442600,1.968600,1,0,none,baostock,query_history_k_data_plus
,,,,,2024-05-09,5.8900,6.0200,5.8900,5.9400,5.8900,9068550,54071260.0000,0.848900,1.351300,1,0,none,baostock,query_history_k_data_plus
,,,,,2024-05-10,5.9300,6.1800,5.7900,5.9700,5.9400,25916062,155356024.7400,0.505100,3.861800,1,0,none,baostock,query_history_k_data_plus
,,,,,2024-05-13,5.8600,5.8600,5.6400,5.7200,5.9700,18985307,108957492.5400,-4.187600,2.829100,1,0,none,baostock,query_history_k_data_plus
,,,,,2024-05-14,5.7500,5.8400,5.6600,5.7600,5.7200,11541716,66168715.4900,0.699300,1.719900,1,0,none,baostock,query_history_k_data_plus
,,,,,2024-05-15,5.7900,5.7900,5.6600,5.6800,5.7600,7301100,41754360.0000,-1.388900,1.088000,1,0,none,baostock,query_history_k_data_plus
,,,,,2024-05-16,5.6900,5.8300,5.6900,5.7600,5.6800,10097832,58368781.5000,1.408500,1.504700,1,0,none,baostock,query_history_k_data_plus
,,,,,2024-05-17,5.7700,5.9700,5.7600,5.9600,5.7600,11527212,67872099.3400,3.472200,1.717700,1,0,none,baostock,query_history_k_data_plus
,,,,,2024-05-20,5.9600,6.0300,5.8700,5.8900,5.9600,10927500,64846316.0000,-1.174500,1.628300,1,0,none,baostock,query_history_k_data_plus
,,,,,2024-05-21,5.9000,5.9500,5.8000,5.8200,5.8900,8364700,48968617.5000,-1.188500,1.246400,1,0,none,baostock,query_history_k_data_plus
,,,,,2024-05-22,5.8500,5.9300,5.7800,5.9300,5.8200,8199500,48286916.0000,1.890000,1.221800,1,0,none,baostock,query_history_k_data_plus
,,,,,2024-05-23,5.9300,5.9300,5.7500,5.7700,5.9300,8657300,50259096.0000,-2.698100,1.290000,1,0,none,baostock,query_history_k_data_plus
,,,,,2024-05-24,5.7400,5.8100,5.6300,5.6300,5.7700,7839300,44725114.0000,-2.426300,1.168200,1,0,none,baostock,query_history_k_data_plus
,,,,,2024-05-27,5.7100,5.7200,5.4800,5.6200,5.6300,8861950,49241618.0000,-0.177600,1.320500,1,0,none,baostock,query_history_k_data_plus
,,,,,2024-05-28,5.5800,5.6400,5.5000,5.5300,5.6200,7094950,39488008.0000,-1.601400,1.057200,1,0,none,baostock,query_history_k_data_plus
,,,,,2024-05-29,5.5400,5.6500,5.5100,5.5200,5.5300,6177668,34423559.4400,-0.180800,0.920600,1,0,none,baostock,query_history_k_data_plus
,,,,,2024-05-30,5.4700,5.5800,5.4500,5.5100,5.5200,6005550,33169186.0000,-0.181200,0.894900,1,0,none,baostock,query_history_k_data_plus
,,,,,2024-05-31,5.5300,5.6600,5.5000,5.6200,5.5100,7778698,43607883.7900,1.996400,1.159100,1,0,none,baostock,query_history_k_data_plus
,,,,,2024-06-03,5.6100,5.6500,5.4000,5.4600,5.6200,14255371,78245144.7500,-2.847000,2.124200,1,0,none,baostock,query_history_k_data_plus
,,,,,2024-06-04,5.4200,5.4800,5.2800,5.3600,5.4600,13522487,72300156.5900,-1.831500,2.015000,1,0,none,baostock,query_history_k_data_plus
,,,,,2024-06-05,5.3300,5.5400,5.3000,5.3300,5.3600,10455057,56579395.9500,-0.559700,1.557900,1,0,none,baostock,query_history_k_data_plus
,,,,,2024-06-06,5.3100,5.3700,5.0900,5.1700,5.3300,15058564,77814951.1000,-3.001900,2.243900,1,0,none,baostock,query_history_k_data_plus
,,,,,2024-06-07,5.1900,5.2800,5.1400,5.2000,5.1700,10175642,53096743.0500,0.580300,1.516300,1,0,none,baostock,query_history_k_data_plus
,,,,,2024-06-11,5.2000,5.3800,5.1000,5.3000,5.2000,11006773,57866295.7100,1.923100,1.640100,1,0,none,baostock,query_history_k_data_plus
,,,,,2024-06-12,5.2700,5.3800,5.2700,5.3300,5.3000,9046153,48347662.8400,0.566000,1.348000,1,0,none,baostock,query_history_k_data_plus
,,,,,2024-06-13,5.3400,5.3800,5.2600,5.2700,5.3300,9560306,50746596.1400,-1.125700,1.424600,1,0,none,baostock,query_history_k_data_plus
,,,,,2024-06-14,5.2700,5.4000,5.1900,5.3600,5.2700,13478075,71484306.6100,1.707800,2.008400,1,0,none,baostock,query_history_k_data_plus
,,,,,2024-06-17,5.3600,5.3600,5.2100,5.2200,5.3600,11002533,57913114.2400,-2.611900,1.639500,1,0,none,baostock,query_history_k_data_plus
,,,,,2024-06-18,5.2400,5.3500,5.2100,5.3200,5.2200,11855186,62794696.7300,1.915700,1.766600,1,0,none,baostock,query_history_k_data_plus
,,,,,2024-06-19,5.3200,5.4400,5.3200,5.3300,5.3200,12413792,66643144.0400,0.188000,1.849800,1,0,none,baostock,query_history_k_data_plus
,,,,,2024-06-20,5.3000,5.3400,5.1300,5.1300,5.3300,10045718,52327140.8200,-3.752300,1.496900,1,0,none,baostock,query_history_k_data_plus
,,,,,2024-06-21,5.1500,5.2200,5.0100,5.1500,5.1300,8935777,45764832.7600,0.389900,1.331500,1,0,none,baostock,query_history_k_data_plus
,,,,,2024-06-24,5.0900,5.1600,4.9200,5.0000,5.1500,12893052,64729153.7300,-2.912600,1.921200,1,0,none,baostock,query_history_k_data_plus
,,,,,2024-06-25,5.0800,5.0800,4.9100,5.0100,5.0000,10055800,50238302.0000,0.200000,1.498400,1,0,none,baostock,query_history_k_data_plus
,,,,,2024-06-26,4.9600,5.2400,4.9000,5.2300,5.0100,15502870,79452061.2000,4.391200,2.310100,1,0,none,baostock,query_history_k_data_plus
,,,,,2024-06-27,5.2200,5.2600,5.1100,5.1400,5.2300,10076652,52254111.7200,-1.720800,1.501500,1,0,none,baostock,query_history_k_data_plus
,,,,,2024-06-28,5.1400,5.2400,5.0500,5.0800,5.1400,12031615,61940964.5500,-1.167300,1.792900,1,0,none,baostock,query_history_k_data_plus
,,,,,2024-07-01,5.0800,5.1100,4.9500,5.0800,5.0800,8902210,44784917.2000,0.000000,1.326500,1,0,none,baostock,query_history_k_data_plus
,,,,,2024-07-02,5.0900,5.4700,5.0700,5.3500,5.0800,24001021,128099837.2900,5.315000,3.576500,1,0,none,baostock,query_history_k_data_plus
,,,,,2024-07-03,5.3500,5.3500,5.2100,5.2200,5.3500,13416084,70539963.1800,-2.429900,1.999200,1,0,none,baostock,query_history_k_data_plus
,,,,,2024-07-04,5.2400,5.2800,4.9800,5.0100,5.2200,12571019,64078368.1900,-4.023000,1.873200,1,0,none,baostock,query_history_k_data_plus
,,,,,2024-07-05,5.0200,5.3100,4.8800,5.2300,5.0100,20464628,106236325.7900,4.391200,3.049500,1,0,none,baostock,query_history_k_data_plus
,,,,,2024-07-08,5.1700,5.1700,4.9000,4.9200,5.2300,15311387,76432250.5400,-5.927300,2.281600,1,0,none,baostock,query_history_k_data_plus
,,,,,2024-07-09,4.9300,5.0300,4.7700,5.0100,4.9200,14515152,71284535.4800,1.829300,2.162900,1,0,none,baostock,query_history_k_data_plus
,,,,,2024-07-10,4.9800,5.0700,4.9300,4.9700,5.0100,9191150,45826560.0000,-0.798400,1.369600,1,0,none,baostock,query_history_k_data_plus
,,,,,2024-07-11,5.0300,5.1200,5.0300,5.0800,4.9300,11279700,57248036.0000,3.042600,1.680800,1,0,none,baostock,query_history_k_data_plus
,,,,,2024-07-12,5.0700,5.1500,5.0400,5.0600,5.0800,8963149,45605792.4100,-0.393700,1.335600,1,0,none,baostock,query_history_k_data_plus
,,,,,2024-07-15,5.0600,5.0800,4.9000,4.9100,5.0600,9371000,46364421.0500,-2.964400,1.396400,1,0,none,baostock,query_history_k_data_plus
,,,,,2024-07-16,4.9000,4.9800,4.8400,4.9400,4.9100,6280400,30900767.0000,0.611000,0.935900,1,0,none,baostock,query_history_k_data_plus
,,,,,2024-07-17,4.9100,5.0000,4.9100,4.9200,4.9400,6813400,33756284.0000,-0.404900,1.015300,1,0,none,baostock,query_history_k_data_plus
,,,,,2024-07-18,4.8600,4.8600,4.7100,4.8400,4.9200,9455168,45205451.1200,-1.626000,1.408900,1,0,none,baostock,query_history_k_data_plus
,,,,,2024-07-19,4.8100,4.9200,4.8000,4.8600,4.8400,5775608,28114815.3200,0.413200,0.860600,1,0,none,baostock,query_history_k_data_plus
,,,,,2024-07-22,4.9100,5.0800,4.9000,5.0200,4.8600,13343350,66848504.5000,3.292200,1.988300,1,0,none,baostock,query_history_k_data_plus
,,,,,2024-07-23,5.2000,5.2700,5.0400,5.0400,5.0200,16885841,86541517.9900,0.398400,2.516200,1,0,none,baostock,query_history_k_data_plus
,,,,,2024-07-24,5.0000,5.1100,4.9200,4.9300,5.0400,10830350,53984515.5000,-2.182500,1.613900,1,0,none,baostock,query_history_k_data_plus
,,,,,2024-07-25,4.9000,5.9200,4.9000,5.9200,4.9300,101073422,582295306.9300,20.081100,15.061200,1,0,none,baostock,query_history_k_data_plus
,,,,,2024-07-26,5.7000,5.9000,5.6000,5.6500,5.9200,86369662,493922221.4400,-4.560800,12.870200,1,0,none,baostock,query_history_k_data_plus
,,,,,2024-07-29,5.6500,5.8100,5.4500,5.7200,5.6500,63300173,355223281.9900,1.238900,9.432500,1,0,none,baostock,query_history_k_data_plus
,,,,,2024-07-30,5.5900,5.7600,5.5700,5.5900,5.7200,45569133,257550301.4900,-2.272700,6.790400,1,0,none,baostock,query_history_k_data_plus
,,,,,2024-07-31,5.5600,6.5300,5.5000,6.0800,5.5900,90135337,539513911.2100,8.765700,13.431300,1,0,none,baostock,query_history_k_data_plus
,,,,,2024-08-01,5.9200,6.1100,5.8700,6.0000,6.0800,62469785,371894900.0100,-1.315800,9.308800,1,0,none,baostock,query_history_k_data_plus
,,,,,2024-08-02,5.9300,5.9900,5.6900,5.7300,6.0000,35778983,208108501.3400,-4.500000,5.331500,1,0,none,baostock,query_history_k_data_plus
,,,,,2024-08-05,5.6100,5.7800,5.5100,5.5200,5.7300,24278400,136818673.0000,-3.664900,3.617800,1,0,none,baostock,query_history_k_data_plus
,,,,,2024-08-06,5.6500,5.7500,5.4800,5.6000,5.5200,18999058,105707642.3700,1.449300,2.831100,1,0,none,baostock,query_history_k_data_plus
,,,,,2024-08-07,5.5700,5.6300,5.5200,5.5400,5.6000,14500436,80853847.9700,-1.071400,2.160700,1,0,none,baostock,query_history_k_data_plus
,,,,,2024-08-08,5.5100,5.6200,5.4300,5.5300,5.5400,18359697,101425028.3300,-0.180500,2.735800,1,0,none,baostock,query_history_k_data_plus
,,,,,2024-08-09,5.6100,5.6900,5.5300,5.5300,5.5300,20969663,117785161.9500,0.000000,3.124700,1,0,none,baostock,query_history_k_data_plus
,,,,,2024-08-12,5.4400,5.5000,5.2400,5.2800,5.5300,21555208,115227216.8500,-4.520800,3.212000,1,0,none,baostock,query_history_k_data_plus
,,,,,2024-08-13,5.2800,5.4000,5.2300,5.3900,5.2800,12994300,69263148.1200,2.083300,1.936300,1,0,none,baostock,query_history_k_data_plus
,,,,,2024-08-14,5.4000,5.4300,5.3300,5.3500,5.3900,9412100,50635747.0000,-0.742100,1.402500,1,0,none,baostock,query_history_k_data_plus
,,,,,2024-08-15,5.3300,5.6600,5.3100,5.5900,5.3500,24008783,132563927.6200,4.486000,3.577600,1,0,none,baostock,query_history_k_data_plus
,,,,,2024-08-16,5.5500,5.8500,5.5200,5.6300,5.5900,29869424,170249993.2400,0.715600,4.450900,1,0,none,baostock,query_history_k_data_plus
,,,,,2024-08-19,5.6400,6.0700,5.6400,5.9900,5.6300,56925063,337277194.3400,6.394300,8.858600,1,0,none,baostock,query_history_k_data_plus
,,,,,2024-08-20,5.9000,5.9200,5.6800,5.7100,5.9900,34337500,197649332.7700,-4.674500,5.343600,1,0,none,baostock,query_history_k_data_plus
,,,,,2024-08-21,5.6800,5.8500,5.6700,5.7200,5.7100,18775900,107913145.0000,0.175100,2.921900,1,0,none,baostock,query_history_k_data_plus
,,,,,2024-08-22,5.6800,5.7600,5.4200,5.4600,5.7200,25199900,139991781.0000,-4.545500,3.921600,1,0,none,baostock,query_history_k_data_plus
,,,,,2024-08-23,5.4700,5.7200,5.4300,5.6200,5.4600,19619601,109683688.4700,2.930400,3.053200,1,0,none,baostock,query_history_k_data_plus
,,,,,2024-08-26,5.5700,5.6200,5.4800,5.5600,5.6200,13509600,75001823.0000,-1.067600,2.102400,1,0,none,baostock,query_history_k_data_plus
,,,,,2024-08-27,5.5300,5.6000,5.4300,5.4500,5.5600,11913200,65379365.0000,-1.978400,1.853900,1,0,none,baostock,query_history_k_data_plus
,,,,,2024-08-28,5.4400,5.5800,5.3300,5.4900,5.4500,13651189,74450467.7200,0.733900,2.124400,1,0,none,baostock,query_history_k_data_plus
,,,,,2024-08-29,5.4400,5.6000,5.3900,5.5700,5.4900,13981031,77374437.3600,1.457200,2.175700,1,0,none,baostock,query_history_k_data_plus
,,,,,2024-08-30,5.5700,5.8800,5.5300,5.7500,5.5700,32142031,185908528.1700,3.231600,5.001900,1,0,none,baostock,query_history_k_data_plus
,,,,,2024-09-02,5.7500,5.7500,5.5500,5.5700,5.7500,20638905,116378306.4000,-3.130400,3.211800,1,0,none,baostock,query_history_k_data_plus
,,,,,2024-09-03,5.6000,5.9000,5.5500,5.8300,5.5700,27717100,158286538.6900,4.667900,4.313300,1,0,none,baostock,query_history_k_data_plus
,,,,,2024-09-04,5.8100,6.6900,5.7400,6.1200,5.8300,68057874,414294807.8500,4.974300,10.591100,1,0,none,baostock,query_history_k_data_plus
,,,,,2024-09-05,6.1800,6.3900,6.0500,6.1000,6.1200,59226461,366629314.8400,-0.326800,9.216800,1,0,none,baostock,query_history_k_data_plus
,,,,,2024-09-06,6.0700,6.3100,5.9300,5.9700,6.1000,45732474,278943081.2300,-2.131100,7.116900,1,0,none,baostock,query_history_k_data_plus
,,,,,2024-09-09,5.8300,6.0400,5.7900,5.8800,5.9700,27392100,161770660.0000,-1.507500,4.262700,1,0,none,baostock,query_history_k_data_plus
,,,,,2024-09-10,5.9100,6.0800,5.7100,6.0100,5.8800,28316200,167081861.0000,2.210900,4.406600,1,0,none,baostock,query_history_k_data_plus
,,,,,2024-09-11,5.9500,6.0500,5.9000,6.0000,6.0100,19895000,118908512.0000,-0.166400,3.096000,1,0,none,baostock,query_history_k_data_plus
,,,,,2024-09-12,6.0000,6.0900,5.8700,6.0300,6.0000,29330900,176108603.0000,0.500000,4.564500,1,0,none,baostock,query_history_k_data_plus
,,,,,2024-09-13,6.0000,6.0400,5.8000,5.8200,6.0300,25052800,147238555.0000,-3.482600,3.898700,1,0,none,baostock,query_history_k_data_plus
,,,,,2024-09-18,5.7800,5.8500,5.6000,5.7900,5.8200,21103383,120841166.8000,-0.515500,3.284100,1,0,none,baostock,query_history_k_data_plus
,,,,,2024-09-19,5.8500,6.1800,5.7700,6.1500,5.7900,43122746,260368508.3700,6.217600,6.710700,1,0,none,baostock,query_history_k_data_plus
,,,,,2024-09-20,6.0600,6.4500,6.0200,6.2900,6.1500,51950131,323362985.5800,2.276400,8.084500,1,0,none,baostock,query_history_k_data_plus
,,,,,2024-09-23,6.2300,6.2800,6.1700,6.2000,6.2900,31478496,195588458.1600,-1.430800,4.898700,1,0,none,baostock,query_history_k_data_plus
,,,,,2024-09-24,6.2800,7.0900,6.1600,6.8800,6.2000,82555260,545812810.2400,10.967700,12.847200,1,0,none,baostock,query_history_k_data_plus
,,,,,2024-09-25,7.2300,8.1600,7.2300,7.3900,6.8800,122611607,925734596.7200,7.412800,19.080700,1,0,none,baostock,query_history_k_data_plus
,,,,,2024-09-26,7.2600,7.8800,7.1000,7.7600,7.3900,109447338,811694968.7700,5.006800,17.032100,1,0,none,baostock,query_history_k_data_plus
,,,,,2024-09-27,8.3000,9.3100,8.1100,9.3100,7.7600,153751738,1336194161.6400,19.974200,23.926800,1,0,none,baostock,query_history_k_data_plus
,,,,,2024-09-30,11.1700,11.1700,11.1600,11.1700,9.3100,48601650,542880373.5000,19.978500,7.563400,1,0,none,baostock,query_history_k_data_plus
,,,,,2024-10-08,13.4000,13.4000,12.8600,13.4000,11.1700,49412810,660094448.0000,19.964200,7.689600,1,0,none,baostock,query_history_k_data_plus
,,,,,2024-10-09,14.0000,16.0800,13.8000,16.0700,13.4000,213474508,3330526859.7900,19.925400,33.220800,1,0,none,baostock,query_history_k_data_plus
,,,,,2024-10-10,15.0200,15.4000,12.8600,12.8600,16.0700,192236234,2558936696.4100,-19.975100,29.915700,1,0,none,baostock,query_history_k_data_plus
,,,,,2024-10-11,10.5000,13.0100,10.5000,11.6300,12.8600,157973921,1825604283.0900,-9.564500,24.583800,1,0,none,baostock,query_history_k_data_plus
,,,,,2024-10-14,11.5500,13.3600,11.1000,12.8900,11.6300,151101081,1851760011.3000,10.834000,23.514300,1,0,none,baostock,query_history_k_data_plus
,,,,,2024-10-15,12.2700,13.7500,12.0000,12.1200,12.8900,154846497,1990902213.8300,-5.973600,24.097100,1,0,none,baostock,query_history_k_data_plus
,,,,,2024-10-16,11.6600,13.6600,11.6600,13.5000,12.1200,168998850,2179553955.2800,11.386100,26.299500,1,0,none,baostock,query_history_k_data_plus
,,,,,2024-10-17,13.8000,14.2900,12.5000,13.0600,13.5000,181638996,2438128513.9600,-3.259300,28.266600,1,0,none,baostock,query_history_k_data_plus
,,,,,2024-10-18,12.6700,15.6000,12.0900,13.9800,13.0600,200378102,2740864358.8700,7.044400,31.182700,1,0,none,baostock,query_history_k_data_plus
,,,,,2024-10-21,13.6000,14.7300,13.4200,14.3100,13.9800,173029900,2458172305.9900,2.360500,26.926800,1,0,none,baostock,query_history_k_data_plus
,,,,,2024-10-22,14.1000,14.3900,13.1500,13.2100,14.3100,118133809,1619373099.0400,-7.686900,18.383900,1,0,none,baostock,query_history_k_data_plus
,,,,,2024-10-23,13.2100,14.3700,12.5800,13.3800,13.2100,113027493,1534056422.1700,1.286900,17.589300,1,0,none,baostock,query_history_k_data_plus
,,,,,2024-10-24,13.0700,13.4200,12.6800,12.9000,13.3800,73664022,955497288.3300,-3.587400,11.463600,1,0,none,baostock,query_history_k_data_plus
,,,,,2024-10-25,13.5000,13.7800,13.1100,13.2900,12.9000,90103711,1207732600.4800,3.023300,14.021900,1,0,none,baostock,query_history_k_data_plus
,,,,,2024-10-28,13.0800,14.5700,13.0800,14.0800,13.2900,129437023,1804147079.5200,5.944300,20.142900,1,0,none,baostock,query_history_k_data_plus
,,,,,2024-10-29,13.8200,15.0700,13.6300,13.7500,14.0800,135428790,1934689009.2600,-2.343800,21.075400,1,0,none,baostock,query_history_k_data_plus
,,,,,2024-10-30,13.3000,13.5600,12.8500,13.3000,13.7500,99118607,1302566009.7200,-3.272700,15.424800,1,0,none,baostock,query_history_k_data_plus
,,,,,2024-10-31,13.3000,15.9600,13.3000,15.9600,13.3000,102810981,1528297516.0400,20.000000,15.947200,1,0,none,baostock,query_history_k_data_plus
,,,,,2024-11-01,17.8000,19.1500,16.9100,17.0000,15.9600,317198778,5812013165.6300,6.516300,49.201400,1,0,none,baostock,query_history_k_data_plus
,,,,,2024-11-04,16.3000,20.4000,15.5800,20.4000,17.0000,276591357,4932923905.2800,20.000000,42.902700,1,0,none,baostock,query_history_k_data_plus
,,,,,2024-11-05,19.5000,24.4800,19.0400,24.4800,20.4000,252786426,5699292506.8300,20.000000,39.210200,1,0,none,baostock,query_history_k_data_plus
,,,,,2024-11-06,27.6900,29.3800,25.8800,26.3100,24.4800,322493402,9206372049.9500,7.475500,50.022600,1,0,none,baostock,query_history_k_data_plus
,,,,,2024-11-07,27.2200,31.5700,26.0000,31.5700,26.3100,272791817,7742055425.6000,19.992400,42.313300,1,0,none,baostock,query_history_k_data_plus
,,,,,2024-11-08,32.8000,35.0000,29.7900,30.0900,31.5700,289033619,9343713110.1000,-4.688000,44.832600,1,0,none,baostock,query_history_k_data_plus
,,,,,2024-11-11,27.5000,29.0000,24.6600,26.3400,30.0900,207545818,5607392317.7300,-12.462600,32.192900,1,0,none,baostock,query_history_k_data_plus
,,,,,2024-11-12,26.9200,29.0000,26.4100,27.8100,26.3400,172939566,4783349296.5100,5.580900,26.825000,1,0,none,baostock,query_history_k_data_plus
,,,,,2024-11-13,26.5000,29.8000,25.7100,27.6200,27.8100,167779805,4653347547.0100,-0.683200,26.024700,1,0,none,baostock,query_history_k_data_plus
,,,,,2024-11-14,27.4000,28.8600,26.6800,27.1400,27.6200,125505581,3488409416.3100,-1.737900,19.467400,1,0,none,baostock,query_history_k_data_plus
,,,,,2024-11-15,26.6900,27.8800,23.1800,24.0400,27.1400,147740293,3824818837.5400,-11.422300,22.916300,1,0,none,baostock,query_history_k_data_plus
,,,,,2024-11-18,23.7400,25.9900,22.1200,24.8400,24.0400,137310206,3334619493.4500,3.327800,21.298500,1,0,none,baostock,query_history_k_data_plus
,,,,,2024-11-19,25.2000,29.7500,24.5100,29.0600,24.8400,212493979,5821959499.9900,16.988700,32.960400,1,0,none,baostock,query_history_k_data_plus
,,,,,2024-11-20,28.1600,31.0000,27.5000,28.4600,29.0600,211072468,6188673349.4700,-2.064700,32.739900,1,0,none,baostock,query_history_k_data_plus
,,,,,2024-11-21,27.7000,31.6600,27.4500,30.5500,28.4600,208448171,6233915741.0300,7.343600,32.332800,1,0,none,baostock,query_history_k_data_plus
,,,,,2024-11-22,29.8700,32.3000,29.0000,29.7500,30.5500,202995172,6238984495.0200,-2.618700,31.487000,1,0,none,baostock,query_history_k_data_plus
,,,,,2024-11-25,29.2200,30.9600,27.7800,30.8100,29.7500,163013854,4824720448.8000,3.563000,25.285400,1,0,none,baostock,query_history_k_data_plus
,,,,,2024-11-26,30.0000,31.8000,28.6600,28.8000,30.8100,147245793,4491553110.3500,-6.523900,22.839600,1,0,none,baostock,query_history_k_data_plus
,,,,,2024-11-27,28.5000,32.9000,27.8800,32.3000,28.8000,199237510,6111744580.9800,12.152800,30.904100,1,0,none,baostock,query_history_k_data_plus
,,,,,2024-11-28,32.0800,33.3300,30.6500,31.2000,32.3000,179238144,5731844650.1100,-3.405600,27.802000,1,0,none,baostock,query_history_k_data_plus
,,,,,2024-11-29,30.6100,37.4400,30.6100,37.4400,31.2000,279187889,9701313977.7600,20.000000,43.305400,1,0,none,baostock,query_history_k_data_plus
,,,,,2024-12-02,34.8400,37.8000,34.3300,35.9700,37.4400,223904326,8122044327.5800,-3.926300,34.752200,1,0,none,baostock,query_history_k_data_plus
,,,,,2024-12-03,36.0000,41.5600,35.1000,37.1300,35.9700,230351129,8743329953.9600,3.224900,35.752800,1,0,none,baostock,query_history_k_data_plus
,,,,,2024-12-04,36.5200,39.8800,35.8800,37.3800,37.1300,184916198,6969450002.0100,0.673300,28.700800,1,0,none,baostock,query_history_k_data_plus
,,,,,2024-12-05,37.1400,38.4800,36.2400,36.6400,37.3800,149508030,5565450263.2000,-1.979700,23.205100,1,0,none,baostock,query_history_k_data_plus
,,,,,2024-12-06,36.0100,38.6500,33.8000,35.4600,36.6400,185038879,6698424911.2400,-3.220500,28.719900,1,0,none,baostock,query_history_k_data_plus
,,,,,2024-12-09,34.3500,36.0000,34.3500,35.0000,35.4600,108185570,3794213500.1400,-1.297200,16.791500,1,0,none,baostock,query_history_k_data_plus
,,,,,2024-12-10,38.8000,39.9000,35.0000,35.3400,35.0000,171386097,6383586338.0900,0.971400,26.600800,1,0,none,baostock,query_history_k_data_plus
,,,,,2024-12-11,34.9700,35.8800,33.0000,33.7300,35.3400,130052847,4443356015.6600,-4.555700,20.185500,1,0,none,baostock,query_history_k_data_plus
,,,,,2024-12-12,33.4000,36.6000,33.1100,35.9000,33.7300,164795240,5752926597.3000,6.433400,25.577800,1,0,none,baostock,query_history_k_data_plus
,,,,,2024-12-13,34.8000,34.9300,33.2000,33.4200,35.9000,118766898,4055096525.0000,-6.908100,18.433800,1,0,none,baostock,query_history_k_data_plus
,,,,,2024-12-16,33.1000,33.7500,31.2500,31.6100,33.4200,95476998,3066257498.0600,-5.415900,14.819000,1,0,none,baostock,query_history_k_data_plus
,,,,,2024-12-17,31.6000,33.3000,30.6100,32.1500,31.6100,110131732,3510480936.3400,1.708300,17.093500,1,0,none,baostock,query_history_k_data_plus
,,,,,2024-12-18,32.0000,32.5800,29.3600,30.0400,32.1500,114480764,3529168622.5000,-6.563000,17.768500,1,0,none,baostock,query_history_k_data_plus
,,,,,2024-12-19,29.1400,30.2800,29.0000,29.4000,30.0400,75260717,2218989604.5700,-2.130500,11.681200,1,0,none,baostock,query_history_k_data_plus
,,,,,2024-12-20,29.1300,30.0000,28.8100,29.4200,29.4000,75939055,2231789253.9200,0.068000,11.786500,1,0,none,baostock,query_history_k_data_plus
,,,,,2024-12-23,29.1300,29.7000,27.4900,27.7300,29.4200,75463407,2142434061.4500,-5.744400,11.712700,1,0,none,baostock,query_history_k_data_plus
,,,,,2024-12-24,27.8000,28.0000,26.7100,27.6600,27.7300,79553524,2161682266.1700,-0.252400,12.347500,1,0,none,baostock,query_history_k_data_plus
,,,,,2024-12-25,27.6300,29.1800,27.4800,28.1900,27.6600,84174917,2383295605.2100,1.916100,13.064800,1,0,none,baostock,query_history_k_data_plus
,,,,,2024-12-26,28.1000,28.5700,27.4600,27.8500,28.1900,63229172,1768064553.7200,-1.206100,9.813800,1,0,none,baostock,query_history_k_data_plus
,,,,,2024-12-27,27.6600,30.8000,27.5000,29.8800,27.8500,149515471,4351915178.2700,7.289000,23.206300,1,0,none,baostock,query_history_k_data_plus
,,,,,2024-12-30,29.1500,32.0000,29.0000,31.1700,29.8800,137999095,4215754294.2200,4.317300,21.418800,1,0,none,baostock,query_history_k_data_plus
,,,,,2024-12-31,31.0000,31.3500,25.9800,27.5600,31.1700,104613356,3108943640.8700,-11.581600,16.237000,1,0,none,baostock,query_history_k_data_plus
,,,,,2025-01-02,27.0500,28.3800,26.2200,26.6800,27.5600,88672830,2410319039.3500,-3.193000,13.762900,1,0,none,baostock,query_history_k_data_plus
,,,,,2025-01-03,26.7900,26.9800,24.3700,24.4600,26.6800,97508864,2461254817.3900,-8.320800,15.134300,1,0,none,baostock,query_history_k_data_plus
,,,,,2025-01-06,24.1200,24.4900,22.8100,23.1000,24.4600,88374341,2072543253.6100,-5.560100,13.716600,1,0,none,baostock,query_history_k_data_plus
,,,,,2025-01-07,23.1000,24.8800,23.0000,24.6900,23.1000,98112740,2340263988.8200,6.883100,15.228100,1,0,none,baostock,query_history_k_data_plus
,,,,,2025-01-08,24.6900,25.7300,23.6000,24.8900,24.6900,111334402,2738855820.0700,0.810000,17.280200,1,0,none,baostock,query_history_k_data_plus
,,,,,2025-01-09,24.6700,25.1900,24.4300,24.6300,24.8900,64237500,1590789741.0400,-1.044600,9.970300,1,0,none,baostock,query_history_k_data_plus
,,,,,2025-01-10,24.5100,25.1400,23.5500,23.6000,24.6300,63247819,1540466723.5700,-4.181900,9.816700,1,0,none,baostock,query_history_k_data_plus
,,,,,2025-01-13,23.0300,26.8800,22.7700,26.4500,23.6000,145696973,3668702128.8900,12.076300,22.613600,1,0,none,baostock,query_history_k_data_plus
,,,,,2025-01-14,26.9200,29.7400,26.1900,29.5600,26.4500,173402302,4949135149.8700,11.758000,26.913700,1,0,none,baostock,query_history_k_data_plus
,,,,,2025-01-15,28.5700,29.1500,28.2000,28.5100,29.5600,123345775,3523134344.7600,-3.552100,19.144500,1,0,none,baostock,query_history_k_data_plus
,,,,,2025-01-16,28.8900,29.6900,28.0000,28.8000,28.5100,116532297,3363475410.8400,1.017200,18.087000,1,0,none,baostock,query_history_k_data_plus
,,,,,2025-01-17,28.5200,30.2500,28.5100,29.1000,28.8000,128915679,3793482073.9600,1.041700,20.009000,1,0,none,baostock,query_history_k_data_plus
,,,,,2025-01-20,29.8000,30.8700,28.7700,30.0300,29.1000,119644621,3573570382.9500,3.195900,18.570000,1,0,none,baostock,query_history_k_data_plus
,,,,,2025-01-21,30.2200,31.8000,29.5100,31.8000,30.0300,136180983,4181900662.3200,5.894100,21.136600,1,0,none,baostock,query_history_k_data_plus
,,,,,2025-01-22,28.3300,29.6000,27.5000,27.6200,31.8000,150737484,4298554832.6700,-13.144700,23.395900,1,0,none,baostock,query_history_k_data_plus
,,,,,2025-01-23,28.3400,29.6700,26.1000,26.5100,27.6200,118418953,3322028461.6500,-4.018800,18.379800,1,0,none,baostock,query_history_k_data_plus
,,,,,2025-01-24,26.3100,26.7400,26.0300,26.2300,26.5100,81395330,2143687367.7000,-1.056200,12.633400,1,0,none,baostock,query_history_k_data_plus
,,,,,2025-01-27,26.6100,26.7400,24.8100,24.8300,26.2300,62848661,1597464341.4300,-5.337400,9.754700,1,0,none,baostock,query_history_k_data_plus
,,,,,2025-02-05,25.3500,25.9000,24.8600,25.2300,24.8300,58155209,1467906340.1200,1.611000,9.026300,1,0,none,baostock,query_history_k_data_plus
,,,,,2025-02-06,25.0300,27.0500,24.7100,26.7100,25.2300,88040004,2304805464.6500,5.866000,13.664700,1,0,none,baostock,query_history_k_data_plus
,,,,,2025-02-07,26.5000,31.3500,26.4000,30.2900,26.7100,184737606,5388458732.6300,13.403200,28.673100,1,0,none,baostock,query_history_k_data_plus
,,,,,2025-02-10,30.3000,31.8300,29.9500,31.2800,30.2900,175405252,5411189000.7100,3.268400,27.224600,1,0,none,baostock,query_history_k_data_plus
,,,,,2025-02-11,31.0000,32.2700,29.8900,31.1700,31.2800,148127704,4613995683.9800,-0.351700,22.990900,1,0,none,baostock,query_history_k_data_plus
,,,,,2025-02-12,30.7900,33.7700,30.5100,33.1000,31.1700,169765056,5413443947.5600,6.191900,26.349200,1,0,none,baostock,query_history_k_data_plus
,,,,,2025-02-13,32.1000,34.0900,31.6700,32.1300,33.1000,164747390,5369406240.8800,-2.930500,25.570400,1,0,none,baostock,query_history_k_data_plus
,,,,,2025-02-14,31.0500,32.2000,30.8700,31.6700,32.1300,107287106,3385650458.6300,-1.431700,16.652000,1,0,none,baostock,query_history_k_data_plus
,,,,,2025-02-17,32.3100,32.5000,30.8100,31.2200,31.6700,96984685,3062505709.6400,-1.420900,15.053000,1,0,none,baostock,query_history_k_data_plus
,,,,,2025-02-18,30.8500,32.3000,29.2800,29.5000,31.2200,114981316,3536952659.2700,-5.509300,17.846200,1,0,none,baostock,query_history_k_data_plus
,,,,,2025-02-19,29.3200,31.5000,29.0800,31.4200,29.5000,127637739,3923816820.2600,6.508500,19.810600,1,0,none,baostock,query_history_k_data_plus
,,,,,2025-02-20,31.0000,31.7600,30.5800,31.1300,31.4200,81378328,2527801735.5500,-0.923000,12.630700,1,0,none,baostock,query_history_k_data_plus
,,,,,2025-02-21,31.5500,33.3000,29.8200,32.5400,31.1300,162789829,5202941806.4600,4.529400,24.342800,1,0,none,baostock,query_history_k_data_plus
,,,,,2025-02-24,31.9400,34.4000,31.7400,33.3600,32.5400,154313000,5106241611.7700,2.520000,23.075200,1,0,none,baostock,query_history_k_data_plus
,,,,,2025-02-25,32.0000,32.9900,31.3100,31.6500,33.3600,112867046,3629381016.6000,-5.125900,16.877600,1,0,none,baostock,query_history_k_data_plus
,,,,,2025-02-26,31.6500,33.0600,31.1000,33.0000,31.6500,120960642,3891532096.7600,4.265400,18.087800,1,0,none,baostock,query_history_k_data_plus
,,,,,2025-02-27,32.3200,33.3000,31.6200,32.3000,33.0000,94279797,3051554758.4400,-2.121200,14.098100,1,0,none,baostock,query_history_k_data_plus
,,,,,2025-02-28,32.0000,33.3000,30.5200,30.6900,32.3000,92957408,2989753873.2200,-4.984500,13.900400,1,0,none,baostock,query_history_k_data_plus
,,,,,2025-03-03,30.2100,30.8600,27.5000,28.1000,30.6900,92632360,2699841079.9600,-8.439200,13.851800,1,0,none,baostock,query_history_k_data_plus
,,,,,2025-03-04,27.8000,29.1000,27.7100,28.6900,28.1000,54399995,1556469210.0700,2.099600,8.134700,1,0,none,baostock,query_history_k_data_plus
,,,,,2025-03-05,28.5500,29.9600,28.1100,29.2400,28.6900,75396131,2192492181.6700,1.917000,11.274400,1,0,none,baostock,query_history_k_data_plus
,,,,,2025-03-06,29.8500,30.8800,29.3000,30.1900,29.2400,92978719,2812118018.8200,3.249000,13.903600,1,0,none,baostock,query_history_k_data_plus
,,,,,2025-03-07,29.4800,29.8400,28.3800,28.5200,30.1900,75752938,2205128859.6300,-5.531600,11.327700,1,0,none,baostock,query_history_k_data_plus
,,,,,2025-03-10,28.6300,29.3300,28.1000,28.9800,28.5200,39697718,1140416330.7800,1.612900,5.936200,1,0,none,baostock,query_history_k_data_plus
,,,,,2025-03-11,28.3600,29.0000,28.2200,28.8100,28.9800,35537806,1018680635.5200,-0.586600,5.314100,1,0,none,baostock,query_history_k_data_plus
,,,,,2025-03-12,29.2000,30.3900,28.8000,29.2900,28.8100,69133002,2042275443.2400,1.666100,10.337800,1,0,none,baostock,query_history_k_data_plus
,,,,,2025-03-13,28.9000,29.6900,28.3600,28.3900,29.2900,52532419,1524568072.2200,-3.072700,7.855400,1,0,none,baostock,query_history_k_data_plus
,,,,,2025-03-14,28.5900,33.0000,28.3900,30.8500,28.3900,143463894,4399296262.0900,8.665000,21.452900,1,0,none,baostock,query_history_k_data_plus
,,,,,2025-03-17,30.1400,30.4600,29.5100,29.6600,30.8500,76263812,2275165126.6900,-3.857400,11.404100,1,0,none,baostock,query_history_k_data_plus
,,,,,2025-03-18,29.9800,30.1500,29.1200,29.4100,29.6600,49837586,1469567817.7900,-0.842900,7.452500,1,0,none,baostock,query_history_k_data_plus
,,,,,2025-03-19,29.2000,30.0000,29.0200,29.4300,29.4100,48570050,1435326455.2400,0.068000,7.262900,1,0,none,baostock,query_history_k_data_plus
,,,,,2025-03-20,29.3000,29.6200,29.0000,29.0700,29.4300,40451899,1181370131.7200,-1.223200,6.049000,1,0,none,baostock,query_history_k_data_plus
,,,,,2025-03-21,28.9600,29.5600,28.5000,28.5100,29.0700,45210999,1310539728.0200,-1.926400,6.760600,1,0,none,baostock,query_history_k_data_plus
,,,,,2025-03-24,28.6000,28.7400,27.0000,27.9000,28.5100,48306070,1334322192.7400,-2.139600,7.223400,1,0,none,baostock,query_history_k_data_plus
,,,,,2025-03-25,27.7900,28.0000,26.3000,26.5700,27.9000,39944456,1084852384.8300,-4.767000,5.973100,1,0,none,baostock,query_history_k_data_plus
,,,,,2025-03-26,26.4900,27.4900,26.4900,26.8400,26.5700,30857537,833419209.7100,1.016200,4.614300,1,0,none,baostock,query_history_k_data_plus
,,,,,2025-03-27,26.7000,28.0300,26.6400,27.1000,26.8400,47262857,1294174915.9700,0.968700,7.067500,1,0,none,baostock,query_history_k_data_plus
,,,,,2025-03-28,27.0900,27.6800,26.8900,27.0700,27.1000,35261719,959035273.1800,-0.110700,5.272900,1,0,none,baostock,query_history_k_data_plus
,,,,,2025-03-31,26.2400,26.2600,24.4100,25.0600,27.0700,56877400,1432779688.7100,-7.425200,8.505200,1,0,none,baostock,query_history_k_data_plus
,,,,,2025-04-01,25.1500,25.3700,23.6300,23.7900,25.0600,60814269,1476121771.1900,-5.067800,9.093900,1,0,none,baostock,query_history_k_data_plus
,,,,,2025-04-02,23.9000,24.4300,23.6700,24.2500,23.7900,33851604,818653003.0800,1.933600,5.062000,1,0,none,baostock,query_history_k_data_plus
,,,,,2025-04-03,23.9400,25.0800,23.8800,24.3300,24.2500,37269862,913265575.4500,0.329900,5.573100,1,0,none,baostock,query_history_k_data_plus
,,,,,2025-04-07,22.1100,23.2200,19.4600,19.9900,24.3300,75192998,1592115655.0200,-17.838100,11.244000,1,0,none,baostock,query_history_k_data_plus
,,,,,2025-04-08,20.8800,21.9700,20.5900,21.3300,19.9900,72603096,1546412975.5200,6.703400,10.856700,1,0,none,baostock,query_history_k_data_plus
,,,,,2025-04-09,21.4400,23.2600,20.3100,22.7600,21.3300,83049196,1827170395.3600,6.704200,12.418800,1,0,none,baostock,query_history_k_data_plus
,,,,,2025-04-10,23.5000,24.3000,22.9600,23.2200,22.7600,79675120,1884306366.8600,2.021100,11.914200,1,0,none,baostock,query_history_k_data_plus
,,,,,2025-04-11,22.9900,23.4500,22.7000,22.9500,23.2200,51720100,1190564361.0000,-1.162800,7.734000,1,0,none,baostock,query_history_k_data_plus
,,,,,2025-04-14,23.3900,23.7500,23.0100,23.1800,22.9500,43059246,1004451178.1000,1.002200,6.438900,1,0,none,baostock,query_history_k_data_plus
,,,,,2025-04-15,23.1900,23.2900,22.5100,22.7100,23.1800,29090515,662745009.4900,-2.027600,4.350100,1,0,none,baostock,query_history_k_data_plus
,,,,,2025-04-16,22.6300,22.7000,21.7900,22.3000,22.7100,28828915,640473911.6000,-1.805400,4.310900,1,0,none,baostock,query_history_k_data_plus
,,,,,2025-04-17,22.1100,22.5200,21.9200,21.9400,22.3000,26321792,584827484.1000,-1.614300,3.936000,1,0,none,baostock,query_history_k_data_plus
,,,,,2025-04-18,21.9400,22.4600,21.7300,22.1800,21.9400,31983735,706812986.4500,1.093900,4.782700,1,0,none,baostock,query_history_k_data_plus
,,,,,2025-04-21,21.9700,22.5800,21.8500,22.4400,22.1800,35568732,793336767.0400,1.172200,5.318800,1,0,none,baostock,query_history_k_data_plus
,,,,,2025-04-22,22.4800,22.6000,21.9200,21.9400,22.4400,32418491,719612697.2000,-2.228200,4.847700,1,0,none,baostock,query_history_k_data_plus
,,,,,2025-04-23,22.2000,23.0100,22.1000,22.1500,21.9400,44210542,992173015.9700,0.957200,6.611000,1,0,none,baostock,query_history_k_data_plus
,,,,,2025-04-24,21.9000,21.9900,20.8700,21.0200,22.1500,48312490,1028469392.9400,-5.101600,7.224400,1,0,none,baostock,query_history_k_data_plus
,,,,,2025-04-25,21.0700,21.3500,20.7000,20.9000,21.0200,38551360,810312756.9500,-0.570900,5.764800,1,0,none,baostock,query_history_k_data_plus
,,,,,2025-04-28,20.7300,21.0500,20.3100,20.3100,20.9000,27083895,554989023.5800,-2.823000,4.050000,1,0,none,baostock,query_history_k_data_plus
,,,,,2025-04-29,20.6200,20.8800,20.2700,20.7400,20.3100,26298053,544343073.0700,2.117200,3.932500,1,0,none,baostock,query_history_k_data_plus
,,,,,2025-04-30,20.8000,21.3500,20.6800,20.9200,20.7400,29043930,609352595.5300,0.867900,4.343100,1,0,none,baostock,query_history_k_data_plus
,,,,,2025-05-06,21.1600,22.5500,21.1600,22.4900,20.9200,59786076,1320574904.3300,7.504800,8.940100,1,0,none,baostock,query_history_k_data_plus
,,,,,2025-05-07,24.3500,24.8000,22.3300,22.6500,22.4900,94138251,2196657375.5200,0.711400,14.077000,1,0,none,baostock,query_history_k_data_plus
,,,,,2025-05-08,22.4500,23.1000,22.4400,22.6600,22.6500,44901450,1020311099.5000,0.044200,6.714300,1,0,none,baostock,query_history_k_data_plus
,,,,,2025-05-09,22.7000,22.8000,21.9400,22.0900,22.6600,33226541,736030484.2800,-2.515400,4.968500,1,0,none,baostock,query_history_k_data_plus
,,,,,2025-05-12,22.7300,24.9800,22.1900,24.6700,22.0900,111049957,2639284623.5500,11.679500,16.605900,1,0,none,baostock,query_history_k_data_plus
,,,,,2025-05-13,24.4300,24.6500,23.6300,23.7500,24.6700,79525178,1909384493.7700,-3.729200,11.891800,1,0,none,baostock,query_history_k_data_plus
,,,,,2025-05-14,23.8200,27.2000,23.1800,25.8600,23.7500,137083740,3416259016.7300,8.884200,20.498800,1,0,none,baostock,query_history_k_data_plus
,,,,,2025-05-15,25.4000,26.0700,24.8200,24.9500,25.8600,85924593,2169074831.6900,-3.518900,12.848700,1,0,none,baostock,query_history_k_data_plus
,,,,,2025-05-16,24.9500,24.9600,24.1200,24.1900,24.9500,54500232,1329542496.2700,-3.046100,8.149700,1,0,none,baostock,query_history_k_data_plus
,,,,,2025-05-19,23.9200,24.4000,23.7700,24.1900,24.1900,44444525,1073845963.3000,0.000000,6.646000,1,0,none,baostock,query_history_k_data_plus
,,,,,2025-05-20,24.1800,24.8800,23.9600,24.3500,24.1900,52764325,1287160942.3000,0.661400,7.890100,1,0,none,baostock,query_history_k_data_plus
,,,,,2025-05-21,24.3400,24.8900,23.8400,24.1000,24.3500,47547100,1158772705.5900,-1.026700,7.110000,1,0,none,baostock,query_history_k_data_plus
,,,,,2025-05-22,23.7800,24.1200,23.4800,23.5100,24.1000,33229896,787818581.7400,-2.448100,4.969000,1,0,none,baostock,query_history_k_data_plus
,,,,,2025-05-23,23.4000,23.6400,22.6700,22.6800,23.5100,40498137,937525832.0000,-3.530400,6.055900,1,0,none,baostock,query_history_k_data_plus
,,,,,2025-05-26,22.5000,23.1200,22.4100,23.0400,22.6800,32957456,749562712.8000,1.587300,4.928300,1,0,none,baostock,query_history_k_data_plus
,,,,,2025-05-27,22.8500,23.3000,22.7400,22.8200,23.0400,25092856,575481222.1600,-0.954900,3.752300,1,0,none,baostock,query_history_k_data_plus
,,,,,2025-05-28,22.8000,23.0000,22.4100,22.5000,22.8200,25429250,575584562.0000,-1.402300,3.802600,1,0,none,baostock,query_history_k_data_plus
,,,,,2025-05-29,22.5000,23.8800,22.3400,23.4800,22.5000,58686206,1365683385.4800,4.355600,8.775600,1,0,none,baostock,query_history_k_data_plus
,,,,,2025-05-30,23.2000,23.3800,22.7500,22.9500,23.4800,37290250,857468774.7500,-2.257200,5.576200,1,0,none,baostock,query_history_k_data_plus
,,,,,2025-06-03,23.0000,23.5200,22.7300,22.8100,22.9500,38447864,887103671.7800,-0.610000,5.749300,1,0,none,baostock,query_history_k_data_plus
,,,,,2025-06-04,22.7000,23.4800,22.5700,23.1000,22.8100,40453464,935514801.6200,1.271400,6.049200,1,0,none,baostock,query_history_k_data_plus
,,,,,2025-06-05,23.2800,23.7800,22.9300,23.5100,23.1000,49750384,1159382813.3500,1.774900,7.439400,1,0,none,baostock,query_history_k_data_plus
,,,,,2025-06-06,23.3200,23.8400,23.0500,23.0900,23.5100,32308050,751622217.3300,-1.786500,4.831200,1,0,none,baostock,query_history_k_data_plus
,,,,,2025-06-09,23.3600,24.2600,23.2300,23.7800,23.0900,59109057,1413305511.2500,2.988300,8.838900,1,0,none,baostock,query_history_k_data_plus
,,,,,2025-06-10,23.7900,23.7900,22.8200,23.1100,23.7800,45917700,1068750498.0000,-2.817500,6.866300,1,0,none,baostock,query_history_k_data_plus
,,,,,2025-06-11,23.2700,25.3800,23.0100,24.1100,23.1100,100004879,2457358901.7700,4.327100,14.954200,1,0,none,baostock,query_history_k_data_plus
,,,,,2025-06-12,23.5100,25.0000,23.5100,24.7000,24.1100,92205777,2254583557.7500,2.447100,13.788000,1,0,none,baostock,query_history_k_data_plus
,,,,,2025-06-13,24.2100,24.9000,24.0000,24.2100,24.7000,72120238,1758791972.5400,-1.983800,10.784500,1,0,none,baostock,query_history_k_data_plus
,,,,,2025-06-16,24.1800,25.3500,24.1800,25.1800,24.2100,84676326,2102476050.1600,4.006600,12.662100,1,0,none,baostock,query_history_k_data_plus
,,,,,2025-06-17,25.0700,25.5000,24.7000,24.9200,25.1800,73497078,1836556697.1100,-1.032600,10.990400,1,0,none,baostock,query_history_k_data_plus
,,,,,2025-06-18,24.7600,24.7700,23.8800,23.8800,24.9200,56982173,1376877003.5900,-4.173400,8.520800,1,0,none,baostock,query_history_k_data_plus
,,,,,2025-06-19,23.9100,24.0600,22.8000,22.9200,23.8800,47860909,1117351365.8000,-4.020100,7.156900,1,0,none,baostock,query_history_k_data_plus
,,,,,2025-06-20,22.9200,23.1400,22.3700,22.6500,22.9200,33857265,769978229.5500,-1.178000,5.062800,1,0,none,baostock,query_history_k_data_plus
,,,,,2025-06-23,22.9700,23.6900,22.6500,23.5400,22.6500,42299467,983778374.0500,3.929400,6.325300,1,0,none,baostock,query_history_k_data_plus
,,,,,2025-06-24,23.5900,25.1000,23.3500,24.6300,23.5400,78287418,1918896811.1400,4.630400,11.706700,1,0,none,baostock,query_history_k_data_plus
,,,,,2025-06-25,24.5600,28.2000,24.3000,27.1400,24.6300,164732689,4334200965.9300,10.190800,24.633300,1,0,none,baostock,query_history_k_data_plus
,,,,,2025-06-26,26.7700,27.4800,26.3000,26.7000,27.1400,124250062,3330742505.1500,-1.621200,18.579700,1,0,none,baostock,query_history_k_data_plus
,,,,,2025-06-27,26.7100,27.6300,26.1300,26.2300,26.7000,103977117,2789374040.8500,-1.760300,15.548200,1,0,none,baostock,query_history_k_data_plus
,,,,,2025-06-30,26.0200,26.3900,25.7700,25.9500,26.2300,63027191,1636207179.1800,-1.067500,9.424800,1,0,none,baostock,query_history_k_data_plus
,,,,,2025-07-01,26.1100,26.3100,25.3900,25.5400,25.9500,55857940,1439935353.1100,-1.580000,8.352700,1,0,none,baostock,query_history_k_data_plus
,,,,,2025-07-02,25.4200,25.6000,24.8400,25.1700,25.5400,38902037,979516611.3300,-1.448700,5.817200,1,0,none,baostock,query_history_k_data_plus
,,,,,2025-07-03,25.2100,25.5500,25.0400,25.3400,25.1700,45376700,1147351639.8100,0.675400,6.785400,1,0,none,baostock,query_history_k_data_plus
,,,,,2025-07-04,25.2400,25.9800,24.9000,24.9500,25.3400,64571662,1641149202.1800,-1.539100,9.655700,1,0,none,baostock,query_history_k_data_plus
,,,,,2025-07-07,24.9500,25.4500,24.8100,25.1800,24.9500,35636955,898771477.8100,0.921800,5.329000,1,0,none,baostock,query_history_k_data_plus
,,,,,2025-07-08,25.0400,25.8600,25.0200,25.6900,25.1800,49416991,1264214613.9900,2.025400,7.389600,1,0,none,baostock,query_history_k_data_plus
,,,,,2025-07-09,25.7700,25.8500,25.1200,25.2000,25.6900,42332879,1076960997.7000,-1.907400,6.330200,1,0,none,baostock,query_history_k_data_plus
,,,,,2025-07-10,25.0800,25.6000,24.6000,25.1300,25.2000,42672164,1072008063.7800,-0.277800,6.381000,1,0,none,baostock,query_history_k_data_plus
,,,,,2025-07-11,25.1700,27.0000,24.9800,25.9900,25.1300,103639702,2706481232.3300,3.422200,15.497800,1,0,none,baostock,query_history_k_data_plus
,,,,,2025-07-14,25.7300,25.8900,25.0200,25.1200,25.9900,48499829,1224558800.9100,-3.347400,7.252400,1,0,none,baostock,query_history_k_data_plus
,,,,,2025-07-15,25.1300,25.3000,24.7000,24.8100,25.1200,33379212,832258556.8600,-1.234100,4.991400,1,0,none,baostock,query_history_k_data_plus
,,,,,2025-07-16,24.8200,25.0900,24.6500,24.8700,24.8100,24839275,616938502.5000,0.241800,3.714300,1,0,none,baostock,query_history_k_data_plus
,,,,,2025-07-17,25.2300,25.6400,25.2200,25.3500,24.8700,41242387,1047092306.8600,1.930000,6.167200,1,0,none,baostock,query_history_k_data_plus
,,,,,2025-07-18,25.1400,25.4300,24.9100,25.0000,25.3500,28513146,715428239.8700,-1.380700,4.263700,1,0,none,baostock,query_history_k_data_plus
,,,,,2025-07-21,25.0600,25.4300,25.0600,25.2300,25.0000,26231666,662056801.0900,0.920000,3.922600,1,0,none,baostock,query_history_k_data_plus
,,,,,2025-07-22,25.1600,26.0800,24.6500,25.4900,25.2300,57190474,1447797272.5500,1.030500,8.552000,1,0,none,baostock,query_history_k_data_plus
,,,,,2025-07-23,25.2000,26.0000,25.2000,25.2700,25.4900,56383319,1442327854.7700,-0.863100,8.431300,1,0,none,baostock,query_history_k_data_plus
,,,,,2025-07-24,25.1300,25.6800,25.0200,25.6000,25.2700,47897686,1217914407.9300,1.305900,7.162400,1,0,none,baostock,query_history_k_data_plus
,,,,,2025-07-25,25.6200,25.7900,25.0800,25.2000,25.6000,34727857,878117071.7100,-1.562500,5.193000,1,0,none,baostock,query_history_k_data_plus
,,,,,2025-07-28,25.5000,25.6700,25.2200,25.3900,25.2000,32051976,815693086.9000,0.754000,4.792900,1,0,none,baostock,query_history_k_data_plus
,,,,,2025-07-29,25.2500,25.4000,24.7000,25.3900,25.3900,37290292,933082497.8200,0.000000,5.576200,1,0,none,baostock,query_history_k_data_plus
,,,,,2025-07-30,25.3000,25.3000,24.6000,24.6700,25.3900,30465268,758126441.0200,-2.835800,4.555600,1,0,none,baostock,query_history_k_data_plus
,,,,,2025-07-31,24.6300,24.9300,24.1100,24.3600,24.6700,27524132,675854185.0000,-1.256600,4.115800,1,0,none,baostock,query_history_k_data_plus
,,,,,2025-08-01,24.4200,24.6000,24.0800,24.3700,24.3600,20865045,507724606.1300,0.041100,3.120100,1,0,none,baostock,query_history_k_data_plus
,,,,,2025-08-04,24.3400,24.3400,24.0800,24.3200,24.3700,15849961,383734403.4600,-0.205200,2.370100,1,0,none,baostock,query_history_k_data_plus
,,,,,2025-08-05,24.6700,24.8000,24.3500,24.6000,24.3200,21011315,516010701.4800,1.151300,3.141900,1,0,none,baostock,query_history_k_data_plus
,,,,,2025-08-06,24.5100,24.7600,24.4000,24.6500,24.6000,22155963,544757114.5000,0.203300,3.313100,1,0,none,baostock,query_history_k_data_plus
,,,,,2025-08-07,24.6500,24.8500,24.3500,24.4900,24.6500,25772412,633341128.9000,-0.649100,3.853900,1,0,none,baostock,query_history_k_data_plus
,,,,,2025-08-08,24.4900,24.4900,23.8500,23.8500,24.4900,25526830,615099905.9300,-2.613300,3.817200,1,0,none,baostock,query_history_k_data_plus
,,,,,2025-08-11,23.8000,24.7700,23.7800,24.5900,23.8500,36857344,903814445.4900,3.102700,5.511500,1,0,none,baostock,query_history_k_data_plus
,,,,,2025-08-12,24.5000,24.9800,24.4500,24.8900,24.5900,36691609,909595842.9200,1.220000,5.486700,1,0,none,baostock,query_history_k_data_plus
,,,,,2025-08-13,25.1000,25.4200,24.5300,24.7900,24.8900,54450782,1357287760.7200,-0.401800,8.142300,1,0,none,baostock,query_history_k_data_plus
,,,,,2025-08-14,24.7100,25.1000,24.2100,24.2200,24.7900,42891587,1058050159.6700,-2.299300,6.413800,1,0,none,baostock,query_history_k_data_plus
,,,,,2025-08-15,24.1300,26.6300,24.0500,25.5100,24.2200,113540187,2898505828.4200,5.326200,16.978200,1,0,none,baostock,query_history_k_data_plus
,,,,,2025-08-18,25.6600,27.8800,25.2600,26.7800,25.5100,130774625,3474939852.3800,4.978400,19.555400,1,0,none,baostock,query_history_k_data_plus
,,,,,2025-08-19,26.4100,26.7800,25.8900,25.9600,26.7800,78272263,2056778802.0900,-3.062000,11.704400,1,0,none,baostock,query_history_k_data_plus
,,,,,2025-08-20,25.5800,25.9600,24.8800,25.6600,25.9600,54616972,1387452300.1800,-1.155600,8.254200,1,0,none,baostock,query_history_k_data_plus
,,,,,2025-08-21,25.5700,26.2600,25.0200,25.2400,25.6600,77766345,1990908962.1800,-1.636800,11.752700,1,0,none,baostock,query_history_k_data_plus
,,,,,2025-08-22,25.0100,25.9300,24.9100,25.6300,25.2400,74866232,1908188542.2100,1.545200,11.314400,1,0,none,baostock,query_history_k_data_plus
,,,,,2025-08-25,25.9100,27.7800,25.7500,26.8200,25.6300,125526679,3351948328.5900,4.643000,18.970700,1,0,none,baostock,query_history_k_data_plus
,,,,,2025-08-26,26.3800,27.4500,26.2100,26.8400,26.8200,84096963,2254087782.7900,0.074600,12.709500,1,0,none,baostock,query_history_k_data_plus
,,,,,2025-08-27,26.7900,27.1500,25.5100,25.6000,26.8400,77577904,2051873755.9500,-4.620000,11.724300,1,0,none,baostock,query_history_k_data_plus
,,,,,2025-08-28,25.6500,26.6900,24.9900,26.5800,25.6000,94932497,2439570133.4100,3.828100,14.347000,1,0,none,baostock,query_history_k_data_plus
,,,,,2025-08-29,26.5800,27.0000,25.7300,25.9800,26.5800,77906314,2048205558.9800,-2.257300,11.773900,1,0,none,baostock,query_history_k_data_plus
,,,,,2025-09-01,25.9000,26.1800,25.3200,25.6300,25.9800,50391993,1291700522.6400,-1.347200,7.615700,1,0,none,baostock,query_history_k_data_plus
,,,,,2025-09-02,25.6600,25.6600,24.1000,24.2600,25.6300,63005651,1547465532.3300,-5.345300,9.522000,1,0,none,baostock,query_history_k_data_plus
,,,,,2025-09-03,24.2000,24.3600,22.9000,23.2700,24.2600,44091879,1043961457.8200,-4.080800,6.663600,1,0,none,baostock,query_history_k_data_plus
,,,,,2025-09-04,23.2800,23.6600,22.7500,23.1300,23.2700,34559360,804105980.4600,-0.601600,5.222900,1,0,none,baostock,query_history_k_data_plus
,,,,,2025-09-05,23.1500,23.3500,22.8000,23.3000,23.1300,28026442,648874826.8700,0.735000,4.235600,1,0,none,baostock,query_history_k_data_plus
,,,,,2025-09-08,23.2000,23.4400,23.0200,23.1700,23.3000,20294537,470228756.1600,-0.557900,3.067100,1,0,none,baostock,query_history_k_data_plus
,,,,,2025-09-09,23.2100,23.5900,22.9600,23.2700,23.1700,24862826,579806765.4500,0.431600,3.757500,1,0,none,baostock,query_history_k_data_plus
,,,,,2025-09-10,23.1800,23.5300,23.1300,23.1900,23.2700,21049197,490714948.7600,-0.343800,3.181100,1,0,none,baostock,query_history_k_data_plus
,,,,,2025-09-11,23.1900,24.3000,22.9000,23.9600,23.1900,48517573,1149388535.5400,3.320400,7.332400,1,0,none,baostock,query_history_k_data_plus
,,,,,2025-09-12,23.8000,24.2900,23.5000,23.5400,23.9600,41145193,982912286.6300,-1.752900,6.218200,1,0,none,baostock,query_history_k_data_plus
,,,,,2025-09-15,23.5400,23.6800,23.1800,23.2100,23.5400,24306841,567178837.0300,-1.401900,3.673500,1,0,none,baostock,query_history_k_data_plus
,,,,,2025-09-16,23.2200,23.8300,23.1600,23.6700,23.2100,30848267,724297104.5000,1.981900,4.662100,1,0,none,baostock,query_history_k_data_plus
,,,,,2025-09-17,23.6600,25.2500,23.5100,24.7200,23.6700,74792047,1833149380.6300,4.436000,11.303200,1,0,none,baostock,query_history_k_data_plus
,,,,,2025-09-18,24.2100,24.4000,23.4100,23.5900,24.7200,58904691,1406119058.3400,-4.571200,8.902200,1,0,none,baostock,query_history_k_data_plus
,,,,,2025-09-19,23.5000,23.6900,23.0000,23.0400,23.5900,31009079,721216530.1100,-2.331500,4.686400,1,0,none,baostock,query_history_k_data_plus
,,,,,2025-09-22,23.1800,23.3800,23.0400,23.2900,23.0400,21687827,503451497.1300,1.085100,3.277700,1,0,none,baostock,query_history_k_data_plus
,,,,,2025-09-23,23.0900,23.1000,21.7700,22.2000,23.2900,39226265,874177913.0200,-4.680100,5.928200,1,0,none,baostock,query_history_k_data_plus
,,,,,2025-09-24,22.1000,22.5400,21.8000,22.2400,22.2000,27486401,608606271.0700,0.180200,4.154000,1,0,none,baostock,query_history_k_data_plus
,,,,,2025-09-25,22.1200,22.3200,21.8700,21.8800,22.2400,23846415,526390183.4700,-1.618700,3.603900,1,0,none,baostock,query_history_k_data_plus
,,,,,2025-09-26,21.8800,22.0500,21.1500,21.1700,21.8800,24306207,523677838.1000,-3.245000,3.673400,1,0,none,baostock,query_history_k_data_plus
,,,,,2025-09-29,21.1700,22.8700,20.8900,22.2900,21.1700,48672873,1076930335.4500,5.290500,7.355900,1,0,none,baostock,query_history_k_data_plus
,,,,,2025-09-30,22.2500,22.2900,21.7000,21.7400,22.2900,29685648,650806597.5100,-2.467500,4.486400,1,0,none,baostock,query_history_k_data_plus
,,,,,2025-10-09,21.7500,21.9300,21.3500,21.6000,21.7400,23165441,500930678.0600,-0.644000,3.501000,1,0,none,baostock,query_history_k_data_plus
,,,,,2025-10-10,21.5000,21.6100,21.1800,21.2100,21.6000,18590493,396728623.4000,-1.805600,2.809600,1,0,none,baostock,query_history_k_data_plus
,,,,,2025-10-13,20.0000,21.0300,19.5200,20.9200,21.2100,20307939,418291781.3600,-1.367300,3.069100,1,0,none,baostock,query_history_k_data_plus
,,,,,2025-10-14,21.0200,21.5500,20.4800,20.5600,20.9200,20014156,420709999.6100,-1.720800,3.024700,1,0,none,baostock,query_history_k_data_plus
,,,,,2025-10-15,20.7600,20.9300,20.5000,20.8000,20.5600,14780436,306456725.7500,1.167300,2.233700,1,0,none,baostock,query_history_k_data_plus
,,,,,2025-10-16,20.8100,20.9400,20.4100,20.4600,20.8000,13412284,276884737.4600,-1.634600,2.027000,1,0,none,baostock,query_history_k_data_plus
,,,,,2025-10-17,20.5000,20.7700,19.9300,19.9600,20.4600,15712387,318787235.0900,-2.443800,2.374600,1,0,none,baostock,query_history_k_data_plus
,,,,,2025-10-20,20.2300,20.4300,19.9600,20.1000,19.9600,11404838,229975713.3700,0.701400,1.723600,1,0,none,baostock,query_history_k_data_plus
,,,,,2025-10-21,20.1200,20.5400,20.0100,20.3300,20.1000,14818810,300820749.4600,1.144300,2.239500,1,0,none,baostock,query_history_k_data_plus
,,,,,2025-10-22,20.2500,20.4100,20.0800,20.1400,20.3300,11956828,242120429.2100,-0.934600,1.807000,1,0,none,baostock,query_history_k_data_plus
,,,,,2025-10-23,20.1400,20.3200,19.6800,20.2900,20.1400,15586622,310712253.4100,0.744800,2.355600,1,0,none,baostock,query_history_k_data_plus
,,,,,2025-10-24,20.3300,20.4800,20.2500,20.4000,20.2900,15370555,313006517.3300,0.542100,2.322900,1,0,none,baostock,query_history_k_data_plus
,,,,,2025-10-27,20.8400,20.8400,20.3400,20.4100,20.4000,18945197,388571759.3400,0.049000,2.863200,1,0,none,baostock,query_history_k_data_plus
,,,,,2025-10-28,20.3700,20.8000,20.1900,20.3300,20.4100,19388201,396367798.4000,-0.392000,2.930100,1,0,none,baostock,query_history_k_data_plus
,,,,,2025-10-29,20.3000,20.8900,20.1300,20.5800,20.3300,25791448,529129706.8400,1.229700,3.897800,1,0,none,baostock,query_history_k_data_plus
,,,,,2025-10-30,20.5300,20.5500,19.9000,19.9000,20.5800,24747931,497614207.3100,-3.304200,3.740100,1,0,none,baostock,query_history_k_data_plus
,,,,,2025-10-31,19.9000,20.5500,19.9000,20.3200,19.9000,22183941,449785431.5600,2.110600,3.352600,1,0,none,baostock,query_history_k_data_plus
,,,,,2025-11-03,19.9000,20.3900,19.6000,20.3800,20.3200,24137952,483379458.8400,0.295300,3.647900,1,0,none,baostock,query_history_k_data_plus
,,,,,2025-11-04,20.2600,20.4200,19.8100,19.9900,20.3800,17736976,355057849.9600,-1.913600,2.680600,1,0,none,baostock,query_history_k_data_plus
,,,,,2025-11-05,19.8700,20.0300,19.6300,19.7200,19.9900,15010359,297602899.1600,-1.350700,2.268500,1,0,none,baostock,query_history_k_data_plus
,,,,,2025-11-06,19.8100,19.8800,19.5800,19.6100,19.7200,16051596,315990523.8900,-0.557800,2.425900,1,0,none,baostock,query_history_k_data_plus
,,,,,2025-11-07,19.5200,19.5300,18.6600,18.7000,19.6100,34637436,655714317.7100,-4.640500,5.234700,1,0,none,baostock,query_history_k_data_plus
,,,,,2025-11-10,18.3100,18.5500,17.7700,18.0600,18.7000,37329022,677490963.5700,-3.422500,5.641500,1,0,none,baostock,query_history_k_data_plus
,,,,,2025-11-11,18.1900,18.2100,16.8400,16.9900,18.0600,50626060,876554454.8000,-5.924700,7.651100,1,0,none,baostock,query_history_k_data_plus
,,,,,2025-11-12,16.9300,17.1300,16.6400,17.0900,16.9900,28303209,477431306.9700,0.588600,4.277400,1,0,none,baostock,query_history_k_data_plus
,,,,,2025-11-13,17.1000,17.2400,16.9400,17.2000,17.0900,19127482,326592077.8700,0.643700,2.890700,1,0,none,baostock,query_history_k_data_plus
,,,,,2025-11-14,17.0800,17.9800,17.0200,17.1500,17.2000,36936991,646948161.8300,-0.290700,5.582200,1,0,none,baostock,query_history_k_data_plus
,,,,,2025-11-17,17.2800,18.4800,17.2000,18.1900,17.1500,69501750,1257577891.6300,6.064100,10.503700,1,0,none,baostock,query_history_k_data_plus
,,,,,2025-11-18,18.1700,18.1700,17.6600,17.8000,18.1900,35186501,627405094.3200,-2.144000,5.317700,1,0,none,baostock,query_history_k_data_plus
,,,,,2025-11-19,17.8000,17.8300,17.2200,17.3500,17.8000,23712420,412404453.0400,-2.528100,3.583600,1,0,none,baostock,query_history_k_data_plus
,,,,,2025-11-20,17.6700,17.8600,17.0200,17.0200,17.3500,21271418,367041127.5200,-1.902000,3.214700,1,0,none,baostock,query_history_k_data_plus
,,,,,2025-11-21,16.8500,17.2400,16.3500,16.3500,17.0200,23705465,395081154.5800,-3.936500,3.582600,1,0,none,baostock,query_history_k_data_plus
,,,,,2025-11-24,16.5000,17.1600,16.2900,17.0000,16.3500,27203017,455822432.6800,3.975500,4.111200,1,0,none,baostock,query_history_k_data_plus
,,,,,2025-11-25,16.9800,17.3100,16.8900,17.1200,17.0000,20570765,352927238.1200,0.705900,2.977000,1,0,none,baostock,query_history_k_data_plus
,,,,,2025-11-26,17.0500,17.1800,16.7000,16.7300,17.1200,17266877,291612554.8200,-2.278000,2.498800,1,0,none,baostock,query_history_k_data_plus
,,,,,2025-11-27,16.6800,16.9400,16.6000,16.6100,16.7300,15706201,263296638.0900,-0.717300,2.273000,1,0,none,baostock,query_history_k_data_plus
,,,,,2025-11-28,16.6100,16.7700,16.4700,16.7500,16.6100,13755502,228770868.0800,0.842900,1.990700,1,0,none,baostock,query_history_k_data_plus
,,,,,2025-12-01,16.7000,16.8800,16.6300,16.8000,16.7500,13836230,231872653.9100,0.298500,2.002400,1,0,none,baostock,query_history_k_data_plus
,,,,,2025-12-02,16.8000,16.8100,16.4000,16.4300,16.8000,13683613,225516829.2800,-2.202400,1.980300,1,0,none,baostock,query_history_k_data_plus
,,,,,2025-12-03,16.4300,16.5000,15.7300,15.8100,16.4300,23758081,379239403.4400,-3.773600,3.438200,1,0,none,baostock,query_history_k_data_plus
,,,,,2025-12-04,15.8200,15.9200,15.5100,15.7000,15.8100,13348558,209258795.7600,-0.695800,1.931800,1,0,none,baostock,query_history_k_data_plus
,,,,,2025-12-05,15.7000,18.8400,15.5600,18.8400,15.7000,94999097,1715426609.5800,20.000000,13.748200,1,0,none,baostock,query_history_k_data_plus
,,,,,2025-12-08,19.8000,22.3500,19.5100,21.3000,18.8400,195000242,4108352855.6100,13.057300,28.220200,1,0,none,baostock,query_history_k_data_plus
,,,,,2025-12-09,20.8000,21.1800,20.1800,20.4900,21.3000,118498489,2435941348.8300,-3.802800,17.149000,1,0,none,baostock,query_history_k_data_plus
,,,,,2025-12-10,20.6700,21.9100,20.2200,21.4900,20.4900,139581007,2966138891.8100,4.880400,20.200000,1,0,none,baostock,query_history_k_data_plus
,,,,,2025-12-11,21.1100,21.7800,20.7100,20.7500,21.4900,85895177,1805206408.3400,-3.443500,12.430700,1,0,none,baostock,query_history_k_data_plus
,,,,,2025-12-12,20.8000,22.6300,20.3700,21.8200,20.7500,135860971,2945848284.0600,5.156600,19.661700,1,0,none,baostock,query_history_k_data_plus
,,,,,2025-12-15,21.4000,22.7400,21.0200,21.7600,21.8200,112803030,2487646177.3100,-0.275000,16.324700,1,0,none,baostock,query_history_k_data_plus
,,,,,2025-12-16,21.6200,24.4900,21.3700,23.2200,21.7600,185498380,4274812929.9600,6.709600,26.845100,1,0,none,baostock,query_history_k_data_plus
,,,,,2025-12-17,22.3000,24.0000,21.1300,22.5300,23.2200,161794275,3592848261.6600,-2.971600,23.414700,1,0,none,baostock,query_history_k_data_plus
,,,,,2025-12-18,22.0200,22.8800,21.0500,21.1000,22.5300,105909150,2278134015.9300,-6.347100,15.327100,1,0,none,baostock,query_history_k_data_plus
,,,,,2025-12-19,21.0000,23.3000,20.4800,22.4500,21.1000,152195374,3397545471.7200,6.398100,22.025600,1,0,none,baostock,query_history_k_data_plus
,,,,,2025-12-22,22.4500,23.1400,22.0100,22.5400,22.4500,102532241,2316659452.6800,0.400900,14.838400,1,0,none,baostock,query_history_k_data_plus
,,,,,2025-12-23,22.3800,23.0000,21.7500,21.9600,22.5400,87626749,1946463513.6200,-2.573200,12.681300,1,0,none,baostock,query_history_k_data_plus
,,,,,2025-12-24,21.8000,23.5300,21.6300,23.2200,21.9600,127694801,2925598380.4700,5.737700,18.479900,1,0,none,baostock,query_history_k_data_plus
,,,,,2025-12-25,23.3100,24.2000,23.0000,23.7400,23.2200,127314909,3014163780.6400,2.239400,18.424900,1,0,none,baostock,query_history_k_data_plus
,,,,,2025-12-26,23.5000,25.6200,23.2700,23.7000,23.7400,170125927,4167452605.0500,-0.168500,24.620500,1,0,none,baostock,query_history_k_data_plus
,,,,,2025-12-29,23.4900,24.5000,23.4100,23.7400,23.7000,117375879,2800954692.6900,0.168800,16.986500,1,0,none,baostock,query_history_k_data_plus
,,,,,2025-12-30,23.7100,24.3000,23.0200,23.3100,23.7400,110756303,2608911511.4700,-1.811300,16.028500,1,0,none,baostock,query_history_k_data_plus
,,,,,2025-12-31,23.1500,23.9500,22.5500,22.5500,23.3100,91452862,2117757289.6100,-3.260400,13.235000,1,0,none,baostock,query_history_k_data_plus
,,,,,2026-01-05,22.5200,22.9500,22.2000,22.7800,22.5500,90745085,2046641710.8500,1.020000,13.132500,1,0,none,baostock,query_history_k_data_plus
,,,,,2026-01-06,22.4800,24.0000,22.4500,23.7600,22.7800,135229152,3173093568.8300,4.302000,19.570200,1,0,none,baostock,query_history_k_data_plus
,,,,,2026-01-07,23.1900,23.2800,21.9200,21.9900,23.7600,117200551,2632374126.8200,-7.449500,16.961100,1,0,none,baostock,query_history_k_data_plus
,,,,,2026-01-08,21.5400,21.9800,21.4400,21.8100,21.9900,68810217,1493134221.9000,-0.818600,9.958100,1,0,none,baostock,query_history_k_data_plus
,,,,,2026-01-09,21.8500,23.0000,21.8000,22.3600,21.8100,82672010,1855346761.6900,2.521800,11.964200,1,0,none,baostock,query_history_k_data_plus
,,,,,2026-01-12,22.5000,25.2600,22.5000,24.8100,22.3600,161898144,3859476912.8900,10.957100,23.429700,1,0,none,baostock,query_history_k_data_plus
,,,,,2026-01-13,25.2500,25.2700,23.6000,23.7700,24.8100,115318786,2817031120.2000,-4.191900,16.688800,1,0,none,baostock,query_history_k_data_plus
,,,,,2026-01-14,23.9200,26.9600,23.9200,24.8600,23.7700,182409256,4628097375.7500,4.585600,26.398100,1,0,none,baostock,query_history_k_data_plus
,,,,,2026-01-15,24.5600,24.8600,22.7100,23.0800,24.8600,114188541,2673495014.7200,-7.160100,16.525200,1,0,none,baostock,query_history_k_data_plus
,,,,,2026-01-16,23.4900,24.5000,22.4300,22.4500,23.0800,79761888,1852477817.3000,-2.729600,11.543100,1,0,none,baostock,query_history_k_data_plus
,,,,,2026-01-19,22.2100,22.7900,21.8000,22.6500,22.4500,55698839,1244637291.1400,0.890900,8.060700,1,0,none,baostock,query_history_k_data_plus
,,,,,2026-01-20,22.5300,22.6500,21.2100,21.5200,22.6500,63420168,1379133612.2300,-4.989000,9.178100,1,0,none,baostock,query_history_k_data_plus
,,,,,2026-01-21,21.4800,21.7700,21.1300,21.2000,21.5200,37860924,810673296.6800,-1.487000,5.479200,1,0,none,baostock,query_history_k_data_plus
,,,,,2026-01-22,21.4400,21.5700,21.0900,21.2200,21.2000,31835098,678032699.2900,0.094300,4.607100,1,0,none,baostock,query_history_k_data_plus
,,,,,2026-01-23,21.2000,21.9700,21.1300,21.6500,21.2200,45767733,991348498.3300,2.026400,6.623500,1,0,none,baostock,query_history_k_data_plus
,,,,,2026-01-26,21.4800,21.7700,20.6300,20.8700,21.6500,49354513,1040207200.4400,-3.602800,7.142500,1,0,none,baostock,query_history_k_data_plus
,,,,,2026-01-27,20.7100,20.8200,19.9800,20.6800,20.8700,37225974,758774635.2300,-0.910400,5.387300,1,0,none,baostock,query_history_k_data_plus
,,,,,2026-01-28,20.5000,21.1700,20.5000,20.6600,20.6800,31537244,657344889.8100,-0.096700,4.564000,1,0,none,baostock,query_history_k_data_plus
,,,,,2026-01-29,20.5000,21.7900,19.8900,21.4500,20.6600,68828905,1451509176.6500,3.823800,9.960800,1,0,none,baostock,query_history_k_data_plus
,,,,,2026-01-30,21.1000,21.4200,20.3800,20.9100,21.4500,49726216,1030122926.9000,-2.517500,7.196300,1,0,none,baostock,query_history_k_data_plus
,,,,,2026-02-02,20.9000,22.1400,20.7200,21.4600,20.9100,59300636,1277920142.1300,2.630300,8.581900,1,0,none,baostock,query_history_k_data_plus
,,,,,2026-02-03,21.5800,22.3900,21.3000,22.1300,21.4600,66029580,1445505260.1700,3.122100,9.555700,1,0,none,baostock,query_history_k_data_plus
,,,,,2026-02-04,21.7100,23.4500,21.5500,22.8400,22.1300,83941388,1885631263.8000,3.208300,12.147900,1,0,none,baostock,query_history_k_data_plus
,,,,,2026-02-05,22.3000,24.5000,22.2700,23.4200,22.8400,111011996,2600202022.0000,2.539400,16.065500,1,0,none,baostock,query_history_k_data_plus
,,,,,2026-02-06,23.1000,23.7200,22.3100,22.4800,23.4200,83311184,1916096673.1800,-4.013700,12.056700,1,0,none,baostock,query_history_k_data_plus
,,,,,2026-02-09,22.4900,22.9200,22.2500,22.5700,22.4800,62306331,1404617111.8300,0.400400,9.016900,1,0,none,baostock,query_history_k_data_plus
,,,,,2026-02-10,22.3200,22.5700,22.0000,22.1600,22.5700,47211218,1049920795.7200,-1.816600,6.832400,1,0,none,baostock,query_history_k_data_plus
,,,,,2026-02-11,22.1600,22.9600,21.8100,22.2300,22.1600,58986377,1322028447.5600,0.315900,8.536400,1,0,none,baostock,query_history_k_data_plus
,,,,,2026-02-12,22.0100,22.3200,21.8300,21.8300,22.2300,40477890,891402114.1200,-1.799400,5.857900,1,0,none,baostock,query_history_k_data_plus
,,,,,2026-02-13,22.2100,22.3600,21.3800,21.4100,21.8300,38401230,840464799.7500,-1.924000,5.557400,1,0,none,baostock,query_history_k_data_plus
,,,,,2026-02-24,21.5900,21.8400,21.4000,21.6800,21.4100,29431147,636843853.1700,1.261100,4.259200,1,0,none,baostock,query_history_k_data_plus
,,,,,2026-02-25,21.6800,22.8100,21.5100,22.4200,21.6800,55168881,1233454336.1200,3.413300,7.984000,1,0,none,baostock,query_history_k_data_plus
,,,,,2026-02-26,22.4500,22.7200,21.9900,22.1800,22.4200,39415877,877203666.6100,-1.070500,5.704200,1,0,none,baostock,query_history_k_data_plus
,,,,,2026-02-27,22.1000,22.8300,22.0300,22.6000,22.1800,46842205,1054843199.9500,1.893600,6.779000,1,0,none,baostock,query_history_k_data_plus
,,,,,2026-03-02,21.7500,22.1500,20.9900,21.4300,22.6000,56073892,1205214960.3800,-5.177000,8.115000,1,0,none,baostock,query_history_k_data_plus
,,,,,2026-03-03,21.4500,21.7200,19.7200,19.8700,21.4300,57269938,1179766382.5600,-7.279500,8.288000,1,0,none,baostock,query_history_k_data_plus
,,,,,2026-03-04,19.5000,20.2600,19.4200,19.8800,19.8700,29304819,584414000.3800,0.050300,4.241000,1,0,none,baostock,query_history_k_data_plus
,,,,,2026-03-05,20.4400,20.5500,19.7500,19.9700,19.8800,29478137,592620257.1700,0.452700,4.266000,1,0,none,baostock,query_history_k_data_plus
,,,,,2026-03-06,19.8000,20.9700,19.7300,20.6000,19.9700,38003619,778175896.5900,3.154700,5.499800,1,0,none,baostock,query_history_k_data_plus
,,,,,2026-03-09,19.9000,20.4900,19.7200,20.4500,20.6000,36328281,729340978.2700,-0.728200,5.257400,1,0,none,baostock,query_history_k_data_plus
,,,,,2026-03-10,20.6000,20.9800,20.1000,20.4500,20.4500,35035123,718030983.9400,0.000000,5.070200,1,0,none,baostock,query_history_k_data_plus
,,,,,2026-03-11,20.3300,20.6200,20.1100,20.1400,20.4500,27548631,559400773.6200,-1.515900,3.986800,1,0,none,baostock,query_history_k_data_plus
,,,,,2026-03-12,20.0000,20.4800,19.9400,20.1000,20.1400,26333946,532269663.7900,-0.198600,3.811000,1,0,none,baostock,query_history_k_data_plus
,,,,,2026-03-13,19.9300,19.9500,19.3000,19.3000,20.1000,32140242,629591219.3600,-3.980100,4.651300,1,0,none,baostock,query_history_k_data_plus
,,,,,2026-03-16,19.4100,19.9500,19.3000,19.9000,19.3000,28875341,569704386.7300,3.108800,4.178800,1,0,none,baostock,query_history_k_data_plus
,,,,,2026-03-17,19.9800,20.6700,19.8400,20.0000,19.9000,45532970,924117037.1600,0.502500,6.589500,1,0,none,baostock,query_history_k_data_plus
,,,,,2026-03-18,19.9900,20.0900,19.6300,19.9900,20.0000,27342192,543538286.3300,-0.050000,3.956900,1,0,none,baostock,query_history_k_data_plus
,,,,,2026-03-19,19.6500,20.3800,19.5800,19.8300,19.9900,32157492,643639045.4100,-0.800400,4.653800,1,0,none,baostock,query_history_k_data_plus
,,,,,2026-03-20,19.9100,20.1200,18.9300,18.9500,19.8300,35148035,680814599.8500,-4.437700,5.086600,1,0,none,baostock,query_history_k_data_plus
,,,,,2026-03-23,18.3800,20.2300,18.3500,19.4000,18.9500,57604801,1118990762.6700,2.374700,8.336500,1,0,none,baostock,query_history_k_data_plus
,,,,,2026-03-24,19.2900,19.4600,18.5200,19.1500,19.4000,44115837,834375780.3300,-1.288700,6.384400,1,0,none,baostock,query_history_k_data_plus
,,,,,2026-03-25,18.9100,19.3100,18.7100,18.8300,19.1500,35502693,674103923.7900,-1.671000,5.137900,1,0,none,baostock,query_history_k_data_plus
,,,,,2026-03-26,18.8000,18.8000,18.0000,18.0800,18.8300,31749915,580279441.6200,-3.983000,4.594800,1,0,none,baostock,query_history_k_data_plus
,,,,,2026-03-27,17.9000,18.5500,17.8500,18.4100,18.0800,25736186,471136489.8100,1.825200,3.724500,1,0,none,baostock,query_history_k_data_plus
,,,,,2026-03-30,18.0900,18.2800,17.8100,18.1500,18.4100,19572076,354080078.7700,-1.412300,2.832500,1,0,none,baostock,query_history_k_data_plus
,,,,,2026-03-31,18.2000,18.7800,17.7300,17.7700,18.1500,24752726,449955808.5800,-2.093700,3.582200,1,0,none,baostock,query_history_k_data_plus
,,,,,2026-04-01,18.1700,18.2900,18.0100,18.1100,17.7700,20352251,369398809.9100,1.913300,2.945400,1,0,none,baostock,query_history_k_data_plus
,,,,,2026-04-02,18.0000,18.0000,17.4000,17.5000,18.1100,22323578,393747738.6900,-3.368300,3.230600,1,0,none,baostock,query_history_k_data_plus
,,,,,2026-04-03,17.7200,17.8000,17.0000,17.0000,17.5000,18368429,316417159.6800,-2.857100,2.658300,1,0,none,baostock,query_history_k_data_plus
,,,,,2026-04-07,17.0400,17.3900,17.0400,17.3000,17.0000,16978086,293190713.0000,1.764700,2.457100,1,0,none,baostock,query_history_k_data_plus
,,,,,2026-04-08,17.8200,18.8000,17.7000,18.5500,17.3000,43824410,804730901.6200,7.225400,6.342200,1,0,none,baostock,query_history_k_data_plus
,,,,,2026-04-09,18.0500,18.1500,17.7700,17.8100,18.5500,25548068,458386072.6900,-3.989200,3.697300,1,0,none,baostock,query_history_k_data_plus
,,,,,2026-04-10,18.0900,19.0000,17.9900,18.2800,17.8100,49160185,911840447.4000,2.639000,7.114400,1,0,none,baostock,query_history_k_data_plus
,,,,,2026-04-13,18.0400,18.4500,17.9500,18.1600,18.2800,26804836,487067529.6300,-0.656500,3.879200,1,0,none,baostock,query_history_k_data_plus
,,,,,2026-04-14,18.3800,18.5200,18.0200,18.4600,18.1600,29290524,534744760.6500,1.652000,4.238900,1,0,none,baostock,query_history_k_data_plus
,,,,,2026-04-15,18.6000,18.7000,17.9600,17.9800,18.4600,22022612,401615660.1800,-2.600200,3.187100,1,0,none,baostock,query_history_k_data_plus
,,,,,2026-04-16,18.0300,18.4500,17.9600,18.4300,17.9800,25952326,475025032.0900,2.502800,3.755800,1,0,none,baostock,query_history_k_data_plus
,,,,,2026-04-17,17.9600,18.2000,17.6800,18.0400,18.4300,33231505,595729795.5800,-2.116100,4.809200,1,0,none,baostock,query_history_k_data_plus
,,,,,2026-04-20,18.0800,18.4500,18.0400,18.2500,18.0400,25205671,460902872.3900,1.164100,3.647700,1,0,none,baostock,query_history_k_data_plus
,,,,,2026-04-21,18.0500,18.0500,17.2000,17.5200,18.2500,37307301,651870056.3400,-4.000000,5.399600,1,0,none,baostock,query_history_k_data_plus
,,,,,2026-04-22,17.4400,17.7700,17.0600,17.6300,17.5200,26044239,454902864.4100,0.627900,3.769500,1,0,none,baostock,query_history_k_data_plus
,,,,,2026-04-23,17.4800,17.6900,17.0300,17.1100,17.6300,24137145,416214318.4100,-2.949500,3.493500,1,0,none,baostock,query_history_k_data_plus
,,,,,2026-04-24,17.0400,17.0800,16.5400,16.6200,17.1100,21145132,352809026.0300,-2.863800,3.060400,1,0,none,baostock,query_history_k_data_plus
,,,,,2026-04-27,16.6500,17.0000,16.5000,16.8500,16.6200,16073919,270124916.3300,1.383900,2.326400,1,0,none,baostock,query_history_k_data_plus
,,,,,2026-04-28,16.8000,16.9400,16.4200,16.5100,16.8500,17722645,295007973.7100,-2.017800,2.565100,1,0,none,baostock,query_history_k_data_plus
,,,,,2026-04-29,16.4000,16.8900,16.3500,16.7600,16.5100,17758020,296486707.4500,1.514200,2.570200,1,0,none,baostock,query_history_k_data_plus
,,,,,2026-04-30,16.7000,17.6200,16.6500,16.9900,16.7600,28478316,488047636.9800,1.372300,4.121800,1,0,none,baostock,query_history_k_data_plus
,,,,,2026-05-06,17.1500,17.8900,17.0100,17.5900,16.9900,38640483,679930393.5600,3.531500,5.592600,1,0,none,baostock,query_history_k_data_plus
,,,,,2026-05-07,17.6500,18.0400,17.4700,17.8600,17.5900,31618035,560020033.2900,1.535000,4.576200,1,0,none,baostock,query_history_k_data_plus
,,,,,2026-05-08,17.7000,18.0000,17.4600,17.8000,17.8600,23985122,427113959.4800,-0.335900,3.471500,1,0,none,baostock,query_history_k_data_plus
,,,,,2026-05-11,17.8000,18.3200,17.7600,18.1600,17.8000,38298272,692708661.1000,2.022500,5.543100,1,0,none,baostock,query_history_k_data_plus
,,,,,2026-05-12,18.0500,18.2500,17.7300,17.8000,18.1600,25486350,457006076.9100,-1.982400,3.688700,1,0,none,baostock,query_history_k_data_plus
,,,,,2026-05-13,17.7100,17.9100,17.5400,17.7800,17.8000,21506244,380880386.1000,-0.112400,3.112700,1,0,none,baostock,query_history_k_data_plus
,,,,,2026-05-14,17.8200,17.9600,17.0100,17.0200,17.7800,23684845,411009812.9400,-4.274500,3.428000,1,0,none,baostock,query_history_k_data_plus
,,,,,2026-05-15,17.2000,17.3900,16.6100,16.7200,17.0200,21993579,372251702.6400,-1.762600,3.183200,1,0,none,baostock,query_history_k_data_plus
,,,,,2026-05-18,16.6200,17.1600,16.6000,16.9200,16.7200,18572384,314065240.2600,1.196200,2.688100,1,0,none,baostock,query_history_k_data_plus
,,,,,2026-05-19,16.8000,17.1400,16.6600,17.0700,16.9200,20043429,338939352.4600,0.886500,2.901000,1,0,none,baostock,query_history_k_data_plus
,,,,,2026-05-20,16.9000,17.3900,16.7400,16.7600,17.0700,18914827,319801301.7600,-1.816100,2.737600,1,0,none,baostock,query_history_k_data_plus
,,,,,2026-05-21,17.0200,17.6500,16.2000,16.3000,16.7600,45376973,774405095.3700,-2.744600,6.567600,1,0,none,baostock,query_history_k_data_plus
,,,,,2026-05-22,16.0300,16.3800,15.8000,16.0900,16.3000,25669969,410858535.6800,-1.288300,3.715300,1,0,none,baostock,query_history_k_data_plus
,,,,,2026-05-25,15.5300,16.1800,14.6700,14.9100,16.0900,53349909,808380428.9100,-7.333700,7.721600,1,0,none,baostock,query_history_k_data_plus
,,,,,2026-05-26,14.6800,15.0800,14.4200,14.8100,14.9100,27924902,412542696.1900,-0.670700,4.041700,1,0,none,baostock,query_history_k_data_plus
,,,,,2026-05-27,14.7300,14.8300,13.9400,13.9700,14.8100,29352098,417853268.9800,-5.671800,4.248200,1,0,none,baostock,query_history_k_data_plus
,,,,,2026-05-28,14.0100,14.1900,13.4500,14.0900,13.9700,27954894,385918481.8700,0.859000,4.046000,1,0,none,baostock,query_history_k_data_plus
,,,,,2026-05-29,14.1700,14.2400,13.5600,13.5900,14.0900,20184525,279242467.6200,-3.548600,2.921400,1,0,none,baostock,query_history_k_data_plus
,,,,,2026-06-01,13.7200,14.5600,13.6200,14.2400,13.5900,35487743,505903662.5900,4.782900,5.136300,1,0,none,baostock,query_history_k_data_plus
,,,,,2026-06-02,14.2000,14.2500,13.6100,13.9500,14.2400,21891094,303752052.0700,-2.036500,3.168400,1,0,none,baostock,query_history_k_data_plus
,,,,,2026-06-03,13.9100,14.0900,13.4200,13.5400,13.9500,27462652,376812625.2900,-2.939100,3.974800,1,0,none,baostock,query_history_k_data_plus
,,,,,2026-06-04,13.5500,13.7700,13.2000,13.3300,13.5400,16742299,224754713.7600,-1.551000,2.423200,1,0,none,baostock,query_history_k_data_plus
,,,,,2026-06-05,13.3300,14.0500,13.2700,13.3300,13.3300,29042512,396151706.0000,0.000000,4.203400,1,0,none,baostock,query_history_k_data_plus
,,,,,2026-06-08,13.2200,13.9900,12.7600,12.9200,13.3300,27754454,368582525.8400,-3.075800,4.017000,1,0,none,baostock,query_history_k_data_plus
,,,,,2026-06-09,13.0500,13.3000,12.8700,13.2100,12.9200,20785649,272918978.8100,2.244600,3.008400,1,0,none,baostock,query_history_k_data_plus
,,,,,2026-06-10,13.1400,13.1900,12.5500,12.7500,13.2100,22025013,281959322.0200,-3.482200,3.187800,1,0,none,baostock,query_history_k_data_plus
,,,,,2026-06-11,12.6800,12.7500,12.2500,12.4000,12.7500,18403761,228495013.0100,-2.745100,2.663700,1,0,none,baostock,query_history_k_data_plus
,,,,,2026-06-12,12.5700,14.8800,12.4900,14.8800,12.4000,85850489,1213709483.9500,20.000000,12.425500,1,0,none,baostock,query_history_k_data_plus
,,,,,2026-06-15,15.1000,17.8200,15.0500,16.1000,14.8800,143635448,2354393149.7300,8.198900,20.788900,1,0,none,baostock,query_history_k_data_plus
,,,,,2026-06-16,16.0500,16.9000,15.6800,16.5000,16.1000,100416246,1641186298.0800,2.484500,14.533700,1,0,none,baostock,query_history_k_data_plus
,,,,,2026-06-17,16.3200,16.6800,16.1700,16.3400,16.5000,61366516,1005082155.2800,-0.969700,8.881800,1,0,none,baostock,query_history_k_data_plus
,,,,,2026-06-18,16.0100,16.3000,15.8100,16.1600,16.3400,45245457,725553331.0100,-1.101600,6.548600,1,0,none,baostock,query_history_k_data_plus
,,,,,2026-06-22,15.8000,18.5700,15.7500,18.0400,16.1600,143286717,2462671059.0500,11.633700,20.738500,1,0,none,baostock,query_history_k_data_plus
,,,,,2026-06-23,17.2800,19.7200,17.2800,18.1000,18.0400,144271385,2687344267.5500,0.332600,20.881000,1,0,none,baostock,query_history_k_data_plus
,,,,,2026-06-24,17.9700,18.0000,16.8100,17.0000,18.1000,102960098,1768844470.6800,-6.077300,14.901800,1,0,none,baostock,query_history_k_data_plus
,,,,,2026-06-25,16.8400,17.9400,16.7800,17.1000,17.0000,84663361,1466048840.3500,0.588200,12.253700,1,0,none,baostock,query_history_k_data_plus
,,,,,2026-06-26,16.9400,17.3000,16.0300,16.0300,17.1000,62070480,1023905185.1400,-6.257300,8.983700,1,0,none,baostock,query_history_k_data_plus
,,,,,2026-06-29,16.4800,16.7500,15.5800,15.9100,16.0300,43331247,693971118.7500,-0.748600,6.271500,1,0,none,baostock,query_history_k_data_plus
