code,symbol,name,market,asset_type,date,open,high,low,close,preclose,volume,amount,pct_chg,turnover,trade_status,is_st,adjust,provider,source_function
600006,SHSE.600006,,SH,A股-上交所,2020-01-06,4.64,4.69,4.6,4.63,4.66,12427926.0,57758118.0,-0.6438,0.6214,1,0,none,baostock,query_history_k_data_plus
600006,SHSE.600006,,SH,A股-上交所,2020-01-07,4.64,4.75,4.62,4.73,4.63,20074513.0,94193989.0,2.1598,1.0037,1,0,none,baostock,query_history_k_data_plus
600006,SHSE.600006,,SH,A股-上交所,2020-01-08,4.71,4.8,4.67,4.69,4.73,24672502.0,116790918.0,-0.8457,1.2336,1,0,none,baostock,query_history_k_data_plus
600006,SHSE.600006,,SH,A股-上交所,2020-01-09,4.72,4.74,4.68,4.7,4.69,12605400.0,59323287.0,0.2132,0.6303,1,0,none,baostock,query_history_k_data_plus
600006,SHSE.600006,,SH,A股-上交所,2020-01-10,4.7,4.72,4.64,4.64,4.7,9564300.0,44601910.0,-1.2766,0.4782,1,0,none,baostock,query_history_k_data_plus
600006,SHSE.600006,,SH,A股-上交所,2020-01-13,4.67,4.77,4.67,4.74,4.64,15091373.0,71321502.0,2.1552,0.7546,1,0,none,baostock,query_history_k_data_plus
600006,SHSE.600006,,SH,A股-上交所,2020-01-14,4.72,4.79,4.69,4.7,4.74,15884615.0,75284174.0,-0.8439,0.7942,1,0,none,baostock,query_history_k_data_plus
600006,SHSE.600006,,SH,A股-上交所,2020-01-15,4.68,4.7,4.61,4.61,4.7,9826900.0,45622593.0,-1.9149,0.4913,1,0,none,baostock,query_history_k_data_plus
600006,SHSE.600006,,SH,A股-上交所,2020-01-16,4.61,4.64,4.58,4.58,4.61,6103800.0,28115561.0,-0.6508,0.3052,1,0,none,baostock,query_history_k_data_plus
600006,SHSE.600006,,SH,A股-上交所,2020-01-17,4.59,4.67,4.56,4.64,4.58,9006130.0,41549683.0,1.31,0.4503,1,0,none,baostock,query_history_k_data_plus
600006,SHSE.600006,,SH,A股-上交所,2020-01-20,4.64,4.67,4.6,4.63,4.64,8226612.0,38041515.0,-0.2155,0.4113,1,0,none,baostock,query_history_k_data_plus
600006,SHSE.600006,,SH,A股-上交所,2020-01-21,4.61,4.63,4.51,4.51,4.63,10085155.0,45863790.0,-2.5918,0.5043,1,0,none,baostock,query_history_k_data_plus
600006,SHSE.600006,,SH,A股-上交所,2020-01-22,4.51,4.54,4.42,4.5,4.51,9261963.0,41462438.0,-0.2217,0.4631,1,0,none,baostock,query_history_k_data_plus
600006,SHSE.600006,,SH,A股-上交所,2020-01-23,4.47,4.47,4.3,4.35,4.5,12154523.0,53299180.0,-3.3333,0.6077,1,0,none,baostock,query_history_k_data_plus
600006,SHSE.600006,,SH,A股-上交所,2020-02-03,3.92,3.92,3.92,3.92,4.35,2881400.0,11295088.0,-9.8851,0.1441,1,0,none,baostock,query_history_k_data_plus
600006,SHSE.600006,,SH,A股-上交所,2020-02-04,3.53,3.78,3.53,3.69,3.92,26869701.0,98847558.0,-5.8673,1.3435,1,0,none,baostock,query_history_k_data_plus
600006,SHSE.600006,,SH,A股-上交所,2020-02-05,3.7,3.84,3.7,3.77,3.69,13563279.0,51318688.0,2.168,0.6782,1,0,none,baostock,query_history_k_data_plus
600006,SHSE.600006,,SH,A股-上交所,2020-02-06,3.81,3.84,3.75,3.8,3.77,12856271.0,48747633.0,0.7958,0.6428,1,0,none,baostock,query_history_k_data_plus
600006,SHSE.600006,,SH,A股-上交所,2020-02-07,3.78,3.82,3.74,3.79,3.8,12467937.0,47077127.0,-0.2632,0.6234,1,0,none,baostock,query_history_k_data_plus
600006,SHSE.600006,,SH,A股-上交所,2020-02-10,3.79,3.95,3.74,3.94,3.79,17129481.0,66195801.0,3.9578,0.8565,1,0,none,baostock,query_history_k_data_plus
600006,SHSE.600006,,SH,A股-上交所,2020-02-11,3.98,3.99,3.88,3.96,3.94,13728400.0,54207258.0,0.5076,0.6864,1,0,none,baostock,query_history_k_data_plus
600006,SHSE.600006,,SH,A股-上交所,2020-02-12,3.95,3.97,3.91,3.96,3.96,9835256.0,38755293.0,0.0,0.4918,1,0,none,baostock,query_history_k_data_plus
600006,SHSE.600006,,SH,A股-上交所,2020-02-13,3.96,3.97,3.89,3.9,3.96,11513600.0,45134195.0,-1.5152,0.5757,1,0,none,baostock,query_history_k_data_plus
600006,SHSE.600006,,SH,A股-上交所,2020-02-14,3.86,3.9,3.85,3.87,3.9,7976900.0,30859932.0,-0.7692,0.3988,1,0,none,baostock,query_history_k_data_plus
600006,SHSE.600006,,SH,A股-上交所,2020-02-17,3.89,4.02,3.89,4.01,3.87,15852725.0,62933724.0,3.6176,0.7926,1,0,none,baostock,query_history_k_data_plus
600006,SHSE.600006,,SH,A股-上交所,2020-02-18,4.01,4.13,3.99,4.09,4.01,20527496.0,83547661.0,1.995,1.0264,1,0,none,baostock,query_history_k_data_plus
600006,SHSE.600006,,SH,A股-上交所,2020-02-19,4.09,4.11,4.04,4.05,4.09,11220434.0,45699892.0,-0.978,0.561,1,0,none,baostock,query_history_k_data_plus
600006,SHSE.600006,,SH,A股-上交所,2020-02-20,4.05,4.12,4.04,4.12,4.05,14908095.0,61019772.0,1.7284,0.7454,1,0,none,baostock,query_history_k_data_plus
600006,SHSE.600006,,SH,A股-上交所,2020-02-21,4.19,4.53,4.14,4.5,4.12,46505697.0,200749602.0,9.2233,2.3253,1,0,none,baostock,query_history_k_data_plus
600006,SHSE.600006,,SH,A股-上交所,2020-02-24,4.37,4.47,4.3,4.37,4.5,35827700.0,156482670.0,-2.8889,1.7914,1,0,none,baostock,query_history_k_data_plus
600006,SHSE.600006,,SH,A股-上交所,2020-02-25,4.24,4.62,4.2,4.54,4.37,52593668.0,233064533.0,3.8902,2.6297,1,0,none,baostock,query_history_k_data_plus
600006,SHSE.600006,,SH,A股-上交所,2020-02-26,4.43,4.58,4.38,4.4,4.54,31352022.0,139608863.0,-3.0837,1.5676,1,0,none,baostock,query_history_k_data_plus
600006,SHSE.600006,,SH,A股-上交所,2020-02-27,4.41,4.46,4.27,4.31,4.4,24857996.0,108402929.0,-2.0455,1.2429,1,0,none,baostock,query_history_k_data_plus
600006,SHSE.600006,,SH,A股-上交所,2020-02-28,4.17,4.22,4.01,4.04,4.31,26518366.0,109028385.0,-6.2645,1.3259,1,0,none,baostock,query_history_k_data_plus
600006,SHSE.600006,,SH,A股-上交所,2020-03-02,4.05,4.22,4.05,4.19,4.04,16190818.0,67394368.0,3.7129,0.8095,1,0,none,baostock,query_history_k_data_plus
600006,SHSE.600006,,SH,A股-上交所,2020-03-03,4.3,4.37,4.21,4.25,4.19,23049544.0,98507932.0,1.432,1.1525,1,0,none,baostock,query_history_k_data_plus
600006,SHSE.600006,,SH,A股-上交所,2020-03-04,4.21,4.27,4.16,4.24,4.25,13984511.0,58969537.0,-0.2353,0.6992,1,0,none,baostock,query_history_k_data_plus
600006,SHSE.600006,,SH,A股-上交所,2020-03-05,4.27,4.32,4.21,4.31,4.24,23442377.0,100240421.0,1.6509,1.1721,1,0,none,baostock,query_history_k_data_plus
600006,SHSE.600006,,SH,A股-上交所,2020-03-06,4.24,4.28,4.22,4.25,4.31,13386066.0,56809295.0,-1.3921,0.6693,1,0,none,baostock,query_history_k_data_plus
600006,SHSE.600006,,SH,A股-上交所,2020-03-09,4.18,4.19,4.05,4.07,4.25,21985000.0,90442270.0,-4.2353,1.0993,1,0,none,baostock,query_history_k_data_plus
600006,SHSE.600006,,SH,A股-上交所,2020-03-10,4.0,4.48,3.97,4.41,4.07,62824478.0,272663818.0,8.3538,3.1412,1,0,none,baostock,query_history_k_data_plus
600006,SHSE.600006,,SH,A股-上交所,2020-03-11,4.3,4.34,4.2,4.23,4.41,45513983.0,194240258.0,-4.0816,2.2757,1,0,none,baostock,query_history_k_data_plus
600006,SHSE.600006,,SH,A股-上交所,2020-03-12,4.14,4.36,4.09,4.26,4.23,31625307.0,132526638.0,0.7092,1.5813,1,0,none,baostock,query_history_k_data_plus
600006,SHSE.600006,,SH,A股-上交所,2020-03-13,4.08,4.39,4.05,4.28,4.26,35924978.0,152358607.0,0.4695,1.7962,1,0,none,baostock,query_history_k_data_plus
600006,SHSE.600006,,SH,A股-上交所,2020-03-16,4.25,4.3,4.09,4.11,4.28,27031722.0,113889011.0,-3.972,1.3516,1,0,none,baostock,query_history_k_data_plus
600006,SHSE.600006,,SH,A股-上交所,2020-03-17,4.11,4.18,3.95,4.05,4.11,18062341.0,73367944.0,-1.4599,0.9031,1,0,none,baostock,query_history_k_data_plus
600006,SHSE.600006,,SH,A股-上交所,2020-03-18,4.07,4.23,4.04,4.04,4.05,16898077.0,69727181.0,-0.2469,0.8449,1,0,none,baostock,query_history_k_data_plus
600006,SHSE.600006,,SH,A股-上交所,2020-03-19,4.03,4.1,3.92,4.06,4.04,16207409.0,65288237.0,0.495,0.8104,1,0,none,baostock,query_history_k_data_plus
600006,SHSE.600006,,SH,A股-上交所,2020-03-20,4.09,4.13,4.03,4.11,4.06,11698931.0,47807187.0,1.2315,0.5849,1,0,none,baostock,query_history_k_data_plus
600006,SHSE.600006,,SH,A股-上交所,2020-03-23,4.03,4.04,3.9,3.92,4.11,14986100.0,59510735.0,-4.6229,0.7493,1,0,none,baostock,query_history_k_data_plus
600006,SHSE.600006,,SH,A股-上交所,2020-03-24,3.97,4.08,3.91,4.07,3.92,16266107.0,64988852.0,3.8265,0.8133,1,0,none,baostock,query_history_k_data_plus
600006,SHSE.600006,,SH,A股-上交所,2020-03-25,4.19,4.25,4.12,4.18,4.07,27803157.0,116339749.0,2.7027,1.3902,1,0,none,baostock,query_history_k_data_plus
600006,SHSE.600006,,SH,A股-上交所,2020-03-26,4.11,4.16,4.06,4.06,4.18,15990453.0,65608258.0,-2.8708,0.7995,1,0,none,baostock,query_history_k_data_plus
600006,SHSE.600006,,SH,A股-上交所,2020-03-27,4.12,4.14,4.02,4.06,4.06,11935264.0,48625787.0,0.0,0.5968,1,0,none,baostock,query_history_k_data_plus
600006,SHSE.600006,,SH,A股-上交所,2020-03-30,4.0,4.07,3.95,4.03,4.06,11324063.0,45359442.0,-0.7389,0.5662,1,0,none,baostock,query_history_k_data_plus
600006,SHSE.600006,,SH,A股-上交所,2020-03-31,4.05,4.11,4.03,4.07,4.03,12875129.0,52459370.0,0.9926,0.6438,1,0,none,baostock,query_history_k_data_plus
600006,SHSE.600006,,SH,A股-上交所,2020-04-01,4.13,4.15,4.05,4.06,4.07,15162879.0,62179737.0,-0.2457,0.7581,1,0,none,baostock,query_history_k_data_plus
600006,SHSE.600006,,SH,A股-上交所,2020-04-02,4.01,4.07,3.97,4.07,4.06,8774042.0,35306276.0,0.2463,0.4387,1,0,none,baostock,query_history_k_data_plus
600006,SHSE.600006,,SH,A股-上交所,2020-04-03,4.07,4.08,4.0,4.01,4.07,8868303.0,35721038.0,-1.4742,0.4434,1,0,none,baostock,query_history_k_data_plus
600006,SHSE.600006,,SH,A股-上交所,2020-04-07,4.05,4.12,4.04,4.09,4.01,13033423.0,53126949.0,1.995,0.6517,1,0,none,baostock,query_history_k_data_plus
600006,SHSE.600006,,SH,A股-上交所,2020-04-08,4.07,4.12,4.05,4.11,4.09,10631678.0,43505940.0,0.489,0.5316,1,0,none,baostock,query_history_k_data_plus
600006,SHSE.600006,,SH,A股-上交所,2020-04-09,4.13,4.33,4.1,4.3,4.11,38709950.0,163868501.0,4.6229,1.9355,1,0,none,baostock,query_history_k_data_plus
600006,SHSE.600006,,SH,A股-上交所,2020-04-10,4.27,4.27,4.1,4.11,4.3,31080008.0,129556171.0,-4.4186,1.554,1,0,none,baostock,query_history_k_data_plus
600006,SHSE.600006,,SH,A股-上交所,2020-04-13,4.06,4.09,4.03,4.05,4.11,13028235.0,52775878.0,-1.4599,0.6514,1,0,none,baostock,query_history_k_data_plus
600006,SHSE.600006,,SH,A股-上交所,2020-04-14,4.05,4.26,4.04,4.14,4.05,17983117.0,74574008.0,2.2222,0.8992,1,0,none,baostock,query_history_k_data_plus
600006,SHSE.600006,,SH,A股-上交所,2020-04-15,4.1,4.11,4.06,4.06,4.14,12247407.0,49938240.0,-1.9324,0.6124,1,0,none,baostock,query_history_k_data_plus
600006,SHSE.600006,,SH,A股-上交所,2020-04-16,4.05,4.08,4.03,4.05,4.06,7122776.0,28877435.0,-0.2463,0.3561,1,0,none,baostock,query_history_k_data_plus
600006,SHSE.600006,,SH,A股-上交所,2020-04-17,4.06,4.08,4.04,4.04,4.05,9590058.0,38939649.0,-0.2469,0.4795,1,0,none,baostock,query_history_k_data_plus
600006,SHSE.600006,,SH,A股-上交所,2020-04-20,4.05,4.1,4.02,4.07,4.04,8789047.0,35705515.0,0.7426,0.4395,1,0,none,baostock,query_history_k_data_plus
600006,SHSE.600006,,SH,A股-上交所,2020-04-21,4.05,4.06,3.98,4.03,4.07,10825397.0,43453555.0,-0.9828,0.5413,1,0,none,baostock,query_history_k_data_plus
600006,SHSE.600006,,SH,A股-上交所,2020-04-22,4.01,4.09,3.98,4.05,4.03,10827869.0,43579231.0,0.4963,0.5414,1,0,none,baostock,query_history_k_data_plus
600006,SHSE.600006,,SH,A股-上交所,2020-04-23,4.11,4.13,4.04,4.07,4.05,10135501.0,41343930.0,0.4938,0.5068,1,0,none,baostock,query_history_k_data_plus
600006,SHSE.600006,,SH,A股-上交所,2020-04-24,4.04,4.1,3.99,4.0,4.07,9977410.0,40167291.0,-1.7199,0.4989,1,0,none,baostock,query_history_k_data_plus
600006,SHSE.600006,,SH,A股-上交所,2020-04-27,3.99,4.03,3.96,3.96,4.0,6506718.0,25950061.0,-1.0,0.3253,1,0,none,baostock,query_history_k_data_plus
600006,SHSE.600006,,SH,A股-上交所,2020-04-28,3.95,3.98,3.78,3.85,3.96,9989700.0,38757560.0,-2.7778,0.4995,1,0,none,baostock,query_history_k_data_plus
600006,SHSE.600006,,SH,A股-上交所,2020-04-29,3.83,3.91,3.82,3.88,3.85,5602400.0,21727864.0,0.7792,0.2801,1,0,none,baostock,query_history_k_data_plus
600006,SHSE.600006,,SH,A股-上交所,2020-04-30,4.01,4.05,3.97,3.98,3.88,9318768.0,37189279.0,2.5773,0.4659,1,0,none,baostock,query_history_k_data_plus
600006,SHSE.600006,,SH,A股-上交所,2020-05-06,3.97,4.01,3.96,4.0,3.98,8592045.0,34282672.0,0.5025,0.4296,1,0,none,baostock,query_history_k_data_plus
600006,SHSE.600006,,SH,A股-上交所,2020-05-07,4.0,4.01,3.94,3.95,4.0,6701318.0,26592043.0,-1.25,0.3351,1,0,none,baostock,query_history_k_data_plus
600006,SHSE.600006,,SH,A股-上交所,2020-05-08,3.97,3.99,3.96,3.97,3.95,4858361.0,19317816.0,0.5063,0.2429,1,0,none,baostock,query_history_k_data_plus
600006,SHSE.600006,,SH,A股-上交所,2020-05-11,4.14,4.16,4.02,4.04,3.97,15097278.0,61696433.0,1.7632,0.7549,1,0,none,baostock,query_history_k_data_plus
600006,SHSE.600006,,SH,A股-上交所,2020-05-12,4.23,4.24,4.13,4.15,4.04,31033268.0,129664070.0,2.7228,1.5517,1,0,none,baostock,query_history_k_data_plus
600006,SHSE.600006,,SH,A股-上交所,2020-05-13,4.07,4.1,4.0,4.05,4.15,18719447.0,75599993.0,-2.4096,0.936,1,0,none,baostock,query_history_k_data_plus
600006,SHSE.600006,,SH,A股-上交所,2020-05-14,4.06,4.06,4.0,4.0,4.05,9313800.0,37432658.0,-1.2346,0.4657,1,0,none,baostock,query_history_k_data_plus
600006,SHSE.600006,,SH,A股-上交所,2020-05-15,4.0,4.03,3.99,4.02,4.0,6614622.0,26519494.0,0.5,0.3307,1,0,none,baostock,query_history_k_data_plus
600006,SHSE.600006,,SH,A股-上交所,2020-05-18,4.0,4.02,3.98,4.0,4.02,6661682.0,26646350.0,-0.4975,0.3331,1,0,none,baostock,query_history_k_data_plus
600006,SHSE.600006,,SH,A股-上交所,2020-05-19,3.99,4.02,3.98,3.99,4.0,7052228.0,28162697.0,-0.25,0.3526,1,0,none,baostock,query_history_k_data_plus
600006,SHSE.600006,,SH,A股-上交所,2020-05-20,3.98,4.1,3.93,4.01,3.99,9865207.0,39729292.0,0.5013,0.4933,1,0,none,baostock,query_history_k_data_plus
600006,SHSE.600006,,SH,A股-上交所,2020-05-21,4.05,4.08,3.98,3.99,4.01,9700567.0,39086782.0,-0.4988,0.485,1,0,none,baostock,query_history_k_data_plus
600006,SHSE.600006,,SH,A股-上交所,2020-05-22,3.99,3.99,3.93,3.94,3.99,7778716.0,30792451.0,-1.2531,0.3889,1,0,none,baostock,query_history_k_data_plus
600006,SHSE.600006,,SH,A股-上交所,2020-05-25,3.93,3.97,3.91,3.94,3.94,4959624.0,19525523.0,0.0,0.248,1,0,none,baostock,query_history_k_data_plus
600006,SHSE.600006,,SH,A股-上交所,2020-05-26,3.93,4.2,3.92,4.08,3.94,16240461.0,65913509.0,3.5533,0.812,1,0,none,baostock,query_history_k_data_plus
600006,SHSE.600006,,SH,A股-上交所,2020-05-27,4.04,4.09,4.0,4.03,4.08,12439451.0,50124636.0,-1.2255,0.622,1,0,none,baostock,query_history_k_data_plus
600006,SHSE.600006,,SH,A股-上交所,2020-05-28,4.03,4.1,4.02,4.04,4.03,10100100.0,40965841.0,0.2481,0.505,1,0,none,baostock,query_history_k_data_plus
600006,SHSE.600006,,SH,A股-上交所,2020-05-29,4.03,4.05,4.01,4.02,4.04,8371260.0,33707638.0,-0.495,0.4186,1,0,none,baostock,query_history_k_data_plus
600006,SHSE.600006,,SH,A股-上交所,2020-06-01,4.02,4.09,4.02,4.09,4.02,15229805.0,61987089.0,1.7413,0.7615,1,0,none,baostock,query_history_k_data_plus
600006,SHSE.600006,,SH,A股-上交所,2020-06-02,4.09,4.09,4.05,4.06,4.09,10529786.0,42839673.0,-0.7335,0.5265,1,0,none,baostock,query_history_k_data_plus
600006,SHSE.600006,,SH,A股-上交所,2020-06-03,4.08,4.24,4.07,4.24,4.06,39098092.0,162797152.0,4.4335,1.9549,1,0,none,baostock,query_history_k_data_plus
600006,SHSE.600006,,SH,A股-上交所,2020-06-04,4.25,4.47,4.15,4.3,4.24,50513161.0,216148937.0,1.4151,2.5257,1,0,none,baostock,query_history_k_data_plus
600006,SHSE.600006,,SH,A股-上交所,2020-06-05,4.34,4.43,4.2,4.31,4.3,38018490.0,164336563.0,0.2326,1.9009,1,0,none,baostock,query_history_k_data_plus
600006,SHSE.600006,,SH,A股-上交所,2020-06-08,4.25,4.28,4.15,4.16,4.31,25333396.0,106355868.0,-3.4803,1.2667,1,0,none,baostock,query_history_k_data_plus
600006,SHSE.600006,,SH,A股-上交所,2020-06-09,4.16,4.18,4.11,4.13,4.16,13827634.0,57133512.0,-0.7211,0.6914,1,0,none,baostock,query_history_k_data_plus
600006,SHSE.600006,,SH,A股-上交所,2020-06-10,4.14,4.15,4.09,4.11,4.13,10175897.0,41834004.0,-0.4843,0.5088,1,0,none,baostock,query_history_k_data_plus
600006,SHSE.600006,,SH,A股-上交所,2020-06-11,4.12,4.22,4.1,4.13,4.11,18041368.0,74783415.0,0.4866,0.9021,1,0,none,baostock,query_history_k_data_plus
600006,SHSE.600006,,SH,A股-上交所,2020-06-12,4.06,4.12,4.02,4.09,4.13,17566727.0,71666524.0,-0.9685,0.8783,1,0,none,baostock,query_history_k_data_plus
600006,SHSE.600006,,SH,A股-上交所,2020-06-15,4.04,4.12,4.03,4.03,4.09,15703718.0,63807626.0,-1.467,0.7852,1,0,none,baostock,query_history_k_data_plus
600006,SHSE.600006,,SH,A股-上交所,2020-06-16,4.06,4.08,4.04,4.08,4.03,8436661.0,34254701.0,1.2407,0.4218,1,0,none,baostock,query_history_k_data_plus
600006,SHSE.600006,,SH,A股-上交所,2020-06-17,4.08,4.19,4.05,4.17,4.08,21335995.0,88263963.0,2.2059,1.0668,1,0,none,baostock,query_history_k_data_plus
600006,SHSE.600006,,SH,A股-上交所,2020-06-18,4.12,4.12,4.05,4.09,4.17,15811123.0,64563300.0,-1.9185,0.7906,1,0,none,baostock,query_history_k_data_plus
600006,SHSE.600006,,SH,A股-上交所,2020-06-19,4.08,4.12,4.06,4.12,4.09,10495649.0,43030950.0,0.7335,0.5248,1,0,none,baostock,query_history_k_data_plus
600006,SHSE.600006,,SH,A股-上交所,2020-06-22,4.13,4.14,4.07,4.09,4.12,9967493.0,40764164.0,-0.7281,0.4984,1,0,none,baostock,query_history_k_data_plus
600006,SHSE.600006,,SH,A股-上交所,2020-06-23,4.08,4.1,4.05,4.06,4.09,7106902.0,28899311.0,-0.7335,0.3553,1,0,none,baostock,query_history_k_data_plus
600006,SHSE.600006,,SH,A股-上交所,2020-06-24,4.07,4.08,4.03,4.04,4.06,7833479.0,31682509.0,-0.4926,0.3917,1,0,none,baostock,query_history_k_data_plus
600006,SHSE.600006,,SH,A股-上交所,2020-06-29,4.04,4.05,4.01,4.02,4.04,6590993.0,26517347.0,-0.495,0.3295,1,0,none,baostock,query_history_k_data_plus
600006,SHSE.600006,,SH,A股-上交所,2020-06-30,4.02,4.05,4.01,4.03,4.02,7195677.0,29002426.0,0.2488,0.3598,1,0,none,baostock,query_history_k_data_plus
600006,SHSE.600006,,SH,A股-上交所,2020-07-01,4.03,4.05,4.01,4.05,4.03,9514181.0,38330848.0,0.4963,0.4757,1,0,none,baostock,query_history_k_data_plus
600006,SHSE.600006,,SH,A股-上交所,2020-07-02,4.05,4.12,4.03,4.1,4.05,14142843.0,57764794.0,1.2346,0.7071,1,0,none,baostock,query_history_k_data_plus
600006,SHSE.600006,,SH,A股-上交所,2020-07-03,4.12,4.22,4.11,4.2,4.1,28800611.0,120172550.0,2.439,1.44,1,0,none,baostock,query_history_k_data_plus
600006,SHSE.600006,,SH,A股-上交所,2020-07-06,4.25,4.36,4.21,4.33,4.2,36741988.0,157541402.0,3.0952,1.8371,1,0,none,baostock,query_history_k_data_plus
600006,SHSE.600006,,SH,A股-上交所,2020-07-07,4.36,4.45,4.28,4.32,4.33,44683233.0,195792329.0,-0.2309,2.2342,1,0,none,baostock,query_history_k_data_plus
600006,SHSE.600006,,SH,A股-上交所,2020-07-08,4.3,4.45,4.29,4.43,4.32,35030057.0,153425171.0,2.5463,1.7515,1,0,none,baostock,query_history_k_data_plus
600006,SHSE.600006,,SH,A股-上交所,2020-07-09,4.45,4.5,4.38,4.46,4.43,32296675.0,143566232.0,0.6772,1.6148,1,0,none,baostock,query_history_k_data_plus
600006,SHSE.600006,,SH,A股-上交所,2020-07-10,4.45,4.62,4.4,4.46,4.46,45656231.0,206556887.0,0.0,2.2828,1,0,none,baostock,query_history_k_data_plus
600006,SHSE.600006,,SH,A股-上交所,2020-07-13,4.51,4.58,4.49,4.57,4.46,28376187.0,129006354.0,2.4664,1.4188,1,0,none,baostock,query_history_k_data_plus
600006,SHSE.600006,,SH,A股-上交所,2020-07-14,4.54,4.62,4.41,4.5,4.57,33954418.0,153164295.0,-1.5317,1.6977,1,0,none,baostock,query_history_k_data_plus
600006,SHSE.600006,,SH,A股-上交所,2020-07-15,4.49,4.53,4.36,4.37,4.5,24155172.0,106654877.0,-2.8889,1.2078,1,0,none,baostock,query_history_k_data_plus
600006,SHSE.600006,,SH,A股-上交所,2020-07-16,4.35,4.43,4.23,4.25,4.37,21452131.0,93207515.0,-2.746,1.0726,1,0,none,baostock,query_history_k_data_plus
600006,SHSE.600006,,SH,A股-上交所,2020-07-17,4.21,4.24,4.14,4.16,4.18,13119848.0,54891018.0,-0.4785,0.656,1,0,none,baostock,query_history_k_data_plus
600006,SHSE.600006,,SH,A股-上交所,2020-07-20,4.21,4.3,4.2,4.29,4.16,16396557.0,69812820.0,3.125,0.8198,1,0,none,baostock,query_history_k_data_plus
600006,SHSE.600006,,SH,A股-上交所,2020-07-21,4.31,4.38,4.28,4.3,4.29,14705900.0,63574640.0,0.2331,0.7353,1,0,none,baostock,query_history_k_data_plus
600006,SHSE.600006,,SH,A股-上交所,2020-07-22,4.3,4.42,4.27,4.35,4.3,17451338.0,76014332.96,1.1628,0.8726,1,0,none,baostock,query_history_k_data_plus
600006,SHSE.600006,,SH,A股-上交所,2020-07-23,4.31,4.34,4.19,4.28,4.35,16486815.0,70281715.59,-1.6092,0.8243,1,0,none,baostock,query_history_k_data_plus
600006,SHSE.600006,,SH,A股-上交所,2020-07-24,4.28,4.47,4.24,4.3,4.28,40750613.0,177955747.58,0.4673,2.0375,1,0,none,baostock,query_history_k_data_plus
600006,SHSE.600006,,SH,A股-上交所,2020-07-27,4.26,4.46,4.23,4.45,4.3,32816414.0,142976217.44,3.4884,1.6408,1,0,none,baostock,query_history_k_data_plus
600006,SHSE.600006,,SH,A股-上交所,2020-07-28,4.58,4.64,4.36,4.39,4.45,34934184.0,156767846.8,-1.3483,1.7467,1,0,none,baostock,query_history_k_data_plus
600006,SHSE.600006,,SH,A股-上交所,2020-07-29,4.37,4.43,4.26,4.42,4.39,25471084.0,110726736.12,0.6834,1.2736,1,0,none,baostock,query_history_k_data_plus
600006,SHSE.600006,,SH,A股-上交所,2020-07-30,4.42,4.45,4.33,4.33,4.42,19926885.0,87221284.74,-2.0362,0.9963,1,0,none,baostock,query_history_k_data_plus
600006,SHSE.600006,,SH,A股-上交所,2020-07-31,4.31,4.37,4.25,4.31,4.33,19767214.0,85169161.4,-0.4619,0.9884,1,0,none,baostock,query_history_k_data_plus
600006,SHSE.600006,,SH,A股-上交所,2020-08-03,4.32,4.47,4.31,4.46,4.31,29527411.0,130265145.33,3.4803,1.4764,1,0,none,baostock,query_history_k_data_plus
600006,SHSE.600006,,SH,A股-上交所,2020-08-04,4.51,4.55,4.38,4.4,4.46,22850992.0,101183047.18,-1.3453,1.1425,1,0,none,baostock,query_history_k_data_plus
600006,SHSE.600006,,SH,A股-上交所,2020-08-05,4.4,4.46,4.37,4.43,4.4,15783138.0,69807261.13,0.6818,0.7892,1,0,none,baostock,query_history_k_data_plus
600006,SHSE.600006,,SH,A股-上交所,2020-08-06,4.45,4.53,4.39,4.51,4.43,29311022.0,130885408.7,1.8059,1.4656,1,0,none,baostock,query_history_k_data_plus
600006,SHSE.600006,,SH,A股-上交所,2020-08-07,4.48,4.64,4.41,4.6,4.51,44074751.0,199945681.94,1.9956,2.2037,1,0,none,baostock,query_history_k_data_plus
600006,SHSE.600006,,SH,A股-上交所,2020-08-10,4.55,4.71,4.5,4.63,4.6,42296168.0,196211127.25,0.6522,2.1148,1,0,none,baostock,query_history_k_data_plus
600006,SHSE.600006,,SH,A股-上交所,2020-08-11,4.62,5.09,4.56,5.0,4.63,116156847.0,571983085.64,7.9914,5.8078,1,0,none,baostock,query_history_k_data_plus
600006,SHSE.600006,,SH,A股-上交所,2020-08-12,4.84,4.96,4.68,4.89,5.0,94080396.0,451226898.67,-2.2,4.704,1,0,none,baostock,query_history_k_data_plus
600006,SHSE.600006,,SH,A股-上交所,2020-08-13,4.88,5.15,4.83,4.94,4.89,66689546.0,331649147.32,1.0225,3.3345,1,0,none,baostock,query_history_k_data_plus
600006,SHSE.600006,,SH,A股-上交所,2020-08-14,4.92,4.95,4.68,4.75,4.94,48308113.0,230685753.54,-3.8462,2.4154,1,0,none,baostock,query_history_k_data_plus
600006,SHSE.600006,,SH,A股-上交所,2020-08-17,4.75,4.81,4.69,4.76,4.75,38378924.0,182387738.48,0.2105,1.9189,1,0,none,baostock,query_history_k_data_plus
600006,SHSE.600006,,SH,A股-上交所,2020-08-18,4.75,4.98,4.74,4.82,4.76,40802283.0,198167906.41,1.2605,2.0401,1,0,none,baostock,query_history_k_data_plus
600006,SHSE.600006,,SH,A股-上交所,2020-08-19,4.76,4.95,4.71,4.73,4.82,34675612.0,166836533.38,-1.8672,1.7338,1,0,none,baostock,query_history_k_data_plus
600006,SHSE.600006,,SH,A股-上交所,2020-08-20,4.7,4.71,4.57,4.6,4.73,27068097.0,125278779.89,-2.7484,1.3534,1,0,none,baostock,query_history_k_data_plus
600006,SHSE.600006,,SH,A股-上交所,2020-08-21,4.62,4.93,4.58,4.74,4.6,33400322.0,158054654.27,3.0435,1.67,1,0,none,baostock,query_history_k_data_plus
600006,SHSE.600006,,SH,A股-上交所,2020-08-24,4.65,4.72,4.63,4.67,4.74,21144464.0,98612548.96,-1.4768,1.0572,1,0,none,baostock,query_history_k_data_plus
600006,SHSE.600006,,SH,A股-上交所,2020-08-25,4.7,4.76,4.63,4.63,4.67,14799446.0,69112978.98,-0.8565,0.74,1,0,none,baostock,query_history_k_data_plus
600006,SHSE.600006,,SH,A股-上交所,2020-08-26,4.61,4.65,4.44,4.46,4.63,24188883.0,109645452.97,-3.6717,1.2094,1,0,none,baostock,query_history_k_data_plus
600006,SHSE.600006,,SH,A股-上交所,2020-08-27,4.48,4.53,4.46,4.51,4.46,14658518.0,65894756.74,1.1211,0.7329,1,0,none,baostock,query_history_k_data_plus
600006,SHSE.600006,,SH,A股-上交所,2020-08-28,4.52,4.55,4.47,4.53,4.51,12444496.0,56159918.99,0.4435,0.6222,1,0,none,baostock,query_history_k_data_plus
600006,SHSE.600006,,SH,A股-上交所,2020-08-31,4.65,4.74,4.6,4.61,4.53,26380373.0,122909120.62,1.766,1.319,1,0,none,baostock,query_history_k_data_plus
600006,SHSE.600006,,SH,A股-上交所,2020-09-01,4.61,4.77,4.61,4.71,4.61,26603115.0,125482899.28,2.1692,1.3302,1,0,none,baostock,query_history_k_data_plus
600006,SHSE.600006,,SH,A股-上交所,2020-09-02,4.74,4.79,4.66,4.74,4.71,25575235.0,121142130.94,0.6369,1.2788,1,0,none,baostock,query_history_k_data_plus
600006,SHSE.600006,,SH,A股-上交所,2020-09-03,4.8,4.81,4.67,4.68,4.74,18084530.0,85558236.77,-1.2658,0.9042,1,0,none,baostock,query_history_k_data_plus
600006,SHSE.600006,,SH,A股-上交所,2020-09-04,4.6,4.69,4.56,4.68,4.68,14157686.0,65580236.48,0.0,0.7079,1,0,none,baostock,query_history_k_data_plus
600006,SHSE.600006,,SH,A股-上交所,2020-09-07,4.66,4.73,4.6,4.62,4.68,15392200.0,71996795.64,-1.2821,0.7696,1,0,none,baostock,query_history_k_data_plus
600006,SHSE.600006,,SH,A股-上交所,2020-09-08,4.62,4.79,4.62,4.76,4.62,27685531.0,130941031.83,3.0303,1.3843,1,0,none,baostock,query_history_k_data_plus
600006,SHSE.600006,,SH,A股-上交所,2020-09-09,4.71,4.82,4.7,4.73,4.76,28775424.0,137168080.07,-0.6303,1.4388,1,0,none,baostock,query_history_k_data_plus
600006,SHSE.600006,,SH,A股-上交所,2020-09-10,4.76,4.95,4.7,4.84,4.73,53777868.0,260502766.19,2.3256,2.6889,1,0,none,baostock,query_history_k_data_plus
600006,SHSE.600006,,SH,A股-上交所,2020-09-11,4.79,4.87,4.64,4.81,4.84,35308238.0,167238614.15,-0.6198,1.7654,1,0,none,baostock,query_history_k_data_plus
600006,SHSE.600006,,SH,A股-上交所,2020-09-14,4.8,4.95,4.77,4.92,4.81,36378150.0,177933932.69,2.2869,1.8189,1,0,none,baostock,query_history_k_data_plus
600006,SHSE.600006,,SH,A股-上交所,2020-09-15,4.9,4.9,4.76,4.86,4.92,30202889.0,146160354.15,-1.2195,1.5101,1,0,none,baostock,query_history_k_data_plus
600006,SHSE.600006,,SH,A股-上交所,2020-09-16,4.85,5.05,4.77,4.98,4.86,50492454.0,250195865.41,2.4691,2.5246,1,0,none,baostock,query_history_k_data_plus
600006,SHSE.600006,,SH,A股-上交所,2020-09-17,4.97,5.18,4.92,5.07,4.98,64383764.0,326200546.9,1.8072,3.2192,1,0,none,baostock,query_history_k_data_plus
600006,SHSE.600006,,SH,A股-上交所,2020-09-18,5.03,5.13,4.98,5.05,5.07,45788698.0,230345373.37,-0.3945,2.2894,1,0,none,baostock,query_history_k_data_plus
600006,SHSE.600006,,SH,A股-上交所,2020-09-21,5.04,5.06,4.9,4.94,5.05,37337210.0,185261489.9,-2.1782,1.8669,1,0,none,baostock,query_history_k_data_plus
600006,SHSE.600006,,SH,A股-上交所,2020-09-22,4.88,4.9,4.78,4.8,4.94,29260998.0,141335750.45,-2.834,1.463,1,0,none,baostock,query_history_k_data_plus
600006,SHSE.600006,,SH,A股-上交所,2020-09-23,4.82,4.84,4.75,4.81,4.8,16982562.0,81526302.71,0.2083,0.8491,1,0,none,baostock,query_history_k_data_plus
600006,SHSE.600006,,SH,A股-上交所,2020-09-24,4.78,4.86,4.65,4.82,4.81,29002702.0,137954465.98,0.2079,1.4501,1,0,none,baostock,query_history_k_data_plus
600006,SHSE.600006,,SH,A股-上交所,2020-09-25,4.85,4.86,4.68,4.84,4.82,23131212.0,110215742.2,0.4149,1.1566,1,0,none,baostock,query_history_k_data_plus
600006,SHSE.600006,,SH,A股-上交所,2020-09-28,4.82,4.92,4.77,4.86,4.84,18374638.0,89339514.41,0.4132,0.9187,1,0,none,baostock,query_history_k_data_plus
600006,SHSE.600006,,SH,A股-上交所,2020-09-29,4.85,4.9,4.8,4.86,4.86,14989243.0,72748862.33,0.0,0.7495,1,0,none,baostock,query_history_k_data_plus
600006,SHSE.600006,,SH,A股-上交所,2020-09-30,4.86,4.93,4.79,4.87,4.86,19267688.0,93772605.08,0.2058,0.9634,1,0,none,baostock,query_history_k_data_plus
600006,SHSE.600006,,SH,A股-上交所,2020-10-09,4.95,5.09,4.94,4.96,4.87,31924753.0,159805684.45,1.848,1.5962,1,0,none,baostock,query_history_k_data_plus
600006,SHSE.600006,,SH,A股-上交所,2020-10-12,5.01,5.14,4.97,5.12,4.96,39121654.0,197631756.23,3.2258,1.9561,1,0,none,baostock,query_history_k_data_plus
600006,SHSE.600006,,SH,A股-上交所,2020-10-13,5.12,5.49,5.06,5.36,5.12,73788148.0,391117325.17,4.6875,3.6894,1,0,none,baostock,query_history_k_data_plus
600006,SHSE.600006,,SH,A股-上交所,2020-10-14,5.27,5.27,5.15,5.18,5.36,46691210.0,242889275.26,-3.3582,2.3346,1,0,none,baostock,query_history_k_data_plus
600006,SHSE.600006,,SH,A股-上交所,2020-10-15,5.21,5.36,5.1,5.11,5.18,45836869.0,240096438.26,-1.3514,2.2918,1,0,none,baostock,query_history_k_data_plus
600006,SHSE.600006,,SH,A股-上交所,2020-10-16,5.09,5.23,5.05,5.17,5.11,29459407.0,150998513.44,1.1742,1.473,1,0,none,baostock,query_history_k_data_plus
600006,SHSE.600006,,SH,A股-上交所,2020-10-19,5.18,5.19,5.07,5.13,5.17,24209256.0,123960815.19,-0.7737,1.2105,1,0,none,baostock,query_history_k_data_plus
600006,SHSE.600006,,SH,A股-上交所,2020-10-20,5.1,5.41,5.08,5.36,5.13,51057144.0,269150783.4,4.4834,2.5529,1,0,none,baostock,query_history_k_data_plus
600006,SHSE.600006,,SH,A股-上交所,2020-10-21,5.33,5.36,5.25,5.28,5.36,35067837.0,185787410.61,-1.4925,1.7534,1,0,none,baostock,query_history_k_data_plus
600006,SHSE.600006,,SH,A股-上交所,2020-10-22,5.25,5.35,5.13,5.24,5.28,28310462.0,147942363.72,-0.7576,1.4155,1,0,none,baostock,query_history_k_data_plus
600006,SHSE.600006,,SH,A股-上交所,2020-10-23,5.21,5.39,5.18,5.28,5.24,40587136.0,215283520.77,0.7634,2.0294,1,0,none,baostock,query_history_k_data_plus
600006,SHSE.600006,,SH,A股-上交所,2020-10-26,5.23,5.48,5.15,5.44,5.28,50024978.0,267888602.78,3.0303,2.5012,1,0,none,baostock,query_history_k_data_plus
600006,SHSE.600006,,SH,A股-上交所,2020-10-27,5.37,5.42,5.28,5.33,5.44,31715825.0,169385329.37,-2.0221,1.5858,1,0,none,baostock,query_history_k_data_plus
600006,SHSE.600006,,SH,A股-上交所,2020-10-28,5.3,5.65,5.28,5.54,5.33,64930249.0,357982941.5,3.94,3.2465,1,0,none,baostock,query_history_k_data_plus
600006,SHSE.600006,,SH,A股-上交所,2020-10-29,5.48,6.09,5.45,5.77,5.54,96469730.0,558293811.63,4.1516,4.8235,1,0,none,baostock,query_history_k_data_plus
600006,SHSE.600006,,SH,A股-上交所,2020-10-30,5.85,6.35,5.7,6.22,5.77,163343405.0,1001085231.25,7.799,8.1672,1,0,none,baostock,query_history_k_data_plus
600006,SHSE.600006,,SH,A股-上交所,2020-11-02,6.12,6.7,6.06,6.7,6.22,147945082.0,943926682.36,7.717,7.3973,1,0,none,baostock,query_history_k_data_plus
600006,SHSE.600006,,SH,A股-上交所,2020-11-03,6.71,6.79,6.29,6.44,6.7,119286257.0,772905147.18,-3.8806,5.9643,1,0,none,baostock,query_history_k_data_plus
600006,SHSE.600006,,SH,A股-上交所,2020-11-04,6.36,6.75,6.34,6.52,6.44,96397348.0,631755737.74,1.2422,4.8199,1,0,none,baostock,query_history_k_data_plus
600006,SHSE.600006,,SH,A股-上交所,2020-11-05,6.59,7.17,6.41,7.17,6.52,143718401.0,973375049.38,9.9693,7.1859,1,0,none,baostock,query_history_k_data_plus
600006,SHSE.600006,,SH,A股-上交所,2020-11-06,7.35,7.57,6.81,7.08,7.17,161921489.0,1165565674.16,-1.2552,8.0961,1,0,none,baostock,query_history_k_data_plus
600006,SHSE.600006,,SH,A股-上交所,2020-11-09,7.0,7.08,6.68,6.95,7.08,104624802.0,722587435.53,-1.8362,5.2312,1,0,none,baostock,query_history_k_data_plus
600006,SHSE.600006,,SH,A股-上交所,2020-11-10,6.9,6.9,6.37,6.6,6.95,114818615.0,756516957.45,-5.036,5.7409,1,0,none,baostock,query_history_k_data_plus
600006,SHSE.600006,,SH,A股-上交所,2020-11-11,6.48,6.64,6.32,6.41,6.6,75652659.0,491614473.17,-2.8788,3.7826,1,0,none,baostock,query_history_k_data_plus
600006,SHSE.600006,,SH,A股-上交所,2020-11-12,6.48,6.5,6.29,6.32,6.41,55869375.0,356800381.88,-1.4041,2.7935,1,0,none,baostock,query_history_k_data_plus
600006,SHSE.600006,,SH,A股-上交所,2020-11-13,6.45,6.48,6.25,6.36,6.32,52395352.0,333646564.36,0.6329,2.6198,1,0,none,baostock,query_history_k_data_plus
600006,SHSE.600006,,SH,A股-上交所,2020-11-16,6.35,6.35,6.1,6.25,6.36,63332427.0,393216501.79,-1.7296,3.1666,1,0,none,baostock,query_history_k_data_plus
600006,SHSE.600006,,SH,A股-上交所,2020-11-17,6.26,6.66,6.26,6.54,6.25,101697500.0,660771429.42,4.64,5.0849,1,0,none,baostock,query_history_k_data_plus
600006,SHSE.600006,,SH,A股-上交所,2020-11-18,6.43,6.6,6.29,6.49,6.54,68647000.0,441093862.88,-0.7645,3.4324,1,0,none,baostock,query_history_k_data_plus
600006,SHSE.600006,,SH,A股-上交所,2020-11-19,6.66,6.85,6.41,6.45,6.49,74431303.0,492381551.39,-0.6163,3.7216,1,0,none,baostock,query_history_k_data_plus
600006,SHSE.600006,,SH,A股-上交所,2020-11-20,6.39,7.1,6.32,6.95,6.45,135133927.0,926474625.58,7.7519,6.7567,1,0,none,baostock,query_history_k_data_plus
600006,SHSE.600006,,SH,A股-上交所,2020-11-23,6.89,7.09,6.68,6.97,6.95,108897861.0,745934727.62,0.2878,5.4449,1,0,none,baostock,query_history_k_data_plus
600006,SHSE.600006,,SH,A股-上交所,2020-11-24,7.03,7.16,6.75,6.76,6.97,83903180.0,581609353.08,-3.0129,4.1952,1,0,none,baostock,query_history_k_data_plus
600006,SHSE.600006,,SH,A股-上交所,2020-11-25,6.68,7.1,6.6,7.0,6.76,102958333.0,714175088.53,3.5503,5.1479,1,0,none,baostock,query_history_k_data_plus
600006,SHSE.600006,,SH,A股-上交所,2020-11-26,6.82,6.84,6.45,6.51,7.0,80993563.0,534252704.59,-7.0,4.0497,1,0,none,baostock,query_history_k_data_plus
600006,SHSE.600006,,SH,A股-上交所,2020-11-27,6.6,6.75,6.37,6.57,6.51,62770846.0,412865611.29,0.9217,3.1385,1,0,none,baostock,query_history_k_data_plus
600006,SHSE.600006,,SH,A股-上交所,2020-11-30,6.42,6.59,6.37,6.45,6.57,51357064.0,332677340.95,-1.8265,2.5679,1,0,none,baostock,query_history_k_data_plus
600006,SHSE.600006,,SH,A股-上交所,2020-12-01,6.36,6.58,6.27,6.48,6.45,58685339.0,377812514.82,0.4651,2.9343,1,0,none,baostock,query_history_k_data_plus
600006,SHSE.600006,,SH,A股-上交所,2020-12-02,6.42,6.48,6.24,6.3,6.48,59249553.0,376084908.24,-2.7778,2.9625,1,0,none,baostock,query_history_k_data_plus
600006,SHSE.600006,,SH,A股-上交所,2020-12-03,6.26,6.47,6.06,6.34,6.3,64289092.0,402690605.34,0.6349,3.2145,1,0,none,baostock,query_history_k_data_plus
600006,SHSE.600006,,SH,A股-上交所,2020-12-04,6.25,6.66,6.14,6.35,6.34,77593723.0,501942921.67,0.1577,3.8797,1,0,none,baostock,query_history_k_data_plus
600006,SHSE.600006,,SH,A股-上交所,2020-12-07,6.22,6.24,6.07,6.07,6.35,61645471.0,378183788.04,-4.4094,3.0823,1,0,none,baostock,query_history_k_data_plus
600006,SHSE.600006,,SH,A股-上交所,2020-12-08,6.09,6.22,6.06,6.12,6.07,40961394.0,251454587.72,0.8237,2.0481,1,0,none,baostock,query_history_k_data_plus
600006,SHSE.600006,,SH,A股-上交所,2020-12-09,6.13,6.16,5.84,5.88,6.12,50282394.0,302507723.71,-3.9216,2.5141,1,0,none,baostock,query_history_k_data_plus
600006,SHSE.600006,,SH,A股-上交所,2020-12-10,5.8,5.83,5.62,5.72,5.88,40123742.0,229602227.92,-2.7211,2.0062,1,0,none,baostock,query_history_k_data_plus
600006,SHSE.600006,,SH,A股-上交所,2020-12-11,5.73,5.83,5.63,5.76,5.72,37286971.0,213486989.84,0.6993,1.8643,1,0,none,baostock,query_history_k_data_plus
600006,SHSE.600006,,SH,A股-上交所,2020-12-14,5.85,6.34,5.74,6.34,5.76,72812737.0,446174914.76,10.0694,3.6406,1,0,none,baostock,query_history_k_data_plus
600006,SHSE.600006,,SH,A股-上交所,2020-12-15,6.66,6.97,6.55,6.97,6.34,79550635.0,545351182.5,9.9369,3.9775,1,0,none,baostock,query_history_k_data_plus
600006,SHSE.600006,,SH,A股-上交所,2020-12-16,7.6,7.6,6.75,7.35,6.97,253721751.0,1835411310.57,5.4519,12.6861,1,0,none,baostock,query_history_k_data_plus
600006,SHSE.600006,,SH,A股-上交所,2020-12-17,7.22,8.09,7.07,8.09,7.35,269604672.0,2142198573.37,10.068,13.4802,1,0,none,baostock,query_history_k_data_plus
600006,SHSE.600006,,SH,A股-上交所,2020-12-18,7.69,8.9,7.66,8.9,8.09,183632894.0,1526485439.36,10.0124,9.1816,1,0,none,baostock,query_history_k_data_plus
600006,SHSE.600006,,SH,A股-上交所,2020-12-21,9.49,9.79,9.01,9.79,8.9,244367424.0,2327787339.61,10.0,12.2184,1,0,none,baostock,query_history_k_data_plus
600006,SHSE.600006,,SH,A股-上交所,2020-12-22,10.3,10.77,9.96,10.19,9.79,347866752.0,3659796926.08,4.0858,17.3933,1,0,none,baostock,query_history_k_data_plus
600006,SHSE.600006,,SH,A股-上交所,2020-12-23,10.0,11.1,9.9,10.42,10.19,337957664.0,3565196167.12,2.2571,16.8979,1,0,none,baostock,query_history_k_data_plus
600006,SHSE.600006,,SH,A股-上交所,2020-12-24,10.0,10.19,9.38,9.38,10.42,173189377.0,1647012478.71,-9.9808,8.6595,1,0,none,baostock,query_history_k_data_plus
600006,SHSE.600006,,SH,A股-上交所,2020-12-25,8.62,9.48,8.62,9.15,9.38,209278905.0,1888667129.81,-2.452,10.4639,1,0,none,baostock,query_history_k_data_plus
600006,SHSE.600006,,SH,A股-上交所,2020-12-28,9.18,9.88,9.09,9.44,9.15,201341873.0,1908116503.44,3.1694,10.0671,1,0,none,baostock,query_history_k_data_plus
600006,SHSE.600006,,SH,A股-上交所,2020-12-29,9.42,9.89,9.09,9.16,9.44,182403627.0,1734212793.05,-2.9661,9.1202,1,0,none,baostock,query_history_k_data_plus
600006,SHSE.600006,,SH,A股-上交所,2020-12-30,9.28,9.55,9.09,9.16,9.16,170590914.0,1590810018.5,0.0,8.5295,1,0,none,baostock,query_history_k_data_plus
600006,SHSE.600006,,SH,A股-上交所,2020-12-31,9.21,9.98,9.12,9.44,9.16,214886071.0,2045086963.08,3.0568,10.7443,1,0,none,baostock,query_history_k_data_plus
600006,SHSE.600006,,SH,A股-上交所,2021-01-04,8.95,9.47,8.71,9.22,9.44,183116433.0,1682615586.45,-2.3305,9.1558,1,0,none,baostock,query_history_k_data_plus
600006,SHSE.600006,,SH,A股-上交所,2021-01-05,9.51,9.58,8.68,8.88,9.22,188639417.0,1675782443.84,-3.6876,9.432,1,0,none,baostock,query_history_k_data_plus
600006,SHSE.600006,,SH,A股-上交所,2021-01-06,8.79,8.93,8.39,8.48,8.88,129331721.0,1107095186.78,-4.5045,6.4666,1,0,none,baostock,query_history_k_data_plus
600006,SHSE.600006,,SH,A股-上交所,2021-01-07,8.42,8.65,8.08,8.43,8.48,163335270.0,1368539187.35,-0.5896,8.1668,1,0,none,baostock,query_history_k_data_plus
600006,SHSE.600006,,SH,A股-上交所,2021-01-08,8.5,8.51,8.07,8.2,8.43,115757733.0,952787683.24,-2.7284,5.7879,1,0,none,baostock,query_history_k_data_plus
600006,SHSE.600006,,SH,A股-上交所,2021-01-11,8.19,8.32,7.9,7.95,8.2,113914010.0,924186131.3,-3.0488,5.6957,1,0,none,baostock,query_history_k_data_plus
600006,SHSE.600006,,SH,A股-上交所,2021-01-12,7.85,8.07,7.66,8.03,7.95,95830873.0,758965411.32,1.0063,4.7915,1,0,none,baostock,query_history_k_data_plus
600006,SHSE.600006,,SH,A股-上交所,2021-01-13,8.19,8.35,7.67,7.68,8.03,120620497.0,960683879.98,-4.3587,6.031,1,0,none,baostock,query_history_k_data_plus
600006,SHSE.600006,,SH,A股-上交所,2021-01-14,7.51,7.94,7.48,7.75,7.68,109661200.0,847839370.19,0.9115,5.4831,1,0,none,baostock,query_history_k_data_plus
600006,SHSE.600006,,SH,A股-上交所,2021-01-15,7.75,7.87,7.59,7.81,7.75,75420466.0,583550162.6,0.7742,3.771,1,0,none,baostock,query_history_k_data_plus
600006,SHSE.600006,,SH,A股-上交所,2021-01-18,7.81,7.81,7.53,7.61,7.81,66373728.0,508025739.05,-2.5608,3.3187,1,0,none,baostock,query_history_k_data_plus
600006,SHSE.600006,,SH,A股-上交所,2021-01-19,7.6,7.73,7.33,7.38,7.61,93384435.0,699790041.58,-3.0223,4.6692,1,0,none,baostock,query_history_k_data_plus
600006,SHSE.600006,,SH,A股-上交所,2021-01-20,7.42,7.55,7.35,7.45,7.38,85507491.0,636041801.17,0.9485,4.2754,1,0,none,baostock,query_history_k_data_plus
600006,SHSE.600006,,SH,A股-上交所,2021-01-21,7.38,7.54,7.11,7.51,7.45,107870040.0,796305046.76,0.8054,5.3935,1,0,none,baostock,query_history_k_data_plus
600006,SHSE.600006,,SH,A股-上交所,2021-01-22,7.55,7.94,7.23,7.56,7.51,154709917.0,1165054281.99,0.6658,7.7355,1,0,none,baostock,query_history_k_data_plus
600006,SHSE.600006,,SH,A股-上交所,2021-01-25,7.37,7.42,7.14,7.15,7.56,115750059.0,840197744.46,-5.4233,5.7875,1,0,none,baostock,query_history_k_data_plus
600006,SHSE.600006,,SH,A股-上交所,2021-01-26,7.16,7.19,6.8,6.88,7.15,84220192.0,586932536.69,-3.7762,4.211,1,0,none,baostock,query_history_k_data_plus
600006,SHSE.600006,,SH,A股-上交所,2021-01-27,6.87,7.14,6.8,6.99,6.88,70594818.0,491370667.14,1.5988,3.5297,1,0,none,baostock,query_history_k_data_plus
600006,SHSE.600006,,SH,A股-上交所,2021-01-28,6.85,7.13,6.8,7.0,6.99,76746477.0,534979213.26,0.1431,3.8373,1,0,none,baostock,query_history_k_data_plus
600006,SHSE.600006,,SH,A股-上交所,2021-01-29,7.11,7.18,6.45,6.57,7.0,91447771.0,611550915.69,-6.1429,4.5724,1,0,none,baostock,query_history_k_data_plus
600006,SHSE.600006,,SH,A股-上交所,2021-02-01,6.59,6.73,6.41,6.65,6.57,49297364.0,324579377.6,1.2177,2.4649,1,0,none,baostock,query_history_k_data_plus
600006,SHSE.600006,,SH,A股-上交所,2021-02-02,6.65,7.04,6.63,6.92,6.65,96175959.0,660235713.1,4.0602,4.8088,1,0,none,baostock,query_history_k_data_plus
600006,SHSE.600006,,SH,A股-上交所,2021-02-03,6.97,6.97,6.67,6.7,6.92,71090260.0,482373555.84,-3.1792,3.5545,1,0,none,baostock,query_history_k_data_plus
600006,SHSE.600006,,SH,A股-上交所,2021-02-04,6.66,7.27,6.56,6.89,6.7,113898307.0,791862465.96,2.8358,5.6949,1,0,none,baostock,query_history_k_data_plus
600006,SHSE.600006,,SH,A股-上交所,2021-02-05,6.76,6.87,6.2,6.28,6.89,101393856.0,663097028.71,-8.8534,5.0697,1,0,none,baostock,query_history_k_data_plus
600006,SHSE.600006,,SH,A股-上交所,2021-02-08,6.25,6.31,6.01,6.19,6.28,54151358.0,334001304.65,-1.4331,2.7076,1,0,none,baostock,query_history_k_data_plus
600006,SHSE.600006,,SH,A股-上交所,2021-02-09,6.25,6.62,6.13,6.5,6.19,72023469.0,460496210.83,5.0081,3.6012,1,0,none,baostock,query_history_k_data_plus
600006,SHSE.600006,,SH,A股-上交所,2021-02-10,6.53,6.69,6.39,6.42,6.5,59646684.0,388582440.23,-1.2308,2.9823,1,0,none,baostock,query_history_k_data_plus
600006,SHSE.600006,,SH,A股-上交所,2021-02-18,6.52,7.06,6.45,7.06,6.42,85037424.0,579430658.88,9.9688,4.2519,1,0,none,baostock,query_history_k_data_plus
600006,SHSE.600006,,SH,A股-上交所,2021-02-19,7.16,7.53,7.04,7.39,7.06,150221724.0,1094166573.18,4.6742,7.5111,1,0,none,baostock,query_history_k_data_plus
600006,SHSE.600006,,SH,A股-上交所,2021-02-22,7.28,7.54,7.12,7.22,7.39,118818783.0,870267585.53,-2.3004,5.9409,1,0,none,baostock,query_history_k_data_plus
600006,SHSE.600006,,SH,A股-上交所,2021-02-23,7.11,7.26,6.97,7.17,7.22,73764140.0,526524107.13,-0.6925,3.6882,1,0,none,baostock,query_history_k_data_plus
600006,SHSE.600006,,SH,A股-上交所,2021-02-24,7.12,7.37,7.01,7.09,7.17,62646380.0,449302152.98,-1.1158,3.1323,1,0,none,baostock,query_history_k_data_plus
600006,SHSE.600006,,SH,A股-上交所,2021-02-25,7.11,7.23,7.02,7.06,7.09,44369841.0,314714674.07,-0.4231,2.2185,1,0,none,baostock,query_history_k_data_plus
600006,SHSE.600006,,SH,A股-上交所,2021-02-26,6.9,7.15,6.68,6.97,7.06,61818606.0,427102220.52,-1.2748,3.0909,1,0,none,baostock,query_history_k_data_plus
600006,SHSE.600006,,SH,A股-上交所,2021-03-01,6.9,7.09,6.82,7.09,6.97,47980015.0,334870546.76,1.7217,2.399,1,0,none,baostock,query_history_k_data_plus
600006,SHSE.600006,,SH,A股-上交所,2021-03-02,7.11,7.15,6.77,6.83,7.09,47314890.0,327618856.52,-3.6671,2.3657,1,0,none,baostock,query_history_k_data_plus
600006,SHSE.600006,,SH,A股-上交所,2021-03-03,6.81,7.03,6.75,7.02,6.83,45202225.0,313016694.4,2.7818,2.2601,1,0,none,baostock,query_history_k_data_plus
600006,SHSE.600006,,SH,A股-上交所,2021-03-04,6.9,7.0,6.78,6.83,7.02,40362627.0,278063920.11,-2.7066,2.0181,1,0,none,baostock,query_history_k_data_plus
600006,SHSE.600006,,SH,A股-上交所,2021-03-05,6.74,7.38,6.71,7.23,6.83,95599772.0,682898957.72,5.8565,4.78,1,0,none,baostock,query_history_k_data_plus
600006,SHSE.600006,,SH,A股-上交所,2021-03-08,7.2,7.27,7.1,7.16,7.23,67450752.0,484096822.17,-0.9682,3.3725,1,0,none,baostock,query_history_k_data_plus
600006,SHSE.600006,,SH,A股-上交所,2021-03-09,7.16,7.19,6.44,6.44,7.16,132794550.0,870343734.33,-10.0559,6.6397,1,0,none,baostock,query_history_k_data_plus
600006,SHSE.600006,,SH,A股-上交所,2021-03-10,6.51,6.58,6.2,6.25,6.44,60943290.0,385339182.08,-2.9503,3.0472,1,0,none,baostock,query_history_k_data_plus
600006,SHSE.600006,,SH,A股-上交所,2021-03-11,6.17,6.35,6.1,6.34,6.25,46169870.0,288358267.49,1.44,2.3085,1,0,none,baostock,query_history_k_data_plus
600006,SHSE.600006,,SH,A股-上交所,2021-03-12,6.33,6.45,6.2,6.36,6.34,45633213.0,288963318.17,0.3155,2.2817,1,0,none,baostock,query_history_k_data_plus
600006,SHSE.600006,,SH,A股-上交所,2021-03-15,6.28,6.45,6.22,6.27,6.36,36275011.0,228651297.86,-1.4151,1.8138,1,0,none,baostock,query_history_k_data_plus
600006,SHSE.600006,,SH,A股-上交所,2021-03-16,6.39,6.62,6.37,6.52,6.27,67388769.0,438913495.91,3.9872,3.3694,1,0,none,baostock,query_history_k_data_plus
600006,SHSE.600006,,SH,A股-上交所,2021-03-17,6.45,6.46,6.33,6.42,6.52,37477074.0,239822824.59,-1.5337,1.8739,1,0,none,baostock,query_history_k_data_plus
600006,SHSE.600006,,SH,A股-上交所,2021-03-18,6.42,6.5,6.3,6.31,6.42,37059465.0,235711195.99,-1.7134,1.853,1,0,none,baostock,query_history_k_data_plus
600006,SHSE.600006,,SH,A股-上交所,2021-03-19,6.23,6.3,6.15,6.21,6.31,30314982.0,188547491.75,-1.5848,1.5157,1,0,none,baostock,query_history_k_data_plus
600006,SHSE.600006,,SH,A股-上交所,2021-03-22,6.21,6.51,6.17,6.45,6.21,55017947.0,351120892.15,3.8647,2.7509,1,0,none,baostock,query_history_k_data_plus
600006,SHSE.600006,,SH,A股-上交所,2021-03-23,6.47,6.49,6.21,6.28,6.45,36032982.0,227616484.66,-2.6357,1.8016,1,0,none,baostock,query_history_k_data_plus
600006,SHSE.600006,,SH,A股-上交所,2021-03-24,6.21,6.25,6.12,6.18,6.28,31446032.0,194064586.67,-1.5924,1.5723,1,0,none,baostock,query_history_k_data_plus
600006,SHSE.600006,,SH,A股-上交所,2021-03-25,6.12,6.2,6.11,6.14,6.18,18128950.0,111574818.15,-0.6472,0.9064,1,0,none,baostock,query_history_k_data_plus
600006,SHSE.600006,,SH,A股-上交所,2021-03-26,6.14,6.35,6.12,6.33,6.14,41810770.0,261982877.24,3.0945,2.0905,1,0,none,baostock,query_history_k_data_plus
600006,SHSE.600006,,SH,A股-上交所,2021-03-29,6.31,6.31,6.18,6.26,6.33,30940589.0,192677431.56,-1.1058,1.547,1,0,none,baostock,query_history_k_data_plus
600006,SHSE.600006,,SH,A股-上交所,2021-03-30,6.18,6.24,6.17,6.2,6.26,21842416.0,135308776.88,-0.9585,1.0921,1,0,none,baostock,query_history_k_data_plus
600006,SHSE.600006,,SH,A股-上交所,2021-03-31,6.28,6.49,6.23,6.27,6.2,35089856.0,222097752.81,1.129,1.7545,1,0,none,baostock,query_history_k_data_plus
600006,SHSE.600006,,SH,A股-上交所,2021-04-01,6.31,6.48,6.29,6.36,6.27,52042661.0,332826240.15,1.4354,2.6021,1,0,none,baostock,query_history_k_data_plus
600006,SHSE.600006,,SH,A股-上交所,2021-04-02,6.29,6.44,6.17,6.3,6.36,44155686.0,277026711.02,-0.9434,2.2078,1,0,none,baostock,query_history_k_data_plus
600006,SHSE.600006,,SH,A股-上交所,2021-04-06,6.32,6.56,6.31,6.5,6.3,63012254.0,407104292.48,3.1746,3.1506,1,0,none,baostock,query_history_k_data_plus
600006,SHSE.600006,,SH,A股-上交所,2021-04-07,6.45,6.46,6.36,6.42,6.5,37183855.0,237887515.41,-1.2308,1.8592,1,0,none,baostock,query_history_k_data_plus
600006,SHSE.600006,,SH,A股-上交所,2021-04-08,6.4,6.42,6.31,6.32,6.42,30279642.0,192074952.59,-1.5576,1.514,1,0,none,baostock,query_history_k_data_plus
600006,SHSE.600006,,SH,A股-上交所,2021-04-09,6.36,6.38,6.24,6.28,6.32,25400373.0,160237947.36,-0.6329,1.27,1,0,none,baostock,query_history_k_data_plus
600006,SHSE.600006,,SH,A股-上交所,2021-04-12,6.25,6.27,6.13,6.16,6.28,27501058.0,170219829.98,-1.9108,1.3751,1,0,none,baostock,query_history_k_data_plus
600006,SHSE.600006,,SH,A股-上交所,2021-04-13,6.19,6.22,6.1,6.14,6.16,25213307.0,155307468.2,-0.3247,1.2607,1,0,none,baostock,query_history_k_data_plus
600006,SHSE.600006,,SH,A股-上交所,2021-04-14,6.18,6.27,6.18,6.23,6.14,28700776.0,178320637.25,1.4658,1.435,1,0,none,baostock,query_history_k_data_plus
600006,SHSE.600006,,SH,A股-上交所,2021-04-15,6.19,6.21,6.1,6.21,6.23,21353705.0,131326285.05,-0.321,1.0677,1,0,none,baostock,query_history_k_data_plus
600006,SHSE.600006,,SH,A股-上交所,2021-04-16,6.2,6.55,6.2,6.48,6.21,81608604.0,523363201.35,4.3478,4.0804,1,0,none,baostock,query_history_k_data_plus
600006,SHSE.600006,,SH,A股-上交所,2021-04-19,6.73,7.13,6.72,7.13,6.48,93630708.0,651739391.23,10.0309,4.6815,1,0,none,baostock,query_history_k_data_plus
600006,SHSE.600006,,SH,A股-上交所,2021-04-20,7.5,7.78,7.07,7.08,7.13,207618028.0,1534494382.95,-0.7013,10.3809,1,0,none,baostock,query_history_k_data_plus
600006,SHSE.600006,,SH,A股-上交所,2021-04-21,6.8,7.24,6.77,6.84,7.08,110517539.0,764635829.45,-3.3898,5.5259,1,0,none,baostock,query_history_k_data_plus
600006,SHSE.600006,,SH,A股-上交所,2021-04-22,6.87,6.95,6.73,6.74,6.84,71366780.0,487132769.2,-1.462,3.5683,1,0,none,baostock,query_history_k_data_plus
600006,SHSE.600006,,SH,A股-上交所,2021-04-23,6.77,6.81,6.6,6.6,6.74,52169702.0,348149937.99,-2.0772,2.6085,1,0,none,baostock,query_history_k_data_plus
600006,SHSE.600006,,SH,A股-上交所,2021-04-26,6.6,6.79,6.56,6.66,6.6,63612476.0,424052941.52,0.9091,3.1806,1,0,none,baostock,query_history_k_data_plus
600006,SHSE.600006,,SH,A股-上交所,2021-04-27,6.55,6.58,6.28,6.39,6.66,57360779.0,367261076.12,-4.0541,2.868,1,0,none,baostock,query_history_k_data_plus
600006,SHSE.600006,,SH,A股-上交所,2021-04-28,6.32,6.48,6.3,6.45,6.39,43475457.0,278604490.72,0.939,2.1738,1,0,none,baostock,query_history_k_data_plus
600006,SHSE.600006,,SH,A股-上交所,2021-04-29,6.39,6.4,6.29,6.35,6.45,35573191.0,225599892.55,-1.5504,1.7787,1,0,none,baostock,query_history_k_data_plus
600006,SHSE.600006,,SH,A股-上交所,2021-04-30,6.42,6.51,6.36,6.4,6.35,35242940.0,226185230.95,0.7874,1.7621,1,0,none,baostock,query_history_k_data_plus
600006,SHSE.600006,,SH,A股-上交所,2021-05-06,6.36,6.63,6.34,6.56,6.4,53067553.0,345459548.87,2.5,2.6534,1,0,none,baostock,query_history_k_data_plus
600006,SHSE.600006,,SH,A股-上交所,2021-05-07,6.5,6.5,6.37,6.4,6.56,38729926.0,248602375.47,-2.439,1.9365,1,0,none,baostock,query_history_k_data_plus
600006,SHSE.600006,,SH,A股-上交所,2021-05-10,6.36,6.85,6.24,6.75,6.4,78658021.0,517649478.03,5.4688,3.9329,1,0,none,baostock,query_history_k_data_plus
600006,SHSE.600006,,SH,A股-上交所,2021-05-11,6.69,7.0,6.47,6.76,6.75,90365224.0,608907700.98,0.1481,4.5183,1,0,none,baostock,query_history_k_data_plus
600006,SHSE.600006,,SH,A股-上交所,2021-05-12,6.65,7.29,6.61,7.1,6.76,123776360.0,871550820.24,5.0296,6.1888,1,0,none,baostock,query_history_k_data_plus
600006,SHSE.600006,,SH,A股-上交所,2021-05-13,6.99,7.05,6.72,6.74,7.1,83899527.0,578093924.96,-5.0704,4.195,1,0,none,baostock,query_history_k_data_plus
600006,SHSE.600006,,SH,A股-上交所,2021-05-14,6.75,7.08,6.68,7.03,6.74,93623552.0,647092682.14,4.3027,4.6812,1,0,none,baostock,query_history_k_data_plus
600006,SHSE.600006,,SH,A股-上交所,2021-05-17,7.02,7.38,6.89,7.28,7.03,130027887.0,931240738.98,3.5562,6.5014,1,0,none,baostock,query_history_k_data_plus
600006,SHSE.600006,,SH,A股-上交所,2021-05-18,7.15,7.24,7.06,7.14,7.28,73538367.0,524401674.75,-1.9231,3.6769,1,0,none,baostock,query_history_k_data_plus
600006,SHSE.600006,,SH,A股-上交所,2021-05-19,7.11,7.7,6.95,7.39,7.14,133744369.0,981306884.78,3.5014,6.6872,1,0,none,baostock,query_history_k_data_plus
600006,SHSE.600006,,SH,A股-上交所,2021-05-20,7.28,7.56,7.22,7.22,7.39,104302856.0,769890119.09,-2.3004,5.2151,1,0,none,baostock,query_history_k_data_plus
600006,SHSE.600006,,SH,A股-上交所,2021-05-21,7.15,7.37,6.99,7.19,7.22,91152061.0,652157849.96,-0.4155,4.5576,1,0,none,baostock,query_history_k_data_plus
600006,SHSE.600006,,SH,A股-上交所,2021-05-24,7.1,7.1,6.85,6.85,7.19,73777156.0,512438022.17,-4.7288,3.6889,1,0,none,baostock,query_history_k_data_plus
600006,SHSE.600006,,SH,A股-上交所,2021-05-25,6.85,6.94,6.78,6.92,6.85,45477466.0,312504654.93,1.0219,2.2739,1,0,none,baostock,query_history_k_data_plus
600006,SHSE.600006,,SH,A股-上交所,2021-05-26,6.99,7.18,6.95,6.99,6.92,65490586.0,463189687.13,1.0116,3.2745,1,0,none,baostock,query_history_k_data_plus
600006,SHSE.600006,,SH,A股-上交所,2021-05-27,6.98,7.07,6.89,6.91,6.99,43711963.0,303972616.26,-1.1445,2.1856,1,0,none,baostock,query_history_k_data_plus
600006,SHSE.600006,,SH,A股-上交所,2021-05-28,6.88,7.14,6.86,7.08,6.91,71225371.0,502520462.48,2.4602,3.5613,1,0,none,baostock,query_history_k_data_plus
600006,SHSE.600006,,SH,A股-上交所,2021-05-31,7.1,7.24,6.95,7.23,7.08,68971663.0,491117810.38,2.1186,3.4486,1,0,none,baostock,query_history_k_data_plus
600006,SHSE.600006,,SH,A股-上交所,2021-06-01,7.13,7.28,7.07,7.19,7.23,58337945.0,418209922.92,-0.5533,2.9169,1,0,none,baostock,query_history_k_data_plus
600006,SHSE.600006,,SH,A股-上交所,2021-06-02,7.18,7.91,7.16,7.91,7.19,143757631.0,1094523564.18,10.0139,7.1879,1,0,none,baostock,query_history_k_data_plus
600006,SHSE.600006,,SH,A股-上交所,2021-06-03,8.19,8.44,7.72,7.73,7.91,237122601.0,1912594122.01,-2.2756,11.8561,1,0,none,baostock,query_history_k_data_plus
600006,SHSE.600006,,SH,A股-上交所,2021-06-04,7.74,7.92,7.5,7.62,7.73,122008027.0,938784163.54,-1.423,6.1004,1,0,none,baostock,query_history_k_data_plus
600006,SHSE.600006,,SH,A股-上交所,2021-06-07,7.63,7.71,7.45,7.55,7.62,87758037.0,665941822.27,-0.9186,4.3879,1,0,none,baostock,query_history_k_data_plus
600006,SHSE.600006,,SH,A股-上交所,2021-06-08,7.5,8.09,7.48,7.96,7.55,146118260.0,1145500947.67,5.4305,7.3059,1,0,none,baostock,query_history_k_data_plus
600006,SHSE.600006,,SH,A股-上交所,2021-06-09,7.95,7.95,7.68,7.76,7.96,84823255.0,659908556.17,-2.5126,4.2412,1,0,none,baostock,query_history_k_data_plus
600006,SHSE.600006,,SH,A股-上交所,2021-06-10,7.68,8.2,7.65,8.12,7.76,126630996.0,1011335800.28,4.6392,6.3315,1,0,none,baostock,query_history_k_data_plus
600006,SHSE.600006,,SH,A股-上交所,2021-06-11,8.11,8.11,7.8,7.95,8.12,108069319.0,858684683.81,-2.0936,5.4035,1,0,none,baostock,query_history_k_data_plus
600006,SHSE.600006,,SH,A股-上交所,2021-06-15,7.85,8.14,7.6,7.65,7.95,90276227.0,709155026.02,-3.7736,4.5138,1,0,none,baostock,query_history_k_data_plus
600006,SHSE.600006,,SH,A股-上交所,2021-06-16,7.51,7.54,6.9,6.92,7.65,111637131.0,797567864.53,-9.5425,5.5819,1,0,none,baostock,query_history_k_data_plus
600006,SHSE.600006,,SH,A股-上交所,2021-06-17,6.88,7.11,6.84,7.04,6.92,56044989.0,393031320.98,1.7341,2.8022,1,0,none,baostock,query_history_k_data_plus
600006,SHSE.600006,,SH,A股-上交所,2021-06-18,7.01,7.64,6.96,7.47,7.04,99082319.0,726964651.96,6.108,4.9541,1,0,none,baostock,query_history_k_data_plus
600006,SHSE.600006,,SH,A股-上交所,2021-06-21,7.45,7.67,7.38,7.51,7.47,83999755.0,633719051.87,0.5355,4.2,1,0,none,baostock,query_history_k_data_plus
600006,SHSE.600006,,SH,A股-上交所,2021-06-22,7.67,7.84,7.54,7.61,7.51,79629833.0,610560895.1,1.3316,3.9815,1,0,none,baostock,query_history_k_data_plus
600006,SHSE.600006,,SH,A股-上交所,2021-06-23,7.58,8.01,7.56,7.79,7.61,106702605.0,836638806.74,2.3653,5.3351,1,0,none,baostock,query_history_k_data_plus
600006,SHSE.600006,,SH,A股-上交所,2021-06-24,7.75,8.03,7.66,7.7,7.79,89151728.0,695342012.32,-1.1553,4.4576,1,0,none,baostock,query_history_k_data_plus
600006,SHSE.600006,,SH,A股-上交所,2021-06-25,7.66,7.78,7.45,7.66,7.7,79578593.0,605958423.61,-0.5195,3.9789,1,0,none,baostock,query_history_k_data_plus
600006,SHSE.600006,,SH,A股-上交所,2021-06-28,7.73,8.03,7.63,7.69,7.66,84142666.0,656947693.81,0.3916,4.2071,1,0,none,baostock,query_history_k_data_plus
600006,SHSE.600006,,SH,A股-上交所,2021-06-29,7.7,7.78,7.28,7.3,7.69,74572482.0,553415685.32,-5.0715,3.7286,1,0,none,baostock,query_history_k_data_plus
600006,SHSE.600006,,SH,A股-上交所,2021-06-30,7.3,7.35,7.22,7.3,7.3,44419503.0,323675343.2,0.0,2.221,1,0,none,baostock,query_history_k_data_plus
600006,SHSE.600006,,SH,A股-上交所,2021-07-01,7.32,7.4,7.15,7.16,7.3,51178883.0,370501280.77,-1.9178,2.5589,1,0,none,baostock,query_history_k_data_plus
600006,SHSE.600006,,SH,A股-上交所,2021-07-02,7.12,7.39,7.1,7.28,7.16,50634260.0,366622970.78,1.676,2.5317,1,0,none,baostock,query_history_k_data_plus
600006,SHSE.600006,,SH,A股-上交所,2021-07-05,7.45,7.55,7.28,7.44,7.28,61538194.0,456772124.28,2.1978,3.0769,1,0,none,baostock,query_history_k_data_plus
600006,SHSE.600006,,SH,A股-上交所,2021-07-06,7.36,7.46,7.19,7.35,7.44,53794649.0,393385892.64,-1.2097,2.6897,1,0,none,baostock,query_history_k_data_plus
600006,SHSE.600006,,SH,A股-上交所,2021-07-07,7.28,7.66,7.19,7.66,7.35,89986617.0,674645482.48,4.2177,4.4993,1,0,none,baostock,query_history_k_data_plus
600006,SHSE.600006,,SH,A股-上交所,2021-07-08,7.72,7.75,7.5,7.59,7.66,60830118.0,462327686.3,-0.9138,3.0415,1,0,none,baostock,query_history_k_data_plus
600006,SHSE.600006,,SH,A股-上交所,2021-07-09,7.5,7.89,7.45,7.79,7.59,108742228.0,843854281.09,2.635,5.4371,1,0,none,baostock,query_history_k_data_plus
600006,SHSE.600006,,SH,A股-上交所,2021-07-12,7.81,8.05,7.74,7.76,7.79,112415213.0,885113651.88,-0.3851,5.6208,1,0,none,baostock,query_history_k_data_plus
600006,SHSE.600006,,SH,A股-上交所,2021-07-13,7.68,7.83,7.6,7.69,7.76,63402484.0,487617684.77,-0.9021,3.1701,1,0,none,baostock,query_history_k_data_plus
600006,SHSE.600006,,SH,A股-上交所,2021-07-14,7.61,8.09,7.35,7.91,7.61,123770488.0,954971949.01,3.9422,6.1885,1,0,none,baostock,query_history_k_data_plus
600006,SHSE.600006,,SH,A股-上交所,2021-07-15,7.8,7.88,7.54,7.6,7.91,76167628.0,584084161.88,-3.9191,3.8084,1,0,none,baostock,query_history_k_data_plus
600006,SHSE.600006,,SH,A股-上交所,2021-07-16,7.59,7.89,7.48,7.73,7.6,81971104.0,633855603.78,1.7105,4.0986,1,0,none,baostock,query_history_k_data_plus
600006,SHSE.600006,,SH,A股-上交所,2021-07-19,7.57,7.64,7.33,7.4,7.73,69506008.0,518355946.35,-4.2691,3.4753,1,0,none,baostock,query_history_k_data_plus
600006,SHSE.600006,,SH,A股-上交所,2021-07-20,7.3,7.48,7.28,7.43,7.4,34415819.0,254781535.99,0.4054,1.7208,1,0,none,baostock,query_history_k_data_plus
600006,SHSE.600006,,SH,A股-上交所,2021-07-21,7.44,8.17,7.44,8.17,7.43,167407274.0,1329902090.06,9.9596,8.3704,1,0,none,baostock,query_history_k_data_plus
600006,SHSE.600006,,SH,A股-上交所,2021-07-22,8.27,8.5,8.2,8.4,8.17,174638029.0,1465082459.63,2.8152,8.7319,1,0,none,baostock,query_history_k_data_plus
600006,SHSE.600006,,SH,A股-上交所,2021-07-23,8.42,9.18,8.33,8.81,8.4,172455270.0,1510028927.64,4.881,8.6228,1,0,none,baostock,query_history_k_data_plus
600006,SHSE.600006,,SH,A股-上交所,2021-07-26,8.82,8.85,8.12,8.27,8.81,128078425.0,1078424712.32,-6.1294,6.4039,1,0,none,baostock,query_history_k_data_plus
600006,SHSE.600006,,SH,A股-上交所,2021-07-27,8.28,9.1,7.99,8.84,8.27,207237337.0,1802039885.65,6.8924,10.3619,1,0,none,baostock,query_history_k_data_plus
600006,SHSE.600006,,SH,A股-上交所,2021-07-28,8.55,9.48,8.33,9.3,8.84,216397207.0,1911730086.15,5.2036,10.8199,1,0,none,baostock,query_history_k_data_plus
600006,SHSE.600006,,SH,A股-上交所,2021-07-29,9.57,10.2,9.12,9.37,9.3,259950490.0,2514556117.62,0.7527,12.9975,1,0,none,baostock,query_history_k_data_plus
600006,SHSE.600006,,SH,A股-上交所,2021-07-30,9.03,9.4,8.88,8.97,9.37,182092773.0,1662142116.7,-4.2689,9.1046,1,0,none,baostock,query_history_k_data_plus
600006,SHSE.600006,,SH,A股-上交所,2021-08-02,9.08,9.31,8.91,9.1,8.97,159258312.0,1451199951.63,1.4493,7.9629,1,0,none,baostock,query_history_k_data_plus
600006,SHSE.600006,,SH,A股-上交所,2021-08-03,9.15,9.15,8.39,8.53,9.1,143377670.0,1253932866.67,-6.2637,7.1689,1,0,none,baostock,query_history_k_data_plus
600006,SHSE.600006,,SH,A股-上交所,2021-08-04,8.55,8.97,8.51,8.74,8.53,109892929.0,966147524.02,2.4619,5.4946,1,0,none,baostock,query_history_k_data_plus
600006,SHSE.600006,,SH,A股-上交所,2021-08-05,8.75,8.92,8.5,8.63,8.74,101178093.0,877949108.83,-1.2586,5.0589,1,0,none,baostock,query_history_k_data_plus
600006,SHSE.600006,,SH,A股-上交所,2021-08-06,8.7,8.84,8.51,8.66,8.63,83204753.0,721857623.4,0.3476,4.1602,1,0,none,baostock,query_history_k_data_plus
600006,SHSE.600006,,SH,A股-上交所,2021-08-09,8.57,8.67,8.31,8.61,8.66,74510047.0,633123633.04,-0.5774,3.7255,1,0,none,baostock,query_history_k_data_plus
600006,SHSE.600006,,SH,A股-上交所,2021-08-10,8.51,8.77,8.5,8.64,8.61,79673580.0,687338093.95,0.3484,3.9837,1,0,none,baostock,query_history_k_data_plus
600006,SHSE.600006,,SH,A股-上交所,2021-08-11,8.68,8.76,8.53,8.73,8.64,74230576.0,641264610.47,1.0417,3.7115,1,0,none,baostock,query_history_k_data_plus
600006,SHSE.600006,,SH,A股-上交所,2021-08-12,8.9,9.6,8.83,9.6,8.73,106830987.0,988656128.55,9.9656,5.3415,1,0,none,baostock,query_history_k_data_plus
600006,SHSE.600006,,SH,A股-上交所,2021-08-13,9.84,10.1,9.24,9.29,9.6,185132991.0,1772817833.52,-3.2292,9.2566,1,0,none,baostock,query_history_k_data_plus
600006,SHSE.600006,,SH,A股-上交所,2021-08-16,9.04,9.32,8.93,8.94,9.29,119251186.0,1085154530.85,-3.7675,5.9626,1,0,none,baostock,query_history_k_data_plus
600006,SHSE.600006,,SH,A股-上交所,2021-08-17,8.8,9.07,8.45,8.5,8.94,110657249.0,966612884.43,-4.9217,5.5329,1,0,none,baostock,query_history_k_data_plus
600006,SHSE.600006,,SH,A股-上交所,2021-08-18,8.43,8.55,8.33,8.51,8.5,64396382.0,542946763.69,0.1176,3.2198,1,0,none,baostock,query_history_k_data_plus
600006,SHSE.600006,,SH,A股-上交所,2021-08-19,8.56,8.9,8.51,8.72,8.51,92064208.0,800715062.47,2.4677,4.6032,1,0,none,baostock,query_history_k_data_plus
600006,SHSE.600006,,SH,A股-上交所,2021-08-20,8.58,8.66,8.4,8.49,8.72,57261241.0,487531705.49,-2.6376,2.8631,1,0,none,baostock,query_history_k_data_plus
600006,SHSE.600006,,SH,A股-上交所,2021-08-23,8.51,8.72,8.47,8.67,8.49,57641649.0,495831759.87,2.1201,2.8821,1,0,none,baostock,query_history_k_data_plus
600006,SHSE.600006,,SH,A股-上交所,2021-08-24,8.63,8.89,8.63,8.7,8.67,63382250.0,553471293.49,0.346,3.1691,1,0,none,baostock,query_history_k_data_plus
600006,SHSE.600006,,SH,A股-上交所,2021-08-25,8.7,8.77,8.46,8.68,8.7,53391413.0,460246472.14,-0.2299,2.6696,1,0,none,baostock,query_history_k_data_plus
600006,SHSE.600006,,SH,A股-上交所,2021-08-26,8.63,8.63,8.26,8.3,8.68,74381880.0,627658491.77,-4.3779,3.7191,1,0,none,baostock,query_history_k_data_plus
600006,SHSE.600006,,SH,A股-上交所,2021-08-27,8.27,8.83,8.25,8.73,8.3,91327992.0,787922950.52,5.1807,4.5664,1,0,none,baostock,query_history_k_data_plus
600006,SHSE.600006,,SH,A股-上交所,2021-08-30,8.68,8.96,8.43,8.8,8.73,77525640.0,676444813.08,0.8018,3.8763,1,0,none,baostock,query_history_k_data_plus
600006,SHSE.600006,,SH,A股-上交所,2021-08-31,8.84,9.06,8.71,8.87,8.8,77562065.0,688418068.44,0.7955,3.8781,1,0,none,baostock,query_history_k_data_plus
600006,SHSE.600006,,SH,A股-上交所,2021-09-01,8.8,8.96,8.47,8.6,8.87,64978874.0,564229793.77,-3.044,3.2489,1,0,none,baostock,query_history_k_data_plus
600006,SHSE.600006,,SH,A股-上交所,2021-09-02,8.51,9.05,8.47,9.04,8.6,105459901.0,933082450.73,5.1163,5.273,1,0,none,baostock,query_history_k_data_plus
600006,SHSE.600006,,SH,A股-上交所,2021-09-03,8.96,9.01,8.6,8.71,9.04,74417550.0,655244202.74,-3.6504,3.7209,1,0,none,baostock,query_history_k_data_plus
600006,SHSE.600006,,SH,A股-上交所,2021-09-06,8.71,8.87,8.56,8.85,8.71,54339069.0,475029653.12,1.6073,2.717,1,0,none,baostock,query_history_k_data_plus
600006,SHSE.600006,,SH,A股-上交所,2021-09-07,8.82,9.14,8.76,9.04,8.85,85452155.0,768981146.21,2.1469,4.2726,1,0,none,baostock,query_history_k_data_plus
600006,SHSE.600006,,SH,A股-上交所,2021-09-08,9.0,9.48,8.92,9.19,9.04,84707614.0,776907538.75,1.6593,4.2354,1,0,none,baostock,query_history_k_data_plus
600006,SHSE.600006,,SH,A股-上交所,2021-09-09,9.04,9.75,9.01,9.47,9.19,117100385.0,1096825271.14,3.0468,5.855,1,0,none,baostock,query_history_k_data_plus
600006,SHSE.600006,,SH,A股-上交所,2021-09-10,9.4,9.62,9.15,9.2,9.47,87850625.0,819902780.84,-2.8511,4.3925,1,0,none,baostock,query_history_k_data_plus
600006,SHSE.600006,,SH,A股-上交所,2021-09-13,9.0,9.0,8.7,8.82,9.2,80089350.0,705098815.97,-4.1304,4.0045,1,0,none,baostock,query_history_k_data_plus
600006,SHSE.600006,,SH,A股-上交所,2021-09-14,8.75,8.85,8.61,8.64,8.82,52212081.0,455198615.69,-2.0408,2.6106,1,0,none,baostock,query_history_k_data_plus
600006,SHSE.600006,,SH,A股-上交所,2021-09-15,8.64,8.77,8.56,8.74,8.64,35882750.0,311313852.26,1.1574,1.7941,1,0,none,baostock,query_history_k_data_plus
600006,SHSE.600006,,SH,A股-上交所,2021-09-16,8.7,8.75,8.4,8.41,8.74,49295790.0,420825462.27,-3.7757,2.4648,1,0,none,baostock,query_history_k_data_plus
600006,SHSE.600006,,SH,A股-上交所,2021-09-17,8.5,8.57,8.18,8.33,8.41,34321980.0,287656085.6,-0.9512,1.7161,1,0,none,baostock,query_history_k_data_plus
600006,SHSE.600006,,SH,A股-上交所,2021-09-22,8.16,8.25,8.05,8.08,8.33,40982928.0,332962888.84,-3.0012,2.0491,1,0,none,baostock,query_history_k_data_plus
600006,SHSE.600006,,SH,A股-上交所,2021-09-23,8.13,8.2,8.06,8.16,8.08,31023391.0,252368552.13,0.9901,1.5512,1,0,none,baostock,query_history_k_data_plus
600006,SHSE.600006,,SH,A股-上交所,2021-09-24,8.16,8.18,7.71,7.75,8.16,48779851.0,386330402.21,-5.0245,2.439,1,0,none,baostock,query_history_k_data_plus
600006,SHSE.600006,,SH,A股-上交所,2021-09-27,7.75,7.87,7.38,7.49,7.75,39162651.0,297454788.48,-3.3548,1.9581,1,0,none,baostock,query_history_k_data_plus
600006,SHSE.600006,,SH,A股-上交所,2021-09-28,7.5,7.54,7.41,7.52,7.49,21380368.0,160020688.05,0.4005,1.069,1,0,none,baostock,query_history_k_data_plus
600006,SHSE.600006,,SH,A股-上交所,2021-09-29,7.47,7.48,7.2,7.21,7.52,29546302.0,216390279.77,-4.1223,1.4773,1,0,none,baostock,query_history_k_data_plus
600006,SHSE.600006,,SH,A股-上交所,2021-09-30,7.21,7.38,7.21,7.31,7.21,19938235.0,145408547.83,1.387,0.9969,1,0,none,baostock,query_history_k_data_plus
600006,SHSE.600006,,SH,A股-上交所,2021-10-08,7.4,7.64,7.38,7.62,7.31,29757524.0,224277616.4,4.2408,1.4879,1,0,none,baostock,query_history_k_data_plus
600006,SHSE.600006,,SH,A股-上交所,2021-10-11,7.62,7.69,7.46,7.56,7.62,23118910.0,175055450.32,-0.7874,1.1559,1,0,none,baostock,query_history_k_data_plus
600006,SHSE.600006,,SH,A股-上交所,2021-10-12,7.5,7.67,7.46,7.59,7.56,23972375.0,181151334.3,0.3968,1.1986,1,0,none,baostock,query_history_k_data_plus
600006,SHSE.600006,,SH,A股-上交所,2021-10-13,7.56,7.94,7.51,7.87,7.59,43921113.0,344414100.35,3.6891,2.1961,1,0,none,baostock,query_history_k_data_plus
600006,SHSE.600006,,SH,A股-上交所,2021-10-14,7.77,7.85,7.68,7.79,7.87,24533411.0,190071451.57,-1.0165,1.2267,1,0,none,baostock,query_history_k_data_plus
600006,SHSE.600006,,SH,A股-上交所,2021-10-15,7.78,7.88,7.7,7.76,7.79,23416821.0,182405175.44,-0.3851,1.1708,1,0,none,baostock,query_history_k_data_plus
600006,SHSE.600006,,SH,A股-上交所,2021-10-18,7.77,7.89,7.71,7.77,7.76,22952294.0,178677354.58,0.1289,1.1476,1,0,none,baostock,query_history_k_data_plus
600006,SHSE.600006,,SH,A股-上交所,2021-10-19,7.7,7.72,7.44,7.52,7.77,35683425.0,269418555.4,-3.2175,1.7842,1,0,none,baostock,query_history_k_data_plus
600006,SHSE.600006,,SH,A股-上交所,2021-10-20,7.57,7.85,7.45,7.73,7.52,38951692.0,299162035.92,2.7926,1.9476,1,0,none,baostock,query_history_k_data_plus
600006,SHSE.600006,,SH,A股-上交所,2021-10-21,7.68,7.71,7.5,7.5,7.73,28523449.0,215856177.5,-2.9754,1.4262,1,0,none,baostock,query_history_k_data_plus
600006,SHSE.600006,,SH,A股-上交所,2021-10-22,7.53,7.6,7.42,7.44,7.5,20161556.0,151312610.64,-0.8,1.0081,1,0,none,baostock,query_history_k_data_plus
600006,SHSE.600006,,SH,A股-上交所,2021-10-25,7.45,7.6,7.38,7.59,7.44,24257653.0,181939665.06,2.0161,1.2129,1,0,none,baostock,query_history_k_data_plus
600006,SHSE.600006,,SH,A股-上交所,2021-10-26,7.68,7.79,7.51,7.56,7.59,30450508.0,232999057.16,-0.3953,1.5225,1,0,none,baostock,query_history_k_data_plus
600006,SHSE.600006,,SH,A股-上交所,2021-10-27,7.56,7.75,7.48,7.53,7.56,24531326.0,186520635.54,-0.3968,1.2266,1,0,none,baostock,query_history_k_data_plus
600006,SHSE.600006,,SH,A股-上交所,2021-10-28,7.48,7.48,6.82,6.99,7.53,51377078.0,363855410.03,-7.1713,2.5689,1,0,none,baostock,query_history_k_data_plus
600006,SHSE.600006,,SH,A股-上交所,2021-10-29,7.0,7.07,6.88,6.95,6.99,26967762.0,187516278.63,-0.5722,1.3484,1,0,none,baostock,query_history_k_data_plus
600006,SHSE.600006,,SH,A股-上交所,2021-11-01,6.85,7.09,6.81,7.01,6.95,23624181.0,165308536.01,0.8633,1.1812,1,0,none,baostock,query_history_k_data_plus
600006,SHSE.600006,,SH,A股-上交所,2021-11-02,7.04,7.09,6.76,6.84,7.01,29542484.0,204217975.32,-2.4251,1.4771,1,0,none,baostock,query_history_k_data_plus
600006,SHSE.600006,,SH,A股-上交所,2021-11-03,6.84,6.9,6.63,6.75,6.84,28926691.0,194758019.64,-1.3158,1.4463,1,0,none,baostock,query_history_k_data_plus
600006,SHSE.600006,,SH,A股-上交所,2021-11-04,6.77,7.27,6.77,7.09,6.75,54505829.0,383271542.31,5.037,2.7253,1,0,none,baostock,query_history_k_data_plus
600006,SHSE.600006,,SH,A股-上交所,2021-11-05,7.01,7.24,7.0,7.03,7.09,31251822.0,222074027.12,-0.8463,1.5626,1,0,none,baostock,query_history_k_data_plus
600006,SHSE.600006,,SH,A股-上交所,2021-11-08,7.03,7.18,7.01,7.08,7.03,24729919.0,175585512.92,0.7112,1.2365,1,0,none,baostock,query_history_k_data_plus
600006,SHSE.600006,,SH,A股-上交所,2021-11-09,7.13,7.17,7.05,7.11,7.08,17422735.0,123688556.02,0.4237,0.8711,1,0,none,baostock,query_history_k_data_plus
600006,SHSE.600006,,SH,A股-上交所,2021-11-10,7.1,7.12,6.91,7.04,7.11,22335113.0,156209632.42,-0.9845,1.1168,1,0,none,baostock,query_history_k_data_plus
600006,SHSE.600006,,SH,A股-上交所,2021-11-11,7.04,7.12,6.98,7.02,7.04,20494214.0,144262932.22,-0.2841,1.0247,1,0,none,baostock,query_history_k_data_plus
600006,SHSE.600006,,SH,A股-上交所,2021-11-12,7.03,7.16,6.93,7.09,7.02,32086802.0,225945038.36,0.9972,1.6043,1,0,none,baostock,query_history_k_data_plus
600006,SHSE.600006,,SH,A股-上交所,2021-11-15,7.07,7.16,6.9,6.94,7.09,32560993.0,227359341.67,-2.1157,1.628,1,0,none,baostock,query_history_k_data_plus
600006,SHSE.600006,,SH,A股-上交所,2021-11-16,6.93,6.95,6.78,6.8,6.94,24746226.0,169468007.35,-2.0173,1.2373,1,0,none,baostock,query_history_k_data_plus
600006,SHSE.600006,,SH,A股-上交所,2021-11-17,6.82,6.87,6.78,6.85,6.8,16651732.0,113796372.36,0.7353,0.8326,1,0,none,baostock,query_history_k_data_plus
600006,SHSE.600006,,SH,A股-上交所,2021-11-18,6.83,6.85,6.73,6.75,6.85,19502093.0,132321035.46,-1.4599,0.9751,1,0,none,baostock,query_history_k_data_plus
600006,SHSE.600006,,SH,A股-上交所,2021-11-19,6.77,7.06,6.66,6.97,6.75,46696441.0,321831405.32,3.2593,2.3348,1,0,none,baostock,query_history_k_data_plus
600006,SHSE.600006,,SH,A股-上交所,2021-11-22,6.9,7.15,6.87,7.1,6.97,46861599.0,330996520.3,1.8651,2.3431,1,0,none,baostock,query_history_k_data_plus
600006,SHSE.600006,,SH,A股-上交所,2021-11-23,7.06,7.2,7.05,7.11,7.1,31812246.0,226184545.3,0.1408,1.5906,1,0,none,baostock,query_history_k_data_plus
600006,SHSE.600006,,SH,A股-上交所,2021-11-24,7.14,7.15,7.03,7.05,7.11,19141748.0,135278666.01,-0.8439,0.9571,1,0,none,baostock,query_history_k_data_plus
600006,SHSE.600006,,SH,A股-上交所,2021-11-25,7.07,7.07,6.93,6.95,7.05,19737700.0,137651905.0,-1.4184,0.9869,1,0,none,baostock,query_history_k_data_plus
600006,SHSE.600006,,SH,A股-上交所,2021-11-26,6.92,7.65,6.91,7.43,6.95,90167160.0,659876902.65,6.9065,4.5084,1,0,none,baostock,query_history_k_data_plus
600006,SHSE.600006,,SH,A股-上交所,2021-11-29,7.11,7.28,7.04,7.25,7.43,62755589.0,449336554.47,-2.4226,3.1378,1,0,none,baostock,query_history_k_data_plus
600006,SHSE.600006,,SH,A股-上交所,2021-11-30,7.23,7.37,7.2,7.22,7.25,34667201.0,252361679.3,-0.4138,1.7334,1,0,none,baostock,query_history_k_data_plus
600006,SHSE.600006,,SH,A股-上交所,2021-12-01,7.23,7.27,7.15,7.22,7.22,25950428.0,186640358.84,0.0,1.2975,1,0,none,baostock,query_history_k_data_plus
600006,SHSE.600006,,SH,A股-上交所,2021-12-02,7.19,7.48,7.16,7.36,7.22,48246584.0,354097650.71,1.9391,2.4123,1,0,none,baostock,query_history_k_data_plus
600006,SHSE.600006,,SH,A股-上交所,2021-12-03,7.4,7.52,7.27,7.4,7.36,43517803.0,321267492.8,0.5435,2.1759,1,0,none,baostock,query_history_k_data_plus
600006,SHSE.600006,,SH,A股-上交所,2021-12-06,7.33,7.36,7.21,7.24,7.4,30479596.0,221540751.66,-2.1622,1.524,1,0,none,baostock,query_history_k_data_plus
600006,SHSE.600006,,SH,A股-上交所,2021-12-07,7.26,7.32,7.17,7.22,7.24,24472478.0,177124373.6,-0.2762,1.2236,1,0,none,baostock,query_history_k_data_plus
600006,SHSE.600006,,SH,A股-上交所,2021-12-08,7.25,7.27,7.16,7.25,7.22,20214127.0,146048040.26,0.4155,1.0107,1,0,none,baostock,query_history_k_data_plus
600006,SHSE.600006,,SH,A股-上交所,2021-12-09,7.27,7.35,7.21,7.25,7.25,29847124.0,217017063.37,0.0,1.4924,1,0,none,baostock,query_history_k_data_plus
600006,SHSE.600006,,SH,A股-上交所,2021-12-10,7.18,7.41,7.14,7.26,7.25,27750801.0,201177220.04,0.1379,1.3875,1,0,none,baostock,query_history_k_data_plus
600006,SHSE.600006,,SH,A股-上交所,2021-12-13,7.23,7.29,7.17,7.22,7.26,22358316.0,161337644.07,-0.551,1.1179,1,0,none,baostock,query_history_k_data_plus
600006,SHSE.600006,,SH,A股-上交所,2021-12-14,7.19,7.2,7.04,7.06,7.22,28218965.0,200554645.75,-2.2161,1.4109,1,0,none,baostock,query_history_k_data_plus
600006,SHSE.600006,,SH,A股-上交所,2021-12-15,7.05,7.1,7.01,7.04,7.06,15308532.0,108006739.33,-0.2833,0.7654,1,0,none,baostock,query_history_k_data_plus
600006,SHSE.600006,,SH,A股-上交所,2021-12-16,7.04,7.07,6.96,7.06,7.04,22305540.0,156172195.41,0.2841,1.1153,1,0,none,baostock,query_history_k_data_plus
600006,SHSE.600006,,SH,A股-上交所,2021-12-17,7.06,7.1,6.98,6.99,7.06,18757664.0,131921932.62,-0.9915,0.9379,1,0,none,baostock,query_history_k_data_plus
600006,SHSE.600006,,SH,A股-上交所,2021-12-20,6.98,6.98,6.88,6.89,6.99,18691875.0,129373860.0,-1.4306,0.9346,1,0,none,baostock,query_history_k_data_plus
600006,SHSE.600006,,SH,A股-上交所,2021-12-21,6.94,6.98,6.9,6.96,6.89,13890824.0,96389834.32,1.016,0.6945,1,0,none,baostock,query_history_k_data_plus
600006,SHSE.600006,,SH,A股-上交所,2021-12-22,6.99,7.06,6.95,6.98,6.96,14733100.0,103009782.0,0.2874,0.7367,1,0,none,baostock,query_history_k_data_plus
600006,SHSE.600006,,SH,A股-上交所,2021-12-23,7.03,7.04,6.98,6.99,6.98,16256301.0,113951245.87,0.1433,0.8128,1,0,none,baostock,query_history_k_data_plus
600006,SHSE.600006,,SH,A股-上交所,2021-12-24,7.0,7.02,6.83,6.85,6.99,22013983.0,151372843.09,-2.0029,1.1007,1,0,none,baostock,query_history_k_data_plus
600006,SHSE.600006,,SH,A股-上交所,2021-12-27,6.84,6.9,6.77,6.87,6.85,11225633.0,76801965.63,0.292,0.5613,1,0,none,baostock,query_history_k_data_plus
600006,SHSE.600006,,SH,A股-上交所,2021-12-28,6.89,6.92,6.84,6.91,6.87,9787900.0,67298115.0,0.5822,0.4894,1,0,none,baostock,query_history_k_data_plus
600006,SHSE.600006,,SH,A股-上交所,2021-12-29,6.91,6.91,6.83,6.83,6.91,11109275.0,76034463.27,-1.1577,0.5555,1,0,none,baostock,query_history_k_data_plus
600006,SHSE.600006,,SH,A股-上交所,2021-12-30,6.82,6.86,6.81,6.81,6.83,13507782.0,92258900.68,-0.2928,0.6754,1,0,none,baostock,query_history_k_data_plus
600006,SHSE.600006,,SH,A股-上交所,2021-12-31,6.83,6.85,6.8,6.81,6.81,10476487.0,71420268.47,0.0,0.5238,1,0,none,baostock,query_history_k_data_plus
600006,SHSE.600006,,SH,A股-上交所,2022-01-04,6.81,6.89,6.81,6.87,6.81,14328567.0,98118002.41,0.8811,0.7164,1,0,none,baostock,query_history_k_data_plus
600006,SHSE.600006,,SH,A股-上交所,2022-01-05,6.88,6.89,6.76,6.79,6.87,15101023.0,102642001.02,-1.1645,0.7551,1,0,none,baostock,query_history_k_data_plus
600006,SHSE.600006,,SH,A股-上交所,2022-01-06,6.78,6.85,6.75,6.81,6.79,12584553.0,85504074.53,0.2946,0.6292,1,0,none,baostock,query_history_k_data_plus
600006,SHSE.600006,,SH,A股-上交所,2022-01-07,6.81,6.86,6.78,6.78,6.81,12787344.0,87193946.64,-0.4405,0.6394,1,0,none,baostock,query_history_k_data_plus
600006,SHSE.600006,,SH,A股-上交所,2022-01-10,6.78,6.95,6.66,6.89,6.78,22656790.0,154317946.19,1.6224,1.1328,1,0,none,baostock,query_history_k_data_plus
600006,SHSE.600006,,SH,A股-上交所,2022-01-11,6.88,6.95,6.86,6.9,6.89,16757633.0,115653574.21,0.1451,0.8379,1,0,none,baostock,query_history_k_data_plus
600006,SHSE.600006,,SH,A股-上交所,2022-01-12,6.92,6.98,6.88,6.97,6.9,19932807.0,138437485.3,1.0145,0.9966,1,0,none,baostock,query_history_k_data_plus
600006,SHSE.600006,,SH,A股-上交所,2022-01-13,6.97,7.11,6.93,7.09,6.97,39783115.0,280816969.47,1.7217,1.9892,1,0,none,baostock,query_history_k_data_plus
600006,SHSE.600006,,SH,A股-上交所,2022-01-14,7.12,7.13,6.78,6.83,7.09,33464122.0,230126953.27,-3.6671,1.6732,1,0,none,baostock,query_history_k_data_plus
600006,SHSE.600006,,SH,A股-上交所,2022-01-17,6.8,6.87,6.77,6.81,6.83,13214901.0,90011568.79,-0.2928,0.6607,1,0,none,baostock,query_history_k_data_plus
600006,SHSE.600006,,SH,A股-上交所,2022-01-18,6.81,6.82,6.71,6.74,6.81,16651588.0,112455982.43,-1.0279,0.8326,1,0,none,baostock,query_history_k_data_plus
600006,SHSE.600006,,SH,A股-上交所,2022-01-19,6.72,6.76,6.68,6.71,6.74,10117400.0,67949582.0,-0.4451,0.5059,1,0,none,baostock,query_history_k_data_plus
600006,SHSE.600006,,SH,A股-上交所,2022-01-20,6.7,6.72,6.58,6.61,6.71,16034564.0,106369087.75,-1.4903,0.8017,1,0,none,baostock,query_history_k_data_plus
600006,SHSE.600006,,SH,A股-上交所,2022-01-21,6.59,6.59,6.43,6.43,6.61,16812031.0,109009409.43,-2.7231,0.8406,1,0,none,baostock,query_history_k_data_plus
600006,SHSE.600006,,SH,A股-上交所,2022-01-24,6.4,6.47,6.36,6.45,6.43,7404385.0,47687481.06,0.311,0.3702,1,0,none,baostock,query_history_k_data_plus
600006,SHSE.600006,,SH,A股-上交所,2022-01-25,6.43,6.48,6.18,6.18,6.45,14606062.0,92071612.16,-4.186,0.7303,1,0,none,baostock,query_history_k_data_plus
600006,SHSE.600006,,SH,A股-上交所,2022-01-26,6.19,6.24,6.11,6.18,6.18,8867335.0,54826105.61,0.0,0.4434,1,0,none,baostock,query_history_k_data_plus
600006,SHSE.600006,,SH,A股-上交所,2022-01-27,6.18,6.19,6.01,6.01,6.18,11502762.0,69802675.48,-2.7508,0.5751,1,0,none,baostock,query_history_k_data_plus
600006,SHSE.600006,,SH,A股-上交所,2022-01-28,6.04,6.1,5.95,6.04,6.01,11904265.0,71798208.62,0.4992,0.5952,1,0,none,baostock,query_history_k_data_plus
600006,SHSE.600006,,SH,A股-上交所,2022-02-07,6.15,6.3,6.15,6.17,6.04,12825497.0,79671480.13,2.1523,0.6413,1,0,none,baostock,query_history_k_data_plus
600006,SHSE.600006,,SH,A股-上交所,2022-02-08,6.17,6.26,6.13,6.26,6.17,12002933.0,74468135.05,1.4587,0.6001,1,0,none,baostock,query_history_k_data_plus
600006,SHSE.600006,,SH,A股-上交所,2022-02-09,6.27,6.33,6.24,6.3,6.26,10315343.0,64925202.47,0.639,0.5158,1,0,none,baostock,query_history_k_data_plus
600006,SHSE.600006,,SH,A股-上交所,2022-02-10,6.3,6.31,6.21,6.29,6.3,11186777.0,70093034.64,-0.1587,0.5593,1,0,none,baostock,query_history_k_data_plus
600006,SHSE.600006,,SH,A股-上交所,2022-02-11,6.26,6.28,6.21,6.21,6.29,9148190.0,56984170.8,-1.2719,0.4574,1,0,none,baostock,query_history_k_data_plus
600006,SHSE.600006,,SH,A股-上交所,2022-02-14,6.21,6.24,6.14,6.18,6.21,7551197.0,46775351.48,-0.4831,0.3776,1,0,none,baostock,query_history_k_data_plus
600006,SHSE.600006,,SH,A股-上交所,2022-02-15,6.17,6.21,6.16,6.2,6.18,5306100.0,32814627.0,0.3236,0.2653,1,0,none,baostock,query_history_k_data_plus
600006,SHSE.600006,,SH,A股-上交所,2022-02-16,6.22,6.66,6.22,6.43,6.2,33320481.0,214976787.31,3.7097,1.666,1,0,none,baostock,query_history_k_data_plus
600006,SHSE.600006,,SH,A股-上交所,2022-02-17,6.31,6.35,6.25,6.3,6.43,21183531.0,133455591.7,-2.0218,1.0592,1,0,none,baostock,query_history_k_data_plus
600006,SHSE.600006,,SH,A股-上交所,2022-02-18,6.25,6.31,6.23,6.28,6.3,8466530.0,53137921.05,-0.3175,0.4233,1,0,none,baostock,query_history_k_data_plus
600006,SHSE.600006,,SH,A股-上交所,2022-02-21,6.27,6.31,6.24,6.3,6.28,7922700.0,49783815.3,0.3185,0.3961,1,0,none,baostock,query_history_k_data_plus
600006,SHSE.600006,,SH,A股-上交所,2022-02-22,6.27,6.27,6.18,6.25,6.3,11863869.0,73954119.23,-0.7937,0.5932,1,0,none,baostock,query_history_k_data_plus
600006,SHSE.600006,,SH,A股-上交所,2022-02-23,6.24,6.37,6.23,6.33,6.25,12066822.0,76101803.16,1.28,0.6033,1,0,none,baostock,query_history_k_data_plus
600006,SHSE.600006,,SH,A股-上交所,2022-02-24,6.31,6.31,6.07,6.13,6.33,18686263.0,115494424.43,-3.1596,0.9343,1,0,none,baostock,query_history_k_data_plus
600006,SHSE.600006,,SH,A股-上交所,2022-02-25,6.19,6.22,6.14,6.16,6.13,10307322.0,63725261.18,0.4894,0.5154,1,0,none,baostock,query_history_k_data_plus
600006,SHSE.600006,,SH,A股-上交所,2022-02-28,6.16,6.17,6.06,6.13,6.16,8921900.0,54464800.0,-0.487,0.4461,1,0,none,baostock,query_history_k_data_plus
600006,SHSE.600006,,SH,A股-上交所,2022-03-01,6.18,6.23,6.15,6.18,6.13,8410651.0,52028943.0,0.8157,0.4205,1,0,none,baostock,query_history_k_data_plus
600006,SHSE.600006,,SH,A股-上交所,2022-03-02,6.16,6.19,6.13,6.19,6.18,6887133.0,42483600.0,0.1618,0.3444,1,0,none,baostock,query_history_k_data_plus
600006,SHSE.600006,,SH,A股-上交所,2022-03-03,6.22,6.22,6.16,6.17,6.19,7808527.0,48209260.0,-0.3231,0.3904,1,0,none,baostock,query_history_k_data_plus
600006,SHSE.600006,,SH,A股-上交所,2022-03-04,6.18,6.18,6.08,6.1,6.17,9112844.0,55663680.0,-1.1345,0.4556,1,0,none,baostock,query_history_k_data_plus
600006,SHSE.600006,,SH,A股-上交所,2022-03-07,6.07,6.08,5.98,6.02,6.1,11496035.0,69270533.0,-1.3115,0.5748,1,0,none,baostock,query_history_k_data_plus
600006,SHSE.600006,,SH,A股-上交所,2022-03-08,6.01,6.03,5.68,5.74,6.02,15581116.0,90804322.0,-4.6512,0.7791,1,0,none,baostock,query_history_k_data_plus
600006,SHSE.600006,,SH,A股-上交所,2022-03-09,5.78,5.79,5.28,5.52,5.74,17996857.0,99586685.0,-3.8328,0.8998,1,0,none,baostock,query_history_k_data_plus
600006,SHSE.600006,,SH,A股-上交所,2022-03-10,5.63,5.68,5.58,5.58,5.52,10484051.0,58896593.0,1.087,0.5242,1,0,none,baostock,query_history_k_data_plus
600006,SHSE.600006,,SH,A股-上交所,2022-03-11,5.5,5.67,5.4,5.64,5.58,12330188.0,68134847.0,1.0753,0.6165,1,0,none,baostock,query_history_k_data_plus
600006,SHSE.600006,,SH,A股-上交所,2022-03-14,5.6,5.74,5.56,5.56,5.64,8609971.0,48537355.0,-1.4184,0.4305,1,0,none,baostock,query_history_k_data_plus
600006,SHSE.600006,,SH,A股-上交所,2022-03-15,5.54,5.55,5.13,5.17,5.56,14306803.0,76613126.0,-7.0144,0.7153,1,0,none,baostock,query_history_k_data_plus
600006,SHSE.600006,,SH,A股-上交所,2022-03-16,5.25,5.35,5.03,5.32,5.17,16837746.0,87724971.0,2.9014,0.8419,1,0,none,baostock,query_history_k_data_plus
600006,SHSE.600006,,SH,A股-上交所,2022-03-17,5.38,5.5,5.38,5.4,5.32,15358971.0,83473450.0,1.5038,0.7679,1,0,none,baostock,query_history_k_data_plus
600006,SHSE.600006,,SH,A股-上交所,2022-03-18,5.39,5.51,5.37,5.49,5.4,12436306.0,67947431.41,1.6667,0.6218,1,0,none,baostock,query_history_k_data_plus
600006,SHSE.600006,,SH,A股-上交所,2022-03-21,5.51,5.59,5.46,5.52,5.49,10504967.0,58077610.7,0.5464,0.5252,1,0,none,baostock,query_history_k_data_plus
600006,SHSE.600006,,SH,A股-上交所,2022-03-22,5.5,5.58,5.48,5.55,5.52,7757583.0,42925378.82,0.5435,0.3879,1,0,none,baostock,query_history_k_data_plus
600006,SHSE.600006,,SH,A股-上交所,2022-03-23,5.58,5.62,5.54,5.57,5.55,7873889.0,43902750.07,0.3604,0.3937,1,0,none,baostock,query_history_k_data_plus
600006,SHSE.600006,,SH,A股-上交所,2022-03-24,5.57,5.57,5.48,5.5,5.57,7036484.0,38804940.0,-1.2567,0.3518,1,0,none,baostock,query_history_k_data_plus
600006,SHSE.600006,,SH,A股-上交所,2022-03-25,5.5,5.53,5.45,5.46,5.5,5711702.0,31361249.96,-0.7273,0.2856,1,0,none,baostock,query_history_k_data_plus
600006,SHSE.600006,,SH,A股-上交所,2022-03-28,5.45,5.58,5.34,5.51,5.46,9744510.0,53261833.5,0.9158,0.4872,1,0,none,baostock,query_history_k_data_plus
600006,SHSE.600006,,SH,A股-上交所,2022-03-29,5.51,5.53,5.4,5.41,5.51,7803525.0,42544868.25,-1.8149,0.3902,1,0,none,baostock,query_history_k_data_plus
600006,SHSE.600006,,SH,A股-上交所,2022-03-30,5.41,5.54,5.4,5.53,5.41,10419200.0,57314998.0,2.2181,0.521,1,0,none,baostock,query_history_k_data_plus
600006,SHSE.600006,,SH,A股-上交所,2022-03-31,5.49,5.55,5.46,5.46,5.53,9659986.0,53151381.42,-1.2658,0.483,1,0,none,baostock,query_history_k_data_plus
600006,SHSE.600006,,SH,A股-上交所,2022-04-01,5.45,5.48,5.4,5.45,5.46,7727005.0,42054750.15,-0.1832,0.3864,1,0,none,baostock,query_history_k_data_plus
600006,SHSE.600006,,SH,A股-上交所,2022-04-06,5.45,5.56,5.44,5.53,5.45,9633429.0,53162302.81,1.4679,0.4817,1,0,none,baostock,query_history_k_data_plus
600006,SHSE.600006,,SH,A股-上交所,2022-04-07,5.5,5.52,5.33,5.34,5.53,12345900.0,66855152.0,-3.4358,0.6173,1,0,none,baostock,query_history_k_data_plus
600006,SHSE.600006,,SH,A股-上交所,2022-04-08,5.34,5.39,5.2,5.29,5.34,10024203.0,52890903.82,-0.9363,0.5012,1,0,none,baostock,query_history_k_data_plus
600006,SHSE.600006,,SH,A股-上交所,2022-04-11,5.25,5.28,5.05,5.07,5.29,13095701.0,67198485.28,-4.1588,0.6548,1,0,none,baostock,query_history_k_data_plus
600006,SHSE.600006,,SH,A股-上交所,2022-04-12,5.07,5.17,4.96,5.16,5.07,13947607.0,70762296.74,1.7751,0.6974,1,0,none,baostock,query_history_k_data_plus
600006,SHSE.600006,,SH,A股-上交所,2022-04-13,5.15,5.17,5.07,5.09,5.16,7270000.0,37233207.0,-1.3566,0.3635,1,0,none,baostock,query_history_k_data_plus
600006,SHSE.600006,,SH,A股-上交所,2022-04-14,5.2,5.34,5.17,5.22,5.09,14143176.0,74432756.62,2.554,0.7072,1,0,none,baostock,query_history_k_data_plus
600006,SHSE.600006,,SH,A股-上交所,2022-04-15,5.17,5.21,5.07,5.15,5.22,12605784.0,64773385.82,-1.341,0.6303,1,0,none,baostock,query_history_k_data_plus
600006,SHSE.600006,,SH,A股-上交所,2022-04-18,5.15,5.23,5.1,5.19,5.15,9406500.0,48677348.0,0.7767,0.4703,1,0,none,baostock,query_history_k_data_plus
600006,SHSE.600006,,SH,A股-上交所,2022-04-19,5.21,5.29,5.16,5.2,5.19,9992901.0,52109197.19,0.1927,0.4996,1,0,none,baostock,query_history_k_data_plus
600006,SHSE.600006,,SH,A股-上交所,2022-04-20,5.2,5.33,5.16,5.2,5.2,14006155.0,73469477.6,0.0,0.7003,1,0,none,baostock,query_history_k_data_plus
600006,SHSE.600006,,SH,A股-上交所,2022-04-21,5.16,5.16,4.93,4.95,5.2,16996999.0,85549889.26,-4.8077,0.8498,1,0,none,baostock,query_history_k_data_plus
600006,SHSE.600006,,SH,A股-上交所,2022-04-22,4.94,4.97,4.8,4.9,4.95,11715846.0,57079559.77,-1.0101,0.5858,1,0,none,baostock,query_history_k_data_plus
600006,SHSE.600006,,SH,A股-上交所,2022-04-25,4.83,4.83,4.46,4.47,4.9,19565375.0,90734257.5,-8.7755,0.9783,1,0,none,baostock,query_history_k_data_plus
600006,SHSE.600006,,SH,A股-上交所,2022-04-26,4.47,4.53,4.23,4.26,4.47,14507277.0,63865548.18,-4.698,0.7254,1,0,none,baostock,query_history_k_data_plus
600006,SHSE.600006,,SH,A股-上交所,2022-04-27,4.2,4.38,4.1,4.36,4.26,14005114.0,59451069.05,2.3474,0.7003,1,0,none,baostock,query_history_k_data_plus
600006,SHSE.600006,,SH,A股-上交所,2022-04-28,4.35,4.41,4.25,4.33,4.36,12758833.0,55380001.95,-0.6881,0.6379,1,0,none,baostock,query_history_k_data_plus
600006,SHSE.600006,,SH,A股-上交所,2022-04-29,4.42,4.65,4.42,4.64,4.33,20376515.0,92656809.68,7.1594,1.0188,1,0,none,baostock,query_history_k_data_plus
600006,SHSE.600006,,SH,A股-上交所,2022-05-05,4.58,4.84,4.58,4.76,4.64,17557050.0,83215642.25,2.5862,0.8779,1,0,none,baostock,query_history_k_data_plus
600006,SHSE.600006,,SH,A股-上交所,2022-05-06,4.65,4.72,4.59,4.64,4.76,12151711.0,56669116.04,-2.521,0.6076,1,0,none,baostock,query_history_k_data_plus
600006,SHSE.600006,,SH,A股-上交所,2022-05-09,4.65,4.72,4.61,4.64,4.64,9240383.0,43072318.06,0.0,0.462,1,0,none,baostock,query_history_k_data_plus
600006,SHSE.600006,,SH,A股-上交所,2022-05-10,4.63,4.72,4.56,4.72,4.64,10962809.0,50984398.21,1.7241,0.5481,1,0,none,baostock,query_history_k_data_plus
600006,SHSE.600006,,SH,A股-上交所,2022-05-11,4.68,5.0,4.68,4.83,4.72,27929282.0,135805824.98,2.3305,1.3965,1,0,none,baostock,query_history_k_data_plus
600006,SHSE.600006,,SH,A股-上交所,2022-05-12,4.8,4.88,4.75,4.85,4.83,13132932.0,63289160.48,0.4141,0.6566,1,0,none,baostock,query_history_k_data_plus
600006,SHSE.600006,,SH,A股-上交所,2022-05-13,4.84,5.13,4.84,5.12,4.85,32707546.0,163981981.64,5.567,1.6354,1,0,none,baostock,query_history_k_data_plus
600006,SHSE.600006,,SH,A股-上交所,2022-05-16,5.13,5.13,4.95,4.97,5.12,23659213.0,118394050.24,-2.9297,1.183,1,0,none,baostock,query_history_k_data_plus
600006,SHSE.600006,,SH,A股-上交所,2022-05-17,4.95,5.31,4.93,5.19,4.97,43056956.0,222039705.88,4.4266,2.1528,1,0,none,baostock,query_history_k_data_plus
600006,SHSE.600006,,SH,A股-上交所,2022-05-18,5.18,5.4,5.08,5.19,5.19,39188165.0,205314327.41,0.0,1.9594,1,0,none,baostock,query_history_k_data_plus
600006,SHSE.600006,,SH,A股-上交所,2022-05-19,5.11,5.28,5.07,5.27,5.19,29069932.0,150727740.61,1.5414,1.4535,1,0,none,baostock,query_history_k_data_plus
600006,SHSE.600006,,SH,A股-上交所,2022-05-20,5.21,5.5,5.2,5.35,5.27,40870777.0,217845593.94,1.518,2.0435,1,0,none,baostock,query_history_k_data_plus
600006,SHSE.600006,,SH,A股-上交所,2022-05-23,5.33,5.89,5.31,5.76,5.35,69433604.0,390722745.41,7.6636,3.4717,1,0,none,baostock,query_history_k_data_plus
600006,SHSE.600006,,SH,A股-上交所,2022-05-24,5.89,6.34,5.63,6.18,5.76,125825439.0,752826952.25,7.2917,6.2913,1,0,none,baostock,query_history_k_data_plus
600006,SHSE.600006,,SH,A股-上交所,2022-05-25,6.18,6.18,6.18,6.18,6.18,,,,,0,0,none,baostock,query_history_k_data_plus
600006,SHSE.600006,,SH,A股-上交所,2022-05-26,6.18,6.18,6.18,6.18,6.18,,,,,0,0,none,baostock,query_history_k_data_plus
600006,SHSE.600006,,SH,A股-上交所,2022-05-27,6.18,6.18,6.18,6.18,6.18,,,,,0,0,none,baostock,query_history_k_data_plus
600006,SHSE.600006,,SH,A股-上交所,2022-05-30,6.18,6.18,6.18,6.18,6.18,,,,,0,0,none,baostock,query_history_k_data_plus
600006,SHSE.600006,,SH,A股-上交所,2022-05-31,6.8,6.8,6.8,6.8,6.18,9235888.0,62804038.4,10.0324,0.4618,1,0,none,baostock,query_history_k_data_plus
600006,SHSE.600006,,SH,A股-上交所,2022-06-01,7.48,7.48,7.48,7.48,6.8,5523600.0,41316528.0,10.0,0.2762,1,0,none,baostock,query_history_k_data_plus
600006,SHSE.600006,,SH,A股-上交所,2022-06-02,8.23,8.23,8.23,8.23,7.48,9542224.0,78532503.52,10.0267,0.4771,1,0,none,baostock,query_history_k_data_plus
600006,SHSE.600006,,SH,A股-上交所,2022-06-06,9.05,9.05,9.05,9.05,8.23,13948533.0,126234223.65,9.9635,0.6974,1,0,none,baostock,query_history_k_data_plus
600006,SHSE.600006,,SH,A股-上交所,2022-06-07,9.4,9.86,9.05,9.26,9.05,368996416.0,3464789617.61,2.3204,18.4498,1,0,none,baostock,query_history_k_data_plus
600006,SHSE.600006,,SH,A股-上交所,2022-06-08,9.25,10.19,8.66,10.06,9.26,390761088.0,3700435336.35,8.6393,19.5381,1,0,none,baostock,query_history_k_data_plus
600006,SHSE.600006,,SH,A股-上交所,2022-06-09,9.31,9.38,9.05,9.05,10.06,186466710.0,1699866532.85,-10.0398,9.3233,1,0,none,baostock,query_history_k_data_plus
600006,SHSE.600006,,SH,A股-上交所,2022-06-10,8.17,9.07,8.17,8.3,9.05,230373422.0,1969980498.43,-8.2873,11.5187,1,0,none,baostock,query_history_k_data_plus
600006,SHSE.600006,,SH,A股-上交所,2022-06-13,8.13,8.94,8.13,8.7,8.3,195553144.0,1700104809.15,4.8193,9.7777,1,0,none,baostock,query_history_k_data_plus
600006,SHSE.600006,,SH,A股-上交所,2022-06-14,8.58,9.09,8.3,8.94,8.7,200751314.0,1759196871.68,2.7586,10.0376,1,0,none,baostock,query_history_k_data_plus
600006,SHSE.600006,,SH,A股-上交所,2022-06-15,8.8,9.15,8.3,8.31,8.94,212801181.0,1865743183.54,-7.047,10.6401,1,0,none,baostock,query_history_k_data_plus
600006,SHSE.600006,,SH,A股-上交所,2022-06-16,8.19,8.39,7.66,7.69,8.31,176901626.0,1403181818.65,-7.4609,8.8451,1,0,none,baostock,query_history_k_data_plus
600006,SHSE.600006,,SH,A股-上交所,2022-06-17,7.65,8.09,7.43,7.94,7.69,143878851.0,1120798255.36,3.251,7.1939,1,0,none,baostock,query_history_k_data_plus
600006,SHSE.600006,,SH,A股-上交所,2022-06-20,8.0,8.22,7.81,7.81,7.94,110295646.0,877835986.57,-1.6373,5.5148,1,0,none,baostock,query_history_k_data_plus
600006,SHSE.600006,,SH,A股-上交所,2022-06-21,7.77,7.8,7.47,7.62,7.81,94898479.0,722898865.23,-2.4328,4.7449,1,0,none,baostock,query_history_k_data_plus
600006,SHSE.600006,,SH,A股-上交所,2022-06-22,7.63,7.93,7.57,7.61,7.62,102498951.0,795235159.18,-0.1312,5.1249,1,0,none,baostock,query_history_k_data_plus
600006,SHSE.600006,,SH,A股-上交所,2022-06-23,7.71,8.2,7.66,8.17,7.61,166555268.0,1336232595.94,7.3587,8.3278,1,0,none,baostock,query_history_k_data_plus
600006,SHSE.600006,,SH,A股-上交所,2022-06-24,7.98,8.1,7.77,7.85,8.17,128825885.0,1018038400.15,-3.9168,6.4413,1,0,none,baostock,query_history_k_data_plus
600006,SHSE.600006,,SH,A股-上交所,2022-06-27,7.84,8.09,7.68,7.98,7.85,116884355.0,924850224.39,1.6561,5.8442,1,0,none,baostock,query_history_k_data_plus
600006,SHSE.600006,,SH,A股-上交所,2022-06-28,7.89,8.78,7.78,8.78,7.98,186755943.0,1567766904.09,10.0251,9.3378,1,0,none,baostock,query_history_k_data_plus
600006,SHSE.600006,,SH,A股-上交所,2022-06-29,9.14,9.22,7.9,7.9,8.78,228151235.0,1950097392.54,-10.0228,11.4076,1,0,none,baostock,query_history_k_data_plus
600006,SHSE.600006,,SH,A股-上交所,2022-06-30,7.54,7.83,7.42,7.55,7.9,127930949.0,973336306.57,-4.4304,6.3965,1,0,none,baostock,query_history_k_data_plus
600006,SHSE.600006,,SH,A股-上交所,2022-07-01,7.5,7.79,7.2,7.57,7.55,101822106.0,759599541.96,0.2649,5.0911,1,0,none,baostock,query_history_k_data_plus
600006,SHSE.600006,,SH,A股-上交所,2022-07-04,7.49,7.51,7.18,7.28,7.57,88865907.0,649165247.9,-3.8309,4.4433,1,0,none,baostock,query_history_k_data_plus
600006,SHSE.600006,,SH,A股-上交所,2022-07-05,7.28,7.39,7.12,7.22,7.28,59652595.0,432825878.24,-0.8242,2.9826,1,0,none,baostock,query_history_k_data_plus
600006,SHSE.600006,,SH,A股-上交所,2022-07-06,7.19,7.29,7.12,7.25,7.22,46014601.0,331836309.76,0.4155,2.3007,1,0,none,baostock,query_history_k_data_plus
600006,SHSE.600006,,SH,A股-上交所,2022-07-07,7.33,7.57,7.19,7.54,7.25,95878118.0,714225542.05,4.0,4.7939,1,0,none,baostock,query_history_k_data_plus
600006,SHSE.600006,,SH,A股-上交所,2022-07-08,7.49,7.63,7.3,7.37,7.54,69207509.0,513576624.32,-2.2546,3.4604,1,0,none,baostock,query_history_k_data_plus
600006,SHSE.600006,,SH,A股-上交所,2022-07-11,7.23,7.46,7.08,7.34,7.37,62424869.0,451813778.61,-0.4071,3.1212,1,0,none,baostock,query_history_k_data_plus
600006,SHSE.600006,,SH,A股-上交所,2022-07-12,7.28,7.45,7.08,7.09,7.34,55192057.0,397821079.73,-3.406,2.7596,1,0,none,baostock,query_history_k_data_plus
600006,SHSE.600006,,SH,A股-上交所,2022-07-13,7.07,7.25,6.97,7.24,7.09,47476700.0,338863000.19,2.1157,2.3738,1,0,none,baostock,query_history_k_data_plus
600006,SHSE.600006,,SH,A股-上交所,2022-07-14,7.17,7.25,7.08,7.13,7.24,41622472.0,297813665.57,-1.5193,2.0811,1,0,none,baostock,query_history_k_data_plus
600006,SHSE.600006,,SH,A股-上交所,2022-07-15,7.01,7.25,7.0,7.01,7.07,46807646.0,333279718.64,-0.8487,2.3404,1,0,none,baostock,query_history_k_data_plus
600006,SHSE.600006,,SH,A股-上交所,2022-07-18,6.98,7.24,6.91,7.17,7.01,41403419.0,295110656.84,2.2825,2.0702,1,0,none,baostock,query_history_k_data_plus
600006,SHSE.600006,,SH,A股-上交所,2022-07-19,7.21,7.34,7.11,7.17,7.17,49597864.0,359159192.93,0.0,2.4799,1,0,none,baostock,query_history_k_data_plus
600006,SHSE.600006,,SH,A股-上交所,2022-07-20,7.16,7.34,7.09,7.11,7.17,48615535.0,348290685.02,-0.8368,2.4308,1,0,none,baostock,query_history_k_data_plus
600006,SHSE.600006,,SH,A股-上交所,2022-07-21,7.1,7.26,6.99,7.14,7.11,52318102.0,373354284.21,0.4219,2.6159,1,0,none,baostock,query_history_k_data_plus
600006,SHSE.600006,,SH,A股-上交所,2022-07-22,7.12,7.31,7.09,7.16,7.14,55817024.0,402420401.69,0.2801,2.7909,1,0,none,baostock,query_history_k_data_plus
600006,SHSE.600006,,SH,A股-上交所,2022-07-25,7.1,7.12,6.62,6.73,7.16,76169184.0,516994315.7,-6.0056,3.8085,1,0,none,baostock,query_history_k_data_plus
600006,SHSE.600006,,SH,A股-上交所,2022-07-26,6.71,7.05,6.69,6.92,6.73,57839159.0,398627361.69,2.8232,2.892,1,0,none,baostock,query_history_k_data_plus
600006,SHSE.600006,,SH,A股-上交所,2022-07-27,6.93,7.06,6.85,7.04,6.92,47246437.0,330915623.49,1.7341,2.3623,1,0,none,baostock,query_history_k_data_plus
600006,SHSE.600006,,SH,A股-上交所,2022-07-28,7.11,7.25,7.04,7.05,7.04,37189823.0,264152148.43,0.142,1.8595,1,0,none,baostock,query_history_k_data_plus
600006,SHSE.600006,,SH,A股-上交所,2022-07-29,7.05,7.23,7.03,7.16,7.05,46524576.0,332396496.12,1.5603,2.3262,1,0,none,baostock,query_history_k_data_plus
600006,SHSE.600006,,SH,A股-上交所,2022-08-01,7.16,7.36,7.0,7.3,7.16,71074435.0,512543484.66,1.9553,3.5537,1,0,none,baostock,query_history_k_data_plus
600006,SHSE.600006,,SH,A股-上交所,2022-08-02,7.2,7.21,6.82,6.97,7.3,63452133.0,443104219.58,-4.5205,3.1726,1,0,none,baostock,query_history_k_data_plus
600006,SHSE.600006,,SH,A股-上交所,2022-08-03,7.0,7.24,6.74,6.78,6.97,68918647.0,484227959.09,-2.726,3.4459,1,0,none,baostock,query_history_k_data_plus
600006,SHSE.600006,,SH,A股-上交所,2022-08-04,6.79,6.86,6.53,6.75,6.78,45034925.0,300494470.0,-0.4425,2.2517,1,0,none,baostock,query_history_k_data_plus
600006,SHSE.600006,,SH,A股-上交所,2022-08-05,6.76,6.85,6.61,6.76,6.75,33041342.0,222267770.0,0.1481,1.6521,1,0,none,baostock,query_history_k_data_plus
600006,SHSE.600006,,SH,A股-上交所,2022-08-08,6.77,7.1,6.69,7.06,6.76,52104248.0,362876983.0,4.4379,2.6052,1,0,none,baostock,query_history_k_data_plus
600006,SHSE.600006,,SH,A股-上交所,2022-08-09,7.04,7.16,6.88,6.9,7.06,36771670.0,256654760.0,-2.2663,1.8386,1,0,none,baostock,query_history_k_data_plus
600006,SHSE.600006,,SH,A股-上交所,2022-08-10,6.95,7.1,6.83,6.92,6.9,42418572.0,295357418.0,0.2899,2.1209,1,0,none,baostock,query_history_k_data_plus
600006,SHSE.600006,,SH,A股-上交所,2022-08-11,6.93,6.99,6.82,6.98,6.92,33767079.0,233113097.0,0.8671,1.6884,1,0,none,baostock,query_history_k_data_plus
600006,SHSE.600006,,SH,A股-上交所,2022-08-12,6.93,6.99,6.85,6.86,6.98,30703014.0,212179398.0,-1.7192,1.5352,1,0,none,baostock,query_history_k_data_plus
600006,SHSE.600006,,SH,A股-上交所,2022-08-15,6.81,6.86,6.73,6.76,6.86,25629804.0,173903897.4,-1.4577,1.2815,1,0,none,baostock,query_history_k_data_plus
600006,SHSE.600006,,SH,A股-上交所,2022-08-16,6.76,6.93,6.75,6.84,6.76,31268044.0,214436765.84,1.1834,1.5634,1,0,none,baostock,query_history_k_data_plus
600006,SHSE.600006,,SH,A股-上交所,2022-08-17,6.88,6.95,6.77,6.94,6.84,40944872.0,281569948.61,1.462,2.0472,1,0,none,baostock,query_history_k_data_plus
600006,SHSE.600006,,SH,A股-上交所,2022-08-18,6.92,7.04,6.83,6.85,6.94,37699130.0,260734591.97,-1.2968,1.885,1,0,none,baostock,query_history_k_data_plus
600006,SHSE.600006,,SH,A股-上交所,2022-08-19,6.88,6.89,6.65,6.66,6.85,43176859.0,289952247.04,-2.7737,2.1588,1,0,none,baostock,query_history_k_data_plus
600006,SHSE.600006,,SH,A股-上交所,2022-08-22,6.67,6.85,6.6,6.76,6.66,30667788.0,206965956.38,1.5015,1.5334,1,0,none,baostock,query_history_k_data_plus
600006,SHSE.600006,,SH,A股-上交所,2022-08-23,6.75,6.78,6.66,6.69,6.76,22675760.0,151600698.86,-1.0355,1.1338,1,0,none,baostock,query_history_k_data_plus
600006,SHSE.600006,,SH,A股-上交所,2022-08-24,6.69,6.72,6.46,6.47,6.69,32114155.0,210254504.9,-3.2885,1.6057,1,0,none,baostock,query_history_k_data_plus
600006,SHSE.600006,,SH,A股-上交所,2022-08-25,6.5,6.54,6.36,6.49,6.47,19701121.0,127190437.93,0.3091,0.9851,1,0,none,baostock,query_history_k_data_plus
600006,SHSE.600006,,SH,A股-上交所,2022-08-26,6.49,6.63,6.44,6.56,6.49,25347668.0,165639134.06,1.0786,1.2674,1,0,none,baostock,query_history_k_data_plus
600006,SHSE.600006,,SH,A股-上交所,2022-08-29,6.66,6.66,6.5,6.54,6.56,22585385.0,148333036.03,-0.3049,1.1293,1,0,none,baostock,query_history_k_data_plus
600006,SHSE.600006,,SH,A股-上交所,2022-08-30,6.5,6.59,6.43,6.44,6.54,16909980.0,109690694.6,-1.5291,0.8455,1,0,none,baostock,query_history_k_data_plus
600006,SHSE.600006,,SH,A股-上交所,2022-08-31,6.4,6.4,6.13,6.17,6.44,29576195.0,183435450.01,-4.1925,1.4788,1,0,none,baostock,query_history_k_data_plus
600006,SHSE.600006,,SH,A股-上交所,2022-09-01,6.17,6.25,6.13,6.16,6.17,15979808.0,98938812.68,-0.1621,0.799,1,0,none,baostock,query_history_k_data_plus
600006,SHSE.600006,,SH,A股-上交所,2022-09-02,6.19,6.23,6.13,6.19,6.16,13657491.0,84339298.41,0.487,0.6829,1,0,none,baostock,query_history_k_data_plus
600006,SHSE.600006,,SH,A股-上交所,2022-09-05,6.16,6.25,6.11,6.21,6.19,14936082.0,92417703.28,0.3231,0.7468,1,0,none,baostock,query_history_k_data_plus
600006,SHSE.600006,,SH,A股-上交所,2022-09-06,6.28,6.56,6.28,6.48,6.21,37341883.0,240943880.17,4.3478,1.8671,1,0,none,baostock,query_history_k_data_plus
600006,SHSE.600006,,SH,A股-上交所,2022-09-07,6.42,6.48,6.38,6.41,6.48,22635707.0,145287193.8,-1.0802,1.1318,1,0,none,baostock,query_history_k_data_plus
600006,SHSE.600006,,SH,A股-上交所,2022-09-08,6.42,6.56,6.4,6.42,6.41,26703072.0,173075020.04,0.156,1.3352,1,0,none,baostock,query_history_k_data_plus
600006,SHSE.600006,,SH,A股-上交所,2022-09-09,6.42,6.45,6.28,6.4,6.42,16228600.0,103275315.28,-0.3115,0.8114,1,0,none,baostock,query_history_k_data_plus
600006,SHSE.600006,,SH,A股-上交所,2022-09-13,6.4,6.49,6.39,6.42,6.4,17604384.0,113297055.28,0.3125,0.8802,1,0,none,baostock,query_history_k_data_plus
600006,SHSE.600006,,SH,A股-上交所,2022-09-14,6.33,6.42,6.25,6.37,6.42,19501300.0,123506552.0,-0.7788,0.9751,1,0,none,baostock,query_history_k_data_plus
600006,SHSE.600006,,SH,A股-上交所,2022-09-15,6.42,6.42,6.11,6.22,6.37,23912217.0,149202864.59,-2.3548,1.1956,1,0,none,baostock,query_history_k_data_plus
600006,SHSE.600006,,SH,A股-上交所,2022-09-16,6.17,6.24,6.03,6.03,6.22,18642148.0,114200052.04,-3.0547,0.9321,1,0,none,baostock,query_history_k_data_plus
600006,SHSE.600006,,SH,A股-上交所,2022-09-19,6.01,6.21,6.0,6.09,6.03,21344188.0,130796066.11,0.995,1.0672,1,0,none,baostock,query_history_k_data_plus
600006,SHSE.600006,,SH,A股-上交所,2022-09-20,6.12,6.25,6.1,6.12,6.09,17068567.0,105401251.78,0.4926,0.8534,1,0,none,baostock,query_history_k_data_plus
600006,SHSE.600006,,SH,A股-上交所,2022-09-21,6.14,6.29,5.97,6.27,6.12,28353657.0,175125332.6,2.451,1.4177,1,0,none,baostock,query_history_k_data_plus
600006,SHSE.600006,,SH,A股-上交所,2022-09-22,6.21,6.26,6.13,6.14,6.27,18700330.0,115464974.2,-2.0734,0.935,1,0,none,baostock,query_history_k_data_plus
600006,SHSE.600006,,SH,A股-上交所,2022-09-23,6.13,6.17,5.95,6.0,6.14,18076080.0,109067118.8,-2.2801,0.9038,1,0,none,baostock,query_history_k_data_plus
600006,SHSE.600006,,SH,A股-上交所,2022-09-26,6.01,6.03,5.88,5.9,6.0,14086000.0,83666947.68,-1.6667,0.7043,1,0,none,baostock,query_history_k_data_plus
600006,SHSE.600006,,SH,A股-上交所,2022-09-27,5.89,6.04,5.88,6.0,5.9,15477101.0,92180822.79,1.6949,0.7739,1,0,none,baostock,query_history_k_data_plus
600006,SHSE.600006,,SH,A股-上交所,2022-09-28,5.98,5.99,5.75,5.77,6.0,15770249.0,92338347.75,-3.8333,0.7885,1,0,none,baostock,query_history_k_data_plus
600006,SHSE.600006,,SH,A股-上交所,2022-09-29,5.88,5.88,5.7,5.72,5.77,10902324.0,63066731.72,-0.8666,0.5451,1,0,none,baostock,query_history_k_data_plus
600006,SHSE.600006,,SH,A股-上交所,2022-09-30,5.72,5.72,5.72,5.72,5.72,,,,,0,0,none,baostock,query_history_k_data_plus
600006,SHSE.600006,,SH,A股-上交所,2022-10-10,5.79,5.81,5.5,5.54,5.72,17474878.0,98041193.59,-3.1469,0.8737,1,0,none,baostock,query_history_k_data_plus
600006,SHSE.600006,,SH,A股-上交所,2022-10-11,5.55,5.65,5.42,5.64,5.54,13804367.0,76671933.01,1.8051,0.6902,1,0,none,baostock,query_history_k_data_plus
600006,SHSE.600006,,SH,A股-上交所,2022-10-12,5.58,5.83,5.56,5.82,5.64,19750299.0,112682385.06,3.1915,0.9875,1,0,none,baostock,query_history_k_data_plus
600006,SHSE.600006,,SH,A股-上交所,2022-10-13,5.8,5.87,5.75,5.77,5.82,13008540.0,75462712.6,-0.8591,0.6504,1,0,none,baostock,query_history_k_data_plus
600006,SHSE.600006,,SH,A股-上交所,2022-10-14,5.78,5.91,5.78,5.85,5.77,15174154.0,88870531.49,1.3865,0.7587,1,0,none,baostock,query_history_k_data_plus
600006,SHSE.600006,,SH,A股-上交所,2022-10-17,5.8,5.92,5.8,5.89,5.85,12204400.0,71668469.0,0.6838,0.6102,1,0,none,baostock,query_history_k_data_plus
600006,SHSE.600006,,SH,A股-上交所,2022-10-18,5.96,6.05,5.88,5.88,5.89,16280827.0,96717707.65,-0.1698,0.814,1,0,none,baostock,query_history_k_data_plus
600006,SHSE.600006,,SH,A股-上交所,2022-10-19,5.83,5.92,5.77,5.79,5.88,11495142.0,67083251.42,-1.5306,0.5748,1,0,none,baostock,query_history_k_data_plus
600006,SHSE.600006,,SH,A股-上交所,2022-10-20,5.75,5.86,5.64,5.79,5.79,15022284.0,86461798.32,0.0,0.7511,1,0,none,baostock,query_history_k_data_plus
600006,SHSE.600006,,SH,A股-上交所,2022-10-21,5.78,5.8,5.68,5.72,5.79,10152920.0,58226888.1,-1.209,0.5076,1,0,none,baostock,query_history_k_data_plus
600006,SHSE.600006,,SH,A股-上交所,2022-10-24,5.75,5.83,5.56,5.62,5.72,13804000.0,78420519.49,-1.7483,0.6902,1,0,none,baostock,query_history_k_data_plus
600006,SHSE.600006,,SH,A股-上交所,2022-10-25,5.61,5.74,5.5,5.67,5.62,15637539.0,87861295.76,0.8897,0.7819,1,0,none,baostock,query_history_k_data_plus
600006,SHSE.600006,,SH,A股-上交所,2022-10-26,5.68,5.77,5.66,5.7,5.67,13390431.0,76577796.51,0.5291,0.6695,1,0,none,baostock,query_history_k_data_plus
600006,SHSE.600006,,SH,A股-上交所,2022-10-27,5.72,5.86,5.71,5.78,5.7,19809517.0,114878011.68,1.4035,0.9905,1,0,none,baostock,query_history_k_data_plus
600006,SHSE.600006,,SH,A股-上交所,2022-10-28,5.75,5.78,5.43,5.45,5.78,22173283.0,123477947.35,-5.7093,1.1087,1,0,none,baostock,query_history_k_data_plus
600006,SHSE.600006,,SH,A股-上交所,2022-10-31,5.36,5.55,5.33,5.47,5.45,10591335.0,57991306.73,0.367,0.5296,1,0,none,baostock,query_history_k_data_plus
600006,SHSE.600006,,SH,A股-上交所,2022-11-01,5.47,5.7,5.47,5.7,5.47,19781700.0,110887094.8,4.2048,0.9891,1,0,none,baostock,query_history_k_data_plus
600006,SHSE.600006,,SH,A股-上交所,2022-11-02,5.7,5.94,5.65,5.92,5.7,34338773.0,200626618.97,3.8596,1.7169,1,0,none,baostock,query_history_k_data_plus
600006,SHSE.600006,,SH,A股-上交所,2022-11-03,5.85,5.99,5.82,5.85,5.92,20674556.0,121691422.04,-1.1824,1.0337,1,0,none,baostock,query_history_k_data_plus
600006,SHSE.600006,,SH,A股-上交所,2022-11-04,5.86,6.04,5.86,6.0,5.85,26423526.0,157759914.1,2.5641,1.3212,1,0,none,baostock,query_history_k_data_plus
600006,SHSE.600006,,SH,A股-上交所,2022-11-07,6.0,6.04,5.94,6.0,6.0,20140261.0,120704348.32,0.0,1.007,1,0,none,baostock,query_history_k_data_plus
600006,SHSE.600006,,SH,A股-上交所,2022-11-08,6.0,6.02,5.9,5.92,6.0,12320567.0,73110224.25,-1.3333,0.616,1,0,none,baostock,query_history_k_data_plus
600006,SHSE.600006,,SH,A股-上交所,2022-11-09,5.93,5.97,5.84,5.85,5.92,12665874.0,74625001.64,-1.1824,0.6333,1,0,none,baostock,query_history_k_data_plus
600006,SHSE.600006,,SH,A股-上交所,2022-11-10,5.83,5.84,5.76,5.78,5.85,12258000.0,70977877.0,-1.1966,0.6129,1,0,none,baostock,query_history_k_data_plus
600006,SHSE.600006,,SH,A股-上交所,2022-11-11,5.89,5.94,5.79,5.8,5.78,16947930.0,99096687.99,0.346,0.8474,1,0,none,baostock,query_history_k_data_plus
600006,SHSE.600006,,SH,A股-上交所,2022-11-14,5.8,5.85,5.71,5.74,5.8,14421636.0,83321386.86,-1.0345,0.7211,1,0,none,baostock,query_history_k_data_plus
600006,SHSE.600006,,SH,A股-上交所,2022-11-15,5.76,5.88,5.71,5.88,5.74,17228924.0,100349898.76,2.439,0.8614,1,0,none,baostock,query_history_k_data_plus
600006,SHSE.600006,,SH,A股-上交所,2022-11-16,5.87,5.97,5.86,5.89,5.88,13233210.0,78003327.8,0.1701,0.6617,1,0,none,baostock,query_history_k_data_plus
600006,SHSE.600006,,SH,A股-上交所,2022-11-17,5.88,5.88,5.77,5.83,5.89,11268317.0,65468520.77,-1.0187,0.5634,1,0,none,baostock,query_history_k_data_plus
600006,SHSE.600006,,SH,A股-上交所,2022-11-18,5.87,5.87,5.75,5.76,5.83,14276210.0,82952200.24,-1.2007,0.7138,1,0,none,baostock,query_history_k_data_plus
600006,SHSE.600006,,SH,A股-上交所,2022-11-21,5.73,5.79,5.64,5.77,5.76,12963900.0,74031365.0,0.1736,0.6482,1,0,none,baostock,query_history_k_data_plus
600006,SHSE.600006,,SH,A股-上交所,2022-11-22,5.77,5.78,5.67,5.71,5.77,11792486.0,67538889.57,-1.0399,0.5896,1,0,none,baostock,query_history_k_data_plus
600006,SHSE.600006,,SH,A股-上交所,2022-11-23,5.72,5.98,5.68,5.81,5.71,32416437.0,189009045.12,1.7513,1.6208,1,0,none,baostock,query_history_k_data_plus
600006,SHSE.600006,,SH,A股-上交所,2022-11-24,5.79,5.85,5.7,5.73,5.81,20619301.0,118835138.32,-1.3769,1.031,1,0,none,baostock,query_history_k_data_plus
600006,SHSE.600006,,SH,A股-上交所,2022-11-25,5.7,5.76,5.64,5.71,5.73,14092419.0,80392611.1,-0.349,0.7046,1,0,none,baostock,query_history_k_data_plus
600006,SHSE.600006,,SH,A股-上交所,2022-11-28,5.67,5.7,5.55,5.69,5.71,14163534.0,79791727.17,-0.3503,0.7082,1,0,none,baostock,query_history_k_data_plus
600006,SHSE.600006,,SH,A股-上交所,2022-11-29,5.7,5.88,5.7,5.84,5.69,21421254.0,124287293.77,2.6362,1.0711,1,0,none,baostock,query_history_k_data_plus
600006,SHSE.600006,,SH,A股-上交所,2022-11-30,5.86,6.42,5.83,6.42,5.84,100589899.0,625164415.77,9.9315,5.0295,1,0,none,baostock,query_history_k_data_plus
600006,SHSE.600006,,SH,A股-上交所,2022-12-01,6.6,6.61,6.26,6.43,6.42,106517962.0,685108701.47,0.1558,5.3259,1,0,none,baostock,query_history_k_data_plus
600006,SHSE.600006,,SH,A股-上交所,2022-12-02,6.39,6.39,6.13,6.16,6.43,60595103.0,376687090.44,-4.1991,3.0298,1,0,none,baostock,query_history_k_data_plus
600006,SHSE.600006,,SH,A股-上交所,2022-12-05,6.19,6.28,6.12,6.24,6.16,51855718.0,322468527.47,1.2987,2.5928,1,0,none,baostock,query_history_k_data_plus
600006,SHSE.600006,,SH,A股-上交所,2022-12-06,6.18,6.35,6.14,6.24,6.24,44620928.0,278535662.33,0.0,2.231,1,0,none,baostock,query_history_k_data_plus
600006,SHSE.600006,,SH,A股-上交所,2022-12-07,6.22,6.34,6.2,6.27,6.24,36417823.0,227867885.2,0.4808,1.8209,1,0,none,baostock,query_history_k_data_plus
600006,SHSE.600006,,SH,A股-上交所,2022-12-08,6.27,6.3,6.21,6.23,6.27,23632669.0,147780743.42,-0.638,1.1816,1,0,none,baostock,query_history_k_data_plus
600006,SHSE.600006,,SH,A股-上交所,2022-12-09,6.26,6.34,6.2,6.25,6.23,24264129.0,151702405.02,0.321,1.2132,1,0,none,baostock,query_history_k_data_plus
600006,SHSE.600006,,SH,A股-上交所,2022-12-12,6.24,6.24,6.1,6.11,6.25,22983286.0,141213284.86,-2.24,1.1492,1,0,none,baostock,query_history_k_data_plus
600006,SHSE.600006,,SH,A股-上交所,2022-12-13,6.12,6.25,6.09,6.14,6.11,18018493.0,111154058.66,0.491,0.9009,1,0,none,baostock,query_history_k_data_plus
600006,SHSE.600006,,SH,A股-上交所,2022-12-14,6.11,6.18,6.08,6.15,6.14,15429392.0,94622736.32,0.1629,0.7715,1,0,none,baostock,query_history_k_data_plus
600006,SHSE.600006,,SH,A股-上交所,2022-12-15,6.15,6.29,6.12,6.24,6.15,31103548.0,193237498.85,1.4634,1.5552,1,0,none,baostock,query_history_k_data_plus
600006,SHSE.600006,,SH,A股-上交所,2022-12-16,6.19,6.22,6.13,6.18,6.24,18109163.0,111676761.92,-0.9615,0.9055,1,0,none,baostock,query_history_k_data_plus
600006,SHSE.600006,,SH,A股-上交所,2022-12-19,6.19,6.3,6.1,6.13,6.18,28789801.0,178657503.22,-0.8091,1.4395,1,0,none,baostock,query_history_k_data_plus
600006,SHSE.600006,,SH,A股-上交所,2022-12-20,6.06,6.15,5.98,6.13,6.13,18252216.0,110891997.66,0.0,0.9126,1,0,none,baostock,query_history_k_data_plus
600006,SHSE.600006,,SH,A股-上交所,2022-12-21,6.12,6.12,5.94,5.98,6.13,18175992.0,109336930.99,-2.447,0.9088,1,0,none,baostock,query_history_k_data_plus
600006,SHSE.600006,,SH,A股-上交所,2022-12-22,6.0,6.04,5.83,5.84,5.98,28091947.0,166296172.34,-2.3411,1.4046,1,0,none,baostock,query_history_k_data_plus
600006,SHSE.600006,,SH,A股-上交所,2022-12-23,5.76,5.82,5.68,5.74,5.84,18134780.0,104170027.87,-1.7123,0.9067,1,0,none,baostock,query_history_k_data_plus
600006,SHSE.600006,,SH,A股-上交所,2022-12-26,5.68,5.83,5.67,5.83,5.74,13503689.0,77934757.2,1.5679,0.6752,1,0,none,baostock,query_history_k_data_plus
600006,SHSE.600006,,SH,A股-上交所,2022-12-27,5.82,5.83,5.68,5.75,5.83,19025580.0,109067885.4,-1.3722,0.9513,1,0,none,baostock,query_history_k_data_plus
600006,SHSE.600006,,SH,A股-上交所,2022-12-28,5.74,5.74,5.6,5.61,5.75,17024628.0,95775947.08,-2.4348,0.8512,1,0,none,baostock,query_history_k_data_plus
600006,SHSE.600006,,SH,A股-上交所,2022-12-29,5.57,5.69,5.57,5.57,5.61,14078940.0,78871759.2,-0.713,0.7039,1,0,none,baostock,query_history_k_data_plus
600006,SHSE.600006,,SH,A股-上交所,2022-12-30,5.64,5.69,5.56,5.58,5.57,14392391.0,80733078.6,0.1795,0.7196,1,0,none,baostock,query_history_k_data_plus
600006,SHSE.600006,,SH,A股-上交所,2023-01-03,5.58,5.66,5.52,5.66,5.58,12782137.0,71651719.65,1.4337,0.6391,1,0,none,baostock,query_history_k_data_plus
600006,SHSE.600006,,SH,A股-上交所,2023-01-04,5.63,5.69,5.61,5.66,5.66,10933800.0,61871947.0,0.0,0.5467,1,0,none,baostock,query_history_k_data_plus
600006,SHSE.600006,,SH,A股-上交所,2023-01-05,5.71,5.73,5.66,5.66,5.66,15286592.0,86839428.72,0.0,0.7643,1,0,none,baostock,query_history_k_data_plus
600006,SHSE.600006,,SH,A股-上交所,2023-01-06,5.66,5.74,5.64,5.67,5.66,14862100.0,84553696.0,0.1767,0.7431,1,0,none,baostock,query_history_k_data_plus
600006,SHSE.600006,,SH,A股-上交所,2023-01-09,5.66,5.78,5.66,5.72,5.67,17426932.0,99857311.55,0.8818,0.8713,1,0,none,baostock,query_history_k_data_plus
600006,SHSE.600006,,SH,A股-上交所,2023-01-10,5.72,5.96,5.62,5.92,5.72,38696978.0,225262105.61,3.4965,1.9348,1,0,none,baostock,query_history_k_data_plus
600006,SHSE.600006,,SH,A股-上交所,2023-01-11,5.88,5.89,5.74,5.76,5.92,19416226.0,112496742.2,-2.7027,0.9708,1,0,none,baostock,query_history_k_data_plus
600006,SHSE.600006,,SH,A股-上交所,2023-01-12,5.77,5.83,5.74,5.74,5.76,11970710.0,69148148.4,-0.3472,0.5985,1,0,none,baostock,query_history_k_data_plus
600006,SHSE.600006,,SH,A股-上交所,2023-01-13,5.74,5.77,5.71,5.74,5.74,9232247.0,52884008.65,0.0,0.4616,1,0,none,baostock,query_history_k_data_plus
600006,SHSE.600006,,SH,A股-上交所,2023-01-16,5.75,5.78,5.72,5.76,5.74,12009582.0,69122839.16,0.3484,0.6005,1,0,none,baostock,query_history_k_data_plus
600006,SHSE.600006,,SH,A股-上交所,2023-01-17,5.75,5.79,5.72,5.74,5.76,8333240.0,47929703.03,-0.3472,0.4167,1,0,none,baostock,query_history_k_data_plus
600006,SHSE.600006,,SH,A股-上交所,2023-01-18,5.74,5.81,5.74,5.77,5.74,9161600.0,52933080.0,0.5226,0.4581,1,0,none,baostock,query_history_k_data_plus
600006,SHSE.600006,,SH,A股-上交所,2023-01-19,5.77,5.79,5.74,5.77,5.77,8599398.0,49576167.92,0.0,0.43,1,0,none,baostock,query_history_k_data_plus
600006,SHSE.600006,,SH,A股-上交所,2023-01-20,5.77,5.86,5.77,5.84,5.77,15144199.0,88163275.46,1.2132,0.7572,1,0,none,baostock,query_history_k_data_plus
600006,SHSE.600006,,SH,A股-上交所,2023-01-30,5.99,6.07,5.94,5.95,5.84,33847781.0,202834555.06,1.8836,1.6924,1,0,none,baostock,query_history_k_data_plus
600006,SHSE.600006,,SH,A股-上交所,2023-01-31,5.95,6.05,5.92,6.02,5.95,18190826.0,109107142.28,1.1765,0.9095,1,0,none,baostock,query_history_k_data_plus
600006,SHSE.600006,,SH,A股-上交所,2023-02-01,6.03,6.17,6.0,6.14,6.02,30582468.0,186200705.92,1.9934,1.5291,1,0,none,baostock,query_history_k_data_plus
600006,SHSE.600006,,SH,A股-上交所,2023-02-02,6.13,6.15,6.05,6.07,6.14,17649211.0,107455088.36,-1.1401,0.8825,1,0,none,baostock,query_history_k_data_plus
600006,SHSE.600006,,SH,A股-上交所,2023-02-03,6.1,6.1,5.96,6.02,6.07,17157087.0,103176632.13,-0.8237,0.8579,1,0,none,baostock,query_history_k_data_plus
600006,SHSE.600006,,SH,A股-上交所,2023-02-06,6.1,6.12,6.01,6.03,6.02,13828963.0,83615956.41,0.1661,0.6914,1,0,none,baostock,query_history_k_data_plus
600006,SHSE.600006,,SH,A股-上交所,2023-02-07,6.03,6.06,5.99,6.05,6.03,11205175.0,67565929.26,0.3317,0.5603,1,0,none,baostock,query_history_k_data_plus
600006,SHSE.600006,,SH,A股-上交所,2023-02-08,6.04,6.07,6.01,6.02,6.05,10976630.0,66242532.58,-0.4959,0.5488,1,0,none,baostock,query_history_k_data_plus
600006,SHSE.600006,,SH,A股-上交所,2023-02-09,5.99,6.06,5.97,6.03,6.02,11615561.0,69992798.9,0.1661,0.5808,1,0,none,baostock,query_history_k_data_plus
600006,SHSE.600006,,SH,A股-上交所,2023-02-10,6.03,6.03,5.95,6.0,6.03,13290747.0,79572517.85,-0.4975,0.6645,1,0,none,baostock,query_history_k_data_plus
600006,SHSE.600006,,SH,A股-上交所,2023-02-13,5.99,6.17,5.98,6.09,6.0,24953665.0,151685130.43,1.5,1.2477,1,0,none,baostock,query_history_k_data_plus
600006,SHSE.600006,,SH,A股-上交所,2023-02-14,6.12,6.13,6.01,6.05,6.09,17501076.0,105878718.81,-0.6568,0.8751,1,0,none,baostock,query_history_k_data_plus
600006,SHSE.600006,,SH,A股-上交所,2023-02-15,6.07,6.14,6.04,6.05,6.05,16657926.0,101393385.02,0.0,0.8329,1,0,none,baostock,query_history_k_data_plus
600006,SHSE.600006,,SH,A股-上交所,2023-02-16,6.05,6.12,5.9,5.94,6.05,21229465.0,128042945.73,-1.8182,1.0615,1,0,none,baostock,query_history_k_data_plus
600006,SHSE.600006,,SH,A股-上交所,2023-02-17,5.94,5.99,5.91,5.92,5.94,11382373.0,67750004.65,-0.3367,0.5691,1,0,none,baostock,query_history_k_data_plus
600006,SHSE.600006,,SH,A股-上交所,2023-02-20,5.95,6.01,5.91,5.99,5.92,11739110.0,69949828.0,1.1824,0.587,1,0,none,baostock,query_history_k_data_plus
600006,SHSE.600006,,SH,A股-上交所,2023-02-21,6.0,6.15,5.98,6.12,5.99,26428461.0,161141723.23,2.1703,1.3214,1,0,none,baostock,query_history_k_data_plus
600006,SHSE.600006,,SH,A股-上交所,2023-02-22,6.1,6.14,6.07,6.14,6.12,13583815.0,82936398.95,0.3268,0.6792,1,0,none,baostock,query_history_k_data_plus
600006,SHSE.600006,,SH,A股-上交所,2023-02-23,6.16,6.19,6.08,6.12,6.14,14388653.0,88318420.86,-0.3257,0.7194,1,0,none,baostock,query_history_k_data_plus
600006,SHSE.600006,,SH,A股-上交所,2023-02-24,6.13,6.14,6.06,6.09,6.12,10271819.0,62562900.71,-0.4902,0.5136,1,0,none,baostock,query_history_k_data_plus
600006,SHSE.600006,,SH,A股-上交所,2023-02-27,6.08,6.11,6.02,6.03,6.09,10372500.0,62865240.0,-0.9852,0.5186,1,0,none,baostock,query_history_k_data_plus
600006,SHSE.600006,,SH,A股-上交所,2023-02-28,6.05,6.07,6.0,6.07,6.03,8427915.0,50878708.41,0.6633,0.4214,1,0,none,baostock,query_history_k_data_plus
600006,SHSE.600006,,SH,A股-上交所,2023-03-01,6.08,6.11,6.04,6.1,6.07,10456519.0,63621875.34,0.4942,0.5228,1,0,none,baostock,query_history_k_data_plus
600006,SHSE.600006,,SH,A股-上交所,2023-03-02,6.11,6.12,6.07,6.09,6.1,9261225.0,56430200.45,-0.1639,0.4631,1,0,none,baostock,query_history_k_data_plus
600006,SHSE.600006,,SH,A股-上交所,2023-03-03,6.08,6.12,6.05,6.12,6.09,13066684.0,79591838.56,0.4926,0.6533,1,0,none,baostock,query_history_k_data_plus
600006,SHSE.600006,,SH,A股-上交所,2023-03-06,6.16,6.33,6.14,6.18,6.12,30442728.0,188488511.21,0.9804,1.5221,1,0,none,baostock,query_history_k_data_plus
600006,SHSE.600006,,SH,A股-上交所,2023-03-07,6.34,6.8,6.27,6.8,6.18,90404093.0,600635379.3,10.0324,4.5202,1,0,none,baostock,query_history_k_data_plus
600006,SHSE.600006,,SH,A股-上交所,2023-03-08,6.81,7.09,6.63,6.7,6.8,168999646.0,1154567256.43,-1.4706,8.45,1,0,none,baostock,query_history_k_data_plus
600006,SHSE.600006,,SH,A股-上交所,2023-03-09,6.55,7.28,6.51,6.97,6.7,155742096.0,1075655162.71,4.0299,7.7871,1,0,none,baostock,query_history_k_data_plus
600006,SHSE.600006,,SH,A股-上交所,2023-03-10,6.75,6.87,6.41,6.47,6.97,114073103.0,753034386.01,-7.1736,5.7037,1,0,none,baostock,query_history_k_data_plus
600006,SHSE.600006,,SH,A股-上交所,2023-03-13,6.29,6.29,6.01,6.13,6.47,85406560.0,523668244.22,-5.255,4.2703,1,0,none,baostock,query_history_k_data_plus
600006,SHSE.600006,,SH,A股-上交所,2023-03-14,6.07,6.08,5.8,5.99,6.13,75173188.0,445820142.57,-2.2838,3.7587,1,0,none,baostock,query_history_k_data_plus
600006,SHSE.600006,,SH,A股-上交所,2023-03-15,5.95,5.98,5.9,5.97,5.99,40644528.0,241425135.58,-0.3339,2.0322,1,0,none,baostock,query_history_k_data_plus
600006,SHSE.600006,,SH,A股-上交所,2023-03-16,5.91,5.97,5.8,5.8,5.97,35438382.0,208038332.81,-2.8476,1.7719,1,0,none,baostock,query_history_k_data_plus
600006,SHSE.600006,,SH,A股-上交所,2023-03-17,5.84,5.87,5.8,5.81,5.8,28624453.0,167022166.41,0.1724,1.4312,1,0,none,baostock,query_history_k_data_plus
600006,SHSE.600006,,SH,A股-上交所,2023-03-20,5.81,5.81,5.68,5.69,5.81,32847743.0,188306760.39,-2.0654,1.6424,1,0,none,baostock,query_history_k_data_plus
600006,SHSE.600006,,SH,A股-上交所,2023-03-21,5.73,5.81,5.7,5.8,5.69,24420521.0,140749755.23,1.9332,1.221,1,0,none,baostock,query_history_k_data_plus
600006,SHSE.600006,,SH,A股-上交所,2023-03-22,5.82,5.86,5.78,5.82,5.8,21604237.0,125650859.16,0.3448,1.0802,1,0,none,baostock,query_history_k_data_plus
600006,SHSE.600006,,SH,A股-上交所,2023-03-23,5.79,5.83,5.74,5.82,5.82,18304825.0,105860141.37,0.0,0.9152,1,0,none,baostock,query_history_k_data_plus
600006,SHSE.600006,,SH,A股-上交所,2023-03-24,5.81,5.81,5.74,5.75,5.82,17084592.0,98464603.08,-1.2027,0.8542,1,0,none,baostock,query_history_k_data_plus
600006,SHSE.600006,,SH,A股-上交所,2023-03-27,5.74,5.78,5.67,5.69,5.75,17827588.0,101711504.79,-1.0435,0.8914,1,0,none,baostock,query_history_k_data_plus
600006,SHSE.600006,,SH,A股-上交所,2023-03-28,5.71,5.77,5.67,5.73,5.69,20823538.0,118998529.74,0.703,1.0412,1,0,none,baostock,query_history_k_data_plus
600006,SHSE.600006,,SH,A股-上交所,2023-03-29,5.71,5.73,5.62,5.63,5.73,19924501.0,113005428.69,-1.7452,0.9962,1,0,none,baostock,query_history_k_data_plus
600006,SHSE.600006,,SH,A股-上交所,2023-03-30,5.61,5.68,5.56,5.66,5.63,16026296.0,90162777.26,0.5329,0.8013,1,0,none,baostock,query_history_k_data_plus
600006,SHSE.600006,,SH,A股-上交所,2023-03-31,5.63,5.74,5.63,5.73,5.66,15257903.0,86915696.78,1.2367,0.7629,1,0,none,baostock,query_history_k_data_plus
600006,SHSE.600006,,SH,A股-上交所,2023-04-03,5.73,5.73,5.67,5.71,5.73,12117615.0,69029697.34,-0.349,0.6059,1,0,none,baostock,query_history_k_data_plus
600006,SHSE.600006,,SH,A股-上交所,2023-04-04,5.71,5.74,5.66,5.67,5.71,14100383.0,80152859.44,-0.7005,0.705,1,0,none,baostock,query_history_k_data_plus
600006,SHSE.600006,,SH,A股-上交所,2023-04-06,5.66,5.67,5.6,5.63,5.67,12917687.0,72567285.07,-0.7055,0.6459,1,0,none,baostock,query_history_k_data_plus
600006,SHSE.600006,,SH,A股-上交所,2023-04-07,5.63,5.68,5.61,5.66,5.63,8334862.0,47177081.43,0.5329,0.4167,1,0,none,baostock,query_history_k_data_plus
600006,SHSE.600006,,SH,A股-上交所,2023-04-10,5.67,5.69,5.6,5.62,5.66,11782350.0,66364105.52,-0.7067,0.5891,1,0,none,baostock,query_history_k_data_plus
600006,SHSE.600006,,SH,A股-上交所,2023-04-11,5.7,5.79,5.66,5.76,5.62,29384866.0,168517626.59,2.4911,1.4692,1,0,none,baostock,query_history_k_data_plus
600006,SHSE.600006,,SH,A股-上交所,2023-04-12,5.77,5.8,5.68,5.73,5.76,17690209.0,101110525.27,-0.5208,0.8845,1,0,none,baostock,query_history_k_data_plus
600006,SHSE.600006,,SH,A股-上交所,2023-04-13,5.73,5.77,5.68,5.73,5.73,14280908.0,81660303.68,0.0,0.714,1,0,none,baostock,query_history_k_data_plus
600006,SHSE.600006,,SH,A股-上交所,2023-04-14,5.74,5.86,5.73,5.83,5.73,32611100.0,189737091.9,1.7452,1.6306,1,0,none,baostock,query_history_k_data_plus
600006,SHSE.600006,,SH,A股-上交所,2023-04-17,5.8,5.88,5.79,5.84,5.83,20228670.0,118043626.1,0.1715,1.0114,1,0,none,baostock,query_history_k_data_plus
600006,SHSE.600006,,SH,A股-上交所,2023-04-18,5.85,5.86,5.76,5.81,5.84,17191994.0,99789948.99,-0.5137,0.8596,1,0,none,baostock,query_history_k_data_plus
600006,SHSE.600006,,SH,A股-上交所,2023-04-19,5.81,5.81,5.71,5.73,5.81,14907950.0,85531805.0,-1.3769,0.7454,1,0,none,baostock,query_history_k_data_plus
600006,SHSE.600006,,SH,A股-上交所,2023-04-20,5.7,5.71,5.6,5.66,5.73,16347492.0,92223318.88,-1.2216,0.8174,1,0,none,baostock,query_history_k_data_plus
600006,SHSE.600006,,SH,A股-上交所,2023-04-21,5.66,5.69,5.54,5.54,5.66,17432594.0,97673941.62,-2.1201,0.8716,1,0,none,baostock,query_history_k_data_plus
600006,SHSE.600006,,SH,A股-上交所,2023-04-24,5.54,5.59,5.39,5.5,5.54,17549441.0,96292641.17,-0.722,0.8775,1,0,none,baostock,query_history_k_data_plus
600006,SHSE.600006,,SH,A股-上交所,2023-04-25,5.51,5.52,5.26,5.36,5.5,21314402.0,114455270.93,-2.5455,1.0657,1,0,none,baostock,query_history_k_data_plus
600006,SHSE.600006,,SH,A股-上交所,2023-04-26,5.36,5.56,5.34,5.51,5.36,14804527.0,80961296.81,2.7985,0.7402,1,0,none,baostock,query_history_k_data_plus
600006,SHSE.600006,,SH,A股-上交所,2023-04-27,5.5,5.56,5.47,5.53,5.51,9385954.0,51843379.7,0.363,0.4693,1,0,none,baostock,query_history_k_data_plus
600006,SHSE.600006,,SH,A股-上交所,2023-04-28,5.53,5.86,5.52,5.76,5.53,28728869.0,163616347.16,4.1591,1.4364,1,0,none,baostock,query_history_k_data_plus
600006,SHSE.600006,,SH,A股-上交所,2023-05-04,5.7,5.76,5.67,5.71,5.76,16402252.0,93677633.99,-0.8681,0.8201,1,0,none,baostock,query_history_k_data_plus
600006,SHSE.600006,,SH,A股-上交所,2023-05-05,5.71,5.73,5.61,5.7,5.71,17571207.0,99471280.09,-0.1751,0.8786,1,0,none,baostock,query_history_k_data_plus
600006,SHSE.600006,,SH,A股-上交所,2023-05-08,5.73,5.79,5.7,5.77,5.7,21661257.0,124645923.0,1.2281,1.0831,1,0,none,baostock,query_history_k_data_plus
600006,SHSE.600006,,SH,A股-上交所,2023-05-09,5.75,5.87,5.72,5.87,5.77,34232880.0,198865998.0,1.7331,1.7116,1,0,none,baostock,query_history_k_data_plus
600006,SHSE.600006,,SH,A股-上交所,2023-05-10,5.86,6.45,5.81,6.28,5.87,92488860.0,567625312.38,6.9847,4.6244,1,0,none,baostock,query_history_k_data_plus
600006,SHSE.600006,,SH,A股-上交所,2023-05-11,6.2,6.21,5.99,6.01,6.28,61597610.0,373764042.74,-4.2994,3.0799,1,0,none,baostock,query_history_k_data_plus
600006,SHSE.600006,,SH,A股-上交所,2023-05-12,5.98,6.0,5.86,5.86,6.01,31840869.0,188111475.13,-2.4958,1.592,1,0,none,baostock,query_history_k_data_plus
600006,SHSE.600006,,SH,A股-上交所,2023-05-15,5.85,5.93,5.77,5.91,5.86,24720021.0,144629214.84,0.8532,1.236,1,0,none,baostock,query_history_k_data_plus
600006,SHSE.600006,,SH,A股-上交所,2023-05-16,5.91,5.91,5.73,5.75,5.91,23526609.0,136154461.55,-2.7073,1.1763,1,0,none,baostock,query_history_k_data_plus
600006,SHSE.600006,,SH,A股-上交所,2023-05-17,5.78,5.82,5.71,5.77,5.75,14895907.0,85825832.93,0.3478,0.7448,1,0,none,baostock,query_history_k_data_plus
600006,SHSE.600006,,SH,A股-上交所,2023-05-18,5.75,5.77,5.68,5.71,5.77,17973220.0,102740351.98,-1.0399,0.8987,1,0,none,baostock,query_history_k_data_plus
600006,SHSE.600006,,SH,A股-上交所,2023-05-19,5.68,5.72,5.61,5.68,5.71,10808004.0,61293140.52,-0.5254,0.5404,1,0,none,baostock,query_history_k_data_plus
600006,SHSE.600006,,SH,A股-上交所,2023-05-22,5.69,5.75,5.61,5.65,5.68,13857400.0,78416243.0,-0.5282,0.6929,1,0,none,baostock,query_history_k_data_plus
600006,SHSE.600006,,SH,A股-上交所,2023-05-23,5.64,5.69,5.58,5.59,5.65,11560372.0,65146519.08,-1.0619,0.578,1,0,none,baostock,query_history_k_data_plus
600006,SHSE.600006,,SH,A股-上交所,2023-05-24,5.59,5.63,5.54,5.57,5.59,9391152.0,52501801.12,-0.3578,0.4696,1,0,none,baostock,query_history_k_data_plus
600006,SHSE.600006,,SH,A股-上交所,2023-05-25,5.58,5.6,5.47,5.54,5.57,15188071.0,83862374.49,-0.5386,0.7594,1,0,none,baostock,query_history_k_data_plus
600006,SHSE.600006,,SH,A股-上交所,2023-05-26,5.56,5.69,5.46,5.68,5.54,19985844.0,111848843.74,2.5271,0.9993,1,0,none,baostock,query_history_k_data_plus
600006,SHSE.600006,,SH,A股-上交所,2023-05-29,5.65,5.67,5.55,5.58,5.68,14763120.0,82558373.09,-1.7606,0.7382,1,0,none,baostock,query_history_k_data_plus
600006,SHSE.600006,,SH,A股-上交所,2023-05-30,5.55,5.63,5.53,5.63,5.58,13229789.0,73921446.48,0.8961,0.6615,1,0,none,baostock,query_history_k_data_plus
600006,SHSE.600006,,SH,A股-上交所,2023-05-31,5.61,5.62,5.55,5.59,5.63,8498214.0,47475140.98,-0.7105,0.4249,1,0,none,baostock,query_history_k_data_plus
600006,SHSE.600006,,SH,A股-上交所,2023-06-01,5.57,5.68,5.54,5.63,5.59,13315084.0,74978655.51,0.7156,0.6658,1,0,none,baostock,query_history_k_data_plus
600006,SHSE.600006,,SH,A股-上交所,2023-06-02,5.62,5.7,5.61,5.69,5.63,15799985.0,89538097.78,1.0657,0.79,1,0,none,baostock,query_history_k_data_plus
600006,SHSE.600006,,SH,A股-上交所,2023-06-05,5.69,5.73,5.66,5.73,5.69,15667512.0,89295691.74,0.703,0.7834,1,0,none,baostock,query_history_k_data_plus
600006,SHSE.600006,,SH,A股-上交所,2023-06-06,5.73,5.73,5.57,5.59,5.73,11980700.0,67577345.0,-2.4433,0.599,1,0,none,baostock,query_history_k_data_plus
600006,SHSE.600006,,SH,A股-上交所,2023-06-07,5.59,5.59,5.5,5.53,5.59,11141068.0,61700177.1,-1.0733,0.5571,1,0,none,baostock,query_history_k_data_plus
600006,SHSE.600006,,SH,A股-上交所,2023-06-08,5.52,5.58,5.51,5.56,5.53,8933700.0,49612200.0,0.5425,0.4467,1,0,none,baostock,query_history_k_data_plus
600006,SHSE.600006,,SH,A股-上交所,2023-06-09,5.65,5.85,5.64,5.75,5.56,45355042.0,260692647.07,3.4173,2.2678,1,0,none,baostock,query_history_k_data_plus
600006,SHSE.600006,,SH,A股-上交所,2023-06-12,5.75,5.87,5.72,5.83,5.75,26328130.0,153126872.67,1.3913,1.3164,1,0,none,baostock,query_history_k_data_plus
600006,SHSE.600006,,SH,A股-上交所,2023-06-13,5.83,5.89,5.79,5.84,5.83,19599100.0,114433076.32,0.1715,0.98,1,0,none,baostock,query_history_k_data_plus
600006,SHSE.600006,,SH,A股-上交所,2023-06-14,5.86,5.87,5.81,5.81,5.84,14180324.0,82736967.57,-0.5137,0.709,1,0,none,baostock,query_history_k_data_plus
600006,SHSE.600006,,SH,A股-上交所,2023-06-15,5.79,5.95,5.77,5.85,5.81,20579828.0,120865937.47,0.6885,1.029,1,0,none,baostock,query_history_k_data_plus
600006,SHSE.600006,,SH,A股-上交所,2023-06-16,5.96,6.06,5.87,5.87,5.85,27396277.0,162755627.13,0.3419,1.3698,1,0,none,baostock,query_history_k_data_plus
600006,SHSE.600006,,SH,A股-上交所,2023-06-19,5.86,5.94,5.82,5.86,5.87,17652401.0,103791185.98,-0.1704,0.8826,1,0,none,baostock,query_history_k_data_plus
600006,SHSE.600006,,SH,A股-上交所,2023-06-20,5.86,5.88,5.79,5.8,5.86,13210242.0,77017907.41,-1.0239,0.6605,1,0,none,baostock,query_history_k_data_plus
600006,SHSE.600006,,SH,A股-上交所,2023-06-21,5.8,5.87,5.76,5.77,5.8,12815505.0,74373619.85,-0.5172,0.6408,1,0,none,baostock,query_history_k_data_plus
600006,SHSE.600006,,SH,A股-上交所,2023-06-26,5.72,5.95,5.72,5.73,5.77,21198734.0,123520851.22,-0.6932,1.0599,1,0,none,baostock,query_history_k_data_plus
600006,SHSE.600006,,SH,A股-上交所,2023-06-27,5.7,5.84,5.64,5.82,5.73,15561002.0,89628625.95,1.5707,0.7781,1,0,none,baostock,query_history_k_data_plus
600006,SHSE.600006,,SH,A股-上交所,2023-06-28,5.82,5.89,5.74,5.85,5.82,14565055.0,84694232.69,0.5155,0.7283,1,0,none,baostock,query_history_k_data_plus
600006,SHSE.600006,,SH,A股-上交所,2023-06-29,5.81,5.9,5.8,5.86,5.85,17366471.0,101814620.75,0.1709,0.8683,1,0,none,baostock,query_history_k_data_plus
600006,SHSE.600006,,SH,A股-上交所,2023-06-30,5.85,5.93,5.8,5.91,5.86,20325230.0,119539125.06,0.8532,1.0163,1,0,none,baostock,query_history_k_data_plus
600006,SHSE.600006,,SH,A股-上交所,2023-07-03,5.92,6.06,5.91,6.03,5.91,37680191.0,226398100.71,2.0305,1.884,1,0,none,baostock,query_history_k_data_plus
600006,SHSE.600006,,SH,A股-上交所,2023-07-04,6.02,6.2,5.99,6.15,6.03,53238050.0,324928814.4,1.99,2.6619,1,0,none,baostock,query_history_k_data_plus
600006,SHSE.600006,,SH,A股-上交所,2023-07-05,6.12,6.17,6.04,6.05,6.15,40400713.0,246441678.53,-1.626,2.02,1,0,none,baostock,query_history_k_data_plus
600006,SHSE.600006,,SH,A股-上交所,2023-07-06,6.06,6.12,5.97,6.07,6.05,21880501.0,132620868.82,0.3306,1.094,1,0,none,baostock,query_history_k_data_plus
600006,SHSE.600006,,SH,A股-上交所,2023-07-07,6.08,6.14,6.03,6.05,6.07,22329205.0,135701910.54,-0.3295,1.1165,1,0,none,baostock,query_history_k_data_plus
600006,SHSE.600006,,SH,A股-上交所,2023-07-10,6.05,6.14,6.01,6.01,6.05,16962117.0,102451214.99,-0.6612,0.8481,1,0,none,baostock,query_history_k_data_plus
600006,SHSE.600006,,SH,A股-上交所,2023-07-11,6.03,6.22,6.01,6.19,6.01,42402831.0,260869443.51,2.995,2.1201,1,0,none,baostock,query_history_k_data_plus
600006,SHSE.600006,,SH,A股-上交所,2023-07-12,6.2,6.3,6.13,6.14,6.19,39652011.0,246703838.28,-0.8078,1.9826,1,0,none,baostock,query_history_k_data_plus
600006,SHSE.600006,,SH,A股-上交所,2023-07-13,6.1,6.12,5.97,6.01,6.1,27309840.0,164465300.01,-1.4754,1.3655,1,0,none,baostock,query_history_k_data_plus
600006,SHSE.600006,,SH,A股-上交所,2023-07-14,6.03,6.04,5.92,5.94,6.01,18047042.0,107663018.68,-1.1647,0.9024,1,0,none,baostock,query_history_k_data_plus
600006,SHSE.600006,,SH,A股-上交所,2023-07-17,5.91,5.94,5.84,5.92,5.94,16483992.0,97054555.74,-0.3367,0.8242,1,0,none,baostock,query_history_k_data_plus
600006,SHSE.600006,,SH,A股-上交所,2023-07-18,5.95,6.15,5.86,6.12,5.92,37216034.0,224698532.1,3.3784,1.8608,1,0,none,baostock,query_history_k_data_plus
600006,SHSE.600006,,SH,A股-上交所,2023-07-19,6.11,6.17,6.07,6.11,6.12,21393340.0,130692357.07,-0.1634,1.0697,1,0,none,baostock,query_history_k_data_plus
600006,SHSE.600006,,SH,A股-上交所,2023-07-20,6.11,6.25,6.03,6.04,6.11,21016307.0,128620217.2,-1.1457,1.0508,1,0,none,baostock,query_history_k_data_plus
600006,SHSE.600006,,SH,A股-上交所,2023-07-21,6.02,6.03,5.93,5.96,6.04,15552626.0,92930132.2,-1.3245,0.7776,1,0,none,baostock,query_history_k_data_plus
600006,SHSE.600006,,SH,A股-上交所,2023-07-24,5.93,5.99,5.91,5.93,5.96,12603900.0,74906571.0,-0.5034,0.6302,1,0,none,baostock,query_history_k_data_plus
600006,SHSE.600006,,SH,A股-上交所,2023-07-25,6.03,6.24,5.98,6.2,5.93,45778974.0,281387889.84,4.5531,2.2889,1,0,none,baostock,query_history_k_data_plus
600006,SHSE.600006,,SH,A股-上交所,2023-07-26,6.15,6.17,5.96,5.97,6.2,35378199.0,213684598.17,-3.7097,1.7689,1,0,none,baostock,query_history_k_data_plus
600006,SHSE.600006,,SH,A股-上交所,2023-07-27,6.06,6.15,6.01,6.02,5.97,31146208.0,189166638.72,0.8375,1.5573,1,0,none,baostock,query_history_k_data_plus
600006,SHSE.600006,,SH,A股-上交所,2023-07-28,5.99,6.32,5.93,6.25,6.02,65518443.0,404895716.97,3.8206,3.2759,1,0,none,baostock,query_history_k_data_plus
600006,SHSE.600006,,SH,A股-上交所,2023-07-31,6.26,6.52,6.25,6.41,6.25,65059078.0,417395811.58,2.56,3.253,1,0,none,baostock,query_history_k_data_plus
600006,SHSE.600006,,SH,A股-上交所,2023-08-01,6.36,6.5,6.25,6.34,6.41,44072167.0,280471858.61,-1.092,2.2036,1,0,none,baostock,query_history_k_data_plus
600006,SHSE.600006,,SH,A股-上交所,2023-08-02,6.29,6.49,6.29,6.36,6.34,31441637.0,200178584.92,0.3155,1.5721,1,0,none,baostock,query_history_k_data_plus
600006,SHSE.600006,,SH,A股-上交所,2023-08-03,6.32,6.34,6.23,6.28,6.36,24857400.0,155889739.0,-1.2579,1.2429,1,0,none,baostock,query_history_k_data_plus
600006,SHSE.600006,,SH,A股-上交所,2023-08-04,6.3,6.35,6.24,6.24,6.28,22474318.0,141274495.16,-0.6369,1.1237,1,0,none,baostock,query_history_k_data_plus
600006,SHSE.600006,,SH,A股-上交所,2023-08-07,6.22,6.28,6.18,6.22,6.24,18666838.0,116055578.1,-0.3205,0.9333,1,0,none,baostock,query_history_k_data_plus
600006,SHSE.600006,,SH,A股-上交所,2023-08-08,6.2,6.24,6.1,6.15,6.22,19696096.0,121034403.44,-1.1254,0.9848,1,0,none,baostock,query_history_k_data_plus
600006,SHSE.600006,,SH,A股-上交所,2023-08-09,6.12,6.14,6.04,6.06,6.15,16552933.0,100514833.65,-1.4634,0.8276,1,0,none,baostock,query_history_k_data_plus
600006,SHSE.600006,,SH,A股-上交所,2023-08-10,6.04,6.08,6.01,6.02,6.06,14932539.0,90028036.39,-0.6601,0.7466,1,0,none,baostock,query_history_k_data_plus
600006,SHSE.600006,,SH,A股-上交所,2023-08-11,6.02,6.05,5.87,5.88,6.02,22100598.0,131219333.26,-2.3256,1.105,1,0,none,baostock,query_history_k_data_plus
600006,SHSE.600006,,SH,A股-上交所,2023-08-14,5.85,5.86,5.67,5.77,5.88,25517010.0,146499459.0,-1.8707,1.2759,1,0,none,baostock,query_history_k_data_plus
600006,SHSE.600006,,SH,A股-上交所,2023-08-15,5.75,5.8,5.67,5.72,5.77,15818600.0,90346116.0,-0.8666,0.7909,1,0,none,baostock,query_history_k_data_plus
600006,SHSE.600006,,SH,A股-上交所,2023-08-16,5.68,5.73,5.67,5.68,5.72,11710100.0,66673589.95,-0.6993,0.5855,1,0,none,baostock,query_history_k_data_plus
600006,SHSE.600006,,SH,A股-上交所,2023-08-17,5.67,5.75,5.6,5.73,5.68,16272234.0,92600735.82,0.8803,0.8136,1,0,none,baostock,query_history_k_data_plus
600006,SHSE.600006,,SH,A股-上交所,2023-08-18,5.71,5.75,5.63,5.63,5.73,13799606.0,78447893.78,-1.7452,0.69,1,0,none,baostock,query_history_k_data_plus
600006,SHSE.600006,,SH,A股-上交所,2023-08-21,5.63,5.69,5.54,5.54,5.63,14237474.0,79869565.4,-1.5986,0.7119,1,0,none,baostock,query_history_k_data_plus
600006,SHSE.600006,,SH,A股-上交所,2023-08-22,5.6,5.62,5.51,5.61,5.54,13607126.0,75718043.56,1.2635,0.6804,1,0,none,baostock,query_history_k_data_plus
600006,SHSE.600006,,SH,A股-上交所,2023-08-23,5.59,5.59,5.49,5.5,5.61,13823465.0,76346734.8,-1.9608,0.6912,1,0,none,baostock,query_history_k_data_plus
600006,SHSE.600006,,SH,A股-上交所,2023-08-24,5.52,5.59,5.46,5.52,5.5,10101231.0,55836193.81,0.3636,0.5051,1,0,none,baostock,query_history_k_data_plus
600006,SHSE.600006,,SH,A股-上交所,2023-08-25,5.51,5.54,5.41,5.43,5.52,14517800.0,79418924.0,-1.6304,0.7259,1,0,none,baostock,query_history_k_data_plus
600006,SHSE.600006,,SH,A股-上交所,2023-08-28,5.72,5.76,5.52,5.54,5.43,21603964.0,121398450.72,2.0258,1.0802,1,0,none,baostock,query_history_k_data_plus
600006,SHSE.600006,,SH,A股-上交所,2023-08-29,5.54,5.66,5.52,5.64,5.54,16137211.0,90596071.04,1.8051,0.8069,1,0,none,baostock,query_history_k_data_plus
600006,SHSE.600006,,SH,A股-上交所,2023-08-30,5.65,5.68,5.57,5.6,5.64,12665100.0,71193470.0,-0.7092,0.6333,1,0,none,baostock,query_history_k_data_plus
600006,SHSE.600006,,SH,A股-上交所,2023-08-31,5.6,5.62,5.5,5.51,5.6,13187332.0,73023478.22,-1.6071,0.6594,1,0,none,baostock,query_history_k_data_plus
600006,SHSE.600006,,SH,A股-上交所,2023-09-01,5.52,5.64,5.52,5.61,5.51,12715031.0,71092609.29,1.8149,0.6358,1,0,none,baostock,query_history_k_data_plus
600006,SHSE.600006,,SH,A股-上交所,2023-09-04,5.62,5.74,5.59,5.73,5.61,20637410.0,117216158.6,2.139,1.0319,1,0,none,baostock,query_history_k_data_plus
600006,SHSE.600006,,SH,A股-上交所,2023-09-05,5.72,5.73,5.65,5.67,5.73,10398100.0,59005713.0,-1.0471,0.5199,1,0,none,baostock,query_history_k_data_plus
600006,SHSE.600006,,SH,A股-上交所,2023-09-06,5.66,5.71,5.63,5.68,5.67,10047235.0,57082847.45,0.1764,0.5024,1,0,none,baostock,query_history_k_data_plus
600006,SHSE.600006,,SH,A股-上交所,2023-09-07,5.68,5.68,5.56,5.57,5.68,10728244.0,60171468.52,-1.9366,0.5364,1,0,none,baostock,query_history_k_data_plus
600006,SHSE.600006,,SH,A股-上交所,2023-09-08,5.55,5.61,5.53,5.57,5.57,8472500.0,47173610.0,0.0,0.4236,1,0,none,baostock,query_history_k_data_plus
600006,SHSE.600006,,SH,A股-上交所,2023-09-11,5.59,5.73,5.56,5.7,5.57,16191796.0,91618897.96,2.3339,0.8096,1,0,none,baostock,query_history_k_data_plus
600006,SHSE.600006,,SH,A股-上交所,2023-09-12,5.71,5.75,5.69,5.73,5.7,11989501.0,68597257.73,0.5263,0.5995,1,0,none,baostock,query_history_k_data_plus
600006,SHSE.600006,,SH,A股-上交所,2023-09-13,5.7,5.72,5.6,5.62,5.73,11674600.0,65879535.0,-1.9197,0.5837,1,0,none,baostock,query_history_k_data_plus
600006,SHSE.600006,,SH,A股-上交所,2023-09-14,5.58,5.62,5.53,5.57,5.62,10717054.0,59708428.1,-0.8897,0.5359,1,0,none,baostock,query_history_k_data_plus
600006,SHSE.600006,,SH,A股-上交所,2023-09-15,5.61,5.64,5.57,5.62,5.57,10546070.0,59085453.6,0.8977,0.5273,1,0,none,baostock,query_history_k_data_plus
600006,SHSE.600006,,SH,A股-上交所,2023-09-18,5.6,5.74,5.58,5.68,5.62,15058398.0,85633761.66,1.0676,0.7529,1,0,none,baostock,query_history_k_data_plus
600006,SHSE.600006,,SH,A股-上交所,2023-09-19,5.68,5.68,5.61,5.65,5.68,9991000.0,56389292.0,-0.5282,0.4996,1,0,none,baostock,query_history_k_data_plus
600006,SHSE.600006,,SH,A股-上交所,2023-09-20,5.64,5.66,5.58,5.58,5.65,8868770.0,49788500.6,-1.2389,0.4434,1,0,none,baostock,query_history_k_data_plus
600006,SHSE.600006,,SH,A股-上交所,2023-09-21,5.56,5.61,5.53,5.54,5.58,9409900.0,52261326.0,-0.7168,0.4705,1,0,none,baostock,query_history_k_data_plus
600006,SHSE.600006,,SH,A股-上交所,2023-09-22,5.52,5.61,5.51,5.6,5.54,9946691.0,55420984.36,1.083,0.4973,1,0,none,baostock,query_history_k_data_plus
600006,SHSE.600006,,SH,A股-上交所,2023-09-25,5.6,5.63,5.54,5.56,5.6,9566144.0,53304651.08,-0.7143,0.4783,1,0,none,baostock,query_history_k_data_plus
600006,SHSE.600006,,SH,A股-上交所,2023-09-26,5.55,5.57,5.49,5.5,5.56,8428331.0,46524233.5,-1.0791,0.4214,1,0,none,baostock,query_history_k_data_plus
600006,SHSE.600006,,SH,A股-上交所,2023-09-27,5.49,5.53,5.48,5.48,5.5,8364641.0,45954382.68,-0.3636,0.4182,1,0,none,baostock,query_history_k_data_plus
600006,SHSE.600006,,SH,A股-上交所,2023-09-28,5.49,5.57,5.49,5.56,5.48,12507968.0,69357762.24,1.4599,0.6254,1,0,none,baostock,query_history_k_data_plus
600006,SHSE.600006,,SH,A股-上交所,2023-10-09,5.6,5.66,5.59,5.65,5.56,18296450.0,103044152.0,1.6187,0.9148,1,0,none,baostock,query_history_k_data_plus
600006,SHSE.600006,,SH,A股-上交所,2023-10-10,5.69,5.78,5.64,5.72,5.65,20956644.0,119601997.24,1.2389,1.0478,1,0,none,baostock,query_history_k_data_plus
600006,SHSE.600006,,SH,A股-上交所,2023-10-11,5.73,5.74,5.6,5.62,5.72,15160200.0,85818218.0,-1.7483,0.758,1,0,none,baostock,query_history_k_data_plus
600006,SHSE.600006,,SH,A股-上交所,2023-10-12,5.66,5.83,5.63,5.79,5.62,31254495.0,179988030.15,3.0249,1.5627,1,0,none,baostock,query_history_k_data_plus
600006,SHSE.600006,,SH,A股-上交所,2023-10-13,5.77,5.88,5.72,5.84,5.79,24018167.0,139672949.01,0.8636,1.2009,1,0,none,baostock,query_history_k_data_plus
600006,SHSE.600006,,SH,A股-上交所,2023-10-16,5.95,6.2,5.89,5.98,5.84,55911448.0,337694608.35,2.3973,2.7956,1,0,none,baostock,query_history_k_data_plus
600006,SHSE.600006,,SH,A股-上交所,2023-10-17,6.03,6.05,5.81,5.84,5.98,37220537.0,218898711.72,-2.3411,1.861,1,0,none,baostock,query_history_k_data_plus
600006,SHSE.600006,,SH,A股-上交所,2023-10-18,5.84,6.02,5.79,5.9,5.84,38132908.0,224792517.05,1.0274,1.9066,1,0,none,baostock,query_history_k_data_plus
600006,SHSE.600006,,SH,A股-上交所,2023-10-19,5.87,5.87,5.63,5.65,5.9,32133551.0,183578410.37,-4.2373,1.6067,1,0,none,baostock,query_history_k_data_plus
600006,SHSE.600006,,SH,A股-上交所,2023-10-20,5.61,5.78,5.59,5.67,5.65,20187899.0,115232424.02,0.354,1.0094,1,0,none,baostock,query_history_k_data_plus
600006,SHSE.600006,,SH,A股-上交所,2023-10-23,5.64,6.24,5.62,6.24,5.67,61965664.0,375805200.66,10.0529,3.0983,1,0,none,baostock,query_history_k_data_plus
600006,SHSE.600006,,SH,A股-上交所,2023-10-24,6.46,6.46,6.1,6.17,6.24,126016741.0,783507562.39,-1.1218,6.3008,1,0,none,baostock,query_history_k_data_plus
600006,SHSE.600006,,SH,A股-上交所,2023-10-25,6.17,6.29,6.1,6.19,6.17,76882011.0,475452699.38,0.3241,3.8441,1,0,none,baostock,query_history_k_data_plus
600006,SHSE.600006,,SH,A股-上交所,2023-10-26,6.13,6.35,6.11,6.27,6.19,74302784.0,464259663.79,1.2924,3.7151,1,0,none,baostock,query_history_k_data_plus
600006,SHSE.600006,,SH,A股-上交所,2023-10-27,6.26,6.8,6.23,6.44,6.27,108737429.0,707342294.72,2.7113,5.4369,1,0,none,baostock,query_history_k_data_plus
600006,SHSE.600006,,SH,A股-上交所,2023-10-30,6.27,6.3,6.03,6.2,6.44,70762733.0,437457887.59,-3.7267,3.5381,1,0,none,baostock,query_history_k_data_plus
600006,SHSE.600006,,SH,A股-上交所,2023-10-31,6.19,6.21,6.03,6.09,6.2,47754926.0,291977610.19,-1.7742,2.3877,1,0,none,baostock,query_history_k_data_plus
600006,SHSE.600006,,SH,A股-上交所,2023-11-01,6.08,6.17,5.95,6.11,6.09,40249691.0,244776834.15,0.3284,2.0125,1,0,none,baostock,query_history_k_data_plus
600006,SHSE.600006,,SH,A股-上交所,2023-11-02,6.1,6.72,6.05,6.72,6.11,106385691.0,688136770.51,9.9836,5.3193,1,0,none,baostock,query_history_k_data_plus
600006,SHSE.600006,,SH,A股-上交所,2023-11-03,6.69,6.69,6.35,6.5,6.72,124173347.0,804847673.16,-3.2738,6.2087,1,0,none,baostock,query_history_k_data_plus
600006,SHSE.600006,,SH,A股-上交所,2023-11-06,6.46,6.58,6.41,6.55,6.5,88132624.0,571710428.27,0.7692,4.4066,1,0,none,baostock,query_history_k_data_plus
600006,SHSE.600006,,SH,A股-上交所,2023-11-07,6.5,6.91,6.47,6.68,6.55,110401751.0,741201714.43,1.9847,5.5201,1,0,none,baostock,query_history_k_data_plus
600006,SHSE.600006,,SH,A股-上交所,2023-11-08,6.58,6.74,6.5,6.68,6.68,70474818.0,465320087.47,0.0,3.5237,1,0,none,baostock,query_history_k_data_plus
600006,SHSE.600006,,SH,A股-上交所,2023-11-09,6.6,6.64,6.48,6.5,6.68,49994165.0,326953792.55,-2.6946,2.4997,1,0,none,baostock,query_history_k_data_plus
600006,SHSE.600006,,SH,A股-上交所,2023-11-10,6.5,6.52,6.35,6.4,6.5,35105523.0,224995116.76,-1.5385,1.7553,1,0,none,baostock,query_history_k_data_plus
600006,SHSE.600006,,SH,A股-上交所,2023-11-13,6.4,6.54,6.39,6.49,6.4,30337485.0,196151842.31,1.4063,1.5169,1,0,none,baostock,query_history_k_data_plus
600006,SHSE.600006,,SH,A股-上交所,2023-11-14,6.52,6.63,6.5,6.55,6.49,41257416.0,270685562.62,0.9245,2.0629,1,0,none,baostock,query_history_k_data_plus
600006,SHSE.600006,,SH,A股-上交所,2023-11-15,6.6,6.6,6.42,6.52,6.55,42193215.0,274199211.38,-0.458,2.1097,1,0,none,baostock,query_history_k_data_plus
600006,SHSE.600006,,SH,A股-上交所,2023-11-16,6.5,6.55,6.44,6.45,6.52,25394249.0,164406016.01,-1.0736,1.2697,1,0,none,baostock,query_history_k_data_plus
600006,SHSE.600006,,SH,A股-上交所,2023-11-17,6.45,6.55,6.43,6.54,6.45,34723484.0,226122155.86,1.3953,1.7362,1,0,none,baostock,query_history_k_data_plus
600006,SHSE.600006,,SH,A股-上交所,2023-11-20,6.55,6.61,6.49,6.52,6.54,32476030.0,212448472.09,-0.3058,1.6238,1,0,none,baostock,query_history_k_data_plus
600006,SHSE.600006,,SH,A股-上交所,2023-11-21,6.48,6.55,6.42,6.46,6.52,28665531.0,185651696.71,-0.9202,1.4333,1,0,none,baostock,query_history_k_data_plus
600006,SHSE.600006,,SH,A股-上交所,2023-11-22,6.45,6.45,6.19,6.2,6.46,46108615.0,290813637.25,-4.0248,2.3054,1,0,none,baostock,query_history_k_data_plus
600006,SHSE.600006,,SH,A股-上交所,2023-11-23,6.2,6.8,6.19,6.59,6.2,95068002.0,620733310.18,6.2903,4.7534,1,0,none,baostock,query_history_k_data_plus
600006,SHSE.600006,,SH,A股-上交所,2023-11-24,6.58,6.6,6.39,6.41,6.59,49335144.0,320509303.5,-2.7314,2.4668,1,0,none,baostock,query_history_k_data_plus
600006,SHSE.600006,,SH,A股-上交所,2023-11-27,6.65,7.05,6.56,6.88,6.41,143833835.0,981984414.93,7.3323,7.1917,1,0,none,baostock,query_history_k_data_plus
600006,SHSE.600006,,SH,A股-上交所,2023-11-28,6.72,7.56,6.64,7.41,6.88,161715711.0,1136633224.83,7.7035,8.0858,1,0,none,baostock,query_history_k_data_plus
600006,SHSE.600006,,SH,A股-上交所,2023-11-29,7.18,7.37,7.0,7.24,7.41,115326340.0,822463360.37,-2.2942,5.7663,1,0,none,baostock,query_history_k_data_plus
600006,SHSE.600006,,SH,A股-上交所,2023-11-30,7.08,7.28,6.76,6.85,7.24,87987765.0,613306011.45,-5.3867,4.3994,1,0,none,baostock,query_history_k_data_plus
600006,SHSE.600006,,SH,A股-上交所,2023-12-01,6.87,6.92,6.49,6.65,6.85,60817178.0,404491875.39,-2.9197,3.0409,1,0,none,baostock,query_history_k_data_plus
600006,SHSE.600006,,SH,A股-上交所,2023-12-04,6.69,6.79,6.54,6.58,6.65,56109759.0,373520718.89,-1.0526,2.8055,1,0,none,baostock,query_history_k_data_plus
600006,SHSE.600006,,SH,A股-上交所,2023-12-05,6.59,6.62,6.44,6.45,6.58,40028199.0,260513871.24,-1.9757,2.0014,1,0,none,baostock,query_history_k_data_plus
600006,SHSE.600006,,SH,A股-上交所,2023-12-06,6.4,6.53,6.4,6.43,6.45,31397302.0,202863932.63,-0.3101,1.5699,1,0,none,baostock,query_history_k_data_plus
600006,SHSE.600006,,SH,A股-上交所,2023-12-07,6.41,6.42,6.22,6.25,6.43,45188936.0,284119126.21,-2.7994,2.2594,1,0,none,baostock,query_history_k_data_plus
600006,SHSE.600006,,SH,A股-上交所,2023-12-08,6.27,6.28,6.07,6.09,6.25,35882462.0,220171272.19,-2.56,1.7941,1,0,none,baostock,query_history_k_data_plus
600006,SHSE.600006,,SH,A股-上交所,2023-12-11,6.07,6.19,5.99,6.17,6.09,28707644.0,175403477.98,1.3136,1.4354,1,0,none,baostock,query_history_k_data_plus
600006,SHSE.600006,,SH,A股-上交所,2023-12-12,6.15,6.26,6.12,6.2,6.17,25393238.0,157370288.72,0.4862,1.2697,1,0,none,baostock,query_history_k_data_plus
600006,SHSE.600006,,SH,A股-上交所,2023-12-13,6.17,6.28,6.13,6.17,6.2,27790754.0,172636689.07,-0.4839,1.3895,1,0,none,baostock,query_history_k_data_plus
600006,SHSE.600006,,SH,A股-上交所,2023-12-14,6.15,6.22,6.07,6.08,6.17,20641825.0,126409381.07,-1.4587,1.0321,1,0,none,baostock,query_history_k_data_plus
600006,SHSE.600006,,SH,A股-上交所,2023-12-15,6.09,6.14,6.03,6.04,6.08,17150082.0,104233991.04,-0.6579,0.8575,1,0,none,baostock,query_history_k_data_plus
600006,SHSE.600006,,SH,A股-上交所,2023-12-18,6.01,6.09,5.96,5.98,6.04,20136700.0,121288584.0,-0.9934,1.0068,1,0,none,baostock,query_history_k_data_plus
600006,SHSE.600006,,SH,A股-上交所,2023-12-19,5.98,5.98,5.84,5.9,5.98,19667441.0,116001816.9,-1.3378,0.9834,1,0,none,baostock,query_history_k_data_plus
600006,SHSE.600006,,SH,A股-上交所,2023-12-20,5.9,5.95,5.77,5.78,5.9,15095206.0,88095295.5,-2.0339,0.7548,1,0,none,baostock,query_history_k_data_plus
600006,SHSE.600006,,SH,A股-上交所,2023-12-21,5.76,5.83,5.69,5.8,5.78,16252650.0,93705519.5,0.346,0.8126,1,0,none,baostock,query_history_k_data_plus
600006,SHSE.600006,,SH,A股-上交所,2023-12-22,5.8,5.82,5.69,5.72,5.8,16241095.0,93442028.47,-1.3793,0.8121,1,0,none,baostock,query_history_k_data_plus
600006,SHSE.600006,,SH,A股-上交所,2023-12-25,5.71,5.75,5.68,5.75,5.72,10986663.0,62851067.84,0.5245,0.5493,1,0,none,baostock,query_history_k_data_plus
600006,SHSE.600006,,SH,A股-上交所,2023-12-26,5.74,5.74,5.64,5.66,5.75,11885500.0,67502280.0,-1.5652,0.5943,1,0,none,baostock,query_history_k_data_plus
600006,SHSE.600006,,SH,A股-上交所,2023-12-27,5.66,5.72,5.63,5.72,5.66,10670300.0,60697482.0,1.0601,0.5335,1,0,none,baostock,query_history_k_data_plus
600006,SHSE.600006,,SH,A股-上交所,2023-12-28,5.7,5.82,5.68,5.78,5.72,16189033.0,93283388.96,1.049,0.8095,1,0,none,baostock,query_history_k_data_plus
600006,SHSE.600006,,SH,A股-上交所,2023-12-29,5.76,5.86,5.75,5.77,5.78,18579493.0,107857878.42,-0.173,0.929,1,0,none,baostock,query_history_k_data_plus
600006,SHSE.600006,,SH,A股-上交所,2024-01-02,5.78,5.87,5.78,5.83,5.77,18152894.0,105927531.63,1.0399,0.9076,1,0,none,baostock,query_history_k_data_plus
600006,SHSE.600006,,SH,A股-上交所,2024-01-03,5.82,5.84,5.75,5.81,5.83,13267229.0,76769666.75,-0.3431,0.6634,1,0,none,baostock,query_history_k_data_plus
600006,SHSE.600006,,SH,A股-上交所,2024-01-04,5.79,5.8,5.7,5.74,5.81,9520300.0,54613061.0,-1.2048,0.476,1,0,none,baostock,query_history_k_data_plus
600006,SHSE.600006,,SH,A股-上交所,2024-01-05,5.75,5.78,5.62,5.67,5.74,14163475.0,80717347.65,-1.2195,0.7082,1,0,none,baostock,query_history_k_data_plus
600006,SHSE.600006,,SH,A股-上交所,2024-01-08,5.67,5.67,5.56,5.56,5.67,13946965.0,77962531.4,-1.94,0.6973,1,0,none,baostock,query_history_k_data_plus
600006,SHSE.600006,,SH,A股-上交所,2024-01-09,5.56,5.61,5.51,5.57,5.56,10175163.0,56632011.06,0.1799,0.5088,1,0,none,baostock,query_history_k_data_plus
600006,SHSE.600006,,SH,A股-上交所,2024-01-10,5.56,5.59,5.47,5.52,5.57,10148311.0,56117026.27,-0.8977,0.5074,1,0,none,baostock,query_history_k_data_plus
600006,SHSE.600006,,SH,A股-上交所,2024-01-11,5.49,5.63,5.49,5.62,5.52,11442813.0,63856830.22,1.8116,0.5721,1,0,none,baostock,query_history_k_data_plus
600006,SHSE.600006,,SH,A股-上交所,2024-01-12,5.6,5.65,5.56,5.56,5.62,9764700.0,54726315.0,-1.0676,0.4882,1,0,none,baostock,query_history_k_data_plus
600006,SHSE.600006,,SH,A股-上交所,2024-01-15,5.57,5.6,5.52,5.57,5.56,8029810.0,44641525.6,0.1799,0.4015,1,0,none,baostock,query_history_k_data_plus
600006,SHSE.600006,,SH,A股-上交所,2024-01-16,5.59,5.64,5.52,5.6,5.57,15438527.0,86058172.85,0.5386,0.7719,1,0,none,baostock,query_history_k_data_plus
600006,SHSE.600006,,SH,A股-上交所,2024-01-17,5.6,5.69,5.57,5.58,5.6,16995104.0,95377975.34,-0.3571,0.8498,1,0,none,baostock,query_history_k_data_plus
600006,SHSE.600006,,SH,A股-上交所,2024-01-18,5.55,5.55,5.27,5.42,5.58,23249403.0,125020569.71,-2.8674,1.1625,1,0,none,baostock,query_history_k_data_plus
600006,SHSE.600006,,SH,A股-上交所,2024-01-19,5.4,5.43,5.35,5.35,5.42,9021272.0,48535356.64,-1.2915,0.4511,1,0,none,baostock,query_history_k_data_plus
600006,SHSE.600006,,SH,A股-上交所,2024-01-22,5.89,5.89,5.79,5.89,5.35,38230661.0,225118830.18,10.0935,1.9115,1,0,none,baostock,query_history_k_data_plus
600006,SHSE.600006,,SH,A股-上交所,2024-01-23,6.46,6.46,5.98,6.03,5.89,137320149.0,849807081.39,2.3769,6.866,1,0,none,baostock,query_history_k_data_plus
600006,SHSE.600006,,SH,A股-上交所,2024-01-24,6.03,6.5,5.9,6.4,6.03,117988652.0,731138387.55,6.136,5.8994,1,0,none,baostock,query_history_k_data_plus
600006,SHSE.600006,,SH,A股-上交所,2024-01-25,6.08,6.35,5.9,6.2,6.4,99721121.0,611727796.28,-3.125,4.9861,1,0,none,baostock,query_history_k_data_plus
600006,SHSE.600006,,SH,A股-上交所,2024-01-26,6.06,6.18,5.99,5.99,6.2,64463491.0,390764742.71,-3.3871,3.2232,1,0,none,baostock,query_history_k_data_plus
600006,SHSE.600006,,SH,A股-上交所,2024-01-29,5.98,5.98,5.63,5.63,5.99,50811191.0,292801259.35,-6.01,2.5406,1,0,none,baostock,query_history_k_data_plus
600006,SHSE.600006,,SH,A股-上交所,2024-01-30,5.58,5.82,5.5,5.67,5.63,34596425.0,196566838.96,0.7105,1.7298,1,0,none,baostock,query_history_k_data_plus
600006,SHSE.600006,,SH,A股-上交所,2024-01-31,5.63,5.64,5.42,5.42,5.67,34163633.0,187902637.73,-4.4092,1.7082,1,0,none,baostock,query_history_k_data_plus
600006,SHSE.600006,,SH,A股-上交所,2024-02-01,5.4,5.57,5.33,5.47,5.42,22751325.0,124432685.4,0.9225,1.1376,1,0,none,baostock,query_history_k_data_plus
600006,SHSE.600006,,SH,A股-上交所,2024-02-02,5.48,5.52,5.06,5.35,5.47,32881733.0,175692368.3,-2.1938,1.6441,1,0,none,baostock,query_history_k_data_plus
600006,SHSE.600006,,SH,A股-上交所,2024-02-05,5.31,5.31,4.9,5.0,5.35,32726002.0,165390034.76,-6.5421,1.6363,1,0,none,baostock,query_history_k_data_plus
600006,SHSE.600006,,SH,A股-上交所,2024-02-06,4.9,5.37,4.83,5.24,5.0,29716185.0,152250455.22,4.8,1.4858,1,0,none,baostock,query_history_k_data_plus
600006,SHSE.600006,,SH,A股-上交所,2024-02-07,5.3,5.62,5.25,5.5,5.24,40083398.0,219809851.49,4.9618,2.0042,1,0,none,baostock,query_history_k_data_plus
600006,SHSE.600006,,SH,A股-上交所,2024-02-08,5.51,5.64,5.46,5.56,5.5,32766744.0,182169789.9,1.0909,1.6383,1,0,none,baostock,query_history_k_data_plus
600006,SHSE.600006,,SH,A股-上交所,2024-02-19,5.57,5.64,5.5,5.57,5.56,23526553.0,130798492.27,0.1799,1.1763,1,0,none,baostock,query_history_k_data_plus
600006,SHSE.600006,,SH,A股-上交所,2024-02-20,5.53,5.55,5.46,5.54,5.57,19058408.0,104954217.03,-0.5386,0.9529,1,0,none,baostock,query_history_k_data_plus
600006,SHSE.600006,,SH,A股-上交所,2024-02-21,5.84,6.09,5.8,5.92,5.54,74864637.0,445835646.3,6.8592,3.7432,1,0,none,baostock,query_history_k_data_plus
600006,SHSE.600006,,SH,A股-上交所,2024-02-22,5.8,5.91,5.74,5.87,5.92,48359883.0,281583465.54,-0.8446,2.418,1,0,none,baostock,query_history_k_data_plus
600006,SHSE.600006,,SH,A股-上交所,2024-02-23,5.89,6.0,5.8,5.92,5.87,44566203.0,262444412.12,0.8518,2.2283,1,0,none,baostock,query_history_k_data_plus
600006,SHSE.600006,,SH,A股-上交所,2024-02-26,5.93,6.1,5.91,5.95,5.92,49744887.0,298328200.52,0.5068,2.4872,1,0,none,baostock,query_history_k_data_plus
600006,SHSE.600006,,SH,A股-上交所,2024-02-27,5.94,6.1,5.88,6.09,5.95,58194651.0,351935218.33,2.3529,2.9097,1,0,none,baostock,query_history_k_data_plus
600006,SHSE.600006,,SH,A股-上交所,2024-02-28,6.08,6.08,5.78,5.79,6.09,63376974.0,377677405.45,-4.9261,3.1688,1,0,none,baostock,query_history_k_data_plus
600006,SHSE.600006,,SH,A股-上交所,2024-02-29,5.7,6.07,5.68,6.07,5.79,52058081.0,310518461.01,4.8359,2.6029,1,0,none,baostock,query_history_k_data_plus
600006,SHSE.600006,,SH,A股-上交所,2024-03-01,6.08,6.15,6.0,6.05,6.07,35612187.0,215582702.21,-0.3295,1.7806,1,0,none,baostock,query_history_k_data_plus
600006,SHSE.600006,,SH,A股-上交所,2024-03-04,6.01,6.03,5.87,5.95,6.05,31176082.0,184793688.8,-1.6529,1.5588,1,0,none,baostock,query_history_k_data_plus
600006,SHSE.600006,,SH,A股-上交所,2024-03-05,5.88,6.55,5.83,6.55,5.95,82796541.0,513633480.53,10.084,4.1398,1,0,none,baostock,query_history_k_data_plus
600006,SHSE.600006,,SH,A股-上交所,2024-03-06,6.66,7.18,6.58,6.72,6.55,187513825.0,1279247654.93,2.5954,9.3757,1,0,none,baostock,query_history_k_data_plus
600006,SHSE.600006,,SH,A股-上交所,2024-03-07,6.58,7.11,6.45,6.74,6.72,149216431.0,1003897389.31,0.2976,7.4608,1,0,none,baostock,query_history_k_data_plus
600006,SHSE.600006,,SH,A股-上交所,2024-03-08,6.84,7.14,6.7,7.06,6.74,161040737.0,1122154512.2,4.7478,8.052,1,0,none,baostock,query_history_k_data_plus
600006,SHSE.600006,,SH,A股-上交所,2024-03-11,6.9,6.98,6.7,6.9,7.06,110651153.0,760532413.87,-2.2663,5.5326,1,0,none,baostock,query_history_k_data_plus
600006,SHSE.600006,,SH,A股-上交所,2024-03-12,6.83,6.89,6.62,6.75,6.9,97360249.0,659519887.93,-2.1739,4.868,1,0,none,baostock,query_history_k_data_plus
600006,SHSE.600006,,SH,A股-上交所,2024-03-13,6.72,7.28,6.66,6.9,6.75,126842736.0,888020992.02,2.2222,6.3421,1,0,none,baostock,query_history_k_data_plus
600006,SHSE.600006,,SH,A股-上交所,2024-03-14,6.83,7.04,6.77,6.87,6.9,82159584.0,565225627.25,-0.4348,4.108,1,0,none,baostock,query_history_k_data_plus
600006,SHSE.600006,,SH,A股-上交所,2024-03-15,6.8,7.56,6.71,7.56,6.87,185056936.0,1327201841.2,10.0437,9.2528,1,0,none,baostock,query_history_k_data_plus
600006,SHSE.600006,,SH,A股-上交所,2024-03-18,7.8,8.32,7.73,8.32,7.56,94223076.0,762720060.06,10.0529,4.7112,1,0,none,baostock,query_history_k_data_plus
600006,SHSE.600006,,SH,A股-上交所,2024-03-19,9.0,9.15,8.01,8.61,8.32,296120370.0,2579851047.11,3.4856,14.806,1,0,none,baostock,query_history_k_data_plus
600006,SHSE.600006,,SH,A股-上交所,2024-03-20,8.58,9.47,8.5,9.47,8.61,296186894.0,2649253410.92,9.9884,14.8093,1,0,none,baostock,query_history_k_data_plus
600006,SHSE.600006,,SH,A股-上交所,2024-03-21,9.08,9.74,9.04,9.25,9.47,254518313.0,2393701833.82,-2.3231,12.7259,1,0,none,baostock,query_history_k_data_plus
600006,SHSE.600006,,SH,A股-上交所,2024-03-22,9.07,9.1,8.5,8.67,9.25,190917599.0,1665597339.28,-6.2703,9.5459,1,0,none,baostock,query_history_k_data_plus
600006,SHSE.600006,,SH,A股-上交所,2024-03-25,8.5,8.84,8.21,8.24,8.67,138670471.0,1171758453.12,-4.9596,6.9335,1,0,none,baostock,query_history_k_data_plus
600006,SHSE.600006,,SH,A股-上交所,2024-03-26,8.18,8.49,8.15,8.27,8.24,101059579.0,839074086.56,0.3641,5.053,1,0,none,baostock,query_history_k_data_plus
600006,SHSE.600006,,SH,A股-上交所,2024-03-27,8.29,8.35,7.67,7.7,8.27,137676710.0,1093128702.9,-6.8924,6.8838,1,0,none,baostock,query_history_k_data_plus
600006,SHSE.600006,,SH,A股-上交所,2024-03-28,7.7,8.11,7.69,8.01,7.7,93569817.0,744200828.37,4.026,4.6785,1,0,none,baostock,query_history_k_data_plus
600006,SHSE.600006,,SH,A股-上交所,2024-03-29,7.98,8.04,7.77,7.88,8.01,60211496.0,473212103.96,-1.623,3.0106,1,0,none,baostock,query_history_k_data_plus
600006,SHSE.600006,,SH,A股-上交所,2024-04-01,7.9,8.35,7.9,8.19,7.88,117876370.0,963029990.2,3.934,5.8938,1,0,none,baostock,query_history_k_data_plus
600006,SHSE.600006,,SH,A股-上交所,2024-04-02,8.15,8.23,7.85,7.89,8.19,77889877.0,620929337.44,-3.663,3.8945,1,0,none,baostock,query_history_k_data_plus
600006,SHSE.600006,,SH,A股-上交所,2024-04-03,7.97,7.98,7.57,7.6,7.89,68342714.0,523332207.04,-3.6755,3.4171,1,0,none,baostock,query_history_k_data_plus
600006,SHSE.600006,,SH,A股-上交所,2024-04-08,7.57,7.79,7.53,7.58,7.6,65855026.0,503082640.76,-0.2632,3.2928,1,0,none,baostock,query_history_k_data_plus
600006,SHSE.600006,,SH,A股-上交所,2024-04-09,7.63,7.63,7.31,7.42,7.58,58308558.0,433242086.39,-2.1108,2.9154,1,0,none,baostock,query_history_k_data_plus
600006,SHSE.600006,,SH,A股-上交所,2024-04-10,7.43,7.46,7.1,7.2,7.42,62442154.0,450816211.25,-2.965,3.1221,1,0,none,baostock,query_history_k_data_plus
600006,SHSE.600006,,SH,A股-上交所,2024-04-11,7.15,7.48,7.12,7.34,7.2,66218187.0,484837891.39,1.9444,3.3109,1,0,none,baostock,query_history_k_data_plus
600006,SHSE.600006,,SH,A股-上交所,2024-04-12,7.22,7.48,7.15,7.28,7.34,53632249.0,394037388.96,-0.8174,2.6816,1,0,none,baostock,query_history_k_data_plus
600006,SHSE.600006,,SH,A股-上交所,2024-04-15,7.2,7.5,6.92,7.31,7.28,81738889.0,590938273.81,0.4121,4.0869,1,0,none,baostock,query_history_k_data_plus
600006,SHSE.600006,,SH,A股-上交所,2024-04-16,7.26,7.34,6.89,6.9,7.31,65640450.0,464408176.51,-5.6088,3.282,1,0,none,baostock,query_history_k_data_plus
600006,SHSE.600006,,SH,A股-上交所,2024-04-17,7.0,7.35,7.0,7.3,6.9,63629923.0,459240425.81,5.7971,3.1815,1,0,none,baostock,query_history_k_data_plus
600006,SHSE.600006,,SH,A股-上交所,2024-04-18,7.29,7.74,7.21,7.52,7.3,109251304.0,821076163.57,3.0137,5.4626,1,0,none,baostock,query_history_k_data_plus
600006,SHSE.600006,,SH,A股-上交所,2024-04-19,7.44,7.58,7.21,7.45,7.52,89488038.0,663808192.59,-0.9309,4.4744,1,0,none,baostock,query_history_k_data_plus
600006,SHSE.600006,,SH,A股-上交所,2024-04-22,7.35,7.36,7.13,7.17,7.45,56057750.0,404845465.62,-3.7584,2.8029,1,0,none,baostock,query_history_k_data_plus
600006,SHSE.600006,,SH,A股-上交所,2024-04-23,7.21,7.28,7.01,7.06,7.17,45234889.0,321704234.15,-1.5342,2.2617,1,0,none,baostock,query_history_k_data_plus
600006,SHSE.600006,,SH,A股-上交所,2024-04-24,7.08,7.39,7.03,7.32,7.06,57790755.0,418467010.53,3.6827,2.8895,1,0,none,baostock,query_history_k_data_plus
600006,SHSE.600006,,SH,A股-上交所,2024-04-25,7.33,7.96,7.17,7.37,7.32,126674186.0,948696116.84,0.6831,6.3337,1,0,none,baostock,query_history_k_data_plus
600006,SHSE.600006,,SH,A股-上交所,2024-04-26,7.17,7.55,7.17,7.44,7.37,106188731.0,785428040.54,0.9498,5.3094,1,0,none,baostock,query_history_k_data_plus
600006,SHSE.600006,,SH,A股-上交所,2024-04-29,7.42,7.7,7.3,7.59,7.44,106727683.0,806261336.84,2.0161,5.3364,1,0,none,baostock,query_history_k_data_plus
600006,SHSE.600006,,SH,A股-上交所,2024-04-30,7.72,7.76,7.37,7.38,7.59,88505304.0,664189809.12,-2.7668,4.4253,1,0,none,baostock,query_history_k_data_plus
600006,SHSE.600006,,SH,A股-上交所,2024-05-06,7.55,7.87,7.5,7.87,7.38,125497285.0,970757267.21,6.6396,6.2749,1,0,none,baostock,query_history_k_data_plus
600006,SHSE.600006,,SH,A股-上交所,2024-05-07,7.78,7.8,7.59,7.71,7.87,83711414.0,644308415.15,-2.033,4.1856,1,0,none,baostock,query_history_k_data_plus
600006,SHSE.600006,,SH,A股-上交所,2024-05-08,7.62,7.62,7.39,7.5,7.71,83207604.0,621231070.0,-2.7237,4.1604,1,0,none,baostock,query_history_k_data_plus
600006,SHSE.600006,,SH,A股-上交所,2024-05-09,7.44,7.59,7.43,7.49,7.5,48898101.0,367191538.94,-0.1333,2.4449,1,0,none,baostock,query_history_k_data_plus
600006,SHSE.600006,,SH,A股-上交所,2024-05-10,7.46,7.49,7.23,7.27,7.49,57262043.0,418289700.53,-2.9372,2.8631,1,0,none,baostock,query_history_k_data_plus
600006,SHSE.600006,,SH,A股-上交所,2024-05-13,7.12,7.32,7.06,7.17,7.27,43363898.0,312117140.95,-1.3755,2.1682,1,0,none,baostock,query_history_k_data_plus
600006,SHSE.600006,,SH,A股-上交所,2024-05-14,7.19,7.43,7.19,7.4,7.17,63543617.0,468113297.9,3.2078,3.1772,1,0,none,baostock,query_history_k_data_plus
600006,SHSE.600006,,SH,A股-上交所,2024-05-15,7.35,7.35,7.14,7.15,7.4,46438400.0,334970342.0,-3.3784,2.3219,1,0,none,baostock,query_history_k_data_plus
600006,SHSE.600006,,SH,A股-上交所,2024-05-16,7.18,7.24,7.11,7.13,7.15,34475633.0,246619329.61,-0.2797,1.7238,1,0,none,baostock,query_history_k_data_plus
600006,SHSE.600006,,SH,A股-上交所,2024-05-17,7.13,7.18,7.08,7.17,7.13,28473200.0,202893811.0,0.561,1.4237,1,0,none,baostock,query_history_k_data_plus
600006,SHSE.600006,,SH,A股-上交所,2024-05-20,7.13,7.29,7.11,7.25,7.17,39845633.0,287556887.92,1.1158,1.9923,1,0,none,baostock,query_history_k_data_plus
600006,SHSE.600006,,SH,A股-上交所,2024-05-21,7.23,7.41,7.09,7.34,7.25,66448117.0,482459392.49,1.2414,3.3224,1,0,none,baostock,query_history_k_data_plus
600006,SHSE.600006,,SH,A股-上交所,2024-05-22,7.27,7.58,7.2,7.48,7.34,91064572.0,676748631.3,1.9074,4.5532,1,0,none,baostock,query_history_k_data_plus
600006,SHSE.600006,,SH,A股-上交所,2024-05-23,7.4,7.41,7.16,7.18,7.48,56929854.0,412808831.98,-4.0107,2.8465,1,0,none,baostock,query_history_k_data_plus
600006,SHSE.600006,,SH,A股-上交所,2024-05-24,7.1,7.2,7.05,7.12,7.18,33555071.0,239498377.78,-0.8357,1.6778,1,0,none,baostock,query_history_k_data_plus
600006,SHSE.600006,,SH,A股-上交所,2024-05-27,7.13,7.25,7.12,7.18,7.12,24964685.0,179131709.75,0.8427,1.2482,1,0,none,baostock,query_history_k_data_plus
600006,SHSE.600006,,SH,A股-上交所,2024-05-28,7.15,7.15,6.92,6.99,7.18,41218400.0,289572452.05,-2.6462,2.0609,1,0,none,baostock,query_history_k_data_plus
600006,SHSE.600006,,SH,A股-上交所,2024-05-29,6.93,7.02,6.93,6.95,6.99,24566141.0,171175508.48,-0.5722,1.2283,1,0,none,baostock,query_history_k_data_plus
600006,SHSE.600006,,SH,A股-上交所,2024-05-30,6.99,7.06,6.9,6.91,6.95,26073700.0,181855942.47,-0.5755,1.3037,1,0,none,baostock,query_history_k_data_plus
600006,SHSE.600006,,SH,A股-上交所,2024-05-31,6.93,7.07,6.85,6.93,6.91,30094554.0,210209120.89,0.2894,1.5047,1,0,none,baostock,query_history_k_data_plus
600006,SHSE.600006,,SH,A股-上交所,2024-06-03,6.89,6.91,6.57,6.68,6.93,51913722.0,347577633.47,-3.6075,2.5957,1,0,none,baostock,query_history_k_data_plus
600006,SHSE.600006,,SH,A股-上交所,2024-06-04,6.66,6.72,6.57,6.69,6.68,40408193.0,268343660.71,0.1497,2.0204,1,0,none,baostock,query_history_k_data_plus
600006,SHSE.600006,,SH,A股-上交所,2024-06-05,6.66,6.8,6.55,6.62,6.69,33916048.0,227322221.51,-1.0463,1.6958,1,0,none,baostock,query_history_k_data_plus
600006,SHSE.600006,,SH,A股-上交所,2024-06-06,6.59,6.64,6.39,6.44,6.62,39776524.0,257680268.86,-2.719,1.9888,1,0,none,baostock,query_history_k_data_plus
600006,SHSE.600006,,SH,A股-上交所,2024-06-07,6.46,6.56,6.43,6.55,6.44,24698055.0,160427724.44,1.7081,1.2349,1,0,none,baostock,query_history_k_data_plus
600006,SHSE.600006,,SH,A股-上交所,2024-06-11,6.51,6.55,6.43,6.52,6.55,16273031.0,105698429.43,-0.458,0.8137,1,0,none,baostock,query_history_k_data_plus
600006,SHSE.600006,,SH,A股-上交所,2024-06-12,6.5,6.57,6.48,6.55,6.52,17208731.0,112548864.74,0.4601,0.8604,1,0,none,baostock,query_history_k_data_plus
600006,SHSE.600006,,SH,A股-上交所,2024-06-13,6.5,6.58,6.43,6.46,6.55,26191239.0,169860218.23,-1.374,1.3096,1,0,none,baostock,query_history_k_data_plus
600006,SHSE.600006,,SH,A股-上交所,2024-06-14,6.45,6.55,6.4,6.54,6.46,21051700.0,136190500.0,1.2384,1.0526,1,0,none,baostock,query_history_k_data_plus
600006,SHSE.600006,,SH,A股-上交所,2024-06-17,6.5,6.71,6.49,6.63,6.54,41339063.0,274107690.0,1.3761,2.067,1,0,none,baostock,query_history_k_data_plus
600006,SHSE.600006,,SH,A股-上交所,2024-06-18,6.6,6.88,6.6,6.87,6.63,58397899.0,395132140.38,3.6199,2.9199,1,0,none,baostock,query_history_k_data_plus
600006,SHSE.600006,,SH,A股-上交所,2024-06-19,6.87,6.99,6.82,6.88,6.87,48616589.0,335748350.1,0.1456,2.4308,1,0,none,baostock,query_history_k_data_plus
600006,SHSE.600006,,SH,A股-上交所,2024-06-20,6.83,6.87,6.6,6.67,6.88,39199090.0,262921918.8,-3.0523,1.96,1,0,none,baostock,query_history_k_data_plus
600006,SHSE.600006,,SH,A股-上交所,2024-06-21,6.63,6.83,6.58,6.65,6.67,27807255.0,186270592.48,-0.2999,1.3904,1,0,none,baostock,query_history_k_data_plus
600006,SHSE.600006,,SH,A股-上交所,2024-06-24,6.61,6.65,6.36,6.38,6.65,32692800.0,211727097.0,-4.0602,1.6346,1,0,none,baostock,query_history_k_data_plus
600006,SHSE.600006,,SH,A股-上交所,2024-06-25,6.42,6.51,6.23,6.32,6.38,34924693.0,222159080.47,-0.9404,1.7462,1,0,none,baostock,query_history_k_data_plus
600006,SHSE.600006,,SH,A股-上交所,2024-06-26,6.29,6.51,6.26,6.49,6.32,25445923.0,163002808.98,2.6899,1.2723,1,0,none,baostock,query_history_k_data_plus
600006,SHSE.600006,,SH,A股-上交所,2024-06-27,6.46,6.48,6.28,6.28,6.49,24644983.0,156567653.54,-3.2357,1.2322,1,0,none,baostock,query_history_k_data_plus
600006,SHSE.600006,,SH,A股-上交所,2024-06-28,6.26,6.5,6.22,6.39,6.28,29394900.0,188265605.0,1.7516,1.4697,1,0,none,baostock,query_history_k_data_plus
600006,SHSE.600006,,SH,A股-上交所,2024-07-01,6.38,6.53,6.29,6.48,6.39,25685602.0,164962897.94,1.4085,1.2843,1,0,none,baostock,query_history_k_data_plus
600006,SHSE.600006,,SH,A股-上交所,2024-07-02,6.47,6.58,6.4,6.42,6.48,24665320.0,159716947.0,-0.9259,1.2333,1,0,none,baostock,query_history_k_data_plus
600006,SHSE.600006,,SH,A股-上交所,2024-07-03,6.4,6.46,6.36,6.38,6.42,18140222.0,116100194.76,-0.6231,0.907,1,0,none,baostock,query_history_k_data_plus
600006,SHSE.600006,,SH,A股-上交所,2024-07-04,6.44,6.49,6.24,6.26,6.38,22692302.0,143888644.78,-1.8809,1.1346,1,0,none,baostock,query_history_k_data_plus
600006,SHSE.600006,,SH,A股-上交所,2024-07-05,6.24,6.41,6.13,6.35,6.26,29579299.0,185371846.65,1.4377,1.479,1,0,none,baostock,query_history_k_data_plus
600006,SHSE.600006,,SH,A股-上交所,2024-07-08,6.31,6.38,6.15,6.17,6.35,23755582.0,148347831.03,-2.8346,1.1878,1,0,none,baostock,query_history_k_data_plus
600006,SHSE.600006,,SH,A股-上交所,2024-07-09,6.17,6.39,6.11,6.39,6.17,33859139.0,212279178.43,3.5656,1.693,1,0,none,baostock,query_history_k_data_plus
600006,SHSE.600006,,SH,A股-上交所,2024-07-10,6.41,6.7,6.39,6.57,6.39,54689971.0,360840740.42,2.8169,2.7345,1,0,none,baostock,query_history_k_data_plus
600006,SHSE.600006,,SH,A股-上交所,2024-07-11,6.59,7.03,6.59,6.86,6.57,67497530.0,462601417.87,4.414,3.3749,1,0,none,baostock,query_history_k_data_plus
600006,SHSE.600006,,SH,A股-上交所,2024-07-12,6.83,6.94,6.75,6.88,6.86,50042720.0,342644847.1,0.2915,2.5021,1,0,none,baostock,query_history_k_data_plus
600006,SHSE.600006,,SH,A股-上交所,2024-07-15,6.84,6.98,6.74,6.77,6.85,42023100.0,288328729.99,-1.1679,2.1012,1,0,none,baostock,query_history_k_data_plus
600006,SHSE.600006,,SH,A股-上交所,2024-07-16,6.7,7.02,6.7,6.92,6.77,58240265.0,402265624.11,2.2157,2.912,1,0,none,baostock,query_history_k_data_plus
600006,SHSE.600006,,SH,A股-上交所,2024-07-17,6.93,7.1,6.84,6.86,6.92,60964332.0,423306779.03,-0.8671,3.0482,1,0,none,baostock,query_history_k_data_plus
600006,SHSE.600006,,SH,A股-上交所,2024-07-18,6.79,6.91,6.64,6.88,6.86,41005041.0,278446747.33,0.2915,2.0503,1,0,none,baostock,query_history_k_data_plus
600006,SHSE.600006,,SH,A股-上交所,2024-07-19,6.87,6.96,6.64,6.67,6.88,49320833.0,334959660.75,-3.0523,2.466,1,0,none,baostock,query_history_k_data_plus
600006,SHSE.600006,,SH,A股-上交所,2024-07-22,6.62,6.89,6.61,6.77,6.67,43996373.0,298464637.02,1.4993,2.1998,1,0,none,baostock,query_history_k_data_plus
600006,SHSE.600006,,SH,A股-上交所,2024-07-23,6.82,7.35,6.69,7.1,6.77,139621933.0,989314851.91,4.8744,6.9811,1,0,none,baostock,query_history_k_data_plus
600006,SHSE.600006,,SH,A股-上交所,2024-07-24,6.99,6.99,6.58,6.6,7.1,100817800.0,680792037.0,-7.0423,5.0409,1,0,none,baostock,query_history_k_data_plus
600006,SHSE.600006,,SH,A股-上交所,2024-07-25,6.62,6.81,6.5,6.71,6.6,62209378.0,415427073.2,1.6667,3.1105,1,0,none,baostock,query_history_k_data_plus
600006,SHSE.600006,,SH,A股-上交所,2024-07-26,6.95,7.35,6.93,7.14,6.71,137230390.0,983680378.23,6.4083,6.8615,1,0,none,baostock,query_history_k_data_plus
600006,SHSE.600006,,SH,A股-上交所,2024-07-29,7.29,7.69,7.2,7.51,7.14,167556406.0,1256778395.18,5.1821,8.3778,1,0,none,baostock,query_history_k_data_plus
600006,SHSE.600006,,SH,A股-上交所,2024-07-30,7.31,7.53,7.12,7.39,7.51,115440492.0,841030154.83,-1.5979,5.772,1,0,none,baostock,query_history_k_data_plus
600006,SHSE.600006,,SH,A股-上交所,2024-07-31,7.33,7.75,7.33,7.59,7.39,140273562.0,1059827523.98,2.7064,7.0137,1,0,none,baostock,query_history_k_data_plus
600006,SHSE.600006,,SH,A股-上交所,2024-08-01,7.49,8.0,7.44,7.85,7.59,169625933.0,1314084156.08,3.4256,8.4813,1,0,none,baostock,query_history_k_data_plus
600006,SHSE.600006,,SH,A股-上交所,2024-08-02,7.68,7.71,7.38,7.42,7.85,126288915.0,952424519.68,-5.4777,6.3144,1,0,none,baostock,query_history_k_data_plus
600006,SHSE.600006,,SH,A股-上交所,2024-08-05,7.3,7.45,6.99,7.05,7.42,105323000.0,757366268.64,-4.9865,5.2662,1,0,none,baostock,query_history_k_data_plus
600006,SHSE.600006,,SH,A股-上交所,2024-08-06,7.09,7.17,6.88,6.95,7.05,61584500.0,428019985.0,-1.4184,3.0792,1,0,none,baostock,query_history_k_data_plus
600006,SHSE.600006,,SH,A股-上交所,2024-08-07,6.9,7.17,6.84,7.07,6.95,64815101.0,457758605.07,1.7266,3.2408,1,0,none,baostock,query_history_k_data_plus
600006,SHSE.600006,,SH,A股-上交所,2024-08-08,6.95,6.97,6.75,6.81,7.07,53244200.0,363828615.0,-3.6775,2.6622,1,0,none,baostock,query_history_k_data_plus
600006,SHSE.600006,,SH,A股-上交所,2024-08-09,6.83,6.99,6.78,6.78,6.81,35222387.0,241283921.71,-0.4405,1.7611,1,0,none,baostock,query_history_k_data_plus
600006,SHSE.600006,,SH,A股-上交所,2024-08-12,6.81,6.81,6.58,6.64,6.78,35673950.0,236790443.2,-2.0649,1.7837,1,0,none,baostock,query_history_k_data_plus
600006,SHSE.600006,,SH,A股-上交所,2024-08-13,6.6,6.68,6.58,6.68,6.64,26452599.0,175382791.38,0.6024,1.3226,1,0,none,baostock,query_history_k_data_plus
600006,SHSE.600006,,SH,A股-上交所,2024-08-14,6.64,6.84,6.64,6.69,6.68,35593461.0,240489875.97,0.1497,1.7797,1,0,none,baostock,query_history_k_data_plus
600006,SHSE.600006,,SH,A股-上交所,2024-08-15,6.67,6.8,6.58,6.8,6.69,37302001.0,251508462.76,1.6442,1.8651,1,0,none,baostock,query_history_k_data_plus
600006,SHSE.600006,,SH,A股-上交所,2024-08-16,6.78,6.81,6.66,6.67,6.8,33468692.0,225174591.4,-1.9118,1.6734,1,0,none,baostock,query_history_k_data_plus
600006,SHSE.600006,,SH,A股-上交所,2024-08-19,6.66,6.74,6.6,6.63,6.67,27579976.0,183810417.64,-0.5997,1.379,1,0,none,baostock,query_history_k_data_plus
600006,SHSE.600006,,SH,A股-上交所,2024-08-20,6.64,6.65,6.45,6.48,6.63,30457800.0,198464108.0,-2.2624,1.5229,1,0,none,baostock,query_history_k_data_plus
600006,SHSE.600006,,SH,A股-上交所,2024-08-21,6.44,6.46,6.33,6.36,6.48,25887900.0,165204175.0,-1.8519,1.2944,1,0,none,baostock,query_history_k_data_plus
600006,SHSE.600006,,SH,A股-上交所,2024-08-22,6.36,6.38,6.2,6.28,6.36,26458100.0,165988920.0,-1.2579,1.3229,1,0,none,baostock,query_history_k_data_plus
600006,SHSE.600006,,SH,A股-上交所,2024-08-23,6.24,6.35,6.22,6.28,6.28,22481400.0,141245940.0,0.0,1.1241,1,0,none,baostock,query_history_k_data_plus
600006,SHSE.600006,,SH,A股-上交所,2024-08-26,6.29,6.31,6.18,6.22,6.28,22169400.0,138325262.6,-0.9554,1.1085,1,0,none,baostock,query_history_k_data_plus
600006,SHSE.600006,,SH,A股-上交所,2024-08-27,6.2,6.2,6.0,6.03,6.22,27112375.0,164717574.0,-3.0547,1.3556,1,0,none,baostock,query_history_k_data_plus
600006,SHSE.600006,,SH,A股-上交所,2024-08-28,6.0,6.02,5.91,5.92,6.03,22613027.0,134703487.65,-1.8242,1.1307,1,0,none,baostock,query_history_k_data_plus
600006,SHSE.600006,,SH,A股-上交所,2024-08-29,5.9,6.11,5.85,6.07,5.92,26680800.0,160447371.0,2.5338,1.334,1,0,none,baostock,query_history_k_data_plus
600006,SHSE.600006,,SH,A股-上交所,2024-08-30,6.09,6.29,6.06,6.21,6.07,35934212.0,223341865.73,2.3064,1.7967,1,0,none,baostock,query_history_k_data_plus
600006,SHSE.600006,,SH,A股-上交所,2024-09-02,6.12,6.15,5.86,5.88,6.21,50784646.0,301549494.38,-5.314,2.5392,1,0,none,baostock,query_history_k_data_plus
600006,SHSE.600006,,SH,A股-上交所,2024-09-03,5.86,5.93,5.84,5.9,5.88,23981915.0,141136770.96,0.3401,1.1991,1,0,none,baostock,query_history_k_data_plus
600006,SHSE.600006,,SH,A股-上交所,2024-09-04,5.82,6.01,5.81,5.9,5.9,26925500.0,159382912.38,0.0,1.3463,1,0,none,baostock,query_history_k_data_plus
600006,SHSE.600006,,SH,A股-上交所,2024-09-05,5.88,6.01,5.83,5.97,5.9,25918600.0,154215028.0,1.1864,1.2959,1,0,none,baostock,query_history_k_data_plus
600006,SHSE.600006,,SH,A股-上交所,2024-09-06,5.98,6.12,5.97,5.98,5.97,34997400.0,211448951.0,0.1675,1.7499,1,0,none,baostock,query_history_k_data_plus
600006,SHSE.600006,,SH,A股-上交所,2024-09-09,5.88,5.96,5.8,5.88,5.98,20963900.0,123397016.0,-1.6722,1.0482,1,0,none,baostock,query_history_k_data_plus
600006,SHSE.600006,,SH,A股-上交所,2024-09-10,5.91,5.91,5.74,5.82,5.88,23927600.0,138723213.0,-1.0204,1.1964,1,0,none,baostock,query_history_k_data_plus
600006,SHSE.600006,,SH,A股-上交所,2024-09-11,5.78,5.82,5.72,5.77,5.82,13771601.0,79411148.78,-0.8591,0.6886,1,0,none,baostock,query_history_k_data_plus
600006,SHSE.600006,,SH,A股-上交所,2024-09-12,5.76,5.85,5.74,5.75,5.77,14937400.0,86498348.0,-0.3466,0.7469,1,0,none,baostock,query_history_k_data_plus
600006,SHSE.600006,,SH,A股-上交所,2024-09-13,5.8,5.81,5.67,5.7,5.75,18013500.0,103559777.0,-0.8696,0.9007,1,0,none,baostock,query_history_k_data_plus
600006,SHSE.600006,,SH,A股-上交所,2024-09-18,5.68,5.72,5.59,5.69,5.7,16750479.0,94567224.37,-0.1754,0.8375,1,0,none,baostock,query_history_k_data_plus
600006,SHSE.600006,,SH,A股-上交所,2024-09-19,5.72,5.86,5.67,5.83,5.69,21092600.0,122052481.0,2.4605,1.0546,1,0,none,baostock,query_history_k_data_plus
600006,SHSE.600006,,SH,A股-上交所,2024-09-20,5.82,5.89,5.74,5.79,5.83,19200197.0,111381651.57,-0.6861,0.96,1,0,none,baostock,query_history_k_data_plus
600006,SHSE.600006,,SH,A股-上交所,2024-09-23,5.76,6.04,5.76,5.93,5.79,45628671.0,270562729.93,2.418,2.2814,1,0,none,baostock,query_history_k_data_plus
600006,SHSE.600006,,SH,A股-上交所,2024-09-24,5.9,6.08,5.85,6.07,5.93,51679889.0,309368491.17,2.3609,2.584,1,0,none,baostock,query_history_k_data_plus
600006,SHSE.600006,,SH,A股-上交所,2024-09-25,6.09,6.24,6.06,6.06,6.07,53034606.0,326438077.66,-0.1647,2.6517,1,0,none,baostock,query_history_k_data_plus
600006,SHSE.600006,,SH,A股-上交所,2024-09-26,6.04,6.22,6.01,6.22,6.06,41303900.0,253301411.0,2.6403,2.0652,1,0,none,baostock,query_history_k_data_plus
600006,SHSE.600006,,SH,A股-上交所,2024-09-27,6.37,6.5,6.29,6.49,6.22,43220700.0,276876091.0,4.3408,2.161,1,0,none,baostock,query_history_k_data_plus
600006,SHSE.600006,,SH,A股-上交所,2024-09-30,6.84,7.09,6.58,7.05,6.49,99903649.0,687762695.99,8.6287,4.9952,1,0,none,baostock,query_history_k_data_plus
600006,SHSE.600006,,SH,A股-上交所,2024-10-08,7.71,7.75,6.83,7.22,7.05,135573222.0,990413072.11,2.4113,6.7787,1,0,none,baostock,query_history_k_data_plus
600006,SHSE.600006,,SH,A股-上交所,2024-10-09,7.08,7.08,6.5,6.51,7.22,85296224.0,577796642.78,-9.8338,4.2648,1,0,none,baostock,query_history_k_data_plus
600006,SHSE.600006,,SH,A股-上交所,2024-10-10,6.51,6.78,6.41,6.59,6.51,59986901.0,397165179.71,1.2289,2.9993,1,0,none,baostock,query_history_k_data_plus
600006,SHSE.600006,,SH,A股-上交所,2024-10-11,6.62,6.62,6.22,6.34,6.59,48121786.0,308233380.24,-3.7936,2.4061,1,0,none,baostock,query_history_k_data_plus
600006,SHSE.600006,,SH,A股-上交所,2024-10-14,6.35,6.47,6.24,6.45,6.34,37259074.0,237472304.82,1.735,1.863,1,0,none,baostock,query_history_k_data_plus
600006,SHSE.600006,,SH,A股-上交所,2024-10-15,6.4,6.45,6.25,6.26,6.45,35056202.0,222528996.66,-2.9457,1.7528,1,0,none,baostock,query_history_k_data_plus
600006,SHSE.600006,,SH,A股-上交所,2024-10-16,6.2,6.36,6.17,6.34,6.26,35067718.0,220463468.94,1.278,1.7534,1,0,none,baostock,query_history_k_data_plus
600006,SHSE.600006,,SH,A股-上交所,2024-10-17,6.35,6.43,6.24,6.25,6.34,33069000.0,209182923.0,-1.4196,1.6535,1,0,none,baostock,query_history_k_data_plus
600006,SHSE.600006,,SH,A股-上交所,2024-10-18,6.25,6.55,6.2,6.44,6.25,55414750.0,354850324.5,3.04,2.7707,1,0,none,baostock,query_history_k_data_plus
600006,SHSE.600006,,SH,A股-上交所,2024-10-21,6.46,6.6,6.41,6.52,6.44,48253734.0,314344413.0,1.2422,2.4127,1,0,none,baostock,query_history_k_data_plus
600006,SHSE.600006,,SH,A股-上交所,2024-10-22,6.54,6.69,6.51,6.64,6.52,45545011.0,301589627.22,1.8405,2.2773,1,0,none,baostock,query_history_k_data_plus
600006,SHSE.600006,,SH,A股-上交所,2024-10-23,6.68,6.8,6.56,6.69,6.64,55164500.0,369704401.0,0.753,2.7582,1,0,none,baostock,query_history_k_data_plus
600006,SHSE.600006,,SH,A股-上交所,2024-10-24,6.69,6.72,6.53,6.55,6.69,33358600.0,219517356.23,-2.0927,1.6679,1,0,none,baostock,query_history_k_data_plus
600006,SHSE.600006,,SH,A股-上交所,2024-10-25,6.57,6.68,6.53,6.63,6.55,32342201.0,214033200.84,1.2214,1.6171,1,0,none,baostock,query_history_k_data_plus
600006,SHSE.600006,,SH,A股-上交所,2024-10-28,6.66,6.77,6.6,6.77,6.63,41052800.0,275517973.0,2.1116,2.0526,1,0,none,baostock,query_history_k_data_plus
600006,SHSE.600006,,SH,A股-上交所,2024-10-29,6.82,6.85,6.61,6.63,6.77,39401569.0,264276800.18,-2.0679,1.9701,1,0,none,baostock,query_history_k_data_plus
600006,SHSE.600006,,SH,A股-上交所,2024-10-30,6.56,6.77,6.55,6.71,6.63,36540729.0,244461446.99,1.2066,1.827,1,0,none,baostock,query_history_k_data_plus
600006,SHSE.600006,,SH,A股-上交所,2024-10-31,6.64,6.65,6.39,6.58,6.71,59779000.0,389624969.0,-1.9374,2.989,1,0,none,baostock,query_history_k_data_plus
600006,SHSE.600006,,SH,A股-上交所,2024-11-01,6.5,6.51,6.24,6.29,6.58,56416350.0,358184542.42,-4.4073,2.8208,1,0,none,baostock,query_history_k_data_plus
600006,SHSE.600006,,SH,A股-上交所,2024-11-04,6.33,6.57,6.3,6.54,6.29,48080962.0,311962147.04,3.9746,2.404,1,0,none,baostock,query_history_k_data_plus
600006,SHSE.600006,,SH,A股-上交所,2024-11-05,6.55,6.73,6.47,6.7,6.54,48922301.0,325519522.67,2.4465,2.4461,1,0,none,baostock,query_history_k_data_plus
600006,SHSE.600006,,SH,A股-上交所,2024-11-06,6.76,7.19,6.63,6.95,6.7,124121753.0,856227030.38,3.7313,6.2061,1,0,none,baostock,query_history_k_data_plus
600006,SHSE.600006,,SH,A股-上交所,2024-11-07,6.83,7.01,6.74,7.0,6.95,89894851.0,620184147.76,0.7194,4.4947,1,0,none,baostock,query_history_k_data_plus
600006,SHSE.600006,,SH,A股-上交所,2024-11-08,7.09,7.11,6.86,6.89,7.0,62930712.0,438341148.81,-1.5714,3.1465,1,0,none,baostock,query_history_k_data_plus
600006,SHSE.600006,,SH,A股-上交所,2024-11-11,7.58,7.58,7.58,7.58,6.89,32828277.0,248838339.66,10.0145,1.6414,1,0,none,baostock,query_history_k_data_plus
600006,SHSE.600006,,SH,A股-上交所,2024-11-12,8.34,8.34,8.34,8.34,7.58,19684536.0,164169030.24,10.0264,0.9842,1,0,none,baostock,query_history_k_data_plus
600006,SHSE.600006,,SH,A股-上交所,2024-11-13,9.17,9.17,8.34,8.38,8.34,339560283.0,2970987105.25,0.4796,16.978,1,0,none,baostock,query_history_k_data_plus
600006,SHSE.600006,,SH,A股-上交所,2024-11-14,8.3,8.37,7.57,7.64,8.38,234098872.0,1837113616.16,-8.8305,11.7049,1,0,none,baostock,query_history_k_data_plus
600006,SHSE.600006,,SH,A股-上交所,2024-11-15,7.5,7.6,7.21,7.24,7.64,140322235.0,1038706332.16,-5.2356,7.0161,1,0,none,baostock,query_history_k_data_plus
600006,SHSE.600006,,SH,A股-上交所,2024-11-18,7.3,7.48,7.06,7.22,7.24,123542135.0,896313702.15,-0.2762,6.1771,1,0,none,baostock,query_history_k_data_plus
600006,SHSE.600006,,SH,A股-上交所,2024-11-19,7.2,7.27,6.93,7.17,7.22,91624341.0,650166131.44,-0.6925,4.5812,1,0,none,baostock,query_history_k_data_plus
600006,SHSE.600006,,SH,A股-上交所,2024-11-20,7.12,7.54,7.08,7.4,7.17,103978627.0,761650277.08,3.2078,5.1989,1,0,none,baostock,query_history_k_data_plus
600006,SHSE.600006,,SH,A股-上交所,2024-11-21,7.34,7.6,7.3,7.43,7.4,93973366.0,700536511.91,0.4054,4.6987,1,0,none,baostock,query_history_k_data_plus
600006,SHSE.600006,,SH,A股-上交所,2024-11-22,7.42,7.45,7.0,7.0,7.43,78934020.0,569326730.57,-5.7873,3.9467,1,0,none,baostock,query_history_k_data_plus
600006,SHSE.600006,,SH,A股-上交所,2024-11-25,7.05,7.5,6.9,7.36,7.0,107786564.0,776382386.12,5.1429,5.3893,1,0,none,baostock,query_history_k_data_plus
600006,SHSE.600006,,SH,A股-上交所,2024-11-26,7.23,7.46,7.18,7.23,7.36,78819391.0,575575061.91,-1.7663,3.941,1,0,none,baostock,query_history_k_data_plus
600006,SHSE.600006,,SH,A股-上交所,2024-11-27,7.16,7.26,6.99,7.25,7.23,65315675.0,465064884.28,0.2766,3.2658,1,0,none,baostock,query_history_k_data_plus
600006,SHSE.600006,,SH,A股-上交所,2024-11-28,7.23,7.44,7.19,7.3,7.25,77696402.0,568141673.24,0.6897,3.8848,1,0,none,baostock,query_history_k_data_plus
600006,SHSE.600006,,SH,A股-上交所,2024-11-29,7.28,7.45,7.23,7.36,7.3,78195869.0,574497314.47,0.8219,3.9098,1,0,none,baostock,query_history_k_data_plus
600006,SHSE.600006,,SH,A股-上交所,2024-12-02,7.39,7.62,7.37,7.62,7.36,101634507.0,764764839.33,3.5326,5.0817,1,0,none,baostock,query_history_k_data_plus
600006,SHSE.600006,,SH,A股-上交所,2024-12-03,7.75,7.95,7.6,7.66,7.62,107222545.0,829669514.73,0.5249,5.3611,1,0,none,baostock,query_history_k_data_plus
600006,SHSE.600006,,SH,A股-上交所,2024-12-04,7.95,8.08,7.57,7.59,7.66,102669657.0,799530430.57,-0.9138,5.1335,1,0,none,baostock,query_history_k_data_plus
600006,SHSE.600006,,SH,A股-上交所,2024-12-05,7.52,7.67,7.44,7.57,7.59,72241856.0,545195494.04,-0.2635,3.6121,1,0,none,baostock,query_history_k_data_plus
600006,SHSE.600006,,SH,A股-上交所,2024-12-06,7.51,7.55,7.37,7.53,7.57,64410573.0,480782870.28,-0.5284,3.2205,1,0,none,baostock,query_history_k_data_plus
600006,SHSE.600006,,SH,A股-上交所,2024-12-09,7.53,8.11,7.52,7.86,7.53,124771384.0,978243391.25,4.3825,6.2386,1,0,none,baostock,query_history_k_data_plus
600006,SHSE.600006,,SH,A股-上交所,2024-12-10,7.94,8.29,7.78,7.79,7.86,115827531.0,919850975.39,-0.8906,5.7914,1,0,none,baostock,query_history_k_data_plus
600006,SHSE.600006,,SH,A股-上交所,2024-12-11,7.68,7.86,7.68,7.83,7.79,53287802.0,415074044.76,0.5135,2.6644,1,0,none,baostock,query_history_k_data_plus
600006,SHSE.600006,,SH,A股-上交所,2024-12-12,7.84,8.16,7.71,8.16,7.83,117698585.0,935712509.06,4.2146,5.8849,1,0,none,baostock,query_history_k_data_plus
600006,SHSE.600006,,SH,A股-上交所,2024-12-13,8.06,8.41,8.01,8.22,8.16,131421306.0,1083254383.74,0.7353,6.5711,1,0,none,baostock,query_history_k_data_plus
600006,SHSE.600006,,SH,A股-上交所,2024-12-16,8.12,8.45,8.08,8.19,8.22,101977115.0,842121947.5,-0.365,5.0989,1,0,none,baostock,query_history_k_data_plus
600006,SHSE.600006,,SH,A股-上交所,2024-12-17,8.09,8.28,7.85,7.89,8.19,80429015.0,643305072.93,-3.663,4.0215,1,0,none,baostock,query_history_k_data_plus
600006,SHSE.600006,,SH,A股-上交所,2024-12-18,7.92,8.23,7.8,8.01,7.89,74192792.0,596029695.34,1.5209,3.7096,1,0,none,baostock,query_history_k_data_plus
600006,SHSE.600006,,SH,A股-上交所,2024-12-19,7.81,7.9,7.65,7.74,8.01,67143233.0,520032794.82,-3.3708,3.3572,1,0,none,baostock,query_history_k_data_plus
600006,SHSE.600006,,SH,A股-上交所,2024-12-20,7.73,7.75,7.59,7.63,7.74,50292911.0,384926481.49,-1.4212,2.5146,1,0,none,baostock,query_history_k_data_plus
600006,SHSE.600006,,SH,A股-上交所,2024-12-23,7.65,7.65,7.22,7.25,7.63,57736461.0,426585895.41,-4.9803,2.8868,1,0,none,baostock,query_history_k_data_plus
600006,SHSE.600006,,SH,A股-上交所,2024-12-24,7.29,7.36,7.21,7.29,7.25,37310884.0,271486665.56,0.5517,1.8655,1,0,none,baostock,query_history_k_data_plus
600006,SHSE.600006,,SH,A股-上交所,2024-12-25,7.29,7.29,7.02,7.12,7.29,35777720.0,255303399.2,-2.332,1.7889,1,0,none,baostock,query_history_k_data_plus
600006,SHSE.600006,,SH,A股-上交所,2024-12-26,7.1,7.83,7.09,7.83,7.12,114141782.0,871703825.01,9.9719,5.7071,1,0,none,baostock,query_history_k_data_plus
600006,SHSE.600006,,SH,A股-上交所,2024-12-27,7.8,7.89,7.67,7.73,7.83,94546910.0,733713951.68,-1.2771,4.7273,1,0,none,baostock,query_history_k_data_plus
600006,SHSE.600006,,SH,A股-上交所,2024-12-30,7.66,7.88,7.53,7.79,7.73,72900046.0,564582634.62,0.7762,3.645,1,0,none,baostock,query_history_k_data_plus
600006,SHSE.600006,,SH,A股-上交所,2024-12-31,7.78,7.81,7.33,7.37,7.79,56874166.0,428986315.77,-5.3915,2.8437,1,0,none,baostock,query_history_k_data_plus
600006,SHSE.600006,,SH,A股-上交所,2025-01-02,7.36,7.86,7.29,7.44,7.37,78419967.0,589006456.51,0.9498,3.921,1,0,none,baostock,query_history_k_data_plus
600006,SHSE.600006,,SH,A股-上交所,2025-01-03,7.36,7.47,6.85,6.9,7.44,72330200.0,515046817.0,-7.2581,3.6165,1,0,none,baostock,query_history_k_data_plus
600006,SHSE.600006,,SH,A股-上交所,2025-01-06,6.86,7.04,6.7,6.85,6.9,41301574.0,283812561.12,-0.7246,2.0651,1,0,none,baostock,query_history_k_data_plus
600006,SHSE.600006,,SH,A股-上交所,2025-01-07,6.89,7.06,6.85,7.04,6.85,37596775.0,261598915.59,2.7737,1.8798,1,0,none,baostock,query_history_k_data_plus
600006,SHSE.600006,,SH,A股-上交所,2025-01-08,6.98,6.99,6.67,6.88,7.04,50873688.0,347522915.16,-2.2727,2.5437,1,0,none,baostock,query_history_k_data_plus
600006,SHSE.600006,,SH,A股-上交所,2025-01-09,6.8,6.91,6.78,6.83,6.88,26142039.0,179343679.93,-0.7267,1.3071,1,0,none,baostock,query_history_k_data_plus
600006,SHSE.600006,,SH,A股-上交所,2025-01-10,6.88,6.89,6.51,6.57,6.83,33737199.0,227425795.84,-3.8067,1.6869,1,0,none,baostock,query_history_k_data_plus
600006,SHSE.600006,,SH,A股-上交所,2025-01-13,6.51,6.59,6.41,6.56,6.57,22263100.0,145031707.0,-0.1522,1.1132,1,0,none,baostock,query_history_k_data_plus
600006,SHSE.600006,,SH,A股-上交所,2025-01-14,6.58,6.9,6.56,6.86,6.56,49945604.0,338401279.74,4.5732,2.4973,1,0,none,baostock,query_history_k_data_plus
600006,SHSE.600006,,SH,A股-上交所,2025-01-15,6.84,6.9,6.75,6.77,6.86,24895937.0,169143575.28,-1.312,1.2448,1,0,none,baostock,query_history_k_data_plus
600006,SHSE.600006,,SH,A股-上交所,2025-01-16,6.8,7.0,6.78,6.9,6.77,33731275.0,232554777.09,1.9202,1.6866,1,0,none,baostock,query_history_k_data_plus
600006,SHSE.600006,,SH,A股-上交所,2025-01-17,6.86,7.18,6.78,6.97,6.9,47216501.0,328973662.54,1.0145,2.3608,1,0,none,baostock,query_history_k_data_plus
600006,SHSE.600006,,SH,A股-上交所,2025-01-20,6.96,7.03,6.89,6.94,6.97,33623040.0,234103298.8,-0.4304,1.6812,1,0,none,baostock,query_history_k_data_plus
600006,SHSE.600006,,SH,A股-上交所,2025-01-21,6.98,7.24,6.93,7.24,6.94,49474164.0,349551635.74,4.3228,2.4737,1,0,none,baostock,query_history_k_data_plus
600006,SHSE.600006,,SH,A股-上交所,2025-01-22,7.16,7.34,7.11,7.21,7.24,41656448.0,300949523.7,-0.4144,2.0828,1,0,none,baostock,query_history_k_data_plus
600006,SHSE.600006,,SH,A股-上交所,2025-01-23,7.25,7.3,6.9,6.92,7.21,60905902.0,433772727.88,-4.0222,3.0453,1,0,none,baostock,query_history_k_data_plus
600006,SHSE.600006,,SH,A股-上交所,2025-01-24,6.92,6.95,6.79,6.88,6.92,36599705.0,251723403.78,-0.578,1.83,1,0,none,baostock,query_history_k_data_plus
600006,SHSE.600006,,SH,A股-上交所,2025-01-27,6.91,6.98,6.65,6.65,6.88,30987130.0,210616354.4,-3.343,1.5494,1,0,none,baostock,query_history_k_data_plus
600006,SHSE.600006,,SH,A股-上交所,2025-02-05,6.68,6.81,6.67,6.76,6.65,26460100.0,178558628.0,1.6541,1.323,1,0,none,baostock,query_history_k_data_plus
600006,SHSE.600006,,SH,A股-上交所,2025-02-06,6.72,7.03,6.67,7.02,6.76,40617702.0,279638915.9,3.8462,2.0309,1,0,none,baostock,query_history_k_data_plus
600006,SHSE.600006,,SH,A股-上交所,2025-02-07,7.01,7.54,6.97,7.3,7.02,78390598.0,567821664.91,3.9886,3.9195,1,0,none,baostock,query_history_k_data_plus
600006,SHSE.600006,,SH,A股-上交所,2025-02-10,8.03,8.03,8.03,8.03,7.3,16000300.0,128482409.0,10.0,0.8,1,0,none,baostock,query_history_k_data_plus
600006,SHSE.600006,,SH,A股-上交所,2025-02-11,8.67,8.67,7.82,7.9,8.03,253573162.0,2114596937.31,-1.6189,12.6787,1,0,none,baostock,query_history_k_data_plus
600006,SHSE.600006,,SH,A股-上交所,2025-02-12,7.65,8.2,7.65,8.1,7.9,134974094.0,1074301169.38,2.5316,6.7487,1,0,none,baostock,query_history_k_data_plus
600006,SHSE.600006,,SH,A股-上交所,2025-02-13,8.06,8.27,7.84,8.07,8.1,122490257.0,982517089.34,-0.3704,6.1245,1,0,none,baostock,query_history_k_data_plus
600006,SHSE.600006,,SH,A股-上交所,2025-02-14,8.0,8.31,7.91,7.97,8.07,97253937.0,787627961.71,-1.2392,4.8627,1,0,none,baostock,query_history_k_data_plus
600006,SHSE.600006,,SH,A股-上交所,2025-02-17,7.97,7.99,7.71,7.8,7.97,77535325.0,605099051.11,-2.133,3.8768,1,0,none,baostock,query_history_k_data_plus
600006,SHSE.600006,,SH,A股-上交所,2025-02-18,7.76,7.8,7.51,7.58,7.8,63708949.0,486818056.92,-2.8205,3.1854,1,0,none,baostock,query_history_k_data_plus
600006,SHSE.600006,,SH,A股-上交所,2025-02-19,7.51,7.69,7.51,7.6,7.58,50218774.0,381625094.07,0.2639,2.5109,1,0,none,baostock,query_history_k_data_plus
600006,SHSE.600006,,SH,A股-上交所,2025-02-20,7.71,7.78,7.63,7.66,7.6,53414908.0,411692702.35,0.7895,2.6707,1,0,none,baostock,query_history_k_data_plus
600006,SHSE.600006,,SH,A股-上交所,2025-02-21,7.65,7.66,7.5,7.63,7.66,56909373.0,431509919.34,-0.3916,2.8455,1,0,none,baostock,query_history_k_data_plus
600006,SHSE.600006,,SH,A股-上交所,2025-02-24,7.58,7.67,7.53,7.57,7.63,40832993.0,309961760.5,-0.7864,2.0416,1,0,none,baostock,query_history_k_data_plus
600006,SHSE.600006,,SH,A股-上交所,2025-02-25,7.5,7.75,7.45,7.59,7.57,47117833.0,358450094.72,0.2642,2.3559,1,0,none,baostock,query_history_k_data_plus
600006,SHSE.600006,,SH,A股-上交所,2025-02-26,7.58,7.62,7.54,7.61,7.59,39956229.0,303051376.76,0.2635,1.9978,1,0,none,baostock,query_history_k_data_plus
600006,SHSE.600006,,SH,A股-上交所,2025-02-27,7.61,7.75,7.55,7.69,7.61,56188953.0,430396049.25,1.0512,2.8094,1,0,none,baostock,query_history_k_data_plus
600006,SHSE.600006,,SH,A股-上交所,2025-02-28,7.68,7.68,7.36,7.38,7.69,46614225.0,348576610.58,-4.0312,2.3307,1,0,none,baostock,query_history_k_data_plus
600006,SHSE.600006,,SH,A股-上交所,2025-03-03,7.42,7.51,7.34,7.4,7.38,30337900.0,225324362.0,0.271,1.5169,1,0,none,baostock,query_history_k_data_plus
600006,SHSE.600006,,SH,A股-上交所,2025-03-04,7.33,7.4,7.27,7.39,7.4,27001232.0,198215754.16,-0.1351,1.3501,1,0,none,baostock,query_history_k_data_plus
600006,SHSE.600006,,SH,A股-上交所,2025-03-05,7.36,7.43,7.3,7.37,7.39,22873904.0,168086664.44,-0.2706,1.1437,1,0,none,baostock,query_history_k_data_plus
600006,SHSE.600006,,SH,A股-上交所,2025-03-06,7.42,7.49,7.39,7.45,7.37,31699438.0,236013564.27,1.0855,1.585,1,0,none,baostock,query_history_k_data_plus
600006,SHSE.600006,,SH,A股-上交所,2025-03-07,7.44,7.71,7.34,7.56,7.45,60676889.0,457053234.68,1.4765,3.0338,1,0,none,baostock,query_history_k_data_plus
600006,SHSE.600006,,SH,A股-上交所,2025-03-10,7.5,7.54,7.37,7.41,7.56,31019592.0,230613223.64,-1.9841,1.551,1,0,none,baostock,query_history_k_data_plus
600006,SHSE.600006,,SH,A股-上交所,2025-03-11,7.34,7.37,7.26,7.33,7.41,26494298.0,193661308.36,-1.0796,1.3247,1,0,none,baostock,query_history_k_data_plus
600006,SHSE.600006,,SH,A股-上交所,2025-03-12,7.39,7.48,7.38,7.42,7.33,32414404.0,241156249.2,1.2278,1.6207,1,0,none,baostock,query_history_k_data_plus
600006,SHSE.600006,,SH,A股-上交所,2025-03-13,7.41,7.42,7.26,7.32,7.42,27828444.0,203354860.28,-1.3477,1.3914,1,0,none,baostock,query_history_k_data_plus
600006,SHSE.600006,,SH,A股-上交所,2025-03-14,7.31,7.42,7.28,7.42,7.32,29445377.0,217187237.24,1.3661,1.4723,1,0,none,baostock,query_history_k_data_plus
600006,SHSE.600006,,SH,A股-上交所,2025-03-17,7.43,7.47,7.38,7.4,7.42,22676658.0,168221469.52,-0.2695,1.1338,1,0,none,baostock,query_history_k_data_plus
600006,SHSE.600006,,SH,A股-上交所,2025-03-18,7.41,7.45,7.38,7.45,7.4,22041700.0,163593126.0,0.6757,1.1021,1,0,none,baostock,query_history_k_data_plus
600006,SHSE.600006,,SH,A股-上交所,2025-03-19,7.46,7.6,7.44,7.5,7.45,44615154.0,335501501.14,0.6711,2.2308,1,0,none,baostock,query_history_k_data_plus
600006,SHSE.600006,,SH,A股-上交所,2025-03-20,7.45,7.77,7.41,7.7,7.5,76233219.0,581887680.88,2.6667,3.8117,1,0,none,baostock,query_history_k_data_plus
600006,SHSE.600006,,SH,A股-上交所,2025-03-21,7.65,7.66,7.41,7.43,7.7,48691451.0,366067284.63,-3.5065,2.4346,1,0,none,baostock,query_history_k_data_plus
600006,SHSE.600006,,SH,A股-上交所,2025-03-24,7.4,7.59,7.18,7.3,7.43,40122210.0,294111954.16,-1.7497,2.0061,1,0,none,baostock,query_history_k_data_plus
600006,SHSE.600006,,SH,A股-上交所,2025-03-25,7.29,7.3,7.15,7.19,7.3,23966824.0,172693124.82,-1.5068,1.1983,1,0,none,baostock,query_history_k_data_plus
600006,SHSE.600006,,SH,A股-上交所,2025-03-26,7.18,7.46,7.16,7.34,7.19,28846487.0,211517369.84,2.0862,1.4423,1,0,none,baostock,query_history_k_data_plus
600006,SHSE.600006,,SH,A股-上交所,2025-03-27,7.27,7.35,7.21,7.24,7.34,22176273.0,161290979.9,-1.3624,1.1088,1,0,none,baostock,query_history_k_data_plus
600006,SHSE.600006,,SH,A股-上交所,2025-03-28,7.22,7.72,7.21,7.43,7.24,55781054.0,417686816.28,2.6243,2.7891,1,0,none,baostock,query_history_k_data_plus
600006,SHSE.600006,,SH,A股-上交所,2025-03-31,7.75,7.98,7.64,7.71,7.43,120149658.0,936680411.21,3.7685,6.0075,1,0,none,baostock,query_history_k_data_plus
600006,SHSE.600006,,SH,A股-上交所,2025-04-01,7.56,8.0,7.55,7.82,7.71,106127452.0,832106560.03,1.4267,5.3064,1,0,none,baostock,query_history_k_data_plus
600006,SHSE.600006,,SH,A股-上交所,2025-04-02,7.73,8.05,7.53,7.77,7.82,81186386.0,629749688.76,-0.6394,4.0593,1,0,none,baostock,query_history_k_data_plus
600006,SHSE.600006,,SH,A股-上交所,2025-04-03,7.65,7.75,7.47,7.52,7.77,56331105.0,427906671.17,-3.2175,2.8166,1,0,none,baostock,query_history_k_data_plus
600006,SHSE.600006,,SH,A股-上交所,2025-04-07,7.04,7.05,6.77,6.77,7.52,48830822.0,334201764.34,-9.9734,2.4415,1,0,none,baostock,query_history_k_data_plus
600006,SHSE.600006,,SH,A股-上交所,2025-04-08,6.68,6.99,6.48,6.89,6.77,69691260.0,467332686.83,1.7725,3.4846,1,0,none,baostock,query_history_k_data_plus
600006,SHSE.600006,,SH,A股-上交所,2025-04-09,6.69,6.93,6.4,6.83,6.89,56676978.0,380789085.84,-0.8708,2.8338,1,0,none,baostock,query_history_k_data_plus
600006,SHSE.600006,,SH,A股-上交所,2025-04-10,6.91,7.07,6.88,6.91,6.83,47993726.0,334641938.4,1.1713,2.3997,1,0,none,baostock,query_history_k_data_plus
600006,SHSE.600006,,SH,A股-上交所,2025-04-11,6.83,6.97,6.82,6.92,6.91,34958199.0,241768229.09,0.1447,1.7479,1,0,none,baostock,query_history_k_data_plus
600006,SHSE.600006,,SH,A股-上交所,2025-04-14,7.1,7.21,7.01,7.13,6.92,47420875.0,338120327.72,3.0347,2.371,1,0,none,baostock,query_history_k_data_plus
600006,SHSE.600006,,SH,A股-上交所,2025-04-15,7.13,7.14,6.98,7.01,7.13,31404800.0,220857092.0,-1.683,1.5702,1,0,none,baostock,query_history_k_data_plus
600006,SHSE.600006,,SH,A股-上交所,2025-04-16,6.99,7.02,6.84,6.96,7.01,23905233.0,165809581.36,-0.7133,1.1953,1,0,none,baostock,query_history_k_data_plus
600006,SHSE.600006,,SH,A股-上交所,2025-04-17,6.9,7.13,6.9,7.0,6.96,27086373.0,190437832.0,0.5747,1.3543,1,0,none,baostock,query_history_k_data_plus
600006,SHSE.600006,,SH,A股-上交所,2025-04-18,6.96,7.0,6.88,6.96,7.0,19705801.0,136467846.95,-0.5714,0.9853,1,0,none,baostock,query_history_k_data_plus
600006,SHSE.600006,,SH,A股-上交所,2025-04-21,6.96,7.02,6.9,7.0,6.96,18697006.0,130746090.01,0.5747,0.9349,1,0,none,baostock,query_history_k_data_plus
600006,SHSE.600006,,SH,A股-上交所,2025-04-22,6.97,7.1,6.97,6.99,7.0,18970701.0,133184334.0,-0.1429,0.9485,1,0,none,baostock,query_history_k_data_plus
600006,SHSE.600006,,SH,A股-上交所,2025-04-23,7.03,7.17,7.03,7.13,6.99,39324395.0,278999343.88,2.0029,1.9662,1,0,none,baostock,query_history_k_data_plus
600006,SHSE.600006,,SH,A股-上交所,2025-04-24,7.12,7.25,7.06,7.06,7.13,31510293.0,224561679.95,-0.9818,1.5755,1,0,none,baostock,query_history_k_data_plus
600006,SHSE.600006,,SH,A股-上交所,2025-04-25,7.07,7.15,7.04,7.08,7.06,24611034.0,174836440.9,0.2833,1.2306,1,0,none,baostock,query_history_k_data_plus
600006,SHSE.600006,,SH,A股-上交所,2025-04-28,7.05,7.05,6.87,6.88,7.08,26711108.0,185205296.12,-2.8249,1.3356,1,0,none,baostock,query_history_k_data_plus
600006,SHSE.600006,,SH,A股-上交所,2025-04-29,6.88,6.94,6.84,6.91,6.88,13826830.0,95562582.7,0.436,0.6913,1,0,none,baostock,query_history_k_data_plus
600006,SHSE.600006,,SH,A股-上交所,2025-04-30,6.93,7.04,6.92,7.02,6.91,20589467.0,144184774.67,1.5919,1.0295,1,0,none,baostock,query_history_k_data_plus
600006,SHSE.600006,,SH,A股-上交所,2025-05-06,7.05,7.12,7.04,7.1,7.02,23200471.0,164484317.65,1.1396,1.16,1,0,none,baostock,query_history_k_data_plus
600006,SHSE.600006,,SH,A股-上交所,2025-05-07,7.16,7.23,7.1,7.2,7.1,41643745.0,298475377.97,1.4085,2.0822,1,0,none,baostock,query_history_k_data_plus
600006,SHSE.600006,,SH,A股-上交所,2025-05-08,7.15,7.2,7.13,7.18,7.2,26053673.0,186915440.95,-0.2778,1.3027,1,0,none,baostock,query_history_k_data_plus
600006,SHSE.600006,,SH,A股-上交所,2025-05-09,7.2,7.2,7.05,7.09,7.18,21598360.0,153405832.82,-1.2535,1.0799,1,0,none,baostock,query_history_k_data_plus
600006,SHSE.600006,,SH,A股-上交所,2025-05-12,7.12,7.15,7.09,7.13,7.09,16598900.0,118186446.0,0.5642,0.8299,1,0,none,baostock,query_history_k_data_plus
600006,SHSE.600006,,SH,A股-上交所,2025-05-13,7.18,7.2,7.08,7.09,7.13,22176559.0,157992467.31,-0.561,1.1088,1,0,none,baostock,query_history_k_data_plus
600006,SHSE.600006,,SH,A股-上交所,2025-05-14,7.07,7.12,7.02,7.1,7.09,21489200.0,151977643.0,0.141,1.0745,1,0,none,baostock,query_history_k_data_plus
600006,SHSE.600006,,SH,A股-上交所,2025-05-15,7.09,7.09,6.94,6.94,7.1,24081860.0,168392691.4,-2.2535,1.2041,1,0,none,baostock,query_history_k_data_plus
600006,SHSE.600006,,SH,A股-上交所,2025-05-16,6.95,7.09,6.94,7.04,6.94,23385761.0,164527912.65,1.4409,1.1693,1,0,none,baostock,query_history_k_data_plus
600006,SHSE.600006,,SH,A股-上交所,2025-05-19,7.1,7.17,7.03,7.12,7.04,27295500.0,193699810.0,1.1364,1.3648,1,0,none,baostock,query_history_k_data_plus
600006,SHSE.600006,,SH,A股-上交所,2025-05-20,7.17,7.83,7.15,7.83,7.12,158119521.0,1196217106.35,9.9719,7.906,1,0,none,baostock,query_history_k_data_plus
600006,SHSE.600006,,SH,A股-上交所,2025-05-21,7.77,7.77,7.53,7.62,7.83,122187292.0,933427038.07,-2.682,6.1094,1,0,none,baostock,query_history_k_data_plus
600006,SHSE.600006,,SH,A股-上交所,2025-05-22,7.66,8.1,7.58,7.82,7.62,141075656.0,1103724656.71,2.6247,7.0538,1,0,none,baostock,query_history_k_data_plus
600006,SHSE.600006,,SH,A股-上交所,2025-05-23,7.81,8.1,7.68,7.73,7.82,136680049.0,1079716352.89,-1.1509,6.834,1,0,none,baostock,query_history_k_data_plus
600006,SHSE.600006,,SH,A股-上交所,2025-05-26,7.76,7.87,7.6,7.74,7.73,82221662.0,635400119.93,0.1294,4.1111,1,0,none,baostock,query_history_k_data_plus
600006,SHSE.600006,,SH,A股-上交所,2025-05-27,7.78,7.94,7.67,7.74,7.74,62279919.0,484377817.13,0.0,3.114,1,0,none,baostock,query_history_k_data_plus
600006,SHSE.600006,,SH,A股-上交所,2025-05-28,7.99,8.39,7.99,8.11,7.74,148208310.0,1213401855.07,4.7804,7.4104,1,0,none,baostock,query_history_k_data_plus
600006,SHSE.600006,,SH,A股-上交所,2025-05-29,8.38,8.92,8.38,8.92,8.11,157191408.0,1387642465.62,9.9877,7.8596,1,0,none,baostock,query_history_k_data_plus
600006,SHSE.600006,,SH,A股-上交所,2025-05-30,8.82,8.94,8.15,8.18,8.92,185512042.0,1572809222.2,-8.296,9.2756,1,0,none,baostock,query_history_k_data_plus
600006,SHSE.600006,,SH,A股-上交所,2025-06-03,8.31,8.44,8.01,8.06,8.18,105712405.0,863412378.55,-1.467,5.2856,1,0,none,baostock,query_history_k_data_plus
600006,SHSE.600006,,SH,A股-上交所,2025-06-04,8.07,8.1,7.85,7.93,8.06,68867828.0,546218052.5,-1.6129,3.4434,1,0,none,baostock,query_history_k_data_plus
600006,SHSE.600006,,SH,A股-上交所,2025-06-05,7.68,7.71,7.31,7.4,7.93,157532354.0,1168722001.1,-6.6835,7.8766,1,0,none,baostock,query_history_k_data_plus
600006,SHSE.600006,,SH,A股-上交所,2025-06-06,7.32,7.35,7.23,7.3,7.4,73902577.0,538071566.32,-1.3514,3.6951,1,0,none,baostock,query_history_k_data_plus
600006,SHSE.600006,,SH,A股-上交所,2025-06-09,7.3,7.34,7.26,7.32,7.3,54295091.0,396753516.61,0.274,2.7148,1,0,none,baostock,query_history_k_data_plus
600006,SHSE.600006,,SH,A股-上交所,2025-06-10,7.3,7.31,7.14,7.25,7.32,60201901.0,435291484.23,-0.9563,3.0101,1,0,none,baostock,query_history_k_data_plus
600006,SHSE.600006,,SH,A股-上交所,2025-06-11,7.25,7.29,7.23,7.26,7.25,39410627.0,286148837.75,0.1379,1.9705,1,0,none,baostock,query_history_k_data_plus
600006,SHSE.600006,,SH,A股-上交所,2025-06-12,7.23,7.26,7.18,7.25,7.26,34156218.0,246783200.83,-0.1377,1.7078,1,0,none,baostock,query_history_k_data_plus
600006,SHSE.600006,,SH,A股-上交所,2025-06-13,7.2,7.22,7.1,7.11,7.25,38565496.0,275397957.56,-1.931,1.9283,1,0,none,baostock,query_history_k_data_plus
600006,SHSE.600006,,SH,A股-上交所,2025-06-16,7.09,7.16,7.05,7.15,7.11,25019000.0,178266278.02,0.5626,1.251,1,0,none,baostock,query_history_k_data_plus
600006,SHSE.600006,,SH,A股-上交所,2025-06-17,7.14,7.23,7.13,7.18,7.15,31753114.0,227823742.33,0.4196,1.5877,1,0,none,baostock,query_history_k_data_plus
600006,SHSE.600006,,SH,A股-上交所,2025-06-18,7.19,7.19,7.07,7.1,7.18,23841430.0,169462361.04,-1.1142,1.1921,1,0,none,baostock,query_history_k_data_plus
600006,SHSE.600006,,SH,A股-上交所,2025-06-19,7.08,7.11,6.94,6.96,7.1,36981470.0,259117644.77,-1.9718,1.8491,1,0,none,baostock,query_history_k_data_plus
600006,SHSE.600006,,SH,A股-上交所,2025-06-20,6.96,6.99,6.9,6.95,6.96,22356115.0,155212142.7,-0.1437,1.1178,1,0,none,baostock,query_history_k_data_plus
600006,SHSE.600006,,SH,A股-上交所,2025-06-23,6.89,6.98,6.85,6.97,6.95,20577970.0,142432746.75,0.2878,1.0289,1,0,none,baostock,query_history_k_data_plus
600006,SHSE.600006,,SH,A股-上交所,2025-06-24,7.0,7.12,7.0,7.12,6.97,35748000.0,253244474.0,2.1521,1.7874,1,0,none,baostock,query_history_k_data_plus
600006,SHSE.600006,,SH,A股-上交所,2025-06-25,7.08,7.19,7.08,7.19,7.12,47039285.0,336084307.95,0.9831,2.352,1,0,none,baostock,query_history_k_data_plus
600006,SHSE.600006,,SH,A股-上交所,2025-06-26,7.16,7.16,7.1,7.11,7.19,35027791.0,249595602.8,-1.1127,1.7514,1,0,none,baostock,query_history_k_data_plus
600006,SHSE.600006,,SH,A股-上交所,2025-06-27,7.15,7.28,7.12,7.24,7.11,55076516.0,396954175.99,1.8284,2.7538,1,0,none,baostock,query_history_k_data_plus
600006,SHSE.600006,,SH,A股-上交所,2025-06-30,7.2,7.23,7.15,7.23,7.24,28217416.0,202967729.72,-0.1381,1.4109,1,0,none,baostock,query_history_k_data_plus
600006,SHSE.600006,,SH,A股-上交所,2025-07-01,7.25,7.29,7.16,7.21,7.23,29210357.0,210800079.4,-0.2766,1.4605,1,0,none,baostock,query_history_k_data_plus
600006,SHSE.600006,,SH,A股-上交所,2025-07-02,7.21,7.23,7.14,7.18,7.21,22485687.0,161187758.79,-0.4161,1.1243,1,0,none,baostock,query_history_k_data_plus
600006,SHSE.600006,,SH,A股-上交所,2025-07-03,7.17,7.21,7.16,7.18,7.18,16731600.0,120105325.0,0.0,0.8366,1,0,none,baostock,query_history_k_data_plus
600006,SHSE.600006,,SH,A股-上交所,2025-07-04,7.18,7.19,7.14,7.15,7.18,18375968.0,131548617.55,-0.4178,0.9188,1,0,none,baostock,query_history_k_data_plus
600006,SHSE.600006,,SH,A股-上交所,2025-07-07,7.14,7.16,7.1,7.14,7.15,15976747.0,114076469.26,-0.1399,0.7988,1,0,none,baostock,query_history_k_data_plus
600006,SHSE.600006,,SH,A股-上交所,2025-07-08,7.12,7.18,7.1,7.17,7.14,22259510.0,159251331.6,0.4202,1.113,1,0,none,baostock,query_history_k_data_plus
600006,SHSE.600006,,SH,A股-上交所,2025-07-09,7.17,7.22,7.15,7.16,7.17,26512110.0,190542403.8,-0.1395,1.3256,1,0,none,baostock,query_history_k_data_plus
600006,SHSE.600006,,SH,A股-上交所,2025-07-10,7.14,7.21,7.12,7.19,7.16,22827600.0,163727102.0,0.419,1.1414,1,0,none,baostock,query_history_k_data_plus
600006,SHSE.600006,,SH,A股-上交所,2025-07-11,7.16,7.25,7.16,7.21,7.19,30413002.0,219096125.68,0.2782,1.5207,1,0,none,baostock,query_history_k_data_plus
600006,SHSE.600006,,SH,A股-上交所,2025-07-14,7.21,7.23,7.17,7.19,7.21,20860468.0,150202417.56,-0.2774,1.043,1,0,none,baostock,query_history_k_data_plus
600006,SHSE.600006,,SH,A股-上交所,2025-07-15,7.2,7.28,7.09,7.27,7.19,51583175.0,370803852.81,1.1127,2.5792,1,0,none,baostock,query_history_k_data_plus
600006,SHSE.600006,,SH,A股-上交所,2025-07-16,7.25,7.27,7.22,7.25,7.27,29523952.0,213904142.49,-0.2751,1.4762,1,0,none,baostock,query_history_k_data_plus
600006,SHSE.600006,,SH,A股-上交所,2025-07-17,7.24,7.32,7.23,7.32,7.25,36938143.0,268704410.87,0.9655,1.8469,1,0,none,baostock,query_history_k_data_plus
600006,SHSE.600006,,SH,A股-上交所,2025-07-18,7.34,7.37,7.27,7.33,7.32,31544051.0,230484606.2,0.1366,1.5772,1,0,none,baostock,query_history_k_data_plus
600006,SHSE.600006,,SH,A股-上交所,2025-07-21,7.32,7.48,7.31,7.47,7.33,51473660.0,381416612.34,1.91,2.5737,1,0,none,baostock,query_history_k_data_plus
600006,SHSE.600006,,SH,A股-上交所,2025-07-22,7.45,7.69,7.42,7.48,7.47,62120301.0,467289487.79,0.1339,3.106,1,0,none,baostock,query_history_k_data_plus
600006,SHSE.600006,,SH,A股-上交所,2025-07-23,7.47,7.55,7.37,7.37,7.48,52871518.0,394628494.52,-1.4706,2.6436,1,0,none,baostock,query_history_k_data_plus
600006,SHSE.600006,,SH,A股-上交所,2025-07-24,7.36,7.44,7.35,7.44,7.37,35312239.0,261500424.01,0.9498,1.7656,1,0,none,baostock,query_history_k_data_plus
600006,SHSE.600006,,SH,A股-上交所,2025-07-25,7.43,7.5,7.39,7.42,7.44,30397747.0,226079744.74,-0.2688,1.5199,1,0,none,baostock,query_history_k_data_plus
600006,SHSE.600006,,SH,A股-上交所,2025-07-28,7.44,7.45,7.34,7.38,7.42,27394506.0,202345741.27,-0.5391,1.3697,1,0,none,baostock,query_history_k_data_plus
600006,SHSE.600006,,SH,A股-上交所,2025-07-29,7.36,7.38,7.25,7.33,7.38,29235681.0,213560190.37,-0.6775,1.4618,1,0,none,baostock,query_history_k_data_plus
600006,SHSE.600006,,SH,A股-上交所,2025-07-30,7.32,7.36,7.25,7.3,7.33,27288452.0,199728973.08,-0.4093,1.3644,1,0,none,baostock,query_history_k_data_plus
600006,SHSE.600006,,SH,A股-上交所,2025-07-31,7.27,7.3,7.13,7.16,7.3,30442200.0,219322477.0,-1.9178,1.5221,1,0,none,baostock,query_history_k_data_plus
600006,SHSE.600006,,SH,A股-上交所,2025-08-01,7.16,7.34,7.16,7.23,7.16,25074660.0,181421832.4,0.9777,1.2537,1,0,none,baostock,query_history_k_data_plus
600006,SHSE.600006,,SH,A股-上交所,2025-08-04,7.24,7.28,7.2,7.27,7.23,21830401.0,158013680.24,0.5533,1.0915,1,0,none,baostock,query_history_k_data_plus
600006,SHSE.600006,,SH,A股-上交所,2025-08-05,7.27,7.34,7.25,7.33,7.27,25587500.0,187081710.0,0.8253,1.2794,1,0,none,baostock,query_history_k_data_plus
600006,SHSE.600006,,SH,A股-上交所,2025-08-06,7.31,7.34,7.26,7.34,7.33,23990966.0,175318483.12,0.1364,1.1995,1,0,none,baostock,query_history_k_data_plus
600006,SHSE.600006,,SH,A股-上交所,2025-08-07,7.35,7.36,7.27,7.31,7.34,23741578.0,173499340.18,-0.4087,1.1871,1,0,none,baostock,query_history_k_data_plus
600006,SHSE.600006,,SH,A股-上交所,2025-08-08,7.28,7.44,7.25,7.36,7.31,43098134.0,316542345.43,0.684,2.1549,1,0,none,baostock,query_history_k_data_plus
600006,SHSE.600006,,SH,A股-上交所,2025-08-11,7.52,7.79,7.5,7.64,7.36,105062173.0,800972479.9,3.8043,5.2531,1,0,none,baostock,query_history_k_data_plus
600006,SHSE.600006,,SH,A股-上交所,2025-08-12,7.52,7.62,7.5,7.55,7.64,49723159.0,374972136.27,-1.178,2.4862,1,0,none,baostock,query_history_k_data_plus
600006,SHSE.600006,,SH,A股-上交所,2025-08-13,7.55,7.69,7.51,7.57,7.55,44463200.0,336920198.0,0.2649,2.2232,1,0,none,baostock,query_history_k_data_plus
600006,SHSE.600006,,SH,A股-上交所,2025-08-14,7.57,7.64,7.4,7.41,7.57,46236701.0,347271387.44,-2.1136,2.3118,1,0,none,baostock,query_history_k_data_plus
600006,SHSE.600006,,SH,A股-上交所,2025-08-15,7.37,7.75,7.36,7.72,7.41,58856165.0,445334930.49,4.1835,2.9428,1,0,none,baostock,query_history_k_data_plus
600006,SHSE.600006,,SH,A股-上交所,2025-08-18,7.69,7.73,7.63,7.67,7.72,53685804.0,411675469.9,-0.6477,2.6843,1,0,none,baostock,query_history_k_data_plus
600006,SHSE.600006,,SH,A股-上交所,2025-08-19,7.66,7.7,7.59,7.67,7.67,36495995.0,279089874.77,0.0,1.8248,1,0,none,baostock,query_history_k_data_plus
600006,SHSE.600006,,SH,A股-上交所,2025-08-20,7.64,7.96,7.59,7.89,7.67,89506029.0,699641650.18,2.8683,4.4753,1,0,none,baostock,query_history_k_data_plus
600006,SHSE.600006,,SH,A股-上交所,2025-08-21,7.89,7.95,7.81,7.93,7.89,58554530.0,461454584.9,0.507,2.9277,1,0,none,baostock,query_history_k_data_plus
600006,SHSE.600006,,SH,A股-上交所,2025-08-22,7.96,8.66,7.85,8.48,7.93,160727172.0,1338311758.46,6.9357,8.0364,1,0,none,baostock,query_history_k_data_plus
600006,SHSE.600006,,SH,A股-上交所,2025-08-25,8.54,8.94,8.16,8.28,8.48,187245139.0,1576800369.93,-2.3585,9.3623,1,0,none,baostock,query_history_k_data_plus
600006,SHSE.600006,,SH,A股-上交所,2025-08-26,8.27,8.3,7.9,7.91,8.28,123294949.0,988231165.66,-4.4686,6.1647,1,0,none,baostock,query_history_k_data_plus
600006,SHSE.600006,,SH,A股-上交所,2025-08-27,7.94,8.06,7.62,7.62,7.91,105865331.0,826805182.32,-3.6662,5.2933,1,0,none,baostock,query_history_k_data_plus
600006,SHSE.600006,,SH,A股-上交所,2025-08-28,7.63,7.67,7.37,7.61,7.62,69708375.0,525357603.87,-0.1312,3.4854,1,0,none,baostock,query_history_k_data_plus
600006,SHSE.600006,,SH,A股-上交所,2025-08-29,7.54,7.65,7.53,7.55,7.61,52157968.0,395086293.47,-0.7884,2.6079,1,0,none,baostock,query_history_k_data_plus
600006,SHSE.600006,,SH,A股-上交所,2025-09-01,7.55,7.69,7.5,7.61,7.55,44614547.0,339476928.36,0.7947,2.2307,1,0,none,baostock,query_history_k_data_plus
600006,SHSE.600006,,SH,A股-上交所,2025-09-02,7.61,7.62,7.46,7.57,7.61,37625865.0,283555284.75,-0.5256,1.8813,1,0,none,baostock,query_history_k_data_plus
600006,SHSE.600006,,SH,A股-上交所,2025-09-03,7.61,7.77,7.53,7.62,7.57,79996977.0,613490200.76,0.6605,3.9998,1,0,none,baostock,query_history_k_data_plus
600006,SHSE.600006,,SH,A股-上交所,2025-09-04,7.55,7.56,7.35,7.42,7.62,51439646.0,383219148.16,-2.6247,2.572,1,0,none,baostock,query_history_k_data_plus
600006,SHSE.600006,,SH,A股-上交所,2025-09-05,7.41,7.5,7.35,7.48,7.42,34965394.0,259851231.55,0.8086,1.7483,1,0,none,baostock,query_history_k_data_plus
600006,SHSE.600006,,SH,A股-上交所,2025-09-08,7.5,7.53,7.42,7.49,7.48,33963200.0,253700955.0,0.1337,1.6982,1,0,none,baostock,query_history_k_data_plus
600006,SHSE.600006,,SH,A股-上交所,2025-09-09,7.46,7.54,7.42,7.46,7.49,30121893.0,225263852.53,-0.4005,1.5061,1,0,none,baostock,query_history_k_data_plus
600006,SHSE.600006,,SH,A股-上交所,2025-09-10,7.44,7.5,7.43,7.46,7.46,21287417.0,158778966.48,0.0,1.0644,1,0,none,baostock,query_history_k_data_plus
600006,SHSE.600006,,SH,A股-上交所,2025-09-11,7.44,7.6,7.37,7.57,7.46,43328832.0,324701822.89,1.4745,2.1664,1,0,none,baostock,query_history_k_data_plus
600006,SHSE.600006,,SH,A股-上交所,2025-09-12,7.54,7.6,7.49,7.5,7.57,34764400.0,262174171.59,-0.9247,1.7382,1,0,none,baostock,query_history_k_data_plus
600006,SHSE.600006,,SH,A股-上交所,2025-09-15,7.53,7.63,7.51,7.59,7.5,34766848.0,263479994.73,1.2,1.7383,1,0,none,baostock,query_history_k_data_plus
600006,SHSE.600006,,SH,A股-上交所,2025-09-16,7.57,7.59,7.5,7.56,7.59,24655863.0,186026861.91,-0.3953,1.2328,1,0,none,baostock,query_history_k_data_plus
600006,SHSE.600006,,SH,A股-上交所,2025-09-17,7.56,7.57,7.51,7.54,7.56,22992532.0,173339794.56,-0.2646,1.1496,1,0,none,baostock,query_history_k_data_plus
600006,SHSE.600006,,SH,A股-上交所,2025-09-18,7.56,7.61,7.37,7.41,7.54,45593399.0,342031924.76,-1.7241,2.2797,1,0,none,baostock,query_history_k_data_plus
600006,SHSE.600006,,SH,A股-上交所,2025-09-19,7.42,7.44,7.31,7.34,7.41,27601331.0,202848887.92,-0.9447,1.3801,1,0,none,baostock,query_history_k_data_plus
600006,SHSE.600006,,SH,A股-上交所,2025-09-22,7.34,7.35,7.26,7.33,7.34,19567202.0,142819530.14,-0.1362,0.9784,1,0,none,baostock,query_history_k_data_plus
600006,SHSE.600006,,SH,A股-上交所,2025-09-23,7.34,7.86,7.16,7.65,7.33,99868334.0,756790976.79,4.3656,4.9934,1,0,none,baostock,query_history_k_data_plus
600006,SHSE.600006,,SH,A股-上交所,2025-09-24,7.53,7.77,7.5,7.71,7.65,67575690.0,515567201.8,0.7843,3.3788,1,0,none,baostock,query_history_k_data_plus
600006,SHSE.600006,,SH,A股-上交所,2025-09-25,7.65,7.73,7.61,7.66,7.71,40821750.0,312955201.0,-0.6485,2.0411,1,0,none,baostock,query_history_k_data_plus
600006,SHSE.600006,,SH,A股-上交所,2025-09-26,7.67,7.85,7.6,7.6,7.66,53115500.0,410138563.72,-0.7833,2.6558,1,0,none,baostock,query_history_k_data_plus
600006,SHSE.600006,,SH,A股-上交所,2025-09-29,7.6,7.68,7.44,7.6,7.6,39571944.0,298865548.69,0.0,1.9786,1,0,none,baostock,query_history_k_data_plus
600006,SHSE.600006,,SH,A股-上交所,2025-09-30,7.58,8.15,7.53,8.06,7.6,123261167.0,972025967.78,6.0526,6.1631,1,0,none,baostock,query_history_k_data_plus
600006,SHSE.600006,,SH,A股-上交所,2025-10-09,7.96,8.0,7.82,7.89,8.06,65314585.0,515754878.49,-2.1092,3.2657,1,0,none,baostock,query_history_k_data_plus
600006,SHSE.600006,,SH,A股-上交所,2025-10-10,7.85,7.99,7.76,7.8,7.89,52547307.0,413014011.4,-1.1407,2.6274,1,0,none,baostock,query_history_k_data_plus
600006,SHSE.600006,,SH,A股-上交所,2025-10-13,7.53,7.68,7.48,7.66,7.8,54543952.0,413483803.49,-1.7949,2.7272,1,0,none,baostock,query_history_k_data_plus
600006,SHSE.600006,,SH,A股-上交所,2025-10-14,7.64,7.76,7.56,7.57,7.66,44612584.0,341689572.54,-1.1749,2.2306,1,0,none,baostock,query_history_k_data_plus
600006,SHSE.600006,,SH,A股-上交所,2025-10-15,7.59,7.83,7.58,7.77,7.57,50436150.0,388977535.21,2.642,2.5218,1,0,none,baostock,query_history_k_data_plus
600006,SHSE.600006,,SH,A股-上交所,2025-10-16,7.74,7.85,7.68,7.7,7.77,40424346.0,312837823.29,-0.9009,2.0212,1,0,none,baostock,query_history_k_data_plus
600006,SHSE.600006,,SH,A股-上交所,2025-10-17,7.65,7.68,7.41,7.41,7.7,46178049.0,348174709.21,-3.7662,2.3089,1,0,none,baostock,query_history_k_data_plus
600006,SHSE.600006,,SH,A股-上交所,2025-10-20,7.49,7.52,7.43,7.51,7.41,22673660.0,169466408.94,1.3495,1.1337,1,0,none,baostock,query_history_k_data_plus
600006,SHSE.600006,,SH,A股-上交所,2025-10-21,7.51,7.61,7.47,7.59,7.51,26038723.0,197020820.6,1.0652,1.3019,1,0,none,baostock,query_history_k_data_plus
600006,SHSE.600006,,SH,A股-上交所,2025-10-22,7.57,7.64,7.55,7.58,7.59,21299201.0,161870013.58,-0.1318,1.065,1,0,none,baostock,query_history_k_data_plus
600006,SHSE.600006,,SH,A股-上交所,2025-10-23,7.55,7.68,7.5,7.68,7.58,26380911.0,199910971.75,1.3193,1.319,1,0,none,baostock,query_history_k_data_plus
600006,SHSE.600006,,SH,A股-上交所,2025-10-24,7.7,7.77,7.66,7.72,7.68,29350642.0,226698093.49,0.5208,1.4675,1,0,none,baostock,query_history_k_data_plus
600006,SHSE.600006,,SH,A股-上交所,2025-10-27,7.77,7.78,7.66,7.72,7.72,27222579.0,210082511.9,0.0,1.3611,1,0,none,baostock,query_history_k_data_plus
600006,SHSE.600006,,SH,A股-上交所,2025-10-28,7.7,7.74,7.65,7.66,7.72,23977848.0,184276066.87,-0.7772,1.1989,1,0,none,baostock,query_history_k_data_plus
600006,SHSE.600006,,SH,A股-上交所,2025-10-29,7.66,7.69,7.6,7.68,7.66,21442600.0,163858214.98,0.2611,1.0721,1,0,none,baostock,query_history_k_data_plus
600006,SHSE.600006,,SH,A股-上交所,2025-10-30,7.67,7.78,7.65,7.72,7.68,39357686.0,304222412.1,0.5208,1.9679,1,0,none,baostock,query_history_k_data_plus
600006,SHSE.600006,,SH,A股-上交所,2025-10-31,7.73,7.82,7.72,7.73,7.72,35893132.0,278912174.96,0.1295,1.7947,1,0,none,baostock,query_history_k_data_plus
600006,SHSE.600006,,SH,A股-上交所,2025-11-03,7.75,7.8,7.68,7.79,7.73,31070944.0,240391689.7,0.7762,1.5535,1,0,none,baostock,query_history_k_data_plus
600006,SHSE.600006,,SH,A股-上交所,2025-11-04,7.78,7.96,7.75,7.83,7.79,41616652.0,326152858.12,0.5135,2.0808,1,0,none,baostock,query_history_k_data_plus
600006,SHSE.600006,,SH,A股-上交所,2025-11-05,7.76,7.86,7.73,7.84,7.83,31797466.0,248503705.6,0.1277,1.5899,1,0,none,baostock,query_history_k_data_plus
600006,SHSE.600006,,SH,A股-上交所,2025-11-06,7.85,7.9,7.81,7.85,7.84,29573815.0,232381938.76,0.1276,1.4787,1,0,none,baostock,query_history_k_data_plus
600006,SHSE.600006,,SH,A股-上交所,2025-11-07,7.8,7.84,7.76,7.82,7.85,26129841.0,203763805.2,-0.3822,1.3065,1,0,none,baostock,query_history_k_data_plus
600006,SHSE.600006,,SH,A股-上交所,2025-11-10,7.82,7.83,7.73,7.77,7.82,25470734.0,197803504.45,-0.6394,1.2735,1,0,none,baostock,query_history_k_data_plus
600006,SHSE.600006,,SH,A股-上交所,2025-11-11,7.77,7.87,7.73,7.85,7.77,33138852.0,258482107.7,1.0296,1.6569,1,0,none,baostock,query_history_k_data_plus
600006,SHSE.600006,,SH,A股-上交所,2025-11-12,7.85,7.85,7.71,7.74,7.85,28811389.0,223872291.25,-1.4013,1.4406,1,0,none,baostock,query_history_k_data_plus
600006,SHSE.600006,,SH,A股-上交所,2025-11-13,7.73,7.92,7.68,7.9,7.74,44983536.0,352646224.85,2.0672,2.2492,1,0,none,baostock,query_history_k_data_plus
600006,SHSE.600006,,SH,A股-上交所,2025-11-14,7.89,8.01,7.86,7.9,7.9,45111424.0,357546656.1,0.0,2.2556,1,0,none,baostock,query_history_k_data_plus
600006,SHSE.600006,,SH,A股-上交所,2025-11-17,7.98,8.19,7.91,8.12,7.9,79916458.0,645500142.0,2.7848,3.9958,1,0,none,baostock,query_history_k_data_plus
600006,SHSE.600006,,SH,A股-上交所,2025-11-18,8.13,8.23,7.82,7.89,8.12,68333071.0,543664719.67,-2.8325,3.4167,1,0,none,baostock,query_history_k_data_plus
600006,SHSE.600006,,SH,A股-上交所,2025-11-19,7.85,8.02,7.8,7.91,7.89,45928873.0,363303469.63,0.2535,2.2964,1,0,none,baostock,query_history_k_data_plus
600006,SHSE.600006,,SH,A股-上交所,2025-11-20,7.96,7.96,7.67,7.69,7.91,47383351.0,367175475.03,-2.7813,2.3692,1,0,none,baostock,query_history_k_data_plus
600006,SHSE.600006,,SH,A股-上交所,2025-11-21,7.58,7.64,7.35,7.35,7.69,47429700.0,354473549.2,-4.4213,2.3715,1,0,none,baostock,query_history_k_data_plus
600006,SHSE.600006,,SH,A股-上交所,2025-11-24,7.39,7.58,7.31,7.49,7.35,34571671.0,257432717.46,1.9048,1.7286,1,0,none,baostock,query_history_k_data_plus
600006,SHSE.600006,,SH,A股-上交所,2025-11-25,7.52,7.53,7.44,7.45,7.49,30779127.0,230028403.16,-0.534,1.539,1,0,none,baostock,query_history_k_data_plus
600006,SHSE.600006,,SH,A股-上交所,2025-11-26,7.46,7.47,7.35,7.36,7.45,25803301.0,190627275.42,-1.2081,1.2902,1,0,none,baostock,query_history_k_data_plus
600006,SHSE.600006,,SH,A股-上交所,2025-11-27,7.35,7.42,7.3,7.33,7.36,17749800.0,130605123.0,-0.4076,0.8875,1,0,none,baostock,query_history_k_data_plus
600006,SHSE.600006,,SH,A股-上交所,2025-11-28,7.34,7.45,7.32,7.43,7.33,20485709.0,151529260.71,1.3643,1.0243,1,0,none,baostock,query_history_k_data_plus
600006,SHSE.600006,,SH,A股-上交所,2025-12-01,7.43,7.47,7.41,7.46,7.43,16351241.0,121771996.63,0.4038,0.8176,1,0,none,baostock,query_history_k_data_plus
600006,SHSE.600006,,SH,A股-上交所,2025-12-02,7.46,7.46,7.4,7.42,7.46,12304449.0,91331826.86,-0.5362,0.6152,1,0,none,baostock,query_history_k_data_plus
600006,SHSE.600006,,SH,A股-上交所,2025-12-03,7.42,7.44,7.33,7.37,7.42,18025800.0,132846536.0,-0.6739,0.9013,1,0,none,baostock,query_history_k_data_plus
600006,SHSE.600006,,SH,A股-上交所,2025-12-04,7.37,7.39,7.23,7.25,7.37,19810712.0,144296491.88,-1.6282,0.9905,1,0,none,baostock,query_history_k_data_plus
600006,SHSE.600006,,SH,A股-上交所,2025-12-05,7.28,7.37,7.21,7.37,7.25,17736804.0,129540984.28,1.6552,0.8868,1,0,none,baostock,query_history_k_data_plus
600006,SHSE.600006,,SH,A股-上交所,2025-12-08,7.35,7.4,7.34,7.36,7.37,18232581.0,134283017.58,-0.1357,0.9116,1,0,none,baostock,query_history_k_data_plus
600006,SHSE.600006,,SH,A股-上交所,2025-12-09,7.33,7.35,7.24,7.25,7.36,19060200.0,138777071.0,-1.4946,0.953,1,0,none,baostock,query_history_k_data_plus
600006,SHSE.600006,,SH,A股-上交所,2025-12-10,7.23,7.28,7.19,7.27,7.25,16794400.0,121362137.0,0.2759,0.8397,1,0,none,baostock,query_history_k_data_plus
600006,SHSE.600006,,SH,A股-上交所,2025-12-11,7.28,7.28,7.1,7.1,7.27,23872886.0,170986921.85,-2.3384,1.1936,1,0,none,baostock,query_history_k_data_plus
600006,SHSE.600006,,SH,A股-上交所,2025-12-12,7.1,7.16,7.08,7.12,7.1,11748124.0,83789087.4,0.2817,0.5874,1,0,none,baostock,query_history_k_data_plus
600006,SHSE.600006,,SH,A股-上交所,2025-12-15,7.09,7.15,7.07,7.1,7.12,10352187.0,73599520.83,-0.2809,0.5176,1,0,none,baostock,query_history_k_data_plus
600006,SHSE.600006,,SH,A股-上交所,2025-12-16,7.15,7.24,7.03,7.13,7.1,22911700.0,163294291.0,0.4225,1.1456,1,0,none,baostock,query_history_k_data_plus
600006,SHSE.600006,,SH,A股-上交所,2025-12-17,7.06,7.15,7.05,7.13,7.13,15147866.0,107494011.6,0.0,0.7574,1,0,none,baostock,query_history_k_data_plus
600006,SHSE.600006,,SH,A股-上交所,2025-12-18,7.11,7.17,7.09,7.15,7.13,13777494.0,98475416.62,0.2805,0.6889,1,0,none,baostock,query_history_k_data_plus
600006,SHSE.600006,,SH,A股-上交所,2025-12-19,7.17,7.24,7.14,7.22,7.15,14854919.0,107007627.97,0.979,0.7427,1,0,none,baostock,query_history_k_data_plus
600006,SHSE.600006,,SH,A股-上交所,2025-12-22,7.27,7.41,7.19,7.28,7.22,23299011.0,170208503.63,0.831,1.165,1,0,none,baostock,query_history_k_data_plus
600006,SHSE.600006,,SH,A股-上交所,2025-12-23,7.27,7.27,7.16,7.18,7.28,15377500.0,110807890.0,-1.3736,0.7689,1,0,none,baostock,query_history_k_data_plus
600006,SHSE.600006,,SH,A股-上交所,2025-12-24,7.17,7.23,7.16,7.21,7.18,9807429.0,70665800.71,0.4178,0.4904,1,0,none,baostock,query_history_k_data_plus
600006,SHSE.600006,,SH,A股-上交所,2025-12-25,7.23,7.23,7.17,7.19,7.21,11556007.0,83136339.27,-0.2774,0.5778,1,0,none,baostock,query_history_k_data_plus
600006,SHSE.600006,,SH,A股-上交所,2025-12-26,7.18,7.22,7.17,7.2,7.19,15275418.0,109972850.6,0.1391,0.7638,1,0,none,baostock,query_history_k_data_plus
600006,SHSE.600006,,SH,A股-上交所,2025-12-29,7.19,7.23,7.16,7.2,7.2,14349912.0,103376318.96,0.0,0.7175,1,0,none,baostock,query_history_k_data_plus
600006,SHSE.600006,,SH,A股-上交所,2025-12-30,7.2,7.23,7.17,7.18,7.2,11504000.0,82810807.0,-0.2778,0.5752,1,0,none,baostock,query_history_k_data_plus
600006,SHSE.600006,,SH,A股-上交所,2025-12-31,7.22,7.23,7.15,7.18,7.18,12326290.0,88598020.1,0.0,0.6163,1,0,none,baostock,query_history_k_data_plus
600006,SHSE.600006,,SH,A股-上交所,2026-01-05,7.17,7.21,7.15,7.2,7.18,16313293.0,117158928.33,0.2786,0.8157,1,0,none,baostock,query_history_k_data_plus
600006,SHSE.600006,,SH,A股-上交所,2026-01-06,7.2,7.31,7.2,7.31,7.2,24446045.0,177904021.62,1.5278,1.2223,1,0,none,baostock,query_history_k_data_plus
600006,SHSE.600006,,SH,A股-上交所,2026-01-07,7.3,7.31,7.22,7.22,7.31,20202000.0,146551300.0,-1.2312,1.0101,1,0,none,baostock,query_history_k_data_plus
600006,SHSE.600006,,SH,A股-上交所,2026-01-08,7.22,7.26,7.19,7.24,7.22,16834700.0,121659294.0,0.277,0.8417,1,0,none,baostock,query_history_k_data_plus
600006,SHSE.600006,,SH,A股-上交所,2026-01-09,7.24,7.29,7.21,7.26,7.24,22003200.0,159626837.48,0.2762,1.1002,1,0,none,baostock,query_history_k_data_plus
600006,SHSE.600006,,SH,A股-上交所,2026-01-12,7.25,7.39,7.23,7.38,7.26,35470646.0,259637243.51,1.6529,1.7735,1,0,none,baostock,query_history_k_data_plus
600006,SHSE.600006,,SH,A股-上交所,2026-01-13,7.38,7.63,7.3,7.45,7.38,58418513.0,436148416.15,0.9485,2.9209,1,0,none,baostock,query_history_k_data_plus
600006,SHSE.600006,,SH,A股-上交所,2026-01-14,7.36,7.5,7.32,7.37,7.45,41826484.0,310082418.29,-1.0738,2.0913,1,0,none,baostock,query_history_k_data_plus
600006,SHSE.600006,,SH,A股-上交所,2026-01-15,7.37,7.47,7.34,7.44,7.37,25482592.0,188913830.88,0.9498,1.2741,1,0,none,baostock,query_history_k_data_plus
600006,SHSE.600006,,SH,A股-上交所,2026-01-16,7.46,7.47,7.3,7.34,7.44,26644774.0,196063257.16,-1.3441,1.3322,1,0,none,baostock,query_history_k_data_plus
600006,SHSE.600006,,SH,A股-上交所,2026-01-19,7.35,7.41,7.34,7.37,7.34,20355201.0,150038299.1,0.4087,1.0178,1,0,none,baostock,query_history_k_data_plus
600006,SHSE.600006,,SH,A股-上交所,2026-01-20,7.36,7.39,7.28,7.31,7.37,18123624.0,132660328.48,-0.8141,0.9062,1,0,none,baostock,query_history_k_data_plus
600006,SHSE.600006,,SH,A股-上交所,2026-01-21,7.28,7.34,7.25,7.28,7.31,17340706.0,126507770.31,-0.4104,0.867,1,0,none,baostock,query_history_k_data_plus
600006,SHSE.600006,,SH,A股-上交所,2026-01-22,7.3,7.37,7.29,7.35,7.28,18481785.0,135395657.27,0.9615,0.9241,1,0,none,baostock,query_history_k_data_plus
600006,SHSE.600006,,SH,A股-上交所,2026-01-23,7.24,7.26,7.09,7.24,7.35,51101019.0,367148178.66,-1.4966,2.5551,1,0,none,baostock,query_history_k_data_plus
600006,SHSE.600006,,SH,A股-上交所,2026-01-26,7.23,7.25,7.09,7.12,7.24,32691134.0,233518120.75,-1.6575,1.6346,1,0,none,baostock,query_history_k_data_plus
600006,SHSE.600006,,SH,A股-上交所,2026-01-27,7.1,7.13,6.97,7.03,7.12,27985121.0,196450098.63,-1.264,1.3993,1,0,none,baostock,query_history_k_data_plus
600006,SHSE.600006,,SH,A股-上交所,2026-01-28,7.03,7.03,6.91,6.95,7.03,21147002.0,147001891.84,-1.138,1.0574,1,0,none,baostock,query_history_k_data_plus
600006,SHSE.600006,,SH,A股-上交所,2026-01-29,6.92,7.0,6.86,6.99,6.95,23271633.0,161302838.28,0.5755,1.1636,1,0,none,baostock,query_history_k_data_plus
600006,SHSE.600006,,SH,A股-上交所,2026-01-30,6.97,7.0,6.88,6.93,6.99,18691355.0,129583419.63,-0.8584,0.9346,1,0,none,baostock,query_history_k_data_plus
600006,SHSE.600006,,SH,A股-上交所,2026-02-02,6.91,6.93,6.81,6.82,6.93,15737684.0,108287337.84,-1.5873,0.7869,1,0,none,baostock,query_history_k_data_plus
600006,SHSE.600006,,SH,A股-上交所,2026-02-03,6.86,6.88,6.82,6.87,6.82,10864704.0,74514055.39,0.7331,0.5432,1,0,none,baostock,query_history_k_data_plus
600006,SHSE.600006,,SH,A股-上交所,2026-02-04,6.86,6.97,6.83,6.96,6.87,14028875.0,96930735.0,1.31,0.7014,1,0,none,baostock,query_history_k_data_plus
600006,SHSE.600006,,SH,A股-上交所,2026-02-05,6.93,6.96,6.9,6.92,6.96,13089568.0,90680099.65,-0.5747,0.6545,1,0,none,baostock,query_history_k_data_plus
600006,SHSE.600006,,SH,A股-上交所,2026-02-06,6.93,6.96,6.9,6.91,6.92,12817900.0,88833557.97,-0.1445,0.6409,1,0,none,baostock,query_history_k_data_plus
600006,SHSE.600006,,SH,A股-上交所,2026-02-09,6.94,6.96,6.92,6.95,6.91,11084765.0,76923263.39,0.5789,0.5542,1,0,none,baostock,query_history_k_data_plus
600006,SHSE.600006,,SH,A股-上交所,2026-02-10,6.95,6.95,6.92,6.92,6.95,9783102.0,67807388.84,-0.4317,0.4892,1,0,none,baostock,query_history_k_data_plus
600006,SHSE.600006,,SH,A股-上交所,2026-02-11,6.93,6.95,6.9,6.91,6.92,9420237.0,65245635.78,-0.1445,0.471,1,0,none,baostock,query_history_k_data_plus
600006,SHSE.600006,,SH,A股-上交所,2026-02-12,6.92,6.94,6.84,6.85,6.91,12457800.0,85588214.0,-0.8683,0.6229,1,0,none,baostock,query_history_k_data_plus
600006,SHSE.600006,,SH,A股-上交所,2026-02-13,6.85,6.94,6.83,6.87,6.85,16531800.0,113787639.0,0.292,0.8266,1,0,none,baostock,query_history_k_data_plus
600006,SHSE.600006,,SH,A股-上交所,2026-02-24,6.9,6.96,6.9,6.95,6.87,13495320.0,93548143.48,1.1645,0.6748,1,0,none,baostock,query_history_k_data_plus
600006,SHSE.600006,,SH,A股-上交所,2026-02-25,6.95,7.0,6.94,6.96,6.95,16315984.0,113856977.88,0.1439,0.8158,1,0,none,baostock,query_history_k_data_plus
600006,SHSE.600006,,SH,A股-上交所,2026-02-26,6.97,6.98,6.9,6.91,6.96,13535801.0,93712503.9,-0.7184,0.6768,1,0,none,baostock,query_history_k_data_plus
600006,SHSE.600006,,SH,A股-上交所,2026-02-27,6.9,6.96,6.88,6.94,6.91,10914541.0,75587418.07,0.4342,0.5457,1,0,none,baostock,query_history_k_data_plus
600006,SHSE.600006,,SH,A股-上交所,2026-03-02,6.9,6.9,6.8,6.83,6.94,18266173.0,125064207.99,-1.585,0.9133,1,0,none,baostock,query_history_k_data_plus
600006,SHSE.600006,,SH,A股-上交所,2026-03-03,6.83,6.85,6.66,6.69,6.83,22660709.0,152764970.86,-2.0498,1.133,1,0,none,baostock,query_history_k_data_plus
600006,SHSE.600006,,SH,A股-上交所,2026-03-04,6.65,7.05,6.51,6.86,6.69,34679116.0,232620517.91,2.5411,1.734,1,0,none,baostock,query_history_k_data_plus
600006,SHSE.600006,,SH,A股-上交所,2026-03-05,6.88,6.93,6.76,6.78,6.86,20377111.0,139219252.75,-1.1662,1.0189,1,0,none,baostock,query_history_k_data_plus
600006,SHSE.600006,,SH,A股-上交所,2026-03-06,6.75,6.82,6.74,6.78,6.78,9788560.0,66420699.0,0.0,0.4894,1,0,none,baostock,query_history_k_data_plus
600006,SHSE.600006,,SH,A股-上交所,2026-03-09,6.75,6.75,6.67,6.71,6.78,13948410.0,93438504.31,-1.0324,0.6974,1,0,none,baostock,query_history_k_data_plus
600006,SHSE.600006,,SH,A股-上交所,2026-03-10,6.73,6.94,6.72,6.88,6.71,23425466.0,160250013.7,2.5335,1.1713,1,0,none,baostock,query_history_k_data_plus
600006,SHSE.600006,,SH,A股-上交所,2026-03-11,6.93,7.01,6.87,6.99,6.88,23874025.0,165867198.32,1.5988,1.1937,1,0,none,baostock,query_history_k_data_plus
600006,SHSE.600006,,SH,A股-上交所,2026-03-12,7.0,7.0,6.92,6.94,6.99,14044243.0,97573021.66,-0.7153,0.7022,1,0,none,baostock,query_history_k_data_plus
600006,SHSE.600006,,SH,A股-上交所,2026-03-13,6.9,6.98,6.89,6.9,6.94,14876023.0,103134977.2,-0.5764,0.7438,1,0,none,baostock,query_history_k_data_plus
600006,SHSE.600006,,SH,A股-上交所,2026-03-16,6.9,7.04,6.83,6.98,6.9,18648000.0,129419685.18,1.1594,0.9324,1,0,none,baostock,query_history_k_data_plus
600006,SHSE.600006,,SH,A股-上交所,2026-03-17,7.0,7.12,6.94,6.95,6.98,19834201.0,139107215.96,-0.4298,0.9917,1,0,none,baostock,query_history_k_data_plus
600006,SHSE.600006,,SH,A股-上交所,2026-03-18,6.96,6.96,6.86,6.92,6.95,11813270.0,81522072.62,-0.4317,0.5907,1,0,none,baostock,query_history_k_data_plus
600006,SHSE.600006,,SH,A股-上交所,2026-03-19,6.87,6.89,6.73,6.74,6.92,15661491.0,106378121.62,-2.6012,0.7831,1,0,none,baostock,query_history_k_data_plus
600006,SHSE.600006,,SH,A股-上交所,2026-03-20,6.78,6.8,6.58,6.59,6.74,14683711.0,97907745.36,-2.2255,0.7342,1,0,none,baostock,query_history_k_data_plus
600006,SHSE.600006,,SH,A股-上交所,2026-03-23,6.5,6.55,6.18,6.22,6.59,22102163.0,140698316.05,-5.6146,1.1051,1,0,none,baostock,query_history_k_data_plus
600006,SHSE.600006,,SH,A股-上交所,2026-03-24,6.31,6.37,6.23,6.35,6.22,15079062.0,95164766.21,2.09,0.754,1,0,none,baostock,query_history_k_data_plus
600006,SHSE.600006,,SH,A股-上交所,2026-03-25,6.36,6.48,6.36,6.46,6.35,12213057.0,78599309.0,1.7323,0.6107,1,0,none,baostock,query_history_k_data_plus
600006,SHSE.600006,,SH,A股-上交所,2026-03-26,6.47,6.49,6.35,6.37,6.46,11517940.0,73991023.26,-1.3932,0.5759,1,0,none,baostock,query_history_k_data_plus
600006,SHSE.600006,,SH,A股-上交所,2026-03-27,6.3,6.39,6.29,6.39,6.37,11690539.0,74309971.43,0.314,0.5845,1,0,none,baostock,query_history_k_data_plus
600006,SHSE.600006,,SH,A股-上交所,2026-03-30,6.32,6.37,6.23,6.36,6.39,11202656.0,70658052.04,-0.4695,0.5601,1,0,none,baostock,query_history_k_data_plus
600006,SHSE.600006,,SH,A股-上交所,2026-03-31,6.37,6.48,6.35,6.37,6.36,12322810.0,79086514.78,0.1572,0.6161,1,0,none,baostock,query_history_k_data_plus
600006,SHSE.600006,,SH,A股-上交所,2026-04-01,6.43,6.45,6.37,6.39,6.37,7978534.0,51070126.16,0.314,0.3989,1,0,none,baostock,query_history_k_data_plus
600006,SHSE.600006,,SH,A股-上交所,2026-04-02,6.39,6.4,6.27,6.29,6.39,9233200.0,58414457.0,-1.5649,0.4617,1,0,none,baostock,query_history_k_data_plus
600006,SHSE.600006,,SH,A股-上交所,2026-04-03,6.3,6.31,6.18,6.19,6.29,9811100.0,61008454.0,-1.5898,0.4906,1,0,none,baostock,query_history_k_data_plus
600006,SHSE.600006,,SH,A股-上交所,2026-04-07,6.19,6.24,6.17,6.21,6.19,5601400.0,34796811.0,0.3231,0.2801,1,0,none,baostock,query_history_k_data_plus
600006,SHSE.600006,,SH,A股-上交所,2026-04-08,6.28,6.36,6.28,6.34,6.21,13456601.0,85110010.32,2.0934,0.6728,1,0,none,baostock,query_history_k_data_plus
600006,SHSE.600006,,SH,A股-上交所,2026-04-09,6.3,6.33,6.25,6.25,6.34,9913681.0,62234085.06,-1.4196,0.4957,1,0,none,baostock,query_history_k_data_plus
600006,SHSE.600006,,SH,A股-上交所,2026-04-10,6.27,6.41,6.26,6.38,6.25,15783800.0,100421627.0,2.08,0.7892,1,0,none,baostock,query_history_k_data_plus
600006,SHSE.600006,,SH,A股-上交所,2026-04-13,6.34,6.43,6.32,6.4,6.38,11176400.0,71360012.0,0.3135,0.5588,1,0,none,baostock,query_history_k_data_plus
600006,SHSE.600006,,SH,A股-上交所,2026-04-14,6.41,6.45,6.34,6.39,6.4,9033901.0,57602470.34,-0.1563,0.4517,1,0,none,baostock,query_history_k_data_plus
600006,SHSE.600006,,SH,A股-上交所,2026-04-15,6.4,6.44,6.35,6.36,6.39,7174000.0,45857476.0,-0.4695,0.3587,1,0,none,baostock,query_history_k_data_plus
600006,SHSE.600006,,SH,A股-上交所,2026-04-16,6.37,6.42,6.36,6.38,6.36,8627349.0,55081114.65,0.3145,0.4314,1,0,none,baostock,query_history_k_data_plus
600006,SHSE.600006,,SH,A股-上交所,2026-04-17,6.39,6.4,6.32,6.39,6.38,8233297.0,52348244.96,0.1567,0.4117,1,0,none,baostock,query_history_k_data_plus
