code,symbol,name,market,asset_type,date,open,high,low,close,preclose,volume,amount,pct_chg,turnover,trade_status,is_st,adjust,provider,source_function
600084,SHSE.600084,,SH,A股-上交所,2020-05-12,2.39,2.43,2.37,2.41,2.39,3122510.0,7472409.0,0.8368,0.2779,1,1,none,baostock,query_history_k_data_plus
600084,SHSE.600084,,SH,A股-上交所,2020-05-13,2.4,2.47,2.38,2.44,2.41,3561607.0,8682140.0,1.2448,0.3169,1,1,none,baostock,query_history_k_data_plus
600084,SHSE.600084,,SH,A股-上交所,2020-05-14,2.43,2.45,2.39,2.4,2.44,3701161.0,8936173.0,-1.6393,0.3294,1,1,none,baostock,query_history_k_data_plus
600084,SHSE.600084,,SH,A股-上交所,2020-05-15,2.4,2.41,2.36,2.36,2.4,3138642.0,7475279.0,-1.6667,0.2793,1,1,none,baostock,query_history_k_data_plus
600084,SHSE.600084,,SH,A股-上交所,2020-05-18,2.32,2.33,2.24,2.26,2.36,11027788.0,24983339.0,-4.2373,0.9814,1,1,none,baostock,query_history_k_data_plus
600084,SHSE.600084,,SH,A股-上交所,2020-05-19,2.25,2.27,2.23,2.24,2.26,3962562.0,8893698.0,-0.885,0.3526,1,1,none,baostock,query_history_k_data_plus
600084,SHSE.600084,,SH,A股-上交所,2020-05-20,2.25,2.28,2.25,2.26,2.24,3170801.0,7176473.0,0.8929,0.2822,1,1,none,baostock,query_history_k_data_plus
600084,SHSE.600084,,SH,A股-上交所,2020-05-21,2.27,2.27,2.15,2.17,2.26,6827100.0,14981190.0,-3.9823,0.6075,1,1,none,baostock,query_history_k_data_plus
600084,SHSE.600084,,SH,A股-上交所,2020-05-22,2.17,2.17,2.09,2.12,2.17,4662761.0,9861531.0,-2.3042,0.4149,1,1,none,baostock,query_history_k_data_plus
600084,SHSE.600084,,SH,A股-上交所,2020-05-25,2.12,2.12,2.08,2.1,2.12,2446099.0,5140601.0,-0.9434,0.2177,1,1,none,baostock,query_history_k_data_plus
600084,SHSE.600084,,SH,A股-上交所,2020-05-26,2.1,2.16,2.1,2.16,2.1,2978257.0,6368305.0,2.8572,0.265,1,1,none,baostock,query_history_k_data_plus
600084,SHSE.600084,,SH,A股-上交所,2020-05-27,2.16,2.21,2.16,2.2,2.16,2372601.0,5200432.0,1.8518,0.2111,1,1,none,baostock,query_history_k_data_plus
600084,SHSE.600084,,SH,A股-上交所,2020-05-28,2.21,2.21,2.17,2.17,2.2,1884075.0,4116127.0,-1.3636,0.1677,1,1,none,baostock,query_history_k_data_plus
600084,SHSE.600084,,SH,A股-上交所,2020-05-29,2.17,2.23,2.15,2.22,2.17,2373100.0,5235518.0,2.3041,0.2112,1,1,none,baostock,query_history_k_data_plus
600084,SHSE.600084,,SH,A股-上交所,2020-06-01,2.24,2.29,2.24,2.27,2.22,3384000.0,7676563.0,2.2523,0.3011,1,1,none,baostock,query_history_k_data_plus
600084,SHSE.600084,,SH,A股-上交所,2020-06-02,2.26,2.3,2.26,2.29,2.27,3048310.0,6951205.0,0.8811,0.2713,1,1,none,baostock,query_history_k_data_plus
600084,SHSE.600084,,SH,A股-上交所,2020-06-03,2.29,2.31,2.27,2.28,2.29,3794402.0,8692795.0,-0.4367,0.3377,1,1,none,baostock,query_history_k_data_plus
600084,SHSE.600084,,SH,A股-上交所,2020-06-04,2.28,2.32,2.28,2.31,2.28,3635001.0,8359484.0,1.3158,0.3235,1,1,none,baostock,query_history_k_data_plus
600084,SHSE.600084,,SH,A股-上交所,2020-06-05,2.32,2.35,2.3,2.33,2.31,2441172.0,5689756.0,0.8658,0.2172,1,1,none,baostock,query_history_k_data_plus
600084,SHSE.600084,,SH,A股-上交所,2020-06-08,2.32,2.44,2.32,2.38,2.33,7417443.0,17882410.0,2.1459,0.6601,1,1,none,baostock,query_history_k_data_plus
600084,SHSE.600084,,SH,A股-上交所,2020-06-09,2.38,2.42,2.37,2.38,2.38,2911002.0,6974407.0,0.0,0.259,1,1,none,baostock,query_history_k_data_plus
600084,SHSE.600084,,SH,A股-上交所,2020-06-10,2.4,2.4,2.33,2.38,2.38,3245200.0,7662545.0,0.0,0.2888,1,1,none,baostock,query_history_k_data_plus
600084,SHSE.600084,,SH,A股-上交所,2020-06-11,2.37,2.38,2.33,2.37,2.38,2634900.0,6201727.0,-0.4202,0.2345,1,1,none,baostock,query_history_k_data_plus
600084,SHSE.600084,,SH,A股-上交所,2020-06-12,2.33,2.42,2.3,2.4,2.37,4299400.0,10192669.0,1.2658,0.3826,1,1,none,baostock,query_history_k_data_plus
600084,SHSE.600084,,SH,A股-上交所,2020-06-15,2.4,2.42,2.37,2.39,2.4,2680579.0,6395961.0,-0.4167,0.2385,1,1,none,baostock,query_history_k_data_plus
600084,SHSE.600084,,SH,A股-上交所,2020-06-16,2.39,2.41,2.38,2.4,2.39,2009800.0,4814932.0,0.4184,0.1789,1,1,none,baostock,query_history_k_data_plus
600084,SHSE.600084,,SH,A股-上交所,2020-06-17,2.38,2.4,2.35,2.38,2.4,3170800.0,7537162.0,-0.8333,0.2822,1,1,none,baostock,query_history_k_data_plus
600084,SHSE.600084,,SH,A股-上交所,2020-06-18,2.36,2.38,2.36,2.37,2.38,2058797.0,4877009.0,-0.4202,0.1832,1,1,none,baostock,query_history_k_data_plus
600084,SHSE.600084,,SH,A股-上交所,2020-06-19,2.37,2.38,2.35,2.37,2.37,2927286.0,6922170.0,0.0,0.2605,1,1,none,baostock,query_history_k_data_plus
600084,SHSE.600084,,SH,A股-上交所,2020-06-22,2.36,2.38,2.33,2.36,2.37,3084700.0,7249257.0,-0.4219,0.2745,1,1,none,baostock,query_history_k_data_plus
600084,SHSE.600084,,SH,A股-上交所,2020-06-23,2.34,2.36,2.33,2.33,2.36,2735202.0,6401022.0,-1.2712,0.2434,1,1,none,baostock,query_history_k_data_plus
600084,SHSE.600084,,SH,A股-上交所,2020-06-24,2.33,2.36,2.32,2.35,2.33,1478901.0,3464270.0,0.8584,0.1316,1,1,none,baostock,query_history_k_data_plus
600084,SHSE.600084,,SH,A股-上交所,2020-06-29,2.34,2.43,2.32,2.39,2.35,3936072.0,9342808.0,1.7021,0.3503,1,1,none,baostock,query_history_k_data_plus
600084,SHSE.600084,,SH,A股-上交所,2020-06-30,2.38,2.39,2.35,2.36,2.39,2547075.0,6028807.0,-1.2552,0.2267,1,1,none,baostock,query_history_k_data_plus
600084,SHSE.600084,,SH,A股-上交所,2020-07-01,2.35,2.39,2.34,2.36,2.36,3047600.0,7186649.0,0.0,0.2712,1,1,none,baostock,query_history_k_data_plus
600084,SHSE.600084,,SH,A股-上交所,2020-07-02,2.36,2.41,2.35,2.38,2.36,5717386.0,13630592.0,0.8475,0.5088,1,1,none,baostock,query_history_k_data_plus
600084,SHSE.600084,,SH,A股-上交所,2020-07-03,2.36,2.4,2.36,2.4,2.38,4950700.0,11806949.0,0.8403,0.4406,1,1,none,baostock,query_history_k_data_plus
600084,SHSE.600084,,SH,A股-上交所,2020-07-06,2.4,2.47,2.39,2.44,2.4,8771340.0,21358883.0,1.6667,0.7806,1,1,none,baostock,query_history_k_data_plus
600084,SHSE.600084,,SH,A股-上交所,2020-07-07,2.44,2.48,2.43,2.45,2.44,7185361.0,17676575.0,0.4098,0.6394,1,1,none,baostock,query_history_k_data_plus
600084,SHSE.600084,,SH,A股-上交所,2020-07-08,2.44,2.52,2.42,2.48,2.45,9364450.0,23206997.0,1.2245,0.8333,1,1,none,baostock,query_history_k_data_plus
600084,SHSE.600084,,SH,A股-上交所,2020-07-09,2.48,2.49,2.45,2.48,2.48,7295610.0,18000515.0,0.0,0.6492,1,1,none,baostock,query_history_k_data_plus
600084,SHSE.600084,,SH,A股-上交所,2020-07-10,2.47,2.49,2.43,2.46,2.48,7403616.0,18179009.0,-0.8065,0.6588,1,1,none,baostock,query_history_k_data_plus
600084,SHSE.600084,,SH,A股-上交所,2020-07-13,2.45,2.53,2.43,2.5,2.46,7523100.0,18567517.0,1.626,0.6695,1,1,none,baostock,query_history_k_data_plus
600084,SHSE.600084,,SH,A股-上交所,2020-07-14,2.49,2.51,2.47,2.5,2.5,6184904.0,15415026.0,0.0,0.5504,1,1,none,baostock,query_history_k_data_plus
600084,SHSE.600084,,SH,A股-上交所,2020-07-15,2.5,2.51,2.44,2.47,2.5,7427638.0,18330460.0,-1.2,0.661,1,1,none,baostock,query_history_k_data_plus
600084,SHSE.600084,,SH,A股-上交所,2020-07-16,2.46,2.47,2.4,2.41,2.47,4798602.0,11715974.0,-2.4291,0.427,1,1,none,baostock,query_history_k_data_plus
600084,SHSE.600084,,SH,A股-上交所,2020-07-17,2.41,2.47,2.38,2.45,2.41,6294800.0,15241810.0,1.6597,0.5602,1,1,none,baostock,query_history_k_data_plus
600084,SHSE.600084,,SH,A股-上交所,2020-07-20,2.44,2.5,2.42,2.49,2.45,3889806.0,9591060.0,1.6327,0.3462,1,1,none,baostock,query_history_k_data_plus
600084,SHSE.600084,,SH,A股-上交所,2020-07-21,2.49,2.52,2.47,2.47,2.49,3224711.0,8015586.16,-0.8032,0.287,1,1,none,baostock,query_history_k_data_plus
600084,SHSE.600084,,SH,A股-上交所,2020-07-22,2.47,2.48,2.44,2.46,2.47,3900786.0,9598471.56,-0.4049,0.3471,1,1,none,baostock,query_history_k_data_plus
600084,SHSE.600084,,SH,A股-上交所,2020-07-23,2.45,2.45,2.39,2.43,2.46,4005352.0,9685488.89,-1.2195,0.3564,1,1,none,baostock,query_history_k_data_plus
600084,SHSE.600084,,SH,A股-上交所,2020-07-24,2.4,2.46,2.4,2.42,2.43,4993400.0,12095286.71,-0.4115,0.4444,1,1,none,baostock,query_history_k_data_plus
600084,SHSE.600084,,SH,A股-上交所,2020-07-27,2.41,2.43,2.4,2.42,2.42,2206582.0,5315977.8,0.0,0.1964,1,1,none,baostock,query_history_k_data_plus
600084,SHSE.600084,,SH,A股-上交所,2020-07-28,2.43,2.45,2.41,2.42,2.42,2475911.0,6014618.72,0.0,0.2203,1,1,none,baostock,query_history_k_data_plus
600084,SHSE.600084,,SH,A股-上交所,2020-07-29,2.42,2.45,2.4,2.44,2.42,3183114.0,7717494.6,0.8264,0.2833,1,1,none,baostock,query_history_k_data_plus
600084,SHSE.600084,,SH,A股-上交所,2020-07-30,2.43,2.44,2.4,2.4,2.44,3650680.0,8814113.0,-1.6393,0.3249,1,1,none,baostock,query_history_k_data_plus
600084,SHSE.600084,,SH,A股-上交所,2020-07-31,2.4,2.42,2.35,2.42,2.4,6623210.0,15801981.7,0.8333,0.5894,1,1,none,baostock,query_history_k_data_plus
600084,SHSE.600084,,SH,A股-上交所,2020-08-03,2.4,2.42,2.38,2.41,2.42,7493210.0,17971912.8,-0.4132,0.6668,1,1,none,baostock,query_history_k_data_plus
600084,SHSE.600084,,SH,A股-上交所,2020-08-04,2.41,2.42,2.38,2.39,2.41,4332581.0,10372437.49,-0.8299,0.3856,1,1,none,baostock,query_history_k_data_plus
600084,SHSE.600084,,SH,A股-上交所,2020-08-05,2.38,2.51,2.38,2.49,2.39,12895448.0,31785019.85,4.1841,1.1476,1,1,none,baostock,query_history_k_data_plus
600084,SHSE.600084,,SH,A股-上交所,2020-08-06,2.49,2.51,2.45,2.47,2.49,4180000.0,10319291.0,-0.8032,0.372,1,1,none,baostock,query_history_k_data_plus
600084,SHSE.600084,,SH,A股-上交所,2020-08-07,2.47,2.47,2.43,2.46,2.47,4082202.0,9998842.9,-0.4049,0.3633,1,1,none,baostock,query_history_k_data_plus
600084,SHSE.600084,,SH,A股-上交所,2020-08-10,2.45,2.47,2.42,2.45,2.46,4567443.0,11133782.49,-0.4065,0.4065,1,1,none,baostock,query_history_k_data_plus
600084,SHSE.600084,,SH,A股-上交所,2020-08-11,2.44,2.47,2.43,2.43,2.45,3596644.0,8825074.95,-0.8163,0.3201,1,1,none,baostock,query_history_k_data_plus
600084,SHSE.600084,,SH,A股-上交所,2020-08-12,2.43,2.45,2.41,2.44,2.43,3398300.0,8254917.0,0.4115,0.3024,1,1,none,baostock,query_history_k_data_plus
600084,SHSE.600084,,SH,A股-上交所,2020-08-13,2.44,2.47,2.43,2.45,2.44,2942200.0,7213204.0,0.4098,0.2618,1,1,none,baostock,query_history_k_data_plus
600084,SHSE.600084,,SH,A股-上交所,2020-08-14,2.45,2.53,2.43,2.49,2.45,7178010.0,17794311.5,1.6327,0.6388,1,1,none,baostock,query_history_k_data_plus
600084,SHSE.600084,,SH,A股-上交所,2020-08-17,2.48,2.52,2.46,2.49,2.49,5143400.0,12790192.55,0.0,0.4577,1,1,none,baostock,query_history_k_data_plus
600084,SHSE.600084,,SH,A股-上交所,2020-08-18,2.49,2.52,2.48,2.5,2.49,5111110.0,12765813.89,0.4016,0.4548,1,1,none,baostock,query_history_k_data_plus
600084,SHSE.600084,,SH,A股-上交所,2020-08-19,2.54,2.63,2.53,2.63,2.5,19751289.0,51508700.7,5.2,1.7577,1,1,none,baostock,query_history_k_data_plus
600084,SHSE.600084,,SH,A股-上交所,2020-08-20,2.57,2.63,2.51,2.54,2.63,12369442.0,31854764.36,-3.4221,1.1008,1,1,none,baostock,query_history_k_data_plus
600084,SHSE.600084,,SH,A股-上交所,2020-08-21,2.54,2.67,2.54,2.63,2.54,15003941.0,39536347.19,3.5433,1.3352,1,1,none,baostock,query_history_k_data_plus
600084,SHSE.600084,,SH,A股-上交所,2020-08-24,2.61,2.76,2.59,2.76,2.63,13376065.0,36535875.08,4.943,1.1903,1,1,none,baostock,query_history_k_data_plus
600084,SHSE.600084,,SH,A股-上交所,2020-08-25,2.7,2.74,2.62,2.62,2.76,12805900.0,34000579.25,-5.0725,1.1396,1,1,none,baostock,query_history_k_data_plus
600084,SHSE.600084,,SH,A股-上交所,2020-08-26,2.55,2.59,2.49,2.54,2.62,10958348.0,27733995.96,-3.0534,0.9752,1,1,none,baostock,query_history_k_data_plus
600084,SHSE.600084,,SH,A股-上交所,2020-08-27,2.53,2.63,2.52,2.58,2.54,5962376.0,15353217.83,1.5748,0.5306,1,1,none,baostock,query_history_k_data_plus
600084,SHSE.600084,,SH,A股-上交所,2020-08-28,2.55,2.64,2.54,2.6,2.58,3474801.0,9019207.57,0.7752,0.3092,1,1,none,baostock,query_history_k_data_plus
600084,SHSE.600084,,SH,A股-上交所,2020-08-31,2.61,2.62,2.55,2.58,2.6,4912323.0,12667093.66,-0.7692,0.4371,1,1,none,baostock,query_history_k_data_plus
600084,SHSE.600084,,SH,A股-上交所,2020-09-01,2.56,2.58,2.53,2.56,2.58,3626000.0,9248716.0,-0.7752,0.3227,1,1,none,baostock,query_history_k_data_plus
600084,SHSE.600084,,SH,A股-上交所,2020-09-02,2.55,2.57,2.53,2.53,2.56,3567488.0,9076955.64,-1.1719,0.3175,1,1,none,baostock,query_history_k_data_plus
600084,SHSE.600084,,SH,A股-上交所,2020-09-03,2.53,2.62,2.53,2.56,2.53,3932122.0,10095368.54,1.1858,0.3499,1,1,none,baostock,query_history_k_data_plus
600084,SHSE.600084,,SH,A股-上交所,2020-09-04,2.54,2.59,2.51,2.55,2.56,3706201.0,9464570.56,-0.3906,0.3298,1,1,none,baostock,query_history_k_data_plus
600084,SHSE.600084,,SH,A股-上交所,2020-09-07,2.55,2.59,2.54,2.54,2.55,2925210.0,7490577.5,-0.3922,0.2603,1,1,none,baostock,query_history_k_data_plus
600084,SHSE.600084,,SH,A股-上交所,2020-09-08,2.54,2.59,2.5,2.57,2.54,5275500.0,13380294.7,1.1811,0.4695,1,1,none,baostock,query_history_k_data_plus
600084,SHSE.600084,,SH,A股-上交所,2020-09-09,2.54,2.56,2.52,2.53,2.57,4739700.0,12051999.0,-1.5564,0.4218,1,1,none,baostock,query_history_k_data_plus
600084,SHSE.600084,,SH,A股-上交所,2020-09-10,2.53,2.55,2.4,2.43,2.53,6678101.0,16596635.48,-3.9526,0.5943,1,1,none,baostock,query_history_k_data_plus
600084,SHSE.600084,,SH,A股-上交所,2020-09-11,2.41,2.47,2.4,2.46,2.43,3375301.0,8210769.42,1.2346,0.3004,1,1,none,baostock,query_history_k_data_plus
600084,SHSE.600084,,SH,A股-上交所,2020-09-14,2.45,2.48,2.44,2.46,2.46,1987300.0,4882325.0,0.0,0.1768,1,1,none,baostock,query_history_k_data_plus
600084,SHSE.600084,,SH,A股-上交所,2020-09-15,2.46,2.48,2.44,2.46,2.46,1702390.0,4185671.4,0.0,0.1515,1,1,none,baostock,query_history_k_data_plus
600084,SHSE.600084,,SH,A股-上交所,2020-09-16,2.45,2.47,2.43,2.45,2.46,1457501.0,3569276.45,-0.4065,0.1297,1,1,none,baostock,query_history_k_data_plus
600084,SHSE.600084,,SH,A股-上交所,2020-09-17,2.46,2.46,2.44,2.45,2.45,1614594.0,3947880.36,0.0,0.1437,1,1,none,baostock,query_history_k_data_plus
600084,SHSE.600084,,SH,A股-上交所,2020-09-18,2.45,2.45,2.39,2.43,2.45,5299311.0,12806941.3,-0.8163,0.4716,1,1,none,baostock,query_history_k_data_plus
600084,SHSE.600084,,SH,A股-上交所,2020-09-21,2.43,2.44,2.39,2.42,2.43,3200530.0,7692192.45,-0.4115,0.2848,1,1,none,baostock,query_history_k_data_plus
600084,SHSE.600084,,SH,A股-上交所,2020-09-22,2.4,2.41,2.38,2.4,2.42,1469800.0,3521448.0,-0.8264,0.1308,1,1,none,baostock,query_history_k_data_plus
600084,SHSE.600084,,SH,A股-上交所,2020-09-23,2.41,2.42,2.39,2.41,2.4,1650200.0,3964878.0,0.4167,0.1469,1,1,none,baostock,query_history_k_data_plus
600084,SHSE.600084,,SH,A股-上交所,2020-09-24,2.42,2.42,2.32,2.35,2.41,2711800.0,6409501.0,-2.4896,0.2413,1,1,none,baostock,query_history_k_data_plus
600084,SHSE.600084,,SH,A股-上交所,2020-09-25,2.35,2.36,2.31,2.33,2.35,1875000.0,4377651.0,-0.8511,0.1669,1,1,none,baostock,query_history_k_data_plus
600084,SHSE.600084,,SH,A股-上交所,2020-09-28,2.33,2.35,2.28,2.3,2.33,1821500.0,4211886.0,-1.2876,0.1621,1,1,none,baostock,query_history_k_data_plus
600084,SHSE.600084,,SH,A股-上交所,2020-09-29,2.3,2.3,2.19,2.27,2.3,5148189.0,11601080.89,-1.3043,0.4581,1,1,none,baostock,query_history_k_data_plus
600084,SHSE.600084,,SH,A股-上交所,2020-09-30,2.26,2.27,2.22,2.23,2.27,2498610.0,5594625.3,-1.7621,0.2224,1,1,none,baostock,query_history_k_data_plus
600084,SHSE.600084,,SH,A股-上交所,2020-10-09,2.24,2.28,2.24,2.27,2.23,1702420.0,3847029.1,1.7937,0.1515,1,1,none,baostock,query_history_k_data_plus
600084,SHSE.600084,,SH,A股-上交所,2020-10-12,2.27,2.32,2.26,2.3,2.27,1759636.0,4041989.31,1.3216,0.1566,1,1,none,baostock,query_history_k_data_plus
600084,SHSE.600084,,SH,A股-上交所,2020-10-13,2.3,2.34,2.29,2.33,2.3,2001022.0,4635078.62,1.3043,0.1781,1,1,none,baostock,query_history_k_data_plus
600084,SHSE.600084,,SH,A股-上交所,2020-10-14,2.32,2.37,2.32,2.33,2.33,1699900.0,3985143.0,0.0,0.1513,1,1,none,baostock,query_history_k_data_plus
600084,SHSE.600084,,SH,A股-上交所,2020-10-15,2.32,2.34,2.3,2.34,2.33,1782698.0,4137085.48,0.4292,0.1586,1,1,none,baostock,query_history_k_data_plus
600084,SHSE.600084,,SH,A股-上交所,2020-10-16,2.34,2.35,2.31,2.33,2.34,1588632.0,3687211.92,-0.4274,0.1414,1,1,none,baostock,query_history_k_data_plus
600084,SHSE.600084,,SH,A股-上交所,2020-10-19,2.33,2.34,2.32,2.34,2.33,1255510.0,2921854.2,0.4292,0.1117,1,1,none,baostock,query_history_k_data_plus
600084,SHSE.600084,,SH,A股-上交所,2020-10-20,2.32,2.35,2.31,2.34,2.34,1170400.0,2729081.0,0.0,0.1042,1,1,none,baostock,query_history_k_data_plus
600084,SHSE.600084,,SH,A股-上交所,2020-10-21,2.33,2.37,2.32,2.33,2.34,1735000.0,4053475.0,-0.4274,0.1544,1,1,none,baostock,query_history_k_data_plus
600084,SHSE.600084,,SH,A股-上交所,2020-10-22,2.33,2.33,2.26,2.31,2.33,1895500.0,4351290.0,-0.8584,0.1687,1,1,none,baostock,query_history_k_data_plus
600084,SHSE.600084,,SH,A股-上交所,2020-10-23,2.3,2.33,2.28,2.31,2.31,1459716.0,3365511.8,0.0,0.1299,1,1,none,baostock,query_history_k_data_plus
600084,SHSE.600084,,SH,A股-上交所,2020-10-26,2.3,2.36,2.27,2.32,2.31,2279100.0,5289281.0,0.4329,0.2028,1,1,none,baostock,query_history_k_data_plus
600084,SHSE.600084,,SH,A股-上交所,2020-10-27,2.3,2.37,2.3,2.34,2.32,2055800.0,4810665.0,0.8621,0.1829,1,1,none,baostock,query_history_k_data_plus
600084,SHSE.600084,,SH,A股-上交所,2020-10-28,2.35,2.36,2.3,2.33,2.34,1674300.0,3884666.0,-0.4274,0.149,1,1,none,baostock,query_history_k_data_plus
600084,SHSE.600084,,SH,A股-上交所,2020-10-29,2.3,2.34,2.27,2.32,2.33,1951200.0,4493488.0,-0.4292,0.1736,1,1,none,baostock,query_history_k_data_plus
600084,SHSE.600084,,SH,A股-上交所,2020-10-30,2.31,2.32,2.28,2.31,2.32,1981200.0,4564436.0,-0.431,0.1763,1,1,none,baostock,query_history_k_data_plus
600084,SHSE.600084,,SH,A股-上交所,2020-11-02,2.29,2.29,2.25,2.26,2.31,3385100.0,7664939.0,-2.1645,0.3012,1,1,none,baostock,query_history_k_data_plus
600084,SHSE.600084,,SH,A股-上交所,2020-11-03,2.27,2.29,2.25,2.29,2.26,1775288.0,4026169.76,1.3274,0.158,1,1,none,baostock,query_history_k_data_plus
600084,SHSE.600084,,SH,A股-上交所,2020-11-04,2.28,2.29,2.25,2.27,2.29,1285200.0,2914568.0,-0.8734,0.1144,1,1,none,baostock,query_history_k_data_plus
600084,SHSE.600084,,SH,A股-上交所,2020-11-05,2.28,2.28,2.25,2.27,2.27,3884211.0,8789030.87,0.0,0.3457,1,1,none,baostock,query_history_k_data_plus
600084,SHSE.600084,,SH,A股-上交所,2020-11-06,2.26,2.27,2.21,2.23,2.27,3946847.0,8816758.31,-1.7621,0.3512,1,1,none,baostock,query_history_k_data_plus
600084,SHSE.600084,,SH,A股-上交所,2020-11-09,2.23,2.26,2.21,2.25,2.23,5532788.0,12380561.12,0.8969,0.4924,1,1,none,baostock,query_history_k_data_plus
600084,SHSE.600084,,SH,A股-上交所,2020-11-10,2.25,2.26,2.21,2.22,2.25,2848500.0,6354132.0,-1.3333,0.2535,1,1,none,baostock,query_history_k_data_plus
600084,SHSE.600084,,SH,A股-上交所,2020-11-11,2.21,2.24,2.19,2.2,2.22,5280400.0,11689169.0,-0.9009,0.4699,1,1,none,baostock,query_history_k_data_plus
600084,SHSE.600084,,SH,A股-上交所,2020-11-12,2.19,2.31,2.18,2.31,2.2,13266343.0,30018345.92,5.0,1.1806,1,1,none,baostock,query_history_k_data_plus
600084,SHSE.600084,,SH,A股-上交所,2020-11-13,2.29,2.31,2.22,2.23,2.31,7507711.0,16893474.55,-3.4632,0.6681,1,1,none,baostock,query_history_k_data_plus
600084,SHSE.600084,,SH,A股-上交所,2020-11-16,2.22,2.27,2.21,2.26,2.23,6296685.0,14113544.4,1.3453,0.5603,1,1,none,baostock,query_history_k_data_plus
600084,SHSE.600084,,SH,A股-上交所,2020-11-17,2.26,2.26,2.22,2.24,2.26,3894010.0,8709648.4,-0.885,0.3465,1,1,none,baostock,query_history_k_data_plus
600084,SHSE.600084,,SH,A股-上交所,2020-11-18,2.23,2.24,2.2,2.22,2.24,4239088.0,9419602.6,-0.8929,0.3772,1,1,none,baostock,query_history_k_data_plus
600084,SHSE.600084,,SH,A股-上交所,2020-11-19,2.22,2.24,2.2,2.22,2.22,5015073.0,11135906.24,0.0,0.4463,1,1,none,baostock,query_history_k_data_plus
600084,SHSE.600084,,SH,A股-上交所,2020-11-20,2.22,2.33,2.21,2.28,2.22,10690985.0,24356679.65,2.7027,0.9514,1,1,none,baostock,query_history_k_data_plus
600084,SHSE.600084,,SH,A股-上交所,2020-11-23,2.25,2.33,2.25,2.3,2.28,8038120.0,18428969.6,0.8772,0.7153,1,1,none,baostock,query_history_k_data_plus
600084,SHSE.600084,,SH,A股-上交所,2020-11-24,2.3,2.36,2.29,2.3,2.3,9106942.0,21208092.98,0.0,0.8104,1,1,none,baostock,query_history_k_data_plus
600084,SHSE.600084,,SH,A股-上交所,2020-11-25,2.31,2.31,2.26,2.28,2.3,6144217.0,13996278.97,-0.8696,0.5468,1,1,none,baostock,query_history_k_data_plus
600084,SHSE.600084,,SH,A股-上交所,2020-11-26,2.27,2.28,2.23,2.25,2.28,4742200.0,10677190.0,-1.3158,0.422,1,1,none,baostock,query_history_k_data_plus
600084,SHSE.600084,,SH,A股-上交所,2020-11-27,2.26,2.28,2.24,2.27,2.25,3389100.0,7662900.0,0.8889,0.3016,1,1,none,baostock,query_history_k_data_plus
600084,SHSE.600084,,SH,A股-上交所,2020-11-30,2.28,2.31,2.25,2.27,2.27,4770800.0,10851476.0,0.0,0.4246,1,1,none,baostock,query_history_k_data_plus
600084,SHSE.600084,,SH,A股-上交所,2020-12-01,2.27,2.27,2.24,2.26,2.27,4064600.0,9141209.0,-0.4405,0.3617,1,1,none,baostock,query_history_k_data_plus
600084,SHSE.600084,,SH,A股-上交所,2020-12-02,2.25,2.26,2.24,2.25,2.26,3121700.0,7022934.0,-0.4425,0.2778,1,1,none,baostock,query_history_k_data_plus
600084,SHSE.600084,,SH,A股-上交所,2020-12-03,2.25,2.26,2.23,2.25,2.25,3946887.0,8854600.88,0.0,0.3512,1,1,none,baostock,query_history_k_data_plus
600084,SHSE.600084,,SH,A股-上交所,2020-12-04,2.25,2.27,2.23,2.25,2.25,4288070.0,9659618.98,0.0,0.3816,1,1,none,baostock,query_history_k_data_plus
600084,SHSE.600084,,SH,A股-上交所,2020-12-07,2.25,2.28,2.25,2.27,2.25,5356038.0,12140468.68,0.8889,0.4766,1,1,none,baostock,query_history_k_data_plus
600084,SHSE.600084,,SH,A股-上交所,2020-12-08,2.26,2.38,2.25,2.32,2.27,13340351.0,31072630.86,2.2026,1.1872,1,1,none,baostock,query_history_k_data_plus
600084,SHSE.600084,,SH,A股-上交所,2020-12-09,2.29,2.37,2.29,2.31,2.32,8550887.0,19883792.97,-0.431,0.7609,1,1,none,baostock,query_history_k_data_plus
600084,SHSE.600084,,SH,A股-上交所,2020-12-10,2.3,2.38,2.27,2.37,2.31,9017497.0,21055297.89,2.5974,0.8025,1,1,none,baostock,query_history_k_data_plus
600084,SHSE.600084,,SH,A股-上交所,2020-12-11,2.35,2.48,2.35,2.41,2.37,14391356.0,35099371.98,1.6878,1.2807,1,1,none,baostock,query_history_k_data_plus
600084,SHSE.600084,,SH,A股-上交所,2020-12-14,2.38,2.45,2.34,2.35,2.41,10014192.0,23814564.2,-2.4896,0.8912,1,1,none,baostock,query_history_k_data_plus
600084,SHSE.600084,,SH,A股-上交所,2020-12-15,2.31,2.35,2.23,2.23,2.35,11891972.0,26766593.08,-5.1064,1.0583,1,1,none,baostock,query_history_k_data_plus
600084,SHSE.600084,,SH,A股-上交所,2020-12-16,2.19,2.28,2.12,2.23,2.23,12411126.0,27376694.1,0.0,1.1045,1,1,none,baostock,query_history_k_data_plus
600084,SHSE.600084,,SH,A股-上交所,2020-12-17,2.2,2.22,2.12,2.19,2.23,9649552.0,20971235.76,-1.7937,0.8587,1,1,none,baostock,query_history_k_data_plus
600084,SHSE.600084,,SH,A股-上交所,2020-12-18,2.17,2.24,2.17,2.24,2.19,6461447.0,14331077.93,2.2831,0.575,1,1,none,baostock,query_history_k_data_plus
600084,SHSE.600084,,SH,A股-上交所,2020-12-21,2.22,2.35,2.21,2.34,2.24,15550247.0,36155405.34,4.4643,1.3838,1,1,none,baostock,query_history_k_data_plus
600084,SHSE.600084,,SH,A股-上交所,2020-12-22,2.33,2.46,2.31,2.46,2.34,22727557.0,55341657.52,5.1282,2.0225,1,1,none,baostock,query_history_k_data_plus
600084,SHSE.600084,,SH,A股-上交所,2020-12-23,2.52,2.58,2.4,2.42,2.46,24851037.0,62199741.21,-1.626,2.2115,1,1,none,baostock,query_history_k_data_plus
600084,SHSE.600084,,SH,A股-上交所,2020-12-24,2.37,2.39,2.3,2.3,2.42,15951897.0,36917910.1,-4.9587,1.4196,1,1,none,baostock,query_history_k_data_plus
600084,SHSE.600084,,SH,A股-上交所,2020-12-25,2.28,2.37,2.25,2.28,2.3,9157097.0,21183095.1,-0.8696,0.8149,1,1,none,baostock,query_history_k_data_plus
600084,SHSE.600084,,SH,A股-上交所,2020-12-28,2.25,2.35,2.25,2.33,2.28,7545300.0,17486083.0,2.193,0.6715,1,1,none,baostock,query_history_k_data_plus
600084,SHSE.600084,,SH,A股-上交所,2020-12-29,2.31,2.33,2.26,2.28,2.33,6716900.0,15290210.0,-2.1459,0.5977,1,1,none,baostock,query_history_k_data_plus
600084,SHSE.600084,,SH,A股-上交所,2020-12-30,2.27,2.31,2.26,2.28,2.28,5060871.0,11569220.88,0.0,0.4504,1,1,none,baostock,query_history_k_data_plus
600084,SHSE.600084,,SH,A股-上交所,2020-12-31,2.27,2.3,2.26,2.27,2.28,4634701.0,10532635.26,-0.4386,0.4124,1,1,none,baostock,query_history_k_data_plus
600084,SHSE.600084,,SH,A股-上交所,2021-01-04,2.28,2.35,2.27,2.33,2.27,6700300.0,15485735.0,2.6432,0.5963,1,1,none,baostock,query_history_k_data_plus
600084,SHSE.600084,,SH,A股-上交所,2021-01-05,2.33,2.45,2.3,2.38,2.33,10528901.0,25026831.91,2.1459,0.937,1,1,none,baostock,query_history_k_data_plus
600084,SHSE.600084,,SH,A股-上交所,2021-01-06,2.37,2.41,2.35,2.38,2.38,9612900.0,22905564.0,0.0,0.8554,1,1,none,baostock,query_history_k_data_plus
600084,SHSE.600084,,SH,A股-上交所,2021-01-07,2.36,2.37,2.29,2.31,2.38,8169100.0,18884420.97,-2.9412,0.727,1,1,none,baostock,query_history_k_data_plus
600084,SHSE.600084,,SH,A股-上交所,2021-01-08,2.29,2.31,2.26,2.28,2.31,4800900.0,10952879.0,-1.2987,0.4272,1,1,none,baostock,query_history_k_data_plus
600084,SHSE.600084,,SH,A股-上交所,2021-01-11,2.29,2.32,2.25,2.26,2.28,5103500.0,11606725.0,-0.8772,0.4542,1,1,none,baostock,query_history_k_data_plus
600084,SHSE.600084,,SH,A股-上交所,2021-01-12,2.26,2.28,2.22,2.26,2.26,4635300.0,10431586.0,0.0,0.4125,1,1,none,baostock,query_history_k_data_plus
600084,SHSE.600084,,SH,A股-上交所,2021-01-13,2.26,2.26,2.15,2.19,2.26,7967547.0,17487794.61,-3.0973,0.709,1,1,none,baostock,query_history_k_data_plus
600084,SHSE.600084,,SH,A股-上交所,2021-01-14,2.18,2.24,2.15,2.2,2.19,3565900.0,7805458.0,0.4566,0.3173,1,1,none,baostock,query_history_k_data_plus
600084,SHSE.600084,,SH,A股-上交所,2021-01-15,2.2,2.23,2.19,2.22,2.2,2317097.0,5118833.4,0.9091,0.2062,1,1,none,baostock,query_history_k_data_plus
600084,SHSE.600084,,SH,A股-上交所,2021-01-18,2.25,2.26,2.22,2.23,2.22,3868785.0,8679006.4,0.4505,0.3443,1,1,none,baostock,query_history_k_data_plus
600084,SHSE.600084,,SH,A股-上交所,2021-01-19,2.22,2.3,2.22,2.26,2.23,4505500.0,10203436.0,1.3453,0.4009,1,1,none,baostock,query_history_k_data_plus
600084,SHSE.600084,,SH,A股-上交所,2021-01-20,2.25,2.27,2.21,2.23,2.26,5617600.0,12547295.0,-1.3274,0.4999,1,1,none,baostock,query_history_k_data_plus
600084,SHSE.600084,,SH,A股-上交所,2021-01-21,2.21,2.27,2.2,2.25,2.23,4124290.0,9219916.6,0.8969,0.367,1,1,none,baostock,query_history_k_data_plus
600084,SHSE.600084,,SH,A股-上交所,2021-01-22,2.24,2.28,2.22,2.27,2.25,4822831.0,10828382.93,0.8889,0.4292,1,1,none,baostock,query_history_k_data_plus
600084,SHSE.600084,,SH,A股-上交所,2021-01-25,2.27,2.27,2.21,2.27,2.27,5616801.0,12603801.25,0.0,0.4998,1,1,none,baostock,query_history_k_data_plus
600084,SHSE.600084,,SH,A股-上交所,2021-01-26,2.25,2.3,2.23,2.29,2.27,5385412.0,12228807.99,0.8811,0.4792,1,1,none,baostock,query_history_k_data_plus
600084,SHSE.600084,,SH,A股-上交所,2021-01-27,2.28,2.36,2.28,2.33,2.29,4271285.0,9923921.05,1.7467,0.3801,1,1,none,baostock,query_history_k_data_plus
600084,SHSE.600084,,SH,A股-上交所,2021-01-28,2.21,2.25,2.21,2.24,2.33,9521473.0,21177605.21,-3.8627,0.8473,1,1,none,baostock,query_history_k_data_plus
600084,SHSE.600084,,SH,A股-上交所,2021-01-29,2.24,2.3,2.24,2.27,2.24,4397100.0,9968855.0,1.3393,0.3913,1,1,none,baostock,query_history_k_data_plus
600084,SHSE.600084,,SH,A股-上交所,2021-02-01,2.26,2.29,2.25,2.28,2.27,3577255.0,8109509.37,0.4405,0.3183,1,1,none,baostock,query_history_k_data_plus
600084,SHSE.600084,,SH,A股-上交所,2021-02-02,2.28,2.31,2.25,2.3,2.28,3211751.0,7345229.29,0.8772,0.2858,1,1,none,baostock,query_history_k_data_plus
600084,SHSE.600084,,SH,A股-上交所,2021-02-03,2.29,2.31,2.28,2.31,2.3,2306000.0,5296525.12,0.4348,0.2052,1,1,none,baostock,query_history_k_data_plus
600084,SHSE.600084,,SH,A股-上交所,2021-02-04,2.3,2.34,2.26,2.31,2.31,3917300.0,8980505.0,0.0,0.3486,1,1,none,baostock,query_history_k_data_plus
600084,SHSE.600084,,SH,A股-上交所,2021-02-05,2.29,2.31,2.27,2.31,2.31,3624000.0,8305719.48,0.0,0.3225,1,1,none,baostock,query_history_k_data_plus
600084,SHSE.600084,,SH,A股-上交所,2021-02-08,2.3,2.34,2.3,2.33,2.31,4818230.0,11173183.3,0.8658,0.4288,1,1,none,baostock,query_history_k_data_plus
600084,SHSE.600084,,SH,A股-上交所,2021-02-09,2.32,2.34,2.31,2.33,2.33,2758800.0,6414969.0,0.0,0.2455,1,1,none,baostock,query_history_k_data_plus
600084,SHSE.600084,,SH,A股-上交所,2021-02-10,2.34,2.41,2.33,2.39,2.33,4739601.0,11206896.38,2.5751,0.4218,1,1,none,baostock,query_history_k_data_plus
600084,SHSE.600084,,SH,A股-上交所,2021-02-18,2.37,2.44,2.37,2.41,2.39,5010900.0,12037564.0,0.8368,0.4459,1,1,none,baostock,query_history_k_data_plus
600084,SHSE.600084,,SH,A股-上交所,2021-02-19,2.39,2.48,2.39,2.47,2.41,4577400.0,11166838.0,2.4896,0.4073,1,1,none,baostock,query_history_k_data_plus
600084,SHSE.600084,,SH,A股-上交所,2021-02-22,2.49,2.49,2.35,2.43,2.47,6994052.0,16939068.36,-1.6194,0.6224,1,1,none,baostock,query_history_k_data_plus
600084,SHSE.600084,,SH,A股-上交所,2021-02-23,2.42,2.42,2.38,2.41,2.43,4084046.0,9799818.94,-0.823,0.3634,1,1,none,baostock,query_history_k_data_plus
600084,SHSE.600084,,SH,A股-上交所,2021-02-24,2.39,2.44,2.39,2.42,2.41,2721800.0,6569025.0,0.4149,0.2422,1,1,none,baostock,query_history_k_data_plus
600084,SHSE.600084,,SH,A股-上交所,2021-02-25,2.4,2.42,2.39,2.4,2.42,2463600.0,5911921.0,-0.8264,0.2192,1,1,none,baostock,query_history_k_data_plus
600084,SHSE.600084,,SH,A股-上交所,2021-02-26,2.39,2.41,2.37,2.41,2.4,2806601.0,6707888.37,0.4167,0.2498,1,1,none,baostock,query_history_k_data_plus
600084,SHSE.600084,,SH,A股-上交所,2021-03-01,2.4,2.42,2.39,2.41,2.41,2242800.0,5388703.0,0.0,0.1996,1,1,none,baostock,query_history_k_data_plus
600084,SHSE.600084,,SH,A股-上交所,2021-03-02,2.41,2.43,2.39,2.43,2.41,2242902.0,5402332.8,0.8299,0.1996,1,1,none,baostock,query_history_k_data_plus
600084,SHSE.600084,,SH,A股-上交所,2021-03-03,2.42,2.47,2.42,2.46,2.43,3389951.0,8276104.91,1.2346,0.3017,1,1,none,baostock,query_history_k_data_plus
600084,SHSE.600084,,SH,A股-上交所,2021-03-04,2.46,2.57,2.43,2.53,2.46,5533402.0,13842242.97,2.8455,0.4924,1,1,none,baostock,query_history_k_data_plus
600084,SHSE.600084,,SH,A股-上交所,2021-03-05,2.53,2.56,2.49,2.54,2.53,5077196.0,12824247.98,0.3953,0.4518,1,1,none,baostock,query_history_k_data_plus
600084,SHSE.600084,,SH,A股-上交所,2021-03-08,2.61,2.63,2.5,2.52,2.54,6959300.0,17950539.0,-0.7874,0.6193,1,1,none,baostock,query_history_k_data_plus
600084,SHSE.600084,,SH,A股-上交所,2021-03-09,2.49,2.5,2.39,2.46,2.52,6430100.0,15650179.94,-2.381,0.5722,1,1,none,baostock,query_history_k_data_plus
600084,SHSE.600084,,SH,A股-上交所,2021-03-10,2.43,2.57,2.43,2.52,2.46,5723673.0,14373621.06,2.439,0.5093,1,1,none,baostock,query_history_k_data_plus
600084,SHSE.600084,,SH,A股-上交所,2021-03-11,2.56,2.56,2.5,2.52,2.52,3886055.0,9801244.05,0.0,0.3458,1,1,none,baostock,query_history_k_data_plus
600084,SHSE.600084,,SH,A股-上交所,2021-03-12,2.5,2.58,2.5,2.54,2.52,3656901.0,9277757.26,0.7937,0.3254,1,1,none,baostock,query_history_k_data_plus
600084,SHSE.600084,,SH,A股-上交所,2021-03-15,2.53,2.55,2.5,2.53,2.54,4069501.0,10288820.53,-0.3937,0.3621,1,1,none,baostock,query_history_k_data_plus
600084,SHSE.600084,,SH,A股-上交所,2021-03-16,2.52,2.56,2.5,2.54,2.53,3383300.0,8560464.0,0.3953,0.3011,1,1,none,baostock,query_history_k_data_plus
600084,SHSE.600084,,SH,A股-上交所,2021-03-17,2.53,2.56,2.52,2.56,2.54,2467500.0,6280239.0,0.7874,0.2196,1,1,none,baostock,query_history_k_data_plus
600084,SHSE.600084,,SH,A股-上交所,2021-03-18,2.54,2.59,2.53,2.58,2.56,3227600.0,8292906.0,0.7813,0.2872,1,1,none,baostock,query_history_k_data_plus
600084,SHSE.600084,,SH,A股-上交所,2021-03-19,2.56,2.58,2.52,2.54,2.58,2753920.0,7013960.07,-1.5504,0.2451,1,1,none,baostock,query_history_k_data_plus
600084,SHSE.600084,,SH,A股-上交所,2021-03-22,2.53,2.54,2.44,2.49,2.54,5485599.0,13596942.55,-1.9685,0.4882,1,1,none,baostock,query_history_k_data_plus
600084,SHSE.600084,,SH,A股-上交所,2021-03-23,2.49,2.53,2.48,2.49,2.49,2214853.0,5532320.95,0.0,0.1971,1,1,none,baostock,query_history_k_data_plus
600084,SHSE.600084,,SH,A股-上交所,2021-03-24,2.48,2.57,2.45,2.55,2.49,3973399.0,10033561.53,2.4096,0.3536,1,1,none,baostock,query_history_k_data_plus
600084,SHSE.600084,,SH,A股-上交所,2021-03-25,2.54,2.61,2.52,2.59,2.55,4761299.0,12276174.48,1.5686,0.4237,1,1,none,baostock,query_history_k_data_plus
600084,SHSE.600084,,SH,A股-上交所,2021-03-26,2.57,2.6,2.56,2.58,2.59,1657768.0,4274362.76,-0.3861,0.1475,1,1,none,baostock,query_history_k_data_plus
600084,SHSE.600084,,SH,A股-上交所,2021-03-29,2.68,2.71,2.63,2.7,2.58,16251385.0,43961693.35,4.6512,1.4462,1,1,none,baostock,query_history_k_data_plus
600084,SHSE.600084,,SH,A股-上交所,2021-03-30,2.66,2.68,2.57,2.58,2.7,12461271.0,32637541.74,-4.4444,1.1089,1,1,none,baostock,query_history_k_data_plus
600084,SHSE.600084,,SH,A股-上交所,2021-03-31,2.55,2.63,2.55,2.6,2.58,3725100.0,9644831.0,0.7752,0.3315,1,1,none,baostock,query_history_k_data_plus
600084,SHSE.600084,,SH,A股-上交所,2021-04-01,2.66,2.66,2.55,2.6,2.6,4359400.0,11368953.0,0.0,0.3879,1,1,none,baostock,query_history_k_data_plus
600084,SHSE.600084,,SH,A股-上交所,2021-04-02,2.58,2.61,2.57,2.61,2.6,2508601.0,6505633.6,0.3846,0.2232,1,1,none,baostock,query_history_k_data_plus
600084,SHSE.600084,,SH,A股-上交所,2021-04-06,2.61,2.61,2.58,2.59,2.61,1781500.0,4621114.0,-0.7663,0.1585,1,1,none,baostock,query_history_k_data_plus
600084,SHSE.600084,,SH,A股-上交所,2021-04-07,2.58,2.59,2.52,2.53,2.59,4098809.0,10408214.95,-2.3166,0.3648,1,1,none,baostock,query_history_k_data_plus
600084,SHSE.600084,,SH,A股-上交所,2021-04-08,2.53,2.54,2.48,2.49,2.53,3633800.0,9077841.0,-1.581,0.3234,1,1,none,baostock,query_history_k_data_plus
600084,SHSE.600084,,SH,A股-上交所,2021-04-09,2.51,2.53,2.49,2.52,2.49,2407400.0,6061203.0,1.2048,0.2142,1,1,none,baostock,query_history_k_data_plus
600084,SHSE.600084,,SH,A股-上交所,2021-04-12,2.51,2.54,2.5,2.52,2.52,1915201.0,4818400.51,0.0,0.1704,1,1,none,baostock,query_history_k_data_plus
600084,SHSE.600084,,SH,A股-上交所,2021-04-13,2.52,2.53,2.5,2.52,2.52,1759700.0,4421121.0,0.0,0.1566,1,1,none,baostock,query_history_k_data_plus
600084,SHSE.600084,,SH,A股-上交所,2021-04-14,2.51,2.57,2.5,2.54,2.52,2781801.0,7044691.54,0.7937,0.2476,1,1,none,baostock,query_history_k_data_plus
600084,SHSE.600084,,SH,A股-上交所,2021-04-15,2.52,2.55,2.49,2.5,2.54,2793494.0,7015790.07,-1.5748,0.2486,1,1,none,baostock,query_history_k_data_plus
600084,SHSE.600084,,SH,A股-上交所,2021-04-16,2.51,2.53,2.48,2.53,2.5,2863370.0,7171548.7,1.2,0.2548,1,1,none,baostock,query_history_k_data_plus
600084,SHSE.600084,,SH,A股-上交所,2021-04-19,2.52,2.52,2.48,2.51,2.53,1989901.0,4987415.5,-0.7905,0.1771,1,1,none,baostock,query_history_k_data_plus
600084,SHSE.600084,,SH,A股-上交所,2021-04-20,2.52,2.56,2.5,2.54,2.51,3450893.0,8742444.29,1.1952,0.3071,1,1,none,baostock,query_history_k_data_plus
600084,SHSE.600084,,SH,A股-上交所,2021-04-21,2.51,2.54,2.49,2.52,2.54,3842194.0,9646799.08,-0.7874,0.3419,1,1,none,baostock,query_history_k_data_plus
600084,SHSE.600084,,SH,A股-上交所,2021-04-22,2.51,2.53,2.5,2.52,2.52,2410500.0,6062597.0,0.0,0.2145,1,1,none,baostock,query_history_k_data_plus
600084,SHSE.600084,,SH,A股-上交所,2021-04-23,2.51,2.53,2.5,2.52,2.52,2808300.0,7056333.0,0.0,0.2499,1,1,none,baostock,query_history_k_data_plus
600084,SHSE.600084,,SH,A股-上交所,2021-04-26,2.52,2.52,2.52,2.52,2.52,0.0,0.0,0.0,,0,1,none,baostock,query_history_k_data_plus
600084,SHSE.600084,,SH,A股-上交所,2021-04-27,2.49,2.5,2.42,2.45,2.52,8556610.0,20956374.29,-2.7778,0.7614,1,1,none,baostock,query_history_k_data_plus
600084,SHSE.600084,,SH,A股-上交所,2021-04-28,2.46,2.57,2.44,2.55,2.45,6243400.0,15890891.0,4.0816,0.5556,1,1,none,baostock,query_history_k_data_plus
600084,SHSE.600084,,SH,A股-上交所,2021-04-29,2.63,2.68,2.58,2.64,2.55,10715600.0,28325975.0,3.5294,0.9536,1,1,none,baostock,query_history_k_data_plus
600084,SHSE.600084,,SH,A股-上交所,2021-04-30,2.61,2.77,2.6,2.76,2.64,13601590.0,36920786.0,4.5455,1.2104,1,1,none,baostock,query_history_k_data_plus
600084,SHSE.600084,,SH,A股-上交所,2021-05-06,2.73,2.9,2.73,2.9,2.76,11901195.0,34044105.4,5.0725,1.0591,1,1,none,baostock,query_history_k_data_plus
600084,SHSE.600084,,SH,A股-上交所,2021-05-07,2.99,3.05,2.93,3.05,2.9,6026194.0,18282674.7,5.1724,0.5363,1,1,none,baostock,query_history_k_data_plus
600084,SHSE.600084,,SH,A股-上交所,2021-05-10,3.2,3.2,3.2,3.2,3.05,3319212.0,10621478.4,4.918,0.2954,1,1,none,baostock,query_history_k_data_plus
600084,SHSE.600084,,SH,A股-上交所,2021-05-11,3.36,3.36,3.07,3.25,3.2,29152639.0,95472991.76,1.5625,2.5943,1,1,none,baostock,query_history_k_data_plus
600084,SHSE.600084,,SH,A股-上交所,2021-05-12,3.19,3.41,3.13,3.41,3.25,12352857.0,40977264.97,4.9231,1.0993,1,1,none,baostock,query_history_k_data_plus
600084,SHSE.600084,,SH,A股-上交所,2021-05-13,3.5,3.58,3.44,3.57,3.41,10484847.0,37250599.71,4.6921,0.933,1,1,none,baostock,query_history_k_data_plus
600084,SHSE.600084,,SH,A股-上交所,2021-05-14,3.57,3.75,3.52,3.69,3.57,20402946.0,75148098.18,3.3613,1.8156,1,1,none,baostock,query_history_k_data_plus
600084,SHSE.600084,,SH,A股-上交所,2021-05-17,3.57,3.64,3.51,3.51,3.69,10455500.0,36848639.0,-4.878,0.9304,1,1,none,baostock,query_history_k_data_plus
600084,SHSE.600084,,SH,A股-上交所,2021-05-18,3.34,3.66,3.33,3.36,3.51,18085913.0,61483406.52,-4.2735,1.6095,1,1,none,baostock,query_history_k_data_plus
600084,SHSE.600084,,SH,A股-上交所,2021-05-19,3.36,3.5,3.35,3.43,3.36,9482195.0,32316539.39,2.0833,0.8438,1,1,none,baostock,query_history_k_data_plus
600084,SHSE.600084,,SH,A股-上交所,2021-05-20,3.46,3.46,3.26,3.26,3.43,12837679.0,42266144.54,-4.9563,1.1424,1,1,none,baostock,query_history_k_data_plus
600084,SHSE.600084,,SH,A股-上交所,2021-05-21,3.21,3.38,3.2,3.34,3.26,9052468.0,29898512.09,2.454,0.8056,1,1,none,baostock,query_history_k_data_plus
600084,SHSE.600084,,SH,A股-上交所,2021-05-24,3.36,3.51,3.26,3.51,3.34,6717000.0,22890953.0,5.0898,0.5977,1,1,none,baostock,query_history_k_data_plus
600084,SHSE.600084,,SH,A股-上交所,2021-05-25,3.65,3.69,3.53,3.55,3.51,15400449.0,55808281.32,1.1396,1.3705,1,1,none,baostock,query_history_k_data_plus
600084,SHSE.600084,,SH,A股-上交所,2021-05-26,3.51,3.63,3.37,3.43,3.55,12683903.0,44154829.06,-3.3803,1.1287,1,1,none,baostock,query_history_k_data_plus
600084,SHSE.600084,,SH,A股-上交所,2021-05-27,3.4,3.59,3.36,3.45,3.43,9221000.0,32138190.0,0.5831,0.8206,1,1,none,baostock,query_history_k_data_plus
600084,SHSE.600084,,SH,A股-上交所,2021-05-28,3.44,3.55,3.35,3.52,3.45,9144761.0,31535017.35,2.029,0.8138,1,1,none,baostock,query_history_k_data_plus
600084,SHSE.600084,,SH,A股-上交所,2021-05-31,3.54,3.69,3.46,3.65,3.52,11777201.0,42629442.91,3.6932,1.048,1,1,none,baostock,query_history_k_data_plus
600084,SHSE.600084,,SH,A股-上交所,2021-06-01,3.64,3.83,3.61,3.83,3.65,7259005.0,27510052.15,4.9315,0.646,1,1,none,baostock,query_history_k_data_plus
600084,SHSE.600084,,SH,A股-上交所,2021-06-02,4.0,4.02,3.98,4.02,3.83,5367578.0,21528402.56,4.9608,0.4777,1,1,none,baostock,query_history_k_data_plus
600084,SHSE.600084,,SH,A股-上交所,2021-06-03,4.15,4.22,4.09,4.22,4.02,7686516.0,32176572.66,4.9751,0.684,1,1,none,baostock,query_history_k_data_plus
600084,SHSE.600084,,SH,A股-上交所,2021-06-04,4.43,4.43,4.11,4.4,4.22,31595676.0,137443335.06,4.2654,2.8117,1,1,none,baostock,query_history_k_data_plus
600084,SHSE.600084,,SH,A股-上交所,2021-06-07,4.45,4.55,4.22,4.32,4.4,19906794.0,87100560.35,-1.8182,1.7715,1,1,none,baostock,query_history_k_data_plus
600084,SHSE.600084,,SH,A股-上交所,2021-06-08,4.25,4.4,4.1,4.1,4.32,16470800.0,68626176.0,-5.0926,1.4657,1,1,none,baostock,query_history_k_data_plus
600084,SHSE.600084,,SH,A股-上交所,2021-06-09,4.1,4.19,3.92,4.09,4.1,12216000.0,49747928.0,-0.2439,1.0871,1,1,none,baostock,query_history_k_data_plus
600084,SHSE.600084,,SH,A股-上交所,2021-06-10,4.04,4.29,4.04,4.29,4.09,11633501.0,49111512.19,4.89,1.0353,1,1,none,baostock,query_history_k_data_plus
600084,SHSE.600084,,SH,A股-上交所,2021-06-11,4.41,4.5,4.28,4.5,4.29,21096740.0,94006154.75,4.8951,1.8774,1,1,none,baostock,query_history_k_data_plus
600084,SHSE.600084,,SH,A股-上交所,2021-06-15,4.54,4.73,4.44,4.73,4.5,15304042.0,71174187.2,5.1111,1.3619,1,1,none,baostock,query_history_k_data_plus
600084,SHSE.600084,,SH,A股-上交所,2021-06-16,4.86,4.97,4.53,4.54,4.73,21635348.0,106133563.47,-4.0169,1.9253,1,1,none,baostock,query_history_k_data_plus
600084,SHSE.600084,,SH,A股-上交所,2021-06-17,4.56,4.77,4.42,4.62,4.54,31465628.0,145403658.92,1.7621,2.8001,1,1,none,baostock,query_history_k_data_plus
600084,SHSE.600084,,SH,A股-上交所,2021-06-18,4.48,4.53,4.39,4.42,4.62,24090898.0,106337101.22,-4.329,2.1438,1,1,none,baostock,query_history_k_data_plus
600084,SHSE.600084,,SH,A股-上交所,2021-06-21,4.35,4.49,4.2,4.41,4.42,15637200.0,68302157.02,-0.2262,1.3915,1,1,none,baostock,query_history_k_data_plus
600084,SHSE.600084,,SH,A股-上交所,2021-06-22,4.41,4.63,4.37,4.63,4.41,11743952.0,53890684.32,4.9887,1.0451,1,1,none,baostock,query_history_k_data_plus
600084,SHSE.600084,,SH,A股-上交所,2021-06-23,4.75,4.86,4.75,4.86,4.63,15345137.0,74143740.56,4.9676,1.3656,1,1,none,baostock,query_history_k_data_plus
600084,SHSE.600084,,SH,A股-上交所,2021-06-24,5.01,5.1,4.68,4.85,4.86,38027200.0,189662332.48,-0.2058,3.384,1,1,none,baostock,query_history_k_data_plus
600084,SHSE.600084,,SH,A股-上交所,2021-06-25,4.74,4.79,4.61,4.63,4.85,27697751.0,128498272.46,-4.5361,2.4648,1,1,none,baostock,query_history_k_data_plus
600084,SHSE.600084,,SH,A股-上交所,2021-06-28,4.55,4.86,4.53,4.86,4.63,18744121.0,89137656.06,4.9676,1.668,1,1,none,baostock,query_history_k_data_plus
600084,SHSE.600084,,SH,A股-上交所,2021-06-29,4.94,5.07,4.78,4.95,4.86,22614724.0,111933987.52,1.8519,2.0125,1,1,none,baostock,query_history_k_data_plus
600084,SHSE.600084,,SH,A股-上交所,2021-06-30,4.82,5.06,4.7,4.7,4.95,22019524.0,105824893.67,-5.0505,1.9595,1,1,none,baostock,query_history_k_data_plus
600084,SHSE.600084,,SH,A股-上交所,2021-07-01,4.58,4.88,4.51,4.67,4.7,19115368.0,88913298.04,-0.6383,1.7011,1,1,none,baostock,query_history_k_data_plus
600084,SHSE.600084,,SH,A股-上交所,2021-07-02,4.57,4.7,4.44,4.44,4.67,17274000.0,77530020.39,-4.9251,1.5372,1,1,none,baostock,query_history_k_data_plus
600084,SHSE.600084,,SH,A股-上交所,2021-07-05,4.38,4.52,4.22,4.23,4.44,21302200.0,90863307.53,-4.7297,1.8957,1,1,none,baostock,query_history_k_data_plus
600084,SHSE.600084,,SH,A股-上交所,2021-07-06,4.21,4.44,4.11,4.44,4.23,18929314.0,81978902.8,4.9645,1.6845,1,1,none,baostock,query_history_k_data_plus
600084,SHSE.600084,,SH,A股-上交所,2021-07-07,4.4,4.48,4.22,4.24,4.44,20970514.0,90346254.54,-4.5045,1.8662,1,1,none,baostock,query_history_k_data_plus
600084,SHSE.600084,,SH,A股-上交所,2021-07-08,4.18,4.42,4.18,4.34,4.24,14314595.0,61972560.69,2.3585,1.2739,1,1,none,baostock,query_history_k_data_plus
600084,SHSE.600084,,SH,A股-上交所,2021-07-09,4.32,4.32,4.12,4.17,4.34,12816351.0,53359010.12,-3.9171,1.1405,1,1,none,baostock,query_history_k_data_plus
600084,SHSE.600084,,SH,A股-上交所,2021-07-12,4.17,4.19,3.96,3.98,4.17,15964502.0,63786617.93,-4.5564,1.4207,1,1,none,baostock,query_history_k_data_plus
600084,SHSE.600084,,SH,A股-上交所,2021-07-13,3.95,4.12,3.85,3.99,3.98,9708800.0,39178246.23,0.2513,0.864,1,1,none,baostock,query_history_k_data_plus
600084,SHSE.600084,,SH,A股-上交所,2021-07-14,3.95,4.08,3.93,4.01,3.99,7584916.0,30339695.4,0.5013,0.675,1,1,none,baostock,query_history_k_data_plus
600084,SHSE.600084,,SH,A股-上交所,2021-07-15,3.97,4.03,3.9,3.96,4.01,7239600.0,28688381.8,-1.2469,0.6442,1,1,none,baostock,query_history_k_data_plus
600084,SHSE.600084,,SH,A股-上交所,2021-07-16,3.93,4.15,3.93,4.05,3.96,9232900.0,37438224.0,2.2727,0.8216,1,1,none,baostock,query_history_k_data_plus
600084,SHSE.600084,,SH,A股-上交所,2021-07-19,4.02,4.1,3.97,4.03,4.05,6333700.0,25410427.0,-0.4938,0.5636,1,1,none,baostock,query_history_k_data_plus
600084,SHSE.600084,,SH,A股-上交所,2021-07-20,3.99,4.23,3.98,4.23,4.03,11345400.0,47194932.0,4.9628,1.0096,1,1,none,baostock,query_history_k_data_plus
600084,SHSE.600084,,SH,A股-上交所,2021-07-21,4.28,4.34,4.14,4.16,4.23,11990806.0,50627680.84,-1.6548,1.0671,1,1,none,baostock,query_history_k_data_plus
600084,SHSE.600084,,SH,A股-上交所,2021-07-22,4.16,4.16,4.0,4.03,4.16,9375500.0,38110604.0,-3.125,0.8343,1,1,none,baostock,query_history_k_data_plus
600084,SHSE.600084,,SH,A股-上交所,2021-07-23,4.0,4.05,3.83,3.83,4.03,12509786.0,48859376.9,-4.9628,1.1132,1,1,none,baostock,query_history_k_data_plus
600084,SHSE.600084,,SH,A股-上交所,2021-07-26,3.71,3.8,3.64,3.64,3.83,9049300.0,33194978.0,-4.9608,0.8053,1,1,none,baostock,query_history_k_data_plus
600084,SHSE.600084,,SH,A股-上交所,2021-07-27,3.6,3.8,3.57,3.64,3.64,5779661.0,21257176.18,0.0,0.5143,1,1,none,baostock,query_history_k_data_plus
600084,SHSE.600084,,SH,A股-上交所,2021-07-28,3.67,3.67,3.46,3.46,3.64,7271106.0,25492265.82,-4.9451,0.6471,1,1,none,baostock,query_history_k_data_plus
600084,SHSE.600084,,SH,A股-上交所,2021-07-29,3.48,3.58,3.39,3.41,3.46,6883870.0,23870829.6,-1.4451,0.6126,1,1,none,baostock,query_history_k_data_plus
600084,SHSE.600084,,SH,A股-上交所,2021-07-30,3.38,3.4,3.24,3.26,3.41,9374380.0,30597622.8,-4.3988,0.8342,1,1,none,baostock,query_history_k_data_plus
600084,SHSE.600084,,SH,A股-上交所,2021-08-02,3.22,3.42,3.17,3.42,3.26,9847471.0,33170300.06,4.908,0.8763,1,1,none,baostock,query_history_k_data_plus
600084,SHSE.600084,,SH,A股-上交所,2021-08-03,3.38,3.58,3.31,3.53,3.42,10065471.0,34514645.19,3.2164,0.8957,1,1,none,baostock,query_history_k_data_plus
600084,SHSE.600084,,SH,A股-上交所,2021-08-04,3.48,3.55,3.44,3.47,3.53,5838300.0,20289589.0,-1.6997,0.5195,1,1,none,baostock,query_history_k_data_plus
600084,SHSE.600084,,SH,A股-上交所,2021-08-05,3.44,3.5,3.36,3.37,3.47,4946100.0,16822648.0,-2.8818,0.4402,1,1,none,baostock,query_history_k_data_plus
600084,SHSE.600084,,SH,A股-上交所,2021-08-06,3.36,3.54,3.35,3.54,3.37,6724768.0,23472628.0,5.0445,0.5984,1,1,none,baostock,query_history_k_data_plus
600084,SHSE.600084,,SH,A股-上交所,2021-08-09,3.6,3.72,3.55,3.72,3.54,8540068.0,31628091.96,5.0847,0.76,1,1,none,baostock,query_history_k_data_plus
600084,SHSE.600084,,SH,A股-上交所,2021-08-10,3.8,3.91,3.7,3.91,3.72,13772217.0,52839243.0,5.1075,1.2256,1,1,none,baostock,query_history_k_data_plus
600084,SHSE.600084,,SH,A股-上交所,2021-08-11,3.91,4.04,3.77,3.84,3.91,13866635.0,54153649.48,-1.7903,1.234,1,1,none,baostock,query_history_k_data_plus
600084,SHSE.600084,,SH,A股-上交所,2021-08-12,3.81,3.88,3.65,3.68,3.84,12728600.0,47160095.0,-4.1667,1.1327,1,1,none,baostock,query_history_k_data_plus
600084,SHSE.600084,,SH,A股-上交所,2021-08-13,3.66,3.86,3.61,3.86,3.68,12232981.0,45667416.7,4.8913,1.0886,1,1,none,baostock,query_history_k_data_plus
600084,SHSE.600084,,SH,A股-上交所,2021-08-16,3.88,4.04,3.79,3.88,3.86,14805600.0,57987974.0,0.5181,1.3175,1,1,none,baostock,query_history_k_data_plus
600084,SHSE.600084,,SH,A股-上交所,2021-08-17,3.83,3.97,3.76,3.79,3.88,8506119.0,32808634.82,-2.3196,0.757,1,1,none,baostock,query_history_k_data_plus
600084,SHSE.600084,,SH,A股-上交所,2021-08-18,3.81,3.86,3.72,3.75,3.79,7809600.0,29442356.0,-1.0554,0.695,1,1,none,baostock,query_history_k_data_plus
600084,SHSE.600084,,SH,A股-上交所,2021-08-19,3.7,3.77,3.57,3.63,3.75,7747201.0,28236448.23,-3.2,0.6894,1,1,none,baostock,query_history_k_data_plus
600084,SHSE.600084,,SH,A股-上交所,2021-08-20,3.61,3.61,3.46,3.5,3.63,8339226.0,29233956.78,-3.5813,0.7421,1,1,none,baostock,query_history_k_data_plus
600084,SHSE.600084,,SH,A股-上交所,2021-08-23,3.48,3.66,3.48,3.6,3.5,4913242.0,17680163.88,2.8571,0.4372,1,1,none,baostock,query_history_k_data_plus
600084,SHSE.600084,,SH,A股-上交所,2021-08-24,3.63,3.78,3.58,3.78,3.6,5273155.0,19616248.67,5.0,0.4693,1,1,none,baostock,query_history_k_data_plus
600084,SHSE.600084,,SH,A股-上交所,2021-08-25,3.84,3.97,3.79,3.85,3.78,16509727.0,64172011.51,1.8519,1.4692,1,1,none,baostock,query_history_k_data_plus
600084,SHSE.600084,,SH,A股-上交所,2021-08-26,3.9,3.95,3.73,3.86,3.85,11385501.0,43924217.88,0.2597,1.0132,1,1,none,baostock,query_history_k_data_plus
600084,SHSE.600084,,SH,A股-上交所,2021-08-27,3.89,4.05,3.81,4.03,3.86,15008700.0,59757992.0,4.4041,1.3356,1,1,none,baostock,query_history_k_data_plus
600084,SHSE.600084,,SH,A股-上交所,2021-08-30,3.98,3.99,3.87,3.89,4.03,11945622.0,46742982.15,-3.4739,1.063,1,1,none,baostock,query_history_k_data_plus
600084,SHSE.600084,,SH,A股-上交所,2021-08-31,3.94,3.99,3.88,3.9,3.89,7897016.0,31002111.91,0.2571,0.7028,1,1,none,baostock,query_history_k_data_plus
600084,SHSE.600084,,SH,A股-上交所,2021-09-01,3.87,4.01,3.84,3.94,3.9,9715318.0,38139354.96,1.0256,0.8646,1,1,none,baostock,query_history_k_data_plus
600084,SHSE.600084,,SH,A股-上交所,2021-09-02,3.9,3.93,3.83,3.92,3.94,8199216.0,31752460.76,-0.5076,0.7296,1,1,none,baostock,query_history_k_data_plus
600084,SHSE.600084,,SH,A股-上交所,2021-09-03,3.89,4.08,3.85,3.95,3.92,10656968.0,42288707.0,0.7653,0.9484,1,1,none,baostock,query_history_k_data_plus
600084,SHSE.600084,,SH,A股-上交所,2021-09-06,3.88,3.98,3.86,3.9,3.95,7098800.0,27824767.0,-1.2658,0.6317,1,1,none,baostock,query_history_k_data_plus
600084,SHSE.600084,,SH,A股-上交所,2021-09-07,3.89,3.93,3.87,3.91,3.9,5331019.0,20780386.0,0.2564,0.4744,1,1,none,baostock,query_history_k_data_plus
600084,SHSE.600084,,SH,A股-上交所,2021-09-08,3.91,3.92,3.85,3.89,3.91,6695800.0,25930813.0,-0.5115,0.5959,1,1,none,baostock,query_history_k_data_plus
600084,SHSE.600084,,SH,A股-上交所,2021-09-09,3.89,3.94,3.87,3.9,3.89,4682200.0,18272247.0,0.2571,0.4167,1,1,none,baostock,query_history_k_data_plus
600084,SHSE.600084,,SH,A股-上交所,2021-09-10,3.89,3.92,3.86,3.91,3.9,5015000.0,19512123.0,0.2564,0.4463,1,1,none,baostock,query_history_k_data_plus
600084,SHSE.600084,,SH,A股-上交所,2021-09-13,3.9,3.9,3.85,3.88,3.91,5421441.0,20990439.67,-0.7673,0.4825,1,1,none,baostock,query_history_k_data_plus
600084,SHSE.600084,,SH,A股-上交所,2021-09-14,3.86,3.89,3.81,3.83,3.88,4880900.0,18796598.0,-1.2887,0.4343,1,1,none,baostock,query_history_k_data_plus
600084,SHSE.600084,,SH,A股-上交所,2021-09-15,3.81,3.82,3.65,3.73,3.83,7596661.0,28094702.65,-2.611,0.676,1,1,none,baostock,query_history_k_data_plus
600084,SHSE.600084,,SH,A股-上交所,2021-09-16,3.73,3.92,3.69,3.85,3.73,8017903.0,30820901.36,3.2172,0.7135,1,1,none,baostock,query_history_k_data_plus
600084,SHSE.600084,,SH,A股-上交所,2021-09-17,3.85,3.87,3.75,3.84,3.85,4167210.0,15848528.4,-0.2597,0.3708,1,1,none,baostock,query_history_k_data_plus
600084,SHSE.600084,,SH,A股-上交所,2021-09-22,3.8,3.8,3.72,3.74,3.84,4454480.0,16750413.2,-2.6042,0.3964,1,1,none,baostock,query_history_k_data_plus
600084,SHSE.600084,,SH,A股-上交所,2021-09-23,3.8,3.81,3.73,3.75,3.74,3397450.0,12740119.0,0.2674,0.3023,1,1,none,baostock,query_history_k_data_plus
600084,SHSE.600084,,SH,A股-上交所,2021-09-24,3.75,3.85,3.71,3.76,3.75,4426501.0,16705242.68,0.2667,0.3939,1,1,none,baostock,query_history_k_data_plus
600084,SHSE.600084,,SH,A股-上交所,2021-09-27,3.74,3.93,3.74,3.77,3.76,8130613.0,31069705.4,0.266,0.7235,1,1,none,baostock,query_history_k_data_plus
600084,SHSE.600084,,SH,A股-上交所,2021-09-28,3.74,3.76,3.6,3.61,3.77,5749610.0,20914310.0,-4.244,0.5117,1,1,none,baostock,query_history_k_data_plus
600084,SHSE.600084,,SH,A股-上交所,2021-09-29,3.6,3.63,3.46,3.49,3.61,5071004.0,17869939.06,-3.3241,0.4513,1,1,none,baostock,query_history_k_data_plus
600084,SHSE.600084,,SH,A股-上交所,2021-09-30,3.48,3.58,3.48,3.57,3.49,3166204.0,11185419.0,2.2923,0.2818,1,1,none,baostock,query_history_k_data_plus
600084,SHSE.600084,,SH,A股-上交所,2021-10-08,3.58,3.66,3.56,3.63,3.57,4156601.0,14969233.8,1.6807,0.3699,1,1,none,baostock,query_history_k_data_plus
600084,SHSE.600084,,SH,A股-上交所,2021-10-11,3.62,3.71,3.62,3.66,3.63,2900901.0,10617863.63,0.8264,0.2582,1,1,none,baostock,query_history_k_data_plus
600084,SHSE.600084,,SH,A股-上交所,2021-10-12,3.64,3.67,3.54,3.61,3.66,3028200.0,10967544.0,-1.3661,0.2695,1,1,none,baostock,query_history_k_data_plus
600084,SHSE.600084,,SH,A股-上交所,2021-10-13,3.6,3.65,3.55,3.62,3.61,3313400.0,11932341.0,0.277,0.2949,1,1,none,baostock,query_history_k_data_plus
600084,SHSE.600084,,SH,A股-上交所,2021-10-14,3.62,3.68,3.59,3.62,3.62,2490191.0,9002283.6,0.0,0.2216,1,1,none,baostock,query_history_k_data_plus
600084,SHSE.600084,,SH,A股-上交所,2021-10-15,3.61,3.61,3.55,3.58,3.62,2335700.0,8339167.0,-1.105,0.2079,1,1,none,baostock,query_history_k_data_plus
600084,SHSE.600084,,SH,A股-上交所,2021-10-18,3.57,3.61,3.51,3.6,3.58,2736100.0,9724915.0,0.5587,0.2435,1,1,none,baostock,query_history_k_data_plus
600084,SHSE.600084,,SH,A股-上交所,2021-10-19,3.58,3.63,3.53,3.6,3.6,2770500.0,9957134.78,0.0,0.2465,1,1,none,baostock,query_history_k_data_plus
600084,SHSE.600084,,SH,A股-上交所,2021-10-20,3.58,3.64,3.57,3.64,3.6,2216702.0,8009383.59,1.1111,0.1973,1,1,none,baostock,query_history_k_data_plus
600084,SHSE.600084,,SH,A股-上交所,2021-10-21,3.65,3.82,3.63,3.82,3.64,6552561.0,24496776.65,4.9451,0.5831,1,1,none,baostock,query_history_k_data_plus
600084,SHSE.600084,,SH,A股-上交所,2021-10-22,3.82,3.94,3.8,3.89,3.82,9023464.0,35080336.45,1.8325,0.803,1,1,none,baostock,query_history_k_data_plus
600084,SHSE.600084,,SH,A股-上交所,2021-10-25,3.79,3.86,3.7,3.74,3.89,5814802.0,21807593.44,-3.856,0.5175,1,1,none,baostock,query_history_k_data_plus
600084,SHSE.600084,,SH,A股-上交所,2021-10-26,3.71,3.78,3.68,3.76,3.74,3624600.0,13477910.0,0.5348,0.3226,1,1,none,baostock,query_history_k_data_plus
600084,SHSE.600084,,SH,A股-上交所,2021-10-27,3.77,3.77,3.59,3.62,3.76,4317400.0,15771339.0,-3.7234,0.3842,1,1,none,baostock,query_history_k_data_plus
600084,SHSE.600084,,SH,A股-上交所,2021-10-28,3.6,3.8,3.6,3.76,3.62,7644193.0,28463818.44,3.8674,0.6803,1,1,none,baostock,query_history_k_data_plus
600084,SHSE.600084,,SH,A股-上交所,2021-10-29,3.71,3.78,3.68,3.77,3.76,5227593.0,19509753.75,0.266,0.4652,1,1,none,baostock,query_history_k_data_plus
600084,SHSE.600084,,SH,A股-上交所,2021-11-01,3.73,3.76,3.71,3.75,3.77,2549400.0,9512710.0,-0.5305,0.2269,1,1,none,baostock,query_history_k_data_plus
600084,SHSE.600084,,SH,A股-上交所,2021-11-02,3.75,3.76,3.65,3.69,3.75,4287300.0,15870223.0,-1.6,0.3815,1,1,none,baostock,query_history_k_data_plus
600084,SHSE.600084,,SH,A股-上交所,2021-11-03,3.72,3.87,3.72,3.83,3.69,4581200.0,17351837.0,3.794,0.4077,1,1,none,baostock,query_history_k_data_plus
600084,SHSE.600084,,SH,A股-上交所,2021-11-04,3.81,3.88,3.75,3.82,3.83,4251600.0,16192555.99,-0.2611,0.3783,1,1,none,baostock,query_history_k_data_plus
600084,SHSE.600084,,SH,A股-上交所,2021-11-05,3.82,3.91,3.78,3.87,3.82,5501400.0,21292663.0,1.3089,0.4896,1,1,none,baostock,query_history_k_data_plus
600084,SHSE.600084,,SH,A股-上交所,2021-11-08,3.93,4.06,3.87,4.06,3.87,11977300.0,47957650.0,4.9096,1.0659,1,1,none,baostock,query_history_k_data_plus
600084,SHSE.600084,,SH,A股-上交所,2021-11-09,4.11,4.14,4.0,4.03,4.06,10822440.0,43983992.34,-0.7389,0.9631,1,1,none,baostock,query_history_k_data_plus
600084,SHSE.600084,,SH,A股-上交所,2021-11-10,4.02,4.23,3.98,4.19,4.03,13667704.0,57102357.48,3.9702,1.2163,1,1,none,baostock,query_history_k_data_plus
600084,SHSE.600084,,SH,A股-上交所,2021-11-11,4.19,4.4,4.15,4.4,4.19,15173802.0,65587048.15,5.0119,1.3503,1,1,none,baostock,query_history_k_data_plus
600084,SHSE.600084,,SH,A股-上交所,2021-11-12,4.51,4.51,4.18,4.18,4.4,18843539.0,80706010.83,-5.0,1.6769,1,1,none,baostock,query_history_k_data_plus
600084,SHSE.600084,,SH,A股-上交所,2021-11-15,4.11,4.23,4.03,4.16,4.18,9492531.0,39005814.83,-0.4785,0.8447,1,1,none,baostock,query_history_k_data_plus
600084,SHSE.600084,,SH,A股-上交所,2021-11-16,4.12,4.27,4.1,4.14,4.16,9335300.0,38902222.0,-0.4808,0.8307,1,1,none,baostock,query_history_k_data_plus
600084,SHSE.600084,,SH,A股-上交所,2021-11-17,4.14,4.21,4.03,4.18,4.14,6652600.0,27512564.0,0.9662,0.592,1,1,none,baostock,query_history_k_data_plus
600084,SHSE.600084,,SH,A股-上交所,2021-11-18,4.17,4.32,4.15,4.27,4.18,7349338.0,31297405.5,2.1531,0.654,1,1,none,baostock,query_history_k_data_plus
600084,SHSE.600084,,SH,A股-上交所,2021-11-19,4.33,4.37,4.17,4.18,4.27,5893700.0,25023848.0,-2.1077,0.5245,1,1,none,baostock,query_history_k_data_plus
600084,SHSE.600084,,SH,A股-上交所,2021-11-22,4.14,4.18,4.02,4.11,4.18,5882801.0,24177987.11,-1.6746,0.5235,1,1,none,baostock,query_history_k_data_plus
600084,SHSE.600084,,SH,A股-上交所,2021-11-23,4.11,4.2,4.11,4.16,4.11,3902600.0,16212399.0,1.2165,0.3473,1,1,none,baostock,query_history_k_data_plus
600084,SHSE.600084,,SH,A股-上交所,2021-11-24,4.13,4.32,4.12,4.24,4.16,5817010.0,24526305.8,1.9231,0.5177,1,1,none,baostock,query_history_k_data_plus
600084,SHSE.600084,,SH,A股-上交所,2021-11-25,4.22,4.28,4.17,4.18,4.24,5002500.0,21058259.0,-1.4151,0.4452,1,1,none,baostock,query_history_k_data_plus
600084,SHSE.600084,,SH,A股-上交所,2021-11-26,4.2,4.26,4.18,4.23,4.18,3340900.0,14104451.49,1.1962,0.2973,1,1,none,baostock,query_history_k_data_plus
600084,SHSE.600084,,SH,A股-上交所,2021-11-29,4.17,4.31,4.11,4.27,4.23,5446410.0,23111874.6,0.9456,0.4847,1,1,none,baostock,query_history_k_data_plus
600084,SHSE.600084,,SH,A股-上交所,2021-11-30,4.3,4.32,4.16,4.19,4.27,4771100.0,20158892.0,-1.8735,0.4246,1,1,none,baostock,query_history_k_data_plus
600084,SHSE.600084,,SH,A股-上交所,2021-12-01,4.19,4.27,4.16,4.24,4.19,4431700.0,18654062.0,1.1933,0.3944,1,1,none,baostock,query_history_k_data_plus
600084,SHSE.600084,,SH,A股-上交所,2021-12-02,4.22,4.32,4.2,4.24,4.24,7250501.0,30859044.96,0.0,0.6452,1,1,none,baostock,query_history_k_data_plus
600084,SHSE.600084,,SH,A股-上交所,2021-12-03,4.25,4.28,4.22,4.24,4.24,5074801.0,21588111.23,0.0,0.4516,1,1,none,baostock,query_history_k_data_plus
600084,SHSE.600084,,SH,A股-上交所,2021-12-06,4.25,4.26,4.11,4.12,4.24,6916800.0,28760467.0,-2.8302,0.6155,1,1,none,baostock,query_history_k_data_plus
600084,SHSE.600084,,SH,A股-上交所,2021-12-07,4.15,4.18,4.05,4.1,4.12,5819621.0,23944782.31,-0.4854,0.5179,1,1,none,baostock,query_history_k_data_plus
600084,SHSE.600084,,SH,A股-上交所,2021-12-08,4.09,4.17,4.07,4.13,4.1,3829200.0,15832338.98,0.7317,0.3408,1,1,none,baostock,query_history_k_data_plus
600084,SHSE.600084,,SH,A股-上交所,2021-12-09,4.08,4.18,4.08,4.14,4.13,4616501.0,19100122.12,0.2421,0.4108,1,1,none,baostock,query_history_k_data_plus
600084,SHSE.600084,,SH,A股-上交所,2021-12-10,4.11,4.13,4.06,4.08,4.14,3772801.0,15426866.86,-1.4493,0.3357,1,1,none,baostock,query_history_k_data_plus
600084,SHSE.600084,,SH,A股-上交所,2021-12-13,4.08,4.13,4.05,4.09,4.08,3260501.0,13325330.08,0.2451,0.2902,1,1,none,baostock,query_history_k_data_plus
600084,SHSE.600084,,SH,A股-上交所,2021-12-14,4.1,4.12,4.04,4.08,4.09,2637502.0,10784261.13,-0.2445,0.2347,1,1,none,baostock,query_history_k_data_plus
600084,SHSE.600084,,SH,A股-上交所,2021-12-15,4.1,4.18,4.02,4.04,4.08,4641491.0,18850947.73,-0.9804,0.413,1,1,none,baostock,query_history_k_data_plus
600084,SHSE.600084,,SH,A股-上交所,2021-12-16,4.02,4.06,3.92,3.97,4.04,4456323.0,17737114.08,-1.7327,0.3966,1,1,none,baostock,query_history_k_data_plus
600084,SHSE.600084,,SH,A股-上交所,2021-12-17,3.97,4.0,3.95,3.97,3.97,2421600.0,9622469.0,0.0,0.2155,1,1,none,baostock,query_history_k_data_plus
600084,SHSE.600084,,SH,A股-上交所,2021-12-20,3.93,3.99,3.92,3.94,3.97,4038501.0,15917896.94,-0.7557,0.3594,1,1,none,baostock,query_history_k_data_plus
600084,SHSE.600084,,SH,A股-上交所,2021-12-21,3.93,3.94,3.86,3.93,3.94,3903502.0,15225439.82,-0.2538,0.3474,1,1,none,baostock,query_history_k_data_plus
600084,SHSE.600084,,SH,A股-上交所,2021-12-22,3.92,4.08,3.9,4.02,3.93,4857900.0,19431563.0,2.2901,0.4323,1,1,none,baostock,query_history_k_data_plus
600084,SHSE.600084,,SH,A股-上交所,2021-12-23,4.01,4.07,3.98,3.99,4.02,2445004.0,9798328.96,-0.7463,0.2176,1,1,none,baostock,query_history_k_data_plus
600084,SHSE.600084,,SH,A股-上交所,2021-12-24,3.98,4.01,3.91,3.93,3.99,3679000.0,14506106.16,-1.5038,0.3274,1,1,none,baostock,query_history_k_data_plus
600084,SHSE.600084,,SH,A股-上交所,2021-12-27,3.94,3.98,3.9,3.92,3.93,1677750.0,6595261.0,-0.2545,0.1493,1,1,none,baostock,query_history_k_data_plus
600084,SHSE.600084,,SH,A股-上交所,2021-12-28,3.93,3.93,3.88,3.92,3.92,2224624.0,8675824.38,0.0,0.198,1,1,none,baostock,query_history_k_data_plus
600084,SHSE.600084,,SH,A股-上交所,2021-12-29,4.0,4.08,3.97,3.97,3.92,4526842.0,18182784.7,1.2755,0.4028,1,1,none,baostock,query_history_k_data_plus
600084,SHSE.600084,,SH,A股-上交所,2021-12-30,3.95,3.99,3.93,3.99,3.97,3057326.0,12088904.22,0.5038,0.2721,1,1,none,baostock,query_history_k_data_plus
600084,SHSE.600084,,SH,A股-上交所,2021-12-31,3.97,4.04,3.95,4.0,3.99,2930500.0,11730570.74,0.2506,0.2608,1,1,none,baostock,query_history_k_data_plus
600084,SHSE.600084,,SH,A股-上交所,2022-01-04,4.1,4.2,4.05,4.14,4.0,10014600.0,41658477.77,3.5,0.8912,1,1,none,baostock,query_history_k_data_plus
600084,SHSE.600084,,SH,A股-上交所,2022-01-05,4.12,4.2,4.11,4.17,4.14,4510286.0,18674117.58,0.7246,0.4014,1,1,none,baostock,query_history_k_data_plus
600084,SHSE.600084,,SH,A股-上交所,2022-01-06,4.21,4.21,4.13,4.15,4.17,2865000.0,11915598.0,-0.4796,0.255,1,1,none,baostock,query_history_k_data_plus
600084,SHSE.600084,,SH,A股-上交所,2022-01-07,4.15,4.16,4.06,4.1,4.15,4350100.0,17819953.0,-1.2048,0.3871,1,1,none,baostock,query_history_k_data_plus
600084,SHSE.600084,,SH,A股-上交所,2022-01-10,4.08,4.12,4.06,4.11,4.1,2244500.0,9193950.0,0.2439,0.1997,1,1,none,baostock,query_history_k_data_plus
600084,SHSE.600084,,SH,A股-上交所,2022-01-11,4.14,4.21,4.13,4.19,4.11,4469100.0,18681572.0,1.9465,0.3977,1,1,none,baostock,query_history_k_data_plus
600084,SHSE.600084,,SH,A股-上交所,2022-01-12,4.18,4.37,4.16,4.32,4.19,6938304.0,29631457.2,3.1026,0.6174,1,1,none,baostock,query_history_k_data_plus
600084,SHSE.600084,,SH,A股-上交所,2022-01-13,4.26,4.35,4.25,4.29,4.32,5135860.0,22037646.2,-0.6944,0.457,1,1,none,baostock,query_history_k_data_plus
600084,SHSE.600084,,SH,A股-上交所,2022-01-14,4.27,4.34,4.2,4.2,4.29,5359500.0,22843161.0,-2.0979,0.4769,1,1,none,baostock,query_history_k_data_plus
600084,SHSE.600084,,SH,A股-上交所,2022-01-17,4.19,4.27,4.18,4.25,4.2,3876622.0,16454098.5,1.1905,0.345,1,1,none,baostock,query_history_k_data_plus
600084,SHSE.600084,,SH,A股-上交所,2022-01-18,4.22,4.27,4.19,4.24,4.25,3753800.0,15869530.0,-0.2353,0.334,1,1,none,baostock,query_history_k_data_plus
600084,SHSE.600084,,SH,A股-上交所,2022-01-19,4.22,4.25,4.17,4.25,4.24,4528000.0,19066938.0,0.2358,0.4029,1,1,none,baostock,query_history_k_data_plus
600084,SHSE.600084,,SH,A股-上交所,2022-01-20,4.25,4.25,4.15,4.18,4.25,3475000.0,14547987.0,-1.6471,0.3092,1,1,none,baostock,query_history_k_data_plus
600084,SHSE.600084,,SH,A股-上交所,2022-01-21,4.17,4.19,4.13,4.16,4.18,3037061.0,12614696.54,-0.4785,0.2703,1,1,none,baostock,query_history_k_data_plus
600084,SHSE.600084,,SH,A股-上交所,2022-01-24,4.14,4.19,4.12,4.16,4.16,2136300.0,8894221.0,0.0,0.1901,1,1,none,baostock,query_history_k_data_plus
600084,SHSE.600084,,SH,A股-上交所,2022-01-25,4.15,4.15,3.95,3.95,4.16,6787300.0,27530368.0,-5.0481,0.604,1,1,none,baostock,query_history_k_data_plus
600084,SHSE.600084,,SH,A股-上交所,2022-01-26,3.97,4.15,3.97,4.12,3.95,4374336.0,17810946.74,4.3038,0.3893,1,1,none,baostock,query_history_k_data_plus
600084,SHSE.600084,,SH,A股-上交所,2022-01-27,4.11,4.32,4.09,4.12,4.12,5266201.0,22004158.13,0.0,0.4686,1,1,none,baostock,query_history_k_data_plus
600084,SHSE.600084,,SH,A股-上交所,2022-01-28,4.08,4.08,3.91,3.98,4.12,11400900.0,45406243.0,-3.3981,1.0146,1,1,none,baostock,query_history_k_data_plus
600084,SHSE.600084,,SH,A股-上交所,2022-02-07,4.01,4.08,3.99,4.02,3.98,4203860.0,16941562.68,1.005,0.3741,1,1,none,baostock,query_history_k_data_plus
600084,SHSE.600084,,SH,A股-上交所,2022-02-08,4.04,4.13,4.01,4.09,4.02,4541028.0,18439150.91,1.7413,0.4041,1,1,none,baostock,query_history_k_data_plus
600084,SHSE.600084,,SH,A股-上交所,2022-02-09,4.06,4.09,4.04,4.07,4.09,3387000.0,13752519.0,-0.489,0.3014,1,1,none,baostock,query_history_k_data_plus
600084,SHSE.600084,,SH,A股-上交所,2022-02-10,4.06,4.13,4.04,4.1,4.07,3406400.0,13933749.0,0.7371,0.3031,1,1,none,baostock,query_history_k_data_plus
600084,SHSE.600084,,SH,A股-上交所,2022-02-11,4.1,4.1,4.06,4.1,4.1,3223761.0,13143238.88,0.0,0.2869,1,1,none,baostock,query_history_k_data_plus
600084,SHSE.600084,,SH,A股-上交所,2022-02-14,4.09,4.11,4.07,4.1,4.1,2728146.0,11155416.11,0.0,0.2428,1,1,none,baostock,query_history_k_data_plus
600084,SHSE.600084,,SH,A股-上交所,2022-02-15,4.09,4.11,4.06,4.1,4.1,3219544.0,13140032.25,0.0,0.2865,1,1,none,baostock,query_history_k_data_plus
600084,SHSE.600084,,SH,A股-上交所,2022-02-16,4.08,4.24,4.06,4.16,4.1,5943742.0,24617192.46,1.4634,0.5289,1,1,none,baostock,query_history_k_data_plus
600084,SHSE.600084,,SH,A股-上交所,2022-02-17,4.16,4.22,4.12,4.16,4.16,3375484.0,14043025.28,0.0,0.3004,1,1,none,baostock,query_history_k_data_plus
600084,SHSE.600084,,SH,A股-上交所,2022-02-18,4.16,4.23,4.15,4.22,4.16,3369784.0,14152966.28,1.4423,0.2999,1,1,none,baostock,query_history_k_data_plus
600084,SHSE.600084,,SH,A股-上交所,2022-02-21,4.26,4.39,4.23,4.27,4.22,6519546.0,27878813.07,1.1848,0.5802,1,1,none,baostock,query_history_k_data_plus
600084,SHSE.600084,,SH,A股-上交所,2022-02-22,4.22,4.27,4.22,4.25,4.27,3189600.0,13546586.0,-0.4684,0.2838,1,1,none,baostock,query_history_k_data_plus
600084,SHSE.600084,,SH,A股-上交所,2022-02-23,4.23,4.27,4.23,4.24,4.25,2978600.0,12649577.0,-0.2353,0.2651,1,1,none,baostock,query_history_k_data_plus
600084,SHSE.600084,,SH,A股-上交所,2022-02-24,4.24,4.25,4.05,4.18,4.24,8360600.0,34787587.0,-1.4151,0.744,1,1,none,baostock,query_history_k_data_plus
600084,SHSE.600084,,SH,A股-上交所,2022-02-25,4.16,4.25,4.16,4.22,4.18,3802152.0,16035964.92,0.9569,0.3384,1,1,none,baostock,query_history_k_data_plus
600084,SHSE.600084,,SH,A股-上交所,2022-02-28,4.2,4.23,4.16,4.22,4.22,2344000.0,9852470.0,0.0,0.2086,1,1,none,baostock,query_history_k_data_plus
600084,SHSE.600084,,SH,A股-上交所,2022-03-01,4.2,4.26,4.19,4.22,4.22,2849000.0,12035284.0,0.0,0.2535,1,1,none,baostock,query_history_k_data_plus
600084,SHSE.600084,,SH,A股-上交所,2022-03-02,4.2,4.35,4.2,4.28,4.22,4785093.0,20401678.0,1.4218,0.4258,1,1,none,baostock,query_history_k_data_plus
600084,SHSE.600084,,SH,A股-上交所,2022-03-03,4.25,4.29,4.23,4.26,4.28,5619793.0,23859415.0,-0.4673,0.5001,1,1,none,baostock,query_history_k_data_plus
600084,SHSE.600084,,SH,A股-上交所,2022-03-04,4.25,4.38,4.21,4.3,4.26,6003100.0,25745300.0,0.939,0.5342,1,1,none,baostock,query_history_k_data_plus
600084,SHSE.600084,,SH,A股-上交所,2022-03-07,4.3,4.35,4.27,4.31,4.3,6671442.0,28759002.0,0.2326,0.5937,1,1,none,baostock,query_history_k_data_plus
600084,SHSE.600084,,SH,A股-上交所,2022-03-08,4.29,4.32,4.2,4.25,4.31,5320000.0,22698470.0,-1.3921,0.4734,1,1,none,baostock,query_history_k_data_plus
600084,SHSE.600084,,SH,A股-上交所,2022-03-09,4.25,4.29,4.04,4.22,4.25,7357359.0,30847423.0,-0.7059,0.6547,1,1,none,baostock,query_history_k_data_plus
600084,SHSE.600084,,SH,A股-上交所,2022-03-10,4.23,4.34,4.22,4.3,4.22,4868401.0,20908914.0,1.8957,0.4332,1,1,none,baostock,query_history_k_data_plus
600084,SHSE.600084,,SH,A股-上交所,2022-03-11,4.29,4.34,4.22,4.32,4.3,4912602.0,20975412.0,0.4651,0.4372,1,1,none,baostock,query_history_k_data_plus
600084,SHSE.600084,,SH,A股-上交所,2022-03-14,4.29,4.31,4.25,4.28,4.32,3096303.0,13215585.0,-0.9259,0.2755,1,1,none,baostock,query_history_k_data_plus
600084,SHSE.600084,,SH,A股-上交所,2022-03-15,4.26,4.27,4.08,4.13,4.28,5788365.0,24071954.0,-3.5047,0.5151,1,1,none,baostock,query_history_k_data_plus
600084,SHSE.600084,,SH,A股-上交所,2022-03-16,4.15,4.19,4.07,4.17,4.13,3385363.0,13993788.0,0.9685,0.3013,1,1,none,baostock,query_history_k_data_plus
600084,SHSE.600084,,SH,A股-上交所,2022-03-17,4.17,4.25,4.17,4.23,4.17,2882200.0,12149715.0,1.4388,0.2565,1,1,none,baostock,query_history_k_data_plus
600084,SHSE.600084,,SH,A股-上交所,2022-03-18,4.21,4.31,4.21,4.29,4.23,5354738.0,22873638.02,1.4184,0.4765,1,1,none,baostock,query_history_k_data_plus
600084,SHSE.600084,,SH,A股-上交所,2022-03-21,4.26,4.32,4.26,4.29,4.29,1910800.0,8182327.0,0.0,0.17,1,1,none,baostock,query_history_k_data_plus
600084,SHSE.600084,,SH,A股-上交所,2022-03-22,4.27,4.38,4.27,4.35,4.29,4953100.0,21475103.0,1.3986,0.4408,1,1,none,baostock,query_history_k_data_plus
600084,SHSE.600084,,SH,A股-上交所,2022-03-23,4.36,4.57,4.35,4.57,4.35,12338101.0,56144660.57,5.0575,1.098,1,1,none,baostock,query_history_k_data_plus
600084,SHSE.600084,,SH,A股-上交所,2022-03-24,4.7,4.8,4.61,4.8,4.57,15255360.0,72640301.57,5.0328,1.3576,1,1,none,baostock,query_history_k_data_plus
600084,SHSE.600084,,SH,A股-上交所,2022-03-25,4.76,5.04,4.71,4.86,4.8,18776826.0,91757927.87,1.25,1.6709,1,1,none,baostock,query_history_k_data_plus
600084,SHSE.600084,,SH,A股-上交所,2022-03-28,4.76,4.97,4.66,4.76,4.86,11413700.0,54778959.0,-2.0576,1.0157,1,1,none,baostock,query_history_k_data_plus
600084,SHSE.600084,,SH,A股-上交所,2022-03-29,4.71,4.83,4.59,4.66,4.76,6466500.0,30308401.0,-2.1008,0.5755,1,1,none,baostock,query_history_k_data_plus
600084,SHSE.600084,,SH,A股-上交所,2022-03-30,4.68,4.74,4.61,4.74,4.66,4485300.0,21037523.0,1.7167,0.3991,1,1,none,baostock,query_history_k_data_plus
600084,SHSE.600084,,SH,A股-上交所,2022-03-31,4.69,4.94,4.69,4.76,4.74,7363921.0,35476415.94,0.4219,0.6553,1,1,none,baostock,query_history_k_data_plus
600084,SHSE.600084,,SH,A股-上交所,2022-04-01,4.77,4.85,4.75,4.84,4.76,4299300.0,20636695.0,1.6807,0.3826,1,1,none,baostock,query_history_k_data_plus
600084,SHSE.600084,,SH,A股-上交所,2022-04-06,4.9,4.92,4.75,4.87,4.84,5017993.0,24158773.54,0.6198,0.4465,1,1,none,baostock,query_history_k_data_plus
600084,SHSE.600084,,SH,A股-上交所,2022-04-07,4.84,5.02,4.8,4.9,4.87,5440900.0,26764951.0,0.616,0.4842,1,1,none,baostock,query_history_k_data_plus
600084,SHSE.600084,,SH,A股-上交所,2022-04-08,4.87,5.15,4.86,5.15,4.9,7416200.0,37573785.0,5.102,0.66,1,1,none,baostock,query_history_k_data_plus
600084,SHSE.600084,,SH,A股-上交所,2022-04-11,5.33,5.41,5.12,5.13,5.15,19324900.0,101457930.07,-0.3883,1.7197,1,1,none,baostock,query_history_k_data_plus
600084,SHSE.600084,,SH,A股-上交所,2022-04-12,5.14,5.39,5.04,5.39,5.13,13540332.0,71134976.36,5.0682,1.2049,1,1,none,baostock,query_history_k_data_plus
600084,SHSE.600084,,SH,A股-上交所,2022-04-13,5.4,5.58,5.21,5.27,5.39,13289200.0,71043284.0,-2.2263,1.1826,1,1,none,baostock,query_history_k_data_plus
600084,SHSE.600084,,SH,A股-上交所,2022-04-14,5.22,5.34,5.05,5.08,5.27,13314500.0,69260465.9,-3.6053,1.1849,1,1,none,baostock,query_history_k_data_plus
600084,SHSE.600084,,SH,A股-上交所,2022-04-15,5.09,5.3,5.05,5.18,5.08,9240376.0,47611074.4,1.9685,0.8223,1,1,none,baostock,query_history_k_data_plus
600084,SHSE.600084,,SH,A股-上交所,2022-04-18,5.16,5.35,5.14,5.35,5.18,6405520.0,33462695.8,3.2819,0.57,1,1,none,baostock,query_history_k_data_plus
600084,SHSE.600084,,SH,A股-上交所,2022-04-19,5.3,5.37,5.21,5.24,5.35,6662701.0,35034488.22,-2.0561,0.5929,1,1,none,baostock,query_history_k_data_plus
600084,SHSE.600084,,SH,A股-上交所,2022-04-20,5.28,5.5,5.2,5.45,5.24,14945413.0,81361751.6,4.0076,1.33,1,1,none,baostock,query_history_k_data_plus
600084,SHSE.600084,,SH,A股-上交所,2022-04-21,5.39,5.39,5.18,5.18,5.45,15622912.0,82133665.95,-4.9541,1.3903,1,1,none,baostock,query_history_k_data_plus
600084,SHSE.600084,,SH,A股-上交所,2022-04-22,4.99,5.17,4.92,5.12,5.18,11885701.0,59538850.96,-1.1583,1.0577,1,1,none,baostock,query_history_k_data_plus
600084,SHSE.600084,,SH,A股-上交所,2022-04-25,5.1,5.18,4.86,4.86,5.12,8870600.0,44387728.0,-5.0781,0.7894,1,1,none,baostock,query_history_k_data_plus
600084,SHSE.600084,,SH,A股-上交所,2022-04-26,4.88,5.06,4.8,4.88,4.86,7241702.0,35551141.01,0.4115,0.6444,1,1,none,baostock,query_history_k_data_plus
600084,SHSE.600084,,SH,A股-上交所,2022-04-27,4.87,4.87,4.64,4.64,4.88,8824301.0,41089623.67,-4.918,0.7853,1,1,none,baostock,query_history_k_data_plus
600084,SHSE.600084,,SH,A股-上交所,2022-04-28,4.63,4.87,4.57,4.73,4.64,5550100.0,26322780.0,1.9397,0.4939,1,1,none,baostock,query_history_k_data_plus
600084,SHSE.600084,,SH,A股-上交所,2022-04-29,4.7,4.96,4.67,4.93,4.73,5823800.0,28087392.97,4.2283,0.5183,1,1,none,baostock,query_history_k_data_plus
600084,SHSE.600084,,SH,A股-上交所,2022-05-05,4.86,5.06,4.86,4.93,4.93,4344242.0,21537147.8,0.0,0.3866,1,1,none,baostock,query_history_k_data_plus
600084,SHSE.600084,,SH,A股-上交所,2022-05-06,4.88,4.98,4.82,4.91,4.93,3271401.0,16050384.91,-0.4057,0.2911,1,1,none,baostock,query_history_k_data_plus
600084,SHSE.600084,,SH,A股-上交所,2022-05-09,4.9,5.04,4.87,5.01,4.91,3620700.0,18045493.0,2.0367,0.3222,1,1,none,baostock,query_history_k_data_plus
600084,SHSE.600084,,SH,A股-上交所,2022-05-10,4.96,5.24,4.95,5.2,5.01,5415600.0,27789506.0,3.7924,0.4819,1,1,none,baostock,query_history_k_data_plus
600084,SHSE.600084,,SH,A股-上交所,2022-05-11,5.2,5.2,5.2,5.2,5.2,,,,,0,1,none,baostock,query_history_k_data_plus
600084,SHSE.600084,,SH,A股-上交所,2022-05-12,5.4,5.72,5.24,5.33,5.2,27812728.0,152375031.16,2.5,2.475,1,0,none,baostock,query_history_k_data_plus
600084,SHSE.600084,,SH,A股-上交所,2022-05-13,5.27,5.86,5.25,5.86,5.33,31110529.0,178216478.26,9.9437,2.7685,1,0,none,baostock,query_history_k_data_plus
600084,SHSE.600084,,SH,A股-上交所,2022-05-16,5.88,6.45,5.87,6.45,5.86,58229392.0,367121896.92,10.0683,5.1818,1,0,none,baostock,query_history_k_data_plus
600084,SHSE.600084,,SH,A股-上交所,2022-05-17,6.29,6.45,5.81,5.94,6.45,48984609.0,296574412.72,-7.907,4.3591,1,0,none,baostock,query_history_k_data_plus
600084,SHSE.600084,,SH,A股-上交所,2022-05-18,5.87,6.24,5.69,6.0,5.94,34972058.0,207985520.8,1.0101,3.1121,1,0,none,baostock,query_history_k_data_plus
600084,SHSE.600084,,SH,A股-上交所,2022-05-19,5.92,6.21,5.9,6.04,6.0,28737911.0,173667745.59,0.6667,2.5574,1,0,none,baostock,query_history_k_data_plus
600084,SHSE.600084,,SH,A股-上交所,2022-05-20,6.03,6.15,5.88,5.97,6.04,24545649.0,147574625.11,-1.1589,2.1843,1,0,none,baostock,query_history_k_data_plus
600084,SHSE.600084,,SH,A股-上交所,2022-05-23,5.95,6.01,5.85,5.97,5.97,16987400.0,100621930.0,0.0,1.5117,1,0,none,baostock,query_history_k_data_plus
600084,SHSE.600084,,SH,A股-上交所,2022-05-24,5.93,6.11,5.7,5.7,5.97,22294612.0,132479698.05,-4.5226,1.984,1,0,none,baostock,query_history_k_data_plus
600084,SHSE.600084,,SH,A股-上交所,2022-05-25,5.65,5.8,5.58,5.73,5.7,17079301.0,97064599.66,0.5263,1.5199,1,0,none,baostock,query_history_k_data_plus
600084,SHSE.600084,,SH,A股-上交所,2022-05-26,5.7,5.74,5.6,5.71,5.73,10194900.0,57799145.0,-0.349,0.9072,1,0,none,baostock,query_history_k_data_plus
600084,SHSE.600084,,SH,A股-上交所,2022-05-27,5.76,5.77,5.6,5.64,5.71,9067200.0,51295375.0,-1.2259,0.8069,1,0,none,baostock,query_history_k_data_plus
600084,SHSE.600084,,SH,A股-上交所,2022-05-30,5.69,6.05,5.66,5.96,5.64,19444712.0,114210043.63,5.6738,1.7304,1,0,none,baostock,query_history_k_data_plus
600084,SHSE.600084,,SH,A股-上交所,2022-05-31,5.96,5.98,5.8,5.85,5.96,13181196.0,77400652.36,-1.8456,1.173,1,0,none,baostock,query_history_k_data_plus
600084,SHSE.600084,,SH,A股-上交所,2022-06-01,5.82,5.84,5.62,5.68,5.85,9916834.0,56607285.46,-2.906,0.8825,1,0,none,baostock,query_history_k_data_plus
600084,SHSE.600084,,SH,A股-上交所,2022-06-02,5.68,5.72,5.33,5.5,5.68,13734700.0,75070621.0,-3.169,1.2222,1,0,none,baostock,query_history_k_data_plus
600084,SHSE.600084,,SH,A股-上交所,2022-06-06,5.69,5.89,5.57,5.69,5.5,12999425.0,74022023.03,3.4545,1.1568,1,0,none,baostock,query_history_k_data_plus
600084,SHSE.600084,,SH,A股-上交所,2022-06-07,5.65,5.85,5.63,5.72,5.69,9696445.0,55656645.54,0.5272,0.8629,1,0,none,baostock,query_history_k_data_plus
600084,SHSE.600084,,SH,A股-上交所,2022-06-08,5.73,5.78,5.42,5.51,5.72,9407212.0,52388714.4,-3.6713,0.8371,1,0,none,baostock,query_history_k_data_plus
600084,SHSE.600084,,SH,A股-上交所,2022-06-09,5.55,5.55,5.42,5.48,5.51,6128100.0,33530135.78,-0.5445,0.5453,1,0,none,baostock,query_history_k_data_plus
600084,SHSE.600084,,SH,A股-上交所,2022-06-10,5.45,5.5,5.41,5.47,5.48,4693044.0,25560575.36,-0.1825,0.4176,1,0,none,baostock,query_history_k_data_plus
600084,SHSE.600084,,SH,A股-上交所,2022-06-13,5.47,5.47,5.28,5.32,5.47,7061200.0,37629671.0,-2.7422,0.6284,1,0,none,baostock,query_history_k_data_plus
600084,SHSE.600084,,SH,A股-上交所,2022-06-14,5.27,5.45,5.27,5.4,5.32,6636901.0,35587206.32,1.5038,0.5906,1,0,none,baostock,query_history_k_data_plus
600084,SHSE.600084,,SH,A股-上交所,2022-06-15,5.38,5.41,5.32,5.37,5.4,6161100.0,33007289.0,-0.5556,0.5483,1,0,none,baostock,query_history_k_data_plus
600084,SHSE.600084,,SH,A股-上交所,2022-06-16,5.39,5.46,5.35,5.42,5.37,4708800.0,25470828.16,0.9311,0.419,1,0,none,baostock,query_history_k_data_plus
600084,SHSE.600084,,SH,A股-上交所,2022-06-17,5.39,5.66,5.37,5.58,5.42,9152201.0,50540327.43,2.952,0.8145,1,0,none,baostock,query_history_k_data_plus
600084,SHSE.600084,,SH,A股-上交所,2022-06-20,5.74,5.74,5.51,5.53,5.58,6624801.0,36958316.54,-0.8961,0.5895,1,0,none,baostock,query_history_k_data_plus
600084,SHSE.600084,,SH,A股-上交所,2022-06-21,5.5,5.59,5.35,5.42,5.53,5071600.0,27613846.0,-1.9892,0.4513,1,0,none,baostock,query_history_k_data_plus
600084,SHSE.600084,,SH,A股-上交所,2022-06-22,5.37,5.44,5.35,5.38,5.42,2764200.0,14884818.0,-0.738,0.246,1,0,none,baostock,query_history_k_data_plus
600084,SHSE.600084,,SH,A股-上交所,2022-06-23,5.4,5.61,5.35,5.53,5.38,6124700.0,33616653.0,2.7881,0.545,1,0,none,baostock,query_history_k_data_plus
600084,SHSE.600084,,SH,A股-上交所,2022-06-24,5.55,5.65,5.47,5.6,5.53,7092992.0,39414185.28,1.2658,0.6312,1,0,none,baostock,query_history_k_data_plus
600084,SHSE.600084,,SH,A股-上交所,2022-06-27,5.83,6.16,5.83,6.05,5.6,23539800.0,141548320.0,8.0357,2.0948,1,0,none,baostock,query_history_k_data_plus
600084,SHSE.600084,,SH,A股-上交所,2022-06-28,6.0,6.16,5.9,5.94,6.05,13548501.0,81122839.98,-1.8182,1.2057,1,0,none,baostock,query_history_k_data_plus
600084,SHSE.600084,,SH,A股-上交所,2022-06-29,5.94,6.38,5.9,6.04,5.94,16909972.0,104133700.76,1.6835,1.5048,1,0,none,baostock,query_history_k_data_plus
600084,SHSE.600084,,SH,A股-上交所,2022-06-30,6.06,6.18,5.95,6.08,6.04,11229700.0,67943788.0,0.6623,0.9993,1,0,none,baostock,query_history_k_data_plus
600084,SHSE.600084,,SH,A股-上交所,2022-07-01,6.08,6.15,5.97,6.06,6.08,8328901.0,50450022.06,-0.3289,0.7412,1,0,none,baostock,query_history_k_data_plus
600084,SHSE.600084,,SH,A股-上交所,2022-07-04,6.07,6.12,5.97,6.05,6.06,5865500.0,35445024.0,-0.165,0.522,1,0,none,baostock,query_history_k_data_plus
600084,SHSE.600084,,SH,A股-上交所,2022-07-05,6.08,6.11,6.0,6.08,6.05,5625400.0,34013362.0,0.4959,0.5006,1,0,none,baostock,query_history_k_data_plus
600084,SHSE.600084,,SH,A股-上交所,2022-07-06,6.05,6.13,6.02,6.11,6.08,6682422.0,40659548.2,0.4934,0.5947,1,0,none,baostock,query_history_k_data_plus
600084,SHSE.600084,,SH,A股-上交所,2022-07-07,6.05,6.46,6.04,6.32,6.11,13198000.0,83063701.0,3.437,1.1745,1,0,none,baostock,query_history_k_data_plus
600084,SHSE.600084,,SH,A股-上交所,2022-07-08,6.29,6.38,6.12,6.16,6.32,8557572.0,53241627.08,-2.5316,0.7615,1,0,none,baostock,query_history_k_data_plus
600084,SHSE.600084,,SH,A股-上交所,2022-07-11,6.12,6.26,6.07,6.22,6.16,5295200.0,32577435.0,0.974,0.4712,1,0,none,baostock,query_history_k_data_plus
600084,SHSE.600084,,SH,A股-上交所,2022-07-12,6.2,6.39,6.16,6.25,6.22,7237800.0,45405385.0,0.4823,0.6441,1,0,none,baostock,query_history_k_data_plus
600084,SHSE.600084,,SH,A股-上交所,2022-07-13,6.22,6.33,6.19,6.26,6.25,4766700.0,29800902.0,0.16,0.4242,1,0,none,baostock,query_history_k_data_plus
600084,SHSE.600084,,SH,A股-上交所,2022-07-14,6.26,6.28,6.09,6.17,6.26,6028100.0,37206421.0,-1.4377,0.5364,1,0,none,baostock,query_history_k_data_plus
600084,SHSE.600084,,SH,A股-上交所,2022-07-15,6.15,6.21,5.88,5.96,6.17,7684500.0,46335644.0,-3.4036,0.6838,1,0,none,baostock,query_history_k_data_plus
600084,SHSE.600084,,SH,A股-上交所,2022-07-18,5.99,6.19,5.95,6.13,5.96,5094600.0,31088933.0,2.8523,0.4534,1,0,none,baostock,query_history_k_data_plus
600084,SHSE.600084,,SH,A股-上交所,2022-07-19,6.14,6.2,6.08,6.1,6.13,3365600.0,20592724.56,-0.4894,0.2995,1,0,none,baostock,query_history_k_data_plus
600084,SHSE.600084,,SH,A股-上交所,2022-07-20,6.1,6.16,6.07,6.15,6.1,4017000.0,24566133.0,0.8197,0.3575,1,0,none,baostock,query_history_k_data_plus
600084,SHSE.600084,,SH,A股-上交所,2022-07-21,6.13,6.38,6.11,6.22,6.15,8623700.0,53969398.0,1.1382,0.7674,1,0,none,baostock,query_history_k_data_plus
600084,SHSE.600084,,SH,A股-上交所,2022-07-22,6.2,6.32,6.17,6.25,6.22,5676300.0,35414472.56,0.4823,0.5051,1,0,none,baostock,query_history_k_data_plus
600084,SHSE.600084,,SH,A股-上交所,2022-07-25,6.24,6.42,6.21,6.33,6.25,8148300.0,51568476.0,1.28,0.7251,1,0,none,baostock,query_history_k_data_plus
600084,SHSE.600084,,SH,A股-上交所,2022-07-26,6.37,6.66,6.33,6.43,6.33,13793083.0,89053302.86,1.5798,1.2274,1,0,none,baostock,query_history_k_data_plus
600084,SHSE.600084,,SH,A股-上交所,2022-07-27,6.43,6.56,6.26,6.32,6.43,9865022.0,63060049.68,-1.7107,0.8779,1,0,none,baostock,query_history_k_data_plus
600084,SHSE.600084,,SH,A股-上交所,2022-07-28,6.32,6.5,6.28,6.43,6.32,9780622.0,62589136.16,1.7405,0.8704,1,0,none,baostock,query_history_k_data_plus
600084,SHSE.600084,,SH,A股-上交所,2022-07-29,6.4,6.45,6.27,6.33,6.43,6885700.0,43655961.0,-1.5552,0.6128,1,0,none,baostock,query_history_k_data_plus
600084,SHSE.600084,,SH,A股-上交所,2022-08-01,6.28,6.5,6.28,6.41,6.33,6863500.0,43890341.99,1.2638,0.6108,1,0,none,baostock,query_history_k_data_plus
600084,SHSE.600084,,SH,A股-上交所,2022-08-02,6.33,6.34,5.99,6.07,6.41,11722585.0,71769208.59,-5.3042,1.0432,1,0,none,baostock,query_history_k_data_plus
600084,SHSE.600084,,SH,A股-上交所,2022-08-03,6.11,6.22,6.0,6.06,6.07,7265924.0,44405222.04,-0.1647,0.6466,1,0,none,baostock,query_history_k_data_plus
600084,SHSE.600084,,SH,A股-上交所,2022-08-04,6.08,6.21,6.03,6.18,6.06,6141123.0,37601759.0,1.9802,0.5465,1,0,none,baostock,query_history_k_data_plus
600084,SHSE.600084,,SH,A股-上交所,2022-08-05,6.18,6.54,6.15,6.5,6.18,13014892.0,82853593.0,5.178,1.1582,1,0,none,baostock,query_history_k_data_plus
600084,SHSE.600084,,SH,A股-上交所,2022-08-08,6.6,7.15,6.53,7.14,6.5,26090035.0,181356212.0,9.8462,2.3217,1,0,none,baostock,query_history_k_data_plus
600084,SHSE.600084,,SH,A股-上交所,2022-08-09,7.07,7.64,6.91,7.38,7.14,30156199.0,219262684.0,3.3613,2.6836,1,0,none,baostock,query_history_k_data_plus
600084,SHSE.600084,,SH,A股-上交所,2022-08-10,7.42,7.63,7.31,7.49,7.38,16055800.0,119648029.0,1.4905,1.4288,1,0,none,baostock,query_history_k_data_plus
600084,SHSE.600084,,SH,A股-上交所,2022-08-11,7.45,7.45,6.92,6.99,7.49,21125000.0,149093198.0,-6.6756,1.8799,1,0,none,baostock,query_history_k_data_plus
600084,SHSE.600084,,SH,A股-上交所,2022-08-12,7.01,7.33,6.95,7.2,6.99,14734000.0,105597272.0,3.0043,1.3112,1,0,none,baostock,query_history_k_data_plus
600084,SHSE.600084,,SH,A股-上交所,2022-08-15,7.14,7.2,7.05,7.13,7.2,6622000.0,47149771.0,-0.9722,0.5893,1,0,none,baostock,query_history_k_data_plus
600084,SHSE.600084,,SH,A股-上交所,2022-08-16,7.16,7.19,7.03,7.11,7.13,7794286.0,55507744.04,-0.2805,0.6936,1,0,none,baostock,query_history_k_data_plus
600084,SHSE.600084,,SH,A股-上交所,2022-08-17,7.15,7.24,7.06,7.12,7.11,8049000.0,57543674.0,0.1406,0.7163,1,0,none,baostock,query_history_k_data_plus
600084,SHSE.600084,,SH,A股-上交所,2022-08-18,7.09,7.19,7.07,7.12,7.12,4302117.0,30595245.7,0.0,0.3828,1,0,none,baostock,query_history_k_data_plus
600084,SHSE.600084,,SH,A股-上交所,2022-08-19,7.07,7.1,6.96,7.04,7.12,6246000.0,43883476.0,-1.1236,0.5558,1,0,none,baostock,query_history_k_data_plus
600084,SHSE.600084,,SH,A股-上交所,2022-08-22,6.99,7.08,6.87,7.05,7.04,6863863.0,47850874.96,0.142,0.6108,1,0,none,baostock,query_history_k_data_plus
600084,SHSE.600084,,SH,A股-上交所,2022-08-23,7.09,7.21,6.92,6.96,7.05,6795000.0,47918858.76,-1.2766,0.6047,1,0,none,baostock,query_history_k_data_plus
600084,SHSE.600084,,SH,A股-上交所,2022-08-24,6.98,7.09,6.91,7.0,6.96,6095400.0,42504977.0,0.5747,0.5424,1,0,none,baostock,query_history_k_data_plus
600084,SHSE.600084,,SH,A股-上交所,2022-08-25,6.98,7.21,6.97,7.09,7.0,8547510.0,60662426.03,1.2857,0.7606,1,0,none,baostock,query_history_k_data_plus
600084,SHSE.600084,,SH,A股-上交所,2022-08-26,6.99,7.21,6.97,7.11,7.09,8230354.0,58444661.43,0.2821,0.7324,1,0,none,baostock,query_history_k_data_plus
600084,SHSE.600084,,SH,A股-上交所,2022-08-29,7.04,7.25,7.0,7.25,7.11,8397649.0,60050990.8,1.9691,0.7473,1,0,none,baostock,query_history_k_data_plus
600084,SHSE.600084,,SH,A股-上交所,2022-08-30,7.21,7.26,6.87,7.07,7.25,11933482.0,83898751.83,-2.4828,1.062,1,0,none,baostock,query_history_k_data_plus
600084,SHSE.600084,,SH,A股-上交所,2022-08-31,7.0,7.12,6.88,7.04,7.07,8292301.0,58133031.91,-0.4243,0.7379,1,0,none,baostock,query_history_k_data_plus
600084,SHSE.600084,,SH,A股-上交所,2022-09-01,7.0,7.09,6.96,7.05,7.04,4134500.0,28965750.02,0.142,0.3679,1,0,none,baostock,query_history_k_data_plus
600084,SHSE.600084,,SH,A股-上交所,2022-09-02,7.11,7.28,6.99,7.26,7.05,8856599.0,63307023.98,2.9787,0.7881,1,0,none,baostock,query_history_k_data_plus
600084,SHSE.600084,,SH,A股-上交所,2022-09-05,7.27,7.28,7.0,7.04,7.26,9311199.0,65844217.98,-3.0303,0.8286,1,0,none,baostock,query_history_k_data_plus
600084,SHSE.600084,,SH,A股-上交所,2022-09-06,7.04,7.16,7.01,7.11,7.04,5336400.0,37864229.0,0.9943,0.4749,1,0,none,baostock,query_history_k_data_plus
600084,SHSE.600084,,SH,A股-上交所,2022-09-07,7.1,7.2,7.04,7.14,7.11,5486300.0,39020635.0,0.4219,0.4882,1,0,none,baostock,query_history_k_data_plus
600084,SHSE.600084,,SH,A股-上交所,2022-09-08,7.15,7.74,7.13,7.63,7.14,20148669.0,150831109.91,6.8627,1.793,1,0,none,baostock,query_history_k_data_plus
600084,SHSE.600084,,SH,A股-上交所,2022-09-09,7.5,7.63,7.31,7.46,7.63,9960801.0,74296229.64,-2.228,0.8864,1,0,none,baostock,query_history_k_data_plus
600084,SHSE.600084,,SH,A股-上交所,2022-09-13,7.44,7.94,7.38,7.84,7.46,15776605.0,122194212.4,5.0938,1.404,1,0,none,baostock,query_history_k_data_plus
600084,SHSE.600084,,SH,A股-上交所,2022-09-14,7.68,7.85,7.63,7.76,7.84,10658700.0,82387479.0,-1.0204,0.9485,1,0,none,baostock,query_history_k_data_plus
600084,SHSE.600084,,SH,A股-上交所,2022-09-15,7.71,7.82,7.44,7.56,7.76,10012198.0,75739361.04,-2.5773,0.891,1,0,none,baostock,query_history_k_data_plus
600084,SHSE.600084,,SH,A股-上交所,2022-09-16,7.5,7.6,7.3,7.3,7.56,9702873.0,72127007.9,-3.4392,0.8635,1,0,none,baostock,query_history_k_data_plus
600084,SHSE.600084,,SH,A股-上交所,2022-09-19,7.28,7.38,7.09,7.09,7.3,9197000.0,66217028.0,-2.8767,0.8184,1,0,none,baostock,query_history_k_data_plus
600084,SHSE.600084,,SH,A股-上交所,2022-09-20,7.08,7.23,7.03,7.15,7.09,7276900.0,52029021.0,0.8463,0.6476,1,0,none,baostock,query_history_k_data_plus
600084,SHSE.600084,,SH,A股-上交所,2022-09-21,7.11,7.17,6.88,7.11,7.15,8602600.0,60098295.0,-0.5594,0.7655,1,0,none,baostock,query_history_k_data_plus
600084,SHSE.600084,,SH,A股-上交所,2022-09-22,7.08,7.22,7.02,7.06,7.11,5271900.0,37478737.0,-0.7032,0.4691,1,0,none,baostock,query_history_k_data_plus
600084,SHSE.600084,,SH,A股-上交所,2022-09-23,7.0,7.1,6.83,6.9,7.06,6152800.0,42830161.0,-2.2663,0.5475,1,0,none,baostock,query_history_k_data_plus
600084,SHSE.600084,,SH,A股-上交所,2022-09-26,6.87,6.98,6.65,6.76,6.9,6188000.0,42221545.0,-2.029,0.5507,1,0,none,baostock,query_history_k_data_plus
600084,SHSE.600084,,SH,A股-上交所,2022-09-27,6.76,7.06,6.71,7.02,6.76,6676000.0,46099417.0,3.8462,0.5941,1,0,none,baostock,query_history_k_data_plus
600084,SHSE.600084,,SH,A股-上交所,2022-09-28,7.07,7.1,6.88,6.9,7.02,5837900.0,40722569.0,-1.7094,0.5195,1,0,none,baostock,query_history_k_data_plus
600084,SHSE.600084,,SH,A股-上交所,2022-09-29,6.96,6.97,6.65,6.72,6.9,6297400.0,42609083.0,-2.6087,0.5604,1,0,none,baostock,query_history_k_data_plus
600084,SHSE.600084,,SH,A股-上交所,2022-09-30,6.68,6.78,6.53,6.75,6.72,4453369.0,29760378.75,0.4464,0.3963,1,0,none,baostock,query_history_k_data_plus
600084,SHSE.600084,,SH,A股-上交所,2022-10-10,6.72,6.75,6.23,6.3,6.75,5301899.0,34380689.43,-6.6667,0.4718,1,0,none,baostock,query_history_k_data_plus
600084,SHSE.600084,,SH,A股-上交所,2022-10-11,6.39,6.45,6.16,6.31,6.3,3203000.0,20129056.0,0.1587,0.285,1,0,none,baostock,query_history_k_data_plus
600084,SHSE.600084,,SH,A股-上交所,2022-10-12,6.34,6.5,6.22,6.46,6.31,3897700.0,24855369.0,2.3772,0.3469,1,0,none,baostock,query_history_k_data_plus
600084,SHSE.600084,,SH,A股-上交所,2022-10-13,6.44,6.62,6.36,6.54,6.46,4090201.0,26667648.49,1.2384,0.364,1,0,none,baostock,query_history_k_data_plus
600084,SHSE.600084,,SH,A股-上交所,2022-10-14,6.57,6.72,6.56,6.67,6.54,3644100.0,24236032.0,1.9878,0.3243,1,0,none,baostock,query_history_k_data_plus
600084,SHSE.600084,,SH,A股-上交所,2022-10-17,6.68,6.73,6.59,6.68,6.67,3182500.0,21165511.0,0.1499,0.2832,1,0,none,baostock,query_history_k_data_plus
600084,SHSE.600084,,SH,A股-上交所,2022-10-18,6.68,6.75,6.59,6.68,6.68,3290561.0,21972203.82,0.0,0.2928,1,0,none,baostock,query_history_k_data_plus
600084,SHSE.600084,,SH,A股-上交所,2022-10-19,6.66,6.86,6.6,6.78,6.68,5347600.0,36070699.0,1.497,0.4759,1,0,none,baostock,query_history_k_data_plus
600084,SHSE.600084,,SH,A股-上交所,2022-10-20,6.71,6.94,6.71,6.89,6.78,3856172.0,26392226.52,1.6224,0.3432,1,0,none,baostock,query_history_k_data_plus
600084,SHSE.600084,,SH,A股-上交所,2022-10-21,6.9,6.94,6.77,6.87,6.89,3314900.0,22688527.0,-0.2903,0.295,1,0,none,baostock,query_history_k_data_plus
600084,SHSE.600084,,SH,A股-上交所,2022-10-24,6.91,6.91,6.66,6.74,6.87,4153800.0,27985251.0,-1.8923,0.3696,1,0,none,baostock,query_history_k_data_plus
600084,SHSE.600084,,SH,A股-上交所,2022-10-25,6.72,6.76,6.61,6.72,6.74,2880800.0,19257065.0,-0.2967,0.2564,1,0,none,baostock,query_history_k_data_plus
600084,SHSE.600084,,SH,A股-上交所,2022-10-26,6.78,6.78,6.66,6.73,6.72,3527500.0,23634235.0,0.1488,0.3139,1,0,none,baostock,query_history_k_data_plus
600084,SHSE.600084,,SH,A股-上交所,2022-10-27,6.68,6.88,6.68,6.83,6.73,3053401.0,20710658.83,1.4859,0.2717,1,0,none,baostock,query_history_k_data_plus
600084,SHSE.600084,,SH,A股-上交所,2022-10-28,6.76,6.82,6.59,6.68,6.83,4652147.0,31076160.02,-2.1962,0.414,1,0,none,baostock,query_history_k_data_plus
600084,SHSE.600084,,SH,A股-上交所,2022-10-31,6.67,6.73,6.61,6.7,6.68,2627600.0,17571407.0,0.2994,0.2338,1,0,none,baostock,query_history_k_data_plus
600084,SHSE.600084,,SH,A股-上交所,2022-11-01,6.73,6.78,6.63,6.71,6.7,4199672.0,28113477.12,0.1493,0.3737,1,0,none,baostock,query_history_k_data_plus
600084,SHSE.600084,,SH,A股-上交所,2022-11-02,6.68,6.79,6.66,6.74,6.71,3378598.0,22710993.55,0.4471,0.3007,1,0,none,baostock,query_history_k_data_plus
600084,SHSE.600084,,SH,A股-上交所,2022-11-03,6.69,7.07,6.68,6.89,6.74,5489106.0,37532020.04,2.2255,0.4885,1,0,none,baostock,query_history_k_data_plus
600084,SHSE.600084,,SH,A股-上交所,2022-11-04,6.87,7.0,6.84,6.9,6.89,4479501.0,31007750.88,0.1451,0.3986,1,0,none,baostock,query_history_k_data_plus
600084,SHSE.600084,,SH,A股-上交所,2022-11-07,6.94,6.94,6.77,6.86,6.9,3612300.0,24724619.0,-0.5797,0.3215,1,0,none,baostock,query_history_k_data_plus
600084,SHSE.600084,,SH,A股-上交所,2022-11-08,6.83,7.06,6.82,7.02,6.86,6427072.0,44773003.0,2.3324,0.5719,1,0,none,baostock,query_history_k_data_plus
600084,SHSE.600084,,SH,A股-上交所,2022-11-09,7.02,7.29,6.97,7.11,7.02,7366900.0,52633851.0,1.2821,0.6556,1,0,none,baostock,query_history_k_data_plus
600084,SHSE.600084,,SH,A股-上交所,2022-11-10,7.11,7.17,7.0,7.08,7.11,4272200.0,30195442.0,-0.4219,0.3802,1,0,none,baostock,query_history_k_data_plus
600084,SHSE.600084,,SH,A股-上交所,2022-11-11,7.12,7.25,7.07,7.15,7.08,5660600.0,40528186.0,0.9887,0.5037,1,0,none,baostock,query_history_k_data_plus
600084,SHSE.600084,,SH,A股-上交所,2022-11-14,7.15,7.19,7.08,7.1,7.15,3911200.0,27841353.0,-0.6993,0.3481,1,0,none,baostock,query_history_k_data_plus
600084,SHSE.600084,,SH,A股-上交所,2022-11-15,7.12,7.19,7.09,7.13,7.1,3517500.0,25063037.0,0.4225,0.313,1,0,none,baostock,query_history_k_data_plus
600084,SHSE.600084,,SH,A股-上交所,2022-11-16,7.13,7.19,7.08,7.17,7.13,3121610.0,22270793.0,0.561,0.2778,1,0,none,baostock,query_history_k_data_plus
600084,SHSE.600084,,SH,A股-上交所,2022-11-17,7.13,7.18,7.11,7.13,7.17,2513800.0,17949099.0,-0.5579,0.2237,1,0,none,baostock,query_history_k_data_plus
600084,SHSE.600084,,SH,A股-上交所,2022-11-18,7.12,7.13,7.06,7.12,7.13,3225700.0,22857321.0,-0.1403,0.2871,1,0,none,baostock,query_history_k_data_plus
600084,SHSE.600084,,SH,A股-上交所,2022-11-21,7.09,7.18,6.95,7.15,7.12,4259300.0,30158293.0,0.4213,0.379,1,0,none,baostock,query_history_k_data_plus
600084,SHSE.600084,,SH,A股-上交所,2022-11-22,7.15,7.29,7.11,7.25,7.15,5254600.0,37990495.0,1.3986,0.4676,1,0,none,baostock,query_history_k_data_plus
600084,SHSE.600084,,SH,A股-上交所,2022-11-23,7.21,7.5,7.12,7.28,7.25,4149600.0,29988934.0,0.4138,0.3693,1,0,none,baostock,query_history_k_data_plus
600084,SHSE.600084,,SH,A股-上交所,2022-11-24,7.33,7.45,7.22,7.43,7.28,5109703.0,37580406.11,2.0604,0.4547,1,0,none,baostock,query_history_k_data_plus
600084,SHSE.600084,,SH,A股-上交所,2022-11-25,7.45,7.6,7.37,7.59,7.43,7895866.0,59377949.9,2.1534,0.7026,1,0,none,baostock,query_history_k_data_plus
600084,SHSE.600084,,SH,A股-上交所,2022-11-28,7.55,7.63,7.2,7.34,7.59,11347100.0,83510735.81,-3.2938,1.0098,1,0,none,baostock,query_history_k_data_plus
600084,SHSE.600084,,SH,A股-上交所,2022-11-29,7.39,7.39,7.3,7.32,7.34,3969400.0,29132702.0,-0.2725,0.3532,1,0,none,baostock,query_history_k_data_plus
600084,SHSE.600084,,SH,A股-上交所,2022-11-30,7.3,7.38,7.23,7.33,7.32,4792583.0,34956996.07,0.1366,0.4265,1,0,none,baostock,query_history_k_data_plus
600084,SHSE.600084,,SH,A股-上交所,2022-12-01,7.34,7.54,7.34,7.43,7.33,4152700.0,30851423.0,1.3643,0.3695,1,0,none,baostock,query_history_k_data_plus
600084,SHSE.600084,,SH,A股-上交所,2022-12-02,7.41,7.47,7.34,7.38,7.43,3541373.0,26159664.28,-0.6729,0.3151,1,0,none,baostock,query_history_k_data_plus
600084,SHSE.600084,,SH,A股-上交所,2022-12-05,7.3,7.43,7.14,7.23,7.38,11487710.0,83244453.8,-2.0325,1.0223,1,0,none,baostock,query_history_k_data_plus
600084,SHSE.600084,,SH,A股-上交所,2022-12-06,7.2,7.32,7.15,7.2,7.23,7064100.0,50954461.0,-0.4149,0.6286,1,0,none,baostock,query_history_k_data_plus
600084,SHSE.600084,,SH,A股-上交所,2022-12-07,7.2,7.56,7.16,7.47,7.2,11955001.0,88214279.18,3.75,1.0639,1,0,none,baostock,query_history_k_data_plus
600084,SHSE.600084,,SH,A股-上交所,2022-12-08,7.54,7.59,7.35,7.41,7.47,6265500.0,46480200.0,-0.8032,0.5576,1,0,none,baostock,query_history_k_data_plus
600084,SHSE.600084,,SH,A股-上交所,2022-12-09,7.41,7.6,7.36,7.53,7.41,9731200.0,73003489.72,1.6194,0.866,1,0,none,baostock,query_history_k_data_plus
600084,SHSE.600084,,SH,A股-上交所,2022-12-12,7.55,7.59,7.42,7.49,7.53,4868400.0,36323600.0,-0.5312,0.4332,1,0,none,baostock,query_history_k_data_plus
600084,SHSE.600084,,SH,A股-上交所,2022-12-13,7.45,7.57,7.42,7.51,7.49,3961307.0,29719314.5,0.267,0.3525,1,0,none,baostock,query_history_k_data_plus
600084,SHSE.600084,,SH,A股-上交所,2022-12-14,7.52,7.66,7.44,7.56,7.51,4626007.0,35063132.85,0.6658,0.4117,1,0,none,baostock,query_history_k_data_plus
600084,SHSE.600084,,SH,A股-上交所,2022-12-15,7.54,7.58,7.47,7.54,7.56,4497716.0,33875803.32,-0.2646,0.4002,1,0,none,baostock,query_history_k_data_plus
600084,SHSE.600084,,SH,A股-上交所,2022-12-16,7.53,7.55,7.43,7.47,7.54,4097800.0,30618428.0,-0.9284,0.3647,1,0,none,baostock,query_history_k_data_plus
600084,SHSE.600084,,SH,A股-上交所,2022-12-19,7.47,7.49,7.29,7.31,7.47,3642900.0,26759648.0,-2.1419,0.3242,1,0,none,baostock,query_history_k_data_plus
600084,SHSE.600084,,SH,A股-上交所,2022-12-20,7.31,7.37,7.1,7.29,7.31,4670100.0,33853999.0,-0.2736,0.4156,1,0,none,baostock,query_history_k_data_plus
600084,SHSE.600084,,SH,A股-上交所,2022-12-21,7.29,7.35,7.22,7.3,7.29,2604900.0,18995317.0,0.1372,0.2318,1,0,none,baostock,query_history_k_data_plus
600084,SHSE.600084,,SH,A股-上交所,2022-12-22,7.3,7.53,7.28,7.39,7.3,4920400.0,36485828.0,1.2329,0.4379,1,0,none,baostock,query_history_k_data_plus
600084,SHSE.600084,,SH,A股-上交所,2022-12-23,7.35,7.44,7.14,7.28,7.39,4599700.0,33448147.0,-1.4885,0.4093,1,0,none,baostock,query_history_k_data_plus
600084,SHSE.600084,,SH,A股-上交所,2022-12-26,7.27,7.3,7.19,7.28,7.28,2385000.0,17284177.0,0.0,0.2122,1,0,none,baostock,query_history_k_data_plus
600084,SHSE.600084,,SH,A股-上交所,2022-12-27,7.29,7.35,7.22,7.32,7.28,2790000.0,20359518.0,0.5495,0.2483,1,0,none,baostock,query_history_k_data_plus
600084,SHSE.600084,,SH,A股-上交所,2022-12-28,7.31,7.36,7.22,7.35,7.32,3774700.0,27534101.0,0.4098,0.3359,1,0,none,baostock,query_history_k_data_plus
600084,SHSE.600084,,SH,A股-上交所,2022-12-29,7.29,7.34,7.2,7.26,7.35,2879100.0,20863287.0,-1.2245,0.2562,1,0,none,baostock,query_history_k_data_plus
600084,SHSE.600084,,SH,A股-上交所,2022-12-30,7.19,7.31,7.17,7.28,7.26,2810800.0,20349056.0,0.2755,0.2501,1,0,none,baostock,query_history_k_data_plus
600084,SHSE.600084,,SH,A股-上交所,2023-01-03,7.35,7.35,7.22,7.29,7.28,2434200.0,17693918.0,0.1374,0.2166,1,0,none,baostock,query_history_k_data_plus
600084,SHSE.600084,,SH,A股-上交所,2023-01-04,7.28,7.3,7.23,7.28,7.29,1797870.0,13060379.5,-0.1372,0.16,1,0,none,baostock,query_history_k_data_plus
600084,SHSE.600084,,SH,A股-上交所,2023-01-05,7.27,7.43,7.25,7.31,7.28,3462900.0,25387000.0,0.4121,0.3082,1,0,none,baostock,query_history_k_data_plus
600084,SHSE.600084,,SH,A股-上交所,2023-01-06,7.27,7.43,7.27,7.36,7.31,2947000.0,21630061.0,0.684,0.2623,1,0,none,baostock,query_history_k_data_plus
600084,SHSE.600084,,SH,A股-上交所,2023-01-09,7.33,7.42,7.29,7.4,7.36,3162801.0,23270119.35,0.5435,0.2815,1,0,none,baostock,query_history_k_data_plus
600084,SHSE.600084,,SH,A股-上交所,2023-01-10,7.4,7.45,7.33,7.39,7.4,2707200.0,19975683.0,-0.1351,0.2409,1,0,none,baostock,query_history_k_data_plus
600084,SHSE.600084,,SH,A股-上交所,2023-01-11,7.36,7.38,6.74,6.82,7.39,12196172.0,83899693.6,-7.7131,1.0853,1,0,none,baostock,query_history_k_data_plus
600084,SHSE.600084,,SH,A股-上交所,2023-01-12,6.8,6.85,6.74,6.8,6.82,5701700.0,38664976.0,-0.2933,0.5074,1,0,none,baostock,query_history_k_data_plus
600084,SHSE.600084,,SH,A股-上交所,2023-01-13,6.83,7.18,6.8,6.87,6.8,5614500.0,39011517.0,1.0294,0.4996,1,0,none,baostock,query_history_k_data_plus
600084,SHSE.600084,,SH,A股-上交所,2023-01-16,6.83,6.87,6.74,6.82,6.87,6552900.0,44527235.0,-0.7278,0.5831,1,0,none,baostock,query_history_k_data_plus
600084,SHSE.600084,,SH,A股-上交所,2023-01-17,6.82,6.85,6.75,6.83,6.82,2914901.0,19778628.77,0.1466,0.2594,1,0,none,baostock,query_history_k_data_plus
600084,SHSE.600084,,SH,A股-上交所,2023-01-18,6.83,6.86,6.77,6.83,6.83,2867800.0,19529788.0,0.0,0.2552,1,0,none,baostock,query_history_k_data_plus
600084,SHSE.600084,,SH,A股-上交所,2023-01-19,6.81,7.01,6.79,6.96,6.83,4515100.0,31145540.0,1.9034,0.4018,1,0,none,baostock,query_history_k_data_plus
600084,SHSE.600084,,SH,A股-上交所,2023-01-20,7.08,7.24,7.01,7.14,6.96,5329977.0,38029432.11,2.5862,0.4743,1,0,none,baostock,query_history_k_data_plus
600084,SHSE.600084,,SH,A股-上交所,2023-01-30,7.11,7.12,6.87,7.06,7.14,7094700.0,49655555.0,-1.1204,0.6314,1,0,none,baostock,query_history_k_data_plus
600084,SHSE.600084,,SH,A股-上交所,2023-01-31,7.06,7.1,7.0,7.08,7.06,2331383.0,16452548.15,0.2833,0.2075,1,0,none,baostock,query_history_k_data_plus
600084,SHSE.600084,,SH,A股-上交所,2023-02-01,7.08,7.12,7.06,7.12,7.08,3032001.0,21495338.08,0.565,0.2698,1,0,none,baostock,query_history_k_data_plus
600084,SHSE.600084,,SH,A股-上交所,2023-02-02,7.13,7.83,7.09,7.83,7.12,13663602.0,103934431.23,9.9719,1.2159,1,0,none,baostock,query_history_k_data_plus
600084,SHSE.600084,,SH,A股-上交所,2023-02-03,7.82,8.24,7.79,7.91,7.83,15712659.0,124293168.27,1.0217,1.3983,1,0,none,baostock,query_history_k_data_plus
600084,SHSE.600084,,SH,A股-上交所,2023-02-06,7.92,8.41,7.81,8.21,7.91,13134160.0,107075545.62,3.7927,1.1688,1,0,none,baostock,query_history_k_data_plus
600084,SHSE.600084,,SH,A股-上交所,2023-02-07,8.18,8.29,7.93,8.0,8.21,9917484.0,80138893.54,-2.5579,0.8826,1,0,none,baostock,query_history_k_data_plus
600084,SHSE.600084,,SH,A股-上交所,2023-02-08,7.95,8.08,7.78,7.82,8.0,8076000.0,63764091.0,-2.25,0.7187,1,0,none,baostock,query_history_k_data_plus
600084,SHSE.600084,,SH,A股-上交所,2023-02-09,7.83,7.88,7.74,7.83,7.82,5400800.0,42152408.0,0.1279,0.4806,1,0,none,baostock,query_history_k_data_plus
600084,SHSE.600084,,SH,A股-上交所,2023-02-10,7.81,7.83,7.69,7.83,7.83,4747400.0,36889502.0,0.0,0.4225,1,0,none,baostock,query_history_k_data_plus
600084,SHSE.600084,,SH,A股-上交所,2023-02-13,7.86,7.94,7.7,7.77,7.83,7834020.0,61225057.5,-0.7663,0.6971,1,0,none,baostock,query_history_k_data_plus
600084,SHSE.600084,,SH,A股-上交所,2023-02-14,7.77,7.79,7.46,7.53,7.77,9919100.0,75125727.0,-3.0888,0.8827,1,0,none,baostock,query_history_k_data_plus
600084,SHSE.600084,,SH,A股-上交所,2023-02-15,7.54,7.55,7.44,7.52,7.53,4777700.0,35723014.0,-0.1328,0.4252,1,0,none,baostock,query_history_k_data_plus
600084,SHSE.600084,,SH,A股-上交所,2023-02-16,7.51,7.64,7.44,7.55,7.52,7535700.0,56888988.9,0.3989,0.6706,1,0,none,baostock,query_history_k_data_plus
600084,SHSE.600084,,SH,A股-上交所,2023-02-17,7.59,7.6,7.46,7.53,7.55,4357500.0,32749769.0,-0.2649,0.3878,1,0,none,baostock,query_history_k_data_plus
600084,SHSE.600084,,SH,A股-上交所,2023-02-20,7.53,7.59,7.42,7.51,7.53,3434700.0,25659217.0,-0.2656,0.3057,1,0,none,baostock,query_history_k_data_plus
600084,SHSE.600084,,SH,A股-上交所,2023-02-21,7.59,8.1,7.54,7.79,7.51,22728500.0,177296745.95,3.7284,2.0226,1,0,none,baostock,query_history_k_data_plus
600084,SHSE.600084,,SH,A股-上交所,2023-02-22,7.66,7.67,7.46,7.54,7.79,12785266.0,96447178.32,-3.2092,1.1378,1,0,none,baostock,query_history_k_data_plus
600084,SHSE.600084,,SH,A股-上交所,2023-02-23,7.47,7.51,7.32,7.44,7.54,8109866.0,60189909.4,-1.3263,0.7217,1,0,none,baostock,query_history_k_data_plus
600084,SHSE.600084,,SH,A股-上交所,2023-02-24,7.44,7.45,7.33,7.43,7.44,4147900.0,30584388.0,-0.1344,0.3691,1,0,none,baostock,query_history_k_data_plus
600084,SHSE.600084,,SH,A股-上交所,2023-02-27,7.38,7.42,7.3,7.31,7.43,3540200.0,25990386.03,-1.6151,0.315,1,0,none,baostock,query_history_k_data_plus
600084,SHSE.600084,,SH,A股-上交所,2023-02-28,7.36,7.7,7.2,7.6,7.31,12341449.0,92533463.44,3.9672,1.0983,1,0,none,baostock,query_history_k_data_plus
600084,SHSE.600084,,SH,A股-上交所,2023-03-01,7.56,7.57,7.46,7.48,7.6,5071050.0,37992286.0,-1.5789,0.4513,1,0,none,baostock,query_history_k_data_plus
600084,SHSE.600084,,SH,A股-上交所,2023-03-02,7.45,7.55,7.45,7.5,7.48,2950100.0,22126954.0,0.2674,0.2625,1,0,none,baostock,query_history_k_data_plus
600084,SHSE.600084,,SH,A股-上交所,2023-03-03,7.51,7.51,7.46,7.5,7.5,2881900.0,21559147.94,0.0,0.2565,1,0,none,baostock,query_history_k_data_plus
600084,SHSE.600084,,SH,A股-上交所,2023-03-06,7.47,7.5,7.31,7.4,7.5,4863100.0,35901371.0,-1.3333,0.4328,1,0,none,baostock,query_history_k_data_plus
600084,SHSE.600084,,SH,A股-上交所,2023-03-07,7.39,7.42,7.3,7.37,7.4,2840850.0,20914039.0,-0.4054,0.2528,1,0,none,baostock,query_history_k_data_plus
600084,SHSE.600084,,SH,A股-上交所,2023-03-08,7.35,7.42,7.3,7.39,7.37,1944000.0,14330409.0,0.2714,0.173,1,0,none,baostock,query_history_k_data_plus
600084,SHSE.600084,,SH,A股-上交所,2023-03-09,7.44,7.53,7.35,7.49,7.39,4273206.0,31767069.94,1.3532,0.3803,1,0,none,baostock,query_history_k_data_plus
600084,SHSE.600084,,SH,A股-上交所,2023-03-10,7.48,7.48,7.37,7.42,7.49,2459000.0,18221408.0,-0.9346,0.2188,1,0,none,baostock,query_history_k_data_plus
600084,SHSE.600084,,SH,A股-上交所,2023-03-13,7.42,7.44,7.37,7.42,7.42,2365509.0,17504086.44,0.0,0.2105,1,0,none,baostock,query_history_k_data_plus
600084,SHSE.600084,,SH,A股-上交所,2023-03-14,7.43,7.49,7.36,7.45,7.42,3508700.0,26024916.0,0.4043,0.3122,1,0,none,baostock,query_history_k_data_plus
600084,SHSE.600084,,SH,A股-上交所,2023-03-15,7.43,7.52,7.39,7.5,7.45,3021601.0,22534719.41,0.6711,0.2689,1,0,none,baostock,query_history_k_data_plus
600084,SHSE.600084,,SH,A股-上交所,2023-03-16,7.49,7.52,7.42,7.5,7.5,2679000.0,20027901.0,0.0,0.2384,1,0,none,baostock,query_history_k_data_plus
600084,SHSE.600084,,SH,A股-上交所,2023-03-17,7.47,7.5,7.4,7.48,7.5,2916531.0,21742214.11,-0.2667,0.2595,1,0,none,baostock,query_history_k_data_plus
600084,SHSE.600084,,SH,A股-上交所,2023-03-20,7.47,7.48,7.42,7.47,7.48,2053200.0,15291660.0,-0.1337,0.1827,1,0,none,baostock,query_history_k_data_plus
600084,SHSE.600084,,SH,A股-上交所,2023-03-21,7.47,7.55,7.42,7.54,7.47,3870801.0,29023145.47,0.9371,0.3445,1,0,none,baostock,query_history_k_data_plus
600084,SHSE.600084,,SH,A股-上交所,2023-03-22,7.57,7.58,7.46,7.5,7.54,2855300.0,21455597.0,-0.5305,0.2541,1,0,none,baostock,query_history_k_data_plus
600084,SHSE.600084,,SH,A股-上交所,2023-03-23,7.51,7.53,7.45,7.52,7.5,2866606.0,21469312.88,0.2667,0.2551,1,0,none,baostock,query_history_k_data_plus
600084,SHSE.600084,,SH,A股-上交所,2023-03-24,7.53,7.53,7.45,7.49,7.52,2967207.0,22174177.21,-0.3989,0.2641,1,0,none,baostock,query_history_k_data_plus
600084,SHSE.600084,,SH,A股-上交所,2023-03-27,7.45,7.48,7.36,7.42,7.49,3402897.0,25168040.92,-0.9346,0.3028,1,0,none,baostock,query_history_k_data_plus
600084,SHSE.600084,,SH,A股-上交所,2023-03-28,7.47,7.47,7.37,7.43,7.42,1698577.0,12599481.8,0.1348,0.1512,1,0,none,baostock,query_history_k_data_plus
600084,SHSE.600084,,SH,A股-上交所,2023-03-29,7.43,7.5,7.37,7.42,7.43,2223800.0,16473955.0,-0.1346,0.1979,1,0,none,baostock,query_history_k_data_plus
600084,SHSE.600084,,SH,A股-上交所,2023-03-30,7.39,7.41,7.32,7.37,7.42,2732901.0,20093665.34,-0.6739,0.2432,1,0,none,baostock,query_history_k_data_plus
600084,SHSE.600084,,SH,A股-上交所,2023-03-31,7.35,7.41,7.34,7.39,7.37,2439000.0,17991744.0,0.2714,0.217,1,0,none,baostock,query_history_k_data_plus
600084,SHSE.600084,,SH,A股-上交所,2023-04-03,7.36,7.43,7.29,7.42,7.39,3982700.0,29221077.0,0.406,0.3544,1,0,none,baostock,query_history_k_data_plus
600084,SHSE.600084,,SH,A股-上交所,2023-04-04,7.41,7.44,7.37,7.42,7.42,2137352.0,15800381.76,0.0,0.1902,1,0,none,baostock,query_history_k_data_plus
600084,SHSE.600084,,SH,A股-上交所,2023-04-06,7.36,7.46,7.36,7.44,7.42,2388400.0,17731375.0,0.2695,0.2125,1,0,none,baostock,query_history_k_data_plus
600084,SHSE.600084,,SH,A股-上交所,2023-04-07,7.44,7.48,7.38,7.42,7.44,2722520.0,20176372.4,-0.2688,0.2423,1,0,none,baostock,query_history_k_data_plus
600084,SHSE.600084,,SH,A股-上交所,2023-04-10,7.39,7.41,7.34,7.35,7.42,2391420.0,17609736.8,-0.9434,0.2128,1,0,none,baostock,query_history_k_data_plus
600084,SHSE.600084,,SH,A股-上交所,2023-04-11,7.36,7.4,7.27,7.34,7.35,2343100.0,17132572.0,-0.1361,0.2085,1,0,none,baostock,query_history_k_data_plus
600084,SHSE.600084,,SH,A股-上交所,2023-04-12,7.32,7.5,7.32,7.36,7.34,3843900.0,28452665.0,0.2725,0.3421,1,0,none,baostock,query_history_k_data_plus
600084,SHSE.600084,,SH,A股-上交所,2023-04-13,7.35,7.7,7.33,7.54,7.36,8405099.0,63415147.52,2.4457,0.748,1,0,none,baostock,query_history_k_data_plus
600084,SHSE.600084,,SH,A股-上交所,2023-04-14,7.73,7.73,7.47,7.62,7.54,6678400.0,50639644.5,1.061,0.5943,1,0,none,baostock,query_history_k_data_plus
600084,SHSE.600084,,SH,A股-上交所,2023-04-17,7.59,7.63,7.52,7.6,7.62,4048342.0,30652980.36,-0.2625,0.3603,1,0,none,baostock,query_history_k_data_plus
600084,SHSE.600084,,SH,A股-上交所,2023-04-18,7.61,7.67,7.55,7.64,7.6,3686986.0,28049111.18,0.5263,0.3281,1,0,none,baostock,query_history_k_data_plus
600084,SHSE.600084,,SH,A股-上交所,2023-04-19,7.63,7.83,7.57,7.71,7.64,5502787.0,42504731.09,0.9162,0.4897,1,0,none,baostock,query_history_k_data_plus
600084,SHSE.600084,,SH,A股-上交所,2023-04-20,7.71,7.77,7.65,7.73,7.71,2793500.0,21470042.0,0.2594,0.2486,1,0,none,baostock,query_history_k_data_plus
600084,SHSE.600084,,SH,A股-上交所,2023-04-21,7.72,7.8,7.66,7.74,7.73,3869701.0,29857201.71,0.1294,0.3444,1,0,none,baostock,query_history_k_data_plus
600084,SHSE.600084,,SH,A股-上交所,2023-04-24,7.7,7.74,7.57,7.68,7.74,4721800.0,36130829.0,-0.7752,0.4202,1,0,none,baostock,query_history_k_data_plus
600084,SHSE.600084,,SH,A股-上交所,2023-04-25,7.63,7.71,7.58,7.7,7.68,5275800.0,40357850.0,0.2604,0.4695,1,0,none,baostock,query_history_k_data_plus
600084,SHSE.600084,,SH,A股-上交所,2023-04-26,7.68,7.86,7.68,7.81,7.7,6740251.0,52481715.18,1.4286,0.5998,1,0,none,baostock,query_history_k_data_plus
600084,SHSE.600084,,SH,A股-上交所,2023-04-27,7.77,7.81,7.73,7.77,7.81,3376513.0,26257613.88,-0.5122,0.3005,1,0,none,baostock,query_history_k_data_plus
600084,SHSE.600084,,SH,A股-上交所,2023-04-28,7.77,7.83,7.74,7.81,7.77,3060796.0,23836103.93,0.5148,0.2724,1,0,none,baostock,query_history_k_data_plus
600084,SHSE.600084,,SH,A股-上交所,2023-05-04,7.73,7.84,7.73,7.82,7.81,4496110.0,35043762.8,0.128,0.4001,1,0,none,baostock,query_history_k_data_plus
600084,SHSE.600084,,SH,A股-上交所,2023-05-05,7.8,7.84,7.76,7.83,7.82,4015800.0,31330107.0,0.1279,0.3574,1,0,none,baostock,query_history_k_data_plus
600084,SHSE.600084,,SH,A股-上交所,2023-05-08,7.79,7.87,7.76,7.79,7.83,3334800.0,25974356.0,-0.5109,0.2968,1,0,none,baostock,query_history_k_data_plus
600084,SHSE.600084,,SH,A股-上交所,2023-05-09,7.77,7.79,7.66,7.74,7.79,5256410.0,40572295.4,-0.6418,0.4678,1,0,none,baostock,query_history_k_data_plus
600084,SHSE.600084,,SH,A股-上交所,2023-05-10,7.74,7.82,7.67,7.73,7.74,2748400.0,21194011.0,-0.1292,0.2446,1,0,none,baostock,query_history_k_data_plus
600084,SHSE.600084,,SH,A股-上交所,2023-05-11,7.74,7.74,7.67,7.73,7.73,2432000.0,18725660.0,0.0,0.2164,1,0,none,baostock,query_history_k_data_plus
600084,SHSE.600084,,SH,A股-上交所,2023-05-12,7.72,7.74,7.68,7.74,7.73,2408300.0,18567233.0,0.1294,0.2143,1,0,none,baostock,query_history_k_data_plus
600084,SHSE.600084,,SH,A股-上交所,2023-05-15,7.72,7.72,7.53,7.63,7.74,4076200.0,30983174.0,-1.4212,0.3627,1,0,none,baostock,query_history_k_data_plus
600084,SHSE.600084,,SH,A股-上交所,2023-05-16,7.58,7.64,7.56,7.62,7.63,2192701.0,16652818.58,-0.1311,0.1951,1,0,none,baostock,query_history_k_data_plus
600084,SHSE.600084,,SH,A股-上交所,2023-05-17,7.58,7.62,7.45,7.53,7.62,2825400.0,21255051.0,-1.1811,0.2514,1,0,none,baostock,query_history_k_data_plus
600084,SHSE.600084,,SH,A股-上交所,2023-05-18,7.54,7.58,7.39,7.45,7.53,3144607.0,23387934.18,-1.0624,0.2798,1,0,none,baostock,query_history_k_data_plus
600084,SHSE.600084,,SH,A股-上交所,2023-05-19,7.45,7.65,7.38,7.57,7.45,3025800.0,22756303.0,1.6107,0.2693,1,0,none,baostock,query_history_k_data_plus
600084,SHSE.600084,,SH,A股-上交所,2023-05-22,7.56,7.6,7.46,7.5,7.57,2680700.0,20115570.0,-0.9247,0.2386,1,0,none,baostock,query_history_k_data_plus
600084,SHSE.600084,,SH,A股-上交所,2023-05-23,7.46,7.5,7.44,7.47,7.5,3086800.0,23026790.98,-0.4,0.2747,1,0,none,baostock,query_history_k_data_plus
600084,SHSE.600084,,SH,A股-上交所,2023-05-24,7.46,7.67,7.43,7.57,7.47,4149701.0,31349956.58,1.3387,0.3693,1,0,none,baostock,query_history_k_data_plus
600084,SHSE.600084,,SH,A股-上交所,2023-05-25,7.55,7.57,7.47,7.53,7.57,3090000.0,23206965.0,-0.5284,0.275,1,0,none,baostock,query_history_k_data_plus
600084,SHSE.600084,,SH,A股-上交所,2023-05-26,7.56,7.56,7.48,7.53,7.53,1243400.0,9342214.0,0.0,0.1106,1,0,none,baostock,query_history_k_data_plus
600084,SHSE.600084,,SH,A股-上交所,2023-05-29,7.5,7.53,7.27,7.35,7.53,3861934.0,28466955.2,-2.3904,0.3437,1,0,none,baostock,query_history_k_data_plus
600084,SHSE.600084,,SH,A股-上交所,2023-05-30,7.28,7.4,7.26,7.34,7.35,2067534.0,15100466.86,-0.1361,0.184,1,0,none,baostock,query_history_k_data_plus
600084,SHSE.600084,,SH,A股-上交所,2023-05-31,7.34,7.43,7.26,7.36,7.34,2145600.0,15743889.0,0.2725,0.1909,1,0,none,baostock,query_history_k_data_plus
600084,SHSE.600084,,SH,A股-上交所,2023-06-01,7.34,7.53,7.3,7.5,7.36,2240100.0,16589909.0,1.9022,0.1993,1,0,none,baostock,query_history_k_data_plus
600084,SHSE.600084,,SH,A股-上交所,2023-06-02,7.48,7.52,7.43,7.52,7.5,1923500.0,14384036.0,0.2667,0.1712,1,0,none,baostock,query_history_k_data_plus
600084,SHSE.600084,,SH,A股-上交所,2023-06-05,7.51,7.57,7.44,7.57,7.52,2621601.0,19744365.5,0.6649,0.2333,1,0,none,baostock,query_history_k_data_plus
600084,SHSE.600084,,SH,A股-上交所,2023-06-06,7.54,7.62,7.49,7.57,7.57,2515400.0,19025520.0,0.0,0.2238,1,0,none,baostock,query_history_k_data_plus
600084,SHSE.600084,,SH,A股-上交所,2023-06-07,7.55,7.76,7.52,7.68,7.57,3715501.0,28470905.07,1.4531,0.3306,1,0,none,baostock,query_history_k_data_plus
600084,SHSE.600084,,SH,A股-上交所,2023-06-08,7.73,7.73,7.62,7.67,7.68,2366800.0,18139981.0,-0.1302,0.2106,1,0,none,baostock,query_history_k_data_plus
600084,SHSE.600084,,SH,A股-上交所,2023-06-09,7.67,7.73,7.63,7.71,7.67,3708000.0,28490433.0,0.5215,0.33,1,0,none,baostock,query_history_k_data_plus
600084,SHSE.600084,,SH,A股-上交所,2023-06-12,7.73,7.73,7.65,7.68,7.71,2548900.0,19569745.0,-0.3891,0.2268,1,0,none,baostock,query_history_k_data_plus
600084,SHSE.600084,,SH,A股-上交所,2023-06-13,7.67,7.69,7.62,7.67,7.68,2746000.0,21016754.0,-0.1302,0.2444,1,0,none,baostock,query_history_k_data_plus
600084,SHSE.600084,,SH,A股-上交所,2023-06-14,7.67,7.79,7.66,7.76,7.67,4589300.0,35568420.0,1.1734,0.4084,1,0,none,baostock,query_history_k_data_plus
600084,SHSE.600084,,SH,A股-上交所,2023-06-15,7.75,7.79,7.66,7.76,7.76,3055410.0,23600235.5,0.0,0.2719,1,0,none,baostock,query_history_k_data_plus
600084,SHSE.600084,,SH,A股-上交所,2023-06-16,7.77,7.83,7.69,7.79,7.76,2742301.0,21309863.79,0.3866,0.244,1,0,none,baostock,query_history_k_data_plus
600084,SHSE.600084,,SH,A股-上交所,2023-06-19,7.75,7.81,7.71,7.75,7.79,2899011.0,22436711.03,-0.5135,0.258,1,0,none,baostock,query_history_k_data_plus
600084,SHSE.600084,,SH,A股-上交所,2023-06-20,7.75,7.75,7.68,7.71,7.75,1843000.0,14204985.0,-0.5161,0.164,1,0,none,baostock,query_history_k_data_plus
600084,SHSE.600084,,SH,A股-上交所,2023-06-21,7.69,7.72,7.64,7.67,7.71,2442600.0,18737047.0,-0.5188,0.2174,1,0,none,baostock,query_history_k_data_plus
600084,SHSE.600084,,SH,A股-上交所,2023-06-26,7.64,7.64,7.45,7.56,7.67,3512100.0,26453076.0,-1.4342,0.3125,1,0,none,baostock,query_history_k_data_plus
600084,SHSE.600084,,SH,A股-上交所,2023-06-27,7.56,7.61,7.51,7.56,7.56,2072800.0,15669521.0,0.0,0.1845,1,0,none,baostock,query_history_k_data_plus
600084,SHSE.600084,,SH,A股-上交所,2023-06-28,7.56,7.6,7.47,7.57,7.56,2655800.0,20066017.81,0.1323,0.2363,1,0,none,baostock,query_history_k_data_plus
600084,SHSE.600084,,SH,A股-上交所,2023-06-29,7.56,7.6,7.5,7.57,7.57,1696100.0,12818334.0,0.0,0.1509,1,0,none,baostock,query_history_k_data_plus
600084,SHSE.600084,,SH,A股-上交所,2023-06-30,7.57,7.7,7.53,7.67,7.57,2847710.0,21736662.7,1.321,0.2534,1,0,none,baostock,query_history_k_data_plus
600084,SHSE.600084,,SH,A股-上交所,2023-07-03,7.66,7.72,7.64,7.67,7.67,1883500.0,14445409.0,0.0,0.1676,1,0,none,baostock,query_history_k_data_plus
600084,SHSE.600084,,SH,A股-上交所,2023-07-04,7.66,7.71,7.61,7.67,7.67,1889000.0,14445275.0,0.0,0.1681,1,0,none,baostock,query_history_k_data_plus
600084,SHSE.600084,,SH,A股-上交所,2023-07-05,7.65,7.71,7.61,7.7,7.67,1541500.0,11796306.0,0.3911,0.1372,1,0,none,baostock,query_history_k_data_plus
600084,SHSE.600084,,SH,A股-上交所,2023-07-06,7.68,7.77,7.65,7.74,7.7,2467300.0,19068066.0,0.5195,0.2196,1,0,none,baostock,query_history_k_data_plus
600084,SHSE.600084,,SH,A股-上交所,2023-07-07,7.72,7.85,7.72,7.81,7.74,2930100.0,22861868.02,0.9044,0.2607,1,0,none,baostock,query_history_k_data_plus
600084,SHSE.600084,,SH,A股-上交所,2023-07-10,7.8,7.84,7.69,7.74,7.81,3081300.0,23873895.0,-0.8963,0.2742,1,0,none,baostock,query_history_k_data_plus
600084,SHSE.600084,,SH,A股-上交所,2023-07-11,7.73,7.77,7.69,7.75,7.74,1647903.0,12733692.13,0.1292,0.1466,1,0,none,baostock,query_history_k_data_plus
600084,SHSE.600084,,SH,A股-上交所,2023-07-12,7.77,7.78,7.7,7.77,7.75,1618903.0,12543414.25,0.2581,0.1441,1,0,none,baostock,query_history_k_data_plus
600084,SHSE.600084,,SH,A股-上交所,2023-07-13,7.75,7.8,7.73,7.77,7.77,1792303.0,13902213.25,0.0,0.1595,1,0,none,baostock,query_history_k_data_plus
600084,SHSE.600084,,SH,A股-上交所,2023-07-14,7.76,7.85,7.74,7.81,7.77,2173400.0,16942148.0,0.5148,0.1934,1,0,none,baostock,query_history_k_data_plus
600084,SHSE.600084,,SH,A股-上交所,2023-07-17,7.81,7.85,7.75,7.83,7.81,2127986.0,16611945.8,0.2561,0.1894,1,0,none,baostock,query_history_k_data_plus
600084,SHSE.600084,,SH,A股-上交所,2023-07-18,7.83,7.94,7.77,7.89,7.83,3654301.0,28750439.85,0.7663,0.3252,1,0,none,baostock,query_history_k_data_plus
600084,SHSE.600084,,SH,A股-上交所,2023-07-19,7.89,7.89,7.8,7.85,7.89,1862700.0,14589260.0,-0.507,0.1658,1,0,none,baostock,query_history_k_data_plus
600084,SHSE.600084,,SH,A股-上交所,2023-07-20,7.86,7.9,7.81,7.86,7.85,1862900.0,14628371.0,0.1274,0.1658,1,0,none,baostock,query_history_k_data_plus
600084,SHSE.600084,,SH,A股-上交所,2023-07-21,7.86,7.91,7.83,7.89,7.86,2629600.0,20711136.0,0.3817,0.234,1,0,none,baostock,query_history_k_data_plus
600084,SHSE.600084,,SH,A股-上交所,2023-07-24,7.89,7.9,7.82,7.88,7.89,1923901.0,15125023.88,-0.1267,0.1712,1,0,none,baostock,query_history_k_data_plus
600084,SHSE.600084,,SH,A股-上交所,2023-07-25,7.88,7.94,7.83,7.9,7.88,2331300.0,18371210.0,0.2538,0.2075,1,0,none,baostock,query_history_k_data_plus
600084,SHSE.600084,,SH,A股-上交所,2023-07-26,7.89,8.0,7.88,7.95,7.9,3195100.0,25385283.0,0.6329,0.2843,1,0,none,baostock,query_history_k_data_plus
600084,SHSE.600084,,SH,A股-上交所,2023-07-27,7.95,8.02,7.9,8.0,7.95,3756700.0,29956630.0,0.6289,0.3343,1,0,none,baostock,query_history_k_data_plus
600084,SHSE.600084,,SH,A股-上交所,2023-07-28,8.02,8.2,7.98,8.09,8.0,5567600.0,45038166.0,1.125,0.4955,1,0,none,baostock,query_history_k_data_plus
600084,SHSE.600084,,SH,A股-上交所,2023-07-31,8.05,8.16,7.95,7.99,8.09,5174100.0,41381198.0,-1.2361,0.4604,1,0,none,baostock,query_history_k_data_plus
600084,SHSE.600084,,SH,A股-上交所,2023-08-01,7.95,8.06,7.94,8.04,7.99,2867820.0,22989490.8,0.6258,0.2552,1,0,none,baostock,query_history_k_data_plus
600084,SHSE.600084,,SH,A股-上交所,2023-08-02,8.01,8.09,7.99,8.06,8.04,3099400.0,24923336.0,0.2488,0.2758,1,0,none,baostock,query_history_k_data_plus
600084,SHSE.600084,,SH,A股-上交所,2023-08-03,8.03,8.19,8.02,8.17,8.06,3863451.0,31432595.16,1.3648,0.3438,1,0,none,baostock,query_history_k_data_plus
600084,SHSE.600084,,SH,A股-上交所,2023-08-04,8.17,8.21,8.1,8.17,8.17,3044700.0,24816871.0,0.0,0.2709,1,0,none,baostock,query_history_k_data_plus
600084,SHSE.600084,,SH,A股-上交所,2023-08-07,8.14,8.31,8.11,8.22,8.17,4042600.0,33179330.0,0.612,0.3597,1,0,none,baostock,query_history_k_data_plus
600084,SHSE.600084,,SH,A股-上交所,2023-08-08,8.19,8.34,8.17,8.3,8.22,4716750.0,39019304.66,0.9732,0.4197,1,0,none,baostock,query_history_k_data_plus
600084,SHSE.600084,,SH,A股-上交所,2023-08-09,8.3,8.52,8.12,8.27,8.3,10062013.0,83476653.24,-0.3614,0.8954,1,0,none,baostock,query_history_k_data_plus
600084,SHSE.600084,,SH,A股-上交所,2023-08-10,8.26,8.26,8.06,8.24,8.27,4381800.0,35835578.0,-0.3628,0.3899,1,0,none,baostock,query_history_k_data_plus
600084,SHSE.600084,,SH,A股-上交所,2023-08-11,8.24,8.52,8.18,8.41,8.24,6914900.0,57874590.0,2.0631,0.6154,1,0,none,baostock,query_history_k_data_plus
600084,SHSE.600084,,SH,A股-上交所,2023-08-14,8.38,8.38,8.1,8.16,8.41,7778100.0,63776173.0,-2.9727,0.6922,1,0,none,baostock,query_history_k_data_plus
600084,SHSE.600084,,SH,A股-上交所,2023-08-15,8.22,8.24,8.1,8.15,8.16,3508310.0,28676281.0,-0.1225,0.3122,1,0,none,baostock,query_history_k_data_plus
600084,SHSE.600084,,SH,A股-上交所,2023-08-16,8.11,8.21,8.11,8.16,8.15,2933500.0,23966913.0,0.1227,0.2611,1,0,none,baostock,query_history_k_data_plus
600084,SHSE.600084,,SH,A股-上交所,2023-08-17,8.15,8.19,8.1,8.18,8.16,2158110.0,17608589.5,0.2451,0.192,1,0,none,baostock,query_history_k_data_plus
600084,SHSE.600084,,SH,A股-上交所,2023-08-18,8.16,8.32,8.14,8.21,8.18,4733700.0,38980836.0,0.3667,0.4213,1,0,none,baostock,query_history_k_data_plus
600084,SHSE.600084,,SH,A股-上交所,2023-08-21,8.16,8.2,7.96,7.97,8.21,6177500.0,49730261.99,-2.9233,0.5497,1,0,none,baostock,query_history_k_data_plus
600084,SHSE.600084,,SH,A股-上交所,2023-08-22,8.01,8.09,7.89,8.08,7.97,3529711.0,28227285.19,1.3802,0.3141,1,0,none,baostock,query_history_k_data_plus
600084,SHSE.600084,,SH,A股-上交所,2023-08-23,8.09,8.14,8.0,8.05,8.08,3907100.0,31538162.9,-0.3713,0.3477,1,0,none,baostock,query_history_k_data_plus
600084,SHSE.600084,,SH,A股-上交所,2023-08-24,8.09,8.09,7.99,8.05,8.05,3017800.0,24259551.0,0.0,0.2686,1,0,none,baostock,query_history_k_data_plus
600084,SHSE.600084,,SH,A股-上交所,2023-08-25,8.03,8.12,7.95,7.95,8.05,2844400.0,22773876.0,-1.2422,0.2531,1,0,none,baostock,query_history_k_data_plus
600084,SHSE.600084,,SH,A股-上交所,2023-08-28,8.13,8.17,7.77,7.79,7.95,6313800.0,50122826.0,-2.0126,0.5619,1,0,none,baostock,query_history_k_data_plus
600084,SHSE.600084,,SH,A股-上交所,2023-08-29,7.77,7.85,7.69,7.8,7.79,3912200.0,30399702.0,0.1284,0.3481,1,0,none,baostock,query_history_k_data_plus
600084,SHSE.600084,,SH,A股-上交所,2023-08-30,7.75,7.87,7.7,7.83,7.8,5262600.0,41006302.0,0.3846,0.4683,1,0,none,baostock,query_history_k_data_plus
600084,SHSE.600084,,SH,A股-上交所,2023-08-31,7.78,7.83,7.73,7.81,7.83,2730451.0,21269334.8,-0.2554,0.243,1,0,none,baostock,query_history_k_data_plus
600084,SHSE.600084,,SH,A股-上交所,2023-09-01,7.81,7.92,7.79,7.83,7.81,2644500.0,20722971.0,0.2561,0.2353,1,0,none,baostock,query_history_k_data_plus
600084,SHSE.600084,,SH,A股-上交所,2023-09-04,7.83,8.02,7.83,7.97,7.83,3773251.0,29885946.45,1.788,0.3358,1,0,none,baostock,query_history_k_data_plus
600084,SHSE.600084,,SH,A股-上交所,2023-09-05,8.0,8.0,7.85,7.89,7.97,3220200.0,25475088.0,-1.0038,0.2866,1,0,none,baostock,query_history_k_data_plus
600084,SHSE.600084,,SH,A股-上交所,2023-09-06,7.87,7.89,7.78,7.78,7.89,2831900.0,22140016.0,-1.3942,0.252,1,0,none,baostock,query_history_k_data_plus
600084,SHSE.600084,,SH,A股-上交所,2023-09-07,7.79,7.87,7.66,7.76,7.78,4574300.0,35383137.0,-0.2571,0.4071,1,0,none,baostock,query_history_k_data_plus
600084,SHSE.600084,,SH,A股-上交所,2023-09-08,7.73,7.77,7.67,7.76,7.76,2537300.0,19560882.0,0.0,0.2258,1,0,none,baostock,query_history_k_data_plus
600084,SHSE.600084,,SH,A股-上交所,2023-09-11,7.78,7.88,7.74,7.77,7.76,3228400.0,25188338.0,0.1289,0.2873,1,0,none,baostock,query_history_k_data_plus
600084,SHSE.600084,,SH,A股-上交所,2023-09-12,7.75,7.79,7.7,7.75,7.77,1905500.0,14736818.0,-0.2574,0.1696,1,0,none,baostock,query_history_k_data_plus
600084,SHSE.600084,,SH,A股-上交所,2023-09-13,7.75,7.79,7.72,7.79,7.75,2171400.0,16847955.97,0.5161,0.1932,1,0,none,baostock,query_history_k_data_plus
600084,SHSE.600084,,SH,A股-上交所,2023-09-14,7.78,7.81,7.73,7.75,7.79,2197100.0,17047584.0,-0.5135,0.1955,1,0,none,baostock,query_history_k_data_plus
600084,SHSE.600084,,SH,A股-上交所,2023-09-15,7.76,7.81,7.73,7.8,7.75,2239700.0,17382317.0,0.6452,0.1993,1,0,none,baostock,query_history_k_data_plus
600084,SHSE.600084,,SH,A股-上交所,2023-09-18,7.78,7.81,7.74,7.78,7.8,2260800.0,17557363.0,-0.2564,0.2012,1,0,none,baostock,query_history_k_data_plus
600084,SHSE.600084,,SH,A股-上交所,2023-09-19,7.76,7.94,7.73,7.86,7.78,4397300.0,34500356.0,1.0283,0.3913,1,0,none,baostock,query_history_k_data_plus
600084,SHSE.600084,,SH,A股-上交所,2023-09-20,7.83,7.94,7.8,7.92,7.86,3276002.0,25846093.8,0.7634,0.2915,1,0,none,baostock,query_history_k_data_plus
600084,SHSE.600084,,SH,A股-上交所,2023-09-21,7.89,7.92,7.83,7.87,7.92,2666500.0,20987041.0,-0.6313,0.2373,1,0,none,baostock,query_history_k_data_plus
600084,SHSE.600084,,SH,A股-上交所,2023-09-22,7.86,7.94,7.82,7.9,7.87,2830900.0,22307563.0,0.3812,0.2519,1,0,none,baostock,query_history_k_data_plus
600084,SHSE.600084,,SH,A股-上交所,2023-09-25,7.89,7.96,7.78,7.82,7.9,3899100.0,30560436.0,-1.0127,0.347,1,0,none,baostock,query_history_k_data_plus
600084,SHSE.600084,,SH,A股-上交所,2023-09-26,7.8,7.83,7.71,7.79,7.82,3067200.0,23814067.0,-0.3836,0.2729,1,0,none,baostock,query_history_k_data_plus
600084,SHSE.600084,,SH,A股-上交所,2023-09-27,7.81,7.81,7.74,7.78,7.79,1601300.0,12442612.0,-0.1284,0.1425,1,0,none,baostock,query_history_k_data_plus
600084,SHSE.600084,,SH,A股-上交所,2023-09-28,7.76,7.85,7.75,7.82,7.78,1934000.0,15091519.0,0.5141,0.1721,1,0,none,baostock,query_history_k_data_plus
600084,SHSE.600084,,SH,A股-上交所,2023-10-09,7.76,7.78,7.65,7.74,7.82,3190800.0,24574288.0,-1.023,0.2839,1,0,none,baostock,query_history_k_data_plus
600084,SHSE.600084,,SH,A股-上交所,2023-10-10,7.72,7.81,7.71,7.77,7.74,2695800.0,20911288.0,0.3876,0.2399,1,0,none,baostock,query_history_k_data_plus
600084,SHSE.600084,,SH,A股-上交所,2023-10-11,7.77,7.82,7.71,7.78,7.77,2384900.0,18458713.0,0.1287,0.2122,1,0,none,baostock,query_history_k_data_plus
600084,SHSE.600084,,SH,A股-上交所,2023-10-12,7.76,7.8,7.74,7.79,7.78,1473000.0,11435645.0,0.1285,0.1311,1,0,none,baostock,query_history_k_data_plus
600084,SHSE.600084,,SH,A股-上交所,2023-10-13,7.77,7.86,7.75,7.8,7.79,1907600.0,14873967.0,0.1284,0.1698,1,0,none,baostock,query_history_k_data_plus
600084,SHSE.600084,,SH,A股-上交所,2023-10-16,7.78,7.84,7.73,7.77,7.8,2038641.0,15825926.16,-0.3846,0.1814,1,0,none,baostock,query_history_k_data_plus
600084,SHSE.600084,,SH,A股-上交所,2023-10-17,7.76,7.79,7.72,7.76,7.77,2126008.0,16475009.92,-0.1287,0.1892,1,0,none,baostock,query_history_k_data_plus
600084,SHSE.600084,,SH,A股-上交所,2023-10-18,7.72,7.78,7.68,7.77,7.76,2307700.0,17864264.0,0.1289,0.2054,1,0,none,baostock,query_history_k_data_plus
600084,SHSE.600084,,SH,A股-上交所,2023-10-19,7.77,7.78,7.2,7.66,7.77,7044002.0,53504227.85,-1.4157,0.6268,1,0,none,baostock,query_history_k_data_plus
600084,SHSE.600084,,SH,A股-上交所,2023-10-20,7.62,7.67,7.54,7.57,7.66,3214701.0,24442048.61,-1.1749,0.2861,1,0,none,baostock,query_history_k_data_plus
600084,SHSE.600084,,SH,A股-上交所,2023-10-23,7.45,7.66,7.18,7.22,7.57,3960601.0,29165461.54,-4.6235,0.3525,1,0,none,baostock,query_history_k_data_plus
600084,SHSE.600084,,SH,A股-上交所,2023-10-24,7.3,7.58,7.22,7.56,7.22,5569300.0,41276867.0,4.7091,0.4956,1,0,none,baostock,query_history_k_data_plus
600084,SHSE.600084,,SH,A股-上交所,2023-10-25,7.56,7.61,7.49,7.54,7.56,3675161.0,27712273.72,-0.2646,0.3271,1,0,none,baostock,query_history_k_data_plus
600084,SHSE.600084,,SH,A股-上交所,2023-10-26,7.56,7.56,7.48,7.53,7.54,1613162.0,12126324.62,-0.1326,0.1436,1,0,none,baostock,query_history_k_data_plus
600084,SHSE.600084,,SH,A股-上交所,2023-10-27,7.53,7.61,7.5,7.58,7.53,1933300.0,14632538.0,0.664,0.172,1,0,none,baostock,query_history_k_data_plus
600084,SHSE.600084,,SH,A股-上交所,2023-10-30,7.63,8.0,7.58,7.91,7.58,5957250.0,46638598.0,4.3536,0.5301,1,0,none,baostock,query_history_k_data_plus
600084,SHSE.600084,,SH,A股-上交所,2023-10-31,7.88,7.95,7.86,7.93,7.91,3425000.0,27051162.0,0.2528,0.3048,1,0,none,baostock,query_history_k_data_plus
600084,SHSE.600084,,SH,A股-上交所,2023-11-01,8.05,8.2,7.86,7.93,7.93,4952743.0,39315703.42,0.0,0.4407,1,0,none,baostock,query_history_k_data_plus
600084,SHSE.600084,,SH,A股-上交所,2023-11-02,7.88,7.97,7.84,7.88,7.93,2952900.0,23307985.0,-0.6305,0.2628,1,0,none,baostock,query_history_k_data_plus
600084,SHSE.600084,,SH,A股-上交所,2023-11-03,7.94,7.96,7.82,7.86,7.88,2624000.0,20637684.0,-0.2538,0.2335,1,0,none,baostock,query_history_k_data_plus
600084,SHSE.600084,,SH,A股-上交所,2023-11-06,7.85,7.86,7.76,7.83,7.86,3075900.0,24011646.0,-0.3817,0.2737,1,0,none,baostock,query_history_k_data_plus
600084,SHSE.600084,,SH,A股-上交所,2023-11-07,7.8,7.96,7.79,7.89,7.83,3260200.0,25720552.0,0.7663,0.2901,1,0,none,baostock,query_history_k_data_plus
600084,SHSE.600084,,SH,A股-上交所,2023-11-08,7.88,7.93,7.85,7.9,7.89,2131501.0,16814389.88,0.1267,0.1897,1,0,none,baostock,query_history_k_data_plus
600084,SHSE.600084,,SH,A股-上交所,2023-11-09,7.92,8.02,7.88,7.98,7.9,4173800.0,33222086.0,1.0127,0.3714,1,0,none,baostock,query_history_k_data_plus
600084,SHSE.600084,,SH,A股-上交所,2023-11-10,7.94,8.04,7.93,8.01,7.98,2525900.0,20175188.0,0.3759,0.2248,1,0,none,baostock,query_history_k_data_plus
600084,SHSE.600084,,SH,A股-上交所,2023-11-13,8.01,8.05,7.96,7.99,8.01,1915701.0,15280681.96,-0.2497,0.1705,1,0,none,baostock,query_history_k_data_plus
600084,SHSE.600084,,SH,A股-上交所,2023-11-14,7.99,8.05,7.96,8.05,7.99,2025301.0,16212815.96,0.7509,0.1802,1,0,none,baostock,query_history_k_data_plus
600084,SHSE.600084,,SH,A股-上交所,2023-11-15,8.04,8.1,8.03,8.05,8.05,1822201.0,14686322.07,0.0,0.1622,1,0,none,baostock,query_history_k_data_plus
600084,SHSE.600084,,SH,A股-上交所,2023-11-16,8.05,8.08,7.97,8.05,8.05,1928592.0,15526101.6,0.0,0.1716,1,0,none,baostock,query_history_k_data_plus
600084,SHSE.600084,,SH,A股-上交所,2023-11-17,8.02,8.12,8.02,8.1,8.05,2012900.0,16272953.99,0.6211,0.1791,1,0,none,baostock,query_history_k_data_plus
600084,SHSE.600084,,SH,A股-上交所,2023-11-20,8.13,8.19,8.11,8.18,8.1,2346600.0,19144828.0,0.9877,0.2088,1,0,none,baostock,query_history_k_data_plus
600084,SHSE.600084,,SH,A股-上交所,2023-11-21,8.2,8.32,8.15,8.23,8.18,2516902.0,20763382.56,0.6112,0.224,1,0,none,baostock,query_history_k_data_plus
600084,SHSE.600084,,SH,A股-上交所,2023-11-22,8.23,8.28,8.2,8.22,8.23,2277300.0,18739760.0,-0.1215,0.2027,1,0,none,baostock,query_history_k_data_plus
600084,SHSE.600084,,SH,A股-上交所,2023-11-23,8.19,8.33,8.18,8.28,8.22,4399400.0,36339343.0,0.7299,0.3915,1,0,none,baostock,query_history_k_data_plus
600084,SHSE.600084,,SH,A股-上交所,2023-11-24,8.28,8.39,8.22,8.24,8.28,5969500.0,49559188.0,-0.4831,0.5312,1,0,none,baostock,query_history_k_data_plus
600084,SHSE.600084,,SH,A股-上交所,2023-11-27,8.23,8.25,8.14,8.19,8.24,4221050.0,34602215.5,-0.6068,0.3756,1,0,none,baostock,query_history_k_data_plus
600084,SHSE.600084,,SH,A股-上交所,2023-11-28,8.19,8.23,8.07,8.1,8.19,5758362.0,47009330.54,-1.0989,0.5124,1,0,none,baostock,query_history_k_data_plus
600084,SHSE.600084,,SH,A股-上交所,2023-11-29,8.14,8.14,8.01,8.09,8.1,5191708.0,41919651.72,-0.1235,0.462,1,0,none,baostock,query_history_k_data_plus
600084,SHSE.600084,,SH,A股-上交所,2023-11-30,8.07,8.15,8.03,8.11,8.09,3551423.0,28741455.75,0.2472,0.316,1,0,none,baostock,query_history_k_data_plus
600084,SHSE.600084,,SH,A股-上交所,2023-12-01,8.11,8.22,8.11,8.12,8.11,3520376.0,28666925.44,0.1233,0.3133,1,0,none,baostock,query_history_k_data_plus
600084,SHSE.600084,,SH,A股-上交所,2023-12-04,8.14,8.14,8.05,8.11,8.12,2566000.0,20762142.0,-0.1232,0.2283,1,0,none,baostock,query_history_k_data_plus
600084,SHSE.600084,,SH,A股-上交所,2023-12-05,8.1,8.17,8.07,8.1,8.11,3496800.0,28337201.0,-0.1233,0.3112,1,0,none,baostock,query_history_k_data_plus
600084,SHSE.600084,,SH,A股-上交所,2023-12-06,8.08,8.19,8.03,8.13,8.1,2938571.0,23864656.32,0.3704,0.2615,1,0,none,baostock,query_history_k_data_plus
600084,SHSE.600084,,SH,A股-上交所,2023-12-07,8.13,8.15,8.06,8.13,8.13,2435000.0,19741227.0,0.0,0.2167,1,0,none,baostock,query_history_k_data_plus
600084,SHSE.600084,,SH,A股-上交所,2023-12-08,8.1,8.16,8.08,8.11,8.13,2584400.0,20956614.0,-0.246,0.23,1,0,none,baostock,query_history_k_data_plus
600084,SHSE.600084,,SH,A股-上交所,2023-12-11,8.08,8.12,8.01,8.11,8.11,2852100.0,23037491.0,0.0,0.2538,1,0,none,baostock,query_history_k_data_plus
600084,SHSE.600084,,SH,A股-上交所,2023-12-12,8.1,8.16,8.04,8.16,8.11,2488900.0,20192789.0,0.6165,0.2215,1,0,none,baostock,query_history_k_data_plus
600084,SHSE.600084,,SH,A股-上交所,2023-12-13,8.17,8.19,8.08,8.11,8.16,2175501.0,17660556.09,-0.6127,0.1936,1,0,none,baostock,query_history_k_data_plus
600084,SHSE.600084,,SH,A股-上交所,2023-12-14,8.1,8.14,8.05,8.1,8.11,2791001.0,22559966.11,-0.1233,0.2484,1,0,none,baostock,query_history_k_data_plus
600084,SHSE.600084,,SH,A股-上交所,2023-12-15,8.1,8.12,8.05,8.09,8.1,2883600.0,23271016.0,-0.1235,0.2566,1,0,none,baostock,query_history_k_data_plus
600084,SHSE.600084,,SH,A股-上交所,2023-12-18,8.07,8.09,7.82,7.84,8.09,3546501.0,28164803.89,-3.0902,0.3156,1,0,none,baostock,query_history_k_data_plus
600084,SHSE.600084,,SH,A股-上交所,2023-12-19,7.85,7.98,7.78,7.89,7.84,2648201.0,20809781.88,0.6378,0.2357,1,0,none,baostock,query_history_k_data_plus
600084,SHSE.600084,,SH,A股-上交所,2023-12-20,7.9,7.94,7.71,7.8,7.89,3106600.0,24237715.0,-1.1407,0.2765,1,0,none,baostock,query_history_k_data_plus
600084,SHSE.600084,,SH,A股-上交所,2023-12-21,7.74,7.97,7.72,7.92,7.8,2754666.0,21594018.07,1.5385,0.2451,1,0,none,baostock,query_history_k_data_plus
600084,SHSE.600084,,SH,A股-上交所,2023-12-22,7.98,7.98,7.8,7.88,7.92,2668400.0,20928226.0,-0.5051,0.2375,1,0,none,baostock,query_history_k_data_plus
600084,SHSE.600084,,SH,A股-上交所,2023-12-25,7.85,7.97,7.74,7.8,7.88,2418100.0,18868268.0,-1.0152,0.2152,1,0,none,baostock,query_history_k_data_plus
600084,SHSE.600084,,SH,A股-上交所,2023-12-26,7.8,7.94,7.72,7.73,7.8,2106200.0,16336064.0,-0.8974,0.1874,1,0,none,baostock,query_history_k_data_plus
600084,SHSE.600084,,SH,A股-上交所,2023-12-27,7.71,7.8,7.69,7.71,7.73,2139800.0,16556161.0,-0.2587,0.1904,1,0,none,baostock,query_history_k_data_plus
600084,SHSE.600084,,SH,A股-上交所,2023-12-28,7.71,7.78,7.67,7.72,7.71,2857401.0,22106040.74,0.1297,0.2543,1,0,none,baostock,query_history_k_data_plus
600084,SHSE.600084,,SH,A股-上交所,2023-12-29,7.7,7.88,7.65,7.86,7.72,3757392.0,29094902.68,1.8135,0.3344,1,0,none,baostock,query_history_k_data_plus
600084,SHSE.600084,,SH,A股-上交所,2024-01-02,7.82,7.89,7.82,7.87,7.86,2197801.0,17283002.86,0.1272,0.1956,1,0,none,baostock,query_history_k_data_plus
600084,SHSE.600084,,SH,A股-上交所,2024-01-03,7.87,7.9,7.82,7.85,7.87,1735500.0,13630567.0,-0.2541,0.1544,1,0,none,baostock,query_history_k_data_plus
600084,SHSE.600084,,SH,A股-上交所,2024-01-04,7.85,7.9,7.77,7.86,7.85,2250141.0,17627308.83,0.1274,0.2002,1,0,none,baostock,query_history_k_data_plus
600084,SHSE.600084,,SH,A股-上交所,2024-01-05,7.86,7.88,7.68,7.7,7.86,2008500.0,15605225.0,-2.0356,0.1787,1,0,none,baostock,query_history_k_data_plus
600084,SHSE.600084,,SH,A股-上交所,2024-01-08,7.76,7.82,7.57,7.58,7.7,2876341.0,22041051.89,-1.5584,0.256,1,0,none,baostock,query_history_k_data_plus
600084,SHSE.600084,,SH,A股-上交所,2024-01-09,7.58,7.61,7.48,7.56,7.58,2201901.0,16615110.55,-0.2639,0.1959,1,0,none,baostock,query_history_k_data_plus
600084,SHSE.600084,,SH,A股-上交所,2024-01-10,7.48,7.55,7.46,7.49,7.56,2597328.0,19460316.28,-0.9259,0.2311,1,0,none,baostock,query_history_k_data_plus
600084,SHSE.600084,,SH,A股-上交所,2024-01-11,7.48,7.55,7.45,7.53,7.49,1875401.0,14087148.48,0.534,0.1669,1,0,none,baostock,query_history_k_data_plus
600084,SHSE.600084,,SH,A股-上交所,2024-01-12,7.52,7.62,7.51,7.54,7.53,2227601.0,16846262.59,0.1328,0.1982,1,0,none,baostock,query_history_k_data_plus
600084,SHSE.600084,,SH,A股-上交所,2024-01-15,7.48,7.55,7.47,7.49,7.54,1457601.0,10931693.48,-0.6631,0.1297,1,0,none,baostock,query_history_k_data_plus
600084,SHSE.600084,,SH,A股-上交所,2024-01-16,7.45,7.53,7.43,7.46,7.49,2147100.0,16045316.0,-0.4005,0.1911,1,0,none,baostock,query_history_k_data_plus
600084,SHSE.600084,,SH,A股-上交所,2024-01-17,7.47,7.58,7.27,7.28,7.46,3413100.0,25263994.0,-2.4129,0.3037,1,0,none,baostock,query_history_k_data_plus
600084,SHSE.600084,,SH,A股-上交所,2024-01-18,7.4,7.4,6.84,6.99,7.28,6133107.0,43044237.14,-3.9835,0.5458,1,0,none,baostock,query_history_k_data_plus
600084,SHSE.600084,,SH,A股-上交所,2024-01-19,7.02,7.08,6.93,6.97,6.99,2996277.0,20955593.15,-0.2861,0.2666,1,0,none,baostock,query_history_k_data_plus
600084,SHSE.600084,,SH,A股-上交所,2024-01-22,6.88,6.9,6.52,6.54,6.97,3998318.0,26925304.9,-6.1693,0.3558,1,0,none,baostock,query_history_k_data_plus
600084,SHSE.600084,,SH,A股-上交所,2024-01-23,6.55,6.64,6.42,6.54,6.54,3458501.0,22552085.43,0.0,0.3078,1,0,none,baostock,query_history_k_data_plus
600084,SHSE.600084,,SH,A股-上交所,2024-01-24,6.55,6.61,6.23,6.47,6.54,6750500.0,43090874.0,-1.0703,0.6007,1,0,none,baostock,query_history_k_data_plus
600084,SHSE.600084,,SH,A股-上交所,2024-01-25,6.47,6.98,6.43,6.89,6.47,6278800.0,42038116.99,6.4915,0.5587,1,0,none,baostock,query_history_k_data_plus
600084,SHSE.600084,,SH,A股-上交所,2024-01-26,6.87,6.92,6.72,6.85,6.89,4265990.0,29137672.9,-0.5806,0.3796,1,0,none,baostock,query_history_k_data_plus
600084,SHSE.600084,,SH,A股-上交所,2024-01-29,6.93,6.93,6.79,6.85,6.85,4588191.0,31434633.4,0.0,0.4083,1,0,none,baostock,query_history_k_data_plus
600084,SHSE.600084,,SH,A股-上交所,2024-01-30,6.79,6.8,6.46,6.5,6.85,4320200.0,28687760.0,-5.1095,0.3845,1,0,none,baostock,query_history_k_data_plus
600084,SHSE.600084,,SH,A股-上交所,2024-01-31,6.5,6.52,6.18,6.2,6.5,4835482.0,30423190.58,-4.6154,0.4303,1,0,none,baostock,query_history_k_data_plus
600084,SHSE.600084,,SH,A股-上交所,2024-02-01,6.13,6.21,5.95,6.04,6.2,4650067.0,28189298.43,-2.5806,0.4138,1,0,none,baostock,query_history_k_data_plus
600084,SHSE.600084,,SH,A股-上交所,2024-02-02,6.08,6.29,5.53,5.82,6.04,8065247.0,47799455.35,-3.6424,0.7177,1,0,none,baostock,query_history_k_data_plus
600084,SHSE.600084,,SH,A股-上交所,2024-02-05,5.8,5.8,5.24,5.24,5.82,6052790.0,32325992.0,-9.9656,0.5386,1,0,none,baostock,query_history_k_data_plus
600084,SHSE.600084,,SH,A股-上交所,2024-02-06,4.88,5.24,4.72,5.1,5.24,8938928.0,44062065.67,-2.6718,0.7955,1,0,none,baostock,query_history_k_data_plus
600084,SHSE.600084,,SH,A股-上交所,2024-02-07,5.2,5.23,4.77,4.81,5.1,10291753.0,51538976.42,-5.6863,0.9159,1,0,none,baostock,query_history_k_data_plus
600084,SHSE.600084,,SH,A股-上交所,2024-02-08,4.78,5.29,4.61,5.29,4.81,9767627.0,47976556.11,9.9792,0.8692,1,0,none,baostock,query_history_k_data_plus
600084,SHSE.600084,,SH,A股-上交所,2024-02-19,5.5,5.82,5.42,5.82,5.29,6650700.0,37888520.0,10.0189,0.5918,1,0,none,baostock,query_history_k_data_plus
600084,SHSE.600084,,SH,A股-上交所,2024-02-20,5.82,6.2,5.75,6.04,5.82,9267910.0,55544464.6,3.7801,0.8247,1,0,none,baostock,query_history_k_data_plus
600084,SHSE.600084,,SH,A股-上交所,2024-02-21,5.92,6.26,5.87,6.06,6.04,6820834.0,41718074.61,0.3311,0.607,1,0,none,baostock,query_history_k_data_plus
600084,SHSE.600084,,SH,A股-上交所,2024-02-22,6.15,6.16,5.95,6.08,6.06,3964901.0,23993531.56,0.33,0.3528,1,0,none,baostock,query_history_k_data_plus
600084,SHSE.600084,,SH,A股-上交所,2024-02-23,6.08,6.27,6.02,6.24,6.08,5756893.0,35478171.26,2.6316,0.5123,1,0,none,baostock,query_history_k_data_plus
600084,SHSE.600084,,SH,A股-上交所,2024-02-26,6.22,6.35,6.17,6.25,6.24,4717358.0,29486467.98,0.1603,0.4198,1,0,none,baostock,query_history_k_data_plus
600084,SHSE.600084,,SH,A股-上交所,2024-02-27,6.25,6.42,6.19,6.4,6.25,3845200.0,24345314.0,2.4,0.3422,1,0,none,baostock,query_history_k_data_plus
600084,SHSE.600084,,SH,A股-上交所,2024-02-28,6.48,6.55,6.12,6.12,6.4,7250750.0,46213764.39,-4.375,0.6452,1,0,none,baostock,query_history_k_data_plus
600084,SHSE.600084,,SH,A股-上交所,2024-02-29,6.02,6.3,6.02,6.28,6.12,4023997.0,25059783.88,2.6144,0.3581,1,0,none,baostock,query_history_k_data_plus
600084,SHSE.600084,,SH,A股-上交所,2024-03-01,6.24,6.32,6.2,6.24,6.28,3018300.0,18857347.0,-0.6369,0.2686,1,0,none,baostock,query_history_k_data_plus
600084,SHSE.600084,,SH,A股-上交所,2024-03-04,6.29,6.32,6.13,6.16,6.24,2593700.0,16020375.0,-1.2821,0.2308,1,0,none,baostock,query_history_k_data_plus
600084,SHSE.600084,,SH,A股-上交所,2024-03-05,6.1,6.27,6.1,6.13,6.16,2904092.0,17982887.96,-0.487,0.2584,1,0,none,baostock,query_history_k_data_plus
600084,SHSE.600084,,SH,A股-上交所,2024-03-06,6.13,6.19,6.05,6.09,6.13,2450700.0,14959295.0,-0.6525,0.2181,1,0,none,baostock,query_history_k_data_plus
600084,SHSE.600084,,SH,A股-上交所,2024-03-07,6.15,6.25,6.08,6.1,6.09,2878118.0,17682639.8,0.1642,0.2561,1,0,none,baostock,query_history_k_data_plus
600084,SHSE.600084,,SH,A股-上交所,2024-03-08,6.11,6.15,6.05,6.08,6.1,1798000.0,10941850.0,-0.3279,0.16,1,0,none,baostock,query_history_k_data_plus
600084,SHSE.600084,,SH,A股-上交所,2024-03-11,6.06,6.34,6.06,6.31,6.08,4813200.0,29859039.0,3.7829,0.4283,1,0,none,baostock,query_history_k_data_plus
600084,SHSE.600084,,SH,A股-上交所,2024-03-12,6.28,6.53,6.28,6.44,6.31,5153201.0,33102574.41,2.0602,0.4586,1,0,none,baostock,query_history_k_data_plus
600084,SHSE.600084,,SH,A股-上交所,2024-03-13,6.39,6.47,6.32,6.37,6.44,2950530.0,18814520.4,-1.087,0.2626,1,0,none,baostock,query_history_k_data_plus
600084,SHSE.600084,,SH,A股-上交所,2024-03-14,6.4,6.41,6.25,6.31,6.37,1976100.0,12535786.0,-0.9419,0.1759,1,0,none,baostock,query_history_k_data_plus
600084,SHSE.600084,,SH,A股-上交所,2024-03-15,6.3,6.42,6.29,6.41,6.31,2206600.0,14067929.0,1.5848,0.1964,1,0,none,baostock,query_history_k_data_plus
600084,SHSE.600084,,SH,A股-上交所,2024-03-18,6.41,6.52,6.4,6.47,6.41,2672600.0,17281173.0,0.936,0.2378,1,0,none,baostock,query_history_k_data_plus
600084,SHSE.600084,,SH,A股-上交所,2024-03-19,6.45,6.57,6.45,6.48,6.47,2545100.0,16569015.0,0.1546,0.2265,1,0,none,baostock,query_history_k_data_plus
600084,SHSE.600084,,SH,A股-上交所,2024-03-20,6.48,6.58,6.42,6.5,6.48,2472690.0,16061464.0,0.3086,0.22,1,0,none,baostock,query_history_k_data_plus
600084,SHSE.600084,,SH,A股-上交所,2024-03-21,6.54,6.55,6.41,6.42,6.5,2339900.0,15103469.6,-1.2308,0.2082,1,0,none,baostock,query_history_k_data_plus
600084,SHSE.600084,,SH,A股-上交所,2024-03-22,6.42,6.45,6.25,6.3,6.42,2844801.0,18013383.29,-1.8692,0.2532,1,0,none,baostock,query_history_k_data_plus
600084,SHSE.600084,,SH,A股-上交所,2024-03-25,6.38,6.38,6.16,6.16,6.3,3064400.0,19133309.4,-2.2222,0.2727,1,0,none,baostock,query_history_k_data_plus
600084,SHSE.600084,,SH,A股-上交所,2024-03-26,6.2,6.26,6.08,6.19,6.16,3178301.0,19698114.18,0.487,0.2828,1,0,none,baostock,query_history_k_data_plus
600084,SHSE.600084,,SH,A股-上交所,2024-03-27,6.19,6.22,6.07,6.08,6.19,2532000.0,15522541.0,-1.7771,0.2253,1,0,none,baostock,query_history_k_data_plus
600084,SHSE.600084,,SH,A股-上交所,2024-03-28,6.08,6.29,6.06,6.2,6.08,3285600.0,20314129.0,1.9737,0.2924,1,0,none,baostock,query_history_k_data_plus
600084,SHSE.600084,,SH,A股-上交所,2024-03-29,6.19,6.26,6.18,6.24,6.2,1999400.0,12425198.0,0.6452,0.1779,1,0,none,baostock,query_history_k_data_plus
600084,SHSE.600084,,SH,A股-上交所,2024-04-01,6.38,6.47,6.32,6.4,6.24,2927700.0,18784158.0,2.5641,0.2605,1,0,none,baostock,query_history_k_data_plus
600084,SHSE.600084,,SH,A股-上交所,2024-04-02,6.38,6.55,6.36,6.5,6.4,3415800.0,22130100.06,1.5625,0.304,1,0,none,baostock,query_history_k_data_plus
600084,SHSE.600084,,SH,A股-上交所,2024-04-03,6.51,6.73,6.46,6.73,6.5,3682600.0,24290918.0,3.5385,0.3277,1,0,none,baostock,query_history_k_data_plus
600084,SHSE.600084,,SH,A股-上交所,2024-04-08,6.73,6.73,6.32,6.35,6.73,5660530.0,36509895.2,-5.6464,0.5037,1,0,none,baostock,query_history_k_data_plus
600084,SHSE.600084,,SH,A股-上交所,2024-04-09,6.33,6.58,6.32,6.54,6.35,3733047.0,24113073.32,2.9921,0.3322,1,0,none,baostock,query_history_k_data_plus
600084,SHSE.600084,,SH,A股-上交所,2024-04-10,6.54,6.58,6.36,6.43,6.54,3331327.0,21448294.07,-1.682,0.2965,1,0,none,baostock,query_history_k_data_plus
600084,SHSE.600084,,SH,A股-上交所,2024-04-11,6.41,6.52,6.37,6.46,6.43,1918900.0,12405145.0,0.4666,0.1708,1,0,none,baostock,query_history_k_data_plus
600084,SHSE.600084,,SH,A股-上交所,2024-04-12,6.52,6.6,6.47,6.49,6.46,2329600.0,15218077.0,0.4644,0.2073,1,0,none,baostock,query_history_k_data_plus
600084,SHSE.600084,,SH,A股-上交所,2024-04-15,6.49,6.5,6.12,6.21,6.49,4733152.0,29710423.94,-4.3143,0.4212,1,0,none,baostock,query_history_k_data_plus
600084,SHSE.600084,,SH,A股-上交所,2024-04-16,6.13,6.27,5.59,5.6,6.21,6675369.0,38390236.95,-9.8229,0.594,1,0,none,baostock,query_history_k_data_plus
600084,SHSE.600084,,SH,A股-上交所,2024-04-17,5.7,6.1,5.69,6.0,5.6,5028000.0,29809888.0,7.1429,0.4474,1,0,none,baostock,query_history_k_data_plus
600084,SHSE.600084,,SH,A股-上交所,2024-04-18,6.01,6.01,5.76,5.82,6.0,6114010.0,35725571.5,-3.0,0.5441,1,0,none,baostock,query_history_k_data_plus
600084,SHSE.600084,,SH,A股-上交所,2024-04-19,5.74,5.88,5.64,5.69,5.82,3244156.0,18599242.3,-2.2337,0.2887,1,0,none,baostock,query_history_k_data_plus
600084,SHSE.600084,,SH,A股-上交所,2024-04-22,5.74,5.77,5.55,5.71,5.69,3120700.0,17747975.9,0.3515,0.2777,1,0,none,baostock,query_history_k_data_plus
600084,SHSE.600084,,SH,A股-上交所,2024-04-23,5.7,5.8,5.67,5.68,5.71,2714100.0,15562127.0,-0.5254,0.2415,1,0,none,baostock,query_history_k_data_plus
600084,SHSE.600084,,SH,A股-上交所,2024-04-24,5.68,5.87,5.67,5.87,5.68,2870201.0,16629009.78,3.3451,0.2554,1,0,none,baostock,query_history_k_data_plus
600084,SHSE.600084,,SH,A股-上交所,2024-04-25,5.82,6.01,5.82,5.93,5.87,2284700.0,13558476.0,1.0221,0.2033,1,0,none,baostock,query_history_k_data_plus
600084,SHSE.600084,,SH,A股-上交所,2024-04-26,5.97,5.97,5.85,5.96,5.93,2783400.0,16489323.0,0.5059,0.2477,1,0,none,baostock,query_history_k_data_plus
600084,SHSE.600084,,SH,A股-上交所,2024-04-29,5.94,6.04,5.85,6.02,5.96,2904701.0,17359840.02,1.0067,0.2585,1,0,none,baostock,query_history_k_data_plus
600084,SHSE.600084,,SH,A股-上交所,2024-04-30,6.01,6.2,6.01,6.14,6.02,2787801.0,17091648.04,1.9934,0.2481,1,0,none,baostock,query_history_k_data_plus
600084,SHSE.600084,,SH,A股-上交所,2024-05-06,6.13,6.26,5.94,6.02,6.14,5142001.0,31270187.17,-1.9544,0.4576,1,0,none,baostock,query_history_k_data_plus
600084,SHSE.600084,,SH,A股-上交所,2024-05-07,6.0,6.01,5.75,5.79,6.02,5652901.0,33098262.61,-3.8206,0.503,1,0,none,baostock,query_history_k_data_plus
600084,SHSE.600084,,SH,A股-上交所,2024-05-08,5.78,5.85,5.63,5.68,5.79,4726001.0,27014414.65,-1.8998,0.4206,1,0,none,baostock,query_history_k_data_plus
600084,SHSE.600084,,SH,A股-上交所,2024-05-09,5.73,5.92,5.67,5.86,5.68,4795541.0,27836351.98,3.169,0.4268,1,0,none,baostock,query_history_k_data_plus
600084,SHSE.600084,,SH,A股-上交所,2024-05-10,5.85,5.88,5.63,5.68,5.86,4160301.0,23749773.65,-3.0717,0.3702,1,0,none,baostock,query_history_k_data_plus
600084,SHSE.600084,,SH,A股-上交所,2024-05-13,5.68,5.69,5.51,5.51,5.68,3177500.0,17658915.0,-2.993,0.2828,1,0,none,baostock,query_history_k_data_plus
600084,SHSE.600084,,SH,A股-上交所,2024-05-14,5.5,5.99,5.48,5.8,5.51,6384800.0,36744616.6,5.2632,0.5682,1,0,none,baostock,query_history_k_data_plus
600084,SHSE.600084,,SH,A股-上交所,2024-05-15,5.81,6.21,5.77,6.11,5.8,7531325.0,45528673.04,5.3448,0.6702,1,0,none,baostock,query_history_k_data_plus
600084,SHSE.600084,,SH,A股-上交所,2024-05-16,6.18,6.21,5.98,6.1,6.11,5962635.0,36305451.03,-0.1637,0.5306,1,0,none,baostock,query_history_k_data_plus
600084,SHSE.600084,,SH,A股-上交所,2024-05-17,6.05,6.1,5.89,5.97,6.1,4293000.0,25520539.0,-2.1311,0.382,1,0,none,baostock,query_history_k_data_plus
600084,SHSE.600084,,SH,A股-上交所,2024-05-20,5.88,5.99,5.86,5.88,5.97,3278200.0,19349399.0,-1.5075,0.2917,1,0,none,baostock,query_history_k_data_plus
600084,SHSE.600084,,SH,A股-上交所,2024-05-21,5.92,5.93,5.79,5.84,5.88,2382800.0,13918559.0,-0.6803,0.212,1,0,none,baostock,query_history_k_data_plus
600084,SHSE.600084,,SH,A股-上交所,2024-05-22,5.84,5.9,5.8,5.87,5.84,1865600.0,10900967.0,0.5137,0.166,1,0,none,baostock,query_history_k_data_plus
600084,SHSE.600084,,SH,A股-上交所,2024-05-23,5.84,5.86,5.67,5.68,5.87,2449400.0,14090497.0,-3.2368,0.218,1,0,none,baostock,query_history_k_data_plus
600084,SHSE.600084,,SH,A股-上交所,2024-05-24,5.65,5.74,5.61,5.65,5.68,2999600.0,16971132.0,-0.5282,0.2669,1,0,none,baostock,query_history_k_data_plus
600084,SHSE.600084,,SH,A股-上交所,2024-05-27,5.62,5.66,5.53,5.58,5.65,2516600.0,14051994.0,-1.2389,0.224,1,0,none,baostock,query_history_k_data_plus
600084,SHSE.600084,,SH,A股-上交所,2024-05-28,5.6,5.69,5.54,5.61,5.58,2053702.0,11562372.28,0.5376,0.1828,1,0,none,baostock,query_history_k_data_plus
600084,SHSE.600084,,SH,A股-上交所,2024-05-29,5.62,5.69,5.57,5.64,5.61,1489902.0,8384740.18,0.5348,0.1326,1,0,none,baostock,query_history_k_data_plus
600084,SHSE.600084,,SH,A股-上交所,2024-05-30,5.64,5.64,5.51,5.52,5.64,1905000.0,10576868.99,-2.1277,0.1695,1,0,none,baostock,query_history_k_data_plus
600084,SHSE.600084,,SH,A股-上交所,2024-05-31,5.53,5.58,5.5,5.54,5.52,1565200.0,8668931.0,0.3623,0.1393,1,0,none,baostock,query_history_k_data_plus
600084,SHSE.600084,,SH,A股-上交所,2024-06-03,5.54,5.57,5.21,5.32,5.54,4847100.0,25875520.0,-3.9711,0.4313,1,0,none,baostock,query_history_k_data_plus
600084,SHSE.600084,,SH,A股-上交所,2024-06-04,5.29,5.34,5.14,5.21,5.32,3235500.0,16855789.0,-2.0677,0.2879,1,0,none,baostock,query_history_k_data_plus
600084,SHSE.600084,,SH,A股-上交所,2024-06-05,5.16,5.23,5.0,5.03,5.21,4057800.0,20625776.0,-3.4549,0.3611,1,0,none,baostock,query_history_k_data_plus
600084,SHSE.600084,,SH,A股-上交所,2024-06-06,5.03,5.04,4.56,4.62,5.03,9247800.0,43503901.0,-8.1511,0.823,1,0,none,baostock,query_history_k_data_plus
600084,SHSE.600084,,SH,A股-上交所,2024-06-07,4.83,4.92,4.64,4.9,4.62,5413175.0,25866295.5,6.0606,0.4817,1,0,none,baostock,query_history_k_data_plus
600084,SHSE.600084,,SH,A股-上交所,2024-06-11,4.9,4.9,4.67,4.74,4.9,4704500.0,22316913.0,-3.2653,0.4187,1,0,none,baostock,query_history_k_data_plus
600084,SHSE.600084,,SH,A股-上交所,2024-06-12,4.72,4.84,4.68,4.81,4.74,2736400.0,13120485.0,1.4768,0.2435,1,0,none,baostock,query_history_k_data_plus
600084,SHSE.600084,,SH,A股-上交所,2024-06-13,4.8,4.82,4.64,4.69,4.81,4399100.0,20668683.99,-2.4948,0.3915,1,0,none,baostock,query_history_k_data_plus
600084,SHSE.600084,,SH,A股-上交所,2024-06-14,4.72,4.74,4.58,4.73,4.69,4493006.0,20915681.6,0.8529,0.3998,1,0,none,baostock,query_history_k_data_plus
600084,SHSE.600084,,SH,A股-上交所,2024-06-17,4.66,4.75,4.62,4.63,4.73,3054006.0,14246410.2,-2.1142,0.2718,1,0,none,baostock,query_history_k_data_plus
600084,SHSE.600084,,SH,A股-上交所,2024-06-18,4.63,4.68,4.49,4.53,4.63,3827600.0,17476256.0,-2.1598,0.3406,1,0,none,baostock,query_history_k_data_plus
600084,SHSE.600084,,SH,A股-上交所,2024-06-19,4.53,4.56,4.32,4.39,4.53,6472710.0,28523245.1,-3.0905,0.576,1,0,none,baostock,query_history_k_data_plus
600084,SHSE.600084,,SH,A股-上交所,2024-06-20,4.41,4.83,4.38,4.83,4.39,4999199.0,23345915.47,10.0228,0.4449,1,0,none,baostock,query_history_k_data_plus
600084,SHSE.600084,,SH,A股-上交所,2024-06-21,5.18,5.31,5.08,5.31,4.83,7012709.0,36831272.87,9.9379,0.6241,1,0,none,baostock,query_history_k_data_plus
600084,SHSE.600084,,SH,A股-上交所,2024-06-24,5.51,5.84,4.78,5.07,5.31,26321140.0,139816301.73,-4.5198,2.3423,1,0,none,baostock,query_history_k_data_plus
600084,SHSE.600084,,SH,A股-上交所,2024-06-25,4.92,5.13,4.71,4.83,5.07,17861176.0,87607885.2,-4.7337,1.5895,1,0,none,baostock,query_history_k_data_plus
600084,SHSE.600084,,SH,A股-上交所,2024-06-26,4.8,4.97,4.49,4.9,4.83,13832703.0,66099994.23,1.4493,1.231,1,0,none,baostock,query_history_k_data_plus
600084,SHSE.600084,,SH,A股-上交所,2024-06-27,4.91,5.19,4.71,4.71,4.9,10820601.0,52735205.72,-3.8776,0.9629,1,0,none,baostock,query_history_k_data_plus
600084,SHSE.600084,,SH,A股-上交所,2024-06-28,4.73,4.78,4.58,4.65,4.71,9984018.0,46899030.83,-1.2739,0.8885,1,0,none,baostock,query_history_k_data_plus
600084,SHSE.600084,,SH,A股-上交所,2024-07-01,4.61,4.84,4.57,4.82,4.65,9529401.0,44861901.59,3.6559,0.848,1,0,none,baostock,query_history_k_data_plus
600084,SHSE.600084,,SH,A股-上交所,2024-07-02,4.81,4.95,4.72,4.84,4.82,7202762.0,34963169.54,0.4149,0.641,1,0,none,baostock,query_history_k_data_plus
600084,SHSE.600084,,SH,A股-上交所,2024-07-03,4.82,4.95,4.77,4.86,4.84,5108401.0,24768219.84,0.4132,0.4546,1,0,none,baostock,query_history_k_data_plus
600084,SHSE.600084,,SH,A股-上交所,2024-07-04,4.83,4.86,4.58,4.6,4.86,7008800.0,32733402.0,-5.3498,0.6237,1,0,none,baostock,query_history_k_data_plus
600084,SHSE.600084,,SH,A股-上交所,2024-07-05,4.56,4.66,4.46,4.57,4.6,5241001.0,23884651.56,-0.6522,0.4664,1,0,none,baostock,query_history_k_data_plus
600084,SHSE.600084,,SH,A股-上交所,2024-07-08,4.58,4.58,4.34,4.37,4.57,5181200.0,22890632.0,-4.3764,0.4611,1,0,none,baostock,query_history_k_data_plus
600084,SHSE.600084,,SH,A股-上交所,2024-07-09,4.34,4.38,4.17,4.26,4.37,5234118.0,22319188.86,-2.5172,0.4658,1,0,none,baostock,query_history_k_data_plus
600084,SHSE.600084,,SH,A股-上交所,2024-07-10,4.2,4.38,4.16,4.3,4.26,4319700.0,18600606.0,0.939,0.3844,1,0,none,baostock,query_history_k_data_plus
600084,SHSE.600084,,SH,A股-上交所,2024-07-11,4.31,4.52,4.25,4.42,4.3,5580100.0,24484057.0,2.7907,0.4966,1,0,none,baostock,query_history_k_data_plus
600084,SHSE.600084,,SH,A股-上交所,2024-07-12,4.41,4.52,4.37,4.4,4.42,3709600.0,16453499.0,-0.4525,0.3301,1,0,none,baostock,query_history_k_data_plus
600084,SHSE.600084,,SH,A股-上交所,2024-07-15,4.41,4.84,4.41,4.84,4.4,2294100.0,10968094.0,10.0,0.2042,1,0,none,baostock,query_history_k_data_plus
600084,SHSE.600084,,SH,A股-上交所,2024-07-16,5.0,5.32,4.95,5.0,4.84,20039864.0,103314024.08,3.3058,1.7833,1,0,none,baostock,query_history_k_data_plus
600084,SHSE.600084,,SH,A股-上交所,2024-07-17,4.89,4.91,4.66,4.66,5.0,12656600.0,60147560.99,-6.8,1.1263,1,0,none,baostock,query_history_k_data_plus
600084,SHSE.600084,,SH,A股-上交所,2024-07-18,4.68,4.68,4.45,4.64,4.66,9511719.0,43402735.92,-0.4292,0.8464,1,0,none,baostock,query_history_k_data_plus
600084,SHSE.600084,,SH,A股-上交所,2024-07-19,4.61,4.67,4.51,4.65,4.64,5104401.0,23397562.52,0.2155,0.4542,1,0,none,baostock,query_history_k_data_plus
600084,SHSE.600084,,SH,A股-上交所,2024-07-22,4.62,4.63,4.47,4.54,4.65,3764300.0,17063856.0,-2.3656,0.335,1,0,none,baostock,query_history_k_data_plus
600084,SHSE.600084,,SH,A股-上交所,2024-07-23,4.58,4.61,4.44,4.44,4.54,4192101.0,18968001.6,-2.2026,0.3731,1,0,none,baostock,query_history_k_data_plus
600084,SHSE.600084,,SH,A股-上交所,2024-07-24,4.44,4.51,4.36,4.41,4.44,4345100.0,19220078.0,-0.6757,0.3867,1,0,none,baostock,query_history_k_data_plus
600084,SHSE.600084,,SH,A股-上交所,2024-07-25,4.41,4.45,4.33,4.39,4.41,3660100.0,16028752.0,-0.4535,0.3257,1,0,none,baostock,query_history_k_data_plus
600084,SHSE.600084,,SH,A股-上交所,2024-07-26,4.36,4.52,4.36,4.51,4.39,3073393.0,13662519.06,2.7335,0.2735,1,0,none,baostock,query_history_k_data_plus
600084,SHSE.600084,,SH,A股-上交所,2024-07-29,4.48,4.52,4.44,4.49,4.51,2626493.0,11755458.64,-0.4435,0.2337,1,0,none,baostock,query_history_k_data_plus
600084,SHSE.600084,,SH,A股-上交所,2024-07-30,4.48,4.94,4.45,4.94,4.49,4155676.0,20157719.92,10.0223,0.3698,1,0,none,baostock,query_history_k_data_plus
600084,SHSE.600084,,SH,A股-上交所,2024-07-31,5.02,5.1,4.75,4.9,4.94,12866318.0,62779937.94,-0.8097,1.145,1,0,none,baostock,query_history_k_data_plus
600084,SHSE.600084,,SH,A股-上交所,2024-08-01,4.85,5.1,4.81,4.98,4.9,9912394.0,49255054.94,1.6327,0.8821,1,0,none,baostock,query_history_k_data_plus
600084,SHSE.600084,,SH,A股-上交所,2024-08-02,4.91,5.06,4.87,4.91,4.98,6160800.0,30529092.0,-1.4056,0.5482,1,0,none,baostock,query_history_k_data_plus
600084,SHSE.600084,,SH,A股-上交所,2024-08-05,4.88,5.03,4.8,4.84,4.91,6386300.0,31251436.0,-1.4257,0.5683,1,0,none,baostock,query_history_k_data_plus
600084,SHSE.600084,,SH,A股-上交所,2024-08-06,4.85,4.97,4.82,4.95,4.84,6235801.0,30476960.83,2.2727,0.5549,1,0,none,baostock,query_history_k_data_plus
600084,SHSE.600084,,SH,A股-上交所,2024-08-07,4.93,5.19,4.93,5.15,4.95,11933945.0,60782334.05,4.0404,1.062,1,0,none,baostock,query_history_k_data_plus
600084,SHSE.600084,,SH,A股-上交所,2024-08-08,5.1,5.25,5.0,5.17,5.15,9168000.0,47097354.0,0.3883,0.8159,1,0,none,baostock,query_history_k_data_plus
600084,SHSE.600084,,SH,A股-上交所,2024-08-09,5.13,5.18,5.06,5.07,5.17,6126118.0,31264511.62,-1.9342,0.5452,1,0,none,baostock,query_history_k_data_plus
600084,SHSE.600084,,SH,A股-上交所,2024-08-12,5.06,5.08,4.85,4.9,5.07,6141300.0,30334717.0,-3.3531,0.5465,1,0,none,baostock,query_history_k_data_plus
600084,SHSE.600084,,SH,A股-上交所,2024-08-13,4.89,4.94,4.82,4.92,4.9,3586100.0,17492431.0,0.4082,0.3191,1,0,none,baostock,query_history_k_data_plus
600084,SHSE.600084,,SH,A股-上交所,2024-08-14,4.95,4.95,4.89,4.9,4.92,2436200.0,11990710.0,-0.4065,0.2168,1,0,none,baostock,query_history_k_data_plus
600084,SHSE.600084,,SH,A股-上交所,2024-08-15,4.88,4.94,4.82,4.91,4.9,2999500.0,14662874.0,0.2041,0.2669,1,0,none,baostock,query_history_k_data_plus
600084,SHSE.600084,,SH,A股-上交所,2024-08-16,4.92,4.99,4.83,4.9,4.91,3755100.0,18368661.0,-0.2037,0.3342,1,0,none,baostock,query_history_k_data_plus
600084,SHSE.600084,,SH,A股-上交所,2024-08-19,4.9,4.95,4.83,4.95,4.9,2984000.0,14542761.0,1.0204,0.2655,1,0,none,baostock,query_history_k_data_plus
600084,SHSE.600084,,SH,A股-上交所,2024-08-20,4.93,4.93,4.68,4.72,4.95,4246900.0,20368609.0,-4.6465,0.3779,1,0,none,baostock,query_history_k_data_plus
600084,SHSE.600084,,SH,A股-上交所,2024-08-21,4.73,4.89,4.72,4.76,4.72,3371000.0,16125745.0,0.8475,0.3,1,0,none,baostock,query_history_k_data_plus
600084,SHSE.600084,,SH,A股-上交所,2024-08-22,4.73,4.76,4.61,4.64,4.76,3077800.0,14375706.0,-2.521,0.2739,1,0,none,baostock,query_history_k_data_plus
600084,SHSE.600084,,SH,A股-上交所,2024-08-23,4.64,4.68,4.58,4.66,4.64,1728600.0,8008116.0,0.431,0.1538,1,0,none,baostock,query_history_k_data_plus
600084,SHSE.600084,,SH,A股-上交所,2024-08-26,4.68,4.83,4.63,4.83,4.66,3399800.0,16232452.0,3.6481,0.3025,1,0,none,baostock,query_history_k_data_plus
600084,SHSE.600084,,SH,A股-上交所,2024-08-27,4.81,5.31,4.78,5.01,4.83,15284835.0,78870334.5,3.7267,1.3602,1,0,none,baostock,query_history_k_data_plus
600084,SHSE.600084,,SH,A股-上交所,2024-08-28,5.0,5.0,4.73,4.83,5.01,9517000.0,45750305.0,-3.5928,0.8469,1,0,none,baostock,query_history_k_data_plus
600084,SHSE.600084,,SH,A股-上交所,2024-08-29,4.77,4.88,4.72,4.83,4.83,5384300.0,25834208.0,0.0,0.4791,1,0,none,baostock,query_history_k_data_plus
600084,SHSE.600084,,SH,A股-上交所,2024-08-30,4.83,5.0,4.83,4.95,4.83,5496300.0,27132389.0,2.4845,0.4891,1,0,none,baostock,query_history_k_data_plus
600084,SHSE.600084,,SH,A股-上交所,2024-09-02,4.93,4.98,4.8,4.81,4.95,4403900.0,21534949.0,-2.8283,0.3919,1,0,none,baostock,query_history_k_data_plus
600084,SHSE.600084,,SH,A股-上交所,2024-09-03,4.84,4.86,4.78,4.85,4.81,3091182.0,14911734.0,0.8316,0.2751,1,0,none,baostock,query_history_k_data_plus
600084,SHSE.600084,,SH,A股-上交所,2024-09-04,4.84,4.85,4.63,4.66,4.85,4566501.0,21565334.67,-3.9175,0.4064,1,0,none,baostock,query_history_k_data_plus
600084,SHSE.600084,,SH,A股-上交所,2024-09-05,4.65,4.77,4.65,4.76,4.66,2480500.0,11693472.0,2.1459,0.2207,1,0,none,baostock,query_history_k_data_plus
600084,SHSE.600084,,SH,A股-上交所,2024-09-06,4.71,4.77,4.67,4.69,4.76,2172500.0,10208640.0,-1.4706,0.1933,1,0,none,baostock,query_history_k_data_plus
600084,SHSE.600084,,SH,A股-上交所,2024-09-09,4.67,4.71,4.61,4.7,4.69,2172900.0,10127598.0,0.2132,0.1934,1,0,none,baostock,query_history_k_data_plus
600084,SHSE.600084,,SH,A股-上交所,2024-09-10,4.75,4.76,4.61,4.7,4.7,2547200.0,11944199.0,0.0,0.2267,1,0,none,baostock,query_history_k_data_plus
600084,SHSE.600084,,SH,A股-上交所,2024-09-11,4.67,4.69,4.64,4.68,4.7,1619400.0,7557109.0,-0.4255,0.1441,1,0,none,baostock,query_history_k_data_plus
600084,SHSE.600084,,SH,A股-上交所,2024-09-12,4.68,4.76,4.68,4.7,4.68,2024500.0,9554780.0,0.4274,0.1802,1,0,none,baostock,query_history_k_data_plus
600084,SHSE.600084,,SH,A股-上交所,2024-09-13,4.72,4.8,4.66,4.74,4.7,2768500.0,13084803.0,0.8511,0.2464,1,0,none,baostock,query_history_k_data_plus
600084,SHSE.600084,,SH,A股-上交所,2024-09-18,4.73,4.74,4.56,4.6,4.74,2801600.0,12959214.0,-2.9536,0.2493,1,0,none,baostock,query_history_k_data_plus
600084,SHSE.600084,,SH,A股-上交所,2024-09-19,4.67,4.82,4.62,4.8,4.6,4828000.0,23004650.0,4.3478,0.4296,1,0,none,baostock,query_history_k_data_plus
600084,SHSE.600084,,SH,A股-上交所,2024-09-20,4.77,4.82,4.76,4.81,4.8,2744100.0,13140848.0,0.2083,0.2442,1,0,none,baostock,query_history_k_data_plus
600084,SHSE.600084,,SH,A股-上交所,2024-09-23,4.81,4.81,4.66,4.69,4.81,4196600.0,19862993.0,-2.4948,0.3735,1,0,none,baostock,query_history_k_data_plus
600084,SHSE.600084,,SH,A股-上交所,2024-09-24,4.67,4.88,4.66,4.87,4.69,6086400.0,29208243.0,3.838,0.5416,1,0,none,baostock,query_history_k_data_plus
600084,SHSE.600084,,SH,A股-上交所,2024-09-25,4.87,5.02,4.86,4.89,4.87,5626100.0,27749953.0,0.4107,0.5007,1,0,none,baostock,query_history_k_data_plus
600084,SHSE.600084,,SH,A股-上交所,2024-09-26,4.85,5.16,4.85,5.14,4.89,8376600.0,42200984.0,5.1125,0.7454,1,0,none,baostock,query_history_k_data_plus
600084,SHSE.600084,,SH,A股-上交所,2024-09-27,5.16,5.31,5.16,5.29,5.14,6863200.0,35934447.0,2.9183,0.6108,1,0,none,baostock,query_history_k_data_plus
600084,SHSE.600084,,SH,A股-上交所,2024-09-30,5.42,5.75,5.28,5.71,5.29,14425001.0,79870385.46,7.9395,1.2837,1,0,none,baostock,query_history_k_data_plus
600084,SHSE.600084,,SH,A股-上交所,2024-10-08,6.23,6.28,5.58,5.82,5.71,22537452.0,132708132.1,1.9264,2.0056,1,0,none,baostock,query_history_k_data_plus
600084,SHSE.600084,,SH,A股-上交所,2024-10-09,5.7,5.7,5.24,5.25,5.82,13671450.0,74156950.0,-9.7938,1.2166,1,0,none,baostock,query_history_k_data_plus
600084,SHSE.600084,,SH,A股-上交所,2024-10-10,5.21,5.68,5.08,5.36,5.25,12301101.0,65927140.34,2.0952,1.0947,1,0,none,baostock,query_history_k_data_plus
600084,SHSE.600084,,SH,A股-上交所,2024-10-11,5.22,5.3,5.02,5.07,5.36,8028301.0,41504289.18,-5.4104,0.7144,1,0,none,baostock,query_history_k_data_plus
600084,SHSE.600084,,SH,A股-上交所,2024-10-14,5.08,5.25,5.08,5.22,5.07,6283802.0,32572551.66,2.9586,0.5592,1,0,none,baostock,query_history_k_data_plus
600084,SHSE.600084,,SH,A股-上交所,2024-10-15,5.17,5.28,5.11,5.12,5.22,5553701.0,28838105.18,-1.9157,0.4942,1,0,none,baostock,query_history_k_data_plus
600084,SHSE.600084,,SH,A股-上交所,2024-10-16,5.09,5.17,5.06,5.12,5.12,4608500.0,23543864.0,0.0,0.4101,1,0,none,baostock,query_history_k_data_plus
600084,SHSE.600084,,SH,A股-上交所,2024-10-17,5.12,5.19,5.05,5.06,5.12,4421900.0,22658273.0,-1.1719,0.3935,1,0,none,baostock,query_history_k_data_plus
600084,SHSE.600084,,SH,A股-上交所,2024-10-18,5.01,5.18,5.01,5.12,5.06,6404700.0,32759957.0,1.1858,0.57,1,0,none,baostock,query_history_k_data_plus
600084,SHSE.600084,,SH,A股-上交所,2024-10-21,5.1,5.19,5.07,5.16,5.12,6363700.0,32757224.0,0.7813,0.5663,1,0,none,baostock,query_history_k_data_plus
600084,SHSE.600084,,SH,A股-上交所,2024-10-22,5.18,5.3,5.12,5.28,5.16,6752878.0,35473552.37,2.3256,0.6009,1,0,none,baostock,query_history_k_data_plus
600084,SHSE.600084,,SH,A股-上交所,2024-10-23,5.26,5.56,5.24,5.41,5.28,9775602.0,53079478.64,2.4621,0.8699,1,0,none,baostock,query_history_k_data_plus
600084,SHSE.600084,,SH,A股-上交所,2024-10-24,5.37,5.69,5.35,5.55,5.41,8560019.0,47402465.79,2.5878,0.7618,1,0,none,baostock,query_history_k_data_plus
600084,SHSE.600084,,SH,A股-上交所,2024-10-25,5.55,5.79,5.51,5.75,5.55,8116734.0,46203141.1,3.6036,0.7223,1,0,none,baostock,query_history_k_data_plus
600084,SHSE.600084,,SH,A股-上交所,2024-10-28,5.75,6.03,5.71,6.02,5.75,10304402.0,60839776.8,4.6957,0.917,1,0,none,baostock,query_history_k_data_plus
600084,SHSE.600084,,SH,A股-上交所,2024-10-29,6.05,6.06,5.74,5.77,6.02,10895100.0,63737142.0,-4.1528,0.9696,1,0,none,baostock,query_history_k_data_plus
600084,SHSE.600084,,SH,A股-上交所,2024-10-30,5.72,5.8,5.62,5.74,5.77,6425110.0,36670131.0,-0.5199,0.5718,1,0,none,baostock,query_history_k_data_plus
600084,SHSE.600084,,SH,A股-上交所,2024-10-31,5.72,5.87,5.67,5.81,5.74,6427100.0,37300028.0,1.2195,0.5719,1,0,none,baostock,query_history_k_data_plus
600084,SHSE.600084,,SH,A股-上交所,2024-11-01,5.8,5.85,5.57,5.6,5.81,7787310.0,44156581.9,-3.6145,0.693,1,0,none,baostock,query_history_k_data_plus
600084,SHSE.600084,,SH,A股-上交所,2024-11-04,5.66,5.71,5.56,5.68,5.6,5029738.0,28384818.8,1.4286,0.4476,1,0,none,baostock,query_history_k_data_plus
600084,SHSE.600084,,SH,A股-上交所,2024-11-05,5.64,5.8,5.64,5.72,5.68,4645028.0,26654137.96,0.7042,0.4134,1,0,none,baostock,query_history_k_data_plus
600084,SHSE.600084,,SH,A股-上交所,2024-11-06,5.71,5.76,5.63,5.71,5.72,5256310.0,29918365.4,-0.1748,0.4678,1,0,none,baostock,query_history_k_data_plus
600084,SHSE.600084,,SH,A股-上交所,2024-11-07,5.7,6.28,5.67,6.28,5.71,12856488.0,78000315.88,9.9825,1.1441,1,0,none,baostock,query_history_k_data_plus
600084,SHSE.600084,,SH,A股-上交所,2024-11-08,6.81,6.81,6.21,6.39,6.28,33210198.0,214757771.77,1.7516,2.9554,1,0,none,baostock,query_history_k_data_plus
600084,SHSE.600084,,SH,A股-上交所,2024-11-11,6.39,6.54,6.19,6.28,6.39,18574418.0,117513642.3,-1.7214,1.6529,1,0,none,baostock,query_history_k_data_plus
600084,SHSE.600084,,SH,A股-上交所,2024-11-12,6.34,6.66,6.29,6.35,6.28,17294620.0,111364040.44,1.1146,1.539,1,0,none,baostock,query_history_k_data_plus
600084,SHSE.600084,,SH,A股-上交所,2024-11-13,6.38,6.52,6.14,6.24,6.35,11410800.0,71839154.0,-1.7323,1.0154,1,0,none,baostock,query_history_k_data_plus
600084,SHSE.600084,,SH,A股-上交所,2024-11-14,6.22,6.27,6.05,6.07,6.24,7143933.0,43854484.91,-2.7244,0.6357,1,0,none,baostock,query_history_k_data_plus
600084,SHSE.600084,,SH,A股-上交所,2024-11-15,6.07,6.14,5.91,5.91,6.07,5406220.0,32569293.8,-2.6359,0.4811,1,0,none,baostock,query_history_k_data_plus
600084,SHSE.600084,,SH,A股-上交所,2024-11-18,5.88,6.03,5.78,5.82,5.91,6344300.0,37217606.0,-1.5228,0.5646,1,0,none,baostock,query_history_k_data_plus
600084,SHSE.600084,,SH,A股-上交所,2024-11-19,5.8,5.91,5.74,5.91,5.82,4795290.0,27950264.0,1.5464,0.4267,1,0,none,baostock,query_history_k_data_plus
600084,SHSE.600084,,SH,A股-上交所,2024-11-20,5.88,6.13,5.87,6.08,5.91,5446218.0,32739055.42,2.8765,0.4847,1,0,none,baostock,query_history_k_data_plus
600084,SHSE.600084,,SH,A股-上交所,2024-11-21,6.02,6.19,5.93,6.01,6.08,4705114.0,28257097.86,-1.1513,0.4187,1,0,none,baostock,query_history_k_data_plus
600084,SHSE.600084,,SH,A股-上交所,2024-11-22,6.01,6.1,5.78,5.78,6.01,5468500.0,32521946.0,-3.827,0.4866,1,0,none,baostock,query_history_k_data_plus
600084,SHSE.600084,,SH,A股-上交所,2024-11-25,5.79,5.88,5.73,5.85,5.78,4200401.0,24416898.82,1.2111,0.3738,1,0,none,baostock,query_history_k_data_plus
600084,SHSE.600084,,SH,A股-上交所,2024-11-26,5.83,5.98,5.83,5.88,5.85,3703300.0,21913400.0,0.5128,0.3296,1,0,none,baostock,query_history_k_data_plus
600084,SHSE.600084,,SH,A股-上交所,2024-11-27,5.81,5.96,5.7,5.95,5.88,4241617.0,24714854.92,1.1905,0.3775,1,0,none,baostock,query_history_k_data_plus
600084,SHSE.600084,,SH,A股-上交所,2024-11-28,5.98,6.13,5.94,6.11,5.95,5098515.0,30924494.91,2.6891,0.4537,1,0,none,baostock,query_history_k_data_plus
600084,SHSE.600084,,SH,A股-上交所,2024-11-29,6.16,6.29,6.06,6.19,6.11,5973401.0,36867201.17,1.3093,0.5316,1,0,none,baostock,query_history_k_data_plus
600084,SHSE.600084,,SH,A股-上交所,2024-12-02,6.19,6.27,6.13,6.27,6.19,5520301.0,34294110.26,1.2924,0.4912,1,0,none,baostock,query_history_k_data_plus
600084,SHSE.600084,,SH,A股-上交所,2024-12-03,6.26,6.28,6.15,6.18,6.27,3855700.0,23930383.0,-1.4354,0.3431,1,0,none,baostock,query_history_k_data_plus
600084,SHSE.600084,,SH,A股-上交所,2024-12-04,6.13,6.18,6.03,6.07,6.18,3762900.0,22983621.0,-1.7799,0.3349,1,0,none,baostock,query_history_k_data_plus
600084,SHSE.600084,,SH,A股-上交所,2024-12-05,6.08,6.13,6.01,6.12,6.07,2976000.0,18090977.0,0.8237,0.2648,1,0,none,baostock,query_history_k_data_plus
600084,SHSE.600084,,SH,A股-上交所,2024-12-06,6.09,6.2,6.05,6.18,6.12,3736600.0,22912079.0,0.9804,0.3325,1,0,none,baostock,query_history_k_data_plus
600084,SHSE.600084,,SH,A股-上交所,2024-12-09,6.23,6.35,6.14,6.24,6.18,4585400.0,28492222.0,0.9709,0.4081,1,0,none,baostock,query_history_k_data_plus
600084,SHSE.600084,,SH,A股-上交所,2024-12-10,6.4,6.45,6.24,6.28,6.24,7397601.0,46886316.32,0.641,0.6583,1,0,none,baostock,query_history_k_data_plus
600084,SHSE.600084,,SH,A股-上交所,2024-12-11,6.19,6.4,6.19,6.39,6.28,6017001.0,38223750.37,1.7516,0.5355,1,0,none,baostock,query_history_k_data_plus
600084,SHSE.600084,,SH,A股-上交所,2024-12-12,6.4,6.55,6.34,6.54,6.39,6890500.0,44673376.0,2.3474,0.6132,1,0,none,baostock,query_history_k_data_plus
600084,SHSE.600084,,SH,A股-上交所,2024-12-13,6.51,6.52,6.3,6.33,6.54,6116700.0,39295354.0,-3.211,0.5443,1,0,none,baostock,query_history_k_data_plus
600084,SHSE.600084,,SH,A股-上交所,2024-12-16,6.35,6.59,6.28,6.32,6.33,7207300.0,46151863.0,-0.158,0.6414,1,0,none,baostock,query_history_k_data_plus
600084,SHSE.600084,,SH,A股-上交所,2024-12-17,6.32,6.33,6.02,6.05,6.32,5935605.0,36340927.25,-4.2722,0.5282,1,0,none,baostock,query_history_k_data_plus
600084,SHSE.600084,,SH,A股-上交所,2024-12-18,6.05,6.14,5.92,6.02,6.05,4166500.0,25110482.0,-0.4959,0.3708,1,0,none,baostock,query_history_k_data_plus
600084,SHSE.600084,,SH,A股-上交所,2024-12-19,5.98,6.0,5.85,5.94,6.02,4067800.0,24087144.0,-1.3289,0.362,1,0,none,baostock,query_history_k_data_plus
600084,SHSE.600084,,SH,A股-上交所,2024-12-20,5.93,6.07,5.93,5.98,5.94,3145601.0,18848789.95,0.6734,0.2799,1,0,none,baostock,query_history_k_data_plus
600084,SHSE.600084,,SH,A股-上交所,2024-12-23,5.86,5.86,5.41,5.48,5.98,10830900.0,60513148.0,-8.3612,0.9638,1,0,none,baostock,query_history_k_data_plus
600084,SHSE.600084,,SH,A股-上交所,2024-12-24,5.47,5.6,5.35,5.44,5.48,5181300.0,28139371.0,-0.7299,0.4611,1,0,none,baostock,query_history_k_data_plus
600084,SHSE.600084,,SH,A股-上交所,2024-12-25,5.45,5.49,5.25,5.34,5.44,3497200.0,18654039.0,-1.8382,0.3112,1,0,none,baostock,query_history_k_data_plus
600084,SHSE.600084,,SH,A股-上交所,2024-12-26,5.31,5.42,5.31,5.33,5.34,2822238.0,15140134.92,-0.1873,0.2511,1,0,none,baostock,query_history_k_data_plus
600084,SHSE.600084,,SH,A股-上交所,2024-12-27,5.4,5.56,5.31,5.51,5.33,4092210.0,22419250.8,3.3771,0.3642,1,0,none,baostock,query_history_k_data_plus
600084,SHSE.600084,,SH,A股-上交所,2024-12-30,5.47,5.48,5.14,5.26,5.51,5489000.0,28729054.0,-4.5372,0.4885,1,0,none,baostock,query_history_k_data_plus
600084,SHSE.600084,,SH,A股-上交所,2024-12-31,5.27,5.33,5.2,5.26,5.26,3541900.0,18672946.0,0.0,0.3152,1,0,none,baostock,query_history_k_data_plus
600084,SHSE.600084,,SH,A股-上交所,2025-01-02,5.21,5.42,5.21,5.26,5.26,4003800.0,21268006.0,0.0,0.3563,1,0,none,baostock,query_history_k_data_plus
600084,SHSE.600084,,SH,A股-上交所,2025-01-03,5.26,5.26,4.98,4.99,5.26,5038500.0,25640652.0,-5.1331,0.4484,1,0,none,baostock,query_history_k_data_plus
600084,SHSE.600084,,SH,A股-上交所,2025-01-06,4.98,4.98,4.65,4.92,4.99,3316800.0,16182702.0,-1.4028,0.2952,1,0,none,baostock,query_history_k_data_plus
600084,SHSE.600084,,SH,A股-上交所,2025-01-07,4.92,5.02,4.88,5.02,4.92,2241400.0,11080881.0,2.0325,0.1995,1,0,none,baostock,query_history_k_data_plus
600084,SHSE.600084,,SH,A股-上交所,2025-01-08,5.0,5.12,4.86,5.09,5.02,4750650.0,23739352.0,1.3944,0.4228,1,0,none,baostock,query_history_k_data_plus
600084,SHSE.600084,,SH,A股-上交所,2025-01-09,5.03,5.23,5.03,5.13,5.09,3177500.0,16417137.0,0.7859,0.2828,1,0,none,baostock,query_history_k_data_plus
600084,SHSE.600084,,SH,A股-上交所,2025-01-10,5.13,5.14,4.91,4.92,5.13,3524300.0,17649297.0,-4.0936,0.3136,1,0,none,baostock,query_history_k_data_plus
600084,SHSE.600084,,SH,A股-上交所,2025-01-13,4.86,4.98,4.8,4.93,4.92,3120400.0,15307355.0,0.2033,0.2777,1,0,none,baostock,query_history_k_data_plus
600084,SHSE.600084,,SH,A股-上交所,2025-01-14,5.01,5.3,4.91,5.15,4.93,4275400.0,22009623.0,4.4625,0.3805,1,0,none,baostock,query_history_k_data_plus
600084,SHSE.600084,,SH,A股-上交所,2025-01-15,5.16,5.2,5.07,5.11,5.15,2552950.0,13060795.0,-0.7767,0.2272,1,0,none,baostock,query_history_k_data_plus
600084,SHSE.600084,,SH,A股-上交所,2025-01-16,5.11,5.24,5.11,5.18,5.11,2481600.0,12845723.0,1.3699,0.2208,1,0,none,baostock,query_history_k_data_plus
600084,SHSE.600084,,SH,A股-上交所,2025-01-17,5.14,5.21,5.12,5.16,5.18,2212200.0,11437542.0,-0.3861,0.1969,1,0,none,baostock,query_history_k_data_plus
600084,SHSE.600084,,SH,A股-上交所,2025-01-20,5.17,5.23,5.05,5.15,5.16,2199200.0,11321813.0,-0.1938,0.1957,1,0,none,baostock,query_history_k_data_plus
600084,SHSE.600084,,SH,A股-上交所,2025-01-21,5.16,5.2,5.03,5.04,5.15,2758000.0,13972687.0,-2.1359,0.2454,1,0,none,baostock,query_history_k_data_plus
600084,SHSE.600084,,SH,A股-上交所,2025-01-22,5.06,5.08,4.91,4.94,5.04,2056500.0,10190627.0,-1.9841,0.183,1,0,none,baostock,query_history_k_data_plus
600084,SHSE.600084,,SH,A股-上交所,2025-01-23,4.95,5.07,4.92,4.94,4.94,2884000.0,14380106.0,0.0,0.2566,1,0,none,baostock,query_history_k_data_plus
600084,SHSE.600084,,SH,A股-上交所,2025-01-24,4.93,4.97,4.87,4.96,4.94,2158500.0,10630322.0,0.4049,0.1921,1,0,none,baostock,query_history_k_data_plus
600084,SHSE.600084,,SH,A股-上交所,2025-01-27,5.02,5.15,4.98,5.01,4.96,3490100.0,17643437.0,1.0081,0.3106,1,0,none,baostock,query_history_k_data_plus
600084,SHSE.600084,,SH,A股-上交所,2025-02-05,5.02,5.09,5.0,5.05,5.01,2495113.0,12576729.37,0.7984,0.222,1,0,none,baostock,query_history_k_data_plus
600084,SHSE.600084,,SH,A股-上交所,2025-02-06,5.01,5.06,4.94,5.06,5.05,3046300.0,15259759.0,0.198,0.2711,1,0,none,baostock,query_history_k_data_plus
600084,SHSE.600084,,SH,A股-上交所,2025-02-07,5.07,5.17,5.02,5.1,5.06,3293914.0,16828403.98,0.7905,0.2931,1,0,none,baostock,query_history_k_data_plus
600084,SHSE.600084,,SH,A股-上交所,2025-02-10,5.1,5.24,5.09,5.23,5.1,3591814.0,18601389.63,2.549,0.3196,1,0,none,baostock,query_history_k_data_plus
600084,SHSE.600084,,SH,A股-上交所,2025-02-11,5.25,5.28,5.11,5.14,5.23,2898214.0,14908951.46,-1.7208,0.2579,1,0,none,baostock,query_history_k_data_plus
600084,SHSE.600084,,SH,A股-上交所,2025-02-12,5.13,5.17,5.08,5.14,5.14,2421099.0,12396678.88,0.0,0.2155,1,0,none,baostock,query_history_k_data_plus
600084,SHSE.600084,,SH,A股-上交所,2025-02-13,5.11,5.18,5.1,5.16,5.14,2904614.0,14945342.1,0.3891,0.2585,1,0,none,baostock,query_history_k_data_plus
600084,SHSE.600084,,SH,A股-上交所,2025-02-14,5.15,5.19,5.06,5.15,5.16,2813100.0,14433429.0,-0.1938,0.2503,1,0,none,baostock,query_history_k_data_plus
600084,SHSE.600084,,SH,A股-上交所,2025-02-17,5.15,5.25,5.11,5.2,5.15,3153113.0,16356029.76,0.9709,0.2806,1,0,none,baostock,query_history_k_data_plus
600084,SHSE.600084,,SH,A股-上交所,2025-02-18,5.18,5.19,5.04,5.07,5.2,3115400.0,15929618.0,-2.5,0.2772,1,0,none,baostock,query_history_k_data_plus
600084,SHSE.600084,,SH,A股-上交所,2025-02-19,5.07,5.22,4.98,5.22,5.07,3468800.0,17656691.0,2.9586,0.3087,1,0,none,baostock,query_history_k_data_plus
600084,SHSE.600084,,SH,A股-上交所,2025-02-20,5.21,5.74,5.17,5.74,5.22,8289714.0,46553928.39,9.9617,0.7377,1,0,none,baostock,query_history_k_data_plus
600084,SHSE.600084,,SH,A股-上交所,2025-02-21,5.74,5.74,5.5,5.5,5.74,16940401.0,94500303.99,-4.1812,1.5075,1,0,none,baostock,query_history_k_data_plus
600084,SHSE.600084,,SH,A股-上交所,2025-02-24,5.55,5.62,5.46,5.53,5.5,8479911.0,46855409.12,0.5455,0.7546,1,0,none,baostock,query_history_k_data_plus
600084,SHSE.600084,,SH,A股-上交所,2025-02-25,5.43,5.52,5.4,5.45,5.53,5896200.0,32130459.0,-1.4467,0.5247,1,0,none,baostock,query_history_k_data_plus
600084,SHSE.600084,,SH,A股-上交所,2025-02-26,5.43,5.55,5.42,5.54,5.45,6070401.0,33375775.53,1.6514,0.5402,1,0,none,baostock,query_history_k_data_plus
600084,SHSE.600084,,SH,A股-上交所,2025-02-27,5.5,5.58,5.44,5.57,5.54,6883267.0,38082241.93,0.5415,0.6125,1,0,none,baostock,query_history_k_data_plus
600084,SHSE.600084,,SH,A股-上交所,2025-02-28,5.55,5.65,5.55,5.58,5.57,7378500.0,41353297.0,0.1795,0.6566,1,0,none,baostock,query_history_k_data_plus
600084,SHSE.600084,,SH,A股-上交所,2025-03-03,5.6,5.62,5.44,5.5,5.58,4608100.0,25490598.0,-1.4337,0.4101,1,0,none,baostock,query_history_k_data_plus
600084,SHSE.600084,,SH,A股-上交所,2025-03-04,5.45,5.5,5.4,5.5,5.5,3531800.0,19252635.0,0.0,0.3143,1,0,none,baostock,query_history_k_data_plus
600084,SHSE.600084,,SH,A股-上交所,2025-03-05,5.51,5.56,5.45,5.53,5.5,3660602.0,20140292.96,0.5455,0.3258,1,0,none,baostock,query_history_k_data_plus
600084,SHSE.600084,,SH,A股-上交所,2025-03-06,5.53,5.59,5.48,5.56,5.53,3481100.0,19306942.0,0.5425,0.3098,1,0,none,baostock,query_history_k_data_plus
600084,SHSE.600084,,SH,A股-上交所,2025-03-07,5.56,5.61,5.52,5.58,5.56,4061106.0,22631445.54,0.3597,0.3614,1,0,none,baostock,query_history_k_data_plus
600084,SHSE.600084,,SH,A股-上交所,2025-03-10,5.58,5.66,5.58,5.65,5.58,3666705.0,20635241.15,1.2545,0.3263,1,0,none,baostock,query_history_k_data_plus
600084,SHSE.600084,,SH,A股-上交所,2025-03-11,5.6,5.74,5.59,5.72,5.65,4675005.0,26554407.45,1.2389,0.416,1,0,none,baostock,query_history_k_data_plus
600084,SHSE.600084,,SH,A股-上交所,2025-03-12,5.72,5.73,5.61,5.64,5.72,3728000.0,21062841.0,-1.3986,0.3318,1,0,none,baostock,query_history_k_data_plus
600084,SHSE.600084,,SH,A股-上交所,2025-03-13,5.59,5.65,5.54,5.6,5.64,2883700.0,16118250.0,-0.7092,0.2566,1,0,none,baostock,query_history_k_data_plus
600084,SHSE.600084,,SH,A股-上交所,2025-03-14,5.64,5.76,5.56,5.7,5.6,6113700.0,34841857.0,1.7857,0.5441,1,0,none,baostock,query_history_k_data_plus
600084,SHSE.600084,,SH,A股-上交所,2025-03-17,5.7,5.9,5.7,5.81,5.7,6332406.0,36856609.22,1.9298,0.5635,1,0,none,baostock,query_history_k_data_plus
600084,SHSE.600084,,SH,A股-上交所,2025-03-18,5.78,5.85,5.65,5.68,5.81,4756900.0,27040464.0,-2.2375,0.4233,1,0,none,baostock,query_history_k_data_plus
600084,SHSE.600084,,SH,A股-上交所,2025-03-19,5.75,5.75,5.6,5.62,5.68,3079300.0,17381166.0,-1.0563,0.274,1,0,none,baostock,query_history_k_data_plus
600084,SHSE.600084,,SH,A股-上交所,2025-03-20,5.57,5.73,5.57,5.71,5.62,5200000.0,29446907.0,1.6014,0.4627,1,0,none,baostock,query_history_k_data_plus
600084,SHSE.600084,,SH,A股-上交所,2025-03-21,5.71,5.91,5.64,5.89,5.71,6901006.0,39885822.28,3.1524,0.6141,1,0,none,baostock,query_history_k_data_plus
600084,SHSE.600084,,SH,A股-上交所,2025-03-24,5.89,5.99,5.41,5.52,5.89,9964200.0,55785154.0,-6.2818,0.8867,1,0,none,baostock,query_history_k_data_plus
600084,SHSE.600084,,SH,A股-上交所,2025-03-25,5.5,5.69,5.46,5.62,5.52,5128400.0,28732262.0,1.8116,0.4564,1,0,none,baostock,query_history_k_data_plus
600084,SHSE.600084,,SH,A股-上交所,2025-03-26,5.58,5.78,5.58,5.73,5.62,3923301.0,22328642.67,1.9573,0.3491,1,0,none,baostock,query_history_k_data_plus
600084,SHSE.600084,,SH,A股-上交所,2025-03-27,5.7,5.8,5.64,5.71,5.73,3297500.0,18872220.0,-0.349,0.2934,1,0,none,baostock,query_history_k_data_plus
600084,SHSE.600084,,SH,A股-上交所,2025-03-28,5.7,5.9,5.61,5.62,5.71,4976700.0,28549667.82,-1.5762,0.4429,1,0,none,baostock,query_history_k_data_plus
600084,SHSE.600084,,SH,A股-上交所,2025-03-31,5.62,5.62,5.42,5.48,5.62,3982400.0,21872617.0,-2.4911,0.3544,1,0,none,baostock,query_history_k_data_plus
600084,SHSE.600084,,SH,A股-上交所,2025-04-01,5.55,5.65,5.48,5.58,5.48,2783718.0,15529027.7,1.8248,0.2477,1,0,none,baostock,query_history_k_data_plus
600084,SHSE.600084,,SH,A股-上交所,2025-04-02,5.58,5.63,5.49,5.51,5.58,2244100.0,12447737.0,-1.2545,0.1997,1,0,none,baostock,query_history_k_data_plus
600084,SHSE.600084,,SH,A股-上交所,2025-04-03,5.46,5.6,5.41,5.57,5.51,3016038.0,16735524.66,1.0889,0.2684,1,0,none,baostock,query_history_k_data_plus
600084,SHSE.600084,,SH,A股-上交所,2025-04-07,5.37,5.38,5.01,5.01,5.57,7113700.0,36440760.0,-10.0539,0.633,1,0,none,baostock,query_history_k_data_plus
600084,SHSE.600084,,SH,A股-上交所,2025-04-08,5.01,5.18,4.9,5.09,5.01,6257300.0,31763925.0,1.5968,0.5568,1,0,none,baostock,query_history_k_data_plus
600084,SHSE.600084,,SH,A股-上交所,2025-04-09,5.08,5.39,4.88,5.3,5.09,7696124.0,39647622.44,4.1257,0.6849,1,0,none,baostock,query_history_k_data_plus
600084,SHSE.600084,,SH,A股-上交所,2025-04-10,5.3,5.5,5.29,5.46,5.3,6313166.0,34327533.7,3.0189,0.5618,1,0,none,baostock,query_history_k_data_plus
600084,SHSE.600084,,SH,A股-上交所,2025-04-11,5.44,5.54,5.4,5.41,5.46,3806500.0,20720791.0,-0.9158,0.3387,1,0,none,baostock,query_history_k_data_plus
600084,SHSE.600084,,SH,A股-上交所,2025-04-14,5.44,5.59,5.44,5.52,5.41,4240800.0,23436800.0,2.0333,0.3774,1,0,none,baostock,query_history_k_data_plus
600084,SHSE.600084,,SH,A股-上交所,2025-04-15,5.55,5.57,5.42,5.46,5.52,4068600.0,22366133.0,-1.087,0.3621,1,0,none,baostock,query_history_k_data_plus
600084,SHSE.600084,,SH,A股-上交所,2025-04-16,5.48,5.5,5.27,5.41,5.46,4594447.0,24696238.51,-0.9158,0.4089,1,0,none,baostock,query_history_k_data_plus
600084,SHSE.600084,,SH,A股-上交所,2025-04-17,5.37,5.6,5.32,5.59,5.41,5647700.0,31180695.0,3.3272,0.5026,1,0,none,baostock,query_history_k_data_plus
600084,SHSE.600084,,SH,A股-上交所,2025-04-18,5.58,5.65,5.52,5.55,5.59,3358900.0,18703041.0,-0.7156,0.2989,1,0,none,baostock,query_history_k_data_plus
600084,SHSE.600084,,SH,A股-上交所,2025-04-21,5.69,5.69,5.5,5.53,5.55,3249000.0,18048910.0,-0.3604,0.2891,1,0,none,baostock,query_history_k_data_plus
600084,SHSE.600084,,SH,A股-上交所,2025-04-22,5.51,5.6,5.48,5.54,5.53,2917625.0,16152774.3,0.1808,0.2596,1,0,none,baostock,query_history_k_data_plus
600084,SHSE.600084,,SH,A股-上交所,2025-04-23,5.57,5.59,5.46,5.47,5.54,3143300.0,17325316.0,-1.2635,0.2797,1,0,none,baostock,query_history_k_data_plus
600084,SHSE.600084,,SH,A股-上交所,2025-04-24,5.5,5.5,5.4,5.45,5.47,2702700.0,14720866.0,-0.3656,0.2405,1,0,none,baostock,query_history_k_data_plus
600084,SHSE.600084,,SH,A股-上交所,2025-04-25,5.5,5.53,5.43,5.45,5.45,2676200.0,14680233.0,0.0,0.2382,1,0,none,baostock,query_history_k_data_plus
600084,SHSE.600084,,SH,A股-上交所,2025-04-28,5.4,5.46,5.23,5.25,5.45,3970024.0,21033100.0,-3.6697,0.3533,1,0,none,baostock,query_history_k_data_plus
600084,SHSE.600084,,SH,A股-上交所,2025-04-29,5.25,5.38,5.16,5.37,5.25,3037500.0,16169974.0,2.2857,0.2703,1,0,none,baostock,query_history_k_data_plus
600084,SHSE.600084,,SH,A股-上交所,2025-04-30,5.34,5.4,5.22,5.25,5.37,4477800.0,23648171.0,-2.2346,0.3985,1,0,none,baostock,query_history_k_data_plus
600084,SHSE.600084,,SH,A股-上交所,2025-05-06,5.25,5.35,5.25,5.31,5.25,3512400.0,18601088.0,1.1429,0.3126,1,0,none,baostock,query_history_k_data_plus
600084,SHSE.600084,,SH,A股-上交所,2025-05-07,5.34,5.55,5.34,5.38,5.31,4171400.0,22585720.0,1.3183,0.3712,1,0,none,baostock,query_history_k_data_plus
600084,SHSE.600084,,SH,A股-上交所,2025-05-08,5.38,5.41,5.29,5.38,5.38,3050610.0,16344256.59,0.0,0.2715,1,0,none,baostock,query_history_k_data_plus
600084,SHSE.600084,,SH,A股-上交所,2025-05-09,5.36,5.39,5.29,5.34,5.38,2895507.0,15473389.5,-0.7435,0.2577,1,0,none,baostock,query_history_k_data_plus
600084,SHSE.600084,,SH,A股-上交所,2025-05-12,5.36,5.39,5.28,5.3,5.34,3546506.0,18835996.08,-0.7491,0.3156,1,0,none,baostock,query_history_k_data_plus
600084,SHSE.600084,,SH,A股-上交所,2025-05-13,5.31,5.43,5.29,5.31,5.3,3530672.0,18874419.47,0.1887,0.3142,1,0,none,baostock,query_history_k_data_plus
600084,SHSE.600084,,SH,A股-上交所,2025-05-14,5.3,5.32,5.23,5.29,5.31,3025600.0,15942859.0,-0.3766,0.2692,1,0,none,baostock,query_history_k_data_plus
600084,SHSE.600084,,SH,A股-上交所,2025-05-15,5.29,5.35,5.26,5.29,5.29,2017500.0,10702910.0,0.0,0.1795,1,0,none,baostock,query_history_k_data_plus
600084,SHSE.600084,,SH,A股-上交所,2025-05-16,5.29,5.31,5.26,5.29,5.29,2356500.0,12443797.0,0.0,0.2097,1,0,none,baostock,query_history_k_data_plus
600084,SHSE.600084,,SH,A股-上交所,2025-05-19,5.3,5.58,5.28,5.54,5.29,8661147.0,47390435.74,4.7259,0.7708,1,0,none,baostock,query_history_k_data_plus
600084,SHSE.600084,,SH,A股-上交所,2025-05-20,5.59,5.62,5.54,5.54,5.54,4831706.0,26981846.42,0.0,0.43,1,0,none,baostock,query_history_k_data_plus
600084,SHSE.600084,,SH,A股-上交所,2025-05-21,5.56,5.59,5.48,5.51,5.54,2892400.0,15985794.0,-0.5415,0.2574,1,0,none,baostock,query_history_k_data_plus
600084,SHSE.600084,,SH,A股-上交所,2025-05-22,5.47,5.51,5.39,5.42,5.51,2829300.0,15405052.0,-1.6334,0.2518,1,0,none,baostock,query_history_k_data_plus
600084,SHSE.600084,,SH,A股-上交所,2025-05-23,5.39,5.49,5.37,5.4,5.42,3679200.0,19943478.96,-0.369,0.3274,1,0,none,baostock,query_history_k_data_plus
600084,SHSE.600084,,SH,A股-上交所,2025-05-26,5.4,5.48,5.34,5.43,5.4,2526200.0,13698897.0,0.5556,0.2248,1,0,none,baostock,query_history_k_data_plus
600084,SHSE.600084,,SH,A股-上交所,2025-05-27,5.49,5.68,5.46,5.61,5.43,6816406.0,38117096.6,3.3149,0.6066,1,0,none,baostock,query_history_k_data_plus
600084,SHSE.600084,,SH,A股-上交所,2025-05-28,5.62,5.65,5.52,5.56,5.61,5094957.0,28460102.13,-0.8913,0.4534,1,0,none,baostock,query_history_k_data_plus
600084,SHSE.600084,,SH,A股-上交所,2025-05-29,5.54,5.6,5.5,5.58,5.56,4947300.0,27553038.52,0.3597,0.4403,1,0,none,baostock,query_history_k_data_plus
600084,SHSE.600084,,SH,A股-上交所,2025-05-30,5.6,5.63,5.53,5.58,5.58,4740113.0,26391865.41,0.0,0.4218,1,0,none,baostock,query_history_k_data_plus
600084,SHSE.600084,,SH,A股-上交所,2025-06-03,5.52,5.62,5.52,5.6,5.58,3277700.0,18296088.0,0.3584,0.2917,1,0,none,baostock,query_history_k_data_plus
600084,SHSE.600084,,SH,A股-上交所,2025-06-04,5.59,5.91,5.56,5.68,5.6,11030001.0,63190967.7,1.4286,0.9816,1,0,none,baostock,query_history_k_data_plus
600084,SHSE.600084,,SH,A股-上交所,2025-06-05,5.73,5.74,5.52,5.56,5.68,8160000.0,45769960.0,-2.1127,0.7262,1,0,none,baostock,query_history_k_data_plus
600084,SHSE.600084,,SH,A股-上交所,2025-06-06,5.57,5.58,5.5,5.56,5.56,3619633.0,20043224.82,0.0,0.3221,1,0,none,baostock,query_history_k_data_plus
600084,SHSE.600084,,SH,A股-上交所,2025-06-09,5.56,5.61,5.52,5.61,5.56,3088201.0,17220232.59,0.8993,0.2748,1,0,none,baostock,query_history_k_data_plus
600084,SHSE.600084,,SH,A股-上交所,2025-06-10,5.59,5.61,5.44,5.51,5.61,3568900.0,19697606.0,-1.7825,0.3176,1,0,none,baostock,query_history_k_data_plus
600084,SHSE.600084,,SH,A股-上交所,2025-06-11,5.46,5.78,5.46,5.64,5.51,7244085.0,40612436.89,2.3593,0.6446,1,0,none,baostock,query_history_k_data_plus
600084,SHSE.600084,,SH,A股-上交所,2025-06-12,5.6,5.62,5.49,5.55,5.64,7235381.0,40109241.31,-1.5957,0.6439,1,0,none,baostock,query_history_k_data_plus
600084,SHSE.600084,,SH,A股-上交所,2025-06-13,5.52,5.53,5.45,5.47,5.55,4749324.0,26017804.24,-1.4414,0.4226,1,0,none,baostock,query_history_k_data_plus
600084,SHSE.600084,,SH,A股-上交所,2025-06-16,5.43,5.46,5.39,5.45,5.47,3614995.0,19637070.85,-0.3656,0.3217,1,0,none,baostock,query_history_k_data_plus
600084,SHSE.600084,,SH,A股-上交所,2025-06-17,5.46,5.54,5.42,5.44,5.45,5088400.0,27898682.0,-0.1835,0.4528,1,0,none,baostock,query_history_k_data_plus
600084,SHSE.600084,,SH,A股-上交所,2025-06-18,5.51,5.63,5.37,5.43,5.44,7545800.0,41286294.0,-0.1838,0.6715,1,0,none,baostock,query_history_k_data_plus
600084,SHSE.600084,,SH,A股-上交所,2025-06-19,5.39,5.43,5.33,5.38,5.43,4454700.0,23981514.0,-0.9208,0.3964,1,0,none,baostock,query_history_k_data_plus
600084,SHSE.600084,,SH,A股-上交所,2025-06-20,5.41,5.45,5.36,5.41,5.38,2917600.0,15758226.0,0.5576,0.2596,1,0,none,baostock,query_history_k_data_plus
600084,SHSE.600084,,SH,A股-上交所,2025-06-23,5.34,5.52,5.32,5.49,5.41,5924200.0,32272376.0,1.4787,0.5272,1,0,none,baostock,query_history_k_data_plus
600084,SHSE.600084,,SH,A股-上交所,2025-06-24,5.49,5.58,5.48,5.57,5.49,5267501.0,29223494.56,1.4572,0.4688,1,0,none,baostock,query_history_k_data_plus
600084,SHSE.600084,,SH,A股-上交所,2025-06-25,5.57,5.6,5.49,5.55,5.57,4349100.0,24062921.0,-0.3591,0.387,1,0,none,baostock,query_history_k_data_plus
600084,SHSE.600084,,SH,A股-上交所,2025-06-26,5.55,5.61,5.53,5.55,5.55,4426981.0,24633271.55,0.0,0.394,1,0,none,baostock,query_history_k_data_plus
600084,SHSE.600084,,SH,A股-上交所,2025-06-27,5.54,5.57,5.52,5.55,5.55,3197352.0,17721910.56,0.0,0.2845,1,0,none,baostock,query_history_k_data_plus
600084,SHSE.600084,,SH,A股-上交所,2025-06-30,5.55,5.57,5.52,5.56,5.55,3647300.0,20225481.0,0.1802,0.3246,1,0,none,baostock,query_history_k_data_plus
600084,SHSE.600084,,SH,A股-上交所,2025-07-01,5.55,5.68,5.53,5.57,5.56,4678505.0,26186569.9,0.1799,0.4163,1,0,none,baostock,query_history_k_data_plus
600084,SHSE.600084,,SH,A股-上交所,2025-07-02,5.58,5.59,5.54,5.58,5.57,3577700.0,19925238.0,0.1795,0.3184,1,0,none,baostock,query_history_k_data_plus
600084,SHSE.600084,,SH,A股-上交所,2025-07-03,5.59,5.61,5.57,5.59,5.58,2997600.0,16736687.0,0.1792,0.2668,1,0,none,baostock,query_history_k_data_plus
600084,SHSE.600084,,SH,A股-上交所,2025-07-04,5.58,5.72,5.54,5.67,5.59,10897596.0,61430880.25,1.4311,0.9698,1,0,none,baostock,query_history_k_data_plus
600084,SHSE.600084,,SH,A股-上交所,2025-07-07,5.66,5.67,5.42,5.55,5.67,8572362.0,47477682.53,-2.1164,0.7629,1,0,none,baostock,query_history_k_data_plus
600084,SHSE.600084,,SH,A股-上交所,2025-07-08,5.55,5.61,5.53,5.59,5.55,5025168.0,27960764.77,0.7207,0.4472,1,0,none,baostock,query_history_k_data_plus
600084,SHSE.600084,,SH,A股-上交所,2025-07-09,5.6,5.65,5.57,5.6,5.59,4774700.0,26797998.0,0.1789,0.4249,1,0,none,baostock,query_history_k_data_plus
600084,SHSE.600084,,SH,A股-上交所,2025-07-10,5.58,5.64,5.56,5.64,5.6,2753520.0,15469954.0,0.7143,0.245,1,0,none,baostock,query_history_k_data_plus
600084,SHSE.600084,,SH,A股-上交所,2025-07-11,5.63,5.71,5.61,5.7,5.64,5852301.0,33220664.69,1.0638,0.5208,1,0,none,baostock,query_history_k_data_plus
600084,SHSE.600084,,SH,A股-上交所,2025-07-14,5.7,5.72,5.66,5.71,5.7,3067200.0,17466002.0,0.1754,0.2729,1,0,none,baostock,query_history_k_data_plus
600084,SHSE.600084,,SH,A股-上交所,2025-07-15,5.71,5.72,5.56,5.6,5.71,5711502.0,32068989.26,-1.9264,0.5083,1,0,none,baostock,query_history_k_data_plus
600084,SHSE.600084,,SH,A股-上交所,2025-07-16,5.62,5.67,5.58,5.67,5.6,4359100.0,24567496.0,1.25,0.3879,1,0,none,baostock,query_history_k_data_plus
600084,SHSE.600084,,SH,A股-上交所,2025-07-17,5.65,5.77,5.64,5.66,5.67,4981000.0,28380780.0,-0.1764,0.4433,1,0,none,baostock,query_history_k_data_plus
600084,SHSE.600084,,SH,A股-上交所,2025-07-18,5.65,5.7,5.63,5.68,5.66,4051700.0,22936909.0,0.3534,0.3606,1,0,none,baostock,query_history_k_data_plus
600084,SHSE.600084,,SH,A股-上交所,2025-07-21,5.68,5.76,5.63,5.75,5.68,4707700.0,27002199.0,1.2324,0.4189,1,0,none,baostock,query_history_k_data_plus
600084,SHSE.600084,,SH,A股-上交所,2025-07-22,5.73,5.84,5.73,5.8,5.75,4781301.0,27608046.8,0.8696,0.4255,1,0,none,baostock,query_history_k_data_plus
600084,SHSE.600084,,SH,A股-上交所,2025-07-23,5.8,5.82,5.75,5.77,5.8,3793400.0,21947405.0,-0.5172,0.3376,1,0,none,baostock,query_history_k_data_plus
600084,SHSE.600084,,SH,A股-上交所,2025-07-24,5.77,5.83,5.75,5.83,5.77,4014800.0,23299309.0,1.0399,0.3573,1,0,none,baostock,query_history_k_data_plus
600084,SHSE.600084,,SH,A股-上交所,2025-07-25,5.82,5.85,5.75,5.77,5.83,3331505.0,19274748.75,-1.0292,0.2965,1,0,none,baostock,query_history_k_data_plus
600084,SHSE.600084,,SH,A股-上交所,2025-07-28,5.76,5.78,5.71,5.76,5.77,3873052.0,22238576.96,-0.1733,0.3447,1,0,none,baostock,query_history_k_data_plus
600084,SHSE.600084,,SH,A股-上交所,2025-07-29,5.76,5.77,5.64,5.71,5.76,4451500.0,25294756.0,-0.8681,0.3961,1,0,none,baostock,query_history_k_data_plus
600084,SHSE.600084,,SH,A股-上交所,2025-07-30,5.67,5.78,5.66,5.77,5.71,5354401.0,30693989.7,1.0508,0.4765,1,0,none,baostock,query_history_k_data_plus
600084,SHSE.600084,,SH,A股-上交所,2025-07-31,5.75,5.79,5.64,5.67,5.77,5551700.0,31544117.0,-1.7331,0.494,1,0,none,baostock,query_history_k_data_plus
600084,SHSE.600084,,SH,A股-上交所,2025-08-01,5.68,5.7,5.58,5.6,5.67,4196500.0,23647940.0,-1.2346,0.3734,1,0,none,baostock,query_history_k_data_plus
600084,SHSE.600084,,SH,A股-上交所,2025-08-04,5.6,5.64,5.56,5.62,5.6,3195896.0,17929629.65,0.3571,0.2844,1,0,none,baostock,query_history_k_data_plus
600084,SHSE.600084,,SH,A股-上交所,2025-08-05,5.63,5.69,5.56,5.67,5.62,3306500.0,18721748.0,0.8897,0.2942,1,0,none,baostock,query_history_k_data_plus
600084,SHSE.600084,,SH,A股-上交所,2025-08-06,5.67,5.7,5.63,5.65,5.67,3343700.0,18889868.0,-0.3527,0.2976,1,0,none,baostock,query_history_k_data_plus
600084,SHSE.600084,,SH,A股-上交所,2025-08-07,5.64,5.69,5.62,5.66,5.65,3682800.0,20826907.0,0.177,0.3277,1,0,none,baostock,query_history_k_data_plus
600084,SHSE.600084,,SH,A股-上交所,2025-08-08,5.68,5.82,5.63,5.79,5.66,8007904.0,45919761.17,2.2968,0.7126,1,0,none,baostock,query_history_k_data_plus
600084,SHSE.600084,,SH,A股-上交所,2025-08-11,5.73,5.79,5.72,5.76,5.79,5296719.0,30421239.15,-0.5181,0.4714,1,0,none,baostock,query_history_k_data_plus
600084,SHSE.600084,,SH,A股-上交所,2025-08-12,5.76,5.89,5.74,5.81,5.76,7356435.0,42787985.99,0.8681,0.6546,1,0,none,baostock,query_history_k_data_plus
600084,SHSE.600084,,SH,A股-上交所,2025-08-13,5.83,5.83,5.74,5.77,5.81,5320139.0,30747386.86,-0.6885,0.4734,1,0,none,baostock,query_history_k_data_plus
600084,SHSE.600084,,SH,A股-上交所,2025-08-14,5.77,5.81,5.63,5.65,5.77,5663600.0,32248903.0,-2.0797,0.504,1,0,none,baostock,query_history_k_data_plus
600084,SHSE.600084,,SH,A股-上交所,2025-08-15,5.61,5.66,5.58,5.62,5.65,6600300.0,37049600.0,-0.531,0.5874,1,0,none,baostock,query_history_k_data_plus
600084,SHSE.600084,,SH,A股-上交所,2025-08-18,5.63,5.67,5.59,5.65,5.62,6547000.0,36854141.0,0.5338,0.5826,1,0,none,baostock,query_history_k_data_plus
600084,SHSE.600084,,SH,A股-上交所,2025-08-19,5.65,5.73,5.62,5.72,5.65,6084000.0,34626494.0,1.2389,0.5414,1,0,none,baostock,query_history_k_data_plus
600084,SHSE.600084,,SH,A股-上交所,2025-08-20,5.71,5.8,5.67,5.78,5.72,7695200.0,44301800.0,1.049,0.6848,1,0,none,baostock,query_history_k_data_plus
600084,SHSE.600084,,SH,A股-上交所,2025-08-21,5.75,5.81,5.73,5.8,5.78,7120101.0,41172195.79,0.346,0.6336,1,0,none,baostock,query_history_k_data_plus
600084,SHSE.600084,,SH,A股-上交所,2025-08-22,5.78,5.82,5.7,5.78,5.8,5527513.0,31738117.75,-0.3448,0.4919,1,0,none,baostock,query_history_k_data_plus
600084,SHSE.600084,,SH,A股-上交所,2025-08-25,5.77,5.86,5.74,5.83,5.78,7050933.0,40881170.4,0.8651,0.6275,1,0,none,baostock,query_history_k_data_plus
600084,SHSE.600084,,SH,A股-上交所,2025-08-26,5.82,5.85,5.77,5.8,5.83,5252900.0,30452467.0,-0.5146,0.4675,1,0,none,baostock,query_history_k_data_plus
600084,SHSE.600084,,SH,A股-上交所,2025-08-27,5.8,5.8,5.67,5.67,5.8,6568200.0,37622010.0,-2.2414,0.5845,1,0,none,baostock,query_history_k_data_plus
600084,SHSE.600084,,SH,A股-上交所,2025-08-28,5.66,5.73,5.5,5.61,5.67,9395700.0,52632546.0,-1.0582,0.8361,1,0,none,baostock,query_history_k_data_plus
600084,SHSE.600084,,SH,A股-上交所,2025-08-29,5.61,5.75,5.58,5.64,5.61,10093800.0,57037399.0,0.5348,0.8982,1,0,none,baostock,query_history_k_data_plus
600084,SHSE.600084,,SH,A股-上交所,2025-09-01,5.58,5.67,5.46,5.64,5.64,8508000.0,47721062.0,0.0,0.7571,1,0,none,baostock,query_history_k_data_plus
600084,SHSE.600084,,SH,A股-上交所,2025-09-02,5.64,5.69,5.55,5.61,5.64,6281901.0,35287215.61,-0.5319,0.559,1,0,none,baostock,query_history_k_data_plus
600084,SHSE.600084,,SH,A股-上交所,2025-09-03,5.61,5.66,5.48,5.49,5.61,5081901.0,28154916.54,-2.139,0.4522,1,0,none,baostock,query_history_k_data_plus
600084,SHSE.600084,,SH,A股-上交所,2025-09-04,5.49,5.55,5.45,5.52,5.49,5180366.0,28524719.6,0.5464,0.461,1,0,none,baostock,query_history_k_data_plus
600084,SHSE.600084,,SH,A股-上交所,2025-09-05,5.5,5.52,5.39,5.5,5.52,4992602.0,27224868.9,-0.3623,0.4443,1,0,none,baostock,query_history_k_data_plus
600084,SHSE.600084,,SH,A股-上交所,2025-09-08,5.52,5.6,5.47,5.58,5.5,4673066.0,25907069.32,1.4545,0.4159,1,0,none,baostock,query_history_k_data_plus
600084,SHSE.600084,,SH,A股-上交所,2025-09-09,5.58,5.58,5.49,5.52,5.58,3820500.0,21106512.0,-1.0753,0.34,1,0,none,baostock,query_history_k_data_plus
600084,SHSE.600084,,SH,A股-上交所,2025-09-10,5.51,5.55,5.46,5.52,5.52,4228981.0,23279995.69,0.0,0.3763,1,0,none,baostock,query_history_k_data_plus
600084,SHSE.600084,,SH,A股-上交所,2025-09-11,5.49,5.6,5.49,5.6,5.52,4919200.0,27281383.0,1.4493,0.4378,1,0,none,baostock,query_history_k_data_plus
600084,SHSE.600084,,SH,A股-上交所,2025-09-12,5.57,5.63,5.52,5.53,5.6,4658700.0,25925138.0,-1.25,0.4146,1,0,none,baostock,query_history_k_data_plus
600084,SHSE.600084,,SH,A股-上交所,2025-09-15,5.53,5.54,5.4,5.44,5.53,4950100.0,26974731.0,-1.6275,0.4405,1,0,none,baostock,query_history_k_data_plus
600084,SHSE.600084,,SH,A股-上交所,2025-09-16,5.45,5.59,5.41,5.59,5.44,5579900.0,30583530.0,2.7574,0.4966,1,0,none,baostock,query_history_k_data_plus
600084,SHSE.600084,,SH,A股-上交所,2025-09-17,5.59,5.59,5.44,5.46,5.59,7074200.0,38758360.0,-2.3256,0.6295,1,0,none,baostock,query_history_k_data_plus
600084,SHSE.600084,,SH,A股-上交所,2025-09-18,5.44,5.49,5.34,5.35,5.46,7959501.0,43132003.34,-2.0147,0.7083,1,0,none,baostock,query_history_k_data_plus
600084,SHSE.600084,,SH,A股-上交所,2025-09-19,5.38,5.4,5.21,5.33,5.35,7575535.0,40063220.02,-0.3738,0.6741,1,0,none,baostock,query_history_k_data_plus
600084,SHSE.600084,,SH,A股-上交所,2025-09-22,5.28,5.36,5.25,5.27,5.33,4108658.0,21690594.7,-1.1257,0.3656,1,0,none,baostock,query_history_k_data_plus
600084,SHSE.600084,,SH,A股-上交所,2025-09-23,5.25,5.29,5.12,5.23,5.27,4945001.0,25640364.15,-0.759,0.4401,1,0,none,baostock,query_history_k_data_plus
600084,SHSE.600084,,SH,A股-上交所,2025-09-24,5.24,5.33,5.2,5.27,5.23,5381752.0,28385602.52,0.7648,0.4789,1,0,none,baostock,query_history_k_data_plus
600084,SHSE.600084,,SH,A股-上交所,2025-09-25,5.27,5.27,5.19,5.21,5.27,2926847.0,15285055.4,-1.1385,0.2605,1,0,none,baostock,query_history_k_data_plus
600084,SHSE.600084,,SH,A股-上交所,2025-09-26,5.2,5.51,5.17,5.27,5.21,9076089.0,48642180.91,1.1516,0.8077,1,0,none,baostock,query_history_k_data_plus
600084,SHSE.600084,,SH,A股-上交所,2025-09-29,5.27,5.4,5.17,5.36,5.27,6346200.0,33722025.0,1.7078,0.5647,1,0,none,baostock,query_history_k_data_plus
600084,SHSE.600084,,SH,A股-上交所,2025-09-30,5.37,5.43,5.32,5.39,5.36,4799600.0,25807631.0,0.5597,0.4271,1,0,none,baostock,query_history_k_data_plus
600084,SHSE.600084,,SH,A股-上交所,2025-10-09,5.42,5.55,5.38,5.52,5.39,10221001.0,55823367.48,2.4119,0.9096,1,0,none,baostock,query_history_k_data_plus
600084,SHSE.600084,,SH,A股-上交所,2025-10-10,5.59,5.59,5.42,5.44,5.52,6354700.0,34744932.0,-1.4493,0.5655,1,0,none,baostock,query_history_k_data_plus
600084,SHSE.600084,,SH,A股-上交所,2025-10-13,5.28,5.45,5.23,5.4,5.44,6900152.0,37003927.12,-0.7353,0.614,1,0,none,baostock,query_history_k_data_plus
600084,SHSE.600084,,SH,A股-上交所,2025-10-14,5.41,5.56,5.35,5.47,5.4,9984600.0,54415105.0,1.2963,0.8885,1,0,none,baostock,query_history_k_data_plus
600084,SHSE.600084,,SH,A股-上交所,2025-10-15,5.44,5.62,5.44,5.51,5.47,8587700.0,47629375.11,0.7313,0.7642,1,0,none,baostock,query_history_k_data_plus
600084,SHSE.600084,,SH,A股-上交所,2025-10-16,5.5,5.57,5.47,5.53,5.51,4433900.0,24507833.0,0.363,0.3946,1,0,none,baostock,query_history_k_data_plus
600084,SHSE.600084,,SH,A股-上交所,2025-10-17,5.52,5.56,5.48,5.5,5.53,4415000.0,24392909.0,-0.5425,0.3929,1,0,none,baostock,query_history_k_data_plus
600084,SHSE.600084,,SH,A股-上交所,2025-10-20,5.5,5.55,5.45,5.48,5.5,4856800.0,26639020.0,-0.3636,0.4322,1,0,none,baostock,query_history_k_data_plus
600084,SHSE.600084,,SH,A股-上交所,2025-10-21,5.47,5.61,5.44,5.59,5.48,6547601.0,36254118.55,2.0073,0.5827,1,0,none,baostock,query_history_k_data_plus
600084,SHSE.600084,,SH,A股-上交所,2025-10-22,5.57,5.7,5.57,5.62,5.59,6191201.0,34869764.63,0.5367,0.551,1,0,none,baostock,query_history_k_data_plus
600084,SHSE.600084,,SH,A股-上交所,2025-10-23,5.65,5.78,5.65,5.74,5.62,7223339.0,41303702.25,2.1352,0.6428,1,0,none,baostock,query_history_k_data_plus
600084,SHSE.600084,,SH,A股-上交所,2025-10-24,5.75,5.75,5.61,5.63,5.74,5510600.0,31183175.0,-1.9164,0.4904,1,0,none,baostock,query_history_k_data_plus
600084,SHSE.600084,,SH,A股-上交所,2025-10-27,5.65,5.65,5.5,5.58,5.63,5416600.0,30077780.0,-0.8881,0.482,1,0,none,baostock,query_history_k_data_plus
600084,SHSE.600084,,SH,A股-上交所,2025-10-28,5.54,5.61,5.53,5.56,5.58,3443400.0,19186236.0,-0.3584,0.3064,1,0,none,baostock,query_history_k_data_plus
600084,SHSE.600084,,SH,A股-上交所,2025-10-29,5.57,5.57,5.44,5.47,5.56,4774800.0,26111675.0,-1.6187,0.4249,1,0,none,baostock,query_history_k_data_plus
600084,SHSE.600084,,SH,A股-上交所,2025-10-30,5.44,5.51,5.44,5.44,5.47,4597600.0,25148509.0,-0.5484,0.4091,1,0,none,baostock,query_history_k_data_plus
600084,SHSE.600084,,SH,A股-上交所,2025-10-31,5.48,5.48,5.38,5.43,5.44,5174300.0,28038919.0,-0.1838,0.4605,1,0,none,baostock,query_history_k_data_plus
600084,SHSE.600084,,SH,A股-上交所,2025-11-03,5.47,5.78,5.46,5.71,5.43,13130500.0,74328828.0,5.1565,1.1685,1,0,none,baostock,query_history_k_data_plus
600084,SHSE.600084,,SH,A股-上交所,2025-11-04,5.68,5.76,5.63,5.74,5.71,9016100.0,51403507.0,0.5254,0.8023,1,0,none,baostock,query_history_k_data_plus
600084,SHSE.600084,,SH,A股-上交所,2025-11-05,5.73,5.8,5.71,5.71,5.74,5275611.0,30322358.14,-0.5226,0.4695,1,0,none,baostock,query_history_k_data_plus
600084,SHSE.600084,,SH,A股-上交所,2025-11-06,5.7,5.72,5.65,5.7,5.71,4529200.0,25762682.0,-0.1751,0.4031,1,0,none,baostock,query_history_k_data_plus
600084,SHSE.600084,,SH,A股-上交所,2025-11-07,5.69,5.74,5.66,5.69,5.7,3870277.0,22047828.59,-0.1754,0.3444,1,0,none,baostock,query_history_k_data_plus
600084,SHSE.600084,,SH,A股-上交所,2025-11-10,5.67,5.74,5.65,5.73,5.69,4328800.0,24710143.0,0.703,0.3852,1,0,none,baostock,query_history_k_data_plus
600084,SHSE.600084,,SH,A股-上交所,2025-11-11,5.73,5.76,5.7,5.74,5.73,3491277.0,20031271.98,0.1745,0.3107,1,0,none,baostock,query_history_k_data_plus
600084,SHSE.600084,,SH,A股-上交所,2025-11-12,5.72,5.98,5.72,5.82,5.74,12410500.0,72654174.0,1.3937,1.1044,1,0,none,baostock,query_history_k_data_plus
600084,SHSE.600084,,SH,A股-上交所,2025-11-13,5.82,5.98,5.76,5.96,5.82,9670034.0,57056867.64,2.4055,0.8605,1,0,none,baostock,query_history_k_data_plus
600084,SHSE.600084,,SH,A股-上交所,2025-11-14,5.92,6.06,5.92,5.96,5.96,8646900.0,51702141.0,0.0,0.7695,1,0,none,baostock,query_history_k_data_plus
600084,SHSE.600084,,SH,A股-上交所,2025-11-17,5.99,6.0,5.88,5.93,5.96,5477500.0,32473465.0,-0.5034,0.4874,1,0,none,baostock,query_history_k_data_plus
600084,SHSE.600084,,SH,A股-上交所,2025-11-18,5.96,5.97,5.8,5.88,5.93,5005734.0,29402476.26,-0.8432,0.4455,1,0,none,baostock,query_history_k_data_plus
600084,SHSE.600084,,SH,A股-上交所,2025-11-19,5.84,5.91,5.7,5.76,5.88,6427100.0,37117978.0,-2.0408,0.5719,1,0,none,baostock,query_history_k_data_plus
600084,SHSE.600084,,SH,A股-上交所,2025-11-20,5.86,5.86,5.69,5.74,5.76,4180320.0,24048931.6,-0.3472,0.372,1,0,none,baostock,query_history_k_data_plus
600084,SHSE.600084,,SH,A股-上交所,2025-11-21,5.69,5.82,5.61,5.63,5.74,6719700.0,38268490.0,-1.9164,0.598,1,0,none,baostock,query_history_k_data_plus
600084,SHSE.600084,,SH,A股-上交所,2025-11-24,5.7,5.76,5.63,5.72,5.63,5694400.0,32438821.0,1.5986,0.5067,1,0,none,baostock,query_history_k_data_plus
600084,SHSE.600084,,SH,A股-上交所,2025-11-25,5.7,5.76,5.69,5.72,5.72,4117300.0,23598846.0,0.0,0.3664,1,0,none,baostock,query_history_k_data_plus
600084,SHSE.600084,,SH,A股-上交所,2025-11-26,5.74,5.8,5.64,5.65,5.72,4984400.0,28473511.0,-1.2238,0.4436,1,0,none,baostock,query_history_k_data_plus
600084,SHSE.600084,,SH,A股-上交所,2025-11-27,5.67,5.7,5.6,5.65,5.65,4364000.0,24679594.0,0.0,0.3884,1,0,none,baostock,query_history_k_data_plus
600084,SHSE.600084,,SH,A股-上交所,2025-11-28,5.66,5.7,5.59,5.7,5.65,3449300.0,19497203.0,0.885,0.307,1,0,none,baostock,query_history_k_data_plus
600084,SHSE.600084,,SH,A股-上交所,2025-12-01,5.72,5.78,5.68,5.69,5.7,3022800.0,17303540.0,-0.1754,0.269,1,0,none,baostock,query_history_k_data_plus
600084,SHSE.600084,,SH,A股-上交所,2025-12-02,5.7,5.73,5.64,5.7,5.69,3478321.0,19775835.12,0.1757,0.3095,1,0,none,baostock,query_history_k_data_plus
600084,SHSE.600084,,SH,A股-上交所,2025-12-03,5.71,5.73,5.61,5.65,5.7,3536394.0,19997471.04,-0.8772,0.3147,1,0,none,baostock,query_history_k_data_plus
600084,SHSE.600084,,SH,A股-上交所,2025-12-04,5.62,5.65,5.46,5.48,5.65,6494400.0,35880052.0,-3.0088,0.5779,1,0,none,baostock,query_history_k_data_plus
600084,SHSE.600084,,SH,A股-上交所,2025-12-05,5.48,5.6,5.43,5.58,5.48,5703800.0,31498424.0,1.8248,0.5076,1,0,none,baostock,query_history_k_data_plus
600084,SHSE.600084,,SH,A股-上交所,2025-12-08,5.59,5.59,5.51,5.52,5.58,3796463.0,21028548.28,-1.0753,0.3378,1,0,none,baostock,query_history_k_data_plus
600084,SHSE.600084,,SH,A股-上交所,2025-12-09,5.5,5.54,5.42,5.49,5.52,3975663.0,21784422.5,-0.5435,0.3538,1,0,none,baostock,query_history_k_data_plus
600084,SHSE.600084,,SH,A股-上交所,2025-12-10,5.43,5.5,5.43,5.47,5.49,3424300.0,18692855.0,-0.3643,0.3047,1,0,none,baostock,query_history_k_data_plus
600084,SHSE.600084,,SH,A股-上交所,2025-12-11,5.44,5.61,5.43,5.47,5.47,9159900.0,50541342.0,0.0,0.8151,1,0,none,baostock,query_history_k_data_plus
600084,SHSE.600084,,SH,A股-上交所,2025-12-12,5.44,5.51,5.37,5.4,5.47,7237717.0,39346165.49,-1.2797,0.6441,1,0,none,baostock,query_history_k_data_plus
600084,SHSE.600084,,SH,A股-上交所,2025-12-15,5.4,5.44,5.37,5.41,5.4,3075100.0,16626464.0,0.1852,0.2737,1,0,none,baostock,query_history_k_data_plus
600084,SHSE.600084,,SH,A股-上交所,2025-12-16,5.4,5.46,5.34,5.37,5.41,4800100.0,25863296.0,-0.7394,0.4272,1,0,none,baostock,query_history_k_data_plus
600084,SHSE.600084,,SH,A股-上交所,2025-12-17,5.34,5.39,5.29,5.35,5.37,4802900.0,25647572.0,-0.3724,0.4274,1,0,none,baostock,query_history_k_data_plus
600084,SHSE.600084,,SH,A股-上交所,2025-12-18,5.35,5.47,5.35,5.42,5.35,5135300.0,27889293.0,1.3084,0.457,1,0,none,baostock,query_history_k_data_plus
600084,SHSE.600084,,SH,A股-上交所,2025-12-19,5.39,5.52,5.39,5.51,5.42,5449400.0,29849685.0,1.6605,0.4849,1,0,none,baostock,query_history_k_data_plus
600084,SHSE.600084,,SH,A股-上交所,2025-12-22,5.48,5.52,5.44,5.46,5.51,3879500.0,21199604.0,-0.9074,0.3452,1,0,none,baostock,query_history_k_data_plus
600084,SHSE.600084,,SH,A股-上交所,2025-12-23,5.46,5.46,5.36,5.37,5.46,5605402.0,30210458.72,-1.6484,0.4988,1,0,none,baostock,query_history_k_data_plus
600084,SHSE.600084,,SH,A股-上交所,2025-12-24,5.38,5.43,5.36,5.38,5.37,3245002.0,17481660.76,0.1862,0.2888,1,0,none,baostock,query_history_k_data_plus
600084,SHSE.600084,,SH,A股-上交所,2025-12-25,5.54,5.54,5.32,5.35,5.38,6150700.0,33086705.0,-0.5576,0.5473,1,0,none,baostock,query_history_k_data_plus
600084,SHSE.600084,,SH,A股-上交所,2025-12-26,5.34,5.36,5.3,5.33,5.35,3945200.0,21012700.0,-0.3738,0.3511,1,0,none,baostock,query_history_k_data_plus
600084,SHSE.600084,,SH,A股-上交所,2025-12-29,5.31,5.31,5.21,5.22,5.33,6161600.0,32430390.0,-2.0638,0.5483,1,0,none,baostock,query_history_k_data_plus
600084,SHSE.600084,,SH,A股-上交所,2025-12-30,5.21,5.28,5.17,5.21,5.22,3477400.0,18149578.0,-0.1916,0.3095,1,0,none,baostock,query_history_k_data_plus
600084,SHSE.600084,,SH,A股-上交所,2025-12-31,5.2,5.27,5.17,5.25,5.21,2962118.0,15463191.27,0.7678,0.2636,1,0,none,baostock,query_history_k_data_plus
600084,SHSE.600084,,SH,A股-上交所,2026-01-05,5.26,5.33,5.26,5.3,5.25,3832906.0,20278399.62,0.9524,0.3411,1,0,none,baostock,query_history_k_data_plus
600084,SHSE.600084,,SH,A股-上交所,2026-01-06,5.31,5.31,5.26,5.28,5.3,3777100.0,19984510.0,-0.3774,0.3361,1,0,none,baostock,query_history_k_data_plus
600084,SHSE.600084,,SH,A股-上交所,2026-01-07,5.29,5.31,5.24,5.28,5.28,4170017.0,21978076.08,0.0,0.3711,1,0,none,baostock,query_history_k_data_plus
600084,SHSE.600084,,SH,A股-上交所,2026-01-08,5.27,5.29,5.24,5.27,5.28,4333900.0,22834195.0,-0.1894,0.3857,1,0,none,baostock,query_history_k_data_plus
600084,SHSE.600084,,SH,A股-上交所,2026-01-09,5.27,5.33,5.23,5.31,5.27,6559300.0,34627699.0,0.759,0.5837,1,0,none,baostock,query_history_k_data_plus
600084,SHSE.600084,,SH,A股-上交所,2026-01-12,5.3,5.5,5.29,5.5,5.31,8805300.0,47579383.0,3.5782,0.7836,1,0,none,baostock,query_history_k_data_plus
600084,SHSE.600084,,SH,A股-上交所,2026-01-13,5.56,5.84,5.5,5.7,5.5,13773185.0,78383419.0,3.6364,1.2257,1,0,none,baostock,query_history_k_data_plus
600084,SHSE.600084,,SH,A股-上交所,2026-01-14,5.7,5.75,5.6,5.67,5.7,10889047.0,61733302.49,-0.5263,0.969,1,0,none,baostock,query_history_k_data_plus
600084,SHSE.600084,,SH,A股-上交所,2026-01-15,5.66,5.75,5.59,5.68,5.67,6297600.0,35630674.0,0.1764,0.5604,1,0,none,baostock,query_history_k_data_plus
600084,SHSE.600084,,SH,A股-上交所,2026-01-16,5.68,5.82,5.61,5.78,5.68,8142280.0,46439740.6,1.7606,0.7246,1,0,none,baostock,query_history_k_data_plus
600084,SHSE.600084,,SH,A股-上交所,2026-01-19,5.74,5.94,5.73,5.9,5.78,9998701.0,58366548.82,2.0761,0.8898,1,0,none,baostock,query_history_k_data_plus
600084,SHSE.600084,,SH,A股-上交所,2026-01-20,5.89,5.9,5.83,5.87,5.9,5743000.0,33685386.0,-0.5085,0.5111,1,0,none,baostock,query_history_k_data_plus
600084,SHSE.600084,,SH,A股-上交所,2026-01-21,5.84,5.97,5.83,5.92,5.87,6903075.0,40815556.07,0.8518,0.6143,1,0,none,baostock,query_history_k_data_plus
600084,SHSE.600084,,SH,A股-上交所,2026-01-22,5.92,6.31,5.9,6.25,5.92,15615974.0,96185852.76,5.5743,1.3897,1,0,none,baostock,query_history_k_data_plus
600084,SHSE.600084,,SH,A股-上交所,2026-01-23,6.31,6.35,6.22,6.34,6.25,8731900.0,54873352.0,1.44,0.777,1,0,none,baostock,query_history_k_data_plus
600084,SHSE.600084,,SH,A股-上交所,2026-01-26,6.37,6.38,6.1,6.17,6.34,8169115.0,50751421.0,-2.6814,0.727,1,0,none,baostock,query_history_k_data_plus
600084,SHSE.600084,,SH,A股-上交所,2026-01-27,6.16,6.18,5.96,6.04,6.17,7446080.0,44908551.2,-2.107,0.6626,1,0,none,baostock,query_history_k_data_plus
600084,SHSE.600084,,SH,A股-上交所,2026-01-28,6.04,6.04,5.89,6.02,6.04,6036500.0,36065852.0,-0.3311,0.5372,1,0,none,baostock,query_history_k_data_plus
600084,SHSE.600084,,SH,A股-上交所,2026-01-29,6.62,6.62,6.46,6.62,6.02,13385700.0,88537058.0,9.9668,1.1912,1,0,none,baostock,query_history_k_data_plus
600084,SHSE.600084,,SH,A股-上交所,2026-01-30,7.28,7.28,7.13,7.28,6.62,19974300.0,145339331.0,9.9698,1.7775,1,0,none,baostock,query_history_k_data_plus
600084,SHSE.600084,,SH,A股-上交所,2026-02-02,6.92,8.01,6.77,7.85,7.28,63634046.0,466597350.62,7.8297,5.6628,1,0,none,baostock,query_history_k_data_plus
600084,SHSE.600084,,SH,A股-上交所,2026-02-03,7.37,7.9,7.37,7.48,7.85,48059594.0,364901919.84,-4.7134,4.2768,1,0,none,baostock,query_history_k_data_plus
600084,SHSE.600084,,SH,A股-上交所,2026-02-04,7.43,7.51,6.9,7.02,7.48,35658800.0,253409956.0,-6.1497,3.1733,1,0,none,baostock,query_history_k_data_plus
600084,SHSE.600084,,SH,A股-上交所,2026-02-05,6.84,7.72,6.84,7.72,7.02,36214966.0,271648767.52,9.9715,3.2228,1,0,none,baostock,query_history_k_data_plus
600084,SHSE.600084,,SH,A股-上交所,2026-02-06,7.62,7.64,7.06,7.24,7.72,45380895.0,326150388.56,-6.2176,4.0384,1,0,none,baostock,query_history_k_data_plus
600084,SHSE.600084,,SH,A股-上交所,2026-02-09,7.2,7.38,7.13,7.32,7.24,29484595.0,213629624.14,1.105,2.6238,1,0,none,baostock,query_history_k_data_plus
600084,SHSE.600084,,SH,A股-上交所,2026-02-10,7.2,7.22,7.0,7.07,7.32,19201466.0,135769743.62,-3.4153,1.7087,1,0,none,baostock,query_history_k_data_plus
600084,SHSE.600084,,SH,A股-上交所,2026-02-11,7.16,7.16,6.83,6.91,7.07,16010966.0,110826323.5,-2.2631,1.4248,1,0,none,baostock,query_history_k_data_plus
600084,SHSE.600084,,SH,A股-上交所,2026-02-12,6.89,6.9,6.66,6.71,6.91,15973366.0,107468622.86,-2.8944,1.4215,1,0,none,baostock,query_history_k_data_plus
600084,SHSE.600084,,SH,A股-上交所,2026-02-13,6.78,6.85,6.7,6.72,6.71,10367500.0,70196240.0,0.149,0.9226,1,0,none,baostock,query_history_k_data_plus
600084,SHSE.600084,,SH,A股-上交所,2026-02-24,6.77,6.9,6.66,6.83,6.72,12071200.0,81845352.9,1.6369,1.0742,1,0,none,baostock,query_history_k_data_plus
600084,SHSE.600084,,SH,A股-上交所,2026-02-25,6.84,6.9,6.76,6.87,6.83,8356700.0,57152398.0,0.5857,0.7437,1,0,none,baostock,query_history_k_data_plus
600084,SHSE.600084,,SH,A股-上交所,2026-02-26,6.9,7.01,6.72,6.79,6.87,9422900.0,64251003.0,-1.1645,0.8385,1,0,none,baostock,query_history_k_data_plus
600084,SHSE.600084,,SH,A股-上交所,2026-02-27,6.79,6.88,6.74,6.87,6.79,9488400.0,64573334.0,1.1782,0.8444,1,0,none,baostock,query_history_k_data_plus
600084,SHSE.600084,,SH,A股-上交所,2026-03-02,6.81,6.83,6.61,6.69,6.87,10724930.0,71891510.8,-2.6201,0.9544,1,0,none,baostock,query_history_k_data_plus
600084,SHSE.600084,,SH,A股-上交所,2026-03-03,6.69,7.05,6.64,6.89,6.69,18528184.0,127842958.11,2.9895,1.6488,1,0,none,baostock,query_history_k_data_plus
600084,SHSE.600084,,SH,A股-上交所,2026-03-04,6.84,6.99,6.71,6.96,6.89,9658800.0,66575972.34,1.016,0.8595,1,0,none,baostock,query_history_k_data_plus
600084,SHSE.600084,,SH,A股-上交所,2026-03-05,7.06,7.16,6.94,7.01,6.96,11871255.0,83471439.75,0.7184,1.0564,1,0,none,baostock,query_history_k_data_plus
600084,SHSE.600084,,SH,A股-上交所,2026-03-06,7.01,7.22,6.98,7.19,7.01,11196980.0,80143046.0,2.5678,0.9964,1,0,none,baostock,query_history_k_data_plus
600084,SHSE.600084,,SH,A股-上交所,2026-03-09,7.07,7.1,6.95,7.0,7.19,9898201.0,69431319.01,-2.6426,0.8808,1,0,none,baostock,query_history_k_data_plus
600084,SHSE.600084,,SH,A股-上交所,2026-03-10,7.01,7.14,6.97,7.14,7.0,7193736.0,50934099.56,2.0,0.6402,1,0,none,baostock,query_history_k_data_plus
600084,SHSE.600084,,SH,A股-上交所,2026-03-11,7.18,7.29,7.1,7.23,7.14,10090295.0,72687868.95,1.2605,0.8979,1,0,none,baostock,query_history_k_data_plus
600084,SHSE.600084,,SH,A股-上交所,2026-03-12,7.22,7.28,7.1,7.12,7.23,7008900.0,50203099.0,-1.5214,0.6237,1,0,none,baostock,query_history_k_data_plus
600084,SHSE.600084,,SH,A股-上交所,2026-03-13,7.12,7.22,6.98,7.01,7.12,7437500.0,52706547.0,-1.5449,0.6619,1,0,none,baostock,query_history_k_data_plus
600084,SHSE.600084,,SH,A股-上交所,2026-03-16,6.97,7.09,6.97,7.09,7.01,6090100.0,42887760.0,1.1412,0.542,1,0,none,baostock,query_history_k_data_plus
600084,SHSE.600084,,SH,A股-上交所,2026-03-17,7.06,7.14,7.04,7.06,7.09,5176200.0,36705915.0,-0.4231,0.4606,1,0,none,baostock,query_history_k_data_plus
600084,SHSE.600084,,SH,A股-上交所,2026-03-18,7.04,7.1,6.95,7.08,7.06,6814151.0,47896625.5,0.2833,0.6064,1,0,none,baostock,query_history_k_data_plus
600084,SHSE.600084,,SH,A股-上交所,2026-03-19,7.05,7.12,6.94,7.07,7.08,7673101.0,53973609.99,-0.1412,0.6828,1,0,none,baostock,query_history_k_data_plus
600084,SHSE.600084,,SH,A股-上交所,2026-03-20,7.09,7.18,6.93,6.97,7.07,6984200.0,49102970.0,-1.4144,0.6215,1,0,none,baostock,query_history_k_data_plus
600084,SHSE.600084,,SH,A股-上交所,2026-03-23,6.91,6.91,6.41,6.46,6.97,11154800.0,73585006.0,-7.3171,0.9927,1,0,none,baostock,query_history_k_data_plus
600084,SHSE.600084,,SH,A股-上交所,2026-03-24,6.58,6.91,6.47,6.91,6.46,12211100.0,82039692.0,6.9659,1.0867,1,0,none,baostock,query_history_k_data_plus
600084,SHSE.600084,,SH,A股-上交所,2026-03-25,6.9,7.05,6.82,7.04,6.91,6959200.0,48385699.0,1.8813,0.6193,1,0,none,baostock,query_history_k_data_plus
600084,SHSE.600084,,SH,A股-上交所,2026-03-26,7.04,7.12,6.96,7.05,7.04,5042600.0,35459260.0,0.142,0.4487,1,0,none,baostock,query_history_k_data_plus
600084,SHSE.600084,,SH,A股-上交所,2026-03-27,7.06,7.12,7.01,7.1,7.05,5554001.0,39247927.08,0.7092,0.4942,1,0,none,baostock,query_history_k_data_plus
600084,SHSE.600084,,SH,A股-上交所,2026-03-30,7.04,7.1,7.01,7.09,7.1,4346000.0,30644306.0,-0.1408,0.3867,1,0,none,baostock,query_history_k_data_plus
600084,SHSE.600084,,SH,A股-上交所,2026-03-31,7.14,7.22,6.95,6.97,7.09,7604100.0,53789531.0,-1.6925,0.6767,1,0,none,baostock,query_history_k_data_plus
600084,SHSE.600084,,SH,A股-上交所,2026-04-01,7.1,7.1,6.98,7.03,6.97,4595200.0,32262747.0,0.8608,0.4089,1,0,none,baostock,query_history_k_data_plus
600084,SHSE.600084,,SH,A股-上交所,2026-04-02,7.0,7.06,6.89,6.93,7.03,4622201.0,32159907.91,-1.4225,0.4113,1,0,none,baostock,query_history_k_data_plus
600084,SHSE.600084,,SH,A股-上交所,2026-04-03,6.96,6.96,6.69,6.74,6.93,5685200.0,38649667.0,-2.7417,0.5059,1,0,none,baostock,query_history_k_data_plus
600084,SHSE.600084,,SH,A股-上交所,2026-04-07,6.8,6.8,6.66,6.75,6.74,3443800.0,23165413.0,0.1484,0.3065,1,0,none,baostock,query_history_k_data_plus
600084,SHSE.600084,,SH,A股-上交所,2026-04-08,6.85,6.88,6.77,6.83,6.75,5500200.0,37539132.99,1.1852,0.4895,1,0,none,baostock,query_history_k_data_plus
600084,SHSE.600084,,SH,A股-上交所,2026-04-09,6.83,6.85,6.64,6.66,6.83,6124500.0,41124973.0,-2.489,0.545,1,0,none,baostock,query_history_k_data_plus
600084,SHSE.600084,,SH,A股-上交所,2026-04-10,6.69,6.83,6.66,6.71,6.66,5786774.0,38922673.02,0.7508,0.515,1,0,none,baostock,query_history_k_data_plus
600084,SHSE.600084,,SH,A股-上交所,2026-04-13,6.77,6.84,6.68,6.81,6.71,5078400.0,34328716.0,1.4903,0.4519,1,0,none,baostock,query_history_k_data_plus
600084,SHSE.600084,,SH,A股-上交所,2026-04-14,6.89,6.93,6.78,6.91,6.81,8003900.0,55053362.0,1.4684,0.7123,1,0,none,baostock,query_history_k_data_plus
600084,SHSE.600084,,SH,A股-上交所,2026-04-15,6.9,6.9,6.78,6.82,6.91,5321800.0,36281987.59,-1.3025,0.4736,1,0,none,baostock,query_history_k_data_plus
600084,SHSE.600084,,SH,A股-上交所,2026-04-16,6.85,6.88,6.74,6.87,6.82,5484800.0,37437996.0,0.7331,0.4881,1,0,none,baostock,query_history_k_data_plus
600084,SHSE.600084,,SH,A股-上交所,2026-04-17,6.82,6.87,6.62,6.68,6.87,8716300.0,58509511.0,-2.7656,0.7757,1,0,none,baostock,query_history_k_data_plus
