code,symbol,name,market,asset_type,date,open,high,low,close,preclose,volume,amount,pct_chg,turnover,trade_status,is_st,adjust,provider,source_function
600023,SHSE.600023,,SH,A股-上交所,2020-08-24,3.63,3.65,3.61,3.61,3.63,10053376,36472932.02,-0.551,0.0739,1,0,none,baostock,query_history_k_data_plus
600023,SHSE.600023,,SH,A股-上交所,2020-08-25,3.63,3.64,3.57,3.6,3.61,11649446,41940731.68,-0.277,0.0857,1,0,none,baostock,query_history_k_data_plus
600023,SHSE.600023,,SH,A股-上交所,2020-08-26,3.67,3.71,3.62,3.64,3.6,48056581,176295192.97,1.1111,0.3533,1,0,none,baostock,query_history_k_data_plus
600023,SHSE.600023,,SH,A股-上交所,2020-08-27,3.65,3.75,3.64,3.73,3.64,50340196,186762785.79,2.4725,0.3701,1,0,none,baostock,query_history_k_data_plus
600023,SHSE.600023,,SH,A股-上交所,2020-08-28,3.72,3.85,3.71,3.82,3.73,56723111,216438938.57,2.4129,0.4171,1,0,none,baostock,query_history_k_data_plus
600023,SHSE.600023,,SH,A股-上交所,2020-08-31,3.85,3.89,3.78,3.8,3.82,30344236,115907989.14,-0.5236,0.2231,1,0,none,baostock,query_history_k_data_plus
600023,SHSE.600023,,SH,A股-上交所,2020-09-01,3.79,3.92,3.78,3.89,3.8,41939157,161678827.65,2.3684,0.3084,1,0,none,baostock,query_history_k_data_plus
600023,SHSE.600023,,SH,A股-上交所,2020-09-02,3.9,3.91,3.8,3.86,3.89,35439298,136498261.06,-0.7712,0.2606,1,0,none,baostock,query_history_k_data_plus
600023,SHSE.600023,,SH,A股-上交所,2020-09-03,3.91,3.97,3.87,3.91,3.86,40603924,159556064.07,1.2953,0.2985,1,0,none,baostock,query_history_k_data_plus
600023,SHSE.600023,,SH,A股-上交所,2020-09-04,3.88,3.91,3.84,3.88,3.91,25157929,97490878.42,-0.7673,0.185,1,0,none,baostock,query_history_k_data_plus
600023,SHSE.600023,,SH,A股-上交所,2020-09-07,3.88,3.89,3.8,3.81,3.88,20435736,78575635.55,-1.8041,0.1503,1,0,none,baostock,query_history_k_data_plus
600023,SHSE.600023,,SH,A股-上交所,2020-09-08,3.8,3.96,3.8,3.94,3.81,26010971,101303219.59,3.4121,0.1912,1,0,none,baostock,query_history_k_data_plus
600023,SHSE.600023,,SH,A股-上交所,2020-09-09,3.91,3.96,3.85,3.87,3.94,22234731,86828802.93,-1.7766,0.1635,1,0,none,baostock,query_history_k_data_plus
600023,SHSE.600023,,SH,A股-上交所,2020-09-10,3.93,3.94,3.82,3.84,3.87,23377739,90940459.58,-0.7752,0.1719,1,0,none,baostock,query_history_k_data_plus
600023,SHSE.600023,,SH,A股-上交所,2020-09-11,3.85,3.87,3.81,3.82,3.84,14573951,55868038.26,-0.5208,0.1072,1,0,none,baostock,query_history_k_data_plus
600023,SHSE.600023,,SH,A股-上交所,2020-09-14,3.85,3.94,3.82,3.86,3.82,19765704,76390145.53,1.0471,0.1453,1,0,none,baostock,query_history_k_data_plus
600023,SHSE.600023,,SH,A股-上交所,2020-09-15,3.88,3.88,3.82,3.86,3.86,12431614,47851588.32,0.0,0.0914,1,0,none,baostock,query_history_k_data_plus
600023,SHSE.600023,,SH,A股-上交所,2020-09-16,3.87,3.92,3.83,3.84,3.86,11950364,46109256.7,-0.5181,0.0879,1,0,none,baostock,query_history_k_data_plus
600023,SHSE.600023,,SH,A股-上交所,2020-09-17,3.83,3.88,3.81,3.86,3.84,13482232,51924362.17,0.5208,0.0991,1,0,none,baostock,query_history_k_data_plus
600023,SHSE.600023,,SH,A股-上交所,2020-09-18,3.86,3.93,3.86,3.92,3.86,14858444,58021639.84,1.5544,0.1092,1,0,none,baostock,query_history_k_data_plus
600023,SHSE.600023,,SH,A股-上交所,2020-09-21,3.92,3.94,3.87,3.87,3.92,12430895,48422635.52,-1.2755,0.0914,1,0,none,baostock,query_history_k_data_plus
600023,SHSE.600023,,SH,A股-上交所,2020-09-22,3.87,3.87,3.8,3.81,3.87,14061631,53887747.17,-1.5504,0.1034,1,0,none,baostock,query_history_k_data_plus
600023,SHSE.600023,,SH,A股-上交所,2020-09-23,3.82,3.83,3.74,3.75,3.81,14221262,53679597.8,-1.5748,0.1046,1,0,none,baostock,query_history_k_data_plus
600023,SHSE.600023,,SH,A股-上交所,2020-09-24,3.75,3.76,3.65,3.7,3.75,17618203,65031163.99,-1.3333,0.1295,1,0,none,baostock,query_history_k_data_plus
600023,SHSE.600023,,SH,A股-上交所,2020-09-25,3.69,3.71,3.66,3.68,3.7,10334288,38018942.53,-0.5405,0.076,1,0,none,baostock,query_history_k_data_plus
600023,SHSE.600023,,SH,A股-上交所,2020-09-28,3.67,3.72,3.65,3.68,3.68,16229322,59863752.78,0.0,0.1193,1,0,none,baostock,query_history_k_data_plus
600023,SHSE.600023,,SH,A股-上交所,2020-09-29,3.68,3.73,3.67,3.72,3.68,16541804,61420536.29,1.087,0.1216,1,0,none,baostock,query_history_k_data_plus
600023,SHSE.600023,,SH,A股-上交所,2020-09-30,3.71,3.72,3.62,3.63,3.72,16194991,59250698.04,-2.4194,0.1191,1,0,none,baostock,query_history_k_data_plus
600023,SHSE.600023,,SH,A股-上交所,2020-10-09,3.66,3.78,3.64,3.75,3.63,22439833,83568993.5,3.3058,0.165,1,0,none,baostock,query_history_k_data_plus
600023,SHSE.600023,,SH,A股-上交所,2020-10-12,3.74,3.77,3.72,3.75,3.75,17232296,64560968.55,0.0,0.1267,1,0,none,baostock,query_history_k_data_plus
600023,SHSE.600023,,SH,A股-上交所,2020-10-13,3.75,3.77,3.73,3.75,3.75,10520624,39387173.86,0.0,0.0774,1,0,none,baostock,query_history_k_data_plus
600023,SHSE.600023,,SH,A股-上交所,2020-10-14,3.75,3.77,3.72,3.75,3.75,12765072,47755379.8,0.0,0.0939,1,0,none,baostock,query_history_k_data_plus
600023,SHSE.600023,,SH,A股-上交所,2020-10-15,3.74,3.74,3.69,3.7,3.75,13966855,51900277.44,-1.3333,0.1027,1,0,none,baostock,query_history_k_data_plus
600023,SHSE.600023,,SH,A股-上交所,2020-10-16,3.71,3.72,3.68,3.71,3.7,9011415,33367927.94,0.2703,0.0663,1,0,none,baostock,query_history_k_data_plus
600023,SHSE.600023,,SH,A股-上交所,2020-10-19,3.71,3.74,3.66,3.69,3.71,16208772,60102829.24,-0.5391,0.1192,1,0,none,baostock,query_history_k_data_plus
600023,SHSE.600023,,SH,A股-上交所,2020-10-20,3.67,3.67,3.62,3.65,3.69,13168919,47962279.53,-1.084,0.0968,1,0,none,baostock,query_history_k_data_plus
600023,SHSE.600023,,SH,A股-上交所,2020-10-21,3.64,3.66,3.62,3.64,3.65,10141176,36901178.21,-0.274,0.0746,1,0,none,baostock,query_history_k_data_plus
600023,SHSE.600023,,SH,A股-上交所,2020-10-22,3.64,3.69,3.62,3.67,3.64,13620948,49796385.43,0.8242,0.1001,1,0,none,baostock,query_history_k_data_plus
600023,SHSE.600023,,SH,A股-上交所,2020-10-23,3.66,3.69,3.63,3.64,3.67,11513070,42015795.51,-0.8174,0.0847,1,0,none,baostock,query_history_k_data_plus
600023,SHSE.600023,,SH,A股-上交所,2020-10-26,3.64,3.65,3.6,3.61,3.64,13882909,50097112.61,-0.8242,0.1021,1,0,none,baostock,query_history_k_data_plus
600023,SHSE.600023,,SH,A股-上交所,2020-10-27,3.6,3.62,3.59,3.61,3.61,6781149,24451497.91,0.0,0.0499,1,0,none,baostock,query_history_k_data_plus
600023,SHSE.600023,,SH,A股-上交所,2020-10-28,3.6,3.62,3.59,3.61,3.61,9598668,34573096.02,0.0,0.0706,1,0,none,baostock,query_history_k_data_plus
600023,SHSE.600023,,SH,A股-上交所,2020-10-29,3.59,3.59,3.55,3.58,3.61,16258433,58049910.75,-0.831,0.1195,1,0,none,baostock,query_history_k_data_plus
600023,SHSE.600023,,SH,A股-上交所,2020-10-30,3.62,3.63,3.58,3.59,3.58,19609688,70764334.25,0.2793,0.1442,1,0,none,baostock,query_history_k_data_plus
600023,SHSE.600023,,SH,A股-上交所,2020-11-02,3.59,3.66,3.59,3.64,3.59,18931649,68784979.62,1.3928,0.1392,1,0,none,baostock,query_history_k_data_plus
600023,SHSE.600023,,SH,A股-上交所,2020-11-03,3.66,3.68,3.64,3.65,3.64,17123361,62662049.8,0.2747,0.1259,1,0,none,baostock,query_history_k_data_plus
600023,SHSE.600023,,SH,A股-上交所,2020-11-04,3.65,3.67,3.62,3.65,3.65,12267542,44761044.93,0.0,0.0902,1,0,none,baostock,query_history_k_data_plus
600023,SHSE.600023,,SH,A股-上交所,2020-11-05,3.66,3.69,3.65,3.68,3.65,14038330,51534698.14,0.8219,0.1032,1,0,none,baostock,query_history_k_data_plus
600023,SHSE.600023,,SH,A股-上交所,2020-11-06,3.69,3.69,3.66,3.69,3.68,12679756,46637530.04,0.2717,0.0932,1,0,none,baostock,query_history_k_data_plus
600023,SHSE.600023,,SH,A股-上交所,2020-11-09,3.69,3.73,3.68,3.71,3.69,18540940,68876063.44,0.542,0.1363,1,0,none,baostock,query_history_k_data_plus
600023,SHSE.600023,,SH,A股-上交所,2020-11-10,3.72,3.75,3.66,3.69,3.71,18249503,67777613.59,-0.5391,0.1342,1,0,none,baostock,query_history_k_data_plus
600023,SHSE.600023,,SH,A股-上交所,2020-11-11,3.68,3.72,3.68,3.7,3.69,13341800,49335680.0,0.271,0.0981,1,0,none,baostock,query_history_k_data_plus
600023,SHSE.600023,,SH,A股-上交所,2020-11-12,3.7,3.75,3.69,3.73,3.7,17505214,65320704.84,0.8108,0.1287,1,0,none,baostock,query_history_k_data_plus
600023,SHSE.600023,,SH,A股-上交所,2020-11-13,3.72,3.73,3.66,3.69,3.73,16400776,60470515.95,-1.0724,0.1206,1,0,none,baostock,query_history_k_data_plus
600023,SHSE.600023,,SH,A股-上交所,2020-11-16,3.7,3.78,3.69,3.78,3.69,23293969,87369061.47,2.439,0.1713,1,0,none,baostock,query_history_k_data_plus
600023,SHSE.600023,,SH,A股-上交所,2020-11-17,3.78,3.78,3.74,3.76,3.78,16630950,62535054.3,-0.5291,0.1223,1,0,none,baostock,query_history_k_data_plus
600023,SHSE.600023,,SH,A股-上交所,2020-11-18,3.77,3.81,3.76,3.77,3.76,14252631,53881240.09,0.266,0.1048,1,0,none,baostock,query_history_k_data_plus
600023,SHSE.600023,,SH,A股-上交所,2020-11-19,3.77,3.81,3.75,3.77,3.77,15537947,58697748.66,0.0,0.1142,1,0,none,baostock,query_history_k_data_plus
600023,SHSE.600023,,SH,A股-上交所,2020-11-20,3.79,3.8,3.75,3.79,3.77,14783072,55861653.08,0.5305,0.1087,1,0,none,baostock,query_history_k_data_plus
600023,SHSE.600023,,SH,A股-上交所,2020-11-23,3.79,3.82,3.76,3.8,3.79,20503227,77777442.0,0.2639,0.1508,1,0,none,baostock,query_history_k_data_plus
600023,SHSE.600023,,SH,A股-上交所,2020-11-24,3.79,3.81,3.77,3.78,3.8,15854399,60072159.46,-0.5263,0.1166,1,0,none,baostock,query_history_k_data_plus
600023,SHSE.600023,,SH,A股-上交所,2020-11-25,3.79,3.82,3.75,3.76,3.78,16909100,64030242.0,-0.5291,0.1243,1,0,none,baostock,query_history_k_data_plus
600023,SHSE.600023,,SH,A股-上交所,2020-11-26,3.77,3.83,3.75,3.81,3.76,24519100,93230387.56,1.3298,0.1803,1,0,none,baostock,query_history_k_data_plus
600023,SHSE.600023,,SH,A股-上交所,2020-11-27,3.8,3.83,3.75,3.79,3.81,21648290,81969185.87,-0.5249,0.1592,1,0,none,baostock,query_history_k_data_plus
600023,SHSE.600023,,SH,A股-上交所,2020-11-30,3.79,3.83,3.77,3.77,3.79,30202609,114815893.56,-0.5277,0.2221,1,0,none,baostock,query_history_k_data_plus
600023,SHSE.600023,,SH,A股-上交所,2020-12-01,3.76,3.77,3.71,3.74,3.77,31371086,117180572.43,-0.7958,0.2307,1,0,none,baostock,query_history_k_data_plus
600023,SHSE.600023,,SH,A股-上交所,2020-12-02,3.73,3.75,3.69,3.71,3.74,49330217,183359372.37,-0.8021,0.3627,1,0,none,baostock,query_history_k_data_plus
600023,SHSE.600023,,SH,A股-上交所,2020-12-03,3.7,3.72,3.65,3.67,3.71,43300420,159301415.84,-1.0782,0.3184,1,0,none,baostock,query_history_k_data_plus
600023,SHSE.600023,,SH,A股-上交所,2020-12-04,3.68,3.68,3.61,3.65,3.67,40855596,148775039.9,-0.545,0.3004,1,0,none,baostock,query_history_k_data_plus
600023,SHSE.600023,,SH,A股-上交所,2020-12-07,3.65,3.65,3.61,3.62,3.65,33334929,120934255.96,-0.8219,0.2451,1,0,none,baostock,query_history_k_data_plus
600023,SHSE.600023,,SH,A股-上交所,2020-12-08,3.62,3.64,3.6,3.63,3.62,18335749,66464150.35,0.2762,0.1348,1,0,none,baostock,query_history_k_data_plus
600023,SHSE.600023,,SH,A股-上交所,2020-12-09,3.63,3.65,3.61,3.62,3.63,21047298,76403619.49,-0.2755,0.1548,1,0,none,baostock,query_history_k_data_plus
600023,SHSE.600023,,SH,A股-上交所,2020-12-10,3.61,3.63,3.58,3.62,3.62,19906421,71760727.42,0.0,0.1464,1,0,none,baostock,query_history_k_data_plus
600023,SHSE.600023,,SH,A股-上交所,2020-12-11,3.61,3.67,3.59,3.67,3.62,33160145,120014593.71,1.3812,0.2438,1,0,none,baostock,query_history_k_data_plus
600023,SHSE.600023,,SH,A股-上交所,2020-12-14,3.64,3.65,3.6,3.62,3.67,29993915,108368321.49,-1.3624,0.2205,1,0,none,baostock,query_history_k_data_plus
600023,SHSE.600023,,SH,A股-上交所,2020-12-15,3.62,3.62,3.59,3.62,3.62,14489230,52204030.0,0.0,0.1065,1,0,none,baostock,query_history_k_data_plus
600023,SHSE.600023,,SH,A股-上交所,2020-12-16,3.61,3.63,3.59,3.61,3.62,15955151,57590522.6,-0.2762,0.1173,1,0,none,baostock,query_history_k_data_plus
600023,SHSE.600023,,SH,A股-上交所,2020-12-17,3.61,3.69,3.6,3.68,3.61,27385258,99576813.48,1.9391,0.2014,1,0,none,baostock,query_history_k_data_plus
600023,SHSE.600023,,SH,A股-上交所,2020-12-18,3.7,3.78,3.69,3.74,3.68,49633582,185874480.43,1.6304,0.3649,1,0,none,baostock,query_history_k_data_plus
600023,SHSE.600023,,SH,A股-上交所,2020-12-21,3.72,3.73,3.68,3.71,3.74,30675867,113636876.21,-0.8021,0.2255,1,0,none,baostock,query_history_k_data_plus
600023,SHSE.600023,,SH,A股-上交所,2020-12-22,3.7,3.71,3.62,3.63,3.71,23620313,86417953.35,-2.1563,0.1737,1,0,none,baostock,query_history_k_data_plus
600023,SHSE.600023,,SH,A股-上交所,2020-12-23,3.63,3.67,3.62,3.66,3.63,24651604,89848931.09,0.8264,0.1813,1,0,none,baostock,query_history_k_data_plus
600023,SHSE.600023,,SH,A股-上交所,2020-12-24,3.66,3.66,3.59,3.6,3.66,21639219,78215856.53,-1.6393,0.1591,1,0,none,baostock,query_history_k_data_plus
600023,SHSE.600023,,SH,A股-上交所,2020-12-25,3.6,3.77,3.6,3.63,3.6,80218621,294034916.41,0.8333,0.5898,1,0,none,baostock,query_history_k_data_plus
600023,SHSE.600023,,SH,A股-上交所,2020-12-28,3.65,3.81,3.64,3.75,3.63,81215721,304098704.9,3.3058,0.5971,1,0,none,baostock,query_history_k_data_plus
600023,SHSE.600023,,SH,A股-上交所,2020-12-29,3.76,3.77,3.63,3.64,3.75,48617537,179125733.24,-2.9333,0.3575,1,0,none,baostock,query_history_k_data_plus
600023,SHSE.600023,,SH,A股-上交所,2020-12-30,3.63,3.69,3.62,3.64,3.64,34508100,126011395.5,0.0,0.2537,1,0,none,baostock,query_history_k_data_plus
600023,SHSE.600023,,SH,A股-上交所,2020-12-31,3.64,3.66,3.62,3.63,3.64,27655788,100496614.48,-0.2747,0.2033,1,0,none,baostock,query_history_k_data_plus
600023,SHSE.600023,,SH,A股-上交所,2021-01-04,3.63,3.64,3.6,3.62,3.63,32684843,118043552.15,-0.2755,0.2403,1,0,none,baostock,query_history_k_data_plus
600023,SHSE.600023,,SH,A股-上交所,2021-01-05,3.61,3.62,3.57,3.59,3.62,29142275,104545272.01,-0.8287,0.2143,1,0,none,baostock,query_history_k_data_plus
600023,SHSE.600023,,SH,A股-上交所,2021-01-06,3.59,3.61,3.56,3.61,3.59,23829976,85418180.18,0.5571,0.1752,1,0,none,baostock,query_history_k_data_plus
600023,SHSE.600023,,SH,A股-上交所,2021-01-07,3.6,3.6,3.55,3.56,3.61,25953200,92653539.0,-1.385,0.1908,1,0,none,baostock,query_history_k_data_plus
600023,SHSE.600023,,SH,A股-上交所,2021-01-08,3.55,3.58,3.53,3.58,3.56,17954860,63864518.7,0.5618,0.132,1,0,none,baostock,query_history_k_data_plus
600023,SHSE.600023,,SH,A股-上交所,2021-01-11,3.58,3.59,3.51,3.53,3.58,24534255,86888040.22,-1.3966,0.1804,1,0,none,baostock,query_history_k_data_plus
600023,SHSE.600023,,SH,A股-上交所,2021-01-12,3.53,3.55,3.52,3.53,3.53,13116596,46285229.49,0.0,0.0964,1,0,none,baostock,query_history_k_data_plus
600023,SHSE.600023,,SH,A股-上交所,2021-01-13,3.53,3.58,3.52,3.58,3.53,20596550,73136307.18,1.4164,0.1514,1,0,none,baostock,query_history_k_data_plus
600023,SHSE.600023,,SH,A股-上交所,2021-01-14,3.56,3.6,3.56,3.59,3.58,19723662,70783204.52,0.2793,0.145,1,0,none,baostock,query_history_k_data_plus
600023,SHSE.600023,,SH,A股-上交所,2021-01-15,3.59,3.61,3.58,3.6,3.59,15245458,54829231.58,0.2786,0.1121,1,0,none,baostock,query_history_k_data_plus
600023,SHSE.600023,,SH,A股-上交所,2021-01-18,3.6,3.62,3.58,3.59,3.6,17012895,61106588.09,-0.2778,0.1251,1,0,none,baostock,query_history_k_data_plus
600023,SHSE.600023,,SH,A股-上交所,2021-01-19,3.59,3.61,3.58,3.6,3.59,13538341,48690428.42,0.2786,0.0995,1,0,none,baostock,query_history_k_data_plus
600023,SHSE.600023,,SH,A股-上交所,2021-01-20,3.6,3.61,3.59,3.59,3.6,9208134,33142816.06,-0.2778,0.0677,1,0,none,baostock,query_history_k_data_plus
600023,SHSE.600023,,SH,A股-上交所,2021-01-21,3.59,3.6,3.57,3.58,3.59,12924078,46335674.76,-0.2786,0.095,1,0,none,baostock,query_history_k_data_plus
600023,SHSE.600023,,SH,A股-上交所,2021-01-22,3.59,3.6,3.54,3.55,3.58,14649464,52279034.03,-0.838,0.1077,1,0,none,baostock,query_history_k_data_plus
600023,SHSE.600023,,SH,A股-上交所,2021-01-25,3.55,3.56,3.51,3.53,3.55,15376051,54262872.65,-0.5634,0.1131,1,0,none,baostock,query_history_k_data_plus
600023,SHSE.600023,,SH,A股-上交所,2021-01-26,3.52,3.55,3.52,3.54,3.53,8811996,31153505.18,0.2833,0.0648,1,0,none,baostock,query_history_k_data_plus
600023,SHSE.600023,,SH,A股-上交所,2021-01-27,3.53,3.58,3.53,3.57,3.54,13179090,46916527.45,0.8475,0.0969,1,0,none,baostock,query_history_k_data_plus
600023,SHSE.600023,,SH,A股-上交所,2021-01-28,3.56,3.57,3.52,3.53,3.57,9665473,34306387.62,-1.1204,0.0711,1,0,none,baostock,query_history_k_data_plus
600023,SHSE.600023,,SH,A股-上交所,2021-01-29,3.53,3.55,3.48,3.5,3.53,13921612,49027081.14,-0.8499,0.1024,1,0,none,baostock,query_history_k_data_plus
600023,SHSE.600023,,SH,A股-上交所,2021-02-01,3.51,3.51,3.45,3.47,3.5,16871247,58595967.85,-0.8571,0.124,1,0,none,baostock,query_history_k_data_plus
600023,SHSE.600023,,SH,A股-上交所,2021-02-02,3.46,3.48,3.46,3.47,3.47,8915967,30912011.02,0.0,0.0656,1,0,none,baostock,query_history_k_data_plus
600023,SHSE.600023,,SH,A股-上交所,2021-02-03,3.47,3.47,3.42,3.42,3.47,16553115,56858295.84,-1.4409,0.1217,1,0,none,baostock,query_history_k_data_plus
600023,SHSE.600023,,SH,A股-上交所,2021-02-04,3.41,3.43,3.38,3.4,3.42,11121000,37866067.36,-0.5848,0.0818,1,0,none,baostock,query_history_k_data_plus
600023,SHSE.600023,,SH,A股-上交所,2021-02-05,3.4,3.45,3.4,3.43,3.4,10766860,36924172.19,0.8824,0.0792,1,0,none,baostock,query_history_k_data_plus
600023,SHSE.600023,,SH,A股-上交所,2021-02-08,3.44,3.47,3.42,3.44,3.43,25128442,86406026.28,0.2915,0.1848,1,0,none,baostock,query_history_k_data_plus
600023,SHSE.600023,,SH,A股-上交所,2021-02-09,3.44,3.46,3.42,3.44,3.44,10461931,35952776.44,0.0,0.0769,1,0,none,baostock,query_history_k_data_plus
600023,SHSE.600023,,SH,A股-上交所,2021-02-10,3.45,3.47,3.44,3.47,3.44,10443741,36102312.44,0.8721,0.0768,1,0,none,baostock,query_history_k_data_plus
600023,SHSE.600023,,SH,A股-上交所,2021-02-18,3.49,3.5,3.46,3.47,3.47,37091055,128757692.3,0.0,0.2727,1,0,none,baostock,query_history_k_data_plus
600023,SHSE.600023,,SH,A股-上交所,2021-02-19,3.47,3.53,3.46,3.52,3.47,22909452,80054630.53,1.4409,0.1684,1,0,none,baostock,query_history_k_data_plus
600023,SHSE.600023,,SH,A股-上交所,2021-02-22,3.53,3.59,3.53,3.56,3.52,29502017,105086540.96,1.1364,0.2169,1,0,none,baostock,query_history_k_data_plus
600023,SHSE.600023,,SH,A股-上交所,2021-02-23,3.55,3.57,3.53,3.54,3.56,14521500,51496230.31,-0.5618,0.1068,1,0,none,baostock,query_history_k_data_plus
600023,SHSE.600023,,SH,A股-上交所,2021-02-24,3.54,3.57,3.52,3.54,3.54,17570214,62278586.02,0.0,0.1292,1,0,none,baostock,query_history_k_data_plus
600023,SHSE.600023,,SH,A股-上交所,2021-02-25,3.55,3.56,3.52,3.54,3.54,28573887,101157234.52,0.0,0.2101,1,0,none,baostock,query_history_k_data_plus
600023,SHSE.600023,,SH,A股-上交所,2021-02-26,3.53,3.53,3.49,3.5,3.54,18956999,66479351.47,-1.1299,0.1394,1,0,none,baostock,query_history_k_data_plus
600023,SHSE.600023,,SH,A股-上交所,2021-03-01,3.51,3.53,3.49,3.5,3.5,27589704,96659389.8,0.0,0.2029,1,0,none,baostock,query_history_k_data_plus
600023,SHSE.600023,,SH,A股-上交所,2021-03-02,3.51,3.53,3.48,3.51,3.5,22894542,80353163.16,0.2857,0.1683,1,0,none,baostock,query_history_k_data_plus
600023,SHSE.600023,,SH,A股-上交所,2021-03-03,3.51,3.54,3.5,3.51,3.51,56122710,197091967.1,0.0,0.4126,1,0,none,baostock,query_history_k_data_plus
600023,SHSE.600023,,SH,A股-上交所,2021-03-04,3.51,3.56,3.49,3.54,3.51,42260355,149130328.79,0.8547,0.3107,1,0,none,baostock,query_history_k_data_plus
600023,SHSE.600023,,SH,A股-上交所,2021-03-05,3.54,3.55,3.51,3.54,3.54,35922895,126945342.12,0.0,0.2641,1,0,none,baostock,query_history_k_data_plus
600023,SHSE.600023,,SH,A股-上交所,2021-03-08,3.56,3.6,3.53,3.56,3.54,105928687,376570733.49,0.565,0.7788,1,0,none,baostock,query_history_k_data_plus
600023,SHSE.600023,,SH,A股-上交所,2021-03-09,3.54,3.55,3.48,3.51,3.56,53501898,188342740.46,-1.4045,0.3934,1,0,none,baostock,query_history_k_data_plus
600023,SHSE.600023,,SH,A股-上交所,2021-03-10,3.52,3.54,3.49,3.5,3.51,37620100,132182614.52,-0.2849,0.2766,1,0,none,baostock,query_history_k_data_plus
600023,SHSE.600023,,SH,A股-上交所,2021-03-11,3.51,3.58,3.49,3.57,3.5,58921862,208485062.74,2.0,0.4332,1,0,none,baostock,query_history_k_data_plus
600023,SHSE.600023,,SH,A股-上交所,2021-03-12,3.56,3.76,3.54,3.67,3.57,123421015,450510173.68,2.8011,0.9075,1,0,none,baostock,query_history_k_data_plus
600023,SHSE.600023,,SH,A股-上交所,2021-03-15,3.64,3.69,3.63,3.68,3.67,69689562,255246235.71,0.2725,0.5124,1,0,none,baostock,query_history_k_data_plus
600023,SHSE.600023,,SH,A股-上交所,2021-03-16,3.67,3.71,3.66,3.7,3.68,40781216,150430801.94,0.5435,0.2998,1,0,none,baostock,query_history_k_data_plus
600023,SHSE.600023,,SH,A股-上交所,2021-03-17,3.7,3.71,3.63,3.64,3.7,34044976,124544840.64,-1.6216,0.2503,1,0,none,baostock,query_history_k_data_plus
600023,SHSE.600023,,SH,A股-上交所,2021-03-18,3.63,3.76,3.62,3.7,3.64,58434929,215693493.19,1.6484,0.4296,1,0,none,baostock,query_history_k_data_plus
600023,SHSE.600023,,SH,A股-上交所,2021-03-19,3.67,3.77,3.64,3.73,3.7,73454098,272961377.94,0.8108,0.5401,1,0,none,baostock,query_history_k_data_plus
600023,SHSE.600023,,SH,A股-上交所,2021-03-22,3.75,3.94,3.74,3.89,3.73,118488110,455726200.76,4.2895,0.8712,1,0,none,baostock,query_history_k_data_plus
600023,SHSE.600023,,SH,A股-上交所,2021-03-23,3.88,3.88,3.76,3.79,3.89,77102682,293233377.97,-2.5707,0.5669,1,0,none,baostock,query_history_k_data_plus
600023,SHSE.600023,,SH,A股-上交所,2021-03-24,3.78,3.86,3.76,3.82,3.79,73703991,280466769.41,0.7916,0.5419,1,0,none,baostock,query_history_k_data_plus
600023,SHSE.600023,,SH,A股-上交所,2021-03-25,3.78,3.79,3.68,3.69,3.82,52643923,195872199.71,-3.4031,0.3871,1,0,none,baostock,query_history_k_data_plus
600023,SHSE.600023,,SH,A股-上交所,2021-03-26,3.7,3.84,3.68,3.7,3.69,136591627,511261760.79,0.271,1.0043,1,0,none,baostock,query_history_k_data_plus
600023,SHSE.600023,,SH,A股-上交所,2021-03-29,3.71,3.95,3.69,3.85,3.7,127201147,486845710.59,4.0541,0.9353,1,0,none,baostock,query_history_k_data_plus
600023,SHSE.600023,,SH,A股-上交所,2021-03-30,3.82,3.86,3.72,3.83,3.85,86172245,325577168.2,-0.5195,0.6336,1,0,none,baostock,query_history_k_data_plus
600023,SHSE.600023,,SH,A股-上交所,2021-03-31,3.81,4.03,3.79,3.97,3.83,156120531,615501521.15,3.6554,1.1479,1,0,none,baostock,query_history_k_data_plus
600023,SHSE.600023,,SH,A股-上交所,2021-04-01,3.92,4.04,3.87,3.97,3.97,110085786,436223337.02,0.0,0.8094,1,0,none,baostock,query_history_k_data_plus
600023,SHSE.600023,,SH,A股-上交所,2021-04-02,3.93,3.97,3.85,3.89,3.97,79172237,308158605.91,-2.0151,0.5821,1,0,none,baostock,query_history_k_data_plus
600023,SHSE.600023,,SH,A股-上交所,2021-04-06,3.89,3.92,3.84,3.87,3.89,53433513,206957715.66,-0.5141,0.3929,1,0,none,baostock,query_history_k_data_plus
600023,SHSE.600023,,SH,A股-上交所,2021-04-07,3.85,3.93,3.85,3.88,3.87,50092260,194762325.78,0.2584,0.3683,1,0,none,baostock,query_history_k_data_plus
600023,SHSE.600023,,SH,A股-上交所,2021-04-08,3.86,3.87,3.79,3.79,3.88,48056742,183157101.9,-2.3196,0.3533,1,0,none,baostock,query_history_k_data_plus
600023,SHSE.600023,,SH,A股-上交所,2021-04-09,3.79,3.84,3.77,3.8,3.79,37322462,141880921.78,0.2639,0.2744,1,0,none,baostock,query_history_k_data_plus
600023,SHSE.600023,,SH,A股-上交所,2021-04-12,3.79,3.92,3.77,3.82,3.8,55079728,211431332.77,0.5263,0.405,1,0,none,baostock,query_history_k_data_plus
600023,SHSE.600023,,SH,A股-上交所,2021-04-13,3.82,3.82,3.73,3.75,3.82,49312900,185176801.0,-1.8325,0.3626,1,0,none,baostock,query_history_k_data_plus
600023,SHSE.600023,,SH,A股-上交所,2021-04-14,3.74,3.75,3.69,3.74,3.75,37380345,138855910.24,-0.2667,0.2748,1,0,none,baostock,query_history_k_data_plus
600023,SHSE.600023,,SH,A股-上交所,2021-04-15,3.73,3.73,3.68,3.69,3.74,31900271,117912444.0,-1.3369,0.2345,1,0,none,baostock,query_history_k_data_plus
600023,SHSE.600023,,SH,A股-上交所,2021-04-16,3.7,3.72,3.68,3.72,3.69,26441403,98037898.95,0.813,0.1944,1,0,none,baostock,query_history_k_data_plus
600023,SHSE.600023,,SH,A股-上交所,2021-04-19,3.72,3.74,3.69,3.72,3.72,44137420,164019952.57,0.0,0.3245,1,0,none,baostock,query_history_k_data_plus
600023,SHSE.600023,,SH,A股-上交所,2021-04-20,3.71,3.73,3.69,3.7,3.72,23970163,88946923.5,-0.5376,0.1762,1,0,none,baostock,query_history_k_data_plus
600023,SHSE.600023,,SH,A股-上交所,2021-04-21,3.69,3.71,3.67,3.71,3.7,25355034,93541751.68,0.2703,0.1864,1,0,none,baostock,query_history_k_data_plus
600023,SHSE.600023,,SH,A股-上交所,2021-04-22,3.7,3.72,3.68,3.7,3.71,22034453,81607723.73,-0.2695,0.162,1,0,none,baostock,query_history_k_data_plus
600023,SHSE.600023,,SH,A股-上交所,2021-04-23,3.69,3.71,3.67,3.67,3.7,17143205,63105908.06,-0.8108,0.126,1,0,none,baostock,query_history_k_data_plus
600023,SHSE.600023,,SH,A股-上交所,2021-04-26,3.67,3.74,3.66,3.68,3.67,22594380,83363381.07,0.2725,0.1661,1,0,none,baostock,query_history_k_data_plus
600023,SHSE.600023,,SH,A股-上交所,2021-04-27,3.68,3.69,3.63,3.66,3.68,25216721,92140333.98,-0.5435,0.1854,1,0,none,baostock,query_history_k_data_plus
600023,SHSE.600023,,SH,A股-上交所,2021-04-28,3.69,3.72,3.67,3.68,3.66,26925999,99427249.76,0.5464,0.198,1,0,none,baostock,query_history_k_data_plus
600023,SHSE.600023,,SH,A股-上交所,2021-04-29,3.68,3.69,3.61,3.62,3.68,45018677,163882275.68,-1.6304,0.331,1,0,none,baostock,query_history_k_data_plus
600023,SHSE.600023,,SH,A股-上交所,2021-04-30,3.62,3.62,3.56,3.58,3.62,34053541,122205597.92,-1.105,0.2504,1,0,none,baostock,query_history_k_data_plus
600023,SHSE.600023,,SH,A股-上交所,2021-05-06,3.57,3.62,3.56,3.61,3.58,23472732,84550293.03,0.838,0.1726,1,0,none,baostock,query_history_k_data_plus
600023,SHSE.600023,,SH,A股-上交所,2021-05-07,3.61,3.66,3.59,3.65,3.61,26986039,98067507.99,1.108,0.1984,1,0,none,baostock,query_history_k_data_plus
600023,SHSE.600023,,SH,A股-上交所,2021-05-10,3.66,3.68,3.63,3.65,3.65,31907629,116450238.54,0.0,0.2346,1,0,none,baostock,query_history_k_data_plus
600023,SHSE.600023,,SH,A股-上交所,2021-05-11,3.65,3.69,3.64,3.66,3.65,27731334,101604133.71,0.274,0.2039,1,0,none,baostock,query_history_k_data_plus
600023,SHSE.600023,,SH,A股-上交所,2021-05-12,3.65,3.66,3.63,3.65,3.66,22251846,81035693.87,-0.2732,0.1636,1,0,none,baostock,query_history_k_data_plus
600023,SHSE.600023,,SH,A股-上交所,2021-05-13,3.63,3.66,3.62,3.63,3.65,21017382,76466921.66,-0.5479,0.1545,1,0,none,baostock,query_history_k_data_plus
600023,SHSE.600023,,SH,A股-上交所,2021-05-14,3.64,3.65,3.62,3.63,3.63,40069614,145469688.61,0.0,0.2946,1,0,none,baostock,query_history_k_data_plus
600023,SHSE.600023,,SH,A股-上交所,2021-05-17,3.63,3.66,3.62,3.63,3.63,50828317,184689524.16,0.0,0.3737,1,0,none,baostock,query_history_k_data_plus
600023,SHSE.600023,,SH,A股-上交所,2021-05-18,3.63,3.64,3.61,3.63,3.63,27249932,98751552.84,0.0,0.2004,1,0,none,baostock,query_history_k_data_plus
600023,SHSE.600023,,SH,A股-上交所,2021-05-19,3.63,3.63,3.61,3.61,3.63,20628118,74601660.64,-0.551,0.1517,1,0,none,baostock,query_history_k_data_plus
600023,SHSE.600023,,SH,A股-上交所,2021-05-20,3.62,3.62,3.59,3.6,3.61,25446408,91745743.89,-0.277,0.1871,1,0,none,baostock,query_history_k_data_plus
600023,SHSE.600023,,SH,A股-上交所,2021-05-21,3.61,3.64,3.6,3.63,3.6,30519767,110711004.78,0.8333,0.2244,1,0,none,baostock,query_history_k_data_plus
600023,SHSE.600023,,SH,A股-上交所,2021-05-24,3.62,3.67,3.61,3.63,3.63,31264119,113606262.49,0.0,0.2299,1,0,none,baostock,query_history_k_data_plus
600023,SHSE.600023,,SH,A股-上交所,2021-05-25,3.62,3.65,3.6,3.64,3.63,30670997,111191397.52,0.2755,0.2255,1,0,none,baostock,query_history_k_data_plus
600023,SHSE.600023,,SH,A股-上交所,2021-05-26,3.64,3.66,3.63,3.64,3.64,24455685,89136982.4,0.0,0.1798,1,0,none,baostock,query_history_k_data_plus
600023,SHSE.600023,,SH,A股-上交所,2021-05-27,3.64,3.67,3.63,3.64,3.64,26211478,95751061.91,0.0,0.1927,1,0,none,baostock,query_history_k_data_plus
600023,SHSE.600023,,SH,A股-上交所,2021-05-28,3.64,3.69,3.64,3.66,3.64,35543219,130342507.54,0.5495,0.2613,1,0,none,baostock,query_history_k_data_plus
600023,SHSE.600023,,SH,A股-上交所,2021-05-31,3.66,3.67,3.63,3.65,3.66,24087300,87775799.0,-0.2732,0.1771,1,0,none,baostock,query_history_k_data_plus
600023,SHSE.600023,,SH,A股-上交所,2021-06-01,3.64,3.65,3.62,3.63,3.65,18476748,67056244.32,-0.5479,0.1359,1,0,none,baostock,query_history_k_data_plus
600023,SHSE.600023,,SH,A股-上交所,2021-06-02,3.63,3.65,3.62,3.64,3.63,18959010,69010342.46,0.2755,0.1394,1,0,none,baostock,query_history_k_data_plus
600023,SHSE.600023,,SH,A股-上交所,2021-06-03,3.64,3.67,3.63,3.65,3.64,27141575,99032503.41,0.2747,0.1996,1,0,none,baostock,query_history_k_data_plus
600023,SHSE.600023,,SH,A股-上交所,2021-06-04,3.64,3.65,3.63,3.64,3.65,14508339,52801980.78,-0.274,0.1067,1,0,none,baostock,query_history_k_data_plus
600023,SHSE.600023,,SH,A股-上交所,2021-06-07,3.63,3.64,3.63,3.63,3.64,13554853,49259334.39,-0.2747,0.0997,1,0,none,baostock,query_history_k_data_plus
600023,SHSE.600023,,SH,A股-上交所,2021-06-08,3.63,3.64,3.62,3.63,3.63,12014142,43624974.56,0.0,0.0883,1,0,none,baostock,query_history_k_data_plus
600023,SHSE.600023,,SH,A股-上交所,2021-06-09,3.64,3.65,3.62,3.63,3.63,15283252,55585069.76,0.0,0.1124,1,0,none,baostock,query_history_k_data_plus
600023,SHSE.600023,,SH,A股-上交所,2021-06-10,3.63,3.65,3.63,3.64,3.63,14186238,51603076.84,0.2755,0.1043,1,0,none,baostock,query_history_k_data_plus
600023,SHSE.600023,,SH,A股-上交所,2021-06-11,3.66,3.72,3.65,3.66,3.64,62012543,228291847.56,0.5495,0.456,1,0,none,baostock,query_history_k_data_plus
600023,SHSE.600023,,SH,A股-上交所,2021-06-15,3.67,3.68,3.63,3.63,3.66,32539793,118647399.5,-0.8197,0.2393,1,0,none,baostock,query_history_k_data_plus
600023,SHSE.600023,,SH,A股-上交所,2021-06-16,3.63,3.64,3.61,3.62,3.63,23126026,83729079.12,-0.2755,0.17,1,0,none,baostock,query_history_k_data_plus
600023,SHSE.600023,,SH,A股-上交所,2021-06-17,3.61,3.63,3.61,3.61,3.62,15025236,54369046.06,-0.2762,0.1105,1,0,none,baostock,query_history_k_data_plus
600023,SHSE.600023,,SH,A股-上交所,2021-06-18,3.61,3.62,3.59,3.6,3.61,19423449,70004193.4,-0.277,0.1428,1,0,none,baostock,query_history_k_data_plus
600023,SHSE.600023,,SH,A股-上交所,2021-06-21,3.6,3.61,3.59,3.61,3.6,14596423,52537905.25,0.2778,0.1073,1,0,none,baostock,query_history_k_data_plus
600023,SHSE.600023,,SH,A股-上交所,2021-06-22,3.61,3.62,3.6,3.61,3.61,17382878,62747421.47,0.0,0.1278,1,0,none,baostock,query_history_k_data_plus
600023,SHSE.600023,,SH,A股-上交所,2021-06-23,3.6,3.62,3.59,3.61,3.61,15853178,57099624.66,0.0,0.1166,1,0,none,baostock,query_history_k_data_plus
600023,SHSE.600023,,SH,A股-上交所,2021-06-24,3.61,3.63,3.59,3.62,3.61,20706388,74819626.28,0.277,0.1522,1,0,none,baostock,query_history_k_data_plus
600023,SHSE.600023,,SH,A股-上交所,2021-06-25,3.61,3.63,3.6,3.62,3.62,21115430,76326615.6,0.0,0.1553,1,0,none,baostock,query_history_k_data_plus
600023,SHSE.600023,,SH,A股-上交所,2021-06-28,3.65,3.71,3.64,3.67,3.62,52156126,191840129.91,1.3812,0.3835,1,0,none,baostock,query_history_k_data_plus
600023,SHSE.600023,,SH,A股-上交所,2021-06-29,3.65,3.66,3.62,3.63,3.67,29514249,107303380.89,-1.0899,0.217,1,0,none,baostock,query_history_k_data_plus
600023,SHSE.600023,,SH,A股-上交所,2021-06-30,3.64,3.67,3.64,3.67,3.63,24077960,88078335.0,1.1019,0.177,1,0,none,baostock,query_history_k_data_plus
600023,SHSE.600023,,SH,A股-上交所,2021-07-01,3.67,3.68,3.65,3.65,3.67,27758367,101824707.41,-0.545,0.2041,1,0,none,baostock,query_history_k_data_plus
600023,SHSE.600023,,SH,A股-上交所,2021-07-02,3.65,3.67,3.64,3.66,3.65,23222904,84806029.68,0.274,0.1707,1,0,none,baostock,query_history_k_data_plus
600023,SHSE.600023,,SH,A股-上交所,2021-07-05,3.67,3.68,3.65,3.66,3.66,32531890,119109926.35,0.0,0.2392,1,0,none,baostock,query_history_k_data_plus
600023,SHSE.600023,,SH,A股-上交所,2021-07-06,3.44,3.45,3.42,3.43,3.44,35581382,122350977.26,-0.2907,0.2616,1,0,none,baostock,query_history_k_data_plus
600023,SHSE.600023,,SH,A股-上交所,2021-07-07,3.43,3.43,3.38,3.4,3.43,25990008,88349318.3,-0.8746,0.1911,1,0,none,baostock,query_history_k_data_plus
600023,SHSE.600023,,SH,A股-上交所,2021-07-08,3.41,3.42,3.38,3.39,3.4,21022038,71424915.44,-0.2941,0.1546,1,0,none,baostock,query_history_k_data_plus
600023,SHSE.600023,,SH,A股-上交所,2021-07-09,3.39,3.4,3.36,3.38,3.39,20548012,69258401.45,-0.295,0.1511,1,0,none,baostock,query_history_k_data_plus
600023,SHSE.600023,,SH,A股-上交所,2021-07-12,3.39,3.4,3.37,3.38,3.38,20331669,68750039.55,0.0,0.1495,1,0,none,baostock,query_history_k_data_plus
600023,SHSE.600023,,SH,A股-上交所,2021-07-13,3.37,3.38,3.36,3.38,3.38,26227284,88355757.36,0.0,0.1928,1,0,none,baostock,query_history_k_data_plus
600023,SHSE.600023,,SH,A股-上交所,2021-07-14,3.38,3.38,3.35,3.36,3.38,26465728,89035006.08,-0.5917,0.1946,1,0,none,baostock,query_history_k_data_plus
600023,SHSE.600023,,SH,A股-上交所,2021-07-15,3.36,3.36,3.32,3.33,3.36,25065185,83477800.56,-0.8929,0.1843,1,0,none,baostock,query_history_k_data_plus
600023,SHSE.600023,,SH,A股-上交所,2021-07-16,3.33,3.34,3.32,3.32,3.33,19054561,63446256.12,-0.3003,0.1401,1,0,none,baostock,query_history_k_data_plus
600023,SHSE.600023,,SH,A股-上交所,2021-07-19,3.32,3.32,3.27,3.28,3.32,32534988,107055435.76,-1.2048,0.2392,1,0,none,baostock,query_history_k_data_plus
600023,SHSE.600023,,SH,A股-上交所,2021-07-20,3.27,3.28,3.25,3.26,3.28,18893018,61535003.54,-0.6098,0.1389,1,0,none,baostock,query_history_k_data_plus
600023,SHSE.600023,,SH,A股-上交所,2021-07-21,3.26,3.28,3.25,3.27,3.26,15201158,49625500.42,0.3067,0.1118,1,0,none,baostock,query_history_k_data_plus
600023,SHSE.600023,,SH,A股-上交所,2021-07-22,3.27,3.29,3.25,3.28,3.27,21837178,71393669.29,0.3058,0.1606,1,0,none,baostock,query_history_k_data_plus
600023,SHSE.600023,,SH,A股-上交所,2021-07-23,3.28,3.28,3.25,3.26,3.28,19380202,63210798.09,-0.6098,0.1425,1,0,none,baostock,query_history_k_data_plus
600023,SHSE.600023,,SH,A股-上交所,2021-07-26,3.26,3.27,3.24,3.25,3.26,23185736,75358077.38,-0.3067,0.1705,1,0,none,baostock,query_history_k_data_plus
600023,SHSE.600023,,SH,A股-上交所,2021-07-27,3.25,3.27,3.25,3.26,3.25,18839974,61386560.51,0.3077,0.1385,1,0,none,baostock,query_history_k_data_plus
600023,SHSE.600023,,SH,A股-上交所,2021-07-28,3.25,3.26,3.18,3.23,3.26,31064993,99908135.95,-0.9202,0.2284,1,0,none,baostock,query_history_k_data_plus
600023,SHSE.600023,,SH,A股-上交所,2021-07-29,3.23,3.25,3.21,3.23,3.23,15529906,50143662.56,0.0,0.1142,1,0,none,baostock,query_history_k_data_plus
600023,SHSE.600023,,SH,A股-上交所,2021-07-30,3.23,3.28,3.21,3.27,3.23,21114726,68747650.56,1.2384,0.1552,1,0,none,baostock,query_history_k_data_plus
600023,SHSE.600023,,SH,A股-上交所,2021-08-02,3.27,3.31,3.26,3.27,3.27,43266483,141697720.88,0.0,0.3181,1,0,none,baostock,query_history_k_data_plus
600023,SHSE.600023,,SH,A股-上交所,2021-08-03,3.27,3.29,3.25,3.28,3.27,17518598,57294468.25,0.3058,0.1288,1,0,none,baostock,query_history_k_data_plus
600023,SHSE.600023,,SH,A股-上交所,2021-08-04,3.27,3.29,3.26,3.27,3.28,16604004,54436950.43,-0.3049,0.1221,1,0,none,baostock,query_history_k_data_plus
600023,SHSE.600023,,SH,A股-上交所,2021-08-05,3.35,3.43,3.32,3.35,3.27,65893090,222434513.87,2.4465,0.4845,1,0,none,baostock,query_history_k_data_plus
600023,SHSE.600023,,SH,A股-上交所,2021-08-06,3.34,3.39,3.3,3.34,3.35,42961683,143250122.44,-0.2985,0.3159,1,0,none,baostock,query_history_k_data_plus
600023,SHSE.600023,,SH,A股-上交所,2021-08-09,3.34,3.4,3.33,3.35,3.34,57984905,194808682.9,0.2994,0.4263,1,0,none,baostock,query_history_k_data_plus
600023,SHSE.600023,,SH,A股-上交所,2021-08-10,3.35,3.36,3.33,3.34,3.35,21757730,72594123.9,-0.2985,0.16,1,0,none,baostock,query_history_k_data_plus
600023,SHSE.600023,,SH,A股-上交所,2021-08-11,3.33,3.35,3.33,3.33,3.34,24828918,82905341.05,-0.2994,0.1826,1,0,none,baostock,query_history_k_data_plus
600023,SHSE.600023,,SH,A股-上交所,2021-08-12,3.34,3.35,3.31,3.32,3.33,31256023,104006344.49,-0.3003,0.2298,1,0,none,baostock,query_history_k_data_plus
600023,SHSE.600023,,SH,A股-上交所,2021-08-13,3.31,3.33,3.3,3.3,3.32,23115965,76611167.93,-0.6024,0.17,1,0,none,baostock,query_history_k_data_plus
600023,SHSE.600023,,SH,A股-上交所,2021-08-16,3.31,3.36,3.3,3.34,3.3,30683571,102420846.98,1.2121,0.2256,1,0,none,baostock,query_history_k_data_plus
600023,SHSE.600023,,SH,A股-上交所,2021-08-17,3.34,3.36,3.31,3.32,3.34,33750562,112730588.0,-0.5988,0.2482,1,0,none,baostock,query_history_k_data_plus
600023,SHSE.600023,,SH,A股-上交所,2021-08-18,3.31,3.35,3.31,3.34,3.32,26613722,88466948.76,0.6024,0.1957,1,0,none,baostock,query_history_k_data_plus
600023,SHSE.600023,,SH,A股-上交所,2021-08-19,3.33,3.36,3.32,3.36,3.34,34757896,116271819.7,0.5988,0.2556,1,0,none,baostock,query_history_k_data_plus
600023,SHSE.600023,,SH,A股-上交所,2021-08-20,3.35,3.38,3.33,3.35,3.36,31797940,106505601.69,-0.2976,0.2338,1,0,none,baostock,query_history_k_data_plus
600023,SHSE.600023,,SH,A股-上交所,2021-08-23,3.35,3.43,3.34,3.39,3.35,94670190,322192324.05,1.194,0.6961,1,0,none,baostock,query_history_k_data_plus
600023,SHSE.600023,,SH,A股-上交所,2021-08-24,3.4,3.43,3.38,3.39,3.39,61964868,210632821.92,0.0,0.4556,1,0,none,baostock,query_history_k_data_plus
600023,SHSE.600023,,SH,A股-上交所,2021-08-25,3.39,3.45,3.39,3.44,3.39,53547887,183201241.05,1.4749,0.3937,1,0,none,baostock,query_history_k_data_plus
600023,SHSE.600023,,SH,A股-上交所,2021-08-26,3.43,3.5,3.43,3.47,3.44,58439786,203023831.73,0.8721,0.4297,1,0,none,baostock,query_history_k_data_plus
600023,SHSE.600023,,SH,A股-上交所,2021-08-27,3.48,3.52,3.44,3.48,3.47,41057803,142652911.15,0.2882,0.3019,1,0,none,baostock,query_history_k_data_plus
600023,SHSE.600023,,SH,A股-上交所,2021-08-30,3.45,3.45,3.4,3.42,3.48,51054492,174734293.14,-1.7241,0.3754,1,0,none,baostock,query_history_k_data_plus
600023,SHSE.600023,,SH,A股-上交所,2021-08-31,3.42,3.47,3.4,3.46,3.42,34386876,118114408.85,1.1696,0.2528,1,0,none,baostock,query_history_k_data_plus
600023,SHSE.600023,,SH,A股-上交所,2021-09-01,3.49,3.52,3.45,3.49,3.46,49834442,173638120.98,0.8671,0.3664,1,0,none,baostock,query_history_k_data_plus
600023,SHSE.600023,,SH,A股-上交所,2021-09-02,3.49,3.6,3.46,3.6,3.49,81623838,289891090.81,3.1519,0.6001,1,0,none,baostock,query_history_k_data_plus
600023,SHSE.600023,,SH,A股-上交所,2021-09-03,3.61,3.69,3.58,3.66,3.6,134667986,489981536.34,1.6667,0.9902,1,0,none,baostock,query_history_k_data_plus
600023,SHSE.600023,,SH,A股-上交所,2021-09-06,3.71,3.8,3.65,3.66,3.66,133094063,494050404.49,0.0,0.9786,1,0,none,baostock,query_history_k_data_plus
600023,SHSE.600023,,SH,A股-上交所,2021-09-07,3.67,3.73,3.65,3.67,3.66,77769352,285967325.75,0.2732,0.5718,1,0,none,baostock,query_history_k_data_plus
600023,SHSE.600023,,SH,A股-上交所,2021-09-08,3.68,4.04,3.67,4.04,3.67,231634121,907738946.87,10.0817,1.7031,1,0,none,baostock,query_history_k_data_plus
600023,SHSE.600023,,SH,A股-上交所,2021-09-09,4.11,4.31,3.95,4.23,4.04,282568624,1165253520.15,4.703,2.0776,1,0,none,baostock,query_history_k_data_plus
600023,SHSE.600023,,SH,A股-上交所,2021-09-10,4.13,4.31,4.01,4.01,4.23,176442851,729683026.59,-5.2009,1.2973,1,0,none,baostock,query_history_k_data_plus
600023,SHSE.600023,,SH,A股-上交所,2021-09-13,4.01,4.15,3.97,4.1,4.01,103935218,422476813.06,2.2444,0.7642,1,0,none,baostock,query_history_k_data_plus
600023,SHSE.600023,,SH,A股-上交所,2021-09-14,4.1,4.14,3.9,3.91,4.1,107915520,429802784.39,-4.6341,0.7935,1,0,none,baostock,query_history_k_data_plus
600023,SHSE.600023,,SH,A股-上交所,2021-09-15,3.91,3.97,3.89,3.94,3.91,67008424,263064913.01,0.7673,0.4927,1,0,none,baostock,query_history_k_data_plus
600023,SHSE.600023,,SH,A股-上交所,2021-09-16,3.94,3.97,3.82,3.82,3.94,80137251,311699329.42,-3.0457,0.5892,1,0,none,baostock,query_history_k_data_plus
600023,SHSE.600023,,SH,A股-上交所,2021-09-17,3.82,4.0,3.81,3.94,3.82,104148024,408885657.12,3.1414,0.7658,1,0,none,baostock,query_history_k_data_plus
600023,SHSE.600023,,SH,A股-上交所,2021-09-22,3.92,4.32,3.89,4.19,3.94,227990604,943829185.78,6.3452,1.6763,1,0,none,baostock,query_history_k_data_plus
600023,SHSE.600023,,SH,A股-上交所,2021-09-23,4.25,4.35,4.11,4.18,4.19,181007091,763716738.98,-0.2387,1.3309,1,0,none,baostock,query_history_k_data_plus
600023,SHSE.600023,,SH,A股-上交所,2021-09-24,4.14,4.19,4.05,4.08,4.18,107323485,441245492.83,-2.3923,0.7891,1,0,none,baostock,query_history_k_data_plus
600023,SHSE.600023,,SH,A股-上交所,2021-09-27,4.19,4.27,3.88,3.96,4.08,119108378,479926821.97,-2.9412,0.8758,1,0,none,baostock,query_history_k_data_plus
600023,SHSE.600023,,SH,A股-上交所,2021-09-28,3.92,4.22,3.91,4.2,3.96,144405143,594153640.81,6.0606,1.0617,1,0,none,baostock,query_history_k_data_plus
600023,SHSE.600023,,SH,A股-上交所,2021-09-29,4.15,4.21,3.97,3.99,4.2,119069905,484080572.89,-5.0,0.8755,1,0,none,baostock,query_history_k_data_plus
600023,SHSE.600023,,SH,A股-上交所,2021-09-30,4.0,4.17,3.98,4.11,3.99,111657675,456610291.23,3.0075,0.821,1,0,none,baostock,query_history_k_data_plus
600023,SHSE.600023,,SH,A股-上交所,2021-10-08,4.14,4.22,3.93,3.95,4.11,109325739,438594853.34,-3.8929,0.8038,1,0,none,baostock,query_history_k_data_plus
600023,SHSE.600023,,SH,A股-上交所,2021-10-11,4.03,4.07,3.85,3.94,3.95,107226782,423670739.02,-0.2532,0.7884,1,0,none,baostock,query_history_k_data_plus
600023,SHSE.600023,,SH,A股-上交所,2021-10-12,3.89,3.94,3.72,3.8,3.94,98433597,375553671.79,-3.5533,0.7237,1,0,none,baostock,query_history_k_data_plus
600023,SHSE.600023,,SH,A股-上交所,2021-10-13,3.77,3.78,3.61,3.64,3.8,89162617,326269686.03,-4.2105,0.6556,1,0,none,baostock,query_history_k_data_plus
600023,SHSE.600023,,SH,A股-上交所,2021-10-14,3.61,3.67,3.56,3.62,3.64,48235204,174792589.01,-0.5495,0.3547,1,0,none,baostock,query_history_k_data_plus
600023,SHSE.600023,,SH,A股-上交所,2021-10-15,3.61,3.64,3.56,3.56,3.62,54720550,196344936.31,-1.6575,0.4023,1,0,none,baostock,query_history_k_data_plus
600023,SHSE.600023,,SH,A股-上交所,2021-10-18,3.55,3.63,3.53,3.6,3.56,48976787,175810625.74,1.1236,0.3601,1,0,none,baostock,query_history_k_data_plus
600023,SHSE.600023,,SH,A股-上交所,2021-10-19,3.59,3.63,3.56,3.61,3.6,36261494,130520475.54,0.2778,0.2666,1,0,none,baostock,query_history_k_data_plus
600023,SHSE.600023,,SH,A股-上交所,2021-10-20,3.64,3.86,3.62,3.79,3.61,110619266,416435858.48,4.9861,0.8133,1,0,none,baostock,query_history_k_data_plus
600023,SHSE.600023,,SH,A股-上交所,2021-10-21,3.8,3.8,3.69,3.72,3.79,57183521,213063441.96,-1.847,0.4204,1,0,none,baostock,query_history_k_data_plus
600023,SHSE.600023,,SH,A股-上交所,2021-10-22,3.7,3.71,3.6,3.62,3.72,48057367,174943350.09,-2.6882,0.3533,1,0,none,baostock,query_history_k_data_plus
600023,SHSE.600023,,SH,A股-上交所,2021-10-25,3.61,3.68,3.6,3.65,3.62,33984295,123927090.43,0.8287,0.2499,1,0,none,baostock,query_history_k_data_plus
600023,SHSE.600023,,SH,A股-上交所,2021-10-26,3.64,3.69,3.6,3.62,3.65,32256092,117470794.61,-0.8219,0.2372,1,0,none,baostock,query_history_k_data_plus
600023,SHSE.600023,,SH,A股-上交所,2021-10-27,3.62,3.82,3.59,3.76,3.62,110563671,412987952.13,3.8674,0.8129,1,0,none,baostock,query_history_k_data_plus
600023,SHSE.600023,,SH,A股-上交所,2021-10-28,3.77,3.98,3.75,3.82,3.76,123870988,479154249.38,1.5957,0.9108,1,0,none,baostock,query_history_k_data_plus
600023,SHSE.600023,,SH,A股-上交所,2021-10-29,3.77,3.84,3.67,3.78,3.82,77599689,290650150.54,-1.0471,0.5706,1,0,none,baostock,query_history_k_data_plus
600023,SHSE.600023,,SH,A股-上交所,2021-11-01,3.76,3.85,3.72,3.79,3.78,46464142,175249356.76,0.2646,0.3416,1,0,none,baostock,query_history_k_data_plus
600023,SHSE.600023,,SH,A股-上交所,2021-11-02,3.8,3.82,3.72,3.74,3.79,51818315,194341322.4,-1.3193,0.381,1,0,none,baostock,query_history_k_data_plus
600023,SHSE.600023,,SH,A股-上交所,2021-11-03,3.73,3.81,3.72,3.77,3.74,25533345,96081233.06,0.8021,0.1877,1,0,none,baostock,query_history_k_data_plus
600023,SHSE.600023,,SH,A股-上交所,2021-11-04,3.76,3.89,3.75,3.86,3.77,45937201,175405509.95,2.3873,0.3378,1,0,none,baostock,query_history_k_data_plus
600023,SHSE.600023,,SH,A股-上交所,2021-11-05,3.83,3.86,3.74,3.74,3.86,42040000,158979456.0,-3.1088,0.3091,1,0,none,baostock,query_history_k_data_plus
600023,SHSE.600023,,SH,A股-上交所,2021-11-08,3.74,3.76,3.7,3.7,3.74,28646416,106728801.8,-1.0695,0.2106,1,0,none,baostock,query_history_k_data_plus
600023,SHSE.600023,,SH,A股-上交所,2021-11-09,3.72,3.77,3.71,3.73,3.7,20663159,77171587.02,0.8108,0.1519,1,0,none,baostock,query_history_k_data_plus
600023,SHSE.600023,,SH,A股-上交所,2021-11-10,3.69,3.7,3.6,3.64,3.73,37856755,137888287.71,-2.4129,0.2783,1,0,none,baostock,query_history_k_data_plus
600023,SHSE.600023,,SH,A股-上交所,2021-11-11,3.64,3.68,3.61,3.62,3.64,27724358,100721976.64,-0.5495,0.2038,1,0,none,baostock,query_history_k_data_plus
600023,SHSE.600023,,SH,A股-上交所,2021-11-12,3.62,3.68,3.62,3.64,3.62,24487030,89379587.52,0.5525,0.18,1,0,none,baostock,query_history_k_data_plus
600023,SHSE.600023,,SH,A股-上交所,2021-11-15,3.64,3.73,3.62,3.73,3.64,25709756,94707212.96,2.4725,0.189,1,0,none,baostock,query_history_k_data_plus
600023,SHSE.600023,,SH,A股-上交所,2021-11-16,3.73,3.75,3.67,3.68,3.73,19972613,74034210.43,-1.3405,0.1468,1,0,none,baostock,query_history_k_data_plus
600023,SHSE.600023,,SH,A股-上交所,2021-11-17,3.68,3.73,3.67,3.71,3.68,12986969,48086216.22,0.8152,0.0955,1,0,none,baostock,query_history_k_data_plus
600023,SHSE.600023,,SH,A股-上交所,2021-11-18,3.71,3.75,3.69,3.71,3.71,20241567,75233512.41,0.0,0.1488,1,0,none,baostock,query_history_k_data_plus
600023,SHSE.600023,,SH,A股-上交所,2021-11-19,3.71,3.72,3.67,3.7,3.71,19101645,70638698.96,-0.2695,0.1404,1,0,none,baostock,query_history_k_data_plus
600023,SHSE.600023,,SH,A股-上交所,2021-11-22,3.7,3.73,3.68,3.7,3.7,21699198,80367969.66,0.0,0.1595,1,0,none,baostock,query_history_k_data_plus
600023,SHSE.600023,,SH,A股-上交所,2021-11-23,3.7,3.73,3.69,3.72,3.7,18221345,67668549.54,0.5405,0.134,1,0,none,baostock,query_history_k_data_plus
600023,SHSE.600023,,SH,A股-上交所,2021-11-24,3.72,3.76,3.68,3.71,3.72,32738673,121651574.38,-0.2688,0.2407,1,0,none,baostock,query_history_k_data_plus
600023,SHSE.600023,,SH,A股-上交所,2021-11-25,3.71,3.79,3.7,3.72,3.71,34494787,129089622.29,0.2695,0.2536,1,0,none,baostock,query_history_k_data_plus
600023,SHSE.600023,,SH,A股-上交所,2021-11-26,3.7,3.71,3.67,3.68,3.72,25213321,92999644.31,-1.0753,0.1854,1,0,none,baostock,query_history_k_data_plus
600023,SHSE.600023,,SH,A股-上交所,2021-11-29,3.64,3.78,3.63,3.76,3.68,41579713,154693278.28,2.1739,0.3057,1,0,none,baostock,query_history_k_data_plus
600023,SHSE.600023,,SH,A股-上交所,2021-11-30,3.75,3.78,3.69,3.71,3.76,24245602,90536990.42,-1.3298,0.1783,1,0,none,baostock,query_history_k_data_plus
600023,SHSE.600023,,SH,A股-上交所,2021-12-01,3.71,3.77,3.69,3.76,3.71,25230002,94079110.6,1.3477,0.1855,1,0,none,baostock,query_history_k_data_plus
600023,SHSE.600023,,SH,A股-上交所,2021-12-02,3.75,3.77,3.71,3.72,3.76,23084171,86207036.66,-1.0638,0.1697,1,0,none,baostock,query_history_k_data_plus
600023,SHSE.600023,,SH,A股-上交所,2021-12-03,3.72,3.8,3.71,3.8,3.72,49286831,185636914.9,2.1505,0.3624,1,0,none,baostock,query_history_k_data_plus
600023,SHSE.600023,,SH,A股-上交所,2021-12-06,3.8,3.87,3.72,3.74,3.8,47081897,178997002.15,-1.5789,0.3462,1,0,none,baostock,query_history_k_data_plus
600023,SHSE.600023,,SH,A股-上交所,2021-12-07,3.75,3.86,3.74,3.85,3.74,65625139,250052012.51,2.9412,0.4825,1,0,none,baostock,query_history_k_data_plus
600023,SHSE.600023,,SH,A股-上交所,2021-12-08,3.85,3.86,3.8,3.85,3.85,39642035,151866318.41,0.0,0.2915,1,0,none,baostock,query_history_k_data_plus
600023,SHSE.600023,,SH,A股-上交所,2021-12-09,3.84,3.88,3.81,3.85,3.85,50260251,193582889.7,0.0,0.3695,1,0,none,baostock,query_history_k_data_plus
600023,SHSE.600023,,SH,A股-上交所,2021-12-10,3.85,3.93,3.78,3.78,3.85,59465050,228937666.18,-1.8182,0.4372,1,0,none,baostock,query_history_k_data_plus
600023,SHSE.600023,,SH,A股-上交所,2021-12-13,3.8,3.88,3.8,3.87,3.78,65735576,253588212.06,2.381,0.4833,1,0,none,baostock,query_history_k_data_plus
600023,SHSE.600023,,SH,A股-上交所,2021-12-14,3.86,3.91,3.82,3.9,3.87,41960524,162418882.87,0.7752,0.3085,1,0,none,baostock,query_history_k_data_plus
600023,SHSE.600023,,SH,A股-上交所,2021-12-15,3.88,4.06,3.88,4.02,3.9,91788178,366918021.81,3.0769,0.6749,1,0,none,baostock,query_history_k_data_plus
600023,SHSE.600023,,SH,A股-上交所,2021-12-16,4.01,4.11,3.99,4.07,4.02,61396769,249301179.63,1.2438,0.4514,1,0,none,baostock,query_history_k_data_plus
600023,SHSE.600023,,SH,A股-上交所,2021-12-17,4.07,4.12,4.03,4.04,4.07,57715887,235313849.91,-0.7371,0.4244,1,0,none,baostock,query_history_k_data_plus
600023,SHSE.600023,,SH,A股-上交所,2021-12-20,4.03,4.06,3.92,3.95,4.04,55222942,219439548.67,-2.2277,0.406,1,0,none,baostock,query_history_k_data_plus
600023,SHSE.600023,,SH,A股-上交所,2021-12-21,3.95,3.98,3.91,3.97,3.95,30695528,121140545.97,0.5063,0.2257,1,0,none,baostock,query_history_k_data_plus
600023,SHSE.600023,,SH,A股-上交所,2021-12-22,3.98,3.99,3.91,3.94,3.97,30457028,120082600.84,-0.7557,0.2239,1,0,none,baostock,query_history_k_data_plus
600023,SHSE.600023,,SH,A股-上交所,2021-12-23,3.94,4.07,3.91,4.06,3.94,56926842,228902878.88,3.0457,0.4186,1,0,none,baostock,query_history_k_data_plus
600023,SHSE.600023,,SH,A股-上交所,2021-12-24,4.06,4.18,4.03,4.08,4.06,75629567,311423670.99,0.4926,0.5561,1,0,none,baostock,query_history_k_data_plus
600023,SHSE.600023,,SH,A股-上交所,2021-12-27,4.08,4.2,4.06,4.14,4.08,61278080,254049305.09,1.4706,0.4506,1,0,none,baostock,query_history_k_data_plus
600023,SHSE.600023,,SH,A股-上交所,2021-12-28,4.13,4.15,4.03,4.04,4.14,35829855,145243462.18,-2.4155,0.2634,1,0,none,baostock,query_history_k_data_plus
600023,SHSE.600023,,SH,A股-上交所,2021-12-29,4.02,4.03,3.92,3.93,4.04,40151005,158579920.13,-2.7228,0.2952,1,0,none,baostock,query_history_k_data_plus
600023,SHSE.600023,,SH,A股-上交所,2021-12-30,3.94,4.01,3.92,3.97,3.93,27190256,108039769.87,1.0178,0.1999,1,0,none,baostock,query_history_k_data_plus
600023,SHSE.600023,,SH,A股-上交所,2021-12-31,3.97,4.1,3.96,4.04,3.97,41744906,169121794.25,1.7632,0.3069,1,0,none,baostock,query_history_k_data_plus
600023,SHSE.600023,,SH,A股-上交所,2022-01-04,4.05,4.07,3.99,4.0,4.04,38098920,153513587.07,-0.9901,0.2801,1,0,none,baostock,query_history_k_data_plus
600023,SHSE.600023,,SH,A股-上交所,2022-01-05,4.0,4.0,3.91,3.93,4.0,37208607,146428962.32,-1.75,0.2736,1,0,none,baostock,query_history_k_data_plus
600023,SHSE.600023,,SH,A股-上交所,2022-01-06,3.92,3.96,3.9,3.93,3.93,31704848,124670413.69,0.0,0.2331,1,0,none,baostock,query_history_k_data_plus
600023,SHSE.600023,,SH,A股-上交所,2022-01-07,3.93,3.95,3.89,3.9,3.93,23777396,93219512.49,-0.7634,0.1748,1,0,none,baostock,query_history_k_data_plus
600023,SHSE.600023,,SH,A股-上交所,2022-01-10,3.8,3.91,3.7,3.86,3.9,84580762,324131262.15,-1.0256,0.6219,1,0,none,baostock,query_history_k_data_plus
600023,SHSE.600023,,SH,A股-上交所,2022-01-11,3.85,4.02,3.84,3.9,3.86,74371211,292878588.99,1.0363,0.5468,1,0,none,baostock,query_history_k_data_plus
600023,SHSE.600023,,SH,A股-上交所,2022-01-12,3.89,3.93,3.86,3.87,3.9,46098527,179183314.26,-0.7692,0.3389,1,0,none,baostock,query_history_k_data_plus
600023,SHSE.600023,,SH,A股-上交所,2022-01-13,3.88,3.88,3.8,3.8,3.87,29494423,112825846.0,-1.8088,0.2169,1,0,none,baostock,query_history_k_data_plus
600023,SHSE.600023,,SH,A股-上交所,2022-01-14,3.81,3.82,3.73,3.73,3.8,29743455,111587039.54,-1.8421,0.2187,1,0,none,baostock,query_history_k_data_plus
600023,SHSE.600023,,SH,A股-上交所,2022-01-17,3.73,3.76,3.72,3.74,3.73,13850766,51774876.19,0.2681,0.1018,1,0,none,baostock,query_history_k_data_plus
600023,SHSE.600023,,SH,A股-上交所,2022-01-18,3.73,3.82,3.71,3.78,3.74,32965334,124322340.03,1.0695,0.2424,1,0,none,baostock,query_history_k_data_plus
600023,SHSE.600023,,SH,A股-上交所,2022-01-19,3.77,3.79,3.75,3.77,3.78,12655061,47750897.86,-0.2646,0.093,1,0,none,baostock,query_history_k_data_plus
600023,SHSE.600023,,SH,A股-上交所,2022-01-20,3.78,3.84,3.75,3.81,3.77,20580925,78078393.03,1.061,0.1513,1,0,none,baostock,query_history_k_data_plus
600023,SHSE.600023,,SH,A股-上交所,2022-01-21,3.79,3.83,3.74,3.75,3.81,24356062,92136702.93,-1.5748,0.1791,1,0,none,baostock,query_history_k_data_plus
600023,SHSE.600023,,SH,A股-上交所,2022-01-24,3.73,3.74,3.65,3.65,3.75,34125398,125883810.7,-2.6667,0.2509,1,0,none,baostock,query_history_k_data_plus
600023,SHSE.600023,,SH,A股-上交所,2022-01-25,3.65,3.67,3.59,3.6,3.65,23843465,86236332.73,-1.3699,0.1753,1,0,none,baostock,query_history_k_data_plus
600023,SHSE.600023,,SH,A股-上交所,2022-01-26,3.6,3.65,3.59,3.6,3.6,19079448,68983565.6,0.0,0.1403,1,0,none,baostock,query_history_k_data_plus
600023,SHSE.600023,,SH,A股-上交所,2022-01-27,3.6,3.65,3.57,3.6,3.6,18151551,65430840.01,0.0,0.1335,1,0,none,baostock,query_history_k_data_plus
600023,SHSE.600023,,SH,A股-上交所,2022-01-28,3.6,3.64,3.6,3.62,3.6,29031632,105007724.9,0.5556,0.2135,1,0,none,baostock,query_history_k_data_plus
600023,SHSE.600023,,SH,A股-上交所,2022-02-07,3.66,3.7,3.64,3.68,3.62,28282516,103895178.4,1.6575,0.2079,1,0,none,baostock,query_history_k_data_plus
600023,SHSE.600023,,SH,A股-上交所,2022-02-08,3.68,3.73,3.66,3.72,3.68,24131515,89424129.55,1.087,0.1774,1,0,none,baostock,query_history_k_data_plus
600023,SHSE.600023,,SH,A股-上交所,2022-02-09,3.72,3.8,3.7,3.78,3.72,34479589,129895993.9,1.6129,0.2535,1,0,none,baostock,query_history_k_data_plus
600023,SHSE.600023,,SH,A股-上交所,2022-02-10,3.78,3.87,3.77,3.84,3.78,35130744,134944479.17,1.5873,0.2583,1,0,none,baostock,query_history_k_data_plus
600023,SHSE.600023,,SH,A股-上交所,2022-02-11,3.86,3.88,3.82,3.83,3.84,23099967,89042370.8,-0.2604,0.1698,1,0,none,baostock,query_history_k_data_plus
600023,SHSE.600023,,SH,A股-上交所,2022-02-14,3.83,3.83,3.73,3.74,3.83,21456409,80812180.48,-2.3499,0.1578,1,0,none,baostock,query_history_k_data_plus
600023,SHSE.600023,,SH,A股-上交所,2022-02-15,3.74,3.76,3.7,3.71,3.74,15983100,59533721.58,-0.8021,0.1175,1,0,none,baostock,query_history_k_data_plus
600023,SHSE.600023,,SH,A股-上交所,2022-02-16,3.73,3.77,3.72,3.74,3.71,12343067,46267099.5,0.8086,0.0908,1,0,none,baostock,query_history_k_data_plus
600023,SHSE.600023,,SH,A股-上交所,2022-02-17,3.75,3.76,3.71,3.72,3.74,14958134,55844990.0,-0.5348,0.11,1,0,none,baostock,query_history_k_data_plus
600023,SHSE.600023,,SH,A股-上交所,2022-02-18,3.72,3.76,3.7,3.72,3.72,27653032,102707689.04,0.0,0.2033,1,0,none,baostock,query_history_k_data_plus
600023,SHSE.600023,,SH,A股-上交所,2022-02-21,3.71,3.73,3.68,3.72,3.72,15536026,57512004.28,0.0,0.1142,1,0,none,baostock,query_history_k_data_plus
600023,SHSE.600023,,SH,A股-上交所,2022-02-22,3.71,3.73,3.66,3.69,3.72,16852718,62159148.38,-0.8065,0.1239,1,0,none,baostock,query_history_k_data_plus
600023,SHSE.600023,,SH,A股-上交所,2022-02-23,3.68,3.71,3.67,3.69,3.69,11556522,42595841.96,0.0,0.085,1,0,none,baostock,query_history_k_data_plus
600023,SHSE.600023,,SH,A股-上交所,2022-02-24,3.71,3.72,3.62,3.65,3.69,32648538,119819257.78,-1.084,0.2401,1,0,none,baostock,query_history_k_data_plus
600023,SHSE.600023,,SH,A股-上交所,2022-02-25,3.66,3.84,3.65,3.78,3.65,58952841,220992220.56,3.5616,0.4335,1,0,none,baostock,query_history_k_data_plus
600023,SHSE.600023,,SH,A股-上交所,2022-02-28,3.77,3.8,3.69,3.73,3.78,46194077,171966388.0,-1.3228,0.3396,1,0,none,baostock,query_history_k_data_plus
600023,SHSE.600023,,SH,A股-上交所,2022-03-01,3.73,3.74,3.69,3.7,3.73,22852022,84825670.0,-0.8043,0.168,1,0,none,baostock,query_history_k_data_plus
600023,SHSE.600023,,SH,A股-上交所,2022-03-02,3.69,3.72,3.67,3.7,3.7,25771775,95145867.0,0.0,0.1895,1,0,none,baostock,query_history_k_data_plus
600023,SHSE.600023,,SH,A股-上交所,2022-03-03,3.7,3.75,3.7,3.74,3.7,28431780,106057055.0,1.0811,0.209,1,0,none,baostock,query_history_k_data_plus
600023,SHSE.600023,,SH,A股-上交所,2022-03-04,3.74,3.74,3.67,3.69,3.74,34168100,126270137.0,-1.3369,0.2512,1,0,none,baostock,query_history_k_data_plus
600023,SHSE.600023,,SH,A股-上交所,2022-03-07,3.69,3.72,3.65,3.66,3.69,24110751,88747711.0,-0.813,0.1773,1,0,none,baostock,query_history_k_data_plus
600023,SHSE.600023,,SH,A股-上交所,2022-03-08,3.65,3.66,3.55,3.56,3.66,31823725,114389926.0,-2.7322,0.234,1,0,none,baostock,query_history_k_data_plus
600023,SHSE.600023,,SH,A股-上交所,2022-03-09,3.57,3.61,3.43,3.51,3.56,29477378,104087635.0,-1.4045,0.2167,1,0,none,baostock,query_history_k_data_plus
600023,SHSE.600023,,SH,A股-上交所,2022-03-10,3.55,3.6,3.52,3.54,3.51,18240597,64936092.0,0.8547,0.1341,1,0,none,baostock,query_history_k_data_plus
600023,SHSE.600023,,SH,A股-上交所,2022-03-11,3.52,3.55,3.46,3.53,3.54,17872920,62599810.0,-0.2825,0.1314,1,0,none,baostock,query_history_k_data_plus
600023,SHSE.600023,,SH,A股-上交所,2022-03-14,3.51,3.54,3.48,3.48,3.53,11969600,41977851.0,-1.4164,0.088,1,0,none,baostock,query_history_k_data_plus
600023,SHSE.600023,,SH,A股-上交所,2022-03-15,3.46,3.47,3.3,3.31,3.48,34965750,118001820.0,-4.8851,0.2571,1,0,none,baostock,query_history_k_data_plus
600023,SHSE.600023,,SH,A股-上交所,2022-03-16,3.34,3.4,3.28,3.39,3.31,23137525,77216818.0,2.4169,0.1701,1,0,none,baostock,query_history_k_data_plus
600023,SHSE.600023,,SH,A股-上交所,2022-03-17,3.41,3.43,3.35,3.36,3.39,18168138,61732234.0,-0.885,0.1336,1,0,none,baostock,query_history_k_data_plus
600023,SHSE.600023,,SH,A股-上交所,2022-03-18,3.35,3.43,3.34,3.42,3.36,19514891,66435206.14,1.7857,0.1435,1,0,none,baostock,query_history_k_data_plus
600023,SHSE.600023,,SH,A股-上交所,2022-03-21,3.43,3.44,3.38,3.4,3.42,16039757,54624790.2,-0.5848,0.1179,1,0,none,baostock,query_history_k_data_plus
600023,SHSE.600023,,SH,A股-上交所,2022-03-22,3.4,3.46,3.38,3.43,3.4,17269030,58972835.92,0.8824,0.127,1,0,none,baostock,query_history_k_data_plus
600023,SHSE.600023,,SH,A股-上交所,2022-03-23,3.43,3.47,3.43,3.45,3.43,16844234,58132605.96,0.5831,0.1238,1,0,none,baostock,query_history_k_data_plus
600023,SHSE.600023,,SH,A股-上交所,2022-03-24,3.43,3.44,3.39,3.4,3.45,11102896,37876002.44,-1.4493,0.0816,1,0,none,baostock,query_history_k_data_plus
600023,SHSE.600023,,SH,A股-上交所,2022-03-25,3.4,3.4,3.37,3.38,3.4,9915034,33533377.92,-0.5882,0.0729,1,0,none,baostock,query_history_k_data_plus
600023,SHSE.600023,,SH,A股-上交所,2022-03-28,3.37,3.41,3.34,3.39,3.38,13803026,46738677.83,0.2959,0.1015,1,0,none,baostock,query_history_k_data_plus
600023,SHSE.600023,,SH,A股-上交所,2022-03-29,3.4,3.41,3.37,3.38,3.39,10224400,34627383.56,-0.295,0.0752,1,0,none,baostock,query_history_k_data_plus
600023,SHSE.600023,,SH,A股-上交所,2022-03-30,3.39,3.42,3.38,3.4,3.38,11359271,38623722.56,0.5917,0.0835,1,0,none,baostock,query_history_k_data_plus
600023,SHSE.600023,,SH,A股-上交所,2022-03-31,3.39,3.41,3.38,3.39,3.4,13000190,44168236.1,-0.2941,0.0956,1,0,none,baostock,query_history_k_data_plus
600023,SHSE.600023,,SH,A股-上交所,2022-04-01,3.38,3.42,3.37,3.41,3.39,12048669,40982647.05,0.59,0.0886,1,0,none,baostock,query_history_k_data_plus
600023,SHSE.600023,,SH,A股-上交所,2022-04-06,3.41,3.49,3.4,3.48,3.41,27139429,93864969.12,2.0528,0.1995,1,0,none,baostock,query_history_k_data_plus
600023,SHSE.600023,,SH,A股-上交所,2022-04-07,3.48,3.49,3.44,3.44,3.48,16087063,55660176.43,-1.1494,0.1183,1,0,none,baostock,query_history_k_data_plus
600023,SHSE.600023,,SH,A股-上交所,2022-04-08,3.44,3.47,3.43,3.46,3.44,13951053,48142979.87,0.5814,0.1026,1,0,none,baostock,query_history_k_data_plus
600023,SHSE.600023,,SH,A股-上交所,2022-04-11,3.46,3.5,3.44,3.44,3.46,25171040,87331071.24,-0.578,0.1851,1,0,none,baostock,query_history_k_data_plus
600023,SHSE.600023,,SH,A股-上交所,2022-04-12,3.44,3.46,3.37,3.45,3.44,20152700,68780945.0,0.2907,0.1482,1,0,none,baostock,query_history_k_data_plus
600023,SHSE.600023,,SH,A股-上交所,2022-04-13,3.44,3.45,3.41,3.42,3.45,15951289,54697490.01,-0.8696,0.1173,1,0,none,baostock,query_history_k_data_plus
600023,SHSE.600023,,SH,A股-上交所,2022-04-14,3.43,3.44,3.39,3.41,3.42,12368838,42249059.17,-0.2924,0.0909,1,0,none,baostock,query_history_k_data_plus
600023,SHSE.600023,,SH,A股-上交所,2022-04-15,3.41,3.45,3.38,3.43,3.41,17616630,60274409.9,0.5865,0.1295,1,0,none,baostock,query_history_k_data_plus
600023,SHSE.600023,,SH,A股-上交所,2022-04-18,3.41,3.43,3.37,3.42,3.43,14857537,50463972.73,-0.2915,0.1092,1,0,none,baostock,query_history_k_data_plus
600023,SHSE.600023,,SH,A股-上交所,2022-04-19,3.42,3.47,3.41,3.46,3.42,16219100,55900907.8,1.1696,0.1193,1,0,none,baostock,query_history_k_data_plus
600023,SHSE.600023,,SH,A股-上交所,2022-04-20,3.47,3.48,3.41,3.43,3.46,16533175,56970826.25,-0.8671,0.1216,1,0,none,baostock,query_history_k_data_plus
600023,SHSE.600023,,SH,A股-上交所,2022-04-21,3.46,3.46,3.33,3.36,3.43,22212784,75243381.15,-2.0408,0.1633,1,0,none,baostock,query_history_k_data_plus
600023,SHSE.600023,,SH,A股-上交所,2022-04-22,3.34,3.44,3.3,3.42,3.36,25999134,87709518.44,1.7857,0.1912,1,0,none,baostock,query_history_k_data_plus
600023,SHSE.600023,,SH,A股-上交所,2022-04-25,3.38,3.41,3.25,3.25,3.42,27558287,91883164.67,-4.9708,0.2026,1,0,none,baostock,query_history_k_data_plus
600023,SHSE.600023,,SH,A股-上交所,2022-04-26,3.26,3.31,3.19,3.19,3.25,28018941,90828686.09,-1.8462,0.206,1,0,none,baostock,query_history_k_data_plus
600023,SHSE.600023,,SH,A股-上交所,2022-04-27,3.19,3.29,3.17,3.29,3.19,19117922,61909112.65,3.1348,0.1406,1,0,none,baostock,query_history_k_data_plus
600023,SHSE.600023,,SH,A股-上交所,2022-04-28,3.29,3.5,3.26,3.41,3.29,44422725,151344759.04,3.6474,0.3266,1,0,none,baostock,query_history_k_data_plus
600023,SHSE.600023,,SH,A股-上交所,2022-04-29,3.43,3.52,3.41,3.43,3.41,35579205,122715176.79,0.5865,0.2616,1,0,none,baostock,query_history_k_data_plus
600023,SHSE.600023,,SH,A股-上交所,2022-05-05,3.42,3.45,3.4,3.43,3.43,16124281,55217705.6,0.0,0.1186,1,0,none,baostock,query_history_k_data_plus
600023,SHSE.600023,,SH,A股-上交所,2022-05-06,3.37,3.42,3.36,3.41,3.43,15723483,53329863.61,-0.5831,0.1156,1,0,none,baostock,query_history_k_data_plus
600023,SHSE.600023,,SH,A股-上交所,2022-05-09,3.4,3.45,3.39,3.45,3.41,16269637,55920860.08,1.173,0.1196,1,0,none,baostock,query_history_k_data_plus
600023,SHSE.600023,,SH,A股-上交所,2022-05-10,3.43,3.5,3.4,3.49,3.45,23354331,80942868.37,1.1594,0.1717,1,0,none,baostock,query_history_k_data_plus
600023,SHSE.600023,,SH,A股-上交所,2022-05-11,3.48,3.51,3.45,3.46,3.49,21559951,74882594.04,-0.8596,0.1585,1,0,none,baostock,query_history_k_data_plus
600023,SHSE.600023,,SH,A股-上交所,2022-05-12,3.47,3.53,3.43,3.48,3.46,19413795,67662379.42,0.578,0.1427,1,0,none,baostock,query_history_k_data_plus
600023,SHSE.600023,,SH,A股-上交所,2022-05-13,3.49,3.52,3.47,3.51,3.48,16692602,58417145.29,0.8621,0.1227,1,0,none,baostock,query_history_k_data_plus
600023,SHSE.600023,,SH,A股-上交所,2022-05-16,3.5,3.51,3.46,3.49,3.51,15792592,55065078.37,-0.5698,0.1161,1,0,none,baostock,query_history_k_data_plus
600023,SHSE.600023,,SH,A股-上交所,2022-05-17,3.49,3.5,3.42,3.44,3.49,13998955,48297260.65,-1.4327,0.1029,1,0,none,baostock,query_history_k_data_plus
600023,SHSE.600023,,SH,A股-上交所,2022-05-18,3.44,3.47,3.42,3.45,3.44,14158857,48789523.06,0.2907,0.1041,1,0,none,baostock,query_history_k_data_plus
600023,SHSE.600023,,SH,A股-上交所,2022-05-19,3.41,3.42,3.35,3.41,3.45,24369874,82390487.09,-1.1594,0.1792,1,0,none,baostock,query_history_k_data_plus
600023,SHSE.600023,,SH,A股-上交所,2022-05-20,3.41,3.44,3.39,3.42,3.41,18500557,63276206.94,0.2933,0.136,1,0,none,baostock,query_history_k_data_plus
600023,SHSE.600023,,SH,A股-上交所,2022-05-23,3.43,3.43,3.39,3.41,3.42,13755008,46845166.4,-0.2924,0.1011,1,0,none,baostock,query_history_k_data_plus
600023,SHSE.600023,,SH,A股-上交所,2022-05-24,3.41,3.43,3.32,3.33,3.41,17832232,60142152.7,-2.346,0.1311,1,0,none,baostock,query_history_k_data_plus
600023,SHSE.600023,,SH,A股-上交所,2022-05-25,3.33,3.4,3.31,3.4,3.33,16125088,54204147.92,2.1021,0.1186,1,0,none,baostock,query_history_k_data_plus
600023,SHSE.600023,,SH,A股-上交所,2022-05-26,3.39,3.46,3.38,3.42,3.4,18230193,62319098.2,0.5882,0.134,1,0,none,baostock,query_history_k_data_plus
600023,SHSE.600023,,SH,A股-上交所,2022-05-27,3.41,3.43,3.38,3.41,3.42,17871399,60881718.41,-0.2924,0.1314,1,0,none,baostock,query_history_k_data_plus
600023,SHSE.600023,,SH,A股-上交所,2022-05-30,3.43,3.51,3.41,3.5,3.41,37511129,130660907.43,2.6393,0.2758,1,0,none,baostock,query_history_k_data_plus
600023,SHSE.600023,,SH,A股-上交所,2022-05-31,3.51,3.53,3.48,3.5,3.5,18494087,64743594.88,0.0,0.136,1,0,none,baostock,query_history_k_data_plus
600023,SHSE.600023,,SH,A股-上交所,2022-06-01,3.49,3.5,3.42,3.46,3.5,26982522,93124909.46,-1.1429,0.1984,1,0,none,baostock,query_history_k_data_plus
600023,SHSE.600023,,SH,A股-上交所,2022-06-02,3.44,3.47,3.42,3.45,3.46,14223300,49013110.0,-0.289,0.1046,1,0,none,baostock,query_history_k_data_plus
600023,SHSE.600023,,SH,A股-上交所,2022-06-06,3.44,3.45,3.42,3.44,3.45,17610904,60467048.68,-0.2899,0.1295,1,0,none,baostock,query_history_k_data_plus
600023,SHSE.600023,,SH,A股-上交所,2022-06-07,3.44,3.46,3.4,3.42,3.44,20459000,70200875.0,-0.5814,0.1504,1,0,none,baostock,query_history_k_data_plus
600023,SHSE.600023,,SH,A股-上交所,2022-06-08,3.46,3.76,3.46,3.69,3.42,164838701,601744929.0,7.8947,1.212,1,0,none,baostock,query_history_k_data_plus
600023,SHSE.600023,,SH,A股-上交所,2022-06-09,3.63,3.66,3.52,3.52,3.69,100519461,360017010.09,-4.607,0.7391,1,0,none,baostock,query_history_k_data_plus
600023,SHSE.600023,,SH,A股-上交所,2022-06-10,3.5,3.57,3.48,3.53,3.52,51740107,182774322.13,0.2841,0.3804,1,0,none,baostock,query_history_k_data_plus
600023,SHSE.600023,,SH,A股-上交所,2022-06-13,3.52,3.53,3.43,3.46,3.53,46457445,160898802.65,-1.983,0.3416,1,0,none,baostock,query_history_k_data_plus
600023,SHSE.600023,,SH,A股-上交所,2022-06-14,3.44,3.51,3.41,3.51,3.46,41130557,142314796.36,1.4451,0.3024,1,0,none,baostock,query_history_k_data_plus
600023,SHSE.600023,,SH,A股-上交所,2022-06-15,3.5,3.54,3.47,3.49,3.51,35981327,126013932.93,-0.5698,0.2646,1,0,none,baostock,query_history_k_data_plus
600023,SHSE.600023,,SH,A股-上交所,2022-06-16,3.49,3.5,3.44,3.45,3.49,31617540,109583711.38,-1.1461,0.2325,1,0,none,baostock,query_history_k_data_plus
600023,SHSE.600023,,SH,A股-上交所,2022-06-17,3.43,3.47,3.42,3.46,3.45,25640026,88343867.65,0.2899,0.1885,1,0,none,baostock,query_history_k_data_plus
600023,SHSE.600023,,SH,A股-上交所,2022-06-20,3.46,3.55,3.43,3.53,3.46,46798382,164054546.37,2.0231,0.3441,1,0,none,baostock,query_history_k_data_plus
600023,SHSE.600023,,SH,A股-上交所,2022-06-21,3.53,3.58,3.52,3.55,3.53,39958424,141791608.69,0.5666,0.2938,1,0,none,baostock,query_history_k_data_plus
600023,SHSE.600023,,SH,A股-上交所,2022-06-22,3.55,3.56,3.48,3.48,3.55,24022469,84513914.26,-1.9718,0.1766,1,0,none,baostock,query_history_k_data_plus
600023,SHSE.600023,,SH,A股-上交所,2022-06-23,3.48,3.5,3.44,3.5,3.48,17876251,62100286.26,0.5747,0.1314,1,0,none,baostock,query_history_k_data_plus
600023,SHSE.600023,,SH,A股-上交所,2022-06-24,3.5,3.51,3.46,3.51,3.5,23349355,81438562.82,0.2857,0.1717,1,0,none,baostock,query_history_k_data_plus
600023,SHSE.600023,,SH,A股-上交所,2022-06-27,3.51,3.53,3.48,3.5,3.51,22842883,80023910.85,-0.2849,0.168,1,0,none,baostock,query_history_k_data_plus
600023,SHSE.600023,,SH,A股-上交所,2022-06-28,3.51,3.54,3.5,3.52,3.5,23145598,81407736.64,0.5714,0.1702,1,0,none,baostock,query_history_k_data_plus
600023,SHSE.600023,,SH,A股-上交所,2022-06-29,3.52,3.52,3.48,3.48,3.52,22015129,76947111.98,-1.1364,0.1619,1,0,none,baostock,query_history_k_data_plus
600023,SHSE.600023,,SH,A股-上交所,2022-06-30,3.49,3.51,3.47,3.47,3.48,25957222,90366848.78,-0.2874,0.1909,1,0,none,baostock,query_history_k_data_plus
600023,SHSE.600023,,SH,A股-上交所,2022-07-01,3.48,3.53,3.48,3.5,3.47,33613532,117747970.24,0.8646,0.2471,1,0,none,baostock,query_history_k_data_plus
600023,SHSE.600023,,SH,A股-上交所,2022-07-04,3.49,3.69,3.48,3.61,3.5,72416004,261511590.16,3.1429,0.5324,1,0,none,baostock,query_history_k_data_plus
600023,SHSE.600023,,SH,A股-上交所,2022-07-05,3.62,3.7,3.59,3.64,3.61,64352861,234872583.45,0.831,0.4732,1,0,none,baostock,query_history_k_data_plus
600023,SHSE.600023,,SH,A股-上交所,2022-07-06,3.63,3.69,3.59,3.63,3.64,41390904,150284647.53,-0.2747,0.3043,1,0,none,baostock,query_history_k_data_plus
600023,SHSE.600023,,SH,A股-上交所,2022-07-07,3.67,3.77,3.65,3.71,3.63,62221544,231197285.8,2.2039,0.4575,1,0,none,baostock,query_history_k_data_plus
600023,SHSE.600023,,SH,A股-上交所,2022-07-08,3.71,3.8,3.68,3.77,3.71,55503280,208084137.89,1.6173,0.4081,1,0,none,baostock,query_history_k_data_plus
600023,SHSE.600023,,SH,A股-上交所,2022-07-11,3.8,3.94,3.78,3.81,3.77,90046069,346549788.24,1.061,0.6621,1,0,none,baostock,query_history_k_data_plus
600023,SHSE.600023,,SH,A股-上交所,2022-07-12,3.8,3.86,3.74,3.83,3.81,63320088,241586487.18,0.5249,0.4656,1,0,none,baostock,query_history_k_data_plus
600023,SHSE.600023,,SH,A股-上交所,2022-07-13,3.82,3.87,3.78,3.86,3.83,51224812,196194781.04,0.7833,0.3766,1,0,none,baostock,query_history_k_data_plus
600023,SHSE.600023,,SH,A股-上交所,2022-07-14,3.79,3.8,3.67,3.7,3.86,71533055,266404559.85,-4.1451,0.526,1,0,none,baostock,query_history_k_data_plus
600023,SHSE.600023,,SH,A股-上交所,2022-07-15,3.67,3.72,3.61,3.61,3.7,48099351,175589691.15,-2.4324,0.3537,1,0,none,baostock,query_history_k_data_plus
600023,SHSE.600023,,SH,A股-上交所,2022-07-18,3.63,3.76,3.62,3.73,3.61,55222247,205131594.9,3.3241,0.406,1,0,none,baostock,query_history_k_data_plus
600023,SHSE.600023,,SH,A股-上交所,2022-07-19,3.75,3.77,3.64,3.66,3.73,37930412,139441904.47,-1.8767,0.2789,1,0,none,baostock,query_history_k_data_plus
600023,SHSE.600023,,SH,A股-上交所,2022-07-20,3.68,3.68,3.6,3.63,3.66,34818239,126300802.18,-0.8197,0.256,1,0,none,baostock,query_history_k_data_plus
600023,SHSE.600023,,SH,A股-上交所,2022-07-21,3.63,3.63,3.57,3.57,3.63,30630202,109940676.69,-1.6529,0.2252,1,0,none,baostock,query_history_k_data_plus
600023,SHSE.600023,,SH,A股-上交所,2022-07-22,3.57,3.61,3.55,3.58,3.57,23344600,83466610.0,0.2801,0.1716,1,0,none,baostock,query_history_k_data_plus
600023,SHSE.600023,,SH,A股-上交所,2022-07-25,3.58,3.59,3.5,3.51,3.58,28506087,100611510.9,-1.9553,0.2096,1,0,none,baostock,query_history_k_data_plus
600023,SHSE.600023,,SH,A股-上交所,2022-07-26,3.52,3.52,3.47,3.49,3.51,24786938,86415778.06,-0.5698,0.1822,1,0,none,baostock,query_history_k_data_plus
600023,SHSE.600023,,SH,A股-上交所,2022-07-27,3.48,3.53,3.48,3.5,3.49,21296336,74468764.1,0.2865,0.1566,1,0,none,baostock,query_history_k_data_plus
600023,SHSE.600023,,SH,A股-上交所,2022-07-28,3.5,3.52,3.48,3.49,3.5,23535627,82375394.69,-0.2857,0.173,1,0,none,baostock,query_history_k_data_plus
600023,SHSE.600023,,SH,A股-上交所,2022-07-29,3.49,3.53,3.47,3.48,3.49,24435293,85424933.42,-0.2865,0.1797,1,0,none,baostock,query_history_k_data_plus
600023,SHSE.600023,,SH,A股-上交所,2022-08-01,3.47,3.48,3.42,3.45,3.48,33276466,114441614.89,-0.8621,0.2447,1,0,none,baostock,query_history_k_data_plus
600023,SHSE.600023,,SH,A股-上交所,2022-08-02,3.43,3.43,3.33,3.39,3.45,36518937,123282012.8,-1.7391,0.2685,1,0,none,baostock,query_history_k_data_plus
600023,SHSE.600023,,SH,A股-上交所,2022-08-03,3.38,3.42,3.35,3.35,3.39,20424025,69130209.96,-1.1799,0.1502,1,0,none,baostock,query_history_k_data_plus
600023,SHSE.600023,,SH,A股-上交所,2022-08-04,3.36,3.39,3.35,3.38,3.35,14154530,47679155.0,0.8955,0.1041,1,0,none,baostock,query_history_k_data_plus
600023,SHSE.600023,,SH,A股-上交所,2022-08-05,3.38,3.43,3.36,3.42,3.38,16224026,55005885.0,1.1834,0.1193,1,0,none,baostock,query_history_k_data_plus
600023,SHSE.600023,,SH,A股-上交所,2022-08-08,3.42,3.56,3.4,3.51,3.42,44398581,155590784.0,2.6316,0.3264,1,0,none,baostock,query_history_k_data_plus
600023,SHSE.600023,,SH,A股-上交所,2022-08-09,3.52,3.52,3.47,3.48,3.51,13119221,45728760.0,-0.8547,0.0965,1,0,none,baostock,query_history_k_data_plus
600023,SHSE.600023,,SH,A股-上交所,2022-08-10,3.48,3.48,3.44,3.46,3.48,11853400,40999296.0,-0.5747,0.0872,1,0,none,baostock,query_history_k_data_plus
600023,SHSE.600023,,SH,A股-上交所,2022-08-11,3.46,3.51,3.46,3.5,3.46,14918643,52082962.0,1.1561,0.1097,1,0,none,baostock,query_history_k_data_plus
600023,SHSE.600023,,SH,A股-上交所,2022-08-12,3.5,3.55,3.48,3.53,3.5,22130527,78047703.0,0.8571,0.1627,1,0,none,baostock,query_history_k_data_plus
600023,SHSE.600023,,SH,A股-上交所,2022-08-15,3.53,3.59,3.51,3.58,3.53,31895099,113507283.7,1.4164,0.2345,1,0,none,baostock,query_history_k_data_plus
600023,SHSE.600023,,SH,A股-上交所,2022-08-16,3.58,3.63,3.56,3.61,3.58,29293530,105324488.11,0.838,0.2154,1,0,none,baostock,query_history_k_data_plus
600023,SHSE.600023,,SH,A股-上交所,2022-08-17,3.63,3.66,3.61,3.64,3.61,30869723,112218922.04,0.831,0.227,1,0,none,baostock,query_history_k_data_plus
600023,SHSE.600023,,SH,A股-上交所,2022-08-18,3.64,3.66,3.59,3.61,3.64,34310100,124196645.0,-0.8242,0.2523,1,0,none,baostock,query_history_k_data_plus
600023,SHSE.600023,,SH,A股-上交所,2022-08-19,3.6,3.72,3.59,3.68,3.61,59731373,218970630.12,1.9391,0.4392,1,0,none,baostock,query_history_k_data_plus
600023,SHSE.600023,,SH,A股-上交所,2022-08-22,3.69,3.72,3.64,3.67,3.68,38305861,140549757.48,-0.2717,0.2816,1,0,none,baostock,query_history_k_data_plus
600023,SHSE.600023,,SH,A股-上交所,2022-08-23,3.65,3.71,3.62,3.7,3.67,32232051,118322655.87,0.8174,0.237,1,0,none,baostock,query_history_k_data_plus
600023,SHSE.600023,,SH,A股-上交所,2022-08-24,3.69,3.69,3.58,3.59,3.7,28655278,103731314.1,-2.973,0.2107,1,0,none,baostock,query_history_k_data_plus
600023,SHSE.600023,,SH,A股-上交所,2022-08-25,3.61,3.64,3.56,3.62,3.59,23668655,85201656.55,0.8357,0.174,1,0,none,baostock,query_history_k_data_plus
600023,SHSE.600023,,SH,A股-上交所,2022-08-26,3.62,3.72,3.59,3.65,3.62,32032750,117216185.19,0.8287,0.2355,1,0,none,baostock,query_history_k_data_plus
600023,SHSE.600023,,SH,A股-上交所,2022-08-29,3.63,3.63,3.58,3.6,3.65,23659277,85166058.2,-1.3699,0.174,1,0,none,baostock,query_history_k_data_plus
600023,SHSE.600023,,SH,A股-上交所,2022-08-30,3.61,3.64,3.58,3.61,3.6,21608312,77924663.08,0.2778,0.1589,1,0,none,baostock,query_history_k_data_plus
600023,SHSE.600023,,SH,A股-上交所,2022-08-31,3.59,3.6,3.52,3.52,3.61,22266773,79029360.67,-2.4931,0.1637,1,0,none,baostock,query_history_k_data_plus
600023,SHSE.600023,,SH,A股-上交所,2022-09-01,3.53,3.55,3.47,3.49,3.52,21087104,73940815.08,-0.8523,0.1573,1,0,none,baostock,query_history_k_data_plus
600023,SHSE.600023,,SH,A股-上交所,2022-09-02,3.48,3.56,3.48,3.56,3.49,24384173,86266645.35,2.0057,0.1819,1,0,none,baostock,query_history_k_data_plus
600023,SHSE.600023,,SH,A股-上交所,2022-09-05,3.55,3.62,3.54,3.61,3.56,23335612,83739666.03,1.4045,0.174,1,0,none,baostock,query_history_k_data_plus
600023,SHSE.600023,,SH,A股-上交所,2022-09-06,3.61,3.71,3.6,3.69,3.61,34723417,127192667.34,2.2161,0.259,1,0,none,baostock,query_history_k_data_plus
600023,SHSE.600023,,SH,A股-上交所,2022-09-07,3.69,3.85,3.67,3.77,3.69,66098210,247577444.17,2.168,0.4929,1,0,none,baostock,query_history_k_data_plus
600023,SHSE.600023,,SH,A股-上交所,2022-09-08,3.81,3.93,3.78,3.82,3.77,80590653,309933487.8,1.3263,0.601,1,0,none,baostock,query_history_k_data_plus
600023,SHSE.600023,,SH,A股-上交所,2022-09-09,3.8,3.83,3.74,3.77,3.82,43275009,163911963.37,-1.3089,0.3227,1,0,none,baostock,query_history_k_data_plus
600023,SHSE.600023,,SH,A股-上交所,2022-09-13,3.78,3.79,3.67,3.69,3.77,33899057,125641098.14,-2.122,0.2528,1,0,none,baostock,query_history_k_data_plus
600023,SHSE.600023,,SH,A股-上交所,2022-09-14,3.67,3.68,3.55,3.58,3.69,50236984,180921201.35,-2.981,0.3747,1,0,none,baostock,query_history_k_data_plus
600023,SHSE.600023,,SH,A股-上交所,2022-09-15,3.6,3.61,3.51,3.54,3.58,30430300,108034416.24,-1.1173,0.2269,1,0,none,baostock,query_history_k_data_plus
600023,SHSE.600023,,SH,A股-上交所,2022-09-16,3.54,3.55,3.41,3.42,3.54,48568500,168267660.0,-3.3898,0.3622,1,0,none,baostock,query_history_k_data_plus
600023,SHSE.600023,,SH,A股-上交所,2022-09-19,3.32,3.39,3.09,3.2,3.42,120804526,387695134.76,-6.4327,0.9009,1,0,none,baostock,query_history_k_data_plus
600023,SHSE.600023,,SH,A股-上交所,2022-09-20,3.21,3.24,3.18,3.18,3.2,36769326,117866154.05,-0.625,0.2742,1,0,none,baostock,query_history_k_data_plus
600023,SHSE.600023,,SH,A股-上交所,2022-09-21,3.18,3.31,3.16,3.27,3.18,42793011,138833294.96,2.8302,0.3191,1,0,none,baostock,query_history_k_data_plus
600023,SHSE.600023,,SH,A股-上交所,2022-09-22,3.25,3.28,3.23,3.25,3.27,22978319,74768577.77,-0.6116,0.1714,1,0,none,baostock,query_history_k_data_plus
600023,SHSE.600023,,SH,A股-上交所,2022-09-23,3.26,3.35,3.25,3.28,3.25,35942982,118533372.28,0.9231,0.2681,1,0,none,baostock,query_history_k_data_plus
600023,SHSE.600023,,SH,A股-上交所,2022-09-26,3.27,3.27,3.14,3.16,3.28,40031955,127956438.28,-3.6585,0.2986,1,0,none,baostock,query_history_k_data_plus
600023,SHSE.600023,,SH,A股-上交所,2022-09-27,3.16,3.21,3.14,3.2,3.16,25636814,81242300.88,1.2658,0.1912,1,0,none,baostock,query_history_k_data_plus
600023,SHSE.600023,,SH,A股-上交所,2022-09-28,3.19,3.22,3.16,3.18,3.2,20977899,66711113.11,-0.625,0.1564,1,0,none,baostock,query_history_k_data_plus
600023,SHSE.600023,,SH,A股-上交所,2022-09-29,3.19,3.2,3.11,3.15,3.18,23657474,74507259.32,-0.9434,0.1764,1,0,none,baostock,query_history_k_data_plus
600023,SHSE.600023,,SH,A股-上交所,2022-09-30,3.15,3.19,3.14,3.17,3.15,15575659,49314498.0,0.6349,0.1162,1,0,none,baostock,query_history_k_data_plus
600023,SHSE.600023,,SH,A股-上交所,2022-10-10,3.18,3.21,3.15,3.18,3.17,15651475,49843316.86,0.3155,0.1167,1,0,none,baostock,query_history_k_data_plus
600023,SHSE.600023,,SH,A股-上交所,2022-10-11,3.17,3.27,3.16,3.26,3.18,28243636,91044974.05,2.5157,0.2106,1,0,none,baostock,query_history_k_data_plus
600023,SHSE.600023,,SH,A股-上交所,2022-10-12,3.25,3.27,3.18,3.27,3.26,20350589,65675715.07,0.3067,0.1518,1,0,none,baostock,query_history_k_data_plus
600023,SHSE.600023,,SH,A股-上交所,2022-10-13,3.26,3.41,3.25,3.39,3.27,45987811,154134888.14,3.6697,0.343,1,0,none,baostock,query_history_k_data_plus
600023,SHSE.600023,,SH,A股-上交所,2022-10-14,3.4,3.41,3.37,3.38,3.39,24600346,83361642.77,-0.295,0.1835,1,0,none,baostock,query_history_k_data_plus
600023,SHSE.600023,,SH,A股-上交所,2022-10-17,3.38,3.41,3.31,3.4,3.38,19316962,64995004.04,0.5917,0.1441,1,0,none,baostock,query_history_k_data_plus
600023,SHSE.600023,,SH,A股-上交所,2022-10-18,3.4,3.41,3.35,3.36,3.4,15990150,53937516.5,-1.1765,0.1193,1,0,none,baostock,query_history_k_data_plus
600023,SHSE.600023,,SH,A股-上交所,2022-10-19,3.35,3.35,3.28,3.3,3.36,23475041,77632985.48,-1.7857,0.1751,1,0,none,baostock,query_history_k_data_plus
600023,SHSE.600023,,SH,A股-上交所,2022-10-20,3.29,3.39,3.28,3.36,3.3,23998146,79809268.45,1.8182,0.179,1,0,none,baostock,query_history_k_data_plus
600023,SHSE.600023,,SH,A股-上交所,2022-10-21,3.34,3.4,3.34,3.35,3.36,18921781,63695988.69,-0.2976,0.1411,1,0,none,baostock,query_history_k_data_plus
600023,SHSE.600023,,SH,A股-上交所,2022-10-24,3.35,3.43,3.33,3.39,3.35,46491859,157782858.52,1.194,0.3467,1,0,none,baostock,query_history_k_data_plus
600023,SHSE.600023,,SH,A股-上交所,2022-10-25,3.38,3.43,3.35,3.4,3.39,18809702,63637211.3,0.295,0.1403,1,0,none,baostock,query_history_k_data_plus
600023,SHSE.600023,,SH,A股-上交所,2022-10-26,3.4,3.41,3.37,3.39,3.4,15090865,51098766.38,-0.2941,0.1125,1,0,none,baostock,query_history_k_data_plus
600023,SHSE.600023,,SH,A股-上交所,2022-10-27,3.4,3.4,3.32,3.34,3.39,16402386,54882020.24,-1.4749,0.1223,1,0,none,baostock,query_history_k_data_plus
600023,SHSE.600023,,SH,A股-上交所,2022-10-28,3.35,3.37,3.26,3.27,3.34,19387135,64157175.96,-2.0958,0.1446,1,0,none,baostock,query_history_k_data_plus
600023,SHSE.600023,,SH,A股-上交所,2022-10-31,3.27,3.34,3.27,3.34,3.27,17410336,57624556.91,2.1407,0.1298,1,0,none,baostock,query_history_k_data_plus
600023,SHSE.600023,,SH,A股-上交所,2022-11-01,3.34,3.4,3.33,3.39,3.34,13857630,46637520.66,1.497,0.1033,1,0,none,baostock,query_history_k_data_plus
600023,SHSE.600023,,SH,A股-上交所,2022-11-02,3.39,3.39,3.35,3.38,3.39,18295140,61444757.36,-0.295,0.1364,1,0,none,baostock,query_history_k_data_plus
600023,SHSE.600023,,SH,A股-上交所,2022-11-03,3.36,3.37,3.34,3.37,3.38,8766925,29407324.5,-0.2959,0.0654,1,0,none,baostock,query_history_k_data_plus
600023,SHSE.600023,,SH,A股-上交所,2022-11-04,3.37,3.41,3.36,3.4,3.37,17399490,58938622.73,0.8902,0.1298,1,0,none,baostock,query_history_k_data_plus
600023,SHSE.600023,,SH,A股-上交所,2022-11-07,3.39,3.46,3.38,3.44,3.4,21639019,74193275.74,1.1765,0.1614,1,0,none,baostock,query_history_k_data_plus
600023,SHSE.600023,,SH,A股-上交所,2022-11-08,3.44,3.46,3.4,3.45,3.44,17739740,60899270.24,0.2907,0.1323,1,0,none,baostock,query_history_k_data_plus
600023,SHSE.600023,,SH,A股-上交所,2022-11-09,3.43,3.45,3.42,3.43,3.45,10075501,34589170.58,-0.5797,0.0751,1,0,none,baostock,query_history_k_data_plus
600023,SHSE.600023,,SH,A股-上交所,2022-11-10,3.43,3.47,3.39,3.44,3.43,14393200,49488320.0,0.2915,0.1073,1,0,none,baostock,query_history_k_data_plus
600023,SHSE.600023,,SH,A股-上交所,2022-11-11,3.53,3.56,3.45,3.46,3.44,20363770,70929934.04,0.5814,0.1519,1,0,none,baostock,query_history_k_data_plus
600023,SHSE.600023,,SH,A股-上交所,2022-11-14,3.46,3.47,3.4,3.41,3.46,15965764,54950229.24,-1.4451,0.1191,1,0,none,baostock,query_history_k_data_plus
600023,SHSE.600023,,SH,A股-上交所,2022-11-15,3.42,3.44,3.4,3.44,3.41,13290947,45475223.88,0.8798,0.0991,1,0,none,baostock,query_history_k_data_plus
600023,SHSE.600023,,SH,A股-上交所,2022-11-16,3.44,3.5,3.43,3.46,3.44,18294627,63573753.17,0.5814,0.1364,1,0,none,baostock,query_history_k_data_plus
600023,SHSE.600023,,SH,A股-上交所,2022-11-17,3.45,3.47,3.43,3.43,3.46,12301182,42421393.52,-0.8671,0.0917,1,0,none,baostock,query_history_k_data_plus
600023,SHSE.600023,,SH,A股-上交所,2022-11-18,3.45,3.5,3.43,3.47,3.43,23372108,81082785.94,1.1662,0.1743,1,0,none,baostock,query_history_k_data_plus
600023,SHSE.600023,,SH,A股-上交所,2022-11-21,3.48,3.53,3.45,3.52,3.47,25567260,89531684.11,1.4409,0.1907,1,0,none,baostock,query_history_k_data_plus
600023,SHSE.600023,,SH,A股-上交所,2022-11-22,3.52,3.54,3.49,3.51,3.52,13788929,48475588.97,-0.2841,0.1028,1,0,none,baostock,query_history_k_data_plus
600023,SHSE.600023,,SH,A股-上交所,2022-11-23,3.51,3.54,3.5,3.53,3.51,14242142,50157278.84,0.5698,0.1062,1,0,none,baostock,query_history_k_data_plus
600023,SHSE.600023,,SH,A股-上交所,2022-11-24,3.53,3.6,3.52,3.58,3.53,28382511,101191731.69,1.4164,0.2117,1,0,none,baostock,query_history_k_data_plus
600023,SHSE.600023,,SH,A股-上交所,2022-11-25,3.57,3.59,3.54,3.57,3.58,17201500,61377301.0,-0.2793,0.1283,1,0,none,baostock,query_history_k_data_plus
600023,SHSE.600023,,SH,A股-上交所,2022-11-28,3.54,3.59,3.51,3.57,3.57,21566692,76763697.59,0.0,0.1608,1,0,none,baostock,query_history_k_data_plus
600023,SHSE.600023,,SH,A股-上交所,2022-11-29,3.59,3.6,3.55,3.57,3.57,29792351,106157401.56,0.0,0.2222,1,0,none,baostock,query_history_k_data_plus
600023,SHSE.600023,,SH,A股-上交所,2022-11-30,3.56,3.59,3.51,3.53,3.57,35249471,125278448.73,-1.1204,0.2629,1,0,none,baostock,query_history_k_data_plus
600023,SHSE.600023,,SH,A股-上交所,2022-12-01,3.54,3.57,3.51,3.52,3.53,25428017,89882204.84,-0.2833,0.1896,1,0,none,baostock,query_history_k_data_plus
600023,SHSE.600023,,SH,A股-上交所,2022-12-02,3.51,3.53,3.48,3.49,3.52,25392790,88889298.2,-0.8523,0.1894,1,0,none,baostock,query_history_k_data_plus
600023,SHSE.600023,,SH,A股-上交所,2022-12-05,3.5,3.57,3.5,3.57,3.49,30029267,106432296.08,2.2923,0.224,1,0,none,baostock,query_history_k_data_plus
600023,SHSE.600023,,SH,A股-上交所,2022-12-06,3.57,3.57,3.48,3.49,3.57,29009968,101800455.49,-2.2409,0.2164,1,0,none,baostock,query_history_k_data_plus
600023,SHSE.600023,,SH,A股-上交所,2022-12-07,3.48,3.51,3.44,3.49,3.49,30928150,107373852.99,0.0,0.2307,1,0,none,baostock,query_history_k_data_plus
600023,SHSE.600023,,SH,A股-上交所,2022-12-08,3.49,3.49,3.45,3.46,3.49,29775033,103284736.85,-0.8596,0.2221,1,0,none,baostock,query_history_k_data_plus
600023,SHSE.600023,,SH,A股-上交所,2022-12-09,3.47,3.53,3.44,3.53,3.46,48983557,169550440.93,2.0231,0.3653,1,0,none,baostock,query_history_k_data_plus
600023,SHSE.600023,,SH,A股-上交所,2022-12-12,3.5,3.51,3.34,3.36,3.53,74076618,251510603.12,-4.8159,0.5525,1,0,none,baostock,query_history_k_data_plus
600023,SHSE.600023,,SH,A股-上交所,2022-12-13,3.37,3.39,3.35,3.39,3.36,24372937,82264669.99,0.8929,0.1818,1,0,none,baostock,query_history_k_data_plus
600023,SHSE.600023,,SH,A股-上交所,2022-12-14,3.39,3.39,3.35,3.36,3.39,14658076,49380039.68,-0.885,0.1093,1,0,none,baostock,query_history_k_data_plus
600023,SHSE.600023,,SH,A股-上交所,2022-12-15,3.36,3.37,3.34,3.35,3.36,12996800,43582575.0,-0.2976,0.0969,1,0,none,baostock,query_history_k_data_plus
600023,SHSE.600023,,SH,A股-上交所,2022-12-16,3.34,3.4,3.34,3.37,3.35,26857603,90471205.51,0.597,0.2003,1,0,none,baostock,query_history_k_data_plus
600023,SHSE.600023,,SH,A股-上交所,2022-12-19,3.36,3.39,3.29,3.3,3.37,18925694,62983946.08,-2.0772,0.1411,1,0,none,baostock,query_history_k_data_plus
600023,SHSE.600023,,SH,A股-上交所,2022-12-20,3.3,3.33,3.28,3.32,3.3,11564594,38326808.94,0.6061,0.0862,1,0,none,baostock,query_history_k_data_plus
600023,SHSE.600023,,SH,A股-上交所,2022-12-21,3.32,3.36,3.31,3.33,3.32,12800081,42650353.68,0.3012,0.0955,1,0,none,baostock,query_history_k_data_plus
600023,SHSE.600023,,SH,A股-上交所,2022-12-22,3.33,3.35,3.28,3.29,3.33,14383834,47687647.52,-1.2012,0.1073,1,0,none,baostock,query_history_k_data_plus
600023,SHSE.600023,,SH,A股-上交所,2022-12-23,3.28,3.36,3.28,3.31,3.29,14911352,49543734.12,0.6079,0.1112,1,0,none,baostock,query_history_k_data_plus
600023,SHSE.600023,,SH,A股-上交所,2022-12-26,3.31,3.32,3.26,3.3,3.31,26089660,85628297.62,-0.3021,0.1946,1,0,none,baostock,query_history_k_data_plus
600023,SHSE.600023,,SH,A股-上交所,2022-12-27,3.3,3.35,3.29,3.34,3.3,20954764,69807008.9,1.2121,0.1563,1,0,none,baostock,query_history_k_data_plus
600023,SHSE.600023,,SH,A股-上交所,2022-12-28,3.32,3.43,3.31,3.4,3.34,30430438,103222076.99,1.7964,0.2269,1,0,none,baostock,query_history_k_data_plus
600023,SHSE.600023,,SH,A股-上交所,2022-12-29,3.39,3.41,3.37,3.39,3.4,14646293,49683586.25,-0.2941,0.1092,1,0,none,baostock,query_history_k_data_plus
600023,SHSE.600023,,SH,A股-上交所,2022-12-30,3.39,3.52,3.38,3.49,3.39,43864327,151840775.92,2.9499,0.3271,1,0,none,baostock,query_history_k_data_plus
600023,SHSE.600023,,SH,A股-上交所,2023-01-03,3.49,3.57,3.48,3.55,3.49,39556379,139580734.68,1.7192,0.295,1,0,none,baostock,query_history_k_data_plus
600023,SHSE.600023,,SH,A股-上交所,2023-01-04,3.55,3.63,3.52,3.55,3.55,35678434,126981784.74,0.0,0.2661,1,0,none,baostock,query_history_k_data_plus
600023,SHSE.600023,,SH,A股-上交所,2023-01-05,3.56,3.61,3.53,3.58,3.55,29698334,106119448.4,0.8451,0.2215,1,0,none,baostock,query_history_k_data_plus
600023,SHSE.600023,,SH,A股-上交所,2023-01-06,3.58,3.61,3.55,3.58,3.58,23177524,82859830.22,0.0,0.1729,1,0,none,baostock,query_history_k_data_plus
600023,SHSE.600023,,SH,A股-上交所,2023-01-09,3.58,3.63,3.54,3.61,3.58,34825352,125189386.92,0.838,0.2597,1,0,none,baostock,query_history_k_data_plus
600023,SHSE.600023,,SH,A股-上交所,2023-01-10,3.61,3.61,3.53,3.54,3.61,17764243,63260259.82,-1.9391,0.1325,1,0,none,baostock,query_history_k_data_plus
600023,SHSE.600023,,SH,A股-上交所,2023-01-11,3.55,3.56,3.5,3.51,3.54,13809206,48696558.44,-0.8475,0.103,1,0,none,baostock,query_history_k_data_plus
600023,SHSE.600023,,SH,A股-上交所,2023-01-12,3.52,3.53,3.48,3.52,3.51,14177300,49696871.15,0.2849,0.1057,1,0,none,baostock,query_history_k_data_plus
600023,SHSE.600023,,SH,A股-上交所,2023-01-13,3.51,3.53,3.47,3.51,3.52,25854385,90418213.79,-0.2841,0.1928,1,0,none,baostock,query_history_k_data_plus
600023,SHSE.600023,,SH,A股-上交所,2023-01-16,3.51,3.53,3.48,3.51,3.51,18659052,65485568.52,0.0,0.1392,1,0,none,baostock,query_history_k_data_plus
600023,SHSE.600023,,SH,A股-上交所,2023-01-17,3.51,3.52,3.48,3.5,3.51,10316000,36071724.0,-0.2849,0.0769,1,0,none,baostock,query_history_k_data_plus
600023,SHSE.600023,,SH,A股-上交所,2023-01-18,3.5,3.51,3.47,3.49,3.5,16113951,56239792.99,-0.2857,0.1202,1,0,none,baostock,query_history_k_data_plus
600023,SHSE.600023,,SH,A股-上交所,2023-01-19,3.49,3.5,3.47,3.5,3.49,11738295,40919756.76,0.2865,0.0875,1,0,none,baostock,query_history_k_data_plus
600023,SHSE.600023,,SH,A股-上交所,2023-01-20,3.49,3.63,3.49,3.6,3.5,38756140,139100363.34,2.8571,0.289,1,0,none,baostock,query_history_k_data_plus
600023,SHSE.600023,,SH,A股-上交所,2023-01-30,3.57,3.6,3.5,3.57,3.6,60074465,213070317.0,-0.8333,0.448,1,0,none,baostock,query_history_k_data_plus
600023,SHSE.600023,,SH,A股-上交所,2023-01-31,3.55,3.57,3.52,3.54,3.57,44616769,157994013.59,-0.8403,0.3327,1,0,none,baostock,query_history_k_data_plus
600023,SHSE.600023,,SH,A股-上交所,2023-02-01,3.54,3.55,3.51,3.53,3.54,25469088,89739036.88,-0.2825,0.1899,1,0,none,baostock,query_history_k_data_plus
600023,SHSE.600023,,SH,A股-上交所,2023-02-02,3.52,3.62,3.5,3.6,3.53,42834219,152874513.62,1.983,0.3195,1,0,none,baostock,query_history_k_data_plus
600023,SHSE.600023,,SH,A股-上交所,2023-02-03,3.58,3.6,3.55,3.59,3.6,20130814,71957412.49,-0.2778,0.1501,1,0,none,baostock,query_history_k_data_plus
600023,SHSE.600023,,SH,A股-上交所,2023-02-06,3.58,3.6,3.56,3.59,3.59,10591988,38011394.04,0.0,0.079,1,0,none,baostock,query_history_k_data_plus
600023,SHSE.600023,,SH,A股-上交所,2023-02-07,3.6,3.72,3.58,3.71,3.59,49736680,183070469.59,3.3426,0.3709,1,0,none,baostock,query_history_k_data_plus
600023,SHSE.600023,,SH,A股-上交所,2023-02-08,3.7,3.75,3.64,3.67,3.71,37026795,136738638.07,-1.0782,0.2761,1,0,none,baostock,query_history_k_data_plus
600023,SHSE.600023,,SH,A股-上交所,2023-02-09,3.66,3.67,3.62,3.66,3.67,20367001,74314103.26,-0.2725,0.1519,1,0,none,baostock,query_history_k_data_plus
600023,SHSE.600023,,SH,A股-上交所,2023-02-10,3.65,3.75,3.64,3.74,3.66,36949408,136903975.4,2.1858,0.2756,1,0,none,baostock,query_history_k_data_plus
600023,SHSE.600023,,SH,A股-上交所,2023-02-13,3.74,3.83,3.72,3.8,3.74,67024306,254346916.46,1.6043,0.4999,1,0,none,baostock,query_history_k_data_plus
600023,SHSE.600023,,SH,A股-上交所,2023-02-14,3.79,3.83,3.76,3.79,3.8,28074809,106331055.0,-0.2632,0.2094,1,0,none,baostock,query_history_k_data_plus
600023,SHSE.600023,,SH,A股-上交所,2023-02-15,3.8,3.8,3.75,3.77,3.79,18609482,70269985.16,-0.5277,0.1388,1,0,none,baostock,query_history_k_data_plus
600023,SHSE.600023,,SH,A股-上交所,2023-02-16,3.76,3.8,3.67,3.7,3.77,25555306,95632437.99,-1.8568,0.1906,1,0,none,baostock,query_history_k_data_plus
600023,SHSE.600023,,SH,A股-上交所,2023-02-17,3.71,3.73,3.67,3.7,3.7,25301718,93632678.97,0.0,0.1887,1,0,none,baostock,query_history_k_data_plus
600023,SHSE.600023,,SH,A股-上交所,2023-02-20,3.69,3.77,3.67,3.74,3.7,18460778,68957672.9,1.0811,0.1377,1,0,none,baostock,query_history_k_data_plus
600023,SHSE.600023,,SH,A股-上交所,2023-02-21,3.75,3.79,3.73,3.78,3.74,16877243,63600211.4,1.0695,0.1259,1,0,none,baostock,query_history_k_data_plus
600023,SHSE.600023,,SH,A股-上交所,2023-02-22,3.79,3.8,3.72,3.74,3.78,16179223,60754743.11,-1.0582,0.1207,1,0,none,baostock,query_history_k_data_plus
600023,SHSE.600023,,SH,A股-上交所,2023-02-23,3.74,3.75,3.66,3.74,3.74,24396020,90415928.7,0.0,0.1819,1,0,none,baostock,query_history_k_data_plus
600023,SHSE.600023,,SH,A股-上交所,2023-02-24,3.74,3.76,3.7,3.74,3.74,15569575,58110543.88,0.0,0.1161,1,0,none,baostock,query_history_k_data_plus
600023,SHSE.600023,,SH,A股-上交所,2023-02-27,3.74,3.74,3.68,3.72,3.74,20109600,74693856.31,-0.5348,0.15,1,0,none,baostock,query_history_k_data_plus
600023,SHSE.600023,,SH,A股-上交所,2023-02-28,3.72,3.81,3.7,3.77,3.72,19191580,72257591.89,1.3441,0.1431,1,0,none,baostock,query_history_k_data_plus
600023,SHSE.600023,,SH,A股-上交所,2023-03-01,3.79,3.81,3.76,3.78,3.77,16257306,61458573.14,0.2653,0.1212,1,0,none,baostock,query_history_k_data_plus
600023,SHSE.600023,,SH,A股-上交所,2023-03-02,3.78,3.82,3.75,3.81,3.78,22902307,86893038.94,0.7937,0.1708,1,0,none,baostock,query_history_k_data_plus
600023,SHSE.600023,,SH,A股-上交所,2023-03-03,3.81,3.88,3.79,3.87,3.81,37102530,142755614.49,1.5748,0.2767,1,0,none,baostock,query_history_k_data_plus
600023,SHSE.600023,,SH,A股-上交所,2023-03-06,3.88,3.97,3.86,3.95,3.87,37155919,145836052.7,2.0672,0.2771,1,0,none,baostock,query_history_k_data_plus
600023,SHSE.600023,,SH,A股-上交所,2023-03-07,3.95,4.0,3.88,3.89,3.95,41615348,164193266.74,-1.519,0.3104,1,0,none,baostock,query_history_k_data_plus
600023,SHSE.600023,,SH,A股-上交所,2023-03-08,3.89,3.91,3.84,3.87,3.89,24355385,94481260.13,-0.5141,0.1816,1,0,none,baostock,query_history_k_data_plus
600023,SHSE.600023,,SH,A股-上交所,2023-03-09,3.88,3.89,3.82,3.85,3.87,13970752,53686294.68,-0.5168,0.1042,1,0,none,baostock,query_history_k_data_plus
600023,SHSE.600023,,SH,A股-上交所,2023-03-10,3.83,3.84,3.78,3.82,3.85,19904200,76011478.0,-0.7792,0.1484,1,0,none,baostock,query_history_k_data_plus
600023,SHSE.600023,,SH,A股-上交所,2023-03-13,3.81,3.86,3.8,3.82,3.82,14466200,55377322.48,0.0,0.1079,1,0,none,baostock,query_history_k_data_plus
600023,SHSE.600023,,SH,A股-上交所,2023-03-14,3.82,3.86,3.75,3.78,3.82,30663736,116352771.21,-1.0471,0.2287,1,0,none,baostock,query_history_k_data_plus
600023,SHSE.600023,,SH,A股-上交所,2023-03-15,3.8,3.88,3.71,3.86,3.78,33396436,127312230.6,2.1164,0.2491,1,0,none,baostock,query_history_k_data_plus
600023,SHSE.600023,,SH,A股-上交所,2023-03-16,3.86,3.99,3.77,3.92,3.86,66722618,261251788.27,1.5544,0.4976,1,0,none,baostock,query_history_k_data_plus
600023,SHSE.600023,,SH,A股-上交所,2023-03-17,3.93,3.99,3.88,3.93,3.92,47398356,187045096.43,0.2551,0.3535,1,0,none,baostock,query_history_k_data_plus
600023,SHSE.600023,,SH,A股-上交所,2023-03-20,3.93,3.97,3.84,3.84,3.93,26153134,102294764.56,-2.2901,0.195,1,0,none,baostock,query_history_k_data_plus
600023,SHSE.600023,,SH,A股-上交所,2023-03-21,3.85,3.88,3.82,3.84,3.84,19286782,74222021.47,0.0,0.1438,1,0,none,baostock,query_history_k_data_plus
600023,SHSE.600023,,SH,A股-上交所,2023-03-22,3.86,3.86,3.77,3.8,3.84,27488275,104329358.11,-1.0417,0.205,1,0,none,baostock,query_history_k_data_plus
600023,SHSE.600023,,SH,A股-上交所,2023-03-23,3.79,3.81,3.75,3.76,3.8,20490242,77231401.8,-1.0526,0.1528,1,0,none,baostock,query_history_k_data_plus
600023,SHSE.600023,,SH,A股-上交所,2023-03-24,3.78,3.79,3.72,3.73,3.76,17820505,66822544.0,-0.7979,0.1329,1,0,none,baostock,query_history_k_data_plus
600023,SHSE.600023,,SH,A股-上交所,2023-03-27,3.74,3.75,3.63,3.64,3.73,40357361,148093758.43,-2.4129,0.301,1,0,none,baostock,query_history_k_data_plus
600023,SHSE.600023,,SH,A股-上交所,2023-03-28,3.66,3.67,3.6,3.61,3.64,21419356,77714873.08,-0.8242,0.1597,1,0,none,baostock,query_history_k_data_plus
600023,SHSE.600023,,SH,A股-上交所,2023-03-29,3.61,3.64,3.6,3.62,3.61,28449937,103008580.88,0.277,0.2122,1,0,none,baostock,query_history_k_data_plus
600023,SHSE.600023,,SH,A股-上交所,2023-03-30,3.62,3.68,3.6,3.61,3.62,28828531,104572344.22,-0.2762,0.215,1,0,none,baostock,query_history_k_data_plus
600023,SHSE.600023,,SH,A股-上交所,2023-03-31,3.61,3.64,3.58,3.58,3.61,19182401,69137222.6,-0.831,0.1431,1,0,none,baostock,query_history_k_data_plus
600023,SHSE.600023,,SH,A股-上交所,2023-04-03,3.59,3.61,3.56,3.58,3.58,28252368,101213202.13,0.0,0.2107,1,0,none,baostock,query_history_k_data_plus
600023,SHSE.600023,,SH,A股-上交所,2023-04-04,3.6,3.7,3.59,3.62,3.58,81917233,297473898.02,1.1173,0.6109,1,0,none,baostock,query_history_k_data_plus
600023,SHSE.600023,,SH,A股-上交所,2023-04-06,3.61,3.62,3.57,3.6,3.62,23061270,82859827.96,-0.5525,0.172,1,0,none,baostock,query_history_k_data_plus
600023,SHSE.600023,,SH,A股-上交所,2023-04-07,3.59,3.61,3.56,3.57,3.6,27394389,98295729.8,-0.8333,0.2043,1,0,none,baostock,query_history_k_data_plus
600023,SHSE.600023,,SH,A股-上交所,2023-04-10,3.56,3.78,3.56,3.76,3.57,117622453,435973178.47,5.3221,0.8772,1,0,none,baostock,query_history_k_data_plus
600023,SHSE.600023,,SH,A股-上交所,2023-04-11,3.75,3.78,3.69,3.73,3.76,40859704,152110614.28,-0.7979,0.3047,1,0,none,baostock,query_history_k_data_plus
600023,SHSE.600023,,SH,A股-上交所,2023-04-12,3.72,3.76,3.68,3.71,3.73,32531956,120777506.58,-0.5362,0.2426,1,0,none,baostock,query_history_k_data_plus
600023,SHSE.600023,,SH,A股-上交所,2023-04-13,3.7,3.89,3.7,3.86,3.71,54685982,209941416.86,4.0431,0.4078,1,0,none,baostock,query_history_k_data_plus
600023,SHSE.600023,,SH,A股-上交所,2023-04-14,3.94,4.25,3.94,4.25,3.86,176107127,731342110.63,10.1036,1.3134,1,0,none,baostock,query_history_k_data_plus
600023,SHSE.600023,,SH,A股-上交所,2023-04-17,4.3,4.35,4.2,4.26,4.25,154782863,662554236.02,0.2353,1.1543,1,0,none,baostock,query_history_k_data_plus
600023,SHSE.600023,,SH,A股-上交所,2023-04-18,4.25,4.3,4.14,4.17,4.26,83132908,348590465.84,-2.1127,0.62,1,0,none,baostock,query_history_k_data_plus
600023,SHSE.600023,,SH,A股-上交所,2023-04-19,4.17,4.25,4.15,4.2,4.17,55469333,233470070.09,0.7194,0.4137,1,0,none,baostock,query_history_k_data_plus
600023,SHSE.600023,,SH,A股-上交所,2023-04-20,4.22,4.37,4.17,4.34,4.2,74371267,317432068.52,3.3333,0.5546,1,0,none,baostock,query_history_k_data_plus
600023,SHSE.600023,,SH,A股-上交所,2023-04-21,4.33,4.39,4.23,4.24,4.34,52601221,225981773.0,-2.3041,0.3923,1,0,none,baostock,query_history_k_data_plus
600023,SHSE.600023,,SH,A股-上交所,2023-04-24,4.26,4.36,4.22,4.3,4.24,51341112,220440482.63,1.4151,0.3829,1,0,none,baostock,query_history_k_data_plus
600023,SHSE.600023,,SH,A股-上交所,2023-04-25,4.3,4.46,4.23,4.3,4.3,62671367,271688851.6,0.0,0.4674,1,0,none,baostock,query_history_k_data_plus
600023,SHSE.600023,,SH,A股-上交所,2023-04-26,4.34,4.58,4.32,4.49,4.3,110551578,494015448.56,4.4186,0.8245,1,0,none,baostock,query_history_k_data_plus
600023,SHSE.600023,,SH,A股-上交所,2023-04-27,4.45,4.5,4.34,4.49,4.49,80296060,356256332.58,0.0,0.5988,1,0,none,baostock,query_history_k_data_plus
600023,SHSE.600023,,SH,A股-上交所,2023-04-28,4.4,4.53,4.38,4.49,4.49,86567260,386037806.81,0.0,0.6456,1,0,none,baostock,query_history_k_data_plus
600023,SHSE.600023,,SH,A股-上交所,2023-05-04,4.49,4.75,4.47,4.68,4.49,110846503,517654136.99,4.2316,0.8267,1,0,none,baostock,query_history_k_data_plus
600023,SHSE.600023,,SH,A股-上交所,2023-05-05,4.73,4.84,4.65,4.78,4.68,90713809,432093915.57,2.1368,0.6765,1,0,none,baostock,query_history_k_data_plus
600023,SHSE.600023,,SH,A股-上交所,2023-05-08,4.76,4.95,4.66,4.73,4.78,117240717,561395082.0,-1.046,0.8744,1,0,none,baostock,query_history_k_data_plus
600023,SHSE.600023,,SH,A股-上交所,2023-05-09,4.75,4.89,4.67,4.7,4.73,100930905,482891843.69,-0.6342,0.7527,1,0,none,baostock,query_history_k_data_plus
600023,SHSE.600023,,SH,A股-上交所,2023-05-10,4.7,4.71,4.56,4.6,4.7,75953073,350997385.27,-2.1277,0.5664,1,0,none,baostock,query_history_k_data_plus
600023,SHSE.600023,,SH,A股-上交所,2023-05-11,4.61,4.77,4.59,4.69,4.6,56782829,266196210.98,1.9565,0.4235,1,0,none,baostock,query_history_k_data_plus
600023,SHSE.600023,,SH,A股-上交所,2023-05-12,4.7,5.07,4.68,4.82,4.69,104997328,514199445.36,2.7719,0.7831,1,0,none,baostock,query_history_k_data_plus
600023,SHSE.600023,,SH,A股-上交所,2023-05-15,4.9,5.02,4.67,4.76,4.82,160936410,773889286.2,-1.2448,1.2002,1,0,none,baostock,query_history_k_data_plus
600023,SHSE.600023,,SH,A股-上交所,2023-05-16,4.75,4.85,4.69,4.78,4.76,72131118,344720198.45,0.4202,0.5379,1,0,none,baostock,query_history_k_data_plus
600023,SHSE.600023,,SH,A股-上交所,2023-05-17,4.73,4.83,4.66,4.8,4.78,51000477,242583150.98,0.4184,0.3804,1,0,none,baostock,query_history_k_data_plus
600023,SHSE.600023,,SH,A股-上交所,2023-05-18,4.79,4.91,4.76,4.83,4.8,51960611,250830495.52,0.625,0.3875,1,0,none,baostock,query_history_k_data_plus
600023,SHSE.600023,,SH,A股-上交所,2023-05-19,4.84,4.86,4.72,4.77,4.83,35992323,172340946.02,-1.2422,0.2684,1,0,none,baostock,query_history_k_data_plus
600023,SHSE.600023,,SH,A股-上交所,2023-05-22,4.76,5.08,4.76,4.86,4.77,93765694,463664993.15,1.8868,0.6993,1,0,none,baostock,query_history_k_data_plus
600023,SHSE.600023,,SH,A股-上交所,2023-05-23,4.86,4.89,4.71,4.73,4.86,52056886,248710469.7,-2.6749,0.3882,1,0,none,baostock,query_history_k_data_plus
600023,SHSE.600023,,SH,A股-上交所,2023-05-24,4.71,4.81,4.7,4.72,4.73,38814143,184596862.08,-0.2114,0.2895,1,0,none,baostock,query_history_k_data_plus
600023,SHSE.600023,,SH,A股-上交所,2023-05-25,4.71,4.85,4.67,4.75,4.72,39638398,187824434.39,0.6356,0.2956,1,0,none,baostock,query_history_k_data_plus
600023,SHSE.600023,,SH,A股-上交所,2023-05-26,4.8,5.05,4.8,4.98,4.75,94026710,468779542.47,4.8421,0.7012,1,0,none,baostock,query_history_k_data_plus
600023,SHSE.600023,,SH,A股-上交所,2023-05-29,4.98,5.23,4.98,5.18,4.98,112934923,582727105.76,4.0161,0.8422,1,0,none,baostock,query_history_k_data_plus
600023,SHSE.600023,,SH,A股-上交所,2023-05-30,5.14,5.15,5.0,5.11,5.18,73701942,374360354.44,-1.3514,0.5497,1,0,none,baostock,query_history_k_data_plus
600023,SHSE.600023,,SH,A股-上交所,2023-05-31,5.08,5.2,5.06,5.2,5.11,116831234,601614589.74,1.7613,0.8713,1,0,none,baostock,query_history_k_data_plus
600023,SHSE.600023,,SH,A股-上交所,2023-06-01,5.15,5.18,4.85,4.93,5.2,156651342,776155277.2,-5.1923,1.1683,1,0,none,baostock,query_history_k_data_plus
600023,SHSE.600023,,SH,A股-上交所,2023-06-02,4.92,5.02,4.86,4.94,4.93,65107783,321418382.65,0.2028,0.4856,1,0,none,baostock,query_history_k_data_plus
600023,SHSE.600023,,SH,A股-上交所,2023-06-05,5.0,5.27,4.96,5.18,4.94,97986758,503576897.38,4.8583,0.7308,1,0,none,baostock,query_history_k_data_plus
600023,SHSE.600023,,SH,A股-上交所,2023-06-06,5.2,5.23,4.9,4.94,5.18,81889858,410721203.85,-4.6332,0.6107,1,0,none,baostock,query_history_k_data_plus
600023,SHSE.600023,,SH,A股-上交所,2023-06-07,4.96,5.04,4.88,4.97,4.94,39037550,192784995.12,0.6073,0.2911,1,0,none,baostock,query_history_k_data_plus
600023,SHSE.600023,,SH,A股-上交所,2023-06-08,4.94,5.06,4.93,5.04,4.97,36446700,182410134.71,1.4085,0.2718,1,0,none,baostock,query_history_k_data_plus
600023,SHSE.600023,,SH,A股-上交所,2023-06-09,5.05,5.23,5.0,5.18,5.04,57532543,295778794.73,2.7778,0.4291,1,0,none,baostock,query_history_k_data_plus
600023,SHSE.600023,,SH,A股-上交所,2023-06-12,5.17,5.23,4.97,5.0,5.18,61485569,312335987.55,-3.4749,0.4585,1,0,none,baostock,query_history_k_data_plus
600023,SHSE.600023,,SH,A股-上交所,2023-06-13,5.01,5.05,4.95,5.0,5.0,27361798,136346399.3,0.0,0.2041,1,0,none,baostock,query_history_k_data_plus
600023,SHSE.600023,,SH,A股-上交所,2023-06-14,5.0,5.01,4.65,4.74,5.0,130179141,622080234.35,-5.2,0.9709,1,0,none,baostock,query_history_k_data_plus
600023,SHSE.600023,,SH,A股-上交所,2023-06-15,4.75,4.87,4.68,4.86,4.74,69092398,329689336.89,2.5316,0.5153,1,0,none,baostock,query_history_k_data_plus
600023,SHSE.600023,,SH,A股-上交所,2023-06-16,4.84,4.84,4.69,4.74,4.86,53846793,255269371.4,-2.4691,0.4016,1,0,none,baostock,query_history_k_data_plus
600023,SHSE.600023,,SH,A股-上交所,2023-06-19,4.75,4.82,4.68,4.77,4.74,48397401,230181517.51,0.6329,0.3609,1,0,none,baostock,query_history_k_data_plus
600023,SHSE.600023,,SH,A股-上交所,2023-06-20,4.77,4.84,4.71,4.76,4.77,36996162,176545555.02,-0.2096,0.2759,1,0,none,baostock,query_history_k_data_plus
600023,SHSE.600023,,SH,A股-上交所,2023-06-21,4.77,5.08,4.74,4.95,4.76,80190885,397893731.1,3.9916,0.598,1,0,none,baostock,query_history_k_data_plus
600023,SHSE.600023,,SH,A股-上交所,2023-06-26,5.0,5.32,4.96,5.17,4.95,127773926,660992644.96,4.4444,0.9529,1,0,none,baostock,query_history_k_data_plus
600023,SHSE.600023,,SH,A股-上交所,2023-06-27,5.12,5.19,4.92,5.12,5.17,98062386,495969030.25,-0.9671,0.7313,1,0,none,baostock,query_history_k_data_plus
600023,SHSE.600023,,SH,A股-上交所,2023-06-28,5.1,5.24,5.07,5.2,5.12,71686466,370616630.28,1.5625,0.5346,1,0,none,baostock,query_history_k_data_plus
600023,SHSE.600023,,SH,A股-上交所,2023-06-29,5.23,5.23,5.11,5.15,5.2,52164990,268701732.82,-0.9615,0.389,1,0,none,baostock,query_history_k_data_plus
600023,SHSE.600023,,SH,A股-上交所,2023-06-30,5.14,5.19,5.05,5.07,5.15,40686586,206580669.05,-1.5534,0.3034,1,0,none,baostock,query_history_k_data_plus
600023,SHSE.600023,,SH,A股-上交所,2023-07-03,5.1,5.21,5.04,5.14,5.07,57772991,296168215.77,1.3807,0.4309,1,0,none,baostock,query_history_k_data_plus
600023,SHSE.600023,,SH,A股-上交所,2023-07-04,5.18,5.19,5.06,5.08,5.14,37170744,189383556.96,-1.1673,0.2772,1,0,none,baostock,query_history_k_data_plus
600023,SHSE.600023,,SH,A股-上交所,2023-07-05,5.08,5.14,5.04,5.07,5.08,32770811,166271309.81,-0.1969,0.2444,1,0,none,baostock,query_history_k_data_plus
600023,SHSE.600023,,SH,A股-上交所,2023-07-06,5.04,5.13,5.04,5.09,5.07,26273523,133581260.15,0.3945,0.1959,1,0,none,baostock,query_history_k_data_plus
600023,SHSE.600023,,SH,A股-上交所,2023-07-07,5.06,5.15,5.04,5.14,5.09,33681999,172246885.71,0.9823,0.2512,1,0,none,baostock,query_history_k_data_plus
600023,SHSE.600023,,SH,A股-上交所,2023-07-10,5.22,5.31,5.14,5.24,5.14,68499825,357109668.65,1.9455,0.5109,1,0,none,baostock,query_history_k_data_plus
600023,SHSE.600023,,SH,A股-上交所,2023-07-11,5.2,5.23,5.04,5.09,5.24,47460132,241821545.69,-2.8626,0.3539,1,0,none,baostock,query_history_k_data_plus
600023,SHSE.600023,,SH,A股-上交所,2023-07-12,5.1,5.11,5.02,5.04,5.09,37274900,188550782.87,-0.9823,0.278,1,0,none,baostock,query_history_k_data_plus
600023,SHSE.600023,,SH,A股-上交所,2023-07-13,5.05,5.11,5.03,5.09,5.04,34463810,174644793.86,0.9921,0.257,1,0,none,baostock,query_history_k_data_plus
600023,SHSE.600023,,SH,A股-上交所,2023-07-14,5.07,5.1,4.94,4.98,5.09,64763202,323424125.86,-2.1611,0.483,1,0,none,baostock,query_history_k_data_plus
600023,SHSE.600023,,SH,A股-上交所,2023-07-17,5.04,5.11,4.96,4.97,4.98,46275756,232298708.06,-0.2008,0.3451,1,0,none,baostock,query_history_k_data_plus
600023,SHSE.600023,,SH,A股-上交所,2023-07-18,4.98,4.99,4.9,4.93,4.97,37973319,187747071.95,-0.8048,0.2832,1,0,none,baostock,query_history_k_data_plus
600023,SHSE.600023,,SH,A股-上交所,2023-07-19,4.94,4.95,4.84,4.91,4.93,45876121,224710914.75,-0.4057,0.3421,1,0,none,baostock,query_history_k_data_plus
600023,SHSE.600023,,SH,A股-上交所,2023-07-20,4.9,4.91,4.78,4.79,4.91,25679122,124097421.36,-2.444,0.1915,1,0,none,baostock,query_history_k_data_plus
600023,SHSE.600023,,SH,A股-上交所,2023-07-21,4.79,4.92,4.77,4.92,4.79,31707776,154048564.16,2.714,0.2365,1,0,none,baostock,query_history_k_data_plus
600023,SHSE.600023,,SH,A股-上交所,2023-07-24,4.9,5.07,4.8,5.04,4.92,46272078,230544665.6,2.439,0.3451,1,0,none,baostock,query_history_k_data_plus
600023,SHSE.600023,,SH,A股-上交所,2023-07-25,5.04,5.06,4.73,4.78,5.04,100853645,483977382.23,-5.1587,0.7521,1,0,none,baostock,query_history_k_data_plus
600023,SHSE.600023,,SH,A股-上交所,2023-07-26,4.75,4.78,4.69,4.74,4.78,46454140,219359014.46,-0.8368,0.3464,1,0,none,baostock,query_history_k_data_plus
600023,SHSE.600023,,SH,A股-上交所,2023-07-27,4.74,4.89,4.7,4.78,4.74,55463217,266805855.84,0.8439,0.4136,1,0,none,baostock,query_history_k_data_plus
600023,SHSE.600023,,SH,A股-上交所,2023-07-28,4.79,4.83,4.72,4.78,4.78,35662113,169988151.11,0.0,0.266,1,0,none,baostock,query_history_k_data_plus
600023,SHSE.600023,,SH,A股-上交所,2023-07-31,4.8,4.85,4.73,4.82,4.78,42294981,202430158.03,0.8368,0.3154,1,0,none,baostock,query_history_k_data_plus
600023,SHSE.600023,,SH,A股-上交所,2023-08-01,4.81,5.07,4.8,5.05,4.82,82813949,413300613.97,4.7718,0.6176,1,0,none,baostock,query_history_k_data_plus
600023,SHSE.600023,,SH,A股-上交所,2023-08-02,5.02,5.04,4.85,4.93,5.05,49624553,244672240.91,-2.3762,0.3701,1,0,none,baostock,query_history_k_data_plus
600023,SHSE.600023,,SH,A股-上交所,2023-08-03,4.91,4.94,4.85,4.92,4.93,29132960,142796857.46,-0.2028,0.2173,1,0,none,baostock,query_history_k_data_plus
600023,SHSE.600023,,SH,A股-上交所,2023-08-04,4.89,4.94,4.79,4.81,4.92,49803323,241216666.0,-2.2358,0.3714,1,0,none,baostock,query_history_k_data_plus
600023,SHSE.600023,,SH,A股-上交所,2023-08-07,4.8,4.83,4.76,4.82,4.81,28607847,137188237.78,0.2079,0.2134,1,0,none,baostock,query_history_k_data_plus
600023,SHSE.600023,,SH,A股-上交所,2023-08-08,4.78,4.89,4.78,4.81,4.82,23717781,114590330.75,-0.2075,0.1769,1,0,none,baostock,query_history_k_data_plus
600023,SHSE.600023,,SH,A股-上交所,2023-08-09,4.81,4.81,4.68,4.7,4.81,36261152,170924865.4,-2.2869,0.2704,1,0,none,baostock,query_history_k_data_plus
600023,SHSE.600023,,SH,A股-上交所,2023-08-10,4.7,4.74,4.67,4.69,4.7,20433953,96099763.81,-0.2128,0.1524,1,0,none,baostock,query_history_k_data_plus
600023,SHSE.600023,,SH,A股-上交所,2023-08-11,4.69,4.73,4.61,4.63,4.69,34674201,161100826.81,-1.2793,0.2586,1,0,none,baostock,query_history_k_data_plus
600023,SHSE.600023,,SH,A股-上交所,2023-08-14,4.61,4.78,4.55,4.75,4.63,47652404,223137736.04,2.5918,0.3554,1,0,none,baostock,query_history_k_data_plus
600023,SHSE.600023,,SH,A股-上交所,2023-08-15,4.75,4.89,4.73,4.84,4.75,56196834,272076809.96,1.8947,0.4191,1,0,none,baostock,query_history_k_data_plus
600023,SHSE.600023,,SH,A股-上交所,2023-08-16,4.83,4.83,4.71,4.78,4.84,28488400,135981726.19,-1.2397,0.2125,1,0,none,baostock,query_history_k_data_plus
600023,SHSE.600023,,SH,A股-上交所,2023-08-17,4.78,4.79,4.64,4.7,4.78,29896649,140277673.73,-1.6736,0.223,1,0,none,baostock,query_history_k_data_plus
600023,SHSE.600023,,SH,A股-上交所,2023-08-18,4.7,4.79,4.68,4.71,4.7,26798627,126973593.07,0.2128,0.1999,1,0,none,baostock,query_history_k_data_plus
600023,SHSE.600023,,SH,A股-上交所,2023-08-21,4.67,4.72,4.63,4.63,4.71,23805676,111168315.2,-1.6985,0.1775,1,0,none,baostock,query_history_k_data_plus
600023,SHSE.600023,,SH,A股-上交所,2023-08-22,4.66,4.67,4.55,4.62,4.63,30672915,141139652.56,-0.216,0.2288,1,0,none,baostock,query_history_k_data_plus
600023,SHSE.600023,,SH,A股-上交所,2023-08-23,4.63,4.64,4.53,4.54,4.62,26270588,120082222.12,-1.7316,0.1959,1,0,none,baostock,query_history_k_data_plus
600023,SHSE.600023,,SH,A股-上交所,2023-08-24,4.54,4.59,4.45,4.47,4.54,33982909,152800007.05,-1.5419,0.2534,1,0,none,baostock,query_history_k_data_plus
600023,SHSE.600023,,SH,A股-上交所,2023-08-25,4.45,4.66,4.44,4.56,4.47,38882122,177850452.86,2.0134,0.29,1,0,none,baostock,query_history_k_data_plus
600023,SHSE.600023,,SH,A股-上交所,2023-08-28,4.77,4.78,4.42,4.45,4.56,66775900,301848855.36,-2.4123,0.498,1,0,none,baostock,query_history_k_data_plus
600023,SHSE.600023,,SH,A股-上交所,2023-08-29,4.45,4.49,4.43,4.46,4.45,36897178,164430145.43,0.2247,0.2752,1,0,none,baostock,query_history_k_data_plus
600023,SHSE.600023,,SH,A股-上交所,2023-08-30,4.48,4.57,4.37,4.4,4.46,58322680,259323115.72,-1.3453,0.435,1,0,none,baostock,query_history_k_data_plus
600023,SHSE.600023,,SH,A股-上交所,2023-08-31,4.39,4.45,4.38,4.41,4.4,40833947,180221265.98,0.2273,0.3045,1,0,none,baostock,query_history_k_data_plus
600023,SHSE.600023,,SH,A股-上交所,2023-09-01,4.4,4.44,4.34,4.38,4.41,36607124,160409152.88,-0.6803,0.273,1,0,none,baostock,query_history_k_data_plus
600023,SHSE.600023,,SH,A股-上交所,2023-09-04,4.37,4.4,4.28,4.39,4.38,53951618,234798704.14,0.2283,0.4024,1,0,none,baostock,query_history_k_data_plus
600023,SHSE.600023,,SH,A股-上交所,2023-09-05,4.36,4.46,4.34,4.41,4.39,47291559,208169363.04,0.4556,0.3527,1,0,none,baostock,query_history_k_data_plus
600023,SHSE.600023,,SH,A股-上交所,2023-09-06,4.41,4.43,4.34,4.36,4.41,33653181,147242451.21,-1.1338,0.251,1,0,none,baostock,query_history_k_data_plus
600023,SHSE.600023,,SH,A股-上交所,2023-09-07,4.36,4.38,4.29,4.29,4.36,43216777,186991723.62,-1.6055,0.3223,1,0,none,baostock,query_history_k_data_plus
600023,SHSE.600023,,SH,A股-上交所,2023-09-08,4.29,4.49,4.28,4.47,4.29,78262788,345058159.0,4.1958,0.5837,1,0,none,baostock,query_history_k_data_plus
600023,SHSE.600023,,SH,A股-上交所,2023-09-11,4.45,4.49,4.36,4.37,4.47,48406380,213484553.66,-2.2371,0.361,1,0,none,baostock,query_history_k_data_plus
600023,SHSE.600023,,SH,A股-上交所,2023-09-12,4.39,4.5,4.36,4.44,4.37,44639624,198629030.18,1.6018,0.3329,1,0,none,baostock,query_history_k_data_plus
600023,SHSE.600023,,SH,A股-上交所,2023-09-13,4.42,4.51,4.41,4.48,4.44,41660766,186410966.72,0.9009,0.3107,1,0,none,baostock,query_history_k_data_plus
600023,SHSE.600023,,SH,A股-上交所,2023-09-14,4.48,4.55,4.45,4.49,4.48,39910765,179728149.87,0.2232,0.2976,1,0,none,baostock,query_history_k_data_plus
600023,SHSE.600023,,SH,A股-上交所,2023-09-15,4.5,4.5,4.39,4.44,4.49,53130768,235942621.29,-1.1136,0.3962,1,0,none,baostock,query_history_k_data_plus
600023,SHSE.600023,,SH,A股-上交所,2023-09-18,4.41,4.42,4.29,4.34,4.44,48822822,211723104.38,-2.2523,0.3641,1,0,none,baostock,query_history_k_data_plus
600023,SHSE.600023,,SH,A股-上交所,2023-09-19,4.34,4.39,4.31,4.38,4.34,38585090,168572252.47,0.9217,0.2878,1,0,none,baostock,query_history_k_data_plus
600023,SHSE.600023,,SH,A股-上交所,2023-09-20,4.4,4.42,4.33,4.34,4.38,31819769,139127270.99,-0.9132,0.2373,1,0,none,baostock,query_history_k_data_plus
600023,SHSE.600023,,SH,A股-上交所,2023-09-21,4.35,4.47,4.35,4.4,4.34,48240085,213374862.23,1.3825,0.3598,1,0,none,baostock,query_history_k_data_plus
600023,SHSE.600023,,SH,A股-上交所,2023-09-22,4.43,4.48,4.3,4.33,4.4,55336636,240482756.6,-1.5909,0.4127,1,0,none,baostock,query_history_k_data_plus
600023,SHSE.600023,,SH,A股-上交所,2023-09-25,4.33,4.39,4.29,4.33,4.33,46563975,202196009.69,0.0,0.3473,1,0,none,baostock,query_history_k_data_plus
600023,SHSE.600023,,SH,A股-上交所,2023-09-26,4.33,4.38,4.29,4.3,4.33,29500601,127459715.15,-0.6928,0.22,1,0,none,baostock,query_history_k_data_plus
600023,SHSE.600023,,SH,A股-上交所,2023-09-27,4.32,4.33,4.24,4.25,4.3,36959038,157718143.5,-1.1628,0.2756,1,0,none,baostock,query_history_k_data_plus
600023,SHSE.600023,,SH,A股-上交所,2023-09-28,4.25,4.28,4.24,4.25,4.25,22680136,96551867.27,0.0,0.1691,1,0,none,baostock,query_history_k_data_plus
600023,SHSE.600023,,SH,A股-上交所,2023-10-09,4.23,4.29,4.22,4.27,4.25,26792404,114103276.56,0.4706,0.1998,1,0,none,baostock,query_history_k_data_plus
600023,SHSE.600023,,SH,A股-上交所,2023-10-10,4.26,4.28,4.18,4.21,4.27,32072480,135034251.49,-1.4052,0.2392,1,0,none,baostock,query_history_k_data_plus
600023,SHSE.600023,,SH,A股-上交所,2023-10-11,4.19,4.29,4.18,4.19,4.21,38752972,163723645.0,-0.4751,0.289,1,0,none,baostock,query_history_k_data_plus
600023,SHSE.600023,,SH,A股-上交所,2023-10-12,4.19,4.25,4.18,4.22,4.19,19098016,80517111.0,0.716,0.1424,1,0,none,baostock,query_history_k_data_plus
600023,SHSE.600023,,SH,A股-上交所,2023-10-13,4.47,4.55,4.27,4.29,4.22,142835471,625994383.25,1.6588,1.0652,1,0,none,baostock,query_history_k_data_plus
600023,SHSE.600023,,SH,A股-上交所,2023-10-16,4.29,4.34,4.21,4.22,4.29,78559903,334003609.54,-1.6317,0.5859,1,0,none,baostock,query_history_k_data_plus
600023,SHSE.600023,,SH,A股-上交所,2023-10-17,4.24,4.38,4.22,4.34,4.22,59343583,256500873.4,2.8436,0.4426,1,0,none,baostock,query_history_k_data_plus
600023,SHSE.600023,,SH,A股-上交所,2023-10-18,4.32,4.35,4.19,4.19,4.34,54859174,232742927.54,-3.4562,0.4091,1,0,none,baostock,query_history_k_data_plus
600023,SHSE.600023,,SH,A股-上交所,2023-10-19,4.17,4.23,4.09,4.21,4.19,54821995,228698250.84,0.4773,0.4089,1,0,none,baostock,query_history_k_data_plus
600023,SHSE.600023,,SH,A股-上交所,2023-10-20,4.19,4.3,4.12,4.24,4.21,44230698,187589522.28,0.7126,0.3299,1,0,none,baostock,query_history_k_data_plus
600023,SHSE.600023,,SH,A股-上交所,2023-10-23,4.24,4.25,4.1,4.12,4.24,37182321,154221143.08,-2.8302,0.2773,1,0,none,baostock,query_history_k_data_plus
600023,SHSE.600023,,SH,A股-上交所,2023-10-24,4.12,4.17,4.09,4.14,4.12,36549394,151054525.17,0.4854,0.2726,1,0,none,baostock,query_history_k_data_plus
600023,SHSE.600023,,SH,A股-上交所,2023-10-25,4.16,4.24,4.13,4.21,4.14,50130635,209516992.62,1.6908,0.3739,1,0,none,baostock,query_history_k_data_plus
600023,SHSE.600023,,SH,A股-上交所,2023-10-26,4.17,4.53,4.17,4.49,4.21,92746085,406321144.81,6.6508,0.6917,1,0,none,baostock,query_history_k_data_plus
600023,SHSE.600023,,SH,A股-上交所,2023-10-27,4.43,4.54,4.42,4.51,4.49,60242465,269992323.07,0.4454,0.4493,1,0,none,baostock,query_history_k_data_plus
600023,SHSE.600023,,SH,A股-上交所,2023-10-30,4.58,4.64,4.51,4.55,4.51,72471332,331174659.57,0.8869,0.5405,1,0,none,baostock,query_history_k_data_plus
600023,SHSE.600023,,SH,A股-上交所,2023-10-31,4.54,4.59,4.49,4.56,4.55,36897509,167310125.27,0.2198,0.2752,1,0,none,baostock,query_history_k_data_plus
600023,SHSE.600023,,SH,A股-上交所,2023-11-01,4.54,4.55,4.44,4.48,4.56,36923707,165353505.97,-1.7544,0.2754,1,0,none,baostock,query_history_k_data_plus
600023,SHSE.600023,,SH,A股-上交所,2023-11-02,4.49,4.54,4.47,4.49,4.48,26739657,120444284.83,0.2232,0.1994,1,0,none,baostock,query_history_k_data_plus
600023,SHSE.600023,,SH,A股-上交所,2023-11-03,4.49,4.58,4.47,4.53,4.49,33815403,153114336.56,0.8909,0.2522,1,0,none,baostock,query_history_k_data_plus
600023,SHSE.600023,,SH,A股-上交所,2023-11-06,4.54,4.55,4.44,4.46,4.53,56399907,251924603.29,-1.5453,0.4206,1,0,none,baostock,query_history_k_data_plus
600023,SHSE.600023,,SH,A股-上交所,2023-11-07,4.45,4.46,4.36,4.38,4.46,37828600,166258666.22,-1.7937,0.2821,1,0,none,baostock,query_history_k_data_plus
600023,SHSE.600023,,SH,A股-上交所,2023-11-08,4.39,4.42,4.36,4.38,4.38,29947659,131155504.8,0.0,0.2233,1,0,none,baostock,query_history_k_data_plus
600023,SHSE.600023,,SH,A股-上交所,2023-11-09,4.38,4.5,4.37,4.46,4.38,48049659,214002647.14,1.8265,0.3583,1,0,none,baostock,query_history_k_data_plus
600023,SHSE.600023,,SH,A股-上交所,2023-11-10,4.45,4.53,4.34,4.48,4.46,49148752,217853741.12,0.4484,0.3665,1,0,none,baostock,query_history_k_data_plus
600023,SHSE.600023,,SH,A股-上交所,2023-11-13,4.53,4.62,4.46,4.57,4.48,71127913,323089874.77,2.0089,0.5305,1,0,none,baostock,query_history_k_data_plus
600023,SHSE.600023,,SH,A股-上交所,2023-11-14,4.55,4.61,4.51,4.54,4.57,33147295,151052888.39,-0.6565,0.2472,1,0,none,baostock,query_history_k_data_plus
600023,SHSE.600023,,SH,A股-上交所,2023-11-15,4.55,4.56,4.5,4.52,4.54,29071021,131336811.27,-0.4405,0.2168,1,0,none,baostock,query_history_k_data_plus
600023,SHSE.600023,,SH,A股-上交所,2023-11-16,4.53,4.55,4.49,4.51,4.52,20701500,93520899.21,-0.2212,0.1544,1,0,none,baostock,query_history_k_data_plus
600023,SHSE.600023,,SH,A股-上交所,2023-11-17,4.51,4.58,4.48,4.57,4.51,32800300,149104919.85,1.3304,0.2446,1,0,none,baostock,query_history_k_data_plus
600023,SHSE.600023,,SH,A股-上交所,2023-11-20,4.58,4.72,4.57,4.61,4.57,47547447,220866285.82,0.8753,0.3546,1,0,none,baostock,query_history_k_data_plus
600023,SHSE.600023,,SH,A股-上交所,2023-11-21,4.65,4.66,4.59,4.61,4.61,26144839,120606833.79,0.0,0.195,1,0,none,baostock,query_history_k_data_plus
600023,SHSE.600023,,SH,A股-上交所,2023-11-22,4.6,4.63,4.54,4.54,4.61,22250074,101872297.05,-1.5184,0.1659,1,0,none,baostock,query_history_k_data_plus
600023,SHSE.600023,,SH,A股-上交所,2023-11-23,4.54,4.61,4.53,4.6,4.54,22103115,101335010.13,1.3216,0.1648,1,0,none,baostock,query_history_k_data_plus
600023,SHSE.600023,,SH,A股-上交所,2023-11-24,4.6,4.62,4.55,4.56,4.6,14903918,68272245.8,-0.8696,0.1112,1,0,none,baostock,query_history_k_data_plus
600023,SHSE.600023,,SH,A股-上交所,2023-11-27,4.58,4.62,4.54,4.6,4.56,29964465,137699105.7,0.8772,0.2235,1,0,none,baostock,query_history_k_data_plus
600023,SHSE.600023,,SH,A股-上交所,2023-11-28,4.61,4.61,4.48,4.54,4.6,43675851,197988053.38,-1.3043,0.3257,1,0,none,baostock,query_history_k_data_plus
600023,SHSE.600023,,SH,A股-上交所,2023-11-29,4.54,4.6,4.51,4.55,4.54,30272989,138222277.39,0.2203,0.2258,1,0,none,baostock,query_history_k_data_plus
600023,SHSE.600023,,SH,A股-上交所,2023-11-30,4.57,4.65,4.55,4.64,4.55,37278756,171830970.34,1.978,0.278,1,0,none,baostock,query_history_k_data_plus
600023,SHSE.600023,,SH,A股-上交所,2023-12-01,4.65,4.67,4.57,4.64,4.64,30914671,143054088.57,0.0,0.2306,1,0,none,baostock,query_history_k_data_plus
600023,SHSE.600023,,SH,A股-上交所,2023-12-04,4.64,4.73,4.61,4.69,4.64,34976638,163815680.49,1.0776,0.2608,1,0,none,baostock,query_history_k_data_plus
600023,SHSE.600023,,SH,A股-上交所,2023-12-05,4.69,4.78,4.68,4.7,4.69,37825948,179087124.94,0.2132,0.2821,1,0,none,baostock,query_history_k_data_plus
600023,SHSE.600023,,SH,A股-上交所,2023-12-06,4.69,4.71,4.62,4.69,4.7,32182497,150194074.72,-0.2128,0.24,1,0,none,baostock,query_history_k_data_plus
600023,SHSE.600023,,SH,A股-上交所,2023-12-07,4.69,4.8,4.68,4.78,4.69,59074569,280285459.48,1.919,0.4406,1,0,none,baostock,query_history_k_data_plus
600023,SHSE.600023,,SH,A股-上交所,2023-12-08,4.76,4.86,4.71,4.84,4.78,99853963,480833334.33,1.2552,0.7447,1,0,none,baostock,query_history_k_data_plus
600023,SHSE.600023,,SH,A股-上交所,2023-12-11,4.81,4.81,4.68,4.79,4.84,51246411,243328770.23,-1.0331,0.3822,1,0,none,baostock,query_history_k_data_plus
600023,SHSE.600023,,SH,A股-上交所,2023-12-12,4.77,4.79,4.72,4.77,4.79,31222722,148461549.27,-0.4175,0.2329,1,0,none,baostock,query_history_k_data_plus
600023,SHSE.600023,,SH,A股-上交所,2023-12-13,4.77,4.83,4.74,4.75,4.77,34438874,164596106.44,-0.4193,0.2568,1,0,none,baostock,query_history_k_data_plus
600023,SHSE.600023,,SH,A股-上交所,2023-12-14,4.76,4.79,4.69,4.75,4.75,29389000,139516482.0,0.0,0.2192,1,0,none,baostock,query_history_k_data_plus
600023,SHSE.600023,,SH,A股-上交所,2023-12-15,4.77,4.82,4.67,4.68,4.75,32809223,154801389.34,-1.4737,0.2447,1,0,none,baostock,query_history_k_data_plus
600023,SHSE.600023,,SH,A股-上交所,2023-12-18,4.71,4.72,4.63,4.67,4.68,28777434,134863505.34,-0.2137,0.2146,1,0,none,baostock,query_history_k_data_plus
600023,SHSE.600023,,SH,A股-上交所,2023-12-19,4.69,4.69,4.59,4.64,4.67,33117767,153506168.11,-0.6424,0.247,1,0,none,baostock,query_history_k_data_plus
600023,SHSE.600023,,SH,A股-上交所,2023-12-20,4.67,4.79,4.57,4.59,4.64,89522218,417416321.11,-1.0776,0.6676,1,0,none,baostock,query_history_k_data_plus
600023,SHSE.600023,,SH,A股-上交所,2023-12-21,4.56,4.56,4.46,4.53,4.59,52924539,238897127.76,-1.3072,0.3947,1,0,none,baostock,query_history_k_data_plus
600023,SHSE.600023,,SH,A股-上交所,2023-12-22,4.52,4.56,4.42,4.43,4.53,63298459,283001373.81,-2.2075,0.4721,1,0,none,baostock,query_history_k_data_plus
600023,SHSE.600023,,SH,A股-上交所,2023-12-25,4.43,4.46,4.3,4.43,4.43,43777173,191888449.28,0.0,0.3265,1,0,none,baostock,query_history_k_data_plus
600023,SHSE.600023,,SH,A股-上交所,2023-12-26,4.42,4.49,4.41,4.43,4.43,34957811,155411173.98,0.0,0.2607,1,0,none,baostock,query_history_k_data_plus
600023,SHSE.600023,,SH,A股-上交所,2023-12-27,4.43,4.56,4.42,4.54,4.43,39000429,175402511.23,2.4831,0.2909,1,0,none,baostock,query_history_k_data_plus
600023,SHSE.600023,,SH,A股-上交所,2023-12-28,4.53,4.57,4.51,4.54,4.54,50728420,230020507.43,0.0,0.3783,1,0,none,baostock,query_history_k_data_plus
600023,SHSE.600023,,SH,A股-上交所,2023-12-29,4.53,4.64,4.5,4.61,4.54,45462242,208184572.49,1.5419,0.339,1,0,none,baostock,query_history_k_data_plus
600023,SHSE.600023,,SH,A股-上交所,2024-01-02,4.62,4.98,4.61,4.9,4.61,101980272,496576785.73,6.2907,0.7606,1,0,none,baostock,query_history_k_data_plus
600023,SHSE.600023,,SH,A股-上交所,2024-01-03,4.89,5.07,4.85,5.02,4.9,95007925,473108441.42,2.449,0.7086,1,0,none,baostock,query_history_k_data_plus
600023,SHSE.600023,,SH,A股-上交所,2024-01-04,5.03,5.05,4.97,5.04,5.02,50234379,251752423.66,0.3984,0.3746,1,0,none,baostock,query_history_k_data_plus
600023,SHSE.600023,,SH,A股-上交所,2024-01-05,5.04,5.17,5.01,5.05,5.04,75942004,387143770.2,0.1984,0.5664,1,0,none,baostock,query_history_k_data_plus
600023,SHSE.600023,,SH,A股-上交所,2024-01-08,5.04,5.1,4.96,5.0,5.05,64541828,324321297.28,-0.9901,0.4813,1,0,none,baostock,query_history_k_data_plus
600023,SHSE.600023,,SH,A股-上交所,2024-01-09,4.99,5.03,4.91,5.01,5.0,59046213,294342924.54,0.2,0.4404,1,0,none,baostock,query_history_k_data_plus
600023,SHSE.600023,,SH,A股-上交所,2024-01-10,5.0,5.12,4.94,5.06,5.01,53083415,267646652.95,0.998,0.3959,1,0,none,baostock,query_history_k_data_plus
600023,SHSE.600023,,SH,A股-上交所,2024-01-11,5.08,5.11,4.96,4.98,5.06,66464635,333138688.23,-1.581,0.4957,1,0,none,baostock,query_history_k_data_plus
600023,SHSE.600023,,SH,A股-上交所,2024-01-12,4.98,5.07,4.96,5.05,4.98,43446092,218474296.72,1.4056,0.324,1,0,none,baostock,query_history_k_data_plus
600023,SHSE.600023,,SH,A股-上交所,2024-01-15,5.01,5.16,5.01,5.14,5.05,58413876,298849528.3,1.7822,0.4356,1,0,none,baostock,query_history_k_data_plus
600023,SHSE.600023,,SH,A股-上交所,2024-01-16,5.12,5.19,5.09,5.17,5.14,48310020,248277607.79,0.5837,0.3603,1,0,none,baostock,query_history_k_data_plus
600023,SHSE.600023,,SH,A股-上交所,2024-01-17,5.18,5.24,5.1,5.1,5.17,37168089,192056249.47,-1.354,0.2772,1,0,none,baostock,query_history_k_data_plus
600023,SHSE.600023,,SH,A股-上交所,2024-01-18,5.1,5.11,4.91,5.06,5.1,66001318,330167706.46,-0.7843,0.4922,1,0,none,baostock,query_history_k_data_plus
600023,SHSE.600023,,SH,A股-上交所,2024-01-19,5.06,5.1,4.96,5.02,5.06,48477595,243547077.11,-0.7905,0.3615,1,0,none,baostock,query_history_k_data_plus
600023,SHSE.600023,,SH,A股-上交所,2024-01-22,4.9,5.03,4.8,4.86,5.02,68708512,338774490.36,-3.1873,0.5124,1,0,none,baostock,query_history_k_data_plus
600023,SHSE.600023,,SH,A股-上交所,2024-01-23,4.85,4.94,4.77,4.9,4.86,63469713,307466990.18,0.823,0.4733,1,0,none,baostock,query_history_k_data_plus
600023,SHSE.600023,,SH,A股-上交所,2024-01-24,4.9,5.01,4.88,5.0,4.9,59296654,293226431.6,2.0408,0.4422,1,0,none,baostock,query_history_k_data_plus
600023,SHSE.600023,,SH,A股-上交所,2024-01-25,5.05,5.17,4.95,5.15,5.0,75985550,385554168.53,3.0,0.5667,1,0,none,baostock,query_history_k_data_plus
600023,SHSE.600023,,SH,A股-上交所,2024-01-26,5.13,5.28,5.11,5.23,5.15,61321170,319010447.27,1.5534,0.4573,1,0,none,baostock,query_history_k_data_plus
600023,SHSE.600023,,SH,A股-上交所,2024-01-29,5.22,5.48,5.21,5.36,5.23,81291787,436318246.13,2.4857,0.6063,1,0,none,baostock,query_history_k_data_plus
600023,SHSE.600023,,SH,A股-上交所,2024-01-30,5.33,5.49,5.26,5.33,5.36,71405044,384553066.05,-0.5597,0.5325,1,0,none,baostock,query_history_k_data_plus
600023,SHSE.600023,,SH,A股-上交所,2024-01-31,5.29,5.53,5.26,5.38,5.33,86659128,469482132.64,0.9381,0.6463,1,0,none,baostock,query_history_k_data_plus
600023,SHSE.600023,,SH,A股-上交所,2024-02-01,5.3,5.53,5.26,5.41,5.38,78149547,423133106.18,0.5576,0.5828,1,0,none,baostock,query_history_k_data_plus
600023,SHSE.600023,,SH,A股-上交所,2024-02-02,5.41,5.54,5.3,5.41,5.41,72676343,394725817.9,0.0,0.542,1,0,none,baostock,query_history_k_data_plus
600023,SHSE.600023,,SH,A股-上交所,2024-02-05,5.38,5.55,5.37,5.43,5.41,81375482,444219710.45,0.3697,0.6069,1,0,none,baostock,query_history_k_data_plus
600023,SHSE.600023,,SH,A股-上交所,2024-02-06,5.4,5.51,5.35,5.45,5.43,79298302,430940694.41,0.3683,0.5914,1,0,none,baostock,query_history_k_data_plus
600023,SHSE.600023,,SH,A股-上交所,2024-02-07,5.46,5.46,5.22,5.38,5.45,90360475,481600506.41,-1.2844,0.6739,1,0,none,baostock,query_history_k_data_plus
600023,SHSE.600023,,SH,A股-上交所,2024-02-08,5.38,5.47,5.11,5.4,5.38,90311822,475736289.29,0.3717,0.6735,1,0,none,baostock,query_history_k_data_plus
600023,SHSE.600023,,SH,A股-上交所,2024-02-19,5.37,5.75,5.35,5.75,5.4,75565159,422102781.96,6.4815,0.5636,1,0,none,baostock,query_history_k_data_plus
600023,SHSE.600023,,SH,A股-上交所,2024-02-20,5.73,5.78,5.56,5.65,5.75,85200975,482238117.86,-1.7391,0.6354,1,0,none,baostock,query_history_k_data_plus
600023,SHSE.600023,,SH,A股-上交所,2024-02-21,5.6,5.63,5.47,5.5,5.65,88830066,491279804.86,-2.6549,0.6625,1,0,none,baostock,query_history_k_data_plus
600023,SHSE.600023,,SH,A股-上交所,2024-02-22,5.44,5.55,5.43,5.53,5.5,65768518,361509695.29,0.5455,0.4905,1,0,none,baostock,query_history_k_data_plus
600023,SHSE.600023,,SH,A股-上交所,2024-02-23,5.53,5.6,5.47,5.5,5.53,64001944,353097780.52,-0.5425,0.4773,1,0,none,baostock,query_history_k_data_plus
600023,SHSE.600023,,SH,A股-上交所,2024-02-26,5.47,5.48,5.32,5.37,5.5,61161506,329388822.14,-2.3636,0.4561,1,0,none,baostock,query_history_k_data_plus
600023,SHSE.600023,,SH,A股-上交所,2024-02-27,5.33,5.4,5.28,5.33,5.37,56836765,302342495.42,-0.7449,0.4239,1,0,none,baostock,query_history_k_data_plus
600023,SHSE.600023,,SH,A股-上交所,2024-02-28,5.3,5.5,5.29,5.36,5.33,70460156,380415639.94,0.5629,0.5255,1,0,none,baostock,query_history_k_data_plus
600023,SHSE.600023,,SH,A股-上交所,2024-02-29,5.33,5.38,5.29,5.38,5.36,49836871,265883468.33,0.3731,0.3717,1,0,none,baostock,query_history_k_data_plus
600023,SHSE.600023,,SH,A股-上交所,2024-03-01,5.37,5.42,5.25,5.26,5.38,60208191,319519112.49,-2.2305,0.449,1,0,none,baostock,query_history_k_data_plus
600023,SHSE.600023,,SH,A股-上交所,2024-03-04,5.25,5.51,5.22,5.5,5.26,85690821,463177533.14,4.5627,0.6391,1,0,none,baostock,query_history_k_data_plus
600023,SHSE.600023,,SH,A股-上交所,2024-03-05,5.48,5.62,5.45,5.6,5.5,77335939,431142830.6,1.8182,0.5768,1,0,none,baostock,query_history_k_data_plus
600023,SHSE.600023,,SH,A股-上交所,2024-03-06,5.61,5.81,5.6,5.69,5.6,69425769,396392783.98,1.6071,0.5178,1,0,none,baostock,query_history_k_data_plus
600023,SHSE.600023,,SH,A股-上交所,2024-03-07,5.7,5.83,5.6,5.79,5.69,65123265,374159367.46,1.7575,0.4857,1,0,none,baostock,query_history_k_data_plus
600023,SHSE.600023,,SH,A股-上交所,2024-03-08,5.77,5.93,5.76,5.89,5.79,52228450,306407466.68,1.7271,0.3895,1,0,none,baostock,query_history_k_data_plus
600023,SHSE.600023,,SH,A股-上交所,2024-03-11,5.95,6.0,5.82,5.97,5.89,64080573,379198989.88,1.3582,0.4779,1,0,none,baostock,query_history_k_data_plus
600023,SHSE.600023,,SH,A股-上交所,2024-03-12,5.94,5.97,5.58,5.6,5.97,86904255,494349585.42,-6.1977,0.6481,1,0,none,baostock,query_history_k_data_plus
600023,SHSE.600023,,SH,A股-上交所,2024-03-13,5.61,5.77,5.55,5.72,5.6,53552913,303189113.4,2.1429,0.3994,1,0,none,baostock,query_history_k_data_plus
600023,SHSE.600023,,SH,A股-上交所,2024-03-14,5.72,5.92,5.64,5.88,5.72,61155223,355727319.51,2.7972,0.4561,1,0,none,baostock,query_history_k_data_plus
600023,SHSE.600023,,SH,A股-上交所,2024-03-15,5.92,6.1,5.88,6.0,5.88,78277746,470318418.9,2.0408,0.5838,1,0,none,baostock,query_history_k_data_plus
600023,SHSE.600023,,SH,A股-上交所,2024-03-18,5.99,6.35,5.97,6.23,6.0,79174595,489491742.25,3.8333,0.5905,1,0,none,baostock,query_history_k_data_plus
600023,SHSE.600023,,SH,A股-上交所,2024-03-19,6.22,6.3,6.08,6.09,6.23,44450418,273818348.68,-2.2472,0.3315,1,0,none,baostock,query_history_k_data_plus
600023,SHSE.600023,,SH,A股-上交所,2024-03-20,6.11,6.15,5.99,6.09,6.09,40643200,246324463.96,0.0,0.3031,1,0,none,baostock,query_history_k_data_plus
600023,SHSE.600023,,SH,A股-上交所,2024-03-21,6.07,6.14,6.02,6.07,6.09,32528341,197718370.51,-0.3284,0.2426,1,0,none,baostock,query_history_k_data_plus
600023,SHSE.600023,,SH,A股-上交所,2024-03-22,6.09,6.15,6.01,6.08,6.07,27003675,164281917.73,0.1647,0.2014,1,0,none,baostock,query_history_k_data_plus
600023,SHSE.600023,,SH,A股-上交所,2024-03-25,6.1,6.35,6.09,6.22,6.08,50082928,312823741.49,2.3026,0.3735,1,0,none,baostock,query_history_k_data_plus
600023,SHSE.600023,,SH,A股-上交所,2024-03-26,6.21,6.35,6.14,6.34,6.22,47536857,298444198.52,1.9293,0.3545,1,0,none,baostock,query_history_k_data_plus
600023,SHSE.600023,,SH,A股-上交所,2024-03-27,6.36,6.58,6.33,6.45,6.34,73828127,476594056.02,1.735,0.5506,1,0,none,baostock,query_history_k_data_plus
600023,SHSE.600023,,SH,A股-上交所,2024-03-28,6.45,6.55,6.32,6.51,6.45,41909427,270059737.98,0.9302,0.3126,1,0,none,baostock,query_history_k_data_plus
600023,SHSE.600023,,SH,A股-上交所,2024-03-29,6.5,6.7,6.48,6.67,6.51,48535389,320482402.51,2.4578,0.362,1,0,none,baostock,query_history_k_data_plus
600023,SHSE.600023,,SH,A股-上交所,2024-04-01,6.7,6.77,6.45,6.58,6.67,65342409,430853330.35,-1.3493,0.4873,1,0,none,baostock,query_history_k_data_plus
600023,SHSE.600023,,SH,A股-上交所,2024-04-02,6.61,6.73,6.5,6.63,6.58,55522033,367364815.12,0.7599,0.4141,1,0,none,baostock,query_history_k_data_plus
600023,SHSE.600023,,SH,A股-上交所,2024-04-03,6.59,6.74,6.52,6.7,6.63,40246877,267194197.24,1.0558,0.3002,1,0,none,baostock,query_history_k_data_plus
600023,SHSE.600023,,SH,A股-上交所,2024-04-08,6.66,6.89,6.64,6.68,6.7,77707754,525433614.39,-0.2985,0.5795,1,0,none,baostock,query_history_k_data_plus
600023,SHSE.600023,,SH,A股-上交所,2024-04-09,6.7,6.77,6.57,6.68,6.68,42328034,281992004.52,0.0,0.3157,1,0,none,baostock,query_history_k_data_plus
600023,SHSE.600023,,SH,A股-上交所,2024-04-10,6.64,6.75,6.57,6.62,6.68,49667579,331169619.4,-0.8982,0.3704,1,0,none,baostock,query_history_k_data_plus
600023,SHSE.600023,,SH,A股-上交所,2024-04-11,6.55,6.83,6.54,6.71,6.62,49296415,330430793.67,1.3595,0.3676,1,0,none,baostock,query_history_k_data_plus
600023,SHSE.600023,,SH,A股-上交所,2024-04-12,6.7,6.77,6.62,6.65,6.71,36435063,243929628.87,-0.8942,0.2717,1,0,none,baostock,query_history_k_data_plus
600023,SHSE.600023,,SH,A股-上交所,2024-04-15,6.65,6.76,6.55,6.75,6.65,61735047,411227142.97,1.5038,0.4604,1,0,none,baostock,query_history_k_data_plus
600023,SHSE.600023,,SH,A股-上交所,2024-04-16,6.72,6.79,6.54,6.61,6.75,56162312,373277627.53,-2.0741,0.4188,1,0,none,baostock,query_history_k_data_plus
600023,SHSE.600023,,SH,A股-上交所,2024-04-17,6.6,6.67,6.51,6.66,6.61,47460264,313583828.17,0.7564,0.354,1,0,none,baostock,query_history_k_data_plus
600023,SHSE.600023,,SH,A股-上交所,2024-04-18,6.68,6.78,6.38,6.42,6.66,109653130,714393965.91,-3.6036,0.8178,1,0,none,baostock,query_history_k_data_plus
600023,SHSE.600023,,SH,A股-上交所,2024-04-19,6.36,6.57,6.34,6.47,6.42,64244886,416574049.43,0.7788,0.4791,1,0,none,baostock,query_history_k_data_plus
600023,SHSE.600023,,SH,A股-上交所,2024-04-22,6.45,6.61,6.42,6.46,6.47,56257066,365994774.54,-0.1546,0.4196,1,0,none,baostock,query_history_k_data_plus
600023,SHSE.600023,,SH,A股-上交所,2024-04-23,6.45,6.48,6.2,6.23,6.46,71339131,448244690.63,-3.5604,0.532,1,0,none,baostock,query_history_k_data_plus
600023,SHSE.600023,,SH,A股-上交所,2024-04-24,6.3,6.49,6.26,6.42,6.23,64661487,412636422.98,3.0498,0.4822,1,0,none,baostock,query_history_k_data_plus
600023,SHSE.600023,,SH,A股-上交所,2024-04-25,6.39,6.47,6.34,6.43,6.42,26935636,172708436.47,0.1558,0.2009,1,0,none,baostock,query_history_k_data_plus
600023,SHSE.600023,,SH,A股-上交所,2024-04-26,6.43,6.49,6.21,6.31,6.43,64978204,410682957.07,-1.8663,0.4846,1,0,none,baostock,query_history_k_data_plus
600023,SHSE.600023,,SH,A股-上交所,2024-04-29,6.28,6.31,6.13,6.19,6.31,94049055,582113537.87,-1.9017,0.7014,1,0,none,baostock,query_history_k_data_plus
600023,SHSE.600023,,SH,A股-上交所,2024-04-30,6.18,6.26,5.97,6.23,6.19,109793613,670999577.92,0.6462,0.8188,1,0,none,baostock,query_history_k_data_plus
600023,SHSE.600023,,SH,A股-上交所,2024-05-06,6.24,6.37,6.08,6.36,6.23,93167267,581890465.38,2.0867,0.6948,1,0,none,baostock,query_history_k_data_plus
600023,SHSE.600023,,SH,A股-上交所,2024-05-07,6.33,6.42,6.17,6.22,6.36,75755457,473170979.31,-2.2013,0.565,1,0,none,baostock,query_history_k_data_plus
600023,SHSE.600023,,SH,A股-上交所,2024-05-08,6.22,6.3,6.13,6.14,6.22,62248664,385204151.25,-1.2862,0.4642,1,0,none,baostock,query_history_k_data_plus
600023,SHSE.600023,,SH,A股-上交所,2024-05-09,6.13,6.17,6.06,6.16,6.14,74589075,456659945.56,0.3257,0.5563,1,0,none,baostock,query_history_k_data_plus
600023,SHSE.600023,,SH,A股-上交所,2024-05-10,6.17,6.3,6.14,6.29,6.16,100194846,624944081.6,2.1104,0.7472,1,0,none,baostock,query_history_k_data_plus
600023,SHSE.600023,,SH,A股-上交所,2024-05-13,6.32,6.48,6.23,6.39,6.29,118293421,752670487.12,1.5898,0.8822,1,0,none,baostock,query_history_k_data_plus
600023,SHSE.600023,,SH,A股-上交所,2024-05-14,6.36,6.64,6.29,6.59,6.39,135611925,883579231.68,3.1299,1.0114,1,0,none,baostock,query_history_k_data_plus
600023,SHSE.600023,,SH,A股-上交所,2024-05-15,6.56,6.63,6.36,6.41,6.59,67087828,433315458.14,-2.7314,0.5003,1,0,none,baostock,query_history_k_data_plus
600023,SHSE.600023,,SH,A股-上交所,2024-05-16,6.4,6.42,6.16,6.2,6.41,88467711,553151173.44,-3.2761,0.6598,1,0,none,baostock,query_history_k_data_plus
600023,SHSE.600023,,SH,A股-上交所,2024-05-17,6.17,6.25,6.08,6.1,6.2,67080323,411788669.06,-1.6129,0.5003,1,0,none,baostock,query_history_k_data_plus
600023,SHSE.600023,,SH,A股-上交所,2024-05-20,6.1,6.27,6.08,6.22,6.1,64108251,396948458.59,1.9672,0.4781,1,0,none,baostock,query_history_k_data_plus
600023,SHSE.600023,,SH,A股-上交所,2024-05-21,6.25,6.39,6.2,6.35,6.22,71944784,454017113.79,2.09,0.5366,1,0,none,baostock,query_history_k_data_plus
600023,SHSE.600023,,SH,A股-上交所,2024-05-22,6.37,6.42,6.23,6.26,6.35,54703823,345108057.97,-1.4173,0.408,1,0,none,baostock,query_history_k_data_plus
600023,SHSE.600023,,SH,A股-上交所,2024-05-23,6.25,6.32,6.18,6.2,6.26,58269632,363652221.99,-0.9585,0.4346,1,0,none,baostock,query_history_k_data_plus
600023,SHSE.600023,,SH,A股-上交所,2024-05-24,6.24,6.6,6.22,6.52,6.2,122186492,792573476.52,5.1613,0.9112,1,0,none,baostock,query_history_k_data_plus
600023,SHSE.600023,,SH,A股-上交所,2024-05-27,6.52,6.91,6.51,6.9,6.52,128506087,870179553.64,5.8282,0.9584,1,0,none,baostock,query_history_k_data_plus
600023,SHSE.600023,,SH,A股-上交所,2024-05-28,6.89,6.98,6.78,6.81,6.9,87936185,604699888.88,-1.3043,0.6558,1,0,none,baostock,query_history_k_data_plus
600023,SHSE.600023,,SH,A股-上交所,2024-05-29,6.85,6.88,6.65,6.8,6.81,60555549,408272493.69,-0.1468,0.4516,1,0,none,baostock,query_history_k_data_plus
600023,SHSE.600023,,SH,A股-上交所,2024-05-30,6.75,6.83,6.55,6.6,6.8,69900269,466400167.95,-2.9412,0.5213,1,0,none,baostock,query_history_k_data_plus
600023,SHSE.600023,,SH,A股-上交所,2024-05-31,6.61,6.78,6.52,6.7,6.6,79261075,530033060.17,1.5152,0.5911,1,0,none,baostock,query_history_k_data_plus
600023,SHSE.600023,,SH,A股-上交所,2024-06-03,6.67,6.8,6.66,6.74,6.7,49942528,335457181.1,0.597,0.3725,1,0,none,baostock,query_history_k_data_plus
600023,SHSE.600023,,SH,A股-上交所,2024-06-04,6.73,6.87,6.62,6.83,6.74,59648123,402638651.18,1.3353,0.4448,1,0,none,baostock,query_history_k_data_plus
600023,SHSE.600023,,SH,A股-上交所,2024-06-05,6.84,6.87,6.76,6.83,6.83,39640092,269949961.79,0.0,0.2956,1,0,none,baostock,query_history_k_data_plus
600023,SHSE.600023,,SH,A股-上交所,2024-06-06,6.78,7.04,6.75,6.84,6.83,61653873,425063117.67,0.1464,0.4598,1,0,none,baostock,query_history_k_data_plus
600023,SHSE.600023,,SH,A股-上交所,2024-06-07,6.85,6.95,6.79,6.9,6.84,48941321,335791492.28,0.8772,0.365,1,0,none,baostock,query_history_k_data_plus
600023,SHSE.600023,,SH,A股-上交所,2024-06-11,6.96,7.06,6.74,6.87,6.9,69982044,480167229.88,-0.4348,0.5219,1,0,none,baostock,query_history_k_data_plus
600023,SHSE.600023,,SH,A股-上交所,2024-06-12,6.85,6.99,6.75,6.96,6.87,49548399,340930912.97,1.31,0.3695,1,0,none,baostock,query_history_k_data_plus
600023,SHSE.600023,,SH,A股-上交所,2024-06-13,6.95,7.03,6.91,7.01,6.96,40103784,279915006.3,0.7184,0.2991,1,0,none,baostock,query_history_k_data_plus
600023,SHSE.600023,,SH,A股-上交所,2024-06-14,6.97,7.05,6.82,6.88,7.01,65219597,453329970.97,-1.8545,0.4864,1,0,none,baostock,query_history_k_data_plus
600023,SHSE.600023,,SH,A股-上交所,2024-06-17,6.83,6.92,6.71,6.75,6.88,54314500,368844609.27,-1.8895,0.4051,1,0,none,baostock,query_history_k_data_plus
600023,SHSE.600023,,SH,A股-上交所,2024-06-18,6.74,6.84,6.68,6.83,6.75,34432700,233126921.73,1.1852,0.2568,1,0,none,baostock,query_history_k_data_plus
600023,SHSE.600023,,SH,A股-上交所,2024-06-19,6.83,6.93,6.78,6.83,6.83,25649814,175687759.76,0.0,0.1913,1,0,none,baostock,query_history_k_data_plus
600023,SHSE.600023,,SH,A股-上交所,2024-06-20,6.82,6.98,6.8,6.94,6.83,41779945,289120830.2,1.6105,0.3116,1,0,none,baostock,query_history_k_data_plus
600023,SHSE.600023,,SH,A股-上交所,2024-06-21,6.92,7.04,6.87,7.02,6.94,37362829,261195227.79,1.1527,0.2786,1,0,none,baostock,query_history_k_data_plus
600023,SHSE.600023,,SH,A股-上交所,2024-06-24,7.01,7.17,6.97,7.05,7.02,45320808,320790688.28,0.4274,0.338,1,0,none,baostock,query_history_k_data_plus
600023,SHSE.600023,,SH,A股-上交所,2024-06-25,7.06,7.06,6.93,6.96,7.05,39808554,277743260.22,-1.2766,0.2969,1,0,none,baostock,query_history_k_data_plus
600023,SHSE.600023,,SH,A股-上交所,2024-06-26,6.98,7.01,6.78,6.89,6.96,35133530,241144281.59,-1.0057,0.262,1,0,none,baostock,query_history_k_data_plus
600023,SHSE.600023,,SH,A股-上交所,2024-06-27,6.85,6.99,6.85,6.86,6.89,31642529,218689014.3,-0.4354,0.236,1,0,none,baostock,query_history_k_data_plus
600023,SHSE.600023,,SH,A股-上交所,2024-06-28,6.86,7.17,6.8,7.11,6.86,43546423,305767642.6,3.6443,0.3248,1,0,none,baostock,query_history_k_data_plus
600023,SHSE.600023,,SH,A股-上交所,2024-07-01,7.11,7.5,7.08,7.44,7.11,60298171,441254607.59,4.6414,0.4497,1,0,none,baostock,query_history_k_data_plus
600023,SHSE.600023,,SH,A股-上交所,2024-07-02,7.42,7.57,7.32,7.5,7.44,50759847,378063035.34,0.8065,0.3786,1,0,none,baostock,query_history_k_data_plus
600023,SHSE.600023,,SH,A股-上交所,2024-07-03,7.56,7.64,7.49,7.61,7.5,57805334,437941497.16,1.4667,0.4311,1,0,none,baostock,query_history_k_data_plus
600023,SHSE.600023,,SH,A股-上交所,2024-07-04,7.63,7.67,7.53,7.62,7.61,31915956,242965170.0,0.1314,0.238,1,0,none,baostock,query_history_k_data_plus
600023,SHSE.600023,,SH,A股-上交所,2024-07-05,7.62,7.69,7.44,7.63,7.62,43055557,326067668.58,0.1312,0.3211,1,0,none,baostock,query_history_k_data_plus
600023,SHSE.600023,,SH,A股-上交所,2024-07-08,7.63,7.85,7.55,7.78,7.63,43699319,338600002.76,1.9659,0.3259,1,0,none,baostock,query_history_k_data_plus
600023,SHSE.600023,,SH,A股-上交所,2024-07-09,7.59,7.65,7.45,7.63,7.53,40136179,303027282.58,1.328,0.2993,1,0,none,baostock,query_history_k_data_plus
600023,SHSE.600023,,SH,A股-上交所,2024-07-10,7.68,7.68,7.3,7.53,7.63,56513877,418898480.91,-1.3106,0.4215,1,0,none,baostock,query_history_k_data_plus
600023,SHSE.600023,,SH,A股-上交所,2024-07-11,7.43,7.45,7.1,7.31,7.53,114835296,829897717.19,-2.9216,0.8564,1,0,none,baostock,query_history_k_data_plus
600023,SHSE.600023,,SH,A股-上交所,2024-07-12,7.3,7.32,7.18,7.28,7.31,41426502,300618353.58,-0.4104,0.309,1,0,none,baostock,query_history_k_data_plus
600023,SHSE.600023,,SH,A股-上交所,2024-07-15,7.25,7.38,7.11,7.32,7.28,46645266,340550967.43,0.5495,0.3479,1,0,none,baostock,query_history_k_data_plus
600023,SHSE.600023,,SH,A股-上交所,2024-07-16,7.32,7.35,7.2,7.29,7.32,37785138,274558676.31,-0.4098,0.2818,1,0,none,baostock,query_history_k_data_plus
600023,SHSE.600023,,SH,A股-上交所,2024-07-17,7.24,7.29,6.91,6.98,7.29,73435125,515463062.51,-4.2524,0.5477,1,0,none,baostock,query_history_k_data_plus
600023,SHSE.600023,,SH,A股-上交所,2024-07-18,6.94,7.12,6.88,7.09,6.98,52853706,370326425.48,1.5759,0.3942,1,0,none,baostock,query_history_k_data_plus
600023,SHSE.600023,,SH,A股-上交所,2024-07-19,7.09,7.11,6.97,7.05,7.09,47665310,335394395.61,-0.5642,0.3555,1,0,none,baostock,query_history_k_data_plus
600023,SHSE.600023,,SH,A股-上交所,2024-07-22,7.01,7.01,6.72,6.77,7.05,74700221,508313648.78,-3.9716,0.5571,1,0,none,baostock,query_history_k_data_plus
600023,SHSE.600023,,SH,A股-上交所,2024-07-23,6.75,6.79,6.54,6.56,6.77,61487395,407500685.77,-3.1019,0.4586,1,0,none,baostock,query_history_k_data_plus
600023,SHSE.600023,,SH,A股-上交所,2024-07-24,6.54,6.85,6.51,6.77,6.56,68398942,460444425.48,3.2012,0.5101,1,0,none,baostock,query_history_k_data_plus
600023,SHSE.600023,,SH,A股-上交所,2024-07-25,6.79,6.82,6.5,6.63,6.77,48156537,318285560.85,-2.0679,0.3591,1,0,none,baostock,query_history_k_data_plus
600023,SHSE.600023,,SH,A股-上交所,2024-07-26,6.66,6.71,6.55,6.66,6.63,46252097,307310015.82,0.4525,0.3449,1,0,none,baostock,query_history_k_data_plus
600023,SHSE.600023,,SH,A股-上交所,2024-07-29,6.63,6.89,6.61,6.8,6.66,46036507,312755550.11,2.1021,0.3433,1,0,none,baostock,query_history_k_data_plus
600023,SHSE.600023,,SH,A股-上交所,2024-07-30,6.8,6.83,6.58,6.62,6.8,35057172,234005620.2,-2.6471,0.2615,1,0,none,baostock,query_history_k_data_plus
600023,SHSE.600023,,SH,A股-上交所,2024-07-31,6.58,6.64,6.39,6.63,6.62,58920732,384058135.27,0.1511,0.4394,1,0,none,baostock,query_history_k_data_plus
600023,SHSE.600023,,SH,A股-上交所,2024-08-01,6.62,6.72,6.56,6.64,6.63,37336740,249017694.79,0.1508,0.2785,1,0,none,baostock,query_history_k_data_plus
600023,SHSE.600023,,SH,A股-上交所,2024-08-02,6.63,6.67,6.47,6.52,6.64,31077360,203131421.29,-1.8072,0.2318,1,0,none,baostock,query_history_k_data_plus
600023,SHSE.600023,,SH,A股-上交所,2024-08-05,6.55,6.55,6.4,6.4,6.52,37314464,241249267.73,-1.8405,0.2783,1,0,none,baostock,query_history_k_data_plus
600023,SHSE.600023,,SH,A股-上交所,2024-08-06,6.45,6.52,6.33,6.41,6.4,34950806,223528201.7,0.1563,0.2607,1,0,none,baostock,query_history_k_data_plus
600023,SHSE.600023,,SH,A股-上交所,2024-08-07,6.41,6.6,6.4,6.53,6.41,35461028,231613307.07,1.8721,0.2645,1,0,none,baostock,query_history_k_data_plus
600023,SHSE.600023,,SH,A股-上交所,2024-08-08,6.57,6.57,6.44,6.48,6.53,27520828,178296689.44,-0.7657,0.2052,1,0,none,baostock,query_history_k_data_plus
600023,SHSE.600023,,SH,A股-上交所,2024-08-09,6.47,6.52,6.39,6.45,6.48,21415188,137841956.36,-0.463,0.1597,1,0,none,baostock,query_history_k_data_plus
600023,SHSE.600023,,SH,A股-上交所,2024-08-12,6.48,6.58,6.41,6.53,6.45,28044816,182922329.76,1.2403,0.2092,1,0,none,baostock,query_history_k_data_plus
600023,SHSE.600023,,SH,A股-上交所,2024-08-13,6.55,6.56,6.42,6.5,6.53,17973307,116518089.34,-0.4594,0.134,1,0,none,baostock,query_history_k_data_plus
600023,SHSE.600023,,SH,A股-上交所,2024-08-14,6.54,6.71,6.46,6.62,6.5,35692928,236010633.14,1.8462,0.2662,1,0,none,baostock,query_history_k_data_plus
600023,SHSE.600023,,SH,A股-上交所,2024-08-15,6.61,6.78,6.57,6.7,6.62,37070217,248082564.24,1.2085,0.2765,1,0,none,baostock,query_history_k_data_plus
600023,SHSE.600023,,SH,A股-上交所,2024-08-16,6.71,6.72,6.55,6.58,6.7,29824387,197095189.76,-1.791,0.2224,1,0,none,baostock,query_history_k_data_plus
600023,SHSE.600023,,SH,A股-上交所,2024-08-19,6.63,6.74,6.57,6.7,6.58,31083809,207725686.63,1.8237,0.2318,1,0,none,baostock,query_history_k_data_plus
600023,SHSE.600023,,SH,A股-上交所,2024-08-20,6.71,6.77,6.51,6.61,6.7,27647150,182592872.85,-1.3433,0.2062,1,0,none,baostock,query_history_k_data_plus
600023,SHSE.600023,,SH,A股-上交所,2024-08-21,6.58,6.6,6.46,6.54,6.61,19295281,125865462.73,-1.059,0.1439,1,0,none,baostock,query_history_k_data_plus
600023,SHSE.600023,,SH,A股-上交所,2024-08-22,6.55,6.68,6.52,6.64,6.54,35240817,233567161.96,1.5291,0.2628,1,0,none,baostock,query_history_k_data_plus
600023,SHSE.600023,,SH,A股-上交所,2024-08-23,6.62,6.65,6.48,6.58,6.64,27211985,178081314.77,-0.9036,0.2029,1,0,none,baostock,query_history_k_data_plus
600023,SHSE.600023,,SH,A股-上交所,2024-08-26,6.56,6.6,6.47,6.53,6.58,22126182,144250971.18,-0.7599,0.165,1,0,none,baostock,query_history_k_data_plus
600023,SHSE.600023,,SH,A股-上交所,2024-08-27,6.54,6.57,6.48,6.52,6.53,14886394,97129459.71,-0.1531,0.111,1,0,none,baostock,query_history_k_data_plus
600023,SHSE.600023,,SH,A股-上交所,2024-08-28,6.48,6.62,6.47,6.54,6.52,20537178,134862496.4,0.3067,0.1532,1,0,none,baostock,query_history_k_data_plus
600023,SHSE.600023,,SH,A股-上交所,2024-08-29,6.51,6.57,6.39,6.42,6.54,28494100,183348430.0,-1.8349,0.2125,1,0,none,baostock,query_history_k_data_plus
600023,SHSE.600023,,SH,A股-上交所,2024-08-30,6.41,6.46,6.1,6.19,6.42,77300650,481258428.72,-3.5826,0.5765,1,0,none,baostock,query_history_k_data_plus
600023,SHSE.600023,,SH,A股-上交所,2024-09-02,6.18,6.36,6.13,6.29,6.19,52950502,333120487.73,1.6155,0.3949,1,0,none,baostock,query_history_k_data_plus
600023,SHSE.600023,,SH,A股-上交所,2024-09-03,6.28,6.36,6.12,6.19,6.29,38553648,238754841.44,-1.5898,0.2875,1,0,none,baostock,query_history_k_data_plus
600023,SHSE.600023,,SH,A股-上交所,2024-09-04,6.2,6.2,6.06,6.11,6.19,28192887,172691773.66,-1.2924,0.2103,1,0,none,baostock,query_history_k_data_plus
600023,SHSE.600023,,SH,A股-上交所,2024-09-05,6.12,6.18,6.02,6.06,6.11,28612565,173873665.6,-0.8183,0.2134,1,0,none,baostock,query_history_k_data_plus
600023,SHSE.600023,,SH,A股-上交所,2024-09-06,6.06,6.11,5.98,6.02,6.06,31804081,192212977.03,-0.6601,0.2372,1,0,none,baostock,query_history_k_data_plus
600023,SHSE.600023,,SH,A股-上交所,2024-09-09,6.01,6.05,5.9,5.94,6.02,37275287,221763523.42,-1.3289,0.278,1,0,none,baostock,query_history_k_data_plus
600023,SHSE.600023,,SH,A股-上交所,2024-09-10,5.94,6.01,5.83,5.91,5.94,30892847,182065310.76,-0.5051,0.2304,1,0,none,baostock,query_history_k_data_plus
600023,SHSE.600023,,SH,A股-上交所,2024-09-11,5.88,5.92,5.61,5.64,5.91,61150118,348366789.87,-4.5685,0.456,1,0,none,baostock,query_history_k_data_plus
600023,SHSE.600023,,SH,A股-上交所,2024-09-12,5.62,5.73,5.58,5.66,5.64,33683107,191020140.67,0.3546,0.2512,1,0,none,baostock,query_history_k_data_plus
600023,SHSE.600023,,SH,A股-上交所,2024-09-13,5.68,5.74,5.62,5.71,5.66,23270873,132659222.06,0.8834,0.1736,1,0,none,baostock,query_history_k_data_plus
600023,SHSE.600023,,SH,A股-上交所,2024-09-18,5.7,5.74,5.62,5.69,5.71,20587303,117078708.68,-0.3503,0.1535,1,0,none,baostock,query_history_k_data_plus
600023,SHSE.600023,,SH,A股-上交所,2024-09-19,5.69,5.72,5.55,5.67,5.69,27944858,157745109.56,-0.3515,0.2084,1,0,none,baostock,query_history_k_data_plus
600023,SHSE.600023,,SH,A股-上交所,2024-09-20,5.69,5.71,5.61,5.68,5.67,22747631,128829636.66,0.1764,0.1696,1,0,none,baostock,query_history_k_data_plus
600023,SHSE.600023,,SH,A股-上交所,2024-09-23,5.68,6.03,5.67,5.94,5.68,60439972,357354979.91,4.5775,0.4508,1,0,none,baostock,query_history_k_data_plus
600023,SHSE.600023,,SH,A股-上交所,2024-09-24,5.94,6.3,5.84,6.27,5.94,69684153,426702831.63,5.5556,0.5197,1,0,none,baostock,query_history_k_data_plus
600023,SHSE.600023,,SH,A股-上交所,2024-09-25,6.35,6.41,6.23,6.35,6.27,60511964,383021803.21,1.2759,0.4513,1,0,none,baostock,query_history_k_data_plus
600023,SHSE.600023,,SH,A股-上交所,2024-09-26,6.31,6.36,6.08,6.29,6.35,77139651,477905896.43,-0.9449,0.5753,1,0,none,baostock,query_history_k_data_plus
600023,SHSE.600023,,SH,A股-上交所,2024-09-27,6.3,6.39,6.16,6.34,6.29,63920210,401092747.49,0.7949,0.4767,1,0,none,baostock,query_history_k_data_plus
600023,SHSE.600023,,SH,A股-上交所,2024-09-30,6.37,6.85,6.32,6.73,6.34,144669711,945842595.76,6.1514,1.0789,1,0,none,baostock,query_history_k_data_plus
600023,SHSE.600023,,SH,A股-上交所,2024-10-08,7.34,7.38,6.44,6.64,6.73,154474607,1048525569.15,-1.3373,1.152,1,0,none,baostock,query_history_k_data_plus
600023,SHSE.600023,,SH,A股-上交所,2024-10-09,6.55,6.55,6.2,6.21,6.64,90412184,574693712.1,-6.4759,0.6743,1,0,none,baostock,query_history_k_data_plus
600023,SHSE.600023,,SH,A股-上交所,2024-10-10,6.21,6.53,6.2,6.39,6.21,77700779,498046648.53,2.8986,0.5795,1,0,none,baostock,query_history_k_data_plus
600023,SHSE.600023,,SH,A股-上交所,2024-10-11,6.42,6.52,6.29,6.39,6.39,50613159,325634967.63,0.0,0.3775,1,0,none,baostock,query_history_k_data_plus
600023,SHSE.600023,,SH,A股-上交所,2024-10-14,6.4,6.46,6.25,6.36,6.39,63368253,402964637.88,-0.4695,0.4726,1,0,none,baostock,query_history_k_data_plus
600023,SHSE.600023,,SH,A股-上交所,2024-10-15,6.36,6.47,6.13,6.14,6.36,48556106,304791897.44,-3.4591,0.3621,1,0,none,baostock,query_history_k_data_plus
600023,SHSE.600023,,SH,A股-上交所,2024-10-16,6.12,6.27,6.11,6.16,6.14,42436315,262692523.65,0.3257,0.3165,1,0,none,baostock,query_history_k_data_plus
600023,SHSE.600023,,SH,A股-上交所,2024-10-17,6.18,6.29,6.13,6.13,6.16,38657110,239239838.26,-0.487,0.2883,1,0,none,baostock,query_history_k_data_plus
600023,SHSE.600023,,SH,A股-上交所,2024-10-18,6.13,6.26,6.02,6.18,6.13,54116700,332211685.93,0.8157,0.4036,1,0,none,baostock,query_history_k_data_plus
600023,SHSE.600023,,SH,A股-上交所,2024-10-21,6.2,6.23,6.05,6.12,6.18,44530592,272086332.8,-0.9709,0.3321,1,0,none,baostock,query_history_k_data_plus
600023,SHSE.600023,,SH,A股-上交所,2024-10-22,6.12,6.24,6.09,6.2,6.12,36112289,223336238.18,1.3072,0.2693,1,0,none,baostock,query_history_k_data_plus
600023,SHSE.600023,,SH,A股-上交所,2024-10-23,6.27,6.31,6.16,6.19,6.2,47547160,295500897.22,-0.1613,0.3546,1,0,none,baostock,query_history_k_data_plus
600023,SHSE.600023,,SH,A股-上交所,2024-10-24,6.17,6.21,6.13,6.14,6.19,24922672,153614953.55,-0.8078,0.1859,1,0,none,baostock,query_history_k_data_plus
600023,SHSE.600023,,SH,A股-上交所,2024-10-25,6.15,6.16,5.97,6.02,6.14,47193914,284484633.13,-1.9544,0.352,1,0,none,baostock,query_history_k_data_plus
600023,SHSE.600023,,SH,A股-上交所,2024-10-28,6.03,6.06,5.98,6.02,6.02,51968164,312439153.26,0.0,0.3876,1,0,none,baostock,query_history_k_data_plus
600023,SHSE.600023,,SH,A股-上交所,2024-10-29,6.02,6.05,5.85,5.87,6.02,68053840,401886289.35,-2.4917,0.5075,1,0,none,baostock,query_history_k_data_plus
600023,SHSE.600023,,SH,A股-上交所,2024-10-30,5.87,5.89,5.65,5.75,5.87,68848537,394404215.16,-2.0443,0.5135,1,0,none,baostock,query_history_k_data_plus
600023,SHSE.600023,,SH,A股-上交所,2024-10-31,5.77,5.89,5.73,5.87,5.75,68808054,401453903.02,2.087,0.5132,1,0,none,baostock,query_history_k_data_plus
600023,SHSE.600023,,SH,A股-上交所,2024-11-01,5.85,5.88,5.78,5.78,5.87,55035038,320065787.53,-1.5332,0.4104,1,0,none,baostock,query_history_k_data_plus
600023,SHSE.600023,,SH,A股-上交所,2024-11-04,5.8,5.87,5.71,5.86,5.78,41234689,239359491.24,1.3841,0.3075,1,0,none,baostock,query_history_k_data_plus
600023,SHSE.600023,,SH,A股-上交所,2024-11-05,5.83,5.89,5.8,5.86,5.86,67144324,392364930.05,0.0,0.5008,1,0,none,baostock,query_history_k_data_plus
600023,SHSE.600023,,SH,A股-上交所,2024-11-06,5.86,5.86,5.75,5.8,5.86,74362875,430920048.52,-1.0239,0.5546,1,0,none,baostock,query_history_k_data_plus
600023,SHSE.600023,,SH,A股-上交所,2024-11-07,5.78,5.95,5.74,5.94,5.8,72079721,423586553.05,2.4138,0.5376,1,0,none,baostock,query_history_k_data_plus
600023,SHSE.600023,,SH,A股-上交所,2024-11-08,5.94,6.07,5.85,5.88,5.94,72522487,430911082.78,-1.0101,0.5409,1,0,none,baostock,query_history_k_data_plus
600023,SHSE.600023,,SH,A股-上交所,2024-11-11,5.9,6.01,5.82,5.97,5.88,57073122,337993516.58,1.5306,0.4256,1,0,none,baostock,query_history_k_data_plus
600023,SHSE.600023,,SH,A股-上交所,2024-11-12,5.97,5.97,5.81,5.83,5.97,72968746,429151072.35,-2.3451,0.5442,1,0,none,baostock,query_history_k_data_plus
600023,SHSE.600023,,SH,A股-上交所,2024-11-13,5.83,5.9,5.79,5.87,5.83,51320984,300712029.68,0.6861,0.3827,1,0,none,baostock,query_history_k_data_plus
600023,SHSE.600023,,SH,A股-上交所,2024-11-14,5.85,5.96,5.75,5.76,5.87,62497849,365603131.18,-1.8739,0.4661,1,0,none,baostock,query_history_k_data_plus
600023,SHSE.600023,,SH,A股-上交所,2024-11-15,5.75,5.84,5.72,5.75,5.76,40402492,233729433.67,-0.1736,0.3013,1,0,none,baostock,query_history_k_data_plus
600023,SHSE.600023,,SH,A股-上交所,2024-11-18,5.76,5.87,5.74,5.77,5.75,63250344,366803923.48,0.3478,0.4717,1,0,none,baostock,query_history_k_data_plus
600023,SHSE.600023,,SH,A股-上交所,2024-11-19,5.77,5.79,5.66,5.75,5.77,55359645,316274249.56,-0.3466,0.4129,1,0,none,baostock,query_history_k_data_plus
600023,SHSE.600023,,SH,A股-上交所,2024-11-20,5.73,5.74,5.68,5.71,5.75,43196666,246467419.49,-0.6957,0.3222,1,0,none,baostock,query_history_k_data_plus
600023,SHSE.600023,,SH,A股-上交所,2024-11-21,5.72,5.77,5.71,5.75,5.71,37685576,216222367.96,0.7005,0.2811,1,0,none,baostock,query_history_k_data_plus
600023,SHSE.600023,,SH,A股-上交所,2024-11-22,5.74,5.82,5.52,5.52,5.75,72677884,409698052.02,-4.0,0.542,1,0,none,baostock,query_history_k_data_plus
600023,SHSE.600023,,SH,A股-上交所,2024-11-25,5.53,5.56,5.41,5.45,5.52,51216913,280077751.46,-1.2681,0.382,1,0,none,baostock,query_history_k_data_plus
600023,SHSE.600023,,SH,A股-上交所,2024-11-26,5.45,5.49,5.38,5.43,5.45,30355917,165033116.65,-0.367,0.2264,1,0,none,baostock,query_history_k_data_plus
600023,SHSE.600023,,SH,A股-上交所,2024-11-27,5.44,5.51,5.37,5.5,5.43,33408044,181884301.54,1.2891,0.2492,1,0,none,baostock,query_history_k_data_plus
600023,SHSE.600023,,SH,A股-上交所,2024-11-28,5.49,5.5,5.37,5.39,5.5,55135737,298321139.95,-2.0,0.4112,1,0,none,baostock,query_history_k_data_plus
600023,SHSE.600023,,SH,A股-上交所,2024-11-29,5.38,5.44,5.38,5.39,5.39,52486030,283750215.8,0.0,0.3914,1,0,none,baostock,query_history_k_data_plus
600023,SHSE.600023,,SH,A股-上交所,2024-12-02,5.39,5.48,5.35,5.47,5.39,70766889,383101432.5,1.4842,0.5278,1,0,none,baostock,query_history_k_data_plus
600023,SHSE.600023,,SH,A股-上交所,2024-12-03,5.45,5.59,5.42,5.56,5.47,57713108,318151321.12,1.6453,0.4304,1,0,none,baostock,query_history_k_data_plus
600023,SHSE.600023,,SH,A股-上交所,2024-12-04,5.57,5.62,5.54,5.57,5.56,45631234,254650682.94,0.1799,0.3403,1,0,none,baostock,query_history_k_data_plus
600023,SHSE.600023,,SH,A股-上交所,2024-12-05,5.57,5.7,5.54,5.57,5.57,56574910,317820610.04,0.0,0.4219,1,0,none,baostock,query_history_k_data_plus
600023,SHSE.600023,,SH,A股-上交所,2024-12-06,5.57,5.66,5.56,5.65,5.57,49555101,279232993.23,1.4363,0.3696,1,0,none,baostock,query_history_k_data_plus
600023,SHSE.600023,,SH,A股-上交所,2024-12-09,5.65,5.76,5.62,5.72,5.65,55818939,318682319.24,1.2389,0.4163,1,0,none,baostock,query_history_k_data_plus
600023,SHSE.600023,,SH,A股-上交所,2024-12-10,5.78,5.81,5.65,5.67,5.72,60952520,348359175.9,-0.8741,0.4546,1,0,none,baostock,query_history_k_data_plus
600023,SHSE.600023,,SH,A股-上交所,2024-12-11,5.69,5.77,5.67,5.76,5.67,66968185,384469591.23,1.5873,0.4994,1,0,none,baostock,query_history_k_data_plus
600023,SHSE.600023,,SH,A股-上交所,2024-12-12,5.76,5.84,5.72,5.78,5.76,59127801,342016866.03,0.3472,0.441,1,0,none,baostock,query_history_k_data_plus
600023,SHSE.600023,,SH,A股-上交所,2024-12-13,5.78,5.85,5.73,5.74,5.78,51673334,299089370.03,-0.692,0.3854,1,0,none,baostock,query_history_k_data_plus
600023,SHSE.600023,,SH,A股-上交所,2024-12-16,5.74,5.89,5.74,5.89,5.74,68295438,398763330.23,2.6132,0.5093,1,0,none,baostock,query_history_k_data_plus
600023,SHSE.600023,,SH,A股-上交所,2024-12-17,5.88,5.95,5.83,5.86,5.89,55989303,329483470.64,-0.5093,0.4176,1,0,none,baostock,query_history_k_data_plus
600023,SHSE.600023,,SH,A股-上交所,2024-12-18,5.88,6.01,5.83,5.86,5.86,81775528,484285317.26,0.0,0.6099,1,0,none,baostock,query_history_k_data_plus
600023,SHSE.600023,,SH,A股-上交所,2024-12-19,5.83,5.91,5.76,5.78,5.86,65337705,380513538.11,-1.3652,0.4873,1,0,none,baostock,query_history_k_data_plus
600023,SHSE.600023,,SH,A股-上交所,2024-12-20,5.78,5.82,5.7,5.72,5.78,54705309,314346838.6,-1.0381,0.408,1,0,none,baostock,query_history_k_data_plus
600023,SHSE.600023,,SH,A股-上交所,2024-12-23,5.74,5.93,5.73,5.87,5.72,75854895,444582998.6,2.6224,0.5657,1,0,none,baostock,query_history_k_data_plus
600023,SHSE.600023,,SH,A股-上交所,2024-12-24,5.85,5.94,5.84,5.92,5.87,41313710,243091723.8,0.8518,0.3081,1,0,none,baostock,query_history_k_data_plus
600023,SHSE.600023,,SH,A股-上交所,2024-12-25,5.94,5.96,5.85,5.92,5.92,28103502,165758590.94,0.0,0.2096,1,0,none,baostock,query_history_k_data_plus
600023,SHSE.600023,,SH,A股-上交所,2024-12-26,5.89,5.92,5.7,5.7,5.92,77004046,443723673.3,-3.7162,0.5743,1,0,none,baostock,query_history_k_data_plus
600023,SHSE.600023,,SH,A股-上交所,2024-12-27,5.72,5.75,5.59,5.7,5.7,69710585,394614820.22,0.0,0.5199,1,0,none,baostock,query_history_k_data_plus
600023,SHSE.600023,,SH,A股-上交所,2024-12-30,5.68,5.74,5.65,5.7,5.7,45132620,256739398.76,0.0,0.3366,1,0,none,baostock,query_history_k_data_plus
600023,SHSE.600023,,SH,A股-上交所,2024-12-31,5.71,5.77,5.65,5.66,5.7,50898884,290641902.38,-0.7018,0.3796,1,0,none,baostock,query_history_k_data_plus
600023,SHSE.600023,,SH,A股-上交所,2025-01-02,5.65,5.68,5.46,5.48,5.66,49656401,276725271.62,-3.1802,0.3703,1,0,none,baostock,query_history_k_data_plus
600023,SHSE.600023,,SH,A股-上交所,2025-01-03,5.5,5.54,5.42,5.45,5.48,47429928,259654178.74,-0.5474,0.3537,1,0,none,baostock,query_history_k_data_plus
600023,SHSE.600023,,SH,A股-上交所,2025-01-06,5.46,5.46,5.34,5.39,5.45,50156461,270232919.57,-1.1009,0.3741,1,0,none,baostock,query_history_k_data_plus
600023,SHSE.600023,,SH,A股-上交所,2025-01-07,5.39,5.4,5.26,5.3,5.39,43226830,229709430.44,-1.6698,0.3224,1,0,none,baostock,query_history_k_data_plus
600023,SHSE.600023,,SH,A股-上交所,2025-01-08,5.31,5.4,5.25,5.36,5.3,49855629,265976146.65,1.1321,0.3718,1,0,none,baostock,query_history_k_data_plus
600023,SHSE.600023,,SH,A股-上交所,2025-01-09,5.36,5.36,5.24,5.25,5.36,36099259,190334364.75,-2.0522,0.2692,1,0,none,baostock,query_history_k_data_plus
600023,SHSE.600023,,SH,A股-上交所,2025-01-10,5.24,5.26,5.17,5.19,5.25,36660109,190609282.49,-1.1429,0.2734,1,0,none,baostock,query_history_k_data_plus
600023,SHSE.600023,,SH,A股-上交所,2025-01-13,5.15,5.21,5.08,5.14,5.19,34680859,178125671.4,-0.9634,0.2586,1,0,none,baostock,query_history_k_data_plus
600023,SHSE.600023,,SH,A股-上交所,2025-01-14,5.16,5.31,5.14,5.3,5.14,43179739,226581156.72,3.1128,0.322,1,0,none,baostock,query_history_k_data_plus
600023,SHSE.600023,,SH,A股-上交所,2025-01-15,5.3,5.36,5.27,5.33,5.3,28230564,150241317.55,0.566,0.2105,1,0,none,baostock,query_history_k_data_plus
600023,SHSE.600023,,SH,A股-上交所,2025-01-16,5.33,5.37,5.29,5.32,5.33,26705028,142365897.38,-0.1876,0.1992,1,0,none,baostock,query_history_k_data_plus
600023,SHSE.600023,,SH,A股-上交所,2025-01-17,5.31,5.33,5.24,5.27,5.32,26200935,138550694.05,-0.9398,0.1954,1,0,none,baostock,query_history_k_data_plus
600023,SHSE.600023,,SH,A股-上交所,2025-01-20,5.3,5.34,5.21,5.22,5.27,41914679,220596665.71,-0.9488,0.3126,1,0,none,baostock,query_history_k_data_plus
600023,SHSE.600023,,SH,A股-上交所,2025-01-21,5.23,5.27,5.19,5.24,5.22,21258907,111268675.68,0.3831,0.1585,1,0,none,baostock,query_history_k_data_plus
600023,SHSE.600023,,SH,A股-上交所,2025-01-22,5.23,5.29,5.19,5.24,5.24,22530499,117851822.59,0.0,0.168,1,0,none,baostock,query_history_k_data_plus
600023,SHSE.600023,,SH,A股-上交所,2025-01-23,5.25,5.35,5.25,5.3,5.24,27989205,148522699.45,1.145,0.2087,1,0,none,baostock,query_history_k_data_plus
600023,SHSE.600023,,SH,A股-上交所,2025-01-24,5.29,5.3,5.22,5.25,5.3,33057359,173455615.16,-0.9434,0.2465,1,0,none,baostock,query_history_k_data_plus
600023,SHSE.600023,,SH,A股-上交所,2025-01-27,5.25,5.39,5.24,5.36,5.25,46124708,246766074.24,2.0952,0.344,1,0,none,baostock,query_history_k_data_plus
600023,SHSE.600023,,SH,A股-上交所,2025-02-05,5.36,5.38,5.26,5.28,5.36,32318190,171130558.4,-1.4925,0.241,1,0,none,baostock,query_history_k_data_plus
600023,SHSE.600023,,SH,A股-上交所,2025-02-06,5.3,5.32,5.26,5.32,5.28,24634413,130196561.9,0.7576,0.1837,1,0,none,baostock,query_history_k_data_plus
600023,SHSE.600023,,SH,A股-上交所,2025-02-07,5.29,5.35,5.26,5.33,5.32,35955413,191052892.25,0.188,0.2681,1,0,none,baostock,query_history_k_data_plus
600023,SHSE.600023,,SH,A股-上交所,2025-02-10,5.32,5.35,5.26,5.3,5.33,47324582,250766568.06,-0.5629,0.3529,1,0,none,baostock,query_history_k_data_plus
600023,SHSE.600023,,SH,A股-上交所,2025-02-11,5.3,5.33,5.25,5.27,5.3,40013225,211384484.57,-0.566,0.2984,1,0,none,baostock,query_history_k_data_plus
600023,SHSE.600023,,SH,A股-上交所,2025-02-12,5.28,5.29,5.24,5.28,5.27,27467140,144586985.68,0.1898,0.2048,1,0,none,baostock,query_history_k_data_plus
600023,SHSE.600023,,SH,A股-上交所,2025-02-13,5.28,5.34,5.27,5.3,5.28,38010177,201922244.21,0.3788,0.2835,1,0,none,baostock,query_history_k_data_plus
600023,SHSE.600023,,SH,A股-上交所,2025-02-14,5.32,5.35,5.27,5.31,5.3,33570613,178366223.16,0.1887,0.2504,1,0,none,baostock,query_history_k_data_plus
600023,SHSE.600023,,SH,A股-上交所,2025-02-17,5.32,5.51,5.27,5.51,5.31,84842766,459832578.25,3.7665,0.6327,1,0,none,baostock,query_history_k_data_plus
600023,SHSE.600023,,SH,A股-上交所,2025-02-18,5.55,5.62,5.46,5.56,5.51,77021693,429206349.64,0.9074,0.5744,1,0,none,baostock,query_history_k_data_plus
600023,SHSE.600023,,SH,A股-上交所,2025-02-19,5.54,5.69,5.54,5.69,5.56,68967336,388135341.47,2.3381,0.5143,1,0,none,baostock,query_history_k_data_plus
600023,SHSE.600023,,SH,A股-上交所,2025-02-20,5.68,5.69,5.59,5.6,5.69,45151467,253972613.67,-1.5817,0.3367,1,0,none,baostock,query_history_k_data_plus
600023,SHSE.600023,,SH,A股-上交所,2025-02-21,5.62,5.65,5.51,5.52,5.6,63388937,352970362.43,-1.4286,0.4727,1,0,none,baostock,query_history_k_data_plus
600023,SHSE.600023,,SH,A股-上交所,2025-02-24,5.51,5.6,5.48,5.52,5.52,45477822,251629719.44,0.0,0.3392,1,0,none,baostock,query_history_k_data_plus
600023,SHSE.600023,,SH,A股-上交所,2025-02-25,5.48,5.55,5.42,5.46,5.52,52029732,285797101.08,-1.087,0.388,1,0,none,baostock,query_history_k_data_plus
600023,SHSE.600023,,SH,A股-上交所,2025-02-26,5.48,5.51,5.43,5.49,5.46,38206140,209020743.74,0.5495,0.2849,1,0,none,baostock,query_history_k_data_plus
600023,SHSE.600023,,SH,A股-上交所,2025-02-27,5.47,5.52,5.42,5.51,5.49,41551436,227267225.56,0.3643,0.3099,1,0,none,baostock,query_history_k_data_plus
600023,SHSE.600023,,SH,A股-上交所,2025-02-28,5.49,5.55,5.45,5.49,5.51,39968956,219971113.12,-0.363,0.2981,1,0,none,baostock,query_history_k_data_plus
600023,SHSE.600023,,SH,A股-上交所,2025-03-03,5.56,5.63,5.42,5.49,5.49,102052147,563150241.57,0.0,0.7611,1,0,none,baostock,query_history_k_data_plus
600023,SHSE.600023,,SH,A股-上交所,2025-03-04,5.47,5.52,5.43,5.51,5.49,50975490,278654290.06,0.3643,0.3802,1,0,none,baostock,query_history_k_data_plus
600023,SHSE.600023,,SH,A股-上交所,2025-03-05,5.51,5.62,5.47,5.56,5.51,64254654,357787797.91,0.9074,0.4792,1,0,none,baostock,query_history_k_data_plus
600023,SHSE.600023,,SH,A股-上交所,2025-03-06,5.55,5.57,5.44,5.45,5.56,99505170,543521157.78,-1.9784,0.7421,1,0,none,baostock,query_history_k_data_plus
600023,SHSE.600023,,SH,A股-上交所,2025-03-07,5.44,5.44,5.36,5.37,5.45,57563962,310955257.37,-1.4679,0.4293,1,0,none,baostock,query_history_k_data_plus
600023,SHSE.600023,,SH,A股-上交所,2025-03-10,5.36,5.37,5.33,5.35,5.37,33886439,181203711.86,-0.3724,0.2527,1,0,none,baostock,query_history_k_data_plus
600023,SHSE.600023,,SH,A股-上交所,2025-03-11,5.33,5.39,5.31,5.39,5.35,44684054,239013185.56,0.7477,0.3332,1,0,none,baostock,query_history_k_data_plus
600023,SHSE.600023,,SH,A股-上交所,2025-03-12,5.37,5.43,5.33,5.4,5.39,39065773,210155118.66,0.1855,0.2913,1,0,none,baostock,query_history_k_data_plus
600023,SHSE.600023,,SH,A股-上交所,2025-03-13,5.39,5.59,5.38,5.58,5.4,110993587,612360538.12,3.3333,0.8278,1,0,none,baostock,query_history_k_data_plus
600023,SHSE.600023,,SH,A股-上交所,2025-03-14,5.54,5.61,5.53,5.56,5.58,59219298,329057166.64,-0.3584,0.4416,1,0,none,baostock,query_history_k_data_plus
600023,SHSE.600023,,SH,A股-上交所,2025-03-17,5.55,5.63,5.54,5.57,5.56,46807058,261514138.79,0.1799,0.3491,1,0,none,baostock,query_history_k_data_plus
600023,SHSE.600023,,SH,A股-上交所,2025-03-18,5.58,5.6,5.52,5.54,5.57,39649326,219665430.88,-0.5386,0.2957,1,0,none,baostock,query_history_k_data_plus
600023,SHSE.600023,,SH,A股-上交所,2025-03-19,5.54,5.63,5.51,5.61,5.54,58836575,328568650.87,1.2635,0.4388,1,0,none,baostock,query_history_k_data_plus
600023,SHSE.600023,,SH,A股-上交所,2025-03-20,5.61,5.66,5.59,5.61,5.61,43628734,245245370.92,0.0,0.3254,1,0,none,baostock,query_history_k_data_plus
600023,SHSE.600023,,SH,A股-上交所,2025-03-21,5.61,5.71,5.59,5.64,5.61,60966823,344738934.91,0.5348,0.4547,1,0,none,baostock,query_history_k_data_plus
600023,SHSE.600023,,SH,A股-上交所,2025-03-24,5.63,5.68,5.6,5.64,5.64,43857752,247318905.04,0.0,0.3271,1,0,none,baostock,query_history_k_data_plus
600023,SHSE.600023,,SH,A股-上交所,2025-03-25,5.65,5.9,5.6,5.79,5.64,132821078,769495779.31,2.6596,0.9906,1,0,none,baostock,query_history_k_data_plus
600023,SHSE.600023,,SH,A股-上交所,2025-03-26,5.76,5.8,5.69,5.75,5.79,96113599,551547278.18,-0.6908,0.7168,1,0,none,baostock,query_history_k_data_plus
600023,SHSE.600023,,SH,A股-上交所,2025-03-27,5.75,5.77,5.59,5.6,5.75,74927336,422552117.09,-2.6087,0.5588,1,0,none,baostock,query_history_k_data_plus
600023,SHSE.600023,,SH,A股-上交所,2025-03-28,5.61,5.66,5.57,5.61,5.6,50987700,286643280.0,0.1786,0.3803,1,0,none,baostock,query_history_k_data_plus
600023,SHSE.600023,,SH,A股-上交所,2025-03-31,5.63,5.8,5.62,5.7,5.61,86771722,496250721.08,1.6043,0.6471,1,0,none,baostock,query_history_k_data_plus
600023,SHSE.600023,,SH,A股-上交所,2025-04-01,5.7,5.88,5.67,5.85,5.7,85351169,495419650.11,2.6316,0.6365,1,0,none,baostock,query_history_k_data_plus
600023,SHSE.600023,,SH,A股-上交所,2025-04-02,5.82,5.83,5.72,5.76,5.85,73661936,424504151.63,-1.5385,0.5494,1,0,none,baostock,query_history_k_data_plus
600023,SHSE.600023,,SH,A股-上交所,2025-04-03,5.73,5.86,5.72,5.79,5.76,70187118,406142127.05,0.5208,0.5234,1,0,none,baostock,query_history_k_data_plus
600023,SHSE.600023,,SH,A股-上交所,2025-04-07,5.6,5.69,5.36,5.55,5.79,123544986,684609008.3,-4.1451,0.9214,1,0,none,baostock,query_history_k_data_plus
600023,SHSE.600023,,SH,A股-上交所,2025-04-08,5.52,5.65,5.48,5.58,5.55,105485391,586906193.36,0.5405,0.7867,1,0,none,baostock,query_history_k_data_plus
600023,SHSE.600023,,SH,A股-上交所,2025-04-09,5.5,5.61,5.42,5.61,5.58,104046749,574090462.47,0.5376,0.776,1,0,none,baostock,query_history_k_data_plus
600023,SHSE.600023,,SH,A股-上交所,2025-04-10,5.63,5.66,5.56,5.58,5.61,77085736,431601919.29,-0.5348,0.5749,1,0,none,baostock,query_history_k_data_plus
600023,SHSE.600023,,SH,A股-上交所,2025-04-11,5.6,5.62,5.49,5.54,5.58,58039243,321434399.19,-0.7168,0.4328,1,0,none,baostock,query_history_k_data_plus
600023,SHSE.600023,,SH,A股-上交所,2025-04-14,5.56,5.66,5.51,5.65,5.54,65806946,368890411.52,1.9856,0.4908,1,0,none,baostock,query_history_k_data_plus
600023,SHSE.600023,,SH,A股-上交所,2025-04-15,5.65,5.69,5.57,5.69,5.65,53843938,302790506.08,0.708,0.4016,1,0,none,baostock,query_history_k_data_plus
600023,SHSE.600023,,SH,A股-上交所,2025-04-16,5.67,5.74,5.62,5.69,5.69,58677527,332429874.11,0.0,0.4376,1,0,none,baostock,query_history_k_data_plus
600023,SHSE.600023,,SH,A股-上交所,2025-04-17,5.65,5.71,5.61,5.69,5.69,44885477,254637857.35,0.0,0.3347,1,0,none,baostock,query_history_k_data_plus
600023,SHSE.600023,,SH,A股-上交所,2025-04-18,5.67,5.67,5.58,5.6,5.69,47517039,266585650.79,-1.5817,0.3544,1,0,none,baostock,query_history_k_data_plus
600023,SHSE.600023,,SH,A股-上交所,2025-04-21,5.6,5.78,5.59,5.75,5.6,82454793,471611392.6,2.6786,0.6149,1,0,none,baostock,query_history_k_data_plus
600023,SHSE.600023,,SH,A股-上交所,2025-04-22,5.73,5.78,5.69,5.69,5.75,39729315,227768756.01,-1.0435,0.2963,1,0,none,baostock,query_history_k_data_plus
600023,SHSE.600023,,SH,A股-上交所,2025-04-23,5.7,5.71,5.65,5.65,5.69,48983489,277575430.85,-0.703,0.3653,1,0,none,baostock,query_history_k_data_plus
600023,SHSE.600023,,SH,A股-上交所,2025-04-24,5.66,5.77,5.65,5.75,5.65,63369848,363267901.2,1.7699,0.4726,1,0,none,baostock,query_history_k_data_plus
600023,SHSE.600023,,SH,A股-上交所,2025-04-25,5.76,5.83,5.72,5.81,5.75,63845930,368971177.02,1.0435,0.4762,1,0,none,baostock,query_history_k_data_plus
600023,SHSE.600023,,SH,A股-上交所,2025-04-28,5.88,5.89,5.71,5.84,5.81,96318145,561462996.99,0.5164,0.7183,1,0,none,baostock,query_history_k_data_plus
600023,SHSE.600023,,SH,A股-上交所,2025-04-29,5.5,5.55,5.27,5.32,5.84,202157902,1082498957.59,-8.9041,1.5077,1,0,none,baostock,query_history_k_data_plus
600023,SHSE.600023,,SH,A股-上交所,2025-04-30,5.31,5.32,5.24,5.25,5.32,89243384,470124482.26,-1.3158,0.6656,1,0,none,baostock,query_history_k_data_plus
600023,SHSE.600023,,SH,A股-上交所,2025-05-06,5.26,5.31,5.24,5.31,5.25,67665550,357323937.69,1.1429,0.5046,1,0,none,baostock,query_history_k_data_plus
600023,SHSE.600023,,SH,A股-上交所,2025-05-07,5.34,5.35,5.3,5.32,5.31,49708553,264405872.61,0.1883,0.3707,1,0,none,baostock,query_history_k_data_plus
600023,SHSE.600023,,SH,A股-上交所,2025-05-08,5.3,5.34,5.29,5.33,5.32,40102059,213552473.2,0.188,0.2991,1,0,none,baostock,query_history_k_data_plus
600023,SHSE.600023,,SH,A股-上交所,2025-05-09,5.33,5.37,5.31,5.31,5.33,50165511,267563903.25,-0.3752,0.3741,1,0,none,baostock,query_history_k_data_plus
600023,SHSE.600023,,SH,A股-上交所,2025-05-12,5.31,5.33,5.28,5.3,5.31,46123865,244335254.48,-0.1883,0.344,1,0,none,baostock,query_history_k_data_plus
600023,SHSE.600023,,SH,A股-上交所,2025-05-13,5.32,5.32,5.29,5.31,5.3,36296352,192636797.6,0.1887,0.2707,1,0,none,baostock,query_history_k_data_plus
600023,SHSE.600023,,SH,A股-上交所,2025-05-14,5.32,5.35,5.29,5.34,5.31,49159315,261558303.28,0.565,0.3666,1,0,none,baostock,query_history_k_data_plus
600023,SHSE.600023,,SH,A股-上交所,2025-05-15,5.34,5.42,5.33,5.36,5.34,58795953,316409245.8,0.3745,0.4385,1,0,none,baostock,query_history_k_data_plus
600023,SHSE.600023,,SH,A股-上交所,2025-05-16,5.36,5.38,5.33,5.33,5.36,40128075,214599646.98,-0.5597,0.2993,1,0,none,baostock,query_history_k_data_plus
600023,SHSE.600023,,SH,A股-上交所,2025-05-19,5.33,5.37,5.32,5.35,5.33,27697816,148167395.78,0.3752,0.2066,1,0,none,baostock,query_history_k_data_plus
600023,SHSE.600023,,SH,A股-上交所,2025-05-20,5.36,5.42,5.35,5.41,5.35,47436649,255639134.09,1.1215,0.3538,1,0,none,baostock,query_history_k_data_plus
600023,SHSE.600023,,SH,A股-上交所,2025-05-21,5.41,5.51,5.4,5.43,5.41,75335116,411086824.96,0.3697,0.5618,1,0,none,baostock,query_history_k_data_plus
600023,SHSE.600023,,SH,A股-上交所,2025-05-22,5.44,5.44,5.39,5.41,5.43,36245945,195984269.39,-0.3683,0.2703,1,0,none,baostock,query_history_k_data_plus
600023,SHSE.600023,,SH,A股-上交所,2025-05-23,5.4,5.42,5.33,5.34,5.41,40706763,218889432.79,-1.2939,0.3036,1,0,none,baostock,query_history_k_data_plus
600023,SHSE.600023,,SH,A股-上交所,2025-05-26,5.34,5.41,5.34,5.4,5.34,44276756,238192121.29,1.1236,0.3302,1,0,none,baostock,query_history_k_data_plus
600023,SHSE.600023,,SH,A股-上交所,2025-05-27,5.39,5.41,5.34,5.36,5.4,34332681,184213817.34,-0.7407,0.256,1,0,none,baostock,query_history_k_data_plus
600023,SHSE.600023,,SH,A股-上交所,2025-05-28,5.36,5.37,5.32,5.32,5.36,38737071,206877018.53,-0.7463,0.2889,1,0,none,baostock,query_history_k_data_plus
600023,SHSE.600023,,SH,A股-上交所,2025-05-29,5.33,5.37,5.32,5.36,5.32,30241351,161962294.89,0.7519,0.2255,1,0,none,baostock,query_history_k_data_plus
600023,SHSE.600023,,SH,A股-上交所,2025-05-30,5.36,5.39,5.34,5.35,5.36,33557207,179711534.52,-0.1866,0.2503,1,0,none,baostock,query_history_k_data_plus
600023,SHSE.600023,,SH,A股-上交所,2025-06-03,5.34,5.34,5.28,5.31,5.35,58838943,312097521.9,-0.7477,0.4388,1,0,none,baostock,query_history_k_data_plus
600023,SHSE.600023,,SH,A股-上交所,2025-06-04,5.31,5.32,5.3,5.31,5.31,27102234,143880425.59,0.0,0.2021,1,0,none,baostock,query_history_k_data_plus
600023,SHSE.600023,,SH,A股-上交所,2025-06-05,5.31,5.34,5.31,5.33,5.31,24420932,129935685.72,0.3766,0.1821,1,0,none,baostock,query_history_k_data_plus
600023,SHSE.600023,,SH,A股-上交所,2025-06-06,5.33,5.35,5.31,5.34,5.33,28610535,152680830.89,0.1876,0.2134,1,0,none,baostock,query_history_k_data_plus
600023,SHSE.600023,,SH,A股-上交所,2025-06-09,5.34,5.37,5.32,5.36,5.34,38315341,204736274.92,0.3745,0.2857,1,0,none,baostock,query_history_k_data_plus
600023,SHSE.600023,,SH,A股-上交所,2025-06-10,5.35,5.4,5.33,5.35,5.36,53195988,285600098.23,-0.1866,0.3967,1,0,none,baostock,query_history_k_data_plus
600023,SHSE.600023,,SH,A股-上交所,2025-06-11,5.35,5.38,5.33,5.36,5.35,29562019,158471385.84,0.1869,0.2205,1,0,none,baostock,query_history_k_data_plus
600023,SHSE.600023,,SH,A股-上交所,2025-06-12,5.36,5.37,5.33,5.35,5.36,26254052,140349360.15,-0.1866,0.1958,1,0,none,baostock,query_history_k_data_plus
600023,SHSE.600023,,SH,A股-上交所,2025-06-13,5.35,5.41,5.34,5.38,5.35,54872924,295264947.09,0.5607,0.4092,1,0,none,baostock,query_history_k_data_plus
600023,SHSE.600023,,SH,A股-上交所,2025-06-16,5.37,5.38,5.33,5.34,5.38,40396658,215848683.16,-0.7435,0.3013,1,0,none,baostock,query_history_k_data_plus
600023,SHSE.600023,,SH,A股-上交所,2025-06-17,5.35,5.4,5.33,5.39,5.34,49966413,268402933.51,0.9363,0.3726,1,0,none,baostock,query_history_k_data_plus
600023,SHSE.600023,,SH,A股-上交所,2025-06-18,5.39,5.43,5.36,5.37,5.39,39956742,215417084.16,-0.3711,0.298,1,0,none,baostock,query_history_k_data_plus
600023,SHSE.600023,,SH,A股-上交所,2025-06-19,5.37,5.38,5.3,5.3,5.37,49013448,260841039.4,-1.3035,0.3655,1,0,none,baostock,query_history_k_data_plus
600023,SHSE.600023,,SH,A股-上交所,2025-06-20,5.3,5.33,5.29,5.29,5.3,26153089,138752347.11,-0.1887,0.195,1,0,none,baostock,query_history_k_data_plus
600023,SHSE.600023,,SH,A股-上交所,2025-06-23,5.29,5.3,5.25,5.29,5.29,34190350,180291052.5,0.0,0.255,1,0,none,baostock,query_history_k_data_plus
600023,SHSE.600023,,SH,A股-上交所,2025-06-24,5.29,5.32,5.28,5.31,5.29,33677231,178719419.68,0.3781,0.2512,1,0,none,baostock,query_history_k_data_plus
600023,SHSE.600023,,SH,A股-上交所,2025-06-25,5.31,5.33,5.29,5.33,5.31,37226315,197814310.25,0.3766,0.2776,1,0,none,baostock,query_history_k_data_plus
600023,SHSE.600023,,SH,A股-上交所,2025-06-26,5.33,5.35,5.31,5.31,5.33,33289407,177404950.53,-0.3752,0.2483,1,0,none,baostock,query_history_k_data_plus
600023,SHSE.600023,,SH,A股-上交所,2025-06-27,5.32,5.34,5.29,5.3,5.31,40868133,216922424.56,-0.1883,0.3048,1,0,none,baostock,query_history_k_data_plus
600023,SHSE.600023,,SH,A股-上交所,2025-06-30,5.31,5.32,5.29,5.3,5.3,28296400,150013379.0,0.0,0.211,1,0,none,baostock,query_history_k_data_plus
600023,SHSE.600023,,SH,A股-上交所,2025-07-01,5.3,5.35,5.29,5.34,5.3,41981346,223626752.18,0.7547,0.3131,1,0,none,baostock,query_history_k_data_plus
600023,SHSE.600023,,SH,A股-上交所,2025-07-02,5.33,5.37,5.33,5.36,5.34,37443341,200479379.35,0.3745,0.2792,1,0,none,baostock,query_history_k_data_plus
600023,SHSE.600023,,SH,A股-上交所,2025-07-03,5.38,5.46,5.36,5.45,5.36,77171131,417786731.05,1.6791,0.5755,1,0,none,baostock,query_history_k_data_plus
600023,SHSE.600023,,SH,A股-上交所,2025-07-04,5.47,5.59,5.45,5.58,5.45,96473835,534681103.97,2.3853,0.7195,1,0,none,baostock,query_history_k_data_plus
600023,SHSE.600023,,SH,A股-上交所,2025-07-07,5.63,5.67,5.57,5.62,5.58,82267156,462055044.08,0.7168,0.6135,1,0,none,baostock,query_history_k_data_plus
600023,SHSE.600023,,SH,A股-上交所,2025-07-08,5.63,5.65,5.57,5.64,5.62,68754208,386549255.25,0.3559,0.5128,1,0,none,baostock,query_history_k_data_plus
600023,SHSE.600023,,SH,A股-上交所,2025-07-09,5.33,5.38,5.21,5.22,5.35,105395429,556314345.15,-2.4299,0.786,1,0,none,baostock,query_history_k_data_plus
600023,SHSE.600023,,SH,A股-上交所,2025-07-10,5.24,5.26,5.17,5.18,5.22,94636609,492357080.74,-0.7663,0.7058,1,0,none,baostock,query_history_k_data_plus
600023,SHSE.600023,,SH,A股-上交所,2025-07-11,5.18,5.2,5.12,5.13,5.18,98055515,505997036.91,-0.9653,0.7313,1,0,none,baostock,query_history_k_data_plus
600023,SHSE.600023,,SH,A股-上交所,2025-07-14,5.14,5.2,5.13,5.16,5.13,70806466,366144836.75,0.5848,0.5281,1,0,none,baostock,query_history_k_data_plus
600023,SHSE.600023,,SH,A股-上交所,2025-07-15,5.17,5.18,5.07,5.1,5.16,75729685,386625294.66,-1.1628,0.5648,1,0,none,baostock,query_history_k_data_plus
600023,SHSE.600023,,SH,A股-上交所,2025-07-16,5.1,5.12,5.08,5.09,5.1,40263820,205224451.8,-0.1961,0.3003,1,0,none,baostock,query_history_k_data_plus
600023,SHSE.600023,,SH,A股-上交所,2025-07-17,5.11,5.12,5.08,5.11,5.09,40419242,206095450.86,0.3929,0.3014,1,0,none,baostock,query_history_k_data_plus
600023,SHSE.600023,,SH,A股-上交所,2025-07-18,5.11,5.15,5.1,5.14,5.11,52350083,268814466.14,0.5871,0.3904,1,0,none,baostock,query_history_k_data_plus
600023,SHSE.600023,,SH,A股-上交所,2025-07-21,5.14,5.17,5.14,5.17,5.14,48820596,251756132.8,0.5837,0.3641,1,0,none,baostock,query_history_k_data_plus
600023,SHSE.600023,,SH,A股-上交所,2025-07-22,5.17,5.23,5.15,5.23,5.17,81840823,425081894.61,1.1605,0.6104,1,0,none,baostock,query_history_k_data_plus
600023,SHSE.600023,,SH,A股-上交所,2025-07-23,5.75,5.75,5.33,5.39,5.23,270544380,1489729501.05,3.0593,2.0177,1,0,none,baostock,query_history_k_data_plus
600023,SHSE.600023,,SH,A股-上交所,2025-07-24,5.34,5.37,5.26,5.36,5.39,122969484,653616613.91,-0.5566,0.9171,1,0,none,baostock,query_history_k_data_plus
600023,SHSE.600023,,SH,A股-上交所,2025-07-25,5.36,5.37,5.24,5.25,5.36,93488423,494538555.45,-2.0522,0.6972,1,0,none,baostock,query_history_k_data_plus
600023,SHSE.600023,,SH,A股-上交所,2025-07-28,5.25,5.26,5.22,5.22,5.25,44953381,235285651.18,-0.5714,0.3353,1,0,none,baostock,query_history_k_data_plus
600023,SHSE.600023,,SH,A股-上交所,2025-07-29,5.21,5.24,5.17,5.2,5.22,52961166,275257453.54,-0.3831,0.395,1,0,none,baostock,query_history_k_data_plus
600023,SHSE.600023,,SH,A股-上交所,2025-07-30,5.2,5.27,5.2,5.24,5.2,60311467,316198070.97,0.7692,0.4498,1,0,none,baostock,query_history_k_data_plus
600023,SHSE.600023,,SH,A股-上交所,2025-07-31,5.23,5.24,5.18,5.19,5.24,52185004,271514303.57,-0.9542,0.3892,1,0,none,baostock,query_history_k_data_plus
600023,SHSE.600023,,SH,A股-上交所,2025-08-01,5.18,5.24,5.18,5.2,5.19,39347404,205091225.84,0.1927,0.2934,1,0,none,baostock,query_history_k_data_plus
600023,SHSE.600023,,SH,A股-上交所,2025-08-04,5.19,5.24,5.18,5.23,5.2,32878307,171634792.24,0.5769,0.2452,1,0,none,baostock,query_history_k_data_plus
600023,SHSE.600023,,SH,A股-上交所,2025-08-05,5.23,5.25,5.21,5.25,5.23,28269406,148111671.44,0.3824,0.2108,1,0,none,baostock,query_history_k_data_plus
600023,SHSE.600023,,SH,A股-上交所,2025-08-06,5.25,5.26,5.22,5.24,5.25,30706253,160797469.71,-0.1905,0.229,1,0,none,baostock,query_history_k_data_plus
600023,SHSE.600023,,SH,A股-上交所,2025-08-07,5.24,5.25,5.22,5.24,5.24,25989166,136119670.18,0.0,0.1938,1,0,none,baostock,query_history_k_data_plus
600023,SHSE.600023,,SH,A股-上交所,2025-08-08,5.24,5.27,5.23,5.26,5.24,40854071,214640548.99,0.3817,0.3047,1,0,none,baostock,query_history_k_data_plus
600023,SHSE.600023,,SH,A股-上交所,2025-08-11,5.25,5.26,5.21,5.22,5.26,32772855,171263666.38,-0.7605,0.2444,1,0,none,baostock,query_history_k_data_plus
600023,SHSE.600023,,SH,A股-上交所,2025-08-12,5.23,5.23,5.2,5.21,5.22,34635776,180424207.86,-0.1916,0.2583,1,0,none,baostock,query_history_k_data_plus
600023,SHSE.600023,,SH,A股-上交所,2025-08-13,5.21,5.21,5.18,5.19,5.21,37976839,197174833.85,-0.3839,0.2832,1,0,none,baostock,query_history_k_data_plus
600023,SHSE.600023,,SH,A股-上交所,2025-08-14,5.2,5.2,5.15,5.15,5.19,33014855,170727502.45,-0.7707,0.2462,1,0,none,baostock,query_history_k_data_plus
600023,SHSE.600023,,SH,A股-上交所,2025-08-15,5.15,5.19,5.14,5.18,5.15,30621876,158321268.09,0.5825,0.2284,1,0,none,baostock,query_history_k_data_plus
600023,SHSE.600023,,SH,A股-上交所,2025-08-18,5.18,5.2,5.17,5.19,5.18,43632098,226309122.18,0.1931,0.3254,1,0,none,baostock,query_history_k_data_plus
600023,SHSE.600023,,SH,A股-上交所,2025-08-19,5.19,5.2,5.17,5.17,5.19,30973235,160388157.33,-0.3854,0.231,1,0,none,baostock,query_history_k_data_plus
600023,SHSE.600023,,SH,A股-上交所,2025-08-20,5.17,5.18,5.15,5.18,5.17,29120199,150376499.69,0.1934,0.2172,1,0,none,baostock,query_history_k_data_plus
600023,SHSE.600023,,SH,A股-上交所,2025-08-21,5.18,5.22,5.17,5.2,5.18,48742784,253549466.61,0.3861,0.3635,1,0,none,baostock,query_history_k_data_plus
600023,SHSE.600023,,SH,A股-上交所,2025-08-22,5.21,5.22,5.16,5.2,5.2,44330165,229827386.84,0.0,0.3306,1,0,none,baostock,query_history_k_data_plus
600023,SHSE.600023,,SH,A股-上交所,2025-08-25,5.21,5.24,5.2,5.24,5.2,65965491,344602182.33,0.7692,0.492,1,0,none,baostock,query_history_k_data_plus
600023,SHSE.600023,,SH,A股-上交所,2025-08-26,5.25,5.27,5.22,5.27,5.24,49450191,259186028.76,0.5725,0.3688,1,0,none,baostock,query_history_k_data_plus
600023,SHSE.600023,,SH,A股-上交所,2025-08-27,5.27,5.33,5.16,5.16,5.27,102756969,537917086.73,-2.0873,0.7663,1,0,none,baostock,query_history_k_data_plus
600023,SHSE.600023,,SH,A股-上交所,2025-08-28,5.17,5.19,5.1,5.14,5.16,65445382,336713541.91,-0.3876,0.4881,1,0,none,baostock,query_history_k_data_plus
600023,SHSE.600023,,SH,A股-上交所,2025-08-29,5.16,5.26,5.07,5.08,5.14,216202072,1112043409.63,-1.1673,1.6124,1,0,none,baostock,query_history_k_data_plus
600023,SHSE.600023,,SH,A股-上交所,2025-09-01,5.09,5.14,5.07,5.09,5.08,110793508,565307158.95,0.1969,0.8263,1,0,none,baostock,query_history_k_data_plus
600023,SHSE.600023,,SH,A股-上交所,2025-09-02,5.09,5.16,5.09,5.15,5.09,95146342,487932623.5,1.1788,0.7096,1,0,none,baostock,query_history_k_data_plus
600023,SHSE.600023,,SH,A股-上交所,2025-09-03,5.15,5.18,5.08,5.12,5.15,54462300,278805174.0,-0.5825,0.4062,1,0,none,baostock,query_history_k_data_plus
600023,SHSE.600023,,SH,A股-上交所,2025-09-04,5.1,5.11,5.06,5.1,5.12,63611041,323207465.45,-0.3906,0.4744,1,0,none,baostock,query_history_k_data_plus
600023,SHSE.600023,,SH,A股-上交所,2025-09-05,5.1,5.11,5.07,5.1,5.1,43028927,218942106.29,0.0,0.3209,1,0,none,baostock,query_history_k_data_plus
600023,SHSE.600023,,SH,A股-上交所,2025-09-08,5.11,5.19,5.11,5.15,5.1,96816284,499275346.9,0.9804,0.722,1,0,none,baostock,query_history_k_data_plus
600023,SHSE.600023,,SH,A股-上交所,2025-09-09,5.15,5.17,5.12,5.15,5.15,67002110,344284211.73,0.0,0.4997,1,0,none,baostock,query_history_k_data_plus
600023,SHSE.600023,,SH,A股-上交所,2025-09-10,5.15,5.16,5.11,5.14,5.15,36787065,188787040.56,-0.1942,0.2744,1,0,none,baostock,query_history_k_data_plus
600023,SHSE.600023,,SH,A股-上交所,2025-09-11,5.13,5.17,5.12,5.16,5.14,52610788,270777407.18,0.3891,0.3924,1,0,none,baostock,query_history_k_data_plus
600023,SHSE.600023,,SH,A股-上交所,2025-09-12,5.16,5.19,5.11,5.13,5.16,114566020,589221070.89,-0.5814,0.8544,1,0,none,baostock,query_history_k_data_plus
600023,SHSE.600023,,SH,A股-上交所,2025-09-15,5.13,5.14,5.09,5.11,5.13,46990458,240170521.66,-0.3899,0.3504,1,0,none,baostock,query_history_k_data_plus
600023,SHSE.600023,,SH,A股-上交所,2025-09-16,5.12,5.12,5.07,5.09,5.11,56201765,285839919.07,-0.3914,0.4191,1,0,none,baostock,query_history_k_data_plus
600023,SHSE.600023,,SH,A股-上交所,2025-09-17,5.09,5.12,5.07,5.1,5.09,44202451,225233118.06,0.1965,0.3297,1,0,none,baostock,query_history_k_data_plus
600023,SHSE.600023,,SH,A股-上交所,2025-09-18,5.1,5.11,5.0,5.02,5.1,109684342,554096203.54,-1.5686,0.818,1,0,none,baostock,query_history_k_data_plus
600023,SHSE.600023,,SH,A股-上交所,2025-09-19,5.02,5.03,4.97,4.99,5.02,52377472,261325225.96,-0.5976,0.3906,1,0,none,baostock,query_history_k_data_plus
600023,SHSE.600023,,SH,A股-上交所,2025-09-22,4.99,5.0,4.94,4.97,4.99,51879011,257447180.44,-0.4008,0.3869,1,0,none,baostock,query_history_k_data_plus
600023,SHSE.600023,,SH,A股-上交所,2025-09-23,4.96,4.97,4.91,4.96,4.97,55318297,273251368.12,-0.2012,0.4126,1,0,none,baostock,query_history_k_data_plus
600023,SHSE.600023,,SH,A股-上交所,2025-09-24,4.94,4.97,4.93,4.95,4.96,39005807,192803055.52,-0.2016,0.2909,1,0,none,baostock,query_history_k_data_plus
600023,SHSE.600023,,SH,A股-上交所,2025-09-25,4.96,4.96,4.92,4.94,4.95,39148703,193505384.67,-0.202,0.292,1,0,none,baostock,query_history_k_data_plus
600023,SHSE.600023,,SH,A股-上交所,2025-09-26,4.93,4.97,4.93,4.96,4.94,47815257,236984401.58,0.4049,0.3566,1,0,none,baostock,query_history_k_data_plus
600023,SHSE.600023,,SH,A股-上交所,2025-09-29,4.96,5.02,4.93,4.96,4.96,67574679,335615232.05,0.0,0.504,1,0,none,baostock,query_history_k_data_plus
600023,SHSE.600023,,SH,A股-上交所,2025-09-30,4.96,4.97,4.94,4.95,4.96,49197516,243643207.51,-0.2016,0.3669,1,0,none,baostock,query_history_k_data_plus
600023,SHSE.600023,,SH,A股-上交所,2025-10-09,5.0,5.16,4.99,5.16,4.95,181682896,926207979.62,4.2424,1.355,1,0,none,baostock,query_history_k_data_plus
600023,SHSE.600023,,SH,A股-上交所,2025-10-10,5.16,5.21,5.12,5.21,5.16,131514726,682610461.65,0.969,0.9808,1,0,none,baostock,query_history_k_data_plus
600023,SHSE.600023,,SH,A股-上交所,2025-10-13,5.15,5.2,5.1,5.18,5.21,91044362,468297915.77,-0.5758,0.679,1,0,none,baostock,query_history_k_data_plus
600023,SHSE.600023,,SH,A股-上交所,2025-10-14,5.18,5.25,5.17,5.23,5.18,106558791,556153306.37,0.9653,0.7947,1,0,none,baostock,query_history_k_data_plus
600023,SHSE.600023,,SH,A股-上交所,2025-10-15,5.23,5.28,5.18,5.24,5.23,95672392,500168627.56,0.1912,0.7135,1,0,none,baostock,query_history_k_data_plus
600023,SHSE.600023,,SH,A股-上交所,2025-10-16,5.23,5.26,5.19,5.24,5.24,76882214,401839393.38,0.0,0.5734,1,0,none,baostock,query_history_k_data_plus
600023,SHSE.600023,,SH,A股-上交所,2025-10-17,5.2,5.24,5.17,5.18,5.19,75090775,390354736.25,-0.1927,0.56,1,0,none,baostock,query_history_k_data_plus
600023,SHSE.600023,,SH,A股-上交所,2025-10-20,5.19,5.2,5.08,5.16,5.18,81322194,417446726.39,-0.3861,0.6065,1,0,none,baostock,query_history_k_data_plus
600023,SHSE.600023,,SH,A股-上交所,2025-10-21,5.16,5.21,5.14,5.17,5.16,51194350,264787453.56,0.1938,0.3818,1,0,none,baostock,query_history_k_data_plus
600023,SHSE.600023,,SH,A股-上交所,2025-10-22,5.15,5.19,5.15,5.17,5.17,39020940,201690594.4,0.0,0.291,1,0,none,baostock,query_history_k_data_plus
600023,SHSE.600023,,SH,A股-上交所,2025-10-23,5.16,5.23,5.15,5.22,5.17,65761449,342016406.77,0.9671,0.4904,1,0,none,baostock,query_history_k_data_plus
600023,SHSE.600023,,SH,A股-上交所,2025-10-24,5.22,5.23,5.16,5.18,5.22,53665400,278384607.0,-0.7663,0.4002,1,0,none,baostock,query_history_k_data_plus
600023,SHSE.600023,,SH,A股-上交所,2025-10-27,5.2,5.36,5.18,5.3,5.18,127368252,673908619.28,2.3166,0.9499,1,0,none,baostock,query_history_k_data_plus
600023,SHSE.600023,,SH,A股-上交所,2025-10-28,5.31,5.32,5.23,5.25,5.3,67397338,355082178.68,-0.9434,0.5026,1,0,none,baostock,query_history_k_data_plus
600023,SHSE.600023,,SH,A股-上交所,2025-10-29,5.3,5.37,5.25,5.35,5.25,86419748,460117120.43,1.9048,0.6445,1,0,none,baostock,query_history_k_data_plus
600023,SHSE.600023,,SH,A股-上交所,2025-10-30,5.25,5.31,5.18,5.28,5.35,118072390,620253575.32,-1.3084,0.8806,1,0,none,baostock,query_history_k_data_plus
600023,SHSE.600023,,SH,A股-上交所,2025-10-31,5.26,5.28,5.16,5.16,5.28,101033675,524486284.33,-2.2727,0.7535,1,0,none,baostock,query_history_k_data_plus
600023,SHSE.600023,,SH,A股-上交所,2025-11-03,5.18,5.25,5.17,5.22,5.16,75736283,394734707.14,1.1628,0.5648,1,0,none,baostock,query_history_k_data_plus
600023,SHSE.600023,,SH,A股-上交所,2025-11-04,5.22,5.28,5.2,5.25,5.22,64614118,339134744.34,0.5747,0.4819,1,0,none,baostock,query_history_k_data_plus
600023,SHSE.600023,,SH,A股-上交所,2025-11-05,5.23,5.31,5.2,5.29,5.25,70094968,369448999.64,0.7619,0.5228,1,0,none,baostock,query_history_k_data_plus
600023,SHSE.600023,,SH,A股-上交所,2025-11-06,5.3,5.41,5.3,5.38,5.29,93459460,501495614.55,1.7013,0.697,1,0,none,baostock,query_history_k_data_plus
600023,SHSE.600023,,SH,A股-上交所,2025-11-07,5.37,5.43,5.32,5.33,5.38,66479474,356679386.83,-0.9294,0.4958,1,0,none,baostock,query_history_k_data_plus
600023,SHSE.600023,,SH,A股-上交所,2025-11-10,5.35,5.38,5.33,5.36,5.33,51656494,276662442.88,0.5629,0.3852,1,0,none,baostock,query_history_k_data_plus
600023,SHSE.600023,,SH,A股-上交所,2025-11-11,5.36,5.37,5.31,5.33,5.36,41417757,220826351.5,-0.5597,0.3089,1,0,none,baostock,query_history_k_data_plus
600023,SHSE.600023,,SH,A股-上交所,2025-11-12,5.34,5.35,5.29,5.3,5.33,44778168,238186384.6,-0.5629,0.3339,1,0,none,baostock,query_history_k_data_plus
600023,SHSE.600023,,SH,A股-上交所,2025-11-13,5.31,5.32,5.23,5.26,5.3,62038082,326204947.14,-0.7547,0.4627,1,0,none,baostock,query_history_k_data_plus
600023,SHSE.600023,,SH,A股-上交所,2025-11-14,5.25,5.27,5.2,5.21,5.26,52291772,273687999.79,-0.9506,0.39,1,0,none,baostock,query_history_k_data_plus
600023,SHSE.600023,,SH,A股-上交所,2025-11-17,5.21,5.22,5.13,5.15,5.21,68121676,351410636.16,-1.1516,0.508,1,0,none,baostock,query_history_k_data_plus
600023,SHSE.600023,,SH,A股-上交所,2025-11-18,5.14,5.16,5.08,5.08,5.15,59974903,306738293.39,-1.3592,0.4473,1,0,none,baostock,query_history_k_data_plus
600023,SHSE.600023,,SH,A股-上交所,2025-11-19,5.09,5.14,5.08,5.12,5.08,48351360,247328708.65,0.7874,0.3606,1,0,none,baostock,query_history_k_data_plus
600023,SHSE.600023,,SH,A股-上交所,2025-11-20,5.12,5.16,5.11,5.12,5.12,49339872,253458259.74,0.0,0.368,1,0,none,baostock,query_history_k_data_plus
600023,SHSE.600023,,SH,A股-上交所,2025-11-21,5.12,5.12,5.03,5.04,5.12,61092028,310161655.2,-1.5625,0.4556,1,0,none,baostock,query_history_k_data_plus
600023,SHSE.600023,,SH,A股-上交所,2025-11-24,5.06,5.08,5.01,5.01,5.04,65961445,331706729.99,-0.5952,0.4919,1,0,none,baostock,query_history_k_data_plus
600023,SHSE.600023,,SH,A股-上交所,2025-11-25,5.02,5.04,5.01,5.03,5.01,49151760,247118923.5,0.3992,0.3666,1,0,none,baostock,query_history_k_data_plus
600023,SHSE.600023,,SH,A股-上交所,2025-11-26,5.04,5.07,5.02,5.03,5.03,34523286,173837686.76,0.0,0.2575,1,0,none,baostock,query_history_k_data_plus
600023,SHSE.600023,,SH,A股-上交所,2025-11-27,5.04,5.07,5.02,5.06,5.03,34511729,174348441.87,0.5964,0.2574,1,0,none,baostock,query_history_k_data_plus
600023,SHSE.600023,,SH,A股-上交所,2025-11-28,5.05,5.06,5.02,5.03,5.06,34114250,171803625.27,-0.5929,0.2544,1,0,none,baostock,query_history_k_data_plus
600023,SHSE.600023,,SH,A股-上交所,2025-12-01,5.04,5.08,5.02,5.07,5.03,38763682,195947007.21,0.7952,0.2891,1,0,none,baostock,query_history_k_data_plus
600023,SHSE.600023,,SH,A股-上交所,2025-12-02,5.06,5.11,5.06,5.11,5.07,39510814,201192987.24,0.789,0.2947,1,0,none,baostock,query_history_k_data_plus
600023,SHSE.600023,,SH,A股-上交所,2025-12-03,5.11,5.19,5.1,5.16,5.11,64305969,331418285.73,0.9785,0.4796,1,0,none,baostock,query_history_k_data_plus
600023,SHSE.600023,,SH,A股-上交所,2025-12-04,5.16,5.18,5.13,5.17,5.16,38211866,197091650.56,0.1938,0.285,1,0,none,baostock,query_history_k_data_plus
600023,SHSE.600023,,SH,A股-上交所,2025-12-05,5.17,5.18,5.13,5.16,5.17,34523331,177956157.65,-0.1934,0.2575,1,0,none,baostock,query_history_k_data_plus
600023,SHSE.600023,,SH,A股-上交所,2025-12-08,5.15,5.17,5.11,5.12,5.16,45655828,234174921.76,-0.7752,0.3405,1,0,none,baostock,query_history_k_data_plus
600023,SHSE.600023,,SH,A股-上交所,2025-12-09,5.13,5.16,5.11,5.11,5.12,28839995,147922523.45,-0.1953,0.2151,1,0,none,baostock,query_history_k_data_plus
600023,SHSE.600023,,SH,A股-上交所,2025-12-10,5.11,5.15,5.1,5.14,5.11,33743424,173191343.12,0.5871,0.2517,1,0,none,baostock,query_history_k_data_plus
600023,SHSE.600023,,SH,A股-上交所,2025-12-11,5.14,5.18,5.13,5.14,5.14,36977100,190747158.68,0.0,0.2758,1,0,none,baostock,query_history_k_data_plus
600023,SHSE.600023,,SH,A股-上交所,2025-12-12,5.14,5.17,5.12,5.16,5.14,47334393,243475940.24,0.3891,0.353,1,0,none,baostock,query_history_k_data_plus
600023,SHSE.600023,,SH,A股-上交所,2025-12-15,5.16,5.18,5.14,5.17,5.16,34071306,175891096.0,0.1938,0.2541,1,0,none,baostock,query_history_k_data_plus
600023,SHSE.600023,,SH,A股-上交所,2025-12-16,5.17,5.17,5.1,5.11,5.17,40181818,205790742.4,-1.1605,0.2997,1,0,none,baostock,query_history_k_data_plus
600023,SHSE.600023,,SH,A股-上交所,2025-12-17,5.12,5.15,5.09,5.13,5.11,36259426,185650952.99,0.3914,0.2704,1,0,none,baostock,query_history_k_data_plus
600023,SHSE.600023,,SH,A股-上交所,2025-12-18,5.13,5.16,5.11,5.16,5.13,28518572,146588213.39,0.5848,0.2127,1,0,none,baostock,query_history_k_data_plus
600023,SHSE.600023,,SH,A股-上交所,2025-12-19,5.16,5.18,5.15,5.16,5.16,42708137,220631411.36,0.0,0.3185,1,0,none,baostock,query_history_k_data_plus
600023,SHSE.600023,,SH,A股-上交所,2025-12-22,5.16,5.17,5.12,5.12,5.16,40266024,206918284.28,-0.7752,0.3003,1,0,none,baostock,query_history_k_data_plus
600023,SHSE.600023,,SH,A股-上交所,2025-12-23,5.13,5.19,5.12,5.14,5.12,52660666,271654245.02,0.3906,0.3927,1,0,none,baostock,query_history_k_data_plus
600023,SHSE.600023,,SH,A股-上交所,2025-12-24,5.14,5.15,5.1,5.13,5.14,43869244,224567165.8,-0.1946,0.3272,1,0,none,baostock,query_history_k_data_plus
600023,SHSE.600023,,SH,A股-上交所,2025-12-25,5.14,5.16,5.11,5.15,5.13,34135402,175673941.74,0.3899,0.2546,1,0,none,baostock,query_history_k_data_plus
600023,SHSE.600023,,SH,A股-上交所,2025-12-26,5.15,5.16,5.12,5.15,5.15,34626624,178006492.67,0.0,0.2582,1,0,none,baostock,query_history_k_data_plus
600023,SHSE.600023,,SH,A股-上交所,2025-12-29,5.14,5.15,5.02,5.02,5.15,117506483,594918066.87,-2.5243,0.8763,1,0,none,baostock,query_history_k_data_plus
600023,SHSE.600023,,SH,A股-上交所,2025-12-30,5.01,5.02,4.95,4.95,5.02,84387399,419234411.83,-1.3944,0.6293,1,0,none,baostock,query_history_k_data_plus
600023,SHSE.600023,,SH,A股-上交所,2025-12-31,4.95,4.97,4.92,4.95,4.95,45910500,226924793.0,0.0,0.3424,1,0,none,baostock,query_history_k_data_plus
600023,SHSE.600023,,SH,A股-上交所,2026-01-05,4.94,4.96,4.92,4.96,4.95,53501627,264573741.6,0.202,0.399,1,0,none,baostock,query_history_k_data_plus
600023,SHSE.600023,,SH,A股-上交所,2026-01-06,4.96,4.99,4.95,4.98,4.96,52109983,258987540.06,0.4032,0.3886,1,0,none,baostock,query_history_k_data_plus
600023,SHSE.600023,,SH,A股-上交所,2026-01-07,4.98,5.03,4.96,5.0,4.98,54583774,273034965.28,0.4016,0.4071,1,0,none,baostock,query_history_k_data_plus
600023,SHSE.600023,,SH,A股-上交所,2026-01-08,5.01,5.06,4.99,5.03,5.0,48889910,245792444.03,0.6,0.3646,1,0,none,baostock,query_history_k_data_plus
600023,SHSE.600023,,SH,A股-上交所,2026-01-09,5.03,5.03,5.01,5.02,5.03,40846671,205040540.12,-0.1988,0.3046,1,0,none,baostock,query_history_k_data_plus
600023,SHSE.600023,,SH,A股-上交所,2026-01-12,5.03,5.09,5.01,5.08,5.02,71647728,361899078.51,1.1952,0.5343,1,0,none,baostock,query_history_k_data_plus
600023,SHSE.600023,,SH,A股-上交所,2026-01-13,5.08,5.08,5.03,5.05,5.08,56280510,284663269.69,-0.5906,0.4197,1,0,none,baostock,query_history_k_data_plus
600023,SHSE.600023,,SH,A股-上交所,2026-01-14,5.06,5.07,4.94,4.96,5.05,138483870,693387080.9,-1.7822,1.0328,1,0,none,baostock,query_history_k_data_plus
600023,SHSE.600023,,SH,A股-上交所,2026-01-15,4.97,4.98,4.94,4.95,4.96,54542168,270379416.66,-0.2016,0.4068,1,0,none,baostock,query_history_k_data_plus
600023,SHSE.600023,,SH,A股-上交所,2026-01-16,4.98,5.03,4.9,4.91,4.95,153310797,758044599.35,-0.8081,1.1434,1,0,none,baostock,query_history_k_data_plus
600023,SHSE.600023,,SH,A股-上交所,2026-01-19,4.91,4.98,4.89,4.98,4.91,79142617,391613801.77,1.4257,0.5902,1,0,none,baostock,query_history_k_data_plus
600023,SHSE.600023,,SH,A股-上交所,2026-01-20,5.0,5.04,4.98,5.03,4.98,93299473,467792468.57,1.004,0.6958,1,0,none,baostock,query_history_k_data_plus
600023,SHSE.600023,,SH,A股-上交所,2026-01-21,5.03,5.04,4.97,4.98,5.03,63884371,318834496.21,-0.994,0.4764,1,0,none,baostock,query_history_k_data_plus
600023,SHSE.600023,,SH,A股-上交所,2026-01-22,4.99,5.01,4.93,4.95,4.98,119158639,590257818.58,-0.6024,0.8887,1,0,none,baostock,query_history_k_data_plus
600023,SHSE.600023,,SH,A股-上交所,2026-01-23,4.95,4.97,4.94,4.95,4.95,69549361,344454121.04,0.0,0.5187,1,0,none,baostock,query_history_k_data_plus
600023,SHSE.600023,,SH,A股-上交所,2026-01-26,4.96,5.03,4.95,5.0,4.95,112541074,562253376.36,1.0101,0.8393,1,0,none,baostock,query_history_k_data_plus
600023,SHSE.600023,,SH,A股-上交所,2026-01-27,5.02,5.02,4.94,4.96,5.0,81074824,402542106.45,-0.8,0.6046,1,0,none,baostock,query_history_k_data_plus
600023,SHSE.600023,,SH,A股-上交所,2026-01-28,4.95,5.0,4.94,4.97,4.96,76351656,379944348.98,0.2016,0.5694,1,0,none,baostock,query_history_k_data_plus
600023,SHSE.600023,,SH,A股-上交所,2026-01-29,4.97,4.99,4.94,4.99,4.97,84746987,420133821.78,0.4024,0.632,1,0,none,baostock,query_history_k_data_plus
600023,SHSE.600023,,SH,A股-上交所,2026-01-30,4.98,5.01,4.95,4.95,4.99,96651056,481929098.7,-0.8016,0.7208,1,0,none,baostock,query_history_k_data_plus
600023,SHSE.600023,,SH,A股-上交所,2026-02-02,4.97,5.03,4.94,4.94,4.95,120528524,601641418.24,-0.202,0.8989,1,0,none,baostock,query_history_k_data_plus
600023,SHSE.600023,,SH,A股-上交所,2026-02-03,4.96,4.98,4.89,4.92,4.94,121823636,599732830.35,-0.4049,0.9085,1,0,none,baostock,query_history_k_data_plus
600023,SHSE.600023,,SH,A股-上交所,2026-02-04,4.91,4.98,4.91,4.97,4.92,75598378,374442764.51,1.0163,0.5638,1,0,none,baostock,query_history_k_data_plus
600023,SHSE.600023,,SH,A股-上交所,2026-02-05,4.97,4.98,4.94,4.95,4.97,41605563,206444776.48,-0.4024,0.3103,1,0,none,baostock,query_history_k_data_plus
600023,SHSE.600023,,SH,A股-上交所,2026-02-06,4.95,4.98,4.94,4.96,4.95,50218296,249106589.5,0.202,0.3745,1,0,none,baostock,query_history_k_data_plus
600023,SHSE.600023,,SH,A股-上交所,2026-02-09,4.97,4.99,4.96,4.98,4.96,41872630,208330429.2,0.4032,0.3123,1,0,none,baostock,query_history_k_data_plus
600023,SHSE.600023,,SH,A股-上交所,2026-02-10,4.98,4.98,4.96,4.97,4.98,32797211,163013652.67,-0.2008,0.2446,1,0,none,baostock,query_history_k_data_plus
600023,SHSE.600023,,SH,A股-上交所,2026-02-11,4.98,4.99,4.97,4.98,4.97,35024993,174457091.3,0.2012,0.2612,1,0,none,baostock,query_history_k_data_plus
600023,SHSE.600023,,SH,A股-上交所,2026-02-12,4.99,5.03,4.98,5.01,4.98,64765677,324316509.18,0.6024,0.483,1,0,none,baostock,query_history_k_data_plus
600023,SHSE.600023,,SH,A股-上交所,2026-02-13,5.01,5.01,4.95,4.96,5.01,60120755,299139513.76,-0.998,0.4484,1,0,none,baostock,query_history_k_data_plus
600023,SHSE.600023,,SH,A股-上交所,2026-02-24,4.97,5.06,4.97,5.05,4.96,91082935,458080960.11,1.8145,0.6793,1,0,none,baostock,query_history_k_data_plus
600023,SHSE.600023,,SH,A股-上交所,2026-02-25,5.05,5.14,5.05,5.1,5.05,100163584,511447877.63,0.9901,0.747,1,0,none,baostock,query_history_k_data_plus
600023,SHSE.600023,,SH,A股-上交所,2026-02-26,5.12,5.19,5.1,5.19,5.1,107940602,557855225.7,1.7647,0.805,1,0,none,baostock,query_history_k_data_plus
600023,SHSE.600023,,SH,A股-上交所,2026-02-27,5.2,5.33,5.19,5.33,5.19,139241991,735136779.21,2.6975,1.0384,1,0,none,baostock,query_history_k_data_plus
600023,SHSE.600023,,SH,A股-上交所,2026-03-02,5.3,5.44,5.26,5.43,5.33,168893047,910274648.46,1.8762,1.2596,1,0,none,baostock,query_history_k_data_plus
600023,SHSE.600023,,SH,A股-上交所,2026-03-03,5.43,5.49,5.37,5.4,5.43,166979023,906509141.39,-0.5525,1.2453,1,0,none,baostock,query_history_k_data_plus
600023,SHSE.600023,,SH,A股-上交所,2026-03-04,5.37,5.44,5.31,5.41,5.4,136743964,739075520.99,0.1852,1.0198,1,0,none,baostock,query_history_k_data_plus
600023,SHSE.600023,,SH,A股-上交所,2026-03-05,5.45,5.52,5.42,5.49,5.41,109397152,599598805.67,1.4787,0.8159,1,0,none,baostock,query_history_k_data_plus
600023,SHSE.600023,,SH,A股-上交所,2026-03-06,5.49,5.51,5.43,5.48,5.49,82385310,451461176.49,-0.1821,0.6144,1,0,none,baostock,query_history_k_data_plus
600023,SHSE.600023,,SH,A股-上交所,2026-03-09,5.47,5.57,5.45,5.5,5.48,114641163,633038159.23,0.365,0.855,1,0,none,baostock,query_history_k_data_plus
600023,SHSE.600023,,SH,A股-上交所,2026-03-10,5.5,5.52,5.41,5.46,5.5,77161461,422174114.01,-0.7273,0.5755,1,0,none,baostock,query_history_k_data_plus
600023,SHSE.600023,,SH,A股-上交所,2026-03-11,5.45,5.53,5.34,5.53,5.46,86178121,470016290.94,1.2821,0.6427,1,0,none,baostock,query_history_k_data_plus
600023,SHSE.600023,,SH,A股-上交所,2026-03-12,5.53,5.68,5.5,5.65,5.53,126824397,710368398.9,2.17,0.9458,1,0,none,baostock,query_history_k_data_plus
600023,SHSE.600023,,SH,A股-上交所,2026-03-13,5.68,5.68,5.54,5.57,5.65,91004562,509764692.99,-1.4159,0.6787,1,0,none,baostock,query_history_k_data_plus
600023,SHSE.600023,,SH,A股-上交所,2026-03-16,5.57,5.61,5.46,5.48,5.57,76798119,422897894.69,-1.6158,0.5727,1,0,none,baostock,query_history_k_data_plus
600023,SHSE.600023,,SH,A股-上交所,2026-03-17,5.47,5.55,5.43,5.44,5.48,67142021,368469581.74,-0.7299,0.5007,1,0,none,baostock,query_history_k_data_plus
600023,SHSE.600023,,SH,A股-上交所,2026-03-18,5.46,5.52,5.4,5.46,5.44,65662414,358225858.08,0.3676,0.4897,1,0,none,baostock,query_history_k_data_plus
600023,SHSE.600023,,SH,A股-上交所,2026-03-19,5.43,5.54,5.42,5.46,5.46,55088265,302284303.5,0.0,0.4108,1,0,none,baostock,query_history_k_data_plus
600023,SHSE.600023,,SH,A股-上交所,2026-03-20,5.45,5.55,5.39,5.43,5.46,71537924,390826382.86,-0.5495,0.5335,1,0,none,baostock,query_history_k_data_plus
600023,SHSE.600023,,SH,A股-上交所,2026-03-23,5.38,5.41,5.22,5.25,5.43,102242877,543444823.28,-3.3149,0.7625,1,0,none,baostock,query_history_k_data_plus
600023,SHSE.600023,,SH,A股-上交所,2026-03-24,5.3,5.38,5.25,5.37,5.25,84007403,446921481.16,2.2857,0.6265,1,0,none,baostock,query_history_k_data_plus
600023,SHSE.600023,,SH,A股-上交所,2026-03-25,5.38,5.58,5.32,5.51,5.37,121933194,668904777.4,2.6071,0.9094,1,0,none,baostock,query_history_k_data_plus
600023,SHSE.600023,,SH,A股-上交所,2026-03-26,5.5,5.72,5.48,5.66,5.51,197304877,1108650317.63,2.7223,1.4715,1,0,none,baostock,query_history_k_data_plus
600023,SHSE.600023,,SH,A股-上交所,2026-03-27,5.6,5.73,5.51,5.71,5.66,134510571,760858789.08,0.8834,1.0032,1,0,none,baostock,query_history_k_data_plus
600023,SHSE.600023,,SH,A股-上交所,2026-03-30,5.65,5.65,5.4,5.5,5.71,130404390,716953688.65,-3.6778,0.9725,1,0,none,baostock,query_history_k_data_plus
600023,SHSE.600023,,SH,A股-上交所,2026-03-31,5.46,5.54,5.4,5.43,5.5,79211972,432829716.1,-1.2727,0.5907,1,0,none,baostock,query_history_k_data_plus
600023,SHSE.600023,,SH,A股-上交所,2026-04-01,5.47,5.52,5.41,5.47,5.43,74441165,407113697.76,0.7366,0.5552,1,0,none,baostock,query_history_k_data_plus
600023,SHSE.600023,,SH,A股-上交所,2026-04-02,5.47,5.55,5.43,5.51,5.47,74296809,408965480.42,0.7313,0.5541,1,0,none,baostock,query_history_k_data_plus
600023,SHSE.600023,,SH,A股-上交所,2026-04-03,5.51,5.52,5.39,5.41,5.51,60004483,326258978.33,-1.8149,0.4475,1,0,none,baostock,query_history_k_data_plus
600023,SHSE.600023,,SH,A股-上交所,2026-04-07,5.4,5.44,5.35,5.42,5.41,48705846,263083038.64,0.1848,0.3632,1,0,none,baostock,query_history_k_data_plus
600023,SHSE.600023,,SH,A股-上交所,2026-04-08,5.45,5.48,5.39,5.48,5.42,63686853,346242630.77,1.107,0.475,1,0,none,baostock,query_history_k_data_plus
600023,SHSE.600023,,SH,A股-上交所,2026-04-09,5.46,5.49,5.43,5.45,5.48,49691894,271239846.6,-0.5474,0.3706,1,0,none,baostock,query_history_k_data_plus
600023,SHSE.600023,,SH,A股-上交所,2026-04-10,5.48,5.52,5.44,5.47,5.45,50050764,274584812.08,0.367,0.3733,1,0,none,baostock,query_history_k_data_plus
600023,SHSE.600023,,SH,A股-上交所,2026-04-13,5.45,5.48,5.41,5.48,5.47,58174400,316915073.4,0.1828,0.4339,1,0,none,baostock,query_history_k_data_plus
600023,SHSE.600023,,SH,A股-上交所,2026-04-14,5.48,5.55,5.47,5.52,5.48,53554980,295538225.15,0.7299,0.3994,1,0,none,baostock,query_history_k_data_plus
600023,SHSE.600023,,SH,A股-上交所,2026-04-15,5.54,5.57,5.44,5.54,5.52,60832214,335815821.05,0.3623,0.4537,1,0,none,baostock,query_history_k_data_plus
600023,SHSE.600023,,SH,A股-上交所,2026-04-16,5.53,5.56,5.5,5.54,5.54,40347600,223039724.0,0.0,0.3009,1,0,none,baostock,query_history_k_data_plus
600023,SHSE.600023,,SH,A股-上交所,2026-04-17,5.53,5.56,5.48,5.51,5.54,37069440,204339273.86,-0.5415,0.2765,1,0,none,baostock,query_history_k_data_plus
