code,symbol,name,market,asset_type,date,open,high,low,close,preclose,volume,amount,pct_chg,turnover,trade_status,is_st,adjust,provider,source_function
600171,SHSE.600171,,SH,A股-上交所,2020-11-09,15.8,16.5,15.8,16.37,15.65,19161605,310879302.95,4.6006,2.8438,1,0,none,baostock,query_history_k_data_plus
600171,SHSE.600171,,SH,A股-上交所,2020-11-10,16.27,16.37,16.03,16.09,16.37,11923797,192640745.73,-1.7104,1.7696,1,0,none,baostock,query_history_k_data_plus
600171,SHSE.600171,,SH,A股-上交所,2020-11-11,16.02,16.15,15.61,15.68,16.09,8748222,138009030.44,-2.5482,1.2983,1,0,none,baostock,query_history_k_data_plus
600171,SHSE.600171,,SH,A股-上交所,2020-11-12,15.74,15.83,15.37,15.41,15.68,6996628,108835715.93,-1.7219,1.0384,1,0,none,baostock,query_history_k_data_plus
600171,SHSE.600171,,SH,A股-上交所,2020-11-13,15.35,15.52,15.22,15.34,15.41,7138710,109603463.47,-0.4543,1.0595,1,0,none,baostock,query_history_k_data_plus
600171,SHSE.600171,,SH,A股-上交所,2020-11-16,15.36,15.43,15.15,15.33,15.34,6665833,101765199.23,-0.0652,0.9893,1,0,none,baostock,query_history_k_data_plus
600171,SHSE.600171,,SH,A股-上交所,2020-11-17,15.31,15.66,15.05,15.66,15.33,9314911,142447965.09,2.1526,1.3824,1,0,none,baostock,query_history_k_data_plus
600171,SHSE.600171,,SH,A股-上交所,2020-11-18,15.5,15.7,15.42,15.49,15.66,7034814,109358684.87,-1.0856,1.044,1,0,none,baostock,query_history_k_data_plus
600171,SHSE.600171,,SH,A股-上交所,2020-11-19,15.4,15.66,15.3,15.53,15.49,5679631,88296984.74,0.2582,0.8429,1,0,none,baostock,query_history_k_data_plus
600171,SHSE.600171,,SH,A股-上交所,2020-11-20,15.53,15.6,15.31,15.38,15.53,6667796,102708169.52,-0.9659,0.9896,1,0,none,baostock,query_history_k_data_plus
600171,SHSE.600171,,SH,A股-上交所,2020-11-23,15.38,15.45,15.21,15.36,15.38,7878861,120785161.07,-0.13,1.1693,1,0,none,baostock,query_history_k_data_plus
600171,SHSE.600171,,SH,A股-上交所,2020-11-24,15.35,15.54,15.3,15.36,15.36,8199002,126538563.72,0.0,1.2168,1,0,none,baostock,query_history_k_data_plus
600171,SHSE.600171,,SH,A股-上交所,2020-11-25,15.4,15.55,15.25,15.28,15.36,8278364,127298462.87,-0.5208,1.2286,1,0,none,baostock,query_history_k_data_plus
600171,SHSE.600171,,SH,A股-上交所,2020-11-26,15.29,15.36,15.07,15.1,15.28,7108146,107908510.71,-1.178,1.0549,1,0,none,baostock,query_history_k_data_plus
600171,SHSE.600171,,SH,A股-上交所,2020-11-27,15.09,15.18,14.86,14.99,15.1,7574613,113619438.84,-0.7285,1.1242,1,0,none,baostock,query_history_k_data_plus
600171,SHSE.600171,,SH,A股-上交所,2020-11-30,15.01,15.19,14.92,15.01,14.99,7374906,111126098.83,0.1334,1.0945,1,0,none,baostock,query_history_k_data_plus
600171,SHSE.600171,,SH,A股-上交所,2020-12-01,15.01,15.22,14.97,15.19,15.01,7454330,112800093.54,1.1992,1.1063,1,0,none,baostock,query_history_k_data_plus
600171,SHSE.600171,,SH,A股-上交所,2020-12-02,15.22,15.62,15.2,15.57,15.19,15217689,234749208.4,2.5016,2.2585,1,0,none,baostock,query_history_k_data_plus
600171,SHSE.600171,,SH,A股-上交所,2020-12-03,15.58,15.81,15.52,15.63,15.57,13106365,205247984.42,0.3854,1.9451,1,0,none,baostock,query_history_k_data_plus
600171,SHSE.600171,,SH,A股-上交所,2020-12-04,15.53,16.15,15.53,15.85,15.63,15515350,246760359.87,1.4075,2.3026,1,0,none,baostock,query_history_k_data_plus
600171,SHSE.600171,,SH,A股-上交所,2020-12-07,16.22,16.33,15.69,15.74,15.85,15670649,250768821.03,-0.694,2.3257,1,0,none,baostock,query_history_k_data_plus
600171,SHSE.600171,,SH,A股-上交所,2020-12-08,15.65,16.5,15.58,16.24,15.74,21963291,354077014.75,3.1766,3.2596,1,0,none,baostock,query_history_k_data_plus
600171,SHSE.600171,,SH,A股-上交所,2020-12-09,16.08,16.14,15.56,15.61,16.24,13520501,214371336.26,-3.8793,2.0066,1,0,none,baostock,query_history_k_data_plus
600171,SHSE.600171,,SH,A股-上交所,2020-12-10,15.55,15.7,15.25,15.27,15.61,11627454,179975278.14,-2.1781,1.7256,1,0,none,baostock,query_history_k_data_plus
600171,SHSE.600171,,SH,A股-上交所,2020-12-11,15.3,15.3,14.59,14.59,15.27,19605240,290424348.74,-4.4532,2.9096,1,0,none,baostock,query_history_k_data_plus
600171,SHSE.600171,,SH,A股-上交所,2020-12-14,14.5,14.6,14.25,14.52,14.59,10716782,154651088.28,-0.4798,1.5318,1,0,none,baostock,query_history_k_data_plus
600171,SHSE.600171,,SH,A股-上交所,2020-12-15,14.5,14.66,14.42,14.65,14.52,6147344,89535352.41,0.8953,0.8787,1,0,none,baostock,query_history_k_data_plus
600171,SHSE.600171,,SH,A股-上交所,2020-12-16,14.6,14.65,14.27,14.3,14.65,7306998,105048762.19,-2.3891,1.0444,1,0,none,baostock,query_history_k_data_plus
600171,SHSE.600171,,SH,A股-上交所,2020-12-17,14.29,14.44,13.98,14.42,14.3,8003184,113714946.81,0.8392,1.144,1,0,none,baostock,query_history_k_data_plus
600171,SHSE.600171,,SH,A股-上交所,2020-12-18,14.53,14.68,14.25,14.34,14.42,8272130,119578803.02,-0.5548,1.1824,1,0,none,baostock,query_history_k_data_plus
600171,SHSE.600171,,SH,A股-上交所,2020-12-21,14.17,14.84,14.15,14.63,14.34,11803236,172937905.85,2.0223,1.6871,1,0,none,baostock,query_history_k_data_plus
600171,SHSE.600171,,SH,A股-上交所,2020-12-22,14.53,14.85,14.35,14.4,14.63,10512700,153385101.58,-1.5721,1.5027,1,0,none,baostock,query_history_k_data_plus
600171,SHSE.600171,,SH,A股-上交所,2020-12-23,14.3,14.65,14.14,14.57,14.4,11851154,170502673.95,1.1806,1.694,1,0,none,baostock,query_history_k_data_plus
600171,SHSE.600171,,SH,A股-上交所,2020-12-24,14.44,14.54,14.09,14.2,14.57,9175400,130678409.09,-2.5395,1.3115,1,0,none,baostock,query_history_k_data_plus
600171,SHSE.600171,,SH,A股-上交所,2020-12-25,14.1,14.25,14.08,14.13,14.2,5847699,82843023.91,-0.493,0.8359,1,0,none,baostock,query_history_k_data_plus
600171,SHSE.600171,,SH,A股-上交所,2020-12-28,14.06,14.11,13.4,13.43,14.13,13761023,187435455.27,-4.954,1.967,1,0,none,baostock,query_history_k_data_plus
600171,SHSE.600171,,SH,A股-上交所,2020-12-29,13.47,13.78,13.41,13.51,13.43,8459136,115293924.72,0.5957,1.2091,1,0,none,baostock,query_history_k_data_plus
600171,SHSE.600171,,SH,A股-上交所,2020-12-30,13.55,13.85,13.51,13.71,13.51,8226531,112539618.97,1.4804,1.1759,1,0,none,baostock,query_history_k_data_plus
600171,SHSE.600171,,SH,A股-上交所,2020-12-31,13.77,14.06,13.68,14.02,13.71,9646746,134443270.54,2.2611,1.3789,1,0,none,baostock,query_history_k_data_plus
600171,SHSE.600171,,SH,A股-上交所,2021-01-04,14.0,14.35,13.91,14.28,14.02,12008417,169654435.21,1.8545,1.7164,1,0,none,baostock,query_history_k_data_plus
600171,SHSE.600171,,SH,A股-上交所,2021-01-05,14.18,14.4,14.04,14.36,14.28,12205271,173596515.5,0.5602,1.7446,1,0,none,baostock,query_history_k_data_plus
600171,SHSE.600171,,SH,A股-上交所,2021-01-06,14.3,14.36,13.82,13.91,14.36,10111371,141889259.21,-3.1337,1.4453,1,0,none,baostock,query_history_k_data_plus
600171,SHSE.600171,,SH,A股-上交所,2021-01-07,13.94,14.05,13.48,13.64,13.91,9231409,126855776.45,-1.941,1.3195,1,0,none,baostock,query_history_k_data_plus
600171,SHSE.600171,,SH,A股-上交所,2021-01-08,13.64,14.11,13.47,13.98,13.64,9260807,128707966.29,2.4927,1.3237,1,0,none,baostock,query_history_k_data_plus
600171,SHSE.600171,,SH,A股-上交所,2021-01-11,14.06,15.38,14.04,14.86,13.98,38838922,583842683.02,6.2947,5.5515,1,0,none,baostock,query_history_k_data_plus
600171,SHSE.600171,,SH,A股-上交所,2021-01-12,14.6,14.9,14.52,14.86,14.86,22643998,333196088.53,0.0,3.2367,1,0,none,baostock,query_history_k_data_plus
600171,SHSE.600171,,SH,A股-上交所,2021-01-13,14.72,15.1,14.62,14.94,14.86,20158277,299760023.82,0.5384,2.8814,1,0,none,baostock,query_history_k_data_plus
600171,SHSE.600171,,SH,A股-上交所,2021-01-14,14.95,15.45,14.85,15.22,14.94,26384898,401171316.05,1.8742,3.7714,1,0,none,baostock,query_history_k_data_plus
600171,SHSE.600171,,SH,A股-上交所,2021-01-15,15.44,15.63,14.92,15.14,15.22,18565987,282611218.54,-0.5256,2.6538,1,0,none,baostock,query_history_k_data_plus
600171,SHSE.600171,,SH,A股-上交所,2021-01-18,14.97,15.7,14.82,15.58,15.14,24364070,373485806.41,2.9062,3.4825,1,0,none,baostock,query_history_k_data_plus
600171,SHSE.600171,,SH,A股-上交所,2021-01-19,15.45,15.59,15.23,15.41,15.58,18531120,284334593.03,-1.0911,2.6488,1,0,none,baostock,query_history_k_data_plus
600171,SHSE.600171,,SH,A股-上交所,2021-01-20,16.0,16.34,15.38,15.4,15.41,33177561,522552358.11,-0.0649,4.7423,1,0,none,baostock,query_history_k_data_plus
600171,SHSE.600171,,SH,A股-上交所,2021-01-21,15.06,15.72,15.06,15.52,15.4,22142417,342267089.49,0.7792,3.165,1,0,none,baostock,query_history_k_data_plus
600171,SHSE.600171,,SH,A股-上交所,2021-01-22,15.56,15.58,15.05,15.23,15.52,15778208,239953983.44,-1.8686,2.2553,1,0,none,baostock,query_history_k_data_plus
600171,SHSE.600171,,SH,A股-上交所,2021-01-25,15.2,15.32,14.74,15.0,15.23,14304872,214788906.67,-1.5102,2.0447,1,0,none,baostock,query_history_k_data_plus
600171,SHSE.600171,,SH,A股-上交所,2021-01-26,15.0,15.31,14.76,14.88,15.0,10861023,162865458.57,-0.8,1.5524,1,0,none,baostock,query_history_k_data_plus
600171,SHSE.600171,,SH,A股-上交所,2021-01-27,14.91,15.07,14.6,14.7,14.88,10609124,157450128.66,-1.2097,1.5164,1,0,none,baostock,query_history_k_data_plus
600171,SHSE.600171,,SH,A股-上交所,2021-01-28,14.42,14.44,14.09,14.12,14.7,12354183,175956514.8,-3.9456,1.7659,1,0,none,baostock,query_history_k_data_plus
600171,SHSE.600171,,SH,A股-上交所,2021-01-29,14.16,14.29,13.7,13.94,14.12,10571399,147690318.62,-1.2748,1.511,1,0,none,baostock,query_history_k_data_plus
600171,SHSE.600171,,SH,A股-上交所,2021-02-01,14.0,14.29,13.86,14.27,13.94,9441830,132820691.56,2.3673,1.3496,1,0,none,baostock,query_history_k_data_plus
600171,SHSE.600171,,SH,A股-上交所,2021-02-02,14.28,14.32,14.01,14.24,14.27,8151224,115829827.35,-0.2102,1.1651,1,0,none,baostock,query_history_k_data_plus
600171,SHSE.600171,,SH,A股-上交所,2021-02-03,14.17,14.24,13.8,13.92,14.24,8674432,120850359.6,-2.2472,1.2399,1,0,none,baostock,query_history_k_data_plus
600171,SHSE.600171,,SH,A股-上交所,2021-02-04,13.83,14.08,13.46,13.92,13.92,10828015,148449532.26,0.0,1.5477,1,0,none,baostock,query_history_k_data_plus
600171,SHSE.600171,,SH,A股-上交所,2021-02-05,13.89,14.0,13.6,13.62,13.92,6447106,88684419.44,-2.1552,0.9215,1,0,none,baostock,query_history_k_data_plus
600171,SHSE.600171,,SH,A股-上交所,2021-02-08,13.68,14.08,13.58,13.95,13.62,7036804,97834786.71,2.4229,1.0058,1,0,none,baostock,query_history_k_data_plus
600171,SHSE.600171,,SH,A股-上交所,2021-02-09,13.95,14.19,13.86,14.12,13.95,7695086,108087804.12,1.2186,1.0999,1,0,none,baostock,query_history_k_data_plus
600171,SHSE.600171,,SH,A股-上交所,2021-02-10,14.13,14.21,14.02,14.2,14.12,6915945,97753282.47,0.5666,0.9885,1,0,none,baostock,query_history_k_data_plus
600171,SHSE.600171,,SH,A股-上交所,2021-02-18,14.38,14.66,14.31,14.45,14.2,11621099,168441883.64,1.7606,1.6611,1,0,none,baostock,query_history_k_data_plus
600171,SHSE.600171,,SH,A股-上交所,2021-02-19,14.34,14.76,14.28,14.71,14.45,11206507,163504567.16,1.7993,1.6018,1,0,none,baostock,query_history_k_data_plus
600171,SHSE.600171,,SH,A股-上交所,2021-02-22,14.78,14.96,14.52,14.52,14.71,13382343,197651845.83,-1.2916,1.9128,1,0,none,baostock,query_history_k_data_plus
600171,SHSE.600171,,SH,A股-上交所,2021-02-23,14.41,15.0,14.37,14.99,14.52,16490322,243864402.26,3.2369,2.3571,1,0,none,baostock,query_history_k_data_plus
600171,SHSE.600171,,SH,A股-上交所,2021-02-24,14.81,15.24,14.81,15.06,14.99,17442543,262322813.89,0.467,2.4932,1,0,none,baostock,query_history_k_data_plus
600171,SHSE.600171,,SH,A股-上交所,2021-02-25,15.06,15.15,14.72,14.75,15.06,10590331,157651498.94,-2.0584,1.5137,1,0,none,baostock,query_history_k_data_plus
600171,SHSE.600171,,SH,A股-上交所,2021-02-26,14.56,14.89,14.52,14.56,14.75,9781888,143421560.08,-1.2881,1.3982,1,0,none,baostock,query_history_k_data_plus
600171,SHSE.600171,,SH,A股-上交所,2021-03-01,14.7,15.2,14.69,15.2,14.56,15492868,232949898.3,4.3956,2.2145,1,0,none,baostock,query_history_k_data_plus
600171,SHSE.600171,,SH,A股-上交所,2021-03-02,15.15,15.3,15.0,15.23,15.2,14237599,215988149.19,0.1974,2.0351,1,0,none,baostock,query_history_k_data_plus
600171,SHSE.600171,,SH,A股-上交所,2021-03-03,15.11,15.22,15.05,15.18,15.23,8310670,125696385.27,-0.3283,1.1879,1,0,none,baostock,query_history_k_data_plus
600171,SHSE.600171,,SH,A股-上交所,2021-03-04,15.16,15.45,14.91,14.97,15.18,12034970,182176193.82,-1.3834,1.7202,1,0,none,baostock,query_history_k_data_plus
600171,SHSE.600171,,SH,A股-上交所,2021-03-05,14.81,15.15,14.77,15.01,14.97,7938051,119060627.98,0.2672,1.1346,1,0,none,baostock,query_history_k_data_plus
600171,SHSE.600171,,SH,A股-上交所,2021-03-08,15.12,15.25,14.73,14.79,15.01,8560422,128172605.8,-1.4657,1.2236,1,0,none,baostock,query_history_k_data_plus
600171,SHSE.600171,,SH,A股-上交所,2021-03-09,14.74,14.9,14.06,14.12,14.79,12253222,176351669.82,-4.5301,1.7514,1,0,none,baostock,query_history_k_data_plus
600171,SHSE.600171,,SH,A股-上交所,2021-03-10,14.25,14.29,13.88,13.89,14.12,7640797,107041121.81,-1.6289,1.0922,1,0,none,baostock,query_history_k_data_plus
600171,SHSE.600171,,SH,A股-上交所,2021-03-11,13.87,14.38,13.71,14.29,13.89,9338767,131490386.75,2.8798,1.3349,1,0,none,baostock,query_history_k_data_plus
600171,SHSE.600171,,SH,A股-上交所,2021-03-12,14.2,14.26,14.0,14.12,14.29,6952869,98102992.05,-1.1896,0.9938,1,0,none,baostock,query_history_k_data_plus
600171,SHSE.600171,,SH,A股-上交所,2021-03-15,13.96,14.14,13.88,13.95,14.12,5334698,74606918.66,-1.204,0.7625,1,0,none,baostock,query_history_k_data_plus
600171,SHSE.600171,,SH,A股-上交所,2021-03-16,13.95,14.17,13.95,14.16,13.95,5236071,73780447.05,1.5054,0.7484,1,0,none,baostock,query_history_k_data_plus
600171,SHSE.600171,,SH,A股-上交所,2021-03-17,14.16,14.34,14.0,14.3,14.16,7177791,102164328.54,0.9887,1.026,1,0,none,baostock,query_history_k_data_plus
600171,SHSE.600171,,SH,A股-上交所,2021-03-18,14.26,14.3,14.0,14.07,14.3,7129202,100736778.3,-1.6084,1.019,1,0,none,baostock,query_history_k_data_plus
600171,SHSE.600171,,SH,A股-上交所,2021-03-19,13.95,14.3,13.84,14.15,14.07,5917574,83658172.09,0.5686,0.8458,1,0,none,baostock,query_history_k_data_plus
600171,SHSE.600171,,SH,A股-上交所,2021-03-22,14.16,14.35,14.16,14.35,14.15,6235729,89109505.13,1.4134,0.8913,1,0,none,baostock,query_history_k_data_plus
600171,SHSE.600171,,SH,A股-上交所,2021-03-23,14.36,14.58,14.3,14.45,14.35,8298216,119832547.91,0.6969,1.1861,1,0,none,baostock,query_history_k_data_plus
600171,SHSE.600171,,SH,A股-上交所,2021-03-24,14.46,14.53,14.21,14.35,14.45,6041004,86781051.68,-0.692,0.8635,1,0,none,baostock,query_history_k_data_plus
600171,SHSE.600171,,SH,A股-上交所,2021-03-25,14.33,14.64,14.3,14.6,14.35,7508971,109126579.33,1.7422,1.0733,1,0,none,baostock,query_history_k_data_plus
600171,SHSE.600171,,SH,A股-上交所,2021-03-26,14.63,14.65,14.46,14.59,14.6,6780271,98724594.24,-0.0685,0.9692,1,0,none,baostock,query_history_k_data_plus
600171,SHSE.600171,,SH,A股-上交所,2021-03-29,14.58,14.61,14.35,14.5,14.59,6245018,90464021.95,-0.6169,0.8926,1,0,none,baostock,query_history_k_data_plus
600171,SHSE.600171,,SH,A股-上交所,2021-03-30,14.55,15.04,14.5,14.88,14.5,19374509,287870116.76,2.6207,2.7693,1,0,none,baostock,query_history_k_data_plus
600171,SHSE.600171,,SH,A股-上交所,2021-03-31,14.85,15.06,14.73,15.03,14.88,13855694,206792130.8,1.0081,1.9805,1,0,none,baostock,query_history_k_data_plus
600171,SHSE.600171,,SH,A股-上交所,2021-04-01,14.96,15.43,14.95,15.16,15.03,15617893,237862669.31,0.8649,2.2324,1,0,none,baostock,query_history_k_data_plus
600171,SHSE.600171,,SH,A股-上交所,2021-04-02,15.13,15.9,15.08,15.7,15.16,24902470,387168700.72,3.562,3.5595,1,0,none,baostock,query_history_k_data_plus
600171,SHSE.600171,,SH,A股-上交所,2021-04-06,15.7,15.84,15.33,15.53,15.7,16691908,258837408.64,-1.0828,2.3859,1,0,none,baostock,query_history_k_data_plus
600171,SHSE.600171,,SH,A股-上交所,2021-04-07,15.4,15.52,15.18,15.43,15.53,15523788,238439854.5,-0.6439,2.2189,1,0,none,baostock,query_history_k_data_plus
600171,SHSE.600171,,SH,A股-上交所,2021-04-08,15.45,15.61,15.28,15.31,15.43,12733103,196423700.76,-0.7777,1.82,1,0,none,baostock,query_history_k_data_plus
600171,SHSE.600171,,SH,A股-上交所,2021-04-09,15.4,15.64,15.29,15.4,15.31,11942678,184650539.23,0.5879,1.707,1,0,none,baostock,query_history_k_data_plus
600171,SHSE.600171,,SH,A股-上交所,2021-04-12,15.36,15.56,15.11,15.23,15.4,10541274,161689209.25,-1.1039,1.5067,1,0,none,baostock,query_history_k_data_plus
600171,SHSE.600171,,SH,A股-上交所,2021-04-13,15.15,15.26,14.89,14.99,15.23,9638224,145195710.89,-1.5758,1.3777,1,0,none,baostock,query_history_k_data_plus
600171,SHSE.600171,,SH,A股-上交所,2021-04-14,15.05,16.02,15.02,15.88,14.99,27740968,434697876.18,5.9373,3.9652,1,0,none,baostock,query_history_k_data_plus
600171,SHSE.600171,,SH,A股-上交所,2021-04-15,15.98,16.31,15.73,16.25,15.88,40809743,654585947.3,2.33,5.8332,1,0,none,baostock,query_history_k_data_plus
600171,SHSE.600171,,SH,A股-上交所,2021-04-16,16.4,17.29,16.4,16.86,16.25,43963365,743404776.36,3.7538,6.284,1,0,none,baostock,query_history_k_data_plus
600171,SHSE.600171,,SH,A股-上交所,2021-04-19,16.76,17.03,16.51,16.96,16.86,36170945,608203784.71,0.5931,5.1702,1,0,none,baostock,query_history_k_data_plus
600171,SHSE.600171,,SH,A股-上交所,2021-04-20,17.0,17.37,16.85,17.11,16.96,32861408,562492673.32,0.8844,4.6971,1,0,none,baostock,query_history_k_data_plus
600171,SHSE.600171,,SH,A股-上交所,2021-04-21,16.87,17.04,16.65,16.85,17.11,23352513,393284218.75,-1.5196,3.3379,1,0,none,baostock,query_history_k_data_plus
600171,SHSE.600171,,SH,A股-上交所,2021-04-22,17.02,17.27,16.85,16.93,16.85,20221148,344626359.46,0.4748,2.8903,1,0,none,baostock,query_history_k_data_plus
600171,SHSE.600171,,SH,A股-上交所,2021-04-23,16.86,16.95,16.68,16.82,16.93,16218185,272427239.96,-0.6497,2.3182,1,0,none,baostock,query_history_k_data_plus
600171,SHSE.600171,,SH,A股-上交所,2021-04-26,16.92,18.08,16.8,17.5,16.82,38078451,672436300.76,4.0428,5.4428,1,0,none,baostock,query_history_k_data_plus
600171,SHSE.600171,,SH,A股-上交所,2021-04-27,17.37,17.65,17.02,17.15,17.5,19616865,338777249.28,-2.0,2.804,1,0,none,baostock,query_history_k_data_plus
600171,SHSE.600171,,SH,A股-上交所,2021-04-28,17.18,17.52,16.77,17.36,17.15,17188320,295305119.24,1.2245,2.4568,1,0,none,baostock,query_history_k_data_plus
600171,SHSE.600171,,SH,A股-上交所,2021-04-29,17.36,18.3,17.21,17.72,17.36,31017883,556659908.42,2.0737,4.4336,1,0,none,baostock,query_history_k_data_plus
600171,SHSE.600171,,SH,A股-上交所,2021-04-30,17.66,17.88,17.18,17.25,17.72,22690907,395982644.99,-2.6524,3.2434,1,0,none,baostock,query_history_k_data_plus
600171,SHSE.600171,,SH,A股-上交所,2021-05-06,17.1,17.38,16.83,17.1,17.25,19610396,335470884.5,-0.8696,2.803,1,0,none,baostock,query_history_k_data_plus
600171,SHSE.600171,,SH,A股-上交所,2021-05-07,17.13,17.31,16.29,16.32,17.1,22394517,373810713.67,-4.5614,3.201,1,0,none,baostock,query_history_k_data_plus
600171,SHSE.600171,,SH,A股-上交所,2021-05-10,16.37,16.56,16.04,16.27,16.32,13957375,227264626.02,-0.3064,1.995,1,0,none,baostock,query_history_k_data_plus
600171,SHSE.600171,,SH,A股-上交所,2021-05-11,16.06,16.53,16.06,16.5,16.27,13329399,217571535.15,1.4136,1.9053,1,0,none,baostock,query_history_k_data_plus
600171,SHSE.600171,,SH,A股-上交所,2021-05-12,16.42,16.59,16.03,16.45,16.5,14200947,231538346.82,-0.303,2.0298,1,0,none,baostock,query_history_k_data_plus
600171,SHSE.600171,,SH,A股-上交所,2021-05-13,16.16,17.1,16.13,16.71,16.45,17371584,290253815.18,1.5805,2.483,1,0,none,baostock,query_history_k_data_plus
600171,SHSE.600171,,SH,A股-上交所,2021-05-14,16.66,16.94,16.53,16.87,16.71,14209381,238303212.01,0.9575,2.031,1,0,none,baostock,query_history_k_data_plus
600171,SHSE.600171,,SH,A股-上交所,2021-05-17,16.9,17.2,16.38,16.48,16.87,20633948,345662693.25,-2.3118,2.9494,1,0,none,baostock,query_history_k_data_plus
600171,SHSE.600171,,SH,A股-上交所,2021-05-18,16.25,16.77,16.2,16.6,16.48,11471530,189236942.38,0.7282,1.6397,1,0,none,baostock,query_history_k_data_plus
600171,SHSE.600171,,SH,A股-上交所,2021-05-19,16.6,17.9,16.6,17.71,16.6,37795807,654865644.07,6.6867,5.4024,1,0,none,baostock,query_history_k_data_plus
600171,SHSE.600171,,SH,A股-上交所,2021-05-20,17.62,17.83,17.52,17.55,17.71,21626579,381507066.94,-0.9034,3.0912,1,0,none,baostock,query_history_k_data_plus
600171,SHSE.600171,,SH,A股-上交所,2021-05-21,17.7,18.0,17.45,17.5,17.55,20707545,365996424.86,-0.2849,2.9599,1,0,none,baostock,query_history_k_data_plus
600171,SHSE.600171,,SH,A股-上交所,2021-05-24,17.46,18.1,17.23,17.96,17.5,26754757,472819004.48,2.6286,3.8242,1,0,none,baostock,query_history_k_data_plus
600171,SHSE.600171,,SH,A股-上交所,2021-05-25,17.95,18.08,17.71,17.84,17.96,22959194,410025144.01,-0.6682,3.2817,1,0,none,baostock,query_history_k_data_plus
600171,SHSE.600171,,SH,A股-上交所,2021-05-26,17.88,17.88,17.4,17.51,17.84,19398931,340842242.16,-1.8498,2.7728,1,0,none,baostock,query_history_k_data_plus
600171,SHSE.600171,,SH,A股-上交所,2021-05-27,17.44,18.35,17.42,17.87,17.51,37880703,681443492.26,2.056,5.4145,1,0,none,baostock,query_history_k_data_plus
600171,SHSE.600171,,SH,A股-上交所,2021-05-28,17.82,17.88,17.18,17.27,17.87,28593216,500540597.0,-3.3576,4.087,1,0,none,baostock,query_history_k_data_plus
600171,SHSE.600171,,SH,A股-上交所,2021-05-31,17.44,18.1,17.44,18.05,17.27,31738570,568471491.07,4.5165,4.5366,1,0,none,baostock,query_history_k_data_plus
600171,SHSE.600171,,SH,A股-上交所,2021-06-01,18.49,18.68,17.45,17.52,18.05,40212262,722242593.43,-2.9363,5.7478,1,0,none,baostock,query_history_k_data_plus
600171,SHSE.600171,,SH,A股-上交所,2021-06-02,17.61,17.79,16.94,16.97,17.52,36635155,631806031.56,-3.1393,5.2365,1,0,none,baostock,query_history_k_data_plus
600171,SHSE.600171,,SH,A股-上交所,2021-06-03,16.98,18.66,16.95,18.32,16.97,59942405,1084941450.77,7.9552,8.568,1,0,none,baostock,query_history_k_data_plus
600171,SHSE.600171,,SH,A股-上交所,2021-06-04,18.01,20.15,17.9,20.15,18.32,96010474,1876946074.53,9.9891,13.7234,1,0,none,baostock,query_history_k_data_plus
600171,SHSE.600171,,SH,A股-上交所,2021-06-07,21.0,22.17,21.0,22.17,20.15,51713883,1139895535.8,10.0248,7.3918,1,0,none,baostock,query_history_k_data_plus
600171,SHSE.600171,,SH,A股-上交所,2021-06-08,22.95,24.39,22.18,24.39,22.17,143384717,3367733707.57,10.0135,20.495,1,0,none,baostock,query_history_k_data_plus
600171,SHSE.600171,,SH,A股-上交所,2021-06-09,25.0,25.35,23.48,24.18,24.39,101497676,2441552069.86,-0.861,14.5078,1,0,none,baostock,query_history_k_data_plus
600171,SHSE.600171,,SH,A股-上交所,2021-06-10,24.09,25.77,23.33,24.96,24.18,118237034,2879223439.1,3.2258,16.9004,1,0,none,baostock,query_history_k_data_plus
600171,SHSE.600171,,SH,A股-上交所,2021-06-11,24.2,24.3,22.41,23.22,24.83,91380216,2131769849.97,-6.4841,13.0616,1,0,none,baostock,query_history_k_data_plus
600171,SHSE.600171,,SH,A股-上交所,2021-06-15,23.28,23.92,22.9,23.29,23.22,65555538,1529486995.73,0.3015,9.3703,1,0,none,baostock,query_history_k_data_plus
600171,SHSE.600171,,SH,A股-上交所,2021-06-16,23.06,23.82,22.2,22.27,23.29,64107229,1471250622.35,-4.3796,9.1633,1,0,none,baostock,query_history_k_data_plus
600171,SHSE.600171,,SH,A股-上交所,2021-06-17,22.36,24.5,22.36,24.5,22.27,32157574,764913090.98,10.0135,4.5965,1,0,none,baostock,query_history_k_data_plus
600171,SHSE.600171,,SH,A股-上交所,2021-06-18,26.95,26.95,26.95,26.95,24.5,6140653,165490598.35,10.0,0.8777,1,0,none,baostock,query_history_k_data_plus
600171,SHSE.600171,,SH,A股-上交所,2021-06-21,29.1,29.65,28.8,29.65,26.95,103792562,3047395238.63,10.0186,14.8358,1,0,none,baostock,query_history_k_data_plus
600171,SHSE.600171,,SH,A股-上交所,2021-06-22,30.62,30.9,28.41,28.5,29.65,142576709,4192882169.69,-3.8786,20.3795,1,0,none,baostock,query_history_k_data_plus
600171,SHSE.600171,,SH,A股-上交所,2021-06-23,28.52,30.28,28.21,28.61,28.5,141087715,4088572703.59,0.386,20.1666,1,0,none,baostock,query_history_k_data_plus
600171,SHSE.600171,,SH,A股-上交所,2021-06-24,27.61,30.5,26.66,30.3,28.61,135686651,3861115695.94,5.907,19.3946,1,0,none,baostock,query_history_k_data_plus
600171,SHSE.600171,,SH,A股-上交所,2021-06-25,29.5,29.78,27.71,28.79,30.3,93434532,2684338477.09,-4.9835,13.3552,1,0,none,baostock,query_history_k_data_plus
600171,SHSE.600171,,SH,A股-上交所,2021-06-28,28.61,31.67,28.61,30.5,28.79,125107119,3831816888.25,5.9396,17.8505,1,0,none,baostock,query_history_k_data_plus
600171,SHSE.600171,,SH,A股-上交所,2021-06-29,30.23,31.38,28.79,30.1,30.5,103543819,3086675096.16,-1.3115,14.7738,1,0,none,baostock,query_history_k_data_plus
600171,SHSE.600171,,SH,A股-上交所,2021-06-30,30.87,32.24,30.0,30.43,30.1,96583972,2993364765.47,1.0963,13.7807,1,0,none,baostock,query_history_k_data_plus
600171,SHSE.600171,,SH,A股-上交所,2021-07-01,29.76,30.83,28.2,28.28,30.43,81267983,2380984025.16,-7.0654,11.5954,1,0,none,baostock,query_history_k_data_plus
600171,SHSE.600171,,SH,A股-上交所,2021-07-02,28.0,28.93,27.2,28.38,28.28,68200183,1915537758.07,0.3536,9.7309,1,0,none,baostock,query_history_k_data_plus
600171,SHSE.600171,,SH,A股-上交所,2021-07-05,28.68,30.68,28.3,30.22,28.38,94552783,2793152877.87,6.4834,13.4909,1,0,none,baostock,query_history_k_data_plus
600171,SHSE.600171,,SH,A股-上交所,2021-07-06,30.86,33.24,30.3,31.88,30.22,139863447,4486234022.76,5.4931,19.9559,1,0,none,baostock,query_history_k_data_plus
600171,SHSE.600171,,SH,A股-上交所,2021-07-07,30.39,32.54,28.93,32.2,31.88,105892826,3263399009.79,1.0038,15.1089,1,0,none,baostock,query_history_k_data_plus
600171,SHSE.600171,,SH,A股-上交所,2021-07-08,32.57,34.42,31.28,32.85,32.2,94878427,3104376488.52,2.0186,13.5374,1,0,none,baostock,query_history_k_data_plus
600171,SHSE.600171,,SH,A股-上交所,2021-07-09,33.53,36.14,32.95,36.14,32.85,133280569,4649163148.53,10.0152,19.0167,1,0,none,baostock,query_history_k_data_plus
600171,SHSE.600171,,SH,A股-上交所,2021-07-12,36.14,37.26,34.25,37.2,36.14,102033911,3620256098.6,2.933,14.5583,1,0,none,baostock,query_history_k_data_plus
600171,SHSE.600171,,SH,A股-上交所,2021-07-13,36.0,36.61,34.69,35.07,37.2,80359949,2861340250.53,-5.7258,11.4659,1,0,none,baostock,query_history_k_data_plus
600171,SHSE.600171,,SH,A股-上交所,2021-07-14,34.3,38.58,34.11,36.0,35.07,85340058,3074621811.81,2.6518,12.1764,1,0,none,baostock,query_history_k_data_plus
600171,SHSE.600171,,SH,A股-上交所,2021-07-15,35.7,38.0,35.17,37.5,36.0,71192929,2623686905.86,4.1667,10.1579,1,0,none,baostock,query_history_k_data_plus
600171,SHSE.600171,,SH,A股-上交所,2021-07-16,38.48,40.3,37.8,38.0,37.5,79992011,3116332315.15,1.3333,11.4134,1,0,none,baostock,query_history_k_data_plus
600171,SHSE.600171,,SH,A股-上交所,2021-07-19,36.99,37.75,35.15,35.54,38.0,81300883,2950131992.55,-6.4737,11.6001,1,0,none,baostock,query_history_k_data_plus
600171,SHSE.600171,,SH,A股-上交所,2021-07-20,35.18,36.37,34.75,36.25,35.54,53430693,1910924968.78,1.9977,7.6236,1,0,none,baostock,query_history_k_data_plus
600171,SHSE.600171,,SH,A股-上交所,2021-07-21,35.72,38.39,35.65,37.3,36.25,70099874,2616074146.69,2.8966,10.0019,1,0,none,baostock,query_history_k_data_plus
600171,SHSE.600171,,SH,A股-上交所,2021-07-22,37.48,38.2,36.28,37.59,37.3,64362992,2406429876.85,0.7775,9.1834,1,0,none,baostock,query_history_k_data_plus
600171,SHSE.600171,,SH,A股-上交所,2021-07-23,37.15,39.58,36.29,38.46,37.59,67736217,2571812988.79,2.3144,9.6647,1,0,none,baostock,query_history_k_data_plus
600171,SHSE.600171,,SH,A股-上交所,2021-07-26,37.94,39.63,35.65,37.33,38.46,69294049,2613513145.47,-2.9381,9.887,1,0,none,baostock,query_history_k_data_plus
600171,SHSE.600171,,SH,A股-上交所,2021-07-27,36.88,40.48,36.37,37.54,37.33,87573905,3354091127.85,0.5626,12.4952,1,0,none,baostock,query_history_k_data_plus
600171,SHSE.600171,,SH,A股-上交所,2021-07-28,36.0,36.66,33.79,33.79,37.54,77120353,2678459024.23,-9.9893,11.0036,1,0,none,baostock,query_history_k_data_plus
600171,SHSE.600171,,SH,A股-上交所,2021-07-29,34.74,35.66,33.9,35.15,33.79,62271022,2175758900.26,4.0249,8.8849,1,0,none,baostock,query_history_k_data_plus
600171,SHSE.600171,,SH,A股-上交所,2021-07-30,35.09,36.49,34.8,35.04,35.15,56782756,2023805862.83,-0.3129,8.1018,1,0,none,baostock,query_history_k_data_plus
600171,SHSE.600171,,SH,A股-上交所,2021-08-02,34.26,34.53,31.88,33.47,35.04,85781824,2828264763.1,-4.4806,12.2395,1,0,none,baostock,query_history_k_data_plus
600171,SHSE.600171,,SH,A股-上交所,2021-08-03,33.01,33.17,31.0,31.42,33.47,61769457,1974181586.94,-6.1249,8.8134,1,0,none,baostock,query_history_k_data_plus
600171,SHSE.600171,,SH,A股-上交所,2021-08-04,31.64,32.66,31.31,32.54,31.42,49374105,1585991787.44,3.5646,7.0448,1,0,none,baostock,query_history_k_data_plus
600171,SHSE.600171,,SH,A股-上交所,2021-08-05,32.55,33.58,31.7,32.9,32.54,48503479,1592885627.2,1.1063,6.9205,1,0,none,baostock,query_history_k_data_plus
600171,SHSE.600171,,SH,A股-上交所,2021-08-06,33.29,33.4,31.49,32.49,32.9,47393298,1524208666.14,-1.2462,6.7621,1,0,none,baostock,query_history_k_data_plus
600171,SHSE.600171,,SH,A股-上交所,2021-08-09,31.43,32.17,29.94,31.92,32.49,51514443,1595525388.44,-1.7544,7.3502,1,0,none,baostock,query_history_k_data_plus
600171,SHSE.600171,,SH,A股-上交所,2021-08-10,31.6,32.31,31.25,32.14,31.92,37930740,1205678454.36,0.6892,5.412,1,0,none,baostock,query_history_k_data_plus
600171,SHSE.600171,,SH,A股-上交所,2021-08-11,32.16,32.29,31.23,31.69,32.14,32438265,1031343563.89,-1.4001,4.6283,1,0,none,baostock,query_history_k_data_plus
600171,SHSE.600171,,SH,A股-上交所,2021-08-12,31.67,33.12,31.59,31.86,31.69,40796669,1316434017.45,0.5364,5.8209,1,0,none,baostock,query_history_k_data_plus
600171,SHSE.600171,,SH,A股-上交所,2021-08-13,31.0,31.95,30.3,30.5,31.86,37964424,1177124108.59,-4.2687,5.4168,1,0,none,baostock,query_history_k_data_plus
600171,SHSE.600171,,SH,A股-上交所,2021-08-16,30.49,31.9,30.35,31.26,30.5,42752056,1338324357.41,2.4918,6.0999,1,0,none,baostock,query_history_k_data_plus
600171,SHSE.600171,,SH,A股-上交所,2021-08-17,30.98,31.48,29.19,29.29,31.26,45149322,1355320163.08,-6.302,6.442,1,0,none,baostock,query_history_k_data_plus
600171,SHSE.600171,,SH,A股-上交所,2021-08-18,29.26,30.29,29.21,29.72,29.29,27622779,821877556.36,1.4681,3.9413,1,0,none,baostock,query_history_k_data_plus
600171,SHSE.600171,,SH,A股-上交所,2021-08-19,29.57,30.96,29.39,30.88,29.72,37926084,1156307492.13,3.9031,5.4113,1,0,none,baostock,query_history_k_data_plus
600171,SHSE.600171,,SH,A股-上交所,2021-08-20,30.79,31.6,30.2,30.81,30.88,34672768,1071365444.23,-0.2267,4.9472,1,0,none,baostock,query_history_k_data_plus
600171,SHSE.600171,,SH,A股-上交所,2021-08-23,30.91,31.11,30.23,30.85,30.81,28405484,872893263.01,0.1298,4.0529,1,0,none,baostock,query_history_k_data_plus
600171,SHSE.600171,,SH,A股-上交所,2021-08-24,31.0,32.19,30.13,31.59,30.85,46885356,1468569788.05,2.3987,6.6897,1,0,none,baostock,query_history_k_data_plus
600171,SHSE.600171,,SH,A股-上交所,2021-08-25,31.59,31.85,30.64,30.91,31.59,30833225,958016707.43,-2.1526,4.3993,1,0,none,baostock,query_history_k_data_plus
600171,SHSE.600171,,SH,A股-上交所,2021-08-26,31.1,32.42,30.97,31.3,30.91,42547684,1345494211.17,1.2617,6.0708,1,0,none,baostock,query_history_k_data_plus
600171,SHSE.600171,,SH,A股-上交所,2021-08-27,30.97,33.2,29.58,32.6,31.3,58538169,1846888196.19,4.1534,8.3523,1,0,none,baostock,query_history_k_data_plus
600171,SHSE.600171,,SH,A股-上交所,2021-08-30,32.52,34.75,31.98,34.15,32.6,80660861,2724318921.19,4.7546,11.5088,1,0,none,baostock,query_history_k_data_plus
600171,SHSE.600171,,SH,A股-上交所,2021-08-31,34.07,34.45,32.01,32.52,34.15,57709543,1900472143.85,-4.7731,8.2341,1,0,none,baostock,query_history_k_data_plus
600171,SHSE.600171,,SH,A股-上交所,2021-09-01,32.68,34.55,31.75,34.42,32.52,64165883,2148658995.16,5.8426,9.1553,1,0,none,baostock,query_history_k_data_plus
600171,SHSE.600171,,SH,A股-上交所,2021-09-02,34.8,35.82,33.71,34.22,34.42,54043149,1863733814.05,-0.5811,7.711,1,0,none,baostock,query_history_k_data_plus
600171,SHSE.600171,,SH,A股-上交所,2021-09-03,33.7,34.97,32.14,33.8,34.22,52374744,1768861528.19,-1.2274,7.4729,1,0,none,baostock,query_history_k_data_plus
600171,SHSE.600171,,SH,A股-上交所,2021-09-06,33.06,34.35,33.05,33.55,33.8,33760815,1138404637.47,-0.7396,4.817,1,0,none,baostock,query_history_k_data_plus
600171,SHSE.600171,,SH,A股-上交所,2021-09-07,33.33,34.5,32.69,33.5,33.55,42059779,1409449567.3,-0.149,6.0011,1,0,none,baostock,query_history_k_data_plus
600171,SHSE.600171,,SH,A股-上交所,2021-09-08,33.18,33.68,32.0,32.16,33.5,41879327,1370577801.41,-4.0,5.9754,1,0,none,baostock,query_history_k_data_plus
600171,SHSE.600171,,SH,A股-上交所,2021-09-09,31.61,31.85,29.82,30.01,32.16,57807454,1765421457.38,-6.6853,8.248,1,0,none,baostock,query_history_k_data_plus
600171,SHSE.600171,,SH,A股-上交所,2021-09-10,30.1,32.35,29.85,32.09,30.01,57490366,1794755888.56,6.931,8.2028,1,0,none,baostock,query_history_k_data_plus
600171,SHSE.600171,,SH,A股-上交所,2021-09-13,32.01,32.37,30.7,30.97,32.09,35518374,1111739644.41,-3.4902,5.0678,1,0,none,baostock,query_history_k_data_plus
600171,SHSE.600171,,SH,A股-上交所,2021-09-14,30.91,31.78,30.66,30.93,30.97,26018363,812690567.71,-0.1292,3.7123,1,0,none,baostock,query_history_k_data_plus
600171,SHSE.600171,,SH,A股-上交所,2021-09-15,31.09,31.25,30.15,30.53,30.93,21515203,659017750.32,-1.2932,3.0698,1,0,none,baostock,query_history_k_data_plus
600171,SHSE.600171,,SH,A股-上交所,2021-09-16,30.15,30.75,29.19,29.28,30.53,29412870,876628805.39,-4.0943,4.1967,1,0,none,baostock,query_history_k_data_plus
600171,SHSE.600171,,SH,A股-上交所,2021-09-17,29.4,29.86,28.88,29.5,29.28,19375127,569500292.51,0.7514,2.7645,1,0,none,baostock,query_history_k_data_plus
600171,SHSE.600171,,SH,A股-上交所,2021-09-22,28.92,29.99,28.72,29.45,29.5,18881021,557253867.81,-0.1695,2.694,1,0,none,baostock,query_history_k_data_plus
600171,SHSE.600171,,SH,A股-上交所,2021-09-23,29.45,32.4,29.28,32.4,29.45,52611035,1668435630.52,10.017,7.5066,1,0,none,baostock,query_history_k_data_plus
600171,SHSE.600171,,SH,A股-上交所,2021-09-24,32.3,34.6,31.8,34.12,32.4,89244505,2974510517.25,5.3086,12.7335,1,0,none,baostock,query_history_k_data_plus
600171,SHSE.600171,,SH,A股-上交所,2021-09-27,33.98,35.0,32.7,33.09,34.12,55262994,1863190830.12,-3.0188,7.885,1,0,none,baostock,query_history_k_data_plus
600171,SHSE.600171,,SH,A股-上交所,2021-09-28,32.94,35.28,31.78,34.04,33.09,56448663,1916336077.11,2.871,8.0542,1,0,none,baostock,query_history_k_data_plus
600171,SHSE.600171,,SH,A股-上交所,2021-09-29,33.65,35.0,32.46,32.53,34.04,58393456,1966516820.51,-4.436,8.3317,1,0,none,baostock,query_history_k_data_plus
600171,SHSE.600171,,SH,A股-上交所,2021-09-30,32.53,35.78,32.51,35.78,32.53,64272281,2267987432.68,9.9908,9.1705,1,0,none,baostock,query_history_k_data_plus
600171,SHSE.600171,,SH,A股-上交所,2021-10-08,36.81,37.9,35.59,35.9,35.78,92693824,3396958580.18,0.3354,13.2257,1,0,none,baostock,query_history_k_data_plus
600171,SHSE.600171,,SH,A股-上交所,2021-10-11,35.9,36.0,32.31,32.35,35.9,76739628,2560915976.09,-9.8886,10.9493,1,0,none,baostock,query_history_k_data_plus
600171,SHSE.600171,,SH,A股-上交所,2021-10-12,31.78,32.66,29.92,30.15,32.35,54422280,1682135521.25,-6.8006,7.765,1,0,none,baostock,query_history_k_data_plus
600171,SHSE.600171,,SH,A股-上交所,2021-10-13,30.0,31.34,29.51,31.09,30.15,41903336,1275525833.12,3.1177,5.9788,1,0,none,baostock,query_history_k_data_plus
600171,SHSE.600171,,SH,A股-上交所,2021-10-14,30.5,32.19,30.5,31.6,31.09,35454315,1112865354.67,1.6404,5.0587,1,0,none,baostock,query_history_k_data_plus
600171,SHSE.600171,,SH,A股-上交所,2021-10-15,31.48,34.76,31.28,34.76,31.6,76632627,2599795627.45,10.0,10.9341,1,0,none,baostock,query_history_k_data_plus
600171,SHSE.600171,,SH,A股-上交所,2021-10-18,34.84,35.28,34.06,34.99,34.76,82941127,2890919671.72,0.6617,11.8342,1,0,none,baostock,query_history_k_data_plus
600171,SHSE.600171,,SH,A股-上交所,2021-10-19,35.51,35.9,34.5,35.05,34.99,48365208,1697297479.12,0.1715,6.9008,1,0,none,baostock,query_history_k_data_plus
600171,SHSE.600171,,SH,A股-上交所,2021-10-20,35.03,36.48,34.94,35.06,35.05,43829700,1552885270.8,0.0285,6.2537,1,0,none,baostock,query_history_k_data_plus
600171,SHSE.600171,,SH,A股-上交所,2021-10-21,35.4,35.68,34.14,34.36,35.06,40880074,1418061841.04,-1.9966,5.8328,1,0,none,baostock,query_history_k_data_plus
600171,SHSE.600171,,SH,A股-上交所,2021-10-22,34.71,36.79,34.51,36.01,34.36,67514014,2422853639.82,4.8021,9.633,1,0,none,baostock,query_history_k_data_plus
600171,SHSE.600171,,SH,A股-上交所,2021-10-25,32.41,32.6,32.41,32.41,36.01,26979900,874694705.74,-9.9972,3.8495,1,0,none,baostock,query_history_k_data_plus
600171,SHSE.600171,,SH,A股-上交所,2021-10-26,31.95,31.95,30.1,30.64,32.41,112911915,3458425229.63,-5.4613,16.1104,1,0,none,baostock,query_history_k_data_plus
600171,SHSE.600171,,SH,A股-上交所,2021-10-27,30.16,31.08,29.9,30.95,30.64,61447669,1879789106.39,1.0117,8.7674,1,0,none,baostock,query_history_k_data_plus
600171,SHSE.600171,,SH,A股-上交所,2021-10-28,30.99,31.2,30.0,30.07,30.95,45457607,1380307692.54,-2.8433,6.486,1,0,none,baostock,query_history_k_data_plus
600171,SHSE.600171,,SH,A股-上交所,2021-10-29,29.9,30.82,29.81,30.37,30.07,37435801,1138890619.14,0.9977,5.3414,1,0,none,baostock,query_history_k_data_plus
600171,SHSE.600171,,SH,A股-上交所,2021-11-01,29.99,30.53,29.46,30.11,30.37,40735852,1222172816.98,-0.8561,5.8122,1,0,none,baostock,query_history_k_data_plus
600171,SHSE.600171,,SH,A股-上交所,2021-11-02,30.12,31.45,30.12,31.09,30.11,64461954,1988143809.17,3.2547,9.1975,1,0,none,baostock,query_history_k_data_plus
600171,SHSE.600171,,SH,A股-上交所,2021-11-03,31.3,31.4,30.11,30.39,31.09,38753354,1184921174.24,-2.2515,5.5294,1,0,none,baostock,query_history_k_data_plus
600171,SHSE.600171,,SH,A股-上交所,2021-11-04,30.42,30.93,30.11,30.48,30.39,32917941,1004574145.23,0.2962,4.6968,1,0,none,baostock,query_history_k_data_plus
600171,SHSE.600171,,SH,A股-上交所,2021-11-05,30.8,31.25,30.0,30.09,30.48,34972303,1065969502.31,-1.2795,4.9899,1,0,none,baostock,query_history_k_data_plus
600171,SHSE.600171,,SH,A股-上交所,2021-11-08,29.6,29.66,27.08,27.08,30.09,73661148,2015700172.86,-10.0033,10.5101,1,0,none,baostock,query_history_k_data_plus
600171,SHSE.600171,,SH,A股-上交所,2021-11-09,26.78,27.75,25.98,27.49,27.08,41497718,1125074719.64,1.514,5.921,1,0,none,baostock,query_history_k_data_plus
600171,SHSE.600171,,SH,A股-上交所,2021-11-10,27.14,27.67,26.61,27.33,27.49,30648756,833336106.54,-0.582,4.373,1,0,none,baostock,query_history_k_data_plus
600171,SHSE.600171,,SH,A股-上交所,2021-11-11,27.2,28.59,26.91,28.08,27.33,45086519,1253225575.43,2.7442,6.433,1,0,none,baostock,query_history_k_data_plus
600171,SHSE.600171,,SH,A股-上交所,2021-11-12,27.8,28.25,27.23,27.43,28.08,34206794,944978706.1,-2.3148,4.8807,1,0,none,baostock,query_history_k_data_plus
600171,SHSE.600171,,SH,A股-上交所,2021-11-15,27.3,27.7,27.02,27.1,27.43,22824252,622913173.55,-1.2031,3.2566,1,0,none,baostock,query_history_k_data_plus
600171,SHSE.600171,,SH,A股-上交所,2021-11-16,27.0,27.42,26.55,26.64,27.1,23902687,644866248.62,-1.6974,3.4105,1,0,none,baostock,query_history_k_data_plus
600171,SHSE.600171,,SH,A股-上交所,2021-11-17,26.65,27.1,26.34,27.05,26.64,23185875,620916514.72,1.539,3.3082,1,0,none,baostock,query_history_k_data_plus
600171,SHSE.600171,,SH,A股-上交所,2021-11-18,26.88,27.49,26.8,27.2,27.05,22789957,619856088.84,0.5545,3.2517,1,0,none,baostock,query_history_k_data_plus
600171,SHSE.600171,,SH,A股-上交所,2021-11-19,27.4,28.14,27.11,27.77,27.2,32505098,904650929.36,2.0956,4.6379,1,0,none,baostock,query_history_k_data_plus
600171,SHSE.600171,,SH,A股-上交所,2021-11-22,27.67,29.34,27.56,29.08,27.77,45667025,1303668551.03,4.7173,6.5158,1,0,none,baostock,query_history_k_data_plus
600171,SHSE.600171,,SH,A股-上交所,2021-11-23,29.07,29.07,28.41,28.6,29.08,34318373,986276964.97,-1.6506,4.8966,1,0,none,baostock,query_history_k_data_plus
600171,SHSE.600171,,SH,A股-上交所,2021-11-24,28.46,29.45,28.4,28.56,28.6,32362103,933105070.42,-0.1399,4.6175,1,0,none,baostock,query_history_k_data_plus
600171,SHSE.600171,,SH,A股-上交所,2021-11-25,28.4,29.04,28.01,28.5,28.56,26908190,767930207.03,-0.2101,3.8393,1,0,none,baostock,query_history_k_data_plus
600171,SHSE.600171,,SH,A股-上交所,2021-11-26,28.21,28.38,27.54,27.85,28.5,27337516,761210226.18,-2.2807,3.9006,1,0,none,baostock,query_history_k_data_plus
600171,SHSE.600171,,SH,A股-上交所,2021-11-29,27.28,28.08,27.1,27.7,27.85,17996744,498130722.92,-0.5386,2.5678,1,0,none,baostock,query_history_k_data_plus
600171,SHSE.600171,,SH,A股-上交所,2021-11-30,27.99,28.55,27.8,27.97,27.7,26877914,756936157.33,0.9747,3.835,1,0,none,baostock,query_history_k_data_plus
600171,SHSE.600171,,SH,A股-上交所,2021-12-01,27.8,28.56,27.75,28.0,27.97,23485786,660189484.9,0.1073,3.351,1,0,none,baostock,query_history_k_data_plus
600171,SHSE.600171,,SH,A股-上交所,2021-12-02,27.85,28.18,27.48,27.51,28.0,20328304,563107538.62,-1.75,2.9005,1,0,none,baostock,query_history_k_data_plus
600171,SHSE.600171,,SH,A股-上交所,2021-12-03,27.6,28.43,27.6,28.08,27.51,28053660,788249215.08,2.072,4.0027,1,0,none,baostock,query_history_k_data_plus
600171,SHSE.600171,,SH,A股-上交所,2021-12-06,28.1,28.2,27.3,27.39,28.08,22709778,627010775.2,-2.4573,3.2403,1,0,none,baostock,query_history_k_data_plus
600171,SHSE.600171,,SH,A股-上交所,2021-12-07,27.39,27.59,26.56,26.76,27.39,21340900,573649803.46,-2.3001,3.0449,1,0,none,baostock,query_history_k_data_plus
600171,SHSE.600171,,SH,A股-上交所,2021-12-08,26.8,27.48,26.8,27.39,26.76,18485312,502196712.29,2.3543,2.6375,1,0,none,baostock,query_history_k_data_plus
600171,SHSE.600171,,SH,A股-上交所,2021-12-09,27.25,27.58,27.16,27.4,27.39,16605947,454770498.01,0.0365,2.3694,1,0,none,baostock,query_history_k_data_plus
600171,SHSE.600171,,SH,A股-上交所,2021-12-10,27.28,27.47,26.83,27.18,27.4,18296227,496443021.51,-0.8029,2.6105,1,0,none,baostock,query_history_k_data_plus
600171,SHSE.600171,,SH,A股-上交所,2021-12-13,27.19,27.65,26.96,27.36,27.18,17605547,480479848.32,0.6623,2.512,1,0,none,baostock,query_history_k_data_plus
600171,SHSE.600171,,SH,A股-上交所,2021-12-14,27.3,27.48,27.02,27.1,27.36,15308212,416438469.08,-0.9503,2.1842,1,0,none,baostock,query_history_k_data_plus
600171,SHSE.600171,,SH,A股-上交所,2021-12-15,27.12,27.22,26.74,26.78,27.1,17788772,478651739.3,-1.1808,2.5381,1,0,none,baostock,query_history_k_data_plus
600171,SHSE.600171,,SH,A股-上交所,2021-12-16,26.78,27.08,26.65,26.73,26.78,12259664,328150724.45,-0.1867,1.7492,1,0,none,baostock,query_history_k_data_plus
600171,SHSE.600171,,SH,A股-上交所,2021-12-17,26.7,26.7,26.08,26.12,26.73,19187216,503702820.37,-2.2821,2.7377,1,0,none,baostock,query_history_k_data_plus
600171,SHSE.600171,,SH,A股-上交所,2021-12-20,26.01,26.26,24.94,25.2,26.12,21134213,537406882.27,-3.5222,3.0155,1,0,none,baostock,query_history_k_data_plus
600171,SHSE.600171,,SH,A股-上交所,2021-12-21,25.2,25.45,24.56,25.26,25.2,19080511,476058319.23,0.2381,2.7224,1,0,none,baostock,query_history_k_data_plus
600171,SHSE.600171,,SH,A股-上交所,2021-12-22,25.33,25.68,25.11,25.52,25.26,15198138,387263387.58,1.0293,2.1685,1,0,none,baostock,query_history_k_data_plus
600171,SHSE.600171,,SH,A股-上交所,2021-12-23,25.52,25.88,25.23,25.74,25.52,13909879,356613864.16,0.8621,1.9847,1,0,none,baostock,query_history_k_data_plus
600171,SHSE.600171,,SH,A股-上交所,2021-12-24,25.75,25.92,24.75,24.85,25.74,17432334,437116418.79,-3.4577,2.4873,1,0,none,baostock,query_history_k_data_plus
600171,SHSE.600171,,SH,A股-上交所,2021-12-27,24.79,25.06,24.6,24.65,24.85,9288137,230493609.16,-0.8048,1.3252,1,0,none,baostock,query_history_k_data_plus
600171,SHSE.600171,,SH,A股-上交所,2021-12-28,24.71,25.12,24.65,24.99,24.65,10305031,256147074.8,1.3793,1.4703,1,0,none,baostock,query_history_k_data_plus
600171,SHSE.600171,,SH,A股-上交所,2021-12-29,25.1,25.17,24.59,24.83,24.99,12452280,309062524.22,-0.6403,1.7767,1,0,none,baostock,query_history_k_data_plus
600171,SHSE.600171,,SH,A股-上交所,2021-12-30,25.0,26.2,24.84,25.63,24.83,25020474,643894068.7,3.2219,3.57,1,0,none,baostock,query_history_k_data_plus
600171,SHSE.600171,,SH,A股-上交所,2021-12-31,25.51,25.69,25.24,25.66,25.63,13201058,336291384.76,0.1171,1.8835,1,0,none,baostock,query_history_k_data_plus
600171,SHSE.600171,,SH,A股-上交所,2022-01-04,25.65,25.8,25.09,25.31,25.66,12457624,315652874.2,-1.364,1.7775,1,0,none,baostock,query_history_k_data_plus
600171,SHSE.600171,,SH,A股-上交所,2022-01-05,25.34,25.39,24.63,24.73,25.31,14940326,371357787.07,-2.2916,2.1317,1,0,none,baostock,query_history_k_data_plus
600171,SHSE.600171,,SH,A股-上交所,2022-01-06,24.67,24.99,24.61,24.82,24.73,9099439,225584781.42,0.3639,1.2983,1,0,none,baostock,query_history_k_data_plus
600171,SHSE.600171,,SH,A股-上交所,2022-01-07,24.95,25.29,24.5,24.59,24.82,13747619,340243729.97,-0.9267,1.9615,1,0,none,baostock,query_history_k_data_plus
600171,SHSE.600171,,SH,A股-上交所,2022-01-10,24.62,24.66,23.55,24.06,24.59,12600497,302267291.57,-2.1553,1.7979,1,0,none,baostock,query_history_k_data_plus
600171,SHSE.600171,,SH,A股-上交所,2022-01-11,23.99,24.38,23.65,23.73,24.06,12745749,304627302.2,-1.3716,1.8186,1,0,none,baostock,query_history_k_data_plus
600171,SHSE.600171,,SH,A股-上交所,2022-01-12,23.81,24.68,23.22,24.43,23.73,23522984,564568300.26,2.9499,3.3563,1,0,none,baostock,query_history_k_data_plus
600171,SHSE.600171,,SH,A股-上交所,2022-01-13,24.4,24.4,23.49,23.5,24.43,19093869,454948900.39,-3.8068,2.7243,1,0,none,baostock,query_history_k_data_plus
600171,SHSE.600171,,SH,A股-上交所,2022-01-14,23.35,24.0,23.32,23.49,23.5,16393756,387524525.88,-0.0426,2.3391,1,0,none,baostock,query_history_k_data_plus
600171,SHSE.600171,,SH,A股-上交所,2022-01-17,23.5,24.36,23.5,24.14,23.49,18760405,450320622.13,2.7671,2.6768,1,0,none,baostock,query_history_k_data_plus
600171,SHSE.600171,,SH,A股-上交所,2022-01-18,24.28,24.56,24.06,24.17,24.14,17308795,420419506.27,0.1243,2.4696,1,0,none,baostock,query_history_k_data_plus
600171,SHSE.600171,,SH,A股-上交所,2022-01-19,24.3,24.3,23.61,23.75,24.17,12645237,301252129.54,-1.7377,1.8042,1,0,none,baostock,query_history_k_data_plus
600171,SHSE.600171,,SH,A股-上交所,2022-01-20,23.97,23.97,23.3,23.36,23.75,11837771,278966126.41,-1.6421,1.689,1,0,none,baostock,query_history_k_data_plus
600171,SHSE.600171,,SH,A股-上交所,2022-01-21,23.3,23.3,22.05,22.23,23.36,19825042,444491248.31,-4.8373,2.8287,1,0,none,baostock,query_history_k_data_plus
600171,SHSE.600171,,SH,A股-上交所,2022-01-24,22.26,23.26,22.15,22.94,22.23,17975799,410528066.23,3.1939,2.5648,1,0,none,baostock,query_history_k_data_plus
600171,SHSE.600171,,SH,A股-上交所,2022-01-25,22.82,22.98,21.89,21.91,22.94,13296995,297977637.78,-4.49,1.8972,1,0,none,baostock,query_history_k_data_plus
600171,SHSE.600171,,SH,A股-上交所,2022-01-26,21.99,22.19,21.35,21.84,21.91,13499441,293726312.63,-0.3195,1.9261,1,0,none,baostock,query_history_k_data_plus
600171,SHSE.600171,,SH,A股-上交所,2022-01-27,21.84,22.2,21.08,21.11,21.84,13994440,301467739.44,-3.3425,1.9967,1,0,none,baostock,query_history_k_data_plus
600171,SHSE.600171,,SH,A股-上交所,2022-01-28,21.45,21.5,20.7,20.86,21.11,12545412,264321695.39,-1.1843,1.79,1,0,none,baostock,query_history_k_data_plus
600171,SHSE.600171,,SH,A股-上交所,2022-02-07,21.15,21.64,21.15,21.4,20.86,12208658,261619237.63,2.5887,1.7419,1,0,none,baostock,query_history_k_data_plus
600171,SHSE.600171,,SH,A股-上交所,2022-02-08,21.4,21.46,20.92,21.44,21.4,10113390,214802478.37,0.1869,1.443,1,0,none,baostock,query_history_k_data_plus
600171,SHSE.600171,,SH,A股-上交所,2022-02-09,21.4,21.73,21.23,21.69,21.44,12993750,280215346.33,1.166,1.854,1,0,none,baostock,query_history_k_data_plus
600171,SHSE.600171,,SH,A股-上交所,2022-02-10,21.79,22.31,21.53,21.77,21.69,15790682,343982638.96,0.3688,2.253,1,0,none,baostock,query_history_k_data_plus
600171,SHSE.600171,,SH,A股-上交所,2022-02-11,21.51,21.76,21.0,21.16,21.77,12950071,276842348.14,-2.802,1.8477,1,0,none,baostock,query_history_k_data_plus
600171,SHSE.600171,,SH,A股-上交所,2022-02-14,21.0,21.69,20.55,21.25,21.16,14004074,298074570.75,0.4253,1.9981,1,0,none,baostock,query_history_k_data_plus
600171,SHSE.600171,,SH,A股-上交所,2022-02-15,21.32,21.99,21.26,21.66,21.25,15407773,334443634.95,1.9294,2.1984,1,0,none,baostock,query_history_k_data_plus
600171,SHSE.600171,,SH,A股-上交所,2022-02-16,21.85,22.13,21.66,21.76,21.66,11613257,253690453.09,0.4617,1.657,1,0,none,baostock,query_history_k_data_plus
600171,SHSE.600171,,SH,A股-上交所,2022-02-17,21.74,22.25,21.6,21.85,21.76,14248359,312417082.8,0.4136,2.033,1,0,none,baostock,query_history_k_data_plus
600171,SHSE.600171,,SH,A股-上交所,2022-02-18,21.6,22.05,21.55,22.05,21.85,10046273,219192035.35,0.9153,1.4334,1,0,none,baostock,query_history_k_data_plus
600171,SHSE.600171,,SH,A股-上交所,2022-02-21,21.99,22.23,21.8,22.08,22.05,10897341,239878288.57,0.1361,1.5548,1,0,none,baostock,query_history_k_data_plus
600171,SHSE.600171,,SH,A股-上交所,2022-02-22,21.88,22.2,21.34,21.72,22.08,16416460,356230984.17,-1.6304,2.3423,1,0,none,baostock,query_history_k_data_plus
600171,SHSE.600171,,SH,A股-上交所,2022-02-23,21.77,22.87,21.77,22.82,21.72,37690074,854330565.0,5.0645,5.3777,1,0,none,baostock,query_history_k_data_plus
600171,SHSE.600171,,SH,A股-上交所,2022-02-24,22.58,22.97,21.73,22.19,22.82,35587540,799521447.31,-2.7607,5.0777,1,0,none,baostock,query_history_k_data_plus
600171,SHSE.600171,,SH,A股-上交所,2022-02-25,22.46,22.9,22.27,22.56,22.19,23207636,524663743.44,1.6674,3.3113,1,0,none,baostock,query_history_k_data_plus
600171,SHSE.600171,,SH,A股-上交所,2022-02-28,22.59,22.94,22.42,22.79,22.56,19405146,441376464.0,1.0195,2.7688,1,0,none,baostock,query_history_k_data_plus
600171,SHSE.600171,,SH,A股-上交所,2022-03-01,22.87,22.89,22.53,22.74,22.79,13012224,295343168.0,-0.2194,1.8566,1,0,none,baostock,query_history_k_data_plus
600171,SHSE.600171,,SH,A股-上交所,2022-03-02,22.54,22.66,22.22,22.62,22.74,12223672,274754112.0,-0.5277,1.7441,1,0,none,baostock,query_history_k_data_plus
600171,SHSE.600171,,SH,A股-上交所,2022-03-03,22.79,22.85,22.02,22.09,22.62,16302503,362959216.0,-2.3431,2.3261,1,0,none,baostock,query_history_k_data_plus
600171,SHSE.600171,,SH,A股-上交所,2022-03-04,21.9,22.84,21.84,22.23,22.09,22817897,512373712.0,0.6338,3.2557,1,0,none,baostock,query_history_k_data_plus
600171,SHSE.600171,,SH,A股-上交所,2022-03-07,22.16,22.17,20.88,21.23,22.23,19990949,426080096.0,-4.4984,2.8523,1,0,none,baostock,query_history_k_data_plus
600171,SHSE.600171,,SH,A股-上交所,2022-03-08,21.16,21.9,20.77,21.33,21.23,22276902,476990320.0,0.471,3.1785,1,0,none,baostock,query_history_k_data_plus
600171,SHSE.600171,,SH,A股-上交所,2022-03-09,21.4,21.84,19.55,20.76,21.33,26652560,556702080.0,-2.6723,3.8028,1,0,none,baostock,query_history_k_data_plus
600171,SHSE.600171,,SH,A股-上交所,2022-03-10,21.28,21.54,21.0,21.05,20.76,22762867,484597968.0,1.3969,3.2478,1,0,none,baostock,query_history_k_data_plus
600171,SHSE.600171,,SH,A股-上交所,2022-03-11,20.73,21.17,20.39,21.17,21.05,15298930,317927824.0,0.5701,2.1829,1,0,none,baostock,query_history_k_data_plus
600171,SHSE.600171,,SH,A股-上交所,2022-03-14,20.89,21.05,20.39,20.4,21.17,11722332,243038075.0,-3.6372,1.6726,1,0,none,baostock,query_history_k_data_plus
600171,SHSE.600171,,SH,A股-上交所,2022-03-15,20.15,20.3,18.89,18.9,20.4,20648970,406193488.0,-7.3529,2.9462,1,0,none,baostock,query_history_k_data_plus
600171,SHSE.600171,,SH,A股-上交所,2022-03-16,19.26,19.88,18.4,19.8,18.9,23068198,442277408.0,4.7619,3.2914,1,0,none,baostock,query_history_k_data_plus
600171,SHSE.600171,,SH,A股-上交所,2022-03-17,20.08,21.09,20.03,20.73,19.8,27906044,578110640.0,4.697,3.9817,1,0,none,baostock,query_history_k_data_plus
600171,SHSE.600171,,SH,A股-上交所,2022-03-18,20.61,20.96,20.52,20.76,20.73,12843415,266023108.3,0.1447,1.8325,1,0,none,baostock,query_history_k_data_plus
600171,SHSE.600171,,SH,A股-上交所,2022-03-21,20.65,20.95,20.45,20.76,20.76,13154685,272694218.24,0.0,1.8769,1,0,none,baostock,query_history_k_data_plus
600171,SHSE.600171,,SH,A股-上交所,2022-03-22,20.76,20.87,20.53,20.58,20.76,8777080,181077100.95,-0.8671,1.2523,1,0,none,baostock,query_history_k_data_plus
600171,SHSE.600171,,SH,A股-上交所,2022-03-23,20.64,20.84,20.45,20.67,20.58,9635727,199021132.12,0.4373,1.3748,1,0,none,baostock,query_history_k_data_plus
600171,SHSE.600171,,SH,A股-上交所,2022-03-24,20.5,20.5,20.14,20.25,20.67,11031713,223687234.1,-2.0319,1.574,1,0,none,baostock,query_history_k_data_plus
600171,SHSE.600171,,SH,A股-上交所,2022-03-25,20.51,20.96,20.1,20.1,20.25,15382007,314872925.21,-0.7407,2.1947,1,0,none,baostock,query_history_k_data_plus
600171,SHSE.600171,,SH,A股-上交所,2022-03-28,19.88,20.14,19.66,19.98,20.1,9550459,190239961.37,-0.597,1.3627,1,0,none,baostock,query_history_k_data_plus
600171,SHSE.600171,,SH,A股-上交所,2022-03-29,20.47,20.67,19.66,19.81,19.98,16689924,335275048.72,-0.8509,2.3813,1,0,none,baostock,query_history_k_data_plus
600171,SHSE.600171,,SH,A股-上交所,2022-03-30,19.95,20.37,19.75,20.17,19.81,15672253,314484182.33,1.8173,2.2361,1,0,none,baostock,query_history_k_data_plus
600171,SHSE.600171,,SH,A股-上交所,2022-03-31,19.98,20.1,19.49,19.51,20.17,13686694,269480815.98,-3.2722,1.9528,1,0,none,baostock,query_history_k_data_plus
600171,SHSE.600171,,SH,A股-上交所,2022-04-01,19.3,19.66,19.08,19.34,19.51,13034144,252467633.37,-0.8713,1.8597,1,0,none,baostock,query_history_k_data_plus
600171,SHSE.600171,,SH,A股-上交所,2022-04-06,19.11,19.11,18.54,18.71,19.34,17873171,334306589.65,-3.2575,2.5502,1,0,none,baostock,query_history_k_data_plus
600171,SHSE.600171,,SH,A股-上交所,2022-04-07,18.65,18.84,18.13,18.13,18.71,14648409,269561230.08,-3.0999,2.0901,1,0,none,baostock,query_history_k_data_plus
600171,SHSE.600171,,SH,A股-上交所,2022-04-08,18.13,18.27,17.58,18.0,18.13,13952384,250264269.84,-0.717,1.9907,1,0,none,baostock,query_history_k_data_plus
600171,SHSE.600171,,SH,A股-上交所,2022-04-11,17.87,17.87,17.1,17.22,18.0,14635010,254978121.43,-4.3333,2.0881,1,0,none,baostock,query_history_k_data_plus
600171,SHSE.600171,,SH,A股-上交所,2022-04-12,17.15,17.74,17.1,17.72,17.22,12415868,216198684.44,2.9036,1.7715,1,0,none,baostock,query_history_k_data_plus
600171,SHSE.600171,,SH,A股-上交所,2022-04-13,17.56,17.6,17.23,17.24,17.72,8964167,156096332.73,-2.7088,1.279,1,0,none,baostock,query_history_k_data_plus
600171,SHSE.600171,,SH,A股-上交所,2022-04-14,17.42,17.78,17.14,17.62,17.24,13374176,234145862.95,2.2042,1.9082,1,0,none,baostock,query_history_k_data_plus
600171,SHSE.600171,,SH,A股-上交所,2022-04-15,17.4,17.53,17.25,17.38,17.62,10087002,175232610.15,-1.3621,1.4392,1,0,none,baostock,query_history_k_data_plus
600171,SHSE.600171,,SH,A股-上交所,2022-04-18,17.49,19.12,17.38,19.12,17.38,39090470,715692237.95,10.0115,5.5775,1,0,none,baostock,query_history_k_data_plus
600171,SHSE.600171,,SH,A股-上交所,2022-04-19,18.8,19.0,18.28,18.45,19.12,34347598,636371151.74,-3.5042,4.9008,1,0,none,baostock,query_history_k_data_plus
600171,SHSE.600171,,SH,A股-上交所,2022-04-20,18.45,18.66,18.1,18.31,18.45,20353344,374924607.69,-0.7588,2.904,1,0,none,baostock,query_history_k_data_plus
600171,SHSE.600171,,SH,A股-上交所,2022-04-21,18.0,18.66,17.67,17.9,18.31,21778442,396496330.19,-2.2392,3.1074,1,0,none,baostock,query_history_k_data_plus
600171,SHSE.600171,,SH,A股-上交所,2022-04-22,17.58,17.78,16.85,16.85,17.9,23931809,412189914.46,-5.8659,3.4146,1,0,none,baostock,query_history_k_data_plus
600171,SHSE.600171,,SH,A股-上交所,2022-04-25,16.3,16.4,15.17,15.17,16.85,26088786,413299689.86,-9.9703,3.7217,1,0,none,baostock,query_history_k_data_plus
600171,SHSE.600171,,SH,A股-上交所,2022-04-26,15.25,15.43,14.43,14.48,15.17,20815491,311461563.15,-4.5485,2.9694,1,0,none,baostock,query_history_k_data_plus
600171,SHSE.600171,,SH,A股-上交所,2022-04-27,14.16,15.53,14.06,15.47,14.48,24785267,370956643.46,6.837,3.5357,1,0,none,baostock,query_history_k_data_plus
600171,SHSE.600171,,SH,A股-上交所,2022-04-28,15.29,15.4,14.91,15.1,15.47,16596883,251752033.27,-2.3917,2.3676,1,0,none,baostock,query_history_k_data_plus
600171,SHSE.600171,,SH,A股-上交所,2022-04-29,15.4,15.84,15.19,15.75,15.1,20925455,324914016.88,4.3046,2.9851,1,0,none,baostock,query_history_k_data_plus
600171,SHSE.600171,,SH,A股-上交所,2022-05-05,15.81,16.22,15.66,15.91,15.75,18135387,289205616.87,1.0159,2.5871,1,0,none,baostock,query_history_k_data_plus
600171,SHSE.600171,,SH,A股-上交所,2022-05-06,15.5,15.95,15.34,15.57,15.91,12685264,198140613.14,-2.137,1.8096,1,0,none,baostock,query_history_k_data_plus
600171,SHSE.600171,,SH,A股-上交所,2022-05-09,15.51,15.93,15.45,15.72,15.57,8807420,138554282.93,0.9634,1.2564,1,0,none,baostock,query_history_k_data_plus
600171,SHSE.600171,,SH,A股-上交所,2022-05-10,15.5,16.45,15.4,16.24,15.72,22020866,356073489.96,3.3079,3.1414,1,0,none,baostock,query_history_k_data_plus
600171,SHSE.600171,,SH,A股-上交所,2022-05-11,16.24,17.28,16.15,16.59,16.24,31198385,525426870.22,2.1552,4.4506,1,0,none,baostock,query_history_k_data_plus
600171,SHSE.600171,,SH,A股-上交所,2022-05-12,16.33,17.35,16.31,17.09,16.59,31519269,534253290.5,3.0139,4.4964,1,0,none,baostock,query_history_k_data_plus
600171,SHSE.600171,,SH,A股-上交所,2022-05-13,17.2,17.21,16.78,17.03,17.09,19049840,323424333.73,-0.3511,2.7176,1,0,none,baostock,query_history_k_data_plus
600171,SHSE.600171,,SH,A股-上交所,2022-05-16,17.12,17.29,16.81,16.89,17.03,14973005,254303742.66,-0.8221,2.136,1,0,none,baostock,query_history_k_data_plus
600171,SHSE.600171,,SH,A股-上交所,2022-05-17,16.89,17.61,16.75,17.6,16.89,32325458,558486323.46,4.2037,4.6114,1,0,none,baostock,query_history_k_data_plus
600171,SHSE.600171,,SH,A股-上交所,2022-05-18,17.47,17.52,17.21,17.27,17.6,22552991,391147272.78,-1.875,3.2173,1,0,none,baostock,query_history_k_data_plus
600171,SHSE.600171,,SH,A股-上交所,2022-05-19,16.88,17.73,16.8,17.69,17.27,26705862,465202964.71,2.432,3.8097,1,0,none,baostock,query_history_k_data_plus
600171,SHSE.600171,,SH,A股-上交所,2022-05-20,17.66,17.85,17.44,17.69,17.69,19987235,352185232.31,0.0,2.8513,1,0,none,baostock,query_history_k_data_plus
600171,SHSE.600171,,SH,A股-上交所,2022-05-23,17.65,17.78,17.42,17.62,17.69,15845481,278354748.1,-0.3957,2.2604,1,0,none,baostock,query_history_k_data_plus
600171,SHSE.600171,,SH,A股-上交所,2022-05-24,17.55,17.68,16.87,16.88,17.62,22546884,390280593.2,-4.1998,3.2164,1,0,none,baostock,query_history_k_data_plus
600171,SHSE.600171,,SH,A股-上交所,2022-05-25,16.86,17.6,16.86,17.15,16.88,14329869,246462943.35,1.5995,2.0442,1,0,none,baostock,query_history_k_data_plus
600171,SHSE.600171,,SH,A股-上交所,2022-05-26,17.16,17.36,16.73,17.22,17.15,14594455,249852322.9,0.4082,2.082,1,0,none,baostock,query_history_k_data_plus
600171,SHSE.600171,,SH,A股-上交所,2022-05-27,17.32,17.62,16.86,17.04,17.22,18790490,324465817.87,-1.0453,2.6806,1,0,none,baostock,query_history_k_data_plus
600171,SHSE.600171,,SH,A股-上交所,2022-05-30,17.27,17.96,17.07,17.64,17.04,30244449,531100078.44,3.5211,4.3145,1,0,none,baostock,query_history_k_data_plus
600171,SHSE.600171,,SH,A股-上交所,2022-05-31,17.57,17.84,17.13,17.79,17.64,29600201,519201425.32,0.8503,4.2226,1,0,none,baostock,query_history_k_data_plus
600171,SHSE.600171,,SH,A股-上交所,2022-06-01,17.79,17.91,17.52,17.73,17.79,20744213,367496133.0,-0.3373,2.9593,1,0,none,baostock,query_history_k_data_plus
600171,SHSE.600171,,SH,A股-上交所,2022-06-02,17.65,18.4,17.56,18.36,17.73,38354305,694230353.02,3.5533,5.4714,1,0,none,baostock,query_history_k_data_plus
600171,SHSE.600171,,SH,A股-上交所,2022-06-06,18.43,18.87,18.15,18.81,18.36,36782225,682603812.22,2.451,5.2472,1,0,none,baostock,query_history_k_data_plus
600171,SHSE.600171,,SH,A股-上交所,2022-06-07,18.77,18.81,18.24,18.4,18.81,26096141,481753354.07,-2.1797,3.7227,1,0,none,baostock,query_history_k_data_plus
600171,SHSE.600171,,SH,A股-上交所,2022-06-08,18.3,18.6,17.92,18.22,18.4,22447250,409174874.32,-0.9783,3.2022,1,0,none,baostock,query_history_k_data_plus
600171,SHSE.600171,,SH,A股-上交所,2022-06-09,18.03,18.17,17.61,17.73,18.22,17905553,319804609.63,-2.6894,2.5543,1,0,none,baostock,query_history_k_data_plus
600171,SHSE.600171,,SH,A股-上交所,2022-06-10,17.6,18.1,17.54,18.01,17.73,18023194,323430682.06,1.5792,2.5711,1,0,none,baostock,query_history_k_data_plus
600171,SHSE.600171,,SH,A股-上交所,2022-06-13,17.86,18.24,17.8,18.02,18.01,16627847,299448634.51,0.0555,2.372,1,0,none,baostock,query_history_k_data_plus
600171,SHSE.600171,,SH,A股-上交所,2022-06-14,17.81,17.88,17.05,17.72,18.02,22848252,398551813.01,-1.6648,3.2594,1,0,none,baostock,query_history_k_data_plus
600171,SHSE.600171,,SH,A股-上交所,2022-06-15,17.66,19.49,17.66,19.49,17.72,62208668,1184554019.42,9.9887,8.8744,1,0,none,baostock,query_history_k_data_plus
600171,SHSE.600171,,SH,A股-上交所,2022-06-16,19.87,21.44,19.62,21.44,19.49,123487846,2580626248.12,10.0051,17.6161,1,0,none,baostock,query_history_k_data_plus
600171,SHSE.600171,,SH,A股-上交所,2022-06-17,21.1,21.1,20.2,20.78,21.44,82909056,1717781445.67,-3.0784,11.8081,1,0,none,baostock,query_history_k_data_plus
600171,SHSE.600171,,SH,A股-上交所,2022-06-20,20.58,22.77,20.57,21.81,20.78,83682107,1817590389.6,4.9567,11.9182,1,0,none,baostock,query_history_k_data_plus
600171,SHSE.600171,,SH,A股-上交所,2022-06-21,21.65,22.41,20.96,21.33,21.61,57403729,1237982360.71,-1.2957,8.1755,1,0,none,baostock,query_history_k_data_plus
600171,SHSE.600171,,SH,A股-上交所,2022-06-22,21.13,21.18,20.34,20.36,21.33,45218363,934677803.07,-4.5476,6.4401,1,0,none,baostock,query_history_k_data_plus
600171,SHSE.600171,,SH,A股-上交所,2022-06-23,20.5,22.08,20.41,21.78,20.36,66366448,1413878440.0,6.9745,9.452,1,0,none,baostock,query_history_k_data_plus
600171,SHSE.600171,,SH,A股-上交所,2022-06-24,21.79,23.45,21.5,22.39,21.78,76816376,1728183555.96,2.8007,10.9403,1,0,none,baostock,query_history_k_data_plus
600171,SHSE.600171,,SH,A股-上交所,2022-06-27,22.49,24.11,21.96,23.93,22.39,80919361,1870086693.98,6.8781,11.5247,1,0,none,baostock,query_history_k_data_plus
600171,SHSE.600171,,SH,A股-上交所,2022-06-28,23.51,26.31,23.01,25.44,23.93,93051559,2271341558.62,6.3101,13.2526,1,0,none,baostock,query_history_k_data_plus
600171,SHSE.600171,,SH,A股-上交所,2022-06-29,25.0,26.7,24.32,24.35,25.44,96966094,2494076437.95,-4.2846,13.8101,1,0,none,baostock,query_history_k_data_plus
600171,SHSE.600171,,SH,A股-上交所,2022-06-30,24.3,25.5,24.28,25.03,24.35,66215488,1650218314.45,2.7926,9.4305,1,0,none,baostock,query_history_k_data_plus
600171,SHSE.600171,,SH,A股-上交所,2022-07-01,24.6,25.02,24.05,24.29,25.03,50784376,1242444870.63,-2.9565,7.2328,1,0,none,baostock,query_history_k_data_plus
600171,SHSE.600171,,SH,A股-上交所,2022-07-04,23.61,23.94,22.39,23.89,24.29,54927589,1278834854.82,-1.6468,7.8229,1,0,none,baostock,query_history_k_data_plus
600171,SHSE.600171,,SH,A股-上交所,2022-07-05,23.53,24.5,23.43,23.97,23.89,42296165,1009739797.04,0.3349,6.0239,1,0,none,baostock,query_history_k_data_plus
600171,SHSE.600171,,SH,A股-上交所,2022-07-06,23.98,25.23,23.76,24.54,23.97,55671741,1371026360.73,2.378,7.9289,1,0,none,baostock,query_history_k_data_plus
600171,SHSE.600171,,SH,A股-上交所,2022-07-07,24.38,24.4,23.34,23.68,24.54,41100982,977550451.89,-3.5045,5.8537,1,0,none,baostock,query_history_k_data_plus
600171,SHSE.600171,,SH,A股-上交所,2022-07-08,23.83,24.17,22.78,22.85,23.68,41678485,981068630.94,-3.5051,5.9359,1,0,none,baostock,query_history_k_data_plus
600171,SHSE.600171,,SH,A股-上交所,2022-07-11,22.58,23.45,22.43,23.21,22.85,37427917,858333617.71,1.5755,5.3305,1,0,none,baostock,query_history_k_data_plus
600171,SHSE.600171,,SH,A股-上交所,2022-07-12,22.88,23.1,21.7,21.73,23.21,43606710,966411427.61,-6.3766,6.2105,1,0,none,baostock,query_history_k_data_plus
600171,SHSE.600171,,SH,A股-上交所,2022-07-13,21.74,22.03,21.4,21.8,21.73,23436074,508536458.8,0.3221,3.3378,1,0,none,baostock,query_history_k_data_plus
600171,SHSE.600171,,SH,A股-上交所,2022-07-14,21.76,22.3,21.66,21.89,21.8,26036441,572902977.54,0.4128,3.7082,1,0,none,baostock,query_history_k_data_plus
600171,SHSE.600171,,SH,A股-上交所,2022-07-15,21.84,22.78,21.66,22.17,21.89,36205440,809975481.52,1.2791,5.1564,1,0,none,baostock,query_history_k_data_plus
600171,SHSE.600171,,SH,A股-上交所,2022-07-18,22.18,22.46,21.29,22.35,22.17,30491973,668563630.29,0.8119,4.3427,1,0,none,baostock,query_history_k_data_plus
600171,SHSE.600171,,SH,A股-上交所,2022-07-19,22.36,22.59,21.78,22.29,22.35,24810347,549947708.35,-0.2685,3.5335,1,0,none,baostock,query_history_k_data_plus
600171,SHSE.600171,,SH,A股-上交所,2022-07-20,22.58,23.76,22.58,23.65,22.29,55085117,1284249111.1,6.1014,7.8453,1,0,none,baostock,query_history_k_data_plus
600171,SHSE.600171,,SH,A股-上交所,2022-07-21,23.21,24.45,23.01,23.37,23.65,50461468,1201426196.4,-1.1839,7.1868,1,0,none,baostock,query_history_k_data_plus
600171,SHSE.600171,,SH,A股-上交所,2022-07-22,23.34,23.63,22.5,22.68,23.37,32161953,735049939.7,-2.9525,4.5806,1,0,none,baostock,query_history_k_data_plus
600171,SHSE.600171,,SH,A股-上交所,2022-07-25,22.3,22.49,21.5,21.51,22.68,26317140,576125470.65,-5.1587,3.7481,1,0,none,baostock,query_history_k_data_plus
600171,SHSE.600171,,SH,A股-上交所,2022-07-26,21.5,21.81,21.15,21.7,21.51,16551894,356872481.25,0.8833,2.3573,1,0,none,baostock,query_history_k_data_plus
600171,SHSE.600171,,SH,A股-上交所,2022-07-27,21.41,22.1,21.35,21.89,21.7,19976604,433045831.45,0.8756,2.8451,1,0,none,baostock,query_history_k_data_plus
600171,SHSE.600171,,SH,A股-上交所,2022-07-28,21.97,22.59,21.97,22.16,21.89,26073686,582597945.1,1.2334,3.7135,1,0,none,baostock,query_history_k_data_plus
600171,SHSE.600171,,SH,A股-上交所,2022-07-29,22.16,22.23,21.38,21.47,22.16,22053794,479699384.05,-3.1137,3.1409,1,0,none,baostock,query_history_k_data_plus
600171,SHSE.600171,,SH,A股-上交所,2022-08-01,21.4,21.99,20.6,21.9,21.47,20287037,437484200.99,2.0028,2.8893,1,0,none,baostock,query_history_k_data_plus
600171,SHSE.600171,,SH,A股-上交所,2022-08-02,21.67,21.91,20.75,21.16,21.9,24909337,531378584.59,-3.379,3.5476,1,0,none,baostock,query_history_k_data_plus
600171,SHSE.600171,,SH,A股-上交所,2022-08-03,21.05,22.36,21.05,21.72,21.16,34421966,749334182.9,2.6465,4.9024,1,0,none,baostock,query_history_k_data_plus
600171,SHSE.600171,,SH,A股-上交所,2022-08-04,21.85,23.21,21.85,23.21,21.72,56620362,1278860508.0,6.86,8.064,1,0,none,baostock,query_history_k_data_plus
600171,SHSE.600171,,SH,A股-上交所,2022-08-05,23.3,24.91,22.8,24.16,23.21,79628781,1913296093.0,4.0931,11.3409,1,0,none,baostock,query_history_k_data_plus
600171,SHSE.600171,,SH,A股-上交所,2022-08-08,24.18,24.28,23.02,23.71,24.16,50948794,1202493527.0,-1.8626,7.2562,1,0,none,baostock,query_history_k_data_plus
600171,SHSE.600171,,SH,A股-上交所,2022-08-09,23.42,24.42,23.0,24.4,23.71,51863978,1222467706.0,2.9102,7.3866,1,0,none,baostock,query_history_k_data_plus
600171,SHSE.600171,,SH,A股-上交所,2022-08-10,23.9,24.87,23.8,23.85,24.4,51956838,1262149261.0,-2.2541,7.3998,1,0,none,baostock,query_history_k_data_plus
600171,SHSE.600171,,SH,A股-上交所,2022-08-11,23.8,24.27,23.56,23.64,23.85,42451553,1013731554.0,-0.8805,6.046,1,0,none,baostock,query_history_k_data_plus
600171,SHSE.600171,,SH,A股-上交所,2022-08-12,23.48,23.91,23.17,23.18,23.64,29237439,688002281.0,-1.9459,4.164,1,0,none,baostock,query_history_k_data_plus
600171,SHSE.600171,,SH,A股-上交所,2022-08-15,23.06,23.44,23.01,23.12,23.18,21045026,487643333.19,-0.2588,2.9973,1,0,none,baostock,query_history_k_data_plus
600171,SHSE.600171,,SH,A股-上交所,2022-08-16,23.16,23.36,22.82,22.9,23.12,24746109,570177595.26,-0.9516,3.5244,1,0,none,baostock,query_history_k_data_plus
600171,SHSE.600171,,SH,A股-上交所,2022-08-17,22.98,23.05,22.51,23.03,22.9,24339813,554577864.55,0.5677,3.4665,1,0,none,baostock,query_history_k_data_plus
600171,SHSE.600171,,SH,A股-上交所,2022-08-18,22.9,23.53,22.66,23.49,23.03,34113512,792904937.52,1.9974,4.8585,1,0,none,baostock,query_history_k_data_plus
600171,SHSE.600171,,SH,A股-上交所,2022-08-19,23.52,23.85,22.33,22.34,23.49,32367718,746999572.52,-4.8957,4.6099,1,0,none,baostock,query_history_k_data_plus
600171,SHSE.600171,,SH,A股-上交所,2022-08-22,22.27,22.51,21.69,22.23,22.34,16663769,370104433.65,-0.4924,2.3733,1,0,none,baostock,query_history_k_data_plus
600171,SHSE.600171,,SH,A股-上交所,2022-08-23,21.98,22.55,21.87,22.23,22.23,16518250,368567541.59,0.0,2.3526,1,0,none,baostock,query_history_k_data_plus
600171,SHSE.600171,,SH,A股-上交所,2022-08-24,22.3,22.4,20.81,20.9,22.23,30769312,658190922.99,-5.9829,4.3822,1,0,none,baostock,query_history_k_data_plus
600171,SHSE.600171,,SH,A股-上交所,2022-08-25,21.0,21.12,20.04,20.36,20.9,20895080,426486201.44,-2.5837,2.9759,1,0,none,baostock,query_history_k_data_plus
600171,SHSE.600171,,SH,A股-上交所,2022-08-26,20.47,20.57,20.03,20.12,20.36,13470712,273839011.94,-1.1788,1.9185,1,0,none,baostock,query_history_k_data_plus
600171,SHSE.600171,,SH,A股-上交所,2022-08-29,19.6,20.38,19.5,20.0,20.12,10967473,219256465.63,-0.5964,1.562,1,0,none,baostock,query_history_k_data_plus
600171,SHSE.600171,,SH,A股-上交所,2022-08-30,20.0,20.28,19.88,20.1,20.0,9608051,192770581.72,0.5,1.3684,1,0,none,baostock,query_history_k_data_plus
600171,SHSE.600171,,SH,A股-上交所,2022-08-31,20.0,20.22,19.5,19.67,20.1,11481375,226819351.5,-2.1393,1.6352,1,0,none,baostock,query_history_k_data_plus
600171,SHSE.600171,,SH,A股-上交所,2022-09-01,19.76,19.99,19.3,19.34,19.67,10498643,206497719.04,-1.6777,1.4952,1,0,none,baostock,query_history_k_data_plus
600171,SHSE.600171,,SH,A股-上交所,2022-09-02,19.48,19.69,19.35,19.57,19.34,10604348,207320759.81,1.1892,1.5103,1,0,none,baostock,query_history_k_data_plus
600171,SHSE.600171,,SH,A股-上交所,2022-09-05,19.46,19.7,19.11,19.32,19.57,9810796,190095426.44,-1.2775,1.3973,1,0,none,baostock,query_history_k_data_plus
600171,SHSE.600171,,SH,A股-上交所,2022-09-06,19.39,19.87,19.27,19.87,19.32,11874335,231915257.41,2.8468,1.6912,1,0,none,baostock,query_history_k_data_plus
600171,SHSE.600171,,SH,A股-上交所,2022-09-07,19.9,20.87,19.8,20.7,19.87,26146649,536665887.77,4.1772,3.7239,1,0,none,baostock,query_history_k_data_plus
600171,SHSE.600171,,SH,A股-上交所,2022-09-08,20.5,20.63,20.21,20.23,20.7,11986579,243771552.2,-2.2705,1.7071,1,0,none,baostock,query_history_k_data_plus
600171,SHSE.600171,,SH,A股-上交所,2022-09-09,20.3,20.42,20.03,20.36,20.23,8520231,172551562.37,0.6426,1.2135,1,0,none,baostock,query_history_k_data_plus
600171,SHSE.600171,,SH,A股-上交所,2022-09-13,20.51,20.81,20.3,20.32,20.36,8166423,167337257.57,-0.1965,1.1631,1,0,none,baostock,query_history_k_data_plus
600171,SHSE.600171,,SH,A股-上交所,2022-09-14,19.9,20.08,19.7,19.89,20.32,10712727,212797135.27,-2.1161,1.5257,1,0,none,baostock,query_history_k_data_plus
600171,SHSE.600171,,SH,A股-上交所,2022-09-15,19.96,20.01,19.13,19.22,19.89,12419381,241488757.13,-3.3685,1.7688,1,0,none,baostock,query_history_k_data_plus
600171,SHSE.600171,,SH,A股-上交所,2022-09-16,19.3,19.38,18.6,18.61,19.22,10623086,202636183.29,-3.1738,1.513,1,0,none,baostock,query_history_k_data_plus
600171,SHSE.600171,,SH,A股-上交所,2022-09-19,18.5,18.88,18.05,18.21,18.61,10069463,185557139.3,-2.1494,1.4341,1,0,none,baostock,query_history_k_data_plus
600171,SHSE.600171,,SH,A股-上交所,2022-09-20,18.35,18.47,18.13,18.36,18.21,8214783,150447117.31,0.8237,1.17,1,0,none,baostock,query_history_k_data_plus
600171,SHSE.600171,,SH,A股-上交所,2022-09-21,18.2,18.45,17.78,18.29,18.36,9234714,167098150.07,-0.3813,1.3152,1,0,none,baostock,query_history_k_data_plus
600171,SHSE.600171,,SH,A股-上交所,2022-09-22,18.1,18.58,18.05,18.35,18.29,8098438,148985747.41,0.328,1.1534,1,0,none,baostock,query_history_k_data_plus
600171,SHSE.600171,,SH,A股-上交所,2022-09-23,18.35,18.4,17.51,17.78,18.35,11542046,206318044.34,-3.1063,1.6438,1,0,none,baostock,query_history_k_data_plus
600171,SHSE.600171,,SH,A股-上交所,2022-09-26,17.7,17.9,17.54,17.67,17.78,6913162,122484476.39,-0.6187,0.9846,1,0,none,baostock,query_history_k_data_plus
600171,SHSE.600171,,SH,A股-上交所,2022-09-27,17.76,18.35,17.72,18.27,17.67,11542775,208019505.82,3.3956,1.6439,1,0,none,baostock,query_history_k_data_plus
600171,SHSE.600171,,SH,A股-上交所,2022-09-28,18.15,18.16,17.47,17.49,18.27,8974368,160100529.66,-4.2693,1.2781,1,0,none,baostock,query_history_k_data_plus
600171,SHSE.600171,,SH,A股-上交所,2022-09-29,17.88,17.92,17.36,17.57,17.49,6977917,123098279.59,0.4574,0.9938,1,0,none,baostock,query_history_k_data_plus
600171,SHSE.600171,,SH,A股-上交所,2022-09-30,17.5,17.71,17.06,17.08,17.57,7003616,121780005.31,-2.7888,0.9975,1,0,none,baostock,query_history_k_data_plus
600171,SHSE.600171,,SH,A股-上交所,2022-10-10,17.1,17.1,16.28,16.36,17.08,9519002,157115902.18,-4.2155,1.3557,1,0,none,baostock,query_history_k_data_plus
600171,SHSE.600171,,SH,A股-上交所,2022-10-11,16.36,16.65,16.22,16.5,16.36,6460561,106315995.8,0.8557,0.9201,1,0,none,baostock,query_history_k_data_plus
600171,SHSE.600171,,SH,A股-上交所,2022-10-12,16.6,17.34,16.48,17.32,16.5,12841559,217497541.06,4.9697,1.8289,1,0,none,baostock,query_history_k_data_plus
600171,SHSE.600171,,SH,A股-上交所,2022-10-13,17.2,17.6,17.06,17.38,17.32,10548127,184154072.55,0.3464,1.5023,1,0,none,baostock,query_history_k_data_plus
600171,SHSE.600171,,SH,A股-上交所,2022-10-14,17.59,17.91,17.41,17.88,17.38,10926459,193612211.25,2.8769,1.5562,1,0,none,baostock,query_history_k_data_plus
600171,SHSE.600171,,SH,A股-上交所,2022-10-17,17.59,18.32,17.56,18.18,17.88,11266490,203514398.16,1.6779,1.6046,1,0,none,baostock,query_history_k_data_plus
600171,SHSE.600171,,SH,A股-上交所,2022-10-18,18.3,18.3,17.86,18.04,18.18,9862971,178033571.11,-0.7701,1.4047,1,0,none,baostock,query_history_k_data_plus
600171,SHSE.600171,,SH,A股-上交所,2022-10-19,18.01,18.25,17.9,17.9,18.04,8437307,152183734.59,-0.7761,1.2017,1,0,none,baostock,query_history_k_data_plus
600171,SHSE.600171,,SH,A股-上交所,2022-10-20,17.71,18.86,17.68,18.69,17.9,25587022,472792259.3,4.4134,3.6441,1,0,none,baostock,query_history_k_data_plus
600171,SHSE.600171,,SH,A股-上交所,2022-10-21,18.55,18.6,18.01,18.16,18.69,16888624,308053311.81,-2.8357,2.4053,1,0,none,baostock,query_history_k_data_plus
600171,SHSE.600171,,SH,A股-上交所,2022-10-24,18.17,18.59,17.81,18.02,18.16,12848606,234337121.26,-0.7709,1.8299,1,0,none,baostock,query_history_k_data_plus
600171,SHSE.600171,,SH,A股-上交所,2022-10-25,17.92,18.2,17.61,17.78,18.02,11047615,197222710.2,-1.3319,1.5734,1,0,none,baostock,query_history_k_data_plus
600171,SHSE.600171,,SH,A股-上交所,2022-10-26,17.5,18.19,17.2,18.1,17.78,15625171,279458180.75,1.7998,2.2254,1,0,none,baostock,query_history_k_data_plus
600171,SHSE.600171,,SH,A股-上交所,2022-10-27,18.14,18.68,18.03,18.31,18.1,17232542,315808122.9,1.1602,2.4543,1,0,none,baostock,query_history_k_data_plus
600171,SHSE.600171,,SH,A股-上交所,2022-10-28,18.11,18.58,17.57,17.64,18.31,14728757,266985892.78,-3.6592,2.0977,1,0,none,baostock,query_history_k_data_plus
600171,SHSE.600171,,SH,A股-上交所,2022-10-31,17.47,18.28,17.4,18.18,17.64,13229938,238386308.9,3.0612,1.8842,1,0,none,baostock,query_history_k_data_plus
600171,SHSE.600171,,SH,A股-上交所,2022-11-01,18.19,18.5,17.99,18.49,18.18,14789716,270935988.38,1.7052,2.1064,1,0,none,baostock,query_history_k_data_plus
600171,SHSE.600171,,SH,A股-上交所,2022-11-02,18.45,18.8,18.37,18.53,18.49,15095290,280984259.39,0.2163,2.1499,1,0,none,baostock,query_history_k_data_plus
600171,SHSE.600171,,SH,A股-上交所,2022-11-03,18.32,19.32,18.25,19.27,18.53,26737211,506594402.02,3.9935,3.808,1,0,none,baostock,query_history_k_data_plus
600171,SHSE.600171,,SH,A股-上交所,2022-11-04,19.16,19.46,18.95,19.35,19.27,23939422,460064425.29,0.4152,3.4095,1,0,none,baostock,query_history_k_data_plus
600171,SHSE.600171,,SH,A股-上交所,2022-11-07,19.25,19.53,19.03,19.12,19.35,15482862,297557089.92,-1.1886,2.2051,1,0,none,baostock,query_history_k_data_plus
600171,SHSE.600171,,SH,A股-上交所,2022-11-08,19.05,19.26,18.8,18.95,19.12,9967163,188735007.88,-0.8891,1.4195,1,0,none,baostock,query_history_k_data_plus
600171,SHSE.600171,,SH,A股-上交所,2022-11-09,18.94,19.23,18.75,19.12,18.95,10237948,195157430.54,0.8971,1.4581,1,0,none,baostock,query_history_k_data_plus
600171,SHSE.600171,,SH,A股-上交所,2022-11-10,18.91,19.19,18.6,18.75,19.12,10753695,203250500.6,-1.9351,1.5316,1,0,none,baostock,query_history_k_data_plus
600171,SHSE.600171,,SH,A股-上交所,2022-11-11,19.2,19.35,18.87,18.91,18.75,15710683,300409701.26,0.8533,2.2375,1,0,none,baostock,query_history_k_data_plus
600171,SHSE.600171,,SH,A股-上交所,2022-11-14,18.89,19.12,18.69,19.07,18.91,11855364,224569884.03,0.8461,1.6885,1,0,none,baostock,query_history_k_data_plus
600171,SHSE.600171,,SH,A股-上交所,2022-11-15,19.06,20.18,18.9,19.97,19.07,34583770,682015191.6,4.7195,4.9255,1,0,none,baostock,query_history_k_data_plus
600171,SHSE.600171,,SH,A股-上交所,2022-11-16,19.8,20.0,19.56,19.58,19.97,19625511,387661204.91,-1.9529,2.7951,1,0,none,baostock,query_history_k_data_plus
600171,SHSE.600171,,SH,A股-上交所,2022-11-17,19.49,20.18,19.43,20.18,19.58,25643693,509374897.94,3.0644,3.6522,1,0,none,baostock,query_history_k_data_plus
600171,SHSE.600171,,SH,A股-上交所,2022-11-18,20.05,20.25,19.78,19.84,20.18,18719556,374201286.89,-1.6848,2.6661,1,0,none,baostock,query_history_k_data_plus
600171,SHSE.600171,,SH,A股-上交所,2022-11-21,19.6,19.98,19.54,19.92,19.84,12590328,248581775.43,0.4032,1.7931,1,0,none,baostock,query_history_k_data_plus
600171,SHSE.600171,,SH,A股-上交所,2022-11-22,19.84,20.19,19.6,19.67,19.92,13160085,261887736.42,-1.255,1.8743,1,0,none,baostock,query_history_k_data_plus
600171,SHSE.600171,,SH,A股-上交所,2022-11-23,19.7,19.86,19.03,19.43,19.67,11371177,221027957.3,-1.2201,1.6195,1,0,none,baostock,query_history_k_data_plus
600171,SHSE.600171,,SH,A股-上交所,2022-11-24,19.43,19.64,19.2,19.24,19.43,7331424,141842319.63,-0.9779,1.0442,1,0,none,baostock,query_history_k_data_plus
600171,SHSE.600171,,SH,A股-上交所,2022-11-25,19.2,19.47,19.03,19.1,19.24,7038887,135168494.41,-0.7277,1.0025,1,0,none,baostock,query_history_k_data_plus
600171,SHSE.600171,,SH,A股-上交所,2022-11-28,18.8,19.06,18.69,18.89,19.1,6575160,123948321.7,-1.0995,0.9364,1,0,none,baostock,query_history_k_data_plus
600171,SHSE.600171,,SH,A股-上交所,2022-11-29,18.93,19.27,18.82,19.17,18.89,8675605,165620089.37,1.4823,1.2356,1,0,none,baostock,query_history_k_data_plus
600171,SHSE.600171,,SH,A股-上交所,2022-11-30,19.1,19.38,19.06,19.14,19.17,6964008,133716924.76,-0.1565,0.9918,1,0,none,baostock,query_history_k_data_plus
600171,SHSE.600171,,SH,A股-上交所,2022-12-01,19.38,19.5,19.15,19.34,19.14,11004464,212670126.99,1.0449,1.5673,1,0,none,baostock,query_history_k_data_plus
600171,SHSE.600171,,SH,A股-上交所,2022-12-02,19.29,19.42,19.15,19.18,19.34,7172906,138141289.9,-0.8273,1.0216,1,0,none,baostock,query_history_k_data_plus
600171,SHSE.600171,,SH,A股-上交所,2022-12-05,19.26,19.36,19.05,19.36,19.18,10797374,207467279.57,0.9385,1.5378,1,0,none,baostock,query_history_k_data_plus
600171,SHSE.600171,,SH,A股-上交所,2022-12-06,19.3,19.76,19.25,19.59,19.36,15140546,296474443.27,1.188,2.1563,1,0,none,baostock,query_history_k_data_plus
600171,SHSE.600171,,SH,A股-上交所,2022-12-07,19.55,19.64,19.4,19.44,19.59,8979967,175041132.3,-0.7657,1.2789,1,0,none,baostock,query_history_k_data_plus
600171,SHSE.600171,,SH,A股-上交所,2022-12-08,19.35,19.45,18.9,18.9,19.44,11351168,216211026.2,-2.7778,1.6167,1,0,none,baostock,query_history_k_data_plus
600171,SHSE.600171,,SH,A股-上交所,2022-12-09,18.85,19.15,18.8,18.85,18.9,9601104,181776890.86,-0.2646,1.3674,1,0,none,baostock,query_history_k_data_plus
600171,SHSE.600171,,SH,A股-上交所,2022-12-12,18.74,19.13,18.55,18.96,18.85,9444967,178542381.1,0.5836,1.3452,1,0,none,baostock,query_history_k_data_plus
600171,SHSE.600171,,SH,A股-上交所,2022-12-13,18.8,18.94,18.43,18.53,18.96,9684002,180754534.62,-2.2679,1.3792,1,0,none,baostock,query_history_k_data_plus
600171,SHSE.600171,,SH,A股-上交所,2022-12-14,19.13,19.39,18.97,18.97,18.53,21108309,404533581.03,2.3745,3.0063,1,0,none,baostock,query_history_k_data_plus
600171,SHSE.600171,,SH,A股-上交所,2022-12-15,18.88,19.95,18.64,19.78,18.97,33972103,665284113.67,4.2699,4.8384,1,0,none,baostock,query_history_k_data_plus
600171,SHSE.600171,,SH,A股-上交所,2022-12-16,19.7,19.82,19.39,19.48,19.78,14836242,290017091.11,-1.5167,2.113,1,0,none,baostock,query_history_k_data_plus
600171,SHSE.600171,,SH,A股-上交所,2022-12-19,19.4,19.42,18.65,18.73,19.48,13428723,255085428.53,-3.8501,1.9125,1,0,none,baostock,query_history_k_data_plus
600171,SHSE.600171,,SH,A股-上交所,2022-12-20,18.67,18.97,18.25,18.32,18.73,11141289,206006708.47,-2.189,1.5868,1,0,none,baostock,query_history_k_data_plus
600171,SHSE.600171,,SH,A股-上交所,2022-12-21,18.32,18.56,17.81,17.98,18.32,8646723,157106622.92,-1.8559,1.2315,1,0,none,baostock,query_history_k_data_plus
600171,SHSE.600171,,SH,A股-上交所,2022-12-22,18.11,18.15,17.47,17.59,17.98,7889553,140483448.55,-2.1691,1.1236,1,0,none,baostock,query_history_k_data_plus
600171,SHSE.600171,,SH,A股-上交所,2022-12-23,17.49,17.68,17.32,17.4,17.59,6252461,109272091.47,-1.0802,0.8905,1,0,none,baostock,query_history_k_data_plus
600171,SHSE.600171,,SH,A股-上交所,2022-12-26,17.45,17.9,17.4,17.87,17.4,6390208,113375841.21,2.7011,0.9101,1,0,none,baostock,query_history_k_data_plus
600171,SHSE.600171,,SH,A股-上交所,2022-12-27,17.89,17.99,17.69,17.91,17.87,6740439,120197600.88,0.2238,0.96,1,0,none,baostock,query_history_k_data_plus
600171,SHSE.600171,,SH,A股-上交所,2022-12-28,17.8,17.86,17.56,17.66,17.91,5338972,94403394.9,-1.3959,0.7604,1,0,none,baostock,query_history_k_data_plus
600171,SHSE.600171,,SH,A股-上交所,2022-12-29,17.55,17.74,17.49,17.5,17.66,4607383,81097215.3,-0.906,0.6562,1,0,none,baostock,query_history_k_data_plus
600171,SHSE.600171,,SH,A股-上交所,2022-12-30,17.61,17.7,17.36,17.43,17.5,4707838,82268261.53,-0.4,0.6705,1,0,none,baostock,query_history_k_data_plus
600171,SHSE.600171,,SH,A股-上交所,2023-01-03,17.44,17.85,17.31,17.82,17.43,6417315,113208698.61,2.2375,0.914,1,0,none,baostock,query_history_k_data_plus
600171,SHSE.600171,,SH,A股-上交所,2023-01-04,17.8,18.27,17.77,17.91,17.82,8717273,156862206.94,0.5051,1.2415,1,0,none,baostock,query_history_k_data_plus
600171,SHSE.600171,,SH,A股-上交所,2023-01-05,17.87,18.07,17.74,18.02,17.91,5853311,105181828.18,0.6142,0.8336,1,0,none,baostock,query_history_k_data_plus
600171,SHSE.600171,,SH,A股-上交所,2023-01-06,17.97,18.24,17.87,18.05,18.02,6865296,124310299.26,0.1665,0.9778,1,0,none,baostock,query_history_k_data_plus
600171,SHSE.600171,,SH,A股-上交所,2023-01-09,18.06,18.28,18.0,18.07,18.05,6049588,109566521.36,0.1108,0.8616,1,0,none,baostock,query_history_k_data_plus
600171,SHSE.600171,,SH,A股-上交所,2023-01-10,18.15,19.35,18.08,18.9,18.07,27061029,507499357.07,4.5932,3.8541,1,0,none,baostock,query_history_k_data_plus
600171,SHSE.600171,,SH,A股-上交所,2023-01-11,18.85,19.2,18.49,18.53,18.9,16245271,306426184.85,-1.9577,2.3137,1,0,none,baostock,query_history_k_data_plus
600171,SHSE.600171,,SH,A股-上交所,2023-01-12,18.53,18.65,18.36,18.56,18.53,7414103,137400857.04,0.1619,1.0559,1,0,none,baostock,query_history_k_data_plus
600171,SHSE.600171,,SH,A股-上交所,2023-01-13,18.65,18.67,18.26,18.44,18.56,7377257,136027579.76,-0.6466,1.0507,1,0,none,baostock,query_history_k_data_plus
600171,SHSE.600171,,SH,A股-上交所,2023-01-16,18.38,18.86,18.3,18.74,18.44,9387797,175610521.45,1.6269,1.337,1,0,none,baostock,query_history_k_data_plus
600171,SHSE.600171,,SH,A股-上交所,2023-01-17,18.76,19.25,18.68,19.05,18.74,12474782,237984864.02,1.6542,1.7767,1,0,none,baostock,query_history_k_data_plus
600171,SHSE.600171,,SH,A股-上交所,2023-01-18,19.2,19.2,18.9,18.95,19.05,6190185,117575130.84,-0.5249,0.8816,1,0,none,baostock,query_history_k_data_plus
600171,SHSE.600171,,SH,A股-上交所,2023-01-19,18.94,19.25,18.84,19.23,18.95,10492786,200764871.78,1.4776,1.4944,1,0,none,baostock,query_history_k_data_plus
600171,SHSE.600171,,SH,A股-上交所,2023-01-20,19.23,19.39,19.15,19.24,19.23,8026223,154346181.45,0.052,1.1431,1,0,none,baostock,query_history_k_data_plus
600171,SHSE.600171,,SH,A股-上交所,2023-01-30,19.4,19.57,19.26,19.32,19.24,11093667,215213496.48,0.4158,1.58,1,0,none,baostock,query_history_k_data_plus
600171,SHSE.600171,,SH,A股-上交所,2023-01-31,19.25,19.39,19.0,19.09,19.32,9620123,183750922.92,-1.1905,1.3701,1,0,none,baostock,query_history_k_data_plus
600171,SHSE.600171,,SH,A股-上交所,2023-02-01,19.15,19.49,19.15,19.39,19.09,10073560,194747224.8,1.5715,1.4347,1,0,none,baostock,query_history_k_data_plus
600171,SHSE.600171,,SH,A股-上交所,2023-02-02,19.39,19.82,19.39,19.5,19.39,14772296,289340945.77,0.5673,2.1039,1,0,none,baostock,query_history_k_data_plus
600171,SHSE.600171,,SH,A股-上交所,2023-02-03,19.5,19.68,19.21,19.55,19.5,10693984,207595981.23,0.2564,1.5231,1,0,none,baostock,query_history_k_data_plus
600171,SHSE.600171,,SH,A股-上交所,2023-02-06,19.49,19.65,19.26,19.35,19.55,8145503,157987764.83,-1.023,1.1601,1,0,none,baostock,query_history_k_data_plus
600171,SHSE.600171,,SH,A股-上交所,2023-02-07,19.37,19.47,19.25,19.37,19.35,6619754,128034872.46,0.1034,0.9428,1,0,none,baostock,query_history_k_data_plus
600171,SHSE.600171,,SH,A股-上交所,2023-02-08,19.38,19.62,19.0,19.08,19.37,12309349,236980519.33,-1.4972,1.7531,1,0,none,baostock,query_history_k_data_plus
600171,SHSE.600171,,SH,A股-上交所,2023-02-09,19.04,19.78,19.0,19.77,19.08,21612430,422629930.58,3.6164,3.0781,1,0,none,baostock,query_history_k_data_plus
600171,SHSE.600171,,SH,A股-上交所,2023-02-10,19.77,20.11,19.61,19.84,19.77,18361324,365111017.56,0.3541,2.6151,1,0,none,baostock,query_history_k_data_plus
600171,SHSE.600171,,SH,A股-上交所,2023-02-13,19.76,20.1,19.66,19.98,19.84,13818401,275057346.97,0.7056,1.968,1,0,none,baostock,query_history_k_data_plus
600171,SHSE.600171,,SH,A股-上交所,2023-02-14,19.99,20.34,19.71,19.91,19.98,16783569,335278188.01,-0.3504,2.3903,1,0,none,baostock,query_history_k_data_plus
600171,SHSE.600171,,SH,A股-上交所,2023-02-15,19.96,20.08,19.69,20.01,19.91,13331626,265588415.13,0.5023,1.8987,1,0,none,baostock,query_history_k_data_plus
600171,SHSE.600171,,SH,A股-上交所,2023-02-16,20.01,20.17,19.2,19.4,20.01,19146134,378177490.98,-3.0485,2.7268,1,0,none,baostock,query_history_k_data_plus
600171,SHSE.600171,,SH,A股-上交所,2023-02-17,19.52,19.56,18.95,18.98,19.4,15029401,288233476.29,-2.1649,2.1405,1,0,none,baostock,query_history_k_data_plus
600171,SHSE.600171,,SH,A股-上交所,2023-02-20,18.98,19.23,18.74,19.21,18.98,12417663,235539412.75,1.2118,1.7685,1,0,none,baostock,query_history_k_data_plus
600171,SHSE.600171,,SH,A股-上交所,2023-02-21,19.21,19.6,19.13,19.34,19.21,10840869,209770593.07,0.6767,1.544,1,0,none,baostock,query_history_k_data_plus
600171,SHSE.600171,,SH,A股-上交所,2023-02-22,19.26,19.38,19.15,19.24,19.34,6198115,119305314.24,-0.5171,0.8827,1,0,none,baostock,query_history_k_data_plus
600171,SHSE.600171,,SH,A股-上交所,2023-02-23,19.29,19.33,19.01,19.12,19.24,7800232,149518756.48,-0.6237,1.1109,1,0,none,baostock,query_history_k_data_plus
600171,SHSE.600171,,SH,A股-上交所,2023-02-24,19.2,19.3,18.98,19.16,19.12,7278190,139313209.0,0.2092,1.0366,1,0,none,baostock,query_history_k_data_plus
600171,SHSE.600171,,SH,A股-上交所,2023-02-27,19.05,19.16,18.74,18.79,19.16,9766471,184652679.01,-1.9311,1.391,1,0,none,baostock,query_history_k_data_plus
600171,SHSE.600171,,SH,A股-上交所,2023-02-28,18.91,19.3,18.84,19.05,18.79,9681901,184648949.33,1.3837,1.3789,1,0,none,baostock,query_history_k_data_plus
600171,SHSE.600171,,SH,A股-上交所,2023-03-01,19.01,19.75,18.98,19.74,19.05,20008667,389490781.52,3.622,2.8497,1,0,none,baostock,query_history_k_data_plus
600171,SHSE.600171,,SH,A股-上交所,2023-03-02,19.71,20.48,19.71,20.12,19.74,32914091,665746959.27,1.925,4.6877,1,0,none,baostock,query_history_k_data_plus
600171,SHSE.600171,,SH,A股-上交所,2023-03-03,20.62,20.85,20.0,20.28,20.12,28128125,572516111.92,0.7952,4.0061,1,0,none,baostock,query_history_k_data_plus
600171,SHSE.600171,,SH,A股-上交所,2023-03-06,20.27,20.52,20.12,20.24,20.28,17761561,360752847.82,-0.1972,2.5296,1,0,none,baostock,query_history_k_data_plus
600171,SHSE.600171,,SH,A股-上交所,2023-03-07,20.16,20.33,19.54,19.57,20.24,15668126,311160594.82,-3.3103,2.2315,1,0,none,baostock,query_history_k_data_plus
600171,SHSE.600171,,SH,A股-上交所,2023-03-08,19.5,19.9,19.45,19.85,19.57,12155856,239719273.45,1.4308,1.7313,1,0,none,baostock,query_history_k_data_plus
600171,SHSE.600171,,SH,A股-上交所,2023-03-09,19.75,20.25,19.75,20.02,19.85,16970890,340450680.75,0.8564,2.417,1,0,none,baostock,query_history_k_data_plus
600171,SHSE.600171,,SH,A股-上交所,2023-03-10,19.75,20.24,19.7,19.82,20.02,15493515,309221701.07,-0.999,2.2066,1,0,none,baostock,query_history_k_data_plus
600171,SHSE.600171,,SH,A股-上交所,2023-03-13,19.8,19.91,19.51,19.84,19.82,10913485,214901046.97,0.1009,1.5543,1,0,none,baostock,query_history_k_data_plus
600171,SHSE.600171,,SH,A股-上交所,2023-03-14,19.75,20.43,19.44,20.28,19.84,27762800,554709079.53,2.2177,3.954,1,0,none,baostock,query_history_k_data_plus
600171,SHSE.600171,,SH,A股-上交所,2023-03-15,20.4,20.63,20.1,20.4,20.28,32466854,662050927.21,0.5917,4.624,1,0,none,baostock,query_history_k_data_plus
600171,SHSE.600171,,SH,A股-上交所,2023-03-16,20.23,22.4,20.18,21.62,20.4,78451183,1677363947.78,5.9804,11.1732,1,0,none,baostock,query_history_k_data_plus
600171,SHSE.600171,,SH,A股-上交所,2023-03-17,21.62,21.97,21.4,21.92,21.62,59658611,1294103299.64,1.3876,8.4967,1,0,none,baostock,query_history_k_data_plus
600171,SHSE.600171,,SH,A股-上交所,2023-03-20,21.63,22.58,21.45,22.1,21.92,52483238,1155076264.72,0.8212,7.4748,1,0,none,baostock,query_history_k_data_plus
600171,SHSE.600171,,SH,A股-上交所,2023-03-21,21.95,22.17,21.56,21.88,22.1,32053680,698382505.81,-0.9955,4.5651,1,0,none,baostock,query_history_k_data_plus
600171,SHSE.600171,,SH,A股-上交所,2023-03-22,21.9,22.13,21.42,22.13,21.88,32498915,707368092.11,1.1426,4.6286,1,0,none,baostock,query_history_k_data_plus
600171,SHSE.600171,,SH,A股-上交所,2023-03-23,21.94,22.79,21.88,22.26,22.13,49683180,1109443302.94,0.5874,7.076,1,0,none,baostock,query_history_k_data_plus
600171,SHSE.600171,,SH,A股-上交所,2023-03-24,22.0,22.11,21.68,21.76,22.26,30554052,667581245.12,-2.2462,4.3516,1,0,none,baostock,query_history_k_data_plus
600171,SHSE.600171,,SH,A股-上交所,2023-03-27,21.76,21.98,21.21,21.44,21.76,27882839,601369002.58,-1.4706,3.9711,1,0,none,baostock,query_history_k_data_plus
600171,SHSE.600171,,SH,A股-上交所,2023-03-28,21.31,21.55,20.65,20.71,21.44,27934003,586261691.53,-3.4049,3.9784,1,0,none,baostock,query_history_k_data_plus
600171,SHSE.600171,,SH,A股-上交所,2023-03-29,20.78,21.31,20.53,21.02,20.71,24617494,516173472.05,1.4969,3.5061,1,0,none,baostock,query_history_k_data_plus
600171,SHSE.600171,,SH,A股-上交所,2023-03-30,21.0,21.38,20.86,21.15,21.02,23809036,503990001.37,0.6185,3.3909,1,0,none,baostock,query_history_k_data_plus
600171,SHSE.600171,,SH,A股-上交所,2023-03-31,21.18,21.35,20.93,21.2,21.15,15314906,324124149.12,0.2364,2.1812,1,0,none,baostock,query_history_k_data_plus
600171,SHSE.600171,,SH,A股-上交所,2023-04-03,21.4,22.1,21.4,22.06,21.2,39739005,869174755.17,4.0566,5.6597,1,0,none,baostock,query_history_k_data_plus
600171,SHSE.600171,,SH,A股-上交所,2023-04-04,22.06,22.76,21.82,22.3,22.06,47237571,1056560600.26,1.0879,6.7277,1,0,none,baostock,query_history_k_data_plus
600171,SHSE.600171,,SH,A股-上交所,2023-04-06,22.33,23.96,22.19,23.62,22.3,71327850,1657077195.75,5.9193,10.1586,1,0,none,baostock,query_history_k_data_plus
600171,SHSE.600171,,SH,A股-上交所,2023-04-07,23.4,23.63,23.01,23.19,23.62,40886106,948916567.47,-1.8205,5.8231,1,0,none,baostock,query_history_k_data_plus
600171,SHSE.600171,,SH,A股-上交所,2023-04-10,23.05,24.34,22.7,23.44,23.19,54905852,1288945990.26,1.0781,7.8198,1,0,none,baostock,query_history_k_data_plus
600171,SHSE.600171,,SH,A股-上交所,2023-04-11,23.27,23.29,22.34,22.91,23.44,40854781,934216584.62,-2.2611,5.8186,1,0,none,baostock,query_history_k_data_plus
600171,SHSE.600171,,SH,A股-上交所,2023-04-12,22.8,23.21,22.57,23.0,22.91,27773958,638408549.62,0.3928,3.9556,1,0,none,baostock,query_history_k_data_plus
600171,SHSE.600171,,SH,A股-上交所,2023-04-13,22.85,22.96,22.24,22.31,23.0,27418563,618502022.94,-3.0,3.905,1,0,none,baostock,query_history_k_data_plus
600171,SHSE.600171,,SH,A股-上交所,2023-04-14,22.5,23.12,22.03,23.02,22.31,33956715,771110175.58,3.1824,4.8362,1,0,none,baostock,query_history_k_data_plus
600171,SHSE.600171,,SH,A股-上交所,2023-04-17,22.94,22.97,22.43,22.55,23.02,21575839,488574095.67,-2.0417,3.0729,1,0,none,baostock,query_history_k_data_plus
600171,SHSE.600171,,SH,A股-上交所,2023-04-18,22.44,22.71,21.86,22.36,22.55,22200036,494068260.37,-0.8426,3.1618,1,0,none,baostock,query_history_k_data_plus
600171,SHSE.600171,,SH,A股-上交所,2023-04-19,22.4,22.74,22.22,22.3,22.36,22163939,499451239.15,-0.2683,3.1566,1,0,none,baostock,query_history_k_data_plus
600171,SHSE.600171,,SH,A股-上交所,2023-04-20,22.27,22.7,21.91,22.58,22.3,24657971,553942940.97,1.2556,3.5118,1,0,none,baostock,query_history_k_data_plus
600171,SHSE.600171,,SH,A股-上交所,2023-04-21,22.38,22.4,20.7,20.78,22.58,42671144,908129565.13,-7.9717,6.0773,1,0,none,baostock,query_history_k_data_plus
600171,SHSE.600171,,SH,A股-上交所,2023-04-24,20.1,20.2,19.04,19.23,20.78,36083096,701447299.27,-7.4591,5.1381,1,0,none,baostock,query_history_k_data_plus
600171,SHSE.600171,,SH,A股-上交所,2023-04-25,19.18,19.2,18.24,18.53,19.23,22410328,418741774.82,-3.6401,3.1912,1,0,none,baostock,query_history_k_data_plus
600171,SHSE.600171,,SH,A股-上交所,2023-04-26,18.53,18.74,18.25,18.59,18.53,15352525,284515534.16,0.3238,2.1862,1,0,none,baostock,query_history_k_data_plus
600171,SHSE.600171,,SH,A股-上交所,2023-04-27,18.49,18.8,18.29,18.37,18.59,15232151,282097605.19,-1.1834,2.169,1,0,none,baostock,query_history_k_data_plus
600171,SHSE.600171,,SH,A股-上交所,2023-04-28,18.38,18.87,18.36,18.83,18.37,13728526,256523094.4,2.5041,1.9549,1,0,none,baostock,query_history_k_data_plus
600171,SHSE.600171,,SH,A股-上交所,2023-05-04,18.7,18.82,18.45,18.59,18.83,12101746,225012866.44,-1.2746,1.7233,1,0,none,baostock,query_history_k_data_plus
600171,SHSE.600171,,SH,A股-上交所,2023-05-05,18.53,18.78,18.48,18.68,18.59,9196308,171334323.27,0.4841,1.3095,1,0,none,baostock,query_history_k_data_plus
600171,SHSE.600171,,SH,A股-上交所,2023-05-08,18.7,18.89,18.61,18.85,18.68,10075539,189067445.0,0.9101,1.4347,1,0,none,baostock,query_history_k_data_plus
600171,SHSE.600171,,SH,A股-上交所,2023-05-09,18.81,19.04,18.65,18.93,18.85,11978026,226125404.16,0.4244,1.7056,1,0,none,baostock,query_history_k_data_plus
600171,SHSE.600171,,SH,A股-上交所,2023-05-10,18.81,18.97,18.58,18.79,18.93,8699854,163314978.77,-0.7396,1.2388,1,0,none,baostock,query_history_k_data_plus
600171,SHSE.600171,,SH,A股-上交所,2023-05-11,18.9,19.02,18.68,18.78,18.79,7928793,149243400.88,-0.0532,1.129,1,0,none,baostock,query_history_k_data_plus
600171,SHSE.600171,,SH,A股-上交所,2023-05-12,18.8,18.99,18.55,18.56,18.78,7970468,149677219.82,-1.1715,1.135,1,0,none,baostock,query_history_k_data_plus
600171,SHSE.600171,,SH,A股-上交所,2023-05-15,18.45,18.66,17.8,18.66,18.56,10605719,193242370.93,0.5388,1.5102,1,0,none,baostock,query_history_k_data_plus
600171,SHSE.600171,,SH,A股-上交所,2023-05-16,18.7,18.84,18.39,18.59,18.66,8333709,155215816.09,-0.3751,1.1867,1,0,none,baostock,query_history_k_data_plus
600171,SHSE.600171,,SH,A股-上交所,2023-05-17,18.51,18.78,18.4,18.51,18.59,8578782,159355627.18,-0.4303,1.2216,1,0,none,baostock,query_history_k_data_plus
600171,SHSE.600171,,SH,A股-上交所,2023-05-18,18.45,18.56,18.38,18.4,18.51,7765419,143442259.66,-0.5943,1.1058,1,0,none,baostock,query_history_k_data_plus
600171,SHSE.600171,,SH,A股-上交所,2023-05-19,18.4,18.87,18.38,18.8,18.4,13160993,245843462.55,2.1739,1.8741,1,0,none,baostock,query_history_k_data_plus
600171,SHSE.600171,,SH,A股-上交所,2023-05-22,18.98,19.2,18.7,18.81,18.8,10931598,206653379.96,0.0532,1.5566,1,0,none,baostock,query_history_k_data_plus
600171,SHSE.600171,,SH,A股-上交所,2023-05-23,18.68,18.79,18.39,18.4,18.81,7824717,144975111.82,-2.1797,1.1142,1,0,none,baostock,query_history_k_data_plus
600171,SHSE.600171,,SH,A股-上交所,2023-05-24,18.31,18.67,18.16,18.41,18.4,8047541,148033429.56,0.0543,1.1459,1,0,none,baostock,query_history_k_data_plus
600171,SHSE.600171,,SH,A股-上交所,2023-05-25,18.35,18.56,18.1,18.4,18.41,7922686,145104867.05,-0.0543,1.1282,1,0,none,baostock,query_history_k_data_plus
600171,SHSE.600171,,SH,A股-上交所,2023-05-26,18.55,18.67,18.32,18.67,18.4,9576769,177757216.71,1.4674,1.3583,1,0,none,baostock,query_history_k_data_plus
600171,SHSE.600171,,SH,A股-上交所,2023-05-29,18.87,18.99,18.57,18.63,18.67,11525065,216851625.09,-0.2142,1.6346,1,0,none,baostock,query_history_k_data_plus
600171,SHSE.600171,,SH,A股-上交所,2023-05-30,18.6,18.6,18.1,18.54,18.63,12152146,222690648.24,-0.4831,1.7236,1,0,none,baostock,query_history_k_data_plus
600171,SHSE.600171,,SH,A股-上交所,2023-05-31,18.53,18.54,18.18,18.47,18.54,11553018,212364452.6,-0.3776,1.6386,1,0,none,baostock,query_history_k_data_plus
600171,SHSE.600171,,SH,A股-上交所,2023-06-01,18.32,18.63,18.16,18.4,18.47,11076621,203394938.36,-0.379,1.571,1,0,none,baostock,query_history_k_data_plus
600171,SHSE.600171,,SH,A股-上交所,2023-06-02,18.41,18.9,18.32,18.75,18.4,13884798,259002279.15,1.9022,1.9693,1,0,none,baostock,query_history_k_data_plus
600171,SHSE.600171,,SH,A股-上交所,2023-06-05,18.75,19.15,18.7,18.8,18.75,12710943,240637892.37,0.2667,1.8028,1,0,none,baostock,query_history_k_data_plus
600171,SHSE.600171,,SH,A股-上交所,2023-06-06,18.79,18.79,18.1,18.16,18.8,12520192,230285437.09,-3.4043,1.7758,1,0,none,baostock,query_history_k_data_plus
600171,SHSE.600171,,SH,A股-上交所,2023-06-07,18.24,18.36,17.88,17.96,18.16,11561188,209220878.53,-1.1013,1.6398,1,0,none,baostock,query_history_k_data_plus
600171,SHSE.600171,,SH,A股-上交所,2023-06-08,17.86,17.88,17.23,17.45,17.96,13272063,231467432.82,-2.8396,1.8824,1,0,none,baostock,query_history_k_data_plus
600171,SHSE.600171,,SH,A股-上交所,2023-06-09,17.47,17.53,17.05,17.39,17.45,19101332,329331936.66,-0.3438,2.7092,1,0,none,baostock,query_history_k_data_plus
600171,SHSE.600171,,SH,A股-上交所,2023-06-12,17.24,17.44,17.14,17.35,17.19,9405110,162695181.49,0.9308,1.334,1,0,none,baostock,query_history_k_data_plus
600171,SHSE.600171,,SH,A股-上交所,2023-06-13,17.39,18.09,17.21,18.05,17.35,16355376,290051102.98,4.0346,2.3197,1,0,none,baostock,query_history_k_data_plus
600171,SHSE.600171,,SH,A股-上交所,2023-06-14,18.05,18.16,17.76,18.06,18.05,12724038,228468247.82,0.0554,1.8047,1,0,none,baostock,query_history_k_data_plus
600171,SHSE.600171,,SH,A股-上交所,2023-06-15,18.24,19.4,18.24,18.8,18.06,31681624,598463426.13,4.0975,4.4935,1,0,none,baostock,query_history_k_data_plus
600171,SHSE.600171,,SH,A股-上交所,2023-06-16,18.66,18.93,18.55,18.83,18.8,17114331,320948174.52,0.1596,2.4274,1,0,none,baostock,query_history_k_data_plus
600171,SHSE.600171,,SH,A股-上交所,2023-06-19,18.75,19.07,18.71,18.88,18.83,15071119,285173669.75,0.2655,2.1376,1,0,none,baostock,query_history_k_data_plus
600171,SHSE.600171,,SH,A股-上交所,2023-06-20,18.8,19.01,18.67,18.91,18.88,13896560,261867577.03,0.1589,1.971,1,0,none,baostock,query_history_k_data_plus
600171,SHSE.600171,,SH,A股-上交所,2023-06-21,18.86,18.88,18.42,18.47,18.91,12749939,237291012.71,-2.3268,1.8084,1,0,none,baostock,query_history_k_data_plus
600171,SHSE.600171,,SH,A股-上交所,2023-06-26,18.2,18.43,17.9,17.92,18.47,11345200,205499930.92,-2.9778,1.6091,1,0,none,baostock,query_history_k_data_plus
600171,SHSE.600171,,SH,A股-上交所,2023-06-27,18.08,18.25,17.96,18.04,17.92,7734075,139559242.0,0.6696,1.0953,1,0,none,baostock,query_history_k_data_plus
600171,SHSE.600171,,SH,A股-上交所,2023-06-28,18.04,18.06,17.41,17.82,18.04,9735683,172236149.99,-1.2195,1.3787,1,0,none,baostock,query_history_k_data_plus
600171,SHSE.600171,,SH,A股-上交所,2023-06-29,17.8,18.25,17.73,18.1,17.82,9369808,169675943.36,1.5713,1.3269,1,0,none,baostock,query_history_k_data_plus
600171,SHSE.600171,,SH,A股-上交所,2023-06-30,18.01,18.34,17.91,18.25,18.1,8902227,162114486.27,0.8287,1.2607,1,0,none,baostock,query_history_k_data_plus
600171,SHSE.600171,,SH,A股-上交所,2023-07-03,18.26,18.4,18.16,18.26,18.25,8913091,162739801.19,0.0548,1.2622,1,0,none,baostock,query_history_k_data_plus
600171,SHSE.600171,,SH,A股-上交所,2023-07-04,18.28,18.76,18.23,18.71,18.26,16567624,307537138.02,2.4644,2.3463,1,0,none,baostock,query_history_k_data_plus
600171,SHSE.600171,,SH,A股-上交所,2023-07-05,18.57,18.73,18.37,18.47,18.71,9779912,181417560.56,-1.2827,1.385,1,0,none,baostock,query_history_k_data_plus
600171,SHSE.600171,,SH,A股-上交所,2023-07-06,18.37,18.62,18.32,18.35,18.47,7651437,141148668.99,-0.6497,1.0836,1,0,none,baostock,query_history_k_data_plus
600171,SHSE.600171,,SH,A股-上交所,2023-07-07,18.25,18.29,17.93,18.08,18.35,8467150,153104032.67,-1.4714,1.1991,1,0,none,baostock,query_history_k_data_plus
600171,SHSE.600171,,SH,A股-上交所,2023-07-10,18.13,18.17,17.98,18.1,18.08,5807139,104994146.58,0.1106,0.8224,1,0,none,baostock,query_history_k_data_plus
600171,SHSE.600171,,SH,A股-上交所,2023-07-11,18.11,18.43,18.1,18.41,18.1,8547998,156653565.2,1.7127,1.2105,1,0,none,baostock,query_history_k_data_plus
600171,SHSE.600171,,SH,A股-上交所,2023-07-12,18.41,18.5,17.98,18.0,18.41,9145413,166597437.14,-2.2271,1.2951,1,0,none,baostock,query_history_k_data_plus
600171,SHSE.600171,,SH,A股-上交所,2023-07-13,18.12,18.6,18.07,18.56,18.0,15943464,294229403.2,3.1111,2.2579,1,0,none,baostock,query_history_k_data_plus
600171,SHSE.600171,,SH,A股-上交所,2023-07-14,18.65,18.73,18.39,18.44,18.56,11500829,213276431.21,-0.6466,1.6287,1,0,none,baostock,query_history_k_data_plus
600171,SHSE.600171,,SH,A股-上交所,2023-07-17,17.87,17.9,17.24,17.62,18.44,17789226,311901924.22,-4.4469,2.5193,1,0,none,baostock,query_history_k_data_plus
600171,SHSE.600171,,SH,A股-上交所,2023-07-18,17.73,18.25,17.67,17.79,17.62,13725411,246427779.32,0.9648,1.9437,1,0,none,baostock,query_history_k_data_plus
600171,SHSE.600171,,SH,A股-上交所,2023-07-19,17.79,17.96,17.51,17.62,17.79,8135281,143717585.87,-0.9556,1.1521,1,0,none,baostock,query_history_k_data_plus
600171,SHSE.600171,,SH,A股-上交所,2023-07-20,17.62,17.67,17.32,17.35,17.62,7577004,132307718.5,-1.5323,1.073,1,0,none,baostock,query_history_k_data_plus
600171,SHSE.600171,,SH,A股-上交所,2023-07-21,17.36,17.48,17.28,17.34,17.35,5470904,95091541.61,-0.0576,0.7748,1,0,none,baostock,query_history_k_data_plus
600171,SHSE.600171,,SH,A股-上交所,2023-07-24,17.34,17.51,17.15,17.33,17.34,5232789,90878349.89,-0.0577,0.7411,1,0,none,baostock,query_history_k_data_plus
600171,SHSE.600171,,SH,A股-上交所,2023-07-25,17.45,17.65,17.37,17.6,17.33,6841061,119920192.33,1.558,0.9688,1,0,none,baostock,query_history_k_data_plus
600171,SHSE.600171,,SH,A股-上交所,2023-07-26,17.6,17.6,17.4,17.44,17.6,5357923,93523268.87,-0.9091,0.7588,1,0,none,baostock,query_history_k_data_plus
600171,SHSE.600171,,SH,A股-上交所,2023-07-27,17.48,17.48,17.2,17.23,17.44,6336606,109878326.81,-1.2041,0.8974,1,0,none,baostock,query_history_k_data_plus
600171,SHSE.600171,,SH,A股-上交所,2023-07-28,17.23,17.4,17.18,17.39,17.23,5038002,87258876.45,0.9286,0.7135,1,0,none,baostock,query_history_k_data_plus
600171,SHSE.600171,,SH,A股-上交所,2023-07-31,17.43,17.72,17.39,17.68,17.39,7094193,124877129.07,1.6676,1.0047,1,0,none,baostock,query_history_k_data_plus
600171,SHSE.600171,,SH,A股-上交所,2023-08-01,17.61,17.7,17.54,17.63,17.68,4685620,82504362.75,-0.2828,0.6636,1,0,none,baostock,query_history_k_data_plus
600171,SHSE.600171,,SH,A股-上交所,2023-08-02,17.63,17.68,17.56,17.58,17.63,3939300,69346073.0,-0.2836,0.5579,1,0,none,baostock,query_history_k_data_plus
600171,SHSE.600171,,SH,A股-上交所,2023-08-03,17.51,17.64,17.42,17.56,17.58,3847458,67487454.98,-0.1138,0.5449,1,0,none,baostock,query_history_k_data_plus
600171,SHSE.600171,,SH,A股-上交所,2023-08-04,17.57,17.74,17.57,17.66,17.56,5381844,94959723.76,0.5695,0.7622,1,0,none,baostock,query_history_k_data_plus
600171,SHSE.600171,,SH,A股-上交所,2023-08-07,17.67,17.72,17.46,17.53,17.66,4946474,86758694.16,-0.7361,0.7005,1,0,none,baostock,query_history_k_data_plus
600171,SHSE.600171,,SH,A股-上交所,2023-08-08,17.54,17.62,17.32,17.4,17.53,4529713,79033890.76,-0.7416,0.6415,1,0,none,baostock,query_history_k_data_plus
600171,SHSE.600171,,SH,A股-上交所,2023-08-09,17.41,17.46,17.28,17.29,17.4,3449462,59789163.14,-0.6322,0.4885,1,0,none,baostock,query_history_k_data_plus
600171,SHSE.600171,,SH,A股-上交所,2023-08-10,17.37,17.42,17.27,17.31,17.29,2776373,48146958.7,0.1157,0.3932,1,0,none,baostock,query_history_k_data_plus
600171,SHSE.600171,,SH,A股-上交所,2023-08-11,17.37,17.37,16.93,16.96,17.31,6006289,102733640.31,-2.022,0.8506,1,0,none,baostock,query_history_k_data_plus
600171,SHSE.600171,,SH,A股-上交所,2023-08-14,16.8,16.9,16.36,16.83,16.96,7760290,129148309.7,-0.7665,1.099,1,0,none,baostock,query_history_k_data_plus
600171,SHSE.600171,,SH,A股-上交所,2023-08-15,16.72,16.88,16.38,16.51,16.83,5133267,84989353.7,-1.9014,0.727,1,0,none,baostock,query_history_k_data_plus
600171,SHSE.600171,,SH,A股-上交所,2023-08-16,16.48,16.59,16.1,16.17,16.51,5192307,84897339.75,-2.0594,0.7353,1,0,none,baostock,query_history_k_data_plus
600171,SHSE.600171,,SH,A股-上交所,2023-08-17,16.1,16.44,15.99,16.4,16.17,4739624,77043323.96,1.4224,0.6712,1,0,none,baostock,query_history_k_data_plus
600171,SHSE.600171,,SH,A股-上交所,2023-08-18,16.4,16.54,16.11,16.11,16.4,3937910,64226231.32,-1.7683,0.5577,1,0,none,baostock,query_history_k_data_plus
600171,SHSE.600171,,SH,A股-上交所,2023-08-21,16.0,16.24,15.84,15.88,16.11,4684300,75243200.57,-1.4277,0.6634,1,0,none,baostock,query_history_k_data_plus
600171,SHSE.600171,,SH,A股-上交所,2023-08-22,15.95,16.06,15.28,15.61,15.88,10111024,157273357.75,-1.7003,1.4319,1,0,none,baostock,query_history_k_data_plus
600171,SHSE.600171,,SH,A股-上交所,2023-08-23,15.58,15.58,15.0,15.0,15.61,8314360,126569479.64,-3.9078,1.1775,1,0,none,baostock,query_history_k_data_plus
600171,SHSE.600171,,SH,A股-上交所,2023-08-24,15.16,15.45,15.0,15.26,15.0,7366947,112224291.27,1.7333,1.0433,1,0,none,baostock,query_history_k_data_plus
600171,SHSE.600171,,SH,A股-上交所,2023-08-25,15.13,15.19,14.65,14.71,15.26,8297054,123576974.2,-3.6042,1.175,1,0,none,baostock,query_history_k_data_plus
600171,SHSE.600171,,SH,A股-上交所,2023-08-28,15.7,15.7,15.03,15.08,14.71,9725596,149042375.22,2.5153,1.3773,1,0,none,baostock,query_history_k_data_plus
600171,SHSE.600171,,SH,A股-上交所,2023-08-29,15.09,15.62,15.03,15.53,15.08,7814318,120521156.56,2.9841,1.1066,1,0,none,baostock,query_history_k_data_plus
600171,SHSE.600171,,SH,A股-上交所,2023-08-30,15.75,16.04,15.66,15.78,15.53,10574418,167550411.72,1.6098,1.4975,1,0,none,baostock,query_history_k_data_plus
600171,SHSE.600171,,SH,A股-上交所,2023-08-31,15.74,15.9,15.6,15.86,15.78,6238743,98535840.66,0.507,0.8835,1,0,none,baostock,query_history_k_data_plus
600171,SHSE.600171,,SH,A股-上交所,2023-09-01,15.87,15.97,15.65,15.75,15.86,4182283,65967200.65,-0.6936,0.5923,1,0,none,baostock,query_history_k_data_plus
600171,SHSE.600171,,SH,A股-上交所,2023-09-04,15.79,16.01,15.72,16.01,15.75,5883310,93440486.98,1.6508,0.8332,1,0,none,baostock,query_history_k_data_plus
600171,SHSE.600171,,SH,A股-上交所,2023-09-05,16.07,16.28,16.0,16.05,16.01,6943695,111938581.1,0.2498,0.9833,1,0,none,baostock,query_history_k_data_plus
600171,SHSE.600171,,SH,A股-上交所,2023-09-06,16.04,16.43,15.92,16.38,16.05,10494648,170807760.25,2.0561,1.4862,1,0,none,baostock,query_history_k_data_plus
600171,SHSE.600171,,SH,A股-上交所,2023-09-07,16.29,16.3,15.95,15.95,16.38,7591919,122307480.38,-2.6252,1.0751,1,0,none,baostock,query_history_k_data_plus
600171,SHSE.600171,,SH,A股-上交所,2023-09-08,15.94,16.25,15.9,16.16,15.95,6988003,113011086.09,1.3166,0.9896,1,0,none,baostock,query_history_k_data_plus
600171,SHSE.600171,,SH,A股-上交所,2023-09-11,16.19,16.3,16.08,16.22,16.16,5574900,90295519.0,0.3713,0.7895,1,0,none,baostock,query_history_k_data_plus
600171,SHSE.600171,,SH,A股-上交所,2023-09-12,16.35,16.36,16.09,16.18,16.22,4097900,66277426.5,-0.2466,0.5803,1,0,none,baostock,query_history_k_data_plus
600171,SHSE.600171,,SH,A股-上交所,2023-09-13,16.22,16.22,15.85,15.96,16.18,5631324,89989445.06,-1.3597,0.7975,1,0,none,baostock,query_history_k_data_plus
600171,SHSE.600171,,SH,A股-上交所,2023-09-14,16.0,16.03,15.68,15.74,15.96,4269900,67513302.0,-1.3784,0.6047,1,0,none,baostock,query_history_k_data_plus
600171,SHSE.600171,,SH,A股-上交所,2023-09-15,15.78,16.28,15.68,15.97,15.74,6805495,108690583.55,1.4612,0.9638,1,0,none,baostock,query_history_k_data_plus
600171,SHSE.600171,,SH,A股-上交所,2023-09-18,15.95,15.95,15.72,15.82,15.97,4614600,73020375.0,-0.9393,0.6535,1,0,none,baostock,query_history_k_data_plus
600171,SHSE.600171,,SH,A股-上交所,2023-09-19,15.77,15.86,15.47,15.61,15.82,4672784,72937880.02,-1.3274,0.6617,1,0,none,baostock,query_history_k_data_plus
600171,SHSE.600171,,SH,A股-上交所,2023-09-20,15.53,15.67,15.37,15.38,15.61,4363223,67549624.29,-1.4734,0.6179,1,0,none,baostock,query_history_k_data_plus
600171,SHSE.600171,,SH,A股-上交所,2023-09-21,15.28,15.65,15.28,15.51,15.38,4222600,65524397.0,0.8453,0.598,1,0,none,baostock,query_history_k_data_plus
600171,SHSE.600171,,SH,A股-上交所,2023-09-22,15.48,15.78,15.41,15.77,15.51,5011050,78466818.0,1.6763,0.7096,1,0,none,baostock,query_history_k_data_plus
600171,SHSE.600171,,SH,A股-上交所,2023-09-25,15.82,15.85,15.46,15.48,15.77,4949186,77009698.3,-1.8389,0.7009,1,0,none,baostock,query_history_k_data_plus
600171,SHSE.600171,,SH,A股-上交所,2023-09-26,15.46,15.5,15.3,15.33,15.48,3673986,56506508.37,-0.969,0.5203,1,0,none,baostock,query_history_k_data_plus
600171,SHSE.600171,,SH,A股-上交所,2023-09-27,15.34,15.56,15.26,15.38,15.33,3443703,53140311.21,0.3262,0.4877,1,0,none,baostock,query_history_k_data_plus
600171,SHSE.600171,,SH,A股-上交所,2023-09-28,15.41,15.6,15.36,15.54,15.38,4490394,69642971.7,1.0403,0.6359,1,0,none,baostock,query_history_k_data_plus
600171,SHSE.600171,,SH,A股-上交所,2023-10-09,15.49,15.63,15.36,15.45,15.54,5149160,79611202.85,-0.5792,0.7292,1,0,none,baostock,query_history_k_data_plus
600171,SHSE.600171,,SH,A股-上交所,2023-10-10,15.55,16.27,15.52,16.05,15.45,13168936,209684173.95,3.8835,1.8649,1,0,none,baostock,query_history_k_data_plus
600171,SHSE.600171,,SH,A股-上交所,2023-10-11,16.04,16.21,15.88,16.11,16.05,9190507,147746224.71,0.3738,1.3015,1,0,none,baostock,query_history_k_data_plus
600171,SHSE.600171,,SH,A股-上交所,2023-10-12,16.19,16.22,16.0,16.14,16.11,5650498,91027029.59,0.1862,0.8002,1,0,none,baostock,query_history_k_data_plus
600171,SHSE.600171,,SH,A股-上交所,2023-10-13,16.03,16.23,16.0,16.14,16.14,8280535,133704666.87,0.0,1.1727,1,0,none,baostock,query_history_k_data_plus
600171,SHSE.600171,,SH,A股-上交所,2023-10-16,16.16,16.16,15.69,15.79,16.14,6357100,100581984.48,-2.1685,0.9003,1,0,none,baostock,query_history_k_data_plus
600171,SHSE.600171,,SH,A股-上交所,2023-10-17,15.82,15.89,15.59,15.77,15.79,4217290,66359205.5,-0.1267,0.5972,1,0,none,baostock,query_history_k_data_plus
600171,SHSE.600171,,SH,A股-上交所,2023-10-18,15.71,15.83,15.36,15.4,15.77,4607600,71410741.0,-2.3462,0.6525,1,0,none,baostock,query_history_k_data_plus
600171,SHSE.600171,,SH,A股-上交所,2023-10-19,15.3,15.96,15.27,15.55,15.4,8099580,127239324.14,0.974,1.147,1,0,none,baostock,query_history_k_data_plus
600171,SHSE.600171,,SH,A股-上交所,2023-10-20,15.45,15.58,14.97,15.04,15.55,7700906,116973637.02,-3.2797,1.0906,1,0,none,baostock,query_history_k_data_plus
600171,SHSE.600171,,SH,A股-上交所,2023-10-23,15.03,15.03,14.48,14.56,15.04,6930959,101696755.63,-3.1915,0.9815,1,0,none,baostock,query_history_k_data_plus
600171,SHSE.600171,,SH,A股-上交所,2023-10-24,14.56,14.95,14.23,14.92,14.56,8429894,123734282.12,2.4725,1.1938,1,0,none,baostock,query_history_k_data_plus
600171,SHSE.600171,,SH,A股-上交所,2023-10-25,14.92,15.25,14.84,15.07,14.92,6453235,97042613.19,1.0054,0.9139,1,0,none,baostock,query_history_k_data_plus
600171,SHSE.600171,,SH,A股-上交所,2023-10-26,14.93,15.09,14.86,15.07,15.07,4522170,67711393.3,0.0,0.6404,1,0,none,baostock,query_history_k_data_plus
600171,SHSE.600171,,SH,A股-上交所,2023-10-27,15.01,15.4,14.87,15.3,15.07,6398221,97054913.28,1.5262,0.9061,1,0,none,baostock,query_history_k_data_plus
600171,SHSE.600171,,SH,A股-上交所,2023-10-30,15.22,15.89,15.2,15.84,15.3,9945102,156105150.07,3.5294,1.4084,1,0,none,baostock,query_history_k_data_plus
600171,SHSE.600171,,SH,A股-上交所,2023-10-31,15.84,16.03,15.63,15.75,15.84,6539091,103099395.42,-0.5682,0.926,1,0,none,baostock,query_history_k_data_plus
600171,SHSE.600171,,SH,A股-上交所,2023-11-01,15.78,15.9,15.67,15.77,15.75,4163830,65673450.77,0.127,0.5897,1,0,none,baostock,query_history_k_data_plus
600171,SHSE.600171,,SH,A股-上交所,2023-11-02,15.82,15.89,15.61,15.61,15.77,4337013,68302141.36,-1.0146,0.6142,1,0,none,baostock,query_history_k_data_plus
600171,SHSE.600171,,SH,A股-上交所,2023-11-03,15.62,16.14,15.59,16.09,15.61,9170451,146243594.64,3.075,1.2987,1,0,none,baostock,query_history_k_data_plus
600171,SHSE.600171,,SH,A股-上交所,2023-11-06,16.17,16.39,16.08,16.35,16.09,8534441,139051463.02,1.6159,1.2086,1,0,none,baostock,query_history_k_data_plus
600171,SHSE.600171,,SH,A股-上交所,2023-11-07,16.34,16.47,16.21,16.36,16.35,7454433,122014755.71,0.0612,1.0557,1,0,none,baostock,query_history_k_data_plus
600171,SHSE.600171,,SH,A股-上交所,2023-11-08,16.36,16.4,16.13,16.23,16.36,6976935,113539513.2,-0.7946,0.9881,1,0,none,baostock,query_history_k_data_plus
600171,SHSE.600171,,SH,A股-上交所,2023-11-09,16.25,16.35,16.05,16.07,16.23,6425677,103760847.36,-0.9858,0.91,1,0,none,baostock,query_history_k_data_plus
600171,SHSE.600171,,SH,A股-上交所,2023-11-10,16.01,16.33,15.99,16.12,16.07,5775017,93288749.04,0.3111,0.8178,1,0,none,baostock,query_history_k_data_plus
600171,SHSE.600171,,SH,A股-上交所,2023-11-13,16.19,16.32,16.1,16.31,16.12,7113787,115636974.09,1.1787,1.0074,1,0,none,baostock,query_history_k_data_plus
600171,SHSE.600171,,SH,A股-上交所,2023-11-14,16.22,16.58,16.22,16.47,16.31,6515200,107256374.1,0.981,0.9227,1,0,none,baostock,query_history_k_data_plus
600171,SHSE.600171,,SH,A股-上交所,2023-11-15,16.57,16.63,16.38,16.42,16.47,5298090,87265903.38,-0.3036,0.7503,1,0,none,baostock,query_history_k_data_plus
600171,SHSE.600171,,SH,A股-上交所,2023-11-16,16.35,16.49,16.23,16.24,16.42,3963289,64719574.22,-1.0962,0.5613,1,0,none,baostock,query_history_k_data_plus
600171,SHSE.600171,,SH,A股-上交所,2023-11-17,16.22,16.45,16.22,16.37,16.24,4405109,72034489.34,0.8005,0.6238,1,0,none,baostock,query_history_k_data_plus
600171,SHSE.600171,,SH,A股-上交所,2023-11-20,16.39,16.48,16.19,16.31,16.37,4882224,79608168.92,-0.3665,0.6914,1,0,none,baostock,query_history_k_data_plus
600171,SHSE.600171,,SH,A股-上交所,2023-11-21,16.35,16.35,16.05,16.11,16.31,6343278,102635964.26,-1.2262,0.8983,1,0,none,baostock,query_history_k_data_plus
600171,SHSE.600171,,SH,A股-上交所,2023-11-22,16.01,16.15,15.9,15.9,16.11,5126161,81992423.07,-1.3035,0.726,1,0,none,baostock,query_history_k_data_plus
600171,SHSE.600171,,SH,A股-上交所,2023-11-23,15.82,16.15,15.79,16.09,15.9,4757744,75948810.42,1.195,0.6738,1,0,none,baostock,query_history_k_data_plus
600171,SHSE.600171,,SH,A股-上交所,2023-11-24,16.11,16.11,15.66,15.72,16.09,5512662,86996613.26,-2.2996,0.7807,1,0,none,baostock,query_history_k_data_plus
600171,SHSE.600171,,SH,A股-上交所,2023-11-27,15.72,16.15,15.65,16.01,15.72,7408621,117959295.64,1.8448,1.0492,1,0,none,baostock,query_history_k_data_plus
600171,SHSE.600171,,SH,A股-上交所,2023-11-28,16.1,16.17,15.92,16.05,16.01,5818093,93396425.59,0.2498,0.8239,1,0,none,baostock,query_history_k_data_plus
600171,SHSE.600171,,SH,A股-上交所,2023-11-29,16.05,16.23,15.98,15.98,16.05,6029636,97150823.14,-0.4361,0.8539,1,0,none,baostock,query_history_k_data_plus
600171,SHSE.600171,,SH,A股-上交所,2023-11-30,15.95,15.98,15.55,15.69,15.98,6092879,95662389.54,-1.8148,0.8629,1,0,none,baostock,query_history_k_data_plus
600171,SHSE.600171,,SH,A股-上交所,2023-12-01,15.7,15.85,15.52,15.79,15.69,4765300,74785947.48,0.6373,0.6748,1,0,none,baostock,query_history_k_data_plus
600171,SHSE.600171,,SH,A股-上交所,2023-12-04,15.82,15.94,15.7,15.82,15.79,5392100,85545738.0,0.19,0.7636,1,0,none,baostock,query_history_k_data_plus
600171,SHSE.600171,,SH,A股-上交所,2023-12-05,15.79,15.79,15.3,15.3,15.82,5934399,91793286.13,-3.287,0.8404,1,0,none,baostock,query_history_k_data_plus
600171,SHSE.600171,,SH,A股-上交所,2023-12-06,15.3,15.46,15.21,15.27,15.3,5140531,78725878.94,-0.1961,0.728,1,0,none,baostock,query_history_k_data_plus
600171,SHSE.600171,,SH,A股-上交所,2023-12-07,15.22,15.34,15.07,15.19,15.27,5322278,80751394.16,-0.5239,0.7537,1,0,none,baostock,query_history_k_data_plus
600171,SHSE.600171,,SH,A股-上交所,2023-12-08,15.18,15.38,14.98,15.07,15.19,12261479,185308607.63,-0.79,1.7364,1,0,none,baostock,query_history_k_data_plus
600171,SHSE.600171,,SH,A股-上交所,2023-12-11,14.93,15.3,14.66,15.3,15.07,9160708,137585518.45,1.5262,1.2973,1,0,none,baostock,query_history_k_data_plus
600171,SHSE.600171,,SH,A股-上交所,2023-12-12,15.28,15.33,15.06,15.17,15.3,6283798,95438261.96,-0.8497,0.8899,1,0,none,baostock,query_history_k_data_plus
600171,SHSE.600171,,SH,A股-上交所,2023-12-13,15.16,15.17,14.95,14.96,15.17,5207960,78390379.31,-1.3843,0.7375,1,0,none,baostock,query_history_k_data_plus
600171,SHSE.600171,,SH,A股-上交所,2023-12-14,15.03,15.22,14.95,14.98,14.96,5093636,76725861.72,0.1337,0.7213,1,0,none,baostock,query_history_k_data_plus
600171,SHSE.600171,,SH,A股-上交所,2023-12-15,15.02,15.07,14.85,14.88,14.98,4662558,69671758.48,-0.6676,0.6603,1,0,none,baostock,query_history_k_data_plus
600171,SHSE.600171,,SH,A股-上交所,2023-12-18,14.89,14.89,14.43,14.47,14.88,6486371,94637478.84,-2.7554,0.9186,1,0,none,baostock,query_history_k_data_plus
600171,SHSE.600171,,SH,A股-上交所,2023-12-19,14.45,14.61,14.41,14.51,14.47,4355175,63135874.07,0.2764,0.6168,1,0,none,baostock,query_history_k_data_plus
600171,SHSE.600171,,SH,A股-上交所,2023-12-20,14.51,14.52,14.24,14.26,14.51,4244135,60974954.89,-1.7229,0.601,1,0,none,baostock,query_history_k_data_plus
600171,SHSE.600171,,SH,A股-上交所,2023-12-21,14.23,14.37,14.0,14.26,14.26,5849999,82936028.59,0.0,0.8285,1,0,none,baostock,query_history_k_data_plus
600171,SHSE.600171,,SH,A股-上交所,2023-12-22,14.28,14.3,13.96,14.01,14.26,6235342,87651283.0,-1.7532,0.883,1,0,none,baostock,query_history_k_data_plus
600171,SHSE.600171,,SH,A股-上交所,2023-12-25,14.05,14.12,13.9,13.92,14.01,3730010,52150770.31,-0.6424,0.5282,1,0,none,baostock,query_history_k_data_plus
600171,SHSE.600171,,SH,A股-上交所,2023-12-26,13.94,13.99,13.55,13.57,13.92,4864180,66523094.97,-2.5144,0.6888,1,0,none,baostock,query_history_k_data_plus
600171,SHSE.600171,,SH,A股-上交所,2023-12-27,13.63,13.8,13.57,13.76,13.57,4546765,62334963.7,1.4001,0.6439,1,0,none,baostock,query_history_k_data_plus
600171,SHSE.600171,,SH,A股-上交所,2023-12-28,13.76,14.1,13.61,13.98,13.76,6795371,94606602.2,1.5988,0.9623,1,0,none,baostock,query_history_k_data_plus
600171,SHSE.600171,,SH,A股-上交所,2023-12-29,14.04,14.23,14.02,14.22,13.98,5638458,79890246.52,1.7167,0.7985,1,0,none,baostock,query_history_k_data_plus
600171,SHSE.600171,,SH,A股-上交所,2024-01-02,14.28,14.28,14.06,14.07,14.22,4624102,65287543.18,-1.0549,0.6549,1,0,none,baostock,query_history_k_data_plus
600171,SHSE.600171,,SH,A股-上交所,2024-01-03,14.07,14.12,13.83,13.92,14.07,4079646,56917609.5,-1.0661,0.5777,1,0,none,baostock,query_history_k_data_plus
600171,SHSE.600171,,SH,A股-上交所,2024-01-04,13.92,13.92,13.7,13.74,13.92,3804729,52401859.26,-1.2931,0.5388,1,0,none,baostock,query_history_k_data_plus
600171,SHSE.600171,,SH,A股-上交所,2024-01-05,13.72,13.84,13.38,13.45,13.74,5057404,68667545.8,-2.1106,0.7162,1,0,none,baostock,query_history_k_data_plus
600171,SHSE.600171,,SH,A股-上交所,2024-01-08,13.41,13.41,12.9,12.9,13.45,6936101,90564706.71,-4.0892,0.9823,1,0,none,baostock,query_history_k_data_plus
600171,SHSE.600171,,SH,A股-上交所,2024-01-09,13.02,13.28,12.96,13.03,12.9,5625306,73743777.88,1.0078,0.7966,1,0,none,baostock,query_history_k_data_plus
600171,SHSE.600171,,SH,A股-上交所,2024-01-10,13.05,13.14,12.77,12.96,13.03,4194086,54385064.3,-0.5372,0.594,1,0,none,baostock,query_history_k_data_plus
600171,SHSE.600171,,SH,A股-上交所,2024-01-11,12.89,13.16,12.84,13.1,12.96,4025524,52568316.09,1.0802,0.5701,1,0,none,baostock,query_history_k_data_plus
600171,SHSE.600171,,SH,A股-上交所,2024-01-12,13.04,13.18,12.95,12.99,13.1,3743636,48882083.73,-0.8397,0.5302,1,0,none,baostock,query_history_k_data_plus
600171,SHSE.600171,,SH,A股-上交所,2024-01-15,12.95,13.19,12.81,13.0,12.99,4876544,63471887.6,0.077,0.6906,1,0,none,baostock,query_history_k_data_plus
600171,SHSE.600171,,SH,A股-上交所,2024-01-16,12.96,13.04,12.78,12.94,13.0,4397733,56702616.01,-0.4615,0.6228,1,0,none,baostock,query_history_k_data_plus
600171,SHSE.600171,,SH,A股-上交所,2024-01-17,12.95,12.97,12.56,12.56,12.94,4204619,53663300.1,-2.9366,0.5954,1,0,none,baostock,query_history_k_data_plus
600171,SHSE.600171,,SH,A股-上交所,2024-01-18,12.45,12.64,12.01,12.43,12.56,7970728,97937045.43,-1.035,1.1288,1,0,none,baostock,query_history_k_data_plus
600171,SHSE.600171,,SH,A股-上交所,2024-01-19,12.43,12.56,12.32,12.32,12.43,4592066,57059253.41,-0.885,0.6503,1,0,none,baostock,query_history_k_data_plus
600171,SHSE.600171,,SH,A股-上交所,2024-01-22,12.23,12.31,11.39,11.45,12.32,8650011,102347655.43,-7.0617,1.225,1,0,none,baostock,query_history_k_data_plus
600171,SHSE.600171,,SH,A股-上交所,2024-01-23,11.41,11.74,11.31,11.69,11.45,6807306,79016915.57,2.0961,0.964,1,0,none,baostock,query_history_k_data_plus
600171,SHSE.600171,,SH,A股-上交所,2024-01-24,11.78,11.96,11.46,11.96,11.69,7415349,87157037.35,2.3097,1.0501,1,0,none,baostock,query_history_k_data_plus
600171,SHSE.600171,,SH,A股-上交所,2024-01-25,11.88,13.16,11.8,13.16,11.96,11500631,148965607.73,10.0334,1.6287,1,0,none,baostock,query_history_k_data_plus
600171,SHSE.600171,,SH,A股-上交所,2024-01-26,13.56,14.48,13.3,14.48,13.16,44667578,615838212.9,10.0304,6.3257,1,0,none,baostock,query_history_k_data_plus
600171,SHSE.600171,,SH,A股-上交所,2024-01-29,14.0,14.9,13.41,13.49,14.48,50076204,705925778.51,-6.837,7.0916,1,0,none,baostock,query_history_k_data_plus
600171,SHSE.600171,,SH,A股-上交所,2024-01-30,13.22,13.95,12.85,13.01,13.49,27561155,366769390.72,-3.5582,3.9031,1,0,none,baostock,query_history_k_data_plus
600171,SHSE.600171,,SH,A股-上交所,2024-01-31,12.9,13.09,11.9,12.07,13.01,26790600,330204992.73,-7.2252,3.794,1,0,none,baostock,query_history_k_data_plus
600171,SHSE.600171,,SH,A股-上交所,2024-02-01,11.8,12.37,11.42,11.9,12.07,20305660,241718233.12,-1.4085,2.8756,1,0,none,baostock,query_history_k_data_plus
600171,SHSE.600171,,SH,A股-上交所,2024-02-02,11.93,12.8,11.62,12.18,11.9,28378505,348382927.28,2.3529,4.0189,1,0,none,baostock,query_history_k_data_plus
600171,SHSE.600171,,SH,A股-上交所,2024-02-05,11.96,12.51,10.96,10.96,12.18,27954889,323578443.03,-10.0164,3.9589,1,0,none,baostock,query_history_k_data_plus
600171,SHSE.600171,,SH,A股-上交所,2024-02-06,10.4,11.48,9.86,11.19,10.96,28244837,297944316.36,2.0985,3.9999,1,0,none,baostock,query_history_k_data_plus
600171,SHSE.600171,,SH,A股-上交所,2024-02-07,11.16,11.56,10.68,11.05,11.19,22570969,252766402.11,-1.2511,3.1964,1,0,none,baostock,query_history_k_data_plus
600171,SHSE.600171,,SH,A股-上交所,2024-02-08,11.2,11.64,10.9,11.64,11.05,20548433,234781482.13,5.3394,2.91,1,0,none,baostock,query_history_k_data_plus
600171,SHSE.600171,,SH,A股-上交所,2024-02-19,11.82,12.09,11.71,12.04,11.64,18939162,225624506.04,3.4364,2.6821,1,0,none,baostock,query_history_k_data_plus
600171,SHSE.600171,,SH,A股-上交所,2024-02-20,12.05,12.19,11.72,12.1,12.04,13336614,159174475.08,0.4983,1.8887,1,0,none,baostock,query_history_k_data_plus
600171,SHSE.600171,,SH,A股-上交所,2024-02-21,11.95,12.44,11.87,12.13,12.1,16654262,203155693.75,0.2479,2.3585,1,0,none,baostock,query_history_k_data_plus
600171,SHSE.600171,,SH,A股-上交所,2024-02-22,12.01,12.79,12.01,12.66,12.13,19984047,250237092.52,4.3693,2.8301,1,0,none,baostock,query_history_k_data_plus
600171,SHSE.600171,,SH,A股-上交所,2024-02-23,12.56,12.74,12.47,12.72,12.66,16008804,202038695.79,0.4739,2.2671,1,0,none,baostock,query_history_k_data_plus
600171,SHSE.600171,,SH,A股-上交所,2024-02-26,12.71,12.95,12.55,12.82,12.72,14869516,189537625.03,0.7862,2.1058,1,0,none,baostock,query_history_k_data_plus
600171,SHSE.600171,,SH,A股-上交所,2024-02-27,12.78,13.22,12.63,13.22,12.82,16840278,218255746.43,3.1201,2.3849,1,0,none,baostock,query_history_k_data_plus
600171,SHSE.600171,,SH,A股-上交所,2024-02-28,13.21,13.34,12.28,12.3,13.22,23176324,299042970.28,-6.9592,3.2822,1,0,none,baostock,query_history_k_data_plus
600171,SHSE.600171,,SH,A股-上交所,2024-02-29,12.29,12.99,12.2,12.98,12.3,19808022,253076702.63,5.5285,2.8051,1,0,none,baostock,query_history_k_data_plus
600171,SHSE.600171,,SH,A股-上交所,2024-03-01,12.97,13.69,12.95,13.51,12.98,26167796,350166428.23,4.0832,3.7058,1,0,none,baostock,query_history_k_data_plus
600171,SHSE.600171,,SH,A股-上交所,2024-03-04,13.48,13.61,13.19,13.45,13.51,16419038,220158786.78,-0.4441,2.3252,1,0,none,baostock,query_history_k_data_plus
600171,SHSE.600171,,SH,A股-上交所,2024-03-05,13.31,13.55,13.21,13.26,13.45,12369833,165236499.57,-1.4126,1.7518,1,0,none,baostock,query_history_k_data_plus
600171,SHSE.600171,,SH,A股-上交所,2024-03-06,13.2,13.35,12.88,13.2,13.26,12564173,164881971.94,-0.4525,1.7793,1,0,none,baostock,query_history_k_data_plus
600171,SHSE.600171,,SH,A股-上交所,2024-03-07,13.3,13.44,12.97,12.97,13.2,11383850,150175766.8,-1.7424,1.6121,1,0,none,baostock,query_history_k_data_plus
600171,SHSE.600171,,SH,A股-上交所,2024-03-08,12.93,13.22,12.86,13.2,12.97,10330274,135098390.52,1.7733,1.4629,1,0,none,baostock,query_history_k_data_plus
600171,SHSE.600171,,SH,A股-上交所,2024-03-11,13.04,13.49,13.03,13.46,13.2,9712165,128836579.2,1.9697,1.3754,1,0,none,baostock,query_history_k_data_plus
600171,SHSE.600171,,SH,A股-上交所,2024-03-12,13.43,13.7,13.35,13.5,13.46,12636475,170607720.31,0.2972,1.7895,1,0,none,baostock,query_history_k_data_plus
600171,SHSE.600171,,SH,A股-上交所,2024-03-13,13.5,13.88,13.45,13.65,13.5,15153253,206950357.44,1.1111,2.146,1,0,none,baostock,query_history_k_data_plus
600171,SHSE.600171,,SH,A股-上交所,2024-03-14,13.6,13.64,13.19,13.35,13.65,10567173,141561363.89,-2.1978,1.4965,1,0,none,baostock,query_history_k_data_plus
600171,SHSE.600171,,SH,A股-上交所,2024-03-15,13.23,13.42,13.14,13.41,13.35,7295222,96735423.88,0.4494,1.0331,1,0,none,baostock,query_history_k_data_plus
600171,SHSE.600171,,SH,A股-上交所,2024-03-18,13.43,13.65,13.4,13.65,13.41,9613116,130315427.28,1.7897,1.3614,1,0,none,baostock,query_history_k_data_plus
600171,SHSE.600171,,SH,A股-上交所,2024-03-19,13.61,13.75,13.53,13.6,13.65,9657284,131903410.44,-0.3663,1.3676,1,0,none,baostock,query_history_k_data_plus
600171,SHSE.600171,,SH,A股-上交所,2024-03-20,13.59,13.76,13.52,13.67,13.6,8475925,115624984.88,0.5147,1.2003,1,0,none,baostock,query_history_k_data_plus
600171,SHSE.600171,,SH,A股-上交所,2024-03-21,13.76,13.88,13.56,13.65,13.67,8913200,122206673.99,-0.1463,1.2623,1,0,none,baostock,query_history_k_data_plus
600171,SHSE.600171,,SH,A股-上交所,2024-03-22,13.65,13.75,13.41,13.51,13.65,9120300,123801096.0,-1.0256,1.2916,1,0,none,baostock,query_history_k_data_plus
600171,SHSE.600171,,SH,A股-上交所,2024-03-25,13.38,13.48,12.88,12.89,13.51,11276820,148380609.4,-4.5892,1.597,1,0,none,baostock,query_history_k_data_plus
600171,SHSE.600171,,SH,A股-上交所,2024-03-26,12.89,13.09,12.54,12.72,12.89,8225480,105165787.98,-1.3189,1.1649,1,0,none,baostock,query_history_k_data_plus
600171,SHSE.600171,,SH,A股-上交所,2024-03-27,12.71,12.76,11.92,11.99,12.72,9672746,118787499.68,-5.739,1.3698,1,0,none,baostock,query_history_k_data_plus
600171,SHSE.600171,,SH,A股-上交所,2024-03-28,11.98,12.48,11.97,12.35,11.99,8353900,102595377.16,3.0025,1.1831,1,0,none,baostock,query_history_k_data_plus
600171,SHSE.600171,,SH,A股-上交所,2024-03-29,12.34,12.45,12.13,12.41,12.35,6228001,76633696.36,0.4858,0.882,1,0,none,baostock,query_history_k_data_plus
600171,SHSE.600171,,SH,A股-上交所,2024-04-01,12.49,12.7,12.49,12.62,12.41,7558442,95181275.68,1.6922,1.0704,1,0,none,baostock,query_history_k_data_plus
600171,SHSE.600171,,SH,A股-上交所,2024-04-02,12.7,12.87,12.45,12.6,12.62,10174800,128430931.19,-0.1585,1.4409,1,0,none,baostock,query_history_k_data_plus
600171,SHSE.600171,,SH,A股-上交所,2024-04-03,12.55,12.61,12.28,12.53,12.6,7125093,88805092.0,-0.5556,1.009,1,0,none,baostock,query_history_k_data_plus
600171,SHSE.600171,,SH,A股-上交所,2024-04-08,12.38,12.48,12.05,12.05,12.53,7152124,87465020.06,-3.8308,1.0129,1,0,none,baostock,query_history_k_data_plus
600171,SHSE.600171,,SH,A股-上交所,2024-04-09,12.03,12.24,11.98,12.21,12.05,5644742,68421965.55,1.3278,0.7994,1,0,none,baostock,query_history_k_data_plus
600171,SHSE.600171,,SH,A股-上交所,2024-04-10,12.21,12.29,11.8,11.9,12.21,6861240,81996316.7,-2.5389,0.9717,1,0,none,baostock,query_history_k_data_plus
600171,SHSE.600171,,SH,A股-上交所,2024-04-11,11.86,12.14,11.79,11.97,11.9,5790415,69745794.31,0.5882,0.82,1,0,none,baostock,query_history_k_data_plus
600171,SHSE.600171,,SH,A股-上交所,2024-04-12,11.98,12.19,11.97,12.03,11.97,5865921,70749411.03,0.5013,0.8307,1,0,none,baostock,query_history_k_data_plus
600171,SHSE.600171,,SH,A股-上交所,2024-04-15,12.0,12.24,11.61,11.78,12.03,10514700,125046040.0,-2.0781,1.4891,1,0,none,baostock,query_history_k_data_plus
600171,SHSE.600171,,SH,A股-上交所,2024-04-16,11.73,11.8,10.94,10.98,11.78,11222537,126298275.04,-6.7912,1.5893,1,0,none,baostock,query_history_k_data_plus
600171,SHSE.600171,,SH,A股-上交所,2024-04-17,11.17,11.77,11.14,11.75,10.98,8745210,100702693.26,7.0128,1.2385,1,0,none,baostock,query_history_k_data_plus
600171,SHSE.600171,,SH,A股-上交所,2024-04-18,11.79,11.8,11.5,11.56,11.75,6369352,74347413.31,-1.617,0.902,1,0,none,baostock,query_history_k_data_plus
600171,SHSE.600171,,SH,A股-上交所,2024-04-19,11.45,11.54,11.2,11.27,11.56,6355760,71980596.0,-2.5087,0.9001,1,0,none,baostock,query_history_k_data_plus
600171,SHSE.600171,,SH,A股-上交所,2024-04-22,11.21,11.46,11.01,11.36,11.27,6093606,68882052.4,0.7986,0.863,1,0,none,baostock,query_history_k_data_plus
600171,SHSE.600171,,SH,A股-上交所,2024-04-23,11.42,11.58,11.36,11.42,11.36,4914500,56325441.0,0.5282,0.6959,1,0,none,baostock,query_history_k_data_plus
600171,SHSE.600171,,SH,A股-上交所,2024-04-24,11.43,11.65,11.38,11.65,11.42,5160422,59593344.63,2.014,0.7307,1,0,none,baostock,query_history_k_data_plus
600171,SHSE.600171,,SH,A股-上交所,2024-04-25,11.59,11.85,11.52,11.69,11.65,5081933,59470334.12,0.3433,0.7196,1,0,none,baostock,query_history_k_data_plus
600171,SHSE.600171,,SH,A股-上交所,2024-04-26,11.65,12.09,11.62,12.08,11.69,8603027,102693651.93,3.3362,1.2181,1,0,none,baostock,query_history_k_data_plus
600171,SHSE.600171,,SH,A股-上交所,2024-04-29,12.17,12.74,12.17,12.72,12.08,12184732,152858988.7,5.298,1.7253,1,0,none,baostock,query_history_k_data_plus
600171,SHSE.600171,,SH,A股-上交所,2024-04-30,12.73,12.74,12.48,12.63,12.72,7922984,99923807.42,-0.7075,1.1219,1,0,none,baostock,query_history_k_data_plus
600171,SHSE.600171,,SH,A股-上交所,2024-05-06,12.79,12.88,12.61,12.65,12.63,7678425,97724784.5,0.1584,1.0872,1,0,none,baostock,query_history_k_data_plus
600171,SHSE.600171,,SH,A股-上交所,2024-05-07,12.65,12.72,12.52,12.64,12.65,6346000,80122640.0,-0.0791,0.8986,1,0,none,baostock,query_history_k_data_plus
600171,SHSE.600171,,SH,A股-上交所,2024-05-08,12.6,12.65,12.38,12.41,12.64,5460670,68234337.94,-1.8196,0.7732,1,0,none,baostock,query_history_k_data_plus
600171,SHSE.600171,,SH,A股-上交所,2024-05-09,12.42,12.8,12.42,12.77,12.41,9266974,117716668.2,2.9009,1.3122,1,0,none,baostock,query_history_k_data_plus
600171,SHSE.600171,,SH,A股-上交所,2024-05-10,12.77,12.86,12.53,12.61,12.77,7309478,92644576.84,-1.2529,1.035,1,0,none,baostock,query_history_k_data_plus
600171,SHSE.600171,,SH,A股-上交所,2024-05-13,12.46,12.53,12.28,12.35,12.61,7040811,87257664.44,-2.0619,0.9969,1,0,none,baostock,query_history_k_data_plus
600171,SHSE.600171,,SH,A股-上交所,2024-05-14,12.38,12.52,12.3,12.33,12.35,4951871,61311718.42,-0.1619,0.7012,1,0,none,baostock,query_history_k_data_plus
600171,SHSE.600171,,SH,A股-上交所,2024-05-15,12.35,12.45,12.18,12.21,12.33,4548020,55928306.6,-0.9732,0.644,1,0,none,baostock,query_history_k_data_plus
600171,SHSE.600171,,SH,A股-上交所,2024-05-16,12.29,12.37,12.18,12.23,12.21,5750100,70504312.0,0.1638,0.8142,1,0,none,baostock,query_history_k_data_plus
600171,SHSE.600171,,SH,A股-上交所,2024-05-17,12.17,12.38,12.13,12.38,12.23,5490147,67253332.54,1.2265,0.7774,1,0,none,baostock,query_history_k_data_plus
600171,SHSE.600171,,SH,A股-上交所,2024-05-20,12.38,12.56,12.3,12.46,12.38,6847768,85166470.24,0.6462,0.9696,1,0,none,baostock,query_history_k_data_plus
600171,SHSE.600171,,SH,A股-上交所,2024-05-21,12.38,12.46,12.25,12.31,12.46,4245069,52359193.16,-1.2039,0.6011,1,0,none,baostock,query_history_k_data_plus
600171,SHSE.600171,,SH,A股-上交所,2024-05-22,12.31,12.5,12.25,12.5,12.31,6398390,79342190.8,1.5435,0.906,1,0,none,baostock,query_history_k_data_plus
600171,SHSE.600171,,SH,A股-上交所,2024-05-23,12.45,12.48,12.13,12.16,12.5,7264743,89067062.65,-2.72,1.0287,1,0,none,baostock,query_history_k_data_plus
600171,SHSE.600171,,SH,A股-上交所,2024-05-24,12.21,12.26,11.88,11.92,12.16,6048496,72876592.96,-1.9737,0.8564,1,0,none,baostock,query_history_k_data_plus
600171,SHSE.600171,,SH,A股-上交所,2024-05-27,11.95,12.3,11.68,12.3,11.92,9490184,113887816.33,3.1879,1.3387,1,0,none,baostock,query_history_k_data_plus
600171,SHSE.600171,,SH,A股-上交所,2024-05-28,12.38,13.53,12.35,13.53,12.3,43457796,580607195.71,10.0,6.1301,1,0,none,baostock,query_history_k_data_plus
600171,SHSE.600171,,SH,A股-上交所,2024-05-29,13.61,14.21,13.55,13.76,13.53,76097402,1057546718.2,1.6999,10.7342,1,0,none,baostock,query_history_k_data_plus
600171,SHSE.600171,,SH,A股-上交所,2024-05-30,13.51,15.14,13.51,15.14,13.76,73499685,1071565210.63,10.0291,10.3678,1,0,none,baostock,query_history_k_data_plus
600171,SHSE.600171,,SH,A股-上交所,2024-05-31,15.5,16.65,15.21,16.65,15.14,130439322,2109624520.53,9.9736,18.3996,1,0,none,baostock,query_history_k_data_plus
600171,SHSE.600171,,SH,A股-上交所,2024-06-03,16.0,17.25,15.83,16.78,16.65,120998736,2013155209.34,0.7808,17.068,1,0,none,baostock,query_history_k_data_plus
600171,SHSE.600171,,SH,A股-上交所,2024-06-04,16.3,16.9,15.81,16.08,16.78,91839062,1491416656.78,-4.1716,12.9547,1,0,none,baostock,query_history_k_data_plus
600171,SHSE.600171,,SH,A股-上交所,2024-06-05,15.87,17.69,15.87,17.09,16.08,138566992,2395595050.25,6.2811,19.5461,1,0,none,baostock,query_history_k_data_plus
600171,SHSE.600171,,SH,A股-上交所,2024-06-06,18.03,18.8,18.0,18.8,17.09,172604054,3225237554.76,10.0059,24.3474,1,0,none,baostock,query_history_k_data_plus
600171,SHSE.600171,,SH,A股-上交所,2024-06-07,18.18,18.71,17.23,17.23,18.8,143258622,2570280027.57,-8.3511,20.2079,1,0,none,baostock,query_history_k_data_plus
600171,SHSE.600171,,SH,A股-上交所,2024-06-11,17.73,18.95,17.5,18.95,17.23,122509475,2264628033.55,9.9826,17.2811,1,0,none,baostock,query_history_k_data_plus
600171,SHSE.600171,,SH,A股-上交所,2024-06-12,19.58,20.1,19.13,19.33,18.95,159864884,3123339659.62,2.0053,22.5504,1,0,none,baostock,query_history_k_data_plus
600171,SHSE.600171,,SH,A股-上交所,2024-06-13,19.81,20.45,18.9,19.05,19.33,156968082,3073068175.88,-1.4485,22.1418,1,0,none,baostock,query_history_k_data_plus
600171,SHSE.600171,,SH,A股-上交所,2024-06-14,18.1,18.77,17.88,18.52,19.05,119167212,2190977298.4,-2.7822,16.8096,1,0,none,baostock,query_history_k_data_plus
600171,SHSE.600171,,SH,A股-上交所,2024-06-17,18.48,18.88,18.22,18.55,18.52,98812802,1831629131.68,0.162,13.9384,1,0,none,baostock,query_history_k_data_plus
600171,SHSE.600171,,SH,A股-上交所,2024-06-18,18.4,20.1,17.7,19.8,18.55,152896256,2892058026.14,6.7385,21.5674,1,0,none,baostock,query_history_k_data_plus
600171,SHSE.600171,,SH,A股-上交所,2024-06-19,19.37,21.35,19.37,19.68,19.8,166704451,3416287541.88,-0.6061,23.5152,1,0,none,baostock,query_history_k_data_plus
600171,SHSE.600171,,SH,A股-上交所,2024-06-20,19.91,20.08,18.4,18.6,19.58,123273716,2335637291.16,-5.0051,17.3889,1,0,none,baostock,query_history_k_data_plus
600171,SHSE.600171,,SH,A股-上交所,2024-06-21,18.03,19.5,17.87,18.54,18.6,100977057,1889442639.09,-0.3226,14.2437,1,0,none,baostock,query_history_k_data_plus
600171,SHSE.600171,,SH,A股-上交所,2024-06-24,18.3,19.08,17.77,18.5,18.54,103490363,1892570791.74,-0.2157,14.5982,1,0,none,baostock,query_history_k_data_plus
600171,SHSE.600171,,SH,A股-上交所,2024-06-25,18.19,19.69,18.04,19.13,18.5,134193770,2568891109.97,3.4054,18.9292,1,0,none,baostock,query_history_k_data_plus
600171,SHSE.600171,,SH,A股-上交所,2024-06-26,18.82,19.07,17.22,18.2,19.13,133157184,2361771652.44,-4.8615,18.783,1,0,none,baostock,query_history_k_data_plus
600171,SHSE.600171,,SH,A股-上交所,2024-06-27,17.5,17.88,16.46,16.7,18.2,98146062,1686382554.94,-8.2418,13.8444,1,0,none,baostock,query_history_k_data_plus
600171,SHSE.600171,,SH,A股-上交所,2024-06-28,16.5,16.97,16.41,16.68,16.7,72537122,1211364277.24,-0.1198,10.232,1,0,none,baostock,query_history_k_data_plus
600171,SHSE.600171,,SH,A股-上交所,2024-07-01,16.69,16.78,16.07,16.55,16.68,58980806,966331194.11,-0.7794,8.3198,1,0,none,baostock,query_history_k_data_plus
600171,SHSE.600171,,SH,A股-上交所,2024-07-02,16.59,16.85,16.36,16.63,16.55,57302716,950750504.87,0.4834,8.0831,1,0,none,baostock,query_history_k_data_plus
600171,SHSE.600171,,SH,A股-上交所,2024-07-03,16.54,16.96,16.18,16.66,16.63,64715166,1073535288.96,0.1804,9.1287,1,0,none,baostock,query_history_k_data_plus
600171,SHSE.600171,,SH,A股-上交所,2024-07-04,16.55,16.77,15.8,15.85,16.66,63932020,1034421534.23,-4.8619,9.0182,1,0,none,baostock,query_history_k_data_plus
600171,SHSE.600171,,SH,A股-上交所,2024-07-05,15.86,16.08,15.45,15.97,15.85,51688388,814068476.04,0.7571,7.2911,1,0,none,baostock,query_history_k_data_plus
600171,SHSE.600171,,SH,A股-上交所,2024-07-08,16.01,16.92,15.9,16.48,15.97,83664915,1379539265.0,3.1935,11.8017,1,0,none,baostock,query_history_k_data_plus
600171,SHSE.600171,,SH,A股-上交所,2024-07-09,16.21,18.13,16.13,18.03,16.48,126687607,2217120864.03,9.4053,17.8704,1,0,none,baostock,query_history_k_data_plus
600171,SHSE.600171,,SH,A股-上交所,2024-07-10,17.88,18.1,17.57,17.82,18.03,90680334,1613187488.49,-1.1647,12.7913,1,0,none,baostock,query_history_k_data_plus
600171,SHSE.600171,,SH,A股-上交所,2024-07-11,18.24,18.42,17.66,18.18,17.82,85879850,1547245672.68,2.0202,12.1141,1,0,none,baostock,query_history_k_data_plus
600171,SHSE.600171,,SH,A股-上交所,2024-07-12,17.91,18.93,17.82,18.56,18.18,86108325,1583884629.72,2.0902,12.1464,1,0,none,baostock,query_history_k_data_plus
600171,SHSE.600171,,SH,A股-上交所,2024-07-15,18.6,19.45,18.45,18.65,18.56,90105636,1713824831.48,0.4849,12.7102,1,0,none,baostock,query_history_k_data_plus
600171,SHSE.600171,,SH,A股-上交所,2024-07-16,18.31,19.34,18.18,19.26,18.65,89493662,1679053582.39,3.2708,12.6239,1,0,none,baostock,query_history_k_data_plus
600171,SHSE.600171,,SH,A股-上交所,2024-07-17,18.93,19.15,18.61,18.64,19.26,69252591,1309261743.49,-3.2191,9.7687,1,0,none,baostock,query_history_k_data_plus
600171,SHSE.600171,,SH,A股-上交所,2024-07-18,18.13,20.5,18.02,20.5,18.64,94178789,1825681921.35,9.9785,13.2848,1,0,none,baostock,query_history_k_data_plus
600171,SHSE.600171,,SH,A股-上交所,2024-07-19,21.5,22.55,21.25,22.55,20.5,90652671,1999317755.66,10.0,12.7874,1,0,none,baostock,query_history_k_data_plus
600171,SHSE.600171,,SH,A股-上交所,2024-07-22,24.0,24.81,23.9,24.56,22.55,197120770,4814301103.22,8.9135,27.8057,1,0,none,baostock,query_history_k_data_plus
600171,SHSE.600171,,SH,A股-上交所,2024-07-23,24.56,25.25,23.55,23.85,24.56,163749929,3944213164.57,-2.8909,23.0984,1,0,none,baostock,query_history_k_data_plus
600171,SHSE.600171,,SH,A股-上交所,2024-07-24,23.75,24.28,21.5,21.72,23.85,186191421,4267114163.52,-8.9308,26.264,1,0,none,baostock,query_history_k_data_plus
600171,SHSE.600171,,SH,A股-上交所,2024-07-25,21.51,22.07,21.03,21.4,21.72,135402553,2912910131.96,-1.4733,19.0997,1,0,none,baostock,query_history_k_data_plus
600171,SHSE.600171,,SH,A股-上交所,2024-07-26,21.37,21.49,20.53,20.83,21.4,126225337,2645365550.36,-2.6636,17.8052,1,0,none,baostock,query_history_k_data_plus
600171,SHSE.600171,,SH,A股-上交所,2024-07-29,21.1,22.83,21.09,22.46,20.83,155304223,3440899074.15,7.8253,21.9071,1,0,none,baostock,query_history_k_data_plus
600171,SHSE.600171,,SH,A股-上交所,2024-07-30,21.95,24.71,21.38,24.71,22.46,182288662,4189317476.0,10.0178,25.7135,1,0,none,baostock,query_history_k_data_plus
600171,SHSE.600171,,SH,A股-上交所,2024-07-31,24.0,27.18,23.75,24.25,24.71,234311974,5979963485.57,-1.8616,33.0518,1,0,none,baostock,query_history_k_data_plus
600171,SHSE.600171,,SH,A股-上交所,2024-08-01,23.68,26.0,23.68,25.09,24.25,201493723,5045792052.56,3.4639,28.4225,1,0,none,baostock,query_history_k_data_plus
600171,SHSE.600171,,SH,A股-上交所,2024-08-02,24.2,24.8,23.68,24.09,25.09,133745317,3241410608.91,-3.9857,18.866,1,0,none,baostock,query_history_k_data_plus
600171,SHSE.600171,,SH,A股-上交所,2024-08-05,23.36,24.66,22.68,23.46,24.09,118886342,2790662559.38,-2.6152,16.77,1,0,none,baostock,query_history_k_data_plus
600171,SHSE.600171,,SH,A股-上交所,2024-08-06,23.9,24.05,22.3,22.61,23.46,97123573,2206820487.95,-3.6232,13.7002,1,0,none,baostock,query_history_k_data_plus
600171,SHSE.600171,,SH,A股-上交所,2024-08-07,22.6,23.2,22.5,22.79,22.61,82000096,1873184373.5,0.7961,11.5669,1,0,none,baostock,query_history_k_data_plus
600171,SHSE.600171,,SH,A股-上交所,2024-08-08,22.35,24.0,21.33,22.98,22.79,133249402,3015815618.63,0.8337,18.796,1,0,none,baostock,query_history_k_data_plus
600171,SHSE.600171,,SH,A股-上交所,2024-08-09,23.69,24.5,23.2,24.2,22.98,145718143,3482683041.11,5.309,20.5549,1,0,none,baostock,query_history_k_data_plus
600171,SHSE.600171,,SH,A股-上交所,2024-08-12,23.18,24.2,22.88,23.0,24.2,95365900,2238414488.84,-4.9587,13.4522,1,0,none,baostock,query_history_k_data_plus
600171,SHSE.600171,,SH,A股-上交所,2024-08-13,22.86,23.83,22.5,23.39,23.0,81327975,1886211597.2,1.6957,11.472,1,0,none,baostock,query_history_k_data_plus
600171,SHSE.600171,,SH,A股-上交所,2024-08-14,23.25,25.6,23.22,24.75,23.39,153445314,3752578223.14,5.8145,21.6448,1,0,none,baostock,query_history_k_data_plus
600171,SHSE.600171,,SH,A股-上交所,2024-08-15,24.26,24.95,23.9,24.42,24.75,107111157,2605793074.49,-1.3333,15.109,1,0,none,baostock,query_history_k_data_plus
600171,SHSE.600171,,SH,A股-上交所,2024-08-16,24.77,24.92,22.3,22.78,24.42,124035667,2958449006.84,-6.7158,17.4963,1,0,none,baostock,query_history_k_data_plus
600171,SHSE.600171,,SH,A股-上交所,2024-08-19,22.01,22.49,21.2,21.94,22.78,95842481,2101020591.95,-3.6874,13.5194,1,0,none,baostock,query_history_k_data_plus
600171,SHSE.600171,,SH,A股-上交所,2024-08-20,21.85,22.2,21.5,21.64,21.94,59896081,1302378946.23,-1.3674,8.4489,1,0,none,baostock,query_history_k_data_plus
600171,SHSE.600171,,SH,A股-上交所,2024-08-21,21.51,21.97,21.01,21.1,21.64,71667825,1528183274.23,-2.4954,10.1094,1,0,none,baostock,query_history_k_data_plus
600171,SHSE.600171,,SH,A股-上交所,2024-08-22,21.0,21.47,20.85,21.21,21.1,65623170,1387094168.0,0.5213,9.2567,1,0,none,baostock,query_history_k_data_plus
600171,SHSE.600171,,SH,A股-上交所,2024-08-23,20.93,21.02,20.15,20.37,21.21,68930919,1417985160.42,-3.9604,9.7233,1,0,none,baostock,query_history_k_data_plus
600171,SHSE.600171,,SH,A股-上交所,2024-08-26,20.36,20.55,19.63,19.78,20.37,66671587,1324036502.9,-2.8964,9.4046,1,0,none,baostock,query_history_k_data_plus
600171,SHSE.600171,,SH,A股-上交所,2024-08-27,19.67,19.85,19.04,19.15,19.78,59171114,1145921563.18,-3.185,8.3466,1,0,none,baostock,query_history_k_data_plus
600171,SHSE.600171,,SH,A股-上交所,2024-08-28,19.1,19.35,18.93,19.2,19.15,49191767,943236701.42,0.2611,6.9389,1,0,none,baostock,query_history_k_data_plus
600171,SHSE.600171,,SH,A股-上交所,2024-08-29,19.0,19.66,18.82,19.37,19.2,56972812,1099867477.75,0.8854,8.0365,1,0,none,baostock,query_history_k_data_plus
600171,SHSE.600171,,SH,A股-上交所,2024-08-30,19.3,20.75,19.21,20.64,19.37,98764171,1998755007.29,6.5565,13.9316,1,0,none,baostock,query_history_k_data_plus
600171,SHSE.600171,,SH,A股-上交所,2024-09-02,20.46,20.86,19.5,19.53,20.64,75238272,1507044290.1,-5.3779,10.613,1,0,none,baostock,query_history_k_data_plus
600171,SHSE.600171,,SH,A股-上交所,2024-09-03,19.59,19.79,19.25,19.45,19.53,45777171,893579212.7,-0.4096,6.4573,1,0,none,baostock,query_history_k_data_plus
600171,SHSE.600171,,SH,A股-上交所,2024-09-04,19.14,19.55,18.92,19.23,19.45,37626874,724205857.53,-1.1311,5.3076,1,0,none,baostock,query_history_k_data_plus
600171,SHSE.600171,,SH,A股-上交所,2024-09-05,19.23,20.09,19.18,19.82,19.23,59350169,1167895969.78,3.0681,8.3719,1,0,none,baostock,query_history_k_data_plus
600171,SHSE.600171,,SH,A股-上交所,2024-09-06,19.74,21.49,19.69,20.34,19.82,103310854,2126915430.64,2.6236,14.5729,1,0,none,baostock,query_history_k_data_plus
600171,SHSE.600171,,SH,A股-上交所,2024-09-09,20.01,21.73,19.93,21.57,20.34,106943736,2259019802.12,6.0472,15.0854,1,0,none,baostock,query_history_k_data_plus
600171,SHSE.600171,,SH,A股-上交所,2024-09-10,21.37,21.45,20.64,21.27,21.57,81622014,1720608916.4,-1.3908,11.5135,1,0,none,baostock,query_history_k_data_plus
600171,SHSE.600171,,SH,A股-上交所,2024-09-11,21.05,21.66,20.65,21.28,21.27,69341021,1468299548.16,0.047,9.7812,1,0,none,baostock,query_history_k_data_plus
600171,SHSE.600171,,SH,A股-上交所,2024-09-12,21.3,21.49,20.58,20.61,21.28,58648219,1231625261.38,-3.1485,8.2729,1,0,none,baostock,query_history_k_data_plus
600171,SHSE.600171,,SH,A股-上交所,2024-09-13,20.5,20.61,19.75,19.75,20.61,59998087,1203005400.72,-4.1727,8.4633,1,0,none,baostock,query_history_k_data_plus
600171,SHSE.600171,,SH,A股-上交所,2024-09-18,19.85,20.17,19.34,19.56,19.75,43304901,852181740.76,-0.962,6.1085,1,0,none,baostock,query_history_k_data_plus
600171,SHSE.600171,,SH,A股-上交所,2024-09-19,19.68,20.48,19.56,20.26,19.56,66507401,1339460610.23,3.5787,9.3815,1,0,none,baostock,query_history_k_data_plus
600171,SHSE.600171,,SH,A股-上交所,2024-09-20,20.2,21.26,19.62,20.79,20.26,92254400,1883391043.0,2.616,13.0133,1,0,none,baostock,query_history_k_data_plus
600171,SHSE.600171,,SH,A股-上交所,2024-09-23,20.4,20.61,20.07,20.07,20.79,55509870,1124713188.9,-3.4632,7.8302,1,0,none,baostock,query_history_k_data_plus
600171,SHSE.600171,,SH,A股-上交所,2024-09-24,20.19,21.0,19.68,20.94,20.07,87496011,1787588776.94,4.3348,12.3421,1,0,none,baostock,query_history_k_data_plus
600171,SHSE.600171,,SH,A股-上交所,2024-09-25,21.0,21.91,20.79,20.86,20.94,97650719,2079566276.09,-0.382,13.7745,1,0,none,baostock,query_history_k_data_plus
600171,SHSE.600171,,SH,A股-上交所,2024-09-26,20.72,21.79,20.71,21.71,20.86,92321502,1974690542.78,4.0748,13.0228,1,0,none,baostock,query_history_k_data_plus
600171,SHSE.600171,,SH,A股-上交所,2024-09-27,21.99,23.44,21.84,23.12,21.71,78974136,1778284285.88,6.4947,11.14,1,0,none,baostock,query_history_k_data_plus
600171,SHSE.600171,,SH,A股-上交所,2024-09-30,24.2,25.43,23.51,25.43,23.12,126742753,3127967609.72,9.9913,17.8782,1,0,none,baostock,query_history_k_data_plus
600171,SHSE.600171,,SH,A股-上交所,2024-10-08,27.97,27.97,26.66,27.97,25.43,77665081,2158090538.43,9.9882,10.9554,1,0,none,baostock,query_history_k_data_plus
600171,SHSE.600171,,SH,A股-上交所,2024-10-09,28.78,30.77,26.8,30.45,27.97,184728364,5510331462.11,8.8666,26.0576,1,0,none,baostock,query_history_k_data_plus
600171,SHSE.600171,,SH,A股-上交所,2024-10-10,29.92,29.96,27.46,27.7,30.45,134813171,3858819487.73,-9.0312,19.0166,1,0,none,baostock,query_history_k_data_plus
600171,SHSE.600171,,SH,A股-上交所,2024-10-11,26.8,28.4,26.56,27.2,27.7,83143613,2285938682.79,-1.8051,11.7282,1,0,none,baostock,query_history_k_data_plus
600171,SHSE.600171,,SH,A股-上交所,2024-10-14,27.0,29.92,26.25,29.21,27.2,113240230,3168903332.4,7.3897,15.9736,1,0,none,baostock,query_history_k_data_plus
600171,SHSE.600171,,SH,A股-上交所,2024-10-15,29.2,30.28,28.1,28.46,29.21,112214848,3276199588.38,-2.5676,15.8289,1,0,none,baostock,query_history_k_data_plus
600171,SHSE.600171,,SH,A股-上交所,2024-10-16,27.2,28.83,27.2,28.33,28.46,64599162,1824440057.5,-0.4568,9.1123,1,0,none,baostock,query_history_k_data_plus
600171,SHSE.600171,,SH,A股-上交所,2024-10-17,28.85,29.04,27.88,28.02,28.33,73825846,2103646016.06,-1.0942,10.4138,1,0,none,baostock,query_history_k_data_plus
600171,SHSE.600171,,SH,A股-上交所,2024-10-18,27.86,30.82,27.81,30.82,28.02,125067507,3773113093.01,9.9929,17.6419,1,0,none,baostock,query_history_k_data_plus
600171,SHSE.600171,,SH,A股-上交所,2024-10-21,33.9,33.9,33.9,33.9,30.82,8217178,278562334.2,9.9935,1.1591,1,0,none,baostock,query_history_k_data_plus
600171,SHSE.600171,,SH,A股-上交所,2024-10-22,37.29,37.29,36.5,37.29,33.9,62950589,2344855116.05,10.0,8.8797,1,0,none,baostock,query_history_k_data_plus
600171,SHSE.600171,,SH,A股-上交所,2024-10-23,38.03,39.87,34.58,35.41,37.29,290979631,10973052564.5,-5.0416,41.0453,1,0,none,baostock,query_history_k_data_plus
600171,SHSE.600171,,SH,A股-上交所,2024-10-24,35.13,38.95,35.12,38.95,35.41,152680993,5682119297.54,9.9972,21.537,1,0,none,baostock,query_history_k_data_plus
600171,SHSE.600171,,SH,A股-上交所,2024-10-25,40.5,42.81,38.95,42.41,38.95,246594808,10125209945.2,8.8832,34.7844,1,0,none,baostock,query_history_k_data_plus
600171,SHSE.600171,,SH,A股-上交所,2024-10-28,40.6,46.65,40.6,46.65,42.41,217103560,9627919535.85,9.9976,30.6244,1,0,none,baostock,query_history_k_data_plus
600171,SHSE.600171,,SH,A股-上交所,2024-10-29,46.64,51.0,44.6,45.3,46.65,224931658,10859513417.64,-2.8939,31.7286,1,0,none,baostock,query_history_k_data_plus
600171,SHSE.600171,,SH,A股-上交所,2024-10-30,44.0,49.6,42.98,48.48,45.3,203582228,9352723680.45,7.0199,28.7171,1,0,none,baostock,query_history_k_data_plus
600171,SHSE.600171,,SH,A股-上交所,2024-10-31,48.58,53.33,46.9,51.33,48.48,205118899,10438091538.79,5.8787,28.9339,1,0,none,baostock,query_history_k_data_plus
600171,SHSE.600171,,SH,A股-上交所,2024-11-01,49.9,50.33,46.2,46.2,51.33,129504219,6157141450.23,-9.9942,18.2677,1,0,none,baostock,query_history_k_data_plus
600171,SHSE.600171,,SH,A股-上交所,2024-11-04,41.58,46.4,41.58,42.43,46.2,152677735,6532972691.83,-8.1602,21.5366,1,0,none,baostock,query_history_k_data_plus
600171,SHSE.600171,,SH,A股-上交所,2024-11-05,42.45,44.88,42.45,43.95,42.43,121998283,5337225551.38,3.5824,17.209,1,0,none,baostock,query_history_k_data_plus
600171,SHSE.600171,,SH,A股-上交所,2024-11-06,43.96,48.2,43.16,46.68,43.95,148428003,6787264269.01,6.2116,20.9371,1,0,none,baostock,query_history_k_data_plus
600171,SHSE.600171,,SH,A股-上交所,2024-11-07,46.69,46.69,43.09,45.16,46.68,118148435,5295641650.96,-3.2562,16.6659,1,0,none,baostock,query_history_k_data_plus
600171,SHSE.600171,,SH,A股-上交所,2024-11-08,45.2,46.8,44.0,44.45,45.16,109503797,5006121959.12,-1.5722,15.4465,1,0,none,baostock,query_history_k_data_plus
600171,SHSE.600171,,SH,A股-上交所,2024-11-11,43.95,46.0,43.92,44.79,44.45,99936916,4508013428.86,0.7649,14.097,1,0,none,baostock,query_history_k_data_plus
600171,SHSE.600171,,SH,A股-上交所,2024-11-12,44.1,47.94,43.1,46.34,44.79,129299380,5951855136.37,3.4606,18.2388,1,0,none,baostock,query_history_k_data_plus
600171,SHSE.600171,,SH,A股-上交所,2024-11-13,45.78,45.78,43.71,44.67,46.34,80693314,3593275980.39,-3.6038,11.3825,1,0,none,baostock,query_history_k_data_plus
600171,SHSE.600171,,SH,A股-上交所,2024-11-14,44.13,45.58,43.5,43.74,44.67,56728947,2518071052.09,-2.0819,8.0021,1,0,none,baostock,query_history_k_data_plus
600171,SHSE.600171,,SH,A股-上交所,2024-11-15,43.15,43.95,39.37,39.37,43.74,90552373,3731154705.41,-9.9909,12.7732,1,0,none,baostock,query_history_k_data_plus
600171,SHSE.600171,,SH,A股-上交所,2024-11-18,38.86,41.5,38.2,39.89,39.37,75315048,3002247168.09,1.3208,10.6239,1,0,none,baostock,query_history_k_data_plus
600171,SHSE.600171,,SH,A股-上交所,2024-11-19,39.9,41.0,38.26,40.78,39.89,77579777,3068844225.67,2.2311,10.9433,1,0,none,baostock,query_history_k_data_plus
600171,SHSE.600171,,SH,A股-上交所,2024-11-20,40.7,41.39,39.68,41.0,40.78,68861684,2781278662.51,0.5395,9.7136,1,0,none,baostock,query_history_k_data_plus
600171,SHSE.600171,,SH,A股-上交所,2024-11-21,40.68,41.7,40.4,41.03,41.0,66849244,2748549202.57,0.0732,9.4297,1,0,none,baostock,query_history_k_data_plus
600171,SHSE.600171,,SH,A股-上交所,2024-11-22,40.91,41.5,38.33,38.4,41.03,65418509,2605500235.53,-6.4099,9.2279,1,0,none,baostock,query_history_k_data_plus
600171,SHSE.600171,,SH,A股-上交所,2024-11-25,38.06,38.6,36.47,37.28,38.4,56682159,2112426362.21,-2.9167,7.9955,1,0,none,baostock,query_history_k_data_plus
600171,SHSE.600171,,SH,A股-上交所,2024-11-26,37.67,39.19,37.47,37.6,37.28,53551969,2050968800.88,0.8584,7.554,1,0,none,baostock,query_history_k_data_plus
600171,SHSE.600171,,SH,A股-上交所,2024-11-27,37.0,38.0,36.05,37.94,37.6,54222816,2008386370.77,0.9043,7.6486,1,0,none,baostock,query_history_k_data_plus
600171,SHSE.600171,,SH,A股-上交所,2024-11-28,37.97,39.0,37.4,37.86,37.94,62559110,2391427917.62,-0.2109,8.8245,1,0,none,baostock,query_history_k_data_plus
600171,SHSE.600171,,SH,A股-上交所,2024-11-29,37.5,39.19,37.0,38.47,37.86,65251701,2490956869.21,1.6112,9.2043,1,0,none,baostock,query_history_k_data_plus
600171,SHSE.600171,,SH,A股-上交所,2024-12-02,38.48,39.24,38.12,38.88,38.47,56177467,2170818263.99,1.0658,7.9243,1,0,none,baostock,query_history_k_data_plus
600171,SHSE.600171,,SH,A股-上交所,2024-12-03,39.1,40.68,37.89,39.4,38.88,83791521,3281456839.87,1.3374,11.8195,1,0,none,baostock,query_history_k_data_plus
600171,SHSE.600171,,SH,A股-上交所,2024-12-04,41.6,43.3,40.12,40.28,39.4,108745381,4524164201.64,2.2335,15.3395,1,0,none,baostock,query_history_k_data_plus
600171,SHSE.600171,,SH,A股-上交所,2024-12-05,39.12,40.59,38.9,39.65,40.28,62233315,2474021018.99,-1.5641,8.7786,1,0,none,baostock,query_history_k_data_plus
600171,SHSE.600171,,SH,A股-上交所,2024-12-06,39.34,39.85,38.4,39.13,39.65,55108401,2157650987.98,-1.3115,7.7735,1,0,none,baostock,query_history_k_data_plus
600171,SHSE.600171,,SH,A股-上交所,2024-12-09,38.95,39.01,37.85,38.1,39.13,39990528,1531964184.37,-2.6323,5.641,1,0,none,baostock,query_history_k_data_plus
600171,SHSE.600171,,SH,A股-上交所,2024-12-10,39.59,39.8,37.91,37.95,38.1,45332330,1754825434.43,-0.3937,6.3945,1,0,none,baostock,query_history_k_data_plus
600171,SHSE.600171,,SH,A股-上交所,2024-12-11,38.56,41.65,38.32,41.11,37.95,128906327,5196366677.19,8.3267,18.1834,1,0,none,baostock,query_history_k_data_plus
600171,SHSE.600171,,SH,A股-上交所,2024-12-12,40.11,40.5,39.16,40.38,41.11,83695233,3327817700.55,-1.7757,11.806,1,0,none,baostock,query_history_k_data_plus
600171,SHSE.600171,,SH,A股-上交所,2024-12-13,40.0,43.14,39.81,42.0,40.38,122683447,5084736534.07,4.0119,17.3056,1,0,none,baostock,query_history_k_data_plus
600171,SHSE.600171,,SH,A股-上交所,2024-12-16,41.5,42.88,40.5,40.96,42.0,92679643,3873688115.48,-2.4762,13.0733,1,0,none,baostock,query_history_k_data_plus
600171,SHSE.600171,,SH,A股-上交所,2024-12-17,40.5,40.58,38.8,38.8,40.96,55124544,2175693939.54,-5.2734,7.7758,1,0,none,baostock,query_history_k_data_plus
600171,SHSE.600171,,SH,A股-上交所,2024-12-18,39.07,40.96,38.08,39.93,38.8,62157240,2458104448.59,2.9124,8.7678,1,0,none,baostock,query_history_k_data_plus
600171,SHSE.600171,,SH,A股-上交所,2024-12-19,38.82,40.4,38.78,39.6,39.93,48425882,1911417941.57,-0.8264,6.8309,1,0,none,baostock,query_history_k_data_plus
600171,SHSE.600171,,SH,A股-上交所,2024-12-20,39.32,43.56,39.28,43.56,39.6,118922592,5035546002.95,10.0,16.7751,1,0,none,baostock,query_history_k_data_plus
600171,SHSE.600171,,SH,A股-上交所,2024-12-23,43.98,45.22,42.9,43.5,43.56,153187875,6747192893.13,-0.1377,21.6085,1,0,none,baostock,query_history_k_data_plus
600171,SHSE.600171,,SH,A股-上交所,2024-12-24,43.3,47.47,42.03,46.0,43.5,147131207,6541846117.12,5.7471,20.7542,1,0,none,baostock,query_history_k_data_plus
600171,SHSE.600171,,SH,A股-上交所,2024-12-25,45.01,46.16,44.38,45.07,46.0,89732625,4065235957.57,-2.0217,12.6576,1,0,none,baostock,query_history_k_data_plus
600171,SHSE.600171,,SH,A股-上交所,2024-12-26,44.68,46.25,44.55,45.0,45.07,82170647,3732976053.62,-0.1553,11.5909,1,0,none,baostock,query_history_k_data_plus
600171,SHSE.600171,,SH,A股-上交所,2024-12-27,44.52,46.0,43.18,43.19,45.0,97891669,4361345490.63,-4.0222,13.8085,1,0,none,baostock,query_history_k_data_plus
600171,SHSE.600171,,SH,A股-上交所,2024-12-30,42.59,43.5,42.01,42.08,43.19,63491871,2699100520.17,-2.57,8.9561,1,0,none,baostock,query_history_k_data_plus
600171,SHSE.600171,,SH,A股-上交所,2024-12-31,42.4,42.59,39.6,39.68,42.08,67573269,2747243541.03,-5.7034,9.5318,1,0,none,baostock,query_history_k_data_plus
600171,SHSE.600171,,SH,A股-上交所,2025-01-02,39.29,39.45,36.47,36.99,39.68,78030133,2943317783.37,-6.7792,11.0069,1,0,none,baostock,query_history_k_data_plus
600171,SHSE.600171,,SH,A股-上交所,2025-01-03,37.19,37.36,35.01,35.11,36.99,58352360,2092918397.02,-5.0825,8.2311,1,0,none,baostock,query_history_k_data_plus
600171,SHSE.600171,,SH,A股-上交所,2025-01-06,34.8,35.48,33.5,33.65,35.11,50864656,1743211465.12,-4.1584,7.1749,1,0,none,baostock,query_history_k_data_plus
600171,SHSE.600171,,SH,A股-上交所,2025-01-07,34.0,35.21,33.86,35.02,33.65,60255223,2080795340.5,4.0713,8.4995,1,0,none,baostock,query_history_k_data_plus
600171,SHSE.600171,,SH,A股-上交所,2025-01-08,34.5,35.14,33.19,34.65,35.02,56118467,1928957143.13,-1.0565,7.916,1,0,none,baostock,query_history_k_data_plus
600171,SHSE.600171,,SH,A股-上交所,2025-01-09,34.33,36.19,34.33,35.38,34.65,62753820,2232060328.57,2.1068,8.852,1,0,none,baostock,query_history_k_data_plus
600171,SHSE.600171,,SH,A股-上交所,2025-01-10,35.09,36.88,34.71,34.73,35.38,69179163,2481817551.08,-1.8372,9.7583,1,0,none,baostock,query_history_k_data_plus
600171,SHSE.600171,,SH,A股-上交所,2025-01-13,33.5,34.5,33.28,34.07,34.73,40685127,1376787619.73,-1.9004,5.739,1,0,none,baostock,query_history_k_data_plus
600171,SHSE.600171,,SH,A股-上交所,2025-01-14,34.45,36.45,34.05,36.4,34.07,65846785,2337908044.75,6.8389,9.2883,1,0,none,baostock,query_history_k_data_plus
600171,SHSE.600171,,SH,A股-上交所,2025-01-15,36.66,37.81,36.2,36.82,36.4,71998757,2650693564.37,1.1538,10.1561,1,0,none,baostock,query_history_k_data_plus
600171,SHSE.600171,,SH,A股-上交所,2025-01-16,36.86,37.67,35.84,36.93,36.82,66585659,2447818252.92,0.2988,9.3925,1,0,none,baostock,query_history_k_data_plus
600171,SHSE.600171,,SH,A股-上交所,2025-01-17,36.47,38.62,36.19,37.52,36.93,77813170,2909009279.66,1.5976,10.9762,1,0,none,baostock,query_history_k_data_plus
600171,SHSE.600171,,SH,A股-上交所,2025-01-20,37.69,37.95,36.9,37.18,37.52,49845368,1862729983.53,-0.9062,7.0311,1,0,none,baostock,query_history_k_data_plus
600171,SHSE.600171,,SH,A股-上交所,2025-01-21,37.36,37.58,36.75,37.23,37.18,41873623,1555930155.86,0.1345,5.9067,1,0,none,baostock,query_history_k_data_plus
600171,SHSE.600171,,SH,A股-上交所,2025-01-22,37.65,38.98,37.37,38.03,37.23,67614651,2589777811.31,2.1488,9.5377,1,0,none,baostock,query_history_k_data_plus
600171,SHSE.600171,,SH,A股-上交所,2025-01-23,38.54,39.0,37.51,37.54,38.03,62457583,2390655756.14,-1.2885,8.8102,1,0,none,baostock,query_history_k_data_plus
600171,SHSE.600171,,SH,A股-上交所,2025-01-24,37.35,37.74,37.0,37.7,37.54,40541836,1518758420.15,0.4262,5.7188,1,0,none,baostock,query_history_k_data_plus
600171,SHSE.600171,,SH,A股-上交所,2025-01-27,37.7,37.84,36.05,36.09,37.7,35867849,1318271027.29,-4.2706,5.0595,1,0,none,baostock,query_history_k_data_plus
600171,SHSE.600171,,SH,A股-上交所,2025-02-05,36.93,37.55,36.56,37.0,36.09,40610974,1504450229.9,2.5215,5.7285,1,0,none,baostock,query_history_k_data_plus
600171,SHSE.600171,,SH,A股-上交所,2025-02-06,36.8,38.15,36.38,38.09,37.0,55121751,2076194328.09,2.9459,7.7754,1,0,none,baostock,query_history_k_data_plus
600171,SHSE.600171,,SH,A股-上交所,2025-02-07,38.01,39.44,37.78,38.68,38.09,79617405,3070524741.39,1.549,11.2308,1,0,none,baostock,query_history_k_data_plus
600171,SHSE.600171,,SH,A股-上交所,2025-02-10,38.69,38.96,38.2,38.87,38.68,52447376,2028858272.54,0.4912,7.3982,1,0,none,baostock,query_history_k_data_plus
600171,SHSE.600171,,SH,A股-上交所,2025-02-11,38.7,38.71,37.61,37.97,38.87,42801679,1627368779.37,-2.3154,6.0376,1,0,none,baostock,query_history_k_data_plus
600171,SHSE.600171,,SH,A股-上交所,2025-02-12,37.75,40.99,37.68,40.65,37.97,111629852,4412026903.98,7.0582,15.7464,1,0,none,baostock,query_history_k_data_plus
600171,SHSE.600171,,SH,A股-上交所,2025-02-13,40.59,40.59,39.12,39.35,40.65,70369577,2788208481.53,-3.198,9.9263,1,0,none,baostock,query_history_k_data_plus
600171,SHSE.600171,,SH,A股-上交所,2025-02-14,39.2,39.28,38.21,38.9,39.35,49660949,1921237362.82,-1.1436,7.0051,1,0,none,baostock,query_history_k_data_plus
600171,SHSE.600171,,SH,A股-上交所,2025-02-17,38.9,39.6,38.61,39.35,38.9,59540981,2324352013.75,1.1568,8.3988,1,0,none,baostock,query_history_k_data_plus
600171,SHSE.600171,,SH,A股-上交所,2025-02-18,38.96,39.28,36.98,37.32,39.35,55524507,2120384370.92,-5.1588,7.8322,1,0,none,baostock,query_history_k_data_plus
600171,SHSE.600171,,SH,A股-上交所,2025-02-19,37.06,39.66,37.05,39.19,37.32,72350709,2794324908.52,5.0107,10.2057,1,0,none,baostock,query_history_k_data_plus
600171,SHSE.600171,,SH,A股-上交所,2025-02-20,39.19,39.55,38.31,38.69,39.19,43643302,1693430882.65,-1.2758,6.1563,1,0,none,baostock,query_history_k_data_plus
600171,SHSE.600171,,SH,A股-上交所,2025-02-21,38.69,40.35,38.28,40.0,38.69,90568537,3592997153.52,3.3859,12.7755,1,0,none,baostock,query_history_k_data_plus
600171,SHSE.600171,,SH,A股-上交所,2025-02-24,39.59,40.25,39.14,39.78,40.0,54708518,2172890598.47,-0.55,7.7171,1,0,none,baostock,query_history_k_data_plus
600171,SHSE.600171,,SH,A股-上交所,2025-02-25,39.0,40.69,38.81,39.7,39.78,65065299,2599296116.25,-0.2011,9.178,1,0,none,baostock,query_history_k_data_plus
600171,SHSE.600171,,SH,A股-上交所,2025-02-26,39.77,39.93,38.71,39.68,39.7,49548446,1947077502.24,-0.0504,6.9893,1,0,none,baostock,query_history_k_data_plus
600171,SHSE.600171,,SH,A股-上交所,2025-02-27,39.69,39.8,38.0,38.55,39.68,50608942,1963186330.16,-2.8478,7.1388,1,0,none,baostock,query_history_k_data_plus
600171,SHSE.600171,,SH,A股-上交所,2025-02-28,38.12,38.38,36.1,36.33,38.55,47583478,1766574544.1,-5.7588,6.7121,1,0,none,baostock,query_history_k_data_plus
600171,SHSE.600171,,SH,A股-上交所,2025-03-03,36.56,36.8,35.8,36.11,36.33,27488700,999187903.8,-0.6056,3.8775,1,0,none,baostock,query_history_k_data_plus
600171,SHSE.600171,,SH,A股-上交所,2025-03-04,35.85,37.4,35.75,37.08,36.11,34015877,1249998398.74,2.6862,4.7982,1,0,none,baostock,query_history_k_data_plus
600171,SHSE.600171,,SH,A股-上交所,2025-03-05,37.08,37.57,36.58,36.94,37.08,26713507,987866055.38,-0.3776,3.7682,1,0,none,baostock,query_history_k_data_plus
600171,SHSE.600171,,SH,A股-上交所,2025-03-06,37.03,37.77,37.03,37.55,36.94,36207635,1356527538.88,1.6513,5.1074,1,0,none,baostock,query_history_k_data_plus
600171,SHSE.600171,,SH,A股-上交所,2025-03-07,37.3,37.46,36.67,36.91,37.55,29648573,1098762515.49,-1.7044,4.1822,1,0,none,baostock,query_history_k_data_plus
600171,SHSE.600171,,SH,A股-上交所,2025-03-10,36.92,37.1,36.5,36.96,36.91,20073483,738319716.07,0.1355,2.8315,1,0,none,baostock,query_history_k_data_plus
600171,SHSE.600171,,SH,A股-上交所,2025-03-11,36.49,36.87,36.3,36.62,36.96,19914582,727308860.3,-0.9199,2.8091,1,0,none,baostock,query_history_k_data_plus
600171,SHSE.600171,,SH,A股-上交所,2025-03-12,36.8,37.3,36.61,36.87,36.62,23366575,863224022.49,0.6827,3.2961,1,0,none,baostock,query_history_k_data_plus
600171,SHSE.600171,,SH,A股-上交所,2025-03-13,36.76,36.79,35.51,35.76,36.87,28574045,1029680766.15,-3.0106,4.0306,1,0,none,baostock,query_history_k_data_plus
600171,SHSE.600171,,SH,A股-上交所,2025-03-14,35.85,36.5,35.77,36.4,35.76,23139970,838584856.57,1.7897,3.2641,1,0,none,baostock,query_history_k_data_plus
600171,SHSE.600171,,SH,A股-上交所,2025-03-17,36.45,36.75,36.21,36.51,36.4,17225673,629323102.13,0.3022,2.4298,1,0,none,baostock,query_history_k_data_plus
600171,SHSE.600171,,SH,A股-上交所,2025-03-18,36.8,37.29,36.58,36.83,36.51,20555715,759561401.62,0.8765,2.8996,1,0,none,baostock,query_history_k_data_plus
600171,SHSE.600171,,SH,A股-上交所,2025-03-19,36.63,36.93,36.41,36.48,36.83,14671201,536644662.82,-0.9503,2.0695,1,0,none,baostock,query_history_k_data_plus
600171,SHSE.600171,,SH,A股-上交所,2025-03-20,36.4,36.69,36.15,36.17,36.48,14841600,539796327.0,-0.8498,2.0935,1,0,none,baostock,query_history_k_data_plus
600171,SHSE.600171,,SH,A股-上交所,2025-03-21,36.05,36.08,35.05,35.12,36.17,21934866,777641784.7,-2.903,3.0941,1,0,none,baostock,query_history_k_data_plus
600171,SHSE.600171,,SH,A股-上交所,2025-03-24,34.86,34.88,33.58,34.26,35.12,27722022,945761197.51,-2.4487,3.9104,1,0,none,baostock,query_history_k_data_plus
600171,SHSE.600171,,SH,A股-上交所,2025-03-25,34.26,34.39,33.62,33.73,34.26,14089408,477934980.04,-1.547,1.9874,1,0,none,baostock,query_history_k_data_plus
600171,SHSE.600171,,SH,A股-上交所,2025-03-26,33.75,34.35,33.75,33.96,33.73,14100575,481103701.24,0.6819,1.989,1,0,none,baostock,query_history_k_data_plus
600171,SHSE.600171,,SH,A股-上交所,2025-03-27,33.96,34.72,33.65,34.24,33.96,17831321,610580103.61,0.8245,2.5153,1,0,none,baostock,query_history_k_data_plus
600171,SHSE.600171,,SH,A股-上交所,2025-03-28,34.23,34.5,33.88,33.88,34.24,12886621,439254658.79,-1.0514,1.8178,1,0,none,baostock,query_history_k_data_plus
600171,SHSE.600171,,SH,A股-上交所,2025-03-31,33.8,34.0,33.4,34.0,33.88,15031320,506422489.59,0.3542,2.1203,1,0,none,baostock,query_history_k_data_plus
600171,SHSE.600171,,SH,A股-上交所,2025-04-01,34.38,34.48,33.94,34.09,34.0,13925242,475567305.75,0.2647,1.9643,1,0,none,baostock,query_history_k_data_plus
600171,SHSE.600171,,SH,A股-上交所,2025-04-02,33.99,34.21,33.8,33.9,34.09,10700301,363242397.92,-0.5573,1.5094,1,0,none,baostock,query_history_k_data_plus
600171,SHSE.600171,,SH,A股-上交所,2025-04-03,33.3,34.08,33.3,33.51,33.9,13316165,448211245.55,-1.1504,1.8784,1,0,none,baostock,query_history_k_data_plus
600171,SHSE.600171,,SH,A股-上交所,2025-04-07,31.49,32.19,30.16,30.16,33.51,19936000,609763853.51,-9.997,2.8122,1,0,none,baostock,query_history_k_data_plus
600171,SHSE.600171,,SH,A股-上交所,2025-04-08,29.3,30.71,28.51,29.49,30.16,33499812,990779187.52,-2.2215,4.7254,1,0,none,baostock,query_history_k_data_plus
600171,SHSE.600171,,SH,A股-上交所,2025-04-09,28.96,31.78,27.29,31.15,29.49,46987683,1418020108.6,5.629,6.628,1,0,none,baostock,query_history_k_data_plus
600171,SHSE.600171,,SH,A股-上交所,2025-04-10,31.36,32.49,31.36,31.56,31.15,37855862,1208081524.46,1.3162,5.3399,1,0,none,baostock,query_history_k_data_plus
600171,SHSE.600171,,SH,A股-上交所,2025-04-11,31.25,34.72,31.16,34.72,31.56,53151952,1773263918.28,10.0127,7.4976,1,0,none,baostock,query_history_k_data_plus
600171,SHSE.600171,,SH,A股-上交所,2025-04-14,36.73,38.0,35.79,36.79,34.72,109035625,3972277071.21,5.962,15.3805,1,0,none,baostock,query_history_k_data_plus
600171,SHSE.600171,,SH,A股-上交所,2025-04-15,36.47,37.8,36.18,37.04,36.79,85639083,3180666930.46,0.6795,12.0802,1,0,none,baostock,query_history_k_data_plus
600171,SHSE.600171,,SH,A股-上交所,2025-04-16,36.5,37.99,35.9,36.72,37.04,70840835,2615785087.95,-0.8639,9.9927,1,0,none,baostock,query_history_k_data_plus
600171,SHSE.600171,,SH,A股-上交所,2025-04-17,36.71,39.8,36.5,38.42,36.72,115835075,4432840789.69,4.6296,16.3396,1,0,none,baostock,query_history_k_data_plus
600171,SHSE.600171,,SH,A股-上交所,2025-04-18,37.68,37.99,36.5,36.51,38.42,72580822,2689657959.0,-4.9714,10.2382,1,0,none,baostock,query_history_k_data_plus
600171,SHSE.600171,,SH,A股-上交所,2025-04-21,36.2,37.15,36.2,36.58,36.51,48188781,1767885816.74,0.1917,6.7975,1,0,none,baostock,query_history_k_data_plus
600171,SHSE.600171,,SH,A股-上交所,2025-04-22,36.57,37.98,36.55,36.91,36.58,52259478,1941837849.98,0.9021,7.3717,1,0,none,baostock,query_history_k_data_plus
600171,SHSE.600171,,SH,A股-上交所,2025-04-23,36.91,37.26,36.29,36.86,36.91,47490209,1743734527.4,-0.1355,6.6989,1,0,none,baostock,query_history_k_data_plus
600171,SHSE.600171,,SH,A股-上交所,2025-04-24,36.9,36.94,35.58,35.79,36.86,41355417,1488024718.28,-2.9029,5.8336,1,0,none,baostock,query_history_k_data_plus
600171,SHSE.600171,,SH,A股-上交所,2025-04-25,35.79,36.46,35.24,36.08,35.79,36076117,1296329675.86,0.8103,5.0889,1,0,none,baostock,query_history_k_data_plus
600171,SHSE.600171,,SH,A股-上交所,2025-04-28,35.29,35.39,34.71,34.83,36.08,37227117,1301290436.58,-3.4645,5.2512,1,0,none,baostock,query_history_k_data_plus
600171,SHSE.600171,,SH,A股-上交所,2025-04-29,34.7,35.24,34.03,34.87,34.83,28244656,979801758.28,0.1148,3.9842,1,0,none,baostock,query_history_k_data_plus
600171,SHSE.600171,,SH,A股-上交所,2025-04-30,35.09,35.37,34.89,35.05,34.87,25837344,908047152.32,0.5162,3.6446,1,0,none,baostock,query_history_k_data_plus
600171,SHSE.600171,,SH,A股-上交所,2025-05-06,35.34,36.25,35.18,36.25,35.05,36257901,1300233352.63,3.4237,5.1145,1,0,none,baostock,query_history_k_data_plus
600171,SHSE.600171,,SH,A股-上交所,2025-05-07,36.7,36.78,35.5,35.92,36.25,34581288,1246299868.16,-0.9103,4.878,1,0,none,baostock,query_history_k_data_plus
600171,SHSE.600171,,SH,A股-上交所,2025-05-08,35.75,36.0,35.57,35.94,35.92,21485089,770247122.14,0.0557,3.0307,1,0,none,baostock,query_history_k_data_plus
600171,SHSE.600171,,SH,A股-上交所,2025-05-09,35.75,35.75,34.7,34.83,35.94,27896102,976165379.12,-3.0885,3.935,1,0,none,baostock,query_history_k_data_plus
600171,SHSE.600171,,SH,A股-上交所,2025-05-12,35.08,35.4,34.82,35.2,34.83,21609313,759278317.87,1.0623,3.0482,1,0,none,baostock,query_history_k_data_plus
600171,SHSE.600171,,SH,A股-上交所,2025-05-13,35.56,35.6,34.72,34.75,35.2,19821700,694329504.14,-1.2784,2.796,1,0,none,baostock,query_history_k_data_plus
600171,SHSE.600171,,SH,A股-上交所,2025-05-14,34.7,35.4,34.7,35.03,34.75,22726913,796006026.84,0.8058,3.2058,1,0,none,baostock,query_history_k_data_plus
600171,SHSE.600171,,SH,A股-上交所,2025-05-15,35.09,35.09,34.01,34.02,35.03,20656500,709114671.0,-2.8832,2.9138,1,0,none,baostock,query_history_k_data_plus
600171,SHSE.600171,,SH,A股-上交所,2025-05-16,34.0,34.3,33.8,33.89,34.02,14428417,491234678.09,-0.3821,2.0353,1,0,none,baostock,query_history_k_data_plus
600171,SHSE.600171,,SH,A股-上交所,2025-05-19,33.89,34.25,33.68,34.04,33.89,12971422,440851505.66,0.4426,1.8297,1,0,none,baostock,query_history_k_data_plus
600171,SHSE.600171,,SH,A股-上交所,2025-05-20,34.05,34.78,33.85,34.48,34.04,19209050,661711703.79,1.2926,2.7096,1,0,none,baostock,query_history_k_data_plus
600171,SHSE.600171,,SH,A股-上交所,2025-05-21,34.4,34.42,33.91,34.17,34.48,13846882,472105844.08,-0.8991,1.9532,1,0,none,baostock,query_history_k_data_plus
600171,SHSE.600171,,SH,A股-上交所,2025-05-22,34.17,34.66,33.83,33.9,34.17,16701250,571512760.6,-0.7902,2.3559,1,0,none,baostock,query_history_k_data_plus
600171,SHSE.600171,,SH,A股-上交所,2025-05-23,33.78,33.89,33.0,33.0,33.9,18440017,616161974.41,-2.6549,2.6011,1,0,none,baostock,query_history_k_data_plus
600171,SHSE.600171,,SH,A股-上交所,2025-05-26,33.3,34.44,33.28,33.49,33.0,16711004,562920839.89,1.4848,2.3572,1,0,none,baostock,query_history_k_data_plus
600171,SHSE.600171,,SH,A股-上交所,2025-05-27,33.3,33.32,33.01,33.06,33.49,11676576,386506668.12,-1.284,1.6471,1,0,none,baostock,query_history_k_data_plus
600171,SHSE.600171,,SH,A股-上交所,2025-05-28,33.07,33.24,32.68,32.82,33.06,12409666,407648465.84,-0.726,1.7505,1,0,none,baostock,query_history_k_data_plus
600171,SHSE.600171,,SH,A股-上交所,2025-05-29,32.92,33.71,32.9,33.57,32.82,21563538,720797698.58,2.2852,3.0417,1,0,none,baostock,query_history_k_data_plus
600171,SHSE.600171,,SH,A股-上交所,2025-05-30,33.27,33.28,32.91,32.95,33.57,12309600,406628438.0,-1.8469,1.7364,1,0,none,baostock,query_history_k_data_plus
600171,SHSE.600171,,SH,A股-上交所,2025-06-03,32.7,33.39,32.54,33.16,32.95,13519202,448690148.53,0.6373,1.907,1,0,none,baostock,query_history_k_data_plus
600171,SHSE.600171,,SH,A股-上交所,2025-06-04,33.25,33.35,33.1,33.18,33.16,9683546,321720556.26,0.0603,1.366,1,0,none,baostock,query_history_k_data_plus
600171,SHSE.600171,,SH,A股-上交所,2025-06-05,33.18,33.67,33.01,33.59,33.18,17453001,583330611.37,1.2357,2.4619,1,0,none,baostock,query_history_k_data_plus
600171,SHSE.600171,,SH,A股-上交所,2025-06-06,33.77,33.8,33.4,33.55,33.59,14319801,480497419.67,-0.1191,2.0199,1,0,none,baostock,query_history_k_data_plus
600171,SHSE.600171,,SH,A股-上交所,2025-06-09,33.55,33.74,33.42,33.62,33.55,12315300,413714086.0,0.2086,1.7372,1,0,none,baostock,query_history_k_data_plus
600171,SHSE.600171,,SH,A股-上交所,2025-06-10,33.69,33.75,32.64,32.91,33.62,16321993,539857431.71,-2.1118,2.3024,1,0,none,baostock,query_history_k_data_plus
600171,SHSE.600171,,SH,A股-上交所,2025-06-11,32.93,33.35,32.81,33.02,32.91,11246217,372281387.59,0.3342,1.5864,1,0,none,baostock,query_history_k_data_plus
600171,SHSE.600171,,SH,A股-上交所,2025-06-12,32.93,33.21,32.73,32.8,33.02,15171706,499941418.69,-0.6663,2.1401,1,0,none,baostock,query_history_k_data_plus
600171,SHSE.600171,,SH,A股-上交所,2025-06-13,32.7,32.7,31.86,32.31,32.8,29525345,951252014.54,-1.4939,4.1648,1,0,none,baostock,query_history_k_data_plus
600171,SHSE.600171,,SH,A股-上交所,2025-06-16,32.13,32.79,32.01,32.54,32.31,14928814,486618274.04,0.7119,2.1058,1,0,none,baostock,query_history_k_data_plus
600171,SHSE.600171,,SH,A股-上交所,2025-06-17,32.68,32.68,32.16,32.32,32.54,9576993,309718360.72,-0.6761,1.3509,1,0,none,baostock,query_history_k_data_plus
600171,SHSE.600171,,SH,A股-上交所,2025-06-18,32.25,32.55,32.1,32.36,32.32,10822318,349829886.67,0.1238,1.5266,1,0,none,baostock,query_history_k_data_plus
600171,SHSE.600171,,SH,A股-上交所,2025-06-19,32.25,32.5,31.8,31.9,32.36,14267916,458586209.48,-1.4215,2.0126,1,0,none,baostock,query_history_k_data_plus
600171,SHSE.600171,,SH,A股-上交所,2025-06-20,31.7,32.21,31.22,31.29,31.73,11717506,370276497.79,-1.3867,1.6529,1,0,none,baostock,query_history_k_data_plus
600171,SHSE.600171,,SH,A股-上交所,2025-06-23,31.01,32.05,31.0,31.91,31.29,17777783,565575706.45,1.9815,2.5077,1,0,none,baostock,query_history_k_data_plus
600171,SHSE.600171,,SH,A股-上交所,2025-06-24,31.92,32.59,31.92,32.56,31.91,18379400,595757463.0,2.037,2.5926,1,0,none,baostock,query_history_k_data_plus
600171,SHSE.600171,,SH,A股-上交所,2025-06-25,32.66,34.34,32.44,33.95,32.56,47366533,1585683163.81,4.269,6.6815,1,0,none,baostock,query_history_k_data_plus
600171,SHSE.600171,,SH,A股-上交所,2025-06-26,33.6,34.2,33.41,33.46,33.95,32499546,1095670490.45,-1.4433,4.5844,1,0,none,baostock,query_history_k_data_plus
600171,SHSE.600171,,SH,A股-上交所,2025-06-27,33.85,33.95,33.34,33.55,33.46,22343512,752092833.22,0.269,3.1518,1,0,none,baostock,query_history_k_data_plus
600171,SHSE.600171,,SH,A股-上交所,2025-06-30,33.79,34.5,33.67,34.25,33.55,31227420,1067198815.67,2.0864,4.4049,1,0,none,baostock,query_history_k_data_plus
600171,SHSE.600171,,SH,A股-上交所,2025-07-01,34.06,36.56,34.05,35.19,34.25,64975459,2302796423.58,2.7445,9.1654,1,0,none,baostock,query_history_k_data_plus
600171,SHSE.600171,,SH,A股-上交所,2025-07-02,34.66,34.76,33.68,33.83,35.19,36950803,1261898517.55,-3.8647,5.2122,1,0,none,baostock,query_history_k_data_plus
600171,SHSE.600171,,SH,A股-上交所,2025-07-03,33.7,34.11,33.53,33.83,33.83,18305132,618378681.91,0.0,2.5821,1,0,none,baostock,query_history_k_data_plus
600171,SHSE.600171,,SH,A股-上交所,2025-07-04,33.83,34.07,33.2,33.38,33.83,20008909,670894848.39,-1.3302,2.8224,1,0,none,baostock,query_history_k_data_plus
600171,SHSE.600171,,SH,A股-上交所,2025-07-07,33.39,33.44,33.06,33.17,33.38,11866130,393829456.0,-0.6291,1.6738,1,0,none,baostock,query_history_k_data_plus
600171,SHSE.600171,,SH,A股-上交所,2025-07-08,33.33,33.6,33.28,33.52,33.17,14154757,474063094.98,1.0552,1.9967,1,0,none,baostock,query_history_k_data_plus
600171,SHSE.600171,,SH,A股-上交所,2025-07-09,33.4,33.66,33.14,33.25,33.52,13519681,451504099.25,-0.8055,1.9071,1,0,none,baostock,query_history_k_data_plus
600171,SHSE.600171,,SH,A股-上交所,2025-07-10,33.21,33.62,33.13,33.49,33.25,11687739,390109418.17,0.7218,1.6487,1,0,none,baostock,query_history_k_data_plus
600171,SHSE.600171,,SH,A股-上交所,2025-07-11,33.5,34.0,33.21,33.84,33.49,20521156,692183630.33,1.0451,2.8947,1,0,none,baostock,query_history_k_data_plus
600171,SHSE.600171,,SH,A股-上交所,2025-07-14,33.7,33.97,33.54,33.6,33.84,14455582,486713446.38,-0.7092,2.0391,1,0,none,baostock,query_history_k_data_plus
600171,SHSE.600171,,SH,A股-上交所,2025-07-15,33.6,33.78,33.28,33.56,33.6,13026600,436562658.18,-0.119,1.8375,1,0,none,baostock,query_history_k_data_plus
600171,SHSE.600171,,SH,A股-上交所,2025-07-16,33.59,33.99,33.46,33.7,33.56,13821186,466728684.4,0.4172,1.9496,1,0,none,baostock,query_history_k_data_plus
600171,SHSE.600171,,SH,A股-上交所,2025-07-17,33.58,34.42,33.4,34.23,33.7,24426903,830219026.04,1.5727,3.4456,1,0,none,baostock,query_history_k_data_plus
600171,SHSE.600171,,SH,A股-上交所,2025-07-18,34.23,34.38,33.8,34.05,34.23,19063432,648799986.28,-0.5259,2.6891,1,0,none,baostock,query_history_k_data_plus
600171,SHSE.600171,,SH,A股-上交所,2025-07-21,33.98,34.13,33.87,34.06,34.05,12439372,422999882.75,0.0294,1.7547,1,0,none,baostock,query_history_k_data_plus
600171,SHSE.600171,,SH,A股-上交所,2025-07-22,34.0,34.25,33.84,34.0,34.06,16369080,557199353.07,-0.1762,2.309,1,0,none,baostock,query_history_k_data_plus
600171,SHSE.600171,,SH,A股-上交所,2025-07-23,33.99,34.18,33.74,33.83,34.0,17074059,579541581.63,-0.5,2.4084,1,0,none,baostock,query_history_k_data_plus
600171,SHSE.600171,,SH,A股-上交所,2025-07-24,33.8,34.27,33.76,34.25,33.83,22571117,769791629.24,1.2415,3.1839,1,0,none,baostock,query_history_k_data_plus
600171,SHSE.600171,,SH,A股-上交所,2025-07-25,34.36,35.32,34.07,34.95,34.25,37723867,1306040568.11,2.0438,5.3213,1,0,none,baostock,query_history_k_data_plus
600171,SHSE.600171,,SH,A股-上交所,2025-07-28,35.0,35.0,34.51,34.66,34.95,22640981,785294023.86,-0.8298,3.1937,1,0,none,baostock,query_history_k_data_plus
600171,SHSE.600171,,SH,A股-上交所,2025-07-29,34.72,35.88,34.55,35.52,34.66,42673535,1502649660.68,2.4812,6.0195,1,0,none,baostock,query_history_k_data_plus
600171,SHSE.600171,,SH,A股-上交所,2025-07-30,35.5,35.5,34.7,34.96,35.52,29000836,1019645544.94,-1.5766,4.0908,1,0,none,baostock,query_history_k_data_plus
600171,SHSE.600171,,SH,A股-上交所,2025-07-31,34.8,35.2,34.12,34.17,34.96,25876314,895421652.05,-2.2597,3.6501,1,0,none,baostock,query_history_k_data_plus
600171,SHSE.600171,,SH,A股-上交所,2025-08-01,34.12,35.43,34.03,34.36,34.17,22305420,774172800.46,0.556,3.1464,1,0,none,baostock,query_history_k_data_plus
600171,SHSE.600171,,SH,A股-上交所,2025-08-04,34.0,34.22,33.81,34.19,34.36,14791255,503959216.43,-0.4948,2.0864,1,0,none,baostock,query_history_k_data_plus
600171,SHSE.600171,,SH,A股-上交所,2025-08-05,34.31,34.45,34.07,34.28,34.19,13594040,465384222.04,0.2632,1.9176,1,0,none,baostock,query_history_k_data_plus
600171,SHSE.600171,,SH,A股-上交所,2025-08-06,34.3,35.0,34.08,34.78,34.28,24020344,830199924.23,1.4586,3.3883,1,0,none,baostock,query_history_k_data_plus
600171,SHSE.600171,,SH,A股-上交所,2025-08-07,34.7,35.86,34.7,35.27,34.78,51092920,1806180849.69,1.4089,7.2071,1,0,none,baostock,query_history_k_data_plus
600171,SHSE.600171,,SH,A股-上交所,2025-08-08,35.0,35.0,34.4,34.4,35.27,30383554,1054277725.38,-2.4667,4.2859,1,0,none,baostock,query_history_k_data_plus
600171,SHSE.600171,,SH,A股-上交所,2025-08-11,34.35,34.69,34.3,34.57,34.4,18896880,652154331.41,0.4942,2.6656,1,0,none,baostock,query_history_k_data_plus
600171,SHSE.600171,,SH,A股-上交所,2025-08-12,34.55,35.2,34.2,34.93,34.57,32481352,1127751069.5,1.0414,4.5818,1,0,none,baostock,query_history_k_data_plus
600171,SHSE.600171,,SH,A股-上交所,2025-08-13,34.93,35.28,34.7,35.22,34.93,34164352,1197147258.92,0.8302,4.8192,1,0,none,baostock,query_history_k_data_plus
600171,SHSE.600171,,SH,A股-上交所,2025-08-14,35.41,35.8,34.73,34.77,35.22,40989253,1446837825.88,-1.2777,5.7819,1,0,none,baostock,query_history_k_data_plus
600171,SHSE.600171,,SH,A股-上交所,2025-08-15,34.51,35.53,34.5,35.52,34.77,37353117,1314362453.12,2.157,5.269,1,0,none,baostock,query_history_k_data_plus
600171,SHSE.600171,,SH,A股-上交所,2025-08-18,35.7,36.0,35.3,35.88,35.52,44799718,1602308244.52,1.0135,6.3194,1,0,none,baostock,query_history_k_data_plus
600171,SHSE.600171,,SH,A股-上交所,2025-08-19,35.88,36.44,35.43,35.95,35.88,43985502,1581696765.8,0.1951,6.2046,1,0,none,baostock,query_history_k_data_plus
600171,SHSE.600171,,SH,A股-上交所,2025-08-20,35.8,36.9,35.35,36.7,35.95,52110487,1882155398.61,2.0862,7.3507,1,0,none,baostock,query_history_k_data_plus
600171,SHSE.600171,,SH,A股-上交所,2025-08-21,36.9,38.43,36.17,36.23,36.7,64003367,2377785036.67,-1.2807,9.0282,1,0,none,baostock,query_history_k_data_plus
600171,SHSE.600171,,SH,A股-上交所,2025-08-22,36.24,37.5,36.13,37.3,36.23,58680912,2172663315.79,2.9534,8.2775,1,0,none,baostock,query_history_k_data_plus
600171,SHSE.600171,,SH,A股-上交所,2025-08-25,37.84,38.4,36.98,37.5,37.3,65733364,2473259871.84,0.5362,9.2723,1,0,none,baostock,query_history_k_data_plus
600171,SHSE.600171,,SH,A股-上交所,2025-08-26,37.17,40.0,36.79,38.92,37.5,87989326,3387579472.57,3.7867,12.4117,1,0,none,baostock,query_history_k_data_plus
600171,SHSE.600171,,SH,A股-上交所,2025-08-27,38.5,39.58,37.65,37.87,38.92,77005686,2979049527.14,-2.6978,10.8623,1,0,none,baostock,query_history_k_data_plus
600171,SHSE.600171,,SH,A股-上交所,2025-08-28,37.8,38.94,37.37,38.94,37.87,65581987,2511424969.36,2.8255,9.2509,1,0,none,baostock,query_history_k_data_plus
600171,SHSE.600171,,SH,A股-上交所,2025-08-29,38.8,38.8,37.89,38.29,38.94,42403686,1620993882.37,-1.6692,5.9814,1,0,none,baostock,query_history_k_data_plus
600171,SHSE.600171,,SH,A股-上交所,2025-09-01,38.69,38.69,37.56,37.77,38.29,34487957,1309052811.01,-1.3581,4.8648,1,0,none,baostock,query_history_k_data_plus
600171,SHSE.600171,,SH,A股-上交所,2025-09-02,37.6,37.65,35.96,36.46,37.77,43431103,1588913676.96,-3.4684,6.1263,1,0,none,baostock,query_history_k_data_plus
600171,SHSE.600171,,SH,A股-上交所,2025-09-03,36.4,36.5,34.85,34.98,36.46,29450724,1051773552.85,-4.0592,4.1543,1,0,none,baostock,query_history_k_data_plus
600171,SHSE.600171,,SH,A股-上交所,2025-09-04,34.85,35.3,33.58,34.1,34.98,27867482,964245418.56,-2.5157,3.931,1,0,none,baostock,query_history_k_data_plus
600171,SHSE.600171,,SH,A股-上交所,2025-09-05,34.25,34.93,33.86,34.78,34.1,20722740,714740346.89,1.9941,2.9231,1,0,none,baostock,query_history_k_data_plus
600171,SHSE.600171,,SH,A股-上交所,2025-09-08,34.79,34.99,34.43,34.8,34.78,18528683,643517784.76,0.0575,2.6136,1,0,none,baostock,query_history_k_data_plus
600171,SHSE.600171,,SH,A股-上交所,2025-09-09,34.6,34.72,33.95,33.95,34.8,19122513,654936328.23,-2.4425,2.6974,1,0,none,baostock,query_history_k_data_plus
600171,SHSE.600171,,SH,A股-上交所,2025-09-10,33.92,34.32,33.91,33.94,33.95,13541388,461521879.54,-0.0295,1.9101,1,0,none,baostock,query_history_k_data_plus
600171,SHSE.600171,,SH,A股-上交所,2025-09-11,33.94,34.98,33.6,34.97,33.94,26728634,923175835.41,3.0348,3.7703,1,0,none,baostock,query_history_k_data_plus
600171,SHSE.600171,,SH,A股-上交所,2025-09-12,35.35,36.15,35.0,35.39,34.97,33865731,1201927450.03,1.201,4.7771,1,0,none,baostock,query_history_k_data_plus
600171,SHSE.600171,,SH,A股-上交所,2025-09-15,38.93,38.93,38.93,38.93,35.39,42288220,1646280404.6,10.0028,5.9651,1,0,none,baostock,query_history_k_data_plus
600171,SHSE.600171,,SH,A股-上交所,2025-09-16,38.83,38.83,37.4,37.77,38.93,100500284,3829683431.56,-2.9797,14.1765,1,0,none,baostock,query_history_k_data_plus
600171,SHSE.600171,,SH,A股-上交所,2025-09-17,37.77,38.57,37.24,37.41,37.77,60887672,2298742140.46,-0.9531,8.5888,1,0,none,baostock,query_history_k_data_plus
600171,SHSE.600171,,SH,A股-上交所,2025-09-18,37.18,39.96,36.98,37.67,37.41,92345648,3550703705.59,0.695,13.0262,1,0,none,baostock,query_history_k_data_plus
600171,SHSE.600171,,SH,A股-上交所,2025-09-19,37.05,37.88,36.37,36.38,37.67,53221142,1967310732.64,-3.4245,7.5073,1,0,none,baostock,query_history_k_data_plus
600171,SHSE.600171,,SH,A股-上交所,2025-09-22,36.24,37.29,36.24,36.92,36.38,37378841,1374829193.28,1.4843,5.2726,1,0,none,baostock,query_history_k_data_plus
600171,SHSE.600171,,SH,A股-上交所,2025-09-23,36.85,36.86,35.37,36.44,36.92,38804036,1396861631.38,-1.3001,5.4737,1,0,none,baostock,query_history_k_data_plus
600171,SHSE.600171,,SH,A股-上交所,2025-09-24,36.1,38.28,36.0,37.93,36.44,68785111,2585710130.04,4.0889,9.7028,1,0,none,baostock,query_history_k_data_plus
600171,SHSE.600171,,SH,A股-上交所,2025-09-25,37.5,37.82,37.23,37.58,37.93,43743162,1641213288.78,-0.9228,6.1704,1,0,none,baostock,query_history_k_data_plus
600171,SHSE.600171,,SH,A股-上交所,2025-09-26,37.59,37.8,36.5,36.5,37.58,32431555,1203455254.05,-2.8739,4.5748,1,0,none,baostock,query_history_k_data_plus
600171,SHSE.600171,,SH,A股-上交所,2025-09-29,36.7,36.85,35.9,36.32,36.5,27662451,1003468176.13,-0.4932,3.902,1,0,none,baostock,query_history_k_data_plus
600171,SHSE.600171,,SH,A股-上交所,2025-09-30,36.6,37.47,36.44,37.05,36.32,34513216,1278511342.15,2.0099,4.8684,1,0,none,baostock,query_history_k_data_plus
600171,SHSE.600171,,SH,A股-上交所,2025-10-09,37.31,38.12,37.02,37.7,37.05,49707596,1873690625.92,1.7544,7.0117,1,0,none,baostock,query_history_k_data_plus
600171,SHSE.600171,,SH,A股-上交所,2025-10-10,37.18,37.18,35.89,36.05,37.7,36716874,1338954227.81,-4.3767,5.1792,1,0,none,baostock,query_history_k_data_plus
600171,SHSE.600171,,SH,A股-上交所,2025-10-13,34.5,36.89,34.3,36.73,36.05,32979016,1187789982.97,1.8863,4.652,1,0,none,baostock,query_history_k_data_plus
600171,SHSE.600171,,SH,A股-上交所,2025-10-14,36.7,37.03,35.2,35.31,36.73,31071779,1121023246.3,-3.866,4.383,1,0,none,baostock,query_history_k_data_plus
600171,SHSE.600171,,SH,A股-上交所,2025-10-15,35.33,35.5,34.77,35.49,35.31,19351458,680269923.63,0.5098,2.7297,1,0,none,baostock,query_history_k_data_plus
600171,SHSE.600171,,SH,A股-上交所,2025-10-16,35.4,35.49,34.85,34.96,35.49,15926918,559324524.61,-1.4934,2.2466,1,0,none,baostock,query_history_k_data_plus
600171,SHSE.600171,,SH,A股-上交所,2025-10-17,34.97,35.12,33.88,33.91,34.96,19020457,653166502.41,-3.0034,2.683,1,0,none,baostock,query_history_k_data_plus
600171,SHSE.600171,,SH,A股-上交所,2025-10-20,34.45,34.54,34.01,34.21,33.91,12924155,443283367.37,0.8847,1.8231,1,0,none,baostock,query_history_k_data_plus
600171,SHSE.600171,,SH,A股-上交所,2025-10-21,34.21,34.66,34.12,34.57,34.21,14306552,493050615.75,1.0523,2.0181,1,0,none,baostock,query_history_k_data_plus
600171,SHSE.600171,,SH,A股-上交所,2025-10-22,34.5,34.89,34.05,34.55,34.57,16137749,555983744.71,-0.0579,2.2764,1,0,none,baostock,query_history_k_data_plus
600171,SHSE.600171,,SH,A股-上交所,2025-10-23,34.17,34.4,33.82,34.36,34.55,13216829,450252328.43,-0.5499,1.8644,1,0,none,baostock,query_history_k_data_plus
600171,SHSE.600171,,SH,A股-上交所,2025-10-24,34.56,35.5,34.55,35.2,34.36,24766483,866973674.97,2.4447,3.4935,1,0,none,baostock,query_history_k_data_plus
600171,SHSE.600171,,SH,A股-上交所,2025-10-27,35.5,35.65,35.0,35.24,35.2,22195296,782569831.44,0.1136,3.1308,1,0,none,baostock,query_history_k_data_plus
600171,SHSE.600171,,SH,A股-上交所,2025-10-28,35.24,35.24,34.6,34.75,35.24,17178585,599675230.4,-1.3905,2.4232,1,0,none,baostock,query_history_k_data_plus
600171,SHSE.600171,,SH,A股-上交所,2025-10-29,34.81,35.1,34.71,34.95,34.75,12636214,440869223.22,0.5755,1.7825,1,0,none,baostock,query_history_k_data_plus
600171,SHSE.600171,,SH,A股-上交所,2025-10-30,35.0,35.03,34.43,34.44,34.95,13693290,474754468.04,-1.4592,1.9316,1,0,none,baostock,query_history_k_data_plus
600171,SHSE.600171,,SH,A股-上交所,2025-10-31,34.1,34.4,33.98,34.17,34.44,13683047,467143883.37,-0.784,1.9301,1,0,none,baostock,query_history_k_data_plus
600171,SHSE.600171,,SH,A股-上交所,2025-11-03,34.1,34.13,33.5,34.04,34.17,15058842,508632960.71,-0.3805,2.1242,1,0,none,baostock,query_history_k_data_plus
600171,SHSE.600171,,SH,A股-上交所,2025-11-04,34.04,34.13,33.6,33.71,34.04,10246488,346273108.43,-0.9694,1.4454,1,0,none,baostock,query_history_k_data_plus
600171,SHSE.600171,,SH,A股-上交所,2025-11-05,33.5,33.5,32.91,33.28,33.71,15461529,513916263.15,-1.2756,2.181,1,0,none,baostock,query_history_k_data_plus
600171,SHSE.600171,,SH,A股-上交所,2025-11-06,33.28,33.64,33.28,33.54,33.28,10710010,358630944.02,0.7813,1.5107,1,0,none,baostock,query_history_k_data_plus
600171,SHSE.600171,,SH,A股-上交所,2025-11-07,33.33,33.35,33.06,33.08,33.54,11210040,371619072.76,-1.3715,1.5813,1,0,none,baostock,query_history_k_data_plus
600171,SHSE.600171,,SH,A股-上交所,2025-11-10,33.07,33.36,33.03,33.24,33.08,9503665,315241867.1,0.4837,1.3406,1,0,none,baostock,query_history_k_data_plus
600171,SHSE.600171,,SH,A股-上交所,2025-11-11,33.33,33.57,33.08,33.1,33.24,10429007,347367236.89,-0.4212,1.4711,1,0,none,baostock,query_history_k_data_plus
600171,SHSE.600171,,SH,A股-上交所,2025-11-12,33.05,33.06,32.3,32.44,33.1,11717541,381560478.84,-1.994,1.6529,1,0,none,baostock,query_history_k_data_plus
600171,SHSE.600171,,SH,A股-上交所,2025-11-13,32.41,32.67,32.26,32.52,32.44,11574676,376386842.67,0.2466,1.6327,1,0,none,baostock,query_history_k_data_plus
600171,SHSE.600171,,SH,A股-上交所,2025-11-14,32.3,32.4,32.1,32.1,32.52,10396466,335098604.43,-1.2915,1.4665,1,0,none,baostock,query_history_k_data_plus
600171,SHSE.600171,,SH,A股-上交所,2025-11-17,32.06,32.22,32.0,32.16,32.1,9108372,292387766.09,0.1869,1.2848,1,0,none,baostock,query_history_k_data_plus
600171,SHSE.600171,,SH,A股-上交所,2025-11-18,32.11,32.99,32.02,32.79,32.16,18219820,592961406.24,1.959,2.5701,1,0,none,baostock,query_history_k_data_plus
600171,SHSE.600171,,SH,A股-上交所,2025-11-19,32.58,32.68,32.12,32.2,32.79,9732930,314595693.09,-1.7993,1.3729,1,0,none,baostock,query_history_k_data_plus
600171,SHSE.600171,,SH,A股-上交所,2025-11-20,32.43,32.49,32.02,32.1,32.2,6667198,214337194.92,-0.3106,0.9405,1,0,none,baostock,query_history_k_data_plus
600171,SHSE.600171,,SH,A股-上交所,2025-11-21,31.95,32.0,30.96,30.98,32.1,13610301,426094179.08,-3.4891,1.9199,1,0,none,baostock,query_history_k_data_plus
600171,SHSE.600171,,SH,A股-上交所,2025-11-24,31.18,31.49,30.88,31.38,30.98,9070017,283679202.08,1.2912,1.2794,1,0,none,baostock,query_history_k_data_plus
600171,SHSE.600171,,SH,A股-上交所,2025-11-25,31.45,31.89,31.45,31.52,31.38,9739854,308484889.54,0.4461,1.3739,1,0,none,baostock,query_history_k_data_plus
600171,SHSE.600171,,SH,A股-上交所,2025-11-26,31.74,32.95,31.45,32.6,31.52,23876774,769780472.28,3.4264,3.368,1,0,none,baostock,query_history_k_data_plus
600171,SHSE.600171,,SH,A股-上交所,2025-11-27,32.56,32.7,32.02,32.04,32.6,15944267,515686866.39,-1.7178,2.2491,1,0,none,baostock,query_history_k_data_plus
600171,SHSE.600171,,SH,A股-上交所,2025-11-28,32.04,32.49,31.8,32.26,32.04,10372397,333477986.89,0.6866,1.4631,1,0,none,baostock,query_history_k_data_plus
600171,SHSE.600171,,SH,A股-上交所,2025-12-01,32.32,32.78,32.02,32.7,32.26,14168070,460239805.08,1.3639,1.9985,1,0,none,baostock,query_history_k_data_plus
600171,SHSE.600171,,SH,A股-上交所,2025-12-02,32.71,32.73,32.1,32.14,32.7,9312318,300314713.66,-1.7125,1.3136,1,0,none,baostock,query_history_k_data_plus
600171,SHSE.600171,,SH,A股-上交所,2025-12-03,32.1,32.24,31.57,31.71,32.14,8867421,282131552.13,-1.3379,1.2508,1,0,none,baostock,query_history_k_data_plus
600171,SHSE.600171,,SH,A股-上交所,2025-12-04,31.62,31.85,31.26,31.71,31.71,8189032,258405436.64,0.0,1.1551,1,0,none,baostock,query_history_k_data_plus
600171,SHSE.600171,,SH,A股-上交所,2025-12-05,31.7,31.88,31.3,31.83,31.71,8463051,267443196.78,0.3784,1.1938,1,0,none,baostock,query_history_k_data_plus
600171,SHSE.600171,,SH,A股-上交所,2025-12-08,31.84,32.25,31.8,32.07,31.83,9417866,302024058.16,0.754,1.3285,1,0,none,baostock,query_history_k_data_plus
600171,SHSE.600171,,SH,A股-上交所,2025-12-09,32.06,32.74,31.8,32.45,32.07,16418655,530111160.66,1.1849,2.316,1,0,none,baostock,query_history_k_data_plus
600171,SHSE.600171,,SH,A股-上交所,2025-12-10,32.2,32.41,31.85,32.07,32.45,9347048,299048762.73,-1.171,1.3185,1,0,none,baostock,query_history_k_data_plus
600171,SHSE.600171,,SH,A股-上交所,2025-12-11,32.07,32.13,31.51,31.52,32.07,8087652,257035575.27,-1.715,1.1408,1,0,none,baostock,query_history_k_data_plus
600171,SHSE.600171,,SH,A股-上交所,2025-12-12,31.39,32.2,31.39,31.83,31.52,8730060,277586755.2,0.9835,1.2315,1,0,none,baostock,query_history_k_data_plus
600171,SHSE.600171,,SH,A股-上交所,2025-12-15,31.64,31.65,31.22,31.27,31.83,6976655,219321394.11,-1.7593,0.9841,1,0,none,baostock,query_history_k_data_plus
600171,SHSE.600171,,SH,A股-上交所,2025-12-16,31.28,31.28,30.46,30.47,31.27,9480749,290778869.42,-2.5584,1.3373,1,0,none,baostock,query_history_k_data_plus
600171,SHSE.600171,,SH,A股-上交所,2025-12-17,30.3,30.87,30.3,30.76,30.47,7141758,218565120.21,0.9518,1.0074,1,0,none,baostock,query_history_k_data_plus
600171,SHSE.600171,,SH,A股-上交所,2025-12-18,30.51,30.88,30.46,30.5,30.76,6103691,187124591.29,-0.8453,0.861,1,0,none,baostock,query_history_k_data_plus
600171,SHSE.600171,,SH,A股-上交所,2025-12-19,30.84,30.95,30.6,30.8,30.5,7932091,244309143.53,0.9836,1.1189,1,0,none,baostock,query_history_k_data_plus
600171,SHSE.600171,,SH,A股-上交所,2025-12-22,30.9,31.25,30.9,30.97,30.8,8729289,271216008.23,0.5519,1.2313,1,0,none,baostock,query_history_k_data_plus
600171,SHSE.600171,,SH,A股-上交所,2025-12-23,30.97,31.09,30.62,30.7,30.97,7234018,223065193.67,-0.8718,1.0204,1,0,none,baostock,query_history_k_data_plus
600171,SHSE.600171,,SH,A股-上交所,2025-12-24,30.7,31.88,30.7,31.6,30.7,18202435,572733027.39,2.9316,2.5676,1,0,none,baostock,query_history_k_data_plus
600171,SHSE.600171,,SH,A股-上交所,2025-12-25,31.55,32.36,31.5,31.92,31.6,16090915,515338936.01,1.0127,2.2698,1,0,none,baostock,query_history_k_data_plus
600171,SHSE.600171,,SH,A股-上交所,2025-12-26,31.83,32.08,31.61,31.75,31.92,11718112,373345780.73,-0.5326,1.6529,1,0,none,baostock,query_history_k_data_plus
600171,SHSE.600171,,SH,A股-上交所,2025-12-29,31.6,31.99,31.57,31.66,31.75,8514335,270385336.58,-0.2835,1.201,1,0,none,baostock,query_history_k_data_plus
600171,SHSE.600171,,SH,A股-上交所,2025-12-30,31.51,31.85,31.5,31.52,31.66,8990998,284459633.02,-0.4422,1.2683,1,0,none,baostock,query_history_k_data_plus
600171,SHSE.600171,,SH,A股-上交所,2025-12-31,31.6,31.69,31.24,31.25,31.52,9434581,295911370.3,-0.8566,1.3308,1,0,none,baostock,query_history_k_data_plus
600171,SHSE.600171,,SH,A股-上交所,2026-01-05,31.44,32.07,31.42,32.06,31.25,17751965,565831901.7,2.592,2.5041,1,0,none,baostock,query_history_k_data_plus
600171,SHSE.600171,,SH,A股-上交所,2026-01-06,32.1,32.45,32.0,32.36,32.06,18597995,600278707.25,0.9357,2.6234,1,0,none,baostock,query_history_k_data_plus
600171,SHSE.600171,,SH,A股-上交所,2026-01-07,32.58,33.07,32.34,32.45,32.36,28785182,940695190.22,0.2781,4.0604,1,0,none,baostock,query_history_k_data_plus
600171,SHSE.600171,,SH,A股-上交所,2026-01-08,32.25,32.78,32.19,32.61,32.45,18410455,600597109.58,0.4931,2.597,1,0,none,baostock,query_history_k_data_plus
600171,SHSE.600171,,SH,A股-上交所,2026-01-09,32.62,32.85,32.42,32.76,32.61,18779443,613782149.89,0.46,2.649,1,0,none,baostock,query_history_k_data_plus
600171,SHSE.600171,,SH,A股-上交所,2026-01-12,32.76,33.25,32.76,33.25,32.76,24920434,824247266.42,1.4957,3.5153,1,0,none,baostock,query_history_k_data_plus
600171,SHSE.600171,,SH,A股-上交所,2026-01-13,33.27,33.35,32.0,32.17,33.25,24912408,810341769.97,-3.2481,3.5141,1,0,none,baostock,query_history_k_data_plus
600171,SHSE.600171,,SH,A股-上交所,2026-01-14,32.12,32.93,32.08,32.38,32.17,23432931,763015274.21,0.6528,3.3054,1,0,none,baostock,query_history_k_data_plus
600171,SHSE.600171,,SH,A股-上交所,2026-01-15,32.26,33.33,31.97,32.89,32.38,28325061,925752489.44,1.575,3.9955,1,0,none,baostock,query_history_k_data_plus
600171,SHSE.600171,,SH,A股-上交所,2026-01-16,33.1,34.7,32.92,34.2,32.89,60584673,2053178923.0,3.983,8.546,1,0,none,baostock,query_history_k_data_plus
600171,SHSE.600171,,SH,A股-上交所,2026-01-19,34.0,34.0,33.35,33.41,34.2,31446666,1055122344.26,-2.3099,4.4358,1,0,none,baostock,query_history_k_data_plus
600171,SHSE.600171,,SH,A股-上交所,2026-01-20,33.41,34.08,33.2,33.6,33.41,27581536,927901588.36,0.5687,3.8906,1,0,none,baostock,query_history_k_data_plus
600171,SHSE.600171,,SH,A股-上交所,2026-01-21,33.33,34.56,33.26,34.4,33.6,38815458,1325299780.11,2.381,5.4753,1,0,none,baostock,query_history_k_data_plus
600171,SHSE.600171,,SH,A股-上交所,2026-01-22,34.82,34.97,33.83,33.93,34.4,30881983,1054712759.99,-1.3663,4.3562,1,0,none,baostock,query_history_k_data_plus
600171,SHSE.600171,,SH,A股-上交所,2026-01-23,33.76,34.0,33.49,34.0,33.93,25610489,864127338.27,0.2063,3.6126,1,0,none,baostock,query_history_k_data_plus
600171,SHSE.600171,,SH,A股-上交所,2026-01-26,33.93,34.08,32.68,32.88,34.0,25122438,833266022.6,-3.2941,3.5437,1,0,none,baostock,query_history_k_data_plus
600171,SHSE.600171,,SH,A股-上交所,2026-01-27,32.69,33.99,32.0,33.84,32.88,32316192,1072535212.52,2.9197,4.5585,1,0,none,baostock,query_history_k_data_plus
600171,SHSE.600171,,SH,A股-上交所,2026-01-28,33.84,35.49,33.84,34.46,33.84,56683737,1960368398.59,1.8322,7.9958,1,0,none,baostock,query_history_k_data_plus
600171,SHSE.600171,,SH,A股-上交所,2026-01-29,34.03,34.46,33.12,33.2,34.46,32084260,1081527219.85,-3.6564,4.5258,1,0,none,baostock,query_history_k_data_plus
600171,SHSE.600171,,SH,A股-上交所,2026-01-30,33.05,33.64,32.56,32.85,33.2,23438563,773705058.51,-1.0542,3.3062,1,0,none,baostock,query_history_k_data_plus
600171,SHSE.600171,,SH,A股-上交所,2026-02-02,32.72,32.8,31.18,31.24,32.85,26708078,849726853.24,-4.9011,3.7674,1,0,none,baostock,query_history_k_data_plus
600171,SHSE.600171,,SH,A股-上交所,2026-02-03,31.56,31.95,31.35,31.84,31.24,14421740,456958174.54,1.9206,2.0343,1,0,none,baostock,query_history_k_data_plus
600171,SHSE.600171,,SH,A股-上交所,2026-02-04,31.54,31.54,31.03,31.45,31.84,14304297,447375629.26,-1.2249,2.0177,1,0,none,baostock,query_history_k_data_plus
600171,SHSE.600171,,SH,A股-上交所,2026-02-05,31.05,31.55,30.83,31.2,31.45,12908730,401679189.4,-0.7949,1.8209,1,0,none,baostock,query_history_k_data_plus
600171,SHSE.600171,,SH,A股-上交所,2026-02-06,31.04,31.29,30.85,31.09,31.2,9253466,287831659.02,-0.3526,1.3053,1,0,none,baostock,query_history_k_data_plus
600171,SHSE.600171,,SH,A股-上交所,2026-02-09,31.44,31.79,31.26,31.68,31.09,12389679,390577414.88,1.8977,1.7477,1,0,none,baostock,query_history_k_data_plus
600171,SHSE.600171,,SH,A股-上交所,2026-02-10,31.6,31.75,31.45,31.45,31.68,8307574,262066598.66,-0.726,1.1719,1,0,none,baostock,query_history_k_data_plus
600171,SHSE.600171,,SH,A股-上交所,2026-02-11,31.36,31.56,31.28,31.35,31.45,6001929,188480181.2,-0.318,0.8466,1,0,none,baostock,query_history_k_data_plus
600171,SHSE.600171,,SH,A股-上交所,2026-02-12,31.49,31.62,31.38,31.45,31.35,9346556,294256942.32,0.319,1.3184,1,0,none,baostock,query_history_k_data_plus
600171,SHSE.600171,,SH,A股-上交所,2026-02-13,31.28,31.54,31.05,31.06,31.45,9322270,291633794.0,-1.2401,1.315,1,0,none,baostock,query_history_k_data_plus
600171,SHSE.600171,,SH,A股-上交所,2026-02-24,31.32,31.47,31.04,31.33,31.06,8984066,281069724.82,0.8693,1.2673,1,0,none,baostock,query_history_k_data_plus
600171,SHSE.600171,,SH,A股-上交所,2026-02-25,31.38,31.6,31.26,31.54,31.33,10440927,328768120.63,0.6703,1.4728,1,0,none,baostock,query_history_k_data_plus
600171,SHSE.600171,,SH,A股-上交所,2026-02-26,31.55,31.77,31.35,31.69,31.54,12202469,385237470.83,0.4756,1.7213,1,0,none,baostock,query_history_k_data_plus
600171,SHSE.600171,,SH,A股-上交所,2026-02-27,31.5,31.55,31.13,31.52,31.69,9886530,310409636.6,-0.5364,1.3946,1,0,none,baostock,query_history_k_data_plus
600171,SHSE.600171,,SH,A股-上交所,2026-03-02,31.08,31.15,30.44,30.48,31.52,17493522,536959152.98,-3.2995,2.4676,1,0,none,baostock,query_history_k_data_plus
600171,SHSE.600171,,SH,A股-上交所,2026-03-03,30.78,30.78,29.2,29.26,30.48,17463151,520658146.31,-4.0026,2.4633,1,0,none,baostock,query_history_k_data_plus
600171,SHSE.600171,,SH,A股-上交所,2026-03-04,29.0,29.63,28.91,29.19,29.26,8747872,256308787.58,-0.2392,1.234,1,0,none,baostock,query_history_k_data_plus
600171,SHSE.600171,,SH,A股-上交所,2026-03-05,29.63,29.78,29.34,29.44,29.19,9863248,291995413.44,0.8565,1.3913,1,0,none,baostock,query_history_k_data_plus
600171,SHSE.600171,,SH,A股-上交所,2026-03-06,29.4,29.6,29.25,29.51,29.44,6398494,188632047.96,0.2378,0.9026,1,0,none,baostock,query_history_k_data_plus
600171,SHSE.600171,,SH,A股-上交所,2026-03-09,29.23,29.61,28.58,29.49,29.51,11056731,320388401.16,-0.0678,1.5597,1,0,none,baostock,query_history_k_data_plus
600171,SHSE.600171,,SH,A股-上交所,2026-03-10,29.8,32.44,29.8,31.44,29.49,36783198,1150036683.85,6.6124,5.1886,1,0,none,baostock,query_history_k_data_plus
600171,SHSE.600171,,SH,A股-上交所,2026-03-11,31.44,31.44,30.73,30.87,31.44,21006756,651164599.27,-1.813,2.9632,1,0,none,baostock,query_history_k_data_plus
600171,SHSE.600171,,SH,A股-上交所,2026-03-12,30.56,31.04,30.38,30.61,30.87,11955656,366322410.76,-0.8422,1.6865,1,0,none,baostock,query_history_k_data_plus
600171,SHSE.600171,,SH,A股-上交所,2026-03-13,30.38,30.68,30.06,30.21,30.61,10022024,303939245.13,-1.3068,1.4137,1,0,none,baostock,query_history_k_data_plus
600171,SHSE.600171,,SH,A股-上交所,2026-03-16,30.1,30.96,29.88,30.96,30.21,14592704,445730869.58,2.4826,2.0584,1,0,none,baostock,query_history_k_data_plus
600171,SHSE.600171,,SH,A股-上交所,2026-03-17,30.88,30.88,30.14,30.14,30.96,10945600,333804543.0,-2.6486,1.544,1,0,none,baostock,query_history_k_data_plus
600171,SHSE.600171,,SH,A股-上交所,2026-03-18,30.12,30.58,30.06,30.44,30.14,8325050,252534382.59,0.9954,1.1743,1,0,none,baostock,query_history_k_data_plus
600171,SHSE.600171,,SH,A股-上交所,2026-03-19,30.04,30.15,29.8,29.88,30.44,8713336,260807135.63,-1.8397,1.2291,1,0,none,baostock,query_history_k_data_plus
600171,SHSE.600171,,SH,A股-上交所,2026-03-20,29.99,30.18,29.06,29.06,29.88,9120147,270670663.38,-2.7443,1.2865,1,0,none,baostock,query_history_k_data_plus
600171,SHSE.600171,,SH,A股-上交所,2026-03-23,28.28,28.6,27.2,27.3,29.06,14132222,394761831.02,-6.0564,1.9935,1,0,none,baostock,query_history_k_data_plus
600171,SHSE.600171,,SH,A股-上交所,2026-03-24,27.8,27.9,27.03,27.65,27.3,9221589,252917046.93,1.2821,1.3008,1,0,none,baostock,query_history_k_data_plus
600171,SHSE.600171,,SH,A股-上交所,2026-03-25,27.75,28.33,27.75,28.09,27.65,8171166,229630867.13,1.5913,1.1526,1,0,none,baostock,query_history_k_data_plus
600171,SHSE.600171,,SH,A股-上交所,2026-03-26,28.1,28.17,27.47,27.51,28.09,6573819,182382310.42,-2.0648,0.9273,1,0,none,baostock,query_history_k_data_plus
600171,SHSE.600171,,SH,A股-上交所,2026-03-27,27.19,27.78,27.06,27.58,27.51,6110602,167959138.3,0.2545,0.862,1,0,none,baostock,query_history_k_data_plus
600171,SHSE.600171,,SH,A股-上交所,2026-03-30,27.24,27.5,26.84,27.46,27.58,7476866,203472350.88,-0.4351,1.0547,1,0,none,baostock,query_history_k_data_plus
600171,SHSE.600171,,SH,A股-上交所,2026-03-31,27.19,27.49,27.01,27.01,27.46,7210317,196044760.27,-1.6387,1.0171,1,0,none,baostock,query_history_k_data_plus
600171,SHSE.600171,,SH,A股-上交所,2026-04-01,27.45,27.5,27.19,27.27,27.01,5931190,161900523.06,0.9626,0.8366,1,0,none,baostock,query_history_k_data_plus
600171,SHSE.600171,,SH,A股-上交所,2026-04-02,27.2,27.23,26.32,26.39,27.27,9019177,240860193.07,-3.227,1.2722,1,0,none,baostock,query_history_k_data_plus
600171,SHSE.600171,,SH,A股-上交所,2026-04-03,26.5,26.58,26.02,26.03,26.39,5666036,148405175.14,-1.3642,0.7992,1,0,none,baostock,query_history_k_data_plus
600171,SHSE.600171,,SH,A股-上交所,2026-04-07,26.04,26.58,26.04,26.24,26.03,5365701,140967206.13,0.8068,0.7569,1,0,none,baostock,query_history_k_data_plus
600171,SHSE.600171,,SH,A股-上交所,2026-04-08,26.79,27.5,26.69,27.49,26.24,13737308,372931772.77,4.7637,1.9378,1,0,none,baostock,query_history_k_data_plus
600171,SHSE.600171,,SH,A股-上交所,2026-04-09,27.16,27.59,27.04,27.2,27.49,9367800,255214831.84,-1.0549,1.3214,1,0,none,baostock,query_history_k_data_plus
600171,SHSE.600171,,SH,A股-上交所,2026-04-10,27.65,27.8,27.37,27.4,27.2,9414340,259881651.0,0.7353,1.328,1,0,none,baostock,query_history_k_data_plus
600171,SHSE.600171,,SH,A股-上交所,2026-04-13,27.34,27.68,27.2,27.35,27.4,7057480,193949075.42,-0.1825,0.9955,1,0,none,baostock,query_history_k_data_plus
600171,SHSE.600171,,SH,A股-上交所,2026-04-14,27.59,27.85,27.55,27.74,27.35,9318456,257996569.26,1.426,1.3145,1,0,none,baostock,query_history_k_data_plus
600171,SHSE.600171,,SH,A股-上交所,2026-04-15,27.89,27.95,27.35,27.41,27.74,8391681,231784676.34,-1.1896,1.1837,1,0,none,baostock,query_history_k_data_plus
600171,SHSE.600171,,SH,A股-上交所,2026-04-16,27.49,27.62,27.35,27.61,27.41,6267100,172532170.0,0.7297,0.884,1,0,none,baostock,query_history_k_data_plus
600171,SHSE.600171,,SH,A股-上交所,2026-04-17,27.55,27.98,27.48,27.87,27.61,10674942,296678500.81,0.9417,1.5058,1,0,none,baostock,query_history_k_data_plus
