code,symbol,name,market,asset_type,date,open,high,low,close,preclose,volume,amount,pct_chg,turnover,trade_status,is_st,adjust,provider,source_function
600266,SHSE.600266,,SH,A股-上交所,2021-04-12,5.08,5.17,5.07,5.12,4.95,32164196,164721657.93,3.4343,1.4254,1,0,none,baostock,query_history_k_data_plus
600266,SHSE.600266,,SH,A股-上交所,2021-04-13,5.11,5.15,5.05,5.08,5.12,16255019,82821126.93,-0.7813,0.7204,1,0,none,baostock,query_history_k_data_plus
600266,SHSE.600266,,SH,A股-上交所,2021-04-14,5.07,5.12,5.0,5.0,5.08,12105181,60938922.16,-1.5748,0.5364,1,0,none,baostock,query_history_k_data_plus
600266,SHSE.600266,,SH,A股-上交所,2021-04-15,5.0,5.03,4.96,4.98,5.0,8616329,42924115.96,-0.4,0.3818,1,0,none,baostock,query_history_k_data_plus
600266,SHSE.600266,,SH,A股-上交所,2021-04-16,4.98,5.08,4.97,5.07,4.98,11436131,57721058.4,1.8072,0.5068,1,0,none,baostock,query_history_k_data_plus
600266,SHSE.600266,,SH,A股-上交所,2021-04-19,5.07,5.08,5.03,5.05,5.07,10754110,54362626.81,-0.3945,0.4766,1,0,none,baostock,query_history_k_data_plus
600266,SHSE.600266,,SH,A股-上交所,2021-04-20,5.04,5.06,4.99,5.0,5.05,7849644,39445383.56,-0.9901,0.3479,1,0,none,baostock,query_history_k_data_plus
600266,SHSE.600266,,SH,A股-上交所,2021-04-21,4.99,5.0,4.96,4.98,5.0,6068507,30195261.43,-0.4,0.2689,1,0,none,baostock,query_history_k_data_plus
600266,SHSE.600266,,SH,A股-上交所,2021-04-22,4.98,5.03,4.94,4.96,4.98,8813665,43844349.71,-0.4016,0.3906,1,0,none,baostock,query_history_k_data_plus
600266,SHSE.600266,,SH,A股-上交所,2021-04-23,4.97,4.97,4.88,4.91,4.96,8260949,40559693.75,-1.0081,0.3661,1,0,none,baostock,query_history_k_data_plus
600266,SHSE.600266,,SH,A股-上交所,2021-04-26,4.9,4.92,4.85,4.85,4.91,7273023,35498204.62,-1.222,0.3223,1,0,none,baostock,query_history_k_data_plus
600266,SHSE.600266,,SH,A股-上交所,2021-04-27,4.85,4.92,4.84,4.87,4.85,6333692,30847761.22,0.4124,0.2807,1,0,none,baostock,query_history_k_data_plus
600266,SHSE.600266,,SH,A股-上交所,2021-04-28,4.88,4.91,4.85,4.91,4.87,5741259,27970685.15,0.8214,0.2544,1,0,none,baostock,query_history_k_data_plus
600266,SHSE.600266,,SH,A股-上交所,2021-04-29,4.9,4.91,4.86,4.88,4.91,5854799,28614188.06,-0.611,0.2595,1,0,none,baostock,query_history_k_data_plus
600266,SHSE.600266,,SH,A股-上交所,2021-04-30,4.87,4.9,4.75,4.78,4.88,10620920,51059172.49,-2.0492,0.4707,1,0,none,baostock,query_history_k_data_plus
600266,SHSE.600266,,SH,A股-上交所,2021-05-06,4.76,4.85,4.76,4.79,4.78,5964038,28684266.14,0.2092,0.2643,1,0,none,baostock,query_history_k_data_plus
600266,SHSE.600266,,SH,A股-上交所,2021-05-07,4.8,4.86,4.8,4.86,4.79,5038684,24402716.79,1.4614,0.2233,1,0,none,baostock,query_history_k_data_plus
600266,SHSE.600266,,SH,A股-上交所,2021-05-10,4.85,4.88,4.79,4.81,4.86,7528494,36359498.18,-1.0288,0.3336,1,0,none,baostock,query_history_k_data_plus
600266,SHSE.600266,,SH,A股-上交所,2021-05-11,4.81,4.86,4.78,4.85,4.81,6097619,29438735.17,0.8316,0.2702,1,0,none,baostock,query_history_k_data_plus
600266,SHSE.600266,,SH,A股-上交所,2021-05-12,4.84,4.88,4.81,4.86,4.85,6978592,33843004.14,0.2062,0.3093,1,0,none,baostock,query_history_k_data_plus
600266,SHSE.600266,,SH,A股-上交所,2021-05-13,4.85,4.94,4.83,4.86,4.86,8837881,43054087.06,0.0,0.3917,1,0,none,baostock,query_history_k_data_plus
600266,SHSE.600266,,SH,A股-上交所,2021-05-14,4.84,4.97,4.84,4.96,4.86,11845163,58405334.79,2.0576,0.5249,1,0,none,baostock,query_history_k_data_plus
600266,SHSE.600266,,SH,A股-上交所,2021-05-17,4.96,4.98,4.91,4.93,4.96,6310898,31162566.55,-0.6048,0.2797,1,0,none,baostock,query_history_k_data_plus
600266,SHSE.600266,,SH,A股-上交所,2021-05-18,4.93,5.06,4.91,5.03,4.93,13342408,66858790.2,2.0284,0.5913,1,0,none,baostock,query_history_k_data_plus
600266,SHSE.600266,,SH,A股-上交所,2021-05-19,5.06,5.11,5.02,5.05,5.03,16289185,82413181.66,0.3976,0.7219,1,0,none,baostock,query_history_k_data_plus
600266,SHSE.600266,,SH,A股-上交所,2021-05-20,5.05,5.08,5.01,5.04,5.05,6914518,34839797.35,-0.198,0.3064,1,0,none,baostock,query_history_k_data_plus
600266,SHSE.600266,,SH,A股-上交所,2021-05-21,5.04,5.06,5.01,5.02,5.04,6502189,32669108.42,-0.3968,0.2881,1,0,none,baostock,query_history_k_data_plus
600266,SHSE.600266,,SH,A股-上交所,2021-05-24,5.02,5.11,5.01,5.03,5.02,8928670,45077487.16,0.1992,0.3957,1,0,none,baostock,query_history_k_data_plus
600266,SHSE.600266,,SH,A股-上交所,2021-05-25,5.05,5.08,4.98,5.04,5.03,12725520,64096627.91,0.1988,0.5639,1,0,none,baostock,query_history_k_data_plus
600266,SHSE.600266,,SH,A股-上交所,2021-05-26,5.04,5.06,5.0,5.04,5.04,14957267,75370995.25,0.0,0.6628,1,0,none,baostock,query_history_k_data_plus
600266,SHSE.600266,,SH,A股-上交所,2021-05-27,5.04,5.21,5.03,5.12,5.04,20523211,104951447.54,1.5873,0.9095,1,0,none,baostock,query_history_k_data_plus
600266,SHSE.600266,,SH,A股-上交所,2021-05-28,5.14,5.15,5.06,5.08,5.12,12363524,63119112.02,-0.7813,0.5479,1,0,none,baostock,query_history_k_data_plus
600266,SHSE.600266,,SH,A股-上交所,2021-05-31,5.1,5.13,5.06,5.09,5.08,9811692,49920283.56,0.1969,0.4348,1,0,none,baostock,query_history_k_data_plus
600266,SHSE.600266,,SH,A股-上交所,2021-06-01,5.12,5.14,5.05,5.1,5.09,8537985,43457861.64,0.1965,0.3784,1,0,none,baostock,query_history_k_data_plus
600266,SHSE.600266,,SH,A股-上交所,2021-06-02,5.08,5.11,5.06,5.07,5.1,6419953,32593645.98,-0.5882,0.2845,1,0,none,baostock,query_history_k_data_plus
600266,SHSE.600266,,SH,A股-上交所,2021-06-03,5.07,5.09,5.03,5.04,5.07,8877118,44880348.44,-0.5917,0.3934,1,0,none,baostock,query_history_k_data_plus
600266,SHSE.600266,,SH,A股-上交所,2021-06-04,5.05,5.06,5.01,5.03,5.04,6060176,30496723.2,-0.1984,0.2686,1,0,none,baostock,query_history_k_data_plus
600266,SHSE.600266,,SH,A股-上交所,2021-06-07,5.03,5.09,4.97,5.05,5.03,15730501,79198213.85,0.3976,0.6971,1,0,none,baostock,query_history_k_data_plus
600266,SHSE.600266,,SH,A股-上交所,2021-06-08,5.05,5.07,5.02,5.04,5.05,8754145,44176071.88,-0.198,0.3879,1,0,none,baostock,query_history_k_data_plus
600266,SHSE.600266,,SH,A股-上交所,2021-06-09,5.04,5.18,5.03,5.14,5.04,20705129,106100014.81,1.9841,0.9176,1,0,none,baostock,query_history_k_data_plus
600266,SHSE.600266,,SH,A股-上交所,2021-06-10,5.14,5.24,5.11,5.2,5.14,19498638,101124186.2,1.1673,0.8641,1,0,none,baostock,query_history_k_data_plus
600266,SHSE.600266,,SH,A股-上交所,2021-06-11,5.18,5.19,5.06,5.07,5.2,9065462,46361407.57,-2.5,0.4017,1,0,none,baostock,query_history_k_data_plus
600266,SHSE.600266,,SH,A股-上交所,2021-06-15,5.06,5.07,5.0,5.03,5.07,6409335,32233713.34,-0.789,0.284,1,0,none,baostock,query_history_k_data_plus
600266,SHSE.600266,,SH,A股-上交所,2021-06-16,5.01,5.05,4.96,4.99,5.03,6140156,30728035.4,-0.7952,0.2721,1,0,none,baostock,query_history_k_data_plus
600266,SHSE.600266,,SH,A股-上交所,2021-06-17,4.97,5.02,4.94,4.95,4.99,4424108,21969148.6,-0.8016,0.1961,1,0,none,baostock,query_history_k_data_plus
600266,SHSE.600266,,SH,A股-上交所,2021-06-18,4.95,5.09,4.93,5.02,4.95,9110316,45637122.95,1.4141,0.4037,1,0,none,baostock,query_history_k_data_plus
600266,SHSE.600266,,SH,A股-上交所,2021-06-21,4.97,4.99,4.93,4.93,5.02,8210340,40658630.08,-1.7928,0.3638,1,0,none,baostock,query_history_k_data_plus
600266,SHSE.600266,,SH,A股-上交所,2021-06-22,4.95,5.13,4.92,5.03,4.93,13811737,69402654.98,2.0284,0.6121,1,0,none,baostock,query_history_k_data_plus
600266,SHSE.600266,,SH,A股-上交所,2021-06-23,5.1,5.15,4.99,4.99,5.03,18385948,92965822.73,-0.7952,0.8148,1,0,none,baostock,query_history_k_data_plus
600266,SHSE.600266,,SH,A股-上交所,2021-06-24,4.98,4.99,4.88,4.88,4.99,15527341,76522751.79,-2.2044,0.6881,1,0,none,baostock,query_history_k_data_plus
600266,SHSE.600266,,SH,A股-上交所,2021-06-25,4.88,4.9,4.79,4.85,4.88,13274593,64137351.91,-0.6148,0.5883,1,0,none,baostock,query_history_k_data_plus
600266,SHSE.600266,,SH,A股-上交所,2021-06-28,4.84,4.86,4.81,4.82,4.85,7085191,34280653.82,-0.6186,0.314,1,0,none,baostock,query_history_k_data_plus
600266,SHSE.600266,,SH,A股-上交所,2021-06-29,4.83,4.84,4.79,4.79,4.82,5669650,27258993.8,-0.6224,0.2513,1,0,none,baostock,query_history_k_data_plus
600266,SHSE.600266,,SH,A股-上交所,2021-06-30,4.81,4.83,4.72,4.74,4.79,7553110,35889911.76,-1.0438,0.3347,1,0,none,baostock,query_history_k_data_plus
600266,SHSE.600266,,SH,A股-上交所,2021-07-01,4.75,4.81,4.75,4.75,4.74,6186173,29557772.35,0.211,0.2741,1,0,none,baostock,query_history_k_data_plus
600266,SHSE.600266,,SH,A股-上交所,2021-07-02,4.76,4.78,4.7,4.7,4.75,4890827,23127583.41,-1.0526,0.2167,1,0,none,baostock,query_history_k_data_plus
600266,SHSE.600266,,SH,A股-上交所,2021-07-05,4.7,4.75,4.69,4.73,4.7,4228260,19952579.24,0.6383,0.1874,1,0,none,baostock,query_history_k_data_plus
600266,SHSE.600266,,SH,A股-上交所,2021-07-06,4.73,4.79,4.72,4.79,4.73,4956704,23618795.76,1.2685,0.2197,1,0,none,baostock,query_history_k_data_plus
600266,SHSE.600266,,SH,A股-上交所,2021-07-07,4.78,4.79,4.73,4.73,4.79,3150804,14973638.2,-1.2526,0.1396,1,0,none,baostock,query_history_k_data_plus
600266,SHSE.600266,,SH,A股-上交所,2021-07-08,4.72,4.75,4.64,4.65,4.73,6630201,31047966.02,-1.6913,0.2938,1,0,none,baostock,query_history_k_data_plus
600266,SHSE.600266,,SH,A股-上交所,2021-07-09,4.65,4.7,4.61,4.65,4.65,4082470,19014765.29,0.0,0.1809,1,0,none,baostock,query_history_k_data_plus
600266,SHSE.600266,,SH,A股-上交所,2021-07-12,4.67,4.72,4.64,4.66,4.65,5238639,24438823.57,0.2151,0.2322,1,0,none,baostock,query_history_k_data_plus
600266,SHSE.600266,,SH,A股-上交所,2021-07-13,4.67,4.73,4.61,4.7,4.66,7587587,35409174.14,0.8584,0.3362,1,0,none,baostock,query_history_k_data_plus
600266,SHSE.600266,,SH,A股-上交所,2021-07-14,4.62,4.64,4.59,4.61,4.61,4879432,22520379.28,0.0,0.2162,1,0,none,baostock,query_history_k_data_plus
600266,SHSE.600266,,SH,A股-上交所,2021-07-15,4.62,4.62,4.54,4.57,4.61,4186550,19124296.08,-0.8677,0.1855,1,0,none,baostock,query_history_k_data_plus
600266,SHSE.600266,,SH,A股-上交所,2021-07-16,4.58,4.61,4.48,4.51,4.57,8053407,36441843.6,-1.3129,0.3569,1,0,none,baostock,query_history_k_data_plus
600266,SHSE.600266,,SH,A股-上交所,2021-07-19,4.5,4.54,4.49,4.5,4.51,4086158,18420882.16,-0.2217,0.1811,1,0,none,baostock,query_history_k_data_plus
600266,SHSE.600266,,SH,A股-上交所,2021-07-20,4.49,4.53,4.47,4.49,4.5,3418884,15336647.72,-0.2222,0.1515,1,0,none,baostock,query_history_k_data_plus
600266,SHSE.600266,,SH,A股-上交所,2021-07-21,4.48,4.52,4.47,4.48,4.49,3710292,16667486.78,-0.2227,0.1644,1,0,none,baostock,query_history_k_data_plus
600266,SHSE.600266,,SH,A股-上交所,2021-07-22,4.5,4.51,4.47,4.49,4.48,4316850,19395920.12,0.2232,0.1913,1,0,none,baostock,query_history_k_data_plus
600266,SHSE.600266,,SH,A股-上交所,2021-07-23,4.5,4.51,4.45,4.47,4.49,4579670,20494515.77,-0.4454,0.203,1,0,none,baostock,query_history_k_data_plus
600266,SHSE.600266,,SH,A股-上交所,2021-07-26,4.46,4.46,4.34,4.35,4.47,8095566,35443118.62,-2.6846,0.3588,1,0,none,baostock,query_history_k_data_plus
600266,SHSE.600266,,SH,A股-上交所,2021-07-27,4.36,4.38,4.22,4.25,4.35,9029306,38677138.58,-2.2989,0.4001,1,0,none,baostock,query_history_k_data_plus
600266,SHSE.600266,,SH,A股-上交所,2021-07-28,4.25,4.26,4.16,4.2,4.25,8440968,35519298.06,-1.1765,0.3741,1,0,none,baostock,query_history_k_data_plus
600266,SHSE.600266,,SH,A股-上交所,2021-07-29,4.23,4.24,4.17,4.18,4.2,5038523,21123857.67,-0.4762,0.2233,1,0,none,baostock,query_history_k_data_plus
600266,SHSE.600266,,SH,A股-上交所,2021-07-30,4.17,4.22,4.11,4.18,4.18,6839204,28492624.7,0.0,0.3031,1,0,none,baostock,query_history_k_data_plus
600266,SHSE.600266,,SH,A股-上交所,2021-08-02,4.17,4.3,4.13,4.24,4.18,5802130,24474907.06,1.4354,0.2571,1,0,none,baostock,query_history_k_data_plus
600266,SHSE.600266,,SH,A股-上交所,2021-08-03,4.23,4.28,4.21,4.28,4.24,4756228,20220016.81,0.9434,0.2108,1,0,none,baostock,query_history_k_data_plus
600266,SHSE.600266,,SH,A股-上交所,2021-08-04,4.26,4.28,4.2,4.21,4.28,4471572,18909870.18,-1.6355,0.1982,1,0,none,baostock,query_history_k_data_plus
600266,SHSE.600266,,SH,A股-上交所,2021-08-05,4.21,4.28,4.21,4.24,4.21,4152974,17633521.74,0.7126,0.184,1,0,none,baostock,query_history_k_data_plus
600266,SHSE.600266,,SH,A股-上交所,2021-08-06,4.22,4.35,4.16,4.33,4.24,6101828,26015342.46,2.1226,0.2704,1,0,none,baostock,query_history_k_data_plus
600266,SHSE.600266,,SH,A股-上交所,2021-08-09,4.39,4.43,4.38,4.4,4.33,12091164,53254302.11,1.6166,0.5358,1,0,none,baostock,query_history_k_data_plus
600266,SHSE.600266,,SH,A股-上交所,2021-08-10,4.4,4.4,4.35,4.39,4.4,6884907,30115119.13,-0.2273,0.3051,1,0,none,baostock,query_history_k_data_plus
600266,SHSE.600266,,SH,A股-上交所,2021-08-11,4.37,4.5,4.37,4.45,4.39,11871705,53062351.67,1.3667,0.5261,1,0,none,baostock,query_history_k_data_plus
600266,SHSE.600266,,SH,A股-上交所,2021-08-12,4.45,4.49,4.41,4.42,4.45,5619783,24960168.71,-0.6742,0.249,1,0,none,baostock,query_history_k_data_plus
600266,SHSE.600266,,SH,A股-上交所,2021-08-13,4.4,4.42,4.38,4.41,4.42,4120167,18134924.23,-0.2262,0.1826,1,0,none,baostock,query_history_k_data_plus
600266,SHSE.600266,,SH,A股-上交所,2021-08-16,4.41,4.47,4.4,4.45,4.41,4859462,21600499.47,0.907,0.2154,1,0,none,baostock,query_history_k_data_plus
600266,SHSE.600266,,SH,A股-上交所,2021-08-17,4.45,4.47,4.39,4.4,4.45,6026624,26701883.25,-1.1236,0.2671,1,0,none,baostock,query_history_k_data_plus
600266,SHSE.600266,,SH,A股-上交所,2021-08-18,4.42,4.47,4.37,4.45,4.4,7820434,34691815.86,1.1364,0.3466,1,0,none,baostock,query_history_k_data_plus
600266,SHSE.600266,,SH,A股-上交所,2021-08-19,4.43,4.47,4.37,4.45,4.45,6725350,29731362.11,0.0,0.298,1,0,none,baostock,query_history_k_data_plus
600266,SHSE.600266,,SH,A股-上交所,2021-08-20,4.46,4.47,4.36,4.43,4.45,5700530,25165647.44,-0.4494,0.2526,1,0,none,baostock,query_history_k_data_plus
600266,SHSE.600266,,SH,A股-上交所,2021-08-23,4.44,4.46,4.41,4.41,4.43,6031412,26743159.81,-0.4515,0.2673,1,0,none,baostock,query_history_k_data_plus
600266,SHSE.600266,,SH,A股-上交所,2021-08-24,4.4,4.43,4.38,4.4,4.41,5646445,24857923.65,-0.2268,0.2502,1,0,none,baostock,query_history_k_data_plus
600266,SHSE.600266,,SH,A股-上交所,2021-08-25,4.41,4.42,4.37,4.4,4.4,8122990,35670601.25,0.0,0.36,1,0,none,baostock,query_history_k_data_plus
600266,SHSE.600266,,SH,A股-上交所,2021-08-26,4.38,4.44,4.38,4.41,4.4,6908666,30467111.28,0.2273,0.3062,1,0,none,baostock,query_history_k_data_plus
600266,SHSE.600266,,SH,A股-上交所,2021-08-27,4.41,4.46,4.39,4.44,4.41,14057324,62075541.65,0.6803,0.623,1,0,none,baostock,query_history_k_data_plus
600266,SHSE.600266,,SH,A股-上交所,2021-08-30,4.46,4.5,4.45,4.48,4.44,14274330,63917028.72,0.9009,0.6326,1,0,none,baostock,query_history_k_data_plus
600266,SHSE.600266,,SH,A股-上交所,2021-08-31,4.5,4.57,4.46,4.53,4.48,10658850,48022191.44,1.1161,0.4724,1,0,none,baostock,query_history_k_data_plus
600266,SHSE.600266,,SH,A股-上交所,2021-09-01,4.53,4.6,4.5,4.6,4.53,14470406,66081996.2,1.5453,0.6413,1,0,none,baostock,query_history_k_data_plus
600266,SHSE.600266,,SH,A股-上交所,2021-09-02,4.6,4.62,4.55,4.59,4.6,11659596,53481980.81,-0.2174,0.5167,1,0,none,baostock,query_history_k_data_plus
600266,SHSE.600266,,SH,A股-上交所,2021-09-03,5.05,5.05,4.91,5.05,4.59,81841405,411961175.07,10.0218,3.6269,1,0,none,baostock,query_history_k_data_plus
600266,SHSE.600266,,SH,A股-上交所,2021-09-06,5.0,5.36,4.96,5.09,5.05,113048056,582612186.6,0.7921,5.0098,1,0,none,baostock,query_history_k_data_plus
600266,SHSE.600266,,SH,A股-上交所,2021-09-07,5.02,5.07,4.92,4.98,5.09,57231410,284436939.93,-2.1611,2.5362,1,0,none,baostock,query_history_k_data_plus
600266,SHSE.600266,,SH,A股-上交所,2021-09-08,4.98,4.99,4.88,4.9,4.98,37446383,184080732.67,-1.6064,1.6595,1,0,none,baostock,query_history_k_data_plus
600266,SHSE.600266,,SH,A股-上交所,2021-09-09,4.9,4.94,4.85,4.92,4.9,24723919,121173932.54,0.4082,1.0957,1,0,none,baostock,query_history_k_data_plus
600266,SHSE.600266,,SH,A股-上交所,2021-09-10,4.92,4.96,4.83,4.84,4.92,28014565,137023658.2,-1.626,1.2415,1,0,none,baostock,query_history_k_data_plus
600266,SHSE.600266,,SH,A股-上交所,2021-09-13,4.83,4.9,4.8,4.88,4.84,18731439,91158504.81,0.8264,0.8301,1,0,none,baostock,query_history_k_data_plus
600266,SHSE.600266,,SH,A股-上交所,2021-09-14,4.86,4.88,4.71,4.71,4.88,23952578,114553744.92,-3.4836,1.0615,1,0,none,baostock,query_history_k_data_plus
600266,SHSE.600266,,SH,A股-上交所,2021-09-15,4.71,4.78,4.69,4.74,4.71,13451483,63766648.7,0.6369,0.5961,1,0,none,baostock,query_history_k_data_plus
600266,SHSE.600266,,SH,A股-上交所,2021-09-16,4.75,4.82,4.72,4.73,4.74,15576101,74322127.8,-0.211,0.6903,1,0,none,baostock,query_history_k_data_plus
600266,SHSE.600266,,SH,A股-上交所,2021-09-17,4.73,4.77,4.65,4.71,4.73,16447964,77232799.48,-0.4228,0.7289,1,0,none,baostock,query_history_k_data_plus
600266,SHSE.600266,,SH,A股-上交所,2021-09-22,4.62,4.78,4.61,4.74,4.71,13907975,65364769.95,0.6369,0.6163,1,0,none,baostock,query_history_k_data_plus
600266,SHSE.600266,,SH,A股-上交所,2021-09-23,4.78,4.94,4.76,4.87,4.74,24359127,118257163.23,2.7426,1.0795,1,0,none,baostock,query_history_k_data_plus
600266,SHSE.600266,,SH,A股-上交所,2021-09-24,4.91,4.93,4.77,4.79,4.87,17130467,82562191.95,-1.6427,0.7591,1,0,none,baostock,query_history_k_data_plus
600266,SHSE.600266,,SH,A股-上交所,2021-09-27,4.79,4.79,4.64,4.66,4.79,16676016,78024913.21,-2.714,0.739,1,0,none,baostock,query_history_k_data_plus
600266,SHSE.600266,,SH,A股-上交所,2021-09-28,4.66,4.73,4.65,4.73,4.66,10594412,49943176.98,1.5021,0.4695,1,0,none,baostock,query_history_k_data_plus
600266,SHSE.600266,,SH,A股-上交所,2021-09-29,4.68,4.73,4.63,4.65,4.73,9899088,46192920.08,-1.6913,0.4387,1,0,none,baostock,query_history_k_data_plus
600266,SHSE.600266,,SH,A股-上交所,2021-09-30,4.69,4.72,4.63,4.66,4.65,8247369,38499696.2,0.2151,0.3655,1,0,none,baostock,query_history_k_data_plus
600266,SHSE.600266,,SH,A股-上交所,2021-10-08,4.63,4.72,4.62,4.7,4.66,9883856,46376429.65,0.8584,0.438,1,0,none,baostock,query_history_k_data_plus
600266,SHSE.600266,,SH,A股-上交所,2021-10-11,4.7,4.74,4.65,4.66,4.7,9314353,43642376.1,-0.8511,0.4128,1,0,none,baostock,query_history_k_data_plus
600266,SHSE.600266,,SH,A股-上交所,2021-10-12,4.66,4.69,4.6,4.61,4.66,8757157,40673590.03,-1.073,0.3881,1,0,none,baostock,query_history_k_data_plus
600266,SHSE.600266,,SH,A股-上交所,2021-10-13,4.63,4.64,4.52,4.57,4.61,10918872,49919391.26,-0.8677,0.4839,1,0,none,baostock,query_history_k_data_plus
600266,SHSE.600266,,SH,A股-上交所,2021-10-14,4.59,4.59,4.53,4.57,4.57,6834508,31229148.72,0.0,0.3029,1,0,none,baostock,query_history_k_data_plus
600266,SHSE.600266,,SH,A股-上交所,2021-10-15,4.59,4.59,4.53,4.55,4.57,6468339,29403144.67,-0.4376,0.2866,1,0,none,baostock,query_history_k_data_plus
600266,SHSE.600266,,SH,A股-上交所,2021-10-18,4.55,4.56,4.5,4.52,4.55,7011104,31757318.16,-0.6593,0.3107,1,0,none,baostock,query_history_k_data_plus
600266,SHSE.600266,,SH,A股-上交所,2021-10-19,4.51,4.53,4.46,4.46,4.52,6968244,31245913.59,-1.3274,0.3088,1,0,none,baostock,query_history_k_data_plus
600266,SHSE.600266,,SH,A股-上交所,2021-10-20,4.47,4.49,4.45,4.46,4.46,6544913,29203123.3,0.0,0.29,1,0,none,baostock,query_history_k_data_plus
600266,SHSE.600266,,SH,A股-上交所,2021-10-21,4.46,4.54,4.46,4.53,4.46,10167002,45847090.28,1.5695,0.4506,1,0,none,baostock,query_history_k_data_plus
600266,SHSE.600266,,SH,A股-上交所,2021-10-22,4.54,4.72,4.53,4.63,4.53,17985165,83541584.31,2.2075,0.797,1,0,none,baostock,query_history_k_data_plus
600266,SHSE.600266,,SH,A股-上交所,2021-10-25,4.55,4.55,4.43,4.5,4.63,11950629,53656705.38,-2.8078,0.5296,1,0,none,baostock,query_history_k_data_plus
600266,SHSE.600266,,SH,A股-上交所,2021-10-26,4.47,4.49,4.42,4.42,4.5,7680285,34141693.96,-1.7778,0.3404,1,0,none,baostock,query_history_k_data_plus
600266,SHSE.600266,,SH,A股-上交所,2021-10-27,4.44,4.45,4.35,4.36,4.42,6235529,27299386.86,-1.3575,0.2763,1,0,none,baostock,query_history_k_data_plus
600266,SHSE.600266,,SH,A股-上交所,2021-10-28,4.35,4.37,4.29,4.37,4.36,6800576,29449856.92,0.2294,0.3014,1,0,none,baostock,query_history_k_data_plus
600266,SHSE.600266,,SH,A股-上交所,2021-10-29,4.36,4.4,4.33,4.39,4.37,4360888,19067162.04,0.4577,0.1933,1,0,none,baostock,query_history_k_data_plus
600266,SHSE.600266,,SH,A股-上交所,2021-11-01,4.32,4.48,4.29,4.4,4.39,11241385,49306448.47,0.2278,0.4982,1,0,none,baostock,query_history_k_data_plus
600266,SHSE.600266,,SH,A股-上交所,2021-11-02,4.38,4.38,4.28,4.3,4.4,9868509,42731213.67,-2.2727,0.4373,1,0,none,baostock,query_history_k_data_plus
600266,SHSE.600266,,SH,A股-上交所,2021-11-03,4.29,4.34,4.29,4.31,4.3,5322154,22964702.71,0.2326,0.2359,1,0,none,baostock,query_history_k_data_plus
600266,SHSE.600266,,SH,A股-上交所,2021-11-04,4.32,4.32,4.27,4.29,4.31,5311873,22785521.96,-0.464,0.2354,1,0,none,baostock,query_history_k_data_plus
600266,SHSE.600266,,SH,A股-上交所,2021-11-05,4.3,4.37,4.25,4.32,4.29,8161236,35112475.45,0.6993,0.3617,1,0,none,baostock,query_history_k_data_plus
600266,SHSE.600266,,SH,A股-上交所,2021-11-08,4.3,4.33,4.27,4.31,4.32,5362253,23071785.24,-0.2315,0.2376,1,0,none,baostock,query_history_k_data_plus
600266,SHSE.600266,,SH,A股-上交所,2021-11-09,4.3,4.34,4.29,4.31,4.31,5277260,22760757.6,0.0,0.2339,1,0,none,baostock,query_history_k_data_plus
600266,SHSE.600266,,SH,A股-上交所,2021-11-10,4.31,4.4,4.31,4.39,4.31,9169729,39876765.66,1.8561,0.4064,1,0,none,baostock,query_history_k_data_plus
600266,SHSE.600266,,SH,A股-上交所,2021-11-11,4.4,4.58,4.36,4.51,4.39,18055177,81326373.73,2.7335,0.8001,1,0,none,baostock,query_history_k_data_plus
600266,SHSE.600266,,SH,A股-上交所,2021-11-12,4.49,4.57,4.43,4.57,4.51,14706584,66318324.8,1.3304,0.6517,1,0,none,baostock,query_history_k_data_plus
600266,SHSE.600266,,SH,A股-上交所,2021-11-15,4.55,4.58,4.43,4.47,4.57,14440789,64629179.41,-2.1882,0.64,1,0,none,baostock,query_history_k_data_plus
600266,SHSE.600266,,SH,A股-上交所,2021-11-16,4.48,4.49,4.38,4.4,4.47,9808866,43387796.96,-1.566,0.4347,1,0,none,baostock,query_history_k_data_plus
600266,SHSE.600266,,SH,A股-上交所,2021-11-17,4.4,4.42,4.38,4.39,4.4,4728124,20745845.52,-0.2273,0.2095,1,0,none,baostock,query_history_k_data_plus
600266,SHSE.600266,,SH,A股-上交所,2021-11-18,4.39,4.39,4.31,4.31,4.39,8087257,35089810.4,-1.8223,0.3584,1,0,none,baostock,query_history_k_data_plus
600266,SHSE.600266,,SH,A股-上交所,2021-11-19,4.32,4.38,4.3,4.37,4.31,8211275,35639925.12,1.3921,0.3639,1,0,none,baostock,query_history_k_data_plus
600266,SHSE.600266,,SH,A股-上交所,2021-11-22,4.39,4.39,4.31,4.32,4.37,7649673,33093128.4,-1.1442,0.339,1,0,none,baostock,query_history_k_data_plus
600266,SHSE.600266,,SH,A股-上交所,2021-11-23,4.31,4.34,4.3,4.31,4.32,6130581,26499677.86,-0.2315,0.2717,1,0,none,baostock,query_history_k_data_plus
600266,SHSE.600266,,SH,A股-上交所,2021-11-24,4.31,4.34,4.3,4.34,4.31,5646892,24397890.88,0.6961,0.2502,1,0,none,baostock,query_history_k_data_plus
600266,SHSE.600266,,SH,A股-上交所,2021-11-25,4.33,4.34,4.3,4.31,4.34,6661353,28756848.89,-0.6912,0.2952,1,0,none,baostock,query_history_k_data_plus
600266,SHSE.600266,,SH,A股-上交所,2021-11-26,4.31,4.31,4.26,4.28,4.31,9638036,41319623.38,-0.6961,0.4271,1,0,none,baostock,query_history_k_data_plus
600266,SHSE.600266,,SH,A股-上交所,2021-11-29,4.26,4.26,4.2,4.21,4.28,8940822,37737728.25,-1.6355,0.3962,1,0,none,baostock,query_history_k_data_plus
600266,SHSE.600266,,SH,A股-上交所,2021-11-30,4.21,4.23,4.2,4.2,4.21,6864365,28922793.12,-0.2375,0.3042,1,0,none,baostock,query_history_k_data_plus
600266,SHSE.600266,,SH,A股-上交所,2021-12-01,4.2,4.3,4.19,4.28,4.2,7610200,32409099.5,1.9048,0.3373,1,0,none,baostock,query_history_k_data_plus
600266,SHSE.600266,,SH,A股-上交所,2021-12-02,4.27,4.32,4.26,4.29,4.28,7227546,30968623.94,0.2336,0.3203,1,0,none,baostock,query_history_k_data_plus
600266,SHSE.600266,,SH,A股-上交所,2021-12-03,4.28,4.32,4.27,4.31,4.29,6074272,26117044.57,0.4662,0.2692,1,0,none,baostock,query_history_k_data_plus
600266,SHSE.600266,,SH,A股-上交所,2021-12-06,4.32,4.36,4.26,4.27,4.31,7535658,32470013.79,-0.9281,0.3339,1,0,none,baostock,query_history_k_data_plus
600266,SHSE.600266,,SH,A股-上交所,2021-12-07,4.32,4.35,4.28,4.32,4.27,7914851,34152383.93,1.171,0.3508,1,0,none,baostock,query_history_k_data_plus
600266,SHSE.600266,,SH,A股-上交所,2021-12-08,4.32,4.33,4.28,4.31,4.32,7107125,30539005.14,-0.2315,0.315,1,0,none,baostock,query_history_k_data_plus
600266,SHSE.600266,,SH,A股-上交所,2021-12-09,4.31,4.4,4.29,4.38,4.31,11839748,51606679.88,1.6241,0.5247,1,0,none,baostock,query_history_k_data_plus
600266,SHSE.600266,,SH,A股-上交所,2021-12-10,4.35,4.38,4.33,4.35,4.38,6878906,30000105.38,-0.6849,0.3048,1,0,none,baostock,query_history_k_data_plus
600266,SHSE.600266,,SH,A股-上交所,2021-12-13,4.35,4.38,4.33,4.35,4.35,6611977,28770564.69,0.0,0.293,1,0,none,baostock,query_history_k_data_plus
600266,SHSE.600266,,SH,A股-上交所,2021-12-14,4.34,4.34,4.29,4.3,4.35,5524557,23822181.53,-1.1494,0.2448,1,0,none,baostock,query_history_k_data_plus
600266,SHSE.600266,,SH,A股-上交所,2021-12-15,4.29,4.37,4.29,4.34,4.3,7956971,34544662.79,0.9302,0.3526,1,0,none,baostock,query_history_k_data_plus
600266,SHSE.600266,,SH,A股-上交所,2021-12-16,4.34,4.38,4.32,4.36,4.34,8488541,36959696.89,0.4608,0.3762,1,0,none,baostock,query_history_k_data_plus
600266,SHSE.600266,,SH,A股-上交所,2021-12-17,4.35,4.45,4.35,4.42,4.36,12287841,54131457.28,1.3761,0.5445,1,0,none,baostock,query_history_k_data_plus
600266,SHSE.600266,,SH,A股-上交所,2021-12-20,4.42,4.51,4.4,4.47,4.42,17451205,78140494.23,1.1312,0.7734,1,0,none,baostock,query_history_k_data_plus
600266,SHSE.600266,,SH,A股-上交所,2021-12-21,4.49,4.72,4.48,4.68,4.47,41636333,192845967.36,4.698,1.8451,1,0,none,baostock,query_history_k_data_plus
600266,SHSE.600266,,SH,A股-上交所,2021-12-22,4.69,4.69,4.5,4.58,4.68,26208019,120744842.78,-2.1368,1.1614,1,0,none,baostock,query_history_k_data_plus
600266,SHSE.600266,,SH,A股-上交所,2021-12-23,4.56,4.61,4.47,4.5,4.58,18127319,81895653.85,-1.7467,0.8033,1,0,none,baostock,query_history_k_data_plus
600266,SHSE.600266,,SH,A股-上交所,2021-12-24,4.51,4.51,4.43,4.45,4.5,12227321,54441863.27,-1.1111,0.5419,1,0,none,baostock,query_history_k_data_plus
600266,SHSE.600266,,SH,A股-上交所,2021-12-27,4.46,4.52,4.45,4.48,4.45,9610820,43198201.4,0.6742,0.4259,1,0,none,baostock,query_history_k_data_plus
600266,SHSE.600266,,SH,A股-上交所,2021-12-28,4.49,4.5,4.4,4.49,4.48,9396483,41990183.61,0.2232,0.4164,1,0,none,baostock,query_history_k_data_plus
600266,SHSE.600266,,SH,A股-上交所,2021-12-29,4.49,4.52,4.47,4.48,4.49,8062693,36202097.29,-0.2227,0.3573,1,0,none,baostock,query_history_k_data_plus
600266,SHSE.600266,,SH,A股-上交所,2021-12-30,4.47,4.52,4.47,4.5,4.48,6120762,27523592.43,0.4464,0.2712,1,0,none,baostock,query_history_k_data_plus
600266,SHSE.600266,,SH,A股-上交所,2021-12-31,4.5,4.54,4.48,4.5,4.5,7692573,34679149.94,0.0,0.3409,1,0,none,baostock,query_history_k_data_plus
600266,SHSE.600266,,SH,A股-上交所,2022-01-04,4.52,4.57,4.5,4.56,4.5,11546992,52461278.14,1.3333,0.5117,1,0,none,baostock,query_history_k_data_plus
600266,SHSE.600266,,SH,A股-上交所,2022-01-05,4.55,4.63,4.53,4.55,4.56,10468841,47778775.84,-0.2193,0.4639,1,0,none,baostock,query_history_k_data_plus
600266,SHSE.600266,,SH,A股-上交所,2022-01-06,4.56,4.67,4.53,4.65,4.55,18174009,84047666.29,2.1978,0.8054,1,0,none,baostock,query_history_k_data_plus
600266,SHSE.600266,,SH,A股-上交所,2022-01-07,4.64,4.76,4.64,4.7,4.65,27295468,128577843.79,1.0753,1.2096,1,0,none,baostock,query_history_k_data_plus
600266,SHSE.600266,,SH,A股-上交所,2022-01-10,4.71,4.72,4.63,4.7,4.7,14271334,66687973.18,0.0,0.6324,1,0,none,baostock,query_history_k_data_plus
600266,SHSE.600266,,SH,A股-上交所,2022-01-11,4.68,4.76,4.67,4.7,4.7,14486696,68356423.4,0.0,0.642,1,0,none,baostock,query_history_k_data_plus
600266,SHSE.600266,,SH,A股-上交所,2022-01-12,4.68,4.7,4.63,4.66,4.7,13635660,63511437.57,-0.8511,0.6043,1,0,none,baostock,query_history_k_data_plus
600266,SHSE.600266,,SH,A股-上交所,2022-01-13,4.66,4.77,4.65,4.67,4.66,14917174,70249486.58,0.2146,0.6611,1,0,none,baostock,query_history_k_data_plus
600266,SHSE.600266,,SH,A股-上交所,2022-01-14,4.68,4.69,4.56,4.59,4.67,14132185,65084290.93,-1.7131,0.6263,1,0,none,baostock,query_history_k_data_plus
600266,SHSE.600266,,SH,A股-上交所,2022-01-17,4.58,4.64,4.56,4.59,4.59,9791980,45060041.32,0.0,0.4339,1,0,none,baostock,query_history_k_data_plus
600266,SHSE.600266,,SH,A股-上交所,2022-01-18,4.61,4.68,4.56,4.65,4.59,12706246,58832126.62,1.3072,0.5631,1,0,none,baostock,query_history_k_data_plus
600266,SHSE.600266,,SH,A股-上交所,2022-01-19,4.65,4.7,4.64,4.67,4.65,9540976,44578595.52,0.4301,0.4228,1,0,none,baostock,query_history_k_data_plus
600266,SHSE.600266,,SH,A股-上交所,2022-01-20,4.68,4.72,4.6,4.65,4.67,11696706,54497291.18,-0.4283,0.5183,1,0,none,baostock,query_history_k_data_plus
600266,SHSE.600266,,SH,A股-上交所,2022-01-21,4.63,4.68,4.59,4.65,4.65,11488339,53226709.92,0.0,0.5091,1,0,none,baostock,query_history_k_data_plus
600266,SHSE.600266,,SH,A股-上交所,2022-01-24,4.65,4.66,4.55,4.59,4.65,9729679,44735047.11,-1.2903,0.4312,1,0,none,baostock,query_history_k_data_plus
600266,SHSE.600266,,SH,A股-上交所,2022-01-25,4.59,4.59,4.37,4.39,4.59,16294755,72858663.27,-4.3573,0.7221,1,0,none,baostock,query_history_k_data_plus
600266,SHSE.600266,,SH,A股-上交所,2022-01-26,4.38,4.45,4.36,4.4,4.39,10435532,45877860.63,0.2278,0.4625,1,0,none,baostock,query_history_k_data_plus
600266,SHSE.600266,,SH,A股-上交所,2022-01-27,4.39,4.4,4.29,4.32,4.4,12231924,53084259.14,-1.8182,0.5421,1,0,none,baostock,query_history_k_data_plus
600266,SHSE.600266,,SH,A股-上交所,2022-01-28,4.35,4.38,4.29,4.34,4.32,8267703,35903548.27,0.463,0.3664,1,0,none,baostock,query_history_k_data_plus
600266,SHSE.600266,,SH,A股-上交所,2022-02-07,4.36,4.48,4.34,4.46,4.34,13422693,59271628.35,2.765,0.5948,1,0,none,baostock,query_history_k_data_plus
600266,SHSE.600266,,SH,A股-上交所,2022-02-08,4.44,4.61,4.43,4.61,4.46,16068295,73159712.83,3.3632,0.7121,1,0,none,baostock,query_history_k_data_plus
600266,SHSE.600266,,SH,A股-上交所,2022-02-09,4.62,4.68,4.58,4.6,4.61,11478865,53046816.64,-0.2169,0.5087,1,0,none,baostock,query_history_k_data_plus
600266,SHSE.600266,,SH,A股-上交所,2022-02-10,4.61,4.64,4.54,4.62,4.6,9006957,41420651.68,0.4348,0.3991,1,0,none,baostock,query_history_k_data_plus
600266,SHSE.600266,,SH,A股-上交所,2022-02-11,4.62,4.7,4.61,4.64,4.62,13396559,62296585.89,0.4329,0.5937,1,0,none,baostock,query_history_k_data_plus
600266,SHSE.600266,,SH,A股-上交所,2022-02-14,4.64,4.64,4.56,4.58,4.64,11367799,52213847.86,-1.2931,0.5038,1,0,none,baostock,query_history_k_data_plus
600266,SHSE.600266,,SH,A股-上交所,2022-02-15,4.58,4.59,4.47,4.49,4.58,10710917,48383510.3,-1.9651,0.4747,1,0,none,baostock,query_history_k_data_plus
600266,SHSE.600266,,SH,A股-上交所,2022-02-16,4.51,4.56,4.48,4.51,4.49,7975048,36055068.62,0.4454,0.3534,1,0,none,baostock,query_history_k_data_plus
600266,SHSE.600266,,SH,A股-上交所,2022-02-17,4.52,4.52,4.44,4.45,4.51,8077266,36173722.35,-1.3304,0.3579,1,0,none,baostock,query_history_k_data_plus
600266,SHSE.600266,,SH,A股-上交所,2022-02-18,4.45,4.62,4.44,4.62,4.45,13300289,60556806.22,3.8202,0.5894,1,0,none,baostock,query_history_k_data_plus
600266,SHSE.600266,,SH,A股-上交所,2022-02-21,4.62,4.69,4.59,4.68,4.62,12893578,59865525.1,1.2987,0.5714,1,0,none,baostock,query_history_k_data_plus
600266,SHSE.600266,,SH,A股-上交所,2022-02-22,4.63,4.73,4.61,4.63,4.68,13041654,60850593.06,-1.0684,0.5779,1,0,none,baostock,query_history_k_data_plus
600266,SHSE.600266,,SH,A股-上交所,2022-02-23,4.65,4.67,4.59,4.62,4.63,10679181,49345921.74,-0.216,0.4733,1,0,none,baostock,query_history_k_data_plus
600266,SHSE.600266,,SH,A股-上交所,2022-02-24,4.63,4.63,4.46,4.51,4.62,13171017,59888996.28,-2.381,0.5837,1,0,none,baostock,query_history_k_data_plus
600266,SHSE.600266,,SH,A股-上交所,2022-02-25,4.53,4.56,4.46,4.49,4.51,8388537,37835616.73,-0.4435,0.3717,1,0,none,baostock,query_history_k_data_plus
600266,SHSE.600266,,SH,A股-上交所,2022-02-28,4.49,4.51,4.38,4.43,4.49,10395587,46004650.0,-1.3363,0.4607,1,0,none,baostock,query_history_k_data_plus
600266,SHSE.600266,,SH,A股-上交所,2022-03-01,4.44,4.5,4.42,4.46,4.43,8175663,36446704.0,0.6772,0.3623,1,0,none,baostock,query_history_k_data_plus
600266,SHSE.600266,,SH,A股-上交所,2022-03-02,4.49,4.55,4.45,4.49,4.46,8857747,39957392.0,0.6726,0.3925,1,0,none,baostock,query_history_k_data_plus
600266,SHSE.600266,,SH,A股-上交所,2022-03-03,4.51,4.67,4.5,4.65,4.49,19757042,91320965.0,3.5635,0.8755,1,0,none,baostock,query_history_k_data_plus
600266,SHSE.600266,,SH,A股-上交所,2022-03-04,4.62,4.63,4.53,4.57,4.65,13319270,60736274.0,-1.7204,0.5903,1,0,none,baostock,query_history_k_data_plus
600266,SHSE.600266,,SH,A股-上交所,2022-03-07,4.56,4.61,4.53,4.55,4.57,11893571,54340210.0,-0.4376,0.5271,1,0,none,baostock,query_history_k_data_plus
600266,SHSE.600266,,SH,A股-上交所,2022-03-08,4.56,4.56,4.41,4.43,4.55,11311831,50474508.0,-2.6374,0.5013,1,0,none,baostock,query_history_k_data_plus
600266,SHSE.600266,,SH,A股-上交所,2022-03-09,4.43,4.44,4.12,4.23,4.43,18674970,79883514.0,-4.5147,0.8276,1,0,none,baostock,query_history_k_data_plus
600266,SHSE.600266,,SH,A股-上交所,2022-03-10,4.29,4.42,4.23,4.37,4.23,16569152,72147317.0,3.3097,0.7343,1,0,none,baostock,query_history_k_data_plus
600266,SHSE.600266,,SH,A股-上交所,2022-03-11,4.33,4.38,4.22,4.35,4.37,11728022,50390174.0,-0.4577,0.5197,1,0,none,baostock,query_history_k_data_plus
600266,SHSE.600266,,SH,A股-上交所,2022-03-14,4.33,4.39,4.25,4.27,4.35,9709701,41881562.0,-1.8391,0.4303,1,0,none,baostock,query_history_k_data_plus
600266,SHSE.600266,,SH,A股-上交所,2022-03-15,4.22,4.24,4.02,4.03,4.27,19734482,81543026.0,-5.6206,0.8745,1,0,none,baostock,query_history_k_data_plus
600266,SHSE.600266,,SH,A股-上交所,2022-03-16,4.09,4.16,3.96,4.13,4.03,13722870,55859198.0,2.4814,0.6081,1,0,none,baostock,query_history_k_data_plus
600266,SHSE.600266,,SH,A股-上交所,2022-03-17,4.2,4.31,4.17,4.21,4.13,15796642,66896883.0,1.937,0.7,1,0,none,baostock,query_history_k_data_plus
600266,SHSE.600266,,SH,A股-上交所,2022-03-18,4.19,4.36,4.18,4.34,4.21,15458296,66383635.16,3.0879,0.685,1,0,none,baostock,query_history_k_data_plus
600266,SHSE.600266,,SH,A股-上交所,2022-03-21,4.37,4.48,4.32,4.46,4.34,19676602,86839512.76,2.765,0.872,1,0,none,baostock,query_history_k_data_plus
600266,SHSE.600266,,SH,A股-上交所,2022-03-22,4.47,4.76,4.41,4.7,4.46,47172713,219078078.51,5.3812,2.0905,1,0,none,baostock,query_history_k_data_plus
600266,SHSE.600266,,SH,A股-上交所,2022-03-23,4.66,4.85,4.65,4.81,4.7,37000982,175777542.7,2.3404,1.6397,1,0,none,baostock,query_history_k_data_plus
600266,SHSE.600266,,SH,A股-上交所,2022-03-24,4.78,4.89,4.7,4.73,4.81,34062889,163040801.36,-1.6632,1.5095,1,0,none,baostock,query_history_k_data_plus
600266,SHSE.600266,,SH,A股-上交所,2022-03-25,4.73,4.88,4.63,4.78,4.73,37180606,177103218.07,1.0571,1.6477,1,0,none,baostock,query_history_k_data_plus
600266,SHSE.600266,,SH,A股-上交所,2022-03-28,4.78,4.95,4.73,4.9,4.78,43171497,210699337.32,2.5105,1.9132,1,0,none,baostock,query_history_k_data_plus
600266,SHSE.600266,,SH,A股-上交所,2022-03-29,4.88,4.9,4.76,4.8,4.9,30907329,149062357.61,-2.0408,1.3697,1,0,none,baostock,query_history_k_data_plus
600266,SHSE.600266,,SH,A股-上交所,2022-03-30,4.8,5.15,4.78,5.02,4.8,58330319,290646291.1,4.5833,2.5849,1,0,none,baostock,query_history_k_data_plus
600266,SHSE.600266,,SH,A股-上交所,2022-03-31,5.05,5.52,5.04,5.35,5.02,140111516,756058533.23,6.5737,6.2091,1,0,none,baostock,query_history_k_data_plus
600266,SHSE.600266,,SH,A股-上交所,2022-04-01,5.31,5.34,5.1,5.26,5.35,103148778,539383908.98,-1.6822,4.5711,1,0,none,baostock,query_history_k_data_plus
600266,SHSE.600266,,SH,A股-上交所,2022-04-06,5.43,5.71,5.24,5.54,5.26,105532953,576436794.28,5.3232,4.6768,1,0,none,baostock,query_history_k_data_plus
600266,SHSE.600266,,SH,A股-上交所,2022-04-07,5.38,5.61,5.26,5.26,5.54,78419434,422128992.15,-5.0542,3.4752,1,0,none,baostock,query_history_k_data_plus
600266,SHSE.600266,,SH,A股-上交所,2022-04-08,5.25,5.46,5.12,5.41,5.26,66065346,350199156.23,2.8517,2.9277,1,0,none,baostock,query_history_k_data_plus
600266,SHSE.600266,,SH,A股-上交所,2022-04-11,5.32,5.42,5.19,5.2,5.41,58354380,309047444.54,-3.8817,2.586,1,0,none,baostock,query_history_k_data_plus
600266,SHSE.600266,,SH,A股-上交所,2022-04-12,5.22,5.3,5.03,5.06,5.2,51044938,263302201.7,-2.6923,2.2621,1,0,none,baostock,query_history_k_data_plus
600266,SHSE.600266,,SH,A股-上交所,2022-04-13,5.06,5.14,4.93,5.03,5.06,53537562,270356540.77,-0.5929,2.3726,1,0,none,baostock,query_history_k_data_plus
600266,SHSE.600266,,SH,A股-上交所,2022-04-14,5.06,5.39,5.05,5.2,5.03,45821083,239759061.31,3.3797,2.0306,1,0,none,baostock,query_history_k_data_plus
600266,SHSE.600266,,SH,A股-上交所,2022-04-15,5.2,5.47,5.17,5.23,5.2,57845793,308202147.6,0.5769,2.5635,1,0,none,baostock,query_history_k_data_plus
600266,SHSE.600266,,SH,A股-上交所,2022-04-18,5.11,5.37,5.11,5.15,5.23,39881259,209023539.33,-1.5296,1.7674,1,0,none,baostock,query_history_k_data_plus
600266,SHSE.600266,,SH,A股-上交所,2022-04-19,5.15,5.4,5.03,5.35,5.15,46634325,245822498.47,3.8835,2.0666,1,0,none,baostock,query_history_k_data_plus
600266,SHSE.600266,,SH,A股-上交所,2022-04-20,5.35,5.35,4.96,5.0,5.35,46853292,239479767.76,-6.5421,2.0763,1,0,none,baostock,query_history_k_data_plus
600266,SHSE.600266,,SH,A股-上交所,2022-04-21,5.04,5.06,4.78,4.81,5.0,37721797,185231619.95,-3.8,1.6717,1,0,none,baostock,query_history_k_data_plus
600266,SHSE.600266,,SH,A股-上交所,2022-04-22,4.84,4.87,4.71,4.77,4.81,20912750,100047763.05,-0.8316,0.9268,1,0,none,baostock,query_history_k_data_plus
600266,SHSE.600266,,SH,A股-上交所,2022-04-25,4.77,4.77,4.33,4.33,4.77,44361644,200589594.4,-9.2243,1.9659,1,0,none,baostock,query_history_k_data_plus
600266,SHSE.600266,,SH,A股-上交所,2022-04-26,4.36,4.39,4.21,4.23,4.33,44149279,189613606.29,-2.3095,1.9565,1,0,none,baostock,query_history_k_data_plus
600266,SHSE.600266,,SH,A股-上交所,2022-04-27,4.14,4.27,4.04,4.15,4.23,42705153,176753810.84,-1.8913,1.8925,1,0,none,baostock,query_history_k_data_plus
600266,SHSE.600266,,SH,A股-上交所,2022-04-28,4.1,4.34,4.09,4.27,4.15,43579099,184482986.3,2.8916,1.9312,1,0,none,baostock,query_history_k_data_plus
600266,SHSE.600266,,SH,A股-上交所,2022-04-29,4.26,4.54,4.24,4.49,4.27,37484856,166096003.14,5.1522,1.6612,1,0,none,baostock,query_history_k_data_plus
600266,SHSE.600266,,SH,A股-上交所,2022-05-05,4.45,4.45,4.15,4.25,4.49,58260919,248591377.1,-5.3452,2.5819,1,0,none,baostock,query_history_k_data_plus
600266,SHSE.600266,,SH,A股-上交所,2022-05-06,4.13,4.13,3.98,4.03,4.25,43533443,176370012.54,-5.1765,1.9292,1,0,none,baostock,query_history_k_data_plus
600266,SHSE.600266,,SH,A股-上交所,2022-05-09,4.03,4.17,3.96,4.12,4.03,35032150,143750828.41,2.2333,1.5525,1,0,none,baostock,query_history_k_data_plus
600266,SHSE.600266,,SH,A股-上交所,2022-05-10,4.04,4.13,4.03,4.1,4.12,35618107,145385491.46,-0.4854,1.5784,1,0,none,baostock,query_history_k_data_plus
600266,SHSE.600266,,SH,A股-上交所,2022-05-11,4.1,4.17,4.05,4.07,4.1,36250474,148653480.12,-0.7317,1.6065,1,0,none,baostock,query_history_k_data_plus
600266,SHSE.600266,,SH,A股-上交所,2022-05-12,4.05,4.11,3.97,4.05,4.07,30257150,122196294.59,-0.4914,1.3409,1,0,none,baostock,query_history_k_data_plus
600266,SHSE.600266,,SH,A股-上交所,2022-05-13,4.05,4.16,4.01,4.14,4.05,43057384,176341431.08,2.2222,1.9081,1,0,none,baostock,query_history_k_data_plus
600266,SHSE.600266,,SH,A股-上交所,2022-05-16,4.26,4.41,4.2,4.32,4.14,63503933,273387252.16,4.3478,2.8142,1,0,none,baostock,query_history_k_data_plus
600266,SHSE.600266,,SH,A股-上交所,2022-05-17,4.32,4.37,4.17,4.23,4.32,35147651,149016820.92,-2.0833,1.5576,1,0,none,baostock,query_history_k_data_plus
600266,SHSE.600266,,SH,A股-上交所,2022-05-18,4.21,4.23,4.17,4.18,4.23,21837828,91512554.07,-1.182,0.9678,1,0,none,baostock,query_history_k_data_plus
600266,SHSE.600266,,SH,A股-上交所,2022-05-19,4.11,4.26,4.1,4.25,4.18,27641167,116464506.71,1.6746,1.2249,1,0,none,baostock,query_history_k_data_plus
600266,SHSE.600266,,SH,A股-上交所,2022-05-20,4.25,4.28,4.19,4.23,4.25,19923528,84252886.31,-0.4706,0.8829,1,0,none,baostock,query_history_k_data_plus
600266,SHSE.600266,,SH,A股-上交所,2022-05-23,4.24,4.24,4.15,4.18,4.23,24592010,102945849.61,-1.182,1.0898,1,0,none,baostock,query_history_k_data_plus
600266,SHSE.600266,,SH,A股-上交所,2022-05-24,4.18,4.18,4.03,4.06,4.18,27821693,114045428.76,-2.8708,1.2329,1,0,none,baostock,query_history_k_data_plus
600266,SHSE.600266,,SH,A股-上交所,2022-05-25,4.05,4.11,4.03,4.1,4.06,14705276,59964028.2,0.9852,0.6517,1,0,none,baostock,query_history_k_data_plus
600266,SHSE.600266,,SH,A股-上交所,2022-05-26,4.1,4.15,4.08,4.11,4.1,18520004,76207073.81,0.2439,0.8207,1,0,none,baostock,query_history_k_data_plus
600266,SHSE.600266,,SH,A股-上交所,2022-05-27,4.12,4.13,4.08,4.1,4.11,18176705,74561987.97,-0.2433,0.8055,1,0,none,baostock,query_history_k_data_plus
600266,SHSE.600266,,SH,A股-上交所,2022-05-30,4.12,4.13,4.05,4.07,4.1,20401544,83318385.02,-0.7317,0.9041,1,0,none,baostock,query_history_k_data_plus
600266,SHSE.600266,,SH,A股-上交所,2022-05-31,4.06,4.11,4.05,4.09,4.07,15450475,62973376.72,0.4914,0.6847,1,0,none,baostock,query_history_k_data_plus
600266,SHSE.600266,,SH,A股-上交所,2022-06-01,4.09,4.11,4.05,4.08,4.09,18513672,75606653.73,-0.2445,0.8204,1,0,none,baostock,query_history_k_data_plus
600266,SHSE.600266,,SH,A股-上交所,2022-06-02,4.09,4.09,4.04,4.07,4.08,18424177,74746751.98,-0.2451,0.8165,1,0,none,baostock,query_history_k_data_plus
600266,SHSE.600266,,SH,A股-上交所,2022-06-06,4.07,4.08,4.02,4.05,4.07,26353170,106504425.13,-0.4914,1.1679,1,0,none,baostock,query_history_k_data_plus
600266,SHSE.600266,,SH,A股-上交所,2022-06-07,4.06,4.09,4.03,4.09,4.05,30253933,122800166.01,0.9877,1.3407,1,0,none,baostock,query_history_k_data_plus
600266,SHSE.600266,,SH,A股-上交所,2022-06-08,4.07,4.1,4.0,4.05,4.09,27565920,111560160.4,-0.978,1.2216,1,0,none,baostock,query_history_k_data_plus
600266,SHSE.600266,,SH,A股-上交所,2022-06-09,4.04,4.07,4.02,4.03,4.05,23612965,95342151.74,-0.4938,1.0464,1,0,none,baostock,query_history_k_data_plus
600266,SHSE.600266,,SH,A股-上交所,2022-06-10,4.01,4.04,3.99,4.04,4.03,32956658,132318336.02,0.2481,1.4605,1,0,none,baostock,query_history_k_data_plus
600266,SHSE.600266,,SH,A股-上交所,2022-06-13,4.01,4.01,3.88,3.92,4.04,40995146,161789892.47,-2.9703,1.8167,1,0,none,baostock,query_history_k_data_plus
600266,SHSE.600266,,SH,A股-上交所,2022-06-14,3.88,3.97,3.86,3.96,3.92,23816996,93054106.22,1.0204,1.0555,1,0,none,baostock,query_history_k_data_plus
600266,SHSE.600266,,SH,A股-上交所,2022-06-15,3.96,4.08,3.95,4.03,3.96,36784530,148305627.46,1.7677,1.6301,1,0,none,baostock,query_history_k_data_plus
600266,SHSE.600266,,SH,A股-上交所,2022-06-16,4.04,4.07,4.0,4.01,4.03,18587519,74894130.57,-0.4963,0.8237,1,0,none,baostock,query_history_k_data_plus
600266,SHSE.600266,,SH,A股-上交所,2022-06-17,3.99,4.01,3.93,3.98,4.01,16509713,65575327.85,-0.7481,0.7316,1,0,none,baostock,query_history_k_data_plus
600266,SHSE.600266,,SH,A股-上交所,2022-06-20,3.98,4.07,3.96,4.06,3.98,22679478,91892098.14,2.0101,1.0051,1,0,none,baostock,query_history_k_data_plus
600266,SHSE.600266,,SH,A股-上交所,2022-06-21,4.07,4.13,4.04,4.07,4.06,26614800,108879667.84,0.2463,1.1795,1,0,none,baostock,query_history_k_data_plus
600266,SHSE.600266,,SH,A股-上交所,2022-06-22,4.08,4.1,4.01,4.02,4.07,15667268,63387893.09,-1.2285,0.6943,1,0,none,baostock,query_history_k_data_plus
600266,SHSE.600266,,SH,A股-上交所,2022-06-23,4.02,4.08,4.02,4.06,4.02,16552197,67039556.46,0.995,0.7335,1,0,none,baostock,query_history_k_data_plus
600266,SHSE.600266,,SH,A股-上交所,2022-06-24,4.06,4.08,4.04,4.05,4.06,13101851,53149819.33,-0.2463,0.5806,1,0,none,baostock,query_history_k_data_plus
600266,SHSE.600266,,SH,A股-上交所,2022-06-27,4.07,4.08,4.03,4.04,4.05,16740614,67840751.81,-0.2469,0.7419,1,0,none,baostock,query_history_k_data_plus
600266,SHSE.600266,,SH,A股-上交所,2022-06-28,4.04,4.06,4.03,4.05,4.04,12322595,49876590.65,0.2475,0.5461,1,0,none,baostock,query_history_k_data_plus
600266,SHSE.600266,,SH,A股-上交所,2022-06-29,4.04,4.17,4.03,4.11,4.05,34388382,141424023.27,1.4815,1.5239,1,0,none,baostock,query_history_k_data_plus
600266,SHSE.600266,,SH,A股-上交所,2022-06-30,4.13,4.13,4.06,4.08,4.11,28138834,115363342.76,-0.7299,1.247,1,0,none,baostock,query_history_k_data_plus
600266,SHSE.600266,,SH,A股-上交所,2022-07-01,4.02,4.07,3.99,4.01,3.99,17907652,72156854.17,0.5013,0.7936,1,0,none,baostock,query_history_k_data_plus
600266,SHSE.600266,,SH,A股-上交所,2022-07-04,4.01,4.02,3.97,4.0,4.01,15496139,61822755.68,-0.2494,0.6867,1,0,none,baostock,query_history_k_data_plus
600266,SHSE.600266,,SH,A股-上交所,2022-07-05,4.0,4.03,3.95,3.98,4.0,12768441,50864188.21,-0.5,0.5658,1,0,none,baostock,query_history_k_data_plus
600266,SHSE.600266,,SH,A股-上交所,2022-07-06,3.97,4.0,3.91,3.92,3.98,12018940,47451438.38,-1.5075,0.5326,1,0,none,baostock,query_history_k_data_plus
600266,SHSE.600266,,SH,A股-上交所,2022-07-07,3.93,3.97,3.91,3.94,3.92,8491650,33500239.3,0.5102,0.3763,1,0,none,baostock,query_history_k_data_plus
600266,SHSE.600266,,SH,A股-上交所,2022-07-08,3.94,3.98,3.91,3.92,3.94,9974817,39354654.25,-0.5076,0.442,1,0,none,baostock,query_history_k_data_plus
600266,SHSE.600266,,SH,A股-上交所,2022-07-11,3.92,3.94,3.88,3.9,3.92,9114201,35593198.55,-0.5102,0.4039,1,0,none,baostock,query_history_k_data_plus
600266,SHSE.600266,,SH,A股-上交所,2022-07-12,3.9,3.93,3.88,3.91,3.9,8530810,33294598.5,0.2564,0.378,1,0,none,baostock,query_history_k_data_plus
600266,SHSE.600266,,SH,A股-上交所,2022-07-13,3.91,3.97,3.9,3.95,3.91,12202487,48156859.48,1.023,0.5408,1,0,none,baostock,query_history_k_data_plus
600266,SHSE.600266,,SH,A股-上交所,2022-07-14,3.95,3.96,3.86,3.9,3.95,14078651,54864387.24,-1.2658,0.6239,1,0,none,baostock,query_history_k_data_plus
600266,SHSE.600266,,SH,A股-上交所,2022-07-15,3.9,3.93,3.71,3.73,3.9,26173004,100071825.06,-4.359,1.1599,1,0,none,baostock,query_history_k_data_plus
600266,SHSE.600266,,SH,A股-上交所,2022-07-18,3.75,3.91,3.74,3.89,3.73,24525776,94238194.39,4.2895,1.0869,1,0,none,baostock,query_history_k_data_plus
600266,SHSE.600266,,SH,A股-上交所,2022-07-19,3.9,3.93,3.86,3.91,3.89,12750175,49714722.51,0.5141,0.565,1,0,none,baostock,query_history_k_data_plus
600266,SHSE.600266,,SH,A股-上交所,2022-07-20,3.92,3.92,3.86,3.87,3.91,8403295,32642077.8,-1.023,0.3724,1,0,none,baostock,query_history_k_data_plus
600266,SHSE.600266,,SH,A股-上交所,2022-07-21,3.86,3.89,3.84,3.84,3.87,8183224,31515260.28,-0.7752,0.3626,1,0,none,baostock,query_history_k_data_plus
600266,SHSE.600266,,SH,A股-上交所,2022-07-22,3.84,3.88,3.83,3.86,3.84,10804458,41683706.65,0.5208,0.4788,1,0,none,baostock,query_history_k_data_plus
600266,SHSE.600266,,SH,A股-上交所,2022-07-25,3.86,3.96,3.86,3.9,3.86,13841081,54256700.51,1.0363,0.6134,1,0,none,baostock,query_history_k_data_plus
600266,SHSE.600266,,SH,A股-上交所,2022-07-26,3.92,4.03,3.89,4.03,3.9,25831410,102712457.5,3.3333,1.1447,1,0,none,baostock,query_history_k_data_plus
600266,SHSE.600266,,SH,A股-上交所,2022-07-27,4.01,4.04,3.96,4.01,4.03,17213557,68785474.64,-0.4963,0.7628,1,0,none,baostock,query_history_k_data_plus
600266,SHSE.600266,,SH,A股-上交所,2022-07-28,4.02,4.05,3.99,4.01,4.01,13133196,52779994.16,0.0,0.582,1,0,none,baostock,query_history_k_data_plus
600266,SHSE.600266,,SH,A股-上交所,2022-07-29,4.02,4.05,3.97,4.03,4.01,18614972,74850418.29,0.4988,0.8249,1,0,none,baostock,query_history_k_data_plus
600266,SHSE.600266,,SH,A股-上交所,2022-08-01,4.01,4.03,3.95,3.97,4.03,13114834,52164167.01,-1.4888,0.5812,1,0,none,baostock,query_history_k_data_plus
600266,SHSE.600266,,SH,A股-上交所,2022-08-02,3.95,3.96,3.79,3.87,3.97,18414573,71056534.48,-2.5189,0.8161,1,0,none,baostock,query_history_k_data_plus
600266,SHSE.600266,,SH,A股-上交所,2022-08-03,3.86,3.9,3.81,3.81,3.87,12025958,46372467.45,-1.5504,0.5329,1,0,none,baostock,query_history_k_data_plus
600266,SHSE.600266,,SH,A股-上交所,2022-08-04,3.82,3.86,3.78,3.82,3.81,8685241,33138273.0,0.2625,0.3849,1,0,none,baostock,query_history_k_data_plus
600266,SHSE.600266,,SH,A股-上交所,2022-08-05,3.83,3.86,3.8,3.85,3.82,9131593,34940435.0,0.7853,0.4047,1,0,none,baostock,query_history_k_data_plus
600266,SHSE.600266,,SH,A股-上交所,2022-08-08,3.87,4.01,3.87,3.99,3.85,22483097,89369399.0,3.6364,0.9964,1,0,none,baostock,query_history_k_data_plus
600266,SHSE.600266,,SH,A股-上交所,2022-08-09,3.99,4.03,3.95,3.98,3.99,17835314,71159965.0,-0.2506,0.7904,1,0,none,baostock,query_history_k_data_plus
600266,SHSE.600266,,SH,A股-上交所,2022-08-10,3.99,4.01,3.95,4.0,3.98,9346261,37220613.0,0.5025,0.4142,1,0,none,baostock,query_history_k_data_plus
600266,SHSE.600266,,SH,A股-上交所,2022-08-11,4.01,4.05,3.99,4.01,4.0,13766504,55221367.0,0.25,0.6101,1,0,none,baostock,query_history_k_data_plus
600266,SHSE.600266,,SH,A股-上交所,2022-08-12,4.02,4.04,3.99,4.02,4.01,10990849,44202362.0,0.2494,0.4871,1,0,none,baostock,query_history_k_data_plus
600266,SHSE.600266,,SH,A股-上交所,2022-08-15,4.02,4.05,3.98,3.99,4.02,12060048,48279805.01,-0.7463,0.5344,1,0,none,baostock,query_history_k_data_plus
600266,SHSE.600266,,SH,A股-上交所,2022-08-16,4.01,4.06,3.99,4.04,3.99,16163409,65210132.23,1.2531,0.7163,1,0,none,baostock,query_history_k_data_plus
600266,SHSE.600266,,SH,A股-上交所,2022-08-17,4.04,4.11,4.01,4.11,4.04,17311348,70524073.95,1.7327,0.7672,1,0,none,baostock,query_history_k_data_plus
600266,SHSE.600266,,SH,A股-上交所,2022-08-18,4.09,4.1,4.03,4.08,4.11,13585643,55236022.12,-0.7299,0.6021,1,0,none,baostock,query_history_k_data_plus
600266,SHSE.600266,,SH,A股-上交所,2022-08-19,4.07,4.12,4.04,4.09,4.08,13425152,54954410.7,0.2451,0.5949,1,0,none,baostock,query_history_k_data_plus
600266,SHSE.600266,,SH,A股-上交所,2022-08-22,4.09,4.12,4.05,4.09,4.09,11582037,47285501.36,0.0,0.5133,1,0,none,baostock,query_history_k_data_plus
600266,SHSE.600266,,SH,A股-上交所,2022-08-23,4.09,4.1,4.03,4.06,4.09,9731586,39398026.24,-0.7335,0.4313,1,0,none,baostock,query_history_k_data_plus
600266,SHSE.600266,,SH,A股-上交所,2022-08-24,4.06,4.07,3.94,3.96,4.06,14708117,58650163.75,-2.4631,0.6518,1,0,none,baostock,query_history_k_data_plus
600266,SHSE.600266,,SH,A股-上交所,2022-08-25,3.97,4.01,3.93,4.0,3.96,12700455,50517297.24,1.0101,0.5628,1,0,none,baostock,query_history_k_data_plus
600266,SHSE.600266,,SH,A股-上交所,2022-08-26,4.01,4.02,3.94,3.96,4.0,10845689,43117750.26,-1.0,0.4806,1,0,none,baostock,query_history_k_data_plus
600266,SHSE.600266,,SH,A股-上交所,2022-08-29,3.93,3.98,3.88,3.97,3.96,9791812,38476061.7,0.2525,0.4339,1,0,none,baostock,query_history_k_data_plus
600266,SHSE.600266,,SH,A股-上交所,2022-08-30,3.98,4.07,3.97,4.01,3.97,11565887,46450206.0,1.0076,0.5126,1,0,none,baostock,query_history_k_data_plus
600266,SHSE.600266,,SH,A股-上交所,2022-08-31,4.04,4.12,4.01,4.05,4.01,24771908,100984080.2,0.9975,1.0978,1,0,none,baostock,query_history_k_data_plus
600266,SHSE.600266,,SH,A股-上交所,2022-09-01,4.06,4.3,4.06,4.19,4.05,40792321,171629425.37,3.4568,1.8077,1,0,none,baostock,query_history_k_data_plus
600266,SHSE.600266,,SH,A股-上交所,2022-09-02,4.23,4.23,4.08,4.13,4.19,29397959,121379126.38,-1.432,1.3028,1,0,none,baostock,query_history_k_data_plus
600266,SHSE.600266,,SH,A股-上交所,2022-09-05,4.13,4.26,4.13,4.25,4.13,25487804,107527910.17,2.9056,1.1295,1,0,none,baostock,query_history_k_data_plus
600266,SHSE.600266,,SH,A股-上交所,2022-09-06,4.25,4.33,4.24,4.3,4.25,21597457,92720610.53,1.1765,0.9571,1,0,none,baostock,query_history_k_data_plus
600266,SHSE.600266,,SH,A股-上交所,2022-09-07,4.28,4.33,4.24,4.29,4.3,21518433,92365456.26,-0.2326,0.9536,1,0,none,baostock,query_history_k_data_plus
600266,SHSE.600266,,SH,A股-上交所,2022-09-08,4.31,4.33,4.23,4.25,4.29,13185229,56109399.0,-0.9324,0.5843,1,0,none,baostock,query_history_k_data_plus
600266,SHSE.600266,,SH,A股-上交所,2022-09-09,4.27,4.39,4.25,4.33,4.25,23604615,101960312.32,1.8824,1.0461,1,0,none,baostock,query_history_k_data_plus
600266,SHSE.600266,,SH,A股-上交所,2022-09-13,4.25,4.28,4.15,4.2,4.33,23077810,97296950.02,-3.0023,1.0227,1,0,none,baostock,query_history_k_data_plus
600266,SHSE.600266,,SH,A股-上交所,2022-09-14,4.18,4.24,4.15,4.18,4.2,16099430,67471391.14,-0.4762,0.7135,1,0,none,baostock,query_history_k_data_plus
600266,SHSE.600266,,SH,A股-上交所,2022-09-15,4.18,4.26,4.13,4.2,4.18,20630372,86652958.75,0.4785,0.9142,1,0,none,baostock,query_history_k_data_plus
600266,SHSE.600266,,SH,A股-上交所,2022-09-16,4.19,4.28,4.08,4.09,4.2,25202578,105366532.68,-2.619,1.1169,1,0,none,baostock,query_history_k_data_plus
600266,SHSE.600266,,SH,A股-上交所,2022-09-19,4.08,4.13,3.99,4.04,4.09,15447410,62297608.16,-1.2225,0.6846,1,0,none,baostock,query_history_k_data_plus
600266,SHSE.600266,,SH,A股-上交所,2022-09-20,4.03,4.11,3.95,3.98,4.04,18356949,73612296.97,-1.4851,0.8135,1,0,none,baostock,query_history_k_data_plus
600266,SHSE.600266,,SH,A股-上交所,2022-09-21,3.96,4.11,3.88,4.08,3.98,20035044,80151484.64,2.5126,0.8879,1,0,none,baostock,query_history_k_data_plus
600266,SHSE.600266,,SH,A股-上交所,2022-09-22,4.07,4.14,3.96,3.98,4.08,15636396,62993986.3,-2.451,0.6929,1,0,none,baostock,query_history_k_data_plus
600266,SHSE.600266,,SH,A股-上交所,2022-09-23,4.0,4.1,3.98,3.99,3.98,15479234,62484515.31,0.2513,0.686,1,0,none,baostock,query_history_k_data_plus
600266,SHSE.600266,,SH,A股-上交所,2022-09-26,4.02,4.02,3.89,3.93,3.99,19903779,78656669.33,-1.5038,0.882,1,0,none,baostock,query_history_k_data_plus
600266,SHSE.600266,,SH,A股-上交所,2022-09-27,3.94,3.98,3.88,3.95,3.93,14970110,58814365.76,0.5089,0.6634,1,0,none,baostock,query_history_k_data_plus
600266,SHSE.600266,,SH,A股-上交所,2022-09-28,3.94,3.98,3.88,3.89,3.95,14652732,57555666.61,-1.519,0.6493,1,0,none,baostock,query_history_k_data_plus
600266,SHSE.600266,,SH,A股-上交所,2022-09-29,3.92,3.92,3.76,3.78,3.89,17794794,68139668.67,-2.8278,0.7886,1,0,none,baostock,query_history_k_data_plus
600266,SHSE.600266,,SH,A股-上交所,2022-09-30,3.82,3.87,3.77,3.81,3.78,15759965,60218348.46,0.7937,0.6984,1,0,none,baostock,query_history_k_data_plus
600266,SHSE.600266,,SH,A股-上交所,2022-10-10,3.84,3.9,3.75,3.76,3.81,17918238,68455457.32,-1.3123,0.7941,1,0,none,baostock,query_history_k_data_plus
600266,SHSE.600266,,SH,A股-上交所,2022-10-11,3.77,3.8,3.7,3.76,3.76,14269020,53570659.56,0.0,0.6323,1,0,none,baostock,query_history_k_data_plus
600266,SHSE.600266,,SH,A股-上交所,2022-10-12,3.76,3.96,3.72,3.91,3.76,26458954,101391614.26,3.9894,1.1725,1,0,none,baostock,query_history_k_data_plus
600266,SHSE.600266,,SH,A股-上交所,2022-10-13,3.88,3.9,3.79,3.8,3.91,21289948,81369092.14,-2.8133,0.9435,1,0,none,baostock,query_history_k_data_plus
600266,SHSE.600266,,SH,A股-上交所,2022-10-14,3.83,3.88,3.81,3.83,3.8,17421941,66925050.18,0.7895,0.7721,1,0,none,baostock,query_history_k_data_plus
600266,SHSE.600266,,SH,A股-上交所,2022-10-17,3.82,3.85,3.76,3.83,3.83,20383329,77767606.37,0.0,0.9033,1,0,none,baostock,query_history_k_data_plus
600266,SHSE.600266,,SH,A股-上交所,2022-10-18,3.83,3.86,3.78,3.8,3.83,16668664,63646020.56,-0.7833,0.7387,1,0,none,baostock,query_history_k_data_plus
600266,SHSE.600266,,SH,A股-上交所,2022-10-19,3.8,3.81,3.74,3.75,3.8,14572790,55039573.72,-1.3158,0.6458,1,0,none,baostock,query_history_k_data_plus
600266,SHSE.600266,,SH,A股-上交所,2022-10-20,3.74,3.76,3.7,3.7,3.75,14589657,54302058.3,-1.3333,0.6466,1,0,none,baostock,query_history_k_data_plus
600266,SHSE.600266,,SH,A股-上交所,2022-10-21,3.72,3.74,3.69,3.69,3.7,11874420,44155542.72,-0.2703,0.5262,1,0,none,baostock,query_history_k_data_plus
600266,SHSE.600266,,SH,A股-上交所,2022-10-24,3.7,3.72,3.56,3.59,3.69,19403029,70784064.6,-2.71,0.8599,1,0,none,baostock,query_history_k_data_plus
600266,SHSE.600266,,SH,A股-上交所,2022-10-25,3.59,3.6,3.49,3.51,3.59,18999331,67004189.66,-2.2284,0.842,1,0,none,baostock,query_history_k_data_plus
600266,SHSE.600266,,SH,A股-上交所,2022-10-26,3.52,3.57,3.49,3.5,3.51,16982141,59842775.24,-0.2849,0.7526,1,0,none,baostock,query_history_k_data_plus
600266,SHSE.600266,,SH,A股-上交所,2022-10-27,3.51,3.64,3.5,3.62,3.5,24138685,86747019.46,3.4286,1.0697,1,0,none,baostock,query_history_k_data_plus
600266,SHSE.600266,,SH,A股-上交所,2022-10-28,3.59,3.62,3.53,3.54,3.62,19643194,70405179.41,-2.2099,0.8705,1,0,none,baostock,query_history_k_data_plus
600266,SHSE.600266,,SH,A股-上交所,2022-10-31,3.49,3.52,3.3,3.32,3.54,47360756,159380377.42,-6.2147,2.0988,1,0,none,baostock,query_history_k_data_plus
600266,SHSE.600266,,SH,A股-上交所,2022-11-01,3.31,3.38,3.29,3.36,3.32,30205970,100617384.83,1.2048,1.3386,1,0,none,baostock,query_history_k_data_plus
600266,SHSE.600266,,SH,A股-上交所,2022-11-02,3.35,3.43,3.34,3.41,3.36,21085764,71633349.81,1.4881,0.9344,1,0,none,baostock,query_history_k_data_plus
600266,SHSE.600266,,SH,A股-上交所,2022-11-03,3.39,3.42,3.37,3.39,3.41,12008658,40776022.3,-0.5865,0.5322,1,0,none,baostock,query_history_k_data_plus
600266,SHSE.600266,,SH,A股-上交所,2022-11-04,3.39,3.44,3.36,3.43,3.39,28571357,97253956.06,1.1799,1.2662,1,0,none,baostock,query_history_k_data_plus
600266,SHSE.600266,,SH,A股-上交所,2022-11-07,3.41,3.48,3.41,3.47,3.43,15657121,54046042.86,1.1662,0.6939,1,0,none,baostock,query_history_k_data_plus
600266,SHSE.600266,,SH,A股-上交所,2022-11-08,3.48,3.56,3.45,3.52,3.47,21689717,75977634.25,1.4409,0.9612,1,0,none,baostock,query_history_k_data_plus
600266,SHSE.600266,,SH,A股-上交所,2022-11-09,3.54,3.63,3.53,3.58,3.52,23740003,85182620.68,1.7045,1.0521,1,0,none,baostock,query_history_k_data_plus
600266,SHSE.600266,,SH,A股-上交所,2022-11-10,3.57,3.64,3.52,3.61,3.58,17031908,60988625.26,0.838,0.7548,1,0,none,baostock,query_history_k_data_plus
600266,SHSE.600266,,SH,A股-上交所,2022-11-11,3.65,3.81,3.64,3.75,3.61,35054341,130617700.39,3.8781,1.5535,1,0,none,baostock,query_history_k_data_plus
600266,SHSE.600266,,SH,A股-上交所,2022-11-14,3.83,3.85,3.73,3.76,3.75,33581092,127088900.15,0.2667,1.4882,1,0,none,baostock,query_history_k_data_plus
600266,SHSE.600266,,SH,A股-上交所,2022-11-15,3.78,3.86,3.76,3.82,3.76,27189650,103863439.99,1.5957,1.2049,1,0,none,baostock,query_history_k_data_plus
600266,SHSE.600266,,SH,A股-上交所,2022-11-16,3.83,3.85,3.78,3.8,3.82,25727487,98158601.23,-0.5236,1.1401,1,0,none,baostock,query_history_k_data_plus
600266,SHSE.600266,,SH,A股-上交所,2022-11-17,3.79,3.84,3.77,3.82,3.8,17696769,67456878.13,0.5263,0.7842,1,0,none,baostock,query_history_k_data_plus
600266,SHSE.600266,,SH,A股-上交所,2022-11-18,3.83,3.83,3.76,3.77,3.82,15190252,57606390.09,-1.3089,0.6732,1,0,none,baostock,query_history_k_data_plus
600266,SHSE.600266,,SH,A股-上交所,2022-11-21,3.75,3.76,3.67,3.72,3.77,16207593,60029802.63,-1.3263,0.7183,1,0,none,baostock,query_history_k_data_plus
600266,SHSE.600266,,SH,A股-上交所,2022-11-22,3.75,3.78,3.67,3.69,3.72,15002519,55622279.28,-0.8065,0.6648,1,0,none,baostock,query_history_k_data_plus
600266,SHSE.600266,,SH,A股-上交所,2022-11-23,3.68,3.71,3.65,3.69,3.69,14720811,54213621.57,0.0,0.6524,1,0,none,baostock,query_history_k_data_plus
600266,SHSE.600266,,SH,A股-上交所,2022-11-24,3.73,3.8,3.73,3.78,3.69,20171416,75969170.0,2.439,0.8939,1,0,none,baostock,query_history_k_data_plus
600266,SHSE.600266,,SH,A股-上交所,2022-11-25,3.79,3.93,3.77,3.89,3.78,28924443,112094298.38,2.9101,1.2818,1,0,none,baostock,query_history_k_data_plus
600266,SHSE.600266,,SH,A股-上交所,2022-11-28,3.85,4.1,3.79,4.08,3.89,50968965,202752242.27,4.8843,2.2587,1,0,none,baostock,query_history_k_data_plus
600266,SHSE.600266,,SH,A股-上交所,2022-11-29,4.49,4.49,4.49,4.49,4.08,16980731,76243482.19,10.049,0.7525,1,0,none,baostock,query_history_k_data_plus
600266,SHSE.600266,,SH,A股-上交所,2022-11-30,4.94,4.94,4.74,4.94,4.49,223545506,1095790178.75,10.0223,9.9066,1,0,none,baostock,query_history_k_data_plus
600266,SHSE.600266,,SH,A股-上交所,2022-12-01,4.84,5.38,4.7,5.17,4.94,267127975,1361716380.77,4.6559,11.838,1,0,none,baostock,query_history_k_data_plus
600266,SHSE.600266,,SH,A股-上交所,2022-12-02,5.08,5.56,4.93,5.55,5.17,168963986,898957031.7,7.3501,7.4878,1,0,none,baostock,query_history_k_data_plus
600266,SHSE.600266,,SH,A股-上交所,2022-12-05,5.45,5.83,5.3,5.51,5.55,162843276,895985779.74,-0.7207,7.2165,1,0,none,baostock,query_history_k_data_plus
600266,SHSE.600266,,SH,A股-上交所,2022-12-06,5.49,5.69,5.39,5.66,5.51,103271147,572365049.05,2.7223,4.5765,1,0,none,baostock,query_history_k_data_plus
600266,SHSE.600266,,SH,A股-上交所,2022-12-07,5.51,5.55,5.09,5.09,5.66,119677701,623250980.13,-10.0707,5.3036,1,0,none,baostock,query_history_k_data_plus
600266,SHSE.600266,,SH,A股-上交所,2022-12-08,5.0,5.31,4.99,5.15,5.09,99737654,516563041.86,1.1788,4.4199,1,0,none,baostock,query_history_k_data_plus
600266,SHSE.600266,,SH,A股-上交所,2022-12-09,5.22,5.47,5.11,5.22,5.15,96268142,507149698.77,1.3592,4.2662,1,0,none,baostock,query_history_k_data_plus
600266,SHSE.600266,,SH,A股-上交所,2022-12-12,5.13,5.25,4.93,4.97,5.22,82617356,417894954.39,-4.7893,3.6612,1,0,none,baostock,query_history_k_data_plus
600266,SHSE.600266,,SH,A股-上交所,2022-12-13,5.05,5.44,4.89,5.14,4.97,84041651,430980898.97,3.4205,3.7244,1,0,none,baostock,query_history_k_data_plus
600266,SHSE.600266,,SH,A股-上交所,2022-12-14,5.11,5.3,5.0,5.07,5.14,46127953,235322135.82,-1.3619,2.0442,1,0,none,baostock,query_history_k_data_plus
600266,SHSE.600266,,SH,A股-上交所,2022-12-15,5.07,5.08,4.84,4.97,5.07,72848426,359787051.82,-1.9724,3.2283,1,0,none,baostock,query_history_k_data_plus
600266,SHSE.600266,,SH,A股-上交所,2022-12-16,5.05,5.17,4.95,5.02,4.97,60923975,307131972.95,1.006,2.6999,1,0,none,baostock,query_history_k_data_plus
600266,SHSE.600266,,SH,A股-上交所,2022-12-19,5.02,5.18,4.91,5.0,5.02,54135197,271384450.12,-0.3984,2.399,1,0,none,baostock,query_history_k_data_plus
600266,SHSE.600266,,SH,A股-上交所,2022-12-20,4.9,4.94,4.78,4.85,5.0,34889989,169964242.47,-3.0,1.5462,1,0,none,baostock,query_history_k_data_plus
600266,SHSE.600266,,SH,A股-上交所,2022-12-21,4.84,4.91,4.8,4.84,4.85,26887843,130589476.34,-0.2062,1.1916,1,0,none,baostock,query_history_k_data_plus
600266,SHSE.600266,,SH,A股-上交所,2022-12-22,4.89,4.95,4.72,4.76,4.84,28265217,136006304.89,-1.6529,1.2526,1,0,none,baostock,query_history_k_data_plus
600266,SHSE.600266,,SH,A股-上交所,2022-12-23,4.71,4.82,4.71,4.78,4.76,16678169,79410236.25,0.4202,0.7391,1,0,none,baostock,query_history_k_data_plus
600266,SHSE.600266,,SH,A股-上交所,2022-12-26,4.77,4.78,4.61,4.64,4.78,39697343,185724227.51,-2.9289,1.7592,1,0,none,baostock,query_history_k_data_plus
600266,SHSE.600266,,SH,A股-上交所,2022-12-27,4.67,4.72,4.56,4.6,4.64,32006820,148158651.88,-0.8621,1.4184,1,0,none,baostock,query_history_k_data_plus
600266,SHSE.600266,,SH,A股-上交所,2022-12-28,4.61,4.68,4.53,4.64,4.6,28325079,130874754.68,0.8696,1.2552,1,0,none,baostock,query_history_k_data_plus
600266,SHSE.600266,,SH,A股-上交所,2022-12-29,4.63,4.65,4.54,4.58,4.64,19403335,88816486.32,-1.2931,0.8599,1,0,none,baostock,query_history_k_data_plus
600266,SHSE.600266,,SH,A股-上交所,2022-12-30,4.61,4.72,4.56,4.65,4.58,24459031,113755215.43,1.5284,1.0839,1,0,none,baostock,query_history_k_data_plus
600266,SHSE.600266,,SH,A股-上交所,2023-01-03,4.65,4.78,4.6,4.68,4.65,25726818,121103137.08,0.6452,1.1401,1,0,none,baostock,query_history_k_data_plus
600266,SHSE.600266,,SH,A股-上交所,2023-01-04,4.69,5.12,4.69,4.91,4.68,80443348,394726070.1,4.9145,3.5649,1,0,none,baostock,query_history_k_data_plus
600266,SHSE.600266,,SH,A股-上交所,2023-01-05,4.98,4.99,4.73,4.81,4.91,49006187,235611099.69,-2.0367,2.1717,1,0,none,baostock,query_history_k_data_plus
600266,SHSE.600266,,SH,A股-上交所,2023-01-06,4.85,4.87,4.52,4.54,4.81,57799709,268662908.2,-5.6133,2.5614,1,0,none,baostock,query_history_k_data_plus
600266,SHSE.600266,,SH,A股-上交所,2023-01-09,4.53,4.6,4.48,4.49,4.54,22859938,103404555.48,-1.1013,1.0131,1,0,none,baostock,query_history_k_data_plus
600266,SHSE.600266,,SH,A股-上交所,2023-01-10,4.47,4.5,4.34,4.36,4.49,27001794,118714771.2,-2.8953,1.1966,1,0,none,baostock,query_history_k_data_plus
600266,SHSE.600266,,SH,A股-上交所,2023-01-11,4.4,4.45,4.29,4.34,4.36,17592432,76907575.61,-0.4587,0.7796,1,0,none,baostock,query_history_k_data_plus
600266,SHSE.600266,,SH,A股-上交所,2023-01-12,4.31,4.39,4.22,4.28,4.34,24551055,105231484.86,-1.3825,1.088,1,0,none,baostock,query_history_k_data_plus
600266,SHSE.600266,,SH,A股-上交所,2023-01-13,4.27,4.3,4.23,4.28,4.28,20810392,88650891.56,0.0,0.9222,1,0,none,baostock,query_history_k_data_plus
600266,SHSE.600266,,SH,A股-上交所,2023-01-16,4.26,4.37,4.25,4.34,4.28,27216922,117486578.44,1.4019,1.2061,1,0,none,baostock,query_history_k_data_plus
600266,SHSE.600266,,SH,A股-上交所,2023-01-17,4.34,4.58,4.32,4.55,4.34,45308309,203917854.59,4.8387,2.0079,1,0,none,baostock,query_history_k_data_plus
600266,SHSE.600266,,SH,A股-上交所,2023-01-18,4.55,4.6,4.39,4.41,4.55,24779568,110540765.1,-3.0769,1.0981,1,0,none,baostock,query_history_k_data_plus
600266,SHSE.600266,,SH,A股-上交所,2023-01-19,4.42,4.53,4.42,4.51,4.41,16414611,73560929.02,2.2676,0.7274,1,0,none,baostock,query_history_k_data_plus
600266,SHSE.600266,,SH,A股-上交所,2023-01-20,4.52,4.54,4.47,4.52,4.51,11673668,52584899.52,0.2217,0.5173,1,0,none,baostock,query_history_k_data_plus
600266,SHSE.600266,,SH,A股-上交所,2023-01-30,4.6,4.62,4.4,4.41,4.52,24136574,107821312.4,-2.4336,1.0696,1,0,none,baostock,query_history_k_data_plus
600266,SHSE.600266,,SH,A股-上交所,2023-01-31,4.41,4.68,4.36,4.59,4.41,34129031,154236145.38,4.0816,1.5125,1,0,none,baostock,query_history_k_data_plus
600266,SHSE.600266,,SH,A股-上交所,2023-02-01,4.59,4.6,4.46,4.54,4.59,23219176,104684020.84,-1.0893,1.029,1,0,none,baostock,query_history_k_data_plus
600266,SHSE.600266,,SH,A股-上交所,2023-02-02,4.55,4.6,4.5,4.52,4.54,24445538,111020553.73,-0.4405,1.0833,1,0,none,baostock,query_history_k_data_plus
600266,SHSE.600266,,SH,A股-上交所,2023-02-03,4.52,4.52,4.31,4.34,4.52,52575973,230839983.36,-3.9823,2.3299,1,0,none,baostock,query_history_k_data_plus
600266,SHSE.600266,,SH,A股-上交所,2023-02-06,4.32,4.38,4.27,4.35,4.34,26757355,116159669.22,0.2304,1.1858,1,0,none,baostock,query_history_k_data_plus
600266,SHSE.600266,,SH,A股-上交所,2023-02-07,4.36,4.76,4.31,4.45,4.35,78649508,355276317.8,2.2989,3.4854,1,0,none,baostock,query_history_k_data_plus
600266,SHSE.600266,,SH,A股-上交所,2023-02-08,4.43,4.68,4.43,4.51,4.45,45502278,207155860.93,1.3483,2.0165,1,0,none,baostock,query_history_k_data_plus
600266,SHSE.600266,,SH,A股-上交所,2023-02-09,4.52,4.54,4.43,4.52,4.51,33126357,148426921.14,0.2217,1.468,1,0,none,baostock,query_history_k_data_plus
600266,SHSE.600266,,SH,A股-上交所,2023-02-10,4.5,4.62,4.47,4.59,4.52,26815791,122297549.27,1.5487,1.1884,1,0,none,baostock,query_history_k_data_plus
600266,SHSE.600266,,SH,A股-上交所,2023-02-13,4.57,4.62,4.48,4.52,4.59,32952391,149142573.82,-1.5251,1.4603,1,0,none,baostock,query_history_k_data_plus
600266,SHSE.600266,,SH,A股-上交所,2023-02-14,4.5,4.58,4.5,4.51,4.52,19704793,89335578.86,-0.2212,0.8732,1,0,none,baostock,query_history_k_data_plus
600266,SHSE.600266,,SH,A股-上交所,2023-02-15,4.52,4.61,4.48,4.54,4.51,25528902,115879011.14,0.6652,1.1313,1,0,none,baostock,query_history_k_data_plus
600266,SHSE.600266,,SH,A股-上交所,2023-02-16,4.54,4.58,4.36,4.43,4.54,26772469,120216323.47,-2.4229,1.1864,1,0,none,baostock,query_history_k_data_plus
600266,SHSE.600266,,SH,A股-上交所,2023-02-17,4.43,4.47,4.39,4.39,4.43,16544965,73361172.74,-0.9029,0.7332,1,0,none,baostock,query_history_k_data_plus
600266,SHSE.600266,,SH,A股-上交所,2023-02-20,4.41,4.54,4.38,4.53,4.39,20959542,93890908.5,3.1891,0.9288,1,0,none,baostock,query_history_k_data_plus
600266,SHSE.600266,,SH,A股-上交所,2023-02-21,4.59,4.61,4.53,4.55,4.53,20654571,94311023.47,0.4415,0.9153,1,0,none,baostock,query_history_k_data_plus
600266,SHSE.600266,,SH,A股-上交所,2023-02-22,4.55,4.84,4.55,4.73,4.55,74658938,352089968.74,3.956,3.3086,1,0,none,baostock,query_history_k_data_plus
600266,SHSE.600266,,SH,A股-上交所,2023-02-23,4.7,4.99,4.7,4.85,4.73,66177566,323657802.41,2.537,2.9327,1,0,none,baostock,query_history_k_data_plus
600266,SHSE.600266,,SH,A股-上交所,2023-02-24,4.85,4.87,4.68,4.74,4.85,35097175,166702819.98,-2.268,1.5554,1,0,none,baostock,query_history_k_data_plus
600266,SHSE.600266,,SH,A股-上交所,2023-02-27,4.83,5.09,4.75,5.03,4.74,79116986,393598528.7,6.1181,3.5061,1,0,none,baostock,query_history_k_data_plus
600266,SHSE.600266,,SH,A股-上交所,2023-02-28,4.99,5.14,4.91,5.11,5.03,66345911,333488542.56,1.5905,2.9402,1,0,none,baostock,query_history_k_data_plus
600266,SHSE.600266,,SH,A股-上交所,2023-03-01,5.12,5.24,5.11,5.14,5.11,64291007,331798701.91,0.5871,2.8491,1,0,none,baostock,query_history_k_data_plus
600266,SHSE.600266,,SH,A股-上交所,2023-03-02,5.14,5.18,5.06,5.14,5.14,33734882,172594879.86,0.0,1.495,1,0,none,baostock,query_history_k_data_plus
600266,SHSE.600266,,SH,A股-上交所,2023-03-03,5.12,5.18,5.03,5.08,5.14,30165490,153642924.11,-1.1673,1.3368,1,0,none,baostock,query_history_k_data_plus
600266,SHSE.600266,,SH,A股-上交所,2023-03-06,5.09,5.1,4.89,4.93,5.08,40261827,199956441.16,-2.9528,1.7842,1,0,none,baostock,query_history_k_data_plus
600266,SHSE.600266,,SH,A股-上交所,2023-03-07,4.94,4.94,4.73,4.75,4.93,37190742,179349684.64,-3.6511,1.6481,1,0,none,baostock,query_history_k_data_plus
600266,SHSE.600266,,SH,A股-上交所,2023-03-08,4.7,4.83,4.7,4.81,4.75,21429850,102524397.23,1.2632,0.9497,1,0,none,baostock,query_history_k_data_plus
600266,SHSE.600266,,SH,A股-上交所,2023-03-09,4.82,4.92,4.77,4.87,4.81,19548714,94788910.68,1.2474,0.8663,1,0,none,baostock,query_history_k_data_plus
600266,SHSE.600266,,SH,A股-上交所,2023-03-10,4.87,4.87,4.68,4.68,4.87,21302547,100539932.16,-3.9014,0.944,1,0,none,baostock,query_history_k_data_plus
600266,SHSE.600266,,SH,A股-上交所,2023-03-13,4.67,4.73,4.59,4.62,4.68,24015124,111695540.08,-1.2821,1.0642,1,0,none,baostock,query_history_k_data_plus
600266,SHSE.600266,,SH,A股-上交所,2023-03-14,4.61,4.65,4.53,4.56,4.62,22261874,102005337.55,-1.2987,0.9866,1,0,none,baostock,query_history_k_data_plus
600266,SHSE.600266,,SH,A股-上交所,2023-03-15,4.6,4.71,4.53,4.67,4.56,21038951,97362346.35,2.4123,0.9324,1,0,none,baostock,query_history_k_data_plus
600266,SHSE.600266,,SH,A股-上交所,2023-03-16,4.64,4.67,4.59,4.61,4.67,19332392,89407832.2,-1.2848,0.8567,1,0,none,baostock,query_history_k_data_plus
600266,SHSE.600266,,SH,A股-上交所,2023-03-17,4.64,4.72,4.6,4.68,4.61,18339391,85779390.12,1.5184,0.8127,1,0,none,baostock,query_history_k_data_plus
600266,SHSE.600266,,SH,A股-上交所,2023-03-20,4.7,4.75,4.62,4.64,4.68,21030866,98547184.08,-0.8547,0.932,1,0,none,baostock,query_history_k_data_plus
600266,SHSE.600266,,SH,A股-上交所,2023-03-21,4.61,4.68,4.59,4.64,4.64,12406420,57409368.72,0.0,0.5498,1,0,none,baostock,query_history_k_data_plus
600266,SHSE.600266,,SH,A股-上交所,2023-03-22,4.64,4.64,4.56,4.58,4.64,19010653,87244042.4,-1.2931,0.8425,1,0,none,baostock,query_history_k_data_plus
600266,SHSE.600266,,SH,A股-上交所,2023-03-23,4.57,4.6,4.49,4.52,4.58,26063917,118164598.35,-1.31,1.155,1,0,none,baostock,query_history_k_data_plus
600266,SHSE.600266,,SH,A股-上交所,2023-03-24,4.53,4.53,4.4,4.46,4.52,27124918,120767348.85,-1.3274,1.2021,1,0,none,baostock,query_history_k_data_plus
600266,SHSE.600266,,SH,A股-上交所,2023-03-27,4.45,4.47,4.34,4.37,4.46,26695720,116935903.51,-2.0179,1.183,1,0,none,baostock,query_history_k_data_plus
600266,SHSE.600266,,SH,A股-上交所,2023-03-28,4.39,4.49,4.38,4.4,4.37,34581394,153510026.58,0.6865,1.5325,1,0,none,baostock,query_history_k_data_plus
600266,SHSE.600266,,SH,A股-上交所,2023-03-29,4.44,4.58,4.42,4.52,4.4,36012373,161975042.81,2.7273,1.5959,1,0,none,baostock,query_history_k_data_plus
600266,SHSE.600266,,SH,A股-上交所,2023-03-30,4.53,4.56,4.4,4.41,4.52,20910186,92958164.56,-2.4336,0.9266,1,0,none,baostock,query_history_k_data_plus
600266,SHSE.600266,,SH,A股-上交所,2023-03-31,4.41,4.58,4.39,4.44,4.41,19328304,86436181.27,0.6803,0.8565,1,0,none,baostock,query_history_k_data_plus
600266,SHSE.600266,,SH,A股-上交所,2023-04-03,4.45,4.73,4.43,4.67,4.44,37737391,175437183.39,5.1802,1.6724,1,0,none,baostock,query_history_k_data_plus
600266,SHSE.600266,,SH,A股-上交所,2023-04-04,4.7,4.9,4.65,4.83,4.67,35791462,171210447.57,3.4261,1.5861,1,0,none,baostock,query_history_k_data_plus
600266,SHSE.600266,,SH,A股-上交所,2023-04-06,4.81,4.98,4.8,4.91,4.83,26787204,131284594.29,1.6563,1.1871,1,0,none,baostock,query_history_k_data_plus
600266,SHSE.600266,,SH,A股-上交所,2023-04-07,4.89,5.0,4.85,4.95,4.91,34963530,173013554.1,0.8147,1.5494,1,0,none,baostock,query_history_k_data_plus
600266,SHSE.600266,,SH,A股-上交所,2023-04-10,4.97,5.11,4.87,5.08,4.95,41591771,208754370.71,2.6263,1.8432,1,0,none,baostock,query_history_k_data_plus
600266,SHSE.600266,,SH,A股-上交所,2023-04-11,5.07,5.12,4.98,5.03,5.08,41045745,207001209.96,-0.9843,1.819,1,0,none,baostock,query_history_k_data_plus
600266,SHSE.600266,,SH,A股-上交所,2023-04-12,5.08,5.1,5.01,5.08,5.03,24345766,123242405.23,0.994,1.0789,1,0,none,baostock,query_history_k_data_plus
600266,SHSE.600266,,SH,A股-上交所,2023-04-13,5.08,5.12,4.99,5.04,5.08,28431822,143710881.86,-0.7874,1.26,1,0,none,baostock,query_history_k_data_plus
600266,SHSE.600266,,SH,A股-上交所,2023-04-14,5.04,5.1,5.01,5.03,5.04,21367784,107877120.76,-0.1984,0.9469,1,0,none,baostock,query_history_k_data_plus
600266,SHSE.600266,,SH,A股-上交所,2023-04-17,5.02,5.1,5.01,5.04,5.03,26089457,131721543.58,0.1988,1.1562,1,0,none,baostock,query_history_k_data_plus
600266,SHSE.600266,,SH,A股-上交所,2023-04-18,5.04,5.07,4.99,4.99,5.04,16107876,80781867.87,-0.9921,0.7138,1,0,none,baostock,query_history_k_data_plus
600266,SHSE.600266,,SH,A股-上交所,2023-04-19,5.02,5.02,4.85,4.87,4.99,27112705,133019905.74,-2.4048,1.2015,1,0,none,baostock,query_history_k_data_plus
600266,SHSE.600266,,SH,A股-上交所,2023-04-20,4.88,4.9,4.75,4.78,4.87,32353162,155463868.87,-1.848,1.4338,1,0,none,baostock,query_history_k_data_plus
600266,SHSE.600266,,SH,A股-上交所,2023-04-21,4.81,4.82,4.62,4.66,4.78,42197195,198529901.21,-2.5105,1.87,1,0,none,baostock,query_history_k_data_plus
600266,SHSE.600266,,SH,A股-上交所,2023-04-24,4.65,4.65,4.54,4.61,4.66,27079250,124345485.04,-1.073,1.2,1,0,none,baostock,query_history_k_data_plus
600266,SHSE.600266,,SH,A股-上交所,2023-04-25,4.59,4.6,4.46,4.56,4.61,33137075,150215208.58,-1.0846,1.4685,1,0,none,baostock,query_history_k_data_plus
600266,SHSE.600266,,SH,A股-上交所,2023-04-26,4.5,4.81,4.47,4.7,4.56,42164215,197212422.14,3.0702,1.8685,1,0,none,baostock,query_history_k_data_plus
600266,SHSE.600266,,SH,A股-上交所,2023-04-27,4.69,4.79,4.61,4.71,4.7,30223460,142480638.36,0.2128,1.3394,1,0,none,baostock,query_history_k_data_plus
600266,SHSE.600266,,SH,A股-上交所,2023-04-28,4.69,4.7,4.59,4.66,4.71,41381192,192281136.52,-1.0616,1.8338,1,0,none,baostock,query_history_k_data_plus
600266,SHSE.600266,,SH,A股-上交所,2023-05-04,4.64,4.68,4.5,4.63,4.66,36128782,165797583.56,-0.6438,1.6011,1,0,none,baostock,query_history_k_data_plus
600266,SHSE.600266,,SH,A股-上交所,2023-05-05,4.64,4.8,4.6,4.77,4.63,42811376,202002873.98,3.0238,1.8972,1,0,none,baostock,query_history_k_data_plus
600266,SHSE.600266,,SH,A股-上交所,2023-05-08,4.75,4.77,4.56,4.75,4.77,44819229,209586452.0,-0.4193,1.9862,1,0,none,baostock,query_history_k_data_plus
600266,SHSE.600266,,SH,A股-上交所,2023-05-09,4.73,5.23,4.72,5.23,4.75,73246806,372482890.19,10.1053,3.246,1,0,none,baostock,query_history_k_data_plus
600266,SHSE.600266,,SH,A股-上交所,2023-05-10,5.34,5.34,4.93,5.06,5.23,113676956,577369719.21,-3.2505,5.0377,1,0,none,baostock,query_history_k_data_plus
600266,SHSE.600266,,SH,A股-上交所,2023-05-11,5.12,5.18,5.01,5.1,5.06,70187066,358419727.08,0.7905,3.1104,1,0,none,baostock,query_history_k_data_plus
600266,SHSE.600266,,SH,A股-上交所,2023-05-12,5.09,5.2,4.97,5.01,5.1,52492407,266384300.45,-1.7647,2.3262,1,0,none,baostock,query_history_k_data_plus
600266,SHSE.600266,,SH,A股-上交所,2023-05-15,5.0,5.01,4.83,4.93,5.01,42740280,209613548.86,-1.5968,1.8941,1,0,none,baostock,query_history_k_data_plus
600266,SHSE.600266,,SH,A股-上交所,2023-05-16,4.94,5.03,4.86,4.86,4.93,39722358,196125848.58,-1.4199,1.7603,1,0,none,baostock,query_history_k_data_plus
600266,SHSE.600266,,SH,A股-上交所,2023-05-17,4.87,5.02,4.86,4.93,4.86,28601710,141097202.85,1.4403,1.2675,1,0,none,baostock,query_history_k_data_plus
600266,SHSE.600266,,SH,A股-上交所,2023-05-18,4.94,5.03,4.85,4.9,4.93,28779164,141539188.29,-0.6085,1.2754,1,0,none,baostock,query_history_k_data_plus
600266,SHSE.600266,,SH,A股-上交所,2023-05-19,4.89,4.89,4.73,4.77,4.9,34977666,167796296.75,-2.6531,1.5501,1,0,none,baostock,query_history_k_data_plus
600266,SHSE.600266,,SH,A股-上交所,2023-05-22,4.75,4.82,4.7,4.82,4.77,27756400,132433663.37,1.0482,1.23,1,0,none,baostock,query_history_k_data_plus
600266,SHSE.600266,,SH,A股-上交所,2023-05-23,4.79,4.99,4.79,4.9,4.82,43402278,213761759.98,1.6598,1.9234,1,0,none,baostock,query_history_k_data_plus
600266,SHSE.600266,,SH,A股-上交所,2023-05-24,4.86,4.87,4.64,4.69,4.9,37382032,176637233.88,-4.2857,1.6566,1,0,none,baostock,query_history_k_data_plus
600266,SHSE.600266,,SH,A股-上交所,2023-05-25,4.64,4.71,4.61,4.68,4.69,18050803,84244069.22,-0.2132,0.7999,1,0,none,baostock,query_history_k_data_plus
600266,SHSE.600266,,SH,A股-上交所,2023-05-26,4.68,4.93,4.68,4.91,4.68,36815190,178054195.13,4.9145,1.6315,1,0,none,baostock,query_history_k_data_plus
600266,SHSE.600266,,SH,A股-上交所,2023-05-29,4.91,4.92,4.77,4.89,4.91,33112474,160979935.8,-0.4073,1.4674,1,0,none,baostock,query_history_k_data_plus
600266,SHSE.600266,,SH,A股-上交所,2023-05-30,4.84,5.06,4.75,5.02,4.89,34144276,167343278.14,2.6585,1.5131,1,0,none,baostock,query_history_k_data_plus
600266,SHSE.600266,,SH,A股-上交所,2023-05-31,5.0,5.11,4.96,4.99,5.02,27307889,137343069.87,-0.5976,1.2102,1,0,none,baostock,query_history_k_data_plus
600266,SHSE.600266,,SH,A股-上交所,2023-06-01,5.0,5.01,4.82,4.83,4.99,28380644,139241093.12,-3.2064,1.2577,1,0,none,baostock,query_history_k_data_plus
600266,SHSE.600266,,SH,A股-上交所,2023-06-02,4.84,5.31,4.8,5.31,4.83,98753028,510190557.61,9.9379,4.3763,1,0,none,baostock,query_history_k_data_plus
600266,SHSE.600266,,SH,A股-上交所,2023-06-05,5.15,5.18,5.08,5.12,5.31,60642014,310080684.53,-3.5782,2.6874,1,0,none,baostock,query_history_k_data_plus
600266,SHSE.600266,,SH,A股-上交所,2023-06-06,5.1,5.6,5.09,5.35,5.12,91544479,491396913.93,4.4922,4.0569,1,0,none,baostock,query_history_k_data_plus
600266,SHSE.600266,,SH,A股-上交所,2023-06-07,5.42,5.6,5.32,5.47,5.35,83868354,457899556.53,2.243,3.7167,1,0,none,baostock,query_history_k_data_plus
600266,SHSE.600266,,SH,A股-上交所,2023-06-08,5.54,5.77,5.37,5.7,5.47,104480112,586883532.54,4.2048,4.6301,1,0,none,baostock,query_history_k_data_plus
600266,SHSE.600266,,SH,A股-上交所,2023-06-09,5.62,5.63,5.45,5.54,5.7,59148971,327719496.62,-2.807,2.6212,1,0,none,baostock,query_history_k_data_plus
600266,SHSE.600266,,SH,A股-上交所,2023-06-12,5.45,5.69,5.35,5.57,5.54,56938865,316976818.97,0.5415,2.5233,1,0,none,baostock,query_history_k_data_plus
600266,SHSE.600266,,SH,A股-上交所,2023-06-13,5.61,5.85,5.53,5.56,5.57,52646209,298278978.99,-0.1795,2.3331,1,0,none,baostock,query_history_k_data_plus
600266,SHSE.600266,,SH,A股-上交所,2023-06-14,5.61,5.69,5.51,5.6,5.56,36830282,205861670.9,0.7194,1.6322,1,0,none,baostock,query_history_k_data_plus
600266,SHSE.600266,,SH,A股-上交所,2023-06-15,5.58,5.66,5.41,5.44,5.6,44065722,242077951.51,-2.8571,1.9528,1,0,none,baostock,query_history_k_data_plus
600266,SHSE.600266,,SH,A股-上交所,2023-06-16,5.51,5.69,5.48,5.62,5.44,48911791,273862457.05,3.3088,2.1676,1,0,none,baostock,query_history_k_data_plus
600266,SHSE.600266,,SH,A股-上交所,2023-06-19,5.61,5.69,5.41,5.46,5.62,35665761,196231602.81,-2.847,1.5806,1,0,none,baostock,query_history_k_data_plus
600266,SHSE.600266,,SH,A股-上交所,2023-06-20,5.45,5.52,5.21,5.26,5.46,35570743,189511504.59,-3.663,1.5763,1,0,none,baostock,query_history_k_data_plus
600266,SHSE.600266,,SH,A股-上交所,2023-06-21,5.2,5.33,5.11,5.14,5.26,34295336,178443270.02,-2.2814,1.5198,1,0,none,baostock,query_history_k_data_plus
600266,SHSE.600266,,SH,A股-上交所,2023-06-26,5.07,5.13,5.01,5.04,5.14,23223196,117587605.12,-1.9455,1.0292,1,0,none,baostock,query_history_k_data_plus
600266,SHSE.600266,,SH,A股-上交所,2023-06-27,5.05,5.44,5.0,5.34,5.04,44680294,235858126.88,5.9524,1.98,1,0,none,baostock,query_history_k_data_plus
600266,SHSE.600266,,SH,A股-上交所,2023-06-28,5.32,5.35,5.16,5.2,5.34,31738497,165171841.78,-2.6217,1.4065,1,0,none,baostock,query_history_k_data_plus
600266,SHSE.600266,,SH,A股-上交所,2023-06-29,5.22,5.22,5.0,5.03,5.2,26263820,133579924.0,-3.2692,1.1639,1,0,none,baostock,query_history_k_data_plus
600266,SHSE.600266,,SH,A股-上交所,2023-06-30,5.03,5.19,5.0,5.08,5.03,23327788,119307733.96,0.994,1.0338,1,0,none,baostock,query_history_k_data_plus
600266,SHSE.600266,,SH,A股-上交所,2023-07-03,5.06,5.27,5.06,5.18,5.08,26468988,137264149.79,1.9685,1.173,1,0,none,baostock,query_history_k_data_plus
600266,SHSE.600266,,SH,A股-上交所,2023-07-04,5.09,5.11,4.89,5.04,5.09,33272266,165985604.59,-0.9823,1.4745,1,0,none,baostock,query_history_k_data_plus
600266,SHSE.600266,,SH,A股-上交所,2023-07-05,5.04,5.19,4.98,5.07,5.04,30305156,154809454.42,0.5952,1.343,1,0,none,baostock,query_history_k_data_plus
600266,SHSE.600266,,SH,A股-上交所,2023-07-06,5.06,5.26,5.05,5.19,5.07,33724938,174140344.17,2.3669,1.4945,1,0,none,baostock,query_history_k_data_plus
600266,SHSE.600266,,SH,A股-上交所,2023-07-07,5.17,5.27,5.13,5.21,5.19,26114475,135699997.43,0.3854,1.1573,1,0,none,baostock,query_history_k_data_plus
600266,SHSE.600266,,SH,A股-上交所,2023-07-10,5.19,5.27,5.11,5.23,5.21,19638751,102225413.96,0.3839,0.8703,1,0,none,baostock,query_history_k_data_plus
600266,SHSE.600266,,SH,A股-上交所,2023-07-11,5.3,5.35,5.12,5.14,5.23,19490394,100853429.05,-1.7208,0.8637,1,0,none,baostock,query_history_k_data_plus
600266,SHSE.600266,,SH,A股-上交所,2023-07-12,5.11,5.12,4.96,4.99,5.14,23430117,117431672.19,-2.9183,1.0383,1,0,none,baostock,query_history_k_data_plus
600266,SHSE.600266,,SH,A股-上交所,2023-07-13,4.98,5.12,4.98,5.1,4.99,19247927,97475654.39,2.2044,0.853,1,0,none,baostock,query_history_k_data_plus
600266,SHSE.600266,,SH,A股-上交所,2023-07-14,5.21,5.33,5.12,5.14,5.1,36693422,191285563.17,0.7843,1.6261,1,0,none,baostock,query_history_k_data_plus
600266,SHSE.600266,,SH,A股-上交所,2023-07-17,5.21,5.25,5.13,5.21,5.14,16893071,87754299.41,1.3619,0.7486,1,0,none,baostock,query_history_k_data_plus
600266,SHSE.600266,,SH,A股-上交所,2023-07-18,5.18,5.24,5.11,5.2,5.21,19581067,101305503.87,-0.1919,0.8677,1,0,none,baostock,query_history_k_data_plus
600266,SHSE.600266,,SH,A股-上交所,2023-07-19,5.19,5.39,5.17,5.38,5.2,35239814,187332820.43,3.4615,1.5617,1,0,none,baostock,query_history_k_data_plus
600266,SHSE.600266,,SH,A股-上交所,2023-07-20,5.4,5.46,5.32,5.38,5.38,33789205,182063988.47,0.0,1.4974,1,0,none,baostock,query_history_k_data_plus
600266,SHSE.600266,,SH,A股-上交所,2023-07-21,5.39,5.61,5.32,5.52,5.38,54296603,299852621.8,2.6022,2.4062,1,0,none,baostock,query_history_k_data_plus
600266,SHSE.600266,,SH,A股-上交所,2023-07-24,5.6,5.68,5.33,5.55,5.52,57877447,320104676.5,0.5435,2.5649,1,0,none,baostock,query_history_k_data_plus
600266,SHSE.600266,,SH,A股-上交所,2023-07-25,5.8,6.11,5.8,6.11,5.55,157342618,950043509.22,10.0901,6.9727,1,0,none,baostock,query_history_k_data_plus
600266,SHSE.600266,,SH,A股-上交所,2023-07-26,5.98,6.54,5.92,6.36,6.11,161136584,1000528539.19,4.0917,7.1409,1,0,none,baostock,query_history_k_data_plus
600266,SHSE.600266,,SH,A股-上交所,2023-07-27,6.07,6.47,5.89,6.17,6.36,127379353,791177429.13,-2.9874,5.6449,1,0,none,baostock,query_history_k_data_plus
600266,SHSE.600266,,SH,A股-上交所,2023-07-28,6.11,6.79,6.11,6.79,6.17,114031501,740081730.86,10.0486,5.0534,1,0,none,baostock,query_history_k_data_plus
600266,SHSE.600266,,SH,A股-上交所,2023-07-31,7.47,7.47,7.47,7.47,6.79,15589732,116455298.04,10.0147,0.6909,1,0,none,baostock,query_history_k_data_plus
600266,SHSE.600266,,SH,A股-上交所,2023-08-01,8.18,8.22,7.37,7.56,7.47,361142103,2830040762.87,1.2048,16.0043,1,0,none,baostock,query_history_k_data_plus
600266,SHSE.600266,,SH,A股-上交所,2023-08-02,7.47,8.2,7.46,7.47,7.56,276656831,2143211413.56,-1.1905,12.2602,1,0,none,baostock,query_history_k_data_plus
600266,SHSE.600266,,SH,A股-上交所,2023-08-03,7.36,7.71,6.89,7.68,7.47,272570540,2000338886.15,2.8112,12.0791,1,0,none,baostock,query_history_k_data_plus
600266,SHSE.600266,,SH,A股-上交所,2023-08-04,7.83,8.04,7.55,7.9,7.68,245371782,1919938930.97,2.8646,10.8738,1,0,none,baostock,query_history_k_data_plus
600266,SHSE.600266,,SH,A股-上交所,2023-08-07,7.52,7.65,7.11,7.41,7.9,162012945,1202147378.0,-6.2025,7.1797,1,0,none,baostock,query_history_k_data_plus
600266,SHSE.600266,,SH,A股-上交所,2023-08-08,7.4,7.45,7.05,7.28,7.41,123108111,888821906.35,-1.7544,5.4556,1,0,none,baostock,query_history_k_data_plus
600266,SHSE.600266,,SH,A股-上交所,2023-08-09,7.22,7.93,7.22,7.39,7.28,160135065,1214439332.84,1.511,7.0965,1,0,none,baostock,query_history_k_data_plus
600266,SHSE.600266,,SH,A股-上交所,2023-08-10,7.39,7.64,7.14,7.32,7.39,118939234,867971112.59,-0.9472,5.2709,1,0,none,baostock,query_history_k_data_plus
600266,SHSE.600266,,SH,A股-上交所,2023-08-11,7.54,7.6,6.98,7.31,7.32,150433618,1091308565.36,-0.1366,6.6666,1,0,none,baostock,query_history_k_data_plus
600266,SHSE.600266,,SH,A股-上交所,2023-08-14,6.89,7.15,6.81,7.11,7.31,90634730,637022488.78,-2.736,4.0165,1,0,none,baostock,query_history_k_data_plus
600266,SHSE.600266,,SH,A股-上交所,2023-08-15,7.12,7.48,7.04,7.39,7.11,114007460,827896534.62,3.9381,5.0523,1,0,none,baostock,query_history_k_data_plus
600266,SHSE.600266,,SH,A股-上交所,2023-08-16,7.43,7.84,7.32,7.53,7.39,127031738,962391549.93,1.8945,5.6295,1,0,none,baostock,query_history_k_data_plus
600266,SHSE.600266,,SH,A股-上交所,2023-08-17,7.38,7.59,7.2,7.39,7.53,79378387,583174666.5,-1.8592,3.5177,1,0,none,baostock,query_history_k_data_plus
600266,SHSE.600266,,SH,A股-上交所,2023-08-18,7.45,7.75,7.33,7.38,7.39,84734484,637828760.79,-0.1353,3.7551,1,0,none,baostock,query_history_k_data_plus
600266,SHSE.600266,,SH,A股-上交所,2023-08-21,7.33,7.41,6.99,7.0,7.38,69704562,499378528.34,-5.1491,3.089,1,0,none,baostock,query_history_k_data_plus
600266,SHSE.600266,,SH,A股-上交所,2023-08-22,6.99,7.53,6.98,7.46,7.0,104852094,759769338.41,6.5714,4.6466,1,0,none,baostock,query_history_k_data_plus
600266,SHSE.600266,,SH,A股-上交所,2023-08-23,7.45,7.8,7.17,7.58,7.46,111270356,840739574.67,1.6086,4.931,1,0,none,baostock,query_history_k_data_plus
600266,SHSE.600266,,SH,A股-上交所,2023-08-24,7.62,7.65,7.21,7.58,7.58,71479833,533843267.36,0.0,3.1677,1,0,none,baostock,query_history_k_data_plus
600266,SHSE.600266,,SH,A股-上交所,2023-08-25,7.53,7.86,7.49,7.52,7.58,100490050,770784654.46,-0.7916,4.4533,1,0,none,baostock,query_history_k_data_plus
600266,SHSE.600266,,SH,A股-上交所,2023-08-28,8.13,8.27,7.68,7.8,7.52,151845192,1215004964.69,3.7234,6.7291,1,0,none,baostock,query_history_k_data_plus
600266,SHSE.600266,,SH,A股-上交所,2023-08-29,7.63,7.99,7.48,7.88,7.8,143140774,1103949610.4,1.0256,6.3434,1,0,none,baostock,query_history_k_data_plus
600266,SHSE.600266,,SH,A股-上交所,2023-08-30,7.76,7.8,7.5,7.63,7.88,82635008,632822193.03,-3.1726,3.662,1,0,none,baostock,query_history_k_data_plus
600266,SHSE.600266,,SH,A股-上交所,2023-08-31,7.49,7.53,6.87,6.87,7.63,131850143,929554216.98,-9.9607,5.843,1,0,none,baostock,query_history_k_data_plus
600266,SHSE.600266,,SH,A股-上交所,2023-09-01,6.93,7.18,6.81,6.88,6.87,119951554,839862613.85,0.1456,5.3157,1,0,none,baostock,query_history_k_data_plus
600266,SHSE.600266,,SH,A股-上交所,2023-09-04,7.06,7.28,6.71,6.75,6.88,125672077,880318839.43,-1.8895,5.5692,1,0,none,baostock,query_history_k_data_plus
600266,SHSE.600266,,SH,A股-上交所,2023-09-05,6.77,6.8,6.55,6.68,6.75,73319087,487051408.13,-1.037,3.2492,1,0,none,baostock,query_history_k_data_plus
600266,SHSE.600266,,SH,A股-上交所,2023-09-06,6.67,6.97,6.56,6.86,6.68,87225160,593581658.36,2.6946,3.8654,1,0,none,baostock,query_history_k_data_plus
600266,SHSE.600266,,SH,A股-上交所,2023-09-07,6.81,6.94,6.76,6.79,6.86,50996146,348922495.52,-1.0204,2.2599,1,0,none,baostock,query_history_k_data_plus
600266,SHSE.600266,,SH,A股-上交所,2023-09-08,6.7,6.78,6.55,6.66,6.79,36496443,242520058.31,-1.9146,1.6174,1,0,none,baostock,query_history_k_data_plus
600266,SHSE.600266,,SH,A股-上交所,2023-09-11,6.67,6.71,6.5,6.63,6.66,49283707,325429892.01,-0.4505,2.184,1,0,none,baostock,query_history_k_data_plus
600266,SHSE.600266,,SH,A股-上交所,2023-09-12,6.63,6.8,6.55,6.72,6.63,38467172,258155797.71,1.3575,1.7047,1,0,none,baostock,query_history_k_data_plus
600266,SHSE.600266,,SH,A股-上交所,2023-09-13,6.68,6.83,6.63,6.75,6.72,47688410,320674327.4,0.4464,2.1133,1,0,none,baostock,query_history_k_data_plus
600266,SHSE.600266,,SH,A股-上交所,2023-09-14,6.72,6.82,6.57,6.65,6.75,41404240,277507662.62,-1.4815,1.8349,1,0,none,baostock,query_history_k_data_plus
600266,SHSE.600266,,SH,A股-上交所,2023-09-15,6.69,6.74,6.59,6.7,6.65,31974049,212903561.58,0.7519,1.417,1,0,none,baostock,query_history_k_data_plus
600266,SHSE.600266,,SH,A股-上交所,2023-09-18,6.74,6.8,6.6,6.64,6.7,31374068,209510386.88,-0.8955,1.3904,1,0,none,baostock,query_history_k_data_plus
600266,SHSE.600266,,SH,A股-上交所,2023-09-19,6.63,6.78,6.58,6.72,6.64,42173485,282947253.22,1.2048,1.8689,1,0,none,baostock,query_history_k_data_plus
600266,SHSE.600266,,SH,A股-上交所,2023-09-20,6.73,6.93,6.65,6.81,6.72,56622086,387208524.07,1.3393,2.5092,1,0,none,baostock,query_history_k_data_plus
600266,SHSE.600266,,SH,A股-上交所,2023-09-21,6.8,7.06,6.68,6.71,6.81,45533963,311805770.05,-1.4684,2.0179,1,0,none,baostock,query_history_k_data_plus
600266,SHSE.600266,,SH,A股-上交所,2023-09-22,6.71,6.97,6.66,6.91,6.71,46323611,317448833.57,2.9806,2.0529,1,0,none,baostock,query_history_k_data_plus
600266,SHSE.600266,,SH,A股-上交所,2023-09-25,6.85,6.85,6.56,6.83,6.91,45388525,305569616.34,-1.1577,2.0114,1,0,none,baostock,query_history_k_data_plus
600266,SHSE.600266,,SH,A股-上交所,2023-09-26,6.76,6.86,6.63,6.79,6.83,39896194,269095384.26,-0.5857,1.768,1,0,none,baostock,query_history_k_data_plus
600266,SHSE.600266,,SH,A股-上交所,2023-09-27,6.77,6.79,6.29,6.33,6.79,79523931,515931590.65,-6.7747,3.5242,1,0,none,baostock,query_history_k_data_plus
600266,SHSE.600266,,SH,A股-上交所,2023-09-28,6.4,6.47,6.29,6.32,6.33,52470306,333723968.59,-0.158,2.3253,1,0,none,baostock,query_history_k_data_plus
600266,SHSE.600266,,SH,A股-上交所,2023-10-09,6.35,6.36,6.09,6.16,6.32,52730426,325949173.72,-2.5316,2.3368,1,0,none,baostock,query_history_k_data_plus
600266,SHSE.600266,,SH,A股-上交所,2023-10-10,6.12,6.27,6.1,6.12,6.16,39759173,245993421.18,-0.6494,1.762,1,0,none,baostock,query_history_k_data_plus
600266,SHSE.600266,,SH,A股-上交所,2023-10-11,6.15,6.19,6.07,6.12,6.12,24443554,149768975.3,0.0,1.0832,1,0,none,baostock,query_history_k_data_plus
600266,SHSE.600266,,SH,A股-上交所,2023-10-12,6.14,6.32,6.07,6.22,6.12,38915806,241572381.15,1.634,1.7246,1,0,none,baostock,query_history_k_data_plus
600266,SHSE.600266,,SH,A股-上交所,2023-10-13,6.17,6.25,6.1,6.12,6.22,22032617,135933400.61,-1.6077,0.9764,1,0,none,baostock,query_history_k_data_plus
600266,SHSE.600266,,SH,A股-上交所,2023-10-16,6.08,6.17,6.01,6.09,6.12,19086223,116363338.63,-0.4902,0.8458,1,0,none,baostock,query_history_k_data_plus
600266,SHSE.600266,,SH,A股-上交所,2023-10-17,6.14,6.18,6.03,6.14,6.09,20965623,127713024.24,0.821,0.9291,1,0,none,baostock,query_history_k_data_plus
600266,SHSE.600266,,SH,A股-上交所,2023-10-18,6.1,6.14,6.0,6.02,6.14,27525062,167087206.64,-1.9544,1.2198,1,0,none,baostock,query_history_k_data_plus
600266,SHSE.600266,,SH,A股-上交所,2023-10-19,6.01,6.13,5.97,6.03,6.02,26292922,159441924.76,0.1661,1.1652,1,0,none,baostock,query_history_k_data_plus
600266,SHSE.600266,,SH,A股-上交所,2023-10-20,6.01,6.3,5.95,6.15,6.03,37621364,231268910.08,1.99,1.6672,1,0,none,baostock,query_history_k_data_plus
600266,SHSE.600266,,SH,A股-上交所,2023-10-23,6.08,6.24,6.04,6.11,6.15,28041973,172238402.58,-0.6504,1.2427,1,0,none,baostock,query_history_k_data_plus
600266,SHSE.600266,,SH,A股-上交所,2023-10-24,6.1,6.38,6.1,6.35,6.11,33836600,211959220.82,3.928,1.4995,1,0,none,baostock,query_history_k_data_plus
600266,SHSE.600266,,SH,A股-上交所,2023-10-25,6.45,6.7,5.83,5.89,6.35,81078122,497616012.58,-7.2441,3.593,1,0,none,baostock,query_history_k_data_plus
600266,SHSE.600266,,SH,A股-上交所,2023-10-26,5.89,5.99,5.77,5.84,5.89,48675994,285880891.13,-0.8489,2.1571,1,0,none,baostock,query_history_k_data_plus
600266,SHSE.600266,,SH,A股-上交所,2023-10-27,5.78,5.96,5.7,5.74,5.84,43983550,255393146.22,-1.7123,1.9492,1,0,none,baostock,query_history_k_data_plus
600266,SHSE.600266,,SH,A股-上交所,2023-10-30,5.78,5.99,5.64,5.74,5.74,52789942,304770365.19,0.0,2.3394,1,0,none,baostock,query_history_k_data_plus
600266,SHSE.600266,,SH,A股-上交所,2023-10-31,5.71,5.88,5.62,5.83,5.74,50778680,292362662.62,1.5679,2.2503,1,0,none,baostock,query_history_k_data_plus
600266,SHSE.600266,,SH,A股-上交所,2023-11-01,5.76,5.99,5.76,5.92,5.83,45238998,267585485.38,1.5437,2.0048,1,0,none,baostock,query_history_k_data_plus
600266,SHSE.600266,,SH,A股-上交所,2023-11-02,5.9,6.08,5.85,5.86,5.92,29684800,175822434.6,-1.0135,1.3155,1,0,none,baostock,query_history_k_data_plus
600266,SHSE.600266,,SH,A股-上交所,2023-11-03,5.83,5.99,5.8,5.92,5.86,33482780,197424687.19,1.0239,1.4838,1,0,none,baostock,query_history_k_data_plus
600266,SHSE.600266,,SH,A股-上交所,2023-11-06,5.92,6.21,5.87,6.1,5.92,49499759,301194483.2,3.0405,2.1936,1,0,none,baostock,query_history_k_data_plus
600266,SHSE.600266,,SH,A股-上交所,2023-11-07,6.15,6.2,5.79,5.89,6.1,36526288,216484783.14,-3.4426,1.6187,1,0,none,baostock,query_history_k_data_plus
600266,SHSE.600266,,SH,A股-上交所,2023-11-08,5.86,5.94,5.79,5.9,5.89,42814760,250573785.44,0.1698,1.8974,1,0,none,baostock,query_history_k_data_plus
600266,SHSE.600266,,SH,A股-上交所,2023-11-09,5.93,6.14,5.93,6.03,5.9,46541830,282371206.13,2.2034,2.0625,1,0,none,baostock,query_history_k_data_plus
600266,SHSE.600266,,SH,A股-上交所,2023-11-10,6.03,6.08,5.84,5.89,6.03,27390549,161837009.29,-2.3217,1.2138,1,0,none,baostock,query_history_k_data_plus
600266,SHSE.600266,,SH,A股-上交所,2023-11-13,5.92,6.02,5.79,5.93,5.89,22812228,134528792.16,0.6791,1.0109,1,0,none,baostock,query_history_k_data_plus
600266,SHSE.600266,,SH,A股-上交所,2023-11-14,5.94,6.36,5.91,6.34,5.93,72042267,447754011.02,6.914,3.1926,1,0,none,baostock,query_history_k_data_plus
600266,SHSE.600266,,SH,A股-上交所,2023-11-15,6.48,6.5,6.09,6.12,6.34,79268543,494814573.44,-3.47,3.5128,1,0,none,baostock,query_history_k_data_plus
600266,SHSE.600266,,SH,A股-上交所,2023-11-16,6.11,6.17,6.04,6.1,6.12,30413347,185280003.85,-0.3268,1.3478,1,0,none,baostock,query_history_k_data_plus
600266,SHSE.600266,,SH,A股-上交所,2023-11-17,6.05,6.11,5.92,5.95,6.1,29012920,173297670.12,-2.459,1.2857,1,0,none,baostock,query_history_k_data_plus
600266,SHSE.600266,,SH,A股-上交所,2023-11-20,5.95,6.01,5.8,5.81,5.95,32810498,191573655.96,-2.3529,1.454,1,0,none,baostock,query_history_k_data_plus
600266,SHSE.600266,,SH,A股-上交所,2023-11-21,5.82,6.26,5.82,6.15,5.81,81901516,498889363.17,5.852,3.6295,1,0,none,baostock,query_history_k_data_plus
600266,SHSE.600266,,SH,A股-上交所,2023-11-22,6.06,6.28,6.05,6.07,6.15,33460899,206444678.96,-1.3008,1.4828,1,0,none,baostock,query_history_k_data_plus
600266,SHSE.600266,,SH,A股-上交所,2023-11-23,6.07,6.52,6.01,6.36,6.07,56263456,356303423.0,4.7776,2.4934,1,0,none,baostock,query_history_k_data_plus
600266,SHSE.600266,,SH,A股-上交所,2023-11-24,6.35,6.5,6.3,6.35,6.36,36959094,235710796.69,-0.1572,1.6379,1,0,none,baostock,query_history_k_data_plus
600266,SHSE.600266,,SH,A股-上交所,2023-11-27,6.26,6.29,6.02,6.06,6.35,40529609,247750115.39,-4.5669,1.7961,1,0,none,baostock,query_history_k_data_plus
600266,SHSE.600266,,SH,A股-上交所,2023-11-28,6.07,6.09,5.8,5.84,6.06,36770890,216933268.14,-3.6304,1.6295,1,0,none,baostock,query_history_k_data_plus
600266,SHSE.600266,,SH,A股-上交所,2023-11-29,5.8,5.83,5.26,5.3,5.84,105727847,567831218.95,-9.2466,4.6854,1,0,none,baostock,query_history_k_data_plus
600266,SHSE.600266,,SH,A股-上交所,2023-11-30,5.24,5.32,5.2,5.25,5.3,46304251,242799266.8,-0.9434,2.052,1,0,none,baostock,query_history_k_data_plus
600266,SHSE.600266,,SH,A股-上交所,2023-12-01,5.27,5.45,5.25,5.37,5.25,42720090,228782848.56,2.2857,1.8932,1,0,none,baostock,query_history_k_data_plus
600266,SHSE.600266,,SH,A股-上交所,2023-12-04,5.37,5.43,5.28,5.35,5.37,37683381,201338754.38,-0.3724,1.67,1,0,none,baostock,query_history_k_data_plus
600266,SHSE.600266,,SH,A股-上交所,2023-12-05,5.37,5.44,5.3,5.34,5.35,25456334,136561940.38,-0.1869,1.1281,1,0,none,baostock,query_history_k_data_plus
600266,SHSE.600266,,SH,A股-上交所,2023-12-06,5.34,5.51,5.3,5.44,5.34,30709441,166665047.92,1.8727,1.3609,1,0,none,baostock,query_history_k_data_plus
600266,SHSE.600266,,SH,A股-上交所,2023-12-07,5.42,5.66,5.42,5.56,5.44,37077962,206133030.98,2.2059,1.6431,1,0,none,baostock,query_history_k_data_plus
600266,SHSE.600266,,SH,A股-上交所,2023-12-08,5.55,5.55,5.36,5.39,5.56,25687503,139063854.81,-3.0576,1.1384,1,0,none,baostock,query_history_k_data_plus
600266,SHSE.600266,,SH,A股-上交所,2023-12-11,5.39,5.39,5.26,5.34,5.39,28533081,151887860.64,-0.9276,1.2645,1,0,none,baostock,query_history_k_data_plus
600266,SHSE.600266,,SH,A股-上交所,2023-12-12,5.3,5.61,5.3,5.59,5.34,37241079,204723088.08,4.6816,1.6504,1,0,none,baostock,query_history_k_data_plus
600266,SHSE.600266,,SH,A股-上交所,2023-12-13,5.52,5.56,5.24,5.25,5.59,58928382,314645424.64,-6.0823,2.6115,1,0,none,baostock,query_history_k_data_plus
600266,SHSE.600266,,SH,A股-上交所,2023-12-14,5.26,5.32,5.17,5.19,5.25,30720709,160670083.83,-1.1429,1.3614,1,0,none,baostock,query_history_k_data_plus
600266,SHSE.600266,,SH,A股-上交所,2023-12-15,5.35,5.48,5.26,5.32,5.19,61065583,328494871.24,2.5048,2.7062,1,0,none,baostock,query_history_k_data_plus
600266,SHSE.600266,,SH,A股-上交所,2023-12-18,5.3,5.5,5.25,5.29,5.32,41194223,221055007.5,-0.5639,1.8256,1,0,none,baostock,query_history_k_data_plus
600266,SHSE.600266,,SH,A股-上交所,2023-12-19,5.27,5.33,5.12,5.18,5.29,36954374,191990209.05,-2.0794,1.6377,1,0,none,baostock,query_history_k_data_plus
600266,SHSE.600266,,SH,A股-上交所,2023-12-20,5.16,5.19,5.04,5.06,5.18,26297768,134172261.32,-2.3166,1.1654,1,0,none,baostock,query_history_k_data_plus
600266,SHSE.600266,,SH,A股-上交所,2023-12-21,5.02,5.15,5.01,5.13,5.06,26964288,137362129.27,1.3834,1.1949,1,0,none,baostock,query_history_k_data_plus
600266,SHSE.600266,,SH,A股-上交所,2023-12-22,5.14,5.16,5.04,5.1,5.13,30566253,155660767.94,-0.5848,1.3546,1,0,none,baostock,query_history_k_data_plus
600266,SHSE.600266,,SH,A股-上交所,2023-12-25,5.1,5.12,5.0,5.07,5.1,23621701,119189907.91,-0.5882,1.0468,1,0,none,baostock,query_history_k_data_plus
600266,SHSE.600266,,SH,A股-上交所,2023-12-26,5.05,5.05,4.86,4.92,5.07,41680808,205574018.97,-2.9586,1.8471,1,0,none,baostock,query_history_k_data_plus
600266,SHSE.600266,,SH,A股-上交所,2023-12-27,4.9,5.04,4.9,4.96,4.92,21643828,107413721.52,0.813,0.9592,1,0,none,baostock,query_history_k_data_plus
600266,SHSE.600266,,SH,A股-上交所,2023-12-28,4.95,5.09,4.9,5.05,4.96,30632518,153217808.2,1.8145,1.3575,1,0,none,baostock,query_history_k_data_plus
600266,SHSE.600266,,SH,A股-上交所,2023-12-29,5.03,5.05,4.76,4.84,5.05,55823034,270638517.64,-4.1584,2.4738,1,0,none,baostock,query_history_k_data_plus
600266,SHSE.600266,,SH,A股-上交所,2024-01-02,4.82,4.83,4.74,4.75,4.84,40045096,191350803.8,-1.8595,1.7746,1,0,none,baostock,query_history_k_data_plus
600266,SHSE.600266,,SH,A股-上交所,2024-01-03,4.75,4.98,4.74,4.83,4.75,53551158,259708853.38,1.6842,2.3732,1,0,none,baostock,query_history_k_data_plus
600266,SHSE.600266,,SH,A股-上交所,2024-01-04,4.8,4.82,4.54,4.64,4.83,63567592,295297510.6,-3.9337,2.817,1,0,none,baostock,query_history_k_data_plus
600266,SHSE.600266,,SH,A股-上交所,2024-01-05,4.64,4.74,4.59,4.63,4.64,44390086,206680254.06,-0.2155,1.9672,1,0,none,baostock,query_history_k_data_plus
600266,SHSE.600266,,SH,A股-上交所,2024-01-08,4.64,4.68,4.57,4.58,4.63,28949042,133962578.66,-1.0799,1.2829,1,0,none,baostock,query_history_k_data_plus
600266,SHSE.600266,,SH,A股-上交所,2024-01-09,4.6,4.65,4.56,4.62,4.58,26460630,121989016.56,0.8734,1.1726,1,0,none,baostock,query_history_k_data_plus
600266,SHSE.600266,,SH,A股-上交所,2024-01-10,4.6,4.63,4.54,4.57,4.62,23239295,106570307.85,-1.0823,1.0299,1,0,none,baostock,query_history_k_data_plus
600266,SHSE.600266,,SH,A股-上交所,2024-01-11,4.56,4.68,4.52,4.65,4.57,33794781,155331594.98,1.7505,1.4976,1,0,none,baostock,query_history_k_data_plus
600266,SHSE.600266,,SH,A股-上交所,2024-01-12,4.61,4.68,4.59,4.6,4.65,26456876,122562603.6,-1.0753,1.1725,1,0,none,baostock,query_history_k_data_plus
600266,SHSE.600266,,SH,A股-上交所,2024-01-15,4.58,4.66,4.54,4.61,4.6,25649336,118163227.4,0.2174,1.1367,1,0,none,baostock,query_history_k_data_plus
600266,SHSE.600266,,SH,A股-上交所,2024-01-16,4.58,4.63,4.43,4.5,4.61,39186095,176294692.25,-2.3861,1.7366,1,0,none,baostock,query_history_k_data_plus
600266,SHSE.600266,,SH,A股-上交所,2024-01-17,4.49,4.52,4.38,4.38,4.5,25291972,112464238.15,-2.6667,1.1208,1,0,none,baostock,query_history_k_data_plus
600266,SHSE.600266,,SH,A股-上交所,2024-01-18,4.39,4.4,4.2,4.33,4.38,48375713,207184407.6,-1.1416,2.1438,1,0,none,baostock,query_history_k_data_plus
600266,SHSE.600266,,SH,A股-上交所,2024-01-19,4.3,4.39,4.27,4.3,4.33,23405249,101193227.95,-0.6928,1.0372,1,0,none,baostock,query_history_k_data_plus
600266,SHSE.600266,,SH,A股-上交所,2024-01-22,4.27,4.29,4.0,4.02,4.3,45113487,186331308.86,-6.5116,1.9992,1,0,none,baostock,query_history_k_data_plus
600266,SHSE.600266,,SH,A股-上交所,2024-01-23,4.03,4.18,3.98,4.14,4.02,41598988,169936680.2,2.9851,1.8435,1,0,none,baostock,query_history_k_data_plus
600266,SHSE.600266,,SH,A股-上交所,2024-01-24,4.19,4.26,4.02,4.21,4.14,68798152,284186039.76,1.6908,3.0488,1,0,none,baostock,query_history_k_data_plus
600266,SHSE.600266,,SH,A股-上交所,2024-01-25,4.27,4.46,4.21,4.44,4.21,73336750,318871894.6,5.4632,3.25,1,0,none,baostock,query_history_k_data_plus
600266,SHSE.600266,,SH,A股-上交所,2024-01-26,4.51,4.79,4.51,4.67,4.44,97403353,454120361.05,5.1802,4.3165,1,0,none,baostock,query_history_k_data_plus
600266,SHSE.600266,,SH,A股-上交所,2024-01-29,4.78,4.92,4.64,4.66,4.67,106020912,504681063.67,-0.2141,4.6984,1,0,none,baostock,query_history_k_data_plus
600266,SHSE.600266,,SH,A股-上交所,2024-01-30,4.63,4.66,4.41,4.44,4.66,81669380,369355107.44,-4.721,3.6192,1,0,none,baostock,query_history_k_data_plus
600266,SHSE.600266,,SH,A股-上交所,2024-01-31,4.51,4.55,4.23,4.25,4.44,69707069,302972834.19,-4.2793,3.2351,1,0,none,baostock,query_history_k_data_plus
600266,SHSE.600266,,SH,A股-上交所,2024-02-01,4.18,4.29,4.11,4.16,4.25,61019241,256072646.0,-2.1176,2.8319,1,0,none,baostock,query_history_k_data_plus
600266,SHSE.600266,,SH,A股-上交所,2024-02-02,4.19,4.42,4.09,4.23,4.16,100877690,430524800.01,1.6827,4.6818,1,0,none,baostock,query_history_k_data_plus
600266,SHSE.600266,,SH,A股-上交所,2024-02-05,4.13,4.17,3.81,3.81,4.23,87667156,337906527.6,-9.9291,4.0687,1,0,none,baostock,query_history_k_data_plus
600266,SHSE.600266,,SH,A股-上交所,2024-02-06,3.6,3.81,3.43,3.74,3.81,110293690,395959538.85,-1.8373,5.1188,1,0,none,baostock,query_history_k_data_plus
600266,SHSE.600266,,SH,A股-上交所,2024-02-07,3.75,3.9,3.61,3.7,3.74,100925440,378657617.58,-1.0695,4.684,1,0,none,baostock,query_history_k_data_plus
600266,SHSE.600266,,SH,A股-上交所,2024-02-08,3.74,4.0,3.72,3.99,3.7,96825508,374286551.75,7.8378,4.4937,1,0,none,baostock,query_history_k_data_plus
600266,SHSE.600266,,SH,A股-上交所,2024-02-19,4.05,4.17,3.82,3.98,3.99,97380776,387593106.87,-0.2506,4.5195,1,0,none,baostock,query_history_k_data_plus
600266,SHSE.600266,,SH,A股-上交所,2024-02-20,3.98,4.07,3.95,4.05,3.98,68885346,277574762.39,1.7588,3.197,1,0,none,baostock,query_history_k_data_plus
600266,SHSE.600266,,SH,A股-上交所,2024-02-21,4.01,4.46,3.93,4.28,4.05,108766257,462169270.48,5.679,5.0479,1,0,none,baostock,query_history_k_data_plus
600266,SHSE.600266,,SH,A股-上交所,2024-02-22,4.22,4.29,4.17,4.27,4.28,67688358,286470296.76,-0.2336,3.1414,1,0,none,baostock,query_history_k_data_plus
600266,SHSE.600266,,SH,A股-上交所,2024-02-23,4.25,4.44,4.25,4.36,4.27,69847771,304064479.85,2.1077,3.2417,1,0,none,baostock,query_history_k_data_plus
600266,SHSE.600266,,SH,A股-上交所,2024-02-26,4.34,4.38,4.2,4.26,4.36,54410784,232684090.69,-2.2936,2.5252,1,0,none,baostock,query_history_k_data_plus
600266,SHSE.600266,,SH,A股-上交所,2024-02-27,4.26,4.34,4.21,4.33,4.26,51648517,221483953.08,1.6432,2.397,1,0,none,baostock,query_history_k_data_plus
600266,SHSE.600266,,SH,A股-上交所,2024-02-28,4.34,4.42,4.15,4.16,4.33,69768079,301112663.17,-3.9261,3.238,1,0,none,baostock,query_history_k_data_plus
600266,SHSE.600266,,SH,A股-上交所,2024-02-29,4.12,4.28,4.08,4.28,4.16,45828019,193253998.72,2.8846,2.1269,1,0,none,baostock,query_history_k_data_plus
600266,SHSE.600266,,SH,A股-上交所,2024-03-01,4.29,4.31,4.2,4.25,4.28,42773925,181813528.47,-0.7009,1.9852,1,0,none,baostock,query_history_k_data_plus
600266,SHSE.600266,,SH,A股-上交所,2024-03-04,4.24,4.24,4.0,4.08,4.25,63015644,256747222.78,-4.0,2.9246,1,0,none,baostock,query_history_k_data_plus
600266,SHSE.600266,,SH,A股-上交所,2024-03-05,4.06,4.07,3.94,4.03,4.08,43651572,175121924.44,-1.2255,2.0259,1,0,none,baostock,query_history_k_data_plus
600266,SHSE.600266,,SH,A股-上交所,2024-03-06,4.0,4.06,3.98,4.01,4.03,33356388,134007287.12,-0.4963,1.5481,1,0,none,baostock,query_history_k_data_plus
600266,SHSE.600266,,SH,A股-上交所,2024-03-07,4.02,4.09,3.97,3.97,4.01,39255051,157520607.16,-0.9975,1.8218,1,0,none,baostock,query_history_k_data_plus
600266,SHSE.600266,,SH,A股-上交所,2024-03-08,3.97,4.0,3.91,3.94,3.97,40452594,159680450.2,-0.7557,1.8774,1,0,none,baostock,query_history_k_data_plus
600266,SHSE.600266,,SH,A股-上交所,2024-03-11,3.94,4.01,3.93,4.01,3.94,41391683,164818013.59,1.7766,1.921,1,0,none,baostock,query_history_k_data_plus
600266,SHSE.600266,,SH,A股-上交所,2024-03-12,4.02,4.29,3.96,4.24,4.01,101581948,419288533.21,5.7357,4.7144,1,0,none,baostock,query_history_k_data_plus
600266,SHSE.600266,,SH,A股-上交所,2024-03-13,4.25,4.25,4.07,4.12,4.24,66634503,274730772.45,-2.8302,3.0925,1,0,none,baostock,query_history_k_data_plus
600266,SHSE.600266,,SH,A股-上交所,2024-03-14,4.15,4.19,4.1,4.14,4.12,48175744,199555425.51,0.4854,2.2359,1,0,none,baostock,query_history_k_data_plus
600266,SHSE.600266,,SH,A股-上交所,2024-03-15,4.12,4.2,4.07,4.12,4.14,35415932,145827000.71,-0.4831,1.6437,1,0,none,baostock,query_history_k_data_plus
600266,SHSE.600266,,SH,A股-上交所,2024-03-18,4.12,4.14,4.05,4.11,4.12,36736503,149956202.49,-0.2427,1.705,1,0,none,baostock,query_history_k_data_plus
600266,SHSE.600266,,SH,A股-上交所,2024-03-19,4.1,4.1,4.04,4.05,4.11,35047006,142619409.36,-1.4599,1.6265,1,0,none,baostock,query_history_k_data_plus
600266,SHSE.600266,,SH,A股-上交所,2024-03-20,4.04,4.19,4.02,4.13,4.05,53386377,220277096.27,1.9753,2.4777,1,0,none,baostock,query_history_k_data_plus
600266,SHSE.600266,,SH,A股-上交所,2024-03-21,4.13,4.2,4.11,4.13,4.13,50017256,207708477.64,0.0,2.3213,1,0,none,baostock,query_history_k_data_plus
600266,SHSE.600266,,SH,A股-上交所,2024-03-22,4.12,4.13,3.98,4.06,4.13,58953656,238233818.3,-1.6949,2.7361,1,0,none,baostock,query_history_k_data_plus
600266,SHSE.600266,,SH,A股-上交所,2024-03-25,4.05,4.2,3.99,4.08,4.06,61873485,253783542.53,0.4926,2.8716,1,0,none,baostock,query_history_k_data_plus
600266,SHSE.600266,,SH,A股-上交所,2024-03-26,4.05,4.19,4.04,4.18,4.08,67141679,277081654.2,2.451,3.1161,1,0,none,baostock,query_history_k_data_plus
600266,SHSE.600266,,SH,A股-上交所,2024-03-27,4.2,4.2,4.0,4.01,4.18,70373273,286834180.09,-4.067,3.266,1,0,none,baostock,query_history_k_data_plus
600266,SHSE.600266,,SH,A股-上交所,2024-03-28,4.0,4.1,4.0,4.03,4.01,58626518,237259802.65,0.4988,2.7209,1,0,none,baostock,query_history_k_data_plus
600266,SHSE.600266,,SH,A股-上交所,2024-03-29,4.01,4.03,3.89,3.92,4.03,62792828,247663905.88,-2.7295,2.9142,1,0,none,baostock,query_history_k_data_plus
600266,SHSE.600266,,SH,A股-上交所,2024-04-01,3.92,4.06,3.91,4.04,3.92,69082391,277590850.62,3.0612,3.2061,1,0,none,baostock,query_history_k_data_plus
600266,SHSE.600266,,SH,A股-上交所,2024-04-02,4.03,4.04,3.91,3.94,4.04,75282685,298056217.29,-2.4752,3.4939,1,0,none,baostock,query_history_k_data_plus
600266,SHSE.600266,,SH,A股-上交所,2024-04-03,3.93,3.94,3.87,3.9,3.94,42171749,164668788.93,-1.0152,1.9572,1,0,none,baostock,query_history_k_data_plus
600266,SHSE.600266,,SH,A股-上交所,2024-04-08,3.88,3.92,3.83,3.85,3.9,38974402,150881270.42,-1.2821,1.8088,1,0,none,baostock,query_history_k_data_plus
600266,SHSE.600266,,SH,A股-上交所,2024-04-09,3.85,3.92,3.83,3.91,3.85,31407858,121685048.88,1.5584,1.4576,1,0,none,baostock,query_history_k_data_plus
600266,SHSE.600266,,SH,A股-上交所,2024-04-10,3.9,3.9,3.71,3.74,3.91,51826181,195707175.04,-4.3478,2.4053,1,0,none,baostock,query_history_k_data_plus
600266,SHSE.600266,,SH,A股-上交所,2024-04-11,3.71,3.79,3.68,3.77,3.74,36682363,137463652.36,0.8021,1.7024,1,0,none,baostock,query_history_k_data_plus
600266,SHSE.600266,,SH,A股-上交所,2024-04-12,3.74,3.77,3.66,3.68,3.77,36081122,133615715.27,-2.3873,1.6745,1,0,none,baostock,query_history_k_data_plus
600266,SHSE.600266,,SH,A股-上交所,2024-04-15,3.68,3.7,3.5,3.61,3.68,61103708,220518928.47,-1.9022,2.8358,1,0,none,baostock,query_history_k_data_plus
600266,SHSE.600266,,SH,A股-上交所,2024-04-16,3.6,3.61,3.45,3.51,3.61,50055951,176713106.92,-2.7701,2.3231,1,0,none,baostock,query_history_k_data_plus
600266,SHSE.600266,,SH,A股-上交所,2024-04-17,3.51,3.63,3.51,3.62,3.51,45621884,164060302.46,3.1339,2.1173,1,0,none,baostock,query_history_k_data_plus
600266,SHSE.600266,,SH,A股-上交所,2024-04-18,3.6,3.67,3.57,3.58,3.62,40050436,144949197.52,-1.105,1.8588,1,0,none,baostock,query_history_k_data_plus
600266,SHSE.600266,,SH,A股-上交所,2024-04-19,3.56,3.62,3.51,3.53,3.58,29128584,103316634.3,-1.3966,1.3519,1,0,none,baostock,query_history_k_data_plus
600266,SHSE.600266,,SH,A股-上交所,2024-04-22,3.54,3.6,3.5,3.52,3.53,28492134,100772376.54,-0.2833,1.3223,1,0,none,baostock,query_history_k_data_plus
600266,SHSE.600266,,SH,A股-上交所,2024-04-23,3.53,3.55,3.49,3.51,3.52,32434189,114205012.28,-0.2841,1.5053,1,0,none,baostock,query_history_k_data_plus
600266,SHSE.600266,,SH,A股-上交所,2024-04-24,3.52,3.52,3.46,3.51,3.51,27071442,94368159.93,0.0,1.2564,1,0,none,baostock,query_history_k_data_plus
600266,SHSE.600266,,SH,A股-上交所,2024-04-25,3.49,3.56,3.47,3.53,3.51,25567618,90043257.48,0.5698,1.1866,1,0,none,baostock,query_history_k_data_plus
600266,SHSE.600266,,SH,A股-上交所,2024-04-26,3.52,3.75,3.49,3.73,3.53,77397655,281267604.38,5.6657,3.592,1,0,none,baostock,query_history_k_data_plus
600266,SHSE.600266,,SH,A股-上交所,2024-04-29,3.66,4.1,3.65,4.1,3.73,175569362,695655034.44,9.9196,8.1482,1,0,none,baostock,query_history_k_data_plus
600266,SHSE.600266,,SH,A股-上交所,2024-04-30,4.05,4.08,3.86,3.94,4.1,116283210,457823334.31,-3.9024,5.3967,1,0,none,baostock,query_history_k_data_plus
600266,SHSE.600266,,SH,A股-上交所,2024-05-06,4.1,4.15,3.94,3.96,3.94,94777428,381568472.38,0.5076,4.3986,1,0,none,baostock,query_history_k_data_plus
600266,SHSE.600266,,SH,A股-上交所,2024-05-07,3.96,4.04,3.86,3.97,3.96,67072620,264120812.48,0.2525,3.1129,1,0,none,baostock,query_history_k_data_plus
600266,SHSE.600266,,SH,A股-上交所,2024-05-08,3.95,3.96,3.83,3.83,3.97,45407981,175559985.53,-3.5264,2.1074,1,0,none,baostock,query_history_k_data_plus
600266,SHSE.600266,,SH,A股-上交所,2024-05-09,3.84,3.95,3.83,3.89,3.83,46622989,180999141.09,1.5666,2.1638,1,0,none,baostock,query_history_k_data_plus
600266,SHSE.600266,,SH,A股-上交所,2024-05-10,3.87,4.18,3.86,4.09,3.89,100488880,404160143.22,5.1414,4.6637,1,0,none,baostock,query_history_k_data_plus
600266,SHSE.600266,,SH,A股-上交所,2024-05-13,4.06,4.09,3.96,3.99,4.09,56169597,224935055.43,-2.445,2.6068,1,0,none,baostock,query_history_k_data_plus
600266,SHSE.600266,,SH,A股-上交所,2024-05-14,3.97,4.04,3.93,3.98,3.99,40525053,161098696.37,-0.2506,1.8808,1,0,none,baostock,query_history_k_data_plus
600266,SHSE.600266,,SH,A股-上交所,2024-05-15,3.97,4.17,3.96,4.08,3.98,90862973,370355002.56,2.5126,4.217,1,0,none,baostock,query_history_k_data_plus
600266,SHSE.600266,,SH,A股-上交所,2024-05-16,4.06,4.43,4.05,4.28,4.08,150380407,645286234.91,4.902,6.9792,1,0,none,baostock,query_history_k_data_plus
600266,SHSE.600266,,SH,A股-上交所,2024-05-17,4.45,4.71,4.29,4.71,4.28,216280116,984480260.26,10.0467,10.0376,1,0,none,baostock,query_history_k_data_plus
600266,SHSE.600266,,SH,A股-上交所,2024-05-20,4.84,5.18,4.71,5.04,4.71,272269710,1369429681.87,7.0064,12.6361,1,0,none,baostock,query_history_k_data_plus
600266,SHSE.600266,,SH,A股-上交所,2024-05-21,5.14,5.28,5.0,5.03,5.04,182151048,934143759.46,-0.1984,8.4537,1,0,none,baostock,query_history_k_data_plus
600266,SHSE.600266,,SH,A股-上交所,2024-05-22,5.1,5.53,4.98,5.3,5.03,240526879,1277575719.18,5.3678,11.1629,1,0,none,baostock,query_history_k_data_plus
600266,SHSE.600266,,SH,A股-上交所,2024-05-23,5.2,5.77,5.11,5.76,5.3,213690602,1170271648.95,8.6792,9.9174,1,0,none,baostock,query_history_k_data_plus
600266,SHSE.600266,,SH,A股-上交所,2024-05-24,5.38,5.38,5.18,5.18,5.76,130747033,678820888.92,-10.0694,6.068,1,0,none,baostock,query_history_k_data_plus
600266,SHSE.600266,,SH,A股-上交所,2024-05-27,5.16,5.16,4.87,5.08,5.18,155246770,775465779.36,-1.9305,7.205,1,0,none,baostock,query_history_k_data_plus
600266,SHSE.600266,,SH,A股-上交所,2024-05-28,5.07,5.11,4.73,4.79,5.08,140800314,691294797.6,-5.7087,6.5346,1,0,none,baostock,query_history_k_data_plus
600266,SHSE.600266,,SH,A股-上交所,2024-05-29,4.85,4.98,4.76,4.78,4.79,86711882,421421287.67,-0.2088,4.0243,1,0,none,baostock,query_history_k_data_plus
600266,SHSE.600266,,SH,A股-上交所,2024-05-30,4.78,4.79,4.56,4.61,4.78,83858700,388087819.01,-3.5565,3.8919,1,0,none,baostock,query_history_k_data_plus
600266,SHSE.600266,,SH,A股-上交所,2024-05-31,4.6,4.76,4.48,4.72,4.61,92957533,429918155.01,2.3861,4.3142,1,0,none,baostock,query_history_k_data_plus
600266,SHSE.600266,,SH,A股-上交所,2024-06-03,4.63,4.66,4.5,4.58,4.72,72323753,330442510.48,-2.9661,3.3566,1,0,none,baostock,query_history_k_data_plus
600266,SHSE.600266,,SH,A股-上交所,2024-06-04,4.57,4.95,4.5,4.86,4.58,103509324,492683997.58,6.1135,4.8039,1,0,none,baostock,query_history_k_data_plus
600266,SHSE.600266,,SH,A股-上交所,2024-06-05,4.8,4.84,4.57,4.59,4.86,60804566,284710745.84,-5.5556,2.822,1,0,none,baostock,query_history_k_data_plus
600266,SHSE.600266,,SH,A股-上交所,2024-06-06,4.61,4.65,4.37,4.47,4.59,71697466,321362679.08,-2.6144,3.3275,1,0,none,baostock,query_history_k_data_plus
600266,SHSE.600266,,SH,A股-上交所,2024-06-07,4.46,4.63,4.45,4.6,4.47,62016212,281675344.23,2.9083,2.8782,1,0,none,baostock,query_history_k_data_plus
600266,SHSE.600266,,SH,A股-上交所,2024-06-11,4.54,4.61,4.41,4.5,4.6,44510144,200340910.76,-2.1739,2.0657,1,0,none,baostock,query_history_k_data_plus
600266,SHSE.600266,,SH,A股-上交所,2024-06-12,4.46,4.54,4.44,4.51,4.5,29060265,130496620.61,0.2222,1.3487,1,0,none,baostock,query_history_k_data_plus
600266,SHSE.600266,,SH,A股-上交所,2024-06-13,4.55,4.59,4.3,4.33,4.51,65199130,286761724.96,-3.9911,3.0259,1,0,none,baostock,query_history_k_data_plus
600266,SHSE.600266,,SH,A股-上交所,2024-06-14,4.33,4.57,4.29,4.48,4.33,55385703,246541405.55,3.4642,2.5705,1,0,none,baostock,query_history_k_data_plus
600266,SHSE.600266,,SH,A股-上交所,2024-06-17,4.42,4.43,4.22,4.24,4.48,70742343,304065204.73,-5.3571,3.2832,1,0,none,baostock,query_history_k_data_plus
600266,SHSE.600266,,SH,A股-上交所,2024-06-18,4.24,4.3,4.17,4.18,4.24,45375386,191129941.46,-1.4151,2.1059,1,0,none,baostock,query_history_k_data_plus
600266,SHSE.600266,,SH,A股-上交所,2024-06-19,4.17,4.32,4.13,4.2,4.18,48354628,204303020.49,0.4785,2.2442,1,0,none,baostock,query_history_k_data_plus
600266,SHSE.600266,,SH,A股-上交所,2024-06-20,4.18,4.24,4.08,4.1,4.2,38518385,159162754.65,-2.381,1.7876,1,0,none,baostock,query_history_k_data_plus
600266,SHSE.600266,,SH,A股-上交所,2024-06-21,4.12,4.17,4.07,4.08,4.1,26254334,108084982.47,-0.4878,1.2185,1,0,none,baostock,query_history_k_data_plus
600266,SHSE.600266,,SH,A股-上交所,2024-06-24,4.05,4.06,3.84,3.87,4.08,56884764,223685626.3,-5.1471,2.64,1,0,none,baostock,query_history_k_data_plus
600266,SHSE.600266,,SH,A股-上交所,2024-06-25,3.87,4.0,3.82,3.93,3.87,66503511,260646536.77,1.5504,3.0864,1,0,none,baostock,query_history_k_data_plus
600266,SHSE.600266,,SH,A股-上交所,2024-06-26,3.9,3.93,3.82,3.91,3.93,40764512,158169510.68,-0.5089,1.8919,1,0,none,baostock,query_history_k_data_plus
600266,SHSE.600266,,SH,A股-上交所,2024-06-27,3.99,4.02,3.83,3.83,3.91,70516132,275988840.88,-2.046,3.2727,1,0,none,baostock,query_history_k_data_plus
600266,SHSE.600266,,SH,A股-上交所,2024-06-28,3.82,3.87,3.72,3.74,3.83,51606016,196148594.84,-2.3499,2.3951,1,0,none,baostock,query_history_k_data_plus
600266,SHSE.600266,,SH,A股-上交所,2024-07-01,3.76,4.11,3.72,4.11,3.74,84138964,333803497.18,9.893,3.9049,1,0,none,baostock,query_history_k_data_plus
600266,SHSE.600266,,SH,A股-上交所,2024-07-02,4.13,4.31,4.05,4.11,4.11,86849339,363699727.54,0.0,4.0307,1,0,none,baostock,query_history_k_data_plus
600266,SHSE.600266,,SH,A股-上交所,2024-07-03,4.12,4.38,4.06,4.31,4.11,92348017,393421429.22,4.8662,4.2859,1,0,none,baostock,query_history_k_data_plus
600266,SHSE.600266,,SH,A股-上交所,2024-07-04,4.29,4.46,4.22,4.24,4.31,79378186,342719794.25,-1.6241,3.684,1,0,none,baostock,query_history_k_data_plus
600266,SHSE.600266,,SH,A股-上交所,2024-07-05,4.24,4.25,4.05,4.14,4.24,61120009,252707015.1,-2.3585,2.8366,1,0,none,baostock,query_history_k_data_plus
600266,SHSE.600266,,SH,A股-上交所,2024-07-08,4.06,4.09,3.79,3.82,4.14,72780998,283444283.91,-7.7295,3.3778,1,0,none,baostock,query_history_k_data_plus
600266,SHSE.600266,,SH,A股-上交所,2024-07-09,3.83,3.9,3.7,3.88,3.82,51411971,195650422.02,1.5707,2.386,1,0,none,baostock,query_history_k_data_plus
600266,SHSE.600266,,SH,A股-上交所,2024-07-10,3.87,3.95,3.77,3.8,3.88,35368670,136011714.98,-2.0619,1.6415,1,0,none,baostock,query_history_k_data_plus
600266,SHSE.600266,,SH,A股-上交所,2024-07-11,3.9,3.92,3.78,3.86,3.8,49740830,191746244.66,1.5789,2.3085,1,0,none,baostock,query_history_k_data_plus
600266,SHSE.600266,,SH,A股-上交所,2024-07-12,3.89,4.25,3.87,4.08,3.86,104748558,432104686.02,5.6995,4.8614,1,0,none,baostock,query_history_k_data_plus
600266,SHSE.600266,,SH,A股-上交所,2024-07-15,4.0,4.11,3.88,3.89,4.08,67296088,266602963.4,-4.6569,3.1232,1,0,none,baostock,query_history_k_data_plus
600266,SHSE.600266,,SH,A股-上交所,2024-07-16,3.88,3.98,3.81,3.96,3.89,54521913,214019170.96,1.7995,2.5304,1,0,none,baostock,query_history_k_data_plus
600266,SHSE.600266,,SH,A股-上交所,2024-07-17,3.95,4.27,3.94,4.16,3.96,84318525,351703159.36,5.0505,3.9132,1,0,none,baostock,query_history_k_data_plus
600266,SHSE.600266,,SH,A股-上交所,2024-07-18,4.16,4.22,4.07,4.2,4.16,50078870,207447923.34,0.9615,2.3242,1,0,none,baostock,query_history_k_data_plus
600266,SHSE.600266,,SH,A股-上交所,2024-07-19,4.15,4.18,3.93,3.99,4.2,72284928,288175230.6,-5.0,3.3548,1,0,none,baostock,query_history_k_data_plus
600266,SHSE.600266,,SH,A股-上交所,2024-07-22,3.96,4.04,3.9,3.98,3.99,43992781,173910854.5,-0.2506,2.0417,1,0,none,baostock,query_history_k_data_plus
600266,SHSE.600266,,SH,A股-上交所,2024-07-23,3.97,4.07,3.92,3.93,3.98,42767335,171076797.35,-1.2563,1.9848,1,0,none,baostock,query_history_k_data_plus
600266,SHSE.600266,,SH,A股-上交所,2024-07-24,3.84,3.86,3.69,3.71,3.83,43761512,164471441.69,-3.1332,2.031,1,0,none,baostock,query_history_k_data_plus
600266,SHSE.600266,,SH,A股-上交所,2024-07-25,3.68,3.85,3.66,3.76,3.71,28769347,108553179.96,1.3477,1.3352,1,0,none,baostock,query_history_k_data_plus
600266,SHSE.600266,,SH,A股-上交所,2024-07-26,3.78,3.87,3.75,3.79,3.76,29340006,111693093.58,0.7979,1.3617,1,0,none,baostock,query_history_k_data_plus
600266,SHSE.600266,,SH,A股-上交所,2024-07-29,3.78,3.79,3.66,3.71,3.79,36617100,135458383.61,-2.1108,1.6994,1,0,none,baostock,query_history_k_data_plus
600266,SHSE.600266,,SH,A股-上交所,2024-07-30,3.69,3.99,3.69,3.87,3.71,67864948,261566657.44,4.3127,3.1496,1,0,none,baostock,query_history_k_data_plus
600266,SHSE.600266,,SH,A股-上交所,2024-07-31,3.87,3.98,3.71,3.97,3.87,65333899,253146864.75,2.584,3.0322,1,0,none,baostock,query_history_k_data_plus
600266,SHSE.600266,,SH,A股-上交所,2024-08-01,3.99,4.04,3.87,3.89,3.97,46206219,181746403.34,-2.0151,2.1444,1,0,none,baostock,query_history_k_data_plus
600266,SHSE.600266,,SH,A股-上交所,2024-08-02,3.87,3.89,3.78,3.82,3.89,58767614,225256114.76,-1.7995,2.7274,1,0,none,baostock,query_history_k_data_plus
600266,SHSE.600266,,SH,A股-上交所,2024-08-05,3.8,4.0,3.78,3.79,3.82,59970166,233836835.49,-0.7853,2.7832,1,0,none,baostock,query_history_k_data_plus
600266,SHSE.600266,,SH,A股-上交所,2024-08-06,3.86,4.16,3.8,4.11,3.79,99292436,394947744.74,8.4433,4.6082,1,0,none,baostock,query_history_k_data_plus
600266,SHSE.600266,,SH,A股-上交所,2024-08-07,4.06,4.08,3.96,4.04,4.11,48061474,192958800.44,-1.7032,2.2305,1,0,none,baostock,query_history_k_data_plus
600266,SHSE.600266,,SH,A股-上交所,2024-08-08,4.04,4.44,4.01,4.37,4.04,126846218,543384532.81,8.1683,5.887,1,0,none,baostock,query_history_k_data_plus
600266,SHSE.600266,,SH,A股-上交所,2024-08-09,4.3,4.64,4.29,4.52,4.37,122706361,554766920.55,3.4325,5.6948,1,0,none,baostock,query_history_k_data_plus
600266,SHSE.600266,,SH,A股-上交所,2024-08-12,4.45,4.79,4.3,4.53,4.52,99925917,445194780.42,0.2212,4.6376,1,0,none,baostock,query_history_k_data_plus
600266,SHSE.600266,,SH,A股-上交所,2024-08-13,4.44,4.52,4.19,4.26,4.53,72034900,310291243.4,-5.9603,3.3432,1,0,none,baostock,query_history_k_data_plus
600266,SHSE.600266,,SH,A股-上交所,2024-08-14,4.24,4.35,4.18,4.27,4.26,44788106,190847932.6,0.2347,2.0786,1,0,none,baostock,query_history_k_data_plus
600266,SHSE.600266,,SH,A股-上交所,2024-08-15,4.25,4.43,4.19,4.33,4.27,53422557,230307782.74,1.4052,2.4794,1,0,none,baostock,query_history_k_data_plus
600266,SHSE.600266,,SH,A股-上交所,2024-08-16,4.32,4.48,4.23,4.25,4.33,57618684,250049406.84,-1.8476,2.6741,1,0,none,baostock,query_history_k_data_plus
600266,SHSE.600266,,SH,A股-上交所,2024-08-19,4.2,4.36,4.13,4.24,4.25,38291923,162920671.89,-0.2353,1.7771,1,0,none,baostock,query_history_k_data_plus
600266,SHSE.600266,,SH,A股-上交所,2024-08-20,4.22,4.3,4.09,4.12,4.24,43107460,179159134.96,-2.8302,2.0006,1,0,none,baostock,query_history_k_data_plus
600266,SHSE.600266,,SH,A股-上交所,2024-08-21,4.12,4.21,4.06,4.16,4.12,34954900,144693765.72,0.9709,1.6223,1,0,none,baostock,query_history_k_data_plus
600266,SHSE.600266,,SH,A股-上交所,2024-08-22,4.19,4.28,4.08,4.11,4.16,32001575,133505081.16,-1.2019,1.4852,1,0,none,baostock,query_history_k_data_plus
600266,SHSE.600266,,SH,A股-上交所,2024-08-23,4.08,4.15,4.04,4.12,4.11,26028328,106793116.52,0.2433,1.208,1,0,none,baostock,query_history_k_data_plus
600266,SHSE.600266,,SH,A股-上交所,2024-08-26,4.1,4.19,4.05,4.14,4.12,22644997,93472154.11,0.4854,1.051,1,0,none,baostock,query_history_k_data_plus
600266,SHSE.600266,,SH,A股-上交所,2024-08-27,4.11,4.12,3.94,3.96,4.14,30587404,122489594.48,-4.3478,1.4196,1,0,none,baostock,query_history_k_data_plus
600266,SHSE.600266,,SH,A股-上交所,2024-08-28,3.95,3.98,3.86,3.88,3.96,20828964,81436731.6,-2.0202,0.9667,1,0,none,baostock,query_history_k_data_plus
600266,SHSE.600266,,SH,A股-上交所,2024-08-29,3.85,3.98,3.85,3.94,3.88,17329104,68154706.64,1.5464,0.8042,1,0,none,baostock,query_history_k_data_plus
600266,SHSE.600266,,SH,A股-上交所,2024-08-30,3.95,4.33,3.95,4.21,3.94,77747133,329466804.26,6.8528,3.6083,1,0,none,baostock,query_history_k_data_plus
600266,SHSE.600266,,SH,A股-上交所,2024-09-02,4.14,4.22,4.03,4.04,4.21,52857971,217288713.8,-4.038,2.4532,1,0,none,baostock,query_history_k_data_plus
600266,SHSE.600266,,SH,A股-上交所,2024-09-03,4.04,4.25,4.02,4.16,4.04,45688544,189566091.4,2.9703,2.1204,1,0,none,baostock,query_history_k_data_plus
600266,SHSE.600266,,SH,A股-上交所,2024-09-04,4.12,4.29,4.09,4.15,4.16,37034542,154238908.16,-0.2404,1.7188,1,0,none,baostock,query_history_k_data_plus
600266,SHSE.600266,,SH,A股-上交所,2024-09-05,4.18,4.3,4.14,4.27,4.15,39689402,168350897.62,2.8916,1.842,1,0,none,baostock,query_history_k_data_plus
600266,SHSE.600266,,SH,A股-上交所,2024-09-06,4.23,4.32,4.17,4.18,4.27,26132055,110587284.59,-2.1077,1.2128,1,0,none,baostock,query_history_k_data_plus
600266,SHSE.600266,,SH,A股-上交所,2024-09-09,4.17,4.22,4.1,4.2,4.18,23650047,98667192.54,0.4785,1.0976,1,0,none,baostock,query_history_k_data_plus
600266,SHSE.600266,,SH,A股-上交所,2024-09-10,4.18,4.23,3.98,4.04,4.2,33755296,136606438.56,-3.8095,1.5666,1,0,none,baostock,query_history_k_data_plus
600266,SHSE.600266,,SH,A股-上交所,2024-09-11,4.04,4.08,3.94,4.06,4.04,22282100,89877404.68,0.495,1.0735,1,0,none,baostock,query_history_k_data_plus
600266,SHSE.600266,,SH,A股-上交所,2024-09-12,4.04,4.17,4.02,4.11,4.06,28298340,116382773.96,1.2315,1.3633,1,0,none,baostock,query_history_k_data_plus
600266,SHSE.600266,,SH,A股-上交所,2024-09-13,4.13,4.2,4.1,4.11,4.11,31065896,128968572.56,0.0,1.4966,1,0,none,baostock,query_history_k_data_plus
600266,SHSE.600266,,SH,A股-上交所,2024-09-18,4.09,4.45,4.08,4.35,4.11,57595730,245616075.55,5.8394,2.7747,1,0,none,baostock,query_history_k_data_plus
600266,SHSE.600266,,SH,A股-上交所,2024-09-19,4.38,4.56,4.32,4.35,4.35,67088755,296243588.64,0.0,3.232,1,0,none,baostock,query_history_k_data_plus
600266,SHSE.600266,,SH,A股-上交所,2024-09-20,4.25,4.49,4.25,4.47,4.35,56738645,250219957.35,2.7586,2.7334,1,0,none,baostock,query_history_k_data_plus
600266,SHSE.600266,,SH,A股-上交所,2024-09-23,4.42,4.54,4.37,4.49,4.47,44259640,198134829.2,0.4474,2.1322,1,0,none,baostock,query_history_k_data_plus
600266,SHSE.600266,,SH,A股-上交所,2024-09-24,4.57,4.68,4.3,4.51,4.49,84182848,375745449.2,0.4454,4.0556,1,0,none,baostock,query_history_k_data_plus
600266,SHSE.600266,,SH,A股-上交所,2024-09-25,4.55,4.84,4.54,4.59,4.51,78267098,368797700.32,1.7738,3.7706,1,0,none,baostock,query_history_k_data_plus
600266,SHSE.600266,,SH,A股-上交所,2024-09-26,4.64,5.05,4.64,5.05,4.59,87671788,429655455.37,10.0218,4.2236,1,0,none,baostock,query_history_k_data_plus
600266,SHSE.600266,,SH,A股-上交所,2024-09-27,5.49,5.56,5.22,5.51,5.05,110444145,597779386.01,9.1089,5.3207,1,0,none,baostock,query_history_k_data_plus
600266,SHSE.600266,,SH,A股-上交所,2024-09-30,5.9,6.06,5.77,6.06,5.51,155876987,933342051.97,9.9819,7.5095,1,0,none,baostock,query_history_k_data_plus
600266,SHSE.600266,,SH,A股-上交所,2024-10-08,6.65,6.67,5.46,5.99,6.06,245185489,1489165271.45,-1.1551,11.8119,1,0,none,baostock,query_history_k_data_plus
600266,SHSE.600266,,SH,A股-上交所,2024-10-09,5.75,5.76,5.39,5.39,5.99,113168085,618702158.12,-10.0167,5.4519,1,0,none,baostock,query_history_k_data_plus
600266,SHSE.600266,,SH,A股-上交所,2024-10-10,5.23,5.55,5.11,5.3,5.39,90811247,482781509.38,-1.6698,4.3749,1,0,none,baostock,query_history_k_data_plus
600266,SHSE.600266,,SH,A股-上交所,2024-10-11,5.26,5.55,5.2,5.35,5.3,107610250,582501779.85,0.9434,5.1842,1,0,none,baostock,query_history_k_data_plus
600266,SHSE.600266,,SH,A股-上交所,2024-10-14,5.5,5.78,5.39,5.67,5.35,113949366,635232225.91,5.9813,5.4896,1,0,none,baostock,query_history_k_data_plus
600266,SHSE.600266,,SH,A股-上交所,2024-10-15,5.6,5.94,5.51,5.77,5.67,102930531,596505406.91,1.7637,4.9587,1,0,none,baostock,query_history_k_data_plus
600266,SHSE.600266,,SH,A股-上交所,2024-10-16,5.8,6.04,5.8,6.01,5.77,107632505,639864224.85,4.1594,5.1853,1,0,none,baostock,query_history_k_data_plus
600266,SHSE.600266,,SH,A股-上交所,2024-10-17,5.95,5.95,5.44,5.47,6.01,108322402,609242762.09,-8.985,5.2185,1,0,none,baostock,query_history_k_data_plus
600266,SHSE.600266,,SH,A股-上交所,2024-10-18,5.34,5.77,5.27,5.7,5.47,102664886,571127923.09,4.2048,4.9459,1,0,none,baostock,query_history_k_data_plus
600266,SHSE.600266,,SH,A股-上交所,2024-10-21,5.69,5.77,5.51,5.71,5.7,58403714,330230061.49,0.1754,2.8136,1,0,none,baostock,query_history_k_data_plus
600266,SHSE.600266,,SH,A股-上交所,2024-10-22,5.7,5.8,5.65,5.78,5.71,43017269,246417257.48,1.2259,2.0724,1,0,none,baostock,query_history_k_data_plus
600266,SHSE.600266,,SH,A股-上交所,2024-10-23,5.75,5.94,5.73,5.81,5.78,41368614,240457954.74,0.519,1.993,1,0,none,baostock,query_history_k_data_plus
600266,SHSE.600266,,SH,A股-上交所,2024-10-24,5.76,5.85,5.61,5.62,5.81,43649542,249299739.15,-3.2702,2.1028,1,0,none,baostock,query_history_k_data_plus
600266,SHSE.600266,,SH,A股-上交所,2024-10-25,5.66,5.92,5.64,5.8,5.62,53704408,312182548.62,3.2028,2.5872,1,0,none,baostock,query_history_k_data_plus
600266,SHSE.600266,,SH,A股-上交所,2024-10-28,5.8,6.05,5.78,6.01,5.8,51734058,309027123.42,3.6207,2.4923,1,0,none,baostock,query_history_k_data_plus
600266,SHSE.600266,,SH,A股-上交所,2024-10-29,5.99,6.25,5.85,5.87,6.01,41817061,251965376.21,-2.3295,2.0146,1,0,none,baostock,query_history_k_data_plus
600266,SHSE.600266,,SH,A股-上交所,2024-10-30,5.87,6.23,5.86,6.1,5.87,64611732,392486874.16,3.9182,3.1127,1,0,none,baostock,query_history_k_data_plus
600266,SHSE.600266,,SH,A股-上交所,2024-10-31,6.08,6.66,6.01,6.49,6.1,93810686,601568004.15,6.3934,4.5194,1,0,none,baostock,query_history_k_data_plus
600266,SHSE.600266,,SH,A股-上交所,2024-11-01,6.51,6.6,6.24,6.39,6.49,61012635,392461908.54,-1.5408,2.9393,1,0,none,baostock,query_history_k_data_plus
600266,SHSE.600266,,SH,A股-上交所,2024-11-04,6.39,6.43,6.03,6.3,6.39,59817553,369172692.5,-1.4085,2.8817,1,0,none,baostock,query_history_k_data_plus
600266,SHSE.600266,,SH,A股-上交所,2024-11-05,6.28,6.68,6.28,6.61,6.3,68466858,445013397.18,4.9206,3.2984,1,0,none,baostock,query_history_k_data_plus
600266,SHSE.600266,,SH,A股-上交所,2024-11-06,6.6,6.96,6.29,6.77,6.61,96767098,635200959.37,2.4206,4.6618,1,0,none,baostock,query_history_k_data_plus
600266,SHSE.600266,,SH,A股-上交所,2024-11-07,6.65,7.02,6.64,6.91,6.77,70659615,485723570.42,2.0679,3.4041,1,0,none,baostock,query_history_k_data_plus
600266,SHSE.600266,,SH,A股-上交所,2024-11-08,7.06,7.11,6.4,6.47,6.91,91170517,606044379.94,-6.3676,4.3922,1,0,none,baostock,query_history_k_data_plus
600266,SHSE.600266,,SH,A股-上交所,2024-11-11,6.29,6.45,6.16,6.29,6.47,62038312,387445028.08,-2.7821,2.9887,1,0,none,baostock,query_history_k_data_plus
600266,SHSE.600266,,SH,A股-上交所,2024-11-12,6.26,6.37,6.2,6.29,6.29,43653860,274371719.66,0.0,2.103,1,0,none,baostock,query_history_k_data_plus
600266,SHSE.600266,,SH,A股-上交所,2024-11-13,6.26,6.31,6.04,6.16,6.29,37893664,232875745.73,-2.0668,1.8255,1,0,none,baostock,query_history_k_data_plus
600266,SHSE.600266,,SH,A股-上交所,2024-11-14,6.27,6.29,5.82,5.83,6.16,60679886,362089218.35,-5.3571,2.9233,1,0,none,baostock,query_history_k_data_plus
600266,SHSE.600266,,SH,A股-上交所,2024-11-15,5.8,5.86,5.64,5.65,5.83,39037963,224578393.92,-3.0875,1.8807,1,0,none,baostock,query_history_k_data_plus
600266,SHSE.600266,,SH,A股-上交所,2024-11-18,5.73,6.0,5.69,5.74,5.65,52168019,304892789.5,1.5929,2.5132,1,0,none,baostock,query_history_k_data_plus
600266,SHSE.600266,,SH,A股-上交所,2024-11-19,5.8,5.91,5.69,5.87,5.74,39179428,227756351.63,2.2648,1.8875,1,0,none,baostock,query_history_k_data_plus
600266,SHSE.600266,,SH,A股-上交所,2024-11-20,5.83,5.87,5.74,5.81,5.87,28585072,166010129.37,-1.0221,1.3771,1,0,none,baostock,query_history_k_data_plus
600266,SHSE.600266,,SH,A股-上交所,2024-11-21,5.8,5.84,5.66,5.69,5.81,35456664,202441808.8,-2.0654,1.7081,1,0,none,baostock,query_history_k_data_plus
600266,SHSE.600266,,SH,A股-上交所,2024-11-22,5.67,5.75,5.51,5.51,5.69,33974007,191782725.7,-3.1634,1.6367,1,0,none,baostock,query_history_k_data_plus
600266,SHSE.600266,,SH,A股-上交所,2024-11-25,5.51,5.55,5.38,5.5,5.51,27251741,148722560.53,-0.1815,1.3129,1,0,none,baostock,query_history_k_data_plus
600266,SHSE.600266,,SH,A股-上交所,2024-11-26,5.46,5.69,5.45,5.51,5.5,34102376,189481441.28,0.1818,1.6429,1,0,none,baostock,query_history_k_data_plus
600266,SHSE.600266,,SH,A股-上交所,2024-11-27,5.51,5.6,5.33,5.6,5.51,37389821,204744941.52,1.6334,1.8013,1,0,none,baostock,query_history_k_data_plus
600266,SHSE.600266,,SH,A股-上交所,2024-11-28,5.59,5.79,5.58,5.73,5.6,42608973,242979197.69,2.3214,2.0527,1,0,none,baostock,query_history_k_data_plus
600266,SHSE.600266,,SH,A股-上交所,2024-11-29,5.71,5.85,5.6,5.84,5.73,44417256,256153525.24,1.9197,2.1398,1,0,none,baostock,query_history_k_data_plus
600266,SHSE.600266,,SH,A股-上交所,2024-12-02,5.82,6.02,5.77,5.87,5.84,44651886,263466235.94,0.5137,2.1511,1,0,none,baostock,query_history_k_data_plus
600266,SHSE.600266,,SH,A股-上交所,2024-12-03,5.86,5.95,5.79,5.85,5.87,37138370,217425465.04,-0.3407,1.7892,1,0,none,baostock,query_history_k_data_plus
600266,SHSE.600266,,SH,A股-上交所,2024-12-04,5.83,5.84,5.61,5.64,5.85,34637433,198059268.94,-3.5897,1.6687,1,0,none,baostock,query_history_k_data_plus
600266,SHSE.600266,,SH,A股-上交所,2024-12-05,5.63,5.72,5.56,5.72,5.64,26515269,149549051.06,1.4184,1.2774,1,0,none,baostock,query_history_k_data_plus
600266,SHSE.600266,,SH,A股-上交所,2024-12-06,5.72,5.85,5.66,5.79,5.72,34201200,197456403.12,1.2238,1.6477,1,0,none,baostock,query_history_k_data_plus
600266,SHSE.600266,,SH,A股-上交所,2024-12-09,5.77,5.82,5.52,5.56,5.79,53160412,297579017.6,-3.9724,2.561,1,0,none,baostock,query_history_k_data_plus
600266,SHSE.600266,,SH,A股-上交所,2024-12-10,5.83,5.98,5.61,5.62,5.56,86777654,502665017.63,1.0791,4.1806,1,0,none,baostock,query_history_k_data_plus
600266,SHSE.600266,,SH,A股-上交所,2024-12-11,5.61,5.89,5.58,5.8,5.62,61662919,358143612.36,3.2028,2.9706,1,0,none,baostock,query_history_k_data_plus
600266,SHSE.600266,,SH,A股-上交所,2024-12-12,5.79,5.89,5.71,5.83,5.8,44787810,259823232.05,0.5172,2.1577,1,0,none,baostock,query_history_k_data_plus
600266,SHSE.600266,,SH,A股-上交所,2024-12-13,5.81,5.81,5.4,5.42,5.83,90761780,500716475.67,-7.0326,4.3725,1,0,none,baostock,query_history_k_data_plus
600266,SHSE.600266,,SH,A股-上交所,2024-12-16,5.43,5.44,5.16,5.21,5.42,76541742,403032282.81,-3.8745,3.6874,1,0,none,baostock,query_history_k_data_plus
600266,SHSE.600266,,SH,A股-上交所,2024-12-17,5.22,5.25,5.07,5.1,5.21,50443707,259200270.3,-2.1113,2.4302,1,0,none,baostock,query_history_k_data_plus
600266,SHSE.600266,,SH,A股-上交所,2024-12-18,5.12,5.17,5.06,5.08,5.1,44206491,225322259.63,-0.3922,2.1297,1,0,none,baostock,query_history_k_data_plus
600266,SHSE.600266,,SH,A股-上交所,2024-12-19,5.01,5.06,4.97,5.02,5.08,40121848,201142218.52,-1.1811,1.9329,1,0,none,baostock,query_history_k_data_plus
600266,SHSE.600266,,SH,A股-上交所,2024-12-20,5.01,5.07,4.95,5.03,5.02,56516219,283343062.0,0.1992,2.7227,1,0,none,baostock,query_history_k_data_plus
600266,SHSE.600266,,SH,A股-上交所,2024-12-23,5.03,5.04,4.85,4.88,5.03,47973825,236448488.05,-2.9821,2.3112,1,0,none,baostock,query_history_k_data_plus
600266,SHSE.600266,,SH,A股-上交所,2024-12-24,4.89,5.04,4.86,4.96,4.88,45751463,227320159.16,1.6393,2.2041,1,0,none,baostock,query_history_k_data_plus
600266,SHSE.600266,,SH,A股-上交所,2024-12-25,4.97,5.01,4.86,5.0,4.96,35896455,177267663.41,0.8065,1.7293,1,0,none,baostock,query_history_k_data_plus
600266,SHSE.600266,,SH,A股-上交所,2024-12-26,4.99,5.07,4.97,5.0,5.0,31672948,159200948.4,0.0,1.5259,1,0,none,baostock,query_history_k_data_plus
600266,SHSE.600266,,SH,A股-上交所,2024-12-27,5.0,5.14,4.97,5.05,5.0,38005606,192716537.48,1.0,1.8309,1,0,none,baostock,query_history_k_data_plus
600266,SHSE.600266,,SH,A股-上交所,2024-12-30,5.03,5.08,5.0,5.07,5.05,31991998,161244666.27,0.396,1.5412,1,0,none,baostock,query_history_k_data_plus
600266,SHSE.600266,,SH,A股-上交所,2024-12-31,5.05,5.15,5.05,5.1,5.07,51705244,264018643.96,0.5917,2.4909,1,0,none,baostock,query_history_k_data_plus
600266,SHSE.600266,,SH,A股-上交所,2025-01-02,5.15,5.28,5.1,5.12,5.1,71385459,371107317.07,0.3922,3.439,1,0,none,baostock,query_history_k_data_plus
600266,SHSE.600266,,SH,A股-上交所,2025-01-03,5.14,5.22,5.04,5.09,5.12,57194622,293091719.19,-0.5859,2.7554,1,0,none,baostock,query_history_k_data_plus
600266,SHSE.600266,,SH,A股-上交所,2025-01-06,5.05,5.05,4.81,4.86,5.09,51172321,250421541.5,-4.5187,2.4653,1,0,none,baostock,query_history_k_data_plus
600266,SHSE.600266,,SH,A股-上交所,2025-01-07,4.86,4.89,4.78,4.85,4.86,36986156,178759795.89,-0.2058,1.7818,1,0,none,baostock,query_history_k_data_plus
600266,SHSE.600266,,SH,A股-上交所,2025-01-08,4.85,4.85,4.61,4.74,4.85,38800295,182860196.73,-2.268,1.8692,1,0,none,baostock,query_history_k_data_plus
600266,SHSE.600266,,SH,A股-上交所,2025-01-09,4.7,4.78,4.68,4.75,4.74,20580448,97614085.32,0.211,0.9915,1,0,none,baostock,query_history_k_data_plus
600266,SHSE.600266,,SH,A股-上交所,2025-01-10,4.76,4.79,4.58,4.6,4.75,32935129,152948014.36,-3.1579,1.5867,1,0,none,baostock,query_history_k_data_plus
600266,SHSE.600266,,SH,A股-上交所,2025-01-13,4.56,4.77,4.54,4.75,4.6,37085683,174682514.38,3.2609,1.7866,1,0,none,baostock,query_history_k_data_plus
600266,SHSE.600266,,SH,A股-上交所,2025-01-14,4.75,4.87,4.72,4.84,4.75,27914478,134091106.16,1.8947,1.3448,1,0,none,baostock,query_history_k_data_plus
600266,SHSE.600266,,SH,A股-上交所,2025-01-15,4.85,5.0,4.77,4.92,4.84,31118469,152329871.7,1.6529,1.4991,1,0,none,baostock,query_history_k_data_plus
600266,SHSE.600266,,SH,A股-上交所,2025-01-16,4.91,5.01,4.84,4.89,4.92,28635796,140872507.52,-0.6098,1.3795,1,0,none,baostock,query_history_k_data_plus
600266,SHSE.600266,,SH,A股-上交所,2025-01-17,4.85,5.12,4.82,5.06,4.89,49946354,251217852.45,3.4765,2.4062,1,0,none,baostock,query_history_k_data_plus
600266,SHSE.600266,,SH,A股-上交所,2025-01-20,4.88,4.96,4.76,4.88,5.06,54150746,263578378.62,-3.5573,2.6087,1,0,none,baostock,query_history_k_data_plus
600266,SHSE.600266,,SH,A股-上交所,2025-01-21,4.92,5.01,4.87,4.94,4.88,51087185,252188484.34,1.2295,2.4612,1,0,none,baostock,query_history_k_data_plus
600266,SHSE.600266,,SH,A股-上交所,2025-01-22,4.89,4.9,4.76,4.78,4.94,30715871,147625868.97,-3.2389,1.4798,1,0,none,baostock,query_history_k_data_plus
600266,SHSE.600266,,SH,A股-上交所,2025-01-23,4.8,4.91,4.74,4.75,4.78,35185280,169682423.68,-0.6276,1.6951,1,0,none,baostock,query_history_k_data_plus
600266,SHSE.600266,,SH,A股-上交所,2025-01-24,4.71,4.81,4.69,4.76,4.75,22061809,104878562.44,0.2105,1.0628,1,0,none,baostock,query_history_k_data_plus
600266,SHSE.600266,,SH,A股-上交所,2025-01-27,4.78,4.86,4.74,4.75,4.76,23364793,111662883.07,-0.2101,1.1256,1,0,none,baostock,query_history_k_data_plus
600266,SHSE.600266,,SH,A股-上交所,2025-02-05,4.76,4.79,4.66,4.71,4.75,21161669,99409475.87,-0.8421,1.0195,1,0,none,baostock,query_history_k_data_plus
600266,SHSE.600266,,SH,A股-上交所,2025-02-06,4.71,4.73,4.59,4.7,4.71,25127262,117146739.49,-0.2123,1.2105,1,0,none,baostock,query_history_k_data_plus
600266,SHSE.600266,,SH,A股-上交所,2025-02-07,4.68,4.82,4.67,4.75,4.7,35848623,170989656.9,1.0638,1.727,1,0,none,baostock,query_history_k_data_plus
600266,SHSE.600266,,SH,A股-上交所,2025-02-10,4.75,4.94,4.74,4.89,4.75,45394557,221404951.76,2.9474,2.1869,1,0,none,baostock,query_history_k_data_plus
600266,SHSE.600266,,SH,A股-上交所,2025-02-11,4.91,4.94,4.84,4.9,4.89,39610085,193674798.66,0.2045,1.9082,1,0,none,baostock,query_history_k_data_plus
600266,SHSE.600266,,SH,A股-上交所,2025-02-12,4.88,5.02,4.77,5.01,4.9,43041431,210226135.21,2.2449,2.0735,1,0,none,baostock,query_history_k_data_plus
600266,SHSE.600266,,SH,A股-上交所,2025-02-13,5.0,5.16,4.93,5.03,5.01,44664706,225772054.37,0.3992,2.1517,1,0,none,baostock,query_history_k_data_plus
600266,SHSE.600266,,SH,A股-上交所,2025-02-14,5.02,5.05,4.88,4.98,5.03,31243664,154681518.03,-0.994,1.5052,1,0,none,baostock,query_history_k_data_plus
600266,SHSE.600266,,SH,A股-上交所,2025-02-17,4.99,5.06,4.93,5.01,4.98,25685248,128580057.72,0.6024,1.2374,1,0,none,baostock,query_history_k_data_plus
600266,SHSE.600266,,SH,A股-上交所,2025-02-18,5.01,5.02,4.87,4.9,5.01,22463848,110725415.63,-2.1956,1.0822,1,0,none,baostock,query_history_k_data_plus
600266,SHSE.600266,,SH,A股-上交所,2025-02-19,4.9,5.01,4.88,4.98,4.9,24671937,121763324.04,1.6327,1.1886,1,0,none,baostock,query_history_k_data_plus
600266,SHSE.600266,,SH,A股-上交所,2025-02-20,4.97,4.99,4.89,4.91,4.98,24882310,122548552.54,-1.4056,1.1987,1,0,none,baostock,query_history_k_data_plus
600266,SHSE.600266,,SH,A股-上交所,2025-02-21,4.93,5.15,4.88,4.98,4.91,51479839,258545577.16,1.4257,2.4801,1,0,none,baostock,query_history_k_data_plus
600266,SHSE.600266,,SH,A股-上交所,2025-02-24,4.99,5.14,4.98,5.1,4.98,32403826,164831111.83,2.4096,1.5611,1,0,none,baostock,query_history_k_data_plus
600266,SHSE.600266,,SH,A股-上交所,2025-02-25,5.05,5.13,5.0,5.03,5.1,29789990,151304835.0,-1.3725,1.4351,1,0,none,baostock,query_history_k_data_plus
600266,SHSE.600266,,SH,A股-上交所,2025-02-26,5.06,5.2,5.05,5.2,5.03,35984055,184372664.4,3.3797,1.7336,1,0,none,baostock,query_history_k_data_plus
600266,SHSE.600266,,SH,A股-上交所,2025-02-27,5.19,5.32,5.15,5.3,5.2,34670342,182685249.48,1.9231,1.6703,1,0,none,baostock,query_history_k_data_plus
600266,SHSE.600266,,SH,A股-上交所,2025-02-28,5.29,5.32,5.12,5.14,5.3,29866425,155174956.39,-3.0189,1.4388,1,0,none,baostock,query_history_k_data_plus
600266,SHSE.600266,,SH,A股-上交所,2025-03-03,5.16,5.28,5.06,5.1,5.14,27001775,139302673.09,-0.7782,1.3008,1,0,none,baostock,query_history_k_data_plus
600266,SHSE.600266,,SH,A股-上交所,2025-03-04,5.09,5.1,5.0,5.03,5.1,18629389,93858070.35,-1.3725,0.8975,1,0,none,baostock,query_history_k_data_plus
600266,SHSE.600266,,SH,A股-上交所,2025-03-05,5.04,5.04,4.86,4.88,5.03,32313469,158585587.49,-2.9821,1.5567,1,0,none,baostock,query_history_k_data_plus
600266,SHSE.600266,,SH,A股-上交所,2025-03-06,4.9,5.09,4.86,5.08,4.88,41525366,207520674.8,4.0984,2.0005,1,0,none,baostock,query_history_k_data_plus
600266,SHSE.600266,,SH,A股-上交所,2025-03-07,5.04,5.05,4.9,4.92,5.08,29921511,147567790.12,-3.1496,1.4415,1,0,none,baostock,query_history_k_data_plus
600266,SHSE.600266,,SH,A股-上交所,2025-03-10,4.93,4.94,4.83,4.87,4.92,26499859,128991720.22,-1.0163,1.2766,1,0,none,baostock,query_history_k_data_plus
600266,SHSE.600266,,SH,A股-上交所,2025-03-11,4.84,4.87,4.79,4.87,4.87,16420277,79217671.94,0.0,0.7911,1,0,none,baostock,query_history_k_data_plus
600266,SHSE.600266,,SH,A股-上交所,2025-03-12,4.87,4.88,4.82,4.83,4.87,15556884,75232460.94,-0.8214,0.7495,1,0,none,baostock,query_history_k_data_plus
600266,SHSE.600266,,SH,A股-上交所,2025-03-13,4.83,4.83,4.77,4.8,4.83,16035616,76976862.32,-0.6211,0.7725,1,0,none,baostock,query_history_k_data_plus
600266,SHSE.600266,,SH,A股-上交所,2025-03-14,4.82,4.93,4.8,4.91,4.8,26464128,129131612.38,2.2917,1.2749,1,0,none,baostock,query_history_k_data_plus
600266,SHSE.600266,,SH,A股-上交所,2025-03-17,4.97,5.02,4.92,4.95,4.91,27916997,138295797.48,0.8147,1.3449,1,0,none,baostock,query_history_k_data_plus
600266,SHSE.600266,,SH,A股-上交所,2025-03-18,4.95,4.98,4.9,4.92,4.95,13519569,66495943.96,-0.6061,0.6513,1,0,none,baostock,query_history_k_data_plus
600266,SHSE.600266,,SH,A股-上交所,2025-03-19,4.93,4.94,4.89,4.9,4.92,13417779,65815126.29,-0.4065,0.6464,1,0,none,baostock,query_history_k_data_plus
600266,SHSE.600266,,SH,A股-上交所,2025-03-20,4.9,4.94,4.88,4.9,4.9,15777493,77536637.51,0.0,0.7601,1,0,none,baostock,query_history_k_data_plus
600266,SHSE.600266,,SH,A股-上交所,2025-03-21,4.88,4.89,4.81,4.83,4.9,16194397,78524864.87,-1.4286,0.7802,1,0,none,baostock,query_history_k_data_plus
600266,SHSE.600266,,SH,A股-上交所,2025-03-24,4.81,4.84,4.72,4.78,4.83,18980375,90561097.79,-1.0352,0.9144,1,0,none,baostock,query_history_k_data_plus
600266,SHSE.600266,,SH,A股-上交所,2025-03-25,4.78,4.79,4.71,4.75,4.78,15822716,75134795.31,-0.6276,0.7623,1,0,none,baostock,query_history_k_data_plus
600266,SHSE.600266,,SH,A股-上交所,2025-03-26,4.74,4.85,4.74,4.77,4.75,17769041,85317368.46,0.4211,0.856,1,0,none,baostock,query_history_k_data_plus
600266,SHSE.600266,,SH,A股-上交所,2025-03-27,4.78,4.83,4.71,4.78,4.77,15269879,72906655.96,0.2096,0.7356,1,0,none,baostock,query_history_k_data_plus
600266,SHSE.600266,,SH,A股-上交所,2025-03-28,4.79,4.81,4.74,4.79,4.78,15221982,72657037.12,0.2092,0.7333,1,0,none,baostock,query_history_k_data_plus
600266,SHSE.600266,,SH,A股-上交所,2025-03-31,4.78,4.82,4.69,4.71,4.79,18601715,88275194.58,-1.6701,0.8961,1,0,none,baostock,query_history_k_data_plus
600266,SHSE.600266,,SH,A股-上交所,2025-04-01,4.7,4.71,4.52,4.58,4.71,32049608,146545134.88,-2.7601,1.544,1,0,none,baostock,query_history_k_data_plus
600266,SHSE.600266,,SH,A股-上交所,2025-04-02,4.56,4.59,4.53,4.57,4.58,18643786,85061854.48,-0.2183,0.8982,1,0,none,baostock,query_history_k_data_plus
600266,SHSE.600266,,SH,A股-上交所,2025-04-03,4.53,4.72,4.52,4.63,4.57,28395306,132236942.98,1.3129,1.368,1,0,none,baostock,query_history_k_data_plus
600266,SHSE.600266,,SH,A股-上交所,2025-04-07,4.43,4.48,4.17,4.2,4.63,36033714,155018816.66,-9.2873,1.7359,1,0,none,baostock,query_history_k_data_plus
600266,SHSE.600266,,SH,A股-上交所,2025-04-08,4.2,4.43,4.19,4.39,4.2,40599861,177128465.08,4.5238,1.9559,1,0,none,baostock,query_history_k_data_plus
600266,SHSE.600266,,SH,A股-上交所,2025-04-09,4.35,4.71,4.21,4.66,4.39,49386912,221815747.51,6.1503,2.3792,1,0,none,baostock,query_history_k_data_plus
600266,SHSE.600266,,SH,A股-上交所,2025-04-10,4.6,4.71,4.56,4.67,4.66,33393868,154798944.98,0.2146,1.6088,1,0,none,baostock,query_history_k_data_plus
600266,SHSE.600266,,SH,A股-上交所,2025-04-11,4.65,4.7,4.52,4.59,4.67,30486855,140744711.41,-1.7131,1.4687,1,0,none,baostock,query_history_k_data_plus
600266,SHSE.600266,,SH,A股-上交所,2025-04-14,4.58,4.63,4.55,4.57,4.59,18015725,82622150.3,-0.4357,0.8679,1,0,none,baostock,query_history_k_data_plus
600266,SHSE.600266,,SH,A股-上交所,2025-04-15,4.58,4.58,4.51,4.55,4.57,11770726,53467638.04,-0.4376,0.5671,1,0,none,baostock,query_history_k_data_plus
600266,SHSE.600266,,SH,A股-上交所,2025-04-16,4.57,4.65,4.45,4.53,4.55,27230952,123670334.68,-0.4396,1.3119,1,0,none,baostock,query_history_k_data_plus
600266,SHSE.600266,,SH,A股-上交所,2025-04-17,4.53,4.98,4.51,4.85,4.53,97641788,476307654.45,7.064,4.7039,1,0,none,baostock,query_history_k_data_plus
600266,SHSE.600266,,SH,A股-上交所,2025-04-18,4.77,5.1,4.75,5.05,4.85,97035535,481424689.56,4.1237,4.6747,1,0,none,baostock,query_history_k_data_plus
600266,SHSE.600266,,SH,A股-上交所,2025-04-21,4.92,4.97,4.83,4.84,5.05,53404194,259874014.63,-4.1584,2.5728,1,0,none,baostock,query_history_k_data_plus
600266,SHSE.600266,,SH,A股-上交所,2025-04-22,4.82,5.02,4.8,4.96,4.84,58984117,290666533.12,2.4793,2.8416,1,0,none,baostock,query_history_k_data_plus
600266,SHSE.600266,,SH,A股-上交所,2025-04-23,4.91,4.96,4.86,4.87,4.96,29688816,145520497.24,-1.8145,1.4303,1,0,none,baostock,query_history_k_data_plus
600266,SHSE.600266,,SH,A股-上交所,2025-04-24,4.86,5.04,4.86,5.03,4.87,49780735,248268207.06,3.2854,2.3982,1,0,none,baostock,query_history_k_data_plus
600266,SHSE.600266,,SH,A股-上交所,2025-04-25,4.99,5.27,4.88,4.9,5.03,86985986,440730070.17,-2.5845,4.1906,1,0,none,baostock,query_history_k_data_plus
600266,SHSE.600266,,SH,A股-上交所,2025-04-28,4.9,4.92,4.52,4.55,4.9,69070770,319671396.97,-7.1429,3.3275,1,0,none,baostock,query_history_k_data_plus
600266,SHSE.600266,,SH,A股-上交所,2025-04-29,4.7,4.76,4.62,4.76,4.55,40243154,189328162.61,4.6154,1.9387,1,0,none,baostock,query_history_k_data_plus
600266,SHSE.600266,,SH,A股-上交所,2025-04-30,4.77,4.9,4.72,4.73,4.76,25183970,121180084.74,-0.6303,1.2133,1,0,none,baostock,query_history_k_data_plus
600266,SHSE.600266,,SH,A股-上交所,2025-05-06,4.72,4.81,4.72,4.77,4.73,27268830,129928845.72,0.8457,1.3137,1,0,none,baostock,query_history_k_data_plus
600266,SHSE.600266,,SH,A股-上交所,2025-05-07,4.89,5.03,4.77,4.8,4.77,42936749,208322473.12,0.6289,2.0685,1,0,none,baostock,query_history_k_data_plus
600266,SHSE.600266,,SH,A股-上交所,2025-05-08,4.78,4.85,4.73,4.8,4.8,22415264,107773839.84,0.0,1.0799,1,0,none,baostock,query_history_k_data_plus
600266,SHSE.600266,,SH,A股-上交所,2025-05-09,4.8,4.81,4.62,4.64,4.8,37943388,177324967.4,-3.3333,1.8279,1,0,none,baostock,query_history_k_data_plus
600266,SHSE.600266,,SH,A股-上交所,2025-05-12,4.65,4.67,4.61,4.64,4.64,24391847,113038893.08,0.0,1.1751,1,0,none,baostock,query_history_k_data_plus
600266,SHSE.600266,,SH,A股-上交所,2025-05-13,4.67,4.68,4.55,4.56,4.64,34960611,160965197.78,-1.7241,1.6842,1,0,none,baostock,query_history_k_data_plus
600266,SHSE.600266,,SH,A股-上交所,2025-05-14,4.56,4.62,4.47,4.5,4.56,67610728,306055210.88,-1.3158,3.2572,1,0,none,baostock,query_history_k_data_plus
600266,SHSE.600266,,SH,A股-上交所,2025-05-15,4.49,4.52,4.31,4.34,4.5,76640684,337760396.33,-3.5556,3.6922,1,0,none,baostock,query_history_k_data_plus
600266,SHSE.600266,,SH,A股-上交所,2025-05-16,4.36,4.4,4.34,4.38,4.34,30755726,134328170.34,0.9217,1.4817,1,0,none,baostock,query_history_k_data_plus
600266,SHSE.600266,,SH,A股-上交所,2025-05-19,4.36,4.47,4.36,4.44,4.38,32296803,142856256.06,1.3699,1.5559,1,0,none,baostock,query_history_k_data_plus
600266,SHSE.600266,,SH,A股-上交所,2025-05-20,4.43,4.43,4.36,4.42,4.44,28970224,127234984.92,-0.4505,1.3957,1,0,none,baostock,query_history_k_data_plus
600266,SHSE.600266,,SH,A股-上交所,2025-05-21,4.41,4.42,4.37,4.4,4.42,23006100,101050739.0,-0.4525,1.1083,1,0,none,baostock,query_history_k_data_plus
600266,SHSE.600266,,SH,A股-上交所,2025-05-22,4.39,4.4,4.32,4.33,4.4,26433981,115054886.25,-1.5909,1.2735,1,0,none,baostock,query_history_k_data_plus
600266,SHSE.600266,,SH,A股-上交所,2025-05-23,4.33,4.34,4.26,4.26,4.33,22489160,96829887.92,-1.6166,1.0834,1,0,none,baostock,query_history_k_data_plus
600266,SHSE.600266,,SH,A股-上交所,2025-05-26,4.27,4.32,4.24,4.3,4.26,18429222,79046951.94,0.939,0.8878,1,0,none,baostock,query_history_k_data_plus
600266,SHSE.600266,,SH,A股-上交所,2025-05-27,4.31,4.37,4.29,4.36,4.3,23986425,104174294.47,1.3953,1.1556,1,0,none,baostock,query_history_k_data_plus
600266,SHSE.600266,,SH,A股-上交所,2025-05-28,4.35,4.36,4.31,4.32,4.36,14313252,61898190.64,-0.9174,0.6895,1,0,none,baostock,query_history_k_data_plus
600266,SHSE.600266,,SH,A股-上交所,2025-05-29,4.32,4.38,4.31,4.36,4.32,19146006,83464345.78,0.9259,0.9224,1,0,none,baostock,query_history_k_data_plus
600266,SHSE.600266,,SH,A股-上交所,2025-05-30,4.36,4.38,4.34,4.36,4.36,15807918,68902212.94,0.0,0.7616,1,0,none,baostock,query_history_k_data_plus
600266,SHSE.600266,,SH,A股-上交所,2025-06-03,4.33,4.37,4.31,4.34,4.36,17068219,74146296.7,-0.4587,0.8223,1,0,none,baostock,query_history_k_data_plus
600266,SHSE.600266,,SH,A股-上交所,2025-06-04,4.34,4.39,4.33,4.37,4.34,21335724,93067822.38,0.6912,1.0279,1,0,none,baostock,query_history_k_data_plus
600266,SHSE.600266,,SH,A股-上交所,2025-06-05,4.37,4.41,4.32,4.33,4.37,24002312,104493001.68,-0.9153,1.1563,1,0,none,baostock,query_history_k_data_plus
600266,SHSE.600266,,SH,A股-上交所,2025-06-06,4.34,4.37,4.33,4.35,4.33,15330042,66634338.02,0.4619,0.7385,1,0,none,baostock,query_history_k_data_plus
600266,SHSE.600266,,SH,A股-上交所,2025-06-09,4.35,4.37,4.32,4.36,4.35,16646908,72320564.16,0.2299,0.802,1,0,none,baostock,query_history_k_data_plus
600266,SHSE.600266,,SH,A股-上交所,2025-06-10,4.36,4.42,4.32,4.35,4.36,29959392,131057041.38,-0.2294,1.4433,1,0,none,baostock,query_history_k_data_plus
600266,SHSE.600266,,SH,A股-上交所,2025-06-11,4.36,4.41,4.34,4.37,4.35,23882984,104747999.3,0.4598,1.1506,1,0,none,baostock,query_history_k_data_plus
600266,SHSE.600266,,SH,A股-上交所,2025-06-12,4.36,4.38,4.32,4.35,4.37,19547160,84872627.0,-0.4577,0.9417,1,0,none,baostock,query_history_k_data_plus
600266,SHSE.600266,,SH,A股-上交所,2025-06-13,4.34,4.35,4.28,4.28,4.35,26840161,115500842.88,-1.6092,1.293,1,0,none,baostock,query_history_k_data_plus
600266,SHSE.600266,,SH,A股-上交所,2025-06-16,4.3,4.45,4.29,4.41,4.28,49574545,217741314.08,3.0374,2.3883,1,0,none,baostock,query_history_k_data_plus
600266,SHSE.600266,,SH,A股-上交所,2025-06-17,4.4,4.5,4.37,4.45,4.41,37267911,165405808.94,0.907,1.7954,1,0,none,baostock,query_history_k_data_plus
600266,SHSE.600266,,SH,A股-上交所,2025-06-18,4.46,4.46,4.37,4.45,4.45,29719440,131103581.72,0.0,1.4317,1,0,none,baostock,query_history_k_data_plus
600266,SHSE.600266,,SH,A股-上交所,2025-06-19,4.42,4.48,4.35,4.37,4.45,26120031,115051842.61,-1.7978,1.2583,1,0,none,baostock,query_history_k_data_plus
600266,SHSE.600266,,SH,A股-上交所,2025-06-20,4.38,4.39,4.28,4.3,4.37,24513200,106063549.0,-1.6018,1.1809,1,0,none,baostock,query_history_k_data_plus
600266,SHSE.600266,,SH,A股-上交所,2025-06-23,4.27,4.36,4.23,4.34,4.3,16181520,69611398.4,0.9302,0.7796,1,0,none,baostock,query_history_k_data_plus
600266,SHSE.600266,,SH,A股-上交所,2025-06-24,4.34,4.46,4.34,4.45,4.34,30189869,133642587.66,2.5346,1.4544,1,0,none,baostock,query_history_k_data_plus
600266,SHSE.600266,,SH,A股-上交所,2025-06-25,4.45,4.6,4.44,4.57,4.45,43672948,197644345.14,2.6966,2.104,1,0,none,baostock,query_history_k_data_plus
600266,SHSE.600266,,SH,A股-上交所,2025-06-26,4.56,4.63,4.53,4.55,4.57,28698498,131441711.09,-0.4376,1.3826,1,0,none,baostock,query_history_k_data_plus
600266,SHSE.600266,,SH,A股-上交所,2025-06-27,4.55,4.61,4.5,4.52,4.55,20778360,94493187.8,-0.6593,1.001,1,0,none,baostock,query_history_k_data_plus
600266,SHSE.600266,,SH,A股-上交所,2025-06-30,4.54,4.58,4.5,4.54,4.52,22075844,100172621.64,0.4425,1.0635,1,0,none,baostock,query_history_k_data_plus
600266,SHSE.600266,,SH,A股-上交所,2025-07-01,4.55,4.58,4.48,4.55,4.54,24356088,110382965.3,0.2203,1.1734,1,0,none,baostock,query_history_k_data_plus
600266,SHSE.600266,,SH,A股-上交所,2025-07-02,4.54,4.61,4.51,4.59,4.55,28233478,128612753.32,0.8791,1.3602,1,0,none,baostock,query_history_k_data_plus
600266,SHSE.600266,,SH,A股-上交所,2025-07-03,4.59,4.64,4.57,4.58,4.59,18855775,86725542.95,-0.2179,0.9084,1,0,none,baostock,query_history_k_data_plus
600266,SHSE.600266,,SH,A股-上交所,2025-07-04,4.58,4.6,4.54,4.57,4.58,20160764,92163147.76,-0.2183,0.9713,1,0,none,baostock,query_history_k_data_plus
600266,SHSE.600266,,SH,A股-上交所,2025-07-07,4.58,4.73,4.57,4.7,4.57,40931072,191618221.64,2.8446,1.9719,1,0,none,baostock,query_history_k_data_plus
600266,SHSE.600266,,SH,A股-上交所,2025-07-08,4.68,4.81,4.67,4.79,4.7,47345374,224976885.28,1.9149,2.2809,1,0,none,baostock,query_history_k_data_plus
600266,SHSE.600266,,SH,A股-上交所,2025-07-09,4.82,4.89,4.79,4.86,4.79,49784533,241253642.61,1.4614,2.3984,1,0,none,baostock,query_history_k_data_plus
600266,SHSE.600266,,SH,A股-上交所,2025-07-10,4.83,4.98,4.83,4.97,4.86,75445768,370904938.42,2.2634,3.6346,1,0,none,baostock,query_history_k_data_plus
600266,SHSE.600266,,SH,A股-上交所,2025-07-11,5.0,5.03,4.95,4.97,4.97,62351638,310723063.64,0.0,3.0038,1,0,none,baostock,query_history_k_data_plus
600266,SHSE.600266,,SH,A股-上交所,2025-07-14,4.93,4.97,4.77,4.84,4.97,64248808,311293184.14,-2.6157,3.0952,1,0,none,baostock,query_history_k_data_plus
600266,SHSE.600266,,SH,A股-上交所,2025-07-15,4.9,4.91,4.76,4.85,4.84,70001346,337803604.47,0.2066,3.3724,1,0,none,baostock,query_history_k_data_plus
600266,SHSE.600266,,SH,A股-上交所,2025-07-16,4.83,4.9,4.79,4.81,4.85,52377381,253115254.89,-0.8247,2.5233,1,0,none,baostock,query_history_k_data_plus
600266,SHSE.600266,,SH,A股-上交所,2025-07-17,4.8,4.82,4.72,4.76,4.81,38319776,182037452.48,-1.0395,1.8461,1,0,none,baostock,query_history_k_data_plus
600266,SHSE.600266,,SH,A股-上交所,2025-07-18,4.8,4.81,4.67,4.71,4.76,59056269,278039894.64,-1.0504,2.8451,1,0,none,baostock,query_history_k_data_plus
600266,SHSE.600266,,SH,A股-上交所,2025-07-21,4.71,4.79,4.69,4.76,4.71,51833521,246388111.96,1.0616,2.4971,1,0,none,baostock,query_history_k_data_plus
600266,SHSE.600266,,SH,A股-上交所,2025-07-22,4.77,4.83,4.68,4.83,4.76,54561248,260119889.02,1.4706,2.6285,1,0,none,baostock,query_history_k_data_plus
600266,SHSE.600266,,SH,A股-上交所,2025-07-23,4.82,4.95,4.81,4.86,4.83,56579785,276151376.88,0.6211,2.7258,1,0,none,baostock,query_history_k_data_plus
600266,SHSE.600266,,SH,A股-上交所,2025-07-24,4.85,4.98,4.82,4.93,4.86,54572917,269029721.01,1.4403,2.6291,1,0,none,baostock,query_history_k_data_plus
600266,SHSE.600266,,SH,A股-上交所,2025-07-25,4.94,5.01,4.91,4.98,4.93,52169739,259906459.24,1.0142,2.5133,1,0,none,baostock,query_history_k_data_plus
600266,SHSE.600266,,SH,A股-上交所,2025-07-28,5.0,5.01,4.89,4.98,4.98,30153160,149522415.95,0.0,1.4526,1,0,none,baostock,query_history_k_data_plus
600266,SHSE.600266,,SH,A股-上交所,2025-07-29,4.98,5.02,4.92,4.97,4.98,31861336,157860788.64,-0.2008,1.5349,1,0,none,baostock,query_history_k_data_plus
600266,SHSE.600266,,SH,A股-上交所,2025-07-30,4.97,5.01,4.88,4.92,4.97,38269853,189727295.1,-1.006,1.8437,1,0,none,baostock,query_history_k_data_plus
600266,SHSE.600266,,SH,A股-上交所,2025-07-31,4.89,4.9,4.59,4.63,4.92,82045634,385128930.7,-5.8943,3.9526,1,0,none,baostock,query_history_k_data_plus
600266,SHSE.600266,,SH,A股-上交所,2025-08-01,4.64,4.67,4.62,4.63,4.63,24345534,112989797.22,0.0,1.1729,1,0,none,baostock,query_history_k_data_plus
600266,SHSE.600266,,SH,A股-上交所,2025-08-04,4.62,4.63,4.56,4.62,4.63,28071770,128851143.28,-0.216,1.3524,1,0,none,baostock,query_history_k_data_plus
600266,SHSE.600266,,SH,A股-上交所,2025-08-05,4.62,4.69,4.61,4.63,4.62,36726127,170441019.98,0.2165,1.7693,1,0,none,baostock,query_history_k_data_plus
600266,SHSE.600266,,SH,A股-上交所,2025-08-06,4.63,4.66,4.59,4.64,4.63,25756137,119166892.54,0.216,1.2408,1,0,none,baostock,query_history_k_data_plus
600266,SHSE.600266,,SH,A股-上交所,2025-08-07,4.64,4.69,4.61,4.68,4.64,29523466,137545036.1,0.8621,1.4223,1,0,none,baostock,query_history_k_data_plus
600266,SHSE.600266,,SH,A股-上交所,2025-08-08,4.66,4.71,4.65,4.7,4.68,24253156,113587025.38,0.4274,1.1684,1,0,none,baostock,query_history_k_data_plus
600266,SHSE.600266,,SH,A股-上交所,2025-08-11,4.85,4.93,4.77,4.81,4.7,79955242,388583421.05,2.3404,3.8519,1,0,none,baostock,query_history_k_data_plus
600266,SHSE.600266,,SH,A股-上交所,2025-08-12,4.79,4.85,4.77,4.8,4.81,42510071,204466625.37,-0.2079,2.0479,1,0,none,baostock,query_history_k_data_plus
600266,SHSE.600266,,SH,A股-上交所,2025-08-13,4.8,4.83,4.74,4.78,4.8,38135383,182216640.25,-0.4167,1.8372,1,0,none,baostock,query_history_k_data_plus
600266,SHSE.600266,,SH,A股-上交所,2025-08-14,4.8,4.86,4.73,4.74,4.78,38820035,185944792.72,-0.8368,1.8702,1,0,none,baostock,query_history_k_data_plus
600266,SHSE.600266,,SH,A股-上交所,2025-08-15,4.76,4.97,4.75,4.91,4.74,69110829,338894137.05,3.5865,3.3294,1,0,none,baostock,query_history_k_data_plus
600266,SHSE.600266,,SH,A股-上交所,2025-08-18,4.94,5.0,4.86,4.9,4.91,50984390,250097733.2,-0.2037,2.4562,1,0,none,baostock,query_history_k_data_plus
600266,SHSE.600266,,SH,A股-上交所,2025-08-19,4.92,5.0,4.89,4.99,4.9,50820484,251919727.37,1.8367,2.4483,1,0,none,baostock,query_history_k_data_plus
600266,SHSE.600266,,SH,A股-上交所,2025-08-20,4.97,4.98,4.88,4.96,4.99,46314966,228349492.65,-0.6012,2.2312,1,0,none,baostock,query_history_k_data_plus
600266,SHSE.600266,,SH,A股-上交所,2025-08-21,4.96,4.98,4.93,4.94,4.96,36773645,182088090.6,-0.4032,1.7716,1,0,none,baostock,query_history_k_data_plus
600266,SHSE.600266,,SH,A股-上交所,2025-08-22,4.91,4.94,4.86,4.93,4.89,30069542,147357335.12,0.818,1.4486,1,0,none,baostock,query_history_k_data_plus
600266,SHSE.600266,,SH,A股-上交所,2025-08-25,4.93,5.22,4.93,5.12,4.93,74623394,381403702.99,3.854,3.595,1,0,none,baostock,query_history_k_data_plus
600266,SHSE.600266,,SH,A股-上交所,2025-08-26,5.1,5.12,5.02,5.1,5.12,41552500,211088974.36,-0.3906,2.0018,1,0,none,baostock,query_history_k_data_plus
600266,SHSE.600266,,SH,A股-上交所,2025-08-27,5.09,5.1,4.92,4.92,5.1,42050828,211025545.85,-3.5294,2.0258,1,0,none,baostock,query_history_k_data_plus
600266,SHSE.600266,,SH,A股-上交所,2025-08-28,4.93,4.99,4.85,4.95,4.92,39956819,197144079.93,0.6098,1.9249,1,0,none,baostock,query_history_k_data_plus
600266,SHSE.600266,,SH,A股-上交所,2025-08-29,5.02,5.11,4.97,5.0,4.95,54049423,270786178.11,1.0101,2.6039,1,0,none,baostock,query_history_k_data_plus
600266,SHSE.600266,,SH,A股-上交所,2025-09-01,5.06,5.08,4.92,5.02,5.0,68966682,343306697.38,0.4,3.3225,1,0,none,baostock,query_history_k_data_plus
600266,SHSE.600266,,SH,A股-上交所,2025-09-02,5.03,5.21,4.99,5.15,5.02,91359487,465969566.88,2.5896,4.4013,1,0,none,baostock,query_history_k_data_plus
600266,SHSE.600266,,SH,A股-上交所,2025-09-03,5.15,5.16,4.89,4.92,5.15,66982326,334505201.78,-4.466,3.2269,1,0,none,baostock,query_history_k_data_plus
600266,SHSE.600266,,SH,A股-上交所,2025-09-04,4.94,4.98,4.88,4.93,4.92,38198862,188818743.35,0.2033,1.8402,1,0,none,baostock,query_history_k_data_plus
600266,SHSE.600266,,SH,A股-上交所,2025-09-05,4.95,4.95,4.89,4.94,4.93,35691054,175561565.6,0.2028,1.7194,1,0,none,baostock,query_history_k_data_plus
600266,SHSE.600266,,SH,A股-上交所,2025-09-08,4.96,5.05,4.95,4.99,4.94,42131916,210641472.33,1.0121,2.0297,1,0,none,baostock,query_history_k_data_plus
600266,SHSE.600266,,SH,A股-上交所,2025-09-09,5.01,5.25,4.98,5.18,4.99,76259797,393146248.76,3.8076,3.6739,1,0,none,baostock,query_history_k_data_plus
600266,SHSE.600266,,SH,A股-上交所,2025-09-10,5.15,5.2,5.06,5.16,5.18,45050241,231533391.12,-0.3861,2.1703,1,0,none,baostock,query_history_k_data_plus
600266,SHSE.600266,,SH,A股-上交所,2025-09-11,5.13,5.2,5.07,5.19,5.16,52842147,272267981.14,0.5814,2.5457,1,0,none,baostock,query_history_k_data_plus
600266,SHSE.600266,,SH,A股-上交所,2025-09-12,5.17,5.4,5.17,5.35,5.19,66204822,351141938.42,3.0829,3.1895,1,0,none,baostock,query_history_k_data_plus
600266,SHSE.600266,,SH,A股-上交所,2025-09-15,5.3,5.39,5.16,5.3,5.35,74546280,391120718.02,-0.9346,3.5913,1,0,none,baostock,query_history_k_data_plus
600266,SHSE.600266,,SH,A股-上交所,2025-09-16,5.25,5.41,5.24,5.31,5.3,53595208,284598152.84,0.1887,2.582,1,0,none,baostock,query_history_k_data_plus
600266,SHSE.600266,,SH,A股-上交所,2025-09-17,5.3,5.41,5.2,5.39,5.31,51120973,271320669.45,1.5066,2.4628,1,0,none,baostock,query_history_k_data_plus
600266,SHSE.600266,,SH,A股-上交所,2025-09-18,5.37,5.42,5.1,5.14,5.39,68496052,359278302.18,-4.6382,3.2998,1,0,none,baostock,query_history_k_data_plus
600266,SHSE.600266,,SH,A股-上交所,2025-09-19,5.16,5.22,5.05,5.17,5.14,49800323,255401468.3,0.5837,2.3992,1,0,none,baostock,query_history_k_data_plus
600266,SHSE.600266,,SH,A股-上交所,2025-09-22,5.16,5.16,5.01,5.12,5.17,29589419,150566193.84,-0.9671,1.4255,1,0,none,baostock,query_history_k_data_plus
600266,SHSE.600266,,SH,A股-上交所,2025-09-23,5.09,5.09,4.8,4.89,5.12,60554699,296408424.59,-4.4922,2.9173,1,0,none,baostock,query_history_k_data_plus
600266,SHSE.600266,,SH,A股-上交所,2025-09-24,4.86,5.04,4.83,4.97,4.89,40107911,199269538.21,1.636,1.9322,1,0,none,baostock,query_history_k_data_plus
600266,SHSE.600266,,SH,A股-上交所,2025-09-25,4.96,4.97,4.88,4.9,4.97,29445213,144566140.55,-1.4085,1.4185,1,0,none,baostock,query_history_k_data_plus
600266,SHSE.600266,,SH,A股-上交所,2025-09-26,4.88,5.14,4.86,5.0,4.9,44591944,223541765.12,2.0408,2.1482,1,0,none,baostock,query_history_k_data_plus
600266,SHSE.600266,,SH,A股-上交所,2025-09-29,5.02,5.1,4.94,5.06,5.0,40135466,201271333.22,1.2,1.9335,1,0,none,baostock,query_history_k_data_plus
600266,SHSE.600266,,SH,A股-上交所,2025-09-30,5.05,5.34,5.02,5.3,5.06,68527815,357834676.24,4.7431,3.3014,1,0,none,baostock,query_history_k_data_plus
600266,SHSE.600266,,SH,A股-上交所,2025-10-09,5.26,5.46,5.19,5.39,5.3,68424379,363271543.44,1.6981,3.2964,1,0,none,baostock,query_history_k_data_plus
600266,SHSE.600266,,SH,A股-上交所,2025-10-10,5.37,5.66,5.34,5.51,5.39,62025187,342520878.57,2.2263,2.9881,1,0,none,baostock,query_history_k_data_plus
600266,SHSE.600266,,SH,A股-上交所,2025-10-13,5.37,5.53,5.34,5.51,5.51,51615579,281302138.5,0.0,2.4866,1,0,none,baostock,query_history_k_data_plus
600266,SHSE.600266,,SH,A股-上交所,2025-10-14,5.51,5.63,5.4,5.44,5.51,48834636,269052472.69,-1.2704,2.3526,1,0,none,baostock,query_history_k_data_plus
600266,SHSE.600266,,SH,A股-上交所,2025-10-15,5.45,5.49,5.38,5.44,5.44,33867967,183847627.68,0.0,1.6316,1,0,none,baostock,query_history_k_data_plus
600266,SHSE.600266,,SH,A股-上交所,2025-10-16,5.44,5.44,5.33,5.38,5.44,30690197,164918116.51,-1.1029,1.4785,1,0,none,baostock,query_history_k_data_plus
600266,SHSE.600266,,SH,A股-上交所,2025-10-17,5.36,5.4,5.24,5.26,5.38,36114992,191753714.6,-2.2305,1.7399,1,0,none,baostock,query_history_k_data_plus
600266,SHSE.600266,,SH,A股-上交所,2025-10-20,5.27,5.36,5.25,5.29,5.26,27668759,146714368.77,0.5703,1.333,1,0,none,baostock,query_history_k_data_plus
600266,SHSE.600266,,SH,A股-上交所,2025-10-21,5.28,5.45,5.25,5.39,5.29,35496075,190776439.54,1.8904,1.71,1,0,none,baostock,query_history_k_data_plus
600266,SHSE.600266,,SH,A股-上交所,2025-10-22,5.39,5.56,5.35,5.52,5.39,43101834,236041731.49,2.4119,2.0765,1,0,none,baostock,query_history_k_data_plus
600266,SHSE.600266,,SH,A股-上交所,2025-10-23,5.48,5.54,5.36,5.45,5.52,35074031,189968642.07,-1.2681,1.6897,1,0,none,baostock,query_history_k_data_plus
600266,SHSE.600266,,SH,A股-上交所,2025-10-24,5.44,5.47,5.32,5.34,5.45,34046482,182747887.26,-2.0183,1.6402,1,0,none,baostock,query_history_k_data_plus
600266,SHSE.600266,,SH,A股-上交所,2025-10-27,5.36,5.47,5.34,5.37,5.34,32920286,176973977.03,0.5618,1.586,1,0,none,baostock,query_history_k_data_plus
600266,SHSE.600266,,SH,A股-上交所,2025-10-28,5.37,5.42,5.31,5.37,5.37,28102199,150689342.01,0.0,1.3538,1,0,none,baostock,query_history_k_data_plus
600266,SHSE.600266,,SH,A股-上交所,2025-10-29,5.35,5.36,5.29,5.33,5.37,32856990,174682336.66,-0.7449,1.5829,1,0,none,baostock,query_history_k_data_plus
600266,SHSE.600266,,SH,A股-上交所,2025-10-30,5.33,5.36,5.24,5.24,5.33,28149759,148971710.34,-1.6886,1.3561,1,0,none,baostock,query_history_k_data_plus
600266,SHSE.600266,,SH,A股-上交所,2025-10-31,5.03,5.08,4.94,4.96,5.24,83008584,415101844.05,-5.3435,3.999,1,0,none,baostock,query_history_k_data_plus
600266,SHSE.600266,,SH,A股-上交所,2025-11-03,4.96,4.98,4.88,4.91,4.96,48900107,239916971.06,-1.0081,2.3558,1,0,none,baostock,query_history_k_data_plus
600266,SHSE.600266,,SH,A股-上交所,2025-11-04,4.91,4.93,4.88,4.9,4.91,33205309,162933516.05,-0.2037,1.5997,1,0,none,baostock,query_history_k_data_plus
600266,SHSE.600266,,SH,A股-上交所,2025-11-05,4.88,4.93,4.83,4.92,4.9,28904185,141662209.73,0.4082,1.3925,1,0,none,baostock,query_history_k_data_plus
600266,SHSE.600266,,SH,A股-上交所,2025-11-06,4.91,4.93,4.87,4.89,4.92,30385726,148862429.72,-0.6098,1.4638,1,0,none,baostock,query_history_k_data_plus
600266,SHSE.600266,,SH,A股-上交所,2025-11-07,4.88,4.89,4.84,4.85,4.89,32770532,159328926.32,-0.818,1.5787,1,0,none,baostock,query_history_k_data_plus
600266,SHSE.600266,,SH,A股-上交所,2025-11-10,4.86,4.94,4.84,4.94,4.85,37293359,182668487.02,1.8557,1.7966,1,0,none,baostock,query_history_k_data_plus
600266,SHSE.600266,,SH,A股-上交所,2025-11-11,4.93,4.98,4.92,4.95,4.94,28946432,143248787.11,0.2024,1.3945,1,0,none,baostock,query_history_k_data_plus
600266,SHSE.600266,,SH,A股-上交所,2025-11-12,4.94,5.06,4.92,5.02,4.95,37197486,186151419.81,1.4141,1.792,1,0,none,baostock,query_history_k_data_plus
600266,SHSE.600266,,SH,A股-上交所,2025-11-13,5.02,5.03,4.95,5.01,5.02,22904112,114558209.72,-0.1992,1.1034,1,0,none,baostock,query_history_k_data_plus
600266,SHSE.600266,,SH,A股-上交所,2025-11-14,4.99,5.07,4.98,5.0,5.01,25642510,129116979.34,-0.1996,1.2353,1,0,none,baostock,query_history_k_data_plus
600266,SHSE.600266,,SH,A股-上交所,2025-11-17,5.0,5.06,4.97,5.03,5.0,21126512,105797636.2,0.6,1.0178,1,0,none,baostock,query_history_k_data_plus
600266,SHSE.600266,,SH,A股-上交所,2025-11-18,5.03,5.04,4.83,4.88,5.03,37357273,182801721.51,-2.9821,1.7997,1,0,none,baostock,query_history_k_data_plus
600266,SHSE.600266,,SH,A股-上交所,2025-11-19,4.86,4.89,4.75,4.78,4.88,25204897,120946004.73,-2.0492,1.2143,1,0,none,baostock,query_history_k_data_plus
600266,SHSE.600266,,SH,A股-上交所,2025-11-20,4.78,5.05,4.75,4.94,4.78,53938420,264916069.56,3.3473,2.5985,1,0,none,baostock,query_history_k_data_plus
600266,SHSE.600266,,SH,A股-上交所,2025-11-21,4.89,4.95,4.8,4.8,4.94,34376585,167375639.81,-2.834,1.6561,1,0,none,baostock,query_history_k_data_plus
600266,SHSE.600266,,SH,A股-上交所,2025-11-24,4.8,4.9,4.73,4.76,4.8,31302888,150454928.82,-0.8333,1.508,1,0,none,baostock,query_history_k_data_plus
600266,SHSE.600266,,SH,A股-上交所,2025-11-25,4.77,4.82,4.74,4.78,4.76,25289144,121042401.89,0.4202,1.2183,1,0,none,baostock,query_history_k_data_plus
600266,SHSE.600266,,SH,A股-上交所,2025-11-26,4.78,4.82,4.71,4.73,4.78,28026628,133550752.44,-1.046,1.3502,1,0,none,baostock,query_history_k_data_plus
600266,SHSE.600266,,SH,A股-上交所,2025-11-27,4.68,4.73,4.58,4.7,4.73,30281020,141412750.05,-0.6342,1.4588,1,0,none,baostock,query_history_k_data_plus
600266,SHSE.600266,,SH,A股-上交所,2025-11-28,4.68,4.72,4.62,4.71,4.7,22124274,103342817.62,0.2128,1.0658,1,0,none,baostock,query_history_k_data_plus
600266,SHSE.600266,,SH,A股-上交所,2025-12-01,4.72,4.75,4.67,4.69,4.71,21906781,103048831.45,-0.4246,1.0554,1,0,none,baostock,query_history_k_data_plus
600266,SHSE.600266,,SH,A股-上交所,2025-12-02,4.68,4.79,4.63,4.77,4.69,37330312,176580542.99,1.7058,1.7984,1,0,none,baostock,query_history_k_data_plus
600266,SHSE.600266,,SH,A股-上交所,2025-12-03,4.76,4.84,4.74,4.75,4.77,26419922,126241199.93,-0.4193,1.2728,1,0,none,baostock,query_history_k_data_plus
600266,SHSE.600266,,SH,A股-上交所,2025-12-04,4.75,4.83,4.71,4.78,4.75,24073496,114736073.8,0.6316,1.1598,1,0,none,baostock,query_history_k_data_plus
600266,SHSE.600266,,SH,A股-上交所,2025-12-05,4.77,4.8,4.68,4.8,4.78,30068843,142211245.84,0.4184,1.4486,1,0,none,baostock,query_history_k_data_plus
600266,SHSE.600266,,SH,A股-上交所,2025-12-08,4.79,4.88,4.78,4.83,4.8,30162949,146164074.19,0.625,1.4531,1,0,none,baostock,query_history_k_data_plus
600266,SHSE.600266,,SH,A股-上交所,2025-12-09,4.82,4.83,4.63,4.64,4.83,40128383,188662724.25,-3.9337,1.9332,1,0,none,baostock,query_history_k_data_plus
600266,SHSE.600266,,SH,A股-上交所,2025-12-10,4.62,4.82,4.59,4.74,4.64,46601561,218915097.38,2.1552,2.2451,1,0,none,baostock,query_history_k_data_plus
600266,SHSE.600266,,SH,A股-上交所,2025-12-11,4.72,4.73,4.59,4.61,4.74,31182792,144640585.74,-2.7426,1.5022,1,0,none,baostock,query_history_k_data_plus
600266,SHSE.600266,,SH,A股-上交所,2025-12-12,4.63,4.69,4.6,4.61,4.61,25431912,118160117.08,0.0,1.2252,1,0,none,baostock,query_history_k_data_plus
600266,SHSE.600266,,SH,A股-上交所,2025-12-15,4.59,4.61,4.51,4.52,4.61,28386365,129271036.66,-1.9523,1.3675,1,0,none,baostock,query_history_k_data_plus
600266,SHSE.600266,,SH,A股-上交所,2025-12-16,4.53,4.57,4.46,4.48,4.52,28844371,129932177.76,-0.885,1.3896,1,0,none,baostock,query_history_k_data_plus
600266,SHSE.600266,,SH,A股-上交所,2025-12-17,4.44,4.5,4.42,4.48,4.48,23909611,106780447.16,0.0,1.1519,1,0,none,baostock,query_history_k_data_plus
600266,SHSE.600266,,SH,A股-上交所,2025-12-18,4.47,4.51,4.45,4.48,4.48,19030353,85370839.61,0.0,0.9168,1,0,none,baostock,query_history_k_data_plus
600266,SHSE.600266,,SH,A股-上交所,2025-12-19,4.49,4.57,4.46,4.53,4.48,33974003,153852328.29,1.1161,1.6367,1,0,none,baostock,query_history_k_data_plus
600266,SHSE.600266,,SH,A股-上交所,2025-12-22,4.52,4.53,4.48,4.5,4.53,29855992,134587624.72,-0.6623,1.4383,1,0,none,baostock,query_history_k_data_plus
600266,SHSE.600266,,SH,A股-上交所,2025-12-23,4.5,4.51,4.42,4.44,4.5,34391596,153040109.48,-1.3333,1.6568,1,0,none,baostock,query_history_k_data_plus
600266,SHSE.600266,,SH,A股-上交所,2025-12-24,4.43,4.46,4.42,4.45,4.44,19004548,84517911.76,0.2252,0.9156,1,0,none,baostock,query_history_k_data_plus
600266,SHSE.600266,,SH,A股-上交所,2025-12-25,4.6,4.7,4.49,4.51,4.45,83058821,378449496.96,1.3483,4.0014,1,0,none,baostock,query_history_k_data_plus
600266,SHSE.600266,,SH,A股-上交所,2025-12-26,4.48,4.54,4.45,4.48,4.51,51161296,230259973.56,-0.6652,2.4647,1,0,none,baostock,query_history_k_data_plus
600266,SHSE.600266,,SH,A股-上交所,2025-12-29,4.51,4.76,4.5,4.64,4.48,99630529,460739615.39,3.5714,4.7998,1,0,none,baostock,query_history_k_data_plus
600266,SHSE.600266,,SH,A股-上交所,2025-12-30,4.6,4.64,4.54,4.61,4.64,53268279,244313132.09,-0.6466,2.5662,1,0,none,baostock,query_history_k_data_plus
600266,SHSE.600266,,SH,A股-上交所,2025-12-31,4.63,5.07,4.57,5.07,4.61,138132972,674524241.82,9.9783,6.6546,1,0,none,baostock,query_history_k_data_plus
600266,SHSE.600266,,SH,A股-上交所,2026-01-05,5.36,5.58,5.21,5.58,5.07,154072012,851123663.19,10.0592,7.4225,1,0,none,baostock,query_history_k_data_plus
600266,SHSE.600266,,SH,A股-上交所,2026-01-06,5.85,6.14,5.71,6.14,5.58,126784848,764871835.04,10.0358,6.1079,1,0,none,baostock,query_history_k_data_plus
600266,SHSE.600266,,SH,A股-上交所,2026-01-07,6.75,6.75,6.48,6.75,6.14,239203689,1606798844.48,9.9349,11.5238,1,0,none,baostock,query_history_k_data_plus
600266,SHSE.600266,,SH,A股-上交所,2026-01-08,7.01,7.43,6.38,6.75,6.75,512677303,3540235412.03,0.0,24.6985,1,0,none,baostock,query_history_k_data_plus
600266,SHSE.600266,,SH,A股-上交所,2026-01-09,7.13,7.3,6.45,6.82,6.75,428010730,2953298214.43,1.037,20.6196,1,0,none,baostock,query_history_k_data_plus
600266,SHSE.600266,,SH,A股-上交所,2026-01-12,6.86,7.5,6.8,7.15,6.82,437664944,3091891736.11,4.8387,21.0847,1,0,none,baostock,query_history_k_data_plus
600266,SHSE.600266,,SH,A股-上交所,2026-01-13,6.95,6.95,6.44,6.44,7.15,187481808,1222533899.47,-9.9301,9.032,1,0,none,baostock,query_history_k_data_plus
600266,SHSE.600266,,SH,A股-上交所,2026-01-14,6.16,6.74,5.8,6.42,6.44,403390941,2545787202.37,-0.3106,19.4336,1,0,none,baostock,query_history_k_data_plus
600266,SHSE.600266,,SH,A股-上交所,2026-01-15,6.5,6.8,6.1,6.24,6.42,277116025,1785065366.11,-2.8037,13.3502,1,0,none,baostock,query_history_k_data_plus
600266,SHSE.600266,,SH,A股-上交所,2026-01-16,6.25,6.86,6.25,6.86,6.24,302552696,1999070147.48,9.9359,14.5756,1,0,none,baostock,query_history_k_data_plus
600266,SHSE.600266,,SH,A股-上交所,2026-01-19,6.5,7.2,6.17,6.47,6.86,368226201,2428949326.43,-5.6851,17.7395,1,0,none,baostock,query_history_k_data_plus
600266,SHSE.600266,,SH,A股-上交所,2026-01-20,6.58,6.85,6.32,6.62,6.47,308387768,2024295635.66,2.3184,14.8567,1,0,none,baostock,query_history_k_data_plus
600266,SHSE.600266,,SH,A股-上交所,2026-01-21,6.4,6.55,6.03,6.09,6.62,260640494,1632245898.08,-8.006,12.5565,1,0,none,baostock,query_history_k_data_plus
600266,SHSE.600266,,SH,A股-上交所,2026-01-22,6.05,6.57,6.02,6.32,6.09,229998894,1450895131.47,3.7767,11.0803,1,0,none,baostock,query_history_k_data_plus
600266,SHSE.600266,,SH,A股-上交所,2026-01-23,6.43,6.58,6.35,6.45,6.32,200554579,1293265572.86,2.057,9.6618,1,0,none,baostock,query_history_k_data_plus
600266,SHSE.600266,,SH,A股-上交所,2026-01-26,6.5,6.57,6.08,6.09,6.45,188712428,1186215073.51,-5.5814,9.0913,1,0,none,baostock,query_history_k_data_plus
600266,SHSE.600266,,SH,A股-上交所,2026-01-27,6.0,6.08,5.71,5.85,6.09,156347515,917813961.73,-3.9409,7.5321,1,0,none,baostock,query_history_k_data_plus
600266,SHSE.600266,,SH,A股-上交所,2026-01-28,5.86,5.89,5.68,5.72,5.85,104907660,603188583.62,-2.2222,5.054,1,0,none,baostock,query_history_k_data_plus
600266,SHSE.600266,,SH,A股-上交所,2026-01-29,5.7,5.97,5.66,5.8,5.72,115492172,674112533.45,1.3986,5.5639,1,0,none,baostock,query_history_k_data_plus
600266,SHSE.600266,,SH,A股-上交所,2026-01-30,5.75,5.83,5.56,5.62,5.8,99916407,563982673.31,-3.1034,4.8135,1,0,none,baostock,query_history_k_data_plus
600266,SHSE.600266,,SH,A股-上交所,2026-02-02,5.55,5.65,5.44,5.45,5.62,70619098,391178378.29,-3.0249,3.4021,1,0,none,baostock,query_history_k_data_plus
600266,SHSE.600266,,SH,A股-上交所,2026-02-03,6.0,6.0,5.93,6.0,5.45,54774005,328551087.12,10.0917,2.6388,1,0,none,baostock,query_history_k_data_plus
600266,SHSE.600266,,SH,A股-上交所,2026-02-04,6.18,6.25,5.77,6.02,6.0,284241170,1703781562.55,0.3333,13.6935,1,0,none,baostock,query_history_k_data_plus
600266,SHSE.600266,,SH,A股-上交所,2026-02-05,5.94,6.1,5.89,5.94,6.02,157742153,941967786.72,-1.3289,7.5993,1,0,none,baostock,query_history_k_data_plus
600266,SHSE.600266,,SH,A股-上交所,2026-02-06,5.85,5.87,5.75,5.76,5.94,100845284,585251054.78,-3.0303,4.8583,1,0,none,baostock,query_history_k_data_plus
600266,SHSE.600266,,SH,A股-上交所,2026-02-09,5.8,5.9,5.77,5.84,5.76,83722895,487931948.16,1.3889,4.0334,1,0,none,baostock,query_history_k_data_plus
600266,SHSE.600266,,SH,A股-上交所,2026-02-10,5.8,5.82,5.66,5.71,5.84,65424357,373541066.49,-2.226,3.1519,1,0,none,baostock,query_history_k_data_plus
600266,SHSE.600266,,SH,A股-上交所,2026-02-11,5.67,5.79,5.65,5.69,5.71,51308324,292722895.57,-0.3503,2.4718,1,0,none,baostock,query_history_k_data_plus
600266,SHSE.600266,,SH,A股-上交所,2026-02-12,5.69,5.73,5.61,5.62,5.69,52468252,296485535.08,-1.2302,2.5277,1,0,none,baostock,query_history_k_data_plus
600266,SHSE.600266,,SH,A股-上交所,2026-02-13,5.64,5.65,5.54,5.55,5.62,53366970,298747449.14,-1.2456,2.571,1,0,none,baostock,query_history_k_data_plus
600266,SHSE.600266,,SH,A股-上交所,2026-02-24,5.57,5.62,5.53,5.56,5.55,46100928,257283666.36,0.1802,2.2209,1,0,none,baostock,query_history_k_data_plus
600266,SHSE.600266,,SH,A股-上交所,2026-02-25,5.56,5.73,5.56,5.68,5.56,70712448,402309466.64,2.1583,3.4066,1,0,none,baostock,query_history_k_data_plus
600266,SHSE.600266,,SH,A股-上交所,2026-02-26,5.66,5.68,5.52,5.54,5.68,71957804,400206647.0,-2.4648,3.4666,1,0,none,baostock,query_history_k_data_plus
600266,SHSE.600266,,SH,A股-上交所,2026-02-27,5.55,5.58,5.5,5.57,5.54,47622387,264235917.06,0.5415,2.2942,1,0,none,baostock,query_history_k_data_plus
600266,SHSE.600266,,SH,A股-上交所,2026-03-02,5.5,5.55,5.4,5.44,5.57,58536338,319747202.76,-2.3339,2.82,1,0,none,baostock,query_history_k_data_plus
600266,SHSE.600266,,SH,A股-上交所,2026-03-03,5.43,5.49,5.26,5.28,5.44,65724957,351819725.07,-2.9412,3.1663,1,0,none,baostock,query_history_k_data_plus
600266,SHSE.600266,,SH,A股-上交所,2026-03-04,5.24,5.31,5.19,5.23,5.28,42388371,222225636.43,-0.947,2.0421,1,0,none,baostock,query_history_k_data_plus
600266,SHSE.600266,,SH,A股-上交所,2026-03-05,5.3,5.32,5.24,5.27,5.23,33846799,178701746.39,0.7648,1.6306,1,0,none,baostock,query_history_k_data_plus
600266,SHSE.600266,,SH,A股-上交所,2026-03-06,5.27,5.38,5.25,5.37,5.27,35048297,187029683.07,1.8975,1.6885,1,0,none,baostock,query_history_k_data_plus
600266,SHSE.600266,,SH,A股-上交所,2026-03-09,5.34,5.35,5.25,5.34,5.37,41742404,221725916.16,-0.5587,2.011,1,0,none,baostock,query_history_k_data_plus
600266,SHSE.600266,,SH,A股-上交所,2026-03-10,5.36,5.42,5.35,5.38,5.34,35275171,189717432.84,0.7491,1.6994,1,0,none,baostock,query_history_k_data_plus
600266,SHSE.600266,,SH,A股-上交所,2026-03-11,5.37,5.41,5.35,5.39,5.38,36112533,194149261.84,0.1859,1.7397,1,0,none,baostock,query_history_k_data_plus
600266,SHSE.600266,,SH,A股-上交所,2026-03-12,5.37,5.45,5.36,5.43,5.39,47182271,255665695.05,0.7421,2.273,1,0,none,baostock,query_history_k_data_plus
600266,SHSE.600266,,SH,A股-上交所,2026-03-13,5.43,5.5,5.39,5.41,5.43,52818648,288054127.84,-0.3683,2.5446,1,0,none,baostock,query_history_k_data_plus
600266,SHSE.600266,,SH,A股-上交所,2026-03-16,5.41,5.5,5.39,5.41,5.41,45489172,246881456.28,0.0,2.1915,1,0,none,baostock,query_history_k_data_plus
600266,SHSE.600266,,SH,A股-上交所,2026-03-17,5.43,5.61,5.38,5.4,5.41,74554192,409432508.16,-0.1848,3.5917,1,0,none,baostock,query_history_k_data_plus
600266,SHSE.600266,,SH,A股-上交所,2026-03-18,5.39,5.44,5.27,5.31,5.4,49207931,261679757.18,-1.6667,2.3706,1,0,none,baostock,query_history_k_data_plus
600266,SHSE.600266,,SH,A股-上交所,2026-03-19,5.27,5.3,5.14,5.16,5.31,47512393,247231359.57,-2.8249,2.2889,1,0,none,baostock,query_history_k_data_plus
600266,SHSE.600266,,SH,A股-上交所,2026-03-20,5.19,5.23,5.09,5.09,5.16,36806813,189645213.81,-1.3566,1.7732,1,0,none,baostock,query_history_k_data_plus
600266,SHSE.600266,,SH,A股-上交所,2026-03-23,5.05,5.05,4.77,4.81,5.09,49035118,240491990.96,-5.501,2.3623,1,0,none,baostock,query_history_k_data_plus
600266,SHSE.600266,,SH,A股-上交所,2026-03-24,4.89,4.96,4.81,4.94,4.81,43289954,211491625.52,2.7027,2.0855,1,0,none,baostock,query_history_k_data_plus
600266,SHSE.600266,,SH,A股-上交所,2026-03-25,4.93,5.04,4.92,5.04,4.94,32784709,163720308.03,2.0243,1.5794,1,0,none,baostock,query_history_k_data_plus
600266,SHSE.600266,,SH,A股-上交所,2026-03-26,5.02,5.11,5.01,5.05,5.04,30117794,152455011.16,0.1984,1.4509,1,0,none,baostock,query_history_k_data_plus
600266,SHSE.600266,,SH,A股-上交所,2026-03-27,4.97,5.1,4.97,5.08,5.05,22179361,112115332.04,0.5941,1.0685,1,0,none,baostock,query_history_k_data_plus
600266,SHSE.600266,,SH,A股-上交所,2026-03-30,5.02,5.15,5.0,5.12,5.08,29598900,150548270.48,0.7874,1.4259,1,0,none,baostock,query_history_k_data_plus
600266,SHSE.600266,,SH,A股-上交所,2026-03-31,5.14,5.25,5.09,5.1,5.12,30087200,155645301.15,-0.3906,1.4495,1,0,none,baostock,query_history_k_data_plus
600266,SHSE.600266,,SH,A股-上交所,2026-04-01,5.16,5.19,5.05,5.09,5.1,23951969,122110803.37,-0.1961,1.1539,1,0,none,baostock,query_history_k_data_plus
600266,SHSE.600266,,SH,A股-上交所,2026-04-02,5.07,5.08,4.93,4.97,5.09,27725335,138373617.68,-2.3576,1.3357,1,0,none,baostock,query_history_k_data_plus
600266,SHSE.600266,,SH,A股-上交所,2026-04-03,4.96,4.99,4.86,4.87,4.97,22716250,111422564.38,-2.0121,1.0944,1,0,none,baostock,query_history_k_data_plus
600266,SHSE.600266,,SH,A股-上交所,2026-04-07,4.86,4.93,4.86,4.9,4.87,21286788,104261312.67,0.616,1.0255,1,0,none,baostock,query_history_k_data_plus
600266,SHSE.600266,,SH,A股-上交所,2026-04-08,4.96,5.07,4.95,5.06,4.9,28114052,141210738.88,3.2653,1.3544,1,0,none,baostock,query_history_k_data_plus
600266,SHSE.600266,,SH,A股-上交所,2026-04-09,5.05,5.27,5.01,5.15,5.06,70434890,363290757.44,1.7787,3.3932,1,0,none,baostock,query_history_k_data_plus
600266,SHSE.600266,,SH,A股-上交所,2026-04-10,5.12,5.17,5.05,5.05,5.15,45242381,231300514.23,-1.9417,2.1796,1,0,none,baostock,query_history_k_data_plus
600266,SHSE.600266,,SH,A股-上交所,2026-04-13,5.01,5.15,4.99,5.12,5.05,39732165,202482809.59,1.3861,1.9141,1,0,none,baostock,query_history_k_data_plus
600266,SHSE.600266,,SH,A股-上交所,2026-04-14,5.13,5.22,5.1,5.2,5.12,46223289,238337846.06,1.5625,2.2268,1,0,none,baostock,query_history_k_data_plus
600266,SHSE.600266,,SH,A股-上交所,2026-04-15,5.2,5.21,5.07,5.08,5.2,42469914,217886840.53,-2.3077,2.046,1,0,none,baostock,query_history_k_data_plus
600266,SHSE.600266,,SH,A股-上交所,2026-04-16,5.07,5.11,5.01,5.08,5.08,33697382,170484984.14,0.0,1.6234,1,0,none,baostock,query_history_k_data_plus
600266,SHSE.600266,,SH,A股-上交所,2026-04-17,5.1,5.17,5.06,5.11,5.08,39135754,200081196.7,0.5906,1.8854,1,0,none,baostock,query_history_k_data_plus
