code,symbol,name,market,asset_type,date,open,high,low,close,preclose,volume,amount,pct_chg,turnover,trade_status,is_st,adjust,provider,source_function
600310,SHSE.600310,,SH,A股-上交所,2020-03-23,4.0,4.0,3.72,3.73,4.11,15053848,57350979.0,-9.2457,1.8186,1,0,none,baostock,query_history_k_data_plus
600310,SHSE.600310,,SH,A股-上交所,2020-03-24,3.79,3.82,3.65,3.75,3.73,8931365,33221789.0,0.5362,1.079,1,0,none,baostock,query_history_k_data_plus
600310,SHSE.600310,,SH,A股-上交所,2020-03-25,3.82,3.84,3.75,3.8,3.75,7073829,26830273.0,1.3333,0.8546,1,0,none,baostock,query_history_k_data_plus
600310,SHSE.600310,,SH,A股-上交所,2020-03-26,3.79,3.79,3.7,3.7,3.8,5510146,20566938.0,-2.6316,0.6657,1,0,none,baostock,query_history_k_data_plus
600310,SHSE.600310,,SH,A股-上交所,2020-03-27,3.74,3.84,3.72,3.77,3.7,6863480,25959495.0,1.8919,0.8291,1,0,none,baostock,query_history_k_data_plus
600310,SHSE.600310,,SH,A股-上交所,2020-03-30,3.78,3.78,3.64,3.67,3.77,5436062,20012426.0,-2.6525,0.6567,1,0,none,baostock,query_history_k_data_plus
600310,SHSE.600310,,SH,A股-上交所,2020-03-31,3.7,3.73,3.68,3.68,3.67,3393052,12556474.0,0.2725,0.4099,1,0,none,baostock,query_history_k_data_plus
600310,SHSE.600310,,SH,A股-上交所,2020-04-01,3.69,3.72,3.65,3.67,3.68,3211664,11827890.0,-0.2717,0.388,1,0,none,baostock,query_history_k_data_plus
600310,SHSE.600310,,SH,A股-上交所,2020-04-02,3.65,3.74,3.62,3.73,3.67,3105242,11409690.0,1.6349,0.3751,1,0,none,baostock,query_history_k_data_plus
600310,SHSE.600310,,SH,A股-上交所,2020-04-03,3.71,3.76,3.7,3.72,3.73,3337933,12426835.0,-0.2681,0.4032,1,0,none,baostock,query_history_k_data_plus
600310,SHSE.600310,,SH,A股-上交所,2020-04-07,3.76,3.88,3.75,3.83,3.72,5690697,21676912.0,2.957,0.6875,1,0,none,baostock,query_history_k_data_plus
600310,SHSE.600310,,SH,A股-上交所,2020-04-08,3.81,3.86,3.76,3.85,3.83,4023187,15371755.0,0.5222,0.486,1,0,none,baostock,query_history_k_data_plus
600310,SHSE.600310,,SH,A股-上交所,2020-04-09,3.87,3.95,3.85,3.91,3.85,5302218,20783370.0,1.5584,0.6405,1,0,none,baostock,query_history_k_data_plus
600310,SHSE.600310,,SH,A股-上交所,2020-04-10,3.93,3.95,3.81,3.83,3.91,4513706,17400713.0,-2.046,0.5453,1,0,none,baostock,query_history_k_data_plus
600310,SHSE.600310,,SH,A股-上交所,2020-04-13,3.78,3.8,3.75,3.77,3.83,3202001,12088342.0,-1.5666,0.3868,1,0,none,baostock,query_history_k_data_plus
600310,SHSE.600310,,SH,A股-上交所,2020-04-14,3.75,3.81,3.74,3.81,3.77,3408409,12918166.0,1.061,0.4118,1,0,none,baostock,query_history_k_data_plus
600310,SHSE.600310,,SH,A股-上交所,2020-04-15,3.84,3.87,3.8,3.8,3.81,4087816,15689145.0,-0.2625,0.4938,1,0,none,baostock,query_history_k_data_plus
600310,SHSE.600310,,SH,A股-上交所,2020-04-16,3.77,3.93,3.77,3.86,3.8,6893788,26634457.0,1.5789,0.8328,1,0,none,baostock,query_history_k_data_plus
600310,SHSE.600310,,SH,A股-上交所,2020-04-17,3.87,3.89,3.8,3.8,3.86,5152857,19695676.0,-1.5544,0.6225,1,0,none,baostock,query_history_k_data_plus
600310,SHSE.600310,,SH,A股-上交所,2020-04-20,3.83,3.86,3.81,3.85,3.8,3531298,13543268.0,1.3158,0.4266,1,0,none,baostock,query_history_k_data_plus
600310,SHSE.600310,,SH,A股-上交所,2020-04-21,3.85,4.24,3.84,4.09,3.85,22965143,95319132.0,6.2338,2.7743,1,0,none,baostock,query_history_k_data_plus
600310,SHSE.600310,,SH,A股-上交所,2020-04-22,4.04,4.13,3.91,3.97,4.09,15504866,61879121.0,-2.934,1.8731,1,0,none,baostock,query_history_k_data_plus
600310,SHSE.600310,,SH,A股-上交所,2020-04-23,3.96,4.08,3.9,4.01,3.97,9959271,39655444.0,1.0076,1.2031,1,0,none,baostock,query_history_k_data_plus
600310,SHSE.600310,,SH,A股-上交所,2020-04-24,3.99,4.0,3.87,3.89,4.01,6891130,27044413.0,-2.9925,0.8325,1,0,none,baostock,query_history_k_data_plus
600310,SHSE.600310,,SH,A股-上交所,2020-04-27,3.9,3.97,3.85,3.92,3.89,6970882,27420007.0,0.7712,0.8421,1,0,none,baostock,query_history_k_data_plus
600310,SHSE.600310,,SH,A股-上交所,2020-04-28,3.83,3.84,3.53,3.69,3.92,10554031,38970725.0,-5.8673,1.275,1,0,none,baostock,query_history_k_data_plus
600310,SHSE.600310,,SH,A股-上交所,2020-04-29,3.7,3.73,3.62,3.64,3.69,3666453,13425279.0,-1.355,0.4429,1,0,none,baostock,query_history_k_data_plus
600310,SHSE.600310,,SH,A股-上交所,2020-04-30,3.67,3.72,3.65,3.71,3.64,4259233,15696395.0,1.9231,0.5145,1,0,none,baostock,query_history_k_data_plus
600310,SHSE.600310,,SH,A股-上交所,2020-05-06,3.74,3.76,3.65,3.75,3.71,4781292,17774341.0,1.0782,0.5776,1,0,none,baostock,query_history_k_data_plus
600310,SHSE.600310,,SH,A股-上交所,2020-05-07,3.74,3.83,3.72,3.81,3.75,4207599,15971463.0,1.6,0.5083,1,0,none,baostock,query_history_k_data_plus
600310,SHSE.600310,,SH,A股-上交所,2020-05-08,3.86,4.05,3.82,3.99,3.81,9514229,37505363.0,4.7244,1.1494,1,0,none,baostock,query_history_k_data_plus
600310,SHSE.600310,,SH,A股-上交所,2020-05-11,4.1,4.14,3.96,3.99,3.99,7942691,31919351.0,0.0,0.9595,1,0,none,baostock,query_history_k_data_plus
600310,SHSE.600310,,SH,A股-上交所,2020-05-12,4.03,4.09,3.92,3.96,3.99,3885862,15504197.0,-0.7519,0.4694,1,0,none,baostock,query_history_k_data_plus
600310,SHSE.600310,,SH,A股-上交所,2020-05-13,3.95,3.98,3.92,3.96,3.96,2298453,9087373.0,0.0,0.2777,1,0,none,baostock,query_history_k_data_plus
600310,SHSE.600310,,SH,A股-上交所,2020-05-14,3.94,4.0,3.92,3.96,3.96,2702007,10701748.0,0.0,0.3264,1,0,none,baostock,query_history_k_data_plus
600310,SHSE.600310,,SH,A股-上交所,2020-05-15,3.97,4.0,3.94,3.96,3.96,2639385,10495574.0,0.0,0.3189,1,0,none,baostock,query_history_k_data_plus
600310,SHSE.600310,,SH,A股-上交所,2020-05-18,4.0,4.0,3.92,3.94,3.96,3013596,11888113.0,-0.5051,0.3641,1,0,none,baostock,query_history_k_data_plus
600310,SHSE.600310,,SH,A股-上交所,2020-05-19,3.95,4.0,3.89,3.9,3.94,2956741,11625204.0,-1.0152,0.3572,1,0,none,baostock,query_history_k_data_plus
600310,SHSE.600310,,SH,A股-上交所,2020-05-20,3.9,3.9,3.81,3.83,3.9,3263181,12545762.0,-1.7949,0.3942,1,0,none,baostock,query_history_k_data_plus
600310,SHSE.600310,,SH,A股-上交所,2020-05-21,3.9,3.9,3.74,3.75,3.83,3566700,13499659.0,-2.0888,0.4309,1,0,none,baostock,query_history_k_data_plus
600310,SHSE.600310,,SH,A股-上交所,2020-05-22,3.78,3.78,3.71,3.74,3.75,1992411,7438640.0,-0.2667,0.2407,1,0,none,baostock,query_history_k_data_plus
600310,SHSE.600310,,SH,A股-上交所,2020-05-25,3.73,3.83,3.72,3.83,3.74,2162162,8173520.0,2.4064,0.2612,1,0,none,baostock,query_history_k_data_plus
600310,SHSE.600310,,SH,A股-上交所,2020-05-26,3.85,3.86,3.81,3.82,3.83,1960683,7510080.0,-0.2611,0.2369,1,0,none,baostock,query_history_k_data_plus
600310,SHSE.600310,,SH,A股-上交所,2020-05-27,3.83,3.83,3.75,3.77,3.82,2046001,7724823.0,-1.3089,0.2472,1,0,none,baostock,query_history_k_data_plus
600310,SHSE.600310,,SH,A股-上交所,2020-05-28,3.77,3.8,3.73,3.78,3.77,1790429,6744063.0,0.2653,0.2163,1,0,none,baostock,query_history_k_data_plus
600310,SHSE.600310,,SH,A股-上交所,2020-05-29,3.77,3.79,3.74,3.74,3.78,2302535,8644875.0,-1.0582,0.2782,1,0,none,baostock,query_history_k_data_plus
600310,SHSE.600310,,SH,A股-上交所,2020-06-01,3.77,3.88,3.76,3.87,3.74,3729253,14287574.0,3.4759,0.4505,1,0,none,baostock,query_history_k_data_plus
600310,SHSE.600310,,SH,A股-上交所,2020-06-02,3.87,3.93,3.86,3.88,3.87,2828760,10976657.0,0.2584,0.3417,1,0,none,baostock,query_history_k_data_plus
600310,SHSE.600310,,SH,A股-上交所,2020-06-03,3.88,3.91,3.84,3.84,3.88,2491900,9658026.0,-1.0309,0.301,1,0,none,baostock,query_history_k_data_plus
600310,SHSE.600310,,SH,A股-上交所,2020-06-04,3.84,3.88,3.83,3.88,3.84,2575830,9921144.0,1.0417,0.3112,1,0,none,baostock,query_history_k_data_plus
600310,SHSE.600310,,SH,A股-上交所,2020-06-05,3.89,3.89,3.8,3.84,3.88,2889013,11062815.0,-1.0309,0.349,1,0,none,baostock,query_history_k_data_plus
600310,SHSE.600310,,SH,A股-上交所,2020-06-08,3.85,3.95,3.85,3.94,3.84,6829936,26698280.0,2.6042,0.8251,1,0,none,baostock,query_history_k_data_plus
600310,SHSE.600310,,SH,A股-上交所,2020-06-09,3.94,4.05,3.87,4.05,3.94,9118734,36174116.0,2.7919,1.1016,1,0,none,baostock,query_history_k_data_plus
600310,SHSE.600310,,SH,A股-上交所,2020-06-10,4.03,4.04,3.87,3.88,4.05,9544300,37349193.0,-4.1975,1.153,1,0,none,baostock,query_history_k_data_plus
600310,SHSE.600310,,SH,A股-上交所,2020-06-11,3.88,3.88,3.84,3.84,3.88,2517406,9707633.0,-1.0309,0.3041,1,0,none,baostock,query_history_k_data_plus
600310,SHSE.600310,,SH,A股-上交所,2020-06-12,3.81,3.88,3.75,3.88,3.84,2388922,9155045.0,1.0417,0.2886,1,0,none,baostock,query_history_k_data_plus
600310,SHSE.600310,,SH,A股-上交所,2020-06-15,3.85,3.92,3.82,3.83,3.88,3021866,11686135.0,-1.2887,0.3651,1,0,none,baostock,query_history_k_data_plus
600310,SHSE.600310,,SH,A股-上交所,2020-06-16,3.84,3.87,3.83,3.86,3.83,2165200,8327146.0,0.7833,0.2616,1,0,none,baostock,query_history_k_data_plus
600310,SHSE.600310,,SH,A股-上交所,2020-06-17,3.85,3.89,3.83,3.88,3.86,2767100,10712730.0,0.5181,0.3343,1,0,none,baostock,query_history_k_data_plus
600310,SHSE.600310,,SH,A股-上交所,2020-06-18,3.84,3.85,3.8,3.84,3.82,2479730,9496674.0,0.5236,0.2996,1,0,none,baostock,query_history_k_data_plus
600310,SHSE.600310,,SH,A股-上交所,2020-06-19,3.86,3.87,3.82,3.86,3.84,3540213,13606645.0,0.5208,0.4277,1,0,none,baostock,query_history_k_data_plus
600310,SHSE.600310,,SH,A股-上交所,2020-06-22,3.86,3.95,3.85,3.88,3.86,4301665,16779989.0,0.5181,0.5197,1,0,none,baostock,query_history_k_data_plus
600310,SHSE.600310,,SH,A股-上交所,2020-06-23,3.88,3.91,3.86,3.89,3.88,2965018,11523601.0,0.2577,0.3582,1,0,none,baostock,query_history_k_data_plus
600310,SHSE.600310,,SH,A股-上交所,2020-06-24,3.88,3.9,3.86,3.89,3.89,2187703,8489225.0,0.0,0.2643,1,0,none,baostock,query_history_k_data_plus
600310,SHSE.600310,,SH,A股-上交所,2020-06-29,3.89,3.89,3.81,3.83,3.89,3514310,13509543.0,-1.5424,0.4245,1,0,none,baostock,query_history_k_data_plus
600310,SHSE.600310,,SH,A股-上交所,2020-06-30,3.84,3.88,3.83,3.84,3.83,3260006,12563312.0,0.2611,0.3938,1,0,none,baostock,query_history_k_data_plus
600310,SHSE.600310,,SH,A股-上交所,2020-07-01,3.95,3.95,3.84,3.87,3.84,4601691,17818832.0,0.7812,0.5559,1,0,none,baostock,query_history_k_data_plus
600310,SHSE.600310,,SH,A股-上交所,2020-07-02,3.86,4.24,3.85,4.06,3.87,13692553,54463008.0,4.9096,1.6541,1,0,none,baostock,query_history_k_data_plus
600310,SHSE.600310,,SH,A股-上交所,2020-07-03,4.1,4.18,4.04,4.13,4.06,18631222,76335118.0,1.7241,2.2508,1,0,none,baostock,query_history_k_data_plus
600310,SHSE.600310,,SH,A股-上交所,2020-07-06,4.27,4.46,4.18,4.39,4.13,31742607,136612549.0,6.2954,3.8347,1,0,none,baostock,query_history_k_data_plus
600310,SHSE.600310,,SH,A股-上交所,2020-07-07,4.39,4.49,4.35,4.35,4.39,27234103,120091305.0,-0.9112,3.29,1,0,none,baostock,query_history_k_data_plus
600310,SHSE.600310,,SH,A股-上交所,2020-07-08,4.34,4.48,4.29,4.46,4.35,16786521,74033086.0,2.5287,2.0279,1,0,none,baostock,query_history_k_data_plus
600310,SHSE.600310,,SH,A股-上交所,2020-07-09,4.44,4.52,4.36,4.4,4.46,16295930,72029142.0,-1.3453,1.9686,1,0,none,baostock,query_history_k_data_plus
600310,SHSE.600310,,SH,A股-上交所,2020-07-10,4.39,4.43,4.3,4.3,4.4,12606590,54917490.0,-2.2727,1.5229,1,0,none,baostock,query_history_k_data_plus
600310,SHSE.600310,,SH,A股-上交所,2020-07-13,4.35,4.44,4.31,4.41,4.3,11310698,49588612.0,2.5581,1.3664,1,0,none,baostock,query_history_k_data_plus
600310,SHSE.600310,,SH,A股-上交所,2020-07-14,4.41,4.45,4.31,4.37,4.41,9427285,41256804.0,-0.907,1.1389,1,0,none,baostock,query_history_k_data_plus
600310,SHSE.600310,,SH,A股-上交所,2020-07-15,4.39,4.41,4.26,4.3,4.37,10453085,45274822.0,-1.6018,1.2628,1,0,none,baostock,query_history_k_data_plus
600310,SHSE.600310,,SH,A股-上交所,2020-07-16,4.3,4.39,4.13,4.16,4.3,9907899,42417373.0,-3.2558,1.1969,1,0,none,baostock,query_history_k_data_plus
600310,SHSE.600310,,SH,A股-上交所,2020-07-17,4.18,4.19,3.98,4.08,4.16,8517865,34792206.0,-1.9231,1.029,1,0,none,baostock,query_history_k_data_plus
600310,SHSE.600310,,SH,A股-上交所,2020-07-20,4.1,4.26,4.1,4.23,4.08,7868547,33020289.0,3.6765,0.9506,1,0,none,baostock,query_history_k_data_plus
600310,SHSE.600310,,SH,A股-上交所,2020-07-21,4.28,4.29,4.18,4.2,4.23,4248718,17975506.73,-0.7092,0.5133,1,0,none,baostock,query_history_k_data_plus
600310,SHSE.600310,,SH,A股-上交所,2020-07-22,4.18,4.25,4.14,4.15,4.2,5074695,21271183.05,-1.1905,0.6131,1,0,none,baostock,query_history_k_data_plus
600310,SHSE.600310,,SH,A股-上交所,2020-07-23,4.15,4.15,4.02,4.1,4.15,6567800,26858520.0,-1.2048,0.7934,1,0,none,baostock,query_history_k_data_plus
600310,SHSE.600310,,SH,A股-上交所,2020-07-24,4.11,4.19,3.96,3.98,4.1,6872251,27851955.65,-2.9268,0.8302,1,0,none,baostock,query_history_k_data_plus
600310,SHSE.600310,,SH,A股-上交所,2020-07-27,4.0,4.02,3.91,3.96,3.98,4550951,17982469.94,-0.5025,0.5498,1,0,none,baostock,query_history_k_data_plus
600310,SHSE.600310,,SH,A股-上交所,2020-07-28,3.96,4.15,3.96,4.13,3.96,8045647,32900124.3,4.2929,0.972,1,0,none,baostock,query_history_k_data_plus
600310,SHSE.600310,,SH,A股-上交所,2020-07-29,4.25,4.28,4.06,4.14,4.13,9659849,39887248.88,0.2421,1.167,1,0,none,baostock,query_history_k_data_plus
600310,SHSE.600310,,SH,A股-上交所,2020-07-30,4.13,4.16,4.07,4.09,4.14,5709096,23411224.64,-1.2077,0.6897,1,0,none,baostock,query_history_k_data_plus
600310,SHSE.600310,,SH,A股-上交所,2020-07-31,4.09,4.12,4.03,4.08,4.09,4953661,20221906.64,-0.2445,0.5984,1,0,none,baostock,query_history_k_data_plus
600310,SHSE.600310,,SH,A股-上交所,2020-08-03,4.1,4.15,4.08,4.15,4.08,9141961,37744543.76,1.7157,1.1044,1,0,none,baostock,query_history_k_data_plus
600310,SHSE.600310,,SH,A股-上交所,2020-08-04,4.15,4.18,4.11,4.15,4.15,7604811,31472456.91,0.0,0.9187,1,0,none,baostock,query_history_k_data_plus
600310,SHSE.600310,,SH,A股-上交所,2020-08-05,4.13,4.14,4.09,4.09,4.15,4909700,20149744.0,-1.4458,0.5931,1,0,none,baostock,query_history_k_data_plus
600310,SHSE.600310,,SH,A股-上交所,2020-08-06,4.11,4.12,4.02,4.08,4.09,5495632,22348258.74,-0.2445,0.6639,1,0,none,baostock,query_history_k_data_plus
600310,SHSE.600310,,SH,A股-上交所,2020-08-07,4.08,4.08,3.95,4.0,4.08,6921700,27650417.17,-1.9608,0.8362,1,0,none,baostock,query_history_k_data_plus
600310,SHSE.600310,,SH,A股-上交所,2020-08-10,3.99,4.06,3.96,4.04,4.0,4614973,18603428.44,1.0,0.5575,1,0,none,baostock,query_history_k_data_plus
600310,SHSE.600310,,SH,A股-上交所,2020-08-11,4.04,4.1,3.96,3.98,4.04,5537688,22335731.45,-1.4851,0.669,1,0,none,baostock,query_history_k_data_plus
600310,SHSE.600310,,SH,A股-上交所,2020-08-12,3.98,3.99,3.9,3.98,3.98,5684100,22388840.0,0.0,0.6867,1,0,none,baostock,query_history_k_data_plus
600310,SHSE.600310,,SH,A股-上交所,2020-08-13,3.98,4.05,3.96,4.03,3.98,4569653,18387344.53,1.2563,0.552,1,0,none,baostock,query_history_k_data_plus
600310,SHSE.600310,,SH,A股-上交所,2020-08-14,4.03,4.06,3.98,4.03,4.03,4041992,16250832.68,0.0,0.4883,1,0,none,baostock,query_history_k_data_plus
600310,SHSE.600310,,SH,A股-上交所,2020-08-17,4.03,4.11,4.02,4.07,4.03,6318800,25750123.65,0.9926,0.7633,1,0,none,baostock,query_history_k_data_plus
600310,SHSE.600310,,SH,A股-上交所,2020-08-18,4.1,4.1,4.04,4.07,4.07,4856794,19756428.08,0.0,0.5867,1,0,none,baostock,query_history_k_data_plus
600310,SHSE.600310,,SH,A股-上交所,2020-08-19,4.07,4.48,4.01,4.48,4.07,20451263,88810822.24,10.0737,2.4706,1,0,none,baostock,query_history_k_data_plus
600310,SHSE.600310,,SH,A股-上交所,2020-08-20,4.75,4.93,4.61,4.93,4.48,64275001,313763570.67,10.0446,7.7648,1,0,none,baostock,query_history_k_data_plus
600310,SHSE.600310,,SH,A股-上交所,2020-08-21,4.8,5.05,4.54,4.66,4.93,78815982,373203422.43,-5.4767,9.5214,1,0,none,baostock,query_history_k_data_plus
600310,SHSE.600310,,SH,A股-上交所,2020-08-24,4.55,4.61,4.31,4.44,4.66,47803024,211432885.86,-4.721,5.7749,1,0,none,baostock,query_history_k_data_plus
600310,SHSE.600310,,SH,A股-上交所,2020-08-25,4.42,4.43,4.24,4.28,4.44,35689813,154187374.5,-3.6036,4.3115,1,0,none,baostock,query_history_k_data_plus
600310,SHSE.600310,,SH,A股-上交所,2020-08-26,4.26,4.26,4.11,4.13,4.28,22417458,93566142.78,-3.5047,2.7082,1,0,none,baostock,query_history_k_data_plus
600310,SHSE.600310,,SH,A股-上交所,2020-08-27,4.13,4.17,4.09,4.15,4.13,13755665,56849338.76,0.4843,1.6618,1,0,none,baostock,query_history_k_data_plus
600310,SHSE.600310,,SH,A股-上交所,2020-08-28,4.13,4.15,4.05,4.14,4.15,13472678,55252831.21,-0.241,1.6276,1,0,none,baostock,query_history_k_data_plus
600310,SHSE.600310,,SH,A股-上交所,2020-08-31,4.14,4.17,4.08,4.08,4.14,11040265,45606472.6,-1.4493,1.3337,1,0,none,baostock,query_history_k_data_plus
600310,SHSE.600310,,SH,A股-上交所,2020-09-01,4.09,4.11,4.05,4.1,4.08,7594500,30978647.0,0.4902,0.9175,1,0,none,baostock,query_history_k_data_plus
600310,SHSE.600310,,SH,A股-上交所,2020-09-02,4.11,4.12,4.05,4.07,4.1,9176495,37383555.65,-0.7317,1.1086,1,0,none,baostock,query_history_k_data_plus
600310,SHSE.600310,,SH,A股-上交所,2020-09-03,4.11,4.14,4.06,4.09,4.07,10733598,44084112.76,0.4914,1.2967,1,0,none,baostock,query_history_k_data_plus
600310,SHSE.600310,,SH,A股-上交所,2020-09-04,4.01,4.08,4.0,4.07,4.09,6802539,27540818.88,-0.489,0.8218,1,0,none,baostock,query_history_k_data_plus
600310,SHSE.600310,,SH,A股-上交所,2020-09-07,4.06,4.09,4.01,4.02,4.07,7105689,28772023.93,-1.2285,0.8584,1,0,none,baostock,query_history_k_data_plus
600310,SHSE.600310,,SH,A股-上交所,2020-09-08,4.02,4.14,4.0,4.09,4.02,7884901,32052460.28,1.7413,0.9525,1,0,none,baostock,query_history_k_data_plus
600310,SHSE.600310,,SH,A股-上交所,2020-09-09,4.07,4.13,4.05,4.09,4.09,9488094,38904904.51,0.0,1.1462,1,0,none,baostock,query_history_k_data_plus
600310,SHSE.600310,,SH,A股-上交所,2020-09-10,4.16,4.19,4.03,4.07,4.09,11663472,47930838.13,-0.489,1.409,1,0,none,baostock,query_history_k_data_plus
600310,SHSE.600310,,SH,A股-上交所,2020-09-11,4.04,4.11,4.02,4.1,4.07,5188533,21071036.65,0.7371,0.6268,1,0,none,baostock,query_history_k_data_plus
600310,SHSE.600310,,SH,A股-上交所,2020-09-14,4.12,4.17,4.09,4.13,4.1,5856700,24064518.0,0.7317,0.7075,1,0,none,baostock,query_history_k_data_plus
600310,SHSE.600310,,SH,A股-上交所,2020-09-15,4.13,4.14,4.04,4.08,4.13,7342500,29981123.0,-1.2107,0.887,1,0,none,baostock,query_history_k_data_plus
600310,SHSE.600310,,SH,A股-上交所,2020-09-16,4.08,4.08,4.08,4.08,4.08,0,0.0,0.0,,0,0,none,baostock,query_history_k_data_plus
600310,SHSE.600310,,SH,A股-上交所,2020-09-17,4.19,4.24,4.12,4.19,4.08,18358331,76519288.89,2.6961,2.2178,1,0,none,baostock,query_history_k_data_plus
600310,SHSE.600310,,SH,A股-上交所,2020-09-18,4.15,4.18,4.09,4.16,4.19,9839841,40640332.0,-0.716,1.1887,1,0,none,baostock,query_history_k_data_plus
600310,SHSE.600310,,SH,A股-上交所,2020-09-21,4.18,4.18,4.1,4.12,4.16,6922020,28604859.8,-0.9615,0.8362,1,0,none,baostock,query_history_k_data_plus
600310,SHSE.600310,,SH,A股-上交所,2020-09-22,4.08,4.15,4.05,4.07,4.12,6713428,27409635.4,-1.2136,0.811,1,0,none,baostock,query_history_k_data_plus
600310,SHSE.600310,,SH,A股-上交所,2020-09-23,4.07,4.08,4.04,4.06,4.07,4266100,17291480.0,-0.2457,0.5154,1,0,none,baostock,query_history_k_data_plus
600310,SHSE.600310,,SH,A股-上交所,2020-09-24,4.05,4.05,3.98,3.98,4.06,6393026,25626552.78,-1.9704,0.7723,1,0,none,baostock,query_history_k_data_plus
600310,SHSE.600310,,SH,A股-上交所,2020-09-25,4.0,4.0,3.92,3.94,3.98,4696426,18549103.92,-1.005,0.5674,1,0,none,baostock,query_history_k_data_plus
600310,SHSE.600310,,SH,A股-上交所,2020-09-28,3.94,3.95,3.87,3.89,3.94,3205465,12536787.3,-1.269,0.3872,1,0,none,baostock,query_history_k_data_plus
600310,SHSE.600310,,SH,A股-上交所,2020-09-29,3.91,3.92,3.88,3.88,3.89,2210365,8613632.5,-0.2571,0.267,1,0,none,baostock,query_history_k_data_plus
600310,SHSE.600310,,SH,A股-上交所,2020-09-30,3.89,3.92,3.86,3.88,3.88,2486957,9685518.73,0.0,0.3004,1,0,none,baostock,query_history_k_data_plus
600310,SHSE.600310,,SH,A股-上交所,2020-10-09,3.92,3.99,3.92,3.97,3.88,3186192,12631853.99,2.3196,0.3849,1,0,none,baostock,query_history_k_data_plus
600310,SHSE.600310,,SH,A股-上交所,2020-10-12,3.97,4.06,3.97,4.05,3.97,6210904,25084581.5,2.0151,0.7503,1,0,none,baostock,query_history_k_data_plus
600310,SHSE.600310,,SH,A股-上交所,2020-10-13,4.05,4.07,4.01,4.05,4.05,5060056,20472974.56,0.0,0.6113,1,0,none,baostock,query_history_k_data_plus
600310,SHSE.600310,,SH,A股-上交所,2020-10-14,4.06,4.06,4.02,4.04,4.05,2239700,9038090.8,-0.2469,0.2706,1,0,none,baostock,query_history_k_data_plus
600310,SHSE.600310,,SH,A股-上交所,2020-10-15,4.03,4.05,4.01,4.03,4.04,1962800,7904657.0,-0.2475,0.2371,1,0,none,baostock,query_history_k_data_plus
600310,SHSE.600310,,SH,A股-上交所,2020-10-16,4.01,4.05,4.0,4.01,4.03,2590000,10420222.0,-0.4963,0.3129,1,0,none,baostock,query_history_k_data_plus
600310,SHSE.600310,,SH,A股-上交所,2020-10-19,4.0,4.06,4.0,4.04,4.01,3603550,14550934.0,0.7481,0.4353,1,0,none,baostock,query_history_k_data_plus
600310,SHSE.600310,,SH,A股-上交所,2020-10-20,4.03,4.04,4.0,4.03,4.04,2719083,10933566.66,-0.2475,0.3285,1,0,none,baostock,query_history_k_data_plus
600310,SHSE.600310,,SH,A股-上交所,2020-10-21,4.04,4.04,3.94,3.96,4.03,3415644,13569702.8,-1.737,0.4126,1,0,none,baostock,query_history_k_data_plus
600310,SHSE.600310,,SH,A股-上交所,2020-10-22,3.93,3.95,3.9,3.91,3.96,3436843,13463859.59,-1.2626,0.4152,1,0,none,baostock,query_history_k_data_plus
600310,SHSE.600310,,SH,A股-上交所,2020-10-23,3.92,3.94,3.91,3.92,3.91,1808247,7086708.8,0.2558,0.2184,1,0,none,baostock,query_history_k_data_plus
600310,SHSE.600310,,SH,A股-上交所,2020-10-26,3.92,3.92,3.86,3.88,3.92,3099770,12042915.08,-1.0204,0.3745,1,0,none,baostock,query_history_k_data_plus
600310,SHSE.600310,,SH,A股-上交所,2020-10-27,3.9,3.91,3.86,3.89,3.88,2245000,8733026.0,0.2577,0.2712,1,0,none,baostock,query_history_k_data_plus
600310,SHSE.600310,,SH,A股-上交所,2020-10-28,3.87,3.96,3.86,3.94,3.89,3377763,13222471.15,1.2853,0.4081,1,0,none,baostock,query_history_k_data_plus
600310,SHSE.600310,,SH,A股-上交所,2020-10-29,3.92,3.94,3.9,3.91,3.94,2347627,9188125.46,-0.7614,0.2836,1,0,none,baostock,query_history_k_data_plus
600310,SHSE.600310,,SH,A股-上交所,2020-10-30,3.91,3.91,3.77,3.79,3.91,4845100,18620575.0,-3.0691,0.5853,1,0,none,baostock,query_history_k_data_plus
600310,SHSE.600310,,SH,A股-上交所,2020-11-02,3.8,3.8,3.71,3.72,3.79,3876101,14522218.29,-1.847,0.4683,1,0,none,baostock,query_history_k_data_plus
600310,SHSE.600310,,SH,A股-上交所,2020-11-03,3.72,3.81,3.72,3.8,3.72,2576041,9736240.75,2.1505,0.3112,1,0,none,baostock,query_history_k_data_plus
600310,SHSE.600310,,SH,A股-上交所,2020-11-04,3.79,3.83,3.76,3.81,3.8,2771429,10546119.78,0.2632,0.3348,1,0,none,baostock,query_history_k_data_plus
600310,SHSE.600310,,SH,A股-上交所,2020-11-05,3.83,3.85,3.8,3.83,3.81,3663620,14000270.2,0.5249,0.4426,1,0,none,baostock,query_history_k_data_plus
600310,SHSE.600310,,SH,A股-上交所,2020-11-06,3.84,3.84,3.81,3.82,3.83,2528075,9656765.95,-0.2611,0.3054,1,0,none,baostock,query_history_k_data_plus
600310,SHSE.600310,,SH,A股-上交所,2020-11-09,3.83,3.88,3.83,3.87,3.82,4298900,16586134.0,1.3089,0.5193,1,0,none,baostock,query_history_k_data_plus
600310,SHSE.600310,,SH,A股-上交所,2020-11-10,3.89,3.91,3.84,3.85,3.87,3698900,14344983.0,-0.5168,0.4468,1,0,none,baostock,query_history_k_data_plus
600310,SHSE.600310,,SH,A股-上交所,2020-11-11,3.85,3.97,3.84,3.88,3.85,4839153,18858643.74,0.7792,0.5846,1,0,none,baostock,query_history_k_data_plus
600310,SHSE.600310,,SH,A股-上交所,2020-11-12,3.86,3.94,3.86,3.89,3.88,3550900,13827347.0,0.2577,0.429,1,0,none,baostock,query_history_k_data_plus
600310,SHSE.600310,,SH,A股-上交所,2020-11-13,3.87,3.9,3.84,3.89,3.89,3851037,14891770.45,0.0,0.4652,1,0,none,baostock,query_history_k_data_plus
600310,SHSE.600310,,SH,A股-上交所,2020-11-16,3.92,3.98,3.87,3.97,3.89,6858094,27006566.48,2.0566,0.8285,1,0,none,baostock,query_history_k_data_plus
600310,SHSE.600310,,SH,A股-上交所,2020-11-17,3.97,4.08,3.97,4.02,3.97,8643142,34753770.44,1.2594,1.0441,1,0,none,baostock,query_history_k_data_plus
600310,SHSE.600310,,SH,A股-上交所,2020-11-18,4.0,4.04,3.98,3.99,4.02,3741632,14988096.4,-0.7463,0.452,1,0,none,baostock,query_history_k_data_plus
600310,SHSE.600310,,SH,A股-上交所,2020-11-19,4.0,4.01,3.95,3.96,3.99,3474220,13797755.2,-0.7519,0.4197,1,0,none,baostock,query_history_k_data_plus
600310,SHSE.600310,,SH,A股-上交所,2020-11-20,3.95,3.97,3.9,3.95,3.96,4030341,15842191.16,-0.2525,0.4869,1,0,none,baostock,query_history_k_data_plus
600310,SHSE.600310,,SH,A股-上交所,2020-11-23,3.96,4.02,3.94,4.01,3.95,5153250,20564214.5,1.519,0.6225,1,0,none,baostock,query_history_k_data_plus
600310,SHSE.600310,,SH,A股-上交所,2020-11-24,4.02,4.03,3.98,4.0,4.01,4035276,16145760.48,-0.2494,0.4875,1,0,none,baostock,query_history_k_data_plus
600310,SHSE.600310,,SH,A股-上交所,2020-11-25,4.03,4.13,4.01,4.06,4.0,10450453,42510214.38,1.5,1.2625,1,0,none,baostock,query_history_k_data_plus
600310,SHSE.600310,,SH,A股-上交所,2020-11-26,4.05,4.37,4.04,4.28,4.06,29134538,123287573.78,5.4187,3.5196,1,0,none,baostock,query_history_k_data_plus
600310,SHSE.600310,,SH,A股-上交所,2020-11-27,4.25,4.26,4.08,4.2,4.28,15226872,63159229.36,-1.8692,1.8395,1,0,none,baostock,query_history_k_data_plus
600310,SHSE.600310,,SH,A股-上交所,2020-11-30,4.15,4.19,4.1,4.13,4.2,8884100,36815012.0,-1.6667,1.0733,1,0,none,baostock,query_history_k_data_plus
600310,SHSE.600310,,SH,A股-上交所,2020-12-01,4.13,4.14,4.04,4.1,4.13,12935350,52803656.1,-0.7264,1.5627,1,0,none,baostock,query_history_k_data_plus
600310,SHSE.600310,,SH,A股-上交所,2020-12-02,4.09,4.12,4.03,4.08,4.1,7673044,31285704.08,-0.4878,0.9269,1,0,none,baostock,query_history_k_data_plus
600310,SHSE.600310,,SH,A股-上交所,2020-12-03,4.08,4.16,4.06,4.12,4.08,7946088,32631920.2,0.9804,0.9599,1,0,none,baostock,query_history_k_data_plus
600310,SHSE.600310,,SH,A股-上交所,2020-12-04,4.08,4.1,4.0,4.04,4.12,6885306,27833373.18,-1.9417,0.8318,1,0,none,baostock,query_history_k_data_plus
600310,SHSE.600310,,SH,A股-上交所,2020-12-07,4.03,4.08,4.01,4.06,4.04,4398819,17760608.38,0.495,0.5314,1,0,none,baostock,query_history_k_data_plus
600310,SHSE.600310,,SH,A股-上交所,2020-12-08,4.05,4.07,4.01,4.05,4.06,4209300,16994585.0,-0.2463,0.5085,1,0,none,baostock,query_history_k_data_plus
600310,SHSE.600310,,SH,A股-上交所,2020-12-09,4.06,4.06,3.9,3.91,4.05,5952965,23642845.5,-3.4568,0.7192,1,0,none,baostock,query_history_k_data_plus
600310,SHSE.600310,,SH,A股-上交所,2020-12-10,3.9,3.92,3.85,3.89,3.91,4973200,19368485.0,-0.5115,0.6008,1,0,none,baostock,query_history_k_data_plus
600310,SHSE.600310,,SH,A股-上交所,2020-12-11,3.88,3.91,3.78,3.78,3.89,7436100,28392410.0,-2.8278,0.8983,1,0,none,baostock,query_history_k_data_plus
600310,SHSE.600310,,SH,A股-上交所,2020-12-14,3.79,3.88,3.78,3.87,3.78,3768326,14507171.4,2.381,0.4552,1,0,none,baostock,query_history_k_data_plus
600310,SHSE.600310,,SH,A股-上交所,2020-12-15,3.87,3.91,3.82,3.89,3.87,3967577,15350286.19,0.5168,0.4793,1,0,none,baostock,query_history_k_data_plus
600310,SHSE.600310,,SH,A股-上交所,2020-12-16,3.88,3.91,3.83,3.85,3.89,2475080,9563176.2,-1.0283,0.299,1,0,none,baostock,query_history_k_data_plus
600310,SHSE.600310,,SH,A股-上交所,2020-12-17,3.84,4.04,3.8,4.01,3.85,9174586,36068719.22,4.1558,1.1083,1,0,none,baostock,query_history_k_data_plus
600310,SHSE.600310,,SH,A股-上交所,2020-12-18,4.0,4.14,3.99,4.0,4.01,13461798,54595223.94,-0.2494,1.6263,1,0,none,baostock,query_history_k_data_plus
600310,SHSE.600310,,SH,A股-上交所,2020-12-21,3.98,4.08,3.93,4.08,4.0,10327137,41691534.58,2.0,1.2476,1,0,none,baostock,query_history_k_data_plus
600310,SHSE.600310,,SH,A股-上交所,2020-12-22,4.06,4.1,3.97,3.99,4.08,7426561,29931692.24,-2.2059,0.8972,1,0,none,baostock,query_history_k_data_plus
600310,SHSE.600310,,SH,A股-上交所,2020-12-23,3.99,4.18,3.99,4.16,3.99,20814344,85666801.4,4.2607,2.5145,1,0,none,baostock,query_history_k_data_plus
600310,SHSE.600310,,SH,A股-上交所,2020-12-24,4.16,4.25,4.08,4.13,4.16,13211112,54773986.06,-0.7212,1.596,1,0,none,baostock,query_history_k_data_plus
600310,SHSE.600310,,SH,A股-上交所,2020-12-25,4.11,4.35,4.07,4.23,4.13,33085615,140535266.93,2.4213,3.9969,1,0,none,baostock,query_history_k_data_plus
600310,SHSE.600310,,SH,A股-上交所,2020-12-28,4.25,4.36,4.2,4.3,4.23,26783422,114501668.77,1.6548,3.2356,1,0,none,baostock,query_history_k_data_plus
600310,SHSE.600310,,SH,A股-上交所,2020-12-29,4.31,4.31,4.05,4.12,4.3,20992393,86779882.58,-4.186,2.536,1,0,none,baostock,query_history_k_data_plus
600310,SHSE.600310,,SH,A股-上交所,2020-12-30,4.11,4.53,4.07,4.53,4.12,16999495,75556893.35,9.9515,2.0536,1,0,none,baostock,query_history_k_data_plus
600310,SHSE.600310,,SH,A股-上交所,2020-12-31,4.66,4.86,4.42,4.57,4.53,65482003,301684757.3,0.883,7.9106,1,0,none,baostock,query_history_k_data_plus
600310,SHSE.600310,,SH,A股-上交所,2021-01-04,4.5,4.55,4.37,4.47,4.57,38992209,172650138.69,-2.1882,4.7105,1,0,none,baostock,query_history_k_data_plus
600310,SHSE.600310,,SH,A股-上交所,2021-01-05,4.4,4.4,4.17,4.2,4.47,31178775,132363239.1,-6.0403,3.7666,1,0,none,baostock,query_history_k_data_plus
600310,SHSE.600310,,SH,A股-上交所,2021-01-06,4.15,4.38,4.12,4.32,4.2,27479323,116903185.58,2.8571,3.3197,1,0,none,baostock,query_history_k_data_plus
600310,SHSE.600310,,SH,A股-上交所,2021-01-07,4.23,4.27,4.05,4.06,4.32,23505335,97092925.2,-6.0185,2.8396,1,0,none,baostock,query_history_k_data_plus
600310,SHSE.600310,,SH,A股-上交所,2021-01-08,4.0,4.03,3.86,3.94,4.06,15724981,61795419.61,-2.9557,1.8997,1,0,none,baostock,query_history_k_data_plus
600310,SHSE.600310,,SH,A股-上交所,2021-01-11,3.9,3.93,3.83,3.84,3.94,12402986,48033239.09,-2.5381,1.4984,1,0,none,baostock,query_history_k_data_plus
600310,SHSE.600310,,SH,A股-上交所,2021-01-12,3.82,3.89,3.8,3.87,3.84,7618870,29398502.95,0.7813,0.9204,1,0,none,baostock,query_history_k_data_plus
600310,SHSE.600310,,SH,A股-上交所,2021-01-13,3.87,3.89,3.8,3.85,3.87,7034279,26996862.05,-0.5168,0.8498,1,0,none,baostock,query_history_k_data_plus
600310,SHSE.600310,,SH,A股-上交所,2021-01-14,3.86,3.88,3.81,3.88,3.85,5799719,22319987.46,0.7792,0.7006,1,0,none,baostock,query_history_k_data_plus
600310,SHSE.600310,,SH,A股-上交所,2021-01-15,3.85,3.91,3.85,3.9,3.88,5531397,21477150.72,0.5155,0.6682,1,0,none,baostock,query_history_k_data_plus
600310,SHSE.600310,,SH,A股-上交所,2021-01-18,3.9,3.93,3.88,3.9,3.9,6552600,25597658.0,0.0,0.7916,1,0,none,baostock,query_history_k_data_plus
600310,SHSE.600310,,SH,A股-上交所,2021-01-19,3.9,3.91,3.87,3.88,3.9,5018356,19509467.62,-0.5128,0.6062,1,0,none,baostock,query_history_k_data_plus
600310,SHSE.600310,,SH,A股-上交所,2021-01-20,3.88,3.9,3.83,3.86,3.88,4750635,18314252.19,-0.5155,0.5739,1,0,none,baostock,query_history_k_data_plus
600310,SHSE.600310,,SH,A股-上交所,2021-01-21,3.85,3.88,3.81,3.86,3.86,6185974,23761620.64,0.0,0.7473,1,0,none,baostock,query_history_k_data_plus
600310,SHSE.600310,,SH,A股-上交所,2021-01-22,3.84,3.86,3.78,3.79,3.86,7778068,29639950.76,-1.8135,0.9396,1,0,none,baostock,query_history_k_data_plus
600310,SHSE.600310,,SH,A股-上交所,2021-01-25,3.78,3.78,3.73,3.75,3.79,5698444,21369090.13,-1.0554,0.6884,1,0,none,baostock,query_history_k_data_plus
600310,SHSE.600310,,SH,A股-上交所,2021-01-26,3.75,3.75,3.71,3.71,3.75,4055843,15089656.39,-1.0667,0.49,1,0,none,baostock,query_history_k_data_plus
600310,SHSE.600310,,SH,A股-上交所,2021-01-27,3.7,3.74,3.7,3.73,3.71,2964515,11055500.15,0.5391,0.3581,1,0,none,baostock,query_history_k_data_plus
600310,SHSE.600310,,SH,A股-上交所,2021-01-28,3.71,3.75,3.7,3.7,3.73,3180854,11829532.34,-0.8043,0.3843,1,0,none,baostock,query_history_k_data_plus
600310,SHSE.600310,,SH,A股-上交所,2021-01-29,3.72,3.76,3.7,3.74,3.7,4834300,18027905.68,1.0811,0.584,1,0,none,baostock,query_history_k_data_plus
600310,SHSE.600310,,SH,A股-上交所,2021-02-01,3.71,3.84,3.71,3.81,3.74,5155932,19458675.68,1.8717,0.6229,1,0,none,baostock,query_history_k_data_plus
600310,SHSE.600310,,SH,A股-上交所,2021-02-02,3.78,3.82,3.77,3.79,3.81,2953168,11191762.04,-0.5249,0.3568,1,0,none,baostock,query_history_k_data_plus
600310,SHSE.600310,,SH,A股-上交所,2021-02-03,3.78,3.79,3.72,3.75,3.79,2829500,10615496.0,-1.0554,0.3418,1,0,none,baostock,query_history_k_data_plus
600310,SHSE.600310,,SH,A股-上交所,2021-02-04,3.75,3.75,3.6,3.62,3.75,5433632,19859201.16,-3.4667,0.6564,1,0,none,baostock,query_history_k_data_plus
600310,SHSE.600310,,SH,A股-上交所,2021-02-05,3.62,3.66,3.61,3.63,3.62,2898700,10531218.0,0.2762,0.3502,1,0,none,baostock,query_history_k_data_plus
600310,SHSE.600310,,SH,A股-上交所,2021-02-08,3.63,3.69,3.63,3.67,3.63,2957864,10872966.62,1.1019,0.3573,1,0,none,baostock,query_history_k_data_plus
600310,SHSE.600310,,SH,A股-上交所,2021-02-09,3.68,3.76,3.68,3.73,3.67,2778700,10374143.0,1.6349,0.3357,1,0,none,baostock,query_history_k_data_plus
600310,SHSE.600310,,SH,A股-上交所,2021-02-10,3.73,3.8,3.72,3.79,3.73,2532700,9563645.0,1.6086,0.306,1,0,none,baostock,query_history_k_data_plus
600310,SHSE.600310,,SH,A股-上交所,2021-02-18,3.86,3.87,3.81,3.82,3.79,2947979,11283889.99,0.7916,0.3561,1,0,none,baostock,query_history_k_data_plus
600310,SHSE.600310,,SH,A股-上交所,2021-02-19,3.81,3.87,3.79,3.87,3.82,4252498,16344946.26,1.3089,0.5137,1,0,none,baostock,query_history_k_data_plus
600310,SHSE.600310,,SH,A股-上交所,2021-02-22,3.88,4.0,3.85,3.93,3.87,9509961,37319946.39,1.5504,1.1489,1,0,none,baostock,query_history_k_data_plus
600310,SHSE.600310,,SH,A股-上交所,2021-02-23,3.92,4.04,3.91,3.97,3.93,6750595,26817773.25,1.0178,0.8155,1,0,none,baostock,query_history_k_data_plus
600310,SHSE.600310,,SH,A股-上交所,2021-02-24,3.97,4.04,3.88,3.96,3.97,7341300,29047769.0,-0.2519,0.8869,1,0,none,baostock,query_history_k_data_plus
600310,SHSE.600310,,SH,A股-上交所,2021-02-25,3.98,4.01,3.94,3.95,3.96,4172800,16571404.52,-0.2525,0.5041,1,0,none,baostock,query_history_k_data_plus
600310,SHSE.600310,,SH,A股-上交所,2021-02-26,3.92,3.97,3.89,3.95,3.95,4969103,19565699.79,0.0,0.6003,1,0,none,baostock,query_history_k_data_plus
600310,SHSE.600310,,SH,A股-上交所,2021-03-01,3.96,3.99,3.93,3.96,3.95,4332879,17096163.05,0.2532,0.5234,1,0,none,baostock,query_history_k_data_plus
600310,SHSE.600310,,SH,A股-上交所,2021-03-02,3.96,4.09,3.95,4.02,3.96,10448444,42154615.02,1.5152,1.2622,1,0,none,baostock,query_history_k_data_plus
600310,SHSE.600310,,SH,A股-上交所,2021-03-03,4.0,4.08,3.96,4.07,4.02,7345941,29599362.82,1.2438,0.8874,1,0,none,baostock,query_history_k_data_plus
600310,SHSE.600310,,SH,A股-上交所,2021-03-04,4.06,4.1,4.02,4.05,4.07,6452953,26271989.18,-0.4914,0.7796,1,0,none,baostock,query_history_k_data_plus
600310,SHSE.600310,,SH,A股-上交所,2021-03-05,4.07,4.14,4.04,4.07,4.05,5824853,23758498.65,0.4938,0.7037,1,0,none,baostock,query_history_k_data_plus
600310,SHSE.600310,,SH,A股-上交所,2021-03-08,4.07,4.18,4.07,4.11,4.07,12453780,51270929.2,0.9828,1.5045,1,0,none,baostock,query_history_k_data_plus
600310,SHSE.600310,,SH,A股-上交所,2021-03-09,4.1,4.16,3.94,4.02,4.11,10034500,40735599.14,-2.1898,1.2122,1,0,none,baostock,query_history_k_data_plus
600310,SHSE.600310,,SH,A股-上交所,2021-03-10,4.03,4.18,4.0,4.13,4.02,13230226,54460805.26,2.7363,1.5983,1,0,none,baostock,query_history_k_data_plus
600310,SHSE.600310,,SH,A股-上交所,2021-03-11,4.13,4.23,4.09,4.23,4.13,17274915,72397422.7,2.4213,2.0869,1,0,none,baostock,query_history_k_data_plus
600310,SHSE.600310,,SH,A股-上交所,2021-03-12,4.24,4.55,4.19,4.29,4.23,33810578,146979706.47,1.4184,4.0845,1,0,none,baostock,query_history_k_data_plus
600310,SHSE.600310,,SH,A股-上交所,2021-03-15,4.28,4.36,4.21,4.25,4.29,22443042,95953962.22,-0.9324,2.7112,1,0,none,baostock,query_history_k_data_plus
600310,SHSE.600310,,SH,A股-上交所,2021-03-16,4.23,4.61,4.21,4.44,4.25,32229350,143124307.68,4.4706,3.8935,1,0,none,baostock,query_history_k_data_plus
600310,SHSE.600310,,SH,A股-上交所,2021-03-17,4.31,4.34,4.23,4.26,4.44,17659001,75398894.28,-4.0541,2.1333,1,0,none,baostock,query_history_k_data_plus
600310,SHSE.600310,,SH,A股-上交所,2021-03-18,4.25,4.45,4.21,4.36,4.26,23718234,103188123.83,2.3474,2.8653,1,0,none,baostock,query_history_k_data_plus
600310,SHSE.600310,,SH,A股-上交所,2021-03-19,4.3,4.55,4.25,4.44,4.36,26139115,115564829.49,1.8349,3.1578,1,0,none,baostock,query_history_k_data_plus
600310,SHSE.600310,,SH,A股-上交所,2021-03-22,4.51,4.68,4.47,4.63,4.44,35303230,161728216.06,4.2793,4.2648,1,0,none,baostock,query_history_k_data_plus
600310,SHSE.600310,,SH,A股-上交所,2021-03-23,4.57,4.57,4.36,4.42,4.63,24373483,108108638.9,-4.5356,2.9445,1,0,none,baostock,query_history_k_data_plus
600310,SHSE.600310,,SH,A股-上交所,2021-03-24,4.36,4.58,4.32,4.44,4.42,21542534,96440050.96,0.4525,2.6025,1,0,none,baostock,query_history_k_data_plus
600310,SHSE.600310,,SH,A股-上交所,2021-03-25,4.42,4.45,4.2,4.22,4.44,21532800,92005676.48,-4.955,2.6013,1,0,none,baostock,query_history_k_data_plus
600310,SHSE.600310,,SH,A股-上交所,2021-03-26,4.27,4.64,4.2,4.64,4.22,27525170,124762951.4,9.9526,3.3252,1,0,none,baostock,query_history_k_data_plus
600310,SHSE.600310,,SH,A股-上交所,2021-03-29,4.85,4.86,4.53,4.62,4.64,56475661,265429389.67,-0.431,6.8226,1,0,none,baostock,query_history_k_data_plus
600310,SHSE.600310,,SH,A股-上交所,2021-03-30,4.56,4.61,4.27,4.44,4.62,30425456,133940388.81,-3.8961,3.6756,1,0,none,baostock,query_history_k_data_plus
600310,SHSE.600310,,SH,A股-上交所,2021-03-31,4.41,4.64,4.36,4.55,4.44,30792579,139975113.82,2.4775,3.7199,1,0,none,baostock,query_history_k_data_plus
600310,SHSE.600310,,SH,A股-上交所,2021-04-01,4.57,4.8,4.38,4.73,4.55,44134355,205481599.45,3.956,5.3317,1,0,none,baostock,query_history_k_data_plus
600310,SHSE.600310,,SH,A股-上交所,2021-04-02,4.66,5.01,4.6,4.73,4.73,38578686,184296743.37,0.0,4.6605,1,0,none,baostock,query_history_k_data_plus
600310,SHSE.600310,,SH,A股-上交所,2021-04-06,4.72,5.0,4.67,4.91,4.73,39252113,191422826.94,3.8055,4.7419,1,0,none,baostock,query_history_k_data_plus
600310,SHSE.600310,,SH,A股-上交所,2021-04-07,4.84,5.03,4.76,4.86,4.91,36060868,176732054.55,-1.0183,4.3564,1,0,none,baostock,query_history_k_data_plus
600310,SHSE.600310,,SH,A股-上交所,2021-04-08,4.86,4.88,4.62,4.66,4.86,26289205,123237787.75,-4.1152,3.1759,1,0,none,baostock,query_history_k_data_plus
600310,SHSE.600310,,SH,A股-上交所,2021-04-09,4.7,4.83,4.55,4.61,4.66,25192054,117975795.54,-1.073,3.0433,1,0,none,baostock,query_history_k_data_plus
600310,SHSE.600310,,SH,A股-上交所,2021-04-12,4.64,5.07,4.61,5.07,4.61,36073777,174636729.63,9.9783,4.3579,1,0,none,baostock,query_history_k_data_plus
600310,SHSE.600310,,SH,A股-上交所,2021-04-13,4.97,5.09,4.77,4.87,5.07,50046928,244848001.88,-3.9448,6.046,1,0,none,baostock,query_history_k_data_plus
600310,SHSE.600310,,SH,A股-上交所,2021-04-14,4.76,4.83,4.7,4.74,4.87,22270833,105925775.91,-2.6694,2.6904,1,0,none,baostock,query_history_k_data_plus
600310,SHSE.600310,,SH,A股-上交所,2021-04-15,4.76,4.98,4.72,4.76,4.74,23126737,111426126.58,0.4219,2.7938,1,0,none,baostock,query_history_k_data_plus
600310,SHSE.600310,,SH,A股-上交所,2021-04-16,4.7,4.79,4.62,4.73,4.76,17806218,83851153.9,-0.6303,2.1511,1,0,none,baostock,query_history_k_data_plus
600310,SHSE.600310,,SH,A股-上交所,2021-04-19,4.73,4.74,4.56,4.6,4.73,20077500,92798551.62,-2.7484,2.4255,1,0,none,baostock,query_history_k_data_plus
600310,SHSE.600310,,SH,A股-上交所,2021-04-20,4.6,4.69,4.56,4.58,4.6,13711370,63180747.98,-0.4348,1.6564,1,0,none,baostock,query_history_k_data_plus
600310,SHSE.600310,,SH,A股-上交所,2021-04-21,4.5,4.51,4.29,4.32,4.58,20844530,90822609.9,-5.6769,2.5181,1,0,none,baostock,query_history_k_data_plus
600310,SHSE.600310,,SH,A股-上交所,2021-04-22,4.3,4.41,4.29,4.32,4.32,9321810,40529716.1,0.0,1.1261,1,0,none,baostock,query_history_k_data_plus
600310,SHSE.600310,,SH,A股-上交所,2021-04-23,4.33,4.35,4.25,4.25,4.32,7764060,33309950.4,-1.6204,0.9379,1,0,none,baostock,query_history_k_data_plus
600310,SHSE.600310,,SH,A股-上交所,2021-04-26,4.25,4.34,4.23,4.27,4.25,7593021,32577011.37,0.4706,0.9173,1,0,none,baostock,query_history_k_data_plus
600310,SHSE.600310,,SH,A股-上交所,2021-04-27,4.28,4.3,4.07,4.15,4.27,13384192,55390215.97,-2.8103,1.6169,1,0,none,baostock,query_history_k_data_plus
600310,SHSE.600310,,SH,A股-上交所,2021-04-28,4.13,4.23,4.13,4.18,4.15,5962990,24879513.67,0.7229,0.7204,1,0,none,baostock,query_history_k_data_plus
600310,SHSE.600310,,SH,A股-上交所,2021-04-29,4.05,4.23,3.98,4.19,4.18,11124830,46006037.35,0.2392,1.3439,1,0,none,baostock,query_history_k_data_plus
600310,SHSE.600310,,SH,A股-上交所,2021-04-30,4.2,4.21,4.08,4.18,4.19,9172243,37915911.33,-0.2387,1.1081,1,0,none,baostock,query_history_k_data_plus
600310,SHSE.600310,,SH,A股-上交所,2021-05-06,4.14,4.23,4.12,4.2,4.18,6215691,25973013.38,0.4785,0.7509,1,0,none,baostock,query_history_k_data_plus
600310,SHSE.600310,,SH,A股-上交所,2021-05-07,4.18,4.44,4.15,4.37,4.2,14871682,64276526.09,4.0476,1.7966,1,0,none,baostock,query_history_k_data_plus
600310,SHSE.600310,,SH,A股-上交所,2021-05-10,4.35,4.41,4.27,4.37,4.37,11228954,48823257.46,0.0,1.3565,1,0,none,baostock,query_history_k_data_plus
600310,SHSE.600310,,SH,A股-上交所,2021-05-11,4.29,4.44,4.2,4.4,4.37,12007203,52355425.32,0.6865,1.4505,1,0,none,baostock,query_history_k_data_plus
600310,SHSE.600310,,SH,A股-上交所,2021-05-12,4.39,4.43,4.36,4.37,4.4,4805574,21071246.09,-0.6818,0.5805,1,0,none,baostock,query_history_k_data_plus
600310,SHSE.600310,,SH,A股-上交所,2021-05-13,4.39,4.39,4.29,4.3,4.37,3895900,16838270.0,-1.6018,0.4706,1,0,none,baostock,query_history_k_data_plus
600310,SHSE.600310,,SH,A股-上交所,2021-05-14,4.3,4.36,4.3,4.34,4.3,3486856,15090841.28,0.9302,0.4212,1,0,none,baostock,query_history_k_data_plus
600310,SHSE.600310,,SH,A股-上交所,2021-05-17,4.34,4.37,4.3,4.32,4.34,4401400,19089376.5,-0.4608,0.5317,1,0,none,baostock,query_history_k_data_plus
600310,SHSE.600310,,SH,A股-上交所,2021-05-18,4.3,4.36,4.3,4.34,4.32,2673237,11585967.21,0.463,0.3229,1,0,none,baostock,query_history_k_data_plus
600310,SHSE.600310,,SH,A股-上交所,2021-05-19,4.35,4.42,4.31,4.4,4.34,6155875,26881661.25,1.3825,0.7437,1,0,none,baostock,query_history_k_data_plus
600310,SHSE.600310,,SH,A股-上交所,2021-05-20,4.4,4.43,4.34,4.38,4.4,5006148,21936857.32,-0.4545,0.6048,1,0,none,baostock,query_history_k_data_plus
600310,SHSE.600310,,SH,A股-上交所,2021-05-21,4.38,4.48,4.34,4.4,4.38,8103848,35742028.1,0.4566,0.979,1,0,none,baostock,query_history_k_data_plus
600310,SHSE.600310,,SH,A股-上交所,2021-05-24,4.34,4.4,4.29,4.3,4.33,6489178,28201402.3,-0.6928,0.7839,1,0,none,baostock,query_history_k_data_plus
600310,SHSE.600310,,SH,A股-上交所,2021-05-25,4.3,4.33,4.23,4.28,4.3,6124090,26153595.6,-0.4651,0.7398,1,0,none,baostock,query_history_k_data_plus
600310,SHSE.600310,,SH,A股-上交所,2021-05-26,4.32,4.37,4.27,4.33,4.28,6838005,29529226.55,1.1682,0.8261,1,0,none,baostock,query_history_k_data_plus
600310,SHSE.600310,,SH,A股-上交所,2021-05-27,4.33,4.38,4.3,4.31,4.33,5278952,22910365.12,-0.4619,0.6377,1,0,none,baostock,query_history_k_data_plus
600310,SHSE.600310,,SH,A股-上交所,2021-05-28,4.33,4.35,4.2,4.22,4.31,8601753,36712183.19,-2.0882,1.0391,1,0,none,baostock,query_history_k_data_plus
600310,SHSE.600310,,SH,A股-上交所,2021-05-31,4.2,4.24,4.16,4.23,4.22,6374600,26790946.0,0.237,0.7701,1,0,none,baostock,query_history_k_data_plus
600310,SHSE.600310,,SH,A股-上交所,2021-06-01,4.22,4.24,4.17,4.22,4.23,3172305,13349919.08,-0.2364,0.3832,1,0,none,baostock,query_history_k_data_plus
600310,SHSE.600310,,SH,A股-上交所,2021-06-02,4.23,4.31,4.2,4.26,4.22,5025463,21403877.99,0.9479,0.6071,1,0,none,baostock,query_history_k_data_plus
600310,SHSE.600310,,SH,A股-上交所,2021-06-03,4.26,4.69,4.23,4.57,4.26,21862440,98577664.2,7.277,2.6411,1,0,none,baostock,query_history_k_data_plus
600310,SHSE.600310,,SH,A股-上交所,2021-06-04,4.47,4.67,4.44,4.51,4.57,15936594,72130604.24,-1.3129,1.9252,1,0,none,baostock,query_history_k_data_plus
600310,SHSE.600310,,SH,A股-上交所,2021-06-07,4.5,4.68,4.49,4.57,4.51,11662361,53507208.67,1.3304,1.4089,1,0,none,baostock,query_history_k_data_plus
600310,SHSE.600310,,SH,A股-上交所,2021-06-08,4.58,4.59,4.5,4.55,4.57,5854897,26625127.47,-0.4376,0.7073,1,0,none,baostock,query_history_k_data_plus
600310,SHSE.600310,,SH,A股-上交所,2021-06-09,4.51,4.58,4.47,4.56,4.55,5118603,23229957.59,0.2198,0.6184,1,0,none,baostock,query_history_k_data_plus
600310,SHSE.600310,,SH,A股-上交所,2021-06-10,4.56,4.56,4.47,4.49,4.56,4921594,22136807.12,-1.5351,0.5946,1,0,none,baostock,query_history_k_data_plus
600310,SHSE.600310,,SH,A股-上交所,2021-06-11,4.47,4.57,4.47,4.48,4.49,5641185,25529391.05,-0.2227,0.6815,1,0,none,baostock,query_history_k_data_plus
600310,SHSE.600310,,SH,A股-上交所,2021-06-15,4.48,4.5,4.34,4.36,4.48,6743284,29753620.12,-2.6786,0.8146,1,0,none,baostock,query_history_k_data_plus
600310,SHSE.600310,,SH,A股-上交所,2021-06-16,4.36,4.44,4.26,4.28,4.36,4839600,20871966.0,-1.8349,0.5847,1,0,none,baostock,query_history_k_data_plus
600310,SHSE.600310,,SH,A股-上交所,2021-06-17,4.27,4.38,4.22,4.25,4.28,6226100,26599601.0,-0.7009,0.7521,1,0,none,baostock,query_history_k_data_plus
600310,SHSE.600310,,SH,A股-上交所,2021-06-18,4.24,4.25,4.15,4.16,4.25,8073200,33857012.0,-2.1176,0.9753,1,0,none,baostock,query_history_k_data_plus
600310,SHSE.600310,,SH,A股-上交所,2021-06-21,4.16,4.21,4.14,4.21,4.16,3801600,15921710.0,1.2019,0.4593,1,0,none,baostock,query_history_k_data_plus
600310,SHSE.600310,,SH,A股-上交所,2021-06-22,4.22,4.24,4.17,4.21,4.21,4613004,19368358.89,0.0,0.5573,1,0,none,baostock,query_history_k_data_plus
600310,SHSE.600310,,SH,A股-上交所,2021-06-23,4.22,4.44,4.18,4.44,4.21,14627659,63219931.92,5.4632,1.7671,1,0,none,baostock,query_history_k_data_plus
600310,SHSE.600310,,SH,A股-上交所,2021-06-24,4.4,4.64,4.4,4.47,4.44,13119803,58959412.96,0.6757,1.5849,1,0,none,baostock,query_history_k_data_plus
600310,SHSE.600310,,SH,A股-上交所,2021-06-25,4.45,4.54,4.37,4.44,4.47,8458700,37703146.3,-0.6711,1.0219,1,0,none,baostock,query_history_k_data_plus
600310,SHSE.600310,,SH,A股-上交所,2021-06-28,4.6,4.65,4.41,4.43,4.44,14455128,64919544.76,-0.2252,1.7463,1,0,none,baostock,query_history_k_data_plus
600310,SHSE.600310,,SH,A股-上交所,2021-06-29,4.38,4.43,4.26,4.26,4.43,8543437,36875461.21,-3.8375,1.0321,1,0,none,baostock,query_history_k_data_plus
600310,SHSE.600310,,SH,A股-上交所,2021-06-30,4.26,4.29,4.18,4.22,4.26,8622165,36397145.6,-0.939,1.0416,1,0,none,baostock,query_history_k_data_plus
600310,SHSE.600310,,SH,A股-上交所,2021-07-01,4.22,4.25,4.19,4.19,4.22,5590800,23546665.0,-0.7109,0.6754,1,0,none,baostock,query_history_k_data_plus
600310,SHSE.600310,,SH,A股-上交所,2021-07-02,4.18,4.23,4.17,4.21,4.19,3285300,13800397.0,0.4773,0.3969,1,0,none,baostock,query_history_k_data_plus
600310,SHSE.600310,,SH,A股-上交所,2021-07-05,4.21,4.25,4.19,4.2,4.21,4547200,19144135.0,-0.2375,0.5493,1,0,none,baostock,query_history_k_data_plus
600310,SHSE.600310,,SH,A股-上交所,2021-07-06,4.21,4.27,4.15,4.27,4.2,6113384,25814371.06,1.6667,0.7385,1,0,none,baostock,query_history_k_data_plus
600310,SHSE.600310,,SH,A股-上交所,2021-07-07,4.23,4.26,4.19,4.2,4.27,5248953,22094981.07,-1.6393,0.6341,1,0,none,baostock,query_history_k_data_plus
600310,SHSE.600310,,SH,A股-上交所,2021-07-08,4.22,4.22,4.09,4.11,4.2,7993348,33188698.8,-2.1429,0.9656,1,0,none,baostock,query_history_k_data_plus
600310,SHSE.600310,,SH,A股-上交所,2021-07-09,4.08,4.16,4.06,4.15,4.11,5335401,21917812.04,0.9732,0.6445,1,0,none,baostock,query_history_k_data_plus
600310,SHSE.600310,,SH,A股-上交所,2021-07-12,4.17,4.19,4.1,4.11,4.15,5576600,23024111.0,-0.9639,0.6737,1,0,none,baostock,query_history_k_data_plus
600310,SHSE.600310,,SH,A股-上交所,2021-07-13,4.11,4.2,4.09,4.18,4.11,6064247,25197693.58,1.7032,0.7326,1,0,none,baostock,query_history_k_data_plus
600310,SHSE.600310,,SH,A股-上交所,2021-07-14,4.18,4.22,4.14,4.16,4.18,5128200,21425604.0,-0.4785,0.6195,1,0,none,baostock,query_history_k_data_plus
600310,SHSE.600310,,SH,A股-上交所,2021-07-15,4.14,4.19,4.11,4.16,4.16,3561483,14724851.79,0.0,0.4302,1,0,none,baostock,query_history_k_data_plus
600310,SHSE.600310,,SH,A股-上交所,2021-07-16,4.16,4.22,4.14,4.15,4.16,3609300,15026802.0,-0.2404,0.436,1,0,none,baostock,query_history_k_data_plus
600310,SHSE.600310,,SH,A股-上交所,2021-07-19,4.18,4.29,4.15,4.26,4.15,7565013,31931323.55,2.6506,0.9139,1,0,none,baostock,query_history_k_data_plus
600310,SHSE.600310,,SH,A股-上交所,2021-07-20,4.23,4.26,4.18,4.22,4.26,3697530,15591924.7,-0.939,0.4467,1,0,none,baostock,query_history_k_data_plus
600310,SHSE.600310,,SH,A股-上交所,2021-07-21,4.2,4.23,4.16,4.18,4.22,5030600,21068061.0,-0.9479,0.6077,1,0,none,baostock,query_history_k_data_plus
600310,SHSE.600310,,SH,A股-上交所,2021-07-22,4.17,4.17,4.12,4.14,4.18,5921287,24533291.44,-0.9569,0.7153,1,0,none,baostock,query_history_k_data_plus
600310,SHSE.600310,,SH,A股-上交所,2021-07-23,4.13,4.16,4.09,4.11,4.14,3931500,16178834.0,-0.7246,0.4749,1,0,none,baostock,query_history_k_data_plus
600310,SHSE.600310,,SH,A股-上交所,2021-07-26,4.1,4.13,4.06,4.09,4.11,3688958,15106944.34,-0.4866,0.4456,1,0,none,baostock,query_history_k_data_plus
600310,SHSE.600310,,SH,A股-上交所,2021-07-27,4.08,4.12,3.99,3.99,4.09,6891869,27795648.51,-2.445,0.8326,1,0,none,baostock,query_history_k_data_plus
600310,SHSE.600310,,SH,A股-上交所,2021-07-28,3.98,3.99,3.81,3.84,3.99,6329400,24550064.04,-3.7594,0.7646,1,0,none,baostock,query_history_k_data_plus
600310,SHSE.600310,,SH,A股-上交所,2021-07-29,3.83,3.9,3.8,3.84,3.84,4704736,18071711.32,0.0,0.5684,1,0,none,baostock,query_history_k_data_plus
600310,SHSE.600310,,SH,A股-上交所,2021-07-30,3.85,3.91,3.83,3.88,3.84,4278157,16570209.23,1.0417,0.5168,1,0,none,baostock,query_history_k_data_plus
600310,SHSE.600310,,SH,A股-上交所,2021-08-02,3.89,4.03,3.85,4.01,3.88,5357743,21206374.1,3.3505,0.6472,1,0,none,baostock,query_history_k_data_plus
600310,SHSE.600310,,SH,A股-上交所,2021-08-03,4.01,4.03,3.96,3.98,4.01,3037800,12140351.0,-0.7481,0.367,1,0,none,baostock,query_history_k_data_plus
600310,SHSE.600310,,SH,A股-上交所,2021-08-04,4.0,4.01,3.95,3.98,3.98,2300600,9158520.0,0.0,0.2779,1,0,none,baostock,query_history_k_data_plus
600310,SHSE.600310,,SH,A股-上交所,2021-08-05,4.0,4.01,3.93,3.93,3.98,2961781,11733867.34,-1.2563,0.3578,1,0,none,baostock,query_history_k_data_plus
600310,SHSE.600310,,SH,A股-上交所,2021-08-06,3.93,3.95,3.85,3.88,3.93,5390072,20925155.96,-1.2723,0.6512,1,0,none,baostock,query_history_k_data_plus
600310,SHSE.600310,,SH,A股-上交所,2021-08-09,3.88,3.97,3.87,3.92,3.88,3765100,14698307.0,1.0309,0.4548,1,0,none,baostock,query_history_k_data_plus
600310,SHSE.600310,,SH,A股-上交所,2021-08-10,3.92,4.27,3.92,4.04,3.92,6773051,27523396.4,3.0612,0.8182,1,0,none,baostock,query_history_k_data_plus
600310,SHSE.600310,,SH,A股-上交所,2021-08-11,4.03,4.08,3.96,4.06,4.04,5378797,21648677.0,0.495,0.6498,1,0,none,baostock,query_history_k_data_plus
600310,SHSE.600310,,SH,A股-上交所,2021-08-12,4.04,4.1,4.04,4.06,4.06,2818000,11454088.97,0.0,0.3404,1,0,none,baostock,query_history_k_data_plus
600310,SHSE.600310,,SH,A股-上交所,2021-08-13,4.09,4.15,4.07,4.09,4.06,4763203,19550528.27,0.7389,0.5754,1,0,none,baostock,query_history_k_data_plus
600310,SHSE.600310,,SH,A股-上交所,2021-08-16,4.1,4.12,4.07,4.09,4.09,3437592,14081009.41,0.0,0.4153,1,0,none,baostock,query_history_k_data_plus
600310,SHSE.600310,,SH,A股-上交所,2021-08-17,4.1,4.29,4.07,4.07,4.09,6183552,25536587.68,-0.489,0.747,1,0,none,baostock,query_history_k_data_plus
600310,SHSE.600310,,SH,A股-上交所,2021-08-18,4.05,4.25,4.03,4.2,4.07,8506255,35385941.14,3.1941,1.0276,1,0,none,baostock,query_history_k_data_plus
600310,SHSE.600310,,SH,A股-上交所,2021-08-19,4.18,4.19,4.1,4.14,4.2,5030500,20795991.0,-1.4286,0.6077,1,0,none,baostock,query_history_k_data_plus
600310,SHSE.600310,,SH,A股-上交所,2021-08-20,4.14,4.14,4.07,4.14,4.14,3651903,14978646.24,0.0,0.4412,1,0,none,baostock,query_history_k_data_plus
600310,SHSE.600310,,SH,A股-上交所,2021-08-23,4.13,4.19,4.13,4.15,4.14,3588080,14934289.8,0.2415,0.4335,1,0,none,baostock,query_history_k_data_plus
600310,SHSE.600310,,SH,A股-上交所,2021-08-24,4.16,4.2,4.13,4.15,4.15,3728415,15536942.72,0.0,0.4504,1,0,none,baostock,query_history_k_data_plus
600310,SHSE.600310,,SH,A股-上交所,2021-08-25,4.13,4.17,4.12,4.17,4.15,4432974,18372472.84,0.4819,0.5355,1,0,none,baostock,query_history_k_data_plus
600310,SHSE.600310,,SH,A股-上交所,2021-08-26,4.17,4.25,4.13,4.17,4.17,5406546,22595773.44,0.0,0.6531,1,0,none,baostock,query_history_k_data_plus
600310,SHSE.600310,,SH,A股-上交所,2021-08-27,4.18,4.21,4.12,4.14,4.17,4509204,18717568.52,-0.7194,0.5447,1,0,none,baostock,query_history_k_data_plus
600310,SHSE.600310,,SH,A股-上交所,2021-08-30,4.14,4.27,4.09,4.1,4.14,4947133,20489080.68,-0.9662,0.5976,1,0,none,baostock,query_history_k_data_plus
600310,SHSE.600310,,SH,A股-上交所,2021-08-31,4.12,4.14,4.08,4.11,4.1,2850901,11693294.37,0.2439,0.3444,1,0,none,baostock,query_history_k_data_plus
600310,SHSE.600310,,SH,A股-上交所,2021-09-01,4.12,4.19,4.1,4.13,4.11,6908888,28568991.93,0.4866,0.8346,1,0,none,baostock,query_history_k_data_plus
600310,SHSE.600310,,SH,A股-上交所,2021-09-02,4.13,4.26,4.11,4.25,4.13,16215537,68355621.26,2.9056,1.9589,1,0,none,baostock,query_history_k_data_plus
600310,SHSE.600310,,SH,A股-上交所,2021-09-03,4.3,4.5,4.25,4.37,4.25,19766286,86307657.43,2.8235,2.3879,1,0,none,baostock,query_history_k_data_plus
600310,SHSE.600310,,SH,A股-上交所,2021-09-06,4.39,4.52,4.33,4.45,4.37,15297106,67587011.85,1.8307,1.848,1,0,none,baostock,query_history_k_data_plus
600310,SHSE.600310,,SH,A股-上交所,2021-09-07,4.49,4.51,4.4,4.47,4.45,14801234,65930112.71,0.4494,1.7881,1,0,none,baostock,query_history_k_data_plus
600310,SHSE.600310,,SH,A股-上交所,2021-09-08,4.92,4.92,4.92,4.92,4.47,12122229,59641366.68,10.0671,1.4644,1,0,none,baostock,query_history_k_data_plus
600310,SHSE.600310,,SH,A股-上交所,2021-09-09,5.23,5.25,4.85,4.94,4.92,68300009,344826790.99,0.4065,8.251,1,0,none,baostock,query_history_k_data_plus
600310,SHSE.600310,,SH,A股-上交所,2021-09-10,4.75,4.92,4.58,4.6,4.94,50190504,238185306.18,-6.8826,6.0633,1,0,none,baostock,query_history_k_data_plus
600310,SHSE.600310,,SH,A股-上交所,2021-09-13,4.59,4.77,4.56,4.69,4.6,23102777,107397505.12,1.9565,2.7909,1,0,none,baostock,query_history_k_data_plus
600310,SHSE.600310,,SH,A股-上交所,2021-09-14,5.16,5.16,5.06,5.16,4.69,39970938,206161689.08,10.0213,4.8287,1,0,none,baostock,query_history_k_data_plus
600310,SHSE.600310,,SH,A股-上交所,2021-09-15,5.0,5.32,4.91,5.25,5.16,82363029,424907229.47,1.7442,9.9499,1,0,none,baostock,query_history_k_data_plus
600310,SHSE.600310,,SH,A股-上交所,2021-09-16,5.17,5.67,5.17,5.21,5.25,55276344,294623700.73,-0.7619,6.6777,1,0,none,baostock,query_history_k_data_plus
600310,SHSE.600310,,SH,A股-上交所,2021-09-17,5.28,5.72,5.11,5.7,5.21,84643262,469292637.39,9.405,10.2254,1,0,none,baostock,query_history_k_data_plus
600310,SHSE.600310,,SH,A股-上交所,2021-09-22,5.73,6.03,5.52,5.78,5.7,86933705,510977954.95,1.4035,10.5021,1,0,none,baostock,query_history_k_data_plus
600310,SHSE.600310,,SH,A股-上交所,2021-09-23,5.77,5.99,5.55,5.55,5.78,64485639,368457463.85,-3.9792,7.7902,1,0,none,baostock,query_history_k_data_plus
600310,SHSE.600310,,SH,A股-上交所,2021-09-24,5.5,5.75,5.35,5.56,5.55,40789532,226678520.2,0.1802,4.9276,1,0,none,baostock,query_history_k_data_plus
600310,SHSE.600310,,SH,A股-上交所,2021-09-27,5.71,5.78,5.13,5.36,5.56,42290633,228654908.49,-3.5971,5.109,1,0,none,baostock,query_history_k_data_plus
600310,SHSE.600310,,SH,A股-上交所,2021-09-28,5.35,5.9,5.26,5.9,5.36,63904547,366523903.1,10.0746,7.72,1,0,none,baostock,query_history_k_data_plus
600310,SHSE.600310,,SH,A股-上交所,2021-09-29,5.77,6.1,5.6,5.79,5.9,80651577,470125378.17,-1.8644,9.7432,1,0,none,baostock,query_history_k_data_plus
600310,SHSE.600310,,SH,A股-上交所,2021-09-30,5.9,6.2,5.75,6.08,5.79,84785597,508922036.69,5.0086,10.2426,1,0,none,baostock,query_history_k_data_plus
600310,SHSE.600310,,SH,A股-上交所,2021-10-08,6.08,6.24,5.7,5.8,6.08,62855551,372919397.66,-4.6053,7.5933,1,0,none,baostock,query_history_k_data_plus
600310,SHSE.600310,,SH,A股-上交所,2021-10-11,5.78,5.78,5.23,5.61,5.8,37253805,204943358.84,-3.2759,4.5005,1,0,none,baostock,query_history_k_data_plus
600310,SHSE.600310,,SH,A股-上交所,2021-10-12,5.46,5.71,5.28,5.42,5.61,28877402,156910413.03,-3.3868,3.4886,1,0,none,baostock,query_history_k_data_plus
600310,SHSE.600310,,SH,A股-上交所,2021-10-13,5.45,5.45,5.04,5.07,5.42,29464848,151363726.76,-6.4576,3.5595,1,0,none,baostock,query_history_k_data_plus
600310,SHSE.600310,,SH,A股-上交所,2021-10-14,5.0,5.1,4.83,4.99,5.07,24632667,122611867.04,-1.5779,2.9758,1,0,none,baostock,query_history_k_data_plus
600310,SHSE.600310,,SH,A股-上交所,2021-10-15,5.0,5.04,4.85,4.94,4.99,17424377,86161602.59,-1.002,2.105,1,0,none,baostock,query_history_k_data_plus
600310,SHSE.600310,,SH,A股-上交所,2021-10-18,4.93,5.25,4.9,5.2,4.94,27009241,138942063.05,5.2632,3.2629,1,0,none,baostock,query_history_k_data_plus
600310,SHSE.600310,,SH,A股-上交所,2021-10-19,5.24,5.29,5.07,5.21,5.2,20292182,105234733.37,0.1923,2.4514,1,0,none,baostock,query_history_k_data_plus
600310,SHSE.600310,,SH,A股-上交所,2021-10-20,5.19,5.43,5.14,5.37,5.21,25012927,133808715.39,3.071,3.0217,1,0,none,baostock,query_history_k_data_plus
600310,SHSE.600310,,SH,A股-上交所,2021-10-21,5.34,5.48,5.26,5.38,5.37,23190404,124724176.44,0.1862,2.8015,1,0,none,baostock,query_history_k_data_plus
600310,SHSE.600310,,SH,A股-上交所,2021-10-22,5.24,5.37,5.14,5.18,5.38,26409795,137830136.02,-3.7175,3.1905,1,0,none,baostock,query_history_k_data_plus
600310,SHSE.600310,,SH,A股-上交所,2021-10-25,5.15,5.35,5.12,5.21,5.18,22083440,116209334.61,0.5792,2.6678,1,0,none,baostock,query_history_k_data_plus
600310,SHSE.600310,,SH,A股-上交所,2021-10-26,5.23,5.32,5.09,5.11,5.21,27954566,145741180.52,-1.9194,3.3771,1,0,none,baostock,query_history_k_data_plus
600310,SHSE.600310,,SH,A股-上交所,2021-10-27,5.05,5.53,5.05,5.36,5.11,45653253,241465646.1,4.8924,5.5152,1,0,none,baostock,query_history_k_data_plus
600310,SHSE.600310,,SH,A股-上交所,2021-10-28,5.3,5.79,5.2,5.46,5.36,56025377,306737013.59,1.8657,6.7682,1,0,none,baostock,query_history_k_data_plus
600310,SHSE.600310,,SH,A股-上交所,2021-10-29,5.3,6.0,5.01,5.8,5.46,89296041,496373344.06,6.2271,10.7875,1,0,none,baostock,query_history_k_data_plus
600310,SHSE.600310,,SH,A股-上交所,2021-11-01,5.79,5.84,5.53,5.73,5.8,55547480,315506997.97,-1.2069,6.7105,1,0,none,baostock,query_history_k_data_plus
600310,SHSE.600310,,SH,A股-上交所,2021-11-02,5.9,6.3,5.62,6.3,5.73,137337561,823257633.94,9.9476,16.5912,1,0,none,baostock,query_history_k_data_plus
600310,SHSE.600310,,SH,A股-上交所,2021-11-03,6.11,6.44,5.77,6.12,6.3,106844168,651164037.6,-2.8571,12.9074,1,0,none,baostock,query_history_k_data_plus
600310,SHSE.600310,,SH,A股-上交所,2021-11-04,6.15,6.73,6.15,6.73,6.12,144191486,952858475.11,9.9673,17.4192,1,0,none,baostock,query_history_k_data_plus
600310,SHSE.600310,,SH,A股-上交所,2021-11-05,6.84,6.93,6.06,6.06,6.73,151883239,983676782.87,-9.9554,18.3484,1,0,none,baostock,query_history_k_data_plus
600310,SHSE.600310,,SH,A股-上交所,2021-11-08,5.74,5.79,5.45,5.45,6.06,84084380,465802089.7,-10.066,10.1579,1,0,none,baostock,query_history_k_data_plus
600310,SHSE.600310,,SH,A股-上交所,2021-11-09,5.45,5.65,5.31,5.46,5.45,53126533,291556337.66,0.1835,6.418,1,0,none,baostock,query_history_k_data_plus
600310,SHSE.600310,,SH,A股-上交所,2021-11-10,5.36,5.36,5.18,5.21,5.46,46761067,244822418.14,-4.5788,5.649,1,0,none,baostock,query_history_k_data_plus
600310,SHSE.600310,,SH,A股-上交所,2021-11-11,5.21,5.22,5.11,5.13,5.21,31026930,159918072.63,-1.5355,3.7482,1,0,none,baostock,query_history_k_data_plus
600310,SHSE.600310,,SH,A股-上交所,2021-11-12,5.19,5.25,5.08,5.21,5.13,31827828,164746627.43,1.5595,3.845,1,0,none,baostock,query_history_k_data_plus
600310,SHSE.600310,,SH,A股-上交所,2021-11-15,5.15,5.29,5.09,5.21,5.21,32132252,166956497.16,0.0,3.8818,1,0,none,baostock,query_history_k_data_plus
600310,SHSE.600310,,SH,A股-上交所,2021-11-16,5.16,5.24,4.97,4.99,5.21,36153000,184255551.08,-4.2226,4.3675,1,0,none,baostock,query_history_k_data_plus
600310,SHSE.600310,,SH,A股-上交所,2021-11-17,4.99,5.05,4.92,5.0,4.99,22998092,114730193.08,0.2004,2.7783,1,0,none,baostock,query_history_k_data_plus
600310,SHSE.600310,,SH,A股-上交所,2021-11-18,4.98,5.03,4.92,4.96,5.0,22046863,109680228.68,-0.8,2.6634,1,0,none,baostock,query_history_k_data_plus
600310,SHSE.600310,,SH,A股-上交所,2021-11-19,4.97,4.99,4.8,4.91,4.96,26630574,129802070.36,-1.0081,3.2171,1,0,none,baostock,query_history_k_data_plus
600310,SHSE.600310,,SH,A股-上交所,2021-11-22,4.89,4.94,4.84,4.93,4.91,18583707,91049711.25,0.4073,2.245,1,0,none,baostock,query_history_k_data_plus
600310,SHSE.600310,,SH,A股-上交所,2021-11-23,4.93,4.97,4.85,4.94,4.93,18721171,92072525.58,0.2028,2.2616,1,0,none,baostock,query_history_k_data_plus
600310,SHSE.600310,,SH,A股-上交所,2021-11-24,4.95,5.17,4.88,5.13,4.94,39470108,198455750.36,3.8462,4.7682,1,0,none,baostock,query_history_k_data_plus
600310,SHSE.600310,,SH,A股-上交所,2021-11-25,5.15,5.28,5.05,5.08,5.13,32636421,168207320.7,-0.9747,3.9427,1,0,none,baostock,query_history_k_data_plus
600310,SHSE.600310,,SH,A股-上交所,2021-11-26,4.97,4.98,4.86,4.88,5.08,24364275,119449186.68,-3.937,2.9433,1,0,none,baostock,query_history_k_data_plus
600310,SHSE.600310,,SH,A股-上交所,2021-11-29,4.8,4.98,4.7,4.93,4.88,19951285,96908171.57,1.0246,2.4102,1,0,none,baostock,query_history_k_data_plus
600310,SHSE.600310,,SH,A股-上交所,2021-11-30,4.93,5.01,4.89,4.9,4.93,15375364,76078439.11,-0.6085,1.8574,1,0,none,baostock,query_history_k_data_plus
600310,SHSE.600310,,SH,A股-上交所,2021-12-01,4.88,5.04,4.85,5.04,4.9,20360899,100774624.6,2.8571,2.4597,1,0,none,baostock,query_history_k_data_plus
600310,SHSE.600310,,SH,A股-上交所,2021-12-02,5.08,5.29,5.05,5.08,5.04,34026642,175276098.51,0.7937,4.1106,1,0,none,baostock,query_history_k_data_plus
600310,SHSE.600310,,SH,A股-上交所,2021-12-03,5.28,5.34,5.13,5.22,5.08,40613296,212519119.89,2.7559,4.9063,1,0,none,baostock,query_history_k_data_plus
600310,SHSE.600310,,SH,A股-上交所,2021-12-06,5.2,5.5,5.2,5.28,5.22,42466191,226794967.42,1.1494,5.1302,1,0,none,baostock,query_history_k_data_plus
600310,SHSE.600310,,SH,A股-上交所,2021-12-07,5.24,5.45,5.08,5.44,5.28,44779238,236662442.64,3.0303,5.4096,1,0,none,baostock,query_history_k_data_plus
600310,SHSE.600310,,SH,A股-上交所,2021-12-08,5.42,5.7,5.4,5.64,5.44,54035009,301874993.89,3.6765,6.5277,1,0,none,baostock,query_history_k_data_plus
600310,SHSE.600310,,SH,A股-上交所,2021-12-09,5.55,5.63,5.42,5.45,5.64,36402085,200131313.72,-3.3688,4.3976,1,0,none,baostock,query_history_k_data_plus
600310,SHSE.600310,,SH,A股-上交所,2021-12-10,5.36,5.68,5.33,5.46,5.45,31911766,177067125.59,0.1835,3.8551,1,0,none,baostock,query_history_k_data_plus
600310,SHSE.600310,,SH,A股-上交所,2021-12-13,5.48,5.88,5.45,5.76,5.46,51645857,292912293.24,5.4945,6.2391,1,0,none,baostock,query_history_k_data_plus
600310,SHSE.600310,,SH,A股-上交所,2021-12-14,5.66,5.89,5.63,5.78,5.76,34887739,201335946.42,0.3472,4.2146,1,0,none,baostock,query_history_k_data_plus
600310,SHSE.600310,,SH,A股-上交所,2021-12-15,5.75,6.16,5.66,5.91,5.78,55692695,327818347.69,2.2491,6.728,1,0,none,baostock,query_history_k_data_plus
600310,SHSE.600310,,SH,A股-上交所,2021-12-16,5.89,6.04,5.8,5.87,5.91,33808238,199581758.89,-0.6768,4.0842,1,0,none,baostock,query_history_k_data_plus
600310,SHSE.600310,,SH,A股-上交所,2021-12-17,5.87,6.0,5.83,5.87,5.87,29669794,175627590.1,0.0,3.5843,1,0,none,baostock,query_history_k_data_plus
600310,SHSE.600310,,SH,A股-上交所,2021-12-20,5.87,5.93,5.63,5.66,5.87,43721219,250378497.92,-3.5775,5.2818,1,0,none,baostock,query_history_k_data_plus
600310,SHSE.600310,,SH,A股-上交所,2021-12-21,5.68,5.73,5.49,5.63,5.66,27356811,153043243.49,-0.53,3.3049,1,0,none,baostock,query_history_k_data_plus
600310,SHSE.600310,,SH,A股-上交所,2021-12-22,5.67,5.71,5.48,5.49,5.63,25431242,141513838.29,-2.4867,3.0722,1,0,none,baostock,query_history_k_data_plus
600310,SHSE.600310,,SH,A股-上交所,2021-12-23,5.54,5.93,5.44,5.89,5.49,46757333,268440926.43,7.286,5.6486,1,0,none,baostock,query_history_k_data_plus
600310,SHSE.600310,,SH,A股-上交所,2021-12-24,5.84,6.09,5.76,5.77,5.89,35069255,206899185.87,-2.0374,4.2366,1,0,none,baostock,query_history_k_data_plus
600310,SHSE.600310,,SH,A股-上交所,2021-12-27,5.7,5.9,5.63,5.75,5.77,26092880,150874663.8,-0.3466,3.1522,1,0,none,baostock,query_history_k_data_plus
600310,SHSE.600310,,SH,A股-上交所,2021-12-28,5.75,5.78,5.32,5.37,5.75,40000661,217183371.68,-6.6087,4.8323,1,0,none,baostock,query_history_k_data_plus
600310,SHSE.600310,,SH,A股-上交所,2021-12-29,5.38,5.4,5.2,5.3,5.37,21797172,115226423.58,-1.3035,2.6332,1,0,none,baostock,query_history_k_data_plus
600310,SHSE.600310,,SH,A股-上交所,2021-12-30,5.38,5.83,5.3,5.83,5.3,60447029,345335154.8,10.0,7.3024,1,0,none,baostock,query_history_k_data_plus
600310,SHSE.600310,,SH,A股-上交所,2021-12-31,5.94,6.11,5.72,5.74,5.83,69082612,407493636.11,-1.5437,8.3456,1,0,none,baostock,query_history_k_data_plus
600310,SHSE.600310,,SH,A股-上交所,2022-01-04,5.81,5.82,5.6,5.72,5.74,40488360,230893805.52,-0.3484,4.8912,1,0,none,baostock,query_history_k_data_plus
600310,SHSE.600310,,SH,A股-上交所,2022-01-05,5.7,5.71,5.48,5.57,5.72,31837442,177154224.84,-2.6224,3.8461,1,0,none,baostock,query_history_k_data_plus
600310,SHSE.600310,,SH,A股-上交所,2022-01-06,5.52,5.62,5.43,5.59,5.57,22300204,123652240.47,0.3591,2.694,1,0,none,baostock,query_history_k_data_plus
600310,SHSE.600310,,SH,A股-上交所,2022-01-07,5.54,5.58,5.38,5.39,5.59,19970764,109469258.1,-3.5778,2.4126,1,0,none,baostock,query_history_k_data_plus
600310,SHSE.600310,,SH,A股-上交所,2022-01-10,5.35,5.39,5.28,5.28,5.39,17736893,94267368.79,-2.0408,2.1427,1,0,none,baostock,query_history_k_data_plus
600310,SHSE.600310,,SH,A股-上交所,2022-01-11,5.25,5.43,5.21,5.24,5.28,19068572,101347165.96,-0.7576,2.3036,1,0,none,baostock,query_history_k_data_plus
600310,SHSE.600310,,SH,A股-上交所,2022-01-12,5.23,5.33,5.22,5.29,5.24,12314551,64956698.95,0.9542,1.4877,1,0,none,baostock,query_history_k_data_plus
600310,SHSE.600310,,SH,A股-上交所,2022-01-13,5.28,5.3,5.18,5.18,5.29,14428813,75592994.47,-2.0794,1.7431,1,0,none,baostock,query_history_k_data_plus
600310,SHSE.600310,,SH,A股-上交所,2022-01-14,5.17,5.2,5.08,5.09,5.18,14439669,74100962.49,-1.7375,1.7444,1,0,none,baostock,query_history_k_data_plus
600310,SHSE.600310,,SH,A股-上交所,2022-01-17,5.08,5.17,5.07,5.13,5.09,10068721,51699180.04,0.7859,1.2164,1,0,none,baostock,query_history_k_data_plus
600310,SHSE.600310,,SH,A股-上交所,2022-01-18,5.13,5.32,5.1,5.19,5.13,17844481,93060190.38,1.1696,2.1557,1,0,none,baostock,query_history_k_data_plus
600310,SHSE.600310,,SH,A股-上交所,2022-01-19,5.21,5.22,5.12,5.16,5.19,8579955,44295526.2,-0.578,1.0365,1,0,none,baostock,query_history_k_data_plus
600310,SHSE.600310,,SH,A股-上交所,2022-01-20,5.16,5.23,5.08,5.08,5.16,14406300,74079945.4,-1.5504,1.7404,1,0,none,baostock,query_history_k_data_plus
600310,SHSE.600310,,SH,A股-上交所,2022-01-21,5.09,5.15,5.0,5.1,5.08,11066103,56270544.36,0.3937,1.3368,1,0,none,baostock,query_history_k_data_plus
600310,SHSE.600310,,SH,A股-上交所,2022-01-24,5.08,5.1,4.92,4.94,5.1,11727238,58712153.96,-3.1373,1.4167,1,0,none,baostock,query_history_k_data_plus
600310,SHSE.600310,,SH,A股-上交所,2022-01-25,4.88,4.96,4.75,4.75,4.94,13061719,62998577.21,-3.8462,1.5779,1,0,none,baostock,query_history_k_data_plus
600310,SHSE.600310,,SH,A股-上交所,2022-01-26,4.75,4.85,4.69,4.75,4.75,9307106,44445113.28,0.0,1.1244,1,0,none,baostock,query_history_k_data_plus
600310,SHSE.600310,,SH,A股-上交所,2022-01-27,4.74,4.74,4.53,4.55,4.75,12970302,60048436.14,-4.2105,1.5669,1,0,none,baostock,query_history_k_data_plus
600310,SHSE.600310,,SH,A股-上交所,2022-01-28,4.6,4.69,4.52,4.65,4.55,9521588,43934977.56,2.1978,1.1503,1,0,none,baostock,query_history_k_data_plus
600310,SHSE.600310,,SH,A股-上交所,2022-02-07,4.72,4.85,4.68,4.84,4.65,9067000,43411400.05,4.086,1.0953,1,0,none,baostock,query_history_k_data_plus
600310,SHSE.600310,,SH,A股-上交所,2022-02-08,4.84,4.91,4.79,4.9,4.84,9319301,45203639.26,1.2397,1.1258,1,0,none,baostock,query_history_k_data_plus
600310,SHSE.600310,,SH,A股-上交所,2022-02-09,4.91,5.07,4.85,5.0,4.9,11466615,57094889.45,2.0408,1.3852,1,0,none,baostock,query_history_k_data_plus
600310,SHSE.600310,,SH,A股-上交所,2022-02-10,4.99,5.06,4.96,5.02,5.0,7345000,36740336.0,0.4,0.8873,1,0,none,baostock,query_history_k_data_plus
600310,SHSE.600310,,SH,A股-上交所,2022-02-11,5.0,5.01,4.86,4.87,5.02,7958865,39174155.33,-2.988,0.9615,1,0,none,baostock,query_history_k_data_plus
600310,SHSE.600310,,SH,A股-上交所,2022-02-14,4.89,4.92,4.77,4.8,4.87,6151487,29680836.73,-1.4374,0.7431,1,0,none,baostock,query_history_k_data_plus
600310,SHSE.600310,,SH,A股-上交所,2022-02-15,4.84,4.84,4.74,4.77,4.8,6557800,31360261.0,-0.625,0.7922,1,0,none,baostock,query_history_k_data_plus
600310,SHSE.600310,,SH,A股-上交所,2022-02-16,4.81,4.91,4.8,4.89,4.77,6207854,30141299.36,2.5157,0.7499,1,0,none,baostock,query_history_k_data_plus
600310,SHSE.600310,,SH,A股-上交所,2022-02-17,4.87,4.91,4.84,4.87,4.89,5722206,27876042.22,-0.409,0.6913,1,0,none,baostock,query_history_k_data_plus
600310,SHSE.600310,,SH,A股-上交所,2022-02-18,4.86,4.89,4.8,4.88,4.87,5159397,25036075.39,0.2053,0.6233,1,0,none,baostock,query_history_k_data_plus
600310,SHSE.600310,,SH,A股-上交所,2022-02-21,4.86,4.94,4.83,4.94,4.88,6932406,33904875.43,1.2295,0.8375,1,0,none,baostock,query_history_k_data_plus
600310,SHSE.600310,,SH,A股-上交所,2022-02-22,4.93,4.93,4.8,4.82,4.94,7325476,35514012.54,-2.4291,0.885,1,0,none,baostock,query_history_k_data_plus
600310,SHSE.600310,,SH,A股-上交所,2022-02-23,4.82,4.87,4.75,4.8,4.82,10847010,52115445.76,-0.4149,1.3104,1,0,none,baostock,query_history_k_data_plus
600310,SHSE.600310,,SH,A股-上交所,2022-02-24,4.78,4.91,4.57,4.63,4.8,18400524,87085349.56,-3.5417,2.2229,1,0,none,baostock,query_history_k_data_plus
600310,SHSE.600310,,SH,A股-上交所,2022-02-25,4.69,4.81,4.65,4.79,4.63,12950696,61410599.2,3.4557,1.5645,1,0,none,baostock,query_history_k_data_plus
600310,SHSE.600310,,SH,A股-上交所,2022-02-28,4.83,4.87,4.72,4.77,4.79,7411900,35397175.0,-0.4175,0.8954,1,0,none,baostock,query_history_k_data_plus
600310,SHSE.600310,,SH,A股-上交所,2022-03-01,4.8,4.88,4.78,4.84,4.77,7414700,35820306.0,1.4675,0.8957,1,0,none,baostock,query_history_k_data_plus
600310,SHSE.600310,,SH,A股-上交所,2022-03-02,4.97,5.0,4.86,4.92,4.84,18549032,91366769.0,1.6529,2.2408,1,0,none,baostock,query_history_k_data_plus
600310,SHSE.600310,,SH,A股-上交所,2022-03-03,4.94,5.41,4.93,5.37,4.92,72188157,382519760.0,9.1463,8.7207,1,0,none,baostock,query_history_k_data_plus
600310,SHSE.600310,,SH,A股-上交所,2022-03-04,5.27,5.29,5.0,5.02,5.37,49003306,251758645.0,-6.5177,5.9199,1,0,none,baostock,query_history_k_data_plus
600310,SHSE.600310,,SH,A股-上交所,2022-03-07,5.06,5.1,4.87,4.87,5.02,24906910,123860721.0,-2.988,3.0089,1,0,none,baostock,query_history_k_data_plus
600310,SHSE.600310,,SH,A股-上交所,2022-03-08,4.84,4.87,4.59,4.64,4.87,23371652,109857493.0,-4.7228,2.8234,1,0,none,baostock,query_history_k_data_plus
600310,SHSE.600310,,SH,A股-上交所,2022-03-09,4.65,4.8,4.48,4.7,4.64,21389984,100146719.0,1.2931,2.584,1,0,none,baostock,query_history_k_data_plus
600310,SHSE.600310,,SH,A股-上交所,2022-03-10,4.78,4.99,4.74,4.83,4.7,21033830,102188973.0,2.766,2.541,1,0,none,baostock,query_history_k_data_plus
600310,SHSE.600310,,SH,A股-上交所,2022-03-11,4.78,4.78,4.6,4.74,4.83,14399600,67457100.0,-1.8634,1.7396,1,0,none,baostock,query_history_k_data_plus
600310,SHSE.600310,,SH,A股-上交所,2022-03-14,4.69,4.7,4.45,4.47,4.74,16780808,76659639.0,-5.6962,2.0272,1,0,none,baostock,query_history_k_data_plus
600310,SHSE.600310,,SH,A股-上交所,2022-03-15,4.43,4.44,4.07,4.08,4.47,19739378,83678620.0,-8.7248,2.3846,1,0,none,baostock,query_history_k_data_plus
600310,SHSE.600310,,SH,A股-上交所,2022-03-16,4.14,4.25,4.0,4.22,4.08,17578121,72848923.0,3.4314,2.1235,1,0,none,baostock,query_history_k_data_plus
600310,SHSE.600310,,SH,A股-上交所,2022-03-17,4.24,4.3,4.2,4.23,4.22,12939698,55023841.0,0.237,1.5632,1,0,none,baostock,query_history_k_data_plus
600310,SHSE.600310,,SH,A股-上交所,2022-03-18,4.2,4.42,4.17,4.4,4.23,17144040,74562571.07,4.0189,2.0711,1,0,none,baostock,query_history_k_data_plus
600310,SHSE.600310,,SH,A股-上交所,2022-03-21,4.41,4.43,4.31,4.4,4.4,10717423,46872163.0,0.0,1.2947,1,0,none,baostock,query_history_k_data_plus
600310,SHSE.600310,,SH,A股-上交所,2022-03-22,4.37,4.45,4.35,4.4,4.4,8202594,36038851.81,0.0,0.9909,1,0,none,baostock,query_history_k_data_plus
600310,SHSE.600310,,SH,A股-上交所,2022-03-23,4.46,4.56,4.41,4.49,4.4,13013000,58429711.0,2.0455,1.572,1,0,none,baostock,query_history_k_data_plus
600310,SHSE.600310,,SH,A股-上交所,2022-03-24,4.55,4.55,4.41,4.43,4.49,13215803,59122398.41,-1.3363,1.5965,1,0,none,baostock,query_history_k_data_plus
600310,SHSE.600310,,SH,A股-上交所,2022-03-25,4.41,4.46,4.35,4.37,4.43,8917205,39243410.11,-1.3544,1.0772,1,0,none,baostock,query_history_k_data_plus
600310,SHSE.600310,,SH,A股-上交所,2022-03-28,4.37,4.42,4.29,4.37,4.37,8213300,35749500.0,0.0,0.9922,1,0,none,baostock,query_history_k_data_plus
600310,SHSE.600310,,SH,A股-上交所,2022-03-29,4.38,4.41,4.27,4.3,4.37,8272514,35806419.88,-1.6018,0.9994,1,0,none,baostock,query_history_k_data_plus
600310,SHSE.600310,,SH,A股-上交所,2022-03-30,4.23,4.23,3.93,4.09,4.3,87215593,350849968.53,-4.8837,8.6115,1,0,none,baostock,query_history_k_data_plus
600310,SHSE.600310,,SH,A股-上交所,2022-03-31,4.02,4.11,3.99,4.05,4.09,34454712,139972803.57,-0.978,3.402,1,0,none,baostock,query_history_k_data_plus
600310,SHSE.600310,,SH,A股-上交所,2022-04-01,4.03,4.08,4.0,4.05,4.05,19808880,79915610.0,0.0,1.9559,1,0,none,baostock,query_history_k_data_plus
600310,SHSE.600310,,SH,A股-上交所,2022-04-06,4.06,4.24,4.03,4.14,4.05,30762989,127015573.73,2.2222,3.0375,1,0,none,baostock,query_history_k_data_plus
600310,SHSE.600310,,SH,A股-上交所,2022-04-07,4.13,4.14,4.05,4.06,4.14,16022872,65599811.48,-1.9324,1.5821,1,0,none,baostock,query_history_k_data_plus
600310,SHSE.600310,,SH,A股-上交所,2022-04-08,4.06,4.14,3.99,4.0,4.06,29718316,119738540.0,-1.4778,2.9343,1,0,none,baostock,query_history_k_data_plus
600310,SHSE.600310,,SH,A股-上交所,2022-04-11,4.0,4.02,3.86,3.89,4.0,28680748,112588710.53,-2.75,2.8319,1,0,none,baostock,query_history_k_data_plus
600310,SHSE.600310,,SH,A股-上交所,2022-04-12,3.88,3.97,3.82,3.96,3.89,18397500,71748624.0,1.7995,1.8165,1,0,none,baostock,query_history_k_data_plus
600310,SHSE.600310,,SH,A股-上交所,2022-04-13,3.96,4.0,3.88,3.93,3.96,18894718,74677539.32,-0.7576,1.8656,1,0,none,baostock,query_history_k_data_plus
600310,SHSE.600310,,SH,A股-上交所,2022-04-14,3.96,3.97,3.87,3.91,3.93,21935480,85801550.8,-0.5089,2.1659,1,0,none,baostock,query_history_k_data_plus
600310,SHSE.600310,,SH,A股-上交所,2022-04-15,3.92,4.0,3.85,3.89,3.91,25827362,100919075.33,-0.5115,2.5502,1,0,none,baostock,query_history_k_data_plus
600310,SHSE.600310,,SH,A股-上交所,2022-04-18,3.89,3.91,3.8,3.87,3.89,17755414,68284260.9,-0.5141,1.7531,1,0,none,baostock,query_history_k_data_plus
600310,SHSE.600310,,SH,A股-上交所,2022-04-19,3.87,4.08,3.85,4.01,3.87,30391203,121272736.24,3.6176,3.0008,1,0,none,baostock,query_history_k_data_plus
600310,SHSE.600310,,SH,A股-上交所,2022-04-20,3.99,4.03,3.92,3.95,4.01,19280614,76761232.3,-1.4963,1.9037,1,0,none,baostock,query_history_k_data_plus
600310,SHSE.600310,,SH,A股-上交所,2022-04-21,3.94,3.95,3.74,3.77,3.95,23612492,90497005.11,-4.557,2.3315,1,0,none,baostock,query_history_k_data_plus
600310,SHSE.600310,,SH,A股-上交所,2022-04-22,3.77,3.92,3.68,3.86,3.77,22060279,84026490.51,2.3873,2.1782,1,0,none,baostock,query_history_k_data_plus
600310,SHSE.600310,,SH,A股-上交所,2022-04-25,3.82,3.87,3.63,3.63,3.86,23599175,88482979.75,-5.9585,2.3301,1,0,none,baostock,query_history_k_data_plus
600310,SHSE.600310,,SH,A股-上交所,2022-04-26,3.67,3.71,3.49,3.52,3.63,22408676,81238795.56,-3.0303,2.2126,1,0,none,baostock,query_history_k_data_plus
600310,SHSE.600310,,SH,A股-上交所,2022-04-27,3.43,3.65,3.36,3.61,3.52,21105128,73707114.68,2.5568,2.0839,1,0,none,baostock,query_history_k_data_plus
600310,SHSE.600310,,SH,A股-上交所,2022-04-28,3.57,3.65,3.51,3.56,3.61,19959297,71447987.27,-1.385,1.9708,1,0,none,baostock,query_history_k_data_plus
600310,SHSE.600310,,SH,A股-上交所,2022-04-29,3.56,3.73,3.55,3.69,3.56,21954415,80513993.9,3.6517,2.1677,1,0,none,baostock,query_history_k_data_plus
600310,SHSE.600310,,SH,A股-上交所,2022-05-05,3.69,3.88,3.67,3.82,3.69,22253008,84739141.56,3.523,2.1972,1,0,none,baostock,query_history_k_data_plus
600310,SHSE.600310,,SH,A股-上交所,2022-05-06,3.7,3.75,3.67,3.69,3.82,16694527,61882490.35,-3.4031,1.6484,1,0,none,baostock,query_history_k_data_plus
600310,SHSE.600310,,SH,A股-上交所,2022-05-09,3.7,3.75,3.68,3.72,3.69,12257626,45626147.46,0.813,1.2103,1,0,none,baostock,query_history_k_data_plus
600310,SHSE.600310,,SH,A股-上交所,2022-05-10,3.68,3.83,3.65,3.81,3.72,28348241,106579207.41,2.4194,2.7991,1,0,none,baostock,query_history_k_data_plus
600310,SHSE.600310,,SH,A股-上交所,2022-05-11,3.82,3.89,3.77,3.79,3.81,26153700,100659196.0,-0.5249,2.5824,1,0,none,baostock,query_history_k_data_plus
600310,SHSE.600310,,SH,A股-上交所,2022-05-12,3.79,4.01,3.78,3.87,3.79,31397610,122048828.6,2.1108,3.1002,1,0,none,baostock,query_history_k_data_plus
600310,SHSE.600310,,SH,A股-上交所,2022-05-13,3.88,3.93,3.83,3.86,3.87,19677118,76067968.44,-0.2584,1.9429,1,0,none,baostock,query_history_k_data_plus
600310,SHSE.600310,,SH,A股-上交所,2022-05-16,3.87,3.89,3.74,3.78,3.86,20931830,79444915.8,-2.0725,2.0668,1,0,none,baostock,query_history_k_data_plus
600310,SHSE.600310,,SH,A股-上交所,2022-05-17,3.81,3.82,3.69,3.73,3.78,13881900,51908637.0,-1.3228,1.3707,1,0,none,baostock,query_history_k_data_plus
600310,SHSE.600310,,SH,A股-上交所,2022-05-18,3.77,3.88,3.72,3.84,3.73,22218149,84716764.23,2.9491,2.1938,1,0,none,baostock,query_history_k_data_plus
600310,SHSE.600310,,SH,A股-上交所,2022-05-19,3.8,3.89,3.74,3.88,3.84,21693680,82968863.22,1.0417,2.142,1,0,none,baostock,query_history_k_data_plus
600310,SHSE.600310,,SH,A股-上交所,2022-05-20,3.88,3.94,3.83,3.93,3.88,26508670,103407224.62,1.2887,2.6174,1,0,none,baostock,query_history_k_data_plus
600310,SHSE.600310,,SH,A股-上交所,2022-05-23,3.3,3.34,3.24,3.29,3.26,21118578,69312040.32,0.9202,1.7377,1,0,none,baostock,query_history_k_data_plus
600310,SHSE.600310,,SH,A股-上交所,2022-05-24,3.26,3.36,3.15,3.18,3.29,39715213,129341424.34,-3.3435,3.2679,1,0,none,baostock,query_history_k_data_plus
600310,SHSE.600310,,SH,A股-上交所,2022-05-25,3.22,3.31,3.17,3.3,3.18,38285726,124668153.05,3.7736,3.1502,1,0,none,baostock,query_history_k_data_plus
600310,SHSE.600310,,SH,A股-上交所,2022-05-26,3.35,3.37,3.29,3.33,3.3,33811623,112332855.91,0.9091,2.7821,1,0,none,baostock,query_history_k_data_plus
600310,SHSE.600310,,SH,A股-上交所,2022-05-27,3.33,3.34,3.22,3.28,3.33,24088123,79308107.74,-1.5015,1.982,1,0,none,baostock,query_history_k_data_plus
600310,SHSE.600310,,SH,A股-上交所,2022-05-30,3.31,3.38,3.29,3.38,3.28,32475366,108599205.3,3.0488,2.6721,1,0,none,baostock,query_history_k_data_plus
600310,SHSE.600310,,SH,A股-上交所,2022-05-31,3.42,3.43,3.35,3.42,3.38,29201418,99486864.56,1.1834,2.4028,1,0,none,baostock,query_history_k_data_plus
600310,SHSE.600310,,SH,A股-上交所,2022-06-01,3.4,3.48,3.37,3.47,3.42,40475520,138438830.47,1.462,3.3304,1,0,none,baostock,query_history_k_data_plus
600310,SHSE.600310,,SH,A股-上交所,2022-06-02,3.42,3.66,3.4,3.53,3.47,69251212,244287504.29,1.7291,5.6981,1,0,none,baostock,query_history_k_data_plus
600310,SHSE.600310,,SH,A股-上交所,2022-06-06,3.54,3.78,3.5,3.71,3.53,77511850,284178781.97,5.0992,6.3778,1,0,none,baostock,query_history_k_data_plus
600310,SHSE.600310,,SH,A股-上交所,2022-06-07,3.71,3.74,3.58,3.62,3.71,50017532,181874258.08,-2.4259,4.1156,1,0,none,baostock,query_history_k_data_plus
600310,SHSE.600310,,SH,A股-上交所,2022-06-08,3.61,3.7,3.54,3.62,3.62,49805156,180142669.77,0.0,4.0981,1,0,none,baostock,query_history_k_data_plus
600310,SHSE.600310,,SH,A股-上交所,2022-06-09,3.61,3.7,3.56,3.57,3.62,45126786,163648060.14,-1.3812,3.7131,1,0,none,baostock,query_history_k_data_plus
600310,SHSE.600310,,SH,A股-上交所,2022-06-10,3.56,3.7,3.51,3.65,3.57,41049540,149670483.72,2.2409,3.3776,1,0,none,baostock,query_history_k_data_plus
600310,SHSE.600310,,SH,A股-上交所,2022-06-13,3.61,3.63,3.5,3.54,3.65,38550240,137306454.2,-3.0137,3.172,1,0,none,baostock,query_history_k_data_plus
600310,SHSE.600310,,SH,A股-上交所,2022-06-14,3.51,3.63,3.45,3.62,3.54,37256191,132511201.31,2.2599,3.0655,1,0,none,baostock,query_history_k_data_plus
600310,SHSE.600310,,SH,A股-上交所,2022-06-15,3.62,3.66,3.58,3.58,3.62,39418296,142580295.18,-1.105,3.2434,1,0,none,baostock,query_history_k_data_plus
600310,SHSE.600310,,SH,A股-上交所,2022-06-16,3.58,3.61,3.52,3.55,3.58,26272431,93658573.74,-0.838,2.1618,1,0,none,baostock,query_history_k_data_plus
600310,SHSE.600310,,SH,A股-上交所,2022-06-17,3.53,3.58,3.47,3.53,3.55,27123554,95604883.74,-0.5634,2.2318,1,0,none,baostock,query_history_k_data_plus
600310,SHSE.600310,,SH,A股-上交所,2022-06-20,3.55,3.65,3.53,3.6,3.53,35673782,128336047.5,1.983,2.9353,1,0,none,baostock,query_history_k_data_plus
600310,SHSE.600310,,SH,A股-上交所,2022-06-21,3.62,3.65,3.53,3.57,3.6,26507078,94989803.64,-0.8333,2.1811,1,0,none,baostock,query_history_k_data_plus
600310,SHSE.600310,,SH,A股-上交所,2022-06-22,3.58,3.59,3.51,3.52,3.57,21250605,75526683.15,-1.4006,1.7485,1,0,none,baostock,query_history_k_data_plus
600310,SHSE.600310,,SH,A股-上交所,2022-06-23,3.52,3.53,3.44,3.51,3.52,29509656,102696192.4,-0.2841,2.4281,1,0,none,baostock,query_history_k_data_plus
600310,SHSE.600310,,SH,A股-上交所,2022-06-24,3.52,3.53,3.44,3.47,3.51,22620111,78543785.86,-1.1396,1.8612,1,0,none,baostock,query_history_k_data_plus
600310,SHSE.600310,,SH,A股-上交所,2022-06-27,3.49,3.52,3.45,3.48,3.47,22812639,79459694.26,0.2882,1.8771,1,0,none,baostock,query_history_k_data_plus
600310,SHSE.600310,,SH,A股-上交所,2022-06-28,3.47,3.55,3.45,3.52,3.48,24098264,84617705.84,1.1494,1.9829,1,0,none,baostock,query_history_k_data_plus
600310,SHSE.600310,,SH,A股-上交所,2022-06-29,3.52,3.52,3.41,3.42,3.52,22401143,77583528.67,-2.8409,1.8432,1,0,none,baostock,query_history_k_data_plus
600310,SHSE.600310,,SH,A股-上交所,2022-06-30,3.43,3.47,3.4,3.43,3.42,19088215,65490293.1,0.2924,1.5706,1,0,none,baostock,query_history_k_data_plus
600310,SHSE.600310,,SH,A股-上交所,2022-07-01,3.43,3.77,3.43,3.77,3.43,148292388,549538706.45,9.9125,12.2018,1,0,none,baostock,query_history_k_data_plus
600310,SHSE.600310,,SH,A股-上交所,2022-07-04,3.76,4.05,3.66,3.91,3.77,160683568,617444457.16,3.7135,13.2214,1,0,none,baostock,query_history_k_data_plus
600310,SHSE.600310,,SH,A股-上交所,2022-07-05,3.83,4.25,3.81,4.15,3.91,154228181,621949455.49,6.1381,12.6902,1,0,none,baostock,query_history_k_data_plus
600310,SHSE.600310,,SH,A股-上交所,2022-07-06,4.11,4.17,3.92,3.95,4.15,99062223,396964716.4,-4.8193,8.1511,1,0,none,baostock,query_history_k_data_plus
600310,SHSE.600310,,SH,A股-上交所,2022-07-07,3.96,4.29,3.95,4.11,3.95,111889134,462470929.71,4.0506,9.2065,1,0,none,baostock,query_history_k_data_plus
600310,SHSE.600310,,SH,A股-上交所,2022-07-08,4.11,4.15,3.97,4.01,4.11,77891565,313423386.5,-2.4331,6.4091,1,0,none,baostock,query_history_k_data_plus
600310,SHSE.600310,,SH,A股-上交所,2022-07-11,4.01,4.08,3.96,4.0,4.01,58507697,235174347.52,-0.2494,4.8141,1,0,none,baostock,query_history_k_data_plus
600310,SHSE.600310,,SH,A股-上交所,2022-07-12,3.96,4.13,3.93,3.99,4.0,65540680,265851037.08,-0.25,5.3928,1,0,none,baostock,query_history_k_data_plus
600310,SHSE.600310,,SH,A股-上交所,2022-07-13,3.99,4.12,3.9,4.12,3.99,65601421,264419934.12,3.2581,5.3978,1,0,none,baostock,query_history_k_data_plus
600310,SHSE.600310,,SH,A股-上交所,2022-07-14,4.03,4.04,3.85,3.95,4.12,84844548,333182381.79,-4.1262,6.9812,1,0,none,baostock,query_history_k_data_plus
600310,SHSE.600310,,SH,A股-上交所,2022-07-15,3.9,3.95,3.79,3.8,3.95,54722628,211144615.8,-3.7975,4.5027,1,0,none,baostock,query_history_k_data_plus
600310,SHSE.600310,,SH,A股-上交所,2022-07-18,3.82,3.99,3.82,3.97,3.8,46882737,184742826.51,4.4737,3.8576,1,0,none,baostock,query_history_k_data_plus
600310,SHSE.600310,,SH,A股-上交所,2022-07-19,3.97,3.98,3.86,3.89,3.97,32307743,125884692.71,-2.0151,2.6584,1,0,none,baostock,query_history_k_data_plus
600310,SHSE.600310,,SH,A股-上交所,2022-07-20,3.63,3.71,3.51,3.67,3.89,115607210,415830553.17,-5.6555,9.5124,1,0,none,baostock,query_history_k_data_plus
600310,SHSE.600310,,SH,A股-上交所,2022-07-21,3.63,3.65,3.51,3.52,3.67,69876191,249530466.86,-4.0872,5.7496,1,0,none,baostock,query_history_k_data_plus
600310,SHSE.600310,,SH,A股-上交所,2022-07-22,3.52,3.7,3.51,3.59,3.52,65597320,236895630.05,1.9886,5.3975,1,0,none,baostock,query_history_k_data_plus
600310,SHSE.600310,,SH,A股-上交所,2022-07-25,3.64,3.75,3.53,3.57,3.59,45413558,163856976.44,-0.5571,3.7367,1,0,none,baostock,query_history_k_data_plus
600310,SHSE.600310,,SH,A股-上交所,2022-07-26,3.53,3.56,3.46,3.56,3.57,28997446,101882374.08,-0.2801,2.386,1,0,none,baostock,query_history_k_data_plus
600310,SHSE.600310,,SH,A股-上交所,2022-07-27,3.54,3.58,3.47,3.5,3.56,37180979,130289257.88,-1.6854,3.0593,1,0,none,baostock,query_history_k_data_plus
600310,SHSE.600310,,SH,A股-上交所,2022-07-28,3.52,3.56,3.48,3.49,3.5,30808579,108102845.86,-0.2857,2.535,1,0,none,baostock,query_history_k_data_plus
600310,SHSE.600310,,SH,A股-上交所,2022-07-29,3.48,3.58,3.47,3.49,3.49,46290615,163356303.82,0.0,3.8089,1,0,none,baostock,query_history_k_data_plus
600310,SHSE.600310,,SH,A股-上交所,2022-08-01,3.48,3.48,3.4,3.44,3.49,28127240,96570390.4,-1.4327,2.3144,1,0,none,baostock,query_history_k_data_plus
600310,SHSE.600310,,SH,A股-上交所,2022-08-02,3.41,3.42,3.2,3.25,3.44,46122827,150620143.27,-5.5233,3.7951,1,0,none,baostock,query_history_k_data_plus
600310,SHSE.600310,,SH,A股-上交所,2022-08-03,3.24,3.32,3.19,3.21,3.25,27048237,88139894.55,-1.2308,2.2256,1,0,none,baostock,query_history_k_data_plus
600310,SHSE.600310,,SH,A股-上交所,2022-08-04,3.23,3.31,3.22,3.31,3.21,25553941,83481829.0,3.1153,2.1026,1,0,none,baostock,query_history_k_data_plus
600310,SHSE.600310,,SH,A股-上交所,2022-08-05,3.32,3.32,3.24,3.3,3.31,19316424,63270631.0,-0.3021,1.5894,1,0,none,baostock,query_history_k_data_plus
600310,SHSE.600310,,SH,A股-上交所,2022-08-08,3.29,3.35,3.27,3.34,3.3,20928246,69516406.0,1.2121,1.722,1,0,none,baostock,query_history_k_data_plus
600310,SHSE.600310,,SH,A股-上交所,2022-08-09,3.34,3.35,3.31,3.31,3.34,14274500,47486305.0,-0.8982,1.1745,1,0,none,baostock,query_history_k_data_plus
600310,SHSE.600310,,SH,A股-上交所,2022-08-10,3.31,3.31,3.26,3.27,3.31,17284594,56645799.0,-1.2085,1.4222,1,0,none,baostock,query_history_k_data_plus
600310,SHSE.600310,,SH,A股-上交所,2022-08-11,3.29,3.36,3.28,3.35,3.27,22552513,75102214.0,2.4465,1.8557,1,0,none,baostock,query_history_k_data_plus
600310,SHSE.600310,,SH,A股-上交所,2022-08-12,3.35,3.42,3.33,3.4,3.35,24595059,83482533.0,1.4925,2.0237,1,0,none,baostock,query_history_k_data_plus
600310,SHSE.600310,,SH,A股-上交所,2022-08-15,3.4,3.49,3.37,3.48,3.4,33498695,115269527.89,2.3529,2.7563,1,0,none,baostock,query_history_k_data_plus
600310,SHSE.600310,,SH,A股-上交所,2022-08-16,3.54,3.65,3.5,3.61,3.48,56241386,200670863.61,3.7356,4.6277,1,0,none,baostock,query_history_k_data_plus
600310,SHSE.600310,,SH,A股-上交所,2022-08-17,3.58,3.72,3.57,3.67,3.61,57419586,209974270.9,1.662,4.7246,1,0,none,baostock,query_history_k_data_plus
600310,SHSE.600310,,SH,A股-上交所,2022-08-18,3.66,3.7,3.58,3.6,3.67,35129676,127398511.52,-1.9074,2.8905,1,0,none,baostock,query_history_k_data_plus
600310,SHSE.600310,,SH,A股-上交所,2022-08-19,3.61,3.72,3.55,3.68,3.6,52257221,190186592.85,2.2222,4.2998,1,0,none,baostock,query_history_k_data_plus
600310,SHSE.600310,,SH,A股-上交所,2022-08-22,3.64,3.73,3.61,3.64,3.68,38013737,139286827.31,-1.087,3.1279,1,0,none,baostock,query_history_k_data_plus
600310,SHSE.600310,,SH,A股-上交所,2022-08-23,3.6,3.75,3.59,3.71,3.64,34209818,125990649.85,1.9231,2.8149,1,0,none,baostock,query_history_k_data_plus
600310,SHSE.600310,,SH,A股-上交所,2022-08-24,3.71,3.74,3.59,3.62,3.71,30296183,110263467.22,-2.4259,2.4928,1,0,none,baostock,query_history_k_data_plus
600310,SHSE.600310,,SH,A股-上交所,2022-08-25,3.62,3.68,3.53,3.61,3.62,25762186,92538922.08,-0.2762,2.1198,1,0,none,baostock,query_history_k_data_plus
600310,SHSE.600310,,SH,A股-上交所,2022-08-26,3.64,3.64,3.53,3.55,3.61,21840776,78164688.57,-1.662,1.7971,1,0,none,baostock,query_history_k_data_plus
600310,SHSE.600310,,SH,A股-上交所,2022-08-29,3.52,3.6,3.49,3.58,3.55,23246985,82532554.54,0.8451,1.9128,1,0,none,baostock,query_history_k_data_plus
600310,SHSE.600310,,SH,A股-上交所,2022-08-30,3.59,3.66,3.48,3.52,3.58,23015988,81220236.16,-1.676,1.8938,1,0,none,baostock,query_history_k_data_plus
600310,SHSE.600310,,SH,A股-上交所,2022-08-31,3.55,3.6,3.41,3.42,3.52,27294578,94745548.67,-2.8409,2.2459,1,0,none,baostock,query_history_k_data_plus
600310,SHSE.600310,,SH,A股-上交所,2022-09-01,3.42,3.44,3.36,3.37,3.42,16402040,55793596.14,-1.462,1.3496,1,0,none,baostock,query_history_k_data_plus
600310,SHSE.600310,,SH,A股-上交所,2022-09-02,3.37,3.54,3.36,3.44,3.37,19936323,68810167.42,2.0772,1.6404,1,0,none,baostock,query_history_k_data_plus
600310,SHSE.600310,,SH,A股-上交所,2022-09-05,3.44,3.5,3.42,3.49,3.44,14713121,51029765.46,1.4535,1.2106,1,0,none,baostock,query_history_k_data_plus
600310,SHSE.600310,,SH,A股-上交所,2022-09-06,3.5,3.59,3.46,3.59,3.49,21316306,75469020.86,2.8653,1.754,1,0,none,baostock,query_history_k_data_plus
600310,SHSE.600310,,SH,A股-上交所,2022-09-07,3.58,3.68,3.55,3.67,3.59,29249750,105809182.49,2.2284,2.4067,1,0,none,baostock,query_history_k_data_plus
600310,SHSE.600310,,SH,A股-上交所,2022-09-08,3.64,3.78,3.64,3.69,3.67,36325776,134713437.19,0.545,2.989,1,0,none,baostock,query_history_k_data_plus
600310,SHSE.600310,,SH,A股-上交所,2022-09-09,3.7,3.71,3.62,3.64,3.69,17370120,63570513.6,-1.355,1.4293,1,0,none,baostock,query_history_k_data_plus
600310,SHSE.600310,,SH,A股-上交所,2022-09-13,3.63,3.67,3.53,3.55,3.64,19975831,71463302.14,-2.4725,1.6437,1,0,none,baostock,query_history_k_data_plus
600310,SHSE.600310,,SH,A股-上交所,2022-09-14,3.51,3.56,3.46,3.48,3.55,19350547,67661396.56,-1.9718,1.5922,1,0,none,baostock,query_history_k_data_plus
600310,SHSE.600310,,SH,A股-上交所,2022-09-15,3.5,3.53,3.36,3.4,3.48,20245420,69343980.8,-2.2989,1.6658,1,0,none,baostock,query_history_k_data_plus
600310,SHSE.600310,,SH,A股-上交所,2022-09-16,3.41,3.41,3.23,3.23,3.4,26505539,87478167.97,-5.0,2.1809,1,0,none,baostock,query_history_k_data_plus
600310,SHSE.600310,,SH,A股-上交所,2022-09-19,3.25,3.25,3.15,3.2,3.23,15874040,50802477.8,-0.9288,1.3062,1,0,none,baostock,query_history_k_data_plus
600310,SHSE.600310,,SH,A股-上交所,2022-09-20,3.21,3.26,3.2,3.23,3.2,15653145,50523068.64,0.9375,1.288,1,0,none,baostock,query_history_k_data_plus
600310,SHSE.600310,,SH,A股-上交所,2022-09-21,3.21,3.33,3.17,3.3,3.23,17768507,57909738.15,2.1672,1.462,1,0,none,baostock,query_history_k_data_plus
600310,SHSE.600310,,SH,A股-上交所,2022-09-22,3.28,3.34,3.27,3.29,3.3,14248681,47054215.5,-0.303,1.1724,1,0,none,baostock,query_history_k_data_plus
600310,SHSE.600310,,SH,A股-上交所,2022-09-23,3.27,3.31,3.21,3.21,3.29,15722201,51095871.62,-2.4316,1.2937,1,0,none,baostock,query_history_k_data_plus
600310,SHSE.600310,,SH,A股-上交所,2022-09-26,3.2,3.2,3.06,3.08,3.21,22231960,69420885.2,-4.0498,1.8293,1,0,none,baostock,query_history_k_data_plus
600310,SHSE.600310,,SH,A股-上交所,2022-09-27,3.08,3.17,3.07,3.17,3.08,15072928,47092322.12,2.9221,1.2402,1,0,none,baostock,query_history_k_data_plus
600310,SHSE.600310,,SH,A股-上交所,2022-09-28,3.15,3.18,3.07,3.09,3.17,15146436,47142323.8,-2.5237,1.2463,1,0,none,baostock,query_history_k_data_plus
600310,SHSE.600310,,SH,A股-上交所,2022-09-29,3.11,3.15,3.02,3.04,3.09,15150163,46556236.96,-1.6181,1.2466,1,0,none,baostock,query_history_k_data_plus
600310,SHSE.600310,,SH,A股-上交所,2022-09-30,3.04,3.06,3.0,3.03,3.04,11344501,34428735.83,-0.3289,0.9335,1,0,none,baostock,query_history_k_data_plus
600310,SHSE.600310,,SH,A股-上交所,2022-10-10,3.06,3.1,3.0,3.01,3.03,15455701,47154497.33,-0.6601,1.2717,1,0,none,baostock,query_history_k_data_plus
600310,SHSE.600310,,SH,A股-上交所,2022-10-11,3.01,3.09,2.95,3.09,3.01,19407315,58704247.49,2.6578,1.5969,1,0,none,baostock,query_history_k_data_plus
600310,SHSE.600310,,SH,A股-上交所,2022-10-12,3.09,3.17,3.04,3.17,3.09,16793420,52070352.2,2.589,1.3818,1,0,none,baostock,query_history_k_data_plus
600310,SHSE.600310,,SH,A股-上交所,2022-10-13,3.15,3.25,3.13,3.22,3.17,23188685,74194364.1,1.5773,1.908,1,0,none,baostock,query_history_k_data_plus
600310,SHSE.600310,,SH,A股-上交所,2022-10-14,3.21,3.25,3.21,3.24,3.22,15913557,51430942.79,0.6211,1.3094,1,0,none,baostock,query_history_k_data_plus
600310,SHSE.600310,,SH,A股-上交所,2022-10-17,3.21,3.23,3.15,3.22,3.24,13624173,43544014.19,-0.6173,1.121,1,0,none,baostock,query_history_k_data_plus
600310,SHSE.600310,,SH,A股-上交所,2022-10-18,3.21,3.24,3.18,3.19,3.22,12092600,38788737.2,-0.9317,0.995,1,0,none,baostock,query_history_k_data_plus
600310,SHSE.600310,,SH,A股-上交所,2022-10-19,3.2,3.2,3.14,3.14,3.19,10443580,33086345.8,-1.5674,0.8593,1,0,none,baostock,query_history_k_data_plus
600310,SHSE.600310,,SH,A股-上交所,2022-10-20,3.13,3.16,3.1,3.11,3.14,14547684,45474934.24,-0.9554,1.197,1,0,none,baostock,query_history_k_data_plus
600310,SHSE.600310,,SH,A股-上交所,2022-10-21,3.12,3.21,3.12,3.16,3.11,18663426,59055461.1,1.6077,1.5357,1,0,none,baostock,query_history_k_data_plus
600310,SHSE.600310,,SH,A股-上交所,2022-10-24,3.17,3.21,3.08,3.09,3.16,16331740,51371147.0,-2.2152,1.3438,1,0,none,baostock,query_history_k_data_plus
600310,SHSE.600310,,SH,A股-上交所,2022-10-25,3.09,3.12,3.02,3.11,3.09,16118900,49527710.6,0.6472,1.3263,1,0,none,baostock,query_history_k_data_plus
600310,SHSE.600310,,SH,A股-上交所,2022-10-26,3.12,3.15,3.09,3.14,3.11,13608060,42586062.0,0.9646,1.1197,1,0,none,baostock,query_history_k_data_plus
600310,SHSE.600310,,SH,A股-上交所,2022-10-27,3.09,3.11,3.02,3.04,3.14,35540960,108492170.93,-3.1847,2.9244,1,0,none,baostock,query_history_k_data_plus
600310,SHSE.600310,,SH,A股-上交所,2022-10-28,3.04,3.04,2.88,2.89,3.04,30945300,91292127.88,-4.9342,2.5462,1,0,none,baostock,query_history_k_data_plus
600310,SHSE.600310,,SH,A股-上交所,2022-10-31,2.91,2.94,2.85,2.89,2.89,20244307,58454828.5,0.0,1.6657,1,0,none,baostock,query_history_k_data_plus
600310,SHSE.600310,,SH,A股-上交所,2022-11-01,2.9,2.95,2.88,2.95,2.89,13141667,38405925.51,2.0761,1.0813,1,0,none,baostock,query_history_k_data_plus
600310,SHSE.600310,,SH,A股-上交所,2022-11-02,2.95,2.97,2.92,2.97,2.95,16137526,47521573.5,0.678,1.3278,1,0,none,baostock,query_history_k_data_plus
600310,SHSE.600310,,SH,A股-上交所,2022-11-03,2.95,3.02,2.93,2.96,2.97,18272620,54170660.6,-0.3367,1.5035,1,0,none,baostock,query_history_k_data_plus
600310,SHSE.600310,,SH,A股-上交所,2022-11-04,2.97,3.02,2.97,3.01,2.96,14973180,44945313.0,1.6892,1.232,1,0,none,baostock,query_history_k_data_plus
600310,SHSE.600310,,SH,A股-上交所,2022-11-07,3.03,3.06,3.0,3.04,3.01,15727024,47765663.76,0.9967,1.2941,1,0,none,baostock,query_history_k_data_plus
600310,SHSE.600310,,SH,A股-上交所,2022-11-08,3.06,3.06,3.02,3.04,3.04,10750846,32647963.44,0.0,0.8846,1,0,none,baostock,query_history_k_data_plus
600310,SHSE.600310,,SH,A股-上交所,2022-11-09,3.05,3.08,3.03,3.06,3.04,15376273,47036191.58,0.6579,1.2652,1,0,none,baostock,query_history_k_data_plus
600310,SHSE.600310,,SH,A股-上交所,2022-11-10,3.06,3.06,3.02,3.04,3.06,9332120,28405966.2,-0.6536,0.7679,1,0,none,baostock,query_history_k_data_plus
600310,SHSE.600310,,SH,A股-上交所,2022-11-11,3.08,3.1,3.06,3.07,3.04,13111269,40309934.23,0.9868,1.0788,1,0,none,baostock,query_history_k_data_plus
600310,SHSE.600310,,SH,A股-上交所,2022-11-14,3.07,3.09,3.04,3.06,3.07,12670460,38832374.2,-0.3257,1.0426,1,0,none,baostock,query_history_k_data_plus
600310,SHSE.600310,,SH,A股-上交所,2022-11-15,3.05,3.12,3.04,3.11,3.06,16910739,52309071.32,1.634,1.3915,1,0,none,baostock,query_history_k_data_plus
600310,SHSE.600310,,SH,A股-上交所,2022-11-16,3.11,3.21,3.11,3.15,3.11,21786786,68802656.18,1.2862,1.7927,1,0,none,baostock,query_history_k_data_plus
600310,SHSE.600310,,SH,A股-上交所,2022-11-17,3.17,3.17,3.1,3.14,3.15,14318815,44865786.6,-0.3175,1.1782,1,0,none,baostock,query_history_k_data_plus
600310,SHSE.600310,,SH,A股-上交所,2022-11-18,3.16,3.16,3.11,3.13,3.14,11957720,37446885.4,-0.3185,0.9839,1,0,none,baostock,query_history_k_data_plus
600310,SHSE.600310,,SH,A股-上交所,2022-11-21,3.11,3.15,3.07,3.13,3.13,11966914,37288434.08,0.0,0.9847,1,0,none,baostock,query_history_k_data_plus
600310,SHSE.600310,,SH,A股-上交所,2022-11-22,3.12,3.16,3.11,3.12,3.13,13466354,42246964.08,-0.3195,1.108,1,0,none,baostock,query_history_k_data_plus
600310,SHSE.600310,,SH,A股-上交所,2022-11-23,3.11,3.17,3.09,3.16,3.12,17370674,54438862.2,1.2821,1.4293,1,0,none,baostock,query_history_k_data_plus
600310,SHSE.600310,,SH,A股-上交所,2022-11-24,3.15,3.19,3.14,3.14,3.16,11417291,36058142.96,-0.6329,0.9394,1,0,none,baostock,query_history_k_data_plus
600310,SHSE.600310,,SH,A股-上交所,2022-11-25,3.13,3.18,3.13,3.17,3.14,13673398,43191889.6,0.9554,1.1251,1,0,none,baostock,query_history_k_data_plus
600310,SHSE.600310,,SH,A股-上交所,2022-11-28,3.13,3.2,3.1,3.19,3.17,18322618,57823286.22,0.6309,1.5076,1,0,none,baostock,query_history_k_data_plus
600310,SHSE.600310,,SH,A股-上交所,2022-11-29,3.2,3.21,3.17,3.2,3.19,20124838,64254052.58,0.3135,1.6559,1,0,none,baostock,query_history_k_data_plus
600310,SHSE.600310,,SH,A股-上交所,2022-11-30,3.24,3.24,3.17,3.19,3.2,15924239,51127396.59,-0.3125,1.3103,1,0,none,baostock,query_history_k_data_plus
600310,SHSE.600310,,SH,A股-上交所,2022-12-01,3.2,3.22,3.16,3.17,3.19,14888980,47449085.0,-0.627,1.2251,1,0,none,baostock,query_history_k_data_plus
600310,SHSE.600310,,SH,A股-上交所,2022-12-02,3.17,3.19,3.14,3.17,3.17,11858019,37479722.85,0.0,0.9757,1,0,none,baostock,query_history_k_data_plus
600310,SHSE.600310,,SH,A股-上交所,2022-12-05,3.18,3.25,3.17,3.25,3.17,21292045,68450022.35,2.5237,1.752,1,0,none,baostock,query_history_k_data_plus
600310,SHSE.600310,,SH,A股-上交所,2022-12-06,3.24,3.24,3.18,3.19,3.25,17408814,55713260.72,-1.8462,1.4324,1,0,none,baostock,query_history_k_data_plus
600310,SHSE.600310,,SH,A股-上交所,2022-12-07,3.19,3.21,3.15,3.17,3.19,11435514,36304788.18,-0.627,0.9409,1,0,none,baostock,query_history_k_data_plus
600310,SHSE.600310,,SH,A股-上交所,2022-12-08,3.17,3.21,3.14,3.17,3.17,11885539,37641490.81,0.0,0.978,1,0,none,baostock,query_history_k_data_plus
600310,SHSE.600310,,SH,A股-上交所,2022-12-09,3.18,3.18,3.11,3.13,3.17,13427804,42106170.04,-1.2618,1.1049,1,0,none,baostock,query_history_k_data_plus
600310,SHSE.600310,,SH,A股-上交所,2022-12-12,3.13,3.14,3.05,3.06,3.13,12568500,38850980.4,-2.2364,1.0342,1,0,none,baostock,query_history_k_data_plus
600310,SHSE.600310,,SH,A股-上交所,2022-12-13,3.06,3.1,3.04,3.09,3.06,9801100,30174790.2,0.9804,0.8065,1,0,none,baostock,query_history_k_data_plus
600310,SHSE.600310,,SH,A股-上交所,2022-12-14,3.09,3.1,3.05,3.06,3.09,8578980,26364761.2,-0.9709,0.7059,1,0,none,baostock,query_history_k_data_plus
600310,SHSE.600310,,SH,A股-上交所,2022-12-15,3.05,3.07,3.03,3.07,3.06,9179940,27979116.0,0.3268,0.7553,1,0,none,baostock,query_history_k_data_plus
600310,SHSE.600310,,SH,A股-上交所,2022-12-16,3.06,3.08,3.02,3.04,3.07,11349080,34589413.2,-0.9772,0.9338,1,0,none,baostock,query_history_k_data_plus
600310,SHSE.600310,,SH,A股-上交所,2022-12-19,3.05,3.05,2.94,2.96,3.04,14840780,44284840.4,-2.6316,1.2211,1,0,none,baostock,query_history_k_data_plus
600310,SHSE.600310,,SH,A股-上交所,2022-12-20,2.96,3.0,2.94,2.99,2.96,8609121,25589883.82,1.0135,0.7084,1,0,none,baostock,query_history_k_data_plus
600310,SHSE.600310,,SH,A股-上交所,2022-12-21,2.98,3.0,2.95,2.96,2.99,7067040,21004415.2,-1.0033,0.5815,1,0,none,baostock,query_history_k_data_plus
600310,SHSE.600310,,SH,A股-上交所,2022-12-22,2.97,2.98,2.9,2.91,2.96,8386071,24647485.52,-1.6892,0.69,1,0,none,baostock,query_history_k_data_plus
600310,SHSE.600310,,SH,A股-上交所,2022-12-23,2.9,2.97,2.89,2.97,2.91,10518228,30907741.27,2.0619,0.8655,1,0,none,baostock,query_history_k_data_plus
600310,SHSE.600310,,SH,A股-上交所,2022-12-26,2.97,3.01,2.95,3.0,2.97,8732480,25942515.6,1.0101,0.7185,1,0,none,baostock,query_history_k_data_plus
600310,SHSE.600310,,SH,A股-上交所,2022-12-27,3.0,3.03,2.98,3.03,3.0,8340667,25097614.87,1.0,0.6863,1,0,none,baostock,query_history_k_data_plus
600310,SHSE.600310,,SH,A股-上交所,2022-12-28,3.03,3.14,2.99,3.12,3.03,26340574,81682061.22,2.9703,2.1674,1,0,none,baostock,query_history_k_data_plus
600310,SHSE.600310,,SH,A股-上交所,2022-12-29,3.12,3.17,3.08,3.13,3.12,17132358,53537149.15,0.3205,1.4097,1,0,none,baostock,query_history_k_data_plus
600310,SHSE.600310,,SH,A股-上交所,2022-12-30,3.14,3.17,3.1,3.16,3.13,14069120,44217367.2,0.9585,1.1576,1,0,none,baostock,query_history_k_data_plus
600310,SHSE.600310,,SH,A股-上交所,2023-01-03,3.16,3.2,3.15,3.19,3.16,15609443,49714037.94,0.9494,1.2844,1,0,none,baostock,query_history_k_data_plus
600310,SHSE.600310,,SH,A股-上交所,2023-01-04,3.2,3.24,3.19,3.21,3.19,18903975,60818222.75,0.627,1.5555,1,0,none,baostock,query_history_k_data_plus
600310,SHSE.600310,,SH,A股-上交所,2023-01-05,3.23,3.23,3.17,3.19,3.21,12794369,40908860.66,-0.6231,1.0527,1,0,none,baostock,query_history_k_data_plus
600310,SHSE.600310,,SH,A股-上交所,2023-01-06,3.19,3.22,3.15,3.15,3.19,10237669,32541345.24,-1.2539,0.8424,1,0,none,baostock,query_history_k_data_plus
600310,SHSE.600310,,SH,A股-上交所,2023-01-09,3.17,3.18,3.09,3.1,3.15,19581545,61059999.05,-1.5873,1.6112,1,0,none,baostock,query_history_k_data_plus
600310,SHSE.600310,,SH,A股-上交所,2023-01-10,3.11,3.12,3.06,3.07,3.1,11676440,36002046.4,-0.9677,0.9608,1,0,none,baostock,query_history_k_data_plus
600310,SHSE.600310,,SH,A股-上交所,2023-01-11,3.09,3.1,3.03,3.04,3.07,12037200,36834332.4,-0.9772,0.9904,1,0,none,baostock,query_history_k_data_plus
600310,SHSE.600310,,SH,A股-上交所,2023-01-12,3.03,3.05,3.01,3.02,3.04,10677940,32323294.6,-0.6579,0.8786,1,0,none,baostock,query_history_k_data_plus
600310,SHSE.600310,,SH,A股-上交所,2023-01-13,3.02,3.04,3.01,3.03,3.02,12042009,36376969.38,0.3311,0.9908,1,0,none,baostock,query_history_k_data_plus
600310,SHSE.600310,,SH,A股-上交所,2023-01-16,3.03,3.23,3.02,3.19,3.03,32604844,102773281.05,5.2805,2.6828,1,0,none,baostock,query_history_k_data_plus
600310,SHSE.600310,,SH,A股-上交所,2023-01-17,3.19,3.21,3.12,3.14,3.19,15372287,48492603.48,-1.5674,1.2649,1,0,none,baostock,query_history_k_data_plus
600310,SHSE.600310,,SH,A股-上交所,2023-01-18,3.16,3.16,3.11,3.12,3.14,8946084,27957808.84,-0.6369,0.7361,1,0,none,baostock,query_history_k_data_plus
600310,SHSE.600310,,SH,A股-上交所,2023-01-19,3.12,3.13,3.1,3.13,3.12,9692060,30177565.0,0.3205,0.7975,1,0,none,baostock,query_history_k_data_plus
600310,SHSE.600310,,SH,A股-上交所,2023-01-20,3.13,3.15,3.11,3.14,3.13,11897680,37275060.6,0.3195,0.979,1,0,none,baostock,query_history_k_data_plus
600310,SHSE.600310,,SH,A股-上交所,2023-01-30,3.16,3.19,3.14,3.18,3.14,15826586,50082920.36,1.2739,1.3022,1,0,none,baostock,query_history_k_data_plus
600310,SHSE.600310,,SH,A股-上交所,2023-01-31,3.16,3.18,3.14,3.17,3.18,10492753,33200931.68,-0.3145,0.8634,1,0,none,baostock,query_history_k_data_plus
600310,SHSE.600310,,SH,A股-上交所,2023-02-01,3.18,3.21,3.17,3.21,3.17,10921492,34858722.44,1.2618,0.8986,1,0,none,baostock,query_history_k_data_plus
600310,SHSE.600310,,SH,A股-上交所,2023-02-02,3.22,3.23,3.18,3.2,3.21,11261880,36052551.4,-0.3115,0.9267,1,0,none,baostock,query_history_k_data_plus
600310,SHSE.600310,,SH,A股-上交所,2023-02-03,3.19,3.2,3.14,3.17,3.2,11695366,37026946.62,-0.9375,0.9623,1,0,none,baostock,query_history_k_data_plus
600310,SHSE.600310,,SH,A股-上交所,2023-02-06,3.17,3.24,3.15,3.2,3.17,14653115,46960110.31,0.9464,1.2057,1,0,none,baostock,query_history_k_data_plus
600310,SHSE.600310,,SH,A股-上交所,2023-02-07,3.2,3.24,3.18,3.23,3.2,11876284,38247982.48,0.9375,0.9772,1,0,none,baostock,query_history_k_data_plus
600310,SHSE.600310,,SH,A股-上交所,2023-02-08,3.23,3.24,3.18,3.19,3.23,10069300,32249925.2,-1.2384,0.8285,1,0,none,baostock,query_history_k_data_plus
600310,SHSE.600310,,SH,A股-上交所,2023-02-09,3.17,3.21,3.16,3.2,3.19,10256380,32714660.2,0.3135,0.8439,1,0,none,baostock,query_history_k_data_plus
600310,SHSE.600310,,SH,A股-上交所,2023-02-10,3.2,3.26,3.18,3.25,3.2,17251960,55616673.4,1.5625,1.4195,1,0,none,baostock,query_history_k_data_plus
600310,SHSE.600310,,SH,A股-上交所,2023-02-13,3.25,3.31,3.24,3.27,3.25,18899494,62173802.38,0.6154,1.5551,1,0,none,baostock,query_history_k_data_plus
600310,SHSE.600310,,SH,A股-上交所,2023-02-14,3.28,3.36,3.27,3.32,3.27,20571544,68322903.51,1.5291,1.6927,1,0,none,baostock,query_history_k_data_plus
600310,SHSE.600310,,SH,A股-上交所,2023-02-15,3.32,3.33,3.27,3.28,3.32,12126940,39839045.2,-1.2048,0.9978,1,0,none,baostock,query_history_k_data_plus
600310,SHSE.600310,,SH,A股-上交所,2023-02-16,3.28,3.28,3.18,3.21,3.28,16291600,52700307.6,-2.1341,1.3405,1,0,none,baostock,query_history_k_data_plus
600310,SHSE.600310,,SH,A股-上交所,2023-02-17,3.19,3.24,3.19,3.19,3.21,13080125,42042606.99,-0.6231,1.0763,1,0,none,baostock,query_history_k_data_plus
600310,SHSE.600310,,SH,A股-上交所,2023-02-20,3.19,3.23,3.16,3.22,3.19,11296880,36155548.0,0.9404,0.9295,1,0,none,baostock,query_history_k_data_plus
600310,SHSE.600310,,SH,A股-上交所,2023-02-21,3.21,3.26,3.2,3.24,3.22,10571117,34182002.71,0.6211,0.8698,1,0,none,baostock,query_history_k_data_plus
600310,SHSE.600310,,SH,A股-上交所,2023-02-22,3.23,3.24,3.2,3.22,3.24,7964960,25609689.4,-0.6173,0.6554,1,0,none,baostock,query_history_k_data_plus
600310,SHSE.600310,,SH,A股-上交所,2023-02-23,3.22,3.23,3.18,3.2,3.22,8581465,27488021.15,-0.6211,0.7061,1,0,none,baostock,query_history_k_data_plus
600310,SHSE.600310,,SH,A股-上交所,2023-02-24,3.19,3.21,3.17,3.19,3.2,8343334,26610499.26,-0.3125,0.6865,1,0,none,baostock,query_history_k_data_plus
600310,SHSE.600310,,SH,A股-上交所,2023-02-27,3.19,3.19,3.15,3.15,3.19,8339134,26426594.35,-1.2539,0.6862,1,0,none,baostock,query_history_k_data_plus
600310,SHSE.600310,,SH,A股-上交所,2023-02-28,3.15,3.2,3.15,3.19,3.15,9453520,30000316.8,1.2698,0.7779,1,0,none,baostock,query_history_k_data_plus
600310,SHSE.600310,,SH,A股-上交所,2023-03-01,3.19,3.2,3.17,3.2,3.19,8848881,28217435.73,0.3135,0.7281,1,0,none,baostock,query_history_k_data_plus
600310,SHSE.600310,,SH,A股-上交所,2023-03-02,3.2,3.21,3.18,3.19,3.2,8954820,28606783.0,-0.3125,0.7368,1,0,none,baostock,query_history_k_data_plus
600310,SHSE.600310,,SH,A股-上交所,2023-03-03,3.2,3.26,3.18,3.26,3.19,18998689,61526960.01,2.1944,1.5633,1,0,none,baostock,query_history_k_data_plus
600310,SHSE.600310,,SH,A股-上交所,2023-03-06,3.26,3.27,3.23,3.25,3.26,11862040,38500867.0,-0.3067,0.976,1,0,none,baostock,query_history_k_data_plus
600310,SHSE.600310,,SH,A股-上交所,2023-03-07,3.25,3.28,3.21,3.21,3.25,12711760,41281256.2,-1.2308,1.046,1,0,none,baostock,query_history_k_data_plus
600310,SHSE.600310,,SH,A股-上交所,2023-03-08,3.2,3.23,3.17,3.2,3.21,9675420,30927649.8,-0.3115,0.7961,1,0,none,baostock,query_history_k_data_plus
600310,SHSE.600310,,SH,A股-上交所,2023-03-09,3.2,3.21,3.16,3.18,3.2,8110340,25782744.8,-0.625,0.6673,1,0,none,baostock,query_history_k_data_plus
600310,SHSE.600310,,SH,A股-上交所,2023-03-10,3.17,3.17,3.11,3.12,3.18,10605442,33244303.3,-1.8868,0.8726,1,0,none,baostock,query_history_k_data_plus
600310,SHSE.600310,,SH,A股-上交所,2023-03-13,3.12,3.15,3.08,3.11,3.12,9791280,30385348.49,-0.3205,0.8056,1,0,none,baostock,query_history_k_data_plus
600310,SHSE.600310,,SH,A股-上交所,2023-03-14,3.11,3.13,3.05,3.1,3.11,10867975,33615347.8,-0.3215,0.8942,1,0,none,baostock,query_history_k_data_plus
600310,SHSE.600310,,SH,A股-上交所,2023-03-15,3.12,3.18,3.1,3.18,3.1,12373633,38926736.49,2.5806,1.0181,1,0,none,baostock,query_history_k_data_plus
600310,SHSE.600310,,SH,A股-上交所,2023-03-16,3.17,3.2,3.1,3.12,3.18,10169671,32001977.1,-1.8868,0.8368,1,0,none,baostock,query_history_k_data_plus
600310,SHSE.600310,,SH,A股-上交所,2023-03-17,3.12,3.17,3.11,3.12,3.12,8138920,25529528.8,0.0,0.6697,1,0,none,baostock,query_history_k_data_plus
600310,SHSE.600310,,SH,A股-上交所,2023-03-20,3.13,3.16,3.09,3.11,3.12,10711049,33428819.86,-0.3205,0.8813,1,0,none,baostock,query_history_k_data_plus
600310,SHSE.600310,,SH,A股-上交所,2023-03-21,3.1,3.13,3.08,3.1,3.11,9300900,28768586.6,-0.3215,0.7653,1,0,none,baostock,query_history_k_data_plus
600310,SHSE.600310,,SH,A股-上交所,2023-03-22,3.1,3.13,3.09,3.13,3.1,9800800,30481018.4,0.9677,0.8064,1,0,none,baostock,query_history_k_data_plus
600310,SHSE.600310,,SH,A股-上交所,2023-03-23,3.12,3.12,3.08,3.11,3.13,9348040,28918539.8,-0.639,0.7692,1,0,none,baostock,query_history_k_data_plus
600310,SHSE.600310,,SH,A股-上交所,2023-03-24,3.11,3.12,3.06,3.08,3.11,11191829,34475803.63,-0.9646,0.9209,1,0,none,baostock,query_history_k_data_plus
600310,SHSE.600310,,SH,A股-上交所,2023-03-27,3.09,3.1,3.03,3.04,3.08,13467204,41024142.4,-1.2987,1.1081,1,0,none,baostock,query_history_k_data_plus
600310,SHSE.600310,,SH,A股-上交所,2023-03-28,3.06,3.07,3.04,3.04,3.04,8616779,26292871.46,0.0,0.709,1,0,none,baostock,query_history_k_data_plus
600310,SHSE.600310,,SH,A股-上交所,2023-03-29,3.05,3.06,2.99,2.99,3.04,11371900,34250301.0,-1.6447,0.9357,1,0,none,baostock,query_history_k_data_plus
600310,SHSE.600310,,SH,A股-上交所,2023-03-30,3.0,3.05,2.98,3.03,2.99,11809160,35603608.8,1.3378,0.9717,1,0,none,baostock,query_history_k_data_plus
600310,SHSE.600310,,SH,A股-上交所,2023-03-31,3.02,3.06,3.02,3.04,3.03,8142479,24744947.4,0.33,0.67,1,0,none,baostock,query_history_k_data_plus
600310,SHSE.600310,,SH,A股-上交所,2023-04-03,3.04,3.06,3.02,3.05,3.04,8237920,25015799.6,0.3289,0.6778,1,0,none,baostock,query_history_k_data_plus
600310,SHSE.600310,,SH,A股-上交所,2023-04-04,3.06,3.06,3.0,3.01,3.05,9885120,29851614.0,-1.3115,0.8134,1,0,none,baostock,query_history_k_data_plus
600310,SHSE.600310,,SH,A股-上交所,2023-04-06,3.01,3.01,2.98,2.98,3.01,8627440,25771631.2,-0.9967,0.7099,1,0,none,baostock,query_history_k_data_plus
600310,SHSE.600310,,SH,A股-上交所,2023-04-07,2.99,2.99,2.97,2.98,2.98,8746060,26083295.8,0.0,0.7196,1,0,none,baostock,query_history_k_data_plus
600310,SHSE.600310,,SH,A股-上交所,2023-04-10,2.99,3.0,2.96,2.98,2.98,11696784,34848168.68,0.0,0.9624,1,0,none,baostock,query_history_k_data_plus
600310,SHSE.600310,,SH,A股-上交所,2023-04-11,2.98,2.98,2.94,2.96,2.98,11684720,34489504.8,-0.6711,0.9614,1,0,none,baostock,query_history_k_data_plus
600310,SHSE.600310,,SH,A股-上交所,2023-04-12,2.98,2.98,2.96,2.97,2.96,8142460,24169555.6,0.3378,0.67,1,0,none,baostock,query_history_k_data_plus
600310,SHSE.600310,,SH,A股-上交所,2023-04-13,2.97,3.01,2.97,3.0,2.97,9346996,27977737.04,1.0101,0.7691,1,0,none,baostock,query_history_k_data_plus
600310,SHSE.600310,,SH,A股-上交所,2023-04-14,3.0,3.04,2.99,3.04,3.0,12047915,36334390.78,1.3333,0.9913,1,0,none,baostock,query_history_k_data_plus
600310,SHSE.600310,,SH,A股-上交所,2023-04-17,3.03,3.07,3.02,3.05,3.04,10418189,31783404.36,0.3289,0.8572,1,0,none,baostock,query_history_k_data_plus
600310,SHSE.600310,,SH,A股-上交所,2023-04-18,3.05,3.06,3.02,3.03,3.05,7793744,23606837.28,-0.6557,0.6413,1,0,none,baostock,query_history_k_data_plus
600310,SHSE.600310,,SH,A股-上交所,2023-04-19,3.03,3.03,2.98,2.99,3.03,7241080,21737943.0,-1.3201,0.5958,1,0,none,baostock,query_history_k_data_plus
600310,SHSE.600310,,SH,A股-上交所,2023-04-20,2.99,2.99,2.95,2.96,2.99,7631705,22601902.8,-1.0033,0.628,1,0,none,baostock,query_history_k_data_plus
600310,SHSE.600310,,SH,A股-上交所,2023-04-21,2.97,2.98,2.92,2.92,2.96,9858920,29020753.6,-1.3514,0.8112,1,0,none,baostock,query_history_k_data_plus
600310,SHSE.600310,,SH,A股-上交所,2023-04-24,2.93,2.97,2.89,2.95,2.92,10037951,29389930.69,1.0274,0.8259,1,0,none,baostock,query_history_k_data_plus
600310,SHSE.600310,,SH,A股-上交所,2023-04-25,2.95,2.95,2.87,2.9,2.95,10337220,30053591.82,-1.6949,0.8506,1,0,none,baostock,query_history_k_data_plus
600310,SHSE.600310,,SH,A股-上交所,2023-04-26,2.92,3.03,2.92,3.01,2.9,22093403,66249708.34,3.7931,1.8179,1,0,none,baostock,query_history_k_data_plus
600310,SHSE.600310,,SH,A股-上交所,2023-04-27,3.03,3.03,2.99,3.01,3.01,9918233,29851804.2,0.0,0.8161,1,0,none,baostock,query_history_k_data_plus
600310,SHSE.600310,,SH,A股-上交所,2023-04-28,3.0,3.05,2.99,3.04,3.01,12211642,36990478.58,0.9967,1.0048,1,0,none,baostock,query_history_k_data_plus
600310,SHSE.600310,,SH,A股-上交所,2023-05-04,3.04,3.11,3.03,3.1,3.04,15691865,48427604.5,1.9737,1.2912,1,0,none,baostock,query_history_k_data_plus
600310,SHSE.600310,,SH,A股-上交所,2023-05-05,3.09,3.12,3.06,3.12,3.1,15256914,47209197.4,0.6452,1.2554,1,0,none,baostock,query_history_k_data_plus
600310,SHSE.600310,,SH,A股-上交所,2023-05-08,3.12,3.17,3.11,3.17,3.12,18966056,59879082.0,1.6026,1.5606,1,0,none,baostock,query_history_k_data_plus
600310,SHSE.600310,,SH,A股-上交所,2023-05-09,3.16,3.18,3.1,3.12,3.17,19204773,60403183.02,-1.5773,1.5802,1,0,none,baostock,query_history_k_data_plus
600310,SHSE.600310,,SH,A股-上交所,2023-05-10,3.12,3.15,3.1,3.12,3.12,13617220,42494815.6,0.0,1.1205,1,0,none,baostock,query_history_k_data_plus
600310,SHSE.600310,,SH,A股-上交所,2023-05-11,3.12,3.19,3.1,3.17,3.12,18150244,57379660.28,1.6026,1.4934,1,0,none,baostock,query_history_k_data_plus
600310,SHSE.600310,,SH,A股-上交所,2023-05-12,3.16,3.22,3.15,3.19,3.17,22098938,70698170.46,0.6309,1.8183,1,0,none,baostock,query_history_k_data_plus
600310,SHSE.600310,,SH,A股-上交所,2023-05-15,3.21,3.24,3.18,3.2,3.19,22262816,71403809.65,0.3135,1.8318,1,0,none,baostock,query_history_k_data_plus
600310,SHSE.600310,,SH,A股-上交所,2023-05-16,3.2,3.23,3.17,3.19,3.2,18239916,58398956.85,-0.3125,1.5008,1,0,none,baostock,query_history_k_data_plus
600310,SHSE.600310,,SH,A股-上交所,2023-05-17,3.27,3.51,3.25,3.51,3.19,72965475,246891520.61,10.0313,6.0038,1,0,none,baostock,query_history_k_data_plus
600310,SHSE.600310,,SH,A股-上交所,2023-05-18,3.51,3.52,3.34,3.35,3.51,116338979,397854744.93,-4.5584,9.5726,1,0,none,baostock,query_history_k_data_plus
600310,SHSE.600310,,SH,A股-上交所,2023-05-19,3.37,3.38,3.26,3.3,3.35,55239671,182425519.7,-1.4925,4.5452,1,0,none,baostock,query_history_k_data_plus
600310,SHSE.600310,,SH,A股-上交所,2023-05-22,3.31,3.63,3.3,3.63,3.3,62738690,222418337.53,10.0,5.1623,1,0,none,baostock,query_history_k_data_plus
600310,SHSE.600310,,SH,A股-上交所,2023-05-23,3.99,3.99,3.99,3.99,3.63,42751774,170579578.26,9.9174,3.5177,1,0,none,baostock,query_history_k_data_plus
600310,SHSE.600310,,SH,A股-上交所,2023-05-24,4.08,4.39,3.9,4.39,3.99,337161165,1442261628.01,10.0251,27.7424,1,0,none,baostock,query_history_k_data_plus
600310,SHSE.600310,,SH,A股-上交所,2023-05-25,4.25,4.83,4.14,4.83,4.39,186280936,853803995.33,10.0228,15.3276,1,0,none,baostock,query_history_k_data_plus
600310,SHSE.600310,,SH,A股-上交所,2023-05-26,5.08,5.09,4.4,4.48,4.83,344338471,1637705378.79,-7.2464,28.3329,1,0,none,baostock,query_history_k_data_plus
600310,SHSE.600310,,SH,A股-上交所,2023-05-29,4.24,4.93,4.24,4.93,4.48,268050827,1256270954.47,10.0446,22.0558,1,0,none,baostock,query_history_k_data_plus
600310,SHSE.600310,,SH,A股-上交所,2023-05-30,4.96,5.42,4.88,5.31,4.93,346070417,1812680812.99,7.7079,28.4754,1,0,none,baostock,query_history_k_data_plus
600310,SHSE.600310,,SH,A股-上交所,2023-05-31,4.87,5.07,4.78,4.78,5.31,233600759,1138292224.11,-9.9812,19.2212,1,0,none,baostock,query_history_k_data_plus
600310,SHSE.600310,,SH,A股-上交所,2023-06-01,4.5,4.76,4.41,4.5,4.78,210247490,955607580.97,-5.8577,17.2996,1,0,none,baostock,query_history_k_data_plus
600310,SHSE.600310,,SH,A股-上交所,2023-06-02,4.58,4.7,4.48,4.57,4.5,158687870,727440045.0,1.5556,13.0572,1,0,none,baostock,query_history_k_data_plus
600310,SHSE.600310,,SH,A股-上交所,2023-06-05,4.5,4.75,4.38,4.67,4.57,179088400,826352903.3,2.1882,14.7358,1,0,none,baostock,query_history_k_data_plus
600310,SHSE.600310,,SH,A股-上交所,2023-06-06,4.52,4.54,4.2,4.24,4.67,180402106,783365809.4,-9.2077,14.8439,1,0,none,baostock,query_history_k_data_plus
600310,SHSE.600310,,SH,A股-上交所,2023-06-07,4.22,4.34,4.12,4.3,4.24,107165205,457526969.0,1.4151,8.8178,1,0,none,baostock,query_history_k_data_plus
600310,SHSE.600310,,SH,A股-上交所,2023-06-08,4.27,4.51,4.18,4.43,4.3,149788073,652521336.17,3.0233,12.3249,1,0,none,baostock,query_history_k_data_plus
600310,SHSE.600310,,SH,A股-上交所,2023-06-09,4.38,4.58,4.33,4.49,4.43,142218893,636031168.15,1.3544,11.7021,1,0,none,baostock,query_history_k_data_plus
600310,SHSE.600310,,SH,A股-上交所,2023-06-12,4.49,4.56,4.34,4.38,4.49,104927642,463640786.89,-2.4499,8.6337,1,0,none,baostock,query_history_k_data_plus
600310,SHSE.600310,,SH,A股-上交所,2023-06-13,4.4,4.67,4.4,4.51,4.38,139465323,630545232.07,2.968,11.4755,1,0,none,baostock,query_history_k_data_plus
600310,SHSE.600310,,SH,A股-上交所,2023-06-14,4.46,4.5,4.31,4.34,4.51,105262486,459347590.97,-3.7694,8.6612,1,0,none,baostock,query_history_k_data_plus
600310,SHSE.600310,,SH,A股-上交所,2023-06-15,4.29,4.41,4.22,4.37,4.34,83821717,363063297.19,0.6912,6.897,1,0,none,baostock,query_history_k_data_plus
600310,SHSE.600310,,SH,A股-上交所,2023-06-16,4.32,4.4,4.26,4.34,4.37,64259273,277739752.09,-0.6865,5.2874,1,0,none,baostock,query_history_k_data_plus
600310,SHSE.600310,,SH,A股-上交所,2023-06-19,4.34,4.55,4.28,4.5,4.34,128743785,571117480.91,3.6866,10.5933,1,0,none,baostock,query_history_k_data_plus
600310,SHSE.600310,,SH,A股-上交所,2023-06-20,4.47,4.48,4.35,4.4,4.5,82845001,364716977.6,-2.2222,6.8167,1,0,none,baostock,query_history_k_data_plus
600310,SHSE.600310,,SH,A股-上交所,2023-06-21,4.36,4.82,4.35,4.68,4.4,201821701,937868195.19,6.3636,16.6063,1,0,none,baostock,query_history_k_data_plus
600310,SHSE.600310,,SH,A股-上交所,2023-06-26,4.81,5.15,4.8,5.15,4.68,179212438,909209000.41,10.0427,14.746,1,0,none,baostock,query_history_k_data_plus
600310,SHSE.600310,,SH,A股-上交所,2023-06-27,5.67,5.67,5.2,5.5,5.15,338691495,1865485074.14,6.7961,27.8683,1,0,none,baostock,query_history_k_data_plus
600310,SHSE.600310,,SH,A股-上交所,2023-06-28,5.27,6.05,5.27,6.05,5.5,310983478,1803063469.07,10.0,25.5884,1,0,none,baostock,query_history_k_data_plus
600310,SHSE.600310,,SH,A股-上交所,2023-06-29,5.9,6.48,5.51,5.71,6.05,333268413,1996297832.69,-5.6198,27.4221,1,0,none,baostock,query_history_k_data_plus
600310,SHSE.600310,,SH,A股-上交所,2023-06-30,5.61,5.82,5.22,5.24,5.71,237418949,1274510218.46,-8.2312,19.5353,1,0,none,baostock,query_history_k_data_plus
600310,SHSE.600310,,SH,A股-上交所,2023-07-03,5.25,5.59,5.17,5.4,5.24,202107539,1084422825.66,3.0534,16.6298,1,0,none,baostock,query_history_k_data_plus
600310,SHSE.600310,,SH,A股-上交所,2023-07-04,5.33,5.5,5.21,5.3,5.4,150210208,798422605.31,-1.8519,12.3596,1,0,none,baostock,query_history_k_data_plus
600310,SHSE.600310,,SH,A股-上交所,2023-07-05,5.29,5.46,5.26,5.28,5.3,115138919,614772136.97,-0.3774,9.4739,1,0,none,baostock,query_history_k_data_plus
600310,SHSE.600310,,SH,A股-上交所,2023-07-06,5.22,5.36,5.05,5.14,5.28,115938459,596834203.4,-2.6515,9.5397,1,0,none,baostock,query_history_k_data_plus
600310,SHSE.600310,,SH,A股-上交所,2023-07-07,5.16,5.38,5.12,5.27,5.14,151621284,799385806.65,2.5292,12.4757,1,0,none,baostock,query_history_k_data_plus
600310,SHSE.600310,,SH,A股-上交所,2023-07-10,5.27,5.45,5.15,5.25,5.27,127011686,669523891.28,-0.3795,10.4508,1,0,none,baostock,query_history_k_data_plus
600310,SHSE.600310,,SH,A股-上交所,2023-07-11,5.15,5.16,4.96,5.1,5.25,105657406,533771663.06,-2.8571,8.6937,1,0,none,baostock,query_history_k_data_plus
600310,SHSE.600310,,SH,A股-上交所,2023-07-12,5.08,5.08,4.91,4.95,5.1,99526068,496481148.77,-2.9412,8.1892,1,0,none,baostock,query_history_k_data_plus
600310,SHSE.600310,,SH,A股-上交所,2023-07-13,4.88,4.91,4.74,4.83,4.95,102837893,494529679.08,-2.4242,8.4617,1,0,none,baostock,query_history_k_data_plus
600310,SHSE.600310,,SH,A股-上交所,2023-07-14,4.76,4.77,4.62,4.7,4.83,79287735,371198436.17,-2.6915,6.524,1,0,none,baostock,query_history_k_data_plus
600310,SHSE.600310,,SH,A股-上交所,2023-07-17,4.69,4.74,4.63,4.67,4.7,53970292,252056436.56,-0.6383,4.4408,1,0,none,baostock,query_history_k_data_plus
600310,SHSE.600310,,SH,A股-上交所,2023-07-18,4.7,4.71,4.57,4.62,4.67,45593180,210286974.16,-1.0707,3.7515,1,0,none,baostock,query_history_k_data_plus
600310,SHSE.600310,,SH,A股-上交所,2023-07-19,4.63,4.68,4.55,4.57,4.62,38883449,178573484.13,-1.0823,3.1994,1,0,none,baostock,query_history_k_data_plus
600310,SHSE.600310,,SH,A股-上交所,2023-07-20,4.57,4.59,4.46,4.47,4.57,50838088,229122327.76,-2.1882,4.1831,1,0,none,baostock,query_history_k_data_plus
600310,SHSE.600310,,SH,A股-上交所,2023-07-21,4.48,4.54,4.44,4.46,4.47,41788932,187538873.57,-0.2237,3.4385,1,0,none,baostock,query_history_k_data_plus
600310,SHSE.600310,,SH,A股-上交所,2023-07-24,4.47,4.54,4.41,4.49,4.46,43277952,194068825.36,0.6726,3.561,1,0,none,baostock,query_history_k_data_plus
600310,SHSE.600310,,SH,A股-上交所,2023-07-25,4.53,4.58,4.43,4.51,4.49,62336356,279986664.55,0.4454,5.1292,1,0,none,baostock,query_history_k_data_plus
600310,SHSE.600310,,SH,A股-上交所,2023-07-26,4.5,4.5,4.36,4.39,4.51,49453088,217288469.76,-2.6608,4.0691,1,0,none,baostock,query_history_k_data_plus
600310,SHSE.600310,,SH,A股-上交所,2023-07-27,4.37,4.45,4.33,4.33,4.39,34146793,149374075.3,-1.3667,2.8097,1,0,none,baostock,query_history_k_data_plus
600310,SHSE.600310,,SH,A股-上交所,2023-07-28,4.32,4.36,4.26,4.34,4.33,35846367,154677746.67,0.2309,2.9495,1,0,none,baostock,query_history_k_data_plus
600310,SHSE.600310,,SH,A股-上交所,2023-07-31,4.34,4.45,4.3,4.43,4.34,46890269,205686839.07,2.0737,3.8582,1,0,none,baostock,query_history_k_data_plus
600310,SHSE.600310,,SH,A股-上交所,2023-08-01,4.43,4.57,4.37,4.5,4.43,103774266,465542057.13,1.5801,8.5388,1,0,none,baostock,query_history_k_data_plus
600310,SHSE.600310,,SH,A股-上交所,2023-08-02,4.45,4.49,4.33,4.44,4.5,60946018,268540681.18,-1.3333,5.0148,1,0,none,baostock,query_history_k_data_plus
600310,SHSE.600310,,SH,A股-上交所,2023-08-03,4.41,4.53,4.38,4.45,4.44,46297674,206545568.24,0.2252,3.8095,1,0,none,baostock,query_history_k_data_plus
600310,SHSE.600310,,SH,A股-上交所,2023-08-04,4.47,4.56,4.4,4.41,4.45,55278900,246367292.8,-0.8989,4.5485,1,0,none,baostock,query_history_k_data_plus
600310,SHSE.600310,,SH,A股-上交所,2023-08-07,4.42,4.44,4.38,4.39,4.41,27297309,120127841.34,-0.4535,2.2461,1,0,none,baostock,query_history_k_data_plus
600310,SHSE.600310,,SH,A股-上交所,2023-08-08,4.39,4.5,4.34,4.35,4.39,40699934,179072201.24,-0.9112,3.3489,1,0,none,baostock,query_history_k_data_plus
600310,SHSE.600310,,SH,A股-上交所,2023-08-09,4.35,4.36,4.29,4.29,4.35,31670841,136491047.77,-1.3793,2.6059,1,0,none,baostock,query_history_k_data_plus
600310,SHSE.600310,,SH,A股-上交所,2023-08-10,4.28,4.33,4.27,4.28,4.29,18859029,80921164.32,-0.2331,1.5518,1,0,none,baostock,query_history_k_data_plus
600310,SHSE.600310,,SH,A股-上交所,2023-08-11,4.29,4.3,4.18,4.18,4.28,30387124,128298967.32,-2.3364,2.5003,1,0,none,baostock,query_history_k_data_plus
600310,SHSE.600310,,SH,A股-上交所,2023-08-14,4.16,4.23,4.13,4.22,4.18,22489143,94337003.43,0.9569,1.8505,1,0,none,baostock,query_history_k_data_plus
600310,SHSE.600310,,SH,A股-上交所,2023-08-15,4.23,4.24,4.15,4.17,4.22,18377580,77076011.8,-1.1848,1.5121,1,0,none,baostock,query_history_k_data_plus
600310,SHSE.600310,,SH,A股-上交所,2023-08-16,4.16,4.19,4.11,4.12,4.17,17775120,73700962.2,-1.199,1.4626,1,0,none,baostock,query_history_k_data_plus
600310,SHSE.600310,,SH,A股-上交所,2023-08-17,4.12,4.18,4.05,4.18,4.12,26943414,111244251.79,1.4563,2.217,1,0,none,baostock,query_history_k_data_plus
600310,SHSE.600310,,SH,A股-上交所,2023-08-18,4.16,4.18,4.09,4.09,4.18,19561900,80836735.2,-2.1531,1.6096,1,0,none,baostock,query_history_k_data_plus
600310,SHSE.600310,,SH,A股-上交所,2023-08-21,4.07,4.12,4.05,4.05,4.09,17444520,71254955.4,-0.978,1.4354,1,0,none,baostock,query_history_k_data_plus
600310,SHSE.600310,,SH,A股-上交所,2023-08-22,4.07,4.12,3.98,4.05,4.05,23502420,94773005.6,0.0,1.9338,1,0,none,baostock,query_history_k_data_plus
600310,SHSE.600310,,SH,A股-上交所,2023-08-23,4.06,4.06,3.97,3.98,4.05,21094900,84541822.8,-1.7284,1.7357,1,0,none,baostock,query_history_k_data_plus
600310,SHSE.600310,,SH,A股-上交所,2023-08-24,3.98,4.02,3.93,3.93,3.98,20942162,82788079.5,-1.2563,1.7232,1,0,none,baostock,query_history_k_data_plus
600310,SHSE.600310,,SH,A股-上交所,2023-08-25,3.92,3.97,3.85,3.86,3.93,30621700,119457407.8,-1.7812,2.5196,1,0,none,baostock,query_history_k_data_plus
600310,SHSE.600310,,SH,A股-上交所,2023-08-28,4.09,4.12,3.91,3.92,3.86,37193217,148508570.67,1.5544,3.0603,1,0,none,baostock,query_history_k_data_plus
600310,SHSE.600310,,SH,A股-上交所,2023-08-29,3.9,4.0,3.89,3.98,3.92,28164729,111554535.85,1.5306,2.3175,1,0,none,baostock,query_history_k_data_plus
600310,SHSE.600310,,SH,A股-上交所,2023-08-30,3.97,4.01,3.88,3.9,3.98,31787900,125052170.95,-2.0101,2.6156,1,0,none,baostock,query_history_k_data_plus
600310,SHSE.600310,,SH,A股-上交所,2023-08-31,3.9,3.93,3.85,3.86,3.9,26653172,103290832.36,-1.0256,2.1931,1,0,none,baostock,query_history_k_data_plus
600310,SHSE.600310,,SH,A股-上交所,2023-09-01,3.87,3.88,3.8,3.82,3.86,18174220,69604349.6,-1.0363,1.4954,1,0,none,baostock,query_history_k_data_plus
600310,SHSE.600310,,SH,A股-上交所,2023-09-04,3.85,3.94,3.83,3.94,3.82,30319844,118044967.84,3.1414,2.4948,1,0,none,baostock,query_history_k_data_plus
600310,SHSE.600310,,SH,A股-上交所,2023-09-05,3.94,4.01,3.88,3.95,3.94,30793484,121213989.68,0.2538,2.5338,1,0,none,baostock,query_history_k_data_plus
600310,SHSE.600310,,SH,A股-上交所,2023-09-06,3.95,3.95,3.82,3.83,3.95,27306001,105168589.63,-3.038,2.2468,1,0,none,baostock,query_history_k_data_plus
600310,SHSE.600310,,SH,A股-上交所,2023-09-07,3.83,3.83,3.72,3.72,3.83,26014518,97693500.14,-2.8721,2.1405,1,0,none,baostock,query_history_k_data_plus
600310,SHSE.600310,,SH,A股-上交所,2023-09-08,3.74,3.82,3.71,3.79,3.72,24280488,91521209.8,1.8817,1.9979,1,0,none,baostock,query_history_k_data_plus
600310,SHSE.600310,,SH,A股-上交所,2023-09-11,3.78,3.85,3.76,3.85,3.79,19188300,73210724.4,1.5831,1.5789,1,0,none,baostock,query_history_k_data_plus
600310,SHSE.600310,,SH,A股-上交所,2023-09-12,3.83,3.91,3.82,3.83,3.85,17081560,65840584.0,-0.5195,1.4055,1,0,none,baostock,query_history_k_data_plus
600310,SHSE.600310,,SH,A股-上交所,2023-09-13,3.83,3.91,3.77,3.8,3.83,22757220,87132165.2,-0.7833,1.8725,1,0,none,baostock,query_history_k_data_plus
600310,SHSE.600310,,SH,A股-上交所,2023-09-14,3.79,3.86,3.78,3.8,3.8,17329379,66057274.82,0.0,1.4259,1,0,none,baostock,query_history_k_data_plus
600310,SHSE.600310,,SH,A股-上交所,2023-09-15,3.82,3.82,3.72,3.74,3.8,16399519,61510022.05,-1.5789,1.3494,1,0,none,baostock,query_history_k_data_plus
600310,SHSE.600310,,SH,A股-上交所,2023-09-18,3.75,3.75,3.71,3.73,3.74,11089700,41394339.0,-0.2674,0.9125,1,0,none,baostock,query_history_k_data_plus
600310,SHSE.600310,,SH,A股-上交所,2023-09-19,3.72,3.75,3.69,3.7,3.73,13350160,49642862.2,-0.8043,1.0985,1,0,none,baostock,query_history_k_data_plus
600310,SHSE.600310,,SH,A股-上交所,2023-09-20,3.71,3.72,3.65,3.65,3.7,13467980,49497679.2,-1.3514,1.1082,1,0,none,baostock,query_history_k_data_plus
600310,SHSE.600310,,SH,A股-上交所,2023-09-21,3.66,3.69,3.61,3.62,3.65,12992378,47353195.68,-0.8219,1.069,1,0,none,baostock,query_history_k_data_plus
600310,SHSE.600310,,SH,A股-上交所,2023-09-22,3.62,3.69,3.6,3.68,3.62,17218640,62841953.2,1.6575,1.4168,1,0,none,baostock,query_history_k_data_plus
600310,SHSE.600310,,SH,A股-上交所,2023-09-25,3.66,3.67,3.58,3.59,3.68,15557000,56306361.0,-2.4457,1.2801,1,0,none,baostock,query_history_k_data_plus
600310,SHSE.600310,,SH,A股-上交所,2023-09-26,3.58,3.62,3.57,3.59,3.59,12904260,46389548.8,0.0,1.0618,1,0,none,baostock,query_history_k_data_plus
600310,SHSE.600310,,SH,A股-上交所,2023-09-27,3.59,3.65,3.58,3.59,3.59,14284200,51627328.0,0.0,1.1753,1,0,none,baostock,query_history_k_data_plus
600310,SHSE.600310,,SH,A股-上交所,2023-09-28,3.59,3.67,3.59,3.65,3.59,17564160,64010920.2,1.6713,1.4452,1,0,none,baostock,query_history_k_data_plus
600310,SHSE.600310,,SH,A股-上交所,2023-10-09,3.65,3.67,3.55,3.57,3.65,19960360,71584117.8,-2.1918,1.6424,1,0,none,baostock,query_history_k_data_plus
600310,SHSE.600310,,SH,A股-上交所,2023-10-10,3.58,3.61,3.55,3.55,3.57,13541540,48424891.0,-0.5602,1.1142,1,0,none,baostock,query_history_k_data_plus
600310,SHSE.600310,,SH,A股-上交所,2023-10-11,3.55,3.56,3.51,3.52,3.55,14164000,50067890.0,-0.8451,1.1654,1,0,none,baostock,query_history_k_data_plus
600310,SHSE.600310,,SH,A股-上交所,2023-10-12,3.52,3.59,3.51,3.57,3.52,18423220,65616162.8,1.4205,1.5159,1,0,none,baostock,query_history_k_data_plus
600310,SHSE.600310,,SH,A股-上交所,2023-10-13,3.56,3.56,3.46,3.47,3.57,22238640,77542830.4,-2.8011,1.8298,1,0,none,baostock,query_history_k_data_plus
600310,SHSE.600310,,SH,A股-上交所,2023-10-16,3.49,3.55,3.45,3.48,3.47,14497460,50540971.2,0.2882,1.1929,1,0,none,baostock,query_history_k_data_plus
600310,SHSE.600310,,SH,A股-上交所,2023-10-17,3.47,3.53,3.46,3.5,3.48,13777960,48122505.2,0.5747,1.1337,1,0,none,baostock,query_history_k_data_plus
600310,SHSE.600310,,SH,A股-上交所,2023-10-18,3.52,3.52,3.42,3.43,3.5,13287832,45815241.16,-2.0,1.0934,1,0,none,baostock,query_history_k_data_plus
600310,SHSE.600310,,SH,A股-上交所,2023-10-19,3.42,3.48,3.39,3.39,3.43,11927000,40847536.8,-1.1662,0.9814,1,0,none,baostock,query_history_k_data_plus
600310,SHSE.600310,,SH,A股-上交所,2023-10-20,3.39,3.46,3.36,3.41,3.39,14228000,48690901.0,0.59,1.1707,1,0,none,baostock,query_history_k_data_plus
600310,SHSE.600310,,SH,A股-上交所,2023-10-23,3.39,3.4,3.3,3.31,3.41,16984580,56780987.8,-2.9326,1.3975,1,0,none,baostock,query_history_k_data_plus
600310,SHSE.600310,,SH,A股-上交所,2023-10-24,3.32,3.41,3.32,3.41,3.31,25401216,85797706.28,3.0211,2.0901,1,0,none,baostock,query_history_k_data_plus
600310,SHSE.600310,,SH,A股-上交所,2023-10-25,3.47,3.55,3.46,3.52,3.41,31763100,111631577.2,3.2258,2.6135,1,0,none,baostock,query_history_k_data_plus
600310,SHSE.600310,,SH,A股-上交所,2023-10-26,3.49,3.62,3.47,3.61,3.52,35652223,127207948.71,2.5568,2.9335,1,0,none,baostock,query_history_k_data_plus
600310,SHSE.600310,,SH,A股-上交所,2023-10-27,3.61,3.66,3.58,3.65,3.61,27775400,101102959.6,1.108,2.2854,1,0,none,baostock,query_history_k_data_plus
600310,SHSE.600310,,SH,A股-上交所,2023-10-30,3.65,3.73,3.6,3.67,3.65,28591960,105377130.0,0.5479,2.3526,1,0,none,baostock,query_history_k_data_plus
600310,SHSE.600310,,SH,A股-上交所,2023-10-31,3.65,3.73,3.62,3.64,3.67,20589700,75528557.8,-0.8174,1.6942,1,0,none,baostock,query_history_k_data_plus
600310,SHSE.600310,,SH,A股-上交所,2023-11-01,3.66,3.67,3.62,3.64,3.64,13501840,49199219.6,0.0,1.111,1,0,none,baostock,query_history_k_data_plus
600310,SHSE.600310,,SH,A股-上交所,2023-11-02,3.66,3.67,3.58,3.59,3.64,16511420,59633404.2,-1.3736,1.3586,1,0,none,baostock,query_history_k_data_plus
600310,SHSE.600310,,SH,A股-上交所,2023-11-03,3.58,3.65,3.58,3.58,3.59,16173520,58433247.4,-0.2786,1.3308,1,0,none,baostock,query_history_k_data_plus
600310,SHSE.600310,,SH,A股-上交所,2023-11-06,3.62,3.63,3.56,3.62,3.58,23899220,85796052.2,1.1173,1.9665,1,0,none,baostock,query_history_k_data_plus
600310,SHSE.600310,,SH,A股-上交所,2023-11-07,3.62,3.63,3.55,3.62,3.62,19457140,70033934.8,0.0,1.601,1,0,none,baostock,query_history_k_data_plus
600310,SHSE.600310,,SH,A股-上交所,2023-11-08,3.62,3.64,3.59,3.61,3.62,14939120,53995536.8,-0.2762,1.2292,1,0,none,baostock,query_history_k_data_plus
600310,SHSE.600310,,SH,A股-上交所,2023-11-09,3.6,3.97,3.59,3.97,3.61,56446657,219558303.8,9.9723,4.6446,1,0,none,baostock,query_history_k_data_plus
600310,SHSE.600310,,SH,A股-上交所,2023-11-10,4.04,4.04,3.79,3.89,3.97,165296391,640003558.83,-2.0151,13.6009,1,0,none,baostock,query_history_k_data_plus
600310,SHSE.600310,,SH,A股-上交所,2023-11-13,3.88,4.02,3.86,3.92,3.89,96519306,379533794.25,0.7712,7.9418,1,0,none,baostock,query_history_k_data_plus
600310,SHSE.600310,,SH,A股-上交所,2023-11-14,3.96,3.98,3.86,3.88,3.92,66115902,257376150.05,-1.0204,5.4402,1,0,none,baostock,query_history_k_data_plus
600310,SHSE.600310,,SH,A股-上交所,2023-11-15,3.91,3.92,3.84,3.86,3.88,36289677,140102913.65,-0.5155,2.986,1,0,none,baostock,query_history_k_data_plus
600310,SHSE.600310,,SH,A股-上交所,2023-11-16,3.85,3.89,3.83,3.85,3.86,27291960,105203569.2,-0.2591,2.2456,1,0,none,baostock,query_history_k_data_plus
600310,SHSE.600310,,SH,A股-上交所,2023-11-17,3.84,3.85,3.82,3.85,3.85,21191196,81217642.73,0.0,1.7437,1,0,none,baostock,query_history_k_data_plus
600310,SHSE.600310,,SH,A股-上交所,2023-11-20,3.88,3.94,3.86,3.9,3.85,49183959,191512325.44,1.2987,4.047,1,0,none,baostock,query_history_k_data_plus
600310,SHSE.600310,,SH,A股-上交所,2023-11-21,3.91,3.92,3.83,3.83,3.9,37042675,142998761.27,-1.7949,3.048,1,0,none,baostock,query_history_k_data_plus
600310,SHSE.600310,,SH,A股-上交所,2023-11-22,3.83,3.87,3.79,3.79,3.83,25496309,97426243.95,-1.0444,2.0979,1,0,none,baostock,query_history_k_data_plus
600310,SHSE.600310,,SH,A股-上交所,2023-11-23,3.77,3.83,3.77,3.82,3.79,19331841,73559049.8,0.7916,1.5907,1,0,none,baostock,query_history_k_data_plus
600310,SHSE.600310,,SH,A股-上交所,2023-11-24,3.81,3.85,3.78,3.79,3.82,22264880,84811293.76,-0.7853,1.832,1,0,none,baostock,query_history_k_data_plus
600310,SHSE.600310,,SH,A股-上交所,2023-11-27,3.78,3.81,3.74,3.78,3.79,15086200,56941115.0,-0.2639,1.2413,1,0,none,baostock,query_history_k_data_plus
600310,SHSE.600310,,SH,A股-上交所,2023-11-28,3.76,3.8,3.73,3.79,3.78,20352828,76553406.3,0.2646,1.6747,1,0,none,baostock,query_history_k_data_plus
600310,SHSE.600310,,SH,A股-上交所,2023-11-29,3.77,3.79,3.71,3.72,3.79,16431876,61421196.65,-1.847,1.3521,1,0,none,baostock,query_history_k_data_plus
600310,SHSE.600310,,SH,A股-上交所,2023-11-30,3.72,3.78,3.72,3.76,3.72,18720000,70139086.0,1.0753,1.5403,1,0,none,baostock,query_history_k_data_plus
600310,SHSE.600310,,SH,A股-上交所,2023-12-01,3.77,3.81,3.72,3.8,3.76,19251053,72813436.67,1.0638,1.584,1,0,none,baostock,query_history_k_data_plus
600310,SHSE.600310,,SH,A股-上交所,2023-12-04,3.81,3.88,3.8,3.84,3.8,24071367,92123833.74,1.0526,1.9806,1,0,none,baostock,query_history_k_data_plus
600310,SHSE.600310,,SH,A股-上交所,2023-12-05,3.85,3.86,3.73,3.73,3.84,20130500,76045118.4,-2.8646,1.6564,1,0,none,baostock,query_history_k_data_plus
600310,SHSE.600310,,SH,A股-上交所,2023-12-06,3.73,3.79,3.7,3.78,3.73,19057054,71741824.52,1.3405,1.5681,1,0,none,baostock,query_history_k_data_plus
600310,SHSE.600310,,SH,A股-上交所,2023-12-07,3.78,3.79,3.72,3.75,3.78,12845149,48073960.97,-0.7937,1.0569,1,0,none,baostock,query_history_k_data_plus
600310,SHSE.600310,,SH,A股-上交所,2023-12-08,3.76,3.8,3.72,3.74,3.75,20825826,78344513.78,-0.2667,1.7136,1,0,none,baostock,query_history_k_data_plus
600310,SHSE.600310,,SH,A股-上交所,2023-12-11,3.74,3.79,3.64,3.78,3.74,21469080,80116185.6,1.0695,1.7665,1,0,none,baostock,query_history_k_data_plus
600310,SHSE.600310,,SH,A股-上交所,2023-12-12,3.79,3.96,3.77,3.9,3.78,59911904,232493420.37,3.1746,4.9297,1,0,none,baostock,query_history_k_data_plus
600310,SHSE.600310,,SH,A股-上交所,2023-12-13,3.89,4.29,3.87,4.06,3.9,131038752,531123291.03,4.1026,10.7822,1,0,none,baostock,query_history_k_data_plus
600310,SHSE.600310,,SH,A股-上交所,2023-12-14,4.02,4.43,3.98,4.29,4.06,164409627,686092008.99,5.665,13.528,1,0,none,baostock,query_history_k_data_plus
600310,SHSE.600310,,SH,A股-上交所,2023-12-15,4.21,4.24,4.08,4.09,4.29,112356092,466540590.28,-4.662,9.2449,1,0,none,baostock,query_history_k_data_plus
600310,SHSE.600310,,SH,A股-上交所,2023-12-18,4.09,4.09,3.94,3.96,4.09,72427749,289714161.43,-3.1785,5.9595,1,0,none,baostock,query_history_k_data_plus
600310,SHSE.600310,,SH,A股-上交所,2023-12-19,3.93,4.16,3.89,4.05,3.96,74193683,299795873.2,2.2727,6.1048,1,0,none,baostock,query_history_k_data_plus
600310,SHSE.600310,,SH,A股-上交所,2023-12-20,3.98,4.09,3.93,3.95,4.05,49622831,198617980.31,-2.4691,4.0831,1,0,none,baostock,query_history_k_data_plus
600310,SHSE.600310,,SH,A股-上交所,2023-12-21,3.93,3.95,3.83,3.91,3.95,38133151,148159833.77,-1.0127,3.1377,1,0,none,baostock,query_history_k_data_plus
600310,SHSE.600310,,SH,A股-上交所,2023-12-22,3.91,3.92,3.76,3.77,3.91,38316733,145494011.74,-3.5806,3.1528,1,0,none,baostock,query_history_k_data_plus
600310,SHSE.600310,,SH,A股-上交所,2023-12-25,3.76,3.77,3.65,3.69,3.77,29754066,110119394.14,-2.122,2.4482,1,0,none,baostock,query_history_k_data_plus
600310,SHSE.600310,,SH,A股-上交所,2023-12-26,3.67,3.68,3.53,3.55,3.69,36270171,130075382.25,-3.794,2.9844,1,0,none,baostock,query_history_k_data_plus
600310,SHSE.600310,,SH,A股-上交所,2023-12-27,3.55,3.68,3.55,3.66,3.55,31850257,115651283.78,3.0986,2.173,1,0,none,baostock,query_history_k_data_plus
600310,SHSE.600310,,SH,A股-上交所,2023-12-28,3.67,3.74,3.66,3.7,3.66,25659162,95069207.03,1.0929,1.7506,1,0,none,baostock,query_history_k_data_plus
600310,SHSE.600310,,SH,A股-上交所,2023-12-29,3.69,3.82,3.69,3.74,3.7,24734273,92870045.09,1.0811,1.6875,1,0,none,baostock,query_history_k_data_plus
600310,SHSE.600310,,SH,A股-上交所,2024-01-02,3.72,3.9,3.72,3.86,3.74,35540976,136446387.32,3.2086,2.4248,1,0,none,baostock,query_history_k_data_plus
600310,SHSE.600310,,SH,A股-上交所,2024-01-03,3.84,3.88,3.8,3.87,3.86,28712180,110349700.6,0.2591,1.9589,1,0,none,baostock,query_history_k_data_plus
600310,SHSE.600310,,SH,A股-上交所,2024-01-04,3.85,3.88,3.83,3.87,3.87,23093424,88926744.68,0.0,1.5756,1,0,none,baostock,query_history_k_data_plus
600310,SHSE.600310,,SH,A股-上交所,2024-01-05,3.88,4.0,3.8,3.82,3.87,37330102,145263151.26,-1.292,2.5469,1,0,none,baostock,query_history_k_data_plus
600310,SHSE.600310,,SH,A股-上交所,2024-01-08,3.82,3.86,3.77,3.78,3.82,23822580,90426645.39,-1.0471,1.6253,1,0,none,baostock,query_history_k_data_plus
600310,SHSE.600310,,SH,A股-上交所,2024-01-09,3.79,3.82,3.72,3.79,3.78,15468580,58471825.6,0.2646,1.0554,1,0,none,baostock,query_history_k_data_plus
600310,SHSE.600310,,SH,A股-上交所,2024-01-10,3.77,3.78,3.71,3.73,3.79,16840280,63064837.8,-1.5831,1.1489,1,0,none,baostock,query_history_k_data_plus
600310,SHSE.600310,,SH,A股-上交所,2024-01-11,3.71,3.77,3.71,3.75,3.73,15838020,59278516.6,0.5362,1.0806,1,0,none,baostock,query_history_k_data_plus
600310,SHSE.600310,,SH,A股-上交所,2024-01-12,3.74,3.85,3.73,3.79,3.75,23956760,91145556.6,1.0667,1.6345,1,0,none,baostock,query_history_k_data_plus
600310,SHSE.600310,,SH,A股-上交所,2024-01-15,3.79,3.81,3.7,3.71,3.79,21048863,78791786.78,-2.1108,1.4361,1,0,none,baostock,query_history_k_data_plus
600310,SHSE.600310,,SH,A股-上交所,2024-01-16,3.7,3.7,3.59,3.66,3.71,24440804,88840697.36,-1.3477,1.6675,1,0,none,baostock,query_history_k_data_plus
600310,SHSE.600310,,SH,A股-上交所,2024-01-17,3.66,3.67,3.55,3.57,3.66,14228220,51333073.6,-2.459,0.9707,1,0,none,baostock,query_history_k_data_plus
600310,SHSE.600310,,SH,A股-上交所,2024-01-18,3.58,3.58,3.38,3.49,3.57,25365219,87567553.11,-2.2409,1.7306,1,0,none,baostock,query_history_k_data_plus
600310,SHSE.600310,,SH,A股-上交所,2024-01-19,3.49,3.53,3.44,3.46,3.49,14418499,50232341.13,-0.8596,0.9837,1,0,none,baostock,query_history_k_data_plus
600310,SHSE.600310,,SH,A股-上交所,2024-01-22,3.44,3.44,3.23,3.25,3.46,20484846,68250543.63,-6.0694,1.3976,1,0,none,baostock,query_history_k_data_plus
600310,SHSE.600310,,SH,A股-上交所,2024-01-23,3.23,3.29,3.17,3.26,3.25,17280990,56100276.56,0.3077,1.179,1,0,none,baostock,query_history_k_data_plus
600310,SHSE.600310,,SH,A股-上交所,2024-01-24,3.28,3.39,3.23,3.39,3.26,21583984,71611310.08,3.9877,1.4726,1,0,none,baostock,query_history_k_data_plus
600310,SHSE.600310,,SH,A股-上交所,2024-01-25,3.38,3.58,3.36,3.58,3.39,23934524,83622193.93,5.6047,1.633,1,0,none,baostock,query_history_k_data_plus
600310,SHSE.600310,,SH,A股-上交所,2024-01-26,3.58,3.65,3.56,3.62,3.58,24958111,90281271.26,1.1173,1.7028,1,0,none,baostock,query_history_k_data_plus
600310,SHSE.600310,,SH,A股-上交所,2024-01-29,3.62,3.64,3.52,3.53,3.62,17591340,63065833.6,-2.4862,1.2002,1,0,none,baostock,query_history_k_data_plus
600310,SHSE.600310,,SH,A股-上交所,2024-01-30,3.53,3.62,3.48,3.49,3.53,19313190,68656123.64,-1.1331,1.3177,1,0,none,baostock,query_history_k_data_plus
600310,SHSE.600310,,SH,A股-上交所,2024-01-31,3.49,3.55,3.33,3.34,3.49,21247610,72677659.9,-4.298,1.4496,1,0,none,baostock,query_history_k_data_plus
600310,SHSE.600310,,SH,A股-上交所,2024-02-01,3.33,3.35,3.21,3.28,3.34,25363642,83370167.9,-1.7964,1.7305,1,0,none,baostock,query_history_k_data_plus
600310,SHSE.600310,,SH,A股-上交所,2024-02-02,3.28,3.32,2.95,3.13,3.28,28262656,89465916.62,-4.5732,1.9283,1,0,none,baostock,query_history_k_data_plus
600310,SHSE.600310,,SH,A股-上交所,2024-02-05,3.14,3.14,2.82,2.82,3.13,50987829,146833985.99,-9.9042,3.4787,1,0,none,baostock,query_history_k_data_plus
600310,SHSE.600310,,SH,A股-上交所,2024-02-06,2.78,2.98,2.65,2.89,2.82,42156178,117830136.95,2.4823,2.8762,1,0,none,baostock,query_history_k_data_plus
600310,SHSE.600310,,SH,A股-上交所,2024-02-07,2.91,2.92,2.79,2.81,2.89,34634716,98572211.2,-2.7682,2.363,1,0,none,baostock,query_history_k_data_plus
600310,SHSE.600310,,SH,A股-上交所,2024-02-08,2.83,3.05,2.81,3.02,2.81,35154292,102916794.62,7.4733,2.3984,1,0,none,baostock,query_history_k_data_plus
600310,SHSE.600310,,SH,A股-上交所,2024-02-19,3.06,3.16,3.06,3.15,3.02,27396867,85543690.52,4.3046,1.8692,1,0,none,baostock,query_history_k_data_plus
600310,SHSE.600310,,SH,A股-上交所,2024-02-20,3.14,3.15,3.07,3.13,3.15,16260660,50744526.2,-0.6349,1.1094,1,0,none,baostock,query_history_k_data_plus
600310,SHSE.600310,,SH,A股-上交所,2024-02-21,3.11,3.23,3.07,3.16,3.13,20560133,65336094.81,0.9585,1.4027,1,0,none,baostock,query_history_k_data_plus
600310,SHSE.600310,,SH,A股-上交所,2024-02-22,3.12,3.24,3.12,3.22,3.16,17155077,54768322.94,1.8987,1.1704,1,0,none,baostock,query_history_k_data_plus
600310,SHSE.600310,,SH,A股-上交所,2024-02-23,3.22,3.27,3.2,3.27,3.22,22173720,71666652.2,1.5528,1.5128,1,0,none,baostock,query_history_k_data_plus
600310,SHSE.600310,,SH,A股-上交所,2024-02-26,3.27,3.32,3.24,3.27,3.27,21310620,69830124.43,0.0,1.4539,1,0,none,baostock,query_history_k_data_plus
600310,SHSE.600310,,SH,A股-上交所,2024-02-27,3.26,3.3,3.24,3.3,3.27,16881202,55349017.98,0.9174,1.1517,1,0,none,baostock,query_history_k_data_plus
600310,SHSE.600310,,SH,A股-上交所,2024-02-28,3.33,3.56,3.31,3.34,3.3,61391236,210656157.56,1.2121,4.1885,1,0,none,baostock,query_history_k_data_plus
600310,SHSE.600310,,SH,A股-上交所,2024-02-29,3.33,3.4,3.27,3.4,3.34,30590253,102329606.89,1.7964,2.0871,1,0,none,baostock,query_history_k_data_plus
600310,SHSE.600310,,SH,A股-上交所,2024-03-01,3.4,3.43,3.34,3.37,3.4,24673800,83077243.4,-0.8824,1.6834,1,0,none,baostock,query_history_k_data_plus
600310,SHSE.600310,,SH,A股-上交所,2024-03-04,3.36,3.38,3.28,3.35,3.37,19191631,63823386.83,-0.5935,1.3094,1,0,none,baostock,query_history_k_data_plus
600310,SHSE.600310,,SH,A股-上交所,2024-03-05,3.35,3.36,3.31,3.33,3.35,14583734,48745194.16,-0.597,0.995,1,0,none,baostock,query_history_k_data_plus
600310,SHSE.600310,,SH,A股-上交所,2024-03-06,3.35,3.44,3.34,3.41,3.33,27908214,95042010.4,2.4024,1.9041,1,0,none,baostock,query_history_k_data_plus
600310,SHSE.600310,,SH,A股-上交所,2024-03-07,3.43,3.5,3.38,3.43,3.41,29261706,100501536.0,0.5865,1.9964,1,0,none,baostock,query_history_k_data_plus
600310,SHSE.600310,,SH,A股-上交所,2024-03-08,3.44,3.5,3.4,3.43,3.43,22715525,77892697.1,0.0,1.5498,1,0,none,baostock,query_history_k_data_plus
600310,SHSE.600310,,SH,A股-上交所,2024-03-11,3.44,3.66,3.44,3.57,3.43,40910740,145326673.0,4.0816,2.7912,1,0,none,baostock,query_history_k_data_plus
600310,SHSE.600310,,SH,A股-上交所,2024-03-12,3.58,3.59,3.48,3.5,3.57,27880339,97760962.48,-1.9608,1.9022,1,0,none,baostock,query_history_k_data_plus
600310,SHSE.600310,,SH,A股-上交所,2024-03-13,3.48,3.49,3.43,3.48,3.5,22888640,79197675.6,-0.5714,1.5616,1,0,none,baostock,query_history_k_data_plus
600310,SHSE.600310,,SH,A股-上交所,2024-03-14,3.48,3.49,3.4,3.45,3.48,18298244,63162051.64,-0.8621,1.2484,1,0,none,baostock,query_history_k_data_plus
600310,SHSE.600310,,SH,A股-上交所,2024-03-15,3.44,3.51,3.43,3.51,3.45,20859820,72729301.8,1.7391,1.4232,1,0,none,baostock,query_history_k_data_plus
600310,SHSE.600310,,SH,A股-上交所,2024-03-18,3.51,3.55,3.49,3.54,3.51,19606380,68970639.8,0.8547,1.3377,1,0,none,baostock,query_history_k_data_plus
600310,SHSE.600310,,SH,A股-上交所,2024-03-19,3.53,3.59,3.52,3.53,3.54,16929720,60195885.6,-0.2825,1.1551,1,0,none,baostock,query_history_k_data_plus
600310,SHSE.600310,,SH,A股-上交所,2024-03-20,3.54,3.54,3.49,3.53,3.53,15017996,52737386.23,0.0,1.0246,1,0,none,baostock,query_history_k_data_plus
600310,SHSE.600310,,SH,A股-上交所,2024-03-21,3.53,3.54,3.48,3.51,3.53,13894800,48765397.0,-0.5666,0.948,1,0,none,baostock,query_history_k_data_plus
600310,SHSE.600310,,SH,A股-上交所,2024-03-22,3.51,3.52,3.44,3.45,3.51,16814384,58291473.84,-1.7094,1.1472,1,0,none,baostock,query_history_k_data_plus
600310,SHSE.600310,,SH,A股-上交所,2024-03-25,3.44,3.48,3.39,3.4,3.45,16308840,56265654.6,-1.4493,1.1127,1,0,none,baostock,query_history_k_data_plus
600310,SHSE.600310,,SH,A股-上交所,2024-03-26,3.42,3.44,3.35,3.43,3.4,16397559,55696414.27,0.8824,1.1187,1,0,none,baostock,query_history_k_data_plus
600310,SHSE.600310,,SH,A股-上交所,2024-03-27,3.44,3.45,3.31,3.31,3.43,16831484,56622243.24,-3.4985,1.1483,1,0,none,baostock,query_history_k_data_plus
600310,SHSE.600310,,SH,A股-上交所,2024-03-28,3.29,3.32,3.24,3.25,3.31,33664945,109986548.1,-1.8127,2.2968,1,0,none,baostock,query_history_k_data_plus
600310,SHSE.600310,,SH,A股-上交所,2024-03-29,3.24,3.33,3.22,3.28,3.25,21576732,70783828.56,0.9231,1.4721,1,0,none,baostock,query_history_k_data_plus
600310,SHSE.600310,,SH,A股-上交所,2024-04-01,3.29,3.37,3.28,3.37,3.28,19600110,65248564.6,2.7439,1.3372,1,0,none,baostock,query_history_k_data_plus
600310,SHSE.600310,,SH,A股-上交所,2024-04-02,3.37,3.44,3.36,3.39,3.37,20186820,68558201.2,0.5935,1.3773,1,0,none,baostock,query_history_k_data_plus
600310,SHSE.600310,,SH,A股-上交所,2024-04-03,3.39,3.4,3.32,3.36,3.39,15850547,53082653.65,-0.885,1.0814,1,0,none,baostock,query_history_k_data_plus
600310,SHSE.600310,,SH,A股-上交所,2024-04-08,3.34,3.5,3.31,3.49,3.36,40143129,137432757.89,3.869,2.7388,1,0,none,baostock,query_history_k_data_plus
600310,SHSE.600310,,SH,A股-上交所,2024-04-09,3.46,3.47,3.38,3.41,3.49,35325418,120673530.4,-2.2923,2.4101,1,0,none,baostock,query_history_k_data_plus
600310,SHSE.600310,,SH,A股-上交所,2024-04-10,3.39,3.48,3.38,3.45,3.41,33599320,115681979.3,1.173,2.2924,1,0,none,baostock,query_history_k_data_plus
600310,SHSE.600310,,SH,A股-上交所,2024-04-11,3.41,3.51,3.36,3.49,3.45,34856842,120779457.54,1.1594,2.3782,1,0,none,baostock,query_history_k_data_plus
600310,SHSE.600310,,SH,A股-上交所,2024-04-12,3.47,3.51,3.39,3.4,3.49,26486440,90880954.6,-2.5788,1.8071,1,0,none,baostock,query_history_k_data_plus
600310,SHSE.600310,,SH,A股-上交所,2024-04-15,3.4,3.42,3.27,3.32,3.4,31604267,105618720.99,-2.3529,2.1562,1,0,none,baostock,query_history_k_data_plus
600310,SHSE.600310,,SH,A股-上交所,2024-04-16,3.28,3.3,3.07,3.07,3.32,31558311,99392868.9,-7.5301,2.1531,1,0,none,baostock,query_history_k_data_plus
600310,SHSE.600310,,SH,A股-上交所,2024-04-17,3.1,3.26,3.1,3.26,3.07,25531040,81860561.2,6.1889,1.7419,1,0,none,baostock,query_history_k_data_plus
600310,SHSE.600310,,SH,A股-上交所,2024-04-18,3.26,3.28,3.16,3.18,3.26,22796502,72934399.76,-2.454,1.5553,1,0,none,baostock,query_history_k_data_plus
600310,SHSE.600310,,SH,A股-上交所,2024-04-19,3.18,3.21,3.13,3.15,3.18,15113900,47783101.0,-0.9434,1.0312,1,0,none,baostock,query_history_k_data_plus
600310,SHSE.600310,,SH,A股-上交所,2024-04-22,3.14,3.2,3.11,3.18,3.15,16626080,52654727.6,0.9524,1.1343,1,0,none,baostock,query_history_k_data_plus
600310,SHSE.600310,,SH,A股-上交所,2024-04-23,3.17,3.19,3.13,3.15,3.18,12966360,41009457.2,-0.9434,0.8846,1,0,none,baostock,query_history_k_data_plus
600310,SHSE.600310,,SH,A股-上交所,2024-04-24,3.14,3.21,3.14,3.18,3.15,14378889,45662847.46,0.9524,0.981,1,0,none,baostock,query_history_k_data_plus
600310,SHSE.600310,,SH,A股-上交所,2024-04-25,3.14,3.15,3.08,3.1,3.18,24824600,76979556.2,-2.5157,1.6937,1,0,none,baostock,query_history_k_data_plus
600310,SHSE.600310,,SH,A股-上交所,2024-04-26,3.08,3.13,3.04,3.13,3.1,19464907,60124940.82,0.9677,1.328,1,0,none,baostock,query_history_k_data_plus
600310,SHSE.600310,,SH,A股-上交所,2024-04-29,3.12,3.23,3.1,3.23,3.13,24889300,79513569.2,3.1949,1.6981,1,0,none,baostock,query_history_k_data_plus
600310,SHSE.600310,,SH,A股-上交所,2024-04-30,3.23,3.27,3.19,3.21,3.23,15875400,51122947.0,-0.6192,1.0831,1,0,none,baostock,query_history_k_data_plus
600310,SHSE.600310,,SH,A股-上交所,2024-05-06,3.25,3.34,3.22,3.31,3.21,19544483,64223378.1,3.1153,1.3334,1,0,none,baostock,query_history_k_data_plus
600310,SHSE.600310,,SH,A股-上交所,2024-05-07,3.31,3.34,3.26,3.29,3.31,15149140,49840945.2,-0.6042,1.0336,1,0,none,baostock,query_history_k_data_plus
600310,SHSE.600310,,SH,A股-上交所,2024-05-08,3.29,3.4,3.28,3.34,3.29,28058136,94170472.9,1.5198,1.9143,1,0,none,baostock,query_history_k_data_plus
600310,SHSE.600310,,SH,A股-上交所,2024-05-09,3.34,3.4,3.32,3.36,3.34,21812218,73572075.48,0.5988,1.4882,1,0,none,baostock,query_history_k_data_plus
600310,SHSE.600310,,SH,A股-上交所,2024-05-10,3.36,3.5,3.36,3.48,3.36,42910900,148348546.2,3.5714,2.9277,1,0,none,baostock,query_history_k_data_plus
600310,SHSE.600310,,SH,A股-上交所,2024-05-13,3.5,3.55,3.44,3.52,3.48,43162440,151062145.6,1.1494,2.9448,1,0,none,baostock,query_history_k_data_plus
600310,SHSE.600310,,SH,A股-上交所,2024-05-14,3.49,3.56,3.43,3.53,3.52,34217756,120229921.42,0.2841,2.3346,1,0,none,baostock,query_history_k_data_plus
600310,SHSE.600310,,SH,A股-上交所,2024-05-15,3.52,3.55,3.41,3.42,3.53,25873820,89758856.6,-3.1161,1.7653,1,0,none,baostock,query_history_k_data_plus
600310,SHSE.600310,,SH,A股-上交所,2024-05-16,3.44,3.48,3.41,3.43,3.42,19794620,68298235.2,0.2924,1.3505,1,0,none,baostock,query_history_k_data_plus
600310,SHSE.600310,,SH,A股-上交所,2024-05-17,3.43,3.49,3.43,3.45,3.43,15863260,54829047.6,0.5831,1.0823,1,0,none,baostock,query_history_k_data_plus
600310,SHSE.600310,,SH,A股-上交所,2024-05-20,3.44,3.58,3.42,3.56,3.45,37033580,130031974.4,3.1884,2.5267,1,0,none,baostock,query_history_k_data_plus
600310,SHSE.600310,,SH,A股-上交所,2024-05-21,3.55,3.56,3.46,3.48,3.56,23556600,82337304.0,-2.2472,1.6072,1,0,none,baostock,query_history_k_data_plus
600310,SHSE.600310,,SH,A股-上交所,2024-05-22,3.48,3.53,3.47,3.5,3.48,16333412,57189728.28,0.5747,1.1144,1,0,none,baostock,query_history_k_data_plus
600310,SHSE.600310,,SH,A股-上交所,2024-05-23,3.51,3.51,3.42,3.44,3.5,18892780,65357383.6,-1.7143,1.289,1,0,none,baostock,query_history_k_data_plus
600310,SHSE.600310,,SH,A股-上交所,2024-05-24,3.76,3.78,3.76,3.78,3.44,40459183,152899155.34,9.8837,2.7604,1,0,none,baostock,query_history_k_data_plus
600310,SHSE.600310,,SH,A股-上交所,2024-05-27,3.93,4.16,3.81,4.16,3.78,146248536,597748485.73,10.0529,9.978,1,0,none,baostock,query_history_k_data_plus
600310,SHSE.600310,,SH,A股-上交所,2024-05-28,4.2,4.43,4.01,4.22,4.16,206073927,867821218.3,1.4423,14.0597,1,0,none,baostock,query_history_k_data_plus
600310,SHSE.600310,,SH,A股-上交所,2024-05-29,4.07,4.64,3.97,4.64,4.22,236545755,1023654245.05,9.9526,16.1386,1,0,none,baostock,query_history_k_data_plus
600310,SHSE.600310,,SH,A股-上交所,2024-05-30,4.9,5.1,4.18,4.31,4.64,285683225,1317798098.97,-7.1121,19.4911,1,0,none,baostock,query_history_k_data_plus
600310,SHSE.600310,,SH,A股-上交所,2024-05-31,4.05,4.17,3.89,3.89,4.31,177003794,708881741.19,-9.7448,12.0763,1,0,none,baostock,query_history_k_data_plus
600310,SHSE.600310,,SH,A股-上交所,2024-06-03,3.74,3.81,3.63,3.65,3.89,124333824,457803024.6,-6.1697,8.4828,1,0,none,baostock,query_history_k_data_plus
600310,SHSE.600310,,SH,A股-上交所,2024-06-04,3.63,3.94,3.56,3.87,3.65,108284299,407359122.95,6.0274,7.3878,1,0,none,baostock,query_history_k_data_plus
600310,SHSE.600310,,SH,A股-上交所,2024-06-05,3.79,3.88,3.68,3.7,3.87,69860944,262867930.74,-4.3928,4.7664,1,0,none,baostock,query_history_k_data_plus
600310,SHSE.600310,,SH,A股-上交所,2024-06-06,3.68,3.81,3.63,3.65,3.7,64727908,239341378.77,-1.3514,4.4161,1,0,none,baostock,query_history_k_data_plus
600310,SHSE.600310,,SH,A股-上交所,2024-06-07,3.64,3.68,3.52,3.6,3.65,58696953,210213528.4,-1.3699,4.0047,1,0,none,baostock,query_history_k_data_plus
600310,SHSE.600310,,SH,A股-上交所,2024-06-11,3.59,3.67,3.53,3.65,3.6,43185107,156245034.18,1.3889,2.9464,1,0,none,baostock,query_history_k_data_plus
600310,SHSE.600310,,SH,A股-上交所,2024-06-12,3.63,3.92,3.61,3.83,3.65,71673187,270989216.67,4.9315,4.89,1,0,none,baostock,query_history_k_data_plus
600310,SHSE.600310,,SH,A股-上交所,2024-06-13,3.83,3.97,3.77,3.87,3.83,62351600,241194293.18,1.0444,4.254,1,0,none,baostock,query_history_k_data_plus
600310,SHSE.600310,,SH,A股-上交所,2024-06-14,3.81,3.92,3.76,3.82,3.87,46430589,177432459.37,-1.292,3.1678,1,0,none,baostock,query_history_k_data_plus
600310,SHSE.600310,,SH,A股-上交所,2024-06-17,3.8,3.82,3.68,3.7,3.79,35813437,133393911.4,-2.3747,2.4434,1,0,none,baostock,query_history_k_data_plus
600310,SHSE.600310,,SH,A股-上交所,2024-06-18,3.7,3.73,3.65,3.72,3.7,28144804,103744018.8,0.5405,1.9202,1,0,none,baostock,query_history_k_data_plus
600310,SHSE.600310,,SH,A股-上交所,2024-06-19,3.72,3.73,3.62,3.62,3.72,34989342,127821591.24,-2.6882,2.3872,1,0,none,baostock,query_history_k_data_plus
600310,SHSE.600310,,SH,A股-上交所,2024-06-20,3.58,3.6,3.48,3.49,3.62,39760400,140095341.6,-3.5912,2.7127,1,0,none,baostock,query_history_k_data_plus
600310,SHSE.600310,,SH,A股-上交所,2024-06-21,3.49,3.51,3.41,3.42,3.49,27471420,94820081.0,-2.0057,1.8743,1,0,none,baostock,query_history_k_data_plus
600310,SHSE.600310,,SH,A股-上交所,2024-06-24,3.42,3.62,3.36,3.52,3.42,47105560,164411049.4,2.924,3.2138,1,0,none,baostock,query_history_k_data_plus
600310,SHSE.600310,,SH,A股-上交所,2024-06-25,3.48,3.49,3.41,3.43,3.52,26851824,92331371.04,-2.5568,1.832,1,0,none,baostock,query_history_k_data_plus
600310,SHSE.600310,,SH,A股-上交所,2024-06-26,3.43,3.48,3.37,3.48,3.43,25592006,87773818.22,1.4577,1.746,1,0,none,baostock,query_history_k_data_plus
600310,SHSE.600310,,SH,A股-上交所,2024-06-27,3.47,3.52,3.41,3.42,3.48,17335481,59754379.01,-1.7241,1.1827,1,0,none,baostock,query_history_k_data_plus
600310,SHSE.600310,,SH,A股-上交所,2024-06-28,3.41,3.52,3.39,3.48,3.42,26822811,92837082.79,1.7544,1.83,1,0,none,baostock,query_history_k_data_plus
600310,SHSE.600310,,SH,A股-上交所,2024-07-01,3.45,3.6,3.44,3.57,3.48,36020240,128319489.15,2.5862,2.4575,1,0,none,baostock,query_history_k_data_plus
600310,SHSE.600310,,SH,A股-上交所,2024-07-02,3.58,3.76,3.52,3.71,3.57,49013144,178798285.02,3.9216,3.344,1,0,none,baostock,query_history_k_data_plus
600310,SHSE.600310,,SH,A股-上交所,2024-07-03,3.67,3.79,3.66,3.7,3.71,29315244,108413597.34,-0.2695,2.0001,1,0,none,baostock,query_history_k_data_plus
600310,SHSE.600310,,SH,A股-上交所,2024-07-04,3.7,3.74,3.54,3.55,3.7,31191880,112801935.4,-4.0541,2.1281,1,0,none,baostock,query_history_k_data_plus
600310,SHSE.600310,,SH,A股-上交所,2024-07-05,3.53,3.64,3.47,3.61,3.55,23530356,83789837.04,1.6901,1.6054,1,0,none,baostock,query_history_k_data_plus
600310,SHSE.600310,,SH,A股-上交所,2024-07-08,3.62,3.93,3.57,3.82,3.61,72592898,274599939.12,5.8172,4.9527,1,0,none,baostock,query_history_k_data_plus
600310,SHSE.600310,,SH,A股-上交所,2024-07-09,3.89,3.92,3.74,3.85,3.82,52600662,201837945.24,0.7853,3.5887,1,0,none,baostock,query_history_k_data_plus
600310,SHSE.600310,,SH,A股-上交所,2024-07-10,3.83,3.87,3.74,3.76,3.85,38463590,145766734.2,-2.3377,2.6242,1,0,none,baostock,query_history_k_data_plus
600310,SHSE.600310,,SH,A股-上交所,2024-07-11,3.83,3.85,3.78,3.84,3.76,32291120,123232734.53,2.1277,2.2031,1,0,none,baostock,query_history_k_data_plus
600310,SHSE.600310,,SH,A股-上交所,2024-07-12,3.83,3.9,3.75,3.76,3.84,26803226,102113509.76,-2.0833,1.8287,1,0,none,baostock,query_history_k_data_plus
600310,SHSE.600310,,SH,A股-上交所,2024-07-15,3.73,3.76,3.65,3.72,3.76,22106348,81723252.0,-1.0638,1.5082,1,0,none,baostock,query_history_k_data_plus
600310,SHSE.600310,,SH,A股-上交所,2024-07-16,3.69,3.73,3.66,3.7,3.72,13837820,51104978.84,-0.5376,0.9441,1,0,none,baostock,query_history_k_data_plus
600310,SHSE.600310,,SH,A股-上交所,2024-07-17,3.7,3.7,3.6,3.6,3.7,19478280,70744756.6,-2.7027,1.3289,1,0,none,baostock,query_history_k_data_plus
600310,SHSE.600310,,SH,A股-上交所,2024-07-18,3.58,3.6,3.5,3.57,3.6,17601886,62452846.48,-0.8333,1.2009,1,0,none,baostock,query_history_k_data_plus
600310,SHSE.600310,,SH,A股-上交所,2024-07-19,3.57,3.72,3.53,3.69,3.57,26219386,95763646.14,3.3613,1.7889,1,0,none,baostock,query_history_k_data_plus
600310,SHSE.600310,,SH,A股-上交所,2024-07-22,3.66,3.72,3.64,3.66,3.69,14575466,53387623.24,-0.813,0.9944,1,0,none,baostock,query_history_k_data_plus
600310,SHSE.600310,,SH,A股-上交所,2024-07-23,3.65,3.81,3.64,3.76,3.66,34172948,128435724.62,2.7322,2.3315,1,0,none,baostock,query_history_k_data_plus
600310,SHSE.600310,,SH,A股-上交所,2024-07-24,3.75,4.1,3.72,3.98,3.76,69999312,276675119.66,5.8511,4.7758,1,0,none,baostock,query_history_k_data_plus
600310,SHSE.600310,,SH,A股-上交所,2024-07-25,3.94,4.08,3.84,4.01,3.98,54489187,216509946.07,0.7538,3.7176,1,0,none,baostock,query_history_k_data_plus
600310,SHSE.600310,,SH,A股-上交所,2024-07-26,3.98,4.1,3.92,4.09,4.01,51408021,207394961.92,1.995,3.5074,1,0,none,baostock,query_history_k_data_plus
600310,SHSE.600310,,SH,A股-上交所,2024-07-29,4.09,4.28,4.04,4.26,4.09,46716702,195742107.44,4.1565,3.1873,1,0,none,baostock,query_history_k_data_plus
600310,SHSE.600310,,SH,A股-上交所,2024-07-30,4.23,4.3,4.09,4.1,4.26,42849401,177440517.57,-3.7559,2.9235,1,0,none,baostock,query_history_k_data_plus
600310,SHSE.600310,,SH,A股-上交所,2024-07-31,4.11,4.14,4.02,4.12,4.1,33797162,138087015.87,0.4878,2.3059,1,0,none,baostock,query_history_k_data_plus
600310,SHSE.600310,,SH,A股-上交所,2024-08-01,4.09,4.14,4.01,4.02,4.12,31698700,128333027.6,-2.4272,2.1627,1,0,none,baostock,query_history_k_data_plus
600310,SHSE.600310,,SH,A股-上交所,2024-08-02,4.05,4.13,3.99,4.05,4.02,28995280,117461872.76,0.7463,1.9782,1,0,none,baostock,query_history_k_data_plus
600310,SHSE.600310,,SH,A股-上交所,2024-08-05,4.0,4.09,3.9,3.91,4.05,26188360,104246073.0,-3.4568,1.7867,1,0,none,baostock,query_history_k_data_plus
600310,SHSE.600310,,SH,A股-上交所,2024-08-06,3.93,3.97,3.91,3.95,3.91,13391000,52664095.0,1.023,0.9136,1,0,none,baostock,query_history_k_data_plus
600310,SHSE.600310,,SH,A股-上交所,2024-08-07,3.95,4.13,3.93,4.06,3.95,39517060,160108474.6,2.7848,2.6961,1,0,none,baostock,query_history_k_data_plus
600310,SHSE.600310,,SH,A股-上交所,2024-08-08,4.03,4.04,3.91,3.94,4.06,23508584,92613864.92,-2.9557,1.6039,1,0,none,baostock,query_history_k_data_plus
600310,SHSE.600310,,SH,A股-上交所,2024-08-09,3.91,3.96,3.85,3.87,3.94,17948800,70029305.2,-1.7766,1.2246,1,0,none,baostock,query_history_k_data_plus
600310,SHSE.600310,,SH,A股-上交所,2024-08-12,3.91,3.99,3.87,3.89,3.87,19021920,74593657.0,0.5168,1.2978,1,0,none,baostock,query_history_k_data_plus
600310,SHSE.600310,,SH,A股-上交所,2024-08-13,3.84,3.9,3.8,3.88,3.89,13950840,53693874.6,-0.2571,0.9518,1,0,none,baostock,query_history_k_data_plus
600310,SHSE.600310,,SH,A股-上交所,2024-08-14,3.88,3.95,3.84,3.93,3.88,15196240,59518922.96,1.2887,1.0368,1,0,none,baostock,query_history_k_data_plus
600310,SHSE.600310,,SH,A股-上交所,2024-08-15,3.91,4.02,3.88,4.0,3.93,21266645,84452530.31,1.7812,1.4509,1,0,none,baostock,query_history_k_data_plus
600310,SHSE.600310,,SH,A股-上交所,2024-08-16,3.99,4.02,3.88,3.89,4.0,15863484,62405208.52,-2.75,1.0823,1,0,none,baostock,query_history_k_data_plus
600310,SHSE.600310,,SH,A股-上交所,2024-08-19,3.87,3.91,3.85,3.86,3.89,9812520,38012829.4,-0.7712,0.6695,1,0,none,baostock,query_history_k_data_plus
600310,SHSE.600310,,SH,A股-上交所,2024-08-20,3.86,3.88,3.75,3.77,3.86,12685300,48123324.0,-2.3316,0.8655,1,0,none,baostock,query_history_k_data_plus
600310,SHSE.600310,,SH,A股-上交所,2024-08-21,3.76,3.76,3.61,3.64,3.77,17554820,64426631.2,-3.4483,1.1977,1,0,none,baostock,query_history_k_data_plus
600310,SHSE.600310,,SH,A股-上交所,2024-08-22,3.65,3.68,3.61,3.63,3.64,9999280,36430411.4,-0.2747,0.6822,1,0,none,baostock,query_history_k_data_plus
600310,SHSE.600310,,SH,A股-上交所,2024-08-23,3.64,3.64,3.52,3.57,3.63,14071940,50172688.6,-1.6529,0.9601,1,0,none,baostock,query_history_k_data_plus
600310,SHSE.600310,,SH,A股-上交所,2024-08-26,3.54,3.59,3.53,3.58,3.57,8662881,30866036.57,0.2801,0.591,1,0,none,baostock,query_history_k_data_plus
600310,SHSE.600310,,SH,A股-上交所,2024-08-27,3.58,3.59,3.48,3.5,3.58,10891440,38199682.8,-2.2346,0.7431,1,0,none,baostock,query_history_k_data_plus
600310,SHSE.600310,,SH,A股-上交所,2024-08-28,3.46,3.6,3.45,3.55,3.5,11555741,41108482.57,1.4286,0.7884,1,0,none,baostock,query_history_k_data_plus
600310,SHSE.600310,,SH,A股-上交所,2024-08-29,3.55,3.56,3.47,3.54,3.55,11407920,40183136.4,-0.2817,0.7783,1,0,none,baostock,query_history_k_data_plus
600310,SHSE.600310,,SH,A股-上交所,2024-08-30,3.55,3.61,3.53,3.57,3.54,13936464,49828673.88,0.8475,0.9508,1,0,none,baostock,query_history_k_data_plus
600310,SHSE.600310,,SH,A股-上交所,2024-09-02,3.58,3.59,3.48,3.49,3.57,12629100,44591764.4,-2.2409,0.8616,1,0,none,baostock,query_history_k_data_plus
600310,SHSE.600310,,SH,A股-上交所,2024-09-03,3.48,3.5,3.43,3.47,3.49,11072300,38328143.6,-0.5731,0.7554,1,0,none,baostock,query_history_k_data_plus
600310,SHSE.600310,,SH,A股-上交所,2024-09-04,3.43,3.48,3.43,3.45,3.47,8475800,29291587.4,-0.5764,0.5783,1,0,none,baostock,query_history_k_data_plus
600310,SHSE.600310,,SH,A股-上交所,2024-09-05,3.44,3.49,3.43,3.48,3.45,6740252,23410047.44,0.8696,0.4599,1,0,none,baostock,query_history_k_data_plus
600310,SHSE.600310,,SH,A股-上交所,2024-09-06,3.48,3.59,3.48,3.5,3.48,9035273,31710091.88,0.5747,0.6164,1,0,none,baostock,query_history_k_data_plus
600310,SHSE.600310,,SH,A股-上交所,2024-09-09,3.49,3.49,3.41,3.42,3.5,8146080,27903756.6,-2.2857,0.5558,1,0,none,baostock,query_history_k_data_plus
600310,SHSE.600310,,SH,A股-上交所,2024-09-10,3.43,3.47,3.37,3.43,3.42,8850380,30198728.8,0.2924,0.6038,1,0,none,baostock,query_history_k_data_plus
600310,SHSE.600310,,SH,A股-上交所,2024-09-11,3.43,3.43,3.31,3.32,3.43,12500000,41874394.6,-3.207,0.8528,1,0,none,baostock,query_history_k_data_plus
600310,SHSE.600310,,SH,A股-上交所,2024-09-12,3.31,3.36,3.29,3.31,3.32,8916840,29613937.8,-0.3012,0.6084,1,0,none,baostock,query_history_k_data_plus
600310,SHSE.600310,,SH,A股-上交所,2024-09-13,3.31,3.35,3.29,3.31,3.31,6933760,23056079.0,0.0,0.4731,1,0,none,baostock,query_history_k_data_plus
600310,SHSE.600310,,SH,A股-上交所,2024-09-18,3.33,3.36,3.28,3.35,3.31,7468680,24781511.2,1.2085,0.5096,1,0,none,baostock,query_history_k_data_plus
600310,SHSE.600310,,SH,A股-上交所,2024-09-19,3.37,3.46,3.34,3.45,3.35,13636644,46591048.44,2.9851,0.9304,1,0,none,baostock,query_history_k_data_plus
600310,SHSE.600310,,SH,A股-上交所,2024-09-20,3.46,3.46,3.37,3.41,3.45,10092280,34264843.8,-1.1594,0.6886,1,0,none,baostock,query_history_k_data_plus
600310,SHSE.600310,,SH,A股-上交所,2024-09-23,3.4,3.42,3.37,3.39,3.41,7589200,25743735.0,-0.5865,0.5178,1,0,none,baostock,query_history_k_data_plus
600310,SHSE.600310,,SH,A股-上交所,2024-09-24,3.4,3.5,3.38,3.5,3.39,15779560,54539676.0,3.2448,1.0766,1,0,none,baostock,query_history_k_data_plus
600310,SHSE.600310,,SH,A股-上交所,2024-09-25,3.54,3.63,3.52,3.55,3.5,20328864,72604072.36,1.4286,1.387,1,0,none,baostock,query_history_k_data_plus
600310,SHSE.600310,,SH,A股-上交所,2024-09-26,3.52,3.62,3.52,3.62,3.55,17870320,63857173.4,1.9718,1.2192,1,0,none,baostock,query_history_k_data_plus
600310,SHSE.600310,,SH,A股-上交所,2024-09-27,3.69,3.79,3.63,3.77,3.62,22845572,84627438.38,4.1436,1.5587,1,0,none,baostock,query_history_k_data_plus
600310,SHSE.600310,,SH,A股-上交所,2024-09-30,3.91,4.15,3.82,4.13,3.77,72657868,292209875.36,9.5491,4.9572,1,0,none,baostock,query_history_k_data_plus
600310,SHSE.600310,,SH,A股-上交所,2024-10-08,4.54,4.54,4.21,4.54,4.13,97821138,437155780.23,9.9274,6.674,1,0,none,baostock,query_history_k_data_plus
600310,SHSE.600310,,SH,A股-上交所,2024-10-09,4.45,4.54,4.09,4.09,4.54,63758147,274330768.81,-9.9119,4.35,1,0,none,baostock,query_history_k_data_plus
600310,SHSE.600310,,SH,A股-上交所,2024-10-10,4.14,4.22,3.97,4.05,4.09,43357325,177366543.05,-0.978,2.9581,1,0,none,baostock,query_history_k_data_plus
600310,SHSE.600310,,SH,A股-上交所,2024-10-11,4.05,4.09,3.85,3.89,4.05,28525871,113121348.31,-3.9506,1.9462,1,0,none,baostock,query_history_k_data_plus
600310,SHSE.600310,,SH,A股-上交所,2024-10-14,3.93,4.06,3.91,4.06,3.89,25601205,102023042.85,4.3702,1.7467,1,0,none,baostock,query_history_k_data_plus
600310,SHSE.600310,,SH,A股-上交所,2024-10-15,4.03,4.04,3.94,3.95,4.06,21474500,85530845.4,-2.7094,1.4651,1,0,none,baostock,query_history_k_data_plus
600310,SHSE.600310,,SH,A股-上交所,2024-10-16,3.93,4.12,3.92,4.08,3.95,36689380,148938048.8,3.2911,2.5032,1,0,none,baostock,query_history_k_data_plus
600310,SHSE.600310,,SH,A股-上交所,2024-10-17,4.05,4.09,3.97,3.99,4.08,27102180,108786555.4,-2.2059,1.8491,1,0,none,baostock,query_history_k_data_plus
600310,SHSE.600310,,SH,A股-上交所,2024-10-18,3.97,4.12,3.96,4.05,3.99,31989294,129125404.32,1.5038,2.1825,1,0,none,baostock,query_history_k_data_plus
600310,SHSE.600310,,SH,A股-上交所,2024-10-21,4.06,4.18,4.06,4.13,4.05,36465414,150667403.88,1.9753,2.4879,1,0,none,baostock,query_history_k_data_plus
600310,SHSE.600310,,SH,A股-上交所,2024-10-22,4.16,4.45,4.14,4.36,4.13,58856180,255520296.36,5.569,4.0155,1,0,none,baostock,query_history_k_data_plus
600310,SHSE.600310,,SH,A股-上交所,2024-10-23,4.37,4.76,4.36,4.64,4.36,87790398,402267294.01,6.422,5.9896,1,0,none,baostock,query_history_k_data_plus
600310,SHSE.600310,,SH,A股-上交所,2024-10-24,4.59,5.0,4.49,4.78,4.64,103815065,496724570.38,3.0172,7.0829,1,0,none,baostock,query_history_k_data_plus
600310,SHSE.600310,,SH,A股-上交所,2024-10-25,4.95,5.15,4.82,5.08,4.78,105878159,532151653.55,6.2762,7.2237,1,0,none,baostock,query_history_k_data_plus
600310,SHSE.600310,,SH,A股-上交所,2024-10-28,5.3,5.59,5.16,5.58,5.08,128246586,696296639.29,9.8425,8.7498,1,0,none,baostock,query_history_k_data_plus
600310,SHSE.600310,,SH,A股-上交所,2024-10-29,5.65,5.66,5.08,5.09,5.58,137005079,716456461.87,-8.7814,9.3473,1,0,none,baostock,query_history_k_data_plus
600310,SHSE.600310,,SH,A股-上交所,2024-10-30,4.93,5.32,4.92,5.15,5.09,78454860,403639832.95,1.1788,5.3527,1,0,none,baostock,query_history_k_data_plus
600310,SHSE.600310,,SH,A股-上交所,2024-10-31,5.14,5.36,5.1,5.25,5.15,74419673,391269055.79,1.9417,5.0774,1,0,none,baostock,query_history_k_data_plus
600310,SHSE.600310,,SH,A股-上交所,2024-11-01,5.18,5.24,5.0,5.12,5.25,62549187,320257234.17,-2.4762,4.2675,1,0,none,baostock,query_history_k_data_plus
600310,SHSE.600310,,SH,A股-上交所,2024-11-04,5.18,5.44,5.1,5.38,5.12,74099565,395226699.95,5.0781,5.0555,1,0,none,baostock,query_history_k_data_plus
600310,SHSE.600310,,SH,A股-上交所,2024-11-05,5.36,5.6,5.35,5.49,5.38,56861027,310553365.13,2.0446,3.8794,1,0,none,baostock,query_history_k_data_plus
600310,SHSE.600310,,SH,A股-上交所,2024-11-06,5.5,5.7,5.4,5.59,5.49,62174650,346885201.55,1.8215,4.2419,1,0,none,baostock,query_history_k_data_plus
600310,SHSE.600310,,SH,A股-上交所,2024-11-07,5.53,5.66,5.45,5.54,5.59,51616703,285636254.32,-0.8945,3.5216,1,0,none,baostock,query_history_k_data_plus
600310,SHSE.600310,,SH,A股-上交所,2024-11-08,5.56,5.66,5.38,5.41,5.54,58343032,320834947.6,-2.3466,3.9805,1,0,none,baostock,query_history_k_data_plus
600310,SHSE.600310,,SH,A股-上交所,2024-11-11,5.41,5.44,5.24,5.33,5.41,49345400,261726501.8,-1.4787,3.3667,1,0,none,baostock,query_history_k_data_plus
600310,SHSE.600310,,SH,A股-上交所,2024-11-12,5.3,5.37,5.18,5.25,5.33,34453857,181678275.95,-1.5009,2.3507,1,0,none,baostock,query_history_k_data_plus
600310,SHSE.600310,,SH,A股-上交所,2024-11-13,5.23,5.25,5.08,5.17,5.25,32938589,169463327.84,-1.5238,2.2473,1,0,none,baostock,query_history_k_data_plus
600310,SHSE.600310,,SH,A股-上交所,2024-11-14,5.14,5.17,4.97,5.0,5.17,29799780,150767810.8,-3.2882,2.0331,1,0,none,baostock,query_history_k_data_plus
600310,SHSE.600310,,SH,A股-上交所,2024-11-15,4.96,5.03,4.75,4.8,5.0,39327879,192923661.38,-4.0,2.6832,1,0,none,baostock,query_history_k_data_plus
600310,SHSE.600310,,SH,A股-上交所,2024-11-18,4.79,4.84,4.6,4.64,4.8,50545753,237648881.99,-3.3333,3.4485,1,0,none,baostock,query_history_k_data_plus
600310,SHSE.600310,,SH,A股-上交所,2024-11-19,4.65,4.77,4.61,4.77,4.64,31997540,150223184.8,2.8017,2.1831,1,0,none,baostock,query_history_k_data_plus
600310,SHSE.600310,,SH,A股-上交所,2024-11-20,4.77,4.82,4.73,4.79,4.77,28228274,134817956.46,0.4193,1.9259,1,0,none,baostock,query_history_k_data_plus
600310,SHSE.600310,,SH,A股-上交所,2024-11-21,4.79,4.82,4.69,4.75,4.79,23057428,109126322.08,-0.8351,1.5731,1,0,none,baostock,query_history_k_data_plus
600310,SHSE.600310,,SH,A股-上交所,2024-11-22,4.75,4.87,4.64,4.66,4.75,43738979,208249616.61,-1.8947,2.9841,1,0,none,baostock,query_history_k_data_plus
600310,SHSE.600310,,SH,A股-上交所,2024-11-25,4.69,4.85,4.57,4.82,4.66,44475657,210673833.91,3.4335,3.0344,1,0,none,baostock,query_history_k_data_plus
600310,SHSE.600310,,SH,A股-上交所,2024-11-26,4.82,5.0,4.76,4.78,4.82,42697680,207466140.4,-0.8299,2.9131,1,0,none,baostock,query_history_k_data_plus
600310,SHSE.600310,,SH,A股-上交所,2024-11-27,4.79,4.87,4.63,4.86,4.78,35173303,167332337.01,1.6736,2.3997,1,0,none,baostock,query_history_k_data_plus
600310,SHSE.600310,,SH,A股-上交所,2024-11-28,4.85,5.0,4.83,4.92,4.86,33423116,164582427.4,1.2346,2.2803,1,0,none,baostock,query_history_k_data_plus
600310,SHSE.600310,,SH,A股-上交所,2024-11-29,4.9,4.99,4.85,4.89,4.92,36677715,179977877.67,-0.6098,2.5024,1,0,none,baostock,query_history_k_data_plus
600310,SHSE.600310,,SH,A股-上交所,2024-12-02,4.89,5.07,4.87,5.05,4.89,41336881,205100844.51,3.272,2.8203,1,0,none,baostock,query_history_k_data_plus
600310,SHSE.600310,,SH,A股-上交所,2024-12-03,5.06,5.2,5.06,5.2,5.05,42113187,216605410.91,2.9703,2.8732,1,0,none,baostock,query_history_k_data_plus
600310,SHSE.600310,,SH,A股-上交所,2024-12-04,5.23,5.27,5.08,5.11,5.2,30266340,155443669.6,-1.7308,2.065,1,0,none,baostock,query_history_k_data_plus
600310,SHSE.600310,,SH,A股-上交所,2024-12-05,5.09,5.22,5.07,5.18,5.11,22778380,117771280.0,1.3699,1.5541,1,0,none,baostock,query_history_k_data_plus
600310,SHSE.600310,,SH,A股-上交所,2024-12-06,5.18,5.2,5.11,5.15,5.18,23635740,121797562.6,-0.5792,1.6126,1,0,none,baostock,query_history_k_data_plus
600310,SHSE.600310,,SH,A股-上交所,2024-12-09,5.15,5.22,5.04,5.09,5.15,26811755,137087500.75,-1.165,1.8293,1,0,none,baostock,query_history_k_data_plus
600310,SHSE.600310,,SH,A股-上交所,2024-12-10,5.18,5.22,5.03,5.06,5.09,32806995,168478146.11,-0.5894,2.2383,1,0,none,baostock,query_history_k_data_plus
600310,SHSE.600310,,SH,A股-上交所,2024-12-11,5.05,5.1,5.04,5.08,5.06,19136881,97094520.71,0.3953,1.3056,1,0,none,baostock,query_history_k_data_plus
600310,SHSE.600310,,SH,A股-上交所,2024-12-12,5.07,5.14,5.04,5.13,5.08,18129800,92544144.8,0.9843,1.2369,1,0,none,baostock,query_history_k_data_plus
600310,SHSE.600310,,SH,A股-上交所,2024-12-13,5.1,5.19,4.98,5.01,5.13,28884040,145999088.7,-2.3392,1.9707,1,0,none,baostock,query_history_k_data_plus
600310,SHSE.600310,,SH,A股-上交所,2024-12-16,5.09,5.27,5.06,5.11,5.01,42289395,219240490.35,1.996,2.8852,1,0,none,baostock,query_history_k_data_plus
600310,SHSE.600310,,SH,A股-上交所,2024-12-17,5.12,5.17,4.96,4.97,5.11,29934120,150308294.2,-2.7397,2.0423,1,0,none,baostock,query_history_k_data_plus
600310,SHSE.600310,,SH,A股-上交所,2024-12-18,4.97,5.08,4.9,4.93,4.97,22712000,113250788.2,-0.8048,1.5496,1,0,none,baostock,query_history_k_data_plus
600310,SHSE.600310,,SH,A股-上交所,2024-12-19,4.89,4.9,4.8,4.88,4.93,20566300,99826966.2,-1.0142,1.4032,1,0,none,baostock,query_history_k_data_plus
600310,SHSE.600310,,SH,A股-上交所,2024-12-20,4.87,4.9,4.79,4.8,4.88,20040340,96724323.8,-1.6393,1.3673,1,0,none,baostock,query_history_k_data_plus
600310,SHSE.600310,,SH,A股-上交所,2024-12-23,4.85,4.85,4.69,4.72,4.8,19591371,93081192.74,-1.6667,1.3366,1,0,none,baostock,query_history_k_data_plus
600310,SHSE.600310,,SH,A股-上交所,2024-12-24,4.72,4.8,4.7,4.79,4.72,16446460,78254085.6,1.4831,1.1221,1,0,none,baostock,query_history_k_data_plus
600310,SHSE.600310,,SH,A股-上交所,2024-12-25,4.8,4.81,4.59,4.68,4.79,22599860,105215575.6,-2.2965,1.5419,1,0,none,baostock,query_history_k_data_plus
600310,SHSE.600310,,SH,A股-上交所,2024-12-26,4.67,4.7,4.62,4.63,4.68,11527400,53601622.0,-1.0684,0.7865,1,0,none,baostock,query_history_k_data_plus
600310,SHSE.600310,,SH,A股-上交所,2024-12-27,4.63,4.8,4.62,4.79,4.63,18363837,87021976.83,3.4557,1.2529,1,0,none,baostock,query_history_k_data_plus
600310,SHSE.600310,,SH,A股-上交所,2024-12-30,4.79,4.8,4.61,4.63,4.79,21614339,100756154.03,-3.3403,1.4747,1,0,none,baostock,query_history_k_data_plus
600310,SHSE.600310,,SH,A股-上交所,2024-12-31,4.64,4.69,4.56,4.56,4.63,15636861,72162471.94,-1.5119,1.0668,1,0,none,baostock,query_history_k_data_plus
600310,SHSE.600310,,SH,A股-上交所,2025-01-02,4.58,4.67,4.43,4.47,4.56,18874200,86092866.0,-1.9737,1.2877,1,0,none,baostock,query_history_k_data_plus
600310,SHSE.600310,,SH,A股-上交所,2025-01-03,4.49,4.55,4.31,4.34,4.47,17773823,78420839.89,-2.9083,1.2126,1,0,none,baostock,query_history_k_data_plus
600310,SHSE.600310,,SH,A股-上交所,2025-01-06,4.35,4.37,4.21,4.32,4.34,17266100,74279358.6,-0.4608,1.178,1,0,none,baostock,query_history_k_data_plus
600310,SHSE.600310,,SH,A股-上交所,2025-01-07,4.35,4.36,4.21,4.35,4.32,20383720,87335807.8,0.6944,1.3907,1,0,none,baostock,query_history_k_data_plus
600310,SHSE.600310,,SH,A股-上交所,2025-01-08,4.34,4.37,4.2,4.32,4.35,18222000,78163166.6,-0.6897,1.2432,1,0,none,baostock,query_history_k_data_plus
600310,SHSE.600310,,SH,A股-上交所,2025-01-09,4.29,4.33,4.25,4.27,4.32,11690760,50092060.0,-1.1574,0.7976,1,0,none,baostock,query_history_k_data_plus
600310,SHSE.600310,,SH,A股-上交所,2025-01-10,4.27,4.29,4.13,4.14,4.27,14498500,61040753.4,-3.0445,0.9892,1,0,none,baostock,query_history_k_data_plus
600310,SHSE.600310,,SH,A股-上交所,2025-01-13,4.13,4.21,4.08,4.19,4.14,16524180,68738817.4,1.2077,1.1274,1,0,none,baostock,query_history_k_data_plus
600310,SHSE.600310,,SH,A股-上交所,2025-01-14,4.2,4.28,4.19,4.28,4.19,21150500,89802655.4,2.148,1.443,1,0,none,baostock,query_history_k_data_plus
600310,SHSE.600310,,SH,A股-上交所,2025-01-15,4.27,4.28,4.18,4.24,4.28,17142320,72472637.8,-0.9346,1.1696,1,0,none,baostock,query_history_k_data_plus
600310,SHSE.600310,,SH,A股-上交所,2025-01-16,4.24,4.33,4.24,4.29,4.24,16421559,70385312.71,1.1792,1.1204,1,0,none,baostock,query_history_k_data_plus
600310,SHSE.600310,,SH,A股-上交所,2025-01-17,4.27,4.28,4.15,4.15,4.29,25196320,106165650.0,-3.2634,1.7191,1,0,none,baostock,query_history_k_data_plus
600310,SHSE.600310,,SH,A股-上交所,2025-01-20,4.2,4.22,4.15,4.17,4.15,24999720,104475489.2,0.4819,1.7056,1,0,none,baostock,query_history_k_data_plus
600310,SHSE.600310,,SH,A股-上交所,2025-01-21,4.19,4.2,4.08,4.1,4.17,19886596,82005188.24,-1.6787,1.3568,1,0,none,baostock,query_history_k_data_plus
600310,SHSE.600310,,SH,A股-上交所,2025-01-22,4.11,4.14,4.07,4.1,4.1,19443340,79768806.2,0.0,1.3265,1,0,none,baostock,query_history_k_data_plus
600310,SHSE.600310,,SH,A股-上交所,2025-01-23,4.11,4.22,4.08,4.08,4.1,26661520,110379964.6,-0.4878,1.819,1,0,none,baostock,query_history_k_data_plus
600310,SHSE.600310,,SH,A股-上交所,2025-01-24,4.06,4.1,4.01,4.08,4.08,30241340,122636095.0,0.0,2.0633,1,0,none,baostock,query_history_k_data_plus
600310,SHSE.600310,,SH,A股-上交所,2025-01-27,4.09,4.14,4.05,4.06,4.08,25403720,103660097.2,-0.4902,1.7332,1,0,none,baostock,query_history_k_data_plus
600310,SHSE.600310,,SH,A股-上交所,2025-02-05,4.06,4.06,3.97,3.99,4.06,25917608,103695987.46,-1.7241,1.7683,1,0,none,baostock,query_history_k_data_plus
600310,SHSE.600310,,SH,A股-上交所,2025-02-06,4.01,4.08,3.92,4.07,3.99,31790780,127414979.6,2.005,2.169,1,0,none,baostock,query_history_k_data_plus
600310,SHSE.600310,,SH,A股-上交所,2025-02-07,4.07,4.17,4.05,4.11,4.07,38943114,160386568.84,0.9828,2.6569,1,0,none,baostock,query_history_k_data_plus
600310,SHSE.600310,,SH,A股-上交所,2025-02-10,4.14,4.18,4.1,4.14,4.11,29235460,120632526.77,0.7299,1.9946,1,0,none,baostock,query_history_k_data_plus
600310,SHSE.600310,,SH,A股-上交所,2025-02-11,4.15,4.15,4.06,4.12,4.14,24420320,99994071.2,-0.4831,1.6661,1,0,none,baostock,query_history_k_data_plus
600310,SHSE.600310,,SH,A股-上交所,2025-02-12,4.11,4.53,4.1,4.41,4.12,97715573,422862545.11,7.0388,6.6668,1,0,none,baostock,query_history_k_data_plus
600310,SHSE.600310,,SH,A股-上交所,2025-02-13,4.38,4.38,4.26,4.27,4.41,56608739,243657832.69,-3.1746,3.8622,1,0,none,baostock,query_history_k_data_plus
600310,SHSE.600310,,SH,A股-上交所,2025-02-14,4.24,4.34,4.24,4.27,4.27,36664205,156993029.09,0.0,2.5015,1,0,none,baostock,query_history_k_data_plus
600310,SHSE.600310,,SH,A股-上交所,2025-02-17,4.26,4.32,4.21,4.29,4.27,37450522,159902342.36,0.4684,2.5551,1,0,none,baostock,query_history_k_data_plus
600310,SHSE.600310,,SH,A股-上交所,2025-02-18,4.3,4.55,4.28,4.4,4.29,85267992,377132813.72,2.5641,5.8175,1,0,none,baostock,query_history_k_data_plus
600310,SHSE.600310,,SH,A股-上交所,2025-02-19,4.36,4.41,4.32,4.41,4.4,46158835,201629310.96,0.2273,3.1492,1,0,none,baostock,query_history_k_data_plus
600310,SHSE.600310,,SH,A股-上交所,2025-02-20,4.42,4.43,4.33,4.37,4.41,32614162,141985407.93,-0.907,2.2251,1,0,none,baostock,query_history_k_data_plus
600310,SHSE.600310,,SH,A股-上交所,2025-02-21,4.35,4.37,4.31,4.33,4.37,34973015,151613411.2,-0.9153,2.3861,1,0,none,baostock,query_history_k_data_plus
600310,SHSE.600310,,SH,A股-上交所,2025-02-24,4.32,4.41,4.31,4.39,4.33,39415560,172654474.0,1.3857,2.6892,1,0,none,baostock,query_history_k_data_plus
600310,SHSE.600310,,SH,A股-上交所,2025-02-25,4.39,4.5,4.34,4.36,4.39,46145691,204697644.22,-0.6834,3.1483,1,0,none,baostock,query_history_k_data_plus
600310,SHSE.600310,,SH,A股-上交所,2025-02-26,4.34,4.39,4.32,4.37,4.36,29513333,128819579.55,0.2294,2.0136,1,0,none,baostock,query_history_k_data_plus
600310,SHSE.600310,,SH,A股-上交所,2025-02-27,4.37,4.4,4.28,4.35,4.37,27486431,119136077.53,-0.4577,1.8753,1,0,none,baostock,query_history_k_data_plus
600310,SHSE.600310,,SH,A股-上交所,2025-02-28,4.33,4.4,4.29,4.32,4.35,32602556,141769493.2,-0.6897,2.2244,1,0,none,baostock,query_history_k_data_plus
600310,SHSE.600310,,SH,A股-上交所,2025-03-03,4.32,4.41,4.3,4.34,4.32,27418705,119516213.96,0.463,1.8707,1,0,none,baostock,query_history_k_data_plus
600310,SHSE.600310,,SH,A股-上交所,2025-03-04,4.34,4.37,4.3,4.36,4.34,19394352,83988964.28,0.4608,1.3232,1,0,none,baostock,query_history_k_data_plus
600310,SHSE.600310,,SH,A股-上交所,2025-03-05,4.35,4.36,4.26,4.31,4.36,22591282,97172607.76,-1.1468,1.5413,1,0,none,baostock,query_history_k_data_plus
600310,SHSE.600310,,SH,A股-上交所,2025-03-06,4.3,4.34,4.3,4.32,4.31,23131531,99847055.61,0.232,1.5782,1,0,none,baostock,query_history_k_data_plus
600310,SHSE.600310,,SH,A股-上交所,2025-03-07,4.32,4.35,4.24,4.27,4.32,27040571,115836188.78,-1.1574,1.8449,1,0,none,baostock,query_history_k_data_plus
600310,SHSE.600310,,SH,A股-上交所,2025-03-10,4.26,4.31,4.25,4.27,4.27,16996820,72621815.35,0.0,1.1596,1,0,none,baostock,query_history_k_data_plus
600310,SHSE.600310,,SH,A股-上交所,2025-03-11,4.23,4.26,4.19,4.25,4.27,20414085,86219025.75,-0.4684,1.3928,1,0,none,baostock,query_history_k_data_plus
600310,SHSE.600310,,SH,A股-上交所,2025-03-12,4.25,4.37,4.24,4.35,4.25,35805429,154573874.57,2.3529,2.4429,1,0,none,baostock,query_history_k_data_plus
600310,SHSE.600310,,SH,A股-上交所,2025-03-13,4.35,4.78,4.33,4.56,4.35,97379365,446385887.04,4.8276,6.6438,1,0,none,baostock,query_history_k_data_plus
600310,SHSE.600310,,SH,A股-上交所,2025-03-14,4.55,4.73,4.52,4.64,4.56,85406051,396781162.48,1.7544,5.8269,1,0,none,baostock,query_history_k_data_plus
600310,SHSE.600310,,SH,A股-上交所,2025-03-17,4.62,4.7,4.57,4.59,4.64,46664648,215700007.88,-1.0776,3.1838,1,0,none,baostock,query_history_k_data_plus
600310,SHSE.600310,,SH,A股-上交所,2025-03-18,4.58,4.58,4.51,4.58,4.59,34172040,155375476.2,-0.2179,2.3314,1,0,none,baostock,query_history_k_data_plus
600310,SHSE.600310,,SH,A股-上交所,2025-03-19,4.58,4.7,4.53,4.65,4.58,58727686,273113711.05,1.5284,4.0068,1,0,none,baostock,query_history_k_data_plus
600310,SHSE.600310,,SH,A股-上交所,2025-03-20,4.62,4.67,4.59,4.62,4.65,37815444,175274300.52,-0.6452,2.58,1,0,none,baostock,query_history_k_data_plus
600310,SHSE.600310,,SH,A股-上交所,2025-03-21,4.6,4.68,4.56,4.58,4.62,41917100,194024269.2,-0.8658,2.8598,1,0,none,baostock,query_history_k_data_plus
600310,SHSE.600310,,SH,A股-上交所,2025-03-24,4.58,4.76,4.57,4.76,4.58,77304163,362537746.35,3.9301,5.2742,1,0,none,baostock,query_history_k_data_plus
600310,SHSE.600310,,SH,A股-上交所,2025-03-25,4.78,5.03,4.7,5.03,4.76,110061441,536635828.28,5.6723,7.5091,1,0,none,baostock,query_history_k_data_plus
600310,SHSE.600310,,SH,A股-上交所,2025-03-26,4.99,5.12,4.82,4.91,5.03,95339928,473746489.02,-2.3857,6.5047,1,0,none,baostock,query_history_k_data_plus
600310,SHSE.600310,,SH,A股-上交所,2025-03-27,4.88,5.26,4.88,5.0,4.91,97581550,489453396.23,1.833,6.6576,1,0,none,baostock,query_history_k_data_plus
600310,SHSE.600310,,SH,A股-上交所,2025-03-28,4.65,4.78,4.5,4.5,5.0,111412482,510841432.0,-10.0,7.6013,1,0,none,baostock,query_history_k_data_plus
600310,SHSE.600310,,SH,A股-上交所,2025-03-31,4.27,4.56,4.27,4.35,4.5,68906907,302372679.45,-3.3333,4.7013,1,0,none,baostock,query_history_k_data_plus
600310,SHSE.600310,,SH,A股-上交所,2025-04-01,4.4,4.62,4.36,4.54,4.35,71957813,324217476.86,4.3678,4.9094,1,0,none,baostock,query_history_k_data_plus
600310,SHSE.600310,,SH,A股-上交所,2025-04-02,4.51,4.51,4.42,4.44,4.54,42789794,190460078.26,-2.2026,2.9194,1,0,none,baostock,query_history_k_data_plus
600310,SHSE.600310,,SH,A股-上交所,2025-04-03,4.41,4.52,4.4,4.47,4.44,40675012,181789008.9,0.6757,2.7751,1,0,none,baostock,query_history_k_data_plus
600310,SHSE.600310,,SH,A股-上交所,2025-04-07,4.3,4.36,4.02,4.03,4.47,72509512,300416650.43,-9.8434,4.9471,1,0,none,baostock,query_history_k_data_plus
600310,SHSE.600310,,SH,A股-上交所,2025-04-08,4.03,4.3,4.03,4.19,4.03,62274075,260409284.7,3.9702,4.2487,1,0,none,baostock,query_history_k_data_plus
600310,SHSE.600310,,SH,A股-上交所,2025-04-09,4.2,4.22,3.95,4.18,4.19,63126520,257716714.6,-0.2387,4.3069,1,0,none,baostock,query_history_k_data_plus
600310,SHSE.600310,,SH,A股-上交所,2025-04-10,4.21,4.31,4.18,4.24,4.18,55972028,237907477.32,1.4354,3.8188,1,0,none,baostock,query_history_k_data_plus
600310,SHSE.600310,,SH,A股-上交所,2025-04-11,4.19,4.66,4.17,4.49,4.24,108071624,484837419.33,5.8962,7.3733,1,0,none,baostock,query_history_k_data_plus
600310,SHSE.600310,,SH,A股-上交所,2025-04-14,4.41,4.72,4.41,4.69,4.49,105796679,483336689.89,4.4543,7.2181,1,0,none,baostock,query_history_k_data_plus
600310,SHSE.600310,,SH,A股-上交所,2025-04-15,4.65,4.69,4.53,4.64,4.69,73398007,337707847.33,-1.0661,5.0077,1,0,none,baostock,query_history_k_data_plus
600310,SHSE.600310,,SH,A股-上交所,2025-04-16,4.66,4.75,4.56,4.59,4.64,70247625,326309283.52,-1.0776,4.7927,1,0,none,baostock,query_history_k_data_plus
600310,SHSE.600310,,SH,A股-上交所,2025-04-17,4.57,4.8,4.5,4.77,4.59,83844110,390760555.22,3.9216,5.7204,1,0,none,baostock,query_history_k_data_plus
600310,SHSE.600310,,SH,A股-上交所,2025-04-18,4.73,5.0,4.7,4.8,4.77,114433628,553474027.24,0.6289,7.8074,1,0,none,baostock,query_history_k_data_plus
600310,SHSE.600310,,SH,A股-上交所,2025-04-21,4.74,4.87,4.7,4.76,4.8,78031387,372968337.78,-0.8333,5.3238,1,0,none,baostock,query_history_k_data_plus
600310,SHSE.600310,,SH,A股-上交所,2025-04-22,4.73,4.85,4.64,4.65,4.76,76870976,363773431.0,-2.3109,5.2446,1,0,none,baostock,query_history_k_data_plus
600310,SHSE.600310,,SH,A股-上交所,2025-04-23,4.66,4.71,4.59,4.61,4.65,53499160,248107760.8,-0.8602,3.65,1,0,none,baostock,query_history_k_data_plus
600310,SHSE.600310,,SH,A股-上交所,2025-04-24,4.61,5.07,4.61,5.07,4.61,208388606,1037932907.7,9.9783,14.2176,1,0,none,baostock,query_history_k_data_plus
600310,SHSE.600310,,SH,A股-上交所,2025-04-25,5.07,5.55,4.98,5.34,5.07,247470912,1287099529.58,5.3254,16.884,1,0,none,baostock,query_history_k_data_plus
600310,SHSE.600310,,SH,A股-上交所,2025-04-28,5.36,5.46,5.09,5.13,5.34,157501496,822706343.89,-3.9326,10.7457,1,0,none,baostock,query_history_k_data_plus
600310,SHSE.600310,,SH,A股-上交所,2025-04-29,4.62,4.67,4.62,4.62,5.13,35317600,163192947.6,-9.9415,2.4096,1,0,none,baostock,query_history_k_data_plus
600310,SHSE.600310,,SH,A股-上交所,2025-04-30,4.16,4.4,4.16,4.26,4.62,144120234,615656882.74,-7.7922,9.8328,1,0,none,baostock,query_history_k_data_plus
600310,SHSE.600310,,SH,A股-上交所,2025-05-06,4.26,4.37,4.18,4.33,4.26,96634025,413762214.06,1.6432,6.593,1,0,none,baostock,query_history_k_data_plus
600310,SHSE.600310,,SH,A股-上交所,2025-05-07,4.35,4.52,4.29,4.39,4.33,92874860,407430788.2,1.3857,6.3365,1,0,none,baostock,query_history_k_data_plus
600310,SHSE.600310,,SH,A股-上交所,2025-05-08,4.35,4.49,4.33,4.42,4.39,66021387,291047534.39,0.6834,4.5044,1,0,none,baostock,query_history_k_data_plus
600310,SHSE.600310,,SH,A股-上交所,2025-05-09,4.42,4.52,4.39,4.44,4.42,79713647,355090939.74,0.4525,5.4386,1,0,none,baostock,query_history_k_data_plus
600310,SHSE.600310,,SH,A股-上交所,2025-05-12,4.46,4.51,4.4,4.42,4.44,54826100,243326041.6,-0.4505,3.7406,1,0,none,baostock,query_history_k_data_plus
600310,SHSE.600310,,SH,A股-上交所,2025-05-13,4.45,4.46,4.33,4.43,4.42,57205183,251457005.8,0.2262,3.9029,1,0,none,baostock,query_history_k_data_plus
600310,SHSE.600310,,SH,A股-上交所,2025-05-14,4.4,4.42,4.34,4.41,4.43,48085643,210582204.4,-0.4515,3.2807,1,0,none,baostock,query_history_k_data_plus
600310,SHSE.600310,,SH,A股-上交所,2025-05-15,4.38,4.44,4.36,4.37,4.41,44383820,195531163.6,-0.907,3.0281,1,0,none,baostock,query_history_k_data_plus
600310,SHSE.600310,,SH,A股-上交所,2025-05-16,4.36,4.38,4.28,4.28,4.37,44746381,193019716.49,-2.0595,3.0529,1,0,none,baostock,query_history_k_data_plus
600310,SHSE.600310,,SH,A股-上交所,2025-05-19,4.28,4.41,4.28,4.4,4.28,49826920,217377544.8,2.8037,3.3995,1,0,none,baostock,query_history_k_data_plus
600310,SHSE.600310,,SH,A股-上交所,2025-05-20,4.4,4.42,4.35,4.42,4.4,43811780,192217493.4,0.4545,2.9891,1,0,none,baostock,query_history_k_data_plus
600310,SHSE.600310,,SH,A股-上交所,2025-05-21,4.41,4.5,4.38,4.44,4.42,65192900,290431187.8,0.4525,4.4479,1,0,none,baostock,query_history_k_data_plus
600310,SHSE.600310,,SH,A股-上交所,2025-05-22,4.44,4.44,4.29,4.3,4.44,53257780,230970081.4,-3.1532,3.6336,1,0,none,baostock,query_history_k_data_plus
600310,SHSE.600310,,SH,A股-上交所,2025-05-23,4.28,4.3,4.22,4.22,4.3,31551900,134246417.0,-1.8605,2.1527,1,0,none,baostock,query_history_k_data_plus
600310,SHSE.600310,,SH,A股-上交所,2025-05-26,4.22,4.25,4.19,4.24,4.22,25489278,107517703.58,0.4739,1.739,1,0,none,baostock,query_history_k_data_plus
600310,SHSE.600310,,SH,A股-上交所,2025-05-27,4.22,4.25,4.18,4.2,4.24,21987838,92456909.4,-0.9434,1.5001,1,0,none,baostock,query_history_k_data_plus
600310,SHSE.600310,,SH,A股-上交所,2025-05-28,4.2,4.24,4.16,4.19,4.2,23634544,99074680.08,-0.2381,1.6125,1,0,none,baostock,query_history_k_data_plus
600310,SHSE.600310,,SH,A股-上交所,2025-05-29,4.18,4.3,4.15,4.26,4.19,31728201,134626039.83,1.6706,2.1647,1,0,none,baostock,query_history_k_data_plus
600310,SHSE.600310,,SH,A股-上交所,2025-05-30,4.29,4.3,4.2,4.21,4.26,24701400,104579378.0,-1.1737,1.6853,1,0,none,baostock,query_history_k_data_plus
600310,SHSE.600310,,SH,A股-上交所,2025-06-03,4.19,4.23,4.17,4.22,4.21,18174980,76286335.2,0.2375,1.24,1,0,none,baostock,query_history_k_data_plus
600310,SHSE.600310,,SH,A股-上交所,2025-06-04,4.22,4.24,4.2,4.24,4.22,19430895,82016954.3,0.4739,1.3257,1,0,none,baostock,query_history_k_data_plus
600310,SHSE.600310,,SH,A股-上交所,2025-06-05,4.25,4.28,4.22,4.23,4.24,22427520,95216158.2,-0.2358,1.5301,1,0,none,baostock,query_history_k_data_plus
600310,SHSE.600310,,SH,A股-上交所,2025-06-06,4.24,4.25,4.2,4.22,4.23,16717460,70608246.2,-0.2364,1.1406,1,0,none,baostock,query_history_k_data_plus
600310,SHSE.600310,,SH,A股-上交所,2025-06-09,4.21,4.24,4.21,4.23,4.22,16153940,68174477.6,0.237,1.1021,1,0,none,baostock,query_history_k_data_plus
600310,SHSE.600310,,SH,A股-上交所,2025-06-10,4.23,4.26,4.19,4.22,4.23,24987800,105386958.2,-0.2364,1.7048,1,0,none,baostock,query_history_k_data_plus
600310,SHSE.600310,,SH,A股-上交所,2025-06-11,4.2,4.25,4.18,4.22,4.22,24093820,101597301.6,0.0,1.6438,1,0,none,baostock,query_history_k_data_plus
600310,SHSE.600310,,SH,A股-上交所,2025-06-12,4.2,4.21,4.15,4.16,4.19,21403800,89303644.0,-0.716,1.4603,1,0,none,baostock,query_history_k_data_plus
600310,SHSE.600310,,SH,A股-上交所,2025-06-13,4.14,4.18,4.08,4.09,4.16,26867560,110712835.0,-1.6827,1.8331,1,0,none,baostock,query_history_k_data_plus
600310,SHSE.600310,,SH,A股-上交所,2025-06-16,4.07,4.09,4.04,4.06,4.09,17861100,72657960.0,-0.7335,1.2186,1,0,none,baostock,query_history_k_data_plus
600310,SHSE.600310,,SH,A股-上交所,2025-06-17,4.07,4.14,4.04,4.13,4.06,20978480,85856746.2,1.7241,1.4313,1,0,none,baostock,query_history_k_data_plus
600310,SHSE.600310,,SH,A股-上交所,2025-06-18,4.11,4.11,4.04,4.06,4.13,18531900,75266080.0,-1.6949,1.2644,1,0,none,baostock,query_history_k_data_plus
600310,SHSE.600310,,SH,A股-上交所,2025-06-19,4.04,4.06,3.97,3.98,4.06,21500180,85959133.4,-1.9704,1.4669,1,0,none,baostock,query_history_k_data_plus
600310,SHSE.600310,,SH,A股-上交所,2025-06-20,3.98,4.01,3.97,3.99,3.98,10426300,41550897.0,0.2513,0.7113,1,0,none,baostock,query_history_k_data_plus
600310,SHSE.600310,,SH,A股-上交所,2025-06-23,3.98,4.02,3.95,4.02,3.99,14084900,56147436.2,0.7519,0.961,1,0,none,baostock,query_history_k_data_plus
600310,SHSE.600310,,SH,A股-上交所,2025-06-24,4.02,4.06,4.0,4.06,4.02,13341720,54010445.4,0.995,0.9103,1,0,none,baostock,query_history_k_data_plus
600310,SHSE.600310,,SH,A股-上交所,2025-06-25,4.05,4.07,4.02,4.07,4.06,22954780,92922239.2,0.2463,1.5661,1,0,none,baostock,query_history_k_data_plus
600310,SHSE.600310,,SH,A股-上交所,2025-06-26,4.07,4.09,4.04,4.04,4.07,21534704,87419727.76,-0.7371,1.4692,1,0,none,baostock,query_history_k_data_plus
600310,SHSE.600310,,SH,A股-上交所,2025-06-27,4.04,4.09,4.04,4.06,4.04,19542804,79330535.08,0.495,1.3333,1,0,none,baostock,query_history_k_data_plus
600310,SHSE.600310,,SH,A股-上交所,2025-06-30,4.06,4.07,4.03,4.05,4.06,15991921,64702694.48,-0.2463,1.0911,1,0,none,baostock,query_history_k_data_plus
600310,SHSE.600310,,SH,A股-上交所,2025-07-01,4.05,4.14,4.04,4.13,4.05,33949781,139312830.51,1.9753,2.3163,1,0,none,baostock,query_history_k_data_plus
600310,SHSE.600310,,SH,A股-上交所,2025-07-02,4.13,4.14,4.09,4.12,4.13,18884700,77548665.0,-0.2421,1.2884,1,0,none,baostock,query_history_k_data_plus
600310,SHSE.600310,,SH,A股-上交所,2025-07-03,4.12,4.14,4.1,4.12,4.12,17564061,72334388.13,0.0,1.1983,1,0,none,baostock,query_history_k_data_plus
600310,SHSE.600310,,SH,A股-上交所,2025-07-04,4.12,4.23,4.12,4.2,4.12,46216720,194247832.0,1.9417,3.1532,1,0,none,baostock,query_history_k_data_plus
600310,SHSE.600310,,SH,A股-上交所,2025-07-07,4.29,4.4,4.23,4.4,4.2,84059584,362698178.4,4.7619,5.7351,1,0,none,baostock,query_history_k_data_plus
600310,SHSE.600310,,SH,A股-上交所,2025-07-08,4.4,4.41,4.27,4.31,4.4,58004627,249491004.69,-2.0455,3.9574,1,0,none,baostock,query_history_k_data_plus
600310,SHSE.600310,,SH,A股-上交所,2025-07-09,4.29,4.42,4.28,4.31,4.31,44242307,192149229.51,0.0,3.0185,1,0,none,baostock,query_history_k_data_plus
600310,SHSE.600310,,SH,A股-上交所,2025-07-10,4.31,4.49,4.27,4.39,4.31,59750222,262515018.34,1.8561,4.0765,1,0,none,baostock,query_history_k_data_plus
600310,SHSE.600310,,SH,A股-上交所,2025-07-11,4.39,4.39,4.29,4.33,4.39,40251600,173668766.4,-1.3667,2.7462,1,0,none,baostock,query_history_k_data_plus
600310,SHSE.600310,,SH,A股-上交所,2025-07-14,4.33,4.41,4.31,4.38,4.33,46150900,202423142.8,1.1547,3.1487,1,0,none,baostock,query_history_k_data_plus
600310,SHSE.600310,,SH,A股-上交所,2025-07-15,4.4,4.4,4.18,4.22,4.38,53163706,225774694.96,-3.653,3.6272,1,0,none,baostock,query_history_k_data_plus
600310,SHSE.600310,,SH,A股-上交所,2025-07-16,4.22,4.23,4.18,4.19,4.22,28181640,118398277.8,-0.7109,1.9227,1,0,none,baostock,query_history_k_data_plus
600310,SHSE.600310,,SH,A股-上交所,2025-07-17,4.2,4.21,4.15,4.17,4.19,26533506,110710920.25,-0.4773,1.8103,1,0,none,baostock,query_history_k_data_plus
600310,SHSE.600310,,SH,A股-上交所,2025-07-18,4.18,4.2,4.14,4.2,4.17,24976000,104102490.6,0.7194,1.704,1,0,none,baostock,query_history_k_data_plus
600310,SHSE.600310,,SH,A股-上交所,2025-07-21,4.2,4.25,4.2,4.25,4.2,25266300,106730236.2,1.1905,1.7238,1,0,none,baostock,query_history_k_data_plus
600310,SHSE.600310,,SH,A股-上交所,2025-07-22,4.24,4.27,4.19,4.27,4.25,33503982,141836893.2,0.4706,2.2859,1,0,none,baostock,query_history_k_data_plus
600310,SHSE.600310,,SH,A股-上交所,2025-07-23,4.26,4.3,4.19,4.19,4.27,26039800,110148636.0,-1.8735,1.7766,1,0,none,baostock,query_history_k_data_plus
600310,SHSE.600310,,SH,A股-上交所,2025-07-24,4.18,4.21,4.17,4.21,4.19,21050820,88308120.0,0.4773,1.4362,1,0,none,baostock,query_history_k_data_plus
600310,SHSE.600310,,SH,A股-上交所,2025-07-25,4.21,4.21,4.16,4.17,4.21,18106320,75672424.2,-0.9501,1.2353,1,0,none,baostock,query_history_k_data_plus
600310,SHSE.600310,,SH,A股-上交所,2025-07-28,4.17,4.18,4.15,4.16,4.17,14400944,59856177.57,-0.2398,0.9825,1,0,none,baostock,query_history_k_data_plus
600310,SHSE.600310,,SH,A股-上交所,2025-07-29,4.16,4.17,4.11,4.13,4.16,15004004,61944545.24,-0.7212,1.0237,1,0,none,baostock,query_history_k_data_plus
600310,SHSE.600310,,SH,A股-上交所,2025-07-30,4.14,4.19,4.11,4.16,4.13,22345766,92985312.56,0.7264,1.5246,1,0,none,baostock,query_history_k_data_plus
600310,SHSE.600310,,SH,A股-上交所,2025-07-31,4.15,4.16,4.06,4.07,4.16,24530191,100405657.37,-2.1635,1.6736,1,0,none,baostock,query_history_k_data_plus
600310,SHSE.600310,,SH,A股-上交所,2025-08-01,4.07,4.09,4.05,4.07,4.07,9856622,40138801.74,0.0,0.6725,1,0,none,baostock,query_history_k_data_plus
600310,SHSE.600310,,SH,A股-上交所,2025-08-04,4.05,4.09,4.03,4.08,4.07,9361400,38082174.6,0.2457,0.6387,1,0,none,baostock,query_history_k_data_plus
600310,SHSE.600310,,SH,A股-上交所,2025-08-05,4.08,4.11,4.07,4.1,4.08,9807560,40162439.6,0.4902,0.6691,1,0,none,baostock,query_history_k_data_plus
600310,SHSE.600310,,SH,A股-上交所,2025-08-06,4.1,4.11,4.07,4.09,4.1,11375990,46428742.6,-0.2439,0.7761,1,0,none,baostock,query_history_k_data_plus
600310,SHSE.600310,,SH,A股-上交所,2025-08-07,4.09,4.19,4.06,4.14,4.09,25162196,103679680.03,1.2225,1.7167,1,0,none,baostock,query_history_k_data_plus
600310,SHSE.600310,,SH,A股-上交所,2025-08-08,4.14,4.18,4.12,4.15,4.14,16913960,70201659.0,0.2415,1.154,1,0,none,baostock,query_history_k_data_plus
600310,SHSE.600310,,SH,A股-上交所,2025-08-11,4.15,4.18,4.12,4.17,4.15,14516380,60200271.8,0.4819,0.9904,1,0,none,baostock,query_history_k_data_plus
600310,SHSE.600310,,SH,A股-上交所,2025-08-12,4.17,4.17,4.14,4.15,4.17,10092868,41887239.49,-0.4796,0.6886,1,0,none,baostock,query_history_k_data_plus
600310,SHSE.600310,,SH,A股-上交所,2025-08-13,4.15,4.16,4.13,4.14,4.15,9980520,41321673.6,-0.241,0.6809,1,0,none,baostock,query_history_k_data_plus
600310,SHSE.600310,,SH,A股-上交所,2025-08-14,4.14,4.14,4.06,4.06,4.14,17084897,69971372.56,-1.9324,1.1656,1,0,none,baostock,query_history_k_data_plus
600310,SHSE.600310,,SH,A股-上交所,2025-08-15,4.06,4.12,4.05,4.1,4.06,15942560,65211370.8,0.9852,1.0877,1,0,none,baostock,query_history_k_data_plus
600310,SHSE.600310,,SH,A股-上交所,2025-08-18,4.1,4.11,4.08,4.1,4.1,17927280,73376648.4,0.0,1.2231,1,0,none,baostock,query_history_k_data_plus
600310,SHSE.600310,,SH,A股-上交所,2025-08-19,4.11,4.12,4.08,4.1,4.1,14811776,60694544.6,0.0,1.0106,1,0,none,baostock,query_history_k_data_plus
600310,SHSE.600310,,SH,A股-上交所,2025-08-20,4.1,4.1,4.05,4.1,4.1,19556360,79717843.4,0.0,1.3343,1,0,none,baostock,query_history_k_data_plus
600310,SHSE.600310,,SH,A股-上交所,2025-08-21,4.1,4.14,4.07,4.1,4.1,23201121,95392451.71,0.0,1.5829,1,0,none,baostock,query_history_k_data_plus
600310,SHSE.600310,,SH,A股-上交所,2025-08-22,4.1,4.11,4.06,4.09,4.1,18533364,75567648.28,-0.2439,1.2645,1,0,none,baostock,query_history_k_data_plus
600310,SHSE.600310,,SH,A股-上交所,2025-08-25,4.1,4.13,4.08,4.12,4.09,22619942,92986577.22,0.7335,1.5433,1,0,none,baostock,query_history_k_data_plus
600310,SHSE.600310,,SH,A股-上交所,2025-08-26,4.11,4.14,4.1,4.14,4.12,21887925,90307014.75,0.4854,1.4933,1,0,none,baostock,query_history_k_data_plus
600310,SHSE.600310,,SH,A股-上交所,2025-08-27,4.13,4.18,4.08,4.08,4.14,32120984,132614645.34,-1.4493,2.1915,1,0,none,baostock,query_history_k_data_plus
600310,SHSE.600310,,SH,A股-上交所,2025-08-28,4.08,4.09,4.0,4.05,4.08,27539945,111253037.85,-0.7353,1.8789,1,0,none,baostock,query_history_k_data_plus
600310,SHSE.600310,,SH,A股-上交所,2025-08-29,4.04,4.07,4.02,4.03,4.05,16189299,65437178.72,-0.4938,1.1045,1,0,none,baostock,query_history_k_data_plus
600310,SHSE.600310,,SH,A股-上交所,2025-09-01,4.04,4.05,4.01,4.03,4.03,11094344,44642745.48,0.0,0.7569,1,0,none,baostock,query_history_k_data_plus
600310,SHSE.600310,,SH,A股-上交所,2025-09-02,4.03,4.04,4.01,4.01,4.03,12311961,49485198.4,-0.4963,0.84,1,0,none,baostock,query_history_k_data_plus
600310,SHSE.600310,,SH,A股-上交所,2025-09-03,4.01,4.02,3.96,3.97,4.01,12672600,50481207.0,-0.9975,0.8646,1,0,none,baostock,query_history_k_data_plus
600310,SHSE.600310,,SH,A股-上交所,2025-09-04,3.98,4.0,3.96,3.98,3.97,13793561,54901010.56,0.2519,0.9411,1,0,none,baostock,query_history_k_data_plus
600310,SHSE.600310,,SH,A股-上交所,2025-09-05,3.98,4.01,3.95,4.01,3.98,12142576,48365484.24,0.7538,0.8284,1,0,none,baostock,query_history_k_data_plus
600310,SHSE.600310,,SH,A股-上交所,2025-09-08,4.03,4.04,4.01,4.04,4.01,13409236,53992927.08,0.7481,0.9149,1,0,none,baostock,query_history_k_data_plus
600310,SHSE.600310,,SH,A股-上交所,2025-09-09,4.04,4.06,4.01,4.02,4.04,12826700,51718255.8,-0.495,0.8751,1,0,none,baostock,query_history_k_data_plus
600310,SHSE.600310,,SH,A股-上交所,2025-09-10,4.03,4.04,3.99,4.01,4.02,8702365,34880902.8,-0.2488,0.5937,1,0,none,baostock,query_history_k_data_plus
600310,SHSE.600310,,SH,A股-上交所,2025-09-11,4.01,4.03,3.99,4.02,4.01,11537587,46267432.9,0.2494,0.7872,1,0,none,baostock,query_history_k_data_plus
600310,SHSE.600310,,SH,A股-上交所,2025-09-12,4.03,4.06,4.01,4.03,4.02,18345862,74012828.02,0.2488,1.2517,1,0,none,baostock,query_history_k_data_plus
600310,SHSE.600310,,SH,A股-上交所,2025-09-15,4.03,4.05,4.01,4.04,4.03,12231497,49271605.91,0.2481,0.8345,1,0,none,baostock,query_history_k_data_plus
600310,SHSE.600310,,SH,A股-上交所,2025-09-16,4.03,4.06,4.01,4.06,4.04,16326798,65902926.72,0.495,1.1139,1,0,none,baostock,query_history_k_data_plus
600310,SHSE.600310,,SH,A股-上交所,2025-09-17,4.05,4.08,4.03,4.06,4.06,13425360,54438939.4,0.0,0.916,1,0,none,baostock,query_history_k_data_plus
600310,SHSE.600310,,SH,A股-上交所,2025-09-18,4.05,4.06,3.97,3.99,4.06,21548824,86410691.36,-1.7241,1.4702,1,0,none,baostock,query_history_k_data_plus
600310,SHSE.600310,,SH,A股-上交所,2025-09-19,3.99,3.99,3.95,3.97,3.99,13835986,54904527.42,-0.5013,0.944,1,0,none,baostock,query_history_k_data_plus
600310,SHSE.600310,,SH,A股-上交所,2025-09-22,3.97,3.97,3.92,3.94,3.97,13201440,51984745.8,-0.7557,0.9007,1,0,none,baostock,query_history_k_data_plus
600310,SHSE.600310,,SH,A股-上交所,2025-09-23,3.93,3.93,3.84,3.91,3.94,14448998,56139911.6,-0.7614,0.9858,1,0,none,baostock,query_history_k_data_plus
600310,SHSE.600310,,SH,A股-上交所,2025-09-24,3.89,3.94,3.88,3.92,3.91,7642740,29929905.6,0.2558,0.5214,1,0,none,baostock,query_history_k_data_plus
600310,SHSE.600310,,SH,A股-上交所,2025-09-25,3.92,3.93,3.89,3.89,3.92,8741360,34084654.8,-0.7653,0.5964,1,0,none,baostock,query_history_k_data_plus
600310,SHSE.600310,,SH,A股-上交所,2025-09-26,3.9,3.93,3.87,3.9,3.89,7334363,28661363.27,0.2571,0.5004,1,0,none,baostock,query_history_k_data_plus
600310,SHSE.600310,,SH,A股-上交所,2025-09-29,3.9,3.92,3.85,3.89,3.9,9945042,38634275.97,-0.2564,0.6785,1,0,none,baostock,query_history_k_data_plus
600310,SHSE.600310,,SH,A股-上交所,2025-09-30,3.89,3.9,3.85,3.87,3.89,11384540,44059142.6,-0.5141,0.7767,1,0,none,baostock,query_history_k_data_plus
600310,SHSE.600310,,SH,A股-上交所,2025-10-09,3.87,3.91,3.86,3.91,3.87,12310140,47997342.4,1.0336,0.8399,1,0,none,baostock,query_history_k_data_plus
600310,SHSE.600310,,SH,A股-上交所,2025-10-10,3.9,3.97,3.89,3.96,3.91,14098520,55642349.6,1.2788,0.9619,1,0,none,baostock,query_history_k_data_plus
600310,SHSE.600310,,SH,A股-上交所,2025-10-13,3.9,3.93,3.86,3.93,3.96,15728140,61231765.8,-0.7576,1.0731,1,0,none,baostock,query_history_k_data_plus
600310,SHSE.600310,,SH,A股-上交所,2025-10-14,3.94,3.99,3.93,3.98,3.93,19337960,76714125.6,1.2723,1.3194,1,0,none,baostock,query_history_k_data_plus
600310,SHSE.600310,,SH,A股-上交所,2025-10-15,3.98,4.01,3.95,3.97,3.98,14733040,58563243.4,-0.2513,1.0052,1,0,none,baostock,query_history_k_data_plus
600310,SHSE.600310,,SH,A股-上交所,2025-10-16,3.98,3.99,3.93,3.96,3.97,12564860,49623759.2,-0.2519,0.8573,1,0,none,baostock,query_history_k_data_plus
600310,SHSE.600310,,SH,A股-上交所,2025-10-17,3.96,3.98,3.91,3.91,3.96,14531000,57294884.2,-1.2626,0.9914,1,0,none,baostock,query_history_k_data_plus
600310,SHSE.600310,,SH,A股-上交所,2025-10-20,3.94,3.96,3.9,3.95,3.91,10970260,43132997.6,1.023,0.7485,1,0,none,baostock,query_history_k_data_plus
600310,SHSE.600310,,SH,A股-上交所,2025-10-21,3.95,4.02,3.94,4.02,3.95,18877884,75335056.32,1.7722,1.288,1,0,none,baostock,query_history_k_data_plus
600310,SHSE.600310,,SH,A股-上交所,2025-10-22,4.0,4.06,3.99,4.02,4.02,17036660,68729774.2,0.0,1.1623,1,0,none,baostock,query_history_k_data_plus
600310,SHSE.600310,,SH,A股-上交所,2025-10-23,4.02,4.09,4.01,4.09,4.02,25952420,105498066.2,1.7413,1.7706,1,0,none,baostock,query_history_k_data_plus
600310,SHSE.600310,,SH,A股-上交所,2025-10-24,4.05,4.05,3.96,3.98,4.09,32968200,131851455.0,-2.6895,2.2493,1,0,none,baostock,query_history_k_data_plus
600310,SHSE.600310,,SH,A股-上交所,2025-10-27,3.98,4.03,3.97,4.01,3.98,19078920,76432212.0,0.7538,1.3017,1,0,none,baostock,query_history_k_data_plus
600310,SHSE.600310,,SH,A股-上交所,2025-10-28,4.02,4.03,3.98,3.99,4.01,12551080,50182839.8,-0.4988,0.8563,1,0,none,baostock,query_history_k_data_plus
600310,SHSE.600310,,SH,A股-上交所,2025-10-29,3.99,4.0,3.94,3.99,3.99,14742780,58547878.2,0.0,1.0058,1,0,none,baostock,query_history_k_data_plus
600310,SHSE.600310,,SH,A股-上交所,2025-10-30,3.98,4.0,3.94,3.95,3.99,15693640,62184165.4,-1.0025,1.0707,1,0,none,baostock,query_history_k_data_plus
600310,SHSE.600310,,SH,A股-上交所,2025-10-31,3.95,3.96,3.92,3.93,3.95,12566340,49430012.2,-0.5063,0.8574,1,0,none,baostock,query_history_k_data_plus
600310,SHSE.600310,,SH,A股-上交所,2025-11-03,3.93,3.95,3.92,3.95,3.93,9958040,39172340.8,0.5089,0.6794,1,0,none,baostock,query_history_k_data_plus
600310,SHSE.600310,,SH,A股-上交所,2025-11-04,3.94,3.98,3.93,3.97,3.95,13423980,53182699.8,0.5063,0.9159,1,0,none,baostock,query_history_k_data_plus
600310,SHSE.600310,,SH,A股-上交所,2025-11-05,3.95,4.06,3.94,4.05,3.97,28679860,115325312.2,2.0151,1.9567,1,0,none,baostock,query_history_k_data_plus
600310,SHSE.600310,,SH,A股-上交所,2025-11-06,4.06,4.13,4.05,4.07,4.05,31737820,129529375.86,0.4938,2.1654,1,0,none,baostock,query_history_k_data_plus
600310,SHSE.600310,,SH,A股-上交所,2025-11-07,4.06,4.13,4.06,4.07,4.07,23105820,94490066.8,0.0,1.5764,1,0,none,baostock,query_history_k_data_plus
600310,SHSE.600310,,SH,A股-上交所,2025-11-10,4.09,4.12,4.07,4.11,4.07,21459472,87986287.2,0.9828,1.4641,1,0,none,baostock,query_history_k_data_plus
600310,SHSE.600310,,SH,A股-上交所,2025-11-11,4.11,4.12,4.08,4.11,4.11,16745580,68787669.4,0.0,1.1425,1,0,none,baostock,query_history_k_data_plus
600310,SHSE.600310,,SH,A股-上交所,2025-11-12,4.12,4.15,4.1,4.13,4.11,21444180,88455232.0,0.4866,1.4631,1,0,none,baostock,query_history_k_data_plus
600310,SHSE.600310,,SH,A股-上交所,2025-11-13,4.13,4.13,4.06,4.11,4.13,22476940,92027409.8,-0.4843,1.5335,1,0,none,baostock,query_history_k_data_plus
600310,SHSE.600310,,SH,A股-上交所,2025-11-14,4.11,4.18,4.1,4.13,4.11,27199940,112586142.57,0.4866,1.8558,1,0,none,baostock,query_history_k_data_plus
600310,SHSE.600310,,SH,A股-上交所,2025-11-17,4.14,4.15,4.07,4.11,4.13,17370593,71209487.23,-0.4843,1.1851,1,0,none,baostock,query_history_k_data_plus
600310,SHSE.600310,,SH,A股-上交所,2025-11-18,4.11,4.11,4.01,4.04,4.11,22438420,90760766.0,-1.7032,1.5309,1,0,none,baostock,query_history_k_data_plus
600310,SHSE.600310,,SH,A股-上交所,2025-11-19,4.04,4.05,3.94,3.95,4.04,27248347,108156468.18,-2.2277,1.8591,1,0,none,baostock,query_history_k_data_plus
600310,SHSE.600310,,SH,A股-上交所,2025-11-20,3.96,3.98,3.92,3.94,3.95,15510920,61183712.8,-0.2532,1.0583,1,0,none,baostock,query_history_k_data_plus
600310,SHSE.600310,,SH,A股-上交所,2025-11-21,3.91,3.93,3.76,3.77,3.94,36546160,139973625.4,-4.3147,2.4934,1,0,none,baostock,query_history_k_data_plus
600310,SHSE.600310,,SH,A股-上交所,2025-11-24,3.79,3.8,3.72,3.76,3.77,21537352,80724143.2,-0.2653,1.4694,1,0,none,baostock,query_history_k_data_plus
600310,SHSE.600310,,SH,A股-上交所,2025-11-25,3.76,3.96,3.74,3.88,3.76,27285380,105069584.4,3.1915,1.8616,1,0,none,baostock,query_history_k_data_plus
600310,SHSE.600310,,SH,A股-上交所,2025-11-26,3.88,3.89,3.82,3.84,3.88,12770840,49116846.8,-1.0309,0.8713,1,0,none,baostock,query_history_k_data_plus
600310,SHSE.600310,,SH,A股-上交所,2025-11-27,3.84,3.86,3.82,3.83,3.84,8341253,32005457.19,-0.2604,0.5691,1,0,none,baostock,query_history_k_data_plus
600310,SHSE.600310,,SH,A股-上交所,2025-11-28,3.84,3.84,3.81,3.84,3.83,6499300,24896599.38,0.2611,0.4434,1,0,none,baostock,query_history_k_data_plus
600310,SHSE.600310,,SH,A股-上交所,2025-12-01,3.85,3.88,3.84,3.86,3.84,8114180,31304019.0,0.5208,0.5536,1,0,none,baostock,query_history_k_data_plus
600310,SHSE.600310,,SH,A股-上交所,2025-12-02,3.86,3.86,3.81,3.84,3.86,9647843,36937800.72,-0.5181,0.6582,1,0,none,baostock,query_history_k_data_plus
600310,SHSE.600310,,SH,A股-上交所,2025-12-03,3.83,3.85,3.81,3.82,3.84,9166467,35075321.28,-0.5208,0.6254,1,0,none,baostock,query_history_k_data_plus
600310,SHSE.600310,,SH,A股-上交所,2025-12-04,3.82,3.83,3.77,3.79,3.82,8321180,31590920.2,-0.7853,0.5677,1,0,none,baostock,query_history_k_data_plus
600310,SHSE.600310,,SH,A股-上交所,2025-12-05,3.78,3.82,3.77,3.82,3.79,8618364,32783114.0,0.7916,0.588,1,0,none,baostock,query_history_k_data_plus
600310,SHSE.600310,,SH,A股-上交所,2025-12-08,3.8,3.83,3.8,3.82,3.82,7820553,29819692.53,0.0,0.5336,1,0,none,baostock,query_history_k_data_plus
600310,SHSE.600310,,SH,A股-上交所,2025-12-09,3.82,3.84,3.79,3.8,3.82,9958500,37963321.0,-0.5236,0.6794,1,0,none,baostock,query_history_k_data_plus
600310,SHSE.600310,,SH,A股-上交所,2025-12-10,3.8,3.82,3.79,3.81,3.8,7239140,27534301.8,0.2632,0.4939,1,0,none,baostock,query_history_k_data_plus
600310,SHSE.600310,,SH,A股-上交所,2025-12-11,3.82,3.82,3.76,3.77,3.81,9782600,37116349.4,-1.0499,0.6674,1,0,none,baostock,query_history_k_data_plus
600310,SHSE.600310,,SH,A股-上交所,2025-12-12,3.77,3.82,3.77,3.78,3.77,12033795,45696207.38,0.2653,0.821,1,0,none,baostock,query_history_k_data_plus
600310,SHSE.600310,,SH,A股-上交所,2025-12-15,3.77,3.82,3.76,3.81,3.78,8932040,33967739.6,0.7937,0.6094,1,0,none,baostock,query_history_k_data_plus
600310,SHSE.600310,,SH,A股-上交所,2025-12-16,3.81,3.82,3.77,3.78,3.81,14394053,54568607.81,-0.7874,0.9821,1,0,none,baostock,query_history_k_data_plus
600310,SHSE.600310,,SH,A股-上交所,2025-12-17,3.77,3.78,3.69,3.74,3.78,18052380,67148029.6,-1.0582,1.2316,1,0,none,baostock,query_history_k_data_plus
600310,SHSE.600310,,SH,A股-上交所,2025-12-18,3.73,3.79,3.72,3.75,3.74,8883380,33385337.2,0.2674,0.6061,1,0,none,baostock,query_history_k_data_plus
600310,SHSE.600310,,SH,A股-上交所,2025-12-19,3.76,3.8,3.75,3.8,3.75,9013583,34093791.97,1.3333,0.615,1,0,none,baostock,query_history_k_data_plus
600310,SHSE.600310,,SH,A股-上交所,2025-12-22,3.8,3.82,3.8,3.81,3.8,6901820,26303876.2,0.2632,0.4709,1,0,none,baostock,query_history_k_data_plus
600310,SHSE.600310,,SH,A股-上交所,2025-12-23,3.81,3.82,3.78,3.79,3.81,7354960,27937560.4,-0.5249,0.5018,1,0,none,baostock,query_history_k_data_plus
600310,SHSE.600310,,SH,A股-上交所,2025-12-24,3.8,3.82,3.77,3.81,3.79,8705440,33092437.0,0.5277,0.5939,1,0,none,baostock,query_history_k_data_plus
600310,SHSE.600310,,SH,A股-上交所,2025-12-25,3.88,3.99,3.88,3.9,3.81,31260415,122571503.29,2.3622,2.1328,1,0,none,baostock,query_history_k_data_plus
600310,SHSE.600310,,SH,A股-上交所,2025-12-26,3.9,4.05,3.89,3.99,3.9,42458599,169432262.68,2.3077,2.8968,1,0,none,baostock,query_history_k_data_plus
600310,SHSE.600310,,SH,A股-上交所,2025-12-29,3.99,4.0,3.88,3.88,3.99,22942386,89759038.79,-2.7569,1.5653,1,0,none,baostock,query_history_k_data_plus
600310,SHSE.600310,,SH,A股-上交所,2025-12-30,3.88,3.89,3.82,3.84,3.88,16408160,62954596.0,-1.0309,1.1195,1,0,none,baostock,query_history_k_data_plus
600310,SHSE.600310,,SH,A股-上交所,2025-12-31,3.84,3.84,3.8,3.81,3.84,10546307,40175861.0,-0.7813,0.7195,1,0,none,baostock,query_history_k_data_plus
600310,SHSE.600310,,SH,A股-上交所,2026-01-05,3.8,3.82,3.79,3.82,3.81,11558189,44007076.37,0.2625,0.7886,1,0,none,baostock,query_history_k_data_plus
600310,SHSE.600310,,SH,A股-上交所,2026-01-06,3.81,3.88,3.8,3.88,3.82,14070637,54174472.97,1.5707,0.96,1,0,none,baostock,query_history_k_data_plus
600310,SHSE.600310,,SH,A股-上交所,2026-01-07,3.88,3.89,3.85,3.86,3.88,11717467,45257871.42,-0.5155,0.7994,1,0,none,baostock,query_history_k_data_plus
600310,SHSE.600310,,SH,A股-上交所,2026-01-08,3.85,3.87,3.83,3.85,3.86,12035958,46311219.12,-0.2591,0.8212,1,0,none,baostock,query_history_k_data_plus
600310,SHSE.600310,,SH,A股-上交所,2026-01-09,3.84,3.86,3.82,3.85,3.85,16980160,65273274.8,0.0,1.1585,1,0,none,baostock,query_history_k_data_plus
600310,SHSE.600310,,SH,A股-上交所,2026-01-12,3.85,3.87,3.83,3.87,3.85,18386463,70853761.82,0.5195,1.2544,1,0,none,baostock,query_history_k_data_plus
600310,SHSE.600310,,SH,A股-上交所,2026-01-13,3.87,3.92,3.85,3.9,3.87,24567549,95435904.58,0.7752,1.6762,1,0,none,baostock,query_history_k_data_plus
600310,SHSE.600310,,SH,A股-上交所,2026-01-14,3.89,3.93,3.86,3.9,3.9,25311573,98712707.05,0.0,1.7269,1,0,none,baostock,query_history_k_data_plus
600310,SHSE.600310,,SH,A股-上交所,2026-01-15,3.89,3.91,3.86,3.88,3.9,13116467,50904091.83,-0.5128,0.8949,1,0,none,baostock,query_history_k_data_plus
600310,SHSE.600310,,SH,A股-上交所,2026-01-16,3.9,3.95,3.9,3.94,3.88,24047440,94471532.6,1.5464,1.6407,1,0,none,baostock,query_history_k_data_plus
600310,SHSE.600310,,SH,A股-上交所,2026-01-19,3.85,3.89,3.79,3.88,3.94,24535780,94583535.6,-1.5228,1.674,1,0,none,baostock,query_history_k_data_plus
600310,SHSE.600310,,SH,A股-上交所,2026-01-20,3.88,3.97,3.85,3.97,3.88,30504144,119847330.16,2.3196,2.0812,1,0,none,baostock,query_history_k_data_plus
600310,SHSE.600310,,SH,A股-上交所,2026-01-21,3.96,3.96,3.89,3.92,3.97,22162700,86658684.94,-1.2594,1.5121,1,0,none,baostock,query_history_k_data_plus
600310,SHSE.600310,,SH,A股-上交所,2026-01-22,3.92,3.94,3.9,3.94,3.92,15057440,59122880.0,0.5102,1.0273,1,0,none,baostock,query_history_k_data_plus
600310,SHSE.600310,,SH,A股-上交所,2026-01-23,3.94,3.96,3.93,3.95,3.94,16844480,66372997.0,0.2538,1.1492,1,0,none,baostock,query_history_k_data_plus
600310,SHSE.600310,,SH,A股-上交所,2026-01-26,3.95,3.96,3.91,3.95,3.95,19417560,76521226.4,0.0,1.3248,1,0,none,baostock,query_history_k_data_plus
600310,SHSE.600310,,SH,A股-上交所,2026-01-27,3.95,3.95,3.86,3.89,3.95,16780360,65195391.6,-1.519,1.1449,1,0,none,baostock,query_history_k_data_plus
600310,SHSE.600310,,SH,A股-上交所,2026-01-28,3.88,3.9,3.86,3.9,3.89,14835040,57591749.0,0.2571,1.0121,1,0,none,baostock,query_history_k_data_plus
600310,SHSE.600310,,SH,A股-上交所,2026-01-29,3.87,3.89,3.85,3.88,3.9,16132330,62442374.5,-0.5128,1.1006,1,0,none,baostock,query_history_k_data_plus
600310,SHSE.600310,,SH,A股-上交所,2026-01-30,3.87,3.91,3.84,3.88,3.88,19748440,76524108.4,0.0,1.3474,1,0,none,baostock,query_history_k_data_plus
600310,SHSE.600310,,SH,A股-上交所,2026-02-02,3.87,3.98,3.85,3.89,3.88,29103930,114291025.9,0.2577,1.9857,1,0,none,baostock,query_history_k_data_plus
600310,SHSE.600310,,SH,A股-上交所,2026-02-03,3.9,3.95,3.86,3.89,3.89,16865120,65550507.8,0.0,1.1506,1,0,none,baostock,query_history_k_data_plus
600310,SHSE.600310,,SH,A股-上交所,2026-02-04,3.89,3.97,3.88,3.97,3.89,24283981,95641688.66,2.0566,1.6568,1,0,none,baostock,query_history_k_data_plus
600310,SHSE.600310,,SH,A股-上交所,2026-02-05,3.97,3.97,3.9,3.91,3.97,15313330,60106825.7,-1.5113,1.0448,1,0,none,baostock,query_history_k_data_plus
600310,SHSE.600310,,SH,A股-上交所,2026-02-06,3.91,3.95,3.89,3.94,3.91,12852920,50572415.4,0.7673,0.8769,1,0,none,baostock,query_history_k_data_plus
600310,SHSE.600310,,SH,A股-上交所,2026-02-09,3.96,3.99,3.94,3.96,3.94,15665355,62126869.85,0.5076,1.0688,1,0,none,baostock,query_history_k_data_plus
600310,SHSE.600310,,SH,A股-上交所,2026-02-10,3.97,3.97,3.93,3.93,3.96,11972400,47221536.8,-0.7576,0.8168,1,0,none,baostock,query_history_k_data_plus
600310,SHSE.600310,,SH,A股-上交所,2026-02-11,3.93,3.97,3.93,3.95,3.93,11405811,45065768.56,0.5089,0.7782,1,0,none,baostock,query_history_k_data_plus
600310,SHSE.600310,,SH,A股-上交所,2026-02-12,3.97,3.98,3.93,3.94,3.95,15798700,62481429.0,-0.2532,1.0779,1,0,none,baostock,query_history_k_data_plus
600310,SHSE.600310,,SH,A股-上交所,2026-02-13,3.93,3.94,3.85,3.86,3.94,18952475,73645288.75,-2.0305,1.2931,1,0,none,baostock,query_history_k_data_plus
600310,SHSE.600310,,SH,A股-上交所,2026-02-24,3.88,3.97,3.88,3.96,3.86,24179658,95321359.01,2.5907,1.6497,1,0,none,baostock,query_history_k_data_plus
600310,SHSE.600310,,SH,A股-上交所,2026-02-25,3.96,4.01,3.95,4.0,3.96,23450880,93596371.0,1.0101,1.6,1,0,none,baostock,query_history_k_data_plus
600310,SHSE.600310,,SH,A股-上交所,2026-02-26,4.0,4.08,3.99,4.06,4.0,29901742,121222195.98,1.5,2.0401,1,0,none,baostock,query_history_k_data_plus
600310,SHSE.600310,,SH,A股-上交所,2026-02-27,4.06,4.18,4.04,4.18,4.06,44942769,185853948.52,2.9557,3.0663,1,0,none,baostock,query_history_k_data_plus
600310,SHSE.600310,,SH,A股-上交所,2026-03-02,4.15,4.22,4.12,4.16,4.18,44897920,187110443.0,-0.4785,3.0632,1,0,none,baostock,query_history_k_data_plus
600310,SHSE.600310,,SH,A股-上交所,2026-03-03,4.15,4.22,4.1,4.12,4.16,39168743,162646291.92,-0.9615,2.6723,1,0,none,baostock,query_history_k_data_plus
600310,SHSE.600310,,SH,A股-上交所,2026-03-04,4.07,4.17,4.06,4.15,4.12,34601873,142763856.98,0.7282,2.3608,1,0,none,baostock,query_history_k_data_plus
600310,SHSE.600310,,SH,A股-上交所,2026-03-05,4.2,4.27,4.15,4.2,4.15,50464334,212486740.3,1.2048,3.443,1,0,none,baostock,query_history_k_data_plus
600310,SHSE.600310,,SH,A股-上交所,2026-03-06,4.17,4.33,4.17,4.28,4.2,49795325,212807559.06,1.9048,3.3974,1,0,none,baostock,query_history_k_data_plus
600310,SHSE.600310,,SH,A股-上交所,2026-03-09,4.26,4.35,4.23,4.31,4.28,49769919,214313685.56,0.7009,3.3956,1,0,none,baostock,query_history_k_data_plus
600310,SHSE.600310,,SH,A股-上交所,2026-03-10,4.28,4.42,4.25,4.33,4.31,56538080,245255384.2,0.464,3.8574,1,0,none,baostock,query_history_k_data_plus
600310,SHSE.600310,,SH,A股-上交所,2026-03-11,4.33,4.4,4.23,4.4,4.33,60491169,262457107.42,1.6166,4.1271,1,0,none,baostock,query_history_k_data_plus
600310,SHSE.600310,,SH,A股-上交所,2026-03-12,4.37,4.57,4.36,4.56,4.4,99935500,449520336.92,3.6364,6.8182,1,0,none,baostock,query_history_k_data_plus
600310,SHSE.600310,,SH,A股-上交所,2026-03-13,4.55,4.55,4.33,4.35,4.56,74781560,328451109.0,-4.6053,5.1021,1,0,none,baostock,query_history_k_data_plus
600310,SHSE.600310,,SH,A股-上交所,2026-03-16,4.33,4.38,4.21,4.24,4.35,49072600,209077069.4,-2.5287,3.348,1,0,none,baostock,query_history_k_data_plus
600310,SHSE.600310,,SH,A股-上交所,2026-03-17,4.24,4.35,4.2,4.3,4.24,40609182,174114096.74,1.4151,2.7706,1,0,none,baostock,query_history_k_data_plus
600310,SHSE.600310,,SH,A股-上交所,2026-03-18,4.29,4.4,4.27,4.35,4.3,36094560,156550895.8,1.1628,2.4626,1,0,none,baostock,query_history_k_data_plus
600310,SHSE.600310,,SH,A股-上交所,2026-03-19,4.33,4.51,4.3,4.44,4.35,59297000,262376156.0,2.069,4.0456,1,0,none,baostock,query_history_k_data_plus
600310,SHSE.600310,,SH,A股-上交所,2026-03-20,4.4,4.88,4.36,4.88,4.44,232030816,1111520598.12,9.9099,15.8306,1,0,none,baostock,query_history_k_data_plus
600310,SHSE.600310,,SH,A股-上交所,2026-03-23,4.59,5.36,4.53,5.08,4.88,264172555,1291071665.38,4.0984,18.0235,1,0,none,baostock,query_history_k_data_plus
600310,SHSE.600310,,SH,A股-上交所,2026-03-24,4.92,5.32,4.75,5.17,5.08,223034136,1122232223.14,1.7717,15.2168,1,0,none,baostock,query_history_k_data_plus
600310,SHSE.600310,,SH,A股-上交所,2026-03-25,5.02,5.65,4.99,5.45,5.17,236347200,1271118793.04,5.4159,16.1251,1,0,none,baostock,query_history_k_data_plus
600310,SHSE.600310,,SH,A股-上交所,2026-03-26,5.31,6.0,5.2,6.0,5.45,199578388,1118519213.96,10.0917,13.6165,1,0,none,baostock,query_history_k_data_plus
600310,SHSE.600310,,SH,A股-上交所,2026-03-27,6.6,6.6,6.6,6.6,6.0,42498092,280487407.2,10.0,2.8995,1,0,none,baostock,query_history_k_data_plus
600310,SHSE.600310,,SH,A股-上交所,2026-03-30,6.99,7.26,6.18,6.32,6.6,466502544,3207974746.49,-4.2424,31.8277,1,0,none,baostock,query_history_k_data_plus
600310,SHSE.600310,,SH,A股-上交所,2026-03-31,5.69,6.63,5.69,6.34,6.32,383643548,2375647145.87,0.3165,26.1746,1,0,none,baostock,query_history_k_data_plus
600310,SHSE.600310,,SH,A股-上交所,2026-04-01,5.89,5.98,5.71,5.71,6.34,178598059,1029951284.6,-9.9369,12.1851,1,0,none,baostock,query_history_k_data_plus
600310,SHSE.600310,,SH,A股-上交所,2026-04-02,5.28,5.68,5.14,5.14,5.71,301645049,1585589318.83,-9.9825,20.5801,1,0,none,baostock,query_history_k_data_plus
600310,SHSE.600310,,SH,A股-上交所,2026-04-03,4.97,4.97,4.63,4.63,5.14,185402856,874730778.24,-9.9222,12.6493,1,0,none,baostock,query_history_k_data_plus
600310,SHSE.600310,,SH,A股-上交所,2026-04-07,4.47,4.79,4.39,4.68,4.63,191009058,875487209.38,1.0799,13.0318,1,0,none,baostock,query_history_k_data_plus
600310,SHSE.600310,,SH,A股-上交所,2026-04-08,4.65,4.69,4.54,4.57,4.68,174750050,802324244.46,-2.3504,11.9225,1,0,none,baostock,query_history_k_data_plus
600310,SHSE.600310,,SH,A股-上交所,2026-04-09,4.56,4.56,4.37,4.4,4.57,141789268,627731558.6,-3.7199,9.6738,1,0,none,baostock,query_history_k_data_plus
600310,SHSE.600310,,SH,A股-上交所,2026-04-10,4.41,4.47,4.35,4.36,4.4,98730061,433362022.34,-0.9091,6.736,1,0,none,baostock,query_history_k_data_plus
600310,SHSE.600310,,SH,A股-上交所,2026-04-13,4.38,4.62,4.36,4.6,4.36,181554718,819775200.44,5.5046,12.3868,1,0,none,baostock,query_history_k_data_plus
600310,SHSE.600310,,SH,A股-上交所,2026-04-14,4.6,4.75,4.49,4.54,4.6,144626997,663571995.13,-1.3043,9.8674,1,0,none,baostock,query_history_k_data_plus
600310,SHSE.600310,,SH,A股-上交所,2026-04-15,4.54,4.54,4.37,4.43,4.54,100572287,446683193.8,-2.4229,6.8617,1,0,none,baostock,query_history_k_data_plus
600310,SHSE.600310,,SH,A股-上交所,2026-04-16,4.42,4.5,4.37,4.41,4.43,70479284,309934506.18,-0.4515,4.8085,1,0,none,baostock,query_history_k_data_plus
600310,SHSE.600310,,SH,A股-上交所,2026-04-17,4.42,4.49,4.36,4.41,4.41,76078798,335079096.34,0.0,5.1906,1,0,none,baostock,query_history_k_data_plus
