code,symbol,name,market,asset_type,date,open,high,low,close,preclose,volume,amount,pct_chg,turnover,trade_status,is_st,adjust,provider,source_function
600346,SHSE.600346,,SH,A股-上交所,2020-06-08,14.59,14.99,14.59,14.77,14.46,31137761,460869317.0,2.1438,0.6722,1,0,none,baostock,query_history_k_data_plus
600346,SHSE.600346,,SH,A股-上交所,2020-06-09,14.96,14.96,14.64,14.73,14.77,24194956,356830891.0,-0.2708,0.5224,1,0,none,baostock,query_history_k_data_plus
600346,SHSE.600346,,SH,A股-上交所,2020-06-10,14.83,14.85,14.4,14.5,14.73,24068059,349503836.0,-1.5614,0.5196,1,0,none,baostock,query_history_k_data_plus
600346,SHSE.600346,,SH,A股-上交所,2020-06-11,14.53,14.67,14.35,14.41,14.5,26747314,388796913.0,-0.6207,0.5775,1,0,none,baostock,query_history_k_data_plus
600346,SHSE.600346,,SH,A股-上交所,2020-06-12,14.08,14.18,13.89,14.03,14.41,43620877,610556619.0,-2.6371,0.9417,1,0,none,baostock,query_history_k_data_plus
600346,SHSE.600346,,SH,A股-上交所,2020-06-15,14.0,14.08,13.6,13.6,14.03,29421649,405790100.0,-3.0649,0.6352,1,0,none,baostock,query_history_k_data_plus
600346,SHSE.600346,,SH,A股-上交所,2020-06-16,13.79,13.91,13.7,13.89,13.6,20814132,287513823.0,2.1324,0.4494,1,0,none,baostock,query_history_k_data_plus
600346,SHSE.600346,,SH,A股-上交所,2020-06-17,13.89,13.95,13.66,13.88,13.89,19729710,272173125.0,-0.072,0.4259,1,0,none,baostock,query_history_k_data_plus
600346,SHSE.600346,,SH,A股-上交所,2020-06-18,13.56,13.77,13.32,13.6,13.48,25914060,351589258.0,0.8902,0.5595,1,0,none,baostock,query_history_k_data_plus
600346,SHSE.600346,,SH,A股-上交所,2020-06-19,13.61,13.84,13.6,13.7,13.6,21974774,301595712.0,0.7353,0.4744,1,0,none,baostock,query_history_k_data_plus
600346,SHSE.600346,,SH,A股-上交所,2020-06-22,13.69,13.69,13.39,13.46,13.7,29957308,403851204.0,-1.7518,0.6468,1,0,none,baostock,query_history_k_data_plus
600346,SHSE.600346,,SH,A股-上交所,2020-06-23,13.47,13.53,13.36,13.47,13.46,19751127,265733004.0,0.0743,0.4264,1,0,none,baostock,query_history_k_data_plus
600346,SHSE.600346,,SH,A股-上交所,2020-06-24,13.53,13.99,13.5,13.76,13.47,29943713,412830270.0,2.1529,0.6465,1,0,none,baostock,query_history_k_data_plus
600346,SHSE.600346,,SH,A股-上交所,2020-06-29,13.63,13.66,13.4,13.48,13.76,26302268,354544437.0,-2.0349,0.5678,1,0,none,baostock,query_history_k_data_plus
600346,SHSE.600346,,SH,A股-上交所,2020-06-30,13.55,14.07,13.55,14.0,13.48,42778702,593727197.0,3.8576,0.9236,1,0,none,baostock,query_history_k_data_plus
600346,SHSE.600346,,SH,A股-上交所,2020-07-01,14.08,14.84,13.98,14.69,14.0,50058859,725097560.0,4.9286,1.0807,1,0,none,baostock,query_history_k_data_plus
600346,SHSE.600346,,SH,A股-上交所,2020-07-02,14.72,14.95,14.57,14.8,14.69,44355475,654709578.0,0.7488,0.9576,1,0,none,baostock,query_history_k_data_plus
600346,SHSE.600346,,SH,A股-上交所,2020-07-03,14.87,15.27,14.78,14.88,14.8,39925854,598605401.0,0.5405,0.862,1,0,none,baostock,query_history_k_data_plus
600346,SHSE.600346,,SH,A股-上交所,2020-07-06,14.96,15.87,14.96,15.35,14.88,71190800,1100040283.0,3.1586,1.537,1,0,none,baostock,query_history_k_data_plus
600346,SHSE.600346,,SH,A股-上交所,2020-07-07,15.5,15.78,15.36,15.5,15.35,58842223,915605750.0,0.9772,1.2704,1,0,none,baostock,query_history_k_data_plus
600346,SHSE.600346,,SH,A股-上交所,2020-07-08,15.5,15.65,15.3,15.65,15.5,47250983,730637863.0,0.9677,1.0201,1,0,none,baostock,query_history_k_data_plus
600346,SHSE.600346,,SH,A股-上交所,2020-07-09,15.55,16.07,15.43,15.99,15.65,55807517,876036580.0,2.1725,1.2048,1,0,none,baostock,query_history_k_data_plus
600346,SHSE.600346,,SH,A股-上交所,2020-07-10,15.75,15.86,15.55,15.62,15.99,40288154,632336773.0,-2.3139,0.8698,1,0,none,baostock,query_history_k_data_plus
600346,SHSE.600346,,SH,A股-上交所,2020-07-13,15.65,15.89,15.6,15.64,15.62,49743556,780156516.0,0.128,1.0739,1,0,none,baostock,query_history_k_data_plus
600346,SHSE.600346,,SH,A股-上交所,2020-07-14,15.61,15.77,15.29,15.42,15.64,40739673,630176173.0,-1.4067,0.8795,1,0,none,baostock,query_history_k_data_plus
600346,SHSE.600346,,SH,A股-上交所,2020-07-15,15.56,15.89,15.43,15.61,15.42,50541462,792046950.0,1.2322,1.0912,1,0,none,baostock,query_history_k_data_plus
600346,SHSE.600346,,SH,A股-上交所,2020-07-16,15.67,16.14,14.96,15.08,15.61,66616976,1041739533.0,-3.3953,1.4382,1,0,none,baostock,query_history_k_data_plus
600346,SHSE.600346,,SH,A股-上交所,2020-07-17,15.12,15.89,15.12,15.71,15.08,49353240,771291994.0,4.1777,1.0655,1,0,none,baostock,query_history_k_data_plus
600346,SHSE.600346,,SH,A股-上交所,2020-07-20,16.07,16.96,15.97,16.77,15.71,83199280,1376620453.0,6.7473,1.7962,1,0,none,baostock,query_history_k_data_plus
600346,SHSE.600346,,SH,A股-上交所,2020-07-21,16.83,16.96,16.56,16.79,16.77,41663598,695954657.16,0.1193,0.8995,1,0,none,baostock,query_history_k_data_plus
600346,SHSE.600346,,SH,A股-上交所,2020-07-22,16.8,17.35,16.54,17.16,16.79,54921493,930264540.29,2.2037,1.1857,1,0,none,baostock,query_history_k_data_plus
600346,SHSE.600346,,SH,A股-上交所,2020-07-23,16.95,17.13,16.66,16.86,17.16,43398157,732008488.87,-1.7483,0.9369,1,0,none,baostock,query_history_k_data_plus
600346,SHSE.600346,,SH,A股-上交所,2020-07-24,16.8,16.8,15.72,15.8,16.86,55305113,892650559.95,-6.2871,1.194,1,0,none,baostock,query_history_k_data_plus
600346,SHSE.600346,,SH,A股-上交所,2020-07-27,15.84,16.4,15.7,15.92,15.8,33936552,543906218.02,0.7595,0.7327,1,0,none,baostock,query_history_k_data_plus
600346,SHSE.600346,,SH,A股-上交所,2020-07-28,16.27,16.35,15.82,15.91,15.92,21257764,340603001.21,-0.0628,0.4589,1,0,none,baostock,query_history_k_data_plus
600346,SHSE.600346,,SH,A股-上交所,2020-07-29,15.73,16.2,15.7,16.2,15.91,29113069,465090293.07,1.8228,0.6285,1,0,none,baostock,query_history_k_data_plus
600346,SHSE.600346,,SH,A股-上交所,2020-07-30,16.2,16.5,16.0,16.14,16.2,23704461,384637082.4,-0.3704,0.5118,1,0,none,baostock,query_history_k_data_plus
600346,SHSE.600346,,SH,A股-上交所,2020-07-31,16.1,16.64,16.03,16.27,16.14,30032824,489577406.49,0.8055,0.6484,1,0,none,baostock,query_history_k_data_plus
600346,SHSE.600346,,SH,A股-上交所,2020-08-03,16.38,16.67,16.2,16.56,16.27,53426486,875207156.15,1.7824,1.1534,1,0,none,baostock,query_history_k_data_plus
600346,SHSE.600346,,SH,A股-上交所,2020-08-04,16.61,18.22,16.61,18.1,16.56,125123501,2217916893.64,9.2995,2.7013,1,0,none,baostock,query_history_k_data_plus
600346,SHSE.600346,,SH,A股-上交所,2020-08-05,18.11,19.91,17.98,19.91,18.1,114606663,2199851303.72,10.0,2.4743,1,0,none,baostock,query_history_k_data_plus
600346,SHSE.600346,,SH,A股-上交所,2020-08-06,20.31,20.85,19.1,19.89,19.91,92875503,1852197582.98,-0.1005,2.0051,1,0,none,baostock,query_history_k_data_plus
600346,SHSE.600346,,SH,A股-上交所,2020-08-07,19.89,19.89,18.41,19.16,19.89,81811057,1568321206.64,-3.6702,1.7662,1,0,none,baostock,query_history_k_data_plus
600346,SHSE.600346,,SH,A股-上交所,2020-08-10,19.22,19.8,18.93,19.48,19.16,42658127,827836853.49,1.6701,0.921,1,0,none,baostock,query_history_k_data_plus
600346,SHSE.600346,,SH,A股-上交所,2020-08-11,19.61,20.18,19.34,19.36,19.48,46419212,917106400.27,-0.616,1.0022,1,0,none,baostock,query_history_k_data_plus
600346,SHSE.600346,,SH,A股-上交所,2020-08-12,19.21,19.6,18.8,19.06,19.36,48218300,921067406.49,-1.5496,1.041,1,0,none,baostock,query_history_k_data_plus
600346,SHSE.600346,,SH,A股-上交所,2020-08-13,18.5,19.0,17.84,18.6,19.06,80511105,1487066037.58,-2.4134,1.7382,1,0,none,baostock,query_history_k_data_plus
600346,SHSE.600346,,SH,A股-上交所,2020-08-14,18.78,19.33,18.3,18.85,18.6,48808398,917496633.43,1.3441,1.0537,1,0,none,baostock,query_history_k_data_plus
600346,SHSE.600346,,SH,A股-上交所,2020-08-17,19.0,19.37,18.8,19.2,18.85,52168774,999293593.9,1.8568,1.1263,1,0,none,baostock,query_history_k_data_plus
600346,SHSE.600346,,SH,A股-上交所,2020-08-18,19.2,19.52,18.94,19.25,19.2,50141066,963620452.54,0.2604,1.0825,1,0,none,baostock,query_history_k_data_plus
600346,SHSE.600346,,SH,A股-上交所,2020-08-19,19.34,20.4,19.1,19.55,19.25,71177851,1406205355.07,1.5584,1.5367,1,0,none,baostock,query_history_k_data_plus
600346,SHSE.600346,,SH,A股-上交所,2020-08-20,19.41,19.78,18.89,19.1,19.55,34023536,653195201.33,-2.3018,0.7345,1,0,none,baostock,query_history_k_data_plus
600346,SHSE.600346,,SH,A股-上交所,2020-08-21,19.19,19.37,18.81,19.0,19.1,26497877,504688277.04,-0.5236,0.5721,1,0,none,baostock,query_history_k_data_plus
600346,SHSE.600346,,SH,A股-上交所,2020-08-24,18.81,19.4,18.75,19.08,19.0,29271943,560403433.53,0.4211,0.632,1,0,none,baostock,query_history_k_data_plus
600346,SHSE.600346,,SH,A股-上交所,2020-08-25,19.07,20.56,19.01,19.99,19.08,56029156,1119302055.48,4.7694,1.2096,1,0,none,baostock,query_history_k_data_plus
600346,SHSE.600346,,SH,A股-上交所,2020-08-26,19.97,20.24,19.45,19.7,19.99,33343202,659756772.07,-1.4507,0.7199,1,0,none,baostock,query_history_k_data_plus
600346,SHSE.600346,,SH,A股-上交所,2020-08-27,19.79,20.35,19.68,19.9,19.7,23896544,476783030.85,1.0152,0.5159,1,0,none,baostock,query_history_k_data_plus
600346,SHSE.600346,,SH,A股-上交所,2020-08-28,20.01,20.29,19.74,20.2,19.9,26464189,530962081.67,1.5075,0.5713,1,0,none,baostock,query_history_k_data_plus
600346,SHSE.600346,,SH,A股-上交所,2020-08-31,20.5,21.65,20.1,21.03,20.2,53373380,1122488184.69,4.1089,1.1523,1,0,none,baostock,query_history_k_data_plus
600346,SHSE.600346,,SH,A股-上交所,2020-09-01,20.96,21.16,20.72,20.97,21.03,25626191,535360337.82,-0.2853,0.5533,1,0,none,baostock,query_history_k_data_plus
600346,SHSE.600346,,SH,A股-上交所,2020-09-02,21.12,21.64,21.01,21.13,20.97,33632205,714741772.68,0.763,0.7261,1,0,none,baostock,query_history_k_data_plus
600346,SHSE.600346,,SH,A股-上交所,2020-09-03,21.05,21.34,20.24,20.34,21.13,31828642,660028026.96,-3.7388,0.6872,1,0,none,baostock,query_history_k_data_plus
600346,SHSE.600346,,SH,A股-上交所,2020-09-04,20.0,20.25,19.76,20.1,20.34,21495729,430186613.76,-1.1799,0.4641,1,0,none,baostock,query_history_k_data_plus
600346,SHSE.600346,,SH,A股-上交所,2020-09-07,20.0,20.08,19.05,19.36,20.1,40075330,783434137.86,-3.6816,0.8652,1,0,none,baostock,query_history_k_data_plus
600346,SHSE.600346,,SH,A股-上交所,2020-09-08,19.3,19.47,18.95,19.2,19.36,20249193,388434085.72,-0.8264,0.4372,1,0,none,baostock,query_history_k_data_plus
600346,SHSE.600346,,SH,A股-上交所,2020-09-09,18.7,19.1,18.32,18.7,19.2,30287017,566783365.38,-2.6042,0.6539,1,0,none,baostock,query_history_k_data_plus
600346,SHSE.600346,,SH,A股-上交所,2020-09-10,19.01,19.88,18.99,19.47,18.7,37001214,720746383.47,4.1176,0.7988,1,0,none,baostock,query_history_k_data_plus
600346,SHSE.600346,,SH,A股-上交所,2020-09-11,19.72,19.72,19.03,19.23,19.47,17357330,334182088.98,-1.2327,0.3747,1,0,none,baostock,query_history_k_data_plus
600346,SHSE.600346,,SH,A股-上交所,2020-09-14,19.44,19.92,18.92,19.02,19.23,24885286,478100924.44,-1.092,0.5373,1,0,none,baostock,query_history_k_data_plus
600346,SHSE.600346,,SH,A股-上交所,2020-09-15,19.01,19.56,18.95,19.3,19.02,17488250,336866127.64,1.4721,0.3776,1,0,none,baostock,query_history_k_data_plus
600346,SHSE.600346,,SH,A股-上交所,2020-09-16,19.31,19.38,19.03,19.15,19.3,13959740,267953241.79,-0.7772,0.3014,1,0,none,baostock,query_history_k_data_plus
600346,SHSE.600346,,SH,A股-上交所,2020-09-17,19.27,19.71,19.19,19.37,19.15,19245903,373980244.39,1.1488,0.4155,1,0,none,baostock,query_history_k_data_plus
600346,SHSE.600346,,SH,A股-上交所,2020-09-18,19.29,20.35,19.29,20.35,19.37,34276479,686876773.84,5.0594,0.74,1,0,none,baostock,query_history_k_data_plus
600346,SHSE.600346,,SH,A股-上交所,2020-09-21,20.35,20.53,20.13,20.39,20.35,20141305,408980452.13,0.1966,0.4348,1,0,none,baostock,query_history_k_data_plus
600346,SHSE.600346,,SH,A股-上交所,2020-09-22,20.13,20.27,19.58,19.78,20.39,22774949,452550980.36,-2.9917,0.4917,1,0,none,baostock,query_history_k_data_plus
600346,SHSE.600346,,SH,A股-上交所,2020-09-23,19.82,19.96,18.9,19.28,19.78,30534672,587890142.08,-2.5278,0.6592,1,0,none,baostock,query_history_k_data_plus
600346,SHSE.600346,,SH,A股-上交所,2020-09-24,19.16,19.32,18.66,18.7,19.28,24720592,468003565.25,-3.0083,0.5337,1,0,none,baostock,query_history_k_data_plus
600346,SHSE.600346,,SH,A股-上交所,2020-09-25,18.8,19.1,18.5,18.63,18.7,18483190,346167068.48,-0.3743,0.399,1,0,none,baostock,query_history_k_data_plus
600346,SHSE.600346,,SH,A股-上交所,2020-09-28,18.74,19.25,18.53,18.66,18.63,19766888,370892267.99,0.161,0.4268,1,0,none,baostock,query_history_k_data_plus
600346,SHSE.600346,,SH,A股-上交所,2020-09-29,18.78,19.0,18.58,18.96,18.66,16533559,310574880.9,1.6077,0.3569,1,0,none,baostock,query_history_k_data_plus
600346,SHSE.600346,,SH,A股-上交所,2020-09-30,18.95,19.1,18.53,18.56,18.96,16875501,316235992.94,-2.1097,0.3643,1,0,none,baostock,query_history_k_data_plus
600346,SHSE.600346,,SH,A股-上交所,2020-10-09,18.89,19.16,18.61,19.08,18.56,23487838,444986200.58,2.8017,0.5071,1,0,none,baostock,query_history_k_data_plus
600346,SHSE.600346,,SH,A股-上交所,2020-10-12,19.21,20.15,19.2,19.96,19.08,28176016,557605022.99,4.6122,0.6083,1,0,none,baostock,query_history_k_data_plus
600346,SHSE.600346,,SH,A股-上交所,2020-10-13,19.82,20.96,19.72,20.84,19.96,30758393,629426560.29,4.4088,0.6641,1,0,none,baostock,query_history_k_data_plus
600346,SHSE.600346,,SH,A股-上交所,2020-10-14,20.84,21.13,20.61,21.1,20.84,19988168,418040247.71,1.2476,0.4315,1,0,none,baostock,query_history_k_data_plus
600346,SHSE.600346,,SH,A股-上交所,2020-10-15,21.1,21.24,20.49,20.52,21.1,20739521,430016547.54,-2.7488,0.4478,1,0,none,baostock,query_history_k_data_plus
600346,SHSE.600346,,SH,A股-上交所,2020-10-16,20.6,20.7,20.28,20.31,20.52,16661218,340391881.11,-1.0234,0.3597,1,0,none,baostock,query_history_k_data_plus
600346,SHSE.600346,,SH,A股-上交所,2020-10-19,20.57,21.09,20.29,20.32,20.31,21831596,448530477.96,0.0492,0.4713,1,0,none,baostock,query_history_k_data_plus
600346,SHSE.600346,,SH,A股-上交所,2020-10-20,20.19,20.64,20.05,20.5,20.32,13824322,281113590.58,0.8858,0.2985,1,0,none,baostock,query_history_k_data_plus
600346,SHSE.600346,,SH,A股-上交所,2020-10-21,20.3,20.45,20.06,20.07,20.5,15257895,308567295.57,-2.0976,0.3294,1,0,none,baostock,query_history_k_data_plus
600346,SHSE.600346,,SH,A股-上交所,2020-10-22,20.06,20.16,19.2,19.48,20.07,24745647,481526151.86,-2.9397,0.5342,1,0,none,baostock,query_history_k_data_plus
600346,SHSE.600346,,SH,A股-上交所,2020-10-23,19.56,19.85,19.28,19.54,19.48,17657732,345934639.09,0.308,0.3812,1,0,none,baostock,query_history_k_data_plus
600346,SHSE.600346,,SH,A股-上交所,2020-10-26,19.31,19.78,18.85,19.6,19.54,18398146,356181881.82,0.3071,0.3972,1,0,none,baostock,query_history_k_data_plus
600346,SHSE.600346,,SH,A股-上交所,2020-10-27,19.63,19.75,18.95,19.21,19.6,29768853,571255033.89,-1.9898,0.6427,1,0,none,baostock,query_history_k_data_plus
600346,SHSE.600346,,SH,A股-上交所,2020-10-28,19.36,20.38,19.28,20.38,19.21,39116858,778320506.02,6.0906,0.8445,1,0,none,baostock,query_history_k_data_plus
600346,SHSE.600346,,SH,A股-上交所,2020-10-29,20.2,20.45,19.78,19.92,20.38,32102633,643314421.3,-2.2571,0.6931,1,0,none,baostock,query_history_k_data_plus
600346,SHSE.600346,,SH,A股-上交所,2020-10-30,20.19,20.24,19.23,19.3,19.92,28890345,565199340.04,-3.1124,0.6237,1,0,none,baostock,query_history_k_data_plus
600346,SHSE.600346,,SH,A股-上交所,2020-11-02,19.3,19.89,19.13,19.68,19.3,25354501,497952453.68,1.9689,0.5474,1,0,none,baostock,query_history_k_data_plus
600346,SHSE.600346,,SH,A股-上交所,2020-11-03,19.95,20.73,19.69,20.65,19.68,39766309,809816792.92,4.9289,0.8585,1,0,none,baostock,query_history_k_data_plus
600346,SHSE.600346,,SH,A股-上交所,2020-11-04,20.7,20.95,20.5,20.84,20.65,29084409,603772711.94,0.9201,0.6279,1,0,none,baostock,query_history_k_data_plus
600346,SHSE.600346,,SH,A股-上交所,2020-11-05,21.1,21.25,20.71,20.95,20.84,38446446,804575243.95,0.5278,0.83,1,0,none,baostock,query_history_k_data_plus
600346,SHSE.600346,,SH,A股-上交所,2020-11-06,21.04,21.45,20.7,21.09,20.95,39613816,832038086.81,0.6683,0.8552,1,0,none,baostock,query_history_k_data_plus
600346,SHSE.600346,,SH,A股-上交所,2020-11-09,21.49,22.98,21.42,22.83,21.09,66278670,1487069469.52,8.2504,1.4309,1,0,none,baostock,query_history_k_data_plus
600346,SHSE.600346,,SH,A股-上交所,2020-11-10,22.85,23.35,22.75,23.0,22.83,45077585,1036581749.46,0.7446,0.9732,1,0,none,baostock,query_history_k_data_plus
600346,SHSE.600346,,SH,A股-上交所,2020-11-11,23.04,24.3,23.04,23.45,23.0,56766185,1347937084.55,1.9565,1.2255,1,0,none,baostock,query_history_k_data_plus
600346,SHSE.600346,,SH,A股-上交所,2020-11-12,23.6,24.1,23.28,24.0,23.45,39322470,936246306.12,2.3454,0.8489,1,0,none,baostock,query_history_k_data_plus
600346,SHSE.600346,,SH,A股-上交所,2020-11-13,23.52,23.98,23.08,23.45,24.0,37859211,888999542.68,-2.2917,0.8174,1,0,none,baostock,query_history_k_data_plus
600346,SHSE.600346,,SH,A股-上交所,2020-11-16,23.74,25.07,23.73,24.99,23.45,56053986,1367422979.33,6.5672,1.2102,1,0,none,baostock,query_history_k_data_plus
600346,SHSE.600346,,SH,A股-上交所,2020-11-17,24.8,25.94,24.38,24.85,24.99,44737630,1117806169.43,-0.5602,0.9659,1,0,none,baostock,query_history_k_data_plus
600346,SHSE.600346,,SH,A股-上交所,2020-11-18,25.01,26.05,24.71,25.26,24.85,42146685,1071613570.75,1.6499,0.9099,1,0,none,baostock,query_history_k_data_plus
600346,SHSE.600346,,SH,A股-上交所,2020-11-19,25.01,25.17,24.05,24.7,25.26,41846030,1030766098.58,-2.2169,0.9034,1,0,none,baostock,query_history_k_data_plus
600346,SHSE.600346,,SH,A股-上交所,2020-11-20,24.86,25.24,24.55,25.1,24.7,25972301,647991284.28,1.6194,0.5607,1,0,none,baostock,query_history_k_data_plus
600346,SHSE.600346,,SH,A股-上交所,2020-11-23,25.35,26.1,25.14,25.34,25.1,41236755,1061125323.26,0.9562,0.8903,1,0,none,baostock,query_history_k_data_plus
600346,SHSE.600346,,SH,A股-上交所,2020-11-24,25.21,26.93,25.13,26.53,25.34,42040974,1102420235.67,4.6961,0.9076,1,0,none,baostock,query_history_k_data_plus
600346,SHSE.600346,,SH,A股-上交所,2020-11-25,26.85,27.6,25.6,25.6,26.53,53276363,1415162698.83,-3.5055,1.1502,1,0,none,baostock,query_history_k_data_plus
600346,SHSE.600346,,SH,A股-上交所,2020-11-26,25.62,26.3,25.0,25.88,25.6,38062300,977099006.5,1.0938,0.8217,1,0,none,baostock,query_history_k_data_plus
600346,SHSE.600346,,SH,A股-上交所,2020-11-27,25.74,26.25,25.5,25.93,25.88,30162310,779386763.61,0.1932,0.6512,1,0,none,baostock,query_history_k_data_plus
600346,SHSE.600346,,SH,A股-上交所,2020-11-30,26.16,27.29,25.95,26.09,25.93,46115792,1223487703.91,0.617,0.9956,1,0,none,baostock,query_history_k_data_plus
600346,SHSE.600346,,SH,A股-上交所,2020-12-01,25.92,26.43,25.68,25.95,26.09,25273123,655811487.88,-0.5366,0.5456,1,0,none,baostock,query_history_k_data_plus
600346,SHSE.600346,,SH,A股-上交所,2020-12-02,26.23,26.29,25.25,25.51,25.95,36575951,934898732.9,-1.6956,0.7896,1,0,none,baostock,query_history_k_data_plus
600346,SHSE.600346,,SH,A股-上交所,2020-12-03,25.73,25.8,24.8,25.12,25.51,32971400,827752549.13,-1.5288,0.7118,1,0,none,baostock,query_history_k_data_plus
600346,SHSE.600346,,SH,A股-上交所,2020-12-04,25.23,25.75,24.94,25.69,25.12,23489165,596354709.72,2.2691,0.5071,1,0,none,baostock,query_history_k_data_plus
600346,SHSE.600346,,SH,A股-上交所,2020-12-07,25.74,26.05,25.35,25.7,25.69,19906657,511474693.6,0.0389,0.4298,1,0,none,baostock,query_history_k_data_plus
600346,SHSE.600346,,SH,A股-上交所,2020-12-08,25.43,25.86,24.99,25.16,25.7,22965438,581016208.14,-2.1012,0.4958,1,0,none,baostock,query_history_k_data_plus
600346,SHSE.600346,,SH,A股-上交所,2020-12-09,25.04,25.25,24.33,24.4,25.16,30267454,745451919.79,-3.0207,0.6535,1,0,none,baostock,query_history_k_data_plus
600346,SHSE.600346,,SH,A股-上交所,2020-12-10,24.23,24.76,23.94,24.54,24.4,19571929,477944809.2,0.5738,0.4225,1,0,none,baostock,query_history_k_data_plus
600346,SHSE.600346,,SH,A股-上交所,2020-12-11,24.88,25.5,24.47,24.75,24.54,27743535,690673695.37,0.8557,0.599,1,0,none,baostock,query_history_k_data_plus
600346,SHSE.600346,,SH,A股-上交所,2020-12-14,24.51,25.22,24.0,24.87,24.75,28714089,705255384.78,0.4848,0.6199,1,0,none,baostock,query_history_k_data_plus
600346,SHSE.600346,,SH,A股-上交所,2020-12-15,24.92,24.95,24.01,24.7,24.87,31454267,768122872.68,-0.6836,0.6791,1,0,none,baostock,query_history_k_data_plus
600346,SHSE.600346,,SH,A股-上交所,2020-12-16,24.69,25.44,24.58,25.23,24.7,29858726,748533243.04,2.1457,0.6446,1,0,none,baostock,query_history_k_data_plus
600346,SHSE.600346,,SH,A股-上交所,2020-12-17,25.41,25.77,24.91,25.1,25.23,21359554,537164383.84,-0.5153,0.4611,1,0,none,baostock,query_history_k_data_plus
600346,SHSE.600346,,SH,A股-上交所,2020-12-18,25.13,25.9,25.05,25.6,25.1,34181344,871416769.42,1.992,0.7379,1,0,none,baostock,query_history_k_data_plus
600346,SHSE.600346,,SH,A股-上交所,2020-12-21,25.6,25.61,24.83,25.27,25.6,38392924,968798982.18,-1.2891,0.8289,1,0,none,baostock,query_history_k_data_plus
600346,SHSE.600346,,SH,A股-上交所,2020-12-22,24.99,25.98,24.9,24.91,25.27,38429495,975570605.05,-1.4246,0.8297,1,0,none,baostock,query_history_k_data_plus
600346,SHSE.600346,,SH,A股-上交所,2020-12-23,24.89,25.88,24.4,25.83,24.91,44025829,1110170101.78,3.6933,0.9505,1,0,none,baostock,query_history_k_data_plus
600346,SHSE.600346,,SH,A股-上交所,2020-12-24,25.83,27.88,25.66,27.84,25.83,42275621,1145436857.82,7.7816,0.9127,1,0,none,baostock,query_history_k_data_plus
600346,SHSE.600346,,SH,A股-上交所,2020-12-25,27.85,28.4,26.9,28.2,27.84,32066563,888150675.72,1.2931,0.6923,1,0,none,baostock,query_history_k_data_plus
600346,SHSE.600346,,SH,A股-上交所,2020-12-28,28.14,28.98,27.89,28.52,28.2,38950655,1105593177.31,1.1348,0.8409,1,0,none,baostock,query_history_k_data_plus
600346,SHSE.600346,,SH,A股-上交所,2020-12-29,28.05,28.5,27.91,28.27,28.52,24946056,702195348.45,-0.8766,0.5386,1,0,none,baostock,query_history_k_data_plus
600346,SHSE.600346,,SH,A股-上交所,2020-12-30,28.5,28.7,27.7,28.27,28.27,25373366,712823642.93,0.0,0.5478,1,0,none,baostock,query_history_k_data_plus
600346,SHSE.600346,,SH,A股-上交所,2020-12-31,28.27,28.47,27.37,27.97,28.27,27134744,754838562.58,-1.0612,0.5858,1,0,none,baostock,query_history_k_data_plus
600346,SHSE.600346,,SH,A股-上交所,2021-01-04,27.68,28.7,27.18,28.45,27.97,45299379,1265891996.49,1.7161,0.978,1,0,none,baostock,query_history_k_data_plus
600346,SHSE.600346,,SH,A股-上交所,2021-01-05,28.85,31.3,28.7,31.3,28.45,55402737,1682545568.38,10.0176,1.1961,1,0,none,baostock,query_history_k_data_plus
600346,SHSE.600346,,SH,A股-上交所,2021-01-06,31.56,32.75,31.36,32.19,31.3,46240359,1488141725.54,2.8435,0.9983,1,0,none,baostock,query_history_k_data_plus
600346,SHSE.600346,,SH,A股-上交所,2021-01-07,33.23,33.88,32.5,33.01,32.19,45805165,1515538916.3,2.5474,0.9889,1,0,none,baostock,query_history_k_data_plus
600346,SHSE.600346,,SH,A股-上交所,2021-01-08,33.02,33.7,31.7,32.37,33.01,37600138,1213532092.57,-1.9388,0.8118,1,0,none,baostock,query_history_k_data_plus
600346,SHSE.600346,,SH,A股-上交所,2021-01-11,32.96,34.88,32.89,33.13,32.37,43659285,1468668120.42,2.3479,0.9426,1,0,none,baostock,query_history_k_data_plus
600346,SHSE.600346,,SH,A股-上交所,2021-01-12,33.19,35.22,32.88,35.01,33.13,31972909,1104812933.11,5.6746,0.6903,1,0,none,baostock,query_history_k_data_plus
600346,SHSE.600346,,SH,A股-上交所,2021-01-13,35.11,36.4,33.89,34.94,35.01,43391318,1524248339.43,-0.1999,0.9368,1,0,none,baostock,query_history_k_data_plus
600346,SHSE.600346,,SH,A股-上交所,2021-01-14,34.39,35.89,34.0,34.42,34.94,31556313,1101873244.1,-1.4883,0.6813,1,0,none,baostock,query_history_k_data_plus
600346,SHSE.600346,,SH,A股-上交所,2021-01-15,33.51,35.6,32.88,35.5,34.42,37788131,1294246576.29,3.1377,0.8158,1,0,none,baostock,query_history_k_data_plus
600346,SHSE.600346,,SH,A股-上交所,2021-01-18,35.5,39.05,34.46,39.05,35.5,42734413,1586644334.2,10.0,0.9226,1,0,none,baostock,query_history_k_data_plus
600346,SHSE.600346,,SH,A股-上交所,2021-01-19,38.61,39.78,37.5,38.21,39.05,39871715,1539918367.48,-2.1511,0.8608,1,0,none,baostock,query_history_k_data_plus
600346,SHSE.600346,,SH,A股-上交所,2021-01-20,37.9,39.18,37.5,38.85,38.21,24113891,926916880.35,1.675,0.5206,1,0,none,baostock,query_history_k_data_plus
600346,SHSE.600346,,SH,A股-上交所,2021-01-21,38.55,41.74,38.5,41.36,38.85,36428413,1471335715.33,6.4607,0.7865,1,0,none,baostock,query_history_k_data_plus
600346,SHSE.600346,,SH,A股-上交所,2021-01-22,40.75,43.66,40.74,43.23,41.36,32657121,1373142461.77,4.5213,0.705,1,0,none,baostock,query_history_k_data_plus
600346,SHSE.600346,,SH,A股-上交所,2021-01-25,44.0,44.75,42.1,42.5,43.23,41882568,1812335487.33,-1.6886,0.9042,1,0,none,baostock,query_history_k_data_plus
600346,SHSE.600346,,SH,A股-上交所,2021-01-26,42.0,42.36,39.92,41.3,42.5,34891433,1434149442.95,-2.8235,0.7533,1,0,none,baostock,query_history_k_data_plus
600346,SHSE.600346,,SH,A股-上交所,2021-01-27,40.96,42.46,39.56,42.1,41.3,38543751,1580093781.47,1.937,0.8321,1,0,none,baostock,query_history_k_data_plus
600346,SHSE.600346,,SH,A股-上交所,2021-01-28,41.02,41.02,37.89,38.05,42.1,62450281,2426891180.58,-9.62,1.3483,1,0,none,baostock,query_history_k_data_plus
600346,SHSE.600346,,SH,A股-上交所,2021-01-29,38.05,39.92,37.33,38.6,38.05,62567492,2435383693.25,1.4455,1.3508,1,0,none,baostock,query_history_k_data_plus
600346,SHSE.600346,,SH,A股-上交所,2021-02-01,38.12,41.88,37.68,40.74,38.6,56346101,2273669966.55,5.544,1.2165,1,0,none,baostock,query_history_k_data_plus
600346,SHSE.600346,,SH,A股-上交所,2021-02-02,41.36,42.5,39.35,41.9,40.74,54409850,2228691521.91,2.8473,1.1747,1,0,none,baostock,query_history_k_data_plus
600346,SHSE.600346,,SH,A股-上交所,2021-02-03,41.59,44.01,41.18,43.0,41.9,46577794,1995140028.47,2.6253,1.0056,1,0,none,baostock,query_history_k_data_plus
600346,SHSE.600346,,SH,A股-上交所,2021-02-04,42.7,45.23,41.43,42.64,43.0,41975409,1821775150.44,-0.8372,0.9062,1,0,none,baostock,query_history_k_data_plus
600346,SHSE.600346,,SH,A股-上交所,2021-02-05,43.0,43.5,38.38,38.51,42.64,64260953,2593125011.27,-9.6857,1.3873,1,0,none,baostock,query_history_k_data_plus
600346,SHSE.600346,,SH,A股-上交所,2021-02-08,38.25,41.6,37.85,40.48,38.51,53937054,2173075936.29,5.1156,0.7662,1,0,none,baostock,query_history_k_data_plus
600346,SHSE.600346,,SH,A股-上交所,2021-02-09,42.09,44.53,42.09,44.53,40.48,70736525,3113807975.34,10.0049,1.0049,1,0,none,baostock,query_history_k_data_plus
600346,SHSE.600346,,SH,A股-上交所,2021-02-10,44.55,46.76,43.73,46.14,44.53,69481761,3128245115.23,3.6155,0.9871,1,0,none,baostock,query_history_k_data_plus
600346,SHSE.600346,,SH,A股-上交所,2021-02-18,49.0,49.8,45.0,46.6,46.14,66383907,3144183074.28,0.997,0.9431,1,0,none,baostock,query_history_k_data_plus
600346,SHSE.600346,,SH,A股-上交所,2021-02-19,46.0,47.0,42.68,44.03,46.6,57504490,2554981148.63,-5.515,0.8169,1,0,none,baostock,query_history_k_data_plus
600346,SHSE.600346,,SH,A股-上交所,2021-02-22,44.7,45.43,43.15,44.41,44.03,59966307,2661634112.1,0.863,0.8519,1,0,none,baostock,query_history_k_data_plus
600346,SHSE.600346,,SH,A股-上交所,2021-02-23,44.0,44.15,41.0,41.98,44.41,52339417,2222776146.14,-5.4717,0.7436,1,0,none,baostock,query_history_k_data_plus
600346,SHSE.600346,,SH,A股-上交所,2021-02-24,42.18,42.39,38.09,38.57,41.98,72637961,2882950351.87,-8.1229,1.0319,1,0,none,baostock,query_history_k_data_plus
600346,SHSE.600346,,SH,A股-上交所,2021-02-25,39.73,40.2,37.76,38.2,38.57,45602130,1775172553.04,-0.9593,0.6478,1,0,none,baostock,query_history_k_data_plus
600346,SHSE.600346,,SH,A股-上交所,2021-02-26,36.8,37.38,35.32,36.14,38.2,61078918,2212330253.88,-5.3927,0.8677,1,0,none,baostock,query_history_k_data_plus
600346,SHSE.600346,,SH,A股-上交所,2021-03-01,37.02,38.2,36.25,37.02,36.14,51699922,1922482179.99,2.435,0.7345,1,0,none,baostock,query_history_k_data_plus
600346,SHSE.600346,,SH,A股-上交所,2021-03-02,37.4,37.68,35.86,36.48,37.02,41434636,1516719085.26,-1.4587,0.5886,1,0,none,baostock,query_history_k_data_plus
600346,SHSE.600346,,SH,A股-上交所,2021-03-03,36.9,37.2,35.98,36.95,36.48,36480086,1338532626.72,1.2884,0.5182,1,0,none,baostock,query_history_k_data_plus
600346,SHSE.600346,,SH,A股-上交所,2021-03-04,37.16,37.78,35.0,35.89,36.95,51863131,1864125205.14,-2.8687,0.7368,1,0,none,baostock,query_history_k_data_plus
600346,SHSE.600346,,SH,A股-上交所,2021-03-05,35.2,36.86,34.72,36.15,35.89,46184301,1652529096.42,0.7244,0.6561,1,0,none,baostock,query_history_k_data_plus
600346,SHSE.600346,,SH,A股-上交所,2021-03-08,36.7,37.0,34.35,34.41,36.15,62959664,2234135658.04,-4.8133,0.8944,1,0,none,baostock,query_history_k_data_plus
600346,SHSE.600346,,SH,A股-上交所,2021-03-09,34.2,34.41,32.38,32.7,34.41,54555192,1809904650.27,-4.9695,0.775,1,0,none,baostock,query_history_k_data_plus
600346,SHSE.600346,,SH,A股-上交所,2021-03-10,33.55,33.65,32.58,33.0,32.7,37652624,1244539142.89,0.9174,0.5349,1,0,none,baostock,query_history_k_data_plus
600346,SHSE.600346,,SH,A股-上交所,2021-03-11,33.04,34.47,32.71,34.32,33.0,39380786,1335195263.8,4.0,0.5595,1,0,none,baostock,query_history_k_data_plus
600346,SHSE.600346,,SH,A股-上交所,2021-03-12,34.85,36.5,34.43,36.42,34.32,44927591,1595823476.88,6.1189,0.6383,1,0,none,baostock,query_history_k_data_plus
600346,SHSE.600346,,SH,A股-上交所,2021-03-15,36.19,36.2,33.38,33.93,36.42,36460096,1256158206.34,-6.8369,0.518,1,0,none,baostock,query_history_k_data_plus
600346,SHSE.600346,,SH,A股-上交所,2021-03-16,34.1,34.99,33.92,34.52,33.93,18464347,635657755.82,1.7389,0.2623,1,0,none,baostock,query_history_k_data_plus
600346,SHSE.600346,,SH,A股-上交所,2021-03-17,34.2,35.5,33.91,34.78,34.52,17530861,614012262.7,0.7532,0.249,1,0,none,baostock,query_history_k_data_plus
600346,SHSE.600346,,SH,A股-上交所,2021-03-18,35.0,36.7,34.91,36.16,34.78,30304913,1091057451.07,3.9678,0.4305,1,0,none,baostock,query_history_k_data_plus
600346,SHSE.600346,,SH,A股-上交所,2021-03-19,34.99,35.17,33.34,33.88,36.16,42855353,1461599149.07,-6.3053,0.6088,1,0,none,baostock,query_history_k_data_plus
600346,SHSE.600346,,SH,A股-上交所,2021-03-22,33.87,33.87,30.49,30.5,33.88,82846626,2591769554.37,-9.9764,1.1769,1,0,none,baostock,query_history_k_data_plus
600346,SHSE.600346,,SH,A股-上交所,2021-03-23,30.5,30.5,28.58,29.02,30.5,61463159,1800844269.03,-4.8525,0.8732,1,0,none,baostock,query_history_k_data_plus
600346,SHSE.600346,,SH,A股-上交所,2021-03-24,28.7,28.7,26.8,26.94,29.02,57267114,1573332187.12,-7.1675,0.8136,1,0,none,baostock,query_history_k_data_plus
600346,SHSE.600346,,SH,A股-上交所,2021-03-25,27.41,29.0,26.99,28.98,26.94,45725851,1286711482.29,7.5724,0.6496,1,0,none,baostock,query_history_k_data_plus
600346,SHSE.600346,,SH,A股-上交所,2021-03-26,28.58,28.78,27.62,28.51,28.98,45110531,1272713888.3,-1.6218,0.6409,1,0,none,baostock,query_history_k_data_plus
600346,SHSE.600346,,SH,A股-上交所,2021-03-29,28.65,29.44,28.28,28.53,28.51,37024783,1068539686.02,0.0702,0.526,1,0,none,baostock,query_history_k_data_plus
600346,SHSE.600346,,SH,A股-上交所,2021-03-30,28.29,30.78,28.18,30.2,28.53,48754936,1454590897.9,5.8535,0.6926,1,0,none,baostock,query_history_k_data_plus
600346,SHSE.600346,,SH,A股-上交所,2021-03-31,30.27,30.32,28.72,29.33,30.2,37265398,1089194009.84,-2.8808,0.5294,1,0,none,baostock,query_history_k_data_plus
600346,SHSE.600346,,SH,A股-上交所,2021-04-01,29.02,30.21,28.8,29.9,29.33,21365056,632371874.02,1.9434,0.3035,1,0,none,baostock,query_history_k_data_plus
600346,SHSE.600346,,SH,A股-上交所,2021-04-02,30.0,30.31,29.26,29.7,29.9,24505072,729284894.29,-0.6689,0.3481,1,0,none,baostock,query_history_k_data_plus
600346,SHSE.600346,,SH,A股-上交所,2021-04-06,30.47,31.2,29.45,29.93,29.7,36197325,1089351181.31,0.7744,0.5142,1,0,none,baostock,query_history_k_data_plus
600346,SHSE.600346,,SH,A股-上交所,2021-04-07,30.18,30.24,28.5,29.13,29.93,38763213,1123515748.94,-2.6729,0.5507,1,0,none,baostock,query_history_k_data_plus
600346,SHSE.600346,,SH,A股-上交所,2021-04-08,29.3,30.26,28.8,29.96,29.13,39174313,1164877721.74,2.8493,0.5565,1,0,none,baostock,query_history_k_data_plus
600346,SHSE.600346,,SH,A股-上交所,2021-04-09,29.96,30.07,28.73,29.05,29.96,28305771,826625723.45,-3.0374,0.4021,1,0,none,baostock,query_history_k_data_plus
600346,SHSE.600346,,SH,A股-上交所,2021-04-12,29.05,29.42,28.0,28.7,29.05,37678759,1073889820.68,-1.2048,0.5353,1,0,none,baostock,query_history_k_data_plus
600346,SHSE.600346,,SH,A股-上交所,2021-04-13,28.67,29.65,28.5,29.03,28.7,29011617,846391360.91,1.1498,0.4121,1,0,none,baostock,query_history_k_data_plus
600346,SHSE.600346,,SH,A股-上交所,2021-04-14,29.15,30.08,29.15,29.4,29.03,24439844,724850758.05,1.2745,0.3472,1,0,none,baostock,query_history_k_data_plus
600346,SHSE.600346,,SH,A股-上交所,2021-04-15,29.86,29.86,28.72,29.72,29.4,22553932,660045848.99,1.0884,0.3204,1,0,none,baostock,query_history_k_data_plus
600346,SHSE.600346,,SH,A股-上交所,2021-04-16,29.72,29.82,28.51,29.19,29.72,32611281,945752683.28,-1.7833,0.4633,1,0,none,baostock,query_history_k_data_plus
600346,SHSE.600346,,SH,A股-上交所,2021-04-19,28.99,30.79,28.69,30.12,29.19,45692982,1374369562.28,3.186,0.6491,1,0,none,baostock,query_history_k_data_plus
600346,SHSE.600346,,SH,A股-上交所,2021-04-20,30.16,31.11,30.01,30.53,30.12,32436892,993360322.29,1.3612,0.4608,1,0,none,baostock,query_history_k_data_plus
600346,SHSE.600346,,SH,A股-上交所,2021-04-21,30.16,30.5,29.77,30.25,30.53,23061917,696275900.14,-0.9171,0.3276,1,0,none,baostock,query_history_k_data_plus
600346,SHSE.600346,,SH,A股-上交所,2021-04-22,30.61,30.69,29.22,29.96,30.25,34914499,1040693175.14,-0.9587,0.496,1,0,none,baostock,query_history_k_data_plus
600346,SHSE.600346,,SH,A股-上交所,2021-04-23,29.9,31.48,29.8,31.14,29.96,36985185,1138811991.35,3.9386,0.5254,1,0,none,baostock,query_history_k_data_plus
600346,SHSE.600346,,SH,A股-上交所,2021-04-26,31.23,32.56,31.23,31.39,31.14,42527454,1359589962.45,0.8028,0.6042,1,0,none,baostock,query_history_k_data_plus
600346,SHSE.600346,,SH,A股-上交所,2021-04-27,31.29,31.37,30.54,31.01,31.39,21828482,675253802.54,-1.2106,0.3101,1,0,none,baostock,query_history_k_data_plus
600346,SHSE.600346,,SH,A股-上交所,2021-04-28,31.05,31.32,30.53,31.24,31.01,17977470,557639795.7,0.7417,0.2554,1,0,none,baostock,query_history_k_data_plus
600346,SHSE.600346,,SH,A股-上交所,2021-04-29,31.21,31.21,30.16,30.66,31.24,25499041,779604826.59,-1.8566,0.3622,1,0,none,baostock,query_history_k_data_plus
600346,SHSE.600346,,SH,A股-上交所,2021-04-30,30.35,30.55,29.64,29.65,30.66,37759403,1129056944.28,-3.2942,0.5364,1,0,none,baostock,query_history_k_data_plus
600346,SHSE.600346,,SH,A股-上交所,2021-05-06,29.56,30.45,29.43,30.15,29.65,33131555,996354414.78,1.6863,0.4707,1,0,none,baostock,query_history_k_data_plus
600346,SHSE.600346,,SH,A股-上交所,2021-05-07,30.56,31.26,30.2,30.5,30.15,37899659,1167312078.72,1.1609,0.5384,1,0,none,baostock,query_history_k_data_plus
600346,SHSE.600346,,SH,A股-上交所,2021-05-10,30.94,30.97,29.02,29.15,30.5,35487115,1056337889.01,-4.4262,0.5041,1,0,none,baostock,query_history_k_data_plus
600346,SHSE.600346,,SH,A股-上交所,2021-05-11,28.89,28.89,27.29,27.75,29.15,38117753,1060959429.38,-4.8027,0.5415,1,0,none,baostock,query_history_k_data_plus
600346,SHSE.600346,,SH,A股-上交所,2021-05-12,27.75,28.19,27.62,28.09,27.75,20102199,562048799.78,1.2252,0.2856,1,0,none,baostock,query_history_k_data_plus
600346,SHSE.600346,,SH,A股-上交所,2021-05-13,27.69,27.77,26.94,27.4,28.09,31664547,863679899.16,-2.4564,0.4498,1,0,none,baostock,query_history_k_data_plus
600346,SHSE.600346,,SH,A股-上交所,2021-05-14,27.55,27.74,27.0,27.67,27.4,23747222,652777789.71,0.9854,0.3374,1,0,none,baostock,query_history_k_data_plus
600346,SHSE.600346,,SH,A股-上交所,2021-05-17,27.87,28.96,27.7,28.82,27.67,29730741,848615925.2,4.1561,0.4224,1,0,none,baostock,query_history_k_data_plus
600346,SHSE.600346,,SH,A股-上交所,2021-05-18,28.88,29.55,28.48,29.24,28.82,20531991,597414660.58,1.4573,0.2917,1,0,none,baostock,query_history_k_data_plus
600346,SHSE.600346,,SH,A股-上交所,2021-05-19,29.0,29.12,28.61,28.7,29.24,13294598,382955385.67,-1.8468,0.1889,1,0,none,baostock,query_history_k_data_plus
600346,SHSE.600346,,SH,A股-上交所,2021-05-20,28.57,28.6,27.65,28.16,28.7,22920083,642368726.79,-1.8815,0.3256,1,0,none,baostock,query_history_k_data_plus
600346,SHSE.600346,,SH,A股-上交所,2021-05-21,28.43,28.68,27.8,27.93,28.16,19393829,544283875.2,-0.8168,0.2755,1,0,none,baostock,query_history_k_data_plus
600346,SHSE.600346,,SH,A股-上交所,2021-05-24,27.93,27.96,27.43,27.87,27.93,19082762,526809090.21,-0.2148,0.2711,1,0,none,baostock,query_history_k_data_plus
600346,SHSE.600346,,SH,A股-上交所,2021-05-25,28.0,29.3,27.85,29.24,27.87,32893556,944096135.73,4.9157,0.4673,1,0,none,baostock,query_history_k_data_plus
600346,SHSE.600346,,SH,A股-上交所,2021-05-26,29.35,30.21,29.33,29.99,29.24,32154433,959758916.38,2.565,0.4568,1,0,none,baostock,query_history_k_data_plus
600346,SHSE.600346,,SH,A股-上交所,2021-05-27,29.83,29.94,28.64,29.22,29.99,37773925,1106426228.68,-2.5675,0.5366,1,0,none,baostock,query_history_k_data_plus
600346,SHSE.600346,,SH,A股-上交所,2021-05-28,29.25,29.77,28.58,28.92,29.22,28880844,839764594.25,-1.0267,0.4103,1,0,none,baostock,query_history_k_data_plus
600346,SHSE.600346,,SH,A股-上交所,2021-05-31,28.33,28.33,26.91,27.22,28.15,47003826,1285639434.26,-3.3037,0.6678,1,0,none,baostock,query_history_k_data_plus
600346,SHSE.600346,,SH,A股-上交所,2021-06-01,27.23,29.8,27.01,29.5,27.22,67809269,1922557696.67,8.3762,0.9633,1,0,none,baostock,query_history_k_data_plus
600346,SHSE.600346,,SH,A股-上交所,2021-06-02,29.47,30.25,28.61,29.71,29.5,63247085,1864011050.59,0.7119,0.8985,1,0,none,baostock,query_history_k_data_plus
600346,SHSE.600346,,SH,A股-上交所,2021-06-03,29.41,29.6,27.76,27.8,29.71,61065523,1743223420.24,-6.4288,0.8675,1,0,none,baostock,query_history_k_data_plus
600346,SHSE.600346,,SH,A股-上交所,2021-06-04,27.51,28.19,27.26,27.95,27.8,29327418,813984097.51,0.5396,0.4166,1,0,none,baostock,query_history_k_data_plus
600346,SHSE.600346,,SH,A股-上交所,2021-06-07,27.89,28.3,27.51,27.84,27.95,19909893,554103890.8,-0.3936,0.2828,1,0,none,baostock,query_history_k_data_plus
600346,SHSE.600346,,SH,A股-上交所,2021-06-08,27.9,28.08,27.2,27.37,27.84,27979850,769764298.1,-1.6882,0.3975,1,0,none,baostock,query_history_k_data_plus
600346,SHSE.600346,,SH,A股-上交所,2021-06-09,27.37,28.17,26.9,27.7,27.37,33345552,918436260.34,1.2057,0.4737,1,0,none,baostock,query_history_k_data_plus
600346,SHSE.600346,,SH,A股-上交所,2021-06-10,27.58,27.94,27.15,27.23,27.7,35053166,960810827.75,-1.6968,0.498,1,0,none,baostock,query_history_k_data_plus
600346,SHSE.600346,,SH,A股-上交所,2021-06-11,27.25,27.37,25.3,25.71,27.23,84621209,2190162966.08,-5.5821,1.2022,1,0,none,baostock,query_history_k_data_plus
600346,SHSE.600346,,SH,A股-上交所,2021-06-15,25.51,25.55,24.4,24.82,25.71,52150453,1293890261.82,-3.4617,0.7409,1,0,none,baostock,query_history_k_data_plus
600346,SHSE.600346,,SH,A股-上交所,2021-06-16,24.8,25.22,24.47,24.48,24.82,28042678,694920595.52,-1.3699,0.3984,1,0,none,baostock,query_history_k_data_plus
600346,SHSE.600346,,SH,A股-上交所,2021-06-17,24.49,24.6,23.75,23.93,24.48,30193690,728193422.43,-2.2467,0.4289,1,0,none,baostock,query_history_k_data_plus
600346,SHSE.600346,,SH,A股-上交所,2021-06-18,23.78,24.05,23.03,23.29,23.93,51768847,1211850429.97,-2.6745,0.7354,1,0,none,baostock,query_history_k_data_plus
600346,SHSE.600346,,SH,A股-上交所,2021-06-21,23.2,23.55,22.87,23.15,23.29,37774063,874487783.31,-0.6011,0.5366,1,0,none,baostock,query_history_k_data_plus
600346,SHSE.600346,,SH,A股-上交所,2021-06-22,23.26,23.85,23.25,23.57,23.15,43221949,1018615214.83,1.8143,0.614,1,0,none,baostock,query_history_k_data_plus
600346,SHSE.600346,,SH,A股-上交所,2021-06-23,23.78,24.13,23.43,23.55,23.57,35674577,846830202.43,-0.0849,0.5068,1,0,none,baostock,query_history_k_data_plus
600346,SHSE.600346,,SH,A股-上交所,2021-06-24,23.49,23.85,23.3,23.53,23.55,42024444,989711736.7,-0.0849,0.597,1,0,none,baostock,query_history_k_data_plus
600346,SHSE.600346,,SH,A股-上交所,2021-06-25,24.2,25.88,24.15,25.88,23.53,70967237,1803891820.06,9.9873,1.0082,1,0,none,baostock,query_history_k_data_plus
600346,SHSE.600346,,SH,A股-上交所,2021-06-28,26.78,26.78,25.18,25.77,25.88,81445438,2102097095.25,-0.425,1.157,1,0,none,baostock,query_history_k_data_plus
600346,SHSE.600346,,SH,A股-上交所,2021-06-29,25.8,27.07,25.62,26.29,25.77,65981658,1748469022.01,2.0179,0.9374,1,0,none,baostock,query_history_k_data_plus
600346,SHSE.600346,,SH,A股-上交所,2021-06-30,26.4,26.58,25.9,26.24,26.29,30230194,791031247.48,-0.1902,0.4295,1,0,none,baostock,query_history_k_data_plus
600346,SHSE.600346,,SH,A股-上交所,2021-07-01,26.7,27.05,26.0,26.26,26.24,42133699,1119263808.84,0.0762,0.5986,1,0,none,baostock,query_history_k_data_plus
600346,SHSE.600346,,SH,A股-上交所,2021-07-02,25.99,26.15,25.22,25.38,26.26,40169071,1024121834.82,-3.3511,0.5707,1,0,none,baostock,query_history_k_data_plus
600346,SHSE.600346,,SH,A股-上交所,2021-07-05,25.45,25.79,24.69,25.59,25.38,41951516,1057481065.27,0.8274,0.596,1,0,none,baostock,query_history_k_data_plus
600346,SHSE.600346,,SH,A股-上交所,2021-07-06,25.7,27.4,25.7,27.0,25.59,77796995,2079158509.35,5.51,1.1052,1,0,none,baostock,query_history_k_data_plus
600346,SHSE.600346,,SH,A股-上交所,2021-07-07,26.46,26.66,25.8,26.43,27.0,63592198,1668455182.62,-2.1111,0.9034,1,0,none,baostock,query_history_k_data_plus
600346,SHSE.600346,,SH,A股-上交所,2021-07-08,25.85,26.35,25.51,25.62,26.43,42663086,1103704826.81,-3.0647,0.6061,1,0,none,baostock,query_history_k_data_plus
600346,SHSE.600346,,SH,A股-上交所,2021-07-09,25.35,25.35,24.47,24.91,25.62,55703018,1383949285.34,-2.7713,0.7913,1,0,none,baostock,query_history_k_data_plus
600346,SHSE.600346,,SH,A股-上交所,2021-07-12,25.08,26.28,25.0,25.88,24.91,67208130,1734282237.73,3.894,0.9548,1,0,none,baostock,query_history_k_data_plus
600346,SHSE.600346,,SH,A股-上交所,2021-07-13,25.89,26.12,25.34,25.62,25.88,33380205,855239318.23,-1.0046,0.4742,1,0,none,baostock,query_history_k_data_plus
600346,SHSE.600346,,SH,A股-上交所,2021-07-14,25.55,27.08,25.33,26.79,25.62,83184629,2198949826.56,4.5667,1.1818,1,0,none,baostock,query_history_k_data_plus
600346,SHSE.600346,,SH,A股-上交所,2021-07-15,28.01,29.47,28.01,28.33,26.79,159587540,4600136924.72,5.7484,2.2672,1,0,none,baostock,query_history_k_data_plus
600346,SHSE.600346,,SH,A股-上交所,2021-07-16,28.95,29.2,27.72,27.79,28.33,84209863,2388278405.66,-1.9061,1.1963,1,0,none,baostock,query_history_k_data_plus
600346,SHSE.600346,,SH,A股-上交所,2021-07-19,27.7,28.24,27.08,27.2,27.79,63826144,1751351306.83,-2.1231,0.9067,1,0,none,baostock,query_history_k_data_plus
600346,SHSE.600346,,SH,A股-上交所,2021-07-20,26.52,26.58,25.58,26.15,27.2,75676532,1963990556.03,-3.8603,1.0751,1,0,none,baostock,query_history_k_data_plus
600346,SHSE.600346,,SH,A股-上交所,2021-07-21,26.26,27.18,25.86,26.86,26.15,58991100,1566048568.94,2.7151,0.838,1,0,none,baostock,query_history_k_data_plus
600346,SHSE.600346,,SH,A股-上交所,2021-07-22,27.45,29.55,27.45,29.53,26.86,160590512,4632564552.37,9.9404,2.2814,1,0,none,baostock,query_history_k_data_plus
600346,SHSE.600346,,SH,A股-上交所,2021-07-23,29.56,30.7,28.81,28.98,29.53,101528709,3026558702.56,-1.8625,1.4424,1,0,none,baostock,query_history_k_data_plus
600346,SHSE.600346,,SH,A股-上交所,2021-07-26,28.97,29.5,28.01,28.78,28.98,79799430,2291973288.24,-0.6901,1.1337,1,0,none,baostock,query_history_k_data_plus
600346,SHSE.600346,,SH,A股-上交所,2021-07-27,29.43,30.2,28.7,28.8,28.78,87766366,2586894488.84,0.0695,1.2468,1,0,none,baostock,query_history_k_data_plus
600346,SHSE.600346,,SH,A股-上交所,2021-07-28,28.41,28.6,27.17,27.88,28.8,60079388,1675148651.14,-3.1944,0.8535,1,0,none,baostock,query_history_k_data_plus
600346,SHSE.600346,,SH,A股-上交所,2021-07-29,28.47,30.43,28.2,30.06,27.88,85158890,2508478225.39,7.8192,1.2098,1,0,none,baostock,query_history_k_data_plus
600346,SHSE.600346,,SH,A股-上交所,2021-07-30,30.19,30.47,28.96,29.19,30.06,58857420,1735361708.86,-2.8942,0.8361,1,0,none,baostock,query_history_k_data_plus
600346,SHSE.600346,,SH,A股-上交所,2021-08-02,29.19,31.8,28.88,31.8,29.19,86062868,2650202359.72,8.9414,1.2226,1,0,none,baostock,query_history_k_data_plus
600346,SHSE.600346,,SH,A股-上交所,2021-08-03,31.05,33.42,30.91,32.55,31.8,84538114,2724919540.75,2.3585,1.201,1,0,none,baostock,query_history_k_data_plus
600346,SHSE.600346,,SH,A股-上交所,2021-08-04,32.1,32.91,31.6,32.6,32.55,59028459,1903852191.8,0.1536,0.8386,1,0,none,baostock,query_history_k_data_plus
600346,SHSE.600346,,SH,A股-上交所,2021-08-05,32.13,32.15,30.31,30.48,32.6,97912927,3032796153.86,-6.5031,1.391,1,0,none,baostock,query_history_k_data_plus
600346,SHSE.600346,,SH,A股-上交所,2021-08-06,30.48,31.25,29.38,31.15,30.48,69350114,2083161412.05,2.1982,0.9852,1,0,none,baostock,query_history_k_data_plus
600346,SHSE.600346,,SH,A股-上交所,2021-08-09,30.58,32.26,30.38,31.17,31.15,64516161,2037108322.47,0.0642,0.9165,1,0,none,baostock,query_history_k_data_plus
600346,SHSE.600346,,SH,A股-上交所,2021-08-10,30.7,31.13,30.41,31.05,31.17,36790670,1131611600.86,-0.385,0.5227,1,0,none,baostock,query_history_k_data_plus
600346,SHSE.600346,,SH,A股-上交所,2021-08-11,31.0,31.46,29.85,30.23,31.05,59853424,1823195214.08,-2.6409,0.8503,1,0,none,baostock,query_history_k_data_plus
600346,SHSE.600346,,SH,A股-上交所,2021-08-12,29.93,30.5,29.67,30.01,30.23,35482024,1067135922.01,-0.7278,0.5041,1,0,none,baostock,query_history_k_data_plus
600346,SHSE.600346,,SH,A股-上交所,2021-08-13,30.02,31.45,30.02,30.95,30.01,57937884,1791921907.01,3.1323,0.8231,1,0,none,baostock,query_history_k_data_plus
600346,SHSE.600346,,SH,A股-上交所,2021-08-16,30.9,32.14,30.68,31.36,30.95,46505478,1460097735.68,1.3247,0.6607,1,0,none,baostock,query_history_k_data_plus
600346,SHSE.600346,,SH,A股-上交所,2021-08-17,31.4,31.65,30.58,30.6,31.36,51486068,1598267631.96,-2.4235,0.7314,1,0,none,baostock,query_history_k_data_plus
600346,SHSE.600346,,SH,A股-上交所,2021-08-18,30.53,31.4,30.3,30.95,30.6,37828543,1166505348.93,1.1438,0.5374,1,0,none,baostock,query_history_k_data_plus
600346,SHSE.600346,,SH,A股-上交所,2021-08-19,30.5,30.71,28.52,28.69,30.95,77461726,2258486332.78,-7.3021,1.1004,1,0,none,baostock,query_history_k_data_plus
600346,SHSE.600346,,SH,A股-上交所,2021-08-20,28.23,28.23,27.0,27.47,28.69,66737737,1831706249.57,-4.2524,0.9481,1,0,none,baostock,query_history_k_data_plus
600346,SHSE.600346,,SH,A股-上交所,2021-08-23,27.5,27.93,27.01,27.78,27.47,38726022,1067898936.28,1.1285,0.5502,1,0,none,baostock,query_history_k_data_plus
600346,SHSE.600346,,SH,A股-上交所,2021-08-24,28.09,28.28,27.58,27.96,27.78,39331431,1097771039.81,0.6479,0.5588,1,0,none,baostock,query_history_k_data_plus
600346,SHSE.600346,,SH,A股-上交所,2021-08-25,27.96,27.98,27.03,27.24,27.96,48731876,1327326618.23,-2.5751,0.6923,1,0,none,baostock,query_history_k_data_plus
600346,SHSE.600346,,SH,A股-上交所,2021-08-26,27.13,27.72,26.75,27.06,27.24,37234693,1014548399.48,-0.6608,0.529,1,0,none,baostock,query_history_k_data_plus
600346,SHSE.600346,,SH,A股-上交所,2021-08-27,27.0,27.22,26.65,27.09,27.06,29813138,803631652.94,0.1109,0.4235,1,0,none,baostock,query_history_k_data_plus
600346,SHSE.600346,,SH,A股-上交所,2021-08-30,27.26,28.09,26.55,26.98,27.09,50448638,1376990324.52,-0.4061,0.7167,1,0,none,baostock,query_history_k_data_plus
600346,SHSE.600346,,SH,A股-上交所,2021-08-31,26.74,26.8,26.0,26.2,26.98,48724151,1278097269.22,-2.891,0.6922,1,0,none,baostock,query_history_k_data_plus
600346,SHSE.600346,,SH,A股-上交所,2021-09-01,26.3,27.0,26.17,26.89,26.2,48843369,1300585810.66,2.6336,0.6939,1,0,none,baostock,query_history_k_data_plus
600346,SHSE.600346,,SH,A股-上交所,2021-09-02,26.89,28.34,26.42,28.01,26.89,74396710,2042688541.31,4.1651,1.0569,1,0,none,baostock,query_history_k_data_plus
600346,SHSE.600346,,SH,A股-上交所,2021-09-03,27.9,28.16,27.13,27.3,28.01,47850083,1317140008.01,-2.5348,0.6798,1,0,none,baostock,query_history_k_data_plus
600346,SHSE.600346,,SH,A股-上交所,2021-09-06,27.31,27.56,26.81,27.2,27.3,36705525,995900472.14,-0.3663,0.5215,1,0,none,baostock,query_history_k_data_plus
600346,SHSE.600346,,SH,A股-上交所,2021-09-07,27.42,28.1,27.03,27.86,27.2,53458496,1481279481.78,2.4265,0.7595,1,0,none,baostock,query_history_k_data_plus
600346,SHSE.600346,,SH,A股-上交所,2021-09-08,27.62,28.77,27.55,28.16,27.86,51253029,1451394111.32,1.0768,0.7281,1,0,none,baostock,query_history_k_data_plus
600346,SHSE.600346,,SH,A股-上交所,2021-09-09,28.01,29.22,27.93,28.81,28.16,60345991,1736338935.01,2.3082,0.8573,1,0,none,baostock,query_history_k_data_plus
600346,SHSE.600346,,SH,A股-上交所,2021-09-10,28.82,29.32,28.2,28.79,28.81,49887330,1428000284.95,-0.0694,0.7087,1,0,none,baostock,query_history_k_data_plus
600346,SHSE.600346,,SH,A股-上交所,2021-09-13,28.61,30.2,28.35,30.16,28.79,75227074,2213389532.07,4.7586,1.0687,1,0,none,baostock,query_history_k_data_plus
600346,SHSE.600346,,SH,A股-上交所,2021-09-14,30.14,31.1,29.28,30.09,30.16,76411203,2308120156.76,-0.2321,1.0855,1,0,none,baostock,query_history_k_data_plus
600346,SHSE.600346,,SH,A股-上交所,2021-09-15,29.99,30.95,29.57,30.5,30.09,55990628,1700116698.13,1.3626,0.7954,1,0,none,baostock,query_history_k_data_plus
600346,SHSE.600346,,SH,A股-上交所,2021-09-16,30.8,31.78,30.44,30.45,30.5,61155046,1901899505.3,-0.1639,0.8688,1,0,none,baostock,query_history_k_data_plus
600346,SHSE.600346,,SH,A股-上交所,2021-09-17,30.18,30.65,28.46,29.02,30.45,56565002,1656826319.99,-4.6962,0.8036,1,0,none,baostock,query_history_k_data_plus
600346,SHSE.600346,,SH,A股-上交所,2021-09-22,28.21,28.53,27.92,28.3,29.02,29643398,836018680.74,-2.481,0.4211,1,0,none,baostock,query_history_k_data_plus
600346,SHSE.600346,,SH,A股-上交所,2021-09-23,28.58,28.95,28.1,28.16,28.3,28313609,803621629.45,-0.4947,0.4022,1,0,none,baostock,query_history_k_data_plus
600346,SHSE.600346,,SH,A股-上交所,2021-09-24,28.23,28.49,26.82,26.85,28.16,47255496,1292510956.84,-4.652,0.6713,1,0,none,baostock,query_history_k_data_plus
600346,SHSE.600346,,SH,A股-上交所,2021-09-27,26.9,27.12,26.13,26.55,26.85,36311501,965346655.26,-1.1173,0.5159,1,0,none,baostock,query_history_k_data_plus
600346,SHSE.600346,,SH,A股-上交所,2021-09-28,26.44,26.82,26.27,26.51,26.55,21667191,575905570.05,-0.1507,0.3078,1,0,none,baostock,query_history_k_data_plus
600346,SHSE.600346,,SH,A股-上交所,2021-09-29,26.1,26.26,24.88,25.06,26.51,45073664,1148611680.12,-5.4696,0.6403,1,0,none,baostock,query_history_k_data_plus
600346,SHSE.600346,,SH,A股-上交所,2021-09-30,25.0,26.23,24.91,26.04,25.06,30469561,786245770.19,3.9106,0.4329,1,0,none,baostock,query_history_k_data_plus
600346,SHSE.600346,,SH,A股-上交所,2021-10-08,26.48,26.8,26.24,26.45,26.04,21352818,565800146.16,1.5745,0.3033,1,0,none,baostock,query_history_k_data_plus
600346,SHSE.600346,,SH,A股-上交所,2021-10-11,26.65,26.98,26.15,26.33,26.45,23004760,611730891.94,-0.4537,0.3268,1,0,none,baostock,query_history_k_data_plus
600346,SHSE.600346,,SH,A股-上交所,2021-10-12,26.3,26.48,25.38,25.72,26.33,25309476,650726674.09,-2.3167,0.3596,1,0,none,baostock,query_history_k_data_plus
600346,SHSE.600346,,SH,A股-上交所,2021-10-13,25.72,25.9,25.23,25.79,25.72,16905397,433031500.14,0.2722,0.2402,1,0,none,baostock,query_history_k_data_plus
600346,SHSE.600346,,SH,A股-上交所,2021-10-14,25.82,25.89,25.52,25.73,25.79,11488866,294959824.87,-0.2326,0.1632,1,0,none,baostock,query_history_k_data_plus
600346,SHSE.600346,,SH,A股-上交所,2021-10-15,25.73,25.73,25.15,25.26,25.73,22009831,556320121.3,-1.8267,0.3127,1,0,none,baostock,query_history_k_data_plus
600346,SHSE.600346,,SH,A股-上交所,2021-10-18,25.31,25.63,24.9,25.35,25.26,24260213,611200833.14,0.3563,0.3446,1,0,none,baostock,query_history_k_data_plus
600346,SHSE.600346,,SH,A股-上交所,2021-10-19,25.39,25.62,25.06,25.18,25.35,32340018,815133987.85,-0.6706,0.4594,1,0,none,baostock,query_history_k_data_plus
600346,SHSE.600346,,SH,A股-上交所,2021-10-20,25.11,25.12,24.45,24.55,25.18,40028549,988271886.27,-2.502,0.5687,1,0,none,baostock,query_history_k_data_plus
600346,SHSE.600346,,SH,A股-上交所,2021-10-21,24.54,25.1,24.51,24.9,24.55,25443636,632224091.72,1.4257,0.3615,1,0,none,baostock,query_history_k_data_plus
600346,SHSE.600346,,SH,A股-上交所,2021-10-22,24.72,24.94,24.41,24.47,24.9,21426247,527358406.47,-1.7269,0.3044,1,0,none,baostock,query_history_k_data_plus
600346,SHSE.600346,,SH,A股-上交所,2021-10-25,24.4,24.43,23.95,24.41,24.47,26590471,643625639.42,-0.2452,0.3778,1,0,none,baostock,query_history_k_data_plus
600346,SHSE.600346,,SH,A股-上交所,2021-10-26,24.42,25.36,24.42,24.58,24.41,38735712,963346903.1,0.6964,0.5503,1,0,none,baostock,query_history_k_data_plus
600346,SHSE.600346,,SH,A股-上交所,2021-10-27,24.55,24.84,24.0,24.03,24.58,25684348,622181677.74,-2.2376,0.3649,1,0,none,baostock,query_history_k_data_plus
600346,SHSE.600346,,SH,A股-上交所,2021-10-28,23.76,23.76,21.63,21.9,24.03,86549010,1916579571.66,-8.8639,1.2295,1,0,none,baostock,query_history_k_data_plus
600346,SHSE.600346,,SH,A股-上交所,2021-10-29,21.9,22.44,21.21,22.04,21.9,47375538,1034219782.73,0.6393,0.673,1,0,none,baostock,query_history_k_data_plus
600346,SHSE.600346,,SH,A股-上交所,2021-11-01,21.99,22.5,21.75,22.12,22.04,29369946,651510864.37,0.363,0.4172,1,0,none,baostock,query_history_k_data_plus
600346,SHSE.600346,,SH,A股-上交所,2021-11-02,22.16,22.22,21.21,21.5,22.12,35843139,775077958.12,-2.8029,0.5092,1,0,none,baostock,query_history_k_data_plus
600346,SHSE.600346,,SH,A股-上交所,2021-11-03,21.5,21.65,21.15,21.39,21.5,23257126,497300517.36,-0.5116,0.3304,1,0,none,baostock,query_history_k_data_plus
600346,SHSE.600346,,SH,A股-上交所,2021-11-04,21.3,21.63,21.16,21.22,21.39,22522469,478838205.79,-0.7948,0.32,1,0,none,baostock,query_history_k_data_plus
600346,SHSE.600346,,SH,A股-上交所,2021-11-05,21.06,21.15,20.45,20.5,21.22,43562760,903847110.13,-3.393,0.6189,1,0,none,baostock,query_history_k_data_plus
600346,SHSE.600346,,SH,A股-上交所,2021-11-08,21.01,21.36,21.01,21.22,20.5,34811317,737054066.02,3.5122,0.4945,1,0,none,baostock,query_history_k_data_plus
600346,SHSE.600346,,SH,A股-上交所,2021-11-09,21.23,21.49,21.01,21.13,21.22,24388440,516160288.71,-0.4241,0.3465,1,0,none,baostock,query_history_k_data_plus
600346,SHSE.600346,,SH,A股-上交所,2021-11-10,21.17,21.17,20.54,20.95,21.13,26756795,555744134.89,-0.8519,0.3801,1,0,none,baostock,query_history_k_data_plus
600346,SHSE.600346,,SH,A股-上交所,2021-11-11,20.78,21.5,20.75,21.4,20.95,30196716,642844748.1,2.148,0.429,1,0,none,baostock,query_history_k_data_plus
600346,SHSE.600346,,SH,A股-上交所,2021-11-12,21.48,21.77,21.26,21.61,21.4,29272322,630427914.95,0.9813,0.4159,1,0,none,baostock,query_history_k_data_plus
600346,SHSE.600346,,SH,A股-上交所,2021-11-15,21.72,21.84,21.1,21.18,21.61,31463901,670694875.06,-1.9898,0.447,1,0,none,baostock,query_history_k_data_plus
600346,SHSE.600346,,SH,A股-上交所,2021-11-16,21.28,21.45,21.04,21.09,21.18,19306992,409626304.33,-0.4249,0.2743,1,0,none,baostock,query_history_k_data_plus
600346,SHSE.600346,,SH,A股-上交所,2021-11-17,20.98,21.62,20.9,21.49,21.09,26336089,561625161.08,1.8966,0.3741,1,0,none,baostock,query_history_k_data_plus
600346,SHSE.600346,,SH,A股-上交所,2021-11-18,21.48,21.58,21.15,21.22,21.49,19465757,415196321.09,-1.2564,0.2765,1,0,none,baostock,query_history_k_data_plus
600346,SHSE.600346,,SH,A股-上交所,2021-11-19,21.3,21.74,21.09,21.72,21.22,28196036,606324557.98,2.3563,0.4006,1,0,none,baostock,query_history_k_data_plus
600346,SHSE.600346,,SH,A股-上交所,2021-11-22,21.8,22.36,21.71,22.09,21.72,34933801,773386988.23,1.7035,0.4963,1,0,none,baostock,query_history_k_data_plus
600346,SHSE.600346,,SH,A股-上交所,2021-11-23,22.0,22.6,21.86,22.16,22.09,30670487,683330219.16,0.3169,0.4357,1,0,none,baostock,query_history_k_data_plus
600346,SHSE.600346,,SH,A股-上交所,2021-11-24,22.2,22.25,21.86,21.89,22.16,18343665,403272807.0,-1.2184,0.2606,1,0,none,baostock,query_history_k_data_plus
600346,SHSE.600346,,SH,A股-上交所,2021-11-25,21.89,21.96,21.64,21.76,21.89,21429808,465901556.64,-0.5939,0.3044,1,0,none,baostock,query_history_k_data_plus
600346,SHSE.600346,,SH,A股-上交所,2021-11-26,21.75,21.83,21.33,21.53,21.76,21840442,470773190.69,-1.057,0.3103,1,0,none,baostock,query_history_k_data_plus
600346,SHSE.600346,,SH,A股-上交所,2021-11-29,21.08,21.39,20.69,21.14,21.53,21742972,459556048.57,-1.8114,0.3089,1,0,none,baostock,query_history_k_data_plus
600346,SHSE.600346,,SH,A股-上交所,2021-11-30,21.31,21.9,21.05,21.11,21.14,27208257,581749175.76,-0.1419,0.3865,1,0,none,baostock,query_history_k_data_plus
600346,SHSE.600346,,SH,A股-上交所,2021-12-01,21.06,21.45,21.05,21.31,21.11,22859099,485147290.2,0.9474,0.3247,1,0,none,baostock,query_history_k_data_plus
600346,SHSE.600346,,SH,A股-上交所,2021-12-02,21.3,21.58,21.15,21.33,21.31,27424259,584924775.79,0.0939,0.3896,1,0,none,baostock,query_history_k_data_plus
600346,SHSE.600346,,SH,A股-上交所,2021-12-03,21.38,21.39,20.91,21.21,21.33,28849349,608607420.44,-0.5626,0.4098,1,0,none,baostock,query_history_k_data_plus
600346,SHSE.600346,,SH,A股-上交所,2021-12-06,21.21,21.84,21.2,21.36,21.21,44700140,962496500.94,0.7072,0.635,1,0,none,baostock,query_history_k_data_plus
600346,SHSE.600346,,SH,A股-上交所,2021-12-07,21.58,21.64,20.82,20.97,21.36,46774470,984152038.74,-1.8258,0.6645,1,0,none,baostock,query_history_k_data_plus
600346,SHSE.600346,,SH,A股-上交所,2021-12-08,20.99,21.35,20.79,21.21,20.97,44294975,932569853.72,1.1445,0.6293,1,0,none,baostock,query_history_k_data_plus
600346,SHSE.600346,,SH,A股-上交所,2021-12-09,21.22,21.48,20.95,21.45,21.21,62872406,1335286496.0,1.1315,0.8932,1,0,none,baostock,query_history_k_data_plus
600346,SHSE.600346,,SH,A股-上交所,2021-12-10,21.45,22.09,21.31,21.4,21.45,66676142,1440943742.51,-0.2331,0.9472,1,0,none,baostock,query_history_k_data_plus
600346,SHSE.600346,,SH,A股-上交所,2021-12-13,21.63,23.54,21.62,23.28,21.4,184385829,4282068027.06,8.785,2.6195,1,0,none,baostock,query_history_k_data_plus
600346,SHSE.600346,,SH,A股-上交所,2021-12-14,23.05,23.07,22.02,22.34,23.28,107578802,2408443854.62,-4.0378,1.5283,1,0,none,baostock,query_history_k_data_plus
600346,SHSE.600346,,SH,A股-上交所,2021-12-15,22.18,22.69,22.12,22.36,22.34,44564195,999117542.99,0.0895,0.6331,1,0,none,baostock,query_history_k_data_plus
600346,SHSE.600346,,SH,A股-上交所,2021-12-16,22.37,22.7,22.19,22.69,22.36,36204513,814560317.62,1.4758,0.5143,1,0,none,baostock,query_history_k_data_plus
600346,SHSE.600346,,SH,A股-上交所,2021-12-17,22.68,22.84,22.35,22.38,22.69,28466871,640739529.56,-1.3662,0.4044,1,0,none,baostock,query_history_k_data_plus
600346,SHSE.600346,,SH,A股-上交所,2021-12-20,22.2,22.36,21.79,21.83,22.38,30001917,658424693.64,-2.4576,0.4262,1,0,none,baostock,query_history_k_data_plus
600346,SHSE.600346,,SH,A股-上交所,2021-12-21,21.83,22.08,21.63,21.9,21.83,23086046,502630951.36,0.3207,0.328,1,0,none,baostock,query_history_k_data_plus
600346,SHSE.600346,,SH,A股-上交所,2021-12-22,22.01,22.08,21.7,21.86,21.9,19400790,423731658.96,-0.1826,0.2756,1,0,none,baostock,query_history_k_data_plus
600346,SHSE.600346,,SH,A股-上交所,2021-12-23,21.93,21.96,21.3,21.88,21.86,29202682,632206141.11,0.0915,0.4149,1,0,none,baostock,query_history_k_data_plus
600346,SHSE.600346,,SH,A股-上交所,2021-12-24,21.85,21.86,21.46,21.48,21.88,19603313,422839438.71,-1.8282,0.2785,1,0,none,baostock,query_history_k_data_plus
600346,SHSE.600346,,SH,A股-上交所,2021-12-27,22.0,22.25,21.72,21.92,21.48,32344957,710260766.02,2.0484,0.4595,1,0,none,baostock,query_history_k_data_plus
600346,SHSE.600346,,SH,A股-上交所,2021-12-28,21.95,22.5,21.77,22.39,21.92,41626199,926906452.39,2.1442,0.5914,1,0,none,baostock,query_history_k_data_plus
600346,SHSE.600346,,SH,A股-上交所,2021-12-29,22.31,23.33,22.29,22.77,22.39,57173060,1306661300.6,1.6972,0.8122,1,0,none,baostock,query_history_k_data_plus
600346,SHSE.600346,,SH,A股-上交所,2021-12-30,22.77,23.24,22.46,23.0,22.77,45595907,1043860100.96,1.0101,0.6478,1,0,none,baostock,query_history_k_data_plus
600346,SHSE.600346,,SH,A股-上交所,2021-12-31,22.97,23.1,22.71,22.97,23.0,29406973,673379591.88,-0.1304,0.4178,1,0,none,baostock,query_history_k_data_plus
600346,SHSE.600346,,SH,A股-上交所,2022-01-04,23.13,23.4,22.93,23.21,22.97,28708395,665451172.86,1.0448,0.4078,1,0,none,baostock,query_history_k_data_plus
600346,SHSE.600346,,SH,A股-上交所,2022-01-05,23.21,24.1,23.16,23.76,23.21,56040848,1335439200.6,2.3697,0.7961,1,0,none,baostock,query_history_k_data_plus
600346,SHSE.600346,,SH,A股-上交所,2022-01-06,23.76,24.87,23.76,24.66,23.76,71837635,1762369923.13,3.7879,1.0206,1,0,none,baostock,query_history_k_data_plus
600346,SHSE.600346,,SH,A股-上交所,2022-01-07,25.0,25.12,23.91,24.1,24.66,76607063,1870615175.87,-2.2709,1.0883,1,0,none,baostock,query_history_k_data_plus
600346,SHSE.600346,,SH,A股-上交所,2022-01-10,23.95,25.35,23.78,23.94,24.1,105100453,2566901987.66,-0.6639,1.4931,1,0,none,baostock,query_history_k_data_plus
600346,SHSE.600346,,SH,A股-上交所,2022-01-11,24.36,25.02,23.82,24.57,23.94,76407730,1875580007.03,2.6316,1.0855,1,0,none,baostock,query_history_k_data_plus
600346,SHSE.600346,,SH,A股-上交所,2022-01-12,24.51,25.52,24.36,25.4,24.57,74065148,1860156066.88,3.3781,1.0522,1,0,none,baostock,query_history_k_data_plus
600346,SHSE.600346,,SH,A股-上交所,2022-01-13,25.4,25.89,25.24,25.4,25.4,50221587,1283140844.21,0.0,0.7135,1,0,none,baostock,query_history_k_data_plus
600346,SHSE.600346,,SH,A股-上交所,2022-01-14,25.45,25.52,24.4,24.45,25.4,51392242,1274984360.21,-3.7402,0.7301,1,0,none,baostock,query_history_k_data_plus
600346,SHSE.600346,,SH,A股-上交所,2022-01-17,24.28,24.38,23.57,24.09,24.45,47514985,1136587788.09,-1.4724,0.675,1,0,none,baostock,query_history_k_data_plus
600346,SHSE.600346,,SH,A股-上交所,2022-01-18,23.97,24.68,23.81,24.32,24.09,33781454,822684313.15,0.9548,0.4799,1,0,none,baostock,query_history_k_data_plus
600346,SHSE.600346,,SH,A股-上交所,2022-01-19,24.45,25.35,24.3,24.43,24.32,39968564,991781919.11,0.4523,0.5678,1,0,none,baostock,query_history_k_data_plus
600346,SHSE.600346,,SH,A股-上交所,2022-01-20,24.2,24.3,23.74,24.06,24.43,37902593,909110682.07,-1.5145,0.5385,1,0,none,baostock,query_history_k_data_plus
600346,SHSE.600346,,SH,A股-上交所,2022-01-21,23.61,23.75,23.01,23.13,24.06,36861952,857572085.57,-3.8653,0.5237,1,0,none,baostock,query_history_k_data_plus
600346,SHSE.600346,,SH,A股-上交所,2022-01-24,22.86,23.83,22.72,23.78,23.13,29140730,683243796.96,2.8102,0.414,1,0,none,baostock,query_history_k_data_plus
600346,SHSE.600346,,SH,A股-上交所,2022-01-25,23.51,24.35,23.29,23.34,23.78,25005723,592548312.9,-1.8503,0.3552,1,0,none,baostock,query_history_k_data_plus
600346,SHSE.600346,,SH,A股-上交所,2022-01-26,23.34,23.58,22.99,23.21,23.34,22212240,518178846.97,-0.557,0.3156,1,0,none,baostock,query_history_k_data_plus
600346,SHSE.600346,,SH,A股-上交所,2022-01-27,23.41,23.83,22.76,22.8,23.21,20941253,485241694.62,-1.7665,0.2975,1,0,none,baostock,query_history_k_data_plus
600346,SHSE.600346,,SH,A股-上交所,2022-01-28,22.98,24.0,22.6,23.61,22.8,32239444,754550225.11,3.5526,0.458,1,0,none,baostock,query_history_k_data_plus
600346,SHSE.600346,,SH,A股-上交所,2022-02-07,24.15,24.29,23.64,24.12,23.61,29007754,695657230.62,2.1601,0.4121,1,0,none,baostock,query_history_k_data_plus
600346,SHSE.600346,,SH,A股-上交所,2022-02-08,24.06,24.19,23.3,23.83,24.12,22936284,543729685.93,-1.2023,0.3258,1,0,none,baostock,query_history_k_data_plus
600346,SHSE.600346,,SH,A股-上交所,2022-02-09,23.74,24.1,23.6,24.05,23.83,17664994,422761604.3,0.9232,0.251,1,0,none,baostock,query_history_k_data_plus
600346,SHSE.600346,,SH,A股-上交所,2022-02-10,24.19,25.3,24.0,25.18,24.05,48256108,1200310857.2,4.6985,0.6855,1,0,none,baostock,query_history_k_data_plus
600346,SHSE.600346,,SH,A股-上交所,2022-02-11,25.18,25.74,24.9,25.01,25.18,38662223,977382151.45,-0.6751,0.5492,1,0,none,baostock,query_history_k_data_plus
600346,SHSE.600346,,SH,A股-上交所,2022-02-14,24.86,26.52,24.8,25.16,25.01,78955607,2032143156.5,0.5998,1.1217,1,0,none,baostock,query_history_k_data_plus
600346,SHSE.600346,,SH,A股-上交所,2022-02-15,25.32,26.07,24.93,25.41,25.16,40690078,1036915275.92,0.9936,0.5781,1,0,none,baostock,query_history_k_data_plus
600346,SHSE.600346,,SH,A股-上交所,2022-02-16,25.2,26.0,24.72,25.4,25.41,36147264,915820187.5,-0.0394,0.5135,1,0,none,baostock,query_history_k_data_plus
600346,SHSE.600346,,SH,A股-上交所,2022-02-17,25.5,25.8,25.01,25.36,25.4,28080986,712604569.59,-0.1575,0.3989,1,0,none,baostock,query_history_k_data_plus
600346,SHSE.600346,,SH,A股-上交所,2022-02-18,25.34,26.0,25.05,25.98,25.36,31933100,818824867.46,2.4448,0.4537,1,0,none,baostock,query_history_k_data_plus
600346,SHSE.600346,,SH,A股-上交所,2022-02-21,26.02,26.95,25.92,26.62,25.98,48388979,1284418137.13,2.4634,0.6874,1,0,none,baostock,query_history_k_data_plus
600346,SHSE.600346,,SH,A股-上交所,2022-02-22,26.6,26.95,26.35,26.64,26.62,28428189,756331937.63,0.0751,0.4039,1,0,none,baostock,query_history_k_data_plus
600346,SHSE.600346,,SH,A股-上交所,2022-02-23,26.63,26.94,25.65,25.84,26.64,48709263,1265887628.48,-3.003,0.692,1,0,none,baostock,query_history_k_data_plus
600346,SHSE.600346,,SH,A股-上交所,2022-02-24,25.7,26.04,24.85,25.27,25.84,39101424,994418913.45,-2.2059,0.5555,1,0,none,baostock,query_history_k_data_plus
600346,SHSE.600346,,SH,A股-上交所,2022-02-25,25.47,25.87,25.1,25.23,25.27,23006185,584118937.94,-0.1583,0.3268,1,0,none,baostock,query_history_k_data_plus
600346,SHSE.600346,,SH,A股-上交所,2022-02-28,25.08,25.37,24.65,24.89,25.23,32006088,796317200.0,-1.3476,0.4547,1,0,none,baostock,query_history_k_data_plus
600346,SHSE.600346,,SH,A股-上交所,2022-03-01,24.89,24.98,24.46,24.79,24.89,27791411,685385376.0,-0.4018,0.3948,1,0,none,baostock,query_history_k_data_plus
600346,SHSE.600346,,SH,A股-上交所,2022-03-02,24.95,25.0,22.35,22.65,24.79,111832125,2585227200.0,-8.6325,1.5887,1,0,none,baostock,query_history_k_data_plus
600346,SHSE.600346,,SH,A股-上交所,2022-03-03,22.5,22.5,21.36,21.51,22.65,88370584,1915700080.0,-5.0331,1.2554,1,0,none,baostock,query_history_k_data_plus
600346,SHSE.600346,,SH,A股-上交所,2022-03-04,21.84,22.78,21.56,22.39,21.51,89255263,1992387456.0,4.0911,1.268,1,0,none,baostock,query_history_k_data_plus
600346,SHSE.600346,,SH,A股-上交所,2022-03-07,21.64,21.65,20.62,21.0,22.39,84825627,1787340544.0,-6.2081,1.2051,1,0,none,baostock,query_history_k_data_plus
600346,SHSE.600346,,SH,A股-上交所,2022-03-08,20.8,20.91,19.7,20.28,21.0,56973686,1157945840.0,-3.4286,0.8094,1,0,none,baostock,query_history_k_data_plus
600346,SHSE.600346,,SH,A股-上交所,2022-03-09,20.04,20.15,18.47,19.27,20.28,64560336,1248965088.0,-4.9803,0.9172,1,0,none,baostock,query_history_k_data_plus
600346,SHSE.600346,,SH,A股-上交所,2022-03-10,20.5,21.17,20.4,21.07,19.27,76285844,1594303104.0,9.3409,1.0837,1,0,none,baostock,query_history_k_data_plus
600346,SHSE.600346,,SH,A股-上交所,2022-03-11,20.69,21.52,20.18,21.3,21.07,59072855,1240802880.0,1.0916,0.8392,1,0,none,baostock,query_history_k_data_plus
600346,SHSE.600346,,SH,A股-上交所,2022-03-14,21.3,21.63,21.02,21.05,21.3,32777644,698175168.0,-1.1737,0.4657,1,0,none,baostock,query_history_k_data_plus
600346,SHSE.600346,,SH,A股-上交所,2022-03-15,21.3,21.3,20.15,20.47,21.05,38683171,811039648.0,-2.7553,0.5495,1,0,none,baostock,query_history_k_data_plus
600346,SHSE.600346,,SH,A股-上交所,2022-03-16,21.0,21.88,20.82,21.79,20.47,52135192,1116113104.0,6.4485,0.7407,1,0,none,baostock,query_history_k_data_plus
600346,SHSE.600346,,SH,A股-上交所,2022-03-17,22.11,22.8,21.8,22.25,21.79,41261877,921426464.0,2.1111,0.5862,1,0,none,baostock,query_history_k_data_plus
600346,SHSE.600346,,SH,A股-上交所,2022-03-18,21.78,22.3,21.42,22.09,22.25,33622229,738022727.55,-0.7191,0.4776,1,0,none,baostock,query_history_k_data_plus
600346,SHSE.600346,,SH,A股-上交所,2022-03-21,21.9,22.4,21.7,22.14,22.09,27811239,615868679.04,0.2263,0.3951,1,0,none,baostock,query_history_k_data_plus
600346,SHSE.600346,,SH,A股-上交所,2022-03-22,21.9,22.0,21.39,21.46,22.14,29259210,631187422.55,-3.0714,0.4157,1,0,none,baostock,query_history_k_data_plus
600346,SHSE.600346,,SH,A股-上交所,2022-03-23,21.46,21.53,21.21,21.3,21.46,16669141,355175422.21,-0.7456,0.2368,1,0,none,baostock,query_history_k_data_plus
600346,SHSE.600346,,SH,A股-上交所,2022-03-24,21.0,21.0,20.59,20.78,21.3,31943900,663585335.21,-2.4413,0.4538,1,0,none,baostock,query_history_k_data_plus
600346,SHSE.600346,,SH,A股-上交所,2022-03-25,20.88,21.24,20.64,20.75,20.78,25198863,528200210.9,-0.1444,0.358,1,0,none,baostock,query_history_k_data_plus
600346,SHSE.600346,,SH,A股-上交所,2022-03-28,20.5,20.74,20.2,20.63,20.75,13363863,273935529.08,-0.5783,0.1899,1,0,none,baostock,query_history_k_data_plus
600346,SHSE.600346,,SH,A股-上交所,2022-03-29,20.92,21.3,20.6,20.84,20.63,24626956,516191616.48,1.0179,0.3499,1,0,none,baostock,query_history_k_data_plus
600346,SHSE.600346,,SH,A股-上交所,2022-03-30,21.04,21.39,20.84,20.96,20.84,23626650,496000913.92,0.5758,0.3356,1,0,none,baostock,query_history_k_data_plus
600346,SHSE.600346,,SH,A股-上交所,2022-03-31,20.89,21.13,20.69,20.79,20.96,21197312,441681158.61,-0.8111,0.3011,1,0,none,baostock,query_history_k_data_plus
600346,SHSE.600346,,SH,A股-上交所,2022-04-01,20.78,21.12,20.55,21.09,20.79,20696087,433609808.82,1.443,0.294,1,0,none,baostock,query_history_k_data_plus
600346,SHSE.600346,,SH,A股-上交所,2022-04-06,21.0,21.09,20.73,20.98,21.09,18045942,376690249.56,-0.5216,0.2564,1,0,none,baostock,query_history_k_data_plus
600346,SHSE.600346,,SH,A股-上交所,2022-04-07,20.87,21.76,20.77,21.47,20.98,34571230,739615593.32,2.3356,0.4911,1,0,none,baostock,query_history_k_data_plus
600346,SHSE.600346,,SH,A股-上交所,2022-04-08,21.48,22.95,21.42,22.82,21.47,60333738,1354442706.38,6.2878,0.8571,1,0,none,baostock,query_history_k_data_plus
600346,SHSE.600346,,SH,A股-上交所,2022-04-11,22.83,23.65,22.24,23.6,22.82,67908984,1576137530.8,3.4181,0.9647,1,0,none,baostock,query_history_k_data_plus
600346,SHSE.600346,,SH,A股-上交所,2022-04-12,23.38,24.31,23.02,23.41,23.6,65756879,1559125650.22,-0.8051,0.9342,1,0,none,baostock,query_history_k_data_plus
600346,SHSE.600346,,SH,A股-上交所,2022-04-13,23.1,23.2,22.19,22.25,23.41,35088664,794765602.82,-4.9551,0.4985,1,0,none,baostock,query_history_k_data_plus
600346,SHSE.600346,,SH,A股-上交所,2022-04-14,22.31,22.67,22.01,22.53,22.25,24231119,542299280.13,1.2584,0.3442,1,0,none,baostock,query_history_k_data_plus
600346,SHSE.600346,,SH,A股-上交所,2022-04-15,22.53,22.58,21.75,22.01,22.53,18393385,406456698.73,-2.308,0.2613,1,0,none,baostock,query_history_k_data_plus
600346,SHSE.600346,,SH,A股-上交所,2022-04-18,22.0,22.01,21.21,21.32,22.01,22227789,477934201.5,-3.1349,0.3158,1,0,none,baostock,query_history_k_data_plus
600346,SHSE.600346,,SH,A股-上交所,2022-04-19,21.36,21.76,21.14,21.35,21.32,17047742,365234861.83,0.1407,0.2422,1,0,none,baostock,query_history_k_data_plus
600346,SHSE.600346,,SH,A股-上交所,2022-04-20,21.59,21.6,20.37,20.53,21.35,28377982,590620630.06,-3.8407,0.4031,1,0,none,baostock,query_history_k_data_plus
600346,SHSE.600346,,SH,A股-上交所,2022-04-21,20.45,20.51,19.85,19.97,20.53,20667897,415484562.63,-2.7277,0.2936,1,0,none,baostock,query_history_k_data_plus
600346,SHSE.600346,,SH,A股-上交所,2022-04-22,19.83,20.53,19.54,20.21,19.97,19489464,390925549.84,1.2018,0.2769,1,0,none,baostock,query_history_k_data_plus
600346,SHSE.600346,,SH,A股-上交所,2022-04-25,20.01,20.72,19.81,19.82,20.21,31267489,635098791.18,-1.9297,0.4442,1,0,none,baostock,query_history_k_data_plus
600346,SHSE.600346,,SH,A股-上交所,2022-04-26,19.82,20.44,19.51,19.72,19.82,25058551,498389872.01,-0.5045,0.356,1,0,none,baostock,query_history_k_data_plus
600346,SHSE.600346,,SH,A股-上交所,2022-04-27,19.55,20.14,19.39,20.14,19.72,23845919,472140638.73,2.1298,0.3388,1,0,none,baostock,query_history_k_data_plus
600346,SHSE.600346,,SH,A股-上交所,2022-04-28,20.3,20.59,19.91,20.11,20.14,18837061,380117472.09,-0.149,0.2676,1,0,none,baostock,query_history_k_data_plus
600346,SHSE.600346,,SH,A股-上交所,2022-04-29,20.5,20.95,20.1,20.95,20.11,25484466,523742017.27,4.177,0.362,1,0,none,baostock,query_history_k_data_plus
600346,SHSE.600346,,SH,A股-上交所,2022-05-05,20.99,22.33,20.81,22.23,20.95,54760240,1202324372.36,6.1098,0.7779,1,0,none,baostock,query_history_k_data_plus
600346,SHSE.600346,,SH,A股-上交所,2022-05-06,21.85,23.85,21.83,23.72,22.23,98572549,2312517059.59,6.7027,1.4004,1,0,none,baostock,query_history_k_data_plus
600346,SHSE.600346,,SH,A股-上交所,2022-05-09,23.61,24.08,23.33,23.96,23.72,68370745,1632016108.21,1.0118,0.9713,1,0,none,baostock,query_history_k_data_plus
600346,SHSE.600346,,SH,A股-上交所,2022-05-10,23.69,23.69,22.21,22.52,23.96,49566479,1121953020.31,-6.01,0.7042,1,0,none,baostock,query_history_k_data_plus
600346,SHSE.600346,,SH,A股-上交所,2022-05-11,22.5,22.8,22.15,22.35,22.52,24748751,555919652.04,-0.7549,0.3516,1,0,none,baostock,query_history_k_data_plus
600346,SHSE.600346,,SH,A股-上交所,2022-05-12,22.79,23.02,22.09,22.48,22.35,28864202,647039851.44,0.5817,0.4101,1,0,none,baostock,query_history_k_data_plus
600346,SHSE.600346,,SH,A股-上交所,2022-05-13,22.35,22.49,21.6,21.85,22.48,26882787,589658148.16,-2.8025,0.3819,1,0,none,baostock,query_history_k_data_plus
600346,SHSE.600346,,SH,A股-上交所,2022-05-16,21.8,22.23,21.73,21.96,21.85,18583371,408179483.67,0.5034,0.264,1,0,none,baostock,query_history_k_data_plus
600346,SHSE.600346,,SH,A股-上交所,2022-05-17,22.05,22.54,21.68,22.5,21.96,20838379,461863996.12,2.459,0.296,1,0,none,baostock,query_history_k_data_plus
600346,SHSE.600346,,SH,A股-上交所,2022-05-18,22.51,22.81,22.19,22.24,22.5,16065139,359374990.79,-1.1556,0.2282,1,0,none,baostock,query_history_k_data_plus
600346,SHSE.600346,,SH,A股-上交所,2022-05-19,22.0,22.27,21.71,22.27,22.24,12070254,265043471.11,0.1349,0.1715,1,0,none,baostock,query_history_k_data_plus
600346,SHSE.600346,,SH,A股-上交所,2022-05-20,22.36,22.41,21.84,22.25,22.27,16831992,372800650.56,-0.0898,0.2391,1,0,none,baostock,query_history_k_data_plus
600346,SHSE.600346,,SH,A股-上交所,2022-05-23,22.16,22.45,22.03,22.44,22.25,17466340,389203322.02,0.8539,0.2481,1,0,none,baostock,query_history_k_data_plus
600346,SHSE.600346,,SH,A股-上交所,2022-05-24,22.44,22.77,22.0,22.01,22.44,21652243,484639401.47,-1.9162,0.3076,1,0,none,baostock,query_history_k_data_plus
600346,SHSE.600346,,SH,A股-上交所,2022-05-25,22.0,22.03,21.35,21.72,22.01,22669963,490789279.73,-1.3176,0.3221,1,0,none,baostock,query_history_k_data_plus
600346,SHSE.600346,,SH,A股-上交所,2022-05-26,21.9,22.78,21.86,22.55,21.72,34866016,780061302.25,3.8214,0.4953,1,0,none,baostock,query_history_k_data_plus
600346,SHSE.600346,,SH,A股-上交所,2022-05-27,22.75,22.94,22.5,22.72,22.55,25961282,590181404.89,0.7539,0.3688,1,0,none,baostock,query_history_k_data_plus
600346,SHSE.600346,,SH,A股-上交所,2022-05-30,23.0,23.59,22.99,23.46,22.72,28185141,658214312.62,3.257,0.4004,1,0,none,baostock,query_history_k_data_plus
600346,SHSE.600346,,SH,A股-上交所,2022-05-31,23.5,24.05,23.26,23.58,23.46,24990202,589770893.29,0.5115,0.355,1,0,none,baostock,query_history_k_data_plus
600346,SHSE.600346,,SH,A股-上交所,2022-06-01,22.57,22.6,21.91,22.32,22.57,24432970,544768360.26,-1.1077,0.3471,1,0,none,baostock,query_history_k_data_plus
600346,SHSE.600346,,SH,A股-上交所,2022-06-02,22.13,22.48,22.1,22.34,22.32,15735638,350779881.09,0.0896,0.2235,1,0,none,baostock,query_history_k_data_plus
600346,SHSE.600346,,SH,A股-上交所,2022-06-06,22.34,22.82,22.0,22.71,22.34,34355520,774975095.74,1.6562,0.4881,1,0,none,baostock,query_history_k_data_plus
600346,SHSE.600346,,SH,A股-上交所,2022-06-07,22.68,22.94,22.45,22.59,22.71,27526362,625043958.79,-0.5284,0.391,1,0,none,baostock,query_history_k_data_plus
600346,SHSE.600346,,SH,A股-上交所,2022-06-08,22.9,23.48,22.78,23.28,22.59,39401276,913592598.46,3.0544,0.5597,1,0,none,baostock,query_history_k_data_plus
600346,SHSE.600346,,SH,A股-上交所,2022-06-09,23.14,23.44,22.96,23.26,23.28,25242343,585449799.93,-0.0859,0.3586,1,0,none,baostock,query_history_k_data_plus
600346,SHSE.600346,,SH,A股-上交所,2022-06-10,23.0,23.36,22.75,23.16,23.26,41661831,964175620.75,-0.4299,0.5919,1,0,none,baostock,query_history_k_data_plus
600346,SHSE.600346,,SH,A股-上交所,2022-06-13,22.62,23.26,22.61,23.23,23.16,30821778,710401971.38,0.3022,0.4379,1,0,none,baostock,query_history_k_data_plus
600346,SHSE.600346,,SH,A股-上交所,2022-06-14,23.0,23.99,22.9,23.79,23.23,39928105,944438358.03,2.4107,0.5672,1,0,none,baostock,query_history_k_data_plus
600346,SHSE.600346,,SH,A股-上交所,2022-06-15,23.78,24.1,23.43,23.52,23.79,34899712,830583518.47,-1.1349,0.4958,1,0,none,baostock,query_history_k_data_plus
600346,SHSE.600346,,SH,A股-上交所,2022-06-16,23.56,23.72,22.77,22.86,23.52,28903835,666670272.12,-2.8061,0.4106,1,0,none,baostock,query_history_k_data_plus
600346,SHSE.600346,,SH,A股-上交所,2022-06-17,22.63,23.06,22.56,22.97,22.86,16597316,380523984.05,0.4812,0.2358,1,0,none,baostock,query_history_k_data_plus
600346,SHSE.600346,,SH,A股-上交所,2022-06-20,23.23,23.33,22.65,22.72,22.97,23803330,544095622.04,-1.0884,0.3382,1,0,none,baostock,query_history_k_data_plus
600346,SHSE.600346,,SH,A股-上交所,2022-06-21,22.6,22.7,22.28,22.38,22.72,19942398,447129842.76,-1.4965,0.2833,1,0,none,baostock,query_history_k_data_plus
600346,SHSE.600346,,SH,A股-上交所,2022-06-22,22.38,22.62,22.2,22.27,22.38,11571551,258828103.98,-0.4915,0.1644,1,0,none,baostock,query_history_k_data_plus
600346,SHSE.600346,,SH,A股-上交所,2022-06-23,22.2,22.38,21.73,21.99,22.27,27923955,611463880.13,-1.2573,0.3967,1,0,none,baostock,query_history_k_data_plus
600346,SHSE.600346,,SH,A股-上交所,2022-06-24,21.99,22.05,21.75,21.96,21.99,16100769,352527932.09,-0.1364,0.2287,1,0,none,baostock,query_history_k_data_plus
600346,SHSE.600346,,SH,A股-上交所,2022-06-27,21.88,22.38,21.86,22.21,21.96,21647026,479849912.85,1.1384,0.3075,1,0,none,baostock,query_history_k_data_plus
600346,SHSE.600346,,SH,A股-上交所,2022-06-28,22.25,22.41,21.9,22.12,22.21,19050088,420066255.52,-0.4052,0.2706,1,0,none,baostock,query_history_k_data_plus
600346,SHSE.600346,,SH,A股-上交所,2022-06-29,22.1,22.22,22.0,22.05,22.12,19003188,419724342.26,-0.3165,0.27,1,0,none,baostock,query_history_k_data_plus
600346,SHSE.600346,,SH,A股-上交所,2022-06-30,22.06,22.32,22.01,22.24,22.05,15028808,332785665.25,0.8617,0.2135,1,0,none,baostock,query_history_k_data_plus
600346,SHSE.600346,,SH,A股-上交所,2022-07-01,22.24,22.24,21.94,22.04,22.24,11549620,254802510.43,-0.8993,0.1641,1,0,none,baostock,query_history_k_data_plus
600346,SHSE.600346,,SH,A股-上交所,2022-07-04,21.9,22.04,21.26,22.01,22.04,20962904,455214493.16,-0.1361,0.2978,1,0,none,baostock,query_history_k_data_plus
600346,SHSE.600346,,SH,A股-上交所,2022-07-05,21.96,22.39,21.71,21.95,22.01,21584219,474340026.99,-0.2726,0.3066,1,0,none,baostock,query_history_k_data_plus
600346,SHSE.600346,,SH,A股-上交所,2022-07-06,22.0,22.1,21.49,21.72,21.95,18196593,395093200.07,-1.0478,0.2585,1,0,none,baostock,query_history_k_data_plus
600346,SHSE.600346,,SH,A股-上交所,2022-07-07,21.76,21.82,21.17,21.26,21.72,26526599,566819039.94,-2.1179,0.3768,1,0,none,baostock,query_history_k_data_plus
600346,SHSE.600346,,SH,A股-上交所,2022-07-08,21.29,21.58,21.22,21.26,21.26,11211854,239267044.2,0.0,0.1593,1,0,none,baostock,query_history_k_data_plus
600346,SHSE.600346,,SH,A股-上交所,2022-07-11,21.21,21.98,20.86,21.59,21.26,27199431,587020663.88,1.5522,0.3864,1,0,none,baostock,query_history_k_data_plus
600346,SHSE.600346,,SH,A股-上交所,2022-07-12,21.5,21.68,21.1,21.23,21.59,16424563,350713005.41,-1.6674,0.2333,1,0,none,baostock,query_history_k_data_plus
600346,SHSE.600346,,SH,A股-上交所,2022-07-13,21.23,21.35,21.0,21.12,21.23,11806897,249849780.47,-0.5181,0.1677,1,0,none,baostock,query_history_k_data_plus
600346,SHSE.600346,,SH,A股-上交所,2022-07-14,21.07,21.17,20.87,20.98,21.12,13284583,278965305.38,-0.6629,0.1887,1,0,none,baostock,query_history_k_data_plus
600346,SHSE.600346,,SH,A股-上交所,2022-07-15,20.94,21.14,20.51,20.56,20.98,15937940,331798213.65,-2.0019,0.2264,1,0,none,baostock,query_history_k_data_plus
600346,SHSE.600346,,SH,A股-上交所,2022-07-18,20.5,21.0,20.44,20.95,20.56,19529588,405250946.04,1.8969,0.2774,1,0,none,baostock,query_history_k_data_plus
600346,SHSE.600346,,SH,A股-上交所,2022-07-19,20.93,20.93,20.53,20.78,20.95,18106014,374905789.25,-0.8115,0.2572,1,0,none,baostock,query_history_k_data_plus
600346,SHSE.600346,,SH,A股-上交所,2022-07-20,20.75,21.01,20.72,20.82,20.78,11611746,241995560.83,0.1925,0.165,1,0,none,baostock,query_history_k_data_plus
600346,SHSE.600346,,SH,A股-上交所,2022-07-21,20.83,20.89,20.52,20.59,20.82,12715570,262314264.26,-1.1047,0.1806,1,0,none,baostock,query_history_k_data_plus
600346,SHSE.600346,,SH,A股-上交所,2022-07-22,20.68,20.72,20.09,20.25,20.59,18472934,376180377.3,-1.6513,0.2624,1,0,none,baostock,query_history_k_data_plus
600346,SHSE.600346,,SH,A股-上交所,2022-07-25,20.3,20.39,19.96,20.0,20.25,16146704,323884464.78,-1.2346,0.2294,1,0,none,baostock,query_history_k_data_plus
600346,SHSE.600346,,SH,A股-上交所,2022-07-26,20.02,20.28,20.02,20.25,20.0,14067526,283762984.92,1.25,0.1998,1,0,none,baostock,query_history_k_data_plus
600346,SHSE.600346,,SH,A股-上交所,2022-07-27,20.25,20.25,19.95,20.06,20.25,12195667,244414412.1,-0.9383,0.1733,1,0,none,baostock,query_history_k_data_plus
600346,SHSE.600346,,SH,A股-上交所,2022-07-28,20.1,20.7,20.02,20.43,20.06,29173140,594853715.11,1.8445,0.4144,1,0,none,baostock,query_history_k_data_plus
600346,SHSE.600346,,SH,A股-上交所,2022-07-29,20.47,20.79,20.1,20.18,20.43,22314255,455168430.75,-1.2237,0.317,1,0,none,baostock,query_history_k_data_plus
600346,SHSE.600346,,SH,A股-上交所,2022-08-01,20.18,20.18,19.81,19.89,20.18,23408032,465556666.52,-1.4371,0.3325,1,0,none,baostock,query_history_k_data_plus
600346,SHSE.600346,,SH,A股-上交所,2022-08-02,19.75,19.76,19.16,19.45,19.89,23142674,448359079.95,-2.2122,0.3288,1,0,none,baostock,query_history_k_data_plus
600346,SHSE.600346,,SH,A股-上交所,2022-08-03,19.59,19.88,19.27,19.3,19.45,14743615,288064418.24,-0.7712,0.2095,1,0,none,baostock,query_history_k_data_plus
600346,SHSE.600346,,SH,A股-上交所,2022-08-04,19.43,19.53,19.2,19.28,19.3,12234331,236227426.0,-0.1036,0.1738,1,0,none,baostock,query_history_k_data_plus
600346,SHSE.600346,,SH,A股-上交所,2022-08-05,19.41,19.86,19.32,19.81,19.28,18088539,353937677.0,2.749,0.257,1,0,none,baostock,query_history_k_data_plus
600346,SHSE.600346,,SH,A股-上交所,2022-08-08,19.83,20.47,19.83,20.34,19.81,25060111,507550871.0,2.6754,0.356,1,0,none,baostock,query_history_k_data_plus
600346,SHSE.600346,,SH,A股-上交所,2022-08-09,20.38,20.69,20.12,20.22,20.34,15982813,325074858.0,-0.59,0.2271,1,0,none,baostock,query_history_k_data_plus
600346,SHSE.600346,,SH,A股-上交所,2022-08-10,20.22,20.95,20.2,20.82,20.22,27824573,577173235.0,2.9674,0.3953,1,0,none,baostock,query_history_k_data_plus
600346,SHSE.600346,,SH,A股-上交所,2022-08-11,20.82,21.1,20.75,20.87,20.82,16460834,343713642.0,0.2402,0.2338,1,0,none,baostock,query_history_k_data_plus
600346,SHSE.600346,,SH,A股-上交所,2022-08-12,21.02,21.42,20.86,21.24,20.87,25844033,548605322.0,1.7729,0.3671,1,0,none,baostock,query_history_k_data_plus
600346,SHSE.600346,,SH,A股-上交所,2022-08-15,21.23,21.59,20.58,20.69,21.24,38285803,799765985.37,-2.5895,0.5439,1,0,none,baostock,query_history_k_data_plus
600346,SHSE.600346,,SH,A股-上交所,2022-08-16,20.81,20.86,20.25,20.38,20.69,36200725,740510937.89,-1.4983,0.5143,1,0,none,baostock,query_history_k_data_plus
600346,SHSE.600346,,SH,A股-上交所,2022-08-17,20.37,20.52,20.04,20.1,20.38,22254136,448366821.89,-1.3739,0.3162,1,0,none,baostock,query_history_k_data_plus
600346,SHSE.600346,,SH,A股-上交所,2022-08-18,20.06,20.3,19.97,20.02,20.1,16690392,334807233.96,-0.398,0.2371,1,0,none,baostock,query_history_k_data_plus
600346,SHSE.600346,,SH,A股-上交所,2022-08-19,19.92,20.17,19.92,19.99,20.02,15046963,301667300.79,-0.1499,0.2138,1,0,none,baostock,query_history_k_data_plus
600346,SHSE.600346,,SH,A股-上交所,2022-08-22,19.93,20.05,19.61,19.97,19.99,19997692,397257179.43,-0.1001,0.2841,1,0,none,baostock,query_history_k_data_plus
600346,SHSE.600346,,SH,A股-上交所,2022-08-23,19.95,20.08,19.7,19.81,19.97,19963669,395871919.17,-0.8012,0.2836,1,0,none,baostock,query_history_k_data_plus
600346,SHSE.600346,,SH,A股-上交所,2022-08-24,19.82,19.88,19.27,19.29,19.81,25231374,491443458.96,-2.6249,0.3584,1,0,none,baostock,query_history_k_data_plus
600346,SHSE.600346,,SH,A股-上交所,2022-08-25,19.24,19.74,19.2,19.6,19.29,19231835,374686910.81,1.6071,0.2732,1,0,none,baostock,query_history_k_data_plus
600346,SHSE.600346,,SH,A股-上交所,2022-08-26,19.6,19.66,19.22,19.33,19.6,17824068,345518300.1,-1.3776,0.2532,1,0,none,baostock,query_history_k_data_plus
600346,SHSE.600346,,SH,A股-上交所,2022-08-29,19.22,19.32,19.05,19.29,19.33,11634772,223531446.0,-0.2069,0.1653,1,0,none,baostock,query_history_k_data_plus
600346,SHSE.600346,,SH,A股-上交所,2022-08-30,19.4,19.42,19.05,19.14,19.29,13898928,266102875.37,-0.7776,0.1975,1,0,none,baostock,query_history_k_data_plus
600346,SHSE.600346,,SH,A股-上交所,2022-08-31,19.09,19.45,19.02,19.2,19.14,15284843,293111929.48,0.3135,0.2171,1,0,none,baostock,query_history_k_data_plus
600346,SHSE.600346,,SH,A股-上交所,2022-09-01,19.2,19.39,19.12,19.21,19.2,11063341,213398621.98,0.0521,0.1572,1,0,none,baostock,query_history_k_data_plus
600346,SHSE.600346,,SH,A股-上交所,2022-09-02,19.25,19.35,19.11,19.15,19.21,10886628,208829623.05,-0.3123,0.1547,1,0,none,baostock,query_history_k_data_plus
600346,SHSE.600346,,SH,A股-上交所,2022-09-05,19.08,19.32,19.0,19.12,19.15,12119209,231537451.0,-0.1567,0.1722,1,0,none,baostock,query_history_k_data_plus
600346,SHSE.600346,,SH,A股-上交所,2022-09-06,19.13,19.64,19.13,19.58,19.12,24565912,479434159.93,2.4059,0.349,1,0,none,baostock,query_history_k_data_plus
600346,SHSE.600346,,SH,A股-上交所,2022-09-07,19.58,19.99,19.43,19.76,19.58,20111437,398302649.29,0.9193,0.2857,1,0,none,baostock,query_history_k_data_plus
600346,SHSE.600346,,SH,A股-上交所,2022-09-08,19.91,19.94,19.61,19.7,19.76,10803377,213380363.17,-0.3036,0.1535,1,0,none,baostock,query_history_k_data_plus
600346,SHSE.600346,,SH,A股-上交所,2022-09-09,19.67,20.13,19.59,20.06,19.7,23340981,466316583.67,1.8274,0.3316,1,0,none,baostock,query_history_k_data_plus
600346,SHSE.600346,,SH,A股-上交所,2022-09-13,20.12,20.18,19.94,20.03,20.06,13355031,267810083.83,-0.1496,0.1897,1,0,none,baostock,query_history_k_data_plus
600346,SHSE.600346,,SH,A股-上交所,2022-09-14,19.79,20.07,19.7,19.84,20.03,12667125,251646626.72,-0.9486,0.18,1,0,none,baostock,query_history_k_data_plus
600346,SHSE.600346,,SH,A股-上交所,2022-09-15,19.89,20.03,19.36,19.46,19.84,16904661,331257046.99,-1.9153,0.2402,1,0,none,baostock,query_history_k_data_plus
600346,SHSE.600346,,SH,A股-上交所,2022-09-16,19.48,19.61,19.03,19.03,19.46,15880702,305026785.54,-2.2097,0.2256,1,0,none,baostock,query_history_k_data_plus
600346,SHSE.600346,,SH,A股-上交所,2022-09-19,19.02,19.12,18.69,18.82,19.03,14594814,274931276.05,-1.1035,0.2073,1,0,none,baostock,query_history_k_data_plus
600346,SHSE.600346,,SH,A股-上交所,2022-09-20,18.9,19.12,18.8,19.0,18.82,9319641,176738613.4,0.9564,0.1324,1,0,none,baostock,query_history_k_data_plus
600346,SHSE.600346,,SH,A股-上交所,2022-09-21,19.01,19.01,18.35,18.43,19.0,23797922,440636792.54,-3.0,0.3381,1,0,none,baostock,query_history_k_data_plus
600346,SHSE.600346,,SH,A股-上交所,2022-09-22,18.3,18.42,17.9,18.35,18.43,19821918,360354808.87,-0.4341,0.2816,1,0,none,baostock,query_history_k_data_plus
600346,SHSE.600346,,SH,A股-上交所,2022-09-23,18.3,18.74,18.17,18.26,18.35,19356688,356997365.25,-0.4905,0.275,1,0,none,baostock,query_history_k_data_plus
600346,SHSE.600346,,SH,A股-上交所,2022-09-26,18.1,18.11,17.27,17.35,18.26,35041636,618484329.01,-4.9836,0.4978,1,0,none,baostock,query_history_k_data_plus
600346,SHSE.600346,,SH,A股-上交所,2022-09-27,17.5,17.76,17.33,17.74,17.35,27438597,481430344.76,2.2478,0.3898,1,0,none,baostock,query_history_k_data_plus
600346,SHSE.600346,,SH,A股-上交所,2022-09-28,17.63,17.89,17.37,17.41,17.74,16139006,284219237.5,-1.8602,0.2293,1,0,none,baostock,query_history_k_data_plus
600346,SHSE.600346,,SH,A股-上交所,2022-09-29,17.6,17.75,16.92,17.15,17.41,26441680,455272164.12,-1.4934,0.3756,1,0,none,baostock,query_history_k_data_plus
600346,SHSE.600346,,SH,A股-上交所,2022-09-30,17.15,17.22,16.89,16.92,17.15,20473373,348299803.6,-1.3411,0.2909,1,0,none,baostock,query_history_k_data_plus
600346,SHSE.600346,,SH,A股-上交所,2022-10-10,17.02,17.17,16.45,16.49,16.92,21709788,363055356.1,-2.5414,0.3084,1,0,none,baostock,query_history_k_data_plus
600346,SHSE.600346,,SH,A股-上交所,2022-10-11,16.52,16.63,16.23,16.62,16.49,17694658,291245136.53,0.7884,0.2514,1,0,none,baostock,query_history_k_data_plus
600346,SHSE.600346,,SH,A股-上交所,2022-10-12,16.65,16.66,16.05,16.59,16.62,18384598,300941861.32,-0.1805,0.2612,1,0,none,baostock,query_history_k_data_plus
600346,SHSE.600346,,SH,A股-上交所,2022-10-13,16.5,16.5,16.06,16.12,16.59,24010018,388721821.29,-2.833,0.3411,1,0,none,baostock,query_history_k_data_plus
600346,SHSE.600346,,SH,A股-上交所,2022-10-14,16.23,16.78,16.16,16.46,16.12,30042721,494078568.36,2.1092,0.4268,1,0,none,baostock,query_history_k_data_plus
600346,SHSE.600346,,SH,A股-上交所,2022-10-17,16.3,16.62,16.23,16.58,16.46,21565322,354457910.55,0.729,0.3064,1,0,none,baostock,query_history_k_data_plus
600346,SHSE.600346,,SH,A股-上交所,2022-10-18,16.66,16.72,16.42,16.46,16.58,16026258,264886692.75,-0.7238,0.2277,1,0,none,baostock,query_history_k_data_plus
600346,SHSE.600346,,SH,A股-上交所,2022-10-19,16.4,16.45,15.89,15.9,16.46,26882165,432622556.44,-3.4022,0.3819,1,0,none,baostock,query_history_k_data_plus
600346,SHSE.600346,,SH,A股-上交所,2022-10-20,15.82,15.94,15.6,15.82,15.9,20902251,329236828.7,-0.5031,0.2969,1,0,none,baostock,query_history_k_data_plus
600346,SHSE.600346,,SH,A股-上交所,2022-10-21,16.22,16.57,15.98,16.1,15.82,36303471,589449957.05,1.7699,0.5157,1,0,none,baostock,query_history_k_data_plus
600346,SHSE.600346,,SH,A股-上交所,2022-10-24,16.1,16.43,15.56,15.68,16.1,31858724,509409945.23,-2.6087,0.4526,1,0,none,baostock,query_history_k_data_plus
600346,SHSE.600346,,SH,A股-上交所,2022-10-25,15.68,15.75,15.33,15.58,15.68,18826113,292606271.72,-0.6378,0.2675,1,0,none,baostock,query_history_k_data_plus
600346,SHSE.600346,,SH,A股-上交所,2022-10-26,15.35,15.92,15.33,15.78,15.58,21094820,331736727.02,1.2837,0.2997,1,0,none,baostock,query_history_k_data_plus
600346,SHSE.600346,,SH,A股-上交所,2022-10-27,15.8,16.04,15.75,15.96,15.78,21920668,348467047.38,1.1407,0.3114,1,0,none,baostock,query_history_k_data_plus
600346,SHSE.600346,,SH,A股-上交所,2022-10-28,15.85,15.86,15.23,15.31,15.96,19624585,304179442.67,-4.0727,0.2788,1,0,none,baostock,query_history_k_data_plus
600346,SHSE.600346,,SH,A股-上交所,2022-10-31,14.6,15.38,13.96,15.34,15.31,59757393,866983893.19,0.196,0.8489,1,0,none,baostock,query_history_k_data_plus
600346,SHSE.600346,,SH,A股-上交所,2022-11-01,14.9,15.2,14.65,15.14,15.34,34517001,516139613.81,-1.3038,0.4904,1,0,none,baostock,query_history_k_data_plus
600346,SHSE.600346,,SH,A股-上交所,2022-11-02,15.09,15.62,15.0,15.46,15.14,26275647,405106640.59,2.1136,0.3733,1,0,none,baostock,query_history_k_data_plus
600346,SHSE.600346,,SH,A股-上交所,2022-11-03,15.31,15.5,15.27,15.35,15.46,13526691,207975784.55,-0.7115,0.1922,1,0,none,baostock,query_history_k_data_plus
600346,SHSE.600346,,SH,A股-上交所,2022-11-04,15.4,16.15,15.4,16.0,15.35,28227469,447987893.4,4.2345,0.401,1,0,none,baostock,query_history_k_data_plus
600346,SHSE.600346,,SH,A股-上交所,2022-11-07,16.0,16.29,15.91,16.13,16.0,18033404,290822051.28,0.8125,0.2562,1,0,none,baostock,query_history_k_data_plus
600346,SHSE.600346,,SH,A股-上交所,2022-11-08,16.14,16.26,15.95,16.09,16.13,14095350,226579005.02,-0.248,0.2002,1,0,none,baostock,query_history_k_data_plus
600346,SHSE.600346,,SH,A股-上交所,2022-11-09,16.15,16.24,16.06,16.1,16.09,10275845,166010003.93,0.0622,0.146,1,0,none,baostock,query_history_k_data_plus
600346,SHSE.600346,,SH,A股-上交所,2022-11-10,16.05,16.09,15.85,15.95,16.1,12375238,197540069.12,-0.9317,0.1758,1,0,none,baostock,query_history_k_data_plus
600346,SHSE.600346,,SH,A股-上交所,2022-11-11,16.3,16.8,16.14,16.67,15.95,34083395,561988633.43,4.5141,0.4842,1,0,none,baostock,query_history_k_data_plus
600346,SHSE.600346,,SH,A股-上交所,2022-11-14,16.75,16.89,16.24,16.26,16.67,23380860,386371211.89,-2.4595,0.3322,1,0,none,baostock,query_history_k_data_plus
600346,SHSE.600346,,SH,A股-上交所,2022-11-15,16.26,16.55,16.24,16.43,16.26,20962601,344097717.62,1.0455,0.2978,1,0,none,baostock,query_history_k_data_plus
600346,SHSE.600346,,SH,A股-上交所,2022-11-16,16.47,16.62,16.38,16.51,16.43,12577130,207388745.21,0.4869,0.1787,1,0,none,baostock,query_history_k_data_plus
600346,SHSE.600346,,SH,A股-上交所,2022-11-17,16.42,16.48,16.25,16.38,16.51,11411984,186685007.3,-0.7874,0.1621,1,0,none,baostock,query_history_k_data_plus
600346,SHSE.600346,,SH,A股-上交所,2022-11-18,16.38,16.49,16.26,16.27,16.38,10512857,171910265.43,-0.6716,0.1493,1,0,none,baostock,query_history_k_data_plus
600346,SHSE.600346,,SH,A股-上交所,2022-11-21,16.14,16.5,15.95,16.5,16.27,15471348,251895869.42,1.4136,0.2198,1,0,none,baostock,query_history_k_data_plus
600346,SHSE.600346,,SH,A股-上交所,2022-11-22,16.41,16.64,16.27,16.33,16.5,10351277,170092954.91,-1.0303,0.1471,1,0,none,baostock,query_history_k_data_plus
600346,SHSE.600346,,SH,A股-上交所,2022-11-23,16.27,16.65,16.25,16.45,16.33,14113571,232844818.92,0.7348,0.2005,1,0,none,baostock,query_history_k_data_plus
600346,SHSE.600346,,SH,A股-上交所,2022-11-24,16.45,16.58,16.28,16.44,16.45,8280391,135903019.52,-0.0608,0.1176,1,0,none,baostock,query_history_k_data_plus
600346,SHSE.600346,,SH,A股-上交所,2022-11-25,16.4,16.71,16.34,16.63,16.44,13517629,224218813.71,1.1557,0.192,1,0,none,baostock,query_history_k_data_plus
600346,SHSE.600346,,SH,A股-上交所,2022-11-28,16.4,16.65,16.2,16.58,16.63,15188958,249657842.94,-0.3007,0.2158,1,0,none,baostock,query_history_k_data_plus
600346,SHSE.600346,,SH,A股-上交所,2022-11-29,16.56,16.93,16.56,16.81,16.58,15928216,267197379.18,1.3872,0.2263,1,0,none,baostock,query_history_k_data_plus
600346,SHSE.600346,,SH,A股-上交所,2022-11-30,16.76,17.22,16.76,16.8,16.81,17809020,302247314.19,-0.0595,0.253,1,0,none,baostock,query_history_k_data_plus
600346,SHSE.600346,,SH,A股-上交所,2022-12-01,16.96,17.45,16.96,17.17,16.8,25277448,435079072.98,2.2024,0.3591,1,0,none,baostock,query_history_k_data_plus
600346,SHSE.600346,,SH,A股-上交所,2022-12-02,17.32,17.39,17.15,17.26,17.17,12809298,221023761.61,0.5242,0.182,1,0,none,baostock,query_history_k_data_plus
600346,SHSE.600346,,SH,A股-上交所,2022-12-05,17.15,17.63,17.15,17.55,17.26,16392227,286994905.47,1.6802,0.2329,1,0,none,baostock,query_history_k_data_plus
600346,SHSE.600346,,SH,A股-上交所,2022-12-06,17.54,17.6,17.4,17.51,17.55,14295918,250136684.3,-0.2279,0.2031,1,0,none,baostock,query_history_k_data_plus
600346,SHSE.600346,,SH,A股-上交所,2022-12-07,17.5,17.58,17.07,17.25,17.51,17290178,298570287.92,-1.4849,0.2456,1,0,none,baostock,query_history_k_data_plus
600346,SHSE.600346,,SH,A股-上交所,2022-12-08,17.25,17.45,17.1,17.35,17.25,11904559,206241900.03,0.5797,0.1691,1,0,none,baostock,query_history_k_data_plus
600346,SHSE.600346,,SH,A股-上交所,2022-12-09,17.3,17.5,17.2,17.5,17.35,15295219,265725469.31,0.8646,0.2173,1,0,none,baostock,query_history_k_data_plus
600346,SHSE.600346,,SH,A股-上交所,2022-12-12,17.39,17.5,17.03,17.06,17.5,12607144,217069775.75,-2.5143,0.1791,1,0,none,baostock,query_history_k_data_plus
600346,SHSE.600346,,SH,A股-上交所,2022-12-13,17.07,17.19,16.8,17.1,17.06,10992800,186976547.41,0.2345,0.1562,1,0,none,baostock,query_history_k_data_plus
600346,SHSE.600346,,SH,A股-上交所,2022-12-14,17.1,17.33,17.01,17.23,17.1,8624979,148094973.52,0.7602,0.1225,1,0,none,baostock,query_history_k_data_plus
600346,SHSE.600346,,SH,A股-上交所,2022-12-15,17.2,17.21,16.7,16.86,17.23,11919387,201191581.59,-2.1474,0.1693,1,0,none,baostock,query_history_k_data_plus
600346,SHSE.600346,,SH,A股-上交所,2022-12-16,16.8,17.15,16.66,17.1,16.86,10425987,177211991.99,1.4235,0.1481,1,0,none,baostock,query_history_k_data_plus
600346,SHSE.600346,,SH,A股-上交所,2022-12-19,17.05,17.05,16.4,16.47,17.1,13575844,225722294.1,-3.6842,0.1929,1,0,none,baostock,query_history_k_data_plus
600346,SHSE.600346,,SH,A股-上交所,2022-12-20,16.47,16.7,16.38,16.52,16.47,9349686,154963152.13,0.3036,0.1328,1,0,none,baostock,query_history_k_data_plus
600346,SHSE.600346,,SH,A股-上交所,2022-12-21,16.46,16.54,16.29,16.38,16.52,7073837,115914613.3,-0.8475,0.1005,1,0,none,baostock,query_history_k_data_plus
600346,SHSE.600346,,SH,A股-上交所,2022-12-22,16.46,16.52,16.01,16.13,16.38,8024900,130298988.0,-1.5263,0.114,1,0,none,baostock,query_history_k_data_plus
600346,SHSE.600346,,SH,A股-上交所,2022-12-23,16.1,16.21,15.85,15.95,16.13,6975929,111693606.14,-1.1159,0.0991,1,0,none,baostock,query_history_k_data_plus
600346,SHSE.600346,,SH,A股-上交所,2022-12-26,15.9,16.06,15.9,15.97,15.95,5764645,92182520.01,0.1254,0.0819,1,0,none,baostock,query_history_k_data_plus
600346,SHSE.600346,,SH,A股-上交所,2022-12-27,16.28,16.37,16.0,16.08,15.97,15092955,243797683.72,0.6888,0.2144,1,0,none,baostock,query_history_k_data_plus
600346,SHSE.600346,,SH,A股-上交所,2022-12-28,16.14,16.14,15.83,15.95,16.08,9163521,145837979.5,-0.8085,0.1302,1,0,none,baostock,query_history_k_data_plus
600346,SHSE.600346,,SH,A股-上交所,2022-12-29,15.96,15.96,15.7,15.78,15.95,9254404,146088334.44,-1.0658,0.1315,1,0,none,baostock,query_history_k_data_plus
600346,SHSE.600346,,SH,A股-上交所,2022-12-30,15.89,15.94,15.52,15.53,15.78,10942913,171151065.36,-1.5843,0.1555,1,0,none,baostock,query_history_k_data_plus
600346,SHSE.600346,,SH,A股-上交所,2023-01-03,15.51,15.74,15.27,15.7,15.53,16158367,250321907.46,1.0947,0.2296,1,0,none,baostock,query_history_k_data_plus
600346,SHSE.600346,,SH,A股-上交所,2023-01-04,15.69,15.96,15.62,15.76,15.7,10505244,165774838.59,0.3822,0.1492,1,0,none,baostock,query_history_k_data_plus
600346,SHSE.600346,,SH,A股-上交所,2023-01-05,15.87,15.95,15.66,15.91,15.76,9931036,157061102.79,0.9518,0.1411,1,0,none,baostock,query_history_k_data_plus
600346,SHSE.600346,,SH,A股-上交所,2023-01-06,15.89,16.25,15.82,16.05,15.91,12570770,201922080.57,0.8799,0.1786,1,0,none,baostock,query_history_k_data_plus
600346,SHSE.600346,,SH,A股-上交所,2023-01-09,16.08,16.37,16.0,16.22,16.05,13409644,217154173.04,1.0592,0.1905,1,0,none,baostock,query_history_k_data_plus
600346,SHSE.600346,,SH,A股-上交所,2023-01-10,16.23,16.23,15.92,15.96,16.22,12130059,194124301.58,-1.603,0.1723,1,0,none,baostock,query_history_k_data_plus
600346,SHSE.600346,,SH,A股-上交所,2023-01-11,15.96,16.07,15.72,15.77,15.96,11266000,178514006.5,-1.1905,0.16,1,0,none,baostock,query_history_k_data_plus
600346,SHSE.600346,,SH,A股-上交所,2023-01-12,15.75,15.84,15.57,15.67,15.77,10567713,165462705.85,-0.6341,0.1501,1,0,none,baostock,query_history_k_data_plus
600346,SHSE.600346,,SH,A股-上交所,2023-01-13,15.7,16.06,15.61,16.04,15.67,15491533,245922153.58,2.3612,0.2201,1,0,none,baostock,query_history_k_data_plus
600346,SHSE.600346,,SH,A股-上交所,2023-01-16,16.05,17.17,16.0,16.77,16.04,30279725,504485399.77,4.5511,0.4302,1,0,none,baostock,query_history_k_data_plus
600346,SHSE.600346,,SH,A股-上交所,2023-01-17,16.92,16.98,16.69,16.86,16.77,11293388,189920935.57,0.5367,0.1604,1,0,none,baostock,query_history_k_data_plus
600346,SHSE.600346,,SH,A股-上交所,2023-01-18,16.98,16.98,16.62,16.7,16.86,10480524,175219063.37,-0.949,0.1489,1,0,none,baostock,query_history_k_data_plus
600346,SHSE.600346,,SH,A股-上交所,2023-01-19,16.65,16.74,16.47,16.72,16.7,8937456,148624742.03,0.1198,0.127,1,0,none,baostock,query_history_k_data_plus
600346,SHSE.600346,,SH,A股-上交所,2023-01-20,16.85,16.99,16.74,16.9,16.72,11049426,186500855.59,1.0766,0.157,1,0,none,baostock,query_history_k_data_plus
600346,SHSE.600346,,SH,A股-上交所,2023-01-30,17.16,17.4,17.08,17.12,16.9,24672372,425394967.54,1.3018,0.3505,1,0,none,baostock,query_history_k_data_plus
600346,SHSE.600346,,SH,A股-上交所,2023-01-31,16.64,17.78,16.5,17.52,17.12,50819304,882242742.58,2.3364,0.722,1,0,none,baostock,query_history_k_data_plus
600346,SHSE.600346,,SH,A股-上交所,2023-02-01,17.58,17.82,17.38,17.7,17.52,19726043,347148378.79,1.0274,0.2802,1,0,none,baostock,query_history_k_data_plus
600346,SHSE.600346,,SH,A股-上交所,2023-02-02,17.63,17.87,17.55,17.8,17.7,17856451,316784626.79,0.565,0.2537,1,0,none,baostock,query_history_k_data_plus
600346,SHSE.600346,,SH,A股-上交所,2023-02-03,17.81,17.81,17.3,17.5,17.8,17913361,312954874.02,-1.6854,0.2545,1,0,none,baostock,query_history_k_data_plus
600346,SHSE.600346,,SH,A股-上交所,2023-02-06,17.42,17.44,17.01,17.11,17.5,15030220,257126796.16,-2.2286,0.2135,1,0,none,baostock,query_history_k_data_plus
600346,SHSE.600346,,SH,A股-上交所,2023-02-07,17.2,17.23,17.04,17.12,17.11,6535382,111856565.9,0.0584,0.0928,1,0,none,baostock,query_history_k_data_plus
600346,SHSE.600346,,SH,A股-上交所,2023-02-08,17.19,17.25,17.02,17.04,17.12,6601556,112793681.64,-0.4673,0.0938,1,0,none,baostock,query_history_k_data_plus
600346,SHSE.600346,,SH,A股-上交所,2023-02-09,16.92,17.34,16.92,17.19,17.04,11046513,189951449.02,0.8803,0.1569,1,0,none,baostock,query_history_k_data_plus
600346,SHSE.600346,,SH,A股-上交所,2023-02-10,17.2,17.44,17.08,17.19,17.19,12045467,208086853.43,0.0,0.1711,1,0,none,baostock,query_history_k_data_plus
600346,SHSE.600346,,SH,A股-上交所,2023-02-13,17.23,17.7,17.05,17.63,17.19,20207215,353672871.92,2.5596,0.2871,1,0,none,baostock,query_history_k_data_plus
600346,SHSE.600346,,SH,A股-上交所,2023-02-14,17.7,18.43,17.65,18.1,17.63,30696794,556813186.48,2.6659,0.4361,1,0,none,baostock,query_history_k_data_plus
600346,SHSE.600346,,SH,A股-上交所,2023-02-15,18.11,18.28,17.99,18.01,18.1,16854160,305337485.32,-0.4972,0.2394,1,0,none,baostock,query_history_k_data_plus
600346,SHSE.600346,,SH,A股-上交所,2023-02-16,18.02,18.12,17.39,17.55,18.01,20835767,370471812.29,-2.5541,0.296,1,0,none,baostock,query_history_k_data_plus
600346,SHSE.600346,,SH,A股-上交所,2023-02-17,17.51,18.08,17.5,17.77,17.55,22415675,400538544.82,1.2536,0.3184,1,0,none,baostock,query_history_k_data_plus
600346,SHSE.600346,,SH,A股-上交所,2023-02-20,17.85,18.26,17.71,18.22,17.77,30883864,559421649.14,2.5324,0.4387,1,0,none,baostock,query_history_k_data_plus
600346,SHSE.600346,,SH,A股-上交所,2023-02-21,18.2,18.39,18.05,18.23,18.22,15387196,280478077.03,0.0549,0.2186,1,0,none,baostock,query_history_k_data_plus
600346,SHSE.600346,,SH,A股-上交所,2023-02-22,18.19,18.27,17.93,18.04,18.23,11556692,208666492.88,-1.0422,0.1642,1,0,none,baostock,query_history_k_data_plus
600346,SHSE.600346,,SH,A股-上交所,2023-02-23,18.1,18.28,18.07,18.19,18.04,11408677,207372332.74,0.8315,0.1621,1,0,none,baostock,query_history_k_data_plus
600346,SHSE.600346,,SH,A股-上交所,2023-02-24,18.1,18.17,17.77,17.92,18.19,12028222,215318765.08,-1.4843,0.1709,1,0,none,baostock,query_history_k_data_plus
600346,SHSE.600346,,SH,A股-上交所,2023-02-27,17.8,18.0,17.7,17.74,17.92,10299898,183318393.26,-1.0045,0.1463,1,0,none,baostock,query_history_k_data_plus
600346,SHSE.600346,,SH,A股-上交所,2023-02-28,17.73,17.84,17.33,17.65,17.74,20021996,350529033.56,-0.5073,0.2844,1,0,none,baostock,query_history_k_data_plus
600346,SHSE.600346,,SH,A股-上交所,2023-03-01,17.78,17.83,17.63,17.72,17.65,11160411,197907283.95,0.3966,0.1585,1,0,none,baostock,query_history_k_data_plus
600346,SHSE.600346,,SH,A股-上交所,2023-03-02,17.7,18.06,17.52,17.91,17.72,20571108,367587633.21,1.0722,0.2922,1,0,none,baostock,query_history_k_data_plus
600346,SHSE.600346,,SH,A股-上交所,2023-03-03,17.88,18.29,17.85,18.04,17.91,20053958,362304132.76,0.7259,0.2849,1,0,none,baostock,query_history_k_data_plus
600346,SHSE.600346,,SH,A股-上交所,2023-03-06,18.05,18.2,17.6,17.64,18.04,20705736,366595047.93,-2.2173,0.2942,1,0,none,baostock,query_history_k_data_plus
600346,SHSE.600346,,SH,A股-上交所,2023-03-07,17.66,18.08,17.44,17.5,17.64,17978667,318398456.19,-0.7937,0.2554,1,0,none,baostock,query_history_k_data_plus
600346,SHSE.600346,,SH,A股-上交所,2023-03-08,17.45,17.46,17.22,17.35,17.5,11190746,193770579.35,-0.8571,0.159,1,0,none,baostock,query_history_k_data_plus
600346,SHSE.600346,,SH,A股-上交所,2023-03-09,17.28,17.43,17.03,17.12,17.35,9097867,156582479.03,-1.3256,0.1292,1,0,none,baostock,query_history_k_data_plus
600346,SHSE.600346,,SH,A股-上交所,2023-03-10,17.09,17.1,16.66,16.71,17.12,11945432,201023698.51,-2.3949,0.1697,1,0,none,baostock,query_history_k_data_plus
600346,SHSE.600346,,SH,A股-上交所,2023-03-13,16.68,17.42,16.68,16.93,16.71,15747163,268916098.4,1.3166,0.2237,1,0,none,baostock,query_history_k_data_plus
600346,SHSE.600346,,SH,A股-上交所,2023-03-14,16.5,16.93,16.4,16.53,16.93,10629901,176419128.4,-2.3627,0.151,1,0,none,baostock,query_history_k_data_plus
600346,SHSE.600346,,SH,A股-上交所,2023-03-15,16.56,16.75,16.5,16.53,16.53,8108604,134804838.96,0.0,0.1152,1,0,none,baostock,query_history_k_data_plus
600346,SHSE.600346,,SH,A股-上交所,2023-03-16,16.42,16.6,16.16,16.25,16.53,9321843,152544176.01,-1.6939,0.1324,1,0,none,baostock,query_history_k_data_plus
600346,SHSE.600346,,SH,A股-上交所,2023-03-17,16.57,16.65,16.2,16.3,16.25,11423775,187500401.16,0.3077,0.1623,1,0,none,baostock,query_history_k_data_plus
600346,SHSE.600346,,SH,A股-上交所,2023-03-20,16.48,16.85,16.14,16.23,16.3,12428643,203086439.12,-0.4294,0.1766,1,0,none,baostock,query_history_k_data_plus
600346,SHSE.600346,,SH,A股-上交所,2023-03-21,16.08,16.33,16.08,16.23,16.23,7934584,128581546.07,0.0,0.1127,1,0,none,baostock,query_history_k_data_plus
600346,SHSE.600346,,SH,A股-上交所,2023-03-22,16.32,16.43,15.97,16.07,16.23,13642969,220744613.78,-0.9858,0.1938,1,0,none,baostock,query_history_k_data_plus
600346,SHSE.600346,,SH,A股-上交所,2023-03-23,16.05,16.07,15.72,15.84,16.07,19829840,313929104.04,-1.4312,0.2817,1,0,none,baostock,query_history_k_data_plus
600346,SHSE.600346,,SH,A股-上交所,2023-03-24,15.9,15.92,15.6,15.86,15.84,16536686,261346578.41,0.1263,0.2349,1,0,none,baostock,query_history_k_data_plus
600346,SHSE.600346,,SH,A股-上交所,2023-03-27,15.89,16.31,15.7,16.17,15.86,27735202,446254946.69,1.9546,0.394,1,0,none,baostock,query_history_k_data_plus
600346,SHSE.600346,,SH,A股-上交所,2023-03-28,17.79,17.79,16.94,17.29,16.17,72351356,1254748532.95,6.9264,1.0278,1,0,none,baostock,query_history_k_data_plus
600346,SHSE.600346,,SH,A股-上交所,2023-03-29,17.14,17.34,16.33,16.38,17.29,46413068,770759930.75,-5.2632,0.6594,1,0,none,baostock,query_history_k_data_plus
600346,SHSE.600346,,SH,A股-上交所,2023-03-30,16.4,16.4,15.88,16.2,16.38,26854178,432886173.73,-1.0989,0.3815,1,0,none,baostock,query_history_k_data_plus
600346,SHSE.600346,,SH,A股-上交所,2023-03-31,16.18,16.48,16.15,16.2,16.2,14687199,239645885.52,0.0,0.2087,1,0,none,baostock,query_history_k_data_plus
600346,SHSE.600346,,SH,A股-上交所,2023-04-03,16.25,16.48,16.02,16.15,16.2,23367262,378283387.58,-0.3086,0.332,1,0,none,baostock,query_history_k_data_plus
600346,SHSE.600346,,SH,A股-上交所,2023-04-04,16.15,16.25,15.9,15.99,16.15,19240708,307308125.48,-0.9907,0.2733,1,0,none,baostock,query_history_k_data_plus
600346,SHSE.600346,,SH,A股-上交所,2023-04-06,15.84,15.99,15.81,15.89,15.99,10853254,172173761.44,-0.6254,0.1542,1,0,none,baostock,query_history_k_data_plus
600346,SHSE.600346,,SH,A股-上交所,2023-04-07,15.83,16.36,15.83,16.18,15.89,19412479,313112212.33,1.825,0.2758,1,0,none,baostock,query_history_k_data_plus
600346,SHSE.600346,,SH,A股-上交所,2023-04-10,16.15,16.55,16.0,16.26,16.18,21995974,360073049.24,0.4944,0.3125,1,0,none,baostock,query_history_k_data_plus
600346,SHSE.600346,,SH,A股-上交所,2023-04-11,16.35,17.38,16.35,17.27,16.26,59258487,1004510588.68,6.2116,0.8418,1,0,none,baostock,query_history_k_data_plus
600346,SHSE.600346,,SH,A股-上交所,2023-04-12,17.23,17.45,16.99,17.36,17.27,28157869,485050730.07,0.5211,0.4,1,0,none,baostock,query_history_k_data_plus
600346,SHSE.600346,,SH,A股-上交所,2023-04-13,17.49,17.49,17.19,17.29,17.36,19448519,336348371.29,-0.4032,0.2763,1,0,none,baostock,query_history_k_data_plus
600346,SHSE.600346,,SH,A股-上交所,2023-04-14,17.3,17.35,16.85,16.98,17.29,21372975,363311481.24,-1.7929,0.3036,1,0,none,baostock,query_history_k_data_plus
600346,SHSE.600346,,SH,A股-上交所,2023-04-17,16.99,17.37,16.86,17.24,16.98,25104242,429169820.44,1.5312,0.3566,1,0,none,baostock,query_history_k_data_plus
600346,SHSE.600346,,SH,A股-上交所,2023-04-18,17.21,17.38,17.09,17.28,17.24,16563402,286122449.78,0.232,0.2353,1,0,none,baostock,query_history_k_data_plus
600346,SHSE.600346,,SH,A股-上交所,2023-04-19,17.1,17.22,16.94,16.99,17.28,12743343,217163498.02,-1.6782,0.181,1,0,none,baostock,query_history_k_data_plus
600346,SHSE.600346,,SH,A股-上交所,2023-04-20,16.86,16.9,16.38,16.49,16.99,25479114,421566709.94,-2.9429,0.362,1,0,none,baostock,query_history_k_data_plus
600346,SHSE.600346,,SH,A股-上交所,2023-04-21,16.41,16.55,16.06,16.1,16.49,17044837,277119339.87,-2.3651,0.2421,1,0,none,baostock,query_history_k_data_plus
600346,SHSE.600346,,SH,A股-上交所,2023-04-24,16.1,16.1,15.71,15.82,16.1,15699077,249137267.41,-1.7391,0.223,1,0,none,baostock,query_history_k_data_plus
600346,SHSE.600346,,SH,A股-上交所,2023-04-25,15.83,15.93,15.37,15.58,15.82,13279409,206831145.19,-1.5171,0.1887,1,0,none,baostock,query_history_k_data_plus
600346,SHSE.600346,,SH,A股-上交所,2023-04-26,15.49,15.96,15.28,15.71,15.58,13237622,208510125.63,0.8344,0.1881,1,0,none,baostock,query_history_k_data_plus
600346,SHSE.600346,,SH,A股-上交所,2023-04-27,15.71,16.15,15.1,15.86,15.71,31889904,499534530.86,0.9548,0.453,1,0,none,baostock,query_history_k_data_plus
600346,SHSE.600346,,SH,A股-上交所,2023-04-28,16.1,16.29,15.56,15.8,15.86,21426818,337733041.32,-0.3783,0.3044,1,0,none,baostock,query_history_k_data_plus
600346,SHSE.600346,,SH,A股-上交所,2023-05-04,15.6,15.72,15.39,15.43,15.8,15927175,246592945.36,-2.3418,0.2263,1,0,none,baostock,query_history_k_data_plus
600346,SHSE.600346,,SH,A股-上交所,2023-05-05,15.49,15.53,15.13,15.43,15.43,12694181,194762237.02,0.0,0.1803,1,0,none,baostock,query_history_k_data_plus
600346,SHSE.600346,,SH,A股-上交所,2023-05-08,15.45,15.56,15.36,15.4,15.43,10380477,160231541.0,-0.1944,0.1475,1,0,none,baostock,query_history_k_data_plus
600346,SHSE.600346,,SH,A股-上交所,2023-05-09,15.36,15.45,15.18,15.18,15.4,12319534,188372276.54,-1.4286,0.175,1,0,none,baostock,query_history_k_data_plus
600346,SHSE.600346,,SH,A股-上交所,2023-05-10,15.19,15.42,15.12,15.28,15.18,10902834,166779572.91,0.6588,0.1549,1,0,none,baostock,query_history_k_data_plus
600346,SHSE.600346,,SH,A股-上交所,2023-05-11,15.2,15.28,15.1,15.16,15.28,12151736,184137253.6,-0.7853,0.1726,1,0,none,baostock,query_history_k_data_plus
600346,SHSE.600346,,SH,A股-上交所,2023-05-12,15.17,15.22,14.93,15.03,15.16,11611608,174565025.11,-0.8575,0.165,1,0,none,baostock,query_history_k_data_plus
600346,SHSE.600346,,SH,A股-上交所,2023-05-15,15.0,15.18,14.9,15.16,15.03,9285958,139704464.53,0.8649,0.1319,1,0,none,baostock,query_history_k_data_plus
600346,SHSE.600346,,SH,A股-上交所,2023-05-16,15.16,15.29,15.15,15.27,15.16,8110303,123610075.74,0.7256,0.1152,1,0,none,baostock,query_history_k_data_plus
600346,SHSE.600346,,SH,A股-上交所,2023-05-17,15.18,15.38,15.17,15.25,15.27,7770360,118748356.06,-0.131,0.1104,1,0,none,baostock,query_history_k_data_plus
600346,SHSE.600346,,SH,A股-上交所,2023-05-18,15.26,15.32,14.93,15.12,15.25,11943566,180057073.24,-0.8525,0.1697,1,0,none,baostock,query_history_k_data_plus
600346,SHSE.600346,,SH,A股-上交所,2023-05-19,15.11,15.18,14.87,15.16,15.12,12813937,191867818.56,0.2646,0.182,1,0,none,baostock,query_history_k_data_plus
600346,SHSE.600346,,SH,A股-上交所,2023-05-22,15.07,15.96,14.95,15.96,15.16,28293815,438756157.74,5.277,0.402,1,0,none,baostock,query_history_k_data_plus
600346,SHSE.600346,,SH,A股-上交所,2023-05-23,15.72,15.87,15.5,15.51,15.96,13953154,218485547.83,-2.8195,0.1982,1,0,none,baostock,query_history_k_data_plus
600346,SHSE.600346,,SH,A股-上交所,2023-05-24,15.49,15.55,15.23,15.28,15.51,10936705,168292392.4,-1.4829,0.1554,1,0,none,baostock,query_history_k_data_plus
600346,SHSE.600346,,SH,A股-上交所,2023-05-25,15.18,15.42,15.14,15.32,15.28,8042215,122722197.34,0.2618,0.1143,1,0,none,baostock,query_history_k_data_plus
600346,SHSE.600346,,SH,A股-上交所,2023-05-26,15.26,15.5,15.1,15.35,15.32,7899141,120982704.54,0.1958,0.1122,1,0,none,baostock,query_history_k_data_plus
600346,SHSE.600346,,SH,A股-上交所,2023-05-29,15.31,15.68,15.28,15.46,15.35,11218328,173923780.13,0.7166,0.1594,1,0,none,baostock,query_history_k_data_plus
600346,SHSE.600346,,SH,A股-上交所,2023-05-30,15.44,15.65,15.21,15.47,15.46,9477971,146452293.58,0.0647,0.1346,1,0,none,baostock,query_history_k_data_plus
600346,SHSE.600346,,SH,A股-上交所,2023-05-31,15.46,15.79,15.31,15.79,15.47,10653268,165492204.84,2.0685,0.1513,1,0,none,baostock,query_history_k_data_plus
600346,SHSE.600346,,SH,A股-上交所,2023-06-01,15.6,15.83,15.55,15.65,15.79,8291631,130174212.57,-0.8866,0.1178,1,0,none,baostock,query_history_k_data_plus
600346,SHSE.600346,,SH,A股-上交所,2023-06-02,15.7,15.84,15.66,15.8,15.65,11229532,177089201.56,0.9585,0.1595,1,0,none,baostock,query_history_k_data_plus
600346,SHSE.600346,,SH,A股-上交所,2023-06-05,15.8,15.8,15.0,15.19,15.8,25302983,387124174.22,-3.8608,0.3595,1,0,none,baostock,query_history_k_data_plus
600346,SHSE.600346,,SH,A股-上交所,2023-06-06,15.15,15.46,15.1,15.15,15.19,11721228,178660535.54,-0.2633,0.1665,1,0,none,baostock,query_history_k_data_plus
600346,SHSE.600346,,SH,A股-上交所,2023-06-07,15.15,15.3,14.35,14.65,15.15,35651944,520747825.9,-3.3003,0.5065,1,0,none,baostock,query_history_k_data_plus
600346,SHSE.600346,,SH,A股-上交所,2023-06-08,14.55,14.58,14.25,14.49,14.65,23030239,332154651.99,-1.0922,0.3272,1,0,none,baostock,query_history_k_data_plus
600346,SHSE.600346,,SH,A股-上交所,2023-06-09,14.41,14.51,14.1,14.1,14.49,44327569,629304612.58,-2.6915,0.6297,1,0,none,baostock,query_history_k_data_plus
600346,SHSE.600346,,SH,A股-上交所,2023-06-12,14.26,14.35,13.97,14.27,14.1,26587729,377517466.82,1.2057,0.3777,1,0,none,baostock,query_history_k_data_plus
600346,SHSE.600346,,SH,A股-上交所,2023-06-13,14.23,14.41,14.16,14.3,14.27,14054334,200753231.94,0.2102,0.1997,1,0,none,baostock,query_history_k_data_plus
600346,SHSE.600346,,SH,A股-上交所,2023-06-14,14.31,14.8,14.25,14.67,14.3,25284648,369744449.07,2.5874,0.3592,1,0,none,baostock,query_history_k_data_plus
600346,SHSE.600346,,SH,A股-上交所,2023-06-15,14.69,14.82,14.5,14.8,14.67,15167966,222504578.32,0.8862,0.2155,1,0,none,baostock,query_history_k_data_plus
600346,SHSE.600346,,SH,A股-上交所,2023-06-16,14.8,14.88,14.56,14.69,14.8,14642002,214897218.16,-0.7432,0.208,1,0,none,baostock,query_history_k_data_plus
600346,SHSE.600346,,SH,A股-上交所,2023-06-19,14.64,14.74,14.49,14.59,14.69,15007223,218932645.2,-0.6807,0.2132,1,0,none,baostock,query_history_k_data_plus
600346,SHSE.600346,,SH,A股-上交所,2023-06-20,14.63,14.63,14.42,14.48,14.59,9805360,142030837.14,-0.7539,0.1393,1,0,none,baostock,query_history_k_data_plus
600346,SHSE.600346,,SH,A股-上交所,2023-06-21,14.38,14.7,14.26,14.26,14.48,10754622,155067212.09,-1.5193,0.1528,1,0,none,baostock,query_history_k_data_plus
600346,SHSE.600346,,SH,A股-上交所,2023-06-26,14.26,14.4,14.09,14.25,14.26,12434500,176887691.0,-0.0701,0.1766,1,0,none,baostock,query_history_k_data_plus
600346,SHSE.600346,,SH,A股-上交所,2023-06-27,14.26,14.67,14.21,14.55,14.25,17186742,248873584.7,2.1053,0.2442,1,0,none,baostock,query_history_k_data_plus
600346,SHSE.600346,,SH,A股-上交所,2023-06-28,14.51,14.59,14.35,14.48,14.55,8936896,129150414.92,-0.4811,0.127,1,0,none,baostock,query_history_k_data_plus
600346,SHSE.600346,,SH,A股-上交所,2023-06-29,14.45,14.5,14.23,14.26,14.48,12332775,176273952.95,-1.5193,0.1752,1,0,none,baostock,query_history_k_data_plus
600346,SHSE.600346,,SH,A股-上交所,2023-06-30,14.2,14.44,14.2,14.33,14.26,12521965,179448513.73,0.4909,0.1779,1,0,none,baostock,query_history_k_data_plus
600346,SHSE.600346,,SH,A股-上交所,2023-07-03,14.38,14.65,14.34,14.47,14.33,19581266,284095004.85,0.977,0.2782,1,0,none,baostock,query_history_k_data_plus
600346,SHSE.600346,,SH,A股-上交所,2023-07-04,14.48,14.5,14.3,14.4,14.47,10887642,156448139.58,-0.4838,0.1547,1,0,none,baostock,query_history_k_data_plus
600346,SHSE.600346,,SH,A股-上交所,2023-07-05,14.55,14.77,14.42,14.64,14.4,19202009,280368186.08,1.6667,0.2728,1,0,none,baostock,query_history_k_data_plus
600346,SHSE.600346,,SH,A股-上交所,2023-07-06,14.62,14.66,14.4,14.48,14.64,11736326,169804571.44,-1.0929,0.1667,1,0,none,baostock,query_history_k_data_plus
600346,SHSE.600346,,SH,A股-上交所,2023-07-07,14.47,14.63,14.44,14.51,14.48,9810528,142804782.84,0.2072,0.1394,1,0,none,baostock,query_history_k_data_plus
600346,SHSE.600346,,SH,A股-上交所,2023-07-10,14.61,14.7,14.47,14.61,14.51,13850253,201899694.33,0.6892,0.1968,1,0,none,baostock,query_history_k_data_plus
600346,SHSE.600346,,SH,A股-上交所,2023-07-11,14.69,14.73,14.51,14.7,14.61,12494622,183073292.53,0.616,0.1775,1,0,none,baostock,query_history_k_data_plus
600346,SHSE.600346,,SH,A股-上交所,2023-07-12,14.71,15.04,14.63,14.92,14.7,26620617,396590049.23,1.4966,0.3782,1,0,none,baostock,query_history_k_data_plus
600346,SHSE.600346,,SH,A股-上交所,2023-07-13,14.9,15.03,14.77,14.99,14.92,24095027,360029242.73,0.4692,0.3423,1,0,none,baostock,query_history_k_data_plus
600346,SHSE.600346,,SH,A股-上交所,2023-07-14,15.01,15.11,14.91,15.03,14.99,16036308,240615024.1,0.2668,0.2278,1,0,none,baostock,query_history_k_data_plus
600346,SHSE.600346,,SH,A股-上交所,2023-07-17,15.15,15.2,14.78,14.92,15.03,14863600,222385003.0,-0.7319,0.2112,1,0,none,baostock,query_history_k_data_plus
600346,SHSE.600346,,SH,A股-上交所,2023-07-18,14.92,14.94,14.7,14.87,14.92,12771593,189345238.57,-0.3351,0.1814,1,0,none,baostock,query_history_k_data_plus
600346,SHSE.600346,,SH,A股-上交所,2023-07-19,14.86,14.94,14.76,14.9,14.87,8001780,118740359.93,0.2017,0.1137,1,0,none,baostock,query_history_k_data_plus
600346,SHSE.600346,,SH,A股-上交所,2023-07-20,14.88,15.09,14.8,14.82,14.9,13207470,197383397.87,-0.5369,0.1876,1,0,none,baostock,query_history_k_data_plus
600346,SHSE.600346,,SH,A股-上交所,2023-07-21,14.84,14.94,14.68,14.79,14.82,9757650,144412432.19,-0.2024,0.1386,1,0,none,baostock,query_history_k_data_plus
600346,SHSE.600346,,SH,A股-上交所,2023-07-24,14.8,14.8,14.54,14.59,14.79,10624851,155690829.32,-1.3523,0.1509,1,0,none,baostock,query_history_k_data_plus
600346,SHSE.600346,,SH,A股-上交所,2023-07-25,14.7,15.04,14.7,14.93,14.59,17237831,257192960.67,2.3304,0.2449,1,0,none,baostock,query_history_k_data_plus
600346,SHSE.600346,,SH,A股-上交所,2023-07-26,14.88,15.09,14.87,14.99,14.93,10883884,163131097.49,0.4019,0.1546,1,0,none,baostock,query_history_k_data_plus
600346,SHSE.600346,,SH,A股-上交所,2023-07-27,15.04,15.62,14.95,15.22,14.99,20568581,315586805.4,1.5344,0.2922,1,0,none,baostock,query_history_k_data_plus
600346,SHSE.600346,,SH,A股-上交所,2023-07-28,15.18,15.48,15.12,15.39,15.22,13395210,205467472.72,1.117,0.1903,1,0,none,baostock,query_history_k_data_plus
600346,SHSE.600346,,SH,A股-上交所,2023-07-31,15.41,15.9,15.4,15.56,15.39,19966419,313275047.68,1.1046,0.2837,1,0,none,baostock,query_history_k_data_plus
600346,SHSE.600346,,SH,A股-上交所,2023-08-01,15.55,15.7,15.43,15.56,15.56,14501684,225761811.37,0.0,0.206,1,0,none,baostock,query_history_k_data_plus
600346,SHSE.600346,,SH,A股-上交所,2023-08-02,15.46,15.52,15.26,15.34,15.56,14447890,222008310.28,-1.4139,0.2053,1,0,none,baostock,query_history_k_data_plus
600346,SHSE.600346,,SH,A股-上交所,2023-08-03,15.26,15.46,15.24,15.45,15.34,9916021,152526967.01,0.7171,0.1409,1,0,none,baostock,query_history_k_data_plus
600346,SHSE.600346,,SH,A股-上交所,2023-08-04,15.46,15.63,15.27,15.32,15.45,12954927,199577033.3,-0.8414,0.184,1,0,none,baostock,query_history_k_data_plus
600346,SHSE.600346,,SH,A股-上交所,2023-08-07,15.3,15.3,15.08,15.19,15.32,8339420,126548913.49,-0.8486,0.1185,1,0,none,baostock,query_history_k_data_plus
600346,SHSE.600346,,SH,A股-上交所,2023-08-08,15.2,15.31,15.06,15.27,15.19,8092819,122948951.97,0.5267,0.115,1,0,none,baostock,query_history_k_data_plus
600346,SHSE.600346,,SH,A股-上交所,2023-08-09,15.26,15.26,15.08,15.14,15.27,8743673,132442892.68,-0.8513,0.1242,1,0,none,baostock,query_history_k_data_plus
600346,SHSE.600346,,SH,A股-上交所,2023-08-10,15.14,15.4,15.09,15.33,15.14,8443300,128985467.93,1.255,0.1199,1,0,none,baostock,query_history_k_data_plus
600346,SHSE.600346,,SH,A股-上交所,2023-08-11,15.3,15.32,14.9,15.0,15.33,13111220,197386413.29,-2.1526,0.1863,1,0,none,baostock,query_history_k_data_plus
600346,SHSE.600346,,SH,A股-上交所,2023-08-14,14.91,15.03,14.7,14.99,15.0,9795230,145697714.22,-0.0667,0.1392,1,0,none,baostock,query_history_k_data_plus
600346,SHSE.600346,,SH,A股-上交所,2023-08-15,15.04,15.2,14.91,15.03,14.99,10186160,153399069.4,0.2668,0.1447,1,0,none,baostock,query_history_k_data_plus
600346,SHSE.600346,,SH,A股-上交所,2023-08-16,14.95,15.07,14.84,14.88,15.03,7843690,116991615.2,-0.998,0.1114,1,0,none,baostock,query_history_k_data_plus
600346,SHSE.600346,,SH,A股-上交所,2023-08-17,14.77,14.87,14.58,14.71,14.88,11349481,166685143.45,-1.1425,0.1612,1,0,none,baostock,query_history_k_data_plus
600346,SHSE.600346,,SH,A股-上交所,2023-08-18,14.62,14.81,14.49,14.52,14.71,10211692,149116520.0,-1.2916,0.1451,1,0,none,baostock,query_history_k_data_plus
600346,SHSE.600346,,SH,A股-上交所,2023-08-21,14.46,14.6,14.32,14.35,14.52,10157183,146717708.22,-1.1708,0.1443,1,0,none,baostock,query_history_k_data_plus
600346,SHSE.600346,,SH,A股-上交所,2023-08-22,14.41,14.57,14.25,14.41,14.35,9487583,136607818.76,0.4181,0.1348,1,0,none,baostock,query_history_k_data_plus
600346,SHSE.600346,,SH,A股-上交所,2023-08-23,14.35,14.5,14.1,14.14,14.41,12520002,178174036.79,-1.8737,0.1779,1,0,none,baostock,query_history_k_data_plus
600346,SHSE.600346,,SH,A股-上交所,2023-08-24,14.09,14.21,13.99,14.09,14.14,10792548,152260878.28,-0.3536,0.1533,1,0,none,baostock,query_history_k_data_plus
600346,SHSE.600346,,SH,A股-上交所,2023-08-25,14.04,14.57,14.04,14.34,14.09,25937532,372213516.81,1.7743,0.3685,1,0,none,baostock,query_history_k_data_plus
600346,SHSE.600346,,SH,A股-上交所,2023-08-28,14.93,15.0,14.49,14.5,14.34,19083197,279710593.23,1.1158,0.2711,1,0,none,baostock,query_history_k_data_plus
600346,SHSE.600346,,SH,A股-上交所,2023-08-29,14.5,14.6,14.38,14.47,14.5,16012018,231710562.63,-0.2069,0.2275,1,0,none,baostock,query_history_k_data_plus
600346,SHSE.600346,,SH,A股-上交所,2023-08-30,14.43,14.62,14.37,14.43,14.47,9595309,139056477.51,-0.2764,0.1363,1,0,none,baostock,query_history_k_data_plus
600346,SHSE.600346,,SH,A股-上交所,2023-08-31,14.44,14.49,14.32,14.36,14.43,8777433,126199611.33,-0.4851,0.1247,1,0,none,baostock,query_history_k_data_plus
600346,SHSE.600346,,SH,A股-上交所,2023-09-01,14.39,14.61,14.3,14.55,14.36,11691058,169793497.82,1.3231,0.1661,1,0,none,baostock,query_history_k_data_plus
600346,SHSE.600346,,SH,A股-上交所,2023-09-04,14.63,15.12,14.55,14.97,14.55,18012201,268300789.58,2.8866,0.2559,1,0,none,baostock,query_history_k_data_plus
600346,SHSE.600346,,SH,A股-上交所,2023-09-05,15.05,15.1,14.87,15.05,14.97,14444933,216621231.65,0.5344,0.2052,1,0,none,baostock,query_history_k_data_plus
600346,SHSE.600346,,SH,A股-上交所,2023-09-06,15.05,15.35,14.96,15.22,15.05,16164447,244798433.59,1.1296,0.2296,1,0,none,baostock,query_history_k_data_plus
600346,SHSE.600346,,SH,A股-上交所,2023-09-07,15.22,15.28,15.06,15.08,15.22,13771641,208671871.38,-0.9198,0.1956,1,0,none,baostock,query_history_k_data_plus
600346,SHSE.600346,,SH,A股-上交所,2023-09-08,15.1,15.12,14.91,14.97,15.08,7946864,119159062.81,-0.7294,0.1129,1,0,none,baostock,query_history_k_data_plus
600346,SHSE.600346,,SH,A股-上交所,2023-09-11,14.94,15.22,14.94,14.98,14.97,12055492,181477308.68,0.0668,0.1713,1,0,none,baostock,query_history_k_data_plus
600346,SHSE.600346,,SH,A股-上交所,2023-09-12,15.0,15.06,14.93,15.02,14.98,9450435,141760755.73,0.267,0.1343,1,0,none,baostock,query_history_k_data_plus
600346,SHSE.600346,,SH,A股-上交所,2023-09-13,15.01,15.1,14.88,14.97,15.02,8126517,121675656.0,-0.3329,0.1154,1,0,none,baostock,query_history_k_data_plus
600346,SHSE.600346,,SH,A股-上交所,2023-09-14,14.97,15.05,14.85,14.94,14.97,7871240,117455233.8,-0.2004,0.1118,1,0,none,baostock,query_history_k_data_plus
600346,SHSE.600346,,SH,A股-上交所,2023-09-15,14.94,15.0,14.7,14.8,14.94,9816004,145501102.2,-0.9371,0.1394,1,0,none,baostock,query_history_k_data_plus
600346,SHSE.600346,,SH,A股-上交所,2023-09-18,14.77,14.81,14.6,14.78,14.8,6039529,88995315.61,-0.1351,0.0858,1,0,none,baostock,query_history_k_data_plus
600346,SHSE.600346,,SH,A股-上交所,2023-09-19,14.77,14.84,14.68,14.83,14.78,6558865,97059283.83,0.3383,0.0932,1,0,none,baostock,query_history_k_data_plus
600346,SHSE.600346,,SH,A股-上交所,2023-09-20,14.76,14.88,14.74,14.78,14.83,4590083,67950903.09,-0.3372,0.0652,1,0,none,baostock,query_history_k_data_plus
600346,SHSE.600346,,SH,A股-上交所,2023-09-21,14.71,14.8,14.6,14.63,14.78,6908800,101330751.0,-1.0149,0.0981,1,0,none,baostock,query_history_k_data_plus
600346,SHSE.600346,,SH,A股-上交所,2023-09-22,14.66,14.78,14.47,14.55,14.63,9366813,136276614.1,-0.5468,0.1331,1,0,none,baostock,query_history_k_data_plus
600346,SHSE.600346,,SH,A股-上交所,2023-09-25,14.54,14.68,14.44,14.57,14.55,8924295,130138175.42,0.1375,0.1268,1,0,none,baostock,query_history_k_data_plus
600346,SHSE.600346,,SH,A股-上交所,2023-09-26,14.63,14.65,14.4,14.46,14.57,7402044,107268327.64,-0.755,0.1052,1,0,none,baostock,query_history_k_data_plus
600346,SHSE.600346,,SH,A股-上交所,2023-09-27,14.41,14.63,14.41,14.46,14.46,6338340,91989544.0,0.0,0.09,1,0,none,baostock,query_history_k_data_plus
600346,SHSE.600346,,SH,A股-上交所,2023-09-28,14.58,14.6,14.33,14.4,14.46,11007007,158639864.92,-0.4149,0.1564,1,0,none,baostock,query_history_k_data_plus
600346,SHSE.600346,,SH,A股-上交所,2023-10-09,14.33,14.43,14.21,14.37,14.4,8291326,118756217.12,-0.2083,0.1178,1,0,none,baostock,query_history_k_data_plus
600346,SHSE.600346,,SH,A股-上交所,2023-10-10,14.4,14.54,14.26,14.29,14.37,7913714,113842340.8,-0.5567,0.1124,1,0,none,baostock,query_history_k_data_plus
600346,SHSE.600346,,SH,A股-上交所,2023-10-11,14.32,14.37,14.21,14.27,14.29,11535146,164440440.4,-0.14,0.1639,1,0,none,baostock,query_history_k_data_plus
600346,SHSE.600346,,SH,A股-上交所,2023-10-12,14.28,14.37,14.21,14.3,14.27,10989063,157065387.36,0.2102,0.1561,1,0,none,baostock,query_history_k_data_plus
600346,SHSE.600346,,SH,A股-上交所,2023-10-13,14.23,14.3,14.2,14.3,14.3,10639530,151537084.4,0.0,0.1511,1,0,none,baostock,query_history_k_data_plus
600346,SHSE.600346,,SH,A股-上交所,2023-10-16,14.33,14.36,14.11,14.16,14.3,11462297,162533027.52,-0.979,0.1628,1,0,none,baostock,query_history_k_data_plus
600346,SHSE.600346,,SH,A股-上交所,2023-10-17,14.16,14.35,14.09,14.22,14.16,8791195,125090720.93,0.4237,0.1249,1,0,none,baostock,query_history_k_data_plus
600346,SHSE.600346,,SH,A股-上交所,2023-10-18,14.22,14.4,14.1,14.32,14.22,20722926,296739428.8,0.7032,0.2944,1,0,none,baostock,query_history_k_data_plus
600346,SHSE.600346,,SH,A股-上交所,2023-10-19,14.23,14.42,14.07,14.1,14.32,16156566,230107104.92,-1.5363,0.2295,1,0,none,baostock,query_history_k_data_plus
600346,SHSE.600346,,SH,A股-上交所,2023-10-20,14.02,14.07,13.73,13.86,14.1,14188583,196847013.84,-1.7021,0.2016,1,0,none,baostock,query_history_k_data_plus
600346,SHSE.600346,,SH,A股-上交所,2023-10-23,13.79,13.82,13.15,13.19,13.86,23720714,316249335.66,-4.8341,0.337,1,0,none,baostock,query_history_k_data_plus
600346,SHSE.600346,,SH,A股-上交所,2023-10-24,13.2,13.38,12.95,13.1,13.19,20006014,261189956.05,-0.6823,0.2842,1,0,none,baostock,query_history_k_data_plus
600346,SHSE.600346,,SH,A股-上交所,2023-10-25,13.2,13.54,13.19,13.47,13.1,14367280,192994198.73,2.8244,0.2041,1,0,none,baostock,query_history_k_data_plus
600346,SHSE.600346,,SH,A股-上交所,2023-10-26,13.39,13.67,13.39,13.64,13.47,10054460,136301957.83,1.2621,0.1428,1,0,none,baostock,query_history_k_data_plus
600346,SHSE.600346,,SH,A股-上交所,2023-10-27,13.58,14.0,13.58,13.97,13.64,13732670,190696285.34,2.4194,0.1951,1,0,none,baostock,query_history_k_data_plus
600346,SHSE.600346,,SH,A股-上交所,2023-10-30,14.2,14.62,14.09,14.56,13.97,31411252,455489775.18,4.2233,0.4462,1,0,none,baostock,query_history_k_data_plus
600346,SHSE.600346,,SH,A股-上交所,2023-10-31,14.55,14.74,14.45,14.64,14.56,18247410,266147181.63,0.5495,0.2592,1,0,none,baostock,query_history_k_data_plus
600346,SHSE.600346,,SH,A股-上交所,2023-11-01,14.63,14.92,14.52,14.81,14.64,19417671,287315500.49,1.1612,0.2759,1,0,none,baostock,query_history_k_data_plus
600346,SHSE.600346,,SH,A股-上交所,2023-11-02,14.81,14.89,14.72,14.76,14.81,14236330,210731932.79,-0.3376,0.2022,1,0,none,baostock,query_history_k_data_plus
600346,SHSE.600346,,SH,A股-上交所,2023-11-03,14.75,14.85,14.6,14.68,14.76,10479833,154254224.78,-0.542,0.1489,1,0,none,baostock,query_history_k_data_plus
600346,SHSE.600346,,SH,A股-上交所,2023-11-06,14.75,14.78,14.36,14.43,14.68,21370675,309536826.94,-1.703,0.3036,1,0,none,baostock,query_history_k_data_plus
600346,SHSE.600346,,SH,A股-上交所,2023-11-07,14.38,14.52,14.36,14.39,14.43,11319352,163362264.14,-0.2772,0.1608,1,0,none,baostock,query_history_k_data_plus
600346,SHSE.600346,,SH,A股-上交所,2023-11-08,14.44,14.44,14.11,14.24,14.39,12266960,174371217.2,-1.0424,0.1743,1,0,none,baostock,query_history_k_data_plus
600346,SHSE.600346,,SH,A股-上交所,2023-11-09,14.17,14.39,14.17,14.3,14.24,8399626,120412230.13,0.4213,0.1193,1,0,none,baostock,query_history_k_data_plus
600346,SHSE.600346,,SH,A股-上交所,2023-11-10,14.21,14.3,14.11,14.16,14.3,7074625,100282311.0,-0.979,0.1005,1,0,none,baostock,query_history_k_data_plus
600346,SHSE.600346,,SH,A股-上交所,2023-11-13,14.19,14.28,13.96,14.07,14.16,15076910,211546987.57,-0.6356,0.2142,1,0,none,baostock,query_history_k_data_plus
600346,SHSE.600346,,SH,A股-上交所,2023-11-14,14.07,14.17,14.03,14.13,14.07,8465012,119420227.38,0.4264,0.1203,1,0,none,baostock,query_history_k_data_plus
600346,SHSE.600346,,SH,A股-上交所,2023-11-15,14.22,14.3,14.15,14.2,14.13,8123308,115519421.48,0.4954,0.1154,1,0,none,baostock,query_history_k_data_plus
600346,SHSE.600346,,SH,A股-上交所,2023-11-16,14.18,14.25,14.06,14.1,14.2,6521901,92210247.94,-0.7042,0.0927,1,0,none,baostock,query_history_k_data_plus
600346,SHSE.600346,,SH,A股-上交所,2023-11-17,14.06,14.11,13.89,14.05,14.1,9699932,135798742.5,-0.3546,0.1378,1,0,none,baostock,query_history_k_data_plus
600346,SHSE.600346,,SH,A股-上交所,2023-11-20,14.07,14.14,13.92,13.95,14.05,9895930,138593978.02,-0.7117,0.1406,1,0,none,baostock,query_history_k_data_plus
600346,SHSE.600346,,SH,A股-上交所,2023-11-21,14.0,14.2,13.95,14.05,13.95,8315620,117345189.48,0.7168,0.1181,1,0,none,baostock,query_history_k_data_plus
600346,SHSE.600346,,SH,A股-上交所,2023-11-22,14.05,14.08,13.87,13.92,14.05,7140800,99572300.0,-0.9253,0.1014,1,0,none,baostock,query_history_k_data_plus
600346,SHSE.600346,,SH,A股-上交所,2023-11-23,13.88,14.06,13.83,13.98,13.92,6891522,96111546.66,0.431,0.0979,1,0,none,baostock,query_history_k_data_plus
600346,SHSE.600346,,SH,A股-上交所,2023-11-24,13.94,14.03,13.89,13.91,13.98,5281000,73673241.0,-0.5007,0.075,1,0,none,baostock,query_history_k_data_plus
600346,SHSE.600346,,SH,A股-上交所,2023-11-27,13.86,14.02,13.71,13.97,13.91,10646638,147868362.82,0.4313,0.1512,1,0,none,baostock,query_history_k_data_plus
600346,SHSE.600346,,SH,A股-上交所,2023-11-28,14.0,14.08,13.84,14.04,13.97,8964906,125478043.66,0.5011,0.1274,1,0,none,baostock,query_history_k_data_plus
600346,SHSE.600346,,SH,A股-上交所,2023-11-29,13.97,14.05,13.92,14.0,14.04,6896934,96413282.46,-0.2849,0.098,1,0,none,baostock,query_history_k_data_plus
600346,SHSE.600346,,SH,A股-上交所,2023-11-30,14.0,14.14,13.94,14.03,14.0,8785068,123422282.4,0.2143,0.1248,1,0,none,baostock,query_history_k_data_plus
600346,SHSE.600346,,SH,A股-上交所,2023-12-01,14.05,14.08,13.63,13.68,14.03,13052079,179736140.4,-2.4947,0.1854,1,0,none,baostock,query_history_k_data_plus
600346,SHSE.600346,,SH,A股-上交所,2023-12-04,13.69,13.85,13.61,13.72,13.68,9316317,127919583.22,0.2924,0.1324,1,0,none,baostock,query_history_k_data_plus
600346,SHSE.600346,,SH,A股-上交所,2023-12-05,13.71,13.83,13.51,13.52,13.72,8026369,109514450.07,-1.4577,0.114,1,0,none,baostock,query_history_k_data_plus
600346,SHSE.600346,,SH,A股-上交所,2023-12-06,13.52,13.62,13.42,13.5,13.52,6635015,89788175.1,-0.1479,0.0943,1,0,none,baostock,query_history_k_data_plus
600346,SHSE.600346,,SH,A股-上交所,2023-12-07,13.48,13.58,13.32,13.5,13.5,7851087,105625790.45,0.0,0.1115,1,0,none,baostock,query_history_k_data_plus
600346,SHSE.600346,,SH,A股-上交所,2023-12-08,13.5,13.62,13.36,13.4,13.5,9794507,131769665.09,-0.7407,0.1391,1,0,none,baostock,query_history_k_data_plus
600346,SHSE.600346,,SH,A股-上交所,2023-12-11,13.35,13.61,13.16,13.59,13.4,14829936,198701073.02,1.4179,0.2107,1,0,none,baostock,query_history_k_data_plus
600346,SHSE.600346,,SH,A股-上交所,2023-12-12,13.51,13.57,13.26,13.51,13.59,14320913,191726137.81,-0.5887,0.2034,1,0,none,baostock,query_history_k_data_plus
600346,SHSE.600346,,SH,A股-上交所,2023-12-13,13.5,13.65,13.2,13.21,13.51,12881240,171542486.0,-2.2206,0.183,1,0,none,baostock,query_history_k_data_plus
600346,SHSE.600346,,SH,A股-上交所,2023-12-14,13.27,13.3,13.1,13.12,13.21,9238840,121627580.48,-0.6813,0.1313,1,0,none,baostock,query_history_k_data_plus
600346,SHSE.600346,,SH,A股-上交所,2023-12-15,13.12,13.25,13.08,13.11,13.12,8415101,110679771.08,-0.0762,0.1195,1,0,none,baostock,query_history_k_data_plus
600346,SHSE.600346,,SH,A股-上交所,2023-12-18,13.15,13.15,12.88,13.02,13.11,9329277,121596332.62,-0.6865,0.1325,1,0,none,baostock,query_history_k_data_plus
600346,SHSE.600346,,SH,A股-上交所,2023-12-19,12.95,13.08,12.77,12.91,13.02,12359809,159102281.99,-0.8449,0.1756,1,0,none,baostock,query_history_k_data_plus
600346,SHSE.600346,,SH,A股-上交所,2023-12-20,12.95,12.99,12.63,12.66,12.91,12144747,155362039.75,-1.9365,0.1725,1,0,none,baostock,query_history_k_data_plus
600346,SHSE.600346,,SH,A股-上交所,2023-12-21,12.61,12.75,12.55,12.67,12.66,11046948,139887942.98,0.079,0.1569,1,0,none,baostock,query_history_k_data_plus
600346,SHSE.600346,,SH,A股-上交所,2023-12-22,12.65,12.77,12.5,12.74,12.67,14219889,179751433.09,0.5525,0.202,1,0,none,baostock,query_history_k_data_plus
600346,SHSE.600346,,SH,A股-上交所,2023-12-25,12.7,12.79,12.53,12.71,12.74,11570966,146334659.79,-0.2355,0.1644,1,0,none,baostock,query_history_k_data_plus
600346,SHSE.600346,,SH,A股-上交所,2023-12-26,12.73,12.79,12.65,12.72,12.71,9993563,127068469.5,0.0787,0.142,1,0,none,baostock,query_history_k_data_plus
600346,SHSE.600346,,SH,A股-上交所,2023-12-27,12.66,12.87,12.63,12.84,12.72,8208362,104789921.45,0.9434,0.1166,1,0,none,baostock,query_history_k_data_plus
600346,SHSE.600346,,SH,A股-上交所,2023-12-28,12.85,13.08,12.79,13.04,12.84,14228612,184496611.18,1.5576,0.2021,1,0,none,baostock,query_history_k_data_plus
600346,SHSE.600346,,SH,A股-上交所,2023-12-29,13.03,13.25,12.96,13.17,13.04,11547615,151346705.55,0.9969,0.164,1,0,none,baostock,query_history_k_data_plus
600346,SHSE.600346,,SH,A股-上交所,2024-01-02,13.18,13.27,13.11,13.17,13.17,10421313,137496990.76,0.0,0.148,1,0,none,baostock,query_history_k_data_plus
600346,SHSE.600346,,SH,A股-上交所,2024-01-03,13.19,13.23,13.12,13.19,13.17,9504857,125237113.5,0.1519,0.135,1,0,none,baostock,query_history_k_data_plus
600346,SHSE.600346,,SH,A股-上交所,2024-01-04,13.18,13.23,13.0,13.18,13.19,8657208,113575982.18,-0.0758,0.123,1,0,none,baostock,query_history_k_data_plus
600346,SHSE.600346,,SH,A股-上交所,2024-01-05,13.2,13.21,12.99,13.07,13.18,8942902,117114262.04,-0.8346,0.127,1,0,none,baostock,query_history_k_data_plus
600346,SHSE.600346,,SH,A股-上交所,2024-01-08,13.08,13.09,12.91,12.92,13.07,10035569,130246437.9,-1.1477,0.1426,1,0,none,baostock,query_history_k_data_plus
600346,SHSE.600346,,SH,A股-上交所,2024-01-09,12.88,13.03,12.71,12.97,12.92,8561964,110792093.64,0.387,0.1216,1,0,none,baostock,query_history_k_data_plus
600346,SHSE.600346,,SH,A股-上交所,2024-01-10,13.0,13.23,12.9,13.02,12.97,9156671,119730689.89,0.3855,0.1301,1,0,none,baostock,query_history_k_data_plus
600346,SHSE.600346,,SH,A股-上交所,2024-01-11,13.0,13.06,12.68,12.71,13.02,18620478,238299883.39,-2.381,0.2645,1,0,none,baostock,query_history_k_data_plus
600346,SHSE.600346,,SH,A股-上交所,2024-01-12,12.65,12.67,12.2,12.37,12.71,21309829,264276452.72,-2.6751,0.3027,1,0,none,baostock,query_history_k_data_plus
600346,SHSE.600346,,SH,A股-上交所,2024-01-15,12.25,12.37,12.06,12.07,12.37,22673433,277311991.55,-2.4252,0.3221,1,0,none,baostock,query_history_k_data_plus
600346,SHSE.600346,,SH,A股-上交所,2024-01-16,12.06,12.35,11.89,12.32,12.07,26649674,323546092.05,2.0713,0.3786,1,0,none,baostock,query_history_k_data_plus
600346,SHSE.600346,,SH,A股-上交所,2024-01-17,12.32,12.45,12.19,12.19,12.32,14612559,180368249.29,-1.0552,0.2076,1,0,none,baostock,query_history_k_data_plus
600346,SHSE.600346,,SH,A股-上交所,2024-01-18,12.06,12.32,11.84,12.18,12.19,21920574,263799250.37,-0.082,0.3114,1,0,none,baostock,query_history_k_data_plus
600346,SHSE.600346,,SH,A股-上交所,2024-01-19,12.19,12.34,12.08,12.24,12.18,11976580,146537720.64,0.4926,0.1701,1,0,none,baostock,query_history_k_data_plus
600346,SHSE.600346,,SH,A股-上交所,2024-01-22,12.24,12.26,11.8,11.91,12.24,16885911,203390164.13,-2.6961,0.2399,1,0,none,baostock,query_history_k_data_plus
600346,SHSE.600346,,SH,A股-上交所,2024-01-23,11.85,11.98,11.65,11.89,11.91,14102375,167081520.53,-0.1679,0.2003,1,0,none,baostock,query_history_k_data_plus
600346,SHSE.600346,,SH,A股-上交所,2024-01-24,11.98,12.02,11.67,12.0,11.89,12546136,149153446.48,0.9251,0.1782,1,0,none,baostock,query_history_k_data_plus
600346,SHSE.600346,,SH,A股-上交所,2024-01-25,11.96,12.41,11.92,12.4,12.0,14132807,173028492.57,3.3333,0.2008,1,0,none,baostock,query_history_k_data_plus
600346,SHSE.600346,,SH,A股-上交所,2024-01-26,12.4,12.7,12.36,12.62,12.4,13653580,171012007.79,1.7742,0.194,1,0,none,baostock,query_history_k_data_plus
600346,SHSE.600346,,SH,A股-上交所,2024-01-29,12.65,12.71,12.35,12.38,12.62,11779556,147216652.24,-1.9017,0.1673,1,0,none,baostock,query_history_k_data_plus
600346,SHSE.600346,,SH,A股-上交所,2024-01-30,12.35,12.46,12.02,12.04,12.38,16536785,201865978.3,-2.7464,0.2349,1,0,none,baostock,query_history_k_data_plus
600346,SHSE.600346,,SH,A股-上交所,2024-01-31,11.99,12.02,11.69,11.76,12.04,19755923,233550282.1,-2.3256,0.2807,1,0,none,baostock,query_history_k_data_plus
600346,SHSE.600346,,SH,A股-上交所,2024-02-01,11.7,11.99,11.64,11.79,11.76,17731618,209799209.39,0.2551,0.2519,1,0,none,baostock,query_history_k_data_plus
600346,SHSE.600346,,SH,A股-上交所,2024-02-02,11.8,11.89,11.15,11.47,11.79,25504953,295942136.11,-2.7142,0.3623,1,0,none,baostock,query_history_k_data_plus
600346,SHSE.600346,,SH,A股-上交所,2024-02-05,11.47,11.8,11.11,11.45,11.47,27752328,317791210.55,-0.1744,0.3943,1,0,none,baostock,query_history_k_data_plus
600346,SHSE.600346,,SH,A股-上交所,2024-02-06,11.44,12.08,11.37,12.05,11.45,31660049,375653628.69,5.2402,0.4498,1,0,none,baostock,query_history_k_data_plus
600346,SHSE.600346,,SH,A股-上交所,2024-02-07,12.08,12.32,11.92,12.22,12.05,33156759,401844877.71,1.4108,0.471,1,0,none,baostock,query_history_k_data_plus
600346,SHSE.600346,,SH,A股-上交所,2024-02-08,12.29,12.44,12.14,12.38,12.22,27897923,343811445.38,1.3093,0.3963,1,0,none,baostock,query_history_k_data_plus
600346,SHSE.600346,,SH,A股-上交所,2024-02-19,12.49,12.61,12.42,12.57,12.38,17787800,222479374.78,1.5347,0.2527,1,0,none,baostock,query_history_k_data_plus
600346,SHSE.600346,,SH,A股-上交所,2024-02-20,12.59,12.84,12.35,12.73,12.57,13651004,173367849.89,1.2729,0.1939,1,0,none,baostock,query_history_k_data_plus
600346,SHSE.600346,,SH,A股-上交所,2024-02-21,12.68,12.98,12.58,12.73,12.73,17323053,221938545.97,0.0,0.2461,1,0,none,baostock,query_history_k_data_plus
600346,SHSE.600346,,SH,A股-上交所,2024-02-22,12.73,12.92,12.7,12.78,12.73,13672093,175129782.11,0.3928,0.1942,1,0,none,baostock,query_history_k_data_plus
600346,SHSE.600346,,SH,A股-上交所,2024-02-23,12.78,12.83,12.64,12.73,12.78,11995509,152527478.93,-0.3912,0.1704,1,0,none,baostock,query_history_k_data_plus
600346,SHSE.600346,,SH,A股-上交所,2024-02-26,12.72,12.83,12.64,12.66,12.73,12430377,158192293.77,-0.5499,0.1766,1,0,none,baostock,query_history_k_data_plus
600346,SHSE.600346,,SH,A股-上交所,2024-02-27,12.68,12.75,12.6,12.72,12.66,12796357,162141822.33,0.4739,0.1818,1,0,none,baostock,query_history_k_data_plus
600346,SHSE.600346,,SH,A股-上交所,2024-02-28,12.72,12.94,12.51,12.51,12.72,19815814,251591849.21,-1.6509,0.2815,1,0,none,baostock,query_history_k_data_plus
600346,SHSE.600346,,SH,A股-上交所,2024-02-29,12.48,12.73,12.42,12.73,12.51,18745772,236198119.59,1.7586,0.2663,1,0,none,baostock,query_history_k_data_plus
600346,SHSE.600346,,SH,A股-上交所,2024-03-01,12.72,12.79,12.6,12.76,12.73,16450609,208979367.15,0.2357,0.2337,1,0,none,baostock,query_history_k_data_plus
600346,SHSE.600346,,SH,A股-上交所,2024-03-04,12.72,12.83,12.58,12.61,12.76,15304151,194006116.87,-1.1755,0.2174,1,0,none,baostock,query_history_k_data_plus
600346,SHSE.600346,,SH,A股-上交所,2024-03-05,12.61,12.7,12.48,12.54,12.61,19913870,250667440.59,-0.5551,0.2829,1,0,none,baostock,query_history_k_data_plus
600346,SHSE.600346,,SH,A股-上交所,2024-03-06,12.54,12.69,12.51,12.58,12.54,10795326,136021735.81,0.319,0.1534,1,0,none,baostock,query_history_k_data_plus
600346,SHSE.600346,,SH,A股-上交所,2024-03-07,12.6,13.09,12.6,12.79,12.58,18671582,240154305.51,1.6693,0.2653,1,0,none,baostock,query_history_k_data_plus
600346,SHSE.600346,,SH,A股-上交所,2024-03-08,12.8,12.94,12.65,12.72,12.79,16531750,210841643.84,-0.5473,0.2349,1,0,none,baostock,query_history_k_data_plus
600346,SHSE.600346,,SH,A股-上交所,2024-03-11,12.72,12.84,12.63,12.74,12.72,15301691,194313704.76,0.1572,0.2174,1,0,none,baostock,query_history_k_data_plus
600346,SHSE.600346,,SH,A股-上交所,2024-03-12,12.88,13.08,12.73,13.04,12.74,21416411,276646708.86,2.3548,0.3042,1,0,none,baostock,query_history_k_data_plus
600346,SHSE.600346,,SH,A股-上交所,2024-03-13,13.03,13.03,12.76,12.82,13.04,17564344,225409639.84,-1.6871,0.2495,1,0,none,baostock,query_history_k_data_plus
600346,SHSE.600346,,SH,A股-上交所,2024-03-14,12.72,13.06,12.72,12.89,12.82,14971840,193436023.8,0.546,0.2127,1,0,none,baostock,query_history_k_data_plus
600346,SHSE.600346,,SH,A股-上交所,2024-03-15,12.9,12.95,12.62,12.93,12.89,21251340,271617421.03,0.3103,0.3019,1,0,none,baostock,query_history_k_data_plus
600346,SHSE.600346,,SH,A股-上交所,2024-03-18,12.91,13.07,12.85,13.06,12.93,18252138,236695693.98,1.0054,0.2593,1,0,none,baostock,query_history_k_data_plus
600346,SHSE.600346,,SH,A股-上交所,2024-03-19,13.06,13.45,13.01,13.11,13.06,25355261,335206935.05,0.3828,0.3602,1,0,none,baostock,query_history_k_data_plus
600346,SHSE.600346,,SH,A股-上交所,2024-03-20,13.12,13.54,13.1,13.42,13.11,27712536,370729045.97,2.3646,0.3937,1,0,none,baostock,query_history_k_data_plus
600346,SHSE.600346,,SH,A股-上交所,2024-03-21,13.54,13.56,13.24,13.29,13.42,18605100,247754838.0,-0.9687,0.2643,1,0,none,baostock,query_history_k_data_plus
600346,SHSE.600346,,SH,A股-上交所,2024-03-22,13.28,13.55,13.26,13.34,13.29,20045422,268078109.15,0.3762,0.2848,1,0,none,baostock,query_history_k_data_plus
600346,SHSE.600346,,SH,A股-上交所,2024-03-25,13.26,13.45,13.2,13.23,13.34,14703518,195830004.2,-0.8246,0.2089,1,0,none,baostock,query_history_k_data_plus
600346,SHSE.600346,,SH,A股-上交所,2024-03-26,13.21,13.51,13.21,13.43,13.23,20274386,271357264.09,1.5117,0.288,1,0,none,baostock,query_history_k_data_plus
600346,SHSE.600346,,SH,A股-上交所,2024-03-27,13.36,13.5,13.33,13.33,13.43,15220335,204529974.0,-0.7446,0.2162,1,0,none,baostock,query_history_k_data_plus
600346,SHSE.600346,,SH,A股-上交所,2024-03-28,13.32,13.73,13.28,13.7,13.33,23545770,319555624.46,2.7757,0.3345,1,0,none,baostock,query_history_k_data_plus
600346,SHSE.600346,,SH,A股-上交所,2024-03-29,13.7,14.07,13.6,13.95,13.7,21453363,297961299.16,1.8248,0.3048,1,0,none,baostock,query_history_k_data_plus
600346,SHSE.600346,,SH,A股-上交所,2024-04-01,14.06,14.32,14.0,14.27,13.95,26226332,371640882.15,2.2939,0.3726,1,0,none,baostock,query_history_k_data_plus
600346,SHSE.600346,,SH,A股-上交所,2024-04-02,14.34,14.79,14.34,14.7,14.27,35325357,516145092.36,3.0133,0.5018,1,0,none,baostock,query_history_k_data_plus
600346,SHSE.600346,,SH,A股-上交所,2024-04-03,14.7,15.04,14.56,14.71,14.7,28637167,422803571.13,0.068,0.4068,1,0,none,baostock,query_history_k_data_plus
600346,SHSE.600346,,SH,A股-上交所,2024-04-08,14.75,14.85,14.59,14.62,14.71,21343435,314150894.82,-0.6118,0.3032,1,0,none,baostock,query_history_k_data_plus
600346,SHSE.600346,,SH,A股-上交所,2024-04-09,14.6,14.75,14.4,14.47,14.62,19794236,287387443.52,-1.026,0.2812,1,0,none,baostock,query_history_k_data_plus
600346,SHSE.600346,,SH,A股-上交所,2024-04-10,14.63,14.91,14.51,14.74,14.47,28826956,425556396.26,1.8659,0.4095,1,0,none,baostock,query_history_k_data_plus
600346,SHSE.600346,,SH,A股-上交所,2024-04-11,14.6,15.02,14.52,14.88,14.74,22168311,328537221.64,0.9498,0.3149,1,0,none,baostock,query_history_k_data_plus
600346,SHSE.600346,,SH,A股-上交所,2024-04-12,14.88,15.34,14.78,15.2,14.88,27929866,422073951.36,2.1505,0.3968,1,0,none,baostock,query_history_k_data_plus
600346,SHSE.600346,,SH,A股-上交所,2024-04-15,15.24,15.62,15.08,15.58,15.2,37886615,584299333.86,2.5,0.5382,1,0,none,baostock,query_history_k_data_plus
600346,SHSE.600346,,SH,A股-上交所,2024-04-16,15.55,15.71,15.28,15.28,15.58,30603669,472671477.88,-1.9255,0.4348,1,0,none,baostock,query_history_k_data_plus
600346,SHSE.600346,,SH,A股-上交所,2024-04-17,15.28,15.73,15.16,15.71,15.28,26015208,402101361.08,2.8141,0.3696,1,0,none,baostock,query_history_k_data_plus
600346,SHSE.600346,,SH,A股-上交所,2024-04-18,15.65,15.95,15.55,15.69,15.71,22831115,359463174.01,-0.1273,0.3243,1,0,none,baostock,query_history_k_data_plus
600346,SHSE.600346,,SH,A股-上交所,2024-04-19,15.69,16.13,15.6,16.09,15.69,25313403,405080335.02,2.5494,0.3596,1,0,none,baostock,query_history_k_data_plus
600346,SHSE.600346,,SH,A股-上交所,2024-04-22,16.29,16.38,15.54,15.57,16.09,38352490,609430157.23,-3.2318,0.5448,1,0,none,baostock,query_history_k_data_plus
600346,SHSE.600346,,SH,A股-上交所,2024-04-23,16.17,16.2,14.83,15.21,15.57,56686614,871245055.88,-2.3121,0.8053,1,0,none,baostock,query_history_k_data_plus
600346,SHSE.600346,,SH,A股-上交所,2024-04-24,15.35,15.72,15.13,15.68,15.21,33683192,520758813.48,3.0901,0.4785,1,0,none,baostock,query_history_k_data_plus
600346,SHSE.600346,,SH,A股-上交所,2024-04-25,15.64,15.89,15.5,15.58,15.68,23643980,370116926.79,-0.6378,0.3359,1,0,none,baostock,query_history_k_data_plus
600346,SHSE.600346,,SH,A股-上交所,2024-04-26,15.47,15.65,15.21,15.4,15.58,29207560,448252339.87,-1.1553,0.4149,1,0,none,baostock,query_history_k_data_plus
600346,SHSE.600346,,SH,A股-上交所,2024-04-29,15.38,15.56,15.26,15.5,15.4,23564496,363960338.42,0.6494,0.3348,1,0,none,baostock,query_history_k_data_plus
600346,SHSE.600346,,SH,A股-上交所,2024-04-30,15.52,15.76,15.42,15.5,15.5,21987526,343214793.4,0.0,0.3124,1,0,none,baostock,query_history_k_data_plus
600346,SHSE.600346,,SH,A股-上交所,2024-05-06,15.59,16.04,15.35,15.97,15.5,34750838,546179275.38,3.0323,0.4937,1,0,none,baostock,query_history_k_data_plus
600346,SHSE.600346,,SH,A股-上交所,2024-05-07,16.05,16.07,15.77,15.9,15.97,25869824,411095798.11,-0.4383,0.3675,1,0,none,baostock,query_history_k_data_plus
600346,SHSE.600346,,SH,A股-上交所,2024-05-08,15.85,15.98,15.72,15.84,15.9,16330784,258666666.54,-0.3774,0.232,1,0,none,baostock,query_history_k_data_plus
600346,SHSE.600346,,SH,A股-上交所,2024-05-09,15.85,15.94,15.7,15.85,15.84,19411096,306909114.42,0.0631,0.2758,1,0,none,baostock,query_history_k_data_plus
600346,SHSE.600346,,SH,A股-上交所,2024-05-10,15.86,16.22,15.79,16.14,15.85,23653280,379191223.46,1.8297,0.336,1,0,none,baostock,query_history_k_data_plus
600346,SHSE.600346,,SH,A股-上交所,2024-05-13,16.04,16.44,15.95,16.4,16.14,30324841,493896486.9,1.6109,0.4308,1,0,none,baostock,query_history_k_data_plus
600346,SHSE.600346,,SH,A股-上交所,2024-05-14,16.32,16.54,16.25,16.52,16.4,22880043,375653248.45,0.7317,0.325,1,0,none,baostock,query_history_k_data_plus
600346,SHSE.600346,,SH,A股-上交所,2024-05-15,16.49,16.71,15.71,15.81,16.52,40557798,650808023.82,-4.2978,0.5762,1,0,none,baostock,query_history_k_data_plus
600346,SHSE.600346,,SH,A股-上交所,2024-05-16,15.7,15.85,15.5,15.59,15.81,21507200,336172552.0,-1.3915,0.3055,1,0,none,baostock,query_history_k_data_plus
600346,SHSE.600346,,SH,A股-上交所,2024-05-17,15.59,15.72,15.45,15.68,15.59,14168359,220863776.3,0.5773,0.2013,1,0,none,baostock,query_history_k_data_plus
600346,SHSE.600346,,SH,A股-上交所,2024-05-20,15.6,15.8,15.48,15.55,15.68,21390031,334145748.32,-0.8291,0.3039,1,0,none,baostock,query_history_k_data_plus
600346,SHSE.600346,,SH,A股-上交所,2024-05-21,15.6,15.68,15.48,15.56,15.55,15637014,243431337.98,0.0643,0.2221,1,0,none,baostock,query_history_k_data_plus
600346,SHSE.600346,,SH,A股-上交所,2024-05-22,15.52,15.6,15.27,15.31,15.56,27466850,422023352.37,-1.6067,0.3902,1,0,none,baostock,query_history_k_data_plus
600346,SHSE.600346,,SH,A股-上交所,2024-05-23,15.31,15.34,15.06,15.09,15.31,25353330,384550557.24,-1.437,0.3602,1,0,none,baostock,query_history_k_data_plus
600346,SHSE.600346,,SH,A股-上交所,2024-05-24,15.07,15.31,14.97,15.19,15.09,20351558,308719960.46,0.6627,0.2891,1,0,none,baostock,query_history_k_data_plus
600346,SHSE.600346,,SH,A股-上交所,2024-05-27,14.72,14.9,14.64,14.7,14.64,17311597,255215000.82,0.4098,0.2459,1,0,none,baostock,query_history_k_data_plus
600346,SHSE.600346,,SH,A股-上交所,2024-05-28,14.71,14.84,14.67,14.68,14.7,15312016,225697493.6,-0.1361,0.2175,1,0,none,baostock,query_history_k_data_plus
600346,SHSE.600346,,SH,A股-上交所,2024-05-29,14.68,14.79,14.56,14.64,14.68,10431885,152958393.79,-0.2725,0.1482,1,0,none,baostock,query_history_k_data_plus
600346,SHSE.600346,,SH,A股-上交所,2024-05-30,14.66,14.85,14.46,14.5,14.64,13460832,197151886.86,-0.9563,0.1912,1,0,none,baostock,query_history_k_data_plus
600346,SHSE.600346,,SH,A股-上交所,2024-05-31,14.5,14.57,14.28,14.33,14.5,16797625,241927004.65,-1.1724,0.2386,1,0,none,baostock,query_history_k_data_plus
600346,SHSE.600346,,SH,A股-上交所,2024-06-03,14.3,14.39,14.18,14.25,14.33,18780686,268047629.42,-0.5583,0.2668,1,0,none,baostock,query_history_k_data_plus
600346,SHSE.600346,,SH,A股-上交所,2024-06-04,14.26,14.3,14.06,14.21,14.25,19359392,274295087.4,-0.2807,0.275,1,0,none,baostock,query_history_k_data_plus
600346,SHSE.600346,,SH,A股-上交所,2024-06-05,14.25,14.36,14.13,14.21,14.21,14462711,206036274.42,0.0,0.2055,1,0,none,baostock,query_history_k_data_plus
600346,SHSE.600346,,SH,A股-上交所,2024-06-06,14.21,14.42,14.09,14.36,14.21,18567371,264725823.73,1.0556,0.2638,1,0,none,baostock,query_history_k_data_plus
600346,SHSE.600346,,SH,A股-上交所,2024-06-07,14.39,14.41,14.11,14.21,14.36,15460986,220059861.28,-1.0446,0.2196,1,0,none,baostock,query_history_k_data_plus
600346,SHSE.600346,,SH,A股-上交所,2024-06-11,14.21,14.33,14.12,14.27,14.21,11665991,166125556.2,0.4222,0.1657,1,0,none,baostock,query_history_k_data_plus
600346,SHSE.600346,,SH,A股-上交所,2024-06-12,14.28,14.31,14.14,14.2,14.27,9916458,140916660.12,-0.4905,0.1409,1,0,none,baostock,query_history_k_data_plus
600346,SHSE.600346,,SH,A股-上交所,2024-06-13,14.2,14.25,13.94,13.99,14.2,11750900,165128556.0,-1.4789,0.1669,1,0,none,baostock,query_history_k_data_plus
600346,SHSE.600346,,SH,A股-上交所,2024-06-14,13.96,14.1,13.89,14.02,13.99,10848500,151707899.0,0.2144,0.1541,1,0,none,baostock,query_history_k_data_plus
600346,SHSE.600346,,SH,A股-上交所,2024-06-17,14.02,14.02,13.72,13.8,14.02,18297688,253293348.95,-1.5692,0.2599,1,0,none,baostock,query_history_k_data_plus
600346,SHSE.600346,,SH,A股-上交所,2024-06-18,13.78,13.95,13.75,13.91,13.8,11434446,158645024.56,0.7971,0.1624,1,0,none,baostock,query_history_k_data_plus
600346,SHSE.600346,,SH,A股-上交所,2024-06-19,13.9,14.04,13.75,13.76,13.91,9404200,130038873.0,-1.0784,0.1336,1,0,none,baostock,query_history_k_data_plus
600346,SHSE.600346,,SH,A股-上交所,2024-06-20,13.7,13.9,13.67,13.73,13.76,10629075,146221576.35,-0.218,0.151,1,0,none,baostock,query_history_k_data_plus
600346,SHSE.600346,,SH,A股-上交所,2024-06-21,13.67,13.85,13.65,13.77,13.73,12334840,169731626.04,0.2913,0.1752,1,0,none,baostock,query_history_k_data_plus
600346,SHSE.600346,,SH,A股-上交所,2024-06-24,13.7,13.9,13.63,13.79,13.77,13531603,186332674.33,0.1452,0.1922,1,0,none,baostock,query_history_k_data_plus
600346,SHSE.600346,,SH,A股-上交所,2024-06-25,13.79,14.25,13.74,14.1,13.79,19989262,280726280.84,2.248,0.284,1,0,none,baostock,query_history_k_data_plus
600346,SHSE.600346,,SH,A股-上交所,2024-06-26,14.17,14.46,13.9,14.4,14.1,22518580,320041316.2,2.1277,0.3199,1,0,none,baostock,query_history_k_data_plus
600346,SHSE.600346,,SH,A股-上交所,2024-06-27,14.33,14.37,13.89,13.93,14.4,18682900,262371504.16,-3.2639,0.2654,1,0,none,baostock,query_history_k_data_plus
600346,SHSE.600346,,SH,A股-上交所,2024-06-28,13.91,14.06,13.8,13.95,13.93,15858513,220901296.11,0.1436,0.2253,1,0,none,baostock,query_history_k_data_plus
600346,SHSE.600346,,SH,A股-上交所,2024-07-01,13.95,14.29,13.65,14.25,13.95,20287820,284841558.2,2.1505,0.2882,1,0,none,baostock,query_history_k_data_plus
600346,SHSE.600346,,SH,A股-上交所,2024-07-02,14.24,14.29,13.8,13.87,14.25,18036265,252020083.85,-2.6667,0.2562,1,0,none,baostock,query_history_k_data_plus
600346,SHSE.600346,,SH,A股-上交所,2024-07-03,13.79,13.97,13.78,13.82,13.87,9379099,129936264.58,-0.3605,0.1332,1,0,none,baostock,query_history_k_data_plus
600346,SHSE.600346,,SH,A股-上交所,2024-07-04,13.78,13.97,13.76,13.76,13.82,12047500,166798825.0,-0.4342,0.1712,1,0,none,baostock,query_history_k_data_plus
600346,SHSE.600346,,SH,A股-上交所,2024-07-05,13.81,14.08,13.8,14.07,13.76,16997429,237117260.99,2.2529,0.2415,1,0,none,baostock,query_history_k_data_plus
600346,SHSE.600346,,SH,A股-上交所,2024-07-08,14.07,14.09,13.62,13.72,14.07,18344370,253802641.3,-2.4876,0.2606,1,0,none,baostock,query_history_k_data_plus
600346,SHSE.600346,,SH,A股-上交所,2024-07-09,13.66,13.87,13.54,13.87,13.72,13821045,189448664.44,1.0933,0.1963,1,0,none,baostock,query_history_k_data_plus
600346,SHSE.600346,,SH,A股-上交所,2024-07-10,13.8,13.92,13.71,13.76,13.87,8462592,116667035.6,-0.7931,0.1202,1,0,none,baostock,query_history_k_data_plus
600346,SHSE.600346,,SH,A股-上交所,2024-07-11,13.89,14.24,13.67,14.22,13.76,18411523,257743814.37,3.343,0.2616,1,0,none,baostock,query_history_k_data_plus
600346,SHSE.600346,,SH,A股-上交所,2024-07-12,14.2,14.54,14.13,14.39,14.22,21574632,310949478.28,1.1955,0.3065,1,0,none,baostock,query_history_k_data_plus
600346,SHSE.600346,,SH,A股-上交所,2024-07-15,14.43,14.5,14.31,14.35,14.39,12415135,178885499.99,-0.278,0.1764,1,0,none,baostock,query_history_k_data_plus
600346,SHSE.600346,,SH,A股-上交所,2024-07-16,14.3,14.49,14.21,14.33,14.35,11337977,162707159.01,-0.1394,0.1611,1,0,none,baostock,query_history_k_data_plus
600346,SHSE.600346,,SH,A股-上交所,2024-07-17,14.3,14.39,14.15,14.34,14.33,10351395,148020669.28,0.0698,0.1471,1,0,none,baostock,query_history_k_data_plus
600346,SHSE.600346,,SH,A股-上交所,2024-07-18,14.32,14.58,14.17,14.54,14.34,15480899,223276362.32,1.3947,0.2199,1,0,none,baostock,query_history_k_data_plus
600346,SHSE.600346,,SH,A股-上交所,2024-07-19,14.57,14.76,14.32,14.65,14.54,15891200,232151112.25,0.7565,0.2258,1,0,none,baostock,query_history_k_data_plus
600346,SHSE.600346,,SH,A股-上交所,2024-07-22,14.66,14.73,14.26,14.36,14.65,14340920,207259308.0,-1.9795,0.2037,1,0,none,baostock,query_history_k_data_plus
600346,SHSE.600346,,SH,A股-上交所,2024-07-23,14.31,14.33,13.65,13.65,14.36,19539186,271073846.24,-4.9443,0.2776,1,0,none,baostock,query_history_k_data_plus
600346,SHSE.600346,,SH,A股-上交所,2024-07-24,13.62,13.69,13.14,13.23,13.65,20120570,268365567.12,-3.0769,0.2858,1,0,none,baostock,query_history_k_data_plus
600346,SHSE.600346,,SH,A股-上交所,2024-07-25,13.23,13.5,13.17,13.39,13.23,12883388,172012423.14,1.2094,0.183,1,0,none,baostock,query_history_k_data_plus
600346,SHSE.600346,,SH,A股-上交所,2024-07-26,13.46,13.8,13.4,13.63,13.39,11611775,158393030.89,1.7924,0.165,1,0,none,baostock,query_history_k_data_plus
600346,SHSE.600346,,SH,A股-上交所,2024-07-29,13.68,13.75,13.55,13.61,13.63,9315204,127100858.91,-0.1467,0.1323,1,0,none,baostock,query_history_k_data_plus
600346,SHSE.600346,,SH,A股-上交所,2024-07-30,13.66,13.67,13.36,13.41,13.61,9514255,127802478.55,-1.4695,0.1352,1,0,none,baostock,query_history_k_data_plus
600346,SHSE.600346,,SH,A股-上交所,2024-07-31,13.5,13.99,13.37,13.97,13.41,15065598,207552056.06,4.176,0.214,1,0,none,baostock,query_history_k_data_plus
600346,SHSE.600346,,SH,A股-上交所,2024-08-01,14.02,14.15,13.78,13.86,13.97,11844701,164514665.5,-0.7874,0.1683,1,0,none,baostock,query_history_k_data_plus
600346,SHSE.600346,,SH,A股-上交所,2024-08-02,13.79,13.94,13.45,13.51,13.86,15498566,210838320.94,-2.5253,0.2202,1,0,none,baostock,query_history_k_data_plus
600346,SHSE.600346,,SH,A股-上交所,2024-08-05,13.4,13.63,13.32,13.33,13.51,13208300,177350437.31,-1.3323,0.1876,1,0,none,baostock,query_history_k_data_plus
600346,SHSE.600346,,SH,A股-上交所,2024-08-06,13.39,13.57,13.32,13.4,13.33,8685240,116497397.53,0.5251,0.1234,1,0,none,baostock,query_history_k_data_plus
600346,SHSE.600346,,SH,A股-上交所,2024-08-07,13.39,13.45,13.26,13.37,13.4,6153463,82330342.7,-0.2239,0.0874,1,0,none,baostock,query_history_k_data_plus
600346,SHSE.600346,,SH,A股-上交所,2024-08-08,13.37,13.73,13.3,13.65,13.37,11195447,152305707.05,2.0942,0.159,1,0,none,baostock,query_history_k_data_plus
600346,SHSE.600346,,SH,A股-上交所,2024-08-09,13.64,13.72,13.34,13.34,13.65,8826838,118848868.75,-2.2711,0.1254,1,0,none,baostock,query_history_k_data_plus
600346,SHSE.600346,,SH,A股-上交所,2024-08-12,13.33,13.55,13.27,13.48,13.34,8132275,109401424.2,1.0495,0.1155,1,0,none,baostock,query_history_k_data_plus
600346,SHSE.600346,,SH,A股-上交所,2024-08-13,13.49,13.56,13.36,13.44,13.48,8103040,108869169.16,-0.2967,0.1151,1,0,none,baostock,query_history_k_data_plus
600346,SHSE.600346,,SH,A股-上交所,2024-08-14,13.43,13.46,13.03,13.11,13.44,12032344,158252962.79,-2.4554,0.1709,1,0,none,baostock,query_history_k_data_plus
600346,SHSE.600346,,SH,A股-上交所,2024-08-15,13.07,13.49,13.04,13.26,13.11,11120924,148111551.4,1.1442,0.158,1,0,none,baostock,query_history_k_data_plus
600346,SHSE.600346,,SH,A股-上交所,2024-08-16,13.26,13.45,13.15,13.4,13.26,9043600,121012770.03,1.0558,0.1285,1,0,none,baostock,query_history_k_data_plus
600346,SHSE.600346,,SH,A股-上交所,2024-08-19,13.43,13.8,13.43,13.66,13.4,12193894,167132451.07,1.9403,0.1732,1,0,none,baostock,query_history_k_data_plus
600346,SHSE.600346,,SH,A股-上交所,2024-08-20,13.7,13.76,13.39,13.46,13.66,8687303,117297252.99,-1.4641,0.1234,1,0,none,baostock,query_history_k_data_plus
600346,SHSE.600346,,SH,A股-上交所,2024-08-21,13.47,13.56,13.33,13.39,13.46,6477674,86827588.63,-0.5201,0.092,1,0,none,baostock,query_history_k_data_plus
600346,SHSE.600346,,SH,A股-上交所,2024-08-22,13.4,13.56,13.23,13.39,13.39,9188422,123333848.36,0.0,0.1305,1,0,none,baostock,query_history_k_data_plus
600346,SHSE.600346,,SH,A股-上交所,2024-08-23,13.15,13.33,12.76,13.29,13.39,14940848,195584358.79,-0.7468,0.2123,1,0,none,baostock,query_history_k_data_plus
600346,SHSE.600346,,SH,A股-上交所,2024-08-26,13.3,13.38,13.0,13.22,13.29,12359030,162779525.0,-0.5267,0.1756,1,0,none,baostock,query_history_k_data_plus
600346,SHSE.600346,,SH,A股-上交所,2024-08-27,13.23,13.41,13.18,13.3,13.22,10753400,143107261.0,0.6051,0.1528,1,0,none,baostock,query_history_k_data_plus
600346,SHSE.600346,,SH,A股-上交所,2024-08-28,13.31,13.59,13.29,13.51,13.3,11524480,155695230.81,1.5789,0.1637,1,0,none,baostock,query_history_k_data_plus
600346,SHSE.600346,,SH,A股-上交所,2024-08-29,13.57,13.6,13.3,13.33,13.51,10532255,141050159.81,-1.3323,0.1496,1,0,none,baostock,query_history_k_data_plus
600346,SHSE.600346,,SH,A股-上交所,2024-08-30,13.3,13.73,13.14,13.43,13.33,14684008,197742285.88,0.7502,0.2086,1,0,none,baostock,query_history_k_data_plus
600346,SHSE.600346,,SH,A股-上交所,2024-09-02,13.4,13.52,13.2,13.21,13.43,15149817,201010294.28,-1.6381,0.2152,1,0,none,baostock,query_history_k_data_plus
600346,SHSE.600346,,SH,A股-上交所,2024-09-03,13.15,13.42,13.06,13.31,13.21,9412591,125122767.21,0.757,0.1337,1,0,none,baostock,query_history_k_data_plus
600346,SHSE.600346,,SH,A股-上交所,2024-09-04,13.19,13.44,13.16,13.33,13.31,7474875,99490633.5,0.1503,0.1062,1,0,none,baostock,query_history_k_data_plus
600346,SHSE.600346,,SH,A股-上交所,2024-09-05,13.33,13.36,12.78,12.96,13.33,22643114,293989486.5,-2.7757,0.3217,1,0,none,baostock,query_history_k_data_plus
600346,SHSE.600346,,SH,A股-上交所,2024-09-06,12.96,13.05,12.64,12.7,12.96,13625617,174484031.81,-2.0062,0.1936,1,0,none,baostock,query_history_k_data_plus
600346,SHSE.600346,,SH,A股-上交所,2024-09-09,12.65,12.69,12.42,12.48,12.7,12842462,160819689.76,-1.7323,0.1824,1,0,none,baostock,query_history_k_data_plus
600346,SHSE.600346,,SH,A股-上交所,2024-09-10,12.4,12.51,12.16,12.33,12.48,10439414,128312167.84,-1.2019,0.1483,1,0,none,baostock,query_history_k_data_plus
600346,SHSE.600346,,SH,A股-上交所,2024-09-11,12.24,12.35,12.13,12.26,12.33,8614139,105316203.27,-0.5677,0.1224,1,0,none,baostock,query_history_k_data_plus
600346,SHSE.600346,,SH,A股-上交所,2024-09-12,12.36,12.59,12.31,12.39,12.26,10665003,132373371.19,1.0604,0.1515,1,0,none,baostock,query_history_k_data_plus
600346,SHSE.600346,,SH,A股-上交所,2024-09-13,12.4,12.63,12.39,12.46,12.39,9561122,119654034.1,0.565,0.1358,1,0,none,baostock,query_history_k_data_plus
600346,SHSE.600346,,SH,A股-上交所,2024-09-18,12.6,12.61,12.17,12.26,12.46,8893586,109122442.78,-1.6051,0.1263,1,0,none,baostock,query_history_k_data_plus
600346,SHSE.600346,,SH,A股-上交所,2024-09-19,12.26,12.77,12.25,12.63,12.26,14538950,182591483.46,3.0179,0.2065,1,0,none,baostock,query_history_k_data_plus
600346,SHSE.600346,,SH,A股-上交所,2024-09-20,12.63,12.7,12.36,12.53,12.63,12152696,151655817.32,-0.7918,0.1726,1,0,none,baostock,query_history_k_data_plus
600346,SHSE.600346,,SH,A股-上交所,2024-09-23,12.53,12.59,12.42,12.45,12.53,7082194,88380512.75,-0.6385,0.1006,1,0,none,baostock,query_history_k_data_plus
600346,SHSE.600346,,SH,A股-上交所,2024-09-24,12.54,13.13,12.51,13.12,12.45,21161672,272473706.42,5.3815,0.3006,1,0,none,baostock,query_history_k_data_plus
600346,SHSE.600346,,SH,A股-上交所,2024-09-25,13.3,13.55,13.19,13.23,13.12,19528686,261331931.66,0.8384,0.2774,1,0,none,baostock,query_history_k_data_plus
600346,SHSE.600346,,SH,A股-上交所,2024-09-26,13.23,13.84,13.14,13.81,13.23,19249608,260908060.04,4.384,0.2735,1,0,none,baostock,query_history_k_data_plus
600346,SHSE.600346,,SH,A股-上交所,2024-09-27,13.98,14.46,13.98,14.46,13.81,16012879,227903400.1,4.7067,0.2275,1,0,none,baostock,query_history_k_data_plus
600346,SHSE.600346,,SH,A股-上交所,2024-09-30,14.98,15.79,14.8,15.66,14.46,58055857,890206672.42,8.2988,0.8248,1,0,none,baostock,query_history_k_data_plus
600346,SHSE.600346,,SH,A股-上交所,2024-10-08,17.22,17.23,16.0,16.51,15.66,70693138,1180085952.55,5.4278,1.0043,1,0,none,baostock,query_history_k_data_plus
600346,SHSE.600346,,SH,A股-上交所,2024-10-09,16.21,16.21,15.08,15.14,16.51,50291243,783299172.44,-8.298,0.7145,1,0,none,baostock,query_history_k_data_plus
600346,SHSE.600346,,SH,A股-上交所,2024-10-10,15.16,15.65,14.98,15.11,15.14,29455518,449273535.61,-0.1982,0.4185,1,0,none,baostock,query_history_k_data_plus
600346,SHSE.600346,,SH,A股-上交所,2024-10-11,15.2,15.25,14.76,14.95,15.11,20893666,314132263.94,-1.0589,0.2968,1,0,none,baostock,query_history_k_data_plus
600346,SHSE.600346,,SH,A股-上交所,2024-10-14,14.91,15.14,14.81,14.96,14.95,22808913,340566082.51,0.0669,0.324,1,0,none,baostock,query_history_k_data_plus
600346,SHSE.600346,,SH,A股-上交所,2024-10-15,14.95,14.95,14.52,14.55,14.96,15955315,235042355.77,-2.7406,0.2267,1,0,none,baostock,query_history_k_data_plus
600346,SHSE.600346,,SH,A股-上交所,2024-10-16,14.46,14.6,14.23,14.32,14.55,17024998,244947906.88,-1.5808,0.2419,1,0,none,baostock,query_history_k_data_plus
600346,SHSE.600346,,SH,A股-上交所,2024-10-17,14.44,14.49,13.94,13.95,14.32,17725349,250874040.88,-2.5838,0.2518,1,0,none,baostock,query_history_k_data_plus
600346,SHSE.600346,,SH,A股-上交所,2024-10-18,13.96,14.85,13.9,14.63,13.95,30343240,437316923.13,4.8746,0.4311,1,0,none,baostock,query_history_k_data_plus
600346,SHSE.600346,,SH,A股-上交所,2024-10-21,14.74,14.78,14.3,14.44,14.63,22953381,331664123.03,-1.2987,0.3261,1,0,none,baostock,query_history_k_data_plus
600346,SHSE.600346,,SH,A股-上交所,2024-10-22,14.4,14.64,14.37,14.6,14.44,15064126,219039783.55,1.108,0.214,1,0,none,baostock,query_history_k_data_plus
600346,SHSE.600346,,SH,A股-上交所,2024-10-23,14.69,14.69,14.45,14.58,14.6,18926635,275188978.8,-0.137,0.2689,1,0,none,baostock,query_history_k_data_plus
600346,SHSE.600346,,SH,A股-上交所,2024-10-24,14.51,14.61,14.38,14.41,14.58,12717364,183945553.13,-1.166,0.1807,1,0,none,baostock,query_history_k_data_plus
600346,SHSE.600346,,SH,A股-上交所,2024-10-25,14.13,14.43,13.96,14.32,14.41,25564291,363384545.17,-0.6246,0.3632,1,0,none,baostock,query_history_k_data_plus
600346,SHSE.600346,,SH,A股-上交所,2024-10-28,14.31,14.35,14.02,14.3,14.32,21245218,302078753.06,-0.1397,0.3018,1,0,none,baostock,query_history_k_data_plus
600346,SHSE.600346,,SH,A股-上交所,2024-10-29,14.3,14.38,13.96,14.01,14.3,24631302,347245426.78,-2.028,0.3499,1,0,none,baostock,query_history_k_data_plus
600346,SHSE.600346,,SH,A股-上交所,2024-10-30,13.97,14.07,13.77,13.89,14.01,20291826,281886625.68,-0.8565,0.2883,1,0,none,baostock,query_history_k_data_plus
600346,SHSE.600346,,SH,A股-上交所,2024-10-31,13.83,13.9,13.7,13.74,13.89,21049940,289371580.99,-1.0799,0.299,1,0,none,baostock,query_history_k_data_plus
600346,SHSE.600346,,SH,A股-上交所,2024-11-01,13.7,13.97,13.67,13.74,13.74,26627541,368047510.32,0.0,0.3783,1,0,none,baostock,query_history_k_data_plus
600346,SHSE.600346,,SH,A股-上交所,2024-11-04,13.83,13.83,13.65,13.82,13.74,22751960,312549095.98,0.5822,0.3232,1,0,none,baostock,query_history_k_data_plus
600346,SHSE.600346,,SH,A股-上交所,2024-11-05,13.78,14.08,13.73,14.08,13.82,31643083,441759489.94,1.8813,0.4495,1,0,none,baostock,query_history_k_data_plus
600346,SHSE.600346,,SH,A股-上交所,2024-11-06,14.15,15.08,14.09,14.73,14.08,58051904,855243827.23,4.6165,0.8247,1,0,none,baostock,query_history_k_data_plus
600346,SHSE.600346,,SH,A股-上交所,2024-11-07,14.76,15.25,14.56,15.25,14.73,38306608,576624548.18,3.5302,0.5442,1,0,none,baostock,query_history_k_data_plus
600346,SHSE.600346,,SH,A股-上交所,2024-11-08,15.48,15.55,15.1,15.29,15.25,41092568,627989469.48,0.2623,0.5838,1,0,none,baostock,query_history_k_data_plus
600346,SHSE.600346,,SH,A股-上交所,2024-11-11,15.21,15.3,14.83,15.18,15.29,30430290,457582825.31,-0.7194,0.4323,1,0,none,baostock,query_history_k_data_plus
600346,SHSE.600346,,SH,A股-上交所,2024-11-12,15.19,15.44,15.04,15.12,15.18,25111257,382794501.95,-0.3953,0.3567,1,0,none,baostock,query_history_k_data_plus
600346,SHSE.600346,,SH,A股-上交所,2024-11-13,15.08,15.45,15.01,15.17,15.12,17285030,262244613.5,0.3307,0.2456,1,0,none,baostock,query_history_k_data_plus
600346,SHSE.600346,,SH,A股-上交所,2024-11-14,15.16,15.45,15.01,15.04,15.17,19282137,293654096.36,-0.857,0.2739,1,0,none,baostock,query_history_k_data_plus
600346,SHSE.600346,,SH,A股-上交所,2024-11-15,15.03,15.2,14.8,14.93,15.04,21119266,317269159.32,-0.7314,0.3,1,0,none,baostock,query_history_k_data_plus
600346,SHSE.600346,,SH,A股-上交所,2024-11-18,14.98,15.18,14.67,14.75,14.93,21988532,327591480.18,-1.2056,0.3124,1,0,none,baostock,query_history_k_data_plus
600346,SHSE.600346,,SH,A股-上交所,2024-11-19,14.76,15.02,14.7,15.01,14.75,19086497,284607898.42,1.7627,0.2711,1,0,none,baostock,query_history_k_data_plus
600346,SHSE.600346,,SH,A股-上交所,2024-11-20,14.95,15.07,14.92,15.03,15.01,12870534,192980382.98,0.1332,0.1828,1,0,none,baostock,query_history_k_data_plus
600346,SHSE.600346,,SH,A股-上交所,2024-11-21,14.96,15.11,14.7,14.73,15.03,16296525,241591729.22,-1.996,0.2315,1,0,none,baostock,query_history_k_data_plus
600346,SHSE.600346,,SH,A股-上交所,2024-11-22,14.78,14.8,14.25,14.25,14.73,17707272,256296468.22,-3.2587,0.2516,1,0,none,baostock,query_history_k_data_plus
600346,SHSE.600346,,SH,A股-上交所,2024-11-25,14.25,14.43,14.06,14.14,14.25,16213135,230501967.6,-0.7719,0.2303,1,0,none,baostock,query_history_k_data_plus
600346,SHSE.600346,,SH,A股-上交所,2024-11-26,14.13,14.24,14.0,14.12,14.14,10303001,145550128.87,-0.1414,0.1464,1,0,none,baostock,query_history_k_data_plus
600346,SHSE.600346,,SH,A股-上交所,2024-11-27,14.15,14.3,14.02,14.23,14.12,14447825,204757596.72,0.779,0.2053,1,0,none,baostock,query_history_k_data_plus
600346,SHSE.600346,,SH,A股-上交所,2024-11-28,14.29,14.33,14.11,14.21,14.23,14308194,203291508.21,-0.1405,0.2033,1,0,none,baostock,query_history_k_data_plus
600346,SHSE.600346,,SH,A股-上交所,2024-11-29,14.31,14.5,14.21,14.36,14.21,19801767,284687010.98,1.0556,0.2813,1,0,none,baostock,query_history_k_data_plus
600346,SHSE.600346,,SH,A股-上交所,2024-12-02,14.35,14.63,14.28,14.63,14.36,18939935,274203738.28,1.8802,0.2691,1,0,none,baostock,query_history_k_data_plus
600346,SHSE.600346,,SH,A股-上交所,2024-12-03,14.62,14.75,14.5,14.63,14.63,12968084,189749837.32,0.0,0.1842,1,0,none,baostock,query_history_k_data_plus
600346,SHSE.600346,,SH,A股-上交所,2024-12-04,14.56,14.66,14.48,14.55,14.63,10857020,158106625.83,-0.5468,0.1542,1,0,none,baostock,query_history_k_data_plus
600346,SHSE.600346,,SH,A股-上交所,2024-12-05,14.48,14.52,14.3,14.37,14.55,12894629,185590036.83,-1.2371,0.1832,1,0,none,baostock,query_history_k_data_plus
600346,SHSE.600346,,SH,A股-上交所,2024-12-06,14.41,14.67,14.26,14.52,14.37,17091324,246708504.89,1.0438,0.2428,1,0,none,baostock,query_history_k_data_plus
600346,SHSE.600346,,SH,A股-上交所,2024-12-09,14.52,15.05,14.46,14.85,14.52,24988184,370513766.69,2.2727,0.355,1,0,none,baostock,query_history_k_data_plus
600346,SHSE.600346,,SH,A股-上交所,2024-12-10,15.2,15.25,14.84,14.88,14.85,19293640,289538802.25,0.202,0.2741,1,0,none,baostock,query_history_k_data_plus
600346,SHSE.600346,,SH,A股-上交所,2024-12-11,14.85,15.09,14.83,15.04,14.88,15052744,225126838.5,1.0753,0.2138,1,0,none,baostock,query_history_k_data_plus
600346,SHSE.600346,,SH,A股-上交所,2024-12-12,15.05,15.65,14.95,15.55,15.04,48942444,753864894.48,3.391,0.6953,1,0,none,baostock,query_history_k_data_plus
600346,SHSE.600346,,SH,A股-上交所,2024-12-13,15.6,15.6,15.22,15.31,15.55,30582868,470149231.1,-1.5434,0.4345,1,0,none,baostock,query_history_k_data_plus
600346,SHSE.600346,,SH,A股-上交所,2024-12-16,15.39,15.53,15.07,15.15,15.31,23039141,351067822.08,-1.0451,0.3273,1,0,none,baostock,query_history_k_data_plus
600346,SHSE.600346,,SH,A股-上交所,2024-12-17,15.18,15.36,15.1,15.22,15.15,15606660,237714163.8,0.462,0.2217,1,0,none,baostock,query_history_k_data_plus
600346,SHSE.600346,,SH,A股-上交所,2024-12-18,15.28,15.5,15.14,15.34,15.22,19445514,298088719.5,0.7884,0.2763,1,0,none,baostock,query_history_k_data_plus
600346,SHSE.600346,,SH,A股-上交所,2024-12-19,15.4,15.46,15.13,15.25,15.34,15449226,236698692.9,-0.5867,0.2195,1,0,none,baostock,query_history_k_data_plus
600346,SHSE.600346,,SH,A股-上交所,2024-12-20,15.2,15.35,15.11,15.19,15.25,17791127,270826570.5,-0.3934,0.2527,1,0,none,baostock,query_history_k_data_plus
600346,SHSE.600346,,SH,A股-上交所,2024-12-23,15.2,15.52,15.2,15.31,15.19,18502513,284162599.42,0.79,0.2629,1,0,none,baostock,query_history_k_data_plus
600346,SHSE.600346,,SH,A股-上交所,2024-12-24,15.24,15.55,15.24,15.48,15.31,16982986,262479484.95,1.1104,0.2413,1,0,none,baostock,query_history_k_data_plus
600346,SHSE.600346,,SH,A股-上交所,2024-12-25,15.47,15.54,15.32,15.4,15.48,11144917,171732094.45,-0.5168,0.1583,1,0,none,baostock,query_history_k_data_plus
600346,SHSE.600346,,SH,A股-上交所,2024-12-26,15.4,15.48,15.2,15.26,15.4,10957980,167266177.94,-0.9091,0.1557,1,0,none,baostock,query_history_k_data_plus
600346,SHSE.600346,,SH,A股-上交所,2024-12-27,15.26,15.4,15.18,15.28,15.26,11560532,176892648.96,0.1311,0.1642,1,0,none,baostock,query_history_k_data_plus
600346,SHSE.600346,,SH,A股-上交所,2024-12-30,15.24,15.41,15.18,15.35,15.28,19052651,291957597.53,0.4581,0.2707,1,0,none,baostock,query_history_k_data_plus
600346,SHSE.600346,,SH,A股-上交所,2024-12-31,15.42,15.62,15.28,15.35,15.35,20492908,317083957.44,0.0,0.2911,1,0,none,baostock,query_history_k_data_plus
600346,SHSE.600346,,SH,A股-上交所,2025-01-02,15.3,15.37,14.89,14.94,15.35,21247478,320068289.37,-2.671,0.3018,1,0,none,baostock,query_history_k_data_plus
600346,SHSE.600346,,SH,A股-上交所,2025-01-03,14.98,15.18,14.85,14.9,14.94,15774561,236622202.31,-0.2677,0.2241,1,0,none,baostock,query_history_k_data_plus
600346,SHSE.600346,,SH,A股-上交所,2025-01-06,14.97,15.09,14.81,15.02,14.9,13688754,204703401.05,0.8054,0.1945,1,0,none,baostock,query_history_k_data_plus
600346,SHSE.600346,,SH,A股-上交所,2025-01-07,15.12,15.14,14.85,15.1,15.02,11830431,177026753.2,0.5326,0.1681,1,0,none,baostock,query_history_k_data_plus
600346,SHSE.600346,,SH,A股-上交所,2025-01-08,15.01,15.15,14.82,15.08,15.1,13506680,202404075.0,-0.1325,0.1919,1,0,none,baostock,query_history_k_data_plus
600346,SHSE.600346,,SH,A股-上交所,2025-01-09,15.0,15.1,14.89,15.0,15.08,9445254,141822171.2,-0.5305,0.1342,1,0,none,baostock,query_history_k_data_plus
600346,SHSE.600346,,SH,A股-上交所,2025-01-10,15.13,15.63,14.85,14.85,15.0,19466500,294632217.4,-1.0,0.2765,1,0,none,baostock,query_history_k_data_plus
600346,SHSE.600346,,SH,A股-上交所,2025-01-13,14.78,15.29,14.78,14.84,14.85,18355880,275711082.92,-0.0673,0.2608,1,0,none,baostock,query_history_k_data_plus
600346,SHSE.600346,,SH,A股-上交所,2025-01-14,14.76,15.14,14.67,15.04,14.84,16368520,244581752.6,1.3477,0.2325,1,0,none,baostock,query_history_k_data_plus
600346,SHSE.600346,,SH,A股-上交所,2025-01-15,14.96,15.1,14.79,14.85,15.04,13330932,198634743.6,-1.2633,0.1894,1,0,none,baostock,query_history_k_data_plus
600346,SHSE.600346,,SH,A股-上交所,2025-01-16,14.85,15.0,14.76,14.82,14.85,9661574,143558079.95,-0.202,0.1373,1,0,none,baostock,query_history_k_data_plus
600346,SHSE.600346,,SH,A股-上交所,2025-01-17,14.68,15.03,14.68,14.94,14.82,10218349,152386763.59,0.8097,0.1452,1,0,none,baostock,query_history_k_data_plus
600346,SHSE.600346,,SH,A股-上交所,2025-01-20,14.95,15.07,14.8,14.81,14.94,11316292,168318194.52,-0.8701,0.1608,1,0,none,baostock,query_history_k_data_plus
600346,SHSE.600346,,SH,A股-上交所,2025-01-21,14.87,14.89,14.56,14.62,14.81,13127932,192103450.6,-1.2829,0.1865,1,0,none,baostock,query_history_k_data_plus
600346,SHSE.600346,,SH,A股-上交所,2025-01-22,14.6,14.77,14.42,14.69,14.62,12609249,184261961.81,0.4788,0.1791,1,0,none,baostock,query_history_k_data_plus
600346,SHSE.600346,,SH,A股-上交所,2025-01-23,14.78,14.86,14.61,14.62,14.69,10481812,153987961.65,-0.4765,0.1489,1,0,none,baostock,query_history_k_data_plus
600346,SHSE.600346,,SH,A股-上交所,2025-01-24,14.61,14.81,14.45,14.76,14.62,19083848,279031904.23,0.9576,0.2711,1,0,none,baostock,query_history_k_data_plus
600346,SHSE.600346,,SH,A股-上交所,2025-01-27,14.77,15.22,14.74,14.98,14.76,16633839,250340970.18,1.4905,0.2363,1,0,none,baostock,query_history_k_data_plus
600346,SHSE.600346,,SH,A股-上交所,2025-02-05,15.05,15.05,14.83,14.99,14.98,9908609,147893186.44,0.0668,0.1408,1,0,none,baostock,query_history_k_data_plus
600346,SHSE.600346,,SH,A股-上交所,2025-02-06,14.88,15.17,14.84,14.9,14.99,13166018,196334820.72,-0.6004,0.187,1,0,none,baostock,query_history_k_data_plus
600346,SHSE.600346,,SH,A股-上交所,2025-02-07,14.85,15.05,14.84,14.99,14.9,13196672,197560254.06,0.604,0.1875,1,0,none,baostock,query_history_k_data_plus
600346,SHSE.600346,,SH,A股-上交所,2025-02-10,14.93,15.5,14.86,15.42,14.99,23138577,351877767.62,2.8686,0.3287,1,0,none,baostock,query_history_k_data_plus
600346,SHSE.600346,,SH,A股-上交所,2025-02-11,15.39,15.65,15.35,15.48,15.42,13064236,202341534.72,0.3891,0.1856,1,0,none,baostock,query_history_k_data_plus
600346,SHSE.600346,,SH,A股-上交所,2025-02-12,15.44,15.69,15.39,15.46,15.48,11898855,184214522.53,-0.1292,0.169,1,0,none,baostock,query_history_k_data_plus
600346,SHSE.600346,,SH,A股-上交所,2025-02-13,15.48,15.93,15.48,15.57,15.46,16222435,254311739.83,0.7115,0.2305,1,0,none,baostock,query_history_k_data_plus
600346,SHSE.600346,,SH,A股-上交所,2025-02-14,15.5,15.66,15.37,15.58,15.57,12260619,190522673.98,0.0642,0.1742,1,0,none,baostock,query_history_k_data_plus
600346,SHSE.600346,,SH,A股-上交所,2025-02-17,15.58,15.71,15.4,15.56,15.58,11688112,181331638.85,-0.1284,0.166,1,0,none,baostock,query_history_k_data_plus
600346,SHSE.600346,,SH,A股-上交所,2025-02-18,15.56,15.8,15.47,15.67,15.56,14768336,231758577.32,0.7069,0.2098,1,0,none,baostock,query_history_k_data_plus
600346,SHSE.600346,,SH,A股-上交所,2025-02-19,15.66,15.76,15.47,15.58,15.67,9559022,148648936.82,-0.5743,0.1358,1,0,none,baostock,query_history_k_data_plus
600346,SHSE.600346,,SH,A股-上交所,2025-02-20,15.58,15.61,15.4,15.46,15.58,9308081,143992128.33,-0.7702,0.1322,1,0,none,baostock,query_history_k_data_plus
600346,SHSE.600346,,SH,A股-上交所,2025-02-21,15.47,15.52,15.18,15.27,15.46,13062861,199648338.17,-1.229,0.1856,1,0,none,baostock,query_history_k_data_plus
600346,SHSE.600346,,SH,A股-上交所,2025-02-24,15.21,15.4,15.2,15.29,15.27,9395646,143823987.44,0.131,0.1335,1,0,none,baostock,query_history_k_data_plus
600346,SHSE.600346,,SH,A股-上交所,2025-02-25,15.26,15.26,14.99,15.02,15.29,10778476,162574483.98,-1.7659,0.1531,1,0,none,baostock,query_history_k_data_plus
600346,SHSE.600346,,SH,A股-上交所,2025-02-26,15.1,15.2,15.02,15.08,15.02,8605809,129957133.38,0.3995,0.1223,1,0,none,baostock,query_history_k_data_plus
600346,SHSE.600346,,SH,A股-上交所,2025-02-27,15.09,15.66,15.02,15.65,15.08,22630563,349222190.24,3.7798,0.3215,1,0,none,baostock,query_history_k_data_plus
600346,SHSE.600346,,SH,A股-上交所,2025-02-28,15.72,15.8,15.57,15.66,15.65,17454290,273777553.96,0.0639,0.248,1,0,none,baostock,query_history_k_data_plus
600346,SHSE.600346,,SH,A股-上交所,2025-03-03,15.66,15.9,15.65,15.77,15.66,13287397,209526600.59,0.7024,0.1888,1,0,none,baostock,query_history_k_data_plus
600346,SHSE.600346,,SH,A股-上交所,2025-03-04,15.73,16.14,15.66,16.1,15.77,20316430,324219400.38,2.0926,0.2886,1,0,none,baostock,query_history_k_data_plus
600346,SHSE.600346,,SH,A股-上交所,2025-03-05,16.16,16.25,15.87,15.88,16.1,10622121,170033198.97,-1.3665,0.1509,1,0,none,baostock,query_history_k_data_plus
600346,SHSE.600346,,SH,A股-上交所,2025-03-06,15.93,16.0,15.7,15.89,15.88,11265187,178706240.5,0.063,0.16,1,0,none,baostock,query_history_k_data_plus
600346,SHSE.600346,,SH,A股-上交所,2025-03-07,15.81,15.93,15.72,15.74,15.89,8804730,139243388.5,-0.944,0.1251,1,0,none,baostock,query_history_k_data_plus
600346,SHSE.600346,,SH,A股-上交所,2025-03-10,15.7,15.93,15.62,15.89,15.74,12666959,199939417.56,0.953,0.18,1,0,none,baostock,query_history_k_data_plus
600346,SHSE.600346,,SH,A股-上交所,2025-03-11,15.79,16.33,15.74,16.32,15.89,19323052,311709175.22,2.7061,0.2745,1,0,none,baostock,query_history_k_data_plus
600346,SHSE.600346,,SH,A股-上交所,2025-03-12,16.32,16.33,15.84,15.87,16.32,15982094,255711721.55,-2.7574,0.227,1,0,none,baostock,query_history_k_data_plus
600346,SHSE.600346,,SH,A股-上交所,2025-03-13,15.88,15.99,15.81,15.92,15.87,8471807,134575356.44,0.3151,0.1204,1,0,none,baostock,query_history_k_data_plus
600346,SHSE.600346,,SH,A股-上交所,2025-03-14,15.92,15.98,15.7,15.75,15.92,13415023,211954648.82,-1.0678,0.1906,1,0,none,baostock,query_history_k_data_plus
600346,SHSE.600346,,SH,A股-上交所,2025-03-17,15.74,15.82,15.62,15.76,15.75,10242320,161226276.86,0.0635,0.1455,1,0,none,baostock,query_history_k_data_plus
600346,SHSE.600346,,SH,A股-上交所,2025-03-18,15.76,15.98,15.72,15.82,15.76,11406062,180790513.88,0.3807,0.162,1,0,none,baostock,query_history_k_data_plus
600346,SHSE.600346,,SH,A股-上交所,2025-03-19,15.79,15.88,15.67,15.72,15.82,8247860,129874022.2,-0.6321,0.1172,1,0,none,baostock,query_history_k_data_plus
600346,SHSE.600346,,SH,A股-上交所,2025-03-20,15.73,15.79,15.55,15.63,15.72,10372929,162418860.55,-0.5725,0.1474,1,0,none,baostock,query_history_k_data_plus
600346,SHSE.600346,,SH,A股-上交所,2025-03-21,15.63,15.81,15.5,15.55,15.63,10730520,167455823.08,-0.5118,0.1524,1,0,none,baostock,query_history_k_data_plus
600346,SHSE.600346,,SH,A股-上交所,2025-03-24,15.55,15.68,15.47,15.56,15.55,8626699,134333881.94,0.0643,0.1226,1,0,none,baostock,query_history_k_data_plus
600346,SHSE.600346,,SH,A股-上交所,2025-03-25,15.62,15.73,15.49,15.72,15.56,8470434,132307101.7,1.0283,0.1203,1,0,none,baostock,query_history_k_data_plus
600346,SHSE.600346,,SH,A股-上交所,2025-03-26,15.72,15.78,15.51,15.55,15.72,7485113,116950915.61,-1.0814,0.1063,1,0,none,baostock,query_history_k_data_plus
600346,SHSE.600346,,SH,A股-上交所,2025-03-27,15.54,15.73,15.51,15.64,15.55,5850270,91520581.3,0.5788,0.0831,1,0,none,baostock,query_history_k_data_plus
600346,SHSE.600346,,SH,A股-上交所,2025-03-28,15.61,15.65,15.35,15.49,15.64,8281900,128210197.97,-0.9591,0.1177,1,0,none,baostock,query_history_k_data_plus
600346,SHSE.600346,,SH,A股-上交所,2025-03-31,15.38,15.48,15.28,15.37,15.49,8038134,123567966.9,-0.7747,0.1142,1,0,none,baostock,query_history_k_data_plus
600346,SHSE.600346,,SH,A股-上交所,2025-04-01,15.41,15.46,15.23,15.42,15.37,7445920,114470197.6,0.3253,0.1058,1,0,none,baostock,query_history_k_data_plus
600346,SHSE.600346,,SH,A股-上交所,2025-04-02,15.4,15.55,15.36,15.5,15.42,6764560,104477344.26,0.5188,0.0961,1,0,none,baostock,query_history_k_data_plus
600346,SHSE.600346,,SH,A股-上交所,2025-04-03,15.45,15.66,15.41,15.46,15.5,8369514,130020439.09,-0.2581,0.1189,1,0,none,baostock,query_history_k_data_plus
600346,SHSE.600346,,SH,A股-上交所,2025-04-07,15.01,15.22,14.31,14.8,15.46,34731177,511185885.66,-4.2691,0.4934,1,0,none,baostock,query_history_k_data_plus
600346,SHSE.600346,,SH,A股-上交所,2025-04-08,14.76,14.99,14.61,14.98,14.8,28686667,424201335.41,1.2162,0.4075,1,0,none,baostock,query_history_k_data_plus
600346,SHSE.600346,,SH,A股-上交所,2025-04-09,14.84,15.15,14.67,15.13,14.98,25083097,374301270.14,1.0013,0.3563,1,0,none,baostock,query_history_k_data_plus
600346,SHSE.600346,,SH,A股-上交所,2025-04-10,15.26,15.33,14.94,15.22,15.13,12873638,195457043.98,0.5948,0.1829,1,0,none,baostock,query_history_k_data_plus
600346,SHSE.600346,,SH,A股-上交所,2025-04-11,15.14,15.2,15.02,15.14,15.22,8849920,133733125.28,-0.5256,0.1257,1,0,none,baostock,query_history_k_data_plus
600346,SHSE.600346,,SH,A股-上交所,2025-04-14,15.15,15.21,14.97,15.03,15.14,17005972,255876517.52,-0.7266,0.2416,1,0,none,baostock,query_history_k_data_plus
600346,SHSE.600346,,SH,A股-上交所,2025-04-15,15.0,15.14,14.87,15.1,15.03,13711085,206044463.22,0.4657,0.1948,1,0,none,baostock,query_history_k_data_plus
600346,SHSE.600346,,SH,A股-上交所,2025-04-16,15.01,15.5,14.92,15.5,15.1,16597122,251566904.16,2.649,0.2358,1,0,none,baostock,query_history_k_data_plus
600346,SHSE.600346,,SH,A股-上交所,2025-04-17,15.4,15.41,15.05,15.22,15.5,14973351,227215911.02,-1.8065,0.2127,1,0,none,baostock,query_history_k_data_plus
600346,SHSE.600346,,SH,A股-上交所,2025-04-18,15.16,15.35,15.07,15.22,15.22,7333480,111575572.64,0.0,0.1042,1,0,none,baostock,query_history_k_data_plus
600346,SHSE.600346,,SH,A股-上交所,2025-04-21,15.3,15.66,15.23,15.64,15.22,12751781,197347188.36,2.7595,0.1812,1,0,none,baostock,query_history_k_data_plus
600346,SHSE.600346,,SH,A股-上交所,2025-04-22,15.59,15.75,15.51,15.58,15.64,9429052,147329604.48,-0.3836,0.134,1,0,none,baostock,query_history_k_data_plus
600346,SHSE.600346,,SH,A股-上交所,2025-04-23,15.58,15.61,15.37,15.57,15.58,6120710,94878432.3,-0.0642,0.087,1,0,none,baostock,query_history_k_data_plus
600346,SHSE.600346,,SH,A股-上交所,2025-04-24,15.54,15.6,15.41,15.53,15.57,5947023,92239996.9,-0.2569,0.0845,1,0,none,baostock,query_history_k_data_plus
600346,SHSE.600346,,SH,A股-上交所,2025-04-25,15.56,15.65,15.43,15.48,15.53,4874340,75673629.88,-0.322,0.0692,1,0,none,baostock,query_history_k_data_plus
600346,SHSE.600346,,SH,A股-上交所,2025-04-28,15.45,15.48,15.33,15.41,15.48,5648594,87096561.68,-0.4522,0.0802,1,0,none,baostock,query_history_k_data_plus
600346,SHSE.600346,,SH,A股-上交所,2025-04-29,15.46,15.46,15.33,15.35,15.41,4715432,72486829.2,-0.3894,0.067,1,0,none,baostock,query_history_k_data_plus
600346,SHSE.600346,,SH,A股-上交所,2025-04-30,15.33,15.42,15.27,15.29,15.35,5251100,80491896.0,-0.3909,0.0746,1,0,none,baostock,query_history_k_data_plus
600346,SHSE.600346,,SH,A股-上交所,2025-05-06,15.28,15.65,15.04,15.63,15.29,13999322,216318485.78,2.2237,0.1989,1,0,none,baostock,query_history_k_data_plus
600346,SHSE.600346,,SH,A股-上交所,2025-05-07,15.72,15.85,15.6,15.84,15.63,11335804,178493839.12,1.3436,0.161,1,0,none,baostock,query_history_k_data_plus
600346,SHSE.600346,,SH,A股-上交所,2025-05-08,15.8,15.87,15.7,15.84,15.84,7212131,113840776.94,0.0,0.1025,1,0,none,baostock,query_history_k_data_plus
600346,SHSE.600346,,SH,A股-上交所,2025-05-09,15.87,15.95,15.61,15.65,15.84,7397838,116473662.34,-1.1995,0.1051,1,0,none,baostock,query_history_k_data_plus
600346,SHSE.600346,,SH,A股-上交所,2025-05-12,15.69,15.79,15.56,15.62,15.65,6181557,96687497.3,-0.1917,0.0878,1,0,none,baostock,query_history_k_data_plus
600346,SHSE.600346,,SH,A股-上交所,2025-05-13,15.7,15.72,15.6,15.67,15.62,5968480,93457805.46,0.3201,0.0848,1,0,none,baostock,query_history_k_data_plus
600346,SHSE.600346,,SH,A股-上交所,2025-05-14,15.71,15.83,15.56,15.6,15.67,10324584,162001135.2,-0.4467,0.1467,1,0,none,baostock,query_history_k_data_plus
600346,SHSE.600346,,SH,A股-上交所,2025-05-15,15.54,15.85,15.5,15.81,15.6,13641055,214673249.46,1.3462,0.1938,1,0,none,baostock,query_history_k_data_plus
600346,SHSE.600346,,SH,A股-上交所,2025-05-16,15.75,15.97,15.75,15.97,15.81,11438189,181868675.72,1.012,0.1625,1,0,none,baostock,query_history_k_data_plus
600346,SHSE.600346,,SH,A股-上交所,2025-05-19,15.95,16.02,15.7,15.78,15.97,8357989,132583713.22,-1.1897,0.1187,1,0,none,baostock,query_history_k_data_plus
600346,SHSE.600346,,SH,A股-上交所,2025-05-20,15.78,15.92,15.62,15.8,15.78,6745713,106455947.37,0.1267,0.0958,1,0,none,baostock,query_history_k_data_plus
600346,SHSE.600346,,SH,A股-上交所,2025-05-21,15.8,15.95,15.8,15.86,15.8,5739184,91234361.31,0.3797,0.0815,1,0,none,baostock,query_history_k_data_plus
600346,SHSE.600346,,SH,A股-上交所,2025-05-22,15.85,15.94,15.66,15.67,15.86,5763583,90613774.11,-1.198,0.0819,1,0,none,baostock,query_history_k_data_plus
600346,SHSE.600346,,SH,A股-上交所,2025-05-23,15.68,15.81,15.55,15.55,15.67,5783192,90621653.92,-0.7658,0.0822,1,0,none,baostock,query_history_k_data_plus
600346,SHSE.600346,,SH,A股-上交所,2025-05-26,15.55,15.63,15.36,15.4,15.55,6179976,95608194.6,-0.9646,0.0878,1,0,none,baostock,query_history_k_data_plus
600346,SHSE.600346,,SH,A股-上交所,2025-05-27,15.39,15.48,15.31,15.44,15.4,5400916,83121772.54,0.2597,0.0767,1,0,none,baostock,query_history_k_data_plus
600346,SHSE.600346,,SH,A股-上交所,2025-05-28,15.46,15.46,15.21,15.22,15.44,5683201,86853005.41,-1.4249,0.0807,1,0,none,baostock,query_history_k_data_plus
600346,SHSE.600346,,SH,A股-上交所,2025-05-29,15.22,15.33,15.06,15.23,15.22,9213143,140076255.53,0.0657,0.1309,1,0,none,baostock,query_history_k_data_plus
600346,SHSE.600346,,SH,A股-上交所,2025-05-30,15.23,15.31,15.13,15.15,15.23,6277754,95439695.97,-0.5253,0.0892,1,0,none,baostock,query_history_k_data_plus
600346,SHSE.600346,,SH,A股-上交所,2025-06-03,15.12,15.14,14.95,15.03,15.15,9233787,138690113.1,-0.7921,0.1312,1,0,none,baostock,query_history_k_data_plus
600346,SHSE.600346,,SH,A股-上交所,2025-06-04,15.02,15.07,14.95,15.0,15.03,5760970,86455271.98,-0.1996,0.0818,1,0,none,baostock,query_history_k_data_plus
600346,SHSE.600346,,SH,A股-上交所,2025-06-05,15.02,15.1,14.93,14.96,15.0,6983442,104510623.64,-0.2667,0.0992,1,0,none,baostock,query_history_k_data_plus
600346,SHSE.600346,,SH,A股-上交所,2025-06-06,15.01,15.11,14.95,14.98,14.96,7975600,119837962.0,0.1337,0.1133,1,0,none,baostock,query_history_k_data_plus
600346,SHSE.600346,,SH,A股-上交所,2025-06-09,14.98,15.12,14.91,15.09,14.98,9540687,143196148.9,0.7343,0.1355,1,0,none,baostock,query_history_k_data_plus
600346,SHSE.600346,,SH,A股-上交所,2025-06-10,15.1,15.31,14.85,14.93,15.09,10674913,160296425.57,-1.0603,0.1517,1,0,none,baostock,query_history_k_data_plus
600346,SHSE.600346,,SH,A股-上交所,2025-06-11,14.93,15.02,14.87,14.89,14.93,10904629,162723823.39,-0.2679,0.1549,1,0,none,baostock,query_history_k_data_plus
600346,SHSE.600346,,SH,A股-上交所,2025-06-12,14.96,14.97,14.75,14.95,14.89,12410953,184466196.41,0.403,0.1763,1,0,none,baostock,query_history_k_data_plus
600346,SHSE.600346,,SH,A股-上交所,2025-06-13,15.03,15.22,14.99,15.19,14.95,17428398,264197502.55,1.6054,0.2476,1,0,none,baostock,query_history_k_data_plus
600346,SHSE.600346,,SH,A股-上交所,2025-06-16,15.2,15.25,15.0,15.0,15.19,10920714,164830174.99,-1.2508,0.1551,1,0,none,baostock,query_history_k_data_plus
600346,SHSE.600346,,SH,A股-上交所,2025-06-17,15.02,15.06,14.78,14.87,15.0,10272653,152646056.53,-0.8667,0.1459,1,0,none,baostock,query_history_k_data_plus
600346,SHSE.600346,,SH,A股-上交所,2025-06-18,14.9,14.97,14.73,14.73,14.87,9532097,141121752.4,-0.9415,0.1354,1,0,none,baostock,query_history_k_data_plus
600346,SHSE.600346,,SH,A股-上交所,2025-06-19,14.28,14.38,14.06,14.18,14.28,13081673,185633050.72,-0.7003,0.1858,1,0,none,baostock,query_history_k_data_plus
600346,SHSE.600346,,SH,A股-上交所,2025-06-20,14.18,14.25,13.95,14.1,14.18,18465197,259655300.32,-0.5642,0.2623,1,0,none,baostock,query_history_k_data_plus
600346,SHSE.600346,,SH,A股-上交所,2025-06-23,14.05,14.33,13.92,14.2,14.1,18125817,257263952.18,0.7092,0.2575,1,0,none,baostock,query_history_k_data_plus
600346,SHSE.600346,,SH,A股-上交所,2025-06-24,14.19,14.3,13.93,14.25,14.2,19735066,278208650.36,0.3521,0.2804,1,0,none,baostock,query_history_k_data_plus
600346,SHSE.600346,,SH,A股-上交所,2025-06-25,14.25,14.25,14.1,14.22,14.25,13009486,184580472.8,-0.2105,0.1848,1,0,none,baostock,query_history_k_data_plus
600346,SHSE.600346,,SH,A股-上交所,2025-06-26,14.2,14.38,14.16,14.18,14.22,14994940,214095746.2,-0.2813,0.213,1,0,none,baostock,query_history_k_data_plus
600346,SHSE.600346,,SH,A股-上交所,2025-06-27,14.25,14.32,14.13,14.27,14.18,12975192,184825946.74,0.6347,0.1843,1,0,none,baostock,query_history_k_data_plus
600346,SHSE.600346,,SH,A股-上交所,2025-06-30,14.27,14.31,14.15,14.26,14.27,12317274,175171795.7,-0.0701,0.175,1,0,none,baostock,query_history_k_data_plus
600346,SHSE.600346,,SH,A股-上交所,2025-07-01,14.29,14.29,14.09,14.19,14.26,8765572,124209184.74,-0.4909,0.1245,1,0,none,baostock,query_history_k_data_plus
600346,SHSE.600346,,SH,A股-上交所,2025-07-02,14.23,14.26,14.12,14.22,14.19,7419538,105445125.01,0.2114,0.1054,1,0,none,baostock,query_history_k_data_plus
600346,SHSE.600346,,SH,A股-上交所,2025-07-03,14.22,14.39,14.2,14.38,14.22,9152338,131259880.16,1.1252,0.13,1,0,none,baostock,query_history_k_data_plus
600346,SHSE.600346,,SH,A股-上交所,2025-07-04,14.37,14.39,14.2,14.22,14.38,7459000,106647719.6,-1.1127,0.106,1,0,none,baostock,query_history_k_data_plus
600346,SHSE.600346,,SH,A股-上交所,2025-07-07,14.23,14.3,14.14,14.17,14.22,7412960,105429500.82,-0.3516,0.1053,1,0,none,baostock,query_history_k_data_plus
600346,SHSE.600346,,SH,A股-上交所,2025-07-08,14.19,14.32,14.14,14.25,14.17,7207322,102640867.73,0.5646,0.1024,1,0,none,baostock,query_history_k_data_plus
600346,SHSE.600346,,SH,A股-上交所,2025-07-09,14.25,14.29,14.07,14.08,14.25,12435200,176060066.0,-1.193,0.1767,1,0,none,baostock,query_history_k_data_plus
600346,SHSE.600346,,SH,A股-上交所,2025-07-10,14.06,14.14,14.05,14.06,14.08,11953189,168438041.83,-0.142,0.1698,1,0,none,baostock,query_history_k_data_plus
600346,SHSE.600346,,SH,A股-上交所,2025-07-11,14.08,14.26,13.99,13.99,14.06,21942989,310160412.47,-0.4979,0.3117,1,0,none,baostock,query_history_k_data_plus
600346,SHSE.600346,,SH,A股-上交所,2025-07-14,14.03,14.14,14.0,14.0,13.99,14128138,198666565.14,0.0715,0.2007,1,0,none,baostock,query_history_k_data_plus
600346,SHSE.600346,,SH,A股-上交所,2025-07-15,14.0,14.11,13.8,13.87,14.0,23446115,326537030.1,-0.9286,0.3331,1,0,none,baostock,query_history_k_data_plus
600346,SHSE.600346,,SH,A股-上交所,2025-07-16,13.87,13.97,13.84,13.87,13.87,12667100,176010139.81,0.0,0.18,1,0,none,baostock,query_history_k_data_plus
600346,SHSE.600346,,SH,A股-上交所,2025-07-17,13.89,13.89,13.76,13.88,13.87,13540770,187132992.6,0.0721,0.1924,1,0,none,baostock,query_history_k_data_plus
600346,SHSE.600346,,SH,A股-上交所,2025-07-18,13.88,14.05,13.85,14.01,13.88,32008582,446907562.82,0.9366,0.4547,1,0,none,baostock,query_history_k_data_plus
600346,SHSE.600346,,SH,A股-上交所,2025-07-21,14.29,15.19,14.22,14.88,14.01,70363010,1042526382.0,6.2099,0.9996,1,0,none,baostock,query_history_k_data_plus
600346,SHSE.600346,,SH,A股-上交所,2025-07-22,14.83,15.8,14.81,15.78,14.88,62719625,965012104.02,6.0484,0.891,1,0,none,baostock,query_history_k_data_plus
600346,SHSE.600346,,SH,A股-上交所,2025-07-23,15.77,16.0,15.61,15.87,15.78,52320412,829096243.59,0.5703,0.7433,1,0,none,baostock,query_history_k_data_plus
600346,SHSE.600346,,SH,A股-上交所,2025-07-24,15.84,15.86,15.53,15.64,15.87,33569649,526193071.18,-1.4493,0.4769,1,0,none,baostock,query_history_k_data_plus
600346,SHSE.600346,,SH,A股-上交所,2025-07-25,15.65,16.14,15.65,15.68,15.64,27715628,439484980.48,0.2558,0.3937,1,0,none,baostock,query_history_k_data_plus
600346,SHSE.600346,,SH,A股-上交所,2025-07-28,15.76,15.81,15.4,15.71,15.68,22184233,347531433.05,0.1913,0.3152,1,0,none,baostock,query_history_k_data_plus
600346,SHSE.600346,,SH,A股-上交所,2025-07-29,15.7,15.76,15.41,15.53,15.71,19629014,304320661.82,-1.1458,0.2789,1,0,none,baostock,query_history_k_data_plus
600346,SHSE.600346,,SH,A股-上交所,2025-07-30,15.55,16.29,15.51,16.1,15.53,35820430,576595339.82,3.6703,0.5089,1,0,none,baostock,query_history_k_data_plus
600346,SHSE.600346,,SH,A股-上交所,2025-07-31,16.08,16.08,15.35,15.45,16.1,22705458,354452498.44,-4.0373,0.3226,1,0,none,baostock,query_history_k_data_plus
600346,SHSE.600346,,SH,A股-上交所,2025-08-01,15.43,15.59,15.33,15.41,15.45,15721703,242763645.13,-0.2589,0.2233,1,0,none,baostock,query_history_k_data_plus
600346,SHSE.600346,,SH,A股-上交所,2025-08-04,15.36,15.59,15.15,15.26,15.41,13541464,206639966.81,-0.9734,0.1924,1,0,none,baostock,query_history_k_data_plus
600346,SHSE.600346,,SH,A股-上交所,2025-08-05,15.36,15.38,15.17,15.24,15.26,10933800,166638965.7,-0.1311,0.1553,1,0,none,baostock,query_history_k_data_plus
600346,SHSE.600346,,SH,A股-上交所,2025-08-06,15.21,15.3,15.12,15.25,15.24,10989080,167104924.2,0.0656,0.1561,1,0,none,baostock,query_history_k_data_plus
600346,SHSE.600346,,SH,A股-上交所,2025-08-07,15.29,15.4,15.08,15.11,15.25,13996689,212100804.19,-0.918,0.1988,1,0,none,baostock,query_history_k_data_plus
600346,SHSE.600346,,SH,A股-上交所,2025-08-08,15.16,15.43,15.11,15.26,15.11,12448200,190156823.57,0.9927,0.1768,1,0,none,baostock,query_history_k_data_plus
600346,SHSE.600346,,SH,A股-上交所,2025-08-11,15.26,15.4,15.15,15.27,15.26,18461427,281688058.5,0.0655,0.2623,1,0,none,baostock,query_history_k_data_plus
600346,SHSE.600346,,SH,A股-上交所,2025-08-12,15.27,15.55,15.18,15.23,15.27,25527172,391987465.79,-0.262,0.3626,1,0,none,baostock,query_history_k_data_plus
600346,SHSE.600346,,SH,A股-上交所,2025-08-13,15.24,15.3,15.06,15.08,15.23,21494551,325749062.11,-0.9849,0.3054,1,0,none,baostock,query_history_k_data_plus
600346,SHSE.600346,,SH,A股-上交所,2025-08-14,15.09,15.2,14.9,14.96,15.08,19470394,292917917.62,-0.7958,0.2766,1,0,none,baostock,query_history_k_data_plus
600346,SHSE.600346,,SH,A股-上交所,2025-08-15,14.9,15.42,14.9,15.17,14.96,27127554,414293680.68,1.4037,0.3854,1,0,none,baostock,query_history_k_data_plus
600346,SHSE.600346,,SH,A股-上交所,2025-08-18,15.21,15.35,15.12,15.12,15.17,21851329,332139580.16,-0.3296,0.3104,1,0,none,baostock,query_history_k_data_plus
600346,SHSE.600346,,SH,A股-上交所,2025-08-19,15.13,15.28,15.0,15.01,15.12,18774005,283316863.56,-0.7275,0.2667,1,0,none,baostock,query_history_k_data_plus
600346,SHSE.600346,,SH,A股-上交所,2025-08-20,14.95,16.51,14.95,16.5,15.01,89913980,1433645900.86,9.9267,1.2774,1,0,none,baostock,query_history_k_data_plus
600346,SHSE.600346,,SH,A股-上交所,2025-08-21,16.64,17.11,16.34,16.81,16.5,81367493,1357347590.89,1.8788,1.1559,1,0,none,baostock,query_history_k_data_plus
600346,SHSE.600346,,SH,A股-上交所,2025-08-22,16.8,17.2,16.77,17.1,16.81,54831003,932177846.2,1.7252,0.7789,1,0,none,baostock,query_history_k_data_plus
600346,SHSE.600346,,SH,A股-上交所,2025-08-25,17.1,17.5,16.84,17.15,17.1,45815985,786274838.33,0.2924,0.6509,1,0,none,baostock,query_history_k_data_plus
600346,SHSE.600346,,SH,A股-上交所,2025-08-26,17.14,17.95,17.06,17.53,17.15,45837886,806378037.89,2.2157,0.6512,1,0,none,baostock,query_history_k_data_plus
600346,SHSE.600346,,SH,A股-上交所,2025-08-27,17.41,17.69,17.01,17.26,17.53,33061513,576246115.25,-1.5402,0.4697,1,0,none,baostock,query_history_k_data_plus
600346,SHSE.600346,,SH,A股-上交所,2025-08-28,17.17,17.66,17.17,17.64,17.26,28965722,506239662.5,2.2016,0.4115,1,0,none,baostock,query_history_k_data_plus
600346,SHSE.600346,,SH,A股-上交所,2025-08-29,17.61,17.81,17.42,17.61,17.64,27657863,487977660.47,-0.1701,0.3929,1,0,none,baostock,query_history_k_data_plus
600346,SHSE.600346,,SH,A股-上交所,2025-09-01,17.61,18.0,17.37,17.75,17.61,32007394,566930400.55,0.795,0.4547,1,0,none,baostock,query_history_k_data_plus
600346,SHSE.600346,,SH,A股-上交所,2025-09-02,17.69,17.81,17.43,17.58,17.75,25779229,453158209.86,-0.9577,0.3662,1,0,none,baostock,query_history_k_data_plus
600346,SHSE.600346,,SH,A股-上交所,2025-09-03,17.58,17.74,17.15,17.55,17.58,23489057,408072034.96,-0.1706,0.3337,1,0,none,baostock,query_history_k_data_plus
600346,SHSE.600346,,SH,A股-上交所,2025-09-04,17.45,17.54,16.8,17.14,17.55,32437044,553039199.37,-2.3362,0.4608,1,0,none,baostock,query_history_k_data_plus
600346,SHSE.600346,,SH,A股-上交所,2025-09-05,17.0,17.37,17.0,17.2,17.14,20321970,349715778.69,0.3501,0.2887,1,0,none,baostock,query_history_k_data_plus
600346,SHSE.600346,,SH,A股-上交所,2025-09-08,17.2,17.77,17.2,17.7,17.2,35586673,626156014.0,2.907,0.5056,1,0,none,baostock,query_history_k_data_plus
600346,SHSE.600346,,SH,A股-上交所,2025-09-09,17.69,17.79,17.25,17.45,17.7,21009035,368016256.15,-1.4124,0.2985,1,0,none,baostock,query_history_k_data_plus
600346,SHSE.600346,,SH,A股-上交所,2025-09-10,17.41,17.46,17.15,17.23,17.45,15334037,265250087.98,-1.2607,0.2178,1,0,none,baostock,query_history_k_data_plus
600346,SHSE.600346,,SH,A股-上交所,2025-09-11,17.23,17.44,17.07,17.29,17.23,19839917,341683359.66,0.3482,0.2819,1,0,none,baostock,query_history_k_data_plus
600346,SHSE.600346,,SH,A股-上交所,2025-09-12,17.29,17.36,16.83,16.96,17.29,25552285,435089183.88,-1.9086,0.363,1,0,none,baostock,query_history_k_data_plus
600346,SHSE.600346,,SH,A股-上交所,2025-09-15,16.97,17.07,16.76,16.89,16.96,16605086,279876831.99,-0.4127,0.2359,1,0,none,baostock,query_history_k_data_plus
600346,SHSE.600346,,SH,A股-上交所,2025-09-16,17.06,17.55,16.55,16.88,16.89,26568669,449898761.55,-0.0592,0.3774,1,0,none,baostock,query_history_k_data_plus
600346,SHSE.600346,,SH,A股-上交所,2025-09-17,16.8,17.0,16.65,16.89,16.88,12713407,213952400.7,0.0592,0.1806,1,0,none,baostock,query_history_k_data_plus
600346,SHSE.600346,,SH,A股-上交所,2025-09-18,16.89,16.95,16.51,16.63,16.89,17546492,292537121.64,-1.5394,0.2493,1,0,none,baostock,query_history_k_data_plus
600346,SHSE.600346,,SH,A股-上交所,2025-09-19,16.67,17.06,16.66,16.98,16.63,24775576,418625566.36,2.1046,0.352,1,0,none,baostock,query_history_k_data_plus
600346,SHSE.600346,,SH,A股-上交所,2025-09-22,16.95,16.95,16.58,16.62,16.98,22615421,377753399.3,-2.1201,0.3213,1,0,none,baostock,query_history_k_data_plus
600346,SHSE.600346,,SH,A股-上交所,2025-09-23,16.64,16.71,16.3,16.46,16.62,20634829,339252340.92,-0.9627,0.2931,1,0,none,baostock,query_history_k_data_plus
600346,SHSE.600346,,SH,A股-上交所,2025-09-24,16.55,16.56,16.17,16.29,16.38,20172890,328442853.43,-0.5495,0.2866,1,0,none,baostock,query_history_k_data_plus
600346,SHSE.600346,,SH,A股-上交所,2025-09-25,16.3,16.42,16.11,16.4,16.29,18329834,298323441.08,0.6753,0.2604,1,0,none,baostock,query_history_k_data_plus
600346,SHSE.600346,,SH,A股-上交所,2025-09-26,16.3,17.34,16.14,16.97,16.4,47058908,797436704.76,3.4756,0.6685,1,0,none,baostock,query_history_k_data_plus
600346,SHSE.600346,,SH,A股-上交所,2025-09-29,17.05,17.08,16.71,17.0,16.97,27359523,463096716.88,0.1768,0.3887,1,0,none,baostock,query_history_k_data_plus
600346,SHSE.600346,,SH,A股-上交所,2025-09-30,16.91,17.18,16.6,17.14,17.0,25501588,431582218.52,0.8235,0.3623,1,0,none,baostock,query_history_k_data_plus
600346,SHSE.600346,,SH,A股-上交所,2025-10-09,17.06,17.47,16.4,17.44,17.14,31860628,542533704.75,1.7503,0.4526,1,0,none,baostock,query_history_k_data_plus
600346,SHSE.600346,,SH,A股-上交所,2025-10-10,17.2,17.88,17.17,17.63,17.44,29278249,516131909.74,1.0894,0.4159,1,0,none,baostock,query_history_k_data_plus
600346,SHSE.600346,,SH,A股-上交所,2025-10-13,17.22,17.43,16.88,17.18,17.63,25540958,437834655.76,-2.5525,0.3628,1,0,none,baostock,query_history_k_data_plus
600346,SHSE.600346,,SH,A股-上交所,2025-10-14,17.26,17.34,16.81,16.85,17.18,20642075,351723023.61,-1.9208,0.2932,1,0,none,baostock,query_history_k_data_plus
600346,SHSE.600346,,SH,A股-上交所,2025-10-15,16.91,17.04,16.67,16.88,16.85,16999082,285930712.86,0.178,0.2415,1,0,none,baostock,query_history_k_data_plus
600346,SHSE.600346,,SH,A股-上交所,2025-10-16,16.85,16.92,16.64,16.72,16.88,15028584,251706534.75,-0.9479,0.2135,1,0,none,baostock,query_history_k_data_plus
600346,SHSE.600346,,SH,A股-上交所,2025-10-17,16.68,16.85,16.38,16.41,16.72,13101077,217406763.73,-1.8541,0.1861,1,0,none,baostock,query_history_k_data_plus
600346,SHSE.600346,,SH,A股-上交所,2025-10-20,16.5,16.53,16.2,16.27,16.41,14381273,234699390.6,-0.8531,0.2043,1,0,none,baostock,query_history_k_data_plus
600346,SHSE.600346,,SH,A股-上交所,2025-10-21,16.27,16.45,16.25,16.38,16.27,9499364,155488798.4,0.6761,0.135,1,0,none,baostock,query_history_k_data_plus
600346,SHSE.600346,,SH,A股-上交所,2025-10-22,16.31,16.77,16.27,16.63,16.38,14753103,244006309.71,1.5263,0.2096,1,0,none,baostock,query_history_k_data_plus
600346,SHSE.600346,,SH,A股-上交所,2025-10-23,16.58,17.75,16.57,17.6,16.63,39973942,692537343.82,5.8328,0.5679,1,0,none,baostock,query_history_k_data_plus
600346,SHSE.600346,,SH,A股-上交所,2025-10-24,17.45,17.65,16.73,16.87,17.6,33970630,578832476.36,-4.1477,0.4826,1,0,none,baostock,query_history_k_data_plus
600346,SHSE.600346,,SH,A股-上交所,2025-10-27,16.81,17.14,16.7,17.07,16.87,18340750,310184462.73,1.1855,0.2606,1,0,none,baostock,query_history_k_data_plus
600346,SHSE.600346,,SH,A股-上交所,2025-10-28,17.25,17.8,17.25,17.31,17.07,28241325,493834642.34,1.406,0.4012,1,0,none,baostock,query_history_k_data_plus
600346,SHSE.600346,,SH,A股-上交所,2025-10-29,17.24,18.11,17.04,17.81,17.31,30949624,547749420.75,2.8885,0.4397,1,0,none,baostock,query_history_k_data_plus
600346,SHSE.600346,,SH,A股-上交所,2025-10-30,17.8,18.11,17.61,17.82,17.81,23154805,414244168.96,0.0561,0.3289,1,0,none,baostock,query_history_k_data_plus
600346,SHSE.600346,,SH,A股-上交所,2025-10-31,17.85,18.28,17.71,17.95,17.82,26260625,471338051.47,0.7295,0.3731,1,0,none,baostock,query_history_k_data_plus
600346,SHSE.600346,,SH,A股-上交所,2025-11-03,17.94,18.21,17.72,17.95,17.95,18959313,340630926.24,0.0,0.2693,1,0,none,baostock,query_history_k_data_plus
600346,SHSE.600346,,SH,A股-上交所,2025-11-04,17.93,18.07,17.46,17.58,17.95,17731726,313689116.95,-2.0613,0.2519,1,0,none,baostock,query_history_k_data_plus
600346,SHSE.600346,,SH,A股-上交所,2025-11-05,17.43,17.67,17.34,17.47,17.58,12054489,211445801.76,-0.6257,0.1713,1,0,none,baostock,query_history_k_data_plus
600346,SHSE.600346,,SH,A股-上交所,2025-11-06,17.47,18.58,17.43,18.52,17.47,39546008,719182027.87,6.0103,0.5618,1,0,none,baostock,query_history_k_data_plus
600346,SHSE.600346,,SH,A股-上交所,2025-11-07,18.46,19.75,18.32,19.39,18.52,59094539,1139622394.23,4.6976,0.8395,1,0,none,baostock,query_history_k_data_plus
600346,SHSE.600346,,SH,A股-上交所,2025-11-10,19.39,20.63,19.23,20.2,19.39,58384173,1170467689.75,4.1774,0.8294,1,0,none,baostock,query_history_k_data_plus
600346,SHSE.600346,,SH,A股-上交所,2025-11-11,20.09,20.26,19.85,20.09,20.2,25278135,505926640.53,-0.5446,0.3591,1,0,none,baostock,query_history_k_data_plus
600346,SHSE.600346,,SH,A股-上交所,2025-11-12,20.13,20.21,19.7,19.92,20.09,20163180,402595511.04,-0.8462,0.2864,1,0,none,baostock,query_history_k_data_plus
600346,SHSE.600346,,SH,A股-上交所,2025-11-13,19.9,20.14,19.65,19.89,19.92,23059959,459166235.89,-0.1506,0.3276,1,0,none,baostock,query_history_k_data_plus
600346,SHSE.600346,,SH,A股-上交所,2025-11-14,19.8,20.28,19.58,19.65,19.89,25636873,509378779.6,-1.2066,0.3642,1,0,none,baostock,query_history_k_data_plus
600346,SHSE.600346,,SH,A股-上交所,2025-11-17,19.66,20.98,19.36,20.39,19.65,48260900,974735471.7,3.7659,0.6856,1,0,none,baostock,query_history_k_data_plus
600346,SHSE.600346,,SH,A股-上交所,2025-11-18,20.4,20.59,19.42,19.6,20.39,30840607,608530054.37,-3.8744,0.4381,1,0,none,baostock,query_history_k_data_plus
600346,SHSE.600346,,SH,A股-上交所,2025-11-19,19.58,19.85,19.24,19.77,19.6,24403942,475875476.3,0.8673,0.3467,1,0,none,baostock,query_history_k_data_plus
600346,SHSE.600346,,SH,A股-上交所,2025-11-20,19.77,19.77,19.01,19.07,19.77,22856285,440838593.78,-3.5407,0.3247,1,0,none,baostock,query_history_k_data_plus
600346,SHSE.600346,,SH,A股-上交所,2025-11-21,18.85,19.02,18.54,18.61,19.07,31455848,589020967.32,-2.4122,0.4469,1,0,none,baostock,query_history_k_data_plus
600346,SHSE.600346,,SH,A股-上交所,2025-11-24,18.61,18.77,18.34,18.45,18.61,17537412,324843356.3,-0.8598,0.2491,1,0,none,baostock,query_history_k_data_plus
600346,SHSE.600346,,SH,A股-上交所,2025-11-25,18.55,18.7,18.33,18.44,18.45,15523256,286726347.78,-0.0542,0.2205,1,0,none,baostock,query_history_k_data_plus
600346,SHSE.600346,,SH,A股-上交所,2025-11-26,18.4,18.64,18.3,18.36,18.44,10451416,192633642.06,-0.4338,0.1485,1,0,none,baostock,query_history_k_data_plus
600346,SHSE.600346,,SH,A股-上交所,2025-11-27,18.4,18.88,18.3,18.81,18.36,19370531,361015318.51,2.451,0.2752,1,0,none,baostock,query_history_k_data_plus
600346,SHSE.600346,,SH,A股-上交所,2025-11-28,18.8,19.09,18.64,18.91,18.81,18217467,343229034.56,0.5316,0.2588,1,0,none,baostock,query_history_k_data_plus
600346,SHSE.600346,,SH,A股-上交所,2025-12-01,19.08,19.49,18.91,19.2,18.91,24527808,471802430.91,1.5336,0.3485,1,0,none,baostock,query_history_k_data_plus
600346,SHSE.600346,,SH,A股-上交所,2025-12-02,19.2,19.65,19.13,19.2,19.2,19528242,378188365.19,0.0,0.2774,1,0,none,baostock,query_history_k_data_plus
600346,SHSE.600346,,SH,A股-上交所,2025-12-03,19.14,19.68,19.03,19.59,19.2,18915238,368348699.34,2.0313,0.2687,1,0,none,baostock,query_history_k_data_plus
600346,SHSE.600346,,SH,A股-上交所,2025-12-04,19.4,19.53,18.86,19.08,19.59,16228605,309246097.49,-2.6034,0.2305,1,0,none,baostock,query_history_k_data_plus
600346,SHSE.600346,,SH,A股-上交所,2025-12-05,19.03,19.5,18.9,19.36,19.08,13181569,253632440.5,1.4675,0.1873,1,0,none,baostock,query_history_k_data_plus
600346,SHSE.600346,,SH,A股-上交所,2025-12-08,19.37,19.46,18.71,18.99,19.36,19855596,375213817.96,-1.9112,0.2821,1,0,none,baostock,query_history_k_data_plus
600346,SHSE.600346,,SH,A股-上交所,2025-12-09,18.88,19.29,18.69,18.9,18.99,13295128,251452745.73,-0.4739,0.1889,1,0,none,baostock,query_history_k_data_plus
600346,SHSE.600346,,SH,A股-上交所,2025-12-10,18.85,18.99,18.6,18.94,18.9,9703523,182330027.94,0.2116,0.1379,1,0,none,baostock,query_history_k_data_plus
600346,SHSE.600346,,SH,A股-上交所,2025-12-11,18.96,19.13,18.61,18.63,18.94,12830662,240678934.65,-1.6367,0.1823,1,0,none,baostock,query_history_k_data_plus
600346,SHSE.600346,,SH,A股-上交所,2025-12-12,18.63,18.74,18.24,18.35,18.63,17367227,319396758.88,-1.503,0.2467,1,0,none,baostock,query_history_k_data_plus
600346,SHSE.600346,,SH,A股-上交所,2025-12-15,18.26,18.98,18.2,18.88,18.35,20731983,389430605.45,2.8883,0.2945,1,0,none,baostock,query_history_k_data_plus
600346,SHSE.600346,,SH,A股-上交所,2025-12-16,18.81,18.94,18.29,18.46,18.88,22295379,412637268.11,-2.2246,0.3167,1,0,none,baostock,query_history_k_data_plus
600346,SHSE.600346,,SH,A股-上交所,2025-12-17,18.42,18.88,18.37,18.78,18.46,23371539,434840389.52,1.7335,0.332,1,0,none,baostock,query_history_k_data_plus
600346,SHSE.600346,,SH,A股-上交所,2025-12-18,18.9,19.63,18.85,19.0,18.78,31539124,607702644.91,1.1715,0.4481,1,0,none,baostock,query_history_k_data_plus
600346,SHSE.600346,,SH,A股-上交所,2025-12-19,19.32,19.6,19.1,19.16,19.0,24083602,464334937.92,0.8421,0.3421,1,0,none,baostock,query_history_k_data_plus
600346,SHSE.600346,,SH,A股-上交所,2025-12-22,19.49,20.13,19.48,20.03,19.16,43851449,870662045.44,4.5407,0.623,1,0,none,baostock,query_history_k_data_plus
600346,SHSE.600346,,SH,A股-上交所,2025-12-23,20.04,20.14,19.65,19.96,20.03,22294072,443882151.84,-0.3495,0.3167,1,0,none,baostock,query_history_k_data_plus
600346,SHSE.600346,,SH,A股-上交所,2025-12-24,19.96,20.44,19.58,20.34,19.96,28640466,575383167.94,1.9038,0.4069,1,0,none,baostock,query_history_k_data_plus
600346,SHSE.600346,,SH,A股-上交所,2025-12-25,20.34,20.93,20.21,20.74,20.34,29865460,615257591.94,1.9666,0.4243,1,0,none,baostock,query_history_k_data_plus
600346,SHSE.600346,,SH,A股-上交所,2025-12-26,20.92,21.52,20.68,21.27,20.74,35325202,745080103.38,2.5554,0.5018,1,0,none,baostock,query_history_k_data_plus
600346,SHSE.600346,,SH,A股-上交所,2025-12-29,21.1,21.6,20.88,21.0,21.27,29801011,630744976.5,-1.2694,0.4234,1,0,none,baostock,query_history_k_data_plus
600346,SHSE.600346,,SH,A股-上交所,2025-12-30,20.92,22.8,20.9,22.43,21.0,56250013,1241310632.36,6.8095,0.7991,1,0,none,baostock,query_history_k_data_plus
600346,SHSE.600346,,SH,A股-上交所,2025-12-31,22.42,22.58,22.01,22.53,22.43,33167364,742137006.92,0.4458,0.4712,1,0,none,baostock,query_history_k_data_plus
600346,SHSE.600346,,SH,A股-上交所,2026-01-05,22.2,22.23,21.56,22.01,22.53,39643914,869814007.68,-2.308,0.5632,1,0,none,baostock,query_history_k_data_plus
600346,SHSE.600346,,SH,A股-上交所,2026-01-06,21.98,24.21,21.98,23.84,22.01,83452305,1954312423.83,8.3144,1.1856,1,0,none,baostock,query_history_k_data_plus
600346,SHSE.600346,,SH,A股-上交所,2026-01-07,23.5,24.13,23.5,23.65,23.84,38067913,905196785.21,-0.797,0.5408,1,0,none,baostock,query_history_k_data_plus
600346,SHSE.600346,,SH,A股-上交所,2026-01-08,23.33,24.4,23.02,23.79,23.65,33055984,779672443.24,0.592,0.4696,1,0,none,baostock,query_history_k_data_plus
600346,SHSE.600346,,SH,A股-上交所,2026-01-09,24.0,24.25,22.88,23.22,23.79,34752693,812608444.16,-2.396,0.4937,1,0,none,baostock,query_history_k_data_plus
600346,SHSE.600346,,SH,A股-上交所,2026-01-12,23.44,23.45,22.6,22.67,23.22,34484974,789424080.03,-2.3686,0.4899,1,0,none,baostock,query_history_k_data_plus
600346,SHSE.600346,,SH,A股-上交所,2026-01-13,22.68,23.98,22.51,23.83,22.67,40713807,953059903.92,5.1169,0.5784,1,0,none,baostock,query_history_k_data_plus
600346,SHSE.600346,,SH,A股-上交所,2026-01-14,23.3,24.78,23.3,23.93,23.83,41534101,998038364.71,0.4196,0.59,1,0,none,baostock,query_history_k_data_plus
600346,SHSE.600346,,SH,A股-上交所,2026-01-15,23.65,24.42,23.59,23.75,23.93,27709681,662787634.7,-0.7522,0.3937,1,0,none,baostock,query_history_k_data_plus
600346,SHSE.600346,,SH,A股-上交所,2026-01-16,23.71,23.98,23.23,23.46,23.75,27188627,640971987.15,-1.2211,0.3863,1,0,none,baostock,query_history_k_data_plus
600346,SHSE.600346,,SH,A股-上交所,2026-01-19,23.39,25.16,23.26,25.08,23.46,49447494,1215955523.54,6.9054,0.7025,1,0,none,baostock,query_history_k_data_plus
600346,SHSE.600346,,SH,A股-上交所,2026-01-20,25.2,26.79,25.08,26.74,25.08,64230293,1670181545.49,6.6188,0.9125,1,0,none,baostock,query_history_k_data_plus
600346,SHSE.600346,,SH,A股-上交所,2026-01-21,26.48,26.9,25.75,26.3,26.74,45040850,1188898659.05,-1.6455,0.6399,1,0,none,baostock,query_history_k_data_plus
600346,SHSE.600346,,SH,A股-上交所,2026-01-22,26.53,26.98,26.16,26.45,26.3,39819663,1055126309.9,0.5703,0.5657,1,0,none,baostock,query_history_k_data_plus
600346,SHSE.600346,,SH,A股-上交所,2026-01-23,26.98,27.12,25.86,26.15,26.45,42790292,1127272041.98,-1.1342,0.6079,1,0,none,baostock,query_history_k_data_plus
600346,SHSE.600346,,SH,A股-上交所,2026-01-26,26.13,27.26,26.08,26.1,26.15,47638563,1264497233.67,-0.1912,0.6768,1,0,none,baostock,query_history_k_data_plus
600346,SHSE.600346,,SH,A股-上交所,2026-01-27,26.0,26.91,25.64,25.75,26.1,36339489,948488399.69,-1.341,0.5163,1,0,none,baostock,query_history_k_data_plus
600346,SHSE.600346,,SH,A股-上交所,2026-01-28,25.9,27.12,25.6,25.77,25.75,73021653,1918646216.72,0.0777,1.0374,1,0,none,baostock,query_history_k_data_plus
600346,SHSE.600346,,SH,A股-上交所,2026-01-29,25.77,26.39,25.66,26.0,25.77,41729973,1083302320.56,0.8925,0.5928,1,0,none,baostock,query_history_k_data_plus
600346,SHSE.600346,,SH,A股-上交所,2026-01-30,25.99,26.8,25.3,26.1,26.0,40006982,1039946561.89,0.3846,0.5684,1,0,none,baostock,query_history_k_data_plus
600346,SHSE.600346,,SH,A股-上交所,2026-02-02,25.58,25.66,23.7,24.0,26.1,68399927,1674738936.8,-8.046,0.9717,1,0,none,baostock,query_history_k_data_plus
600346,SHSE.600346,,SH,A股-上交所,2026-02-03,24.48,25.0,23.85,24.73,24.0,65035593,1587093778.61,3.0417,0.9239,1,0,none,baostock,query_history_k_data_plus
600346,SHSE.600346,,SH,A股-上交所,2026-02-04,25.18,25.62,24.68,24.85,24.73,52712213,1323228012.07,0.4852,0.7488,1,0,none,baostock,query_history_k_data_plus
600346,SHSE.600346,,SH,A股-上交所,2026-02-05,24.85,25.17,23.75,24.05,24.85,42307358,1023607626.17,-3.2193,0.601,1,0,none,baostock,query_history_k_data_plus
600346,SHSE.600346,,SH,A股-上交所,2026-02-06,23.61,24.96,23.26,24.72,24.05,55171653,1350214869.66,2.7859,0.7838,1,0,none,baostock,query_history_k_data_plus
600346,SHSE.600346,,SH,A股-上交所,2026-02-09,25.01,25.2,24.3,24.91,24.72,38939015,965484692.03,0.7686,0.5532,1,0,none,baostock,query_history_k_data_plus
600346,SHSE.600346,,SH,A股-上交所,2026-02-10,24.96,25.0,24.25,24.65,24.91,31576703,774617377.27,-1.0438,0.4486,1,0,none,baostock,query_history_k_data_plus
600346,SHSE.600346,,SH,A股-上交所,2026-02-11,24.65,26.39,24.38,25.69,24.65,82279693,2128246793.48,4.2191,1.1689,1,0,none,baostock,query_history_k_data_plus
600346,SHSE.600346,,SH,A股-上交所,2026-02-12,25.63,26.1,25.2,25.32,25.69,28178780,720050642.8,-1.4402,0.4003,1,0,none,baostock,query_history_k_data_plus
600346,SHSE.600346,,SH,A股-上交所,2026-02-13,25.0,25.23,24.4,24.57,25.32,27390558,676529139.14,-2.9621,0.3891,1,0,none,baostock,query_history_k_data_plus
600346,SHSE.600346,,SH,A股-上交所,2026-02-24,25.0,25.85,24.54,25.39,24.57,41459433,1052171091.82,3.3374,0.589,1,0,none,baostock,query_history_k_data_plus
600346,SHSE.600346,,SH,A股-上交所,2026-02-25,25.41,26.5,25.25,25.42,25.39,56626188,1462453077.65,0.1182,0.8045,1,0,none,baostock,query_history_k_data_plus
600346,SHSE.600346,,SH,A股-上交所,2026-02-26,25.4,26.17,25.02,25.29,25.42,34858837,888110787.08,-0.5114,0.4952,1,0,none,baostock,query_history_k_data_plus
600346,SHSE.600346,,SH,A股-上交所,2026-02-27,25.17,26.4,25.17,25.7,25.29,48427879,1250074570.93,1.6212,0.688,1,0,none,baostock,query_history_k_data_plus
600346,SHSE.600346,,SH,A股-上交所,2026-03-02,26.65,26.76,25.36,26.5,25.7,78962253,2051329779.8,3.1128,1.1218,1,0,none,baostock,query_history_k_data_plus
600346,SHSE.600346,,SH,A股-上交所,2026-03-03,26.53,27.0,25.66,26.02,26.5,77283183,2041598586.02,-1.8113,1.0979,1,0,none,baostock,query_history_k_data_plus
600346,SHSE.600346,,SH,A股-上交所,2026-03-04,25.0,25.0,23.51,23.77,26.02,81022388,1950336312.91,-8.6472,1.151,1,0,none,baostock,query_history_k_data_plus
600346,SHSE.600346,,SH,A股-上交所,2026-03-05,24.1,25.87,23.7,25.38,23.77,67018097,1664790881.32,6.7732,0.9521,1,0,none,baostock,query_history_k_data_plus
600346,SHSE.600346,,SH,A股-上交所,2026-03-06,25.01,25.66,24.4,25.36,25.38,40657960,1021462557.7,-0.0788,0.5776,1,0,none,baostock,query_history_k_data_plus
600346,SHSE.600346,,SH,A股-上交所,2026-03-09,26.31,26.32,22.82,22.88,25.36,91808146,2146562066.19,-9.7792,1.3043,1,0,none,baostock,query_history_k_data_plus
600346,SHSE.600346,,SH,A股-上交所,2026-03-10,22.88,23.23,22.18,22.27,22.88,66384143,1494437954.88,-2.6661,0.9431,1,0,none,baostock,query_history_k_data_plus
600346,SHSE.600346,,SH,A股-上交所,2026-03-11,22.25,22.3,21.55,22.0,22.27,57125234,1250645511.56,-1.2124,0.8115,1,0,none,baostock,query_history_k_data_plus
600346,SHSE.600346,,SH,A股-上交所,2026-03-12,22.28,23.09,21.3,22.48,22.0,80304738,1799059287.98,2.1818,1.1408,1,0,none,baostock,query_history_k_data_plus
600346,SHSE.600346,,SH,A股-上交所,2026-03-13,22.08,23.56,21.73,22.96,22.48,79212286,1801194362.32,2.1352,1.1253,1,0,none,baostock,query_history_k_data_plus
600346,SHSE.600346,,SH,A股-上交所,2026-03-16,22.85,23.19,21.8,22.14,22.96,48914071,1086326019.78,-3.5714,0.6949,1,0,none,baostock,query_history_k_data_plus
600346,SHSE.600346,,SH,A股-上交所,2026-03-17,22.0,22.57,21.97,22.05,22.14,34713398,770300349.77,-0.4065,0.4932,1,0,none,baostock,query_history_k_data_plus
600346,SHSE.600346,,SH,A股-上交所,2026-03-18,22.04,23.2,21.61,22.9,22.05,45593865,1021515401.55,3.8549,0.6477,1,0,none,baostock,query_history_k_data_plus
600346,SHSE.600346,,SH,A股-上交所,2026-03-19,22.6,22.75,21.15,21.28,22.9,72711205,1575557555.77,-7.0742,1.033,1,0,none,baostock,query_history_k_data_plus
600346,SHSE.600346,,SH,A股-上交所,2026-03-20,21.3,21.71,20.65,20.7,21.28,46151246,972180815.6,-2.7256,0.6556,1,0,none,baostock,query_history_k_data_plus
600346,SHSE.600346,,SH,A股-上交所,2026-03-23,20.34,21.04,19.98,20.27,20.7,55480983,1131541457.49,-2.0773,0.7882,1,0,none,baostock,query_history_k_data_plus
600346,SHSE.600346,,SH,A股-上交所,2026-03-24,20.54,20.57,19.81,20.29,20.27,39015107,788449688.39,0.0987,0.5543,1,0,none,baostock,query_history_k_data_plus
600346,SHSE.600346,,SH,A股-上交所,2026-03-25,20.5,21.86,20.5,21.5,20.29,49814967,1067745966.2,5.9635,0.7077,1,0,none,baostock,query_history_k_data_plus
600346,SHSE.600346,,SH,A股-上交所,2026-03-26,21.5,21.71,21.01,21.13,21.5,24835688,529671492.44,-1.7209,0.3528,1,0,none,baostock,query_history_k_data_plus
600346,SHSE.600346,,SH,A股-上交所,2026-03-27,21.01,21.69,20.83,21.36,21.13,27858380,595938085.42,1.0885,0.3958,1,0,none,baostock,query_history_k_data_plus
600346,SHSE.600346,,SH,A股-上交所,2026-03-30,20.95,22.12,20.93,21.97,21.36,34636107,752537107.36,2.8558,0.4921,1,0,none,baostock,query_history_k_data_plus
600346,SHSE.600346,,SH,A股-上交所,2026-03-31,21.93,22.12,21.43,21.65,21.97,26833273,582768559.41,-1.4565,0.3812,1,0,none,baostock,query_history_k_data_plus
600346,SHSE.600346,,SH,A股-上交所,2026-04-01,22.01,22.53,21.8,22.2,21.65,25540447,567736244.4,2.5404,0.3628,1,0,none,baostock,query_history_k_data_plus
600346,SHSE.600346,,SH,A股-上交所,2026-04-02,22.3,22.49,22.0,22.27,22.2,20006379,445545981.54,0.3153,0.2842,1,0,none,baostock,query_history_k_data_plus
600346,SHSE.600346,,SH,A股-上交所,2026-04-03,22.25,22.25,21.44,21.56,22.27,25283715,547677897.99,-3.1881,0.3592,1,0,none,baostock,query_history_k_data_plus
600346,SHSE.600346,,SH,A股-上交所,2026-04-07,21.55,23.11,21.44,22.74,21.56,34161998,774813561.04,5.4731,0.4853,1,0,none,baostock,query_history_k_data_plus
600346,SHSE.600346,,SH,A股-上交所,2026-04-08,22.99,23.5,22.68,23.24,22.74,45809844,1061880896.21,2.1988,0.6508,1,0,none,baostock,query_history_k_data_plus
600346,SHSE.600346,,SH,A股-上交所,2026-04-09,22.85,23.86,22.8,23.43,23.24,32119833,753521602.52,0.8176,0.4563,1,0,none,baostock,query_history_k_data_plus
600346,SHSE.600346,,SH,A股-上交所,2026-04-10,23.43,23.44,23.08,23.16,23.43,25817345,599436016.06,-1.1524,0.3668,1,0,none,baostock,query_history_k_data_plus
600346,SHSE.600346,,SH,A股-上交所,2026-04-13,23.27,23.27,21.88,22.11,23.16,50383025,1119078001.25,-4.5337,0.7158,1,0,none,baostock,query_history_k_data_plus
600346,SHSE.600346,,SH,A股-上交所,2026-04-14,22.4,23.08,22.1,22.79,22.11,41982768,951535121.65,3.0755,0.5964,1,0,none,baostock,query_history_k_data_plus
600346,SHSE.600346,,SH,A股-上交所,2026-04-15,23.3,23.8,22.35,23.68,22.79,51380179,1193131335.42,3.9052,0.7299,1,0,none,baostock,query_history_k_data_plus
600346,SHSE.600346,,SH,A股-上交所,2026-04-16,23.9,24.5,23.57,24.3,23.68,40951416,989869530.58,2.6182,0.5818,1,0,none,baostock,query_history_k_data_plus
600346,SHSE.600346,,SH,A股-上交所,2026-04-17,24.11,24.42,23.26,23.33,24.3,29995823,706396454.34,-3.9918,0.4261,1,0,none,baostock,query_history_k_data_plus
