code,symbol,name,market,asset_type,date,open,high,low,close,preclose,volume,amount,pct_chg,turnover,trade_status,is_st,adjust,provider,source_function
600455,SHSE.600455,,SH,A股-上交所,2021-10-11,20.34,20.34,19.72,19.82,20.23,939200.0,18718136.0,-2.0267,1.5037,1,0,none,baostock,query_history_k_data_plus
600455,SHSE.600455,,SH,A股-上交所,2021-10-12,19.82,19.99,19.22,19.43,19.82,728046.0,14192142.7,-1.9677,1.1657,1,0,none,baostock,query_history_k_data_plus
600455,SHSE.600455,,SH,A股-上交所,2021-10-13,20.34,20.6,19.13,19.77,19.43,1301300.0,25779779.0,1.7499,2.0835,1,0,none,baostock,query_history_k_data_plus
600455,SHSE.600455,,SH,A股-上交所,2021-10-14,19.69,19.69,19.12,19.19,19.77,1459800.0,28221569.0,-2.9337,2.3373,1,0,none,baostock,query_history_k_data_plus
600455,SHSE.600455,,SH,A股-上交所,2021-10-15,19.19,20.45,19.19,19.42,19.19,1539600.0,30505231.0,1.1985,2.465,1,0,none,baostock,query_history_k_data_plus
600455,SHSE.600455,,SH,A股-上交所,2021-10-18,19.25,19.5,18.91,19.12,19.42,1329101.0,25437032.3,-1.5448,2.128,1,0,none,baostock,query_history_k_data_plus
600455,SHSE.600455,,SH,A股-上交所,2021-10-19,19.24,19.24,18.71,18.75,19.12,926043.0,17508630.35,-1.9351,1.4827,1,0,none,baostock,query_history_k_data_plus
600455,SHSE.600455,,SH,A股-上交所,2021-10-20,18.9,18.95,18.48,18.63,18.75,652300.0,12204090.0,-0.64,1.0444,1,0,none,baostock,query_history_k_data_plus
600455,SHSE.600455,,SH,A股-上交所,2021-10-21,18.72,18.81,18.26,18.37,18.63,608000.0,11211899.0,-1.3956,0.9735,1,0,none,baostock,query_history_k_data_plus
600455,SHSE.600455,,SH,A股-上交所,2021-10-22,18.37,18.5,18.2,18.22,18.37,417800.0,7652052.0,-0.8165,0.6689,1,0,none,baostock,query_history_k_data_plus
600455,SHSE.600455,,SH,A股-上交所,2021-10-25,18.22,18.22,17.75,17.92,18.22,674740.0,12081246.54,-1.6465,1.0803,1,0,none,baostock,query_history_k_data_plus
600455,SHSE.600455,,SH,A股-上交所,2021-10-26,17.92,18.18,17.64,17.71,17.92,599098.0,10685084.56,-1.1719,0.9592,1,0,none,baostock,query_history_k_data_plus
600455,SHSE.600455,,SH,A股-上交所,2021-10-27,17.62,17.99,17.27,17.42,17.71,630800.0,10978573.0,-1.6375,1.01,1,0,none,baostock,query_history_k_data_plus
600455,SHSE.600455,,SH,A股-上交所,2021-10-28,17.33,17.43,17.1,17.28,17.42,562900.0,9728929.0,-0.8037,0.9012,1,0,none,baostock,query_history_k_data_plus
600455,SHSE.600455,,SH,A股-上交所,2021-10-29,17.58,18.08,17.28,17.97,17.28,827898.0,14667754.28,3.9931,1.3255,1,0,none,baostock,query_history_k_data_plus
600455,SHSE.600455,,SH,A股-上交所,2021-11-01,18.35,19.77,18.11,19.77,17.97,2469495.0,47535876.65,10.0167,3.9538,1,0,none,baostock,query_history_k_data_plus
600455,SHSE.600455,,SH,A股-上交所,2021-11-02,20.0,20.52,19.38,19.79,19.77,3951006.0,78946936.47,0.1012,6.3259,1,0,none,baostock,query_history_k_data_plus
600455,SHSE.600455,,SH,A股-上交所,2021-11-03,19.79,21.77,19.65,21.77,19.79,4932241.0,104476595.15,10.0051,7.8969,1,0,none,baostock,query_history_k_data_plus
600455,SHSE.600455,,SH,A股-上交所,2021-11-04,21.85,21.99,20.73,21.22,21.77,5247551.0,110487649.95,-2.5264,8.4017,1,0,none,baostock,query_history_k_data_plus
600455,SHSE.600455,,SH,A股-上交所,2021-11-05,20.83,21.08,20.49,20.49,21.22,3046634.0,63205441.74,-3.4402,4.8779,1,0,none,baostock,query_history_k_data_plus
600455,SHSE.600455,,SH,A股-上交所,2021-11-08,20.59,20.98,20.42,20.68,20.49,2297927.0,47458174.71,0.9273,3.6792,1,0,none,baostock,query_history_k_data_plus
600455,SHSE.600455,,SH,A股-上交所,2021-11-09,20.53,20.81,20.19,20.54,20.68,1925234.0,39373293.24,-0.677,3.0824,1,0,none,baostock,query_history_k_data_plus
600455,SHSE.600455,,SH,A股-上交所,2021-11-10,20.52,20.76,20.23,20.66,20.54,1578824.0,32287097.56,0.5842,2.5278,1,0,none,baostock,query_history_k_data_plus
600455,SHSE.600455,,SH,A股-上交所,2021-11-11,20.5,20.94,20.31,20.74,20.66,2140800.0,44289881.0,0.3872,3.4276,1,0,none,baostock,query_history_k_data_plus
600455,SHSE.600455,,SH,A股-上交所,2021-11-12,20.75,21.49,20.59,21.44,20.74,2625870.0,55431709.3,3.3751,4.2042,1,0,none,baostock,query_history_k_data_plus
600455,SHSE.600455,,SH,A股-上交所,2021-11-15,21.37,21.44,20.88,21.32,21.44,1767800.0,37496823.0,-0.5597,2.8304,1,0,none,baostock,query_history_k_data_plus
600455,SHSE.600455,,SH,A股-上交所,2021-11-16,21.32,21.91,21.11,21.32,21.32,2448692.0,52865356.66,0.0,3.9205,1,0,none,baostock,query_history_k_data_plus
600455,SHSE.600455,,SH,A股-上交所,2021-11-17,21.32,22.34,21.13,22.19,21.32,2390326.0,52718508.77,4.0807,3.8271,1,0,none,baostock,query_history_k_data_plus
600455,SHSE.600455,,SH,A股-上交所,2021-11-18,22.18,22.42,21.59,21.59,22.19,1777100.0,39084504.22,-2.7039,2.8453,1,0,none,baostock,query_history_k_data_plus
600455,SHSE.600455,,SH,A股-上交所,2021-11-19,21.54,22.06,21.36,21.49,21.59,1418810.0,30737005.34,-0.4632,2.2716,1,0,none,baostock,query_history_k_data_plus
600455,SHSE.600455,,SH,A股-上交所,2021-11-22,21.7,21.7,21.1,21.2,21.49,1079000.0,22962720.0,-1.3495,1.7276,1,0,none,baostock,query_history_k_data_plus
600455,SHSE.600455,,SH,A股-上交所,2021-11-23,21.21,21.36,20.71,21.02,21.2,1165800.0,24436297.41,-0.8491,1.8665,1,0,none,baostock,query_history_k_data_plus
600455,SHSE.600455,,SH,A股-上交所,2021-11-24,21.14,21.41,20.62,21.14,21.02,1188941.0,24987829.87,0.5709,1.9036,1,0,none,baostock,query_history_k_data_plus
600455,SHSE.600455,,SH,A股-上交所,2021-11-25,21.11,21.85,20.96,21.65,21.14,1370595.0,29459794.25,2.4125,2.1944,1,0,none,baostock,query_history_k_data_plus
600455,SHSE.600455,,SH,A股-上交所,2021-11-26,21.45,21.63,20.7,20.9,21.65,1424400.0,29888089.92,-3.4642,2.2806,1,0,none,baostock,query_history_k_data_plus
600455,SHSE.600455,,SH,A股-上交所,2021-11-29,20.46,21.52,20.45,21.22,20.9,1463317.0,30992065.3,1.5311,2.3429,1,0,none,baostock,query_history_k_data_plus
600455,SHSE.600455,,SH,A股-上交所,2021-11-30,21.03,22.68,21.03,22.49,21.22,2818383.0,62228370.33,5.9849,4.5124,1,0,none,baostock,query_history_k_data_plus
600455,SHSE.600455,,SH,A股-上交所,2021-12-01,22.54,23.15,22.18,22.98,22.49,2244825.0,51102873.72,2.1787,3.5941,1,0,none,baostock,query_history_k_data_plus
600455,SHSE.600455,,SH,A股-上交所,2021-12-02,22.74,23.78,22.74,23.01,22.98,2405500.0,56029801.0,0.1305,3.8514,1,0,none,baostock,query_history_k_data_plus
600455,SHSE.600455,,SH,A股-上交所,2021-12-03,22.5,23.73,22.45,23.08,23.01,1840130.0,42713152.0,0.3042,2.9462,1,0,none,baostock,query_history_k_data_plus
600455,SHSE.600455,,SH,A股-上交所,2021-12-06,23.3,23.3,22.11,22.25,23.08,1873700.0,41868183.0,-3.5962,2.9999,1,0,none,baostock,query_history_k_data_plus
600455,SHSE.600455,,SH,A股-上交所,2021-12-07,22.49,22.49,21.33,21.44,22.25,1509000.0,32722264.0,-3.6404,2.416,1,0,none,baostock,query_history_k_data_plus
600455,SHSE.600455,,SH,A股-上交所,2021-12-08,21.5,23.3,21.5,22.38,21.44,1925900.0,43318727.31,4.3843,3.0835,1,0,none,baostock,query_history_k_data_plus
600455,SHSE.600455,,SH,A股-上交所,2021-12-09,22.34,22.38,21.76,22.19,22.38,1411300.0,31169747.95,-0.849,2.2596,1,0,none,baostock,query_history_k_data_plus
600455,SHSE.600455,,SH,A股-上交所,2021-12-10,22.25,22.45,21.88,22.34,22.19,1140059.0,25347591.9,0.676,1.8253,1,0,none,baostock,query_history_k_data_plus
600455,SHSE.600455,,SH,A股-上交所,2021-12-13,22.34,22.34,21.58,21.62,22.34,1129700.0,24608554.0,-3.2229,1.8087,1,0,none,baostock,query_history_k_data_plus
600455,SHSE.600455,,SH,A股-上交所,2021-12-14,21.76,22.64,21.45,22.61,21.62,1334919.0,29649441.12,4.5791,2.1373,1,0,none,baostock,query_history_k_data_plus
600455,SHSE.600455,,SH,A股-上交所,2021-12-15,22.35,22.46,21.94,22.06,22.61,984500.0,21774059.0,-2.4326,1.5763,1,0,none,baostock,query_history_k_data_plus
600455,SHSE.600455,,SH,A股-上交所,2021-12-16,22.05,22.7,22.05,22.5,22.06,1026019.0,23007357.46,1.9946,1.6427,1,0,none,baostock,query_history_k_data_plus
600455,SHSE.600455,,SH,A股-上交所,2021-12-17,22.5,22.64,21.82,22.05,22.5,963100.0,21254637.0,-2.0,1.542,1,0,none,baostock,query_history_k_data_plus
600455,SHSE.600455,,SH,A股-上交所,2021-12-20,22.32,22.57,21.72,21.85,22.05,1163700.0,25831041.0,-0.907,1.8632,1,0,none,baostock,query_history_k_data_plus
600455,SHSE.600455,,SH,A股-上交所,2021-12-21,21.62,22.97,21.62,22.65,21.85,1578000.0,35658606.0,3.6613,2.5265,1,0,none,baostock,query_history_k_data_plus
600455,SHSE.600455,,SH,A股-上交所,2021-12-22,22.5,22.84,22.41,22.66,22.65,1149640.0,26019231.69,0.0442,1.8407,1,0,none,baostock,query_history_k_data_plus
600455,SHSE.600455,,SH,A股-上交所,2021-12-23,22.8,22.82,21.75,21.8,22.66,1464800.0,32276299.53,-3.7952,2.3453,1,0,none,baostock,query_history_k_data_plus
600455,SHSE.600455,,SH,A股-上交所,2021-12-24,21.93,22.07,21.16,21.17,21.8,1060700.0,22778521.77,-2.8899,1.6983,1,0,none,baostock,query_history_k_data_plus
600455,SHSE.600455,,SH,A股-上交所,2021-12-27,21.1,21.45,21.04,21.1,21.17,796819.0,16927747.04,-0.3307,1.2758,1,0,none,baostock,query_history_k_data_plus
600455,SHSE.600455,,SH,A股-上交所,2021-12-28,21.1,22.58,21.03,22.21,21.1,1636819.0,36225643.36,5.2607,2.6207,1,0,none,baostock,query_history_k_data_plus
600455,SHSE.600455,,SH,A股-上交所,2021-12-29,22.21,22.42,21.69,21.93,22.21,1069900.0,23515263.94,-1.2607,1.713,1,0,none,baostock,query_history_k_data_plus
600455,SHSE.600455,,SH,A股-上交所,2021-12-30,22.19,23.19,21.8,22.79,21.93,1663200.0,37845943.0,3.9216,2.6629,1,0,none,baostock,query_history_k_data_plus
600455,SHSE.600455,,SH,A股-上交所,2021-12-31,22.85,23.1,22.2,22.77,22.79,1339100.0,30574050.0,-0.0878,2.144,1,0,none,baostock,query_history_k_data_plus
600455,SHSE.600455,,SH,A股-上交所,2022-01-04,23.18,23.48,22.64,23.32,22.77,1581900.0,36683878.0,2.4155,2.5327,1,0,none,baostock,query_history_k_data_plus
600455,SHSE.600455,,SH,A股-上交所,2022-01-05,23.32,23.46,22.6,22.87,23.32,1383000.0,31675711.0,-1.9297,2.2143,1,0,none,baostock,query_history_k_data_plus
600455,SHSE.600455,,SH,A股-上交所,2022-01-06,22.83,23.58,22.7,23.3,22.87,1542600.0,35921081.0,1.8802,2.4698,1,0,none,baostock,query_history_k_data_plus
600455,SHSE.600455,,SH,A股-上交所,2022-01-07,23.2,24.12,22.84,22.93,23.3,1965300.0,46094717.82,-1.588,3.1466,1,0,none,baostock,query_history_k_data_plus
600455,SHSE.600455,,SH,A股-上交所,2022-01-10,23.07,23.34,22.14,23.16,22.93,1574100.0,36054411.0,1.0031,2.5203,1,0,none,baostock,query_history_k_data_plus
600455,SHSE.600455,,SH,A股-上交所,2022-01-11,23.55,24.08,22.95,23.0,23.16,1614800.0,37776714.0,-0.6908,2.5854,1,0,none,baostock,query_history_k_data_plus
600455,SHSE.600455,,SH,A股-上交所,2022-01-12,22.92,23.66,22.87,23.43,23.0,1012519.0,23703684.6,1.8696,1.6211,1,0,none,baostock,query_history_k_data_plus
600455,SHSE.600455,,SH,A股-上交所,2022-01-13,23.5,24.31,23.21,23.9,23.43,1924301.0,45873069.9,2.006,3.081,1,0,none,baostock,query_history_k_data_plus
600455,SHSE.600455,,SH,A股-上交所,2022-01-14,23.76,24.14,23.31,23.49,23.9,1626501.0,38568538.79,-1.7155,2.6042,1,0,none,baostock,query_history_k_data_plus
600455,SHSE.600455,,SH,A股-上交所,2022-01-17,23.5,24.15,23.28,23.89,23.49,1303142.0,31019143.06,1.7029,2.0864,1,0,none,baostock,query_history_k_data_plus
600455,SHSE.600455,,SH,A股-上交所,2022-01-18,23.9,24.16,23.11,23.24,23.89,1474600.0,34591665.0,-2.7208,2.3609,1,0,none,baostock,query_history_k_data_plus
600455,SHSE.600455,,SH,A股-上交所,2022-01-19,23.0,23.93,23.0,23.78,23.24,1212400.0,28773318.0,2.3236,1.9411,1,0,none,baostock,query_history_k_data_plus
600455,SHSE.600455,,SH,A股-上交所,2022-01-20,23.82,23.99,22.32,22.72,23.78,1637897.0,37775266.36,-4.4575,2.6224,1,0,none,baostock,query_history_k_data_plus
600455,SHSE.600455,,SH,A股-上交所,2022-01-21,22.72,23.64,22.72,23.3,22.72,1497700.0,34904280.0,2.5528,2.3979,1,0,none,baostock,query_history_k_data_plus
600455,SHSE.600455,,SH,A股-上交所,2022-01-24,23.27,23.43,22.64,22.77,23.3,1218263.0,27947275.85,-2.2747,1.9505,1,0,none,baostock,query_history_k_data_plus
600455,SHSE.600455,,SH,A股-上交所,2022-01-25,22.77,23.47,21.71,21.71,22.77,1489700.0,33218659.0,-4.6552,2.3851,1,0,none,baostock,query_history_k_data_plus
600455,SHSE.600455,,SH,A股-上交所,2022-01-26,21.71,22.48,21.68,22.13,21.71,1145800.0,25422191.0,1.9346,1.8345,1,0,none,baostock,query_history_k_data_plus
600455,SHSE.600455,,SH,A股-上交所,2022-01-27,22.73,22.73,20.4,20.46,22.13,1762600.0,36738719.0,-7.5463,2.8221,1,0,none,baostock,query_history_k_data_plus
600455,SHSE.600455,,SH,A股-上交所,2022-01-28,20.54,21.89,20.54,21.52,20.46,1682721.0,35861372.12,5.1808,2.6942,1,0,none,baostock,query_history_k_data_plus
600455,SHSE.600455,,SH,A股-上交所,2022-02-07,21.99,22.37,21.08,21.32,21.52,1559643.0,33325530.57,-0.9294,2.4971,1,0,none,baostock,query_history_k_data_plus
600455,SHSE.600455,,SH,A股-上交所,2022-02-08,21.41,21.95,21.12,21.9,21.32,1105319.0,23875852.4,2.7205,1.7697,1,0,none,baostock,query_history_k_data_plus
600455,SHSE.600455,,SH,A股-上交所,2022-02-09,21.85,22.35,21.75,22.23,21.9,996800.0,22034886.0,1.5068,1.596,1,0,none,baostock,query_history_k_data_plus
600455,SHSE.600455,,SH,A股-上交所,2022-02-10,22.32,22.45,21.9,22.2,22.23,891000.0,19741301.0,-0.135,1.4266,1,0,none,baostock,query_history_k_data_plus
600455,SHSE.600455,,SH,A股-上交所,2022-02-11,22.39,22.55,21.51,21.69,22.2,920243.0,20108232.28,-2.2973,1.4734,1,0,none,baostock,query_history_k_data_plus
600455,SHSE.600455,,SH,A股-上交所,2022-02-14,22.28,22.51,21.9,22.21,21.69,1192844.0,26515496.92,2.3974,1.9098,1,0,none,baostock,query_history_k_data_plus
600455,SHSE.600455,,SH,A股-上交所,2022-02-15,22.15,22.85,22.0,22.27,22.21,1091692.0,24241050.76,0.2701,1.7479,1,0,none,baostock,query_history_k_data_plus
600455,SHSE.600455,,SH,A股-上交所,2022-02-16,22.36,22.89,22.27,22.86,22.27,1325310.0,30011296.5,2.6493,2.1219,1,0,none,baostock,query_history_k_data_plus
600455,SHSE.600455,,SH,A股-上交所,2022-02-17,22.65,23.33,22.37,23.08,22.86,1710700.0,39146283.98,0.9624,2.739,1,0,none,baostock,query_history_k_data_plus
600455,SHSE.600455,,SH,A股-上交所,2022-02-18,22.79,24.2,22.55,23.45,23.08,2298800.0,53425287.0,1.6031,3.6806,1,0,none,baostock,query_history_k_data_plus
600455,SHSE.600455,,SH,A股-上交所,2022-02-21,23.46,23.78,23.12,23.6,23.45,1797600.0,42288520.0,0.6397,2.8781,1,0,none,baostock,query_history_k_data_plus
600455,SHSE.600455,,SH,A股-上交所,2022-02-22,23.78,23.79,22.93,23.24,23.6,1473800.0,34125100.0,-1.5254,2.3597,1,0,none,baostock,query_history_k_data_plus
600455,SHSE.600455,,SH,A股-上交所,2022-02-23,23.31,24.19,23.18,23.78,23.24,1822301.0,43404214.29,2.3236,2.9176,1,0,none,baostock,query_history_k_data_plus
600455,SHSE.600455,,SH,A股-上交所,2022-02-24,23.76,23.97,22.91,23.33,23.78,2057900.0,48232615.0,-1.8923,3.2949,1,0,none,baostock,query_history_k_data_plus
600455,SHSE.600455,,SH,A股-上交所,2022-02-25,23.54,24.75,23.54,23.98,23.33,2422900.0,58438575.74,2.7861,3.8792,1,0,none,baostock,query_history_k_data_plus
600455,SHSE.600455,,SH,A股-上交所,2022-02-28,23.5,24.1,23.1,23.38,23.98,1514500.0,35484494.0,-2.5021,2.4248,1,0,none,baostock,query_history_k_data_plus
600455,SHSE.600455,,SH,A股-上交所,2022-03-01,23.4,23.72,23.3,23.5,23.38,1098400.0,25827063.0,0.5133,1.7586,1,0,none,baostock,query_history_k_data_plus
600455,SHSE.600455,,SH,A股-上交所,2022-03-02,23.53,24.35,23.4,23.91,23.5,1769501.0,42548872.0,1.7447,2.8331,1,0,none,baostock,query_history_k_data_plus
600455,SHSE.600455,,SH,A股-上交所,2022-03-03,23.9,24.13,23.54,23.75,23.91,1051800.0,24993048.0,-0.6692,1.684,1,0,none,baostock,query_history_k_data_plus
600455,SHSE.600455,,SH,A股-上交所,2022-03-04,23.8,24.45,23.5,23.8,23.75,1484500.0,35563641.0,0.2105,2.3768,1,0,none,baostock,query_history_k_data_plus
600455,SHSE.600455,,SH,A股-上交所,2022-03-07,23.18,23.98,23.16,23.4,23.8,1679400.0,39500311.0,-1.6807,2.6888,1,0,none,baostock,query_history_k_data_plus
600455,SHSE.600455,,SH,A股-上交所,2022-03-08,23.35,23.76,22.75,22.86,23.4,1909000.0,44359118.0,-2.3077,3.0565,1,0,none,baostock,query_history_k_data_plus
600455,SHSE.600455,,SH,A股-上交所,2022-03-09,22.87,23.25,21.46,22.37,22.86,1605400.0,35965710.0,-2.1435,2.5704,1,0,none,baostock,query_history_k_data_plus
600455,SHSE.600455,,SH,A股-上交所,2022-03-10,22.7,23.9,22.7,23.38,22.37,1497900.0,35015949.0,4.515,2.3983,1,0,none,baostock,query_history_k_data_plus
600455,SHSE.600455,,SH,A股-上交所,2022-03-11,23.05,24.3,22.97,24.25,23.38,1818006.0,42884422.0,3.7211,2.9108,1,0,none,baostock,query_history_k_data_plus
600455,SHSE.600455,,SH,A股-上交所,2022-03-14,23.96,24.2,23.0,23.02,24.25,2137300.0,50046358.0,-5.0722,3.422,1,0,none,baostock,query_history_k_data_plus
600455,SHSE.600455,,SH,A股-上交所,2022-03-15,23.23,23.23,21.61,21.75,23.02,2226934.0,49518923.0,-5.5169,3.5655,1,0,none,baostock,query_history_k_data_plus
600455,SHSE.600455,,SH,A股-上交所,2022-03-16,21.95,23.25,21.35,23.01,21.75,2021150.0,45038760.0,5.7931,3.236,1,0,none,baostock,query_history_k_data_plus
600455,SHSE.600455,,SH,A股-上交所,2022-03-17,23.07,23.49,22.58,22.73,23.01,1904900.0,43721918.0,-1.2169,3.0499,1,0,none,baostock,query_history_k_data_plus
600455,SHSE.600455,,SH,A股-上交所,2022-03-18,22.96,22.98,22.26,22.76,22.73,1611602.0,36507191.49,0.132,2.5803,1,0,none,baostock,query_history_k_data_plus
600455,SHSE.600455,,SH,A股-上交所,2022-03-21,22.76,22.99,22.1,22.29,22.76,1759200.0,39388585.0,-2.065,2.8166,1,0,none,baostock,query_history_k_data_plus
600455,SHSE.600455,,SH,A股-上交所,2022-03-22,22.2,22.24,21.76,22.0,22.29,1350133.0,29637579.29,-1.301,2.1617,1,0,none,baostock,query_history_k_data_plus
600455,SHSE.600455,,SH,A股-上交所,2022-03-23,22.02,22.22,21.63,21.66,22.0,1166402.0,25476443.36,-1.5455,1.8675,1,0,none,baostock,query_history_k_data_plus
600455,SHSE.600455,,SH,A股-上交所,2022-03-24,21.73,21.75,20.92,21.0,21.66,1315672.0,27841560.9,-3.0471,2.1065,1,0,none,baostock,query_history_k_data_plus
600455,SHSE.600455,,SH,A股-上交所,2022-03-25,21.07,21.6,21.01,21.5,21.0,1302539.0,27889164.21,2.381,2.0855,1,0,none,baostock,query_history_k_data_plus
600455,SHSE.600455,,SH,A股-上交所,2022-03-28,21.6,21.6,20.9,21.32,21.5,1065302.0,22544552.44,-0.8372,1.7056,1,0,none,baostock,query_history_k_data_plus
600455,SHSE.600455,,SH,A股-上交所,2022-03-29,21.24,21.31,20.85,21.04,21.32,895302.0,18824220.96,-1.3133,1.4334,1,0,none,baostock,query_history_k_data_plus
600455,SHSE.600455,,SH,A股-上交所,2022-03-30,21.08,21.27,20.88,21.17,21.04,931869.0,19691110.62,0.6179,1.492,1,0,none,baostock,query_history_k_data_plus
600455,SHSE.600455,,SH,A股-上交所,2022-03-31,21.11,21.55,20.88,21.39,21.17,899000.0,19171796.07,1.0392,1.4394,1,0,none,baostock,query_history_k_data_plus
600455,SHSE.600455,,SH,A股-上交所,2022-04-01,21.37,21.38,21.0,21.15,21.39,1041100.0,21985197.0,-1.122,1.6669,1,0,none,baostock,query_history_k_data_plus
600455,SHSE.600455,,SH,A股-上交所,2022-04-06,21.04,22.08,21.0,22.02,21.15,1980300.0,43229549.0,4.1135,3.1706,1,0,none,baostock,query_history_k_data_plus
600455,SHSE.600455,,SH,A股-上交所,2022-04-07,22.21,22.21,21.43,21.5,22.02,1241600.0,26860330.0,-2.3615,1.9879,1,0,none,baostock,query_history_k_data_plus
600455,SHSE.600455,,SH,A股-上交所,2022-04-08,21.34,21.5,20.69,20.69,21.5,1194600.0,25045560.0,-3.7674,1.9126,1,0,none,baostock,query_history_k_data_plus
600455,SHSE.600455,,SH,A股-上交所,2022-04-11,20.76,20.8,20.01,20.18,20.69,1089693.0,22226665.48,-2.465,1.7447,1,0,none,baostock,query_history_k_data_plus
600455,SHSE.600455,,SH,A股-上交所,2022-04-12,20.18,21.44,20.18,21.36,20.18,1426497.0,29893053.86,5.8474,2.2839,1,0,none,baostock,query_history_k_data_plus
600455,SHSE.600455,,SH,A股-上交所,2022-04-13,21.33,21.33,20.56,20.81,21.36,1143500.0,23741347.0,-2.5749,1.8308,1,0,none,baostock,query_history_k_data_plus
600455,SHSE.600455,,SH,A股-上交所,2022-04-14,20.79,20.95,20.61,20.8,20.81,979800.0,20374726.0,-0.0481,1.5687,1,0,none,baostock,query_history_k_data_plus
600455,SHSE.600455,,SH,A股-上交所,2022-04-15,20.77,20.77,19.9,20.21,20.8,1237492.0,25047600.0,-2.8365,1.9813,1,0,none,baostock,query_history_k_data_plus
600455,SHSE.600455,,SH,A股-上交所,2022-04-18,20.0,20.4,19.62,20.32,20.21,813000.0,16340939.0,0.5443,1.3017,1,0,none,baostock,query_history_k_data_plus
600455,SHSE.600455,,SH,A股-上交所,2022-04-19,20.25,20.79,19.91,20.49,20.32,795300.0,16209033.0,0.8366,1.2733,1,0,none,baostock,query_history_k_data_plus
600455,SHSE.600455,,SH,A股-上交所,2022-04-20,20.39,20.83,20.33,20.59,20.49,785200.0,16149433.0,0.488,1.2572,1,0,none,baostock,query_history_k_data_plus
600455,SHSE.600455,,SH,A股-上交所,2022-04-21,20.65,20.65,19.66,19.71,20.59,1024000.0,20543848.0,-4.2739,1.6395,1,0,none,baostock,query_history_k_data_plus
600455,SHSE.600455,,SH,A股-上交所,2022-04-22,19.2,19.69,18.7,19.0,19.71,1977934.0,38056303.66,-3.6022,3.1668,1,0,none,baostock,query_history_k_data_plus
600455,SHSE.600455,,SH,A股-上交所,2022-04-25,19.05,19.27,18.18,18.34,19.0,2072280.0,38940024.2,-3.4737,3.3179,1,0,none,baostock,query_history_k_data_plus
600455,SHSE.600455,,SH,A股-上交所,2022-04-26,18.35,18.96,18.15,18.23,18.34,1734266.0,32206550.7,-0.5998,2.7767,1,0,none,baostock,query_history_k_data_plus
600455,SHSE.600455,,SH,A股-上交所,2022-04-27,18.0,18.0,16.5,17.9,18.23,2825600.0,48631477.0,-1.8102,4.524,1,0,none,baostock,query_history_k_data_plus
600455,SHSE.600455,,SH,A股-上交所,2022-04-28,17.88,17.88,16.75,17.06,17.9,1587930.0,27216837.8,-4.6927,2.5424,1,0,none,baostock,query_history_k_data_plus
600455,SHSE.600455,,SH,A股-上交所,2022-04-29,16.98,17.75,16.97,17.66,17.06,1704518.0,29828388.56,3.517,2.7291,1,0,none,baostock,query_history_k_data_plus
600455,SHSE.600455,,SH,A股-上交所,2022-05-05,17.4,17.6,17.07,17.57,17.66,1877300.0,32654550.0,-0.5096,3.0057,1,0,none,baostock,query_history_k_data_plus
600455,SHSE.600455,,SH,A股-上交所,2022-05-06,17.35,17.59,16.93,17.19,17.57,1009600.0,17359560.0,-2.1628,1.6164,1,0,none,baostock,query_history_k_data_plus
600455,SHSE.600455,,SH,A股-上交所,2022-05-09,17.15,17.65,17.15,17.37,17.19,1094700.0,19034078.0,1.0471,1.7527,1,0,none,baostock,query_history_k_data_plus
600455,SHSE.600455,,SH,A股-上交所,2022-05-10,17.3,17.52,17.02,17.49,17.37,1029900.0,17883622.0,0.6908,1.6489,1,0,none,baostock,query_history_k_data_plus
600455,SHSE.600455,,SH,A股-上交所,2022-05-11,17.42,17.91,17.42,17.44,17.49,1228901.0,21760952.99,-0.2859,1.9676,1,0,none,baostock,query_history_k_data_plus
600455,SHSE.600455,,SH,A股-上交所,2022-05-12,17.38,17.77,17.31,17.63,17.44,854100.0,15006271.0,1.0894,1.3675,1,0,none,baostock,query_history_k_data_plus
600455,SHSE.600455,,SH,A股-上交所,2022-05-13,17.6,18.07,17.56,17.96,17.63,1056901.0,18830575.89,1.8718,1.6922,1,0,none,baostock,query_history_k_data_plus
600455,SHSE.600455,,SH,A股-上交所,2022-05-16,18.08,18.28,17.96,18.13,17.96,1299501.0,23542347.11,0.9465,2.0806,1,0,none,baostock,query_history_k_data_plus
600455,SHSE.600455,,SH,A股-上交所,2022-05-17,18.23,18.24,17.79,17.96,18.13,663501.0,11911701.95,-0.9377,1.0623,1,0,none,baostock,query_history_k_data_plus
600455,SHSE.600455,,SH,A股-上交所,2022-05-18,17.92,18.29,17.9,18.13,17.96,852300.0,15460765.0,0.9465,1.3646,1,0,none,baostock,query_history_k_data_plus
600455,SHSE.600455,,SH,A股-上交所,2022-05-19,17.87,18.4,17.81,18.26,18.13,871300.0,15866752.0,0.717,1.395,1,0,none,baostock,query_history_k_data_plus
600455,SHSE.600455,,SH,A股-上交所,2022-05-20,18.27,18.5,18.26,18.48,18.26,665000.0,12226577.0,1.2048,1.0647,1,0,none,baostock,query_history_k_data_plus
600455,SHSE.600455,,SH,A股-上交所,2022-05-23,18.7,18.84,18.47,18.81,18.48,754800.0,14135981.0,1.7857,1.2085,1,0,none,baostock,query_history_k_data_plus
600455,SHSE.600455,,SH,A股-上交所,2022-05-24,18.82,18.93,17.95,18.06,18.81,1083400.0,19942157.0,-3.9872,1.7346,1,0,none,baostock,query_history_k_data_plus
600455,SHSE.600455,,SH,A股-上交所,2022-05-25,18.05,18.55,17.91,18.53,18.06,859297.0,15778808.77,2.6024,1.3758,1,0,none,baostock,query_history_k_data_plus
600455,SHSE.600455,,SH,A股-上交所,2022-05-26,18.58,18.78,18.1,18.71,18.53,814900.0,15064307.0,0.9714,1.3047,1,0,none,baostock,query_history_k_data_plus
600455,SHSE.600455,,SH,A股-上交所,2022-05-27,18.6,19.47,18.6,19.05,18.71,1372000.0,26170032.0,1.8172,2.1967,1,0,none,baostock,query_history_k_data_plus
600455,SHSE.600455,,SH,A股-上交所,2022-05-30,19.24,19.45,18.92,19.42,19.05,1063900.0,20354242.0,1.9423,1.7034,1,0,none,baostock,query_history_k_data_plus
600455,SHSE.600455,,SH,A股-上交所,2022-05-31,19.49,19.51,19.04,19.38,19.42,1201400.0,23179045.0,-0.206,1.9235,1,0,none,baostock,query_history_k_data_plus
600455,SHSE.600455,,SH,A股-上交所,2022-06-01,19.35,19.6,19.24,19.37,19.38,948400.0,18385810.0,-0.0516,1.5185,1,0,none,baostock,query_history_k_data_plus
600455,SHSE.600455,,SH,A股-上交所,2022-06-02,19.38,19.59,19.15,19.53,19.37,795402.0,15429914.44,0.826,1.2735,1,0,none,baostock,query_history_k_data_plus
600455,SHSE.600455,,SH,A股-上交所,2022-06-06,19.68,19.85,19.53,19.7,19.53,912130.0,17986087.7,0.8705,1.4604,1,0,none,baostock,query_history_k_data_plus
600455,SHSE.600455,,SH,A股-上交所,2022-06-07,19.8,19.8,19.1,19.4,19.7,900630.0,17455752.8,-1.5228,1.442,1,0,none,baostock,query_history_k_data_plus
600455,SHSE.600455,,SH,A股-上交所,2022-06-08,19.4,19.53,18.88,19.21,19.4,998112.0,19122773.8,-0.9794,1.5981,1,0,none,baostock,query_history_k_data_plus
600455,SHSE.600455,,SH,A股-上交所,2022-06-09,19.29,19.29,18.79,18.94,19.21,820800.0,15528980.0,-1.4055,1.3142,1,0,none,baostock,query_history_k_data_plus
600455,SHSE.600455,,SH,A股-上交所,2022-06-10,18.91,19.28,18.8,19.16,18.94,684100.0,13106402.0,1.1616,1.0953,1,0,none,baostock,query_history_k_data_plus
600455,SHSE.600455,,SH,A股-上交所,2022-06-13,19.18,19.39,18.98,19.32,19.16,807281.0,15515031.2,0.8351,1.2925,1,0,none,baostock,query_history_k_data_plus
600455,SHSE.600455,,SH,A股-上交所,2022-06-14,19.33,19.33,18.6,19.15,19.32,905300.0,17080698.0,-0.8799,1.4495,1,0,none,baostock,query_history_k_data_plus
600455,SHSE.600455,,SH,A股-上交所,2022-06-15,19.11,19.58,18.85,19.18,19.15,924000.0,17892466.0,0.1567,1.4794,1,0,none,baostock,query_history_k_data_plus
600455,SHSE.600455,,SH,A股-上交所,2022-06-16,19.59,20.31,19.33,20.06,19.18,3619805.0,72079392.05,4.5881,5.7956,1,0,none,baostock,query_history_k_data_plus
600455,SHSE.600455,,SH,A股-上交所,2022-06-17,19.93,19.93,18.92,19.22,20.06,3000552.0,57836158.32,-4.1874,4.8041,1,0,none,baostock,query_history_k_data_plus
600455,SHSE.600455,,SH,A股-上交所,2022-06-20,19.02,19.44,18.98,19.2,19.22,1548052.0,29665727.28,-0.1041,2.4785,1,0,none,baostock,query_history_k_data_plus
600455,SHSE.600455,,SH,A股-上交所,2022-06-21,19.13,19.22,18.83,19.06,19.2,1220200.0,23227570.0,-0.7292,1.9536,1,0,none,baostock,query_history_k_data_plus
600455,SHSE.600455,,SH,A股-上交所,2022-06-22,19.06,19.12,18.65,18.67,19.06,985200.0,18564235.0,-2.0462,1.5774,1,0,none,baostock,query_history_k_data_plus
600455,SHSE.600455,,SH,A股-上交所,2022-06-23,18.69,18.91,18.61,18.9,18.67,679163.0,12746699.83,1.2319,1.0874,1,0,none,baostock,query_history_k_data_plus
600455,SHSE.600455,,SH,A股-上交所,2022-06-24,18.94,19.11,18.86,19.09,18.9,854493.0,16254020.56,1.0053,1.3681,1,0,none,baostock,query_history_k_data_plus
600455,SHSE.600455,,SH,A股-上交所,2022-06-27,19.12,19.26,18.94,19.15,19.09,796500.0,15218132.0,0.3143,1.2753,1,0,none,baostock,query_history_k_data_plus
600455,SHSE.600455,,SH,A股-上交所,2022-06-28,19.16,19.74,19.02,19.7,19.15,1528896.0,29863957.33,2.8721,2.4479,1,0,none,baostock,query_history_k_data_plus
600455,SHSE.600455,,SH,A股-上交所,2022-06-29,19.73,19.8,19.19,19.23,19.7,860200.0,16679465.0,-2.3858,1.3772,1,0,none,baostock,query_history_k_data_plus
600455,SHSE.600455,,SH,A股-上交所,2022-06-30,19.34,19.56,19.17,19.17,19.23,1097400.0,21275936.0,-0.312,1.757,1,0,none,baostock,query_history_k_data_plus
600455,SHSE.600455,,SH,A股-上交所,2022-07-01,19.33,19.49,19.11,19.16,19.17,785600.0,15157172.0,-0.0522,1.2578,1,0,none,baostock,query_history_k_data_plus
600455,SHSE.600455,,SH,A股-上交所,2022-07-04,19.27,19.48,19.03,19.43,19.16,885200.0,17079260.0,1.4092,1.4173,1,0,none,baostock,query_history_k_data_plus
600455,SHSE.600455,,SH,A股-上交所,2022-07-05,19.39,19.55,18.99,19.42,19.43,876700.0,16937713.0,-0.0515,1.4037,1,0,none,baostock,query_history_k_data_plus
600455,SHSE.600455,,SH,A股-上交所,2022-07-06,19.43,19.59,18.99,19.27,19.42,1082402.0,20849491.29,-0.7724,1.733,1,0,none,baostock,query_history_k_data_plus
600455,SHSE.600455,,SH,A股-上交所,2022-07-07,19.25,19.48,19.12,19.39,19.27,852400.0,16495481.0,0.6227,1.3648,1,0,none,baostock,query_history_k_data_plus
600455,SHSE.600455,,SH,A股-上交所,2022-07-08,19.38,19.7,19.28,19.55,19.39,913400.0,17836457.0,0.8252,1.4624,1,0,none,baostock,query_history_k_data_plus
600455,SHSE.600455,,SH,A股-上交所,2022-07-11,19.76,19.76,19.05,19.27,19.55,965300.0,18544866.0,-1.4322,1.5455,1,0,none,baostock,query_history_k_data_plus
600455,SHSE.600455,,SH,A股-上交所,2022-07-12,19.27,19.43,19.06,19.32,19.27,966500.0,18618574.0,0.2595,1.5474,1,0,none,baostock,query_history_k_data_plus
600455,SHSE.600455,,SH,A股-上交所,2022-07-13,19.3,19.74,19.23,19.55,19.32,1226201.0,23985573.43,1.1905,1.9632,1,0,none,baostock,query_history_k_data_plus
600455,SHSE.600455,,SH,A股-上交所,2022-07-14,19.55,19.71,19.43,19.63,19.55,602800.0,11803947.0,0.4092,0.9651,1,0,none,baostock,query_history_k_data_plus
600455,SHSE.600455,,SH,A股-上交所,2022-07-15,19.66,19.68,19.13,19.25,19.63,1004500.0,19436211.0,-1.9358,1.6083,1,0,none,baostock,query_history_k_data_plus
600455,SHSE.600455,,SH,A股-上交所,2022-07-18,19.24,19.8,19.0,19.79,19.25,1144600.0,22538587.0,2.8052,1.8326,1,0,none,baostock,query_history_k_data_plus
600455,SHSE.600455,,SH,A股-上交所,2022-07-19,19.87,20.19,19.63,20.12,19.79,880300.0,17595168.0,1.6675,1.4094,1,0,none,baostock,query_history_k_data_plus
600455,SHSE.600455,,SH,A股-上交所,2022-07-20,20.18,20.31,20.01,20.16,20.12,657400.0,13242680.0,0.1988,1.0525,1,0,none,baostock,query_history_k_data_plus
600455,SHSE.600455,,SH,A股-上交所,2022-07-21,20.15,20.36,20.0,20.14,20.16,568000.0,11473845.0,-0.0992,0.9094,1,0,none,baostock,query_history_k_data_plus
600455,SHSE.600455,,SH,A股-上交所,2022-07-22,20.17,20.74,20.17,20.53,20.14,1350900.0,27650238.0,1.9364,2.1629,1,0,none,baostock,query_history_k_data_plus
600455,SHSE.600455,,SH,A股-上交所,2022-07-25,20.48,20.95,20.47,20.86,20.53,993900.0,20616845.0,1.6074,1.5913,1,0,none,baostock,query_history_k_data_plus
600455,SHSE.600455,,SH,A股-上交所,2022-07-26,20.9,21.03,20.61,20.98,20.86,1388400.0,28940434.0,0.5753,2.2229,1,0,none,baostock,query_history_k_data_plus
600455,SHSE.600455,,SH,A股-上交所,2022-07-27,20.9,21.1,20.74,20.89,20.98,848510.0,17735024.8,-0.429,1.3585,1,0,none,baostock,query_history_k_data_plus
600455,SHSE.600455,,SH,A股-上交所,2022-07-28,20.92,21.26,20.91,21.01,20.89,1009493.0,21334768.62,0.5744,1.6163,1,0,none,baostock,query_history_k_data_plus
600455,SHSE.600455,,SH,A股-上交所,2022-07-29,21.01,21.2,20.82,21.02,21.01,720539.0,15164212.0,0.0476,1.1536,1,0,none,baostock,query_history_k_data_plus
600455,SHSE.600455,,SH,A股-上交所,2022-08-01,21.24,21.28,20.95,21.12,21.02,754430.0,15905009.86,0.4757,1.2079,1,0,none,baostock,query_history_k_data_plus
600455,SHSE.600455,,SH,A股-上交所,2022-08-02,20.91,20.91,19.9,20.2,21.12,1347400.0,27394836.98,-4.3561,2.1573,1,0,none,baostock,query_history_k_data_plus
600455,SHSE.600455,,SH,A股-上交所,2022-08-03,19.8,20.87,19.8,20.2,20.2,894600.0,18354930.0,0.0,1.4323,1,0,none,baostock,query_history_k_data_plus
600455,SHSE.600455,,SH,A股-上交所,2022-08-04,20.29,20.95,20.2,20.87,20.2,862900.0,17852193.0,3.3168,1.3816,1,0,none,baostock,query_history_k_data_plus
600455,SHSE.600455,,SH,A股-上交所,2022-08-05,20.96,21.1,20.61,20.96,20.87,834400.0,17404400.0,0.4312,1.3359,1,0,none,baostock,query_history_k_data_plus
600455,SHSE.600455,,SH,A股-上交所,2022-08-08,21.17,21.68,20.96,21.62,20.96,1415900.0,30339048.0,3.1489,2.267,1,0,none,baostock,query_history_k_data_plus
600455,SHSE.600455,,SH,A股-上交所,2022-08-09,21.67,21.8,21.45,21.72,21.62,1073120.0,23252017.0,0.4625,1.7181,1,0,none,baostock,query_history_k_data_plus
600455,SHSE.600455,,SH,A股-上交所,2022-08-10,21.72,22.28,21.52,22.19,21.72,1172301.0,25931844.0,2.1639,1.8769,1,0,none,baostock,query_history_k_data_plus
600455,SHSE.600455,,SH,A股-上交所,2022-08-11,22.25,22.57,22.0,22.12,22.19,1256902.0,27985497.0,-0.3155,2.0124,1,0,none,baostock,query_history_k_data_plus
600455,SHSE.600455,,SH,A股-上交所,2022-08-12,22.24,22.26,21.93,22.01,22.12,655511.0,14484928.0,-0.4973,1.0495,1,0,none,baostock,query_history_k_data_plus
600455,SHSE.600455,,SH,A股-上交所,2022-08-15,22.12,22.12,21.38,21.84,22.01,1105281.0,24054733.13,-0.7724,1.7696,1,0,none,baostock,query_history_k_data_plus
600455,SHSE.600455,,SH,A股-上交所,2022-08-16,21.71,22.37,21.71,21.91,21.84,557200.0,12223459.98,0.3205,0.8921,1,0,none,baostock,query_history_k_data_plus
600455,SHSE.600455,,SH,A股-上交所,2022-08-17,21.91,22.13,21.77,21.95,21.91,780778.0,17107329.99,0.1826,1.2501,1,0,none,baostock,query_history_k_data_plus
600455,SHSE.600455,,SH,A股-上交所,2022-08-18,21.95,22.16,21.6,22.05,21.95,873945.0,19106925.95,0.4556,1.3993,1,0,none,baostock,query_history_k_data_plus
600455,SHSE.600455,,SH,A股-上交所,2022-08-19,22.05,22.41,21.5,21.55,22.05,918800.0,20146103.0,-2.2676,1.4711,1,0,none,baostock,query_history_k_data_plus
600455,SHSE.600455,,SH,A股-上交所,2022-08-22,21.81,22.13,21.46,21.62,21.55,823500.0,17893434.0,0.3248,1.3185,1,0,none,baostock,query_history_k_data_plus
600455,SHSE.600455,,SH,A股-上交所,2022-08-23,21.48,21.86,21.43,21.54,21.62,818560.0,17658395.2,-0.37,1.3106,1,0,none,baostock,query_history_k_data_plus
600455,SHSE.600455,,SH,A股-上交所,2022-08-24,21.58,21.7,20.9,20.9,21.54,994000.0,21033049.0,-2.9712,1.5915,1,0,none,baostock,query_history_k_data_plus
600455,SHSE.600455,,SH,A股-上交所,2022-08-25,21.2,21.2,20.58,20.89,20.9,812600.0,16885211.0,-0.0478,1.301,1,0,none,baostock,query_history_k_data_plus
600455,SHSE.600455,,SH,A股-上交所,2022-08-26,21.0,21.16,20.52,20.63,20.89,744364.0,15548221.16,-1.2446,1.1918,1,0,none,baostock,query_history_k_data_plus
600455,SHSE.600455,,SH,A股-上交所,2022-08-29,20.59,21.2,20.11,21.0,20.63,756590.0,15810538.2,1.7935,1.2114,1,0,none,baostock,query_history_k_data_plus
600455,SHSE.600455,,SH,A股-上交所,2022-08-30,21.0,21.4,20.9,21.29,21.0,717065.0,15230489.3,1.381,1.1481,1,0,none,baostock,query_history_k_data_plus
600455,SHSE.600455,,SH,A股-上交所,2022-08-31,21.29,21.4,20.53,20.71,21.29,901300.0,18782158.99,-2.7243,1.443,1,0,none,baostock,query_history_k_data_plus
600455,SHSE.600455,,SH,A股-上交所,2022-09-01,20.71,21.55,20.69,21.07,20.71,928493.0,19625627.23,1.7383,1.4866,1,0,none,baostock,query_history_k_data_plus
600455,SHSE.600455,,SH,A股-上交所,2022-09-02,21.07,21.75,21.07,21.54,21.07,985001.0,21127143.49,2.2307,1.5771,1,0,none,baostock,query_history_k_data_plus
600455,SHSE.600455,,SH,A股-上交所,2022-09-05,21.53,21.8,21.21,21.6,21.54,715400.0,15341888.0,0.2786,1.1454,1,0,none,baostock,query_history_k_data_plus
600455,SHSE.600455,,SH,A股-上交所,2022-09-06,21.59,21.77,21.32,21.5,21.6,764860.0,16437283.4,-0.463,1.2246,1,0,none,baostock,query_history_k_data_plus
600455,SHSE.600455,,SH,A股-上交所,2022-09-07,21.59,21.59,21.22,21.36,21.5,634300.0,13551294.98,-0.6512,1.0156,1,0,none,baostock,query_history_k_data_plus
600455,SHSE.600455,,SH,A股-上交所,2022-09-08,21.37,21.6,21.04,21.44,21.36,1189292.0,25390214.94,0.3745,1.9041,1,0,none,baostock,query_history_k_data_plus
600455,SHSE.600455,,SH,A股-上交所,2022-09-09,21.12,21.54,21.02,21.1,21.44,655691.0,13923745.36,-1.5858,1.0498,1,0,none,baostock,query_history_k_data_plus
600455,SHSE.600455,,SH,A股-上交所,2022-09-13,21.11,21.67,20.91,21.4,21.1,704870.0,15073323.5,1.4218,1.1286,1,0,none,baostock,query_history_k_data_plus
600455,SHSE.600455,,SH,A股-上交所,2022-09-14,21.21,21.41,21.0,21.32,21.4,825964.0,17506219.64,-0.3738,1.3224,1,0,none,baostock,query_history_k_data_plus
600455,SHSE.600455,,SH,A股-上交所,2022-09-15,21.45,21.52,20.6,21.01,21.32,857841.0,18055483.54,-1.454,1.3735,1,0,none,baostock,query_history_k_data_plus
600455,SHSE.600455,,SH,A股-上交所,2022-09-16,21.12,21.12,20.23,20.23,21.01,742900.0,15376537.0,-3.7125,1.1894,1,0,none,baostock,query_history_k_data_plus
600455,SHSE.600455,,SH,A股-上交所,2022-09-19,20.22,20.22,19.66,20.06,20.23,926800.0,18477840.0,-0.8403,1.4839,1,0,none,baostock,query_history_k_data_plus
600455,SHSE.600455,,SH,A股-上交所,2022-09-20,20.06,20.37,19.94,20.05,20.06,562303.0,11316024.75,-0.0499,0.9003,1,0,none,baostock,query_history_k_data_plus
600455,SHSE.600455,,SH,A股-上交所,2022-09-21,19.88,20.34,19.59,20.33,20.05,672701.0,13420376.23,1.3965,1.077,1,0,none,baostock,query_history_k_data_plus
600455,SHSE.600455,,SH,A股-上交所,2022-09-22,20.12,20.44,19.96,20.04,20.33,433800.0,8771762.0,-1.4265,0.6945,1,0,none,baostock,query_history_k_data_plus
600455,SHSE.600455,,SH,A股-上交所,2022-09-23,19.99,20.19,19.33,19.36,20.04,699000.0,13721599.0,-3.3932,1.1192,1,0,none,baostock,query_history_k_data_plus
600455,SHSE.600455,,SH,A股-上交所,2022-09-26,19.24,19.26,18.77,18.85,19.36,560940.0,10653975.6,-2.6343,0.8981,1,0,none,baostock,query_history_k_data_plus
600455,SHSE.600455,,SH,A股-上交所,2022-09-27,18.81,19.46,18.81,19.46,18.85,535500.0,10304453.0,3.2361,0.8574,1,0,none,baostock,query_history_k_data_plus
600455,SHSE.600455,,SH,A股-上交所,2022-09-28,19.49,19.8,19.16,19.18,19.46,611364.0,11878953.24,-1.4388,0.9788,1,0,none,baostock,query_history_k_data_plus
600455,SHSE.600455,,SH,A股-上交所,2022-09-29,19.37,19.66,19.0,19.15,19.18,650600.0,12522608.0,-0.1564,1.0417,1,0,none,baostock,query_history_k_data_plus
600455,SHSE.600455,,SH,A股-上交所,2022-09-30,19.03,19.2,18.72,18.8,19.15,658400.0,12486156.0,-1.8277,1.0541,1,0,none,baostock,query_history_k_data_plus
600455,SHSE.600455,,SH,A股-上交所,2022-10-10,18.89,19.07,18.38,18.41,18.8,645900.0,12030765.0,-2.0745,1.0341,1,0,none,baostock,query_history_k_data_plus
600455,SHSE.600455,,SH,A股-上交所,2022-10-11,18.5,18.6,18.22,18.39,18.41,725001.0,13330458.25,-0.1086,1.1608,1,0,none,baostock,query_history_k_data_plus
600455,SHSE.600455,,SH,A股-上交所,2022-10-12,18.39,18.78,18.2,18.78,18.39,469089.0,8674502.67,2.1207,0.751,1,0,none,baostock,query_history_k_data_plus
600455,SHSE.600455,,SH,A股-上交所,2022-10-13,18.75,19.3,18.6,19.12,18.78,722501.0,13789551.14,1.8104,1.1568,1,0,none,baostock,query_history_k_data_plus
600455,SHSE.600455,,SH,A股-上交所,2022-10-14,19.3,19.73,19.19,19.69,19.12,712000.0,13955343.0,2.9812,1.14,1,0,none,baostock,query_history_k_data_plus
600455,SHSE.600455,,SH,A股-上交所,2022-10-17,19.68,20.6,19.46,20.36,19.69,1086152.0,21909791.96,3.4027,1.739,1,0,none,baostock,query_history_k_data_plus
600455,SHSE.600455,,SH,A股-上交所,2022-10-18,20.22,20.5,19.97,20.26,20.36,772200.0,15642673.0,-0.4912,1.2364,1,0,none,baostock,query_history_k_data_plus
600455,SHSE.600455,,SH,A股-上交所,2022-10-19,20.26,20.4,20.0,20.27,20.26,568400.0,11497712.0,0.0494,0.9101,1,0,none,baostock,query_history_k_data_plus
600455,SHSE.600455,,SH,A股-上交所,2022-10-20,20.24,20.53,19.9,20.28,20.27,579900.0,11747406.0,0.0493,0.9285,1,0,none,baostock,query_history_k_data_plus
600455,SHSE.600455,,SH,A股-上交所,2022-10-21,20.3,21.39,20.3,21.06,20.28,1285000.0,26884496.0,3.8462,2.0574,1,0,none,baostock,query_history_k_data_plus
600455,SHSE.600455,,SH,A股-上交所,2022-10-24,21.3,21.3,20.1,20.28,21.06,1163900.0,24067917.0,-3.7037,1.8635,1,0,none,baostock,query_history_k_data_plus
600455,SHSE.600455,,SH,A股-上交所,2022-10-25,20.39,20.53,19.61,19.82,20.28,847601.0,16961363.79,-2.2682,1.3571,1,0,none,baostock,query_history_k_data_plus
600455,SHSE.600455,,SH,A股-上交所,2022-10-26,19.87,20.73,19.86,20.62,19.82,777101.0,15889455.6,4.0363,1.2442,1,0,none,baostock,query_history_k_data_plus
600455,SHSE.600455,,SH,A股-上交所,2022-10-27,20.61,21.27,20.61,20.98,20.62,861201.0,18133288.92,1.7459,1.3788,1,0,none,baostock,query_history_k_data_plus
600455,SHSE.600455,,SH,A股-上交所,2022-10-28,20.9,21.15,20.2,20.29,20.98,733000.0,15096413.4,-3.2888,1.1736,1,0,none,baostock,query_history_k_data_plus
600455,SHSE.600455,,SH,A股-上交所,2022-10-31,20.63,20.86,20.21,20.49,20.29,819800.0,16876264.0,0.9857,1.3126,1,0,none,baostock,query_history_k_data_plus
600455,SHSE.600455,,SH,A股-上交所,2022-11-01,20.6,20.91,20.3,20.88,20.49,1034200.0,21379580.0,1.9034,1.6558,1,0,none,baostock,query_history_k_data_plus
600455,SHSE.600455,,SH,A股-上交所,2022-11-02,21.04,21.26,20.8,20.96,20.88,937400.0,19684707.0,0.3831,1.5008,1,0,none,baostock,query_history_k_data_plus
600455,SHSE.600455,,SH,A股-上交所,2022-11-03,21.07,21.07,20.64,20.93,20.96,730400.0,15261386.0,-0.1431,1.1694,1,0,none,baostock,query_history_k_data_plus
600455,SHSE.600455,,SH,A股-上交所,2022-11-04,21.0,21.2,20.75,21.05,20.93,891900.0,18743818.0,0.5733,1.428,1,0,none,baostock,query_history_k_data_plus
600455,SHSE.600455,,SH,A股-上交所,2022-11-07,21.03,21.37,20.74,21.22,21.05,1248800.0,26336784.0,0.8076,1.9994,1,0,none,baostock,query_history_k_data_plus
600455,SHSE.600455,,SH,A股-上交所,2022-11-08,21.03,21.37,20.83,21.31,21.22,997200.0,21088043.0,0.4241,1.5966,1,0,none,baostock,query_history_k_data_plus
600455,SHSE.600455,,SH,A股-上交所,2022-11-09,21.2,21.45,21.2,21.3,21.31,762112.0,16250217.53,-0.0469,1.2202,1,0,none,baostock,query_history_k_data_plus
600455,SHSE.600455,,SH,A股-上交所,2022-11-10,21.2,21.31,20.93,21.04,21.3,804700.0,16974144.0,-1.2207,1.2884,1,0,none,baostock,query_history_k_data_plus
600455,SHSE.600455,,SH,A股-上交所,2022-11-11,21.3,21.62,21.03,21.16,21.04,1232200.0,26252719.98,0.5703,1.9728,1,0,none,baostock,query_history_k_data_plus
600455,SHSE.600455,,SH,A股-上交所,2022-11-14,21.13,21.68,21.05,21.59,21.16,1347801.0,28927114.59,2.0321,2.1579,1,0,none,baostock,query_history_k_data_plus
600455,SHSE.600455,,SH,A股-上交所,2022-11-15,21.42,21.8,21.3,21.45,21.59,864000.0,18598990.0,-0.6484,1.3833,1,0,none,baostock,query_history_k_data_plus
600455,SHSE.600455,,SH,A股-上交所,2022-11-16,21.35,21.69,21.31,21.46,21.45,907300.0,19505050.0,0.0466,1.4527,1,0,none,baostock,query_history_k_data_plus
600455,SHSE.600455,,SH,A股-上交所,2022-11-17,21.66,21.88,21.46,21.87,21.46,961420.0,20803452.4,1.9105,1.5393,1,0,none,baostock,query_history_k_data_plus
600455,SHSE.600455,,SH,A股-上交所,2022-11-18,21.83,22.55,21.8,22.17,21.87,1772090.0,39412353.3,1.3717,2.8373,1,0,none,baostock,query_history_k_data_plus
600455,SHSE.600455,,SH,A股-上交所,2022-11-21,22.15,22.15,21.4,21.49,22.17,1383936.0,29898963.92,-3.0672,2.2158,1,0,none,baostock,query_history_k_data_plus
600455,SHSE.600455,,SH,A股-上交所,2022-11-22,21.57,22.05,21.36,21.44,21.49,1232600.0,26735785.0,-0.2327,1.9735,1,0,none,baostock,query_history_k_data_plus
600455,SHSE.600455,,SH,A股-上交所,2022-11-23,21.44,21.44,20.55,21.02,21.44,1501830.0,31362671.1,-1.959,2.4045,1,0,none,baostock,query_history_k_data_plus
600455,SHSE.600455,,SH,A股-上交所,2022-11-24,21.1,22.44,20.98,21.59,21.02,2099800.0,45697729.0,2.7117,3.3619,1,0,none,baostock,query_history_k_data_plus
600455,SHSE.600455,,SH,A股-上交所,2022-11-25,21.58,21.76,21.0,21.12,21.59,1391800.0,29512664.0,-2.1769,2.2284,1,0,none,baostock,query_history_k_data_plus
600455,SHSE.600455,,SH,A股-上交所,2022-11-28,21.12,21.87,20.81,21.52,21.12,1588333.0,34183154.66,1.8939,2.543,1,0,none,baostock,query_history_k_data_plus
600455,SHSE.600455,,SH,A股-上交所,2022-11-29,21.7,21.77,21.3,21.35,21.52,1167419.0,25022877.87,-0.79,1.8691,1,0,none,baostock,query_history_k_data_plus
600455,SHSE.600455,,SH,A股-上交所,2022-11-30,21.37,21.89,21.03,21.23,21.35,1030620.0,21866460.2,-0.5621,1.6501,1,0,none,baostock,query_history_k_data_plus
600455,SHSE.600455,,SH,A股-上交所,2022-12-01,21.3,21.54,21.23,21.46,21.23,810455.0,17321476.0,1.0834,1.2976,1,0,none,baostock,query_history_k_data_plus
600455,SHSE.600455,,SH,A股-上交所,2022-12-02,21.43,22.09,21.41,21.73,21.46,1325019.0,28847561.63,1.2582,2.1215,1,0,none,baostock,query_history_k_data_plus
600455,SHSE.600455,,SH,A股-上交所,2022-12-05,21.89,22.3,21.5,22.12,21.73,1367300.0,30030442.0,1.7948,2.1892,1,0,none,baostock,query_history_k_data_plus
600455,SHSE.600455,,SH,A股-上交所,2022-12-06,22.01,22.2,21.89,22.08,22.12,1110200.0,24416450.0,-0.1808,1.7775,1,0,none,baostock,query_history_k_data_plus
600455,SHSE.600455,,SH,A股-上交所,2022-12-07,22.1,22.44,21.97,22.22,22.08,1531400.0,34108959.0,0.6341,2.4519,1,0,none,baostock,query_history_k_data_plus
600455,SHSE.600455,,SH,A股-上交所,2022-12-08,22.27,22.27,21.78,22.02,22.22,1001800.0,21982930.0,-0.9001,1.604,1,0,none,baostock,query_history_k_data_plus
600455,SHSE.600455,,SH,A股-上交所,2022-12-09,22.25,22.27,21.81,21.89,22.02,723027.0,15833616.77,-0.5904,1.1576,1,0,none,baostock,query_history_k_data_plus
600455,SHSE.600455,,SH,A股-上交所,2022-12-12,21.89,22.07,21.6,21.66,21.89,836301.0,18212699.66,-1.0507,1.339,1,0,none,baostock,query_history_k_data_plus
600455,SHSE.600455,,SH,A股-上交所,2022-12-13,21.65,22.08,21.65,21.84,21.66,817301.0,17852760.83,0.831,1.3086,1,0,none,baostock,query_history_k_data_plus
600455,SHSE.600455,,SH,A股-上交所,2022-12-14,21.95,22.37,21.84,22.05,21.84,1205500.0,26677163.0,0.9615,1.9301,1,0,none,baostock,query_history_k_data_plus
600455,SHSE.600455,,SH,A股-上交所,2022-12-15,22.1,22.33,21.85,22.1,22.05,781900.0,17279874.0,0.2268,1.2519,1,0,none,baostock,query_history_k_data_plus
600455,SHSE.600455,,SH,A股-上交所,2022-12-16,22.16,23.17,22.0,22.25,22.1,2674101.0,60279848.39,0.6787,4.2814,1,0,none,baostock,query_history_k_data_plus
600455,SHSE.600455,,SH,A股-上交所,2022-12-19,22.26,23.64,21.8,23.2,22.25,4369640.0,100298109.47,4.2697,6.9961,1,0,none,baostock,query_history_k_data_plus
600455,SHSE.600455,,SH,A股-上交所,2022-12-20,22.8,22.8,21.6,22.3,23.2,3090231.0,68602519.78,-3.8793,4.9477,1,0,none,baostock,query_history_k_data_plus
600455,SHSE.600455,,SH,A股-上交所,2022-12-21,22.34,22.73,22.13,22.19,22.3,1395800.0,31212937.0,-0.4933,2.2348,1,0,none,baostock,query_history_k_data_plus
600455,SHSE.600455,,SH,A股-上交所,2022-12-22,22.53,23.23,22.2,22.7,22.19,2724129.0,62124661.92,2.2983,4.3615,1,0,none,baostock,query_history_k_data_plus
600455,SHSE.600455,,SH,A股-上交所,2022-12-23,22.46,23.77,22.2,23.31,22.7,4804402.0,111603455.33,2.6872,7.6922,1,0,none,baostock,query_history_k_data_plus
600455,SHSE.600455,,SH,A股-上交所,2022-12-26,23.01,23.23,22.47,22.86,23.31,3315222.0,75303478.19,-1.9305,5.3079,1,0,none,baostock,query_history_k_data_plus
600455,SHSE.600455,,SH,A股-上交所,2022-12-27,22.72,22.8,22.0,22.55,22.86,2289501.0,51282770.13,-1.3561,3.6657,1,0,none,baostock,query_history_k_data_plus
600455,SHSE.600455,,SH,A股-上交所,2022-12-28,22.44,22.48,21.64,21.8,22.55,2286019.0,49984551.71,-3.3259,3.6601,1,0,none,baostock,query_history_k_data_plus
600455,SHSE.600455,,SH,A股-上交所,2022-12-29,21.6,22.25,21.43,21.7,21.8,1419026.0,31101388.53,-0.4587,2.272,1,0,none,baostock,query_history_k_data_plus
600455,SHSE.600455,,SH,A股-上交所,2022-12-30,21.84,22.3,21.31,22.12,21.7,2047100.0,44947770.0,1.9355,3.2776,1,0,none,baostock,query_history_k_data_plus
600455,SHSE.600455,,SH,A股-上交所,2023-01-03,22.12,22.39,21.93,22.18,22.12,1734048.0,38354431.8,0.2712,2.7763,1,0,none,baostock,query_history_k_data_plus
600455,SHSE.600455,,SH,A股-上交所,2023-01-04,22.14,24.19,22.01,23.45,22.18,4117771.0,96394085.82,5.7259,6.5929,1,0,none,baostock,query_history_k_data_plus
600455,SHSE.600455,,SH,A股-上交所,2023-01-05,23.77,24.45,23.32,23.8,23.45,3338000.0,79674930.0,1.4925,5.3444,1,0,none,baostock,query_history_k_data_plus
600455,SHSE.600455,,SH,A股-上交所,2023-01-06,23.7,23.97,23.07,23.08,23.8,2134800.0,50093824.0,-3.0252,3.418,1,0,none,baostock,query_history_k_data_plus
600455,SHSE.600455,,SH,A股-上交所,2023-01-09,23.08,24.1,22.92,23.59,23.08,1906500.0,44830243.0,2.2097,3.0525,1,0,none,baostock,query_history_k_data_plus
600455,SHSE.600455,,SH,A股-上交所,2023-01-10,23.64,24.04,23.43,23.75,23.59,1737392.0,41320993.16,0.6783,2.7817,1,0,none,baostock,query_history_k_data_plus
600455,SHSE.600455,,SH,A股-上交所,2023-01-11,23.8,23.8,22.9,22.99,23.75,1434210.0,33309354.49,-3.2,2.2963,1,0,none,baostock,query_history_k_data_plus
600455,SHSE.600455,,SH,A股-上交所,2023-01-12,23.22,23.26,22.8,23.01,22.99,1006501.0,23167161.09,0.087,1.6115,1,0,none,baostock,query_history_k_data_plus
600455,SHSE.600455,,SH,A股-上交所,2023-01-13,23.1,24.38,22.83,23.8,23.01,2075410.0,49133607.8,3.4333,3.3229,1,0,none,baostock,query_history_k_data_plus
600455,SHSE.600455,,SH,A股-上交所,2023-01-16,23.8,24.05,23.4,23.58,23.8,1666690.0,39456012.0,-0.9244,2.6685,1,0,none,baostock,query_history_k_data_plus
600455,SHSE.600455,,SH,A股-上交所,2023-01-17,23.48,23.95,23.32,23.55,23.58,1153700.0,27158481.0,-0.1272,1.8472,1,0,none,baostock,query_history_k_data_plus
600455,SHSE.600455,,SH,A股-上交所,2023-01-18,23.4,24.42,23.14,23.81,23.55,1777297.0,42234915.08,1.104,2.8456,1,0,none,baostock,query_history_k_data_plus
600455,SHSE.600455,,SH,A股-上交所,2023-01-19,24.3,26.19,23.7,24.86,23.81,7452710.0,188903191.72,4.4099,11.9324,1,0,none,baostock,query_history_k_data_plus
600455,SHSE.600455,,SH,A股-上交所,2023-01-20,24.49,24.68,23.45,24.18,24.86,5104710.0,122533524.9,-2.7353,8.173,1,0,none,baostock,query_history_k_data_plus
600455,SHSE.600455,,SH,A股-上交所,2023-01-30,24.18,24.37,23.85,24.37,24.18,3066290.0,73841481.1,0.7858,4.9094,1,0,none,baostock,query_history_k_data_plus
600455,SHSE.600455,,SH,A股-上交所,2023-01-31,24.05,25.2,23.93,24.66,24.37,3567083.0,87674648.5,1.19,5.7112,1,0,none,baostock,query_history_k_data_plus
600455,SHSE.600455,,SH,A股-上交所,2023-02-01,24.45,24.81,24.29,24.77,24.66,2372445.0,58304597.17,0.4461,3.7985,1,0,none,baostock,query_history_k_data_plus
600455,SHSE.600455,,SH,A股-上交所,2023-02-02,24.7,24.77,23.93,24.16,24.77,3369119.0,81793344.85,-2.4627,5.3942,1,0,none,baostock,query_history_k_data_plus
600455,SHSE.600455,,SH,A股-上交所,2023-02-03,24.15,24.26,23.8,24.2,24.16,1653000.0,39747968.0,0.1656,2.6466,1,0,none,baostock,query_history_k_data_plus
600455,SHSE.600455,,SH,A股-上交所,2023-02-06,24.0,24.35,23.85,24.24,24.2,1756700.0,42561308.0,0.1653,2.8126,1,0,none,baostock,query_history_k_data_plus
600455,SHSE.600455,,SH,A股-上交所,2023-02-07,24.14,24.39,24.12,24.21,24.24,1313900.0,31818870.0,-0.1238,2.1037,1,0,none,baostock,query_history_k_data_plus
600455,SHSE.600455,,SH,A股-上交所,2023-02-08,24.2,24.2,23.81,23.89,24.21,1342100.0,32132714.0,-1.3218,2.1488,1,0,none,baostock,query_history_k_data_plus
600455,SHSE.600455,,SH,A股-上交所,2023-02-09,23.72,24.07,23.63,24.07,23.89,950700.0,22737969.0,0.7535,1.5221,1,0,none,baostock,query_history_k_data_plus
600455,SHSE.600455,,SH,A股-上交所,2023-02-10,24.01,24.58,23.9,24.26,24.07,1678920.0,40800055.46,0.7894,2.6881,1,0,none,baostock,query_history_k_data_plus
600455,SHSE.600455,,SH,A股-上交所,2023-02-13,24.14,24.47,24.01,24.39,24.26,1271609.0,30947515.24,0.5359,2.0359,1,0,none,baostock,query_history_k_data_plus
600455,SHSE.600455,,SH,A股-上交所,2023-02-14,24.42,24.47,24.15,24.3,24.39,813900.0,19761635.0,-0.369,1.3031,1,0,none,baostock,query_history_k_data_plus
600455,SHSE.600455,,SH,A股-上交所,2023-02-15,24.29,24.55,24.2,24.45,24.3,1140900.0,27880129.0,0.6173,1.8267,1,0,none,baostock,query_history_k_data_plus
600455,SHSE.600455,,SH,A股-上交所,2023-02-16,24.55,24.86,23.84,24.29,24.45,1981222.0,48461008.74,-0.6544,3.1721,1,0,none,baostock,query_history_k_data_plus
600455,SHSE.600455,,SH,A股-上交所,2023-02-17,24.05,25.31,24.05,24.57,24.29,2233009.0,55023636.74,1.1527,3.5752,1,0,none,baostock,query_history_k_data_plus
600455,SHSE.600455,,SH,A股-上交所,2023-02-20,24.45,24.57,23.9,24.27,24.57,1580055.0,38138022.55,-1.221,2.5298,1,0,none,baostock,query_history_k_data_plus
600455,SHSE.600455,,SH,A股-上交所,2023-02-21,24.32,24.65,24.09,24.33,24.27,1161955.0,28237923.55,0.2472,1.8604,1,0,none,baostock,query_history_k_data_plus
600455,SHSE.600455,,SH,A股-上交所,2023-02-22,24.13,24.19,23.9,24.14,24.33,911900.0,21932912.0,-0.7809,1.46,1,0,none,baostock,query_history_k_data_plus
600455,SHSE.600455,,SH,A股-上交所,2023-02-23,24.08,24.31,23.72,23.91,24.14,1075900.0,25797912.94,-0.9528,1.7226,1,0,none,baostock,query_history_k_data_plus
600455,SHSE.600455,,SH,A股-上交所,2023-02-24,23.9,24.2,23.36,24.15,23.91,1429855.0,33969787.65,1.0038,2.2893,1,0,none,baostock,query_history_k_data_plus
600455,SHSE.600455,,SH,A股-上交所,2023-02-27,24.12,24.15,23.33,23.44,24.15,948800.0,22460233.0,-2.94,1.5191,1,0,none,baostock,query_history_k_data_plus
600455,SHSE.600455,,SH,A股-上交所,2023-02-28,23.44,23.98,23.43,23.69,23.44,752901.0,17870552.63,1.0666,1.2055,1,0,none,baostock,query_history_k_data_plus
600455,SHSE.600455,,SH,A股-上交所,2023-03-01,23.75,24.84,23.65,24.62,23.69,1936600.0,47162437.0,3.9257,3.1006,1,0,none,baostock,query_history_k_data_plus
600455,SHSE.600455,,SH,A股-上交所,2023-03-02,24.6,25.25,24.51,24.74,24.62,1783800.0,44439269.0,0.4874,2.856,1,0,none,baostock,query_history_k_data_plus
600455,SHSE.600455,,SH,A股-上交所,2023-03-03,24.91,24.99,24.33,24.7,24.74,1444600.0,35564745.0,-0.1617,2.3129,1,0,none,baostock,query_history_k_data_plus
600455,SHSE.600455,,SH,A股-上交所,2023-03-06,24.69,24.72,24.18,24.34,24.7,997400.0,24326409.0,-1.4575,1.5969,1,0,none,baostock,query_history_k_data_plus
600455,SHSE.600455,,SH,A股-上交所,2023-03-07,24.35,24.42,23.81,23.87,24.34,761100.0,18347606.0,-1.931,1.2186,1,0,none,baostock,query_history_k_data_plus
600455,SHSE.600455,,SH,A股-上交所,2023-03-08,23.82,24.27,23.71,24.2,23.87,934800.0,22535194.0,1.3825,1.4967,1,0,none,baostock,query_history_k_data_plus
600455,SHSE.600455,,SH,A股-上交所,2023-03-09,24.37,24.38,23.9,24.28,24.2,936700.0,22639211.0,0.3306,1.4997,1,0,none,baostock,query_history_k_data_plus
600455,SHSE.600455,,SH,A股-上交所,2023-03-10,24.19,24.48,23.87,23.92,24.28,1040900.0,25007917.0,-1.4827,1.6666,1,0,none,baostock,query_history_k_data_plus
600455,SHSE.600455,,SH,A股-上交所,2023-03-13,23.98,24.55,23.79,24.52,23.92,1670190.0,40546401.72,2.5084,2.6741,1,0,none,baostock,query_history_k_data_plus
600455,SHSE.600455,,SH,A股-上交所,2023-03-14,24.63,24.65,24.19,24.3,24.52,1615000.0,39250625.0,-0.8972,2.5857,1,0,none,baostock,query_history_k_data_plus
600455,SHSE.600455,,SH,A股-上交所,2023-03-15,24.48,24.73,24.25,24.33,24.3,989700.0,24169090.0,0.1235,1.5846,1,0,none,baostock,query_history_k_data_plus
600455,SHSE.600455,,SH,A股-上交所,2023-03-16,24.32,24.4,23.9,24.04,24.33,962900.0,23194926.0,-1.1919,1.5417,1,0,none,baostock,query_history_k_data_plus
600455,SHSE.600455,,SH,A股-上交所,2023-03-17,24.07,24.56,24.01,24.09,24.04,1549301.0,37623982.07,0.208,2.4805,1,0,none,baostock,query_history_k_data_plus
600455,SHSE.600455,,SH,A股-上交所,2023-03-20,24.05,24.18,23.36,23.39,24.09,1518600.0,35880281.0,-2.9058,2.4314,1,0,none,baostock,query_history_k_data_plus
600455,SHSE.600455,,SH,A股-上交所,2023-03-21,23.44,24.45,23.33,24.33,23.39,1959012.0,47111120.96,4.0188,3.1365,1,0,none,baostock,query_history_k_data_plus
600455,SHSE.600455,,SH,A股-上交所,2023-03-22,24.5,24.8,24.36,24.68,24.33,1803600.0,44328522.0,1.4386,2.8877,1,0,none,baostock,query_history_k_data_plus
600455,SHSE.600455,,SH,A股-上交所,2023-03-23,24.6,25.1,24.4,25.05,24.68,2106012.0,52318372.12,1.4992,3.3719,1,0,none,baostock,query_history_k_data_plus
600455,SHSE.600455,,SH,A股-上交所,2023-03-24,25.06,25.1,24.7,24.8,25.05,1105226.0,27491601.88,-0.998,1.7696,1,0,none,baostock,query_history_k_data_plus
600455,SHSE.600455,,SH,A股-上交所,2023-03-27,24.85,25.18,24.56,24.98,24.8,1676433.0,41686542.8,0.7258,2.6841,1,0,none,baostock,query_history_k_data_plus
600455,SHSE.600455,,SH,A股-上交所,2023-03-28,25.0,25.09,24.67,24.89,24.98,1080600.0,26915712.0,-0.3603,1.7301,1,0,none,baostock,query_history_k_data_plus
600455,SHSE.600455,,SH,A股-上交所,2023-03-29,24.89,24.89,24.22,24.39,24.89,1136006.0,27871616.24,-2.0088,1.8188,1,0,none,baostock,query_history_k_data_plus
600455,SHSE.600455,,SH,A股-上交所,2023-03-30,24.42,24.78,23.92,23.95,24.39,1042601.0,25230191.01,-1.804,1.6693,1,0,none,baostock,query_history_k_data_plus
600455,SHSE.600455,,SH,A股-上交所,2023-03-31,24.0,24.88,23.7,24.64,23.95,1620800.0,39619903.0,2.881,2.595,1,0,none,baostock,query_history_k_data_plus
600455,SHSE.600455,,SH,A股-上交所,2023-04-03,24.64,24.85,24.23,24.66,24.64,1355400.0,33297433.73,0.0812,2.1701,1,0,none,baostock,query_history_k_data_plus
600455,SHSE.600455,,SH,A股-上交所,2023-04-04,24.78,26.19,24.35,24.45,24.66,2915003.0,72645110.85,-0.8516,4.6671,1,0,none,baostock,query_history_k_data_plus
600455,SHSE.600455,,SH,A股-上交所,2023-04-06,24.45,24.55,23.5,23.51,24.45,2347100.0,55690837.0,-3.8446,3.7579,1,0,none,baostock,query_history_k_data_plus
600455,SHSE.600455,,SH,A股-上交所,2023-04-07,23.52,23.93,23.35,23.79,23.51,1632333.0,38606447.13,1.191,2.6135,1,0,none,baostock,query_history_k_data_plus
600455,SHSE.600455,,SH,A股-上交所,2023-04-10,23.63,23.86,22.93,22.93,23.79,2127300.0,49562108.0,-3.615,3.406,1,0,none,baostock,query_history_k_data_plus
600455,SHSE.600455,,SH,A股-上交所,2023-04-11,22.88,23.42,22.8,23.25,22.93,1231200.0,28465719.0,1.3956,1.9712,1,0,none,baostock,query_history_k_data_plus
600455,SHSE.600455,,SH,A股-上交所,2023-04-12,23.25,23.55,23.01,23.46,23.25,805000.0,18791365.0,0.9032,1.2889,1,0,none,baostock,query_history_k_data_plus
600455,SHSE.600455,,SH,A股-上交所,2023-04-13,23.46,24.1,23.24,23.79,23.46,1452400.0,34486718.4,1.4066,2.3254,1,0,none,baostock,query_history_k_data_plus
600455,SHSE.600455,,SH,A股-上交所,2023-04-14,23.69,24.22,23.41,23.5,23.79,1118933.0,26560313.71,-1.219,1.7915,1,0,none,baostock,query_history_k_data_plus
600455,SHSE.600455,,SH,A股-上交所,2023-04-17,23.4,23.66,23.11,23.19,23.5,1040601.0,24194717.19,-1.3191,1.6661,1,0,none,baostock,query_history_k_data_plus
600455,SHSE.600455,,SH,A股-上交所,2023-04-18,23.48,23.48,22.88,23.07,23.19,832600.0,19168402.0,-0.5175,1.3331,1,0,none,baostock,query_history_k_data_plus
600455,SHSE.600455,,SH,A股-上交所,2023-04-19,23.07,23.34,22.95,23.23,23.07,855100.0,19831021.0,0.6935,1.3691,1,0,none,baostock,query_history_k_data_plus
600455,SHSE.600455,,SH,A股-上交所,2023-04-20,23.23,23.3,22.83,22.91,23.23,850000.0,19578043.0,-1.3775,1.3609,1,0,none,baostock,query_history_k_data_plus
600455,SHSE.600455,,SH,A股-上交所,2023-04-21,22.82,22.92,21.63,21.71,22.91,1674000.0,37059432.0,-5.2379,2.6802,1,0,none,baostock,query_history_k_data_plus
600455,SHSE.600455,,SH,A股-上交所,2023-04-24,21.72,21.79,21.06,21.52,21.71,1284407.0,27577787.8,-0.8752,2.0564,1,0,none,baostock,query_history_k_data_plus
600455,SHSE.600455,,SH,A股-上交所,2023-04-25,21.53,21.53,20.47,21.12,21.52,1695000.0,35509417.0,-1.8587,2.7138,1,0,none,baostock,query_history_k_data_plus
600455,SHSE.600455,,SH,A股-上交所,2023-04-26,21.0,21.33,20.7,21.15,21.12,1082441.0,22835316.21,0.142,1.7331,1,0,none,baostock,query_history_k_data_plus
600455,SHSE.600455,,SH,A股-上交所,2023-04-27,21.0,22.0,20.96,21.41,21.15,1203293.0,25948816.04,1.2293,1.9266,1,0,none,baostock,query_history_k_data_plus
600455,SHSE.600455,,SH,A股-上交所,2023-04-28,21.41,21.41,21.41,21.41,21.41,,,,,0,0,none,baostock,query_history_k_data_plus
600455,SHSE.600455,,SH,A股-上交所,2023-05-04,21.2,22.07,20.96,22.0,21.41,2833600.0,60699405.0,2.7557,4.5368,1,0,none,baostock,query_history_k_data_plus
600455,SHSE.600455,,SH,A股-上交所,2023-05-05,21.99,22.53,21.6,22.14,22.0,2003400.0,44336003.0,0.6364,3.2076,1,0,none,baostock,query_history_k_data_plus
600455,SHSE.600455,,SH,A股-上交所,2023-05-08,22.16,22.69,21.73,22.33,22.14,1765500.0,39282463.0,0.8582,2.8267,1,0,none,baostock,query_history_k_data_plus
600455,SHSE.600455,,SH,A股-上交所,2023-05-09,22.28,22.43,21.72,21.81,22.33,1233700.0,27255088.0,-2.3287,1.9752,1,0,none,baostock,query_history_k_data_plus
600455,SHSE.600455,,SH,A股-上交所,2023-05-10,22.0,22.6,21.7,22.29,21.81,1369500.0,30655637.0,2.2008,2.1927,1,0,none,baostock,query_history_k_data_plus
600455,SHSE.600455,,SH,A股-上交所,2023-05-11,22.23,23.43,22.18,23.25,22.29,2692200.0,62364830.0,4.3069,4.3104,1,0,none,baostock,query_history_k_data_plus
600455,SHSE.600455,,SH,A股-上交所,2023-05-12,23.06,23.11,22.48,22.6,23.25,1507200.0,34193185.0,-2.7957,2.4131,1,0,none,baostock,query_history_k_data_plus
600455,SHSE.600455,,SH,A股-上交所,2023-05-15,22.52,23.46,22.52,23.02,22.6,1918201.0,44314333.98,1.8584,3.0712,1,0,none,baostock,query_history_k_data_plus
600455,SHSE.600455,,SH,A股-上交所,2023-05-16,22.92,22.92,22.34,22.49,23.02,1090500.0,24580547.0,-2.3023,1.746,1,0,none,baostock,query_history_k_data_plus
600455,SHSE.600455,,SH,A股-上交所,2023-05-17,22.35,22.71,22.26,22.67,22.49,670433.0,15130372.2,0.8004,1.0734,1,0,none,baostock,query_history_k_data_plus
600455,SHSE.600455,,SH,A股-上交所,2023-05-18,22.83,22.84,22.6,22.79,22.67,856300.0,19461048.0,0.5293,1.371,1,0,none,baostock,query_history_k_data_plus
600455,SHSE.600455,,SH,A股-上交所,2023-05-19,22.88,22.92,22.43,22.76,22.79,718900.0,16320770.0,-0.1316,1.151,1,0,none,baostock,query_history_k_data_plus
600455,SHSE.600455,,SH,A股-上交所,2023-05-22,22.75,22.94,22.46,22.59,22.76,623400.0,14075286.0,-0.7469,0.9981,1,0,none,baostock,query_history_k_data_plus
600455,SHSE.600455,,SH,A股-上交所,2023-05-23,22.62,22.62,22.29,22.29,22.59,918924.0,20583910.84,-1.328,1.4713,1,0,none,baostock,query_history_k_data_plus
600455,SHSE.600455,,SH,A股-上交所,2023-05-24,22.18,22.43,22.07,22.25,22.29,607200.0,13519556.0,-0.1795,0.9722,1,0,none,baostock,query_history_k_data_plus
600455,SHSE.600455,,SH,A股-上交所,2023-05-25,22.25,22.32,21.52,21.79,22.25,1016500.0,22116576.0,-2.0674,1.6275,1,0,none,baostock,query_history_k_data_plus
600455,SHSE.600455,,SH,A股-上交所,2023-05-26,21.8,22.17,21.61,22.16,21.79,676500.0,14841057.0,1.698,1.0831,1,0,none,baostock,query_history_k_data_plus
600455,SHSE.600455,,SH,A股-上交所,2023-05-29,22.08,22.36,21.9,22.13,22.16,1085010.0,23967991.3,-0.1354,1.7372,1,0,none,baostock,query_history_k_data_plus
600455,SHSE.600455,,SH,A股-上交所,2023-05-30,22.22,22.64,21.95,22.56,22.13,1305000.0,29116101.0,1.9431,2.0894,1,0,none,baostock,query_history_k_data_plus
600455,SHSE.600455,,SH,A股-上交所,2023-05-31,22.15,22.69,22.14,22.31,22.56,868010.0,19431868.0,-1.1082,1.3897,1,0,none,baostock,query_history_k_data_plus
600455,SHSE.600455,,SH,A股-上交所,2023-06-01,22.2,22.96,22.08,22.84,22.31,1953200.0,44185671.0,2.3756,3.1272,1,0,none,baostock,query_history_k_data_plus
600455,SHSE.600455,,SH,A股-上交所,2023-06-02,22.84,22.99,22.69,22.77,22.84,1230700.0,28103997.0,-0.3065,1.9704,1,0,none,baostock,query_history_k_data_plus
600455,SHSE.600455,,SH,A股-上交所,2023-06-05,22.68,23.34,22.61,23.22,22.77,1327200.0,30580548.0,1.9763,2.1249,1,0,none,baostock,query_history_k_data_plus
600455,SHSE.600455,,SH,A股-上交所,2023-06-06,23.22,23.33,22.83,22.85,23.22,1174700.0,27135359.0,-1.5935,1.8808,1,0,none,baostock,query_history_k_data_plus
600455,SHSE.600455,,SH,A股-上交所,2023-06-07,22.85,23.65,22.85,23.52,22.85,2041000.0,47799487.0,2.9322,3.2678,1,0,none,baostock,query_history_k_data_plus
600455,SHSE.600455,,SH,A股-上交所,2023-06-08,23.36,23.74,22.95,23.29,23.52,1661810.0,38791813.8,-0.9779,2.6607,1,0,none,baostock,query_history_k_data_plus
600455,SHSE.600455,,SH,A股-上交所,2023-06-09,23.28,23.3,22.74,23.11,23.29,1625000.0,37417438.0,-0.7729,2.6017,1,0,none,baostock,query_history_k_data_plus
600455,SHSE.600455,,SH,A股-上交所,2023-06-12,23.11,23.7,22.65,23.28,23.11,1577600.0,36628626.0,0.7356,2.5259,1,0,none,baostock,query_history_k_data_plus
600455,SHSE.600455,,SH,A股-上交所,2023-06-13,23.18,23.35,22.94,23.08,23.28,1317100.0,30447817.0,-0.8591,2.1088,1,0,none,baostock,query_history_k_data_plus
600455,SHSE.600455,,SH,A股-上交所,2023-06-14,22.97,23.41,22.97,23.05,23.08,971100.0,22495973.0,-0.13,1.5548,1,0,none,baostock,query_history_k_data_plus
600455,SHSE.600455,,SH,A股-上交所,2023-06-15,23.07,23.16,22.58,22.73,23.05,980900.0,22329354.0,-1.3883,1.5705,1,0,none,baostock,query_history_k_data_plus
600455,SHSE.600455,,SH,A股-上交所,2023-06-16,22.61,23.1,22.52,22.76,22.73,1048133.0,23933502.09,0.132,1.6781,1,0,none,baostock,query_history_k_data_plus
600455,SHSE.600455,,SH,A股-上交所,2023-06-19,22.78,23.02,22.61,22.86,22.76,996000.0,22783213.36,0.4394,1.5947,1,0,none,baostock,query_history_k_data_plus
600455,SHSE.600455,,SH,A股-上交所,2023-06-20,22.82,22.93,22.48,22.49,22.86,893600.0,20184186.0,-1.6185,1.4307,1,0,none,baostock,query_history_k_data_plus
600455,SHSE.600455,,SH,A股-上交所,2023-06-21,22.65,22.67,22.12,22.12,22.49,667400.0,14869667.0,-1.6452,1.0686,1,0,none,baostock,query_history_k_data_plus
600455,SHSE.600455,,SH,A股-上交所,2023-06-26,22.12,22.24,21.54,21.57,22.12,1248700.0,27210880.0,-2.4864,1.9993,1,0,none,baostock,query_history_k_data_plus
600455,SHSE.600455,,SH,A股-上交所,2023-06-27,21.6,22.0,21.51,21.9,21.57,1244130.0,27201390.44,1.5299,1.9919,1,0,none,baostock,query_history_k_data_plus
600455,SHSE.600455,,SH,A股-上交所,2023-06-28,21.99,21.99,21.29,21.74,21.9,1095700.0,23668675.0,-0.7306,1.7543,1,0,none,baostock,query_history_k_data_plus
600455,SHSE.600455,,SH,A股-上交所,2023-06-29,21.83,22.35,21.6,22.26,21.74,872200.0,19315220.0,2.3919,1.3965,1,0,none,baostock,query_history_k_data_plus
600455,SHSE.600455,,SH,A股-上交所,2023-06-30,22.26,22.8,22.14,22.59,22.26,787226.0,17810088.48,1.4825,1.2604,1,0,none,baostock,query_history_k_data_plus
600455,SHSE.600455,,SH,A股-上交所,2023-07-03,22.8,23.11,22.35,22.93,22.59,1120200.0,25533974.0,1.5051,1.7935,1,0,none,baostock,query_history_k_data_plus
600455,SHSE.600455,,SH,A股-上交所,2023-07-04,22.8,23.28,22.78,23.2,22.93,767240.0,17707685.2,1.1775,1.2284,1,0,none,baostock,query_history_k_data_plus
600455,SHSE.600455,,SH,A股-上交所,2023-07-05,23.1,23.45,23.01,23.23,23.2,766291.0,17840958.57,0.1293,1.2269,1,0,none,baostock,query_history_k_data_plus
600455,SHSE.600455,,SH,A股-上交所,2023-07-06,23.14,23.56,23.09,23.43,23.23,728600.0,17062200.0,0.861,1.1665,1,0,none,baostock,query_history_k_data_plus
600455,SHSE.600455,,SH,A股-上交所,2023-07-07,23.45,23.5,23.02,23.24,23.43,829300.0,19292852.0,-0.8109,1.3278,1,0,none,baostock,query_history_k_data_plus
600455,SHSE.600455,,SH,A股-上交所,2023-07-10,23.43,23.64,22.84,23.11,23.24,769800.0,17731157.0,-0.5594,1.2325,1,0,none,baostock,query_history_k_data_plus
600455,SHSE.600455,,SH,A股-上交所,2023-07-11,23.28,23.28,23.04,23.17,23.11,470000.0,10888270.0,0.2596,0.7525,1,0,none,baostock,query_history_k_data_plus
600455,SHSE.600455,,SH,A股-上交所,2023-07-12,23.16,23.25,22.88,22.9,23.17,450700.0,10386446.0,-1.1653,0.7216,1,0,none,baostock,query_history_k_data_plus
600455,SHSE.600455,,SH,A股-上交所,2023-07-13,23.02,23.16,22.79,23.09,22.9,512700.0,11796377.0,0.8297,0.8209,1,0,none,baostock,query_history_k_data_plus
600455,SHSE.600455,,SH,A股-上交所,2023-07-14,23.04,23.2,22.91,23.06,23.09,486000.0,11231486.0,-0.1299,0.7781,1,0,none,baostock,query_history_k_data_plus
600455,SHSE.600455,,SH,A股-上交所,2023-07-17,23.13,23.37,22.99,23.26,23.06,741700.0,17227074.0,0.8673,1.1875,1,0,none,baostock,query_history_k_data_plus
600455,SHSE.600455,,SH,A股-上交所,2023-07-18,23.2,23.45,23.01,23.2,23.26,615300.0,14296238.0,-0.258,0.9851,1,0,none,baostock,query_history_k_data_plus
600455,SHSE.600455,,SH,A股-上交所,2023-07-19,23.29,23.42,23.07,23.3,23.2,517600.0,12059011.0,0.431,0.8287,1,0,none,baostock,query_history_k_data_plus
600455,SHSE.600455,,SH,A股-上交所,2023-07-20,23.46,23.46,23.0,23.08,23.3,766200.0,17733313.0,-0.9442,1.2267,1,0,none,baostock,query_history_k_data_plus
600455,SHSE.600455,,SH,A股-上交所,2023-07-21,23.16,23.17,22.84,22.91,23.08,623040.0,14331930.2,-0.7366,0.9975,1,0,none,baostock,query_history_k_data_plus
600455,SHSE.600455,,SH,A股-上交所,2023-07-24,22.91,23.3,22.8,23.23,22.91,926540.0,21432052.8,1.3968,1.4835,1,0,none,baostock,query_history_k_data_plus
600455,SHSE.600455,,SH,A股-上交所,2023-07-25,23.48,23.48,23.2,23.4,23.23,829300.0,19386749.0,0.7318,1.3278,1,0,none,baostock,query_history_k_data_plus
600455,SHSE.600455,,SH,A股-上交所,2023-07-26,23.41,23.47,23.3,23.44,23.4,626600.0,14673029.0,0.1709,1.0032,1,0,none,baostock,query_history_k_data_plus
600455,SHSE.600455,,SH,A股-上交所,2023-07-27,23.45,23.59,23.1,23.11,23.44,857900.0,20020034.0,-1.4078,1.3736,1,0,none,baostock,query_history_k_data_plus
600455,SHSE.600455,,SH,A股-上交所,2023-07-28,23.11,23.4,22.91,23.3,23.11,807000.0,18724704.0,0.8222,1.2921,1,0,none,baostock,query_history_k_data_plus
600455,SHSE.600455,,SH,A股-上交所,2023-07-31,23.3,23.44,23.18,23.34,23.3,853980.0,19931351.4,0.1717,1.3673,1,0,none,baostock,query_history_k_data_plus
600455,SHSE.600455,,SH,A股-上交所,2023-08-01,23.7,23.8,22.79,23.05,23.34,2217291.0,51296625.37,-1.2425,3.5501,1,0,none,baostock,query_history_k_data_plus
600455,SHSE.600455,,SH,A股-上交所,2023-08-02,23.05,23.15,22.68,22.76,23.05,1167080.0,26624584.2,-1.2581,1.8686,1,0,none,baostock,query_history_k_data_plus
600455,SHSE.600455,,SH,A股-上交所,2023-08-03,22.71,22.83,22.27,22.39,22.76,1040700.0,23391599.0,-1.6257,1.6662,1,0,none,baostock,query_history_k_data_plus
600455,SHSE.600455,,SH,A股-上交所,2023-08-04,22.28,22.99,22.28,22.57,22.39,998500.0,22595864.27,0.8039,1.5987,1,0,none,baostock,query_history_k_data_plus
600455,SHSE.600455,,SH,A股-上交所,2023-08-07,22.55,22.77,22.44,22.59,22.57,813001.0,18387357.58,0.0886,1.3017,1,0,none,baostock,query_history_k_data_plus
600455,SHSE.600455,,SH,A股-上交所,2023-08-08,22.7,22.78,22.51,22.66,22.59,516400.0,11700724.0,0.3099,0.8268,1,0,none,baostock,query_history_k_data_plus
600455,SHSE.600455,,SH,A股-上交所,2023-08-09,22.66,22.7,22.33,22.34,22.66,502300.0,11312597.0,-1.4122,0.8042,1,0,none,baostock,query_history_k_data_plus
600455,SHSE.600455,,SH,A股-上交所,2023-08-10,22.32,22.6,22.28,22.43,22.34,644600.0,14459320.0,0.4029,1.0321,1,0,none,baostock,query_history_k_data_plus
600455,SHSE.600455,,SH,A股-上交所,2023-08-11,22.43,22.73,22.0,22.08,22.43,758100.0,16942499.0,-1.5604,1.2138,1,0,none,baostock,query_history_k_data_plus
600455,SHSE.600455,,SH,A股-上交所,2023-08-14,22.02,22.68,22.01,22.66,22.08,930200.0,20811185.0,2.6268,1.4893,1,0,none,baostock,query_history_k_data_plus
600455,SHSE.600455,,SH,A股-上交所,2023-08-15,22.65,22.8,22.44,22.63,22.66,624200.0,14140128.0,-0.1324,0.9994,1,0,none,baostock,query_history_k_data_plus
600455,SHSE.600455,,SH,A股-上交所,2023-08-16,22.59,22.9,22.47,22.63,22.63,782700.0,17780123.0,0.0,1.2532,1,0,none,baostock,query_history_k_data_plus
600455,SHSE.600455,,SH,A股-上交所,2023-08-17,22.64,22.93,22.16,22.79,22.63,1099100.0,24906047.0,0.707,1.7597,1,0,none,baostock,query_history_k_data_plus
600455,SHSE.600455,,SH,A股-上交所,2023-08-18,22.85,23.36,22.66,22.76,22.79,1539900.0,35420412.0,-0.1316,2.4655,1,0,none,baostock,query_history_k_data_plus
600455,SHSE.600455,,SH,A股-上交所,2023-08-21,23.22,24.27,23.01,23.5,22.76,4720412.0,112026169.17,3.2513,7.5577,1,0,none,baostock,query_history_k_data_plus
600455,SHSE.600455,,SH,A股-上交所,2023-08-22,23.58,23.74,22.88,23.39,23.5,2214826.0,51648115.35,-0.4681,3.5461,1,0,none,baostock,query_history_k_data_plus
600455,SHSE.600455,,SH,A股-上交所,2023-08-23,23.5,23.8,23.08,23.22,23.39,2084084.0,48763866.32,-0.7268,3.3368,1,0,none,baostock,query_history_k_data_plus
600455,SHSE.600455,,SH,A股-上交所,2023-08-24,23.22,23.72,22.94,23.65,23.22,1906504.0,44747472.64,1.8519,3.0525,1,0,none,baostock,query_history_k_data_plus
600455,SHSE.600455,,SH,A股-上交所,2023-08-25,23.35,23.49,22.21,22.34,23.65,1945900.0,44344039.0,-5.5391,3.1155,1,0,none,baostock,query_history_k_data_plus
600455,SHSE.600455,,SH,A股-上交所,2023-08-28,22.99,23.29,22.37,22.37,22.34,2074204.0,47016480.6,0.1343,3.321,1,0,none,baostock,query_history_k_data_plus
600455,SHSE.600455,,SH,A股-上交所,2023-08-29,22.47,23.62,22.4,23.5,22.37,2538300.0,59072224.0,5.0514,4.064,1,0,none,baostock,query_history_k_data_plus
600455,SHSE.600455,,SH,A股-上交所,2023-08-30,23.61,23.88,23.46,23.63,23.5,1366700.0,32390847.0,0.5532,2.1882,1,0,none,baostock,query_history_k_data_plus
600455,SHSE.600455,,SH,A股-上交所,2023-08-31,23.64,23.77,23.41,23.52,23.63,1158200.0,27256047.0,-0.4655,1.8544,1,0,none,baostock,query_history_k_data_plus
600455,SHSE.600455,,SH,A股-上交所,2023-09-01,23.68,23.83,23.31,23.66,23.52,1405800.0,33263779.0,0.5952,2.2508,1,0,none,baostock,query_history_k_data_plus
600455,SHSE.600455,,SH,A股-上交所,2023-09-04,23.66,23.92,23.47,23.69,23.66,1766300.0,41745362.0,0.1268,2.828,1,0,none,baostock,query_history_k_data_plus
600455,SHSE.600455,,SH,A股-上交所,2023-09-05,23.7,23.83,23.45,23.55,23.69,977700.0,23050905.0,-0.591,1.5654,1,0,none,baostock,query_history_k_data_plus
600455,SHSE.600455,,SH,A股-上交所,2023-09-06,23.48,23.69,23.41,23.58,23.55,729500.0,17204960.0,0.1274,1.168,1,0,none,baostock,query_history_k_data_plus
600455,SHSE.600455,,SH,A股-上交所,2023-09-07,23.53,23.9,23.45,23.48,23.58,1304100.0,30828001.0,-0.4241,2.088,1,0,none,baostock,query_history_k_data_plus
600455,SHSE.600455,,SH,A股-上交所,2023-09-08,23.3,23.57,23.13,23.31,23.48,980785.0,22896570.95,-0.724,1.5703,1,0,none,baostock,query_history_k_data_plus
600455,SHSE.600455,,SH,A股-上交所,2023-09-11,23.36,23.69,23.23,23.35,23.31,1129200.0,26458774.0,0.1716,1.8079,1,0,none,baostock,query_history_k_data_plus
600455,SHSE.600455,,SH,A股-上交所,2023-09-12,23.43,23.46,22.96,23.08,23.35,904400.0,20902275.0,-1.1563,1.448,1,0,none,baostock,query_history_k_data_plus
600455,SHSE.600455,,SH,A股-上交所,2023-09-13,23.16,23.16,22.62,22.85,23.08,873200.0,19924350.0,-0.9965,1.3981,1,0,none,baostock,query_history_k_data_plus
600455,SHSE.600455,,SH,A股-上交所,2023-09-14,22.86,22.89,22.42,22.6,22.85,1003100.0,22664907.0,-1.0941,1.606,1,0,none,baostock,query_history_k_data_plus
600455,SHSE.600455,,SH,A股-上交所,2023-09-15,22.63,22.65,22.32,22.56,22.6,828700.0,18642159.0,-0.177,1.3268,1,0,none,baostock,query_history_k_data_plus
600455,SHSE.600455,,SH,A股-上交所,2023-09-18,22.54,23.1,22.27,23.01,22.56,1533100.0,34965556.0,1.9947,2.4546,1,0,none,baostock,query_history_k_data_plus
600455,SHSE.600455,,SH,A股-上交所,2023-09-19,22.9,22.98,22.56,22.64,23.01,775403.0,17621036.1,-1.608,1.2415,1,0,none,baostock,query_history_k_data_plus
600455,SHSE.600455,,SH,A股-上交所,2023-09-20,22.64,23.05,22.5,22.74,22.64,932700.0,21318147.0,0.4417,1.4933,1,0,none,baostock,query_history_k_data_plus
600455,SHSE.600455,,SH,A股-上交所,2023-09-21,22.8,22.8,22.35,22.46,22.74,827600.0,18641371.0,-1.2313,1.3251,1,0,none,baostock,query_history_k_data_plus
600455,SHSE.600455,,SH,A股-上交所,2023-09-22,22.46,22.87,22.33,22.8,22.46,1187500.0,26996519.0,1.5138,1.9013,1,0,none,baostock,query_history_k_data_plus
600455,SHSE.600455,,SH,A股-上交所,2023-09-25,22.85,22.93,22.4,22.73,22.8,814500.0,18440005.0,-0.307,1.3041,1,0,none,baostock,query_history_k_data_plus
600455,SHSE.600455,,SH,A股-上交所,2023-09-26,22.68,22.91,22.55,22.77,22.73,827670.0,18851234.7,0.176,1.3252,1,0,none,baostock,query_history_k_data_plus
600455,SHSE.600455,,SH,A股-上交所,2023-09-27,22.88,23.02,22.56,22.85,22.77,867100.0,19833274.0,0.3513,1.3883,1,0,none,baostock,query_history_k_data_plus
600455,SHSE.600455,,SH,A股-上交所,2023-09-28,22.84,23.28,22.84,23.17,22.85,1050200.0,24327126.0,1.4004,1.6814,1,0,none,baostock,query_history_k_data_plus
600455,SHSE.600455,,SH,A股-上交所,2023-10-09,23.27,23.41,22.98,23.11,23.17,1187100.0,27533653.0,-0.259,1.9006,1,0,none,baostock,query_history_k_data_plus
600455,SHSE.600455,,SH,A股-上交所,2023-10-10,23.17,23.53,23.15,23.17,23.11,857070.0,19980430.5,0.2596,1.3722,1,0,none,baostock,query_history_k_data_plus
600455,SHSE.600455,,SH,A股-上交所,2023-10-11,22.97,23.49,22.97,23.32,23.17,1027700.0,23969769.0,0.6474,1.6454,1,0,none,baostock,query_history_k_data_plus
600455,SHSE.600455,,SH,A股-上交所,2023-10-12,23.24,23.49,23.19,23.3,23.32,1231355.0,28696570.5,-0.0858,1.9715,1,0,none,baostock,query_history_k_data_plus
600455,SHSE.600455,,SH,A股-上交所,2023-10-13,23.2,23.2,22.4,22.65,23.3,1275200.0,28901734.0,-2.7897,2.0417,1,0,none,baostock,query_history_k_data_plus
600455,SHSE.600455,,SH,A股-上交所,2023-10-16,22.65,22.96,22.17,22.62,22.65,1224000.0,27640034.0,-0.1325,1.9597,1,0,none,baostock,query_history_k_data_plus
600455,SHSE.600455,,SH,A股-上交所,2023-10-17,22.6,22.97,22.58,22.77,22.62,758400.0,17282625.0,0.6631,1.2143,1,0,none,baostock,query_history_k_data_plus
600455,SHSE.600455,,SH,A股-上交所,2023-10-18,22.5,22.77,22.17,22.21,22.77,925689.0,20643601.69,-2.4594,1.4821,1,0,none,baostock,query_history_k_data_plus
600455,SHSE.600455,,SH,A股-上交所,2023-10-19,22.04,22.79,22.04,22.15,22.21,1026100.0,23011567.0,-0.2701,1.6429,1,0,none,baostock,query_history_k_data_plus
600455,SHSE.600455,,SH,A股-上交所,2023-10-20,22.07,22.49,21.9,21.94,22.15,1023400.0,22606833.0,-0.9481,1.6385,1,0,none,baostock,query_history_k_data_plus
600455,SHSE.600455,,SH,A股-上交所,2023-10-23,22.17,22.17,21.15,21.27,21.94,1211125.0,26081300.75,-3.0538,1.9391,1,0,none,baostock,query_history_k_data_plus
600455,SHSE.600455,,SH,A股-上交所,2023-10-24,21.42,22.52,21.3,22.46,21.27,1545500.0,34284476.0,5.5947,2.4745,1,0,none,baostock,query_history_k_data_plus
600455,SHSE.600455,,SH,A股-上交所,2023-10-25,22.6,23.3,22.51,23.24,22.46,1539400.0,35493527.0,3.4728,2.4647,1,0,none,baostock,query_history_k_data_plus
600455,SHSE.600455,,SH,A股-上交所,2023-10-26,23.23,23.37,22.94,23.11,23.24,1205555.0,27902436.75,-0.5594,1.9302,1,0,none,baostock,query_history_k_data_plus
600455,SHSE.600455,,SH,A股-上交所,2023-10-27,23.18,23.39,22.81,23.31,23.11,1442830.0,33439085.3,0.8654,2.3101,1,0,none,baostock,query_history_k_data_plus
600455,SHSE.600455,,SH,A股-上交所,2023-10-30,23.16,23.33,22.86,23.01,23.31,1471200.0,33933210.0,-1.287,2.3555,1,0,none,baostock,query_history_k_data_plus
600455,SHSE.600455,,SH,A股-上交所,2023-10-31,22.88,23.34,22.79,22.98,23.01,1428200.0,32840289.0,-0.1304,2.2867,1,0,none,baostock,query_history_k_data_plus
600455,SHSE.600455,,SH,A股-上交所,2023-11-01,23.08,23.39,22.9,23.23,22.98,1787101.0,41511194.27,1.0879,2.8613,1,0,none,baostock,query_history_k_data_plus
600455,SHSE.600455,,SH,A股-上交所,2023-11-02,23.17,23.5,23.15,23.32,23.23,1633200.0,38175853.8,0.3874,2.6149,1,0,none,baostock,query_history_k_data_plus
600455,SHSE.600455,,SH,A股-上交所,2023-11-03,23.23,23.58,23.22,23.33,23.32,1020900.0,23910802.0,0.0429,1.6345,1,0,none,baostock,query_history_k_data_plus
600455,SHSE.600455,,SH,A股-上交所,2023-11-06,23.5,24.05,23.5,23.95,23.33,1261000.0,30050792.0,2.6575,2.019,1,0,none,baostock,query_history_k_data_plus
600455,SHSE.600455,,SH,A股-上交所,2023-11-07,24.0,24.06,23.8,23.99,23.95,942900.0,22604321.0,0.167,1.5097,1,0,none,baostock,query_history_k_data_plus
600455,SHSE.600455,,SH,A股-上交所,2023-11-08,24.05,24.15,23.76,23.99,23.99,835300.0,20036368.25,0.0,1.3374,1,0,none,baostock,query_history_k_data_plus
600455,SHSE.600455,,SH,A股-上交所,2023-11-09,24.07,24.22,23.83,24.0,23.99,941658.0,22602742.51,0.0417,1.5077,1,0,none,baostock,query_history_k_data_plus
600455,SHSE.600455,,SH,A股-上交所,2023-11-10,23.97,24.16,23.73,23.98,24.0,750283.0,18011444.4,-0.0833,1.2013,1,0,none,baostock,query_history_k_data_plus
600455,SHSE.600455,,SH,A股-上交所,2023-11-13,24.21,24.8,24.08,24.64,23.98,1804701.0,44281936.43,2.7523,2.8895,1,0,none,baostock,query_history_k_data_plus
600455,SHSE.600455,,SH,A股-上交所,2023-11-14,24.59,24.79,24.32,24.52,24.64,1176903.0,28873579.35,-0.487,1.8843,1,0,none,baostock,query_history_k_data_plus
600455,SHSE.600455,,SH,A股-上交所,2023-11-15,24.78,24.78,24.31,24.51,24.52,754400.0,18465274.9,-0.0408,1.2079,1,0,none,baostock,query_history_k_data_plus
600455,SHSE.600455,,SH,A股-上交所,2023-11-16,24.51,24.65,24.26,24.38,24.51,792800.0,19356160.0,-0.5304,1.2693,1,0,none,baostock,query_history_k_data_plus
600455,SHSE.600455,,SH,A股-上交所,2023-11-17,24.38,24.58,24.32,24.47,24.38,669300.0,16369064.0,0.3692,1.0716,1,0,none,baostock,query_history_k_data_plus
600455,SHSE.600455,,SH,A股-上交所,2023-11-20,24.88,26.92,24.56,26.92,24.47,6308447.0,166927450.44,10.0123,10.1003,1,0,none,baostock,query_history_k_data_plus
600455,SHSE.600455,,SH,A股-上交所,2023-11-21,29.61,29.61,28.11,29.61,26.92,10422139.0,306523614.93,9.9926,16.6866,1,0,none,baostock,query_history_k_data_plus
600455,SHSE.600455,,SH,A股-上交所,2023-11-22,29.31,31.5,26.71,27.1,29.61,20143837.0,583910437.07,-8.4769,32.2518,1,0,none,baostock,query_history_k_data_plus
600455,SHSE.600455,,SH,A股-上交所,2023-11-23,26.41,26.65,25.07,25.31,27.1,14051795.0,358533265.23,-6.6052,22.498,1,0,none,baostock,query_history_k_data_plus
600455,SHSE.600455,,SH,A股-上交所,2023-11-24,25.12,25.43,24.46,24.48,25.31,7454623.0,184476988.42,-3.2793,11.9354,1,0,none,baostock,query_history_k_data_plus
600455,SHSE.600455,,SH,A股-上交所,2023-11-27,24.48,24.72,24.3,24.62,24.48,4961019.0,121782469.33,0.5719,7.943,1,0,none,baostock,query_history_k_data_plus
600455,SHSE.600455,,SH,A股-上交所,2023-11-28,24.62,25.15,24.62,25.03,24.62,5157553.0,128868579.87,1.6653,8.2576,1,0,none,baostock,query_history_k_data_plus
600455,SHSE.600455,,SH,A股-上交所,2023-11-29,25.03,25.29,24.91,25.12,25.03,3940520.0,98994207.14,0.3596,6.3091,1,0,none,baostock,query_history_k_data_plus
600455,SHSE.600455,,SH,A股-上交所,2023-11-30,25.0,25.25,24.62,25.02,25.12,3195300.0,79599524.0,-0.3981,5.1159,1,0,none,baostock,query_history_k_data_plus
600455,SHSE.600455,,SH,A股-上交所,2023-12-01,24.98,25.82,24.8,25.63,25.02,4262300.0,108700323.0,2.438,6.8243,1,0,none,baostock,query_history_k_data_plus
600455,SHSE.600455,,SH,A股-上交所,2023-12-04,25.82,26.15,25.69,25.9,25.63,3872300.0,100434254.0,1.0535,6.1998,1,0,none,baostock,query_history_k_data_plus
600455,SHSE.600455,,SH,A股-上交所,2023-12-05,26.0,26.19,25.46,25.55,25.9,3417700.0,88410310.0,-1.3514,5.472,1,0,none,baostock,query_history_k_data_plus
600455,SHSE.600455,,SH,A股-上交所,2023-12-06,25.68,26.03,25.28,25.88,25.55,3394700.0,87240628.0,1.2916,5.4352,1,0,none,baostock,query_history_k_data_plus
600455,SHSE.600455,,SH,A股-上交所,2023-12-07,25.71,26.24,25.63,26.05,25.88,2927200.0,75732850.0,0.6569,4.6867,1,0,none,baostock,query_history_k_data_plus
600455,SHSE.600455,,SH,A股-上交所,2023-12-08,25.71,25.86,24.84,24.94,26.05,3999513.0,100971059.66,-4.261,6.4035,1,0,none,baostock,query_history_k_data_plus
600455,SHSE.600455,,SH,A股-上交所,2023-12-11,24.73,25.25,24.71,25.2,24.94,3221191.0,80637375.46,1.0425,5.1574,1,0,none,baostock,query_history_k_data_plus
600455,SHSE.600455,,SH,A股-上交所,2023-12-12,25.2,27.68,25.09,26.72,25.2,9944240.0,263622879.84,6.0317,15.9215,1,0,none,baostock,query_history_k_data_plus
600455,SHSE.600455,,SH,A股-上交所,2023-12-13,26.6,27.04,26.21,26.25,26.72,8370400.0,222478599.0,-1.759,13.4016,1,0,none,baostock,query_history_k_data_plus
600455,SHSE.600455,,SH,A股-上交所,2023-12-14,26.25,26.48,25.88,26.17,26.25,5066800.0,132711197.0,-0.3048,8.1123,1,0,none,baostock,query_history_k_data_plus
600455,SHSE.600455,,SH,A股-上交所,2023-12-15,26.39,26.47,25.5,26.05,26.17,3537010.0,91791365.01,-0.4585,5.663,1,0,none,baostock,query_history_k_data_plus
600455,SHSE.600455,,SH,A股-上交所,2023-12-18,26.2,26.2,25.4,25.53,26.05,3056892.0,78635793.56,-1.9962,4.8943,1,0,none,baostock,query_history_k_data_plus
600455,SHSE.600455,,SH,A股-上交所,2023-12-19,25.53,26.01,25.4,25.9,25.53,2609225.0,67032156.0,1.4493,4.1776,1,0,none,baostock,query_history_k_data_plus
600455,SHSE.600455,,SH,A股-上交所,2023-12-20,26.16,26.28,25.35,25.37,25.9,2478891.0,63635401.95,-2.0463,3.9689,1,0,none,baostock,query_history_k_data_plus
600455,SHSE.600455,,SH,A股-上交所,2023-12-21,25.17,25.45,24.44,25.19,25.37,3102800.0,77318285.0,-0.7095,4.9678,1,0,none,baostock,query_history_k_data_plus
600455,SHSE.600455,,SH,A股-上交所,2023-12-22,25.28,25.37,24.31,24.43,25.19,2923691.0,72051998.4,-3.0171,4.6811,1,0,none,baostock,query_history_k_data_plus
600455,SHSE.600455,,SH,A股-上交所,2023-12-25,24.24,24.58,23.75,23.96,24.43,2338600.0,56260227.0,-1.9239,3.7443,1,0,none,baostock,query_history_k_data_plus
600455,SHSE.600455,,SH,A股-上交所,2023-12-26,23.96,24.06,23.48,23.52,23.96,1958300.0,46296299.0,-1.8364,3.1354,1,0,none,baostock,query_history_k_data_plus
600455,SHSE.600455,,SH,A股-上交所,2023-12-27,23.58,23.88,23.48,23.8,23.52,1558300.0,36936266.0,1.1905,2.495,1,0,none,baostock,query_history_k_data_plus
600455,SHSE.600455,,SH,A股-上交所,2023-12-28,23.78,24.26,23.42,24.16,23.8,2237909.0,53650783.11,1.5126,3.5831,1,0,none,baostock,query_history_k_data_plus
600455,SHSE.600455,,SH,A股-上交所,2023-12-29,24.14,24.94,24.09,24.85,24.16,2538900.0,62601541.0,2.856,4.065,1,0,none,baostock,query_history_k_data_plus
600455,SHSE.600455,,SH,A股-上交所,2024-01-02,24.98,25.68,24.9,25.52,24.85,2630900.0,66840350.0,2.6962,4.2123,1,0,none,baostock,query_history_k_data_plus
600455,SHSE.600455,,SH,A股-上交所,2024-01-03,25.51,25.98,25.17,25.72,25.52,2320325.0,59457441.25,0.7837,3.715,1,0,none,baostock,query_history_k_data_plus
600455,SHSE.600455,,SH,A股-上交所,2024-01-04,25.72,26.6,25.33,26.07,25.72,3396800.0,88831230.0,1.3608,5.4385,1,0,none,baostock,query_history_k_data_plus
600455,SHSE.600455,,SH,A股-上交所,2024-01-05,26.0,26.0,25.14,25.3,26.07,2817800.0,71964442.0,-2.9536,4.5115,1,0,none,baostock,query_history_k_data_plus
600455,SHSE.600455,,SH,A股-上交所,2024-01-08,25.3,25.95,25.08,25.1,25.3,2433000.0,61874174.0,-0.7905,3.8954,1,0,none,baostock,query_history_k_data_plus
600455,SHSE.600455,,SH,A股-上交所,2024-01-09,25.17,25.76,24.87,25.21,25.1,2144500.0,54143195.0,0.4382,3.4335,1,0,none,baostock,query_history_k_data_plus
600455,SHSE.600455,,SH,A股-上交所,2024-01-10,25.32,25.32,24.49,24.87,25.21,1979400.0,49188339.0,-1.3487,3.1692,1,0,none,baostock,query_history_k_data_plus
600455,SHSE.600455,,SH,A股-上交所,2024-01-11,24.88,25.65,24.72,25.46,24.87,2701200.0,68423640.0,2.3723,4.3248,1,0,none,baostock,query_history_k_data_plus
600455,SHSE.600455,,SH,A股-上交所,2024-01-12,25.3,25.3,24.68,24.75,25.46,2821900.0,70473649.0,-2.7887,4.5181,1,0,none,baostock,query_history_k_data_plus
600455,SHSE.600455,,SH,A股-上交所,2024-01-15,24.75,25.19,24.54,24.74,24.75,1776800.0,44000640.0,-0.0404,2.8448,1,0,none,baostock,query_history_k_data_plus
600455,SHSE.600455,,SH,A股-上交所,2024-01-16,24.78,24.94,24.12,24.51,24.74,1679700.0,41050491.0,-0.9297,2.6893,1,0,none,baostock,query_history_k_data_plus
600455,SHSE.600455,,SH,A股-上交所,2024-01-17,24.55,24.63,23.9,23.93,24.51,1204100.0,29172685.0,-2.3664,1.9279,1,0,none,baostock,query_history_k_data_plus
600455,SHSE.600455,,SH,A股-上交所,2024-01-18,23.89,24.02,22.54,23.19,23.93,2325800.0,53863430.0,-3.0924,3.7238,1,0,none,baostock,query_history_k_data_plus
600455,SHSE.600455,,SH,A股-上交所,2024-01-19,23.25,23.48,23.02,23.16,23.19,1628400.0,37768256.0,-0.1294,2.6072,1,0,none,baostock,query_history_k_data_plus
600455,SHSE.600455,,SH,A股-上交所,2024-01-22,23.0,23.2,21.4,21.48,23.16,2583200.0,57317864.0,-7.2539,4.1359,1,0,none,baostock,query_history_k_data_plus
600455,SHSE.600455,,SH,A股-上交所,2024-01-23,21.34,21.35,20.48,21.11,21.48,2377500.0,49549805.0,-1.7225,3.8066,1,0,none,baostock,query_history_k_data_plus
600455,SHSE.600455,,SH,A股-上交所,2024-01-24,21.22,21.79,20.72,21.74,21.11,2199700.0,46970172.0,2.9844,3.5219,1,0,none,baostock,query_history_k_data_plus
600455,SHSE.600455,,SH,A股-上交所,2024-01-25,21.61,22.99,21.61,22.97,21.74,2061067.0,46183798.01,5.6578,3.2999,1,0,none,baostock,query_history_k_data_plus
600455,SHSE.600455,,SH,A股-上交所,2024-01-26,22.86,23.58,22.86,23.1,22.97,2022100.0,47139235.0,0.566,3.2375,1,0,none,baostock,query_history_k_data_plus
600455,SHSE.600455,,SH,A股-上交所,2024-01-29,23.2,23.29,22.15,22.25,23.1,1687400.0,37918280.0,-3.6797,2.7017,1,0,none,baostock,query_history_k_data_plus
600455,SHSE.600455,,SH,A股-上交所,2024-01-30,22.0,22.15,21.18,21.2,22.25,1392200.0,30016485.0,-4.7191,2.229,1,0,none,baostock,query_history_k_data_plus
600455,SHSE.600455,,SH,A股-上交所,2024-01-31,21.19,21.21,19.6,19.77,21.2,2310488.0,46729110.24,-6.7453,3.6993,1,0,none,baostock,query_history_k_data_plus
600455,SHSE.600455,,SH,A股-上交所,2024-02-01,19.5,19.62,18.58,19.05,19.77,2336497.0,44581363.43,-3.6419,3.7409,1,0,none,baostock,query_history_k_data_plus
600455,SHSE.600455,,SH,A股-上交所,2024-02-02,18.67,19.5,17.15,17.91,19.05,2685300.0,49196793.98,-5.9843,4.2994,1,0,none,baostock,query_history_k_data_plus
600455,SHSE.600455,,SH,A股-上交所,2024-02-05,17.84,17.84,16.12,16.12,17.91,2783500.0,45202458.33,-9.9944,4.4566,1,0,none,baostock,query_history_k_data_plus
600455,SHSE.600455,,SH,A股-上交所,2024-02-06,15.0,15.59,14.51,15.13,16.12,5741100.0,84586494.66,-6.1414,9.1919,1,0,none,baostock,query_history_k_data_plus
600455,SHSE.600455,,SH,A股-上交所,2024-02-07,15.13,15.26,13.62,13.62,15.13,4910339.0,68805036.26,-9.9802,7.8618,1,0,none,baostock,query_history_k_data_plus
600455,SHSE.600455,,SH,A股-上交所,2024-02-08,13.22,14.92,12.55,14.8,13.62,5197492.0,71763707.81,8.6637,8.3216,1,0,none,baostock,query_history_k_data_plus
600455,SHSE.600455,,SH,A股-上交所,2024-02-19,15.03,16.12,14.99,16.01,14.8,4793436.0,75228474.08,8.1757,7.6747,1,0,none,baostock,query_history_k_data_plus
600455,SHSE.600455,,SH,A股-上交所,2024-02-20,15.8,16.27,15.46,16.15,16.01,3106908.0,49613567.9,0.8745,4.9744,1,0,none,baostock,query_history_k_data_plus
600455,SHSE.600455,,SH,A股-上交所,2024-02-21,15.96,17.4,15.95,16.87,16.15,3216624.0,53969165.3,4.4582,5.1501,1,0,none,baostock,query_history_k_data_plus
600455,SHSE.600455,,SH,A股-上交所,2024-02-22,16.66,17.61,16.63,17.57,16.87,2584525.0,44431786.5,4.1494,4.138,1,0,none,baostock,query_history_k_data_plus
600455,SHSE.600455,,SH,A股-上交所,2024-02-23,17.57,18.53,17.41,18.5,17.57,2806700.0,50605024.0,5.2931,4.4937,1,0,none,baostock,query_history_k_data_plus
600455,SHSE.600455,,SH,A股-上交所,2024-02-26,18.5,19.14,18.02,18.76,18.5,2832950.0,52851748.0,1.4054,4.5358,1,0,none,baostock,query_history_k_data_plus
600455,SHSE.600455,,SH,A股-上交所,2024-02-27,18.69,19.39,18.31,19.35,18.76,2380065.0,45660088.7,3.145,3.8107,1,0,none,baostock,query_history_k_data_plus
600455,SHSE.600455,,SH,A股-上交所,2024-02-28,19.5,20.2,17.42,17.42,19.35,4954290.0,93089713.9,-9.9742,7.9322,1,0,none,baostock,query_history_k_data_plus
600455,SHSE.600455,,SH,A股-上交所,2024-02-29,16.77,18.18,16.43,17.9,17.42,4324565.0,76175028.7,2.7555,6.924,1,0,none,baostock,query_history_k_data_plus
600455,SHSE.600455,,SH,A股-上交所,2024-03-01,17.9,18.24,17.53,18.03,17.9,2427200.0,43339076.8,0.7263,3.8861,1,0,none,baostock,query_history_k_data_plus
600455,SHSE.600455,,SH,A股-上交所,2024-03-04,18.0,18.74,17.9,18.42,18.03,3519900.0,64567054.0,2.1631,5.6356,1,0,none,baostock,query_history_k_data_plus
600455,SHSE.600455,,SH,A股-上交所,2024-03-05,18.36,18.53,18.07,18.1,18.42,2497000.0,45635662.67,-1.7372,3.9979,1,0,none,baostock,query_history_k_data_plus
600455,SHSE.600455,,SH,A股-上交所,2024-03-06,17.99,18.68,17.81,18.65,18.1,2380821.0,43631684.15,3.0387,3.8119,1,0,none,baostock,query_history_k_data_plus
600455,SHSE.600455,,SH,A股-上交所,2024-03-07,18.55,18.89,18.31,18.32,18.65,2078900.0,38643544.0,-1.7694,3.3285,1,0,none,baostock,query_history_k_data_plus
600455,SHSE.600455,,SH,A股-上交所,2024-03-08,18.32,18.7,18.11,18.45,18.32,1519000.0,27944854.0,0.7096,2.432,1,0,none,baostock,query_history_k_data_plus
600455,SHSE.600455,,SH,A股-上交所,2024-03-11,18.55,19.35,18.4,19.26,18.45,2226100.0,42232034.0,4.3902,3.5642,1,0,none,baostock,query_history_k_data_plus
600455,SHSE.600455,,SH,A股-上交所,2024-03-12,19.24,19.51,18.97,19.31,19.26,1776100.0,34117888.0,0.2596,2.8437,1,0,none,baostock,query_history_k_data_plus
600455,SHSE.600455,,SH,A股-上交所,2024-03-13,19.31,20.34,19.22,20.3,19.31,2991700.0,59547180.0,5.1269,4.7899,1,0,none,baostock,query_history_k_data_plus
600455,SHSE.600455,,SH,A股-上交所,2024-03-14,20.3,20.64,20.0,20.42,20.3,2563760.0,52193891.6,0.5911,4.1048,1,0,none,baostock,query_history_k_data_plus
600455,SHSE.600455,,SH,A股-上交所,2024-03-15,20.23,20.53,19.92,20.3,20.42,1795200.0,36180355.0,-0.5877,2.8743,1,0,none,baostock,query_history_k_data_plus
600455,SHSE.600455,,SH,A股-上交所,2024-03-18,20.34,20.58,20.19,20.46,20.3,2726660.0,55516122.4,0.7882,4.3656,1,0,none,baostock,query_history_k_data_plus
600455,SHSE.600455,,SH,A股-上交所,2024-03-19,20.46,20.78,20.41,20.45,20.46,2038800.0,41899918.0,-0.0489,3.2643,1,0,none,baostock,query_history_k_data_plus
600455,SHSE.600455,,SH,A股-上交所,2024-03-20,20.31,20.76,20.31,20.64,20.45,3384000.0,69650641.0,0.9291,5.418,1,0,none,baostock,query_history_k_data_plus
600455,SHSE.600455,,SH,A股-上交所,2024-03-21,20.65,21.19,20.5,21.04,20.64,2747752.0,57404908.08,1.938,4.3994,1,0,none,baostock,query_history_k_data_plus
600455,SHSE.600455,,SH,A股-上交所,2024-03-22,21.04,21.86,20.91,21.56,21.04,3825100.0,81935613.0,2.4715,6.1243,1,0,none,baostock,query_history_k_data_plus
600455,SHSE.600455,,SH,A股-上交所,2024-03-25,21.56,21.6,20.44,20.52,21.56,3208600.0,67052639.09,-4.8237,5.1372,1,0,none,baostock,query_history_k_data_plus
600455,SHSE.600455,,SH,A股-上交所,2024-03-26,20.28,20.73,19.88,20.19,20.52,2606400.0,52720020.0,-1.6082,4.173,1,0,none,baostock,query_history_k_data_plus
600455,SHSE.600455,,SH,A股-上交所,2024-03-27,20.19,20.32,19.57,19.61,20.19,1507301.0,30078273.77,-2.8727,2.4133,1,0,none,baostock,query_history_k_data_plus
600455,SHSE.600455,,SH,A股-上交所,2024-03-28,19.86,20.39,19.61,20.3,19.61,1874909.0,37615502.02,3.5186,3.0019,1,0,none,baostock,query_history_k_data_plus
600455,SHSE.600455,,SH,A股-上交所,2024-03-29,20.4,20.68,20.07,20.67,20.3,1603500.0,32692251.0,1.8227,2.5673,1,0,none,baostock,query_history_k_data_plus
600455,SHSE.600455,,SH,A股-上交所,2024-04-01,20.75,21.12,20.69,21.1,20.67,1383200.0,28941115.0,2.0803,2.2146,1,0,none,baostock,query_history_k_data_plus
600455,SHSE.600455,,SH,A股-上交所,2024-04-02,21.09,21.5,20.84,21.05,21.1,1605853.0,34015643.79,-0.237,2.5711,1,0,none,baostock,query_history_k_data_plus
600455,SHSE.600455,,SH,A股-上交所,2024-04-03,21.07,21.23,20.62,20.95,21.05,1638000.0,34161079.0,-0.4751,2.6226,1,0,none,baostock,query_history_k_data_plus
600455,SHSE.600455,,SH,A股-上交所,2024-04-08,21.05,21.1,19.81,19.95,20.95,1865100.0,37949115.0,-4.7733,2.9862,1,0,none,baostock,query_history_k_data_plus
600455,SHSE.600455,,SH,A股-上交所,2024-04-09,19.96,20.48,19.87,20.09,19.95,1248400.0,25090284.91,0.7018,1.9988,1,0,none,baostock,query_history_k_data_plus
600455,SHSE.600455,,SH,A股-上交所,2024-04-10,20.01,20.13,19.08,19.44,20.09,1323900.0,25825228.0,-3.2354,2.1197,1,0,none,baostock,query_history_k_data_plus
600455,SHSE.600455,,SH,A股-上交所,2024-04-11,19.42,19.8,19.1,19.52,19.44,977402.0,19149494.26,0.4115,1.5649,1,0,none,baostock,query_history_k_data_plus
600455,SHSE.600455,,SH,A股-上交所,2024-04-12,19.51,19.78,19.12,19.21,19.52,1446600.0,28169444.0,-1.5881,2.3161,1,0,none,baostock,query_history_k_data_plus
600455,SHSE.600455,,SH,A股-上交所,2024-04-15,18.46,18.98,17.29,17.29,19.21,3034900.0,53358819.0,-9.9948,4.8591,1,0,none,baostock,query_history_k_data_plus
600455,SHSE.600455,,SH,A股-上交所,2024-04-16,16.53,17.0,15.56,15.56,17.29,2901600.0,45479821.0,-10.0058,4.6457,1,0,none,baostock,query_history_k_data_plus
600455,SHSE.600455,,SH,A股-上交所,2024-04-17,16.0,17.12,15.7,17.12,15.56,4028917.0,67216177.77,10.0257,6.4506,1,0,none,baostock,query_history_k_data_plus
600455,SHSE.600455,,SH,A股-上交所,2024-04-18,17.32,17.58,16.63,16.81,17.12,2978117.0,50845782.1,-1.8107,4.7682,1,0,none,baostock,query_history_k_data_plus
600455,SHSE.600455,,SH,A股-上交所,2024-04-19,16.96,16.96,16.26,16.47,16.81,1740800.0,28861749.0,-2.0226,2.7872,1,0,none,baostock,query_history_k_data_plus
600455,SHSE.600455,,SH,A股-上交所,2024-04-22,16.21,16.45,15.68,16.24,16.47,1575019.0,25409392.32,-1.3965,2.5217,1,0,none,baostock,query_history_k_data_plus
600455,SHSE.600455,,SH,A股-上交所,2024-04-23,16.17,17.1,16.16,16.98,16.24,2146900.0,35983422.0,4.5567,3.4373,1,0,none,baostock,query_history_k_data_plus
600455,SHSE.600455,,SH,A股-上交所,2024-04-24,16.91,17.52,16.83,17.52,16.98,1933550.0,33443322.5,3.1802,3.0958,1,0,none,baostock,query_history_k_data_plus
600455,SHSE.600455,,SH,A股-上交所,2024-04-25,17.45,17.89,17.29,17.86,17.52,1517670.0,26861623.1,1.9406,2.4299,1,0,none,baostock,query_history_k_data_plus
600455,SHSE.600455,,SH,A股-上交所,2024-04-26,17.68,18.28,17.6,18.25,17.86,1507800.0,27195999.0,2.1837,2.4141,1,0,none,baostock,query_history_k_data_plus
600455,SHSE.600455,,SH,A股-上交所,2024-04-29,18.18,18.34,17.67,18.19,18.25,2033700.0,36786788.0,-0.3288,3.2561,1,0,none,baostock,query_history_k_data_plus
600455,SHSE.600455,,SH,A股-上交所,2024-04-30,18.16,18.29,17.51,17.8,18.19,1873680.0,33443127.6,-2.144,2.9999,1,0,none,baostock,query_history_k_data_plus
600455,SHSE.600455,,SH,A股-上交所,2024-05-06,17.86,18.18,17.77,18.05,17.8,2106599.0,37901536.97,1.4045,3.3728,1,0,none,baostock,query_history_k_data_plus
600455,SHSE.600455,,SH,A股-上交所,2024-05-07,18.17,18.35,17.95,18.23,18.05,1269900.0,23060098.0,0.9972,2.0332,1,0,none,baostock,query_history_k_data_plus
600455,SHSE.600455,,SH,A股-上交所,2024-05-08,18.28,18.63,17.77,17.81,18.23,1785770.0,32235717.8,-2.3039,2.8592,1,0,none,baostock,query_history_k_data_plus
600455,SHSE.600455,,SH,A股-上交所,2024-05-09,17.88,18.2,17.82,18.05,17.81,1114500.0,20141619.0,1.3476,1.7844,1,0,none,baostock,query_history_k_data_plus
600455,SHSE.600455,,SH,A股-上交所,2024-05-10,18.01,18.28,17.62,17.65,18.05,1147500.0,20368029.0,-2.2161,1.8372,1,0,none,baostock,query_history_k_data_plus
600455,SHSE.600455,,SH,A股-上交所,2024-05-13,17.5,17.5,16.87,17.04,17.65,1402800.0,24057796.0,-3.4561,2.246,1,0,none,baostock,query_history_k_data_plus
600455,SHSE.600455,,SH,A股-上交所,2024-05-14,17.04,17.6,17.0,17.55,17.04,1355180.0,23509838.6,2.993,2.1697,1,0,none,baostock,query_history_k_data_plus
600455,SHSE.600455,,SH,A股-上交所,2024-05-15,17.57,18.09,17.17,17.69,17.55,1626900.0,29048829.0,0.7977,2.6048,1,0,none,baostock,query_history_k_data_plus
600455,SHSE.600455,,SH,A股-上交所,2024-05-16,17.7,18.5,17.67,18.22,17.69,1616455.0,29452441.2,2.996,2.5881,1,0,none,baostock,query_history_k_data_plus
600455,SHSE.600455,,SH,A股-上交所,2024-05-17,18.17,18.32,17.92,18.14,18.22,1279600.0,23139550.0,-0.4391,2.0487,1,0,none,baostock,query_history_k_data_plus
600455,SHSE.600455,,SH,A股-上交所,2024-05-20,18.16,18.46,17.85,18.02,18.14,1061600.0,19196974.0,-0.6615,1.6997,1,0,none,baostock,query_history_k_data_plus
600455,SHSE.600455,,SH,A股-上交所,2024-05-21,18.02,18.19,17.43,17.56,18.02,1640815.0,29016412.9,-2.5527,2.6271,1,0,none,baostock,query_history_k_data_plus
600455,SHSE.600455,,SH,A股-上交所,2024-05-22,17.61,17.97,17.4,17.76,17.56,913200.0,16221742.0,1.139,1.4621,1,0,none,baostock,query_history_k_data_plus
600455,SHSE.600455,,SH,A股-上交所,2024-05-23,17.61,17.78,17.11,17.14,17.76,814900.0,14112426.0,-3.491,1.3047,1,0,none,baostock,query_history_k_data_plus
600455,SHSE.600455,,SH,A股-上交所,2024-05-24,17.12,17.34,16.78,16.83,17.14,1133300.0,19222946.0,-1.8086,1.8145,1,0,none,baostock,query_history_k_data_plus
600455,SHSE.600455,,SH,A股-上交所,2024-05-27,16.83,17.34,16.51,17.26,16.83,1599500.0,27033656.0,2.555,2.5609,1,0,none,baostock,query_history_k_data_plus
600455,SHSE.600455,,SH,A股-上交所,2024-05-28,17.23,17.25,16.75,16.77,17.26,1088000.0,18438678.0,-2.8389,1.742,1,0,none,baostock,query_history_k_data_plus
600455,SHSE.600455,,SH,A股-上交所,2024-05-29,16.74,17.15,16.61,17.1,16.77,1258900.0,21385974.0,1.9678,2.0156,1,0,none,baostock,query_history_k_data_plus
600455,SHSE.600455,,SH,A股-上交所,2024-05-30,16.94,17.32,16.61,17.03,17.1,1057401.0,18111394.11,-0.4094,1.693,1,0,none,baostock,query_history_k_data_plus
600455,SHSE.600455,,SH,A股-上交所,2024-05-31,16.99,17.3,16.91,17.09,17.03,987700.0,16942424.0,0.3523,1.5814,1,0,none,baostock,query_history_k_data_plus
600455,SHSE.600455,,SH,A股-上交所,2024-06-03,17.17,17.18,15.85,16.1,17.09,2123701.0,34614069.96,-5.7929,3.4002,1,0,none,baostock,query_history_k_data_plus
600455,SHSE.600455,,SH,A股-上交所,2024-06-04,16.01,16.01,15.31,15.61,16.1,1895319.0,29561757.83,-3.0435,3.0345,1,0,none,baostock,query_history_k_data_plus
600455,SHSE.600455,,SH,A股-上交所,2024-06-05,15.61,15.68,15.25,15.34,15.61,1521200.0,23568389.0,-1.7297,2.4356,1,0,none,baostock,query_history_k_data_plus
600455,SHSE.600455,,SH,A股-上交所,2024-06-06,15.22,15.43,14.09,14.28,15.34,2167100.0,31594312.0,-6.91,3.4697,1,0,none,baostock,query_history_k_data_plus
600455,SHSE.600455,,SH,A股-上交所,2024-06-07,14.91,15.33,14.71,15.21,14.28,1749200.0,26368638.0,6.5126,2.8006,1,0,none,baostock,query_history_k_data_plus
600455,SHSE.600455,,SH,A股-上交所,2024-06-11,15.28,15.28,14.53,14.96,15.21,1132300.0,16781431.0,-1.6437,1.8129,1,0,none,baostock,query_history_k_data_plus
600455,SHSE.600455,,SH,A股-上交所,2024-06-12,14.98,15.61,14.86,15.51,14.96,1088800.0,16708972.0,3.6765,1.7433,1,0,none,baostock,query_history_k_data_plus
600455,SHSE.600455,,SH,A股-上交所,2024-06-13,15.51,15.7,15.12,15.32,15.51,1111400.0,17064380.0,-1.225,1.7794,1,0,none,baostock,query_history_k_data_plus
600455,SHSE.600455,,SH,A股-上交所,2024-06-14,15.27,15.38,15.01,15.3,15.32,951292.0,14461732.58,-0.1305,1.5231,1,0,none,baostock,query_history_k_data_plus
600455,SHSE.600455,,SH,A股-上交所,2024-06-17,15.22,15.23,14.87,14.98,15.3,974791.0,14631572.9,-2.0915,1.5607,1,0,none,baostock,query_history_k_data_plus
600455,SHSE.600455,,SH,A股-上交所,2024-06-18,14.97,15.3,14.88,15.21,14.98,1204500.0,18253957.99,1.5354,1.9285,1,0,none,baostock,query_history_k_data_plus
600455,SHSE.600455,,SH,A股-上交所,2024-06-19,15.23,15.58,15.23,15.41,15.21,1450200.0,22360009.0,1.3149,2.3219,1,0,none,baostock,query_history_k_data_plus
600455,SHSE.600455,,SH,A股-上交所,2024-06-20,15.26,15.43,14.91,15.2,15.41,1683200.0,25641120.0,-1.3628,2.6949,1,0,none,baostock,query_history_k_data_plus
600455,SHSE.600455,,SH,A股-上交所,2024-06-21,15.06,15.06,14.6,14.72,15.2,1977918.0,29335755.61,-3.1579,3.1668,1,0,none,baostock,query_history_k_data_plus
600455,SHSE.600455,,SH,A股-上交所,2024-06-24,14.5,14.61,13.88,14.02,14.72,1675701.0,23714600.94,-4.7554,2.6829,1,0,none,baostock,query_history_k_data_plus
600455,SHSE.600455,,SH,A股-上交所,2024-06-25,14.05,14.5,14.05,14.4,14.02,1640100.0,23400539.0,2.7104,2.6259,1,0,none,baostock,query_history_k_data_plus
600455,SHSE.600455,,SH,A股-上交所,2024-06-26,13.95,14.69,13.95,14.66,14.4,1228700.0,17617620.0,1.8056,1.9672,1,0,none,baostock,query_history_k_data_plus
600455,SHSE.600455,,SH,A股-上交所,2024-06-27,14.6,14.99,14.52,14.66,14.66,1453600.0,21467334.0,0.0,2.3273,1,0,none,baostock,query_history_k_data_plus
600455,SHSE.600455,,SH,A股-上交所,2024-06-28,14.6,14.95,14.56,14.72,14.66,1076044.0,15918456.4,0.4093,1.7228,1,0,none,baostock,query_history_k_data_plus
600455,SHSE.600455,,SH,A股-上交所,2024-07-01,14.7,14.86,14.15,14.81,14.72,1724400.0,24893145.83,0.6114,2.7609,1,0,none,baostock,query_history_k_data_plus
600455,SHSE.600455,,SH,A股-上交所,2024-07-02,14.69,15.53,14.59,15.26,14.81,2252889.0,34022458.42,3.0385,3.607,1,0,none,baostock,query_history_k_data_plus
600455,SHSE.600455,,SH,A股-上交所,2024-07-03,15.34,15.57,15.0,15.49,15.26,1382100.0,21093203.0,1.5072,2.2128,1,0,none,baostock,query_history_k_data_plus
600455,SHSE.600455,,SH,A股-上交所,2024-07-04,15.29,15.34,14.55,14.57,15.49,1293601.0,19226346.91,-5.9393,2.0712,1,0,none,baostock,query_history_k_data_plus
600455,SHSE.600455,,SH,A股-上交所,2024-07-05,14.56,15.3,14.26,15.3,14.57,1254600.0,18543993.0,5.0103,2.0087,1,0,none,baostock,query_history_k_data_plus
600455,SHSE.600455,,SH,A股-上交所,2024-07-08,15.1,15.12,14.21,14.33,15.3,1685301.0,24456375.66,-6.3399,2.6983,1,0,none,baostock,query_history_k_data_plus
600455,SHSE.600455,,SH,A股-上交所,2024-07-09,14.26,14.42,13.65,14.1,14.33,2009000.0,28115011.0,-1.605,3.2166,1,0,none,baostock,query_history_k_data_plus
600455,SHSE.600455,,SH,A股-上交所,2024-07-10,14.07,14.1,13.61,13.65,14.1,1456900.0,20159883.09,-3.1915,2.3326,1,0,none,baostock,query_history_k_data_plus
600455,SHSE.600455,,SH,A股-上交所,2024-07-11,13.78,14.35,13.75,14.26,13.65,1888200.0,26686259.0,4.4689,3.0232,1,0,none,baostock,query_history_k_data_plus
600455,SHSE.600455,,SH,A股-上交所,2024-07-12,14.26,14.53,14.15,14.16,14.26,1467400.0,21051301.0,-0.7013,2.3494,1,0,none,baostock,query_history_k_data_plus
600455,SHSE.600455,,SH,A股-上交所,2024-07-15,14.14,14.23,13.69,13.79,14.16,1398614.0,19317955.5,-2.613,2.2393,1,0,none,baostock,query_history_k_data_plus
600455,SHSE.600455,,SH,A股-上交所,2024-07-16,13.83,13.91,13.67,13.82,13.79,1146400.0,15803680.0,0.2175,1.8355,1,0,none,baostock,query_history_k_data_plus
600455,SHSE.600455,,SH,A股-上交所,2024-07-17,13.86,13.88,13.61,13.7,13.82,828500.0,11389377.0,-0.8683,1.3265,1,0,none,baostock,query_history_k_data_plus
600455,SHSE.600455,,SH,A股-上交所,2024-07-18,13.61,13.8,13.21,13.71,13.7,1218500.0,16396120.0,0.073,1.9509,1,0,none,baostock,query_history_k_data_plus
600455,SHSE.600455,,SH,A股-上交所,2024-07-19,13.76,14.05,13.66,13.87,13.71,1450422.0,20129633.91,1.167,2.3222,1,0,none,baostock,query_history_k_data_plus
600455,SHSE.600455,,SH,A股-上交所,2024-07-22,13.85,14.05,13.65,13.96,13.87,1309300.0,18183583.0,0.6489,2.0963,1,0,none,baostock,query_history_k_data_plus
600455,SHSE.600455,,SH,A股-上交所,2024-07-23,13.96,14.25,13.8,13.8,13.96,1117500.0,15734490.0,-1.1461,1.7892,1,0,none,baostock,query_history_k_data_plus
600455,SHSE.600455,,SH,A股-上交所,2024-07-24,13.7,13.87,13.5,13.56,13.8,1023201.0,13972016.51,-1.7391,1.6382,1,0,none,baostock,query_history_k_data_plus
600455,SHSE.600455,,SH,A股-上交所,2024-07-25,13.42,13.9,13.38,13.76,13.56,1047092.0,14305461.6,1.4749,1.6765,1,0,none,baostock,query_history_k_data_plus
600455,SHSE.600455,,SH,A股-上交所,2024-07-26,13.7,14.04,13.7,14.0,13.76,779400.0,10887073.0,1.7442,1.2479,1,0,none,baostock,query_history_k_data_plus
600455,SHSE.600455,,SH,A股-上交所,2024-07-29,14.17,14.18,13.82,14.02,14.0,703300.0,9846456.0,0.1429,1.126,1,0,none,baostock,query_history_k_data_plus
600455,SHSE.600455,,SH,A股-上交所,2024-07-30,14.02,14.26,13.9,14.19,14.02,839800.0,11868672.0,1.2126,1.3446,1,0,none,baostock,query_history_k_data_plus
600455,SHSE.600455,,SH,A股-上交所,2024-07-31,14.14,14.82,14.14,14.8,14.19,1184800.0,17291367.0,4.2988,1.897,1,0,none,baostock,query_history_k_data_plus
600455,SHSE.600455,,SH,A股-上交所,2024-08-01,14.82,14.96,14.71,14.84,14.8,1022092.0,15146779.44,0.2703,1.6364,1,0,none,baostock,query_history_k_data_plus
600455,SHSE.600455,,SH,A股-上交所,2024-08-02,14.74,14.94,14.51,14.56,14.84,811500.0,11957026.0,-1.8868,1.2993,1,0,none,baostock,query_history_k_data_plus
600455,SHSE.600455,,SH,A股-上交所,2024-08-05,14.74,15.45,14.51,14.51,14.56,2558200.0,38314832.0,-0.3434,4.0959,1,0,none,baostock,query_history_k_data_plus
600455,SHSE.600455,,SH,A股-上交所,2024-08-06,14.67,15.4,14.53,15.23,14.51,2367201.0,35546644.29,4.9621,3.7901,1,0,none,baostock,query_history_k_data_plus
600455,SHSE.600455,,SH,A股-上交所,2024-08-07,15.54,16.75,15.22,15.92,15.23,6974100.0,113137908.0,4.5305,11.1661,1,0,none,baostock,query_history_k_data_plus
600455,SHSE.600455,,SH,A股-上交所,2024-08-08,15.02,15.24,14.4,15.07,15.92,5729800.0,85167223.0,-5.3392,9.1738,1,0,none,baostock,query_history_k_data_plus
600455,SHSE.600455,,SH,A股-上交所,2024-08-09,15.06,15.15,14.65,14.65,15.07,2180309.0,32362099.11,-2.787,3.4908,1,0,none,baostock,query_history_k_data_plus
600455,SHSE.600455,,SH,A股-上交所,2024-08-12,14.64,14.79,14.4,14.52,14.65,1552100.0,22628137.0,-0.8874,2.485,1,0,none,baostock,query_history_k_data_plus
600455,SHSE.600455,,SH,A股-上交所,2024-08-13,14.54,14.7,14.32,14.6,14.52,1057100.0,15343694.0,0.551,1.6925,1,0,none,baostock,query_history_k_data_plus
600455,SHSE.600455,,SH,A股-上交所,2024-08-14,14.58,14.86,14.58,14.7,14.6,1037800.0,15296403.0,0.6849,1.6616,1,0,none,baostock,query_history_k_data_plus
600455,SHSE.600455,,SH,A股-上交所,2024-08-15,14.69,14.85,14.35,14.76,14.7,1435600.0,21060954.0,0.4082,2.2985,1,0,none,baostock,query_history_k_data_plus
600455,SHSE.600455,,SH,A股-上交所,2024-08-16,14.76,15.1,14.68,15.05,14.76,1805800.0,26976718.0,1.9648,2.8912,1,0,none,baostock,query_history_k_data_plus
600455,SHSE.600455,,SH,A股-上交所,2024-08-19,15.06,15.49,14.77,15.3,15.05,2793700.0,42550311.0,1.6611,4.4729,1,0,none,baostock,query_history_k_data_plus
600455,SHSE.600455,,SH,A股-上交所,2024-08-20,15.28,15.33,14.61,14.92,15.3,1857509.0,27755291.29,-2.4837,2.974,1,0,none,baostock,query_history_k_data_plus
600455,SHSE.600455,,SH,A股-上交所,2024-08-21,14.9,15.26,14.7,15.05,14.92,1420100.0,21331831.0,0.8713,2.2737,1,0,none,baostock,query_history_k_data_plus
600455,SHSE.600455,,SH,A股-上交所,2024-08-22,15.06,15.15,14.6,14.62,15.05,1106309.0,16375144.4,-2.8571,1.7713,1,0,none,baostock,query_history_k_data_plus
600455,SHSE.600455,,SH,A股-上交所,2024-08-23,14.74,15.49,14.6,14.85,14.62,3196000.0,48013150.0,1.5732,5.117,1,0,none,baostock,query_history_k_data_plus
600455,SHSE.600455,,SH,A股-上交所,2024-08-26,14.8,15.29,14.67,15.07,14.85,2278600.0,34252988.0,1.4815,3.6482,1,0,none,baostock,query_history_k_data_plus
600455,SHSE.600455,,SH,A股-上交所,2024-08-27,15.38,16.35,15.1,15.38,15.07,4472300.0,69167519.48,2.0571,7.1605,1,0,none,baostock,query_history_k_data_plus
600455,SHSE.600455,,SH,A股-上交所,2024-08-28,15.27,15.8,14.88,15.65,15.38,3781200.0,58106351.76,1.7555,6.054,1,0,none,baostock,query_history_k_data_plus
600455,SHSE.600455,,SH,A股-上交所,2024-08-29,15.4,15.78,15.24,15.61,15.65,2556036.0,39860840.72,-0.2556,4.0924,1,0,none,baostock,query_history_k_data_plus
600455,SHSE.600455,,SH,A股-上交所,2024-08-30,15.57,16.0,15.4,15.9,15.61,3091100.0,48664107.0,1.8578,4.9491,1,0,none,baostock,query_history_k_data_plus
600455,SHSE.600455,,SH,A股-上交所,2024-09-02,15.88,15.96,15.44,15.48,15.9,1956900.0,30711429.16,-2.6415,3.1331,1,0,none,baostock,query_history_k_data_plus
600455,SHSE.600455,,SH,A股-上交所,2024-09-03,15.6,16.1,15.45,16.0,15.48,3229800.0,50947891.8,3.3592,5.1712,1,0,none,baostock,query_history_k_data_plus
600455,SHSE.600455,,SH,A股-上交所,2024-09-04,15.87,16.46,15.75,15.99,16.0,3138600.0,50721647.3,-0.0625,5.0251,1,0,none,baostock,query_history_k_data_plus
600455,SHSE.600455,,SH,A股-上交所,2024-09-05,15.99,16.31,15.9,15.93,15.99,2102700.0,33796498.0,-0.3752,3.3666,1,0,none,baostock,query_history_k_data_plus
600455,SHSE.600455,,SH,A股-上交所,2024-09-06,15.93,16.02,15.56,15.6,15.93,2157500.0,33899614.0,-2.0716,3.4543,1,0,none,baostock,query_history_k_data_plus
600455,SHSE.600455,,SH,A股-上交所,2024-09-09,15.57,15.78,15.18,15.51,15.6,1379000.0,21352846.0,-0.5769,2.2079,1,0,none,baostock,query_history_k_data_plus
600455,SHSE.600455,,SH,A股-上交所,2024-09-10,15.64,16.22,15.59,16.13,15.51,2678400.0,42845265.0,3.9974,4.2883,1,0,none,baostock,query_history_k_data_plus
600455,SHSE.600455,,SH,A股-上交所,2024-09-11,16.05,16.17,15.74,15.95,16.13,2333050.0,37146217.0,-1.1159,3.7354,1,0,none,baostock,query_history_k_data_plus
600455,SHSE.600455,,SH,A股-上交所,2024-09-12,15.95,16.31,15.76,16.21,15.95,2440400.0,39274260.0,1.6301,3.9073,1,0,none,baostock,query_history_k_data_plus
600455,SHSE.600455,,SH,A股-上交所,2024-09-13,16.2,16.9,16.13,16.32,16.21,3099000.0,51048678.0,0.6786,4.9617,1,0,none,baostock,query_history_k_data_plus
600455,SHSE.600455,,SH,A股-上交所,2024-09-18,16.32,16.94,15.98,16.85,16.32,4379542.0,72444862.0,3.2475,7.012,1,0,none,baostock,query_history_k_data_plus
600455,SHSE.600455,,SH,A股-上交所,2024-09-19,16.75,17.82,16.45,17.52,16.85,5371000.0,91835825.36,3.9763,8.5994,1,0,none,baostock,query_history_k_data_plus
600455,SHSE.600455,,SH,A股-上交所,2024-09-20,17.2,17.79,16.98,17.06,17.52,4028800.0,69593186.0,-2.6256,6.4504,1,0,none,baostock,query_history_k_data_plus
600455,SHSE.600455,,SH,A股-上交所,2024-09-23,17.02,17.28,16.68,16.77,17.06,2951300.0,49940964.0,-1.6999,4.7253,1,0,none,baostock,query_history_k_data_plus
600455,SHSE.600455,,SH,A股-上交所,2024-09-24,16.88,17.28,16.58,17.16,16.77,3192300.0,54064950.0,2.3256,5.1111,1,0,none,baostock,query_history_k_data_plus
600455,SHSE.600455,,SH,A股-上交所,2024-09-25,17.35,17.65,17.12,17.28,17.16,3159100.0,54807513.0,0.6993,5.058,1,0,none,baostock,query_history_k_data_plus
600455,SHSE.600455,,SH,A股-上交所,2024-09-26,17.41,17.68,16.85,17.49,17.28,2744100.0,47576901.0,1.2153,4.3935,1,0,none,baostock,query_history_k_data_plus
600455,SHSE.600455,,SH,A股-上交所,2024-09-27,17.5,18.17,17.49,18.15,17.49,2405800.0,42933891.1,3.7736,3.8519,1,0,none,baostock,query_history_k_data_plus
600455,SHSE.600455,,SH,A股-上交所,2024-09-30,18.38,19.8,18.01,19.68,18.15,4909694.0,92910870.63,8.4298,7.8608,1,0,none,baostock,query_history_k_data_plus
600455,SHSE.600455,,SH,A股-上交所,2024-10-08,21.61,21.61,19.33,20.59,19.68,6257176.0,129074014.67,4.624,10.0182,1,0,none,baostock,query_history_k_data_plus
600455,SHSE.600455,,SH,A股-上交所,2024-10-09,20.32,20.32,18.53,18.53,20.59,3757300.0,72912931.96,-10.0049,6.0157,1,0,none,baostock,query_history_k_data_plus
600455,SHSE.600455,,SH,A股-上交所,2024-10-10,18.6,19.26,18.3,18.86,18.53,3971543.0,74825429.12,1.7809,6.3587,1,0,none,baostock,query_history_k_data_plus
600455,SHSE.600455,,SH,A股-上交所,2024-10-11,18.66,18.78,17.61,17.83,18.86,3399468.0,61592149.5,-5.4613,5.4428,1,0,none,baostock,query_history_k_data_plus
600455,SHSE.600455,,SH,A股-上交所,2024-10-14,17.93,19.39,17.9,19.04,17.83,4674264.0,86878240.96,6.7863,7.4839,1,0,none,baostock,query_history_k_data_plus
600455,SHSE.600455,,SH,A股-上交所,2024-10-15,18.9,19.27,18.45,18.73,19.04,2704200.0,51199930.36,-1.6282,4.3296,1,0,none,baostock,query_history_k_data_plus
600455,SHSE.600455,,SH,A股-上交所,2024-10-16,18.3,20.6,18.26,20.6,18.73,4184700.0,84239050.0,9.984,6.7,1,0,none,baostock,query_history_k_data_plus
600455,SHSE.600455,,SH,A股-上交所,2024-10-17,20.6,21.58,19.91,21.1,20.6,9565222.0,197478915.02,2.4272,15.3146,1,0,none,baostock,query_history_k_data_plus
600455,SHSE.600455,,SH,A股-上交所,2024-10-18,20.55,21.51,20.3,21.14,21.1,7192104.0,151008320.19,0.1896,11.5151,1,0,none,baostock,query_history_k_data_plus
600455,SHSE.600455,,SH,A股-上交所,2024-10-21,21.67,21.68,20.5,20.51,21.14,5737500.0,119228519.0,-2.9801,9.1862,1,0,none,baostock,query_history_k_data_plus
600455,SHSE.600455,,SH,A股-上交所,2024-10-22,20.51,20.83,20.24,20.38,20.51,3279400.0,67354861.99,-0.6338,5.2506,1,0,none,baostock,query_history_k_data_plus
600455,SHSE.600455,,SH,A股-上交所,2024-10-23,20.31,20.7,20.1,20.26,20.38,3425446.0,69746385.0,-0.5888,5.4844,1,0,none,baostock,query_history_k_data_plus
600455,SHSE.600455,,SH,A股-上交所,2024-10-24,20.2,21.18,20.1,20.83,20.26,4559730.0,95121959.46,2.8134,7.3005,1,0,none,baostock,query_history_k_data_plus
600455,SHSE.600455,,SH,A股-上交所,2024-10-25,21.15,22.76,21.12,22.15,20.83,7625133.0,166252187.63,6.337,12.2084,1,0,none,baostock,query_history_k_data_plus
600455,SHSE.600455,,SH,A股-上交所,2024-10-28,22.52,24.0,22.32,23.8,22.15,8944441.0,207929693.27,7.4492,14.3207,1,0,none,baostock,query_history_k_data_plus
600455,SHSE.600455,,SH,A股-上交所,2024-10-29,24.05,24.25,22.1,22.37,23.8,6791693.0,155966339.72,-6.0084,10.874,1,0,none,baostock,query_history_k_data_plus
600455,SHSE.600455,,SH,A股-上交所,2024-10-30,22.1,23.49,21.69,23.48,22.37,5705001.0,127995136.04,4.962,9.1341,1,0,none,baostock,query_history_k_data_plus
600455,SHSE.600455,,SH,A股-上交所,2024-10-31,23.0,25.25,22.92,24.68,23.48,6875802.0,164867770.6,5.1107,11.0087,1,0,none,baostock,query_history_k_data_plus
600455,SHSE.600455,,SH,A股-上交所,2024-11-01,24.35,24.39,22.21,22.27,24.68,5394402.0,124303508.4,-9.765,8.6368,1,0,none,baostock,query_history_k_data_plus
600455,SHSE.600455,,SH,A股-上交所,2024-11-04,22.17,23.12,22.17,23.0,22.27,3108712.0,70673086.9,3.278,4.9773,1,0,none,baostock,query_history_k_data_plus
600455,SHSE.600455,,SH,A股-上交所,2024-11-05,23.07,23.3,22.71,23.1,23.0,3415100.0,78631654.0,0.4348,5.4678,1,0,none,baostock,query_history_k_data_plus
600455,SHSE.600455,,SH,A股-上交所,2024-11-06,23.19,23.32,22.28,22.46,23.1,3356100.0,76402068.0,-2.7706,5.3734,1,0,none,baostock,query_history_k_data_plus
600455,SHSE.600455,,SH,A股-上交所,2024-11-07,22.18,22.85,22.18,22.46,22.46,3047832.0,68623230.64,0.0,4.8798,1,0,none,baostock,query_history_k_data_plus
600455,SHSE.600455,,SH,A股-上交所,2024-11-08,22.69,23.0,22.25,22.85,22.46,3685110.0,83376050.7,1.7364,5.9001,1,0,none,baostock,query_history_k_data_plus
600455,SHSE.600455,,SH,A股-上交所,2024-11-11,22.7,23.47,22.51,23.1,22.85,3862611.0,88929366.99,1.0941,6.1843,1,0,none,baostock,query_history_k_data_plus
600455,SHSE.600455,,SH,A股-上交所,2024-11-12,23.11,23.37,22.69,22.87,23.1,3256900.0,75125236.0,-0.9957,5.2145,1,0,none,baostock,query_history_k_data_plus
600455,SHSE.600455,,SH,A股-上交所,2024-11-13,22.89,23.35,22.53,23.15,22.87,2392500.0,54927628.0,1.2243,3.8306,1,0,none,baostock,query_history_k_data_plus
600455,SHSE.600455,,SH,A股-上交所,2024-11-14,23.2,23.69,22.55,22.58,23.15,2801700.0,64836743.0,-2.4622,4.4857,1,0,none,baostock,query_history_k_data_plus
600455,SHSE.600455,,SH,A股-上交所,2024-11-15,22.4,23.13,22.0,22.16,22.58,2735100.0,61931508.0,-1.8601,4.3791,1,0,none,baostock,query_history_k_data_plus
600455,SHSE.600455,,SH,A股-上交所,2024-11-18,22.45,22.5,21.0,21.34,22.16,3280400.0,70379113.6,-3.7004,5.2522,1,0,none,baostock,query_history_k_data_plus
600455,SHSE.600455,,SH,A股-上交所,2024-11-19,21.34,21.67,20.8,21.56,21.34,2612401.0,55399027.11,1.0309,4.1827,1,0,none,baostock,query_history_k_data_plus
600455,SHSE.600455,,SH,A股-上交所,2024-11-20,21.5,22.15,20.93,22.05,21.56,2125784.0,46114128.64,2.2727,3.4035,1,0,none,baostock,query_history_k_data_plus
600455,SHSE.600455,,SH,A股-上交所,2024-11-21,22.11,22.82,21.9,22.23,22.05,1885902.0,42139575.03,0.8163,3.0195,1,0,none,baostock,query_history_k_data_plus
600455,SHSE.600455,,SH,A股-上交所,2024-11-22,22.2,22.75,21.89,21.93,22.23,2337259.0,52093207.83,-1.3495,3.7421,1,0,none,baostock,query_history_k_data_plus
600455,SHSE.600455,,SH,A股-上交所,2024-11-25,21.9,24.12,21.8,23.34,21.93,5035100.0,116803581.99,6.4295,8.0616,1,0,none,baostock,query_history_k_data_plus
600455,SHSE.600455,,SH,A股-上交所,2024-11-26,23.19,23.71,22.98,23.26,23.34,2410412.0,56114088.53,-0.3428,3.8593,1,0,none,baostock,query_history_k_data_plus
600455,SHSE.600455,,SH,A股-上交所,2024-11-27,23.01,23.22,22.05,22.79,23.26,2150900.0,48423425.0,-2.0206,3.4438,1,0,none,baostock,query_history_k_data_plus
600455,SHSE.600455,,SH,A股-上交所,2024-11-28,22.8,23.74,22.75,23.37,22.79,2425550.0,56433930.0,2.545,3.8835,1,0,none,baostock,query_history_k_data_plus
600455,SHSE.600455,,SH,A股-上交所,2024-11-29,23.18,23.5,22.85,23.48,23.37,1927159.0,44805623.47,0.4707,3.0855,1,0,none,baostock,query_history_k_data_plus
600455,SHSE.600455,,SH,A股-上交所,2024-12-02,23.59,24.48,23.05,23.95,23.48,2714600.0,65000733.0,2.0017,4.3463,1,0,none,baostock,query_history_k_data_plus
600455,SHSE.600455,,SH,A股-上交所,2024-12-03,23.99,24.46,23.56,24.26,23.95,1856200.0,44924186.0,1.2944,2.9719,1,0,none,baostock,query_history_k_data_plus
600455,SHSE.600455,,SH,A股-上交所,2024-12-04,24.19,24.33,23.46,23.7,24.26,1918800.0,45815084.0,-2.3083,3.0721,1,0,none,baostock,query_history_k_data_plus
600455,SHSE.600455,,SH,A股-上交所,2024-12-05,23.62,24.08,23.23,24.05,23.7,1616900.0,38615851.0,1.4768,2.5888,1,0,none,baostock,query_history_k_data_plus
600455,SHSE.600455,,SH,A股-上交所,2024-12-06,24.0,24.51,23.81,24.11,24.05,1886930.0,45691619.23,0.2495,3.0211,1,0,none,baostock,query_history_k_data_plus
600455,SHSE.600455,,SH,A股-上交所,2024-12-09,24.25,24.94,23.81,24.83,24.11,3155200.0,77206013.0,2.9863,5.0517,1,0,none,baostock,query_history_k_data_plus
600455,SHSE.600455,,SH,A股-上交所,2024-12-10,25.31,25.31,24.28,24.28,24.83,2348862.0,58144229.39,-2.2151,3.7607,1,0,none,baostock,query_history_k_data_plus
600455,SHSE.600455,,SH,A股-上交所,2024-12-11,24.21,24.58,23.79,24.49,24.28,1313800.0,31901874.0,0.8649,2.1035,1,0,none,baostock,query_history_k_data_plus
600455,SHSE.600455,,SH,A股-上交所,2024-12-12,24.49,25.09,24.12,25.03,24.49,1783400.0,44228770.0,2.205,2.8554,1,0,none,baostock,query_history_k_data_plus
600455,SHSE.600455,,SH,A股-上交所,2024-12-13,24.77,25.24,24.77,24.98,25.03,1513059.0,37836324.56,-0.1998,2.4225,1,0,none,baostock,query_history_k_data_plus
600455,SHSE.600455,,SH,A股-上交所,2024-12-16,25.51,27.48,25.02,26.75,24.98,11755392.0,318050355.92,7.0857,18.8213,1,0,none,baostock,query_history_k_data_plus
600455,SHSE.600455,,SH,A股-上交所,2024-12-17,25.7,25.97,24.08,24.08,26.75,6417171.0,158684399.61,-9.9813,10.2744,1,0,none,baostock,query_history_k_data_plus
600455,SHSE.600455,,SH,A股-上交所,2024-12-18,23.6,24.49,23.03,23.53,24.08,5957357.0,140280196.08,-2.2841,9.5382,1,0,none,baostock,query_history_k_data_plus
600455,SHSE.600455,,SH,A股-上交所,2024-12-19,23.24,23.98,22.53,23.75,23.53,4043200.0,95108321.0,0.935,6.4735,1,0,none,baostock,query_history_k_data_plus
600455,SHSE.600455,,SH,A股-上交所,2024-12-20,23.69,23.96,23.5,23.65,23.75,2765900.0,65639767.09,-0.4211,4.4284,1,0,none,baostock,query_history_k_data_plus
600455,SHSE.600455,,SH,A股-上交所,2024-12-23,23.62,23.65,21.49,21.67,23.65,4108000.0,91577507.58,-8.3721,6.5772,1,0,none,baostock,query_history_k_data_plus
600455,SHSE.600455,,SH,A股-上交所,2024-12-24,21.86,22.07,20.95,21.55,21.67,2660230.0,56956942.9,-0.5538,4.2592,1,0,none,baostock,query_history_k_data_plus
600455,SHSE.600455,,SH,A股-上交所,2024-12-25,21.54,21.56,20.45,20.83,21.55,2264300.0,47165699.52,-3.3411,3.6253,1,0,none,baostock,query_history_k_data_plus
600455,SHSE.600455,,SH,A股-上交所,2024-12-26,20.8,21.51,20.8,21.2,20.83,1842500.0,39069526.0,1.7763,2.95,1,0,none,baostock,query_history_k_data_plus
600455,SHSE.600455,,SH,A股-上交所,2024-12-27,21.2,21.95,20.98,21.57,21.2,2017800.0,43639519.0,1.7453,3.2307,1,0,none,baostock,query_history_k_data_plus
600455,SHSE.600455,,SH,A股-上交所,2024-12-30,21.38,21.39,20.39,20.97,21.57,2265000.0,47434923.0,-2.7816,3.6264,1,0,none,baostock,query_history_k_data_plus
600455,SHSE.600455,,SH,A股-上交所,2024-12-31,20.97,21.36,20.6,20.66,20.97,1644700.0,34484021.0,-1.4783,2.6333,1,0,none,baostock,query_history_k_data_plus
600455,SHSE.600455,,SH,A股-上交所,2025-01-02,20.66,21.28,20.35,20.51,20.66,2114100.0,44067352.0,-0.726,3.3848,1,0,none,baostock,query_history_k_data_plus
600455,SHSE.600455,,SH,A股-上交所,2025-01-03,20.55,20.79,19.01,19.18,20.51,2417500.0,47628342.0,-6.4846,3.8706,1,0,none,baostock,query_history_k_data_plus
600455,SHSE.600455,,SH,A股-上交所,2025-01-06,19.02,19.3,18.19,19.01,19.18,2479800.0,46918577.0,-0.8863,3.9703,1,0,none,baostock,query_history_k_data_plus
600455,SHSE.600455,,SH,A股-上交所,2025-01-07,19.15,19.86,19.11,19.84,19.01,1738900.0,33808241.0,4.3661,2.7841,1,0,none,baostock,query_history_k_data_plus
600455,SHSE.600455,,SH,A股-上交所,2025-01-08,19.87,20.19,19.36,19.94,19.84,2057500.0,40838709.0,0.504,3.2942,1,0,none,baostock,query_history_k_data_plus
600455,SHSE.600455,,SH,A股-上交所,2025-01-09,19.9,20.29,19.9,20.17,19.94,1259900.0,25393460.0,1.1535,2.0172,1,0,none,baostock,query_history_k_data_plus
600455,SHSE.600455,,SH,A股-上交所,2025-01-10,20.17,20.3,19.45,19.48,20.17,1567800.0,31144273.0,-3.4209,2.5102,1,0,none,baostock,query_history_k_data_plus
600455,SHSE.600455,,SH,A股-上交所,2025-01-13,19.2,19.69,18.64,19.57,19.48,1342200.0,25928809.0,0.462,2.149,1,0,none,baostock,query_history_k_data_plus
600455,SHSE.600455,,SH,A股-上交所,2025-01-14,19.5,20.76,19.48,20.75,19.57,1732900.0,35310902.0,6.0296,2.7745,1,0,none,baostock,query_history_k_data_plus
600455,SHSE.600455,,SH,A股-上交所,2025-01-15,20.75,20.99,20.64,20.88,20.75,1365700.0,28453988.0,0.6265,2.1866,1,0,none,baostock,query_history_k_data_plus
600455,SHSE.600455,,SH,A股-上交所,2025-01-16,21.15,21.28,20.8,20.87,20.88,1333800.0,28064515.0,-0.0479,2.1355,1,0,none,baostock,query_history_k_data_plus
600455,SHSE.600455,,SH,A股-上交所,2025-01-17,20.97,20.97,20.5,20.72,20.87,1113800.0,23037004.0,-0.7187,1.7833,1,0,none,baostock,query_history_k_data_plus
600455,SHSE.600455,,SH,A股-上交所,2025-01-20,21.16,21.79,20.73,21.44,20.72,2476300.0,52829479.0,3.4749,3.9647,1,0,none,baostock,query_history_k_data_plus
600455,SHSE.600455,,SH,A股-上交所,2025-01-21,21.44,21.49,20.71,21.02,21.44,1599095.0,33567333.2,-1.959,2.5603,1,0,none,baostock,query_history_k_data_plus
600455,SHSE.600455,,SH,A股-上交所,2025-01-22,20.64,21.19,20.64,20.87,21.02,1270000.0,26592223.0,-0.7136,2.0334,1,0,none,baostock,query_history_k_data_plus
600455,SHSE.600455,,SH,A股-上交所,2025-01-23,21.03,21.32,20.88,20.88,20.87,1461600.0,30910637.0,0.0479,2.3401,1,0,none,baostock,query_history_k_data_plus
600455,SHSE.600455,,SH,A股-上交所,2025-01-24,20.89,21.15,20.59,21.11,20.88,1013800.0,21195020.0,1.1015,1.6232,1,0,none,baostock,query_history_k_data_plus
600455,SHSE.600455,,SH,A股-上交所,2025-01-27,21.19,21.64,21.14,21.21,21.11,1514905.0,32428883.45,0.4737,2.4255,1,0,none,baostock,query_history_k_data_plus
600455,SHSE.600455,,SH,A股-上交所,2025-02-05,21.81,22.93,21.22,22.45,21.21,3448447.0,77030156.87,5.8463,5.5212,1,0,none,baostock,query_history_k_data_plus
600455,SHSE.600455,,SH,A股-上交所,2025-02-06,22.45,22.75,22.06,22.75,22.45,2127806.0,48020930.56,1.3363,3.4068,1,0,none,baostock,query_history_k_data_plus
600455,SHSE.600455,,SH,A股-上交所,2025-02-07,22.75,23.01,22.28,22.5,22.75,2030200.0,46064440.0,-1.0989,3.2505,1,0,none,baostock,query_history_k_data_plus
600455,SHSE.600455,,SH,A股-上交所,2025-02-10,22.75,23.15,22.53,23.1,22.5,1964875.0,44960217.46,2.6667,3.1459,1,0,none,baostock,query_history_k_data_plus
600455,SHSE.600455,,SH,A股-上交所,2025-02-11,23.08,23.45,22.89,23.25,23.1,1865295.0,43302984.35,0.6494,2.9865,1,0,none,baostock,query_history_k_data_plus
600455,SHSE.600455,,SH,A股-上交所,2025-02-12,23.31,23.5,23.0,23.35,23.25,1765274.0,41213506.3,0.4301,2.8263,1,0,none,baostock,query_history_k_data_plus
600455,SHSE.600455,,SH,A股-上交所,2025-02-13,23.35,23.49,22.85,22.93,23.35,1578900.0,36504636.55,-1.7987,2.5279,1,0,none,baostock,query_history_k_data_plus
600455,SHSE.600455,,SH,A股-上交所,2025-02-14,22.92,23.09,22.66,23.0,22.93,1508300.0,34562705.0,0.3053,2.4149,1,0,none,baostock,query_history_k_data_plus
600455,SHSE.600455,,SH,A股-上交所,2025-02-17,23.0,23.8,23.0,23.57,23.0,2125701.0,49986292.63,2.4783,3.4034,1,0,none,baostock,query_history_k_data_plus
600455,SHSE.600455,,SH,A股-上交所,2025-02-18,23.51,23.65,22.51,22.77,23.57,1803600.0,41591117.0,-3.3941,2.8877,1,0,none,baostock,query_history_k_data_plus
600455,SHSE.600455,,SH,A股-上交所,2025-02-19,22.69,23.27,22.58,22.9,22.77,1582100.0,36323407.0,0.5709,2.5331,1,0,none,baostock,query_history_k_data_plus
600455,SHSE.600455,,SH,A股-上交所,2025-02-20,22.81,23.42,22.81,23.2,22.9,1561700.0,36055430.0,1.31,2.5004,1,0,none,baostock,query_history_k_data_plus
600455,SHSE.600455,,SH,A股-上交所,2025-02-21,23.17,23.25,22.65,23.05,23.2,1875756.0,42914786.84,-0.6466,3.0032,1,0,none,baostock,query_history_k_data_plus
600455,SHSE.600455,,SH,A股-上交所,2025-02-24,23.19,23.88,23.02,23.38,23.05,2889800.0,67672825.0,1.4317,4.6268,1,0,none,baostock,query_history_k_data_plus
600455,SHSE.600455,,SH,A股-上交所,2025-02-25,22.99,23.94,22.95,23.0,23.38,1510500.0,35090532.0,-1.6253,2.4184,1,0,none,baostock,query_history_k_data_plus
600455,SHSE.600455,,SH,A股-上交所,2025-02-26,22.99,23.34,22.8,23.03,23.0,1326900.0,30588470.0,0.1304,2.1245,1,0,none,baostock,query_history_k_data_plus
600455,SHSE.600455,,SH,A股-上交所,2025-02-27,23.03,23.2,22.5,22.82,23.03,1749500.0,39787064.8,-0.9119,2.8011,1,0,none,baostock,query_history_k_data_plus
600455,SHSE.600455,,SH,A股-上交所,2025-02-28,22.58,23.03,22.08,22.12,22.82,1575800.0,35497098.0,-3.0675,2.523,1,0,none,baostock,query_history_k_data_plus
600455,SHSE.600455,,SH,A股-上交所,2025-03-03,22.38,22.93,22.12,22.4,22.12,1697400.0,38345596.0,1.2658,2.7177,1,0,none,baostock,query_history_k_data_plus
600455,SHSE.600455,,SH,A股-上交所,2025-03-04,22.21,23.05,22.2,22.96,22.4,1298200.0,29633181.0,2.5,2.0785,1,0,none,baostock,query_history_k_data_plus
600455,SHSE.600455,,SH,A股-上交所,2025-03-05,22.97,23.12,22.5,22.97,22.96,1357600.0,30944726.0,0.0436,2.1736,1,0,none,baostock,query_history_k_data_plus
600455,SHSE.600455,,SH,A股-上交所,2025-03-06,23.01,23.6,22.96,23.5,22.97,1709200.0,39845958.0,2.3074,2.7366,1,0,none,baostock,query_history_k_data_plus
600455,SHSE.600455,,SH,A股-上交所,2025-03-07,23.5,23.64,23.1,23.21,23.5,1443300.0,33764873.0,-1.234,2.3108,1,0,none,baostock,query_history_k_data_plus
600455,SHSE.600455,,SH,A股-上交所,2025-03-10,23.18,23.65,23.06,23.3,23.21,1474300.0,34426814.0,0.3878,2.3605,1,0,none,baostock,query_history_k_data_plus
600455,SHSE.600455,,SH,A股-上交所,2025-03-11,23.0,23.33,22.54,23.3,23.3,1286600.0,29675388.0,0.0,2.0599,1,0,none,baostock,query_history_k_data_plus
600455,SHSE.600455,,SH,A股-上交所,2025-03-12,23.3,23.65,23.13,23.56,23.3,1407200.0,32967115.0,1.1159,2.253,1,0,none,baostock,query_history_k_data_plus
600455,SHSE.600455,,SH,A股-上交所,2025-03-13,23.57,23.64,22.73,23.1,23.56,1699700.0,39177125.98,-1.9525,2.7213,1,0,none,baostock,query_history_k_data_plus
600455,SHSE.600455,,SH,A股-上交所,2025-03-14,23.09,23.59,22.78,23.52,23.1,1853800.0,43093275.0,1.8182,2.9681,1,0,none,baostock,query_history_k_data_plus
600455,SHSE.600455,,SH,A股-上交所,2025-03-17,23.46,23.63,23.16,23.5,23.52,1830100.0,42686685.0,-0.085,2.9301,1,0,none,baostock,query_history_k_data_plus
600455,SHSE.600455,,SH,A股-上交所,2025-03-18,23.62,23.68,23.34,23.58,23.5,1588300.0,37372392.0,0.3404,2.543,1,0,none,baostock,query_history_k_data_plus
600455,SHSE.600455,,SH,A股-上交所,2025-03-19,23.49,23.65,22.99,23.12,23.58,1496400.0,34829282.0,-1.9508,2.3959,1,0,none,baostock,query_history_k_data_plus
600455,SHSE.600455,,SH,A股-上交所,2025-03-20,23.05,23.67,22.8,23.21,23.12,1740300.0,40363047.0,0.3893,2.7864,1,0,none,baostock,query_history_k_data_plus
600455,SHSE.600455,,SH,A股-上交所,2025-03-21,23.13,23.14,22.76,22.9,23.21,2026800.0,46450088.0,-1.3356,3.2451,1,0,none,baostock,query_history_k_data_plus
600455,SHSE.600455,,SH,A股-上交所,2025-03-24,22.75,23.75,21.6,22.16,22.9,4255100.0,97040688.0,-3.2314,6.8127,1,0,none,baostock,query_history_k_data_plus
600455,SHSE.600455,,SH,A股-上交所,2025-03-25,22.2,22.53,21.59,22.38,22.16,2292332.0,50646369.8,0.9928,3.6702,1,0,none,baostock,query_history_k_data_plus
600455,SHSE.600455,,SH,A股-上交所,2025-03-26,22.31,24.15,22.22,24.04,22.38,4079367.0,95781836.08,7.4173,6.5314,1,0,none,baostock,query_history_k_data_plus
600455,SHSE.600455,,SH,A股-上交所,2025-03-27,23.99,24.04,23.35,23.87,24.04,2393600.0,56861357.0,-0.7072,3.8323,1,0,none,baostock,query_history_k_data_plus
600455,SHSE.600455,,SH,A股-上交所,2025-03-28,23.88,25.49,23.45,25.08,23.87,6117237.0,151913314.69,5.0691,9.7942,1,0,none,baostock,query_history_k_data_plus
600455,SHSE.600455,,SH,A股-上交所,2025-03-31,24.6,24.6,22.58,22.86,25.08,6213000.0,143885052.0,-8.8517,9.9475,1,0,none,baostock,query_history_k_data_plus
600455,SHSE.600455,,SH,A股-上交所,2025-04-01,22.86,24.23,22.81,23.64,22.86,3633275.0,85464357.22,3.4121,5.8171,1,0,none,baostock,query_history_k_data_plus
600455,SHSE.600455,,SH,A股-上交所,2025-04-02,23.63,24.03,23.44,23.96,23.64,1925900.0,45853411.0,1.3536,3.0835,1,0,none,baostock,query_history_k_data_plus
600455,SHSE.600455,,SH,A股-上交所,2025-04-03,23.96,24.11,23.32,23.9,23.96,1758900.0,41846698.0,-0.2504,2.8161,1,0,none,baostock,query_history_k_data_plus
600455,SHSE.600455,,SH,A股-上交所,2025-04-07,22.0,22.32,21.51,21.51,23.9,2034200.0,44012941.0,-10.0,3.2569,1,0,none,baostock,query_history_k_data_plus
600455,SHSE.600455,,SH,A股-上交所,2025-04-08,21.51,21.73,19.9,20.58,21.51,3248800.0,66948138.91,-4.3236,5.2016,1,0,none,baostock,query_history_k_data_plus
600455,SHSE.600455,,SH,A股-上交所,2025-04-09,20.49,22.0,19.66,21.82,20.58,2699791.0,56686666.78,6.0253,4.3226,1,0,none,baostock,query_history_k_data_plus
600455,SHSE.600455,,SH,A股-上交所,2025-04-10,22.02,23.02,22.02,22.69,21.82,2476001.0,55995617.82,3.9872,3.9643,1,0,none,baostock,query_history_k_data_plus
600455,SHSE.600455,,SH,A股-上交所,2025-04-11,22.5,23.58,22.28,23.38,22.69,2460100.0,56831967.18,3.041,3.9388,1,0,none,baostock,query_history_k_data_plus
600455,SHSE.600455,,SH,A股-上交所,2025-04-14,23.5,23.72,23.13,23.6,23.38,1915700.0,45078691.0,0.941,3.0672,1,0,none,baostock,query_history_k_data_plus
600455,SHSE.600455,,SH,A股-上交所,2025-04-15,23.76,24.38,23.43,24.25,23.6,1913000.0,45755090.0,2.7542,3.0629,1,0,none,baostock,query_history_k_data_plus
600455,SHSE.600455,,SH,A股-上交所,2025-04-16,24.0,24.7,23.81,24.33,24.25,2002100.0,48635232.0,0.3299,3.2055,1,0,none,baostock,query_history_k_data_plus
600455,SHSE.600455,,SH,A股-上交所,2025-04-17,24.33,25.05,24.12,24.64,24.33,2408345.0,59478068.55,1.2741,3.8559,1,0,none,baostock,query_history_k_data_plus
600455,SHSE.600455,,SH,A股-上交所,2025-04-18,24.6,24.84,24.07,24.63,24.64,1451400.0,35466305.0,-0.0406,2.3238,1,0,none,baostock,query_history_k_data_plus
600455,SHSE.600455,,SH,A股-上交所,2025-04-21,24.56,24.56,24.1,24.25,24.63,1716800.0,41718582.0,-1.5428,2.7487,1,0,none,baostock,query_history_k_data_plus
600455,SHSE.600455,,SH,A股-上交所,2025-04-22,24.4,24.59,24.16,24.52,24.25,1521000.0,37054308.0,1.1134,2.4352,1,0,none,baostock,query_history_k_data_plus
600455,SHSE.600455,,SH,A股-上交所,2025-04-23,24.52,24.96,24.1,24.3,24.52,1704200.0,41547866.0,-0.8972,2.7286,1,0,none,baostock,query_history_k_data_plus
600455,SHSE.600455,,SH,A股-上交所,2025-04-24,24.3,24.39,23.6,24.05,24.3,1614400.0,38698108.0,-1.0288,2.5848,1,0,none,baostock,query_history_k_data_plus
600455,SHSE.600455,,SH,A股-上交所,2025-04-25,23.99,24.05,23.47,23.98,24.05,1262701.0,30068270.66,-0.2911,2.0217,1,0,none,baostock,query_history_k_data_plus
600455,SHSE.600455,,SH,A股-上交所,2025-04-28,23.98,24.12,22.88,23.19,23.98,1889200.0,43975713.0,-3.2944,3.0248,1,0,none,baostock,query_history_k_data_plus
600455,SHSE.600455,,SH,A股-上交所,2025-04-29,23.31,23.7,22.77,23.63,23.19,1516600.0,35689178.0,1.8974,2.4282,1,0,none,baostock,query_history_k_data_plus
600455,SHSE.600455,,SH,A股-上交所,2025-04-30,23.62,24.19,23.62,23.96,23.63,1598004.0,38332357.8,1.3965,2.5585,1,0,none,baostock,query_history_k_data_plus
600455,SHSE.600455,,SH,A股-上交所,2025-05-06,24.44,24.65,24.08,24.57,23.96,1772700.0,43384046.0,2.5459,2.8382,1,0,none,baostock,query_history_k_data_plus
600455,SHSE.600455,,SH,A股-上交所,2025-05-07,24.78,25.3,24.52,24.88,24.57,1821200.0,45184348.0,1.2617,2.9159,1,0,none,baostock,query_history_k_data_plus
600455,SHSE.600455,,SH,A股-上交所,2025-05-08,24.72,26.01,24.5,25.24,24.88,2633600.0,66780180.0,1.4469,4.2166,1,0,none,baostock,query_history_k_data_plus
600455,SHSE.600455,,SH,A股-上交所,2025-05-09,25.24,25.45,24.81,25.28,25.24,1342300.0,33755801.0,0.1585,2.1491,1,0,none,baostock,query_history_k_data_plus
600455,SHSE.600455,,SH,A股-上交所,2025-05-12,25.55,25.8,25.28,25.42,25.28,1819600.0,46363849.5,0.5538,2.9133,1,0,none,baostock,query_history_k_data_plus
600455,SHSE.600455,,SH,A股-上交所,2025-05-13,25.68,25.68,24.99,25.15,25.42,1469656.0,36965754.04,-1.0622,2.353,1,0,none,baostock,query_history_k_data_plus
600455,SHSE.600455,,SH,A股-上交所,2025-05-14,25.33,25.33,24.91,25.2,25.15,1414700.0,35523575.0,0.1988,2.265,1,0,none,baostock,query_history_k_data_plus
600455,SHSE.600455,,SH,A股-上交所,2025-05-15,25.25,25.25,24.62,25.18,25.2,1138700.0,28466168.0,-0.0794,1.8231,1,0,none,baostock,query_history_k_data_plus
600455,SHSE.600455,,SH,A股-上交所,2025-05-16,25.16,25.37,24.92,25.15,25.18,1032300.0,25928364.0,-0.1191,1.6528,1,0,none,baostock,query_history_k_data_plus
600455,SHSE.600455,,SH,A股-上交所,2025-05-19,25.5,25.82,24.91,25.26,25.15,1686400.0,42832641.0,0.4374,2.7001,1,0,none,baostock,query_history_k_data_plus
600455,SHSE.600455,,SH,A股-上交所,2025-05-20,25.47,25.67,25.02,25.67,25.26,1387497.0,35274980.2,1.6231,2.2215,1,0,none,baostock,query_history_k_data_plus
600455,SHSE.600455,,SH,A股-上交所,2025-05-21,25.71,25.81,25.15,25.54,25.67,1468684.0,37299145.67,-0.5064,2.3515,1,0,none,baostock,query_history_k_data_plus
600455,SHSE.600455,,SH,A股-上交所,2025-05-22,25.48,25.65,24.7,25.01,25.54,1421600.0,35705128.0,-2.0752,2.2761,1,0,none,baostock,query_history_k_data_plus
600455,SHSE.600455,,SH,A股-上交所,2025-05-23,24.99,25.45,24.7,25.03,25.01,1602400.0,40224907.0,0.08,2.5656,1,0,none,baostock,query_history_k_data_plus
600455,SHSE.600455,,SH,A股-上交所,2025-05-26,25.1,25.4,24.94,25.11,25.03,1012300.0,25461612.0,0.3196,1.6208,1,0,none,baostock,query_history_k_data_plus
600455,SHSE.600455,,SH,A股-上交所,2025-05-27,25.09,25.5,24.89,25.33,25.11,1473200.0,37197568.0,0.8761,2.3587,1,0,none,baostock,query_history_k_data_plus
600455,SHSE.600455,,SH,A股-上交所,2025-05-28,25.33,25.6,25.16,25.33,25.33,1069100.0,27093954.0,0.0,1.7117,1,0,none,baostock,query_history_k_data_plus
600455,SHSE.600455,,SH,A股-上交所,2025-05-29,25.34,26.08,25.34,25.96,25.33,1901201.0,49131094.63,2.4872,3.044,1,0,none,baostock,query_history_k_data_plus
600455,SHSE.600455,,SH,A股-上交所,2025-05-30,26.0,27.45,25.7,26.9,25.96,4293100.0,115001836.0,3.621,6.8736,1,0,none,baostock,query_history_k_data_plus
600455,SHSE.600455,,SH,A股-上交所,2025-06-03,26.59,27.25,26.4,26.67,26.9,2366300.0,63432353.0,-0.855,3.7886,1,0,none,baostock,query_history_k_data_plus
600455,SHSE.600455,,SH,A股-上交所,2025-06-04,26.66,26.88,26.1,26.49,26.67,1370700.0,36246736.0,-0.6749,2.1946,1,0,none,baostock,query_history_k_data_plus
600455,SHSE.600455,,SH,A股-上交所,2025-06-05,26.59,26.78,26.37,26.61,26.49,1159700.0,30800793.0,0.453,1.8568,1,0,none,baostock,query_history_k_data_plus
600455,SHSE.600455,,SH,A股-上交所,2025-06-06,26.6,26.99,26.36,26.9,26.61,1506400.0,40224452.0,1.0898,2.4119,1,0,none,baostock,query_history_k_data_plus
600455,SHSE.600455,,SH,A股-上交所,2025-06-09,26.9,27.04,26.42,26.67,26.9,1278500.0,34091019.0,-0.855,2.047,1,0,none,baostock,query_history_k_data_plus
600455,SHSE.600455,,SH,A股-上交所,2025-06-10,26.71,26.85,26.1,26.48,26.67,1318100.0,34921548.0,-0.7124,2.1104,1,0,none,baostock,query_history_k_data_plus
600455,SHSE.600455,,SH,A股-上交所,2025-06-11,26.48,26.91,26.33,26.52,26.48,1387401.0,36948020.76,0.1511,2.2213,1,0,none,baostock,query_history_k_data_plus
600455,SHSE.600455,,SH,A股-上交所,2025-06-12,26.52,26.73,26.2,26.71,26.52,1414401.0,37531284.55,0.7164,2.2646,1,0,none,baostock,query_history_k_data_plus
600455,SHSE.600455,,SH,A股-上交所,2025-06-13,26.7,26.79,26.06,26.6,26.71,2044102.0,54004904.13,-0.4118,3.2728,1,0,none,baostock,query_history_k_data_plus
600455,SHSE.600455,,SH,A股-上交所,2025-06-16,26.6,26.7,26.05,26.17,26.6,1942267.0,51168717.78,-1.6165,3.1097,1,0,none,baostock,query_history_k_data_plus
600455,SHSE.600455,,SH,A股-上交所,2025-06-17,26.38,27.12,26.11,26.88,26.17,2403100.0,63794137.0,2.713,3.8475,1,0,none,baostock,query_history_k_data_plus
600455,SHSE.600455,,SH,A股-上交所,2025-06-18,26.7,26.86,26.15,26.23,26.88,1266701.0,33353971.19,-2.4182,2.0281,1,0,none,baostock,query_history_k_data_plus
600455,SHSE.600455,,SH,A股-上交所,2025-06-19,26.19,26.4,25.6,25.78,26.23,1334600.0,34712386.0,-1.7156,2.1368,1,0,none,baostock,query_history_k_data_plus
600455,SHSE.600455,,SH,A股-上交所,2025-06-20,25.73,25.88,25.15,25.37,25.78,950700.0,24224738.0,-1.5904,1.5221,1,0,none,baostock,query_history_k_data_plus
600455,SHSE.600455,,SH,A股-上交所,2025-06-23,25.27,25.88,25.12,25.88,25.37,1044000.0,26719104.4,2.0102,1.6715,1,0,none,baostock,query_history_k_data_plus
600455,SHSE.600455,,SH,A股-上交所,2025-06-24,25.95,26.38,25.72,26.13,25.88,1025201.0,26772066.19,0.966,1.6414,1,0,none,baostock,query_history_k_data_plus
600455,SHSE.600455,,SH,A股-上交所,2025-06-25,26.27,26.57,26.06,26.28,26.13,938200.0,24652743.1,0.5741,1.5021,1,0,none,baostock,query_history_k_data_plus
600455,SHSE.600455,,SH,A股-上交所,2025-06-26,26.27,26.92,26.07,26.39,26.28,1964400.0,51887699.0,0.4186,3.1452,1,0,none,baostock,query_history_k_data_plus
600455,SHSE.600455,,SH,A股-上交所,2025-06-27,26.48,26.87,26.4,26.74,26.39,1536800.0,41055111.0,1.3263,2.4605,1,0,none,baostock,query_history_k_data_plus
600455,SHSE.600455,,SH,A股-上交所,2025-06-30,26.99,27.15,26.62,26.74,26.74,1345000.0,36056258.0,0.0,2.1534,1,0,none,baostock,query_history_k_data_plus
600455,SHSE.600455,,SH,A股-上交所,2025-07-01,26.9,27.18,26.57,26.99,26.74,2205817.0,59389362.99,0.9349,3.5317,1,0,none,baostock,query_history_k_data_plus
600455,SHSE.600455,,SH,A股-上交所,2025-07-02,27.15,27.16,26.65,26.85,26.99,976900.0,26181140.0,-0.5187,1.5641,1,0,none,baostock,query_history_k_data_plus
600455,SHSE.600455,,SH,A股-上交所,2025-07-03,26.9,27.0,26.71,26.97,26.85,935000.0,25153582.0,0.4469,1.497,1,0,none,baostock,query_history_k_data_plus
600455,SHSE.600455,,SH,A股-上交所,2025-07-04,27.01,28.58,26.98,27.29,26.97,3376100.0,93018351.0,1.1865,5.4054,1,0,none,baostock,query_history_k_data_plus
600455,SHSE.600455,,SH,A股-上交所,2025-07-07,27.29,28.58,27.2,28.35,27.29,3414700.0,95971905.0,3.8842,5.4672,1,0,none,baostock,query_history_k_data_plus
600455,SHSE.600455,,SH,A股-上交所,2025-07-08,28.28,29.28,28.06,28.29,28.35,2166535.0,61773502.55,-0.2116,3.4688,1,0,none,baostock,query_history_k_data_plus
600455,SHSE.600455,,SH,A股-上交所,2025-07-09,28.29,29.28,27.83,27.9,28.29,1623467.0,46021094.32,-1.3786,2.5993,1,0,none,baostock,query_history_k_data_plus
600455,SHSE.600455,,SH,A股-上交所,2025-07-10,28.02,28.05,27.52,27.77,27.9,1030000.0,28535814.0,-0.4659,1.6491,1,0,none,baostock,query_history_k_data_plus
600455,SHSE.600455,,SH,A股-上交所,2025-07-11,27.9,28.17,27.42,28.01,27.77,1242200.0,34541124.0,0.8642,1.9889,1,0,none,baostock,query_history_k_data_plus
600455,SHSE.600455,,SH,A股-上交所,2025-07-14,28.2,28.3,27.63,28.07,28.01,1153000.0,32143068.0,0.2142,1.846,1,0,none,baostock,query_history_k_data_plus
600455,SHSE.600455,,SH,A股-上交所,2025-07-15,28.06,28.1,27.42,27.71,28.07,960099.0,26557560.39,-1.2825,1.5372,1,0,none,baostock,query_history_k_data_plus
600455,SHSE.600455,,SH,A股-上交所,2025-07-16,28.0,28.0,27.5,27.72,27.71,878900.0,24374949.0,0.0361,1.4072,1,0,none,baostock,query_history_k_data_plus
600455,SHSE.600455,,SH,A股-上交所,2025-07-17,27.83,27.98,27.58,27.87,27.72,1075700.0,29893747.0,0.5411,1.7223,1,0,none,baostock,query_history_k_data_plus
600455,SHSE.600455,,SH,A股-上交所,2025-07-18,28.0,29.1,27.88,28.51,27.87,2545800.0,72851513.01,2.2964,4.076,1,0,none,baostock,query_history_k_data_plus
600455,SHSE.600455,,SH,A股-上交所,2025-07-21,28.46,28.74,28.0,28.51,28.51,1392100.0,39476626.0,0.0,2.2289,1,0,none,baostock,query_history_k_data_plus
600455,SHSE.600455,,SH,A股-上交所,2025-07-22,28.58,28.65,28.0,28.15,28.51,1374000.0,38910618.0,-1.2627,2.1999,1,0,none,baostock,query_history_k_data_plus
600455,SHSE.600455,,SH,A股-上交所,2025-07-23,28.35,28.46,27.74,28.02,28.15,1065900.0,29793121.0,-0.4618,1.7066,1,0,none,baostock,query_history_k_data_plus
600455,SHSE.600455,,SH,A股-上交所,2025-07-24,28.09,28.3,27.79,28.11,28.02,1084900.0,30440426.0,0.3212,1.737,1,0,none,baostock,query_history_k_data_plus
600455,SHSE.600455,,SH,A股-上交所,2025-07-25,28.12,28.61,27.69,28.46,28.11,1203300.0,34142778.0,1.2451,1.9266,1,0,none,baostock,query_history_k_data_plus
600455,SHSE.600455,,SH,A股-上交所,2025-07-28,28.53,28.8,28.0,28.2,28.46,1293200.0,36490082.0,-0.9136,2.0705,1,0,none,baostock,query_history_k_data_plus
600455,SHSE.600455,,SH,A股-上交所,2025-07-29,28.44,28.44,27.42,28.02,28.2,2139400.0,59554033.0,-0.6383,3.4253,1,0,none,baostock,query_history_k_data_plus
600455,SHSE.600455,,SH,A股-上交所,2025-07-30,28.09,30.26,28.05,28.55,28.02,2718400.0,78384600.0,1.8915,4.3524,1,0,none,baostock,query_history_k_data_plus
600455,SHSE.600455,,SH,A股-上交所,2025-07-31,28.43,28.66,28.09,28.33,28.55,1813900.0,51509286.0,-0.7706,2.9042,1,0,none,baostock,query_history_k_data_plus
600455,SHSE.600455,,SH,A股-上交所,2025-08-01,28.4,29.12,28.1,29.04,28.33,2847115.0,82005067.2,2.5062,4.5584,1,0,none,baostock,query_history_k_data_plus
600455,SHSE.600455,,SH,A股-上交所,2025-08-04,29.04,29.04,28.45,28.85,29.04,1449600.0,41647056.0,-0.6543,2.3209,1,0,none,baostock,query_history_k_data_plus
600455,SHSE.600455,,SH,A股-上交所,2025-08-05,28.89,29.15,28.71,29.07,28.85,1213400.0,35096389.41,0.7626,1.9427,1,0,none,baostock,query_history_k_data_plus
600455,SHSE.600455,,SH,A股-上交所,2025-08-06,29.16,29.2,28.86,28.95,29.07,1160899.0,33676701.06,-0.4128,1.8587,1,0,none,baostock,query_history_k_data_plus
600455,SHSE.600455,,SH,A股-上交所,2025-08-07,29.07,29.32,28.73,28.91,28.95,1423915.0,41263532.8,-0.1382,2.2798,1,0,none,baostock,query_history_k_data_plus
600455,SHSE.600455,,SH,A股-上交所,2025-08-08,28.97,28.97,28.29,28.74,28.91,1093967.0,31281011.24,-0.588,1.7515,1,0,none,baostock,query_history_k_data_plus
600455,SHSE.600455,,SH,A股-上交所,2025-08-11,29.08,29.22,28.8,29.07,28.74,1513930.0,43910360.5,1.1482,2.4239,1,0,none,baostock,query_history_k_data_plus
600455,SHSE.600455,,SH,A股-上交所,2025-08-12,29.08,29.36,28.88,29.03,29.07,1046400.0,30405001.0,-0.1376,1.6754,1,0,none,baostock,query_history_k_data_plus
600455,SHSE.600455,,SH,A股-上交所,2025-08-13,29.17,29.19,28.6,28.88,29.03,1360800.0,39208275.45,-0.5167,2.1787,1,0,none,baostock,query_history_k_data_plus
600455,SHSE.600455,,SH,A股-上交所,2025-08-14,28.88,28.88,27.83,27.85,28.88,2080000.0,58873962.0,-3.5665,3.3302,1,0,none,baostock,query_history_k_data_plus
600455,SHSE.600455,,SH,A股-上交所,2025-08-15,28.0,28.34,27.56,27.66,27.85,1843550.0,51461820.0,-0.6822,2.9517,1,0,none,baostock,query_history_k_data_plus
600455,SHSE.600455,,SH,A股-上交所,2025-08-18,27.95,28.4,27.9,27.95,27.66,2665600.0,74933255.4,1.0484,4.2678,1,0,none,baostock,query_history_k_data_plus
600455,SHSE.600455,,SH,A股-上交所,2025-08-19,27.95,28.32,27.83,28.1,27.95,1831274.0,51449973.24,0.5367,2.932,1,0,none,baostock,query_history_k_data_plus
600455,SHSE.600455,,SH,A股-上交所,2025-08-20,28.2,28.26,27.81,28.23,28.1,1336400.0,37472302.0,0.4626,2.1397,1,0,none,baostock,query_history_k_data_plus
600455,SHSE.600455,,SH,A股-上交所,2025-08-21,28.2,28.64,28.11,28.52,28.23,1698430.0,48303207.52,1.0273,2.7193,1,0,none,baostock,query_history_k_data_plus
600455,SHSE.600455,,SH,A股-上交所,2025-08-22,28.78,28.8,27.91,28.25,28.52,2128480.0,60153500.0,-0.9467,3.4079,1,0,none,baostock,query_history_k_data_plus
600455,SHSE.600455,,SH,A股-上交所,2025-08-25,28.5,28.5,27.93,28.06,28.25,2078832.0,58481140.04,-0.6726,3.3284,1,0,none,baostock,query_history_k_data_plus
600455,SHSE.600455,,SH,A股-上交所,2025-08-26,28.06,28.8,27.67,28.26,28.06,1832915.0,51795558.71,0.7128,2.9346,1,0,none,baostock,query_history_k_data_plus
600455,SHSE.600455,,SH,A股-上交所,2025-08-27,28.3,28.6,27.09,27.14,28.26,2262200.0,62770782.5,-3.9632,3.622,1,0,none,baostock,query_history_k_data_plus
600455,SHSE.600455,,SH,A股-上交所,2025-08-28,27.28,27.68,25.96,27.21,27.14,2888090.0,77234540.65,0.2579,4.6241,1,0,none,baostock,query_history_k_data_plus
600455,SHSE.600455,,SH,A股-上交所,2025-08-29,26.83,27.15,26.41,26.6,27.21,1729322.0,46131130.78,-2.2418,2.7688,1,0,none,baostock,query_history_k_data_plus
600455,SHSE.600455,,SH,A股-上交所,2025-09-01,26.55,27.09,26.49,26.8,26.6,2059395.0,55280254.58,0.7519,3.2972,1,0,none,baostock,query_history_k_data_plus
600455,SHSE.600455,,SH,A股-上交所,2025-09-02,26.8,26.88,25.95,26.57,26.8,1909501.0,50290924.44,-0.8582,3.0573,1,0,none,baostock,query_history_k_data_plus
600455,SHSE.600455,,SH,A股-上交所,2025-09-03,26.57,26.69,25.76,25.96,26.57,1368771.0,35927164.64,-2.2958,2.1915,1,0,none,baostock,query_history_k_data_plus
600455,SHSE.600455,,SH,A股-上交所,2025-09-04,25.96,26.67,25.83,26.3,25.96,2046200.0,53920540.0,1.3097,3.2761,1,0,none,baostock,query_history_k_data_plus
600455,SHSE.600455,,SH,A股-上交所,2025-09-05,26.44,26.72,25.86,26.68,26.3,1654600.0,43685585.0,1.4449,2.6491,1,0,none,baostock,query_history_k_data_plus
600455,SHSE.600455,,SH,A股-上交所,2025-09-08,26.69,27.28,26.43,27.15,26.68,1874030.0,50496698.9,1.7616,3.0005,1,0,none,baostock,query_history_k_data_plus
600455,SHSE.600455,,SH,A股-上交所,2025-09-09,27.15,27.2,26.74,27.0,27.15,1447900.0,39119023.0,-0.5525,2.3182,1,0,none,baostock,query_history_k_data_plus
600455,SHSE.600455,,SH,A股-上交所,2025-09-10,27.1,27.28,26.72,27.16,27.0,1091905.0,29509283.9,0.5926,1.7482,1,0,none,baostock,query_history_k_data_plus
600455,SHSE.600455,,SH,A股-上交所,2025-09-11,27.19,27.39,26.69,27.31,27.16,1505400.0,40798285.0,0.5523,2.4103,1,0,none,baostock,query_history_k_data_plus
600455,SHSE.600455,,SH,A股-上交所,2025-09-12,27.31,27.4,26.91,26.99,27.31,949600.0,25768033.41,-1.1717,1.5204,1,0,none,baostock,query_history_k_data_plus
600455,SHSE.600455,,SH,A股-上交所,2025-09-15,27.05,27.15,26.66,26.78,26.99,1149600.0,30813589.0,-0.7781,1.8406,1,0,none,baostock,query_history_k_data_plus
600455,SHSE.600455,,SH,A股-上交所,2025-09-16,26.88,27.25,26.53,27.13,26.78,1349535.0,36483635.85,1.3069,2.1607,1,0,none,baostock,query_history_k_data_plus
600455,SHSE.600455,,SH,A股-上交所,2025-09-17,27.18,27.25,26.77,26.99,27.13,1072340.0,29025710.4,-0.516,1.7169,1,0,none,baostock,query_history_k_data_plus
600455,SHSE.600455,,SH,A股-上交所,2025-09-18,27.3,27.3,26.18,26.5,26.99,1750700.0,46614077.95,-1.8155,2.803,1,0,none,baostock,query_history_k_data_plus
600455,SHSE.600455,,SH,A股-上交所,2025-09-19,26.27,26.61,25.9,26.38,26.5,1677935.0,43976119.61,-0.4528,2.6865,1,0,none,baostock,query_history_k_data_plus
600455,SHSE.600455,,SH,A股-上交所,2025-09-22,26.39,26.5,26.0,26.33,26.38,1246100.0,32710458.0,-0.1895,1.9951,1,0,none,baostock,query_history_k_data_plus
600455,SHSE.600455,,SH,A股-上交所,2025-09-23,26.34,26.45,25.12,25.85,26.33,2099974.0,54039138.26,-1.823,3.3622,1,0,none,baostock,query_history_k_data_plus
600455,SHSE.600455,,SH,A股-上交所,2025-09-24,25.85,26.38,25.5,26.33,25.85,1350333.0,35258435.63,1.8569,2.162,1,0,none,baostock,query_history_k_data_plus
600455,SHSE.600455,,SH,A股-上交所,2025-09-25,26.36,26.59,26.01,26.11,26.33,1239100.0,32615081.0,-0.8355,1.9839,1,0,none,baostock,query_history_k_data_plus
600455,SHSE.600455,,SH,A股-上交所,2025-09-26,26.2,26.55,26.0,26.28,26.11,1288094.0,33871778.8,0.6511,2.0623,1,0,none,baostock,query_history_k_data_plus
600455,SHSE.600455,,SH,A股-上交所,2025-09-29,26.27,26.42,25.52,26.4,26.28,1366300.0,35690032.0,0.4566,2.1876,1,0,none,baostock,query_history_k_data_plus
600455,SHSE.600455,,SH,A股-上交所,2025-09-30,26.46,26.59,26.16,26.23,26.4,934400.0,24601926.0,-0.6439,1.496,1,0,none,baostock,query_history_k_data_plus
600455,SHSE.600455,,SH,A股-上交所,2025-10-09,26.23,26.23,25.73,25.8,26.23,1958874.0,50704170.94,-1.6393,3.1363,1,0,none,baostock,query_history_k_data_plus
600455,SHSE.600455,,SH,A股-上交所,2025-10-10,25.8,26.1,25.61,25.99,25.8,1253400.0,32529534.0,0.7364,2.0068,1,0,none,baostock,query_history_k_data_plus
600455,SHSE.600455,,SH,A股-上交所,2025-10-13,25.18,25.97,24.59,25.82,25.99,1673700.0,42621926.27,-0.6541,2.6797,1,0,none,baostock,query_history_k_data_plus
600455,SHSE.600455,,SH,A股-上交所,2025-10-14,25.83,26.1,25.67,25.84,25.82,1245974.0,32281634.95,0.0775,1.9949,1,0,none,baostock,query_history_k_data_plus
600455,SHSE.600455,,SH,A股-上交所,2025-10-15,25.85,26.33,25.82,26.2,25.84,1375700.0,35952427.66,1.3932,2.2026,1,0,none,baostock,query_history_k_data_plus
600455,SHSE.600455,,SH,A股-上交所,2025-10-16,26.2,26.32,25.88,26.06,26.2,1106000.0,28859935.0,-0.5344,1.7708,1,0,none,baostock,query_history_k_data_plus
600455,SHSE.600455,,SH,A股-上交所,2025-10-17,25.99,26.26,25.66,25.96,26.06,1056800.0,27426378.0,-0.3837,1.692,1,0,none,baostock,query_history_k_data_plus
600455,SHSE.600455,,SH,A股-上交所,2025-10-20,26.0,26.17,25.84,26.03,25.96,1226632.0,31862993.53,0.2696,1.9639,1,0,none,baostock,query_history_k_data_plus
600455,SHSE.600455,,SH,A股-上交所,2025-10-21,26.09,26.86,25.95,26.76,26.03,1482200.0,39096486.0,2.8045,2.3731,1,0,none,baostock,query_history_k_data_plus
600455,SHSE.600455,,SH,A股-上交所,2025-10-22,26.86,28.36,26.63,27.67,26.76,3268899.0,90306907.17,3.4006,5.2338,1,0,none,baostock,query_history_k_data_plus
600455,SHSE.600455,,SH,A股-上交所,2025-10-23,27.75,27.78,27.2,27.76,27.67,1677800.0,46146367.0,0.3253,2.6863,1,0,none,baostock,query_history_k_data_plus
600455,SHSE.600455,,SH,A股-上交所,2025-10-24,27.88,28.32,27.67,28.0,27.76,2005200.0,56286585.0,0.8646,3.2105,1,0,none,baostock,query_history_k_data_plus
600455,SHSE.600455,,SH,A股-上交所,2025-10-27,28.01,28.46,27.64,28.25,28.0,2049799.0,57605549.77,0.8929,3.2819,1,0,none,baostock,query_history_k_data_plus
600455,SHSE.600455,,SH,A股-上交所,2025-10-28,28.25,28.45,28.01,28.11,28.25,1368600.0,38672426.0,-0.4956,2.1912,1,0,none,baostock,query_history_k_data_plus
600455,SHSE.600455,,SH,A股-上交所,2025-10-29,28.29,28.29,27.46,28.0,28.11,2046500.0,56984997.53,-0.3913,3.2766,1,0,none,baostock,query_history_k_data_plus
600455,SHSE.600455,,SH,A股-上交所,2025-10-30,28.2,28.2,27.52,27.76,28.0,1430082.0,39856457.38,-0.8571,2.2897,1,0,none,baostock,query_history_k_data_plus
600455,SHSE.600455,,SH,A股-上交所,2025-10-31,27.81,28.14,27.71,27.87,27.76,1178400.0,32989990.0,0.3963,1.8867,1,0,none,baostock,query_history_k_data_plus
600455,SHSE.600455,,SH,A股-上交所,2025-11-03,27.98,28.36,27.9,28.23,27.87,1867000.0,52515448.0,1.2917,2.9892,1,0,none,baostock,query_history_k_data_plus
600455,SHSE.600455,,SH,A股-上交所,2025-11-04,28.24,28.28,27.92,28.24,28.23,1294700.0,36432595.8,0.0354,2.0729,1,0,none,baostock,query_history_k_data_plus
600455,SHSE.600455,,SH,A股-上交所,2025-11-05,28.01,28.36,27.9,28.25,28.24,1320199.0,37199279.78,0.0354,2.1137,1,0,none,baostock,query_history_k_data_plus
600455,SHSE.600455,,SH,A股-上交所,2025-11-06,28.38,28.38,27.93,28.24,28.25,902300.0,25427224.0,-0.0354,1.4447,1,0,none,baostock,query_history_k_data_plus
600455,SHSE.600455,,SH,A股-上交所,2025-11-07,28.21,28.36,28.0,28.13,28.24,1137800.0,32008460.0,-0.3895,1.8217,1,0,none,baostock,query_history_k_data_plus
600455,SHSE.600455,,SH,A股-上交所,2025-11-10,28.32,28.33,27.93,28.0,28.13,1471700.0,41312606.0,-0.4621,2.3563,1,0,none,baostock,query_history_k_data_plus
600455,SHSE.600455,,SH,A股-上交所,2025-11-11,28.1,28.34,27.87,28.3,28.0,1337065.0,37590770.5,1.0714,2.1407,1,0,none,baostock,query_history_k_data_plus
600455,SHSE.600455,,SH,A股-上交所,2025-11-12,28.3,28.47,28.02,28.15,28.3,1275256.0,36022235.4,-0.53,2.0418,1,0,none,baostock,query_history_k_data_plus
600455,SHSE.600455,,SH,A股-上交所,2025-11-13,28.25,28.29,27.93,28.24,28.15,957800.0,26981149.0,0.3197,1.5335,1,0,none,baostock,query_history_k_data_plus
600455,SHSE.600455,,SH,A股-上交所,2025-11-14,28.23,28.8,28.1,28.6,28.24,1536500.0,43948155.0,1.2748,2.4601,1,0,none,baostock,query_history_k_data_plus
600455,SHSE.600455,,SH,A股-上交所,2025-11-17,28.87,28.9,28.28,28.57,28.6,1182200.0,33716446.0,-0.1049,1.8928,1,0,none,baostock,query_history_k_data_plus
600455,SHSE.600455,,SH,A股-上交所,2025-11-18,28.57,28.57,28.1,28.29,28.57,1531200.0,43286253.0,-0.98,2.4516,1,0,none,baostock,query_history_k_data_plus
600455,SHSE.600455,,SH,A股-上交所,2025-11-19,28.4,28.4,27.42,27.58,28.29,1567400.0,43611824.0,-2.5097,2.5095,1,0,none,baostock,query_history_k_data_plus
600455,SHSE.600455,,SH,A股-上交所,2025-11-20,27.59,27.86,26.85,27.13,27.58,1726600.0,46970598.0,-1.6316,2.7644,1,0,none,baostock,query_history_k_data_plus
600455,SHSE.600455,,SH,A股-上交所,2025-11-21,26.8,27.39,25.56,25.73,27.13,2134300.0,55793454.0,-5.1603,3.4172,1,0,none,baostock,query_history_k_data_plus
600455,SHSE.600455,,SH,A股-上交所,2025-11-24,25.67,26.35,25.67,26.24,25.73,2278000.0,59230285.0,1.9821,3.6473,1,0,none,baostock,query_history_k_data_plus
600455,SHSE.600455,,SH,A股-上交所,2025-11-25,26.35,27.18,26.35,26.89,26.24,1597500.0,42903001.0,2.4771,2.5577,1,0,none,baostock,query_history_k_data_plus
600455,SHSE.600455,,SH,A股-上交所,2025-11-26,26.83,27.15,26.04,26.15,26.89,1354100.0,35991254.0,-2.752,2.168,1,0,none,baostock,query_history_k_data_plus
600455,SHSE.600455,,SH,A股-上交所,2025-11-27,26.15,27.88,26.06,27.08,26.15,3265135.0,88402962.75,3.5564,5.2277,1,0,none,baostock,query_history_k_data_plus
600455,SHSE.600455,,SH,A股-上交所,2025-11-28,27.0,27.7,26.74,27.58,27.08,2549665.0,69565126.1,1.8464,4.0822,1,0,none,baostock,query_history_k_data_plus
600455,SHSE.600455,,SH,A股-上交所,2025-12-01,27.51,28.25,27.31,27.52,27.58,2257500.0,62719237.0,-0.2175,3.6144,1,0,none,baostock,query_history_k_data_plus
600455,SHSE.600455,,SH,A股-上交所,2025-12-02,27.54,27.61,26.9,27.18,27.52,1635500.0,44347007.0,-1.2355,2.6186,1,0,none,baostock,query_history_k_data_plus
600455,SHSE.600455,,SH,A股-上交所,2025-12-03,27.18,27.2,26.6,26.61,27.18,1722900.0,46112107.0,-2.0971,2.7585,1,0,none,baostock,query_history_k_data_plus
600455,SHSE.600455,,SH,A股-上交所,2025-12-04,26.61,26.65,25.91,26.16,26.61,1251965.0,32846999.75,-1.6911,2.0045,1,0,none,baostock,query_history_k_data_plus
600455,SHSE.600455,,SH,A股-上交所,2025-12-05,26.19,26.66,25.94,26.63,26.16,1461800.0,38549066.7,1.7966,2.3405,1,0,none,baostock,query_history_k_data_plus
600455,SHSE.600455,,SH,A股-上交所,2025-12-08,26.7,27.04,26.64,26.93,26.63,1926600.0,51883661.0,1.1265,3.0846,1,0,none,baostock,query_history_k_data_plus
600455,SHSE.600455,,SH,A股-上交所,2025-12-09,26.97,27.01,26.42,26.5,26.93,1180600.0,31530880.0,-1.5967,1.8902,1,0,none,baostock,query_history_k_data_plus
600455,SHSE.600455,,SH,A股-上交所,2025-12-10,26.35,26.62,26.05,26.36,26.5,1560700.0,41049140.0,-0.5283,2.4988,1,0,none,baostock,query_history_k_data_plus
600455,SHSE.600455,,SH,A股-上交所,2025-12-11,26.3,26.3,25.23,25.39,26.36,2132400.0,54708584.0,-3.6798,3.4141,1,0,none,baostock,query_history_k_data_plus
600455,SHSE.600455,,SH,A股-上交所,2025-12-12,25.14,25.71,24.8,24.81,25.39,1842500.0,46519271.0,-2.2844,2.95,1,0,none,baostock,query_history_k_data_plus
600455,SHSE.600455,,SH,A股-上交所,2025-12-15,24.81,25.54,24.63,25.16,24.81,1768400.0,44560255.0,1.4107,2.8313,1,0,none,baostock,query_history_k_data_plus
600455,SHSE.600455,,SH,A股-上交所,2025-12-16,25.13,25.35,24.76,24.86,25.16,1256800.0,31463143.0,-1.1924,2.0122,1,0,none,baostock,query_history_k_data_plus
600455,SHSE.600455,,SH,A股-上交所,2025-12-17,24.87,25.2,24.51,25.18,24.86,1351500.0,33606493.0,1.2872,2.1639,1,0,none,baostock,query_history_k_data_plus
600455,SHSE.600455,,SH,A股-上交所,2025-12-18,25.18,25.95,25.03,25.77,25.18,1529700.0,39275025.0,2.3431,2.4492,1,0,none,baostock,query_history_k_data_plus
600455,SHSE.600455,,SH,A股-上交所,2025-12-19,25.77,26.2,25.51,26.17,25.77,1387100.0,36036641.0,1.5522,2.2209,1,0,none,baostock,query_history_k_data_plus
600455,SHSE.600455,,SH,A股-上交所,2025-12-22,26.24,26.34,26.05,26.11,26.17,1500200.0,39302006.0,-0.2293,2.4019,1,0,none,baostock,query_history_k_data_plus
600455,SHSE.600455,,SH,A股-上交所,2025-12-23,26.25,26.25,25.5,25.86,26.11,1235800.0,31858927.6,-0.9575,1.9786,1,0,none,baostock,query_history_k_data_plus
600455,SHSE.600455,,SH,A股-上交所,2025-12-24,25.86,26.06,25.62,25.87,25.86,1179100.0,30548223.0,0.0387,1.8878,1,0,none,baostock,query_history_k_data_plus
600455,SHSE.600455,,SH,A股-上交所,2025-12-25,25.92,25.98,25.71,25.91,25.87,1285900.0,33242887.0,0.1546,2.0588,1,0,none,baostock,query_history_k_data_plus
600455,SHSE.600455,,SH,A股-上交所,2025-12-26,25.91,26.29,25.66,25.68,25.91,1356900.0,35278399.0,-0.8877,2.1725,1,0,none,baostock,query_history_k_data_plus
600455,SHSE.600455,,SH,A股-上交所,2025-12-29,25.78,25.81,25.33,25.79,25.68,1088400.0,27886135.0,0.4283,1.7426,1,0,none,baostock,query_history_k_data_plus
600455,SHSE.600455,,SH,A股-上交所,2025-12-30,25.87,26.09,25.51,25.71,25.79,1333300.0,34459136.0,-0.3102,2.1347,1,0,none,baostock,query_history_k_data_plus
600455,SHSE.600455,,SH,A股-上交所,2025-12-31,25.78,26.08,25.46,25.97,25.71,1564500.0,40362103.0,1.0113,2.5049,1,0,none,baostock,query_history_k_data_plus
600455,SHSE.600455,,SH,A股-上交所,2026-01-05,25.83,26.58,25.72,26.5,25.97,2185865.0,57614762.9,2.0408,3.4997,1,0,none,baostock,query_history_k_data_plus
600455,SHSE.600455,,SH,A股-上交所,2026-01-06,26.5,26.78,26.34,26.53,26.5,1618300.0,42901412.0,0.1132,2.591,1,0,none,baostock,query_history_k_data_plus
600455,SHSE.600455,,SH,A股-上交所,2026-01-07,26.68,26.68,25.99,26.01,26.53,1718600.0,45114685.09,-1.96,2.7516,1,0,none,baostock,query_history_k_data_plus
600455,SHSE.600455,,SH,A股-上交所,2026-01-08,26.01,26.45,25.88,26.39,26.01,1689900.0,44401053.0,1.461,2.7057,1,0,none,baostock,query_history_k_data_plus
600455,SHSE.600455,,SH,A股-上交所,2026-01-09,26.45,26.91,26.36,26.83,26.39,2052340.0,54750762.2,1.6673,3.286,1,0,none,baostock,query_history_k_data_plus
600455,SHSE.600455,,SH,A股-上交所,2026-01-12,26.9,27.2,26.59,27.06,26.83,2017540.0,54396941.8,0.8572,3.2302,1,0,none,baostock,query_history_k_data_plus
600455,SHSE.600455,,SH,A股-上交所,2026-01-13,27.3,27.66,27.03,27.29,27.06,2024600.0,55437012.0,0.85,3.2415,1,0,none,baostock,query_history_k_data_plus
600455,SHSE.600455,,SH,A股-上交所,2026-01-14,27.3,27.65,26.9,27.25,27.29,1874151.0,51274659.8,-0.1466,3.0007,1,0,none,baostock,query_history_k_data_plus
600455,SHSE.600455,,SH,A股-上交所,2026-01-15,27.3,27.68,27.13,27.44,27.25,1514200.0,41501226.0,0.6972,2.4243,1,0,none,baostock,query_history_k_data_plus
600455,SHSE.600455,,SH,A股-上交所,2026-01-16,27.48,27.69,27.24,27.52,27.44,1363700.0,37422838.0,0.2915,2.1834,1,0,none,baostock,query_history_k_data_plus
600455,SHSE.600455,,SH,A股-上交所,2026-01-19,27.52,27.98,27.18,27.96,27.52,1300300.0,36164029.0,1.5988,2.0819,1,0,none,baostock,query_history_k_data_plus
600455,SHSE.600455,,SH,A股-上交所,2026-01-20,27.98,28.06,27.67,27.87,27.96,1549501.0,43143327.87,-0.3219,2.4809,1,0,none,baostock,query_history_k_data_plus
600455,SHSE.600455,,SH,A股-上交所,2026-01-21,27.86,28.32,27.52,28.2,27.87,1463900.0,40878259.0,1.1841,2.3438,1,0,none,baostock,query_history_k_data_plus
600455,SHSE.600455,,SH,A股-上交所,2026-01-22,28.22,28.69,28.0,28.59,28.2,1384296.0,39394248.72,1.383,2.2164,1,0,none,baostock,query_history_k_data_plus
600455,SHSE.600455,,SH,A股-上交所,2026-01-23,28.58,28.75,28.44,28.67,28.59,1146910.0,32797163.9,0.2798,1.8363,1,0,none,baostock,query_history_k_data_plus
600455,SHSE.600455,,SH,A股-上交所,2026-01-26,28.74,28.98,28.01,28.55,28.67,2216400.0,62970618.0,-0.4186,3.5486,1,0,none,baostock,query_history_k_data_plus
600455,SHSE.600455,,SH,A股-上交所,2026-01-27,28.54,28.85,27.4,28.45,28.55,1888900.0,53201815.0,-0.3503,3.0243,1,0,none,baostock,query_history_k_data_plus
600455,SHSE.600455,,SH,A股-上交所,2026-01-28,28.37,28.58,28.01,28.17,28.45,1353937.0,38298244.61,-0.9842,2.1678,1,0,none,baostock,query_history_k_data_plus
600455,SHSE.600455,,SH,A股-上交所,2026-01-29,28.11,28.68,27.66,28.03,28.17,1541800.0,43501270.0,-0.497,2.4685,1,0,none,baostock,query_history_k_data_plus
600455,SHSE.600455,,SH,A股-上交所,2026-01-30,28.03,28.65,27.75,28.59,28.03,1966600.0,55709577.0,1.9979,3.1487,1,0,none,baostock,query_history_k_data_plus
600455,SHSE.600455,,SH,A股-上交所,2026-02-02,28.87,29.22,28.51,28.53,28.59,2216000.0,64044052.0,-0.2099,3.548,1,0,none,baostock,query_history_k_data_plus
600455,SHSE.600455,,SH,A股-上交所,2026-02-03,28.82,29.29,28.46,29.03,28.53,1966600.0,56933714.0,1.7525,3.1487,1,0,none,baostock,query_history_k_data_plus
600455,SHSE.600455,,SH,A股-上交所,2026-02-04,29.03,29.34,28.8,28.92,29.03,1273800.0,37004967.95,-0.3789,2.0395,1,0,none,baostock,query_history_k_data_plus
600455,SHSE.600455,,SH,A股-上交所,2026-02-05,29.16,29.38,28.97,29.1,28.92,1479000.0,43181597.0,0.6224,2.368,1,0,none,baostock,query_history_k_data_plus
600455,SHSE.600455,,SH,A股-上交所,2026-02-06,29.05,29.54,28.76,29.13,29.1,1249500.0,36486358.0,0.1031,2.0005,1,0,none,baostock,query_history_k_data_plus
600455,SHSE.600455,,SH,A股-上交所,2026-02-09,29.45,29.65,29.26,29.48,29.13,1679500.0,49500725.9,1.2015,2.689,1,0,none,baostock,query_history_k_data_plus
600455,SHSE.600455,,SH,A股-上交所,2026-02-10,29.6,29.87,29.33,29.66,29.48,1444946.0,42857162.5,0.6106,2.3135,1,0,none,baostock,query_history_k_data_plus
600455,SHSE.600455,,SH,A股-上交所,2026-02-11,29.68,29.82,29.41,29.53,29.66,1137700.0,33717746.0,-0.4383,1.8215,1,0,none,baostock,query_history_k_data_plus
600455,SHSE.600455,,SH,A股-上交所,2026-02-12,29.6,29.8,29.05,29.49,29.53,1338900.0,39541351.0,-0.1355,2.1437,1,0,none,baostock,query_history_k_data_plus
600455,SHSE.600455,,SH,A股-上交所,2026-02-13,29.46,29.88,29.2,29.37,29.49,1769300.0,52168944.0,-0.4069,2.8328,1,0,none,baostock,query_history_k_data_plus
600455,SHSE.600455,,SH,A股-上交所,2026-02-24,29.52,29.74,29.37,29.6,29.37,1818300.0,53744997.0,0.7831,2.9112,1,0,none,baostock,query_history_k_data_plus
600455,SHSE.600455,,SH,A股-上交所,2026-02-25,29.67,29.88,29.2,29.34,29.6,1626401.0,47964026.22,-0.8784,2.604,1,0,none,baostock,query_history_k_data_plus
600455,SHSE.600455,,SH,A股-上交所,2026-02-26,29.34,29.51,29.18,29.35,29.34,1092500.0,32034944.0,0.0341,1.7492,1,0,none,baostock,query_history_k_data_plus
600455,SHSE.600455,,SH,A股-上交所,2026-02-27,29.3,29.63,29.05,29.59,29.35,1717100.0,50364486.0,0.8177,2.7492,1,0,none,baostock,query_history_k_data_plus
600455,SHSE.600455,,SH,A股-上交所,2026-03-02,29.47,29.51,28.1,28.26,29.59,1888000.0,54030309.0,-4.4948,3.0228,1,0,none,baostock,query_history_k_data_plus
600455,SHSE.600455,,SH,A股-上交所,2026-03-03,28.4,28.73,27.65,27.65,28.26,1907197.0,53812630.8,-2.1585,3.0536,1,0,none,baostock,query_history_k_data_plus
600455,SHSE.600455,,SH,A股-上交所,2026-03-04,27.47,27.71,26.8,27.05,27.65,2224403.0,60614466.75,-2.17,3.5614,1,0,none,baostock,query_history_k_data_plus
600455,SHSE.600455,,SH,A股-上交所,2026-03-05,27.5,28.27,27.43,27.68,27.05,1734897.0,48279999.44,2.329,2.7777,1,0,none,baostock,query_history_k_data_plus
600455,SHSE.600455,,SH,A股-上交所,2026-03-06,27.61,28.77,27.5,28.7,27.68,1721100.0,48744109.0,3.685,2.7556,1,0,none,baostock,query_history_k_data_plus
600455,SHSE.600455,,SH,A股-上交所,2026-03-09,28.58,28.82,27.82,28.71,28.7,2083000.0,59075553.0,0.0348,3.335,1,0,none,baostock,query_history_k_data_plus
600455,SHSE.600455,,SH,A股-上交所,2026-03-10,28.92,29.5,28.92,29.33,28.71,1917700.0,56052331.0,2.1595,3.0704,1,0,none,baostock,query_history_k_data_plus
600455,SHSE.600455,,SH,A股-上交所,2026-03-11,29.33,29.97,28.96,29.23,29.33,1750900.0,51340740.0,-0.3409,2.8033,1,0,none,baostock,query_history_k_data_plus
600455,SHSE.600455,,SH,A股-上交所,2026-03-12,29.22,29.53,28.5,28.75,29.23,1418100.0,41134253.0,-1.6421,2.2705,1,0,none,baostock,query_history_k_data_plus
600455,SHSE.600455,,SH,A股-上交所,2026-03-13,28.84,29.38,28.34,28.69,28.75,1277800.0,36932094.0,-0.2087,2.0459,1,0,none,baostock,query_history_k_data_plus
600455,SHSE.600455,,SH,A股-上交所,2026-03-16,28.67,28.98,28.31,28.52,28.69,1302200.0,37233254.0,-0.5925,2.0849,1,0,none,baostock,query_history_k_data_plus
600455,SHSE.600455,,SH,A股-上交所,2026-03-17,28.67,28.86,27.81,27.86,28.52,1429300.0,40434244.0,-2.3142,2.2884,1,0,none,baostock,query_history_k_data_plus
600455,SHSE.600455,,SH,A股-上交所,2026-03-18,27.88,28.7,27.68,28.65,27.86,1630100.0,45885562.0,2.8356,2.6099,1,0,none,baostock,query_history_k_data_plus
600455,SHSE.600455,,SH,A股-上交所,2026-03-19,28.41,28.6,27.5,27.65,28.65,1473700.0,41144727.0,-3.4904,2.3595,1,0,none,baostock,query_history_k_data_plus
600455,SHSE.600455,,SH,A股-上交所,2026-03-20,27.65,28.01,26.04,26.06,27.65,2442600.0,65299268.0,-5.7505,3.9108,1,0,none,baostock,query_history_k_data_plus
600455,SHSE.600455,,SH,A股-上交所,2026-03-23,25.87,25.87,24.43,24.6,26.06,2978000.0,74565665.0,-5.6025,4.768,1,0,none,baostock,query_history_k_data_plus
600455,SHSE.600455,,SH,A股-上交所,2026-03-24,25.43,26.14,24.95,26.13,24.6,2796800.0,71360506.0,6.2195,4.4779,1,0,none,baostock,query_history_k_data_plus
600455,SHSE.600455,,SH,A股-上交所,2026-03-25,26.13,27.16,26.13,26.8,26.13,1757794.0,46973162.26,2.5641,2.8144,1,0,none,baostock,query_history_k_data_plus
600455,SHSE.600455,,SH,A股-上交所,2026-03-26,26.81,26.97,26.02,26.26,26.8,1614294.0,42642190.86,-2.0149,2.5846,1,0,none,baostock,query_history_k_data_plus
600455,SHSE.600455,,SH,A股-上交所,2026-03-27,26.0,26.69,25.78,26.57,26.26,1245100.0,32890640.0,1.1805,1.9935,1,0,none,baostock,query_history_k_data_plus
600455,SHSE.600455,,SH,A股-上交所,2026-03-30,26.36,27.08,26.17,26.93,26.57,1547700.0,41223842.0,1.3549,2.478,1,0,none,baostock,query_history_k_data_plus
600455,SHSE.600455,,SH,A股-上交所,2026-03-31,26.92,27.34,26.61,26.62,26.93,1810900.0,48963212.0,-1.1511,2.8994,1,0,none,baostock,query_history_k_data_plus
600455,SHSE.600455,,SH,A股-上交所,2026-04-01,27.35,27.82,26.53,26.86,26.62,1630495.0,43912673.7,0.9016,2.6105,1,0,none,baostock,query_history_k_data_plus
600455,SHSE.600455,,SH,A股-上交所,2026-04-02,26.81,26.98,25.62,25.91,26.86,2094800.0,54789808.0,-3.5369,3.3539,1,0,none,baostock,query_history_k_data_plus
600455,SHSE.600455,,SH,A股-上交所,2026-04-03,26.29,26.29,24.46,24.68,25.91,3557570.0,88894685.0,-4.7472,5.6959,1,0,none,baostock,query_history_k_data_plus
600455,SHSE.600455,,SH,A股-上交所,2026-04-07,24.68,25.48,24.01,25.31,24.68,3276996.0,81993709.76,2.5527,5.2467,1,0,none,baostock,query_history_k_data_plus
600455,SHSE.600455,,SH,A股-上交所,2026-04-08,25.45,26.42,25.45,26.32,25.31,2590452.0,67908844.68,3.9905,4.1475,1,0,none,baostock,query_history_k_data_plus
600455,SHSE.600455,,SH,A股-上交所,2026-04-09,26.24,26.58,25.79,25.79,26.32,2275756.0,59544273.72,-2.0137,3.6437,1,0,none,baostock,query_history_k_data_plus
600455,SHSE.600455,,SH,A股-上交所,2026-04-10,26.09,26.41,25.81,26.0,25.79,1741156.0,45618405.0,0.8143,2.7877,1,0,none,baostock,query_history_k_data_plus
600455,SHSE.600455,,SH,A股-上交所,2026-04-13,26.08,26.08,25.4,25.92,26.0,1982000.0,50978813.04,-0.3077,3.1733,1,0,none,baostock,query_history_k_data_plus
600455,SHSE.600455,,SH,A股-上交所,2026-04-14,26.14,26.18,25.3,25.75,25.92,1632196.0,41852732.96,-0.6559,2.6133,1,0,none,baostock,query_history_k_data_plus
600455,SHSE.600455,,SH,A股-上交所,2026-04-15,25.79,25.85,25.21,25.29,25.75,1612500.0,41081478.0,-1.7864,2.5817,1,0,none,baostock,query_history_k_data_plus
600455,SHSE.600455,,SH,A股-上交所,2026-04-16,25.45,25.9,25.1,25.75,25.29,1516000.0,38729931.0,1.8189,2.4272,1,0,none,baostock,query_history_k_data_plus
600455,SHSE.600455,,SH,A股-上交所,2026-04-17,25.74,25.88,25.26,25.62,25.75,1459900.0,37244256.0,-0.5049,2.3374,1,0,none,baostock,query_history_k_data_plus
