code,symbol,name,market,asset_type,date,open,high,low,close,preclose,volume,amount,pct_chg,turnover,trade_status,is_st,adjust,provider,source_function
600521,SHSE.600521,,SH,A股-上交所,2021-11-15,21.4,22.68,20.9,22.18,21.5,25447513,557508894.02,3.1628,1.7494,1,0,none,baostock,query_history_k_data_plus
600521,SHSE.600521,,SH,A股-上交所,2021-11-16,22.18,22.18,21.47,21.68,22.18,15887738,346661019.53,-2.2543,1.0922,1,0,none,baostock,query_history_k_data_plus
600521,SHSE.600521,,SH,A股-上交所,2021-11-17,22.0,22.2,21.42,21.71,21.68,14320890,310991432.67,0.1384,0.9845,1,0,none,baostock,query_history_k_data_plus
600521,SHSE.600521,,SH,A股-上交所,2021-11-18,21.93,22.19,21.44,21.52,21.71,18135567,396964709.97,-0.8752,1.2468,1,0,none,baostock,query_history_k_data_plus
600521,SHSE.600521,,SH,A股-上交所,2021-11-19,21.22,21.33,20.5,20.82,21.52,23433664,488411567.34,-3.2528,1.611,1,0,none,baostock,query_history_k_data_plus
600521,SHSE.600521,,SH,A股-上交所,2021-11-22,20.8,21.06,19.91,20.81,20.82,27120922,554904010.14,-0.048,1.8645,1,0,none,baostock,query_history_k_data_plus
600521,SHSE.600521,,SH,A股-上交所,2021-11-23,20.95,20.95,20.19,20.29,20.81,14016426,286964921.34,-2.4988,0.9636,1,0,none,baostock,query_history_k_data_plus
600521,SHSE.600521,,SH,A股-上交所,2021-11-24,20.34,20.8,20.25,20.48,20.29,11689625,240210380.22,0.9364,0.8036,1,0,none,baostock,query_history_k_data_plus
600521,SHSE.600521,,SH,A股-上交所,2021-11-25,20.35,20.8,20.28,20.31,20.48,10169351,207724933.82,-0.8301,0.6991,1,0,none,baostock,query_history_k_data_plus
600521,SHSE.600521,,SH,A股-上交所,2021-11-26,20.35,20.88,20.35,20.37,20.31,12977024,267185472.88,0.2954,0.8921,1,0,none,baostock,query_history_k_data_plus
600521,SHSE.600521,,SH,A股-上交所,2021-11-29,20.55,20.96,20.5,20.79,20.37,14328346,297397239.5,2.0619,0.985,1,0,none,baostock,query_history_k_data_plus
600521,SHSE.600521,,SH,A股-上交所,2021-11-30,20.73,21.84,20.52,21.52,20.79,25023878,530449689.92,3.5113,1.7203,1,0,none,baostock,query_history_k_data_plus
600521,SHSE.600521,,SH,A股-上交所,2021-12-01,21.52,21.55,20.95,20.99,21.52,17012353,360652864.69,-2.4628,1.1695,1,0,none,baostock,query_history_k_data_plus
600521,SHSE.600521,,SH,A股-上交所,2021-12-02,21.0,21.16,20.48,20.95,20.99,13608084,283235341.56,-0.1906,0.9355,1,0,none,baostock,query_history_k_data_plus
600521,SHSE.600521,,SH,A股-上交所,2021-12-03,21.0,21.35,20.66,20.93,20.95,9175816,192578113.11,-0.0955,0.6308,1,0,none,baostock,query_history_k_data_plus
600521,SHSE.600521,,SH,A股-上交所,2021-12-06,21.0,21.32,20.75,20.78,20.93,12159288,256250114.38,-0.7167,0.8359,1,0,none,baostock,query_history_k_data_plus
600521,SHSE.600521,,SH,A股-上交所,2021-12-07,20.78,20.96,20.08,20.5,20.78,18411851,375030023.79,-1.3474,1.2658,1,0,none,baostock,query_history_k_data_plus
600521,SHSE.600521,,SH,A股-上交所,2021-12-08,20.42,20.96,20.31,20.75,20.5,10092659,209345210.6,1.2195,0.6938,1,0,none,baostock,query_history_k_data_plus
600521,SHSE.600521,,SH,A股-上交所,2021-12-09,20.69,21.18,20.46,21.09,20.75,17029717,355438822.57,1.6386,1.1707,1,0,none,baostock,query_history_k_data_plus
600521,SHSE.600521,,SH,A股-上交所,2021-12-10,21.04,21.04,20.44,20.64,21.09,20340136,420123727.88,-2.1337,1.3983,1,0,none,baostock,query_history_k_data_plus
600521,SHSE.600521,,SH,A股-上交所,2021-12-13,20.4,21.05,20.05,20.1,20.64,23221604,475576838.96,-2.6163,1.5964,1,0,none,baostock,query_history_k_data_plus
600521,SHSE.600521,,SH,A股-上交所,2021-12-14,20.07,20.38,20.01,20.2,20.1,9143788,184793478.05,0.4975,0.6286,1,0,none,baostock,query_history_k_data_plus
600521,SHSE.600521,,SH,A股-上交所,2021-12-15,20.2,20.21,19.5,19.55,20.2,16150547,318677474.99,-3.2178,1.1103,1,0,none,baostock,query_history_k_data_plus
600521,SHSE.600521,,SH,A股-上交所,2021-12-16,19.5,19.85,19.31,19.82,19.55,10270194,201910827.7,1.3811,0.706,1,0,none,baostock,query_history_k_data_plus
600521,SHSE.600521,,SH,A股-上交所,2021-12-17,19.98,19.98,19.39,19.45,19.82,7521139,147129712.54,-1.8668,0.5171,1,0,none,baostock,query_history_k_data_plus
600521,SHSE.600521,,SH,A股-上交所,2021-12-20,19.44,19.53,19.08,19.15,19.45,8852505,170433143.14,-1.5424,0.6086,1,0,none,baostock,query_history_k_data_plus
600521,SHSE.600521,,SH,A股-上交所,2021-12-21,19.16,19.32,19.0,19.2,19.15,7459509,142992398.68,0.2611,0.5128,1,0,none,baostock,query_history_k_data_plus
600521,SHSE.600521,,SH,A股-上交所,2021-12-22,19.27,19.9,19.2,19.81,19.2,13130344,257317486.19,3.1771,0.9027,1,0,none,baostock,query_history_k_data_plus
600521,SHSE.600521,,SH,A股-上交所,2021-12-23,19.82,20.2,19.7,20.12,19.81,11195610,224215114.98,1.5649,0.7697,1,0,none,baostock,query_history_k_data_plus
600521,SHSE.600521,,SH,A股-上交所,2021-12-24,20.22,20.27,19.94,20.1,20.12,10340972,207889868.28,-0.0994,0.7109,1,0,none,baostock,query_history_k_data_plus
600521,SHSE.600521,,SH,A股-上交所,2021-12-27,20.2,20.57,20.06,20.3,20.1,12192906,248055512.57,0.995,0.8382,1,0,none,baostock,query_history_k_data_plus
600521,SHSE.600521,,SH,A股-上交所,2021-12-28,20.35,20.68,20.07,20.1,20.3,7353301,148761204.5,-0.9852,0.5055,1,0,none,baostock,query_history_k_data_plus
600521,SHSE.600521,,SH,A股-上交所,2021-12-29,20.09,20.32,19.92,20.03,20.1,9628313,193376351.82,-0.3483,0.6619,1,0,none,baostock,query_history_k_data_plus
600521,SHSE.600521,,SH,A股-上交所,2021-12-30,20.0,20.65,19.92,20.19,20.03,15187755,307979304.32,0.7988,1.0441,1,0,none,baostock,query_history_k_data_plus
600521,SHSE.600521,,SH,A股-上交所,2021-12-31,20.28,21.84,20.16,21.66,20.19,36514769,775978052.85,7.2808,2.5103,1,0,none,baostock,query_history_k_data_plus
600521,SHSE.600521,,SH,A股-上交所,2022-01-04,21.66,21.85,21.04,21.11,21.66,19472390,414901421.38,-2.5392,1.3387,1,0,none,baostock,query_history_k_data_plus
600521,SHSE.600521,,SH,A股-上交所,2022-01-05,21.2,21.32,20.68,21.18,21.11,18403453,386941689.51,0.3316,1.2652,1,0,none,baostock,query_history_k_data_plus
600521,SHSE.600521,,SH,A股-上交所,2022-01-06,21.2,22.42,21.19,22.17,21.18,32587996,718993527.67,4.6742,2.2403,1,0,none,baostock,query_history_k_data_plus
600521,SHSE.600521,,SH,A股-上交所,2022-01-07,22.16,22.77,22.16,22.31,22.17,27924949,628123172.6,0.6315,1.9198,1,0,none,baostock,query_history_k_data_plus
600521,SHSE.600521,,SH,A股-上交所,2022-01-10,22.42,23.54,22.0,23.43,22.31,29672248,682729829.48,5.0202,2.0399,1,0,none,baostock,query_history_k_data_plus
600521,SHSE.600521,,SH,A股-上交所,2022-01-11,23.4,24.05,23.02,23.23,23.43,24505781,576439253.03,-0.8536,1.6847,1,0,none,baostock,query_history_k_data_plus
600521,SHSE.600521,,SH,A股-上交所,2022-01-12,23.32,23.7,22.94,23.36,23.23,15862736,369583359.75,0.5596,1.0905,1,0,none,baostock,query_history_k_data_plus
600521,SHSE.600521,,SH,A股-上交所,2022-01-13,23.13,24.46,22.95,23.04,23.36,20634543,485657157.86,-1.3699,1.4186,1,0,none,baostock,query_history_k_data_plus
600521,SHSE.600521,,SH,A股-上交所,2022-01-14,22.9,23.65,22.81,23.27,23.04,15541155,361146534.39,0.9983,1.0684,1,0,none,baostock,query_history_k_data_plus
600521,SHSE.600521,,SH,A股-上交所,2022-01-17,23.66,24.99,23.5,24.7,23.27,40607374,994489755.26,6.1453,2.7916,1,0,none,baostock,query_history_k_data_plus
600521,SHSE.600521,,SH,A股-上交所,2022-01-18,24.5,24.87,23.08,23.25,24.7,29097578,690272874.67,-5.8704,2.0004,1,0,none,baostock,query_history_k_data_plus
600521,SHSE.600521,,SH,A股-上交所,2022-01-19,23.05,23.34,22.29,22.41,23.25,20319323,460148835.7,-3.6129,1.3969,1,0,none,baostock,query_history_k_data_plus
600521,SHSE.600521,,SH,A股-上交所,2022-01-20,22.6,23.51,22.45,22.82,22.41,16281805,374166254.68,1.8295,1.1193,1,0,none,baostock,query_history_k_data_plus
600521,SHSE.600521,,SH,A股-上交所,2022-01-21,23.17,24.71,22.0,22.48,22.82,26948783,626790739.55,-1.4899,1.8526,1,0,none,baostock,query_history_k_data_plus
600521,SHSE.600521,,SH,A股-上交所,2022-01-24,21.8,22.14,21.3,21.73,22.48,24347693,528472794.92,-3.3363,1.6738,1,0,none,baostock,query_history_k_data_plus
600521,SHSE.600521,,SH,A股-上交所,2022-01-25,21.81,22.88,21.66,21.98,21.73,25725678,576754382.14,1.1505,1.7686,1,0,none,baostock,query_history_k_data_plus
600521,SHSE.600521,,SH,A股-上交所,2022-01-26,22.0,22.2,21.4,21.58,21.98,14073902,305730103.54,-1.8198,0.9675,1,0,none,baostock,query_history_k_data_plus
600521,SHSE.600521,,SH,A股-上交所,2022-01-27,21.77,21.93,20.88,20.92,21.58,10489586,222235076.33,-3.0584,0.7211,1,0,none,baostock,query_history_k_data_plus
600521,SHSE.600521,,SH,A股-上交所,2022-01-28,21.2,21.77,20.73,20.99,20.92,15192463,321463657.63,0.3346,1.0444,1,0,none,baostock,query_history_k_data_plus
600521,SHSE.600521,,SH,A股-上交所,2022-02-07,20.65,21.55,20.3,20.88,20.99,10799088,226203825.28,-0.5241,0.7424,1,0,none,baostock,query_history_k_data_plus
600521,SHSE.600521,,SH,A股-上交所,2022-02-08,20.7,21.18,20.67,20.98,20.88,8575653,179152150.97,0.4789,0.5895,1,0,none,baostock,query_history_k_data_plus
600521,SHSE.600521,,SH,A股-上交所,2022-02-09,20.98,22.04,20.64,21.69,20.98,16281681,350514379.56,3.3842,1.1193,1,0,none,baostock,query_history_k_data_plus
600521,SHSE.600521,,SH,A股-上交所,2022-02-10,21.69,21.9,21.31,21.48,21.69,7611642,163994888.29,-0.9682,0.5233,1,0,none,baostock,query_history_k_data_plus
600521,SHSE.600521,,SH,A股-上交所,2022-02-11,21.31,21.37,19.33,19.33,21.48,32335346,644979298.35,-10.0093,2.223,1,0,none,baostock,query_history_k_data_plus
600521,SHSE.600521,,SH,A股-上交所,2022-02-14,19.58,20.65,19.47,19.86,19.33,20831304,417713387.71,2.7419,1.4321,1,0,none,baostock,query_history_k_data_plus
600521,SHSE.600521,,SH,A股-上交所,2022-02-15,19.87,20.1,19.64,19.96,19.86,8528269,169410741.17,0.5035,0.5863,1,0,none,baostock,query_history_k_data_plus
600521,SHSE.600521,,SH,A股-上交所,2022-02-16,20.09,20.2,19.7,20.02,19.96,8011756,159526902.56,0.3006,0.5508,1,0,none,baostock,query_history_k_data_plus
600521,SHSE.600521,,SH,A股-上交所,2022-02-17,20.02,20.02,19.51,19.65,20.02,9954363,195608192.49,-1.8482,0.6843,1,0,none,baostock,query_history_k_data_plus
600521,SHSE.600521,,SH,A股-上交所,2022-02-18,19.51,21.62,19.5,21.62,19.65,41808980,884818914.01,10.0254,2.8742,1,0,none,baostock,query_history_k_data_plus
600521,SHSE.600521,,SH,A股-上交所,2022-02-21,22.0,23.0,20.69,22.12,21.62,70093912,1546003780.42,2.3127,4.8187,1,0,none,baostock,query_history_k_data_plus
600521,SHSE.600521,,SH,A股-上交所,2022-02-22,21.68,22.57,21.35,21.76,22.12,29543298,645666411.04,-1.6275,2.031,1,0,none,baostock,query_history_k_data_plus
600521,SHSE.600521,,SH,A股-上交所,2022-02-23,21.72,22.75,21.72,22.0,21.76,25198229,557737269.82,1.1029,1.7323,1,0,none,baostock,query_history_k_data_plus
600521,SHSE.600521,,SH,A股-上交所,2022-02-24,21.96,23.8,21.6,22.6,22.0,49584165,1129864991.81,2.7273,3.4088,1,0,none,baostock,query_history_k_data_plus
600521,SHSE.600521,,SH,A股-上交所,2022-02-25,23.14,23.8,22.83,23.13,22.6,38155275,890313619.88,2.3451,2.6231,1,0,none,baostock,query_history_k_data_plus
600521,SHSE.600521,,SH,A股-上交所,2022-02-28,22.95,24.18,22.8,23.16,23.13,30508344,710112352.0,0.1297,2.0974,1,0,none,baostock,query_history_k_data_plus
600521,SHSE.600521,,SH,A股-上交所,2022-03-01,23.19,24.65,22.86,24.21,23.16,49540670,1188442480.0,4.5337,3.4058,1,0,none,baostock,query_history_k_data_plus
600521,SHSE.600521,,SH,A股-上交所,2022-03-02,23.9,24.88,23.81,24.24,24.21,40449662,987116928.0,0.1239,2.7808,1,0,none,baostock,query_history_k_data_plus
600521,SHSE.600521,,SH,A股-上交所,2022-03-03,24.24,25.14,24.05,24.25,24.24,44453616,1088842464.0,0.0413,3.056,1,0,none,baostock,query_history_k_data_plus
600521,SHSE.600521,,SH,A股-上交所,2022-03-04,24.7,26.68,24.7,25.47,24.25,95593745,2461628096.0,5.0309,6.5718,1,0,none,baostock,query_history_k_data_plus
600521,SHSE.600521,,SH,A股-上交所,2022-03-07,25.63,26.28,23.1,23.81,25.47,70097306,1696163584.0,-6.5175,4.819,1,0,none,baostock,query_history_k_data_plus
600521,SHSE.600521,,SH,A股-上交所,2022-03-08,23.98,24.46,22.54,22.67,23.81,46963755,1099965920.0,-4.7879,3.2286,1,0,none,baostock,query_history_k_data_plus
600521,SHSE.600521,,SH,A股-上交所,2022-03-09,22.79,22.97,20.82,21.91,22.67,42678851,931530448.0,-3.3524,2.934,1,0,none,baostock,query_history_k_data_plus
600521,SHSE.600521,,SH,A股-上交所,2022-03-10,22.5,23.97,22.0,23.47,21.91,48936381,1132841120.0,7.12,3.3642,1,0,none,baostock,query_history_k_data_plus
600521,SHSE.600521,,SH,A股-上交所,2022-03-11,23.81,25.1,23.2,24.96,23.47,58532512,1415817664.0,6.3485,4.0239,1,0,none,baostock,query_history_k_data_plus
600521,SHSE.600521,,SH,A股-上交所,2022-03-14,25.88,27.46,25.57,26.9,24.96,124398450,3351182848.0,7.7724,8.552,1,0,none,baostock,query_history_k_data_plus
600521,SHSE.600521,,SH,A股-上交所,2022-03-15,25.88,26.77,24.93,25.15,26.9,93286743,2401075216.0,-6.5056,6.4132,1,0,none,baostock,query_history_k_data_plus
600521,SHSE.600521,,SH,A股-上交所,2022-03-16,25.79,25.99,22.64,24.06,25.15,93954443,2204013808.0,-4.334,6.4591,1,0,none,baostock,query_history_k_data_plus
600521,SHSE.600521,,SH,A股-上交所,2022-03-17,23.5,26.47,23.03,24.75,24.06,170584369,4339446528.0,2.8678,11.7271,1,0,none,baostock,query_history_k_data_plus
600521,SHSE.600521,,SH,A股-上交所,2022-03-18,24.5,24.72,22.29,23.6,24.75,142640881,3378825892.83,-4.6465,9.8061,1,0,none,baostock,query_history_k_data_plus
600521,SHSE.600521,,SH,A股-上交所,2022-03-21,23.0,25.85,22.71,25.1,23.6,132574177,3165583890.46,6.3559,9.1141,1,0,none,baostock,query_history_k_data_plus
600521,SHSE.600521,,SH,A股-上交所,2022-03-22,24.4,24.4,22.82,22.85,25.1,97710771,2293673438.7,-8.9641,6.7173,1,0,none,baostock,query_history_k_data_plus
600521,SHSE.600521,,SH,A股-上交所,2022-03-23,22.26,23.18,22.05,22.45,22.85,53342285,1206490642.94,-1.7505,3.6671,1,0,none,baostock,query_history_k_data_plus
600521,SHSE.600521,,SH,A股-上交所,2022-03-24,22.11,23.24,22.03,22.84,22.45,63220674,1435235601.36,1.7372,4.3462,1,0,none,baostock,query_history_k_data_plus
600521,SHSE.600521,,SH,A股-上交所,2022-03-25,22.51,22.66,21.4,21.58,22.84,55552292,1223710499.96,-5.5166,3.819,1,0,none,baostock,query_history_k_data_plus
600521,SHSE.600521,,SH,A股-上交所,2022-03-28,21.32,21.94,21.23,21.52,21.58,28921995,625305119.69,-0.278,1.9883,1,0,none,baostock,query_history_k_data_plus
600521,SHSE.600521,,SH,A股-上交所,2022-03-29,21.45,22.08,21.4,21.82,21.52,31092059,679556965.44,1.3941,2.1375,1,0,none,baostock,query_history_k_data_plus
600521,SHSE.600521,,SH,A股-上交所,2022-03-30,21.64,22.2,21.07,21.85,21.82,38036222,827001309.2,0.1375,2.6149,1,0,none,baostock,query_history_k_data_plus
600521,SHSE.600521,,SH,A股-上交所,2022-03-31,21.77,21.95,20.91,21.01,21.85,44025667,942454420.73,-3.8444,3.0266,1,0,none,baostock,query_history_k_data_plus
600521,SHSE.600521,,SH,A股-上交所,2022-04-01,21.02,21.22,20.57,20.82,21.01,29910813,622765809.19,-0.9043,2.0563,1,0,none,baostock,query_history_k_data_plus
600521,SHSE.600521,,SH,A股-上交所,2022-04-06,20.98,21.27,20.59,20.65,20.82,23565557,491648460.63,-0.8165,1.6201,1,0,none,baostock,query_history_k_data_plus
600521,SHSE.600521,,SH,A股-上交所,2022-04-07,20.52,20.72,19.72,19.72,20.65,33654759,673855949.02,-4.5036,2.3137,1,0,none,baostock,query_history_k_data_plus
600521,SHSE.600521,,SH,A股-上交所,2022-04-08,19.74,19.85,18.65,18.79,19.72,41106374,783357467.57,-4.716,2.8259,1,0,none,baostock,query_history_k_data_plus
600521,SHSE.600521,,SH,A股-上交所,2022-04-11,18.64,18.73,17.93,17.98,18.79,30887801,563375241.37,-4.3108,2.1234,1,0,none,baostock,query_history_k_data_plus
600521,SHSE.600521,,SH,A股-上交所,2022-04-12,17.8,18.13,17.29,17.86,17.98,33208696,586532227.07,-0.6674,2.283,1,0,none,baostock,query_history_k_data_plus
600521,SHSE.600521,,SH,A股-上交所,2022-04-13,17.8,17.83,17.0,17.03,17.86,29951470,518581368.14,-4.6473,2.0591,1,0,none,baostock,query_history_k_data_plus
600521,SHSE.600521,,SH,A股-上交所,2022-04-14,17.12,17.38,17.05,17.07,17.03,19826818,341769895.83,0.2349,1.363,1,0,none,baostock,query_history_k_data_plus
600521,SHSE.600521,,SH,A股-上交所,2022-04-15,17.01,17.39,16.95,17.13,17.07,24134110,414445738.48,0.3515,1.6591,1,0,none,baostock,query_history_k_data_plus
600521,SHSE.600521,,SH,A股-上交所,2022-04-18,16.95,16.99,16.52,16.85,17.13,18184304,305416420.15,-1.6346,1.2501,1,0,none,baostock,query_history_k_data_plus
600521,SHSE.600521,,SH,A股-上交所,2022-04-19,16.66,17.65,16.56,17.33,16.85,37110842,642891362.82,2.8487,2.5513,1,0,none,baostock,query_history_k_data_plus
600521,SHSE.600521,,SH,A股-上交所,2022-04-20,17.33,17.4,16.85,16.95,17.33,17695978,303432812.29,-2.1927,1.2165,1,0,none,baostock,query_history_k_data_plus
600521,SHSE.600521,,SH,A股-上交所,2022-04-21,17.36,17.36,16.0,16.12,16.95,26634948,436583774.24,-4.8968,1.8311,1,0,none,baostock,query_history_k_data_plus
600521,SHSE.600521,,SH,A股-上交所,2022-04-22,15.91,15.99,15.4,15.53,16.12,27502072,430791851.18,-3.66,1.8907,1,0,none,baostock,query_history_k_data_plus
600521,SHSE.600521,,SH,A股-上交所,2022-04-25,15.65,15.65,14.28,14.31,15.53,30238068,448009657.64,-7.8558,2.0788,1,0,none,baostock,query_history_k_data_plus
600521,SHSE.600521,,SH,A股-上交所,2022-04-26,14.32,14.98,14.18,14.34,14.31,28471104,414981071.55,0.2096,1.9573,1,0,none,baostock,query_history_k_data_plus
600521,SHSE.600521,,SH,A股-上交所,2022-04-27,14.3,14.84,14.02,14.69,14.34,24466803,353407391.65,2.4407,1.682,1,0,none,baostock,query_history_k_data_plus
600521,SHSE.600521,,SH,A股-上交所,2022-04-28,14.8,14.94,14.34,14.6,14.69,21211389,309862916.9,-0.6127,1.4582,1,0,none,baostock,query_history_k_data_plus
600521,SHSE.600521,,SH,A股-上交所,2022-04-29,14.63,15.2,14.62,15.17,14.6,22664583,339077218.11,3.9041,1.5581,1,0,none,baostock,query_history_k_data_plus
600521,SHSE.600521,,SH,A股-上交所,2022-05-05,15.08,15.93,15.08,15.76,15.17,22688024,353373983.93,3.8893,1.5597,1,0,none,baostock,query_history_k_data_plus
600521,SHSE.600521,,SH,A股-上交所,2022-05-06,15.5,16.44,15.42,15.94,15.76,30973280,495262460.03,1.1421,2.1293,1,0,none,baostock,query_history_k_data_plus
600521,SHSE.600521,,SH,A股-上交所,2022-05-09,15.95,17.52,15.82,17.3,15.94,42563943,717085005.76,8.532,2.9261,1,0,none,baostock,query_history_k_data_plus
600521,SHSE.600521,,SH,A股-上交所,2022-05-10,17.0,17.6,16.88,17.46,17.3,36950955,636749112.54,0.9249,2.5403,1,0,none,baostock,query_history_k_data_plus
600521,SHSE.600521,,SH,A股-上交所,2022-05-11,17.78,19.1,17.78,18.0,17.46,54211856,994483019.3,3.0928,3.7269,1,0,none,baostock,query_history_k_data_plus
600521,SHSE.600521,,SH,A股-上交所,2022-05-12,17.92,18.87,17.85,18.65,18.0,44573350,824602813.66,3.6111,3.0643,1,0,none,baostock,query_history_k_data_plus
600521,SHSE.600521,,SH,A股-上交所,2022-05-13,18.85,19.59,18.61,19.0,18.65,37420263,710452848.74,1.8767,2.5725,1,0,none,baostock,query_history_k_data_plus
600521,SHSE.600521,,SH,A股-上交所,2022-05-16,19.39,19.8,18.38,18.45,19.0,39218014,740480803.94,-2.8947,2.6961,1,0,none,baostock,query_history_k_data_plus
600521,SHSE.600521,,SH,A股-上交所,2022-05-17,18.6,18.78,17.77,18.3,18.45,29169990,527755571.99,-0.813,2.0053,1,0,none,baostock,query_history_k_data_plus
600521,SHSE.600521,,SH,A股-上交所,2022-05-18,18.27,18.6,18.01,18.1,18.3,17824466,325992256.53,-1.0929,1.2254,1,0,none,baostock,query_history_k_data_plus
600521,SHSE.600521,,SH,A股-上交所,2022-05-19,17.9,18.92,17.75,18.75,18.1,25130611,464551582.45,3.5912,1.7276,1,0,none,baostock,query_history_k_data_plus
600521,SHSE.600521,,SH,A股-上交所,2022-05-20,20.2,20.63,19.42,20.63,18.75,115322603,2346929890.84,10.0267,7.9281,1,0,none,baostock,query_history_k_data_plus
600521,SHSE.600521,,SH,A股-上交所,2022-05-23,20.01,20.86,19.4,20.68,20.63,91017831,1830941867.51,0.2424,6.2572,1,0,none,baostock,query_history_k_data_plus
600521,SHSE.600521,,SH,A股-上交所,2022-05-24,20.89,20.9,19.35,19.46,20.68,64027189,1272886188.0,-5.8994,4.4017,1,0,none,baostock,query_history_k_data_plus
600521,SHSE.600521,,SH,A股-上交所,2022-05-25,19.3,19.97,19.21,19.63,19.46,22701433,445039509.53,0.8736,1.5607,1,0,none,baostock,query_history_k_data_plus
600521,SHSE.600521,,SH,A股-上交所,2022-05-26,19.6,19.8,19.12,19.45,19.63,19061427,371991942.91,-0.917,1.3104,1,0,none,baostock,query_history_k_data_plus
600521,SHSE.600521,,SH,A股-上交所,2022-05-27,19.45,19.65,19.03,19.3,19.45,19107172,368219498.85,-0.7712,1.3136,1,0,none,baostock,query_history_k_data_plus
600521,SHSE.600521,,SH,A股-上交所,2022-05-30,19.25,19.25,18.55,18.98,19.3,17159125,323490907.97,-1.658,1.1796,1,0,none,baostock,query_history_k_data_plus
600521,SHSE.600521,,SH,A股-上交所,2022-05-31,19.0,19.8,18.54,19.45,18.98,29043364,558917449.81,2.4763,1.9966,1,0,none,baostock,query_history_k_data_plus
600521,SHSE.600521,,SH,A股-上交所,2022-06-01,19.28,19.44,18.37,18.61,19.45,30214900,568038573.34,-4.3188,2.0772,1,0,none,baostock,query_history_k_data_plus
600521,SHSE.600521,,SH,A股-上交所,2022-06-02,18.69,18.75,18.32,18.71,18.61,12500087,232261190.72,0.5373,0.8593,1,0,none,baostock,query_history_k_data_plus
600521,SHSE.600521,,SH,A股-上交所,2022-06-06,18.55,18.85,18.55,18.55,18.71,17676335,329902347.57,-0.8552,1.2152,1,0,none,baostock,query_history_k_data_plus
600521,SHSE.600521,,SH,A股-上交所,2022-06-07,18.64,19.14,18.53,18.75,18.55,25976891,490953899.72,1.0782,1.7858,1,0,none,baostock,query_history_k_data_plus
600521,SHSE.600521,,SH,A股-上交所,2022-06-08,18.73,18.8,18.18,18.4,18.75,20674532,382006192.11,-1.8667,1.4213,1,0,none,baostock,query_history_k_data_plus
600521,SHSE.600521,,SH,A股-上交所,2022-06-09,18.51,18.85,18.14,18.14,18.4,22884419,420776967.25,-1.413,1.5732,1,0,none,baostock,query_history_k_data_plus
600521,SHSE.600521,,SH,A股-上交所,2022-06-10,18.05,18.9,18.04,18.78,18.14,24446724,456661237.89,3.5281,1.6806,1,0,none,baostock,query_history_k_data_plus
600521,SHSE.600521,,SH,A股-上交所,2022-06-13,18.67,19.85,18.52,19.62,18.78,29351779,568682646.97,4.4728,2.0178,1,0,none,baostock,query_history_k_data_plus
600521,SHSE.600521,,SH,A股-上交所,2022-06-14,19.62,20.08,19.32,19.8,19.62,26182206,516218425.63,0.9174,1.7999,1,0,none,baostock,query_history_k_data_plus
600521,SHSE.600521,,SH,A股-上交所,2022-06-15,19.72,21.06,19.69,20.54,19.8,37408967,768746596.93,3.7374,2.5717,1,0,none,baostock,query_history_k_data_plus
600521,SHSE.600521,,SH,A股-上交所,2022-06-16,20.54,21.5,20.54,21.24,20.54,31377246,664914848.81,3.408,2.1571,1,0,none,baostock,query_history_k_data_plus
600521,SHSE.600521,,SH,A股-上交所,2022-06-17,21.13,21.75,20.8,21.66,21.24,30687921,653475876.86,1.9774,2.1097,1,0,none,baostock,query_history_k_data_plus
600521,SHSE.600521,,SH,A股-上交所,2022-06-20,21.46,21.85,21.09,21.7,21.66,22910358,493410731.51,0.1847,1.575,1,0,none,baostock,query_history_k_data_plus
600521,SHSE.600521,,SH,A股-上交所,2022-06-21,21.84,22.13,20.87,21.04,21.7,25196750,536941845.0,-3.0415,1.7322,1,0,none,baostock,query_history_k_data_plus
600521,SHSE.600521,,SH,A股-上交所,2022-06-22,21.11,21.45,20.8,20.91,21.04,14248899,300346414.52,-0.6179,0.9796,1,0,none,baostock,query_history_k_data_plus
600521,SHSE.600521,,SH,A股-上交所,2022-06-23,20.95,21.5,20.68,21.34,20.91,18786960,395934012.14,2.0564,1.2915,1,0,none,baostock,query_history_k_data_plus
600521,SHSE.600521,,SH,A股-上交所,2022-06-24,21.38,22.02,21.26,21.37,21.34,17848442,387135318.16,0.1406,1.227,1,0,none,baostock,query_history_k_data_plus
600521,SHSE.600521,,SH,A股-上交所,2022-06-27,21.48,21.77,21.16,21.2,21.37,17034057,364695136.92,-0.7955,1.171,1,0,none,baostock,query_history_k_data_plus
600521,SHSE.600521,,SH,A股-上交所,2022-06-28,21.36,21.39,20.85,21.38,21.2,13178821,278430937.68,0.8491,0.906,1,0,none,baostock,query_history_k_data_plus
600521,SHSE.600521,,SH,A股-上交所,2022-06-29,21.36,22.28,21.25,22.08,21.38,26799759,585534213.11,3.2741,1.8424,1,0,none,baostock,query_history_k_data_plus
600521,SHSE.600521,,SH,A股-上交所,2022-06-30,22.68,23.59,22.57,22.7,22.08,33195385,764488372.5,2.808,2.2821,1,0,none,baostock,query_history_k_data_plus
600521,SHSE.600521,,SH,A股-上交所,2022-07-01,22.69,23.23,22.45,22.48,22.7,13121893,299292776.68,-0.9692,0.9021,1,0,none,baostock,query_history_k_data_plus
600521,SHSE.600521,,SH,A股-上交所,2022-07-04,22.51,23.7,22.3,23.27,22.48,20407480,472070656.25,3.5142,1.4029,1,0,none,baostock,query_history_k_data_plus
600521,SHSE.600521,,SH,A股-上交所,2022-07-05,23.29,23.35,22.66,22.9,23.27,16253464,372509435.91,-1.59,1.1174,1,0,none,baostock,query_history_k_data_plus
600521,SHSE.600521,,SH,A股-上交所,2022-07-06,22.9,23.2,22.37,22.69,22.9,14408640,327267877.64,-0.917,0.9905,1,0,none,baostock,query_history_k_data_plus
600521,SHSE.600521,,SH,A股-上交所,2022-07-07,22.66,22.85,21.88,22.5,22.69,12229626,273112548.24,-0.8374,0.8407,1,0,none,baostock,query_history_k_data_plus
600521,SHSE.600521,,SH,A股-上交所,2022-07-08,22.67,22.74,22.31,22.52,22.5,8038395,181450404.19,0.0889,0.5526,1,0,none,baostock,query_history_k_data_plus
600521,SHSE.600521,,SH,A股-上交所,2022-07-11,22.86,22.86,22.1,22.56,22.52,9609653,215803467.22,0.1776,0.6606,1,0,none,baostock,query_history_k_data_plus
600521,SHSE.600521,,SH,A股-上交所,2022-07-12,22.45,22.45,21.5,21.63,22.56,17472493,381254159.23,-4.1223,1.2012,1,0,none,baostock,query_history_k_data_plus
600521,SHSE.600521,,SH,A股-上交所,2022-07-13,21.63,22.63,21.22,22.04,21.53,15350761,335736402.19,2.3688,1.0553,1,0,none,baostock,query_history_k_data_plus
600521,SHSE.600521,,SH,A股-上交所,2022-07-14,22.04,22.58,21.65,21.87,22.04,28350443,626809170.16,-0.7713,1.949,1,0,none,baostock,query_history_k_data_plus
600521,SHSE.600521,,SH,A股-上交所,2022-07-15,21.83,22.33,21.19,21.2,21.87,19048241,411689516.74,-3.0636,1.3095,1,0,none,baostock,query_history_k_data_plus
600521,SHSE.600521,,SH,A股-上交所,2022-07-18,21.2,21.72,21.08,21.6,21.2,14438307,309171106.19,1.8868,0.9926,1,0,none,baostock,query_history_k_data_plus
600521,SHSE.600521,,SH,A股-上交所,2022-07-19,21.6,21.74,20.68,20.95,21.6,17889560,376219150.5,-3.0093,1.2299,1,0,none,baostock,query_history_k_data_plus
600521,SHSE.600521,,SH,A股-上交所,2022-07-20,21.02,21.48,20.83,20.97,20.95,14976136,316075177.45,0.0955,1.0296,1,0,none,baostock,query_history_k_data_plus
600521,SHSE.600521,,SH,A股-上交所,2022-07-21,21.03,21.5,20.75,21.0,20.97,15550308,327874435.03,0.1431,1.069,1,0,none,baostock,query_history_k_data_plus
600521,SHSE.600521,,SH,A股-上交所,2022-07-22,21.05,21.27,20.43,20.6,21.0,14405960,298868020.37,-1.9048,0.9904,1,0,none,baostock,query_history_k_data_plus
600521,SHSE.600521,,SH,A股-上交所,2022-07-25,20.62,21.07,20.4,20.7,20.6,13020555,270166119.65,0.4854,0.8951,1,0,none,baostock,query_history_k_data_plus
600521,SHSE.600521,,SH,A股-上交所,2022-07-26,20.9,21.2,20.48,20.75,20.7,11221454,232551037.88,0.2415,0.7714,1,0,none,baostock,query_history_k_data_plus
600521,SHSE.600521,,SH,A股-上交所,2022-07-27,20.62,20.9,20.29,20.66,20.75,11937443,245974416.41,-0.4337,0.8207,1,0,none,baostock,query_history_k_data_plus
600521,SHSE.600521,,SH,A股-上交所,2022-07-28,20.73,21.0,20.6,20.8,20.66,9541587,198857557.1,0.6776,0.656,1,0,none,baostock,query_history_k_data_plus
600521,SHSE.600521,,SH,A股-上交所,2022-07-29,20.69,20.86,20.3,20.41,20.8,13408888,274828539.17,-1.875,0.9218,1,0,none,baostock,query_history_k_data_plus
600521,SHSE.600521,,SH,A股-上交所,2022-08-01,20.4,20.54,19.93,20.44,20.41,7763006,158035751.46,0.147,0.5337,1,0,none,baostock,query_history_k_data_plus
600521,SHSE.600521,,SH,A股-上交所,2022-08-02,20.59,20.59,19.55,20.0,20.44,16024870,319243943.58,-2.1526,1.1017,1,0,none,baostock,query_history_k_data_plus
600521,SHSE.600521,,SH,A股-上交所,2022-08-03,19.7,20.43,19.7,19.8,20.0,11688265,234963506.23,-1.0,0.8035,1,0,none,baostock,query_history_k_data_plus
600521,SHSE.600521,,SH,A股-上交所,2022-08-04,20.0,20.95,19.9,20.71,19.8,21640425,444899919.0,4.596,1.4877,1,0,none,baostock,query_history_k_data_plus
600521,SHSE.600521,,SH,A股-上交所,2022-08-05,20.72,21.17,20.56,20.93,20.71,12696042,264631777.0,1.0623,0.8728,1,0,none,baostock,query_history_k_data_plus
600521,SHSE.600521,,SH,A股-上交所,2022-08-08,20.9,21.35,20.8,21.23,20.93,12798309,269561752.0,1.4333,0.8798,1,0,none,baostock,query_history_k_data_plus
600521,SHSE.600521,,SH,A股-上交所,2022-08-09,21.19,21.29,20.87,20.89,21.23,7790420,163617535.0,-1.6015,0.5356,1,0,none,baostock,query_history_k_data_plus
600521,SHSE.600521,,SH,A股-上交所,2022-08-10,20.89,21.01,20.43,20.62,20.89,11216219,231617728.0,-1.2925,0.7711,1,0,none,baostock,query_history_k_data_plus
600521,SHSE.600521,,SH,A股-上交所,2022-08-11,20.73,22.19,20.66,22.15,20.62,21907004,474188980.0,7.42,1.506,1,0,none,baostock,query_history_k_data_plus
600521,SHSE.600521,,SH,A股-上交所,2022-08-12,22.16,22.25,21.68,21.9,22.15,13265528,290235283.0,-1.1287,0.912,1,0,none,baostock,query_history_k_data_plus
600521,SHSE.600521,,SH,A股-上交所,2022-08-15,21.85,22.02,21.65,21.72,21.9,8693973,189244331.69,-0.8219,0.5977,1,0,none,baostock,query_history_k_data_plus
600521,SHSE.600521,,SH,A股-上交所,2022-08-16,21.82,22.01,21.63,21.83,21.72,10540897,229724151.25,0.5064,0.7247,1,0,none,baostock,query_history_k_data_plus
600521,SHSE.600521,,SH,A股-上交所,2022-08-17,21.85,22.04,21.65,21.75,21.83,8550218,186254187.43,-0.3665,0.5878,1,0,none,baostock,query_history_k_data_plus
600521,SHSE.600521,,SH,A股-上交所,2022-08-18,21.8,21.93,21.57,21.81,21.75,8853637,192255722.16,0.2759,0.6087,1,0,none,baostock,query_history_k_data_plus
600521,SHSE.600521,,SH,A股-上交所,2022-08-19,22.3,22.3,19.9,19.96,21.81,44257042,916494937.9,-8.4823,3.0425,1,0,none,baostock,query_history_k_data_plus
600521,SHSE.600521,,SH,A股-上交所,2022-08-22,20.05,20.66,20.05,20.42,19.96,18040115,367100289.02,2.3046,1.2402,1,0,none,baostock,query_history_k_data_plus
600521,SHSE.600521,,SH,A股-上交所,2022-08-23,20.39,20.68,19.8,19.93,20.42,15699480,315421100.14,-2.3996,1.0793,1,0,none,baostock,query_history_k_data_plus
600521,SHSE.600521,,SH,A股-上交所,2022-08-24,19.94,20.09,19.44,19.49,19.93,13423195,264188239.11,-2.2077,0.9228,1,0,none,baostock,query_history_k_data_plus
600521,SHSE.600521,,SH,A股-上交所,2022-08-25,19.31,19.68,19.19,19.41,19.49,10554006,204543620.21,-0.4105,0.7256,1,0,none,baostock,query_history_k_data_plus
600521,SHSE.600521,,SH,A股-上交所,2022-08-26,19.59,20.12,19.42,20.02,19.41,14330340,285145911.39,3.1427,0.9852,1,0,none,baostock,query_history_k_data_plus
600521,SHSE.600521,,SH,A股-上交所,2022-08-29,19.38,20.08,19.3,19.99,20.02,11121080,219963334.5,-0.1499,0.7645,1,0,none,baostock,query_history_k_data_plus
600521,SHSE.600521,,SH,A股-上交所,2022-08-30,20.0,20.15,19.68,19.84,19.99,7827802,155375708.49,-0.7504,0.5381,1,0,none,baostock,query_history_k_data_plus
600521,SHSE.600521,,SH,A股-上交所,2022-08-31,19.54,20.34,19.54,19.91,19.84,25442474,509886206.43,0.3528,1.7491,1,0,none,baostock,query_history_k_data_plus
600521,SHSE.600521,,SH,A股-上交所,2022-09-01,20.0,20.8,19.91,20.62,19.91,20451401,420398779.33,3.566,1.406,1,0,none,baostock,query_history_k_data_plus
600521,SHSE.600521,,SH,A股-上交所,2022-09-02,20.7,20.81,20.43,20.62,20.62,9003702,185515002.11,0.0,0.619,1,0,none,baostock,query_history_k_data_plus
600521,SHSE.600521,,SH,A股-上交所,2022-09-05,20.66,20.98,20.48,20.71,20.62,8350013,172865653.14,0.4365,0.574,1,0,none,baostock,query_history_k_data_plus
600521,SHSE.600521,,SH,A股-上交所,2022-09-06,20.83,21.0,20.66,20.92,20.71,8880878,185216662.15,1.014,0.6105,1,0,none,baostock,query_history_k_data_plus
600521,SHSE.600521,,SH,A股-上交所,2022-09-07,20.97,20.98,20.61,20.88,20.92,7314935,152366747.49,-0.1912,0.5029,1,0,none,baostock,query_history_k_data_plus
600521,SHSE.600521,,SH,A股-上交所,2022-09-08,20.94,21.28,20.78,21.01,20.88,8148501,171426872.26,0.6226,0.5602,1,0,none,baostock,query_history_k_data_plus
600521,SHSE.600521,,SH,A股-上交所,2022-09-09,20.92,21.32,20.82,20.97,21.01,7886012,166036926.1,-0.1904,0.5421,1,0,none,baostock,query_history_k_data_plus
600521,SHSE.600521,,SH,A股-上交所,2022-09-13,20.97,20.99,20.51,20.58,20.97,13502766,278985711.98,-1.8598,0.9283,1,0,none,baostock,query_history_k_data_plus
600521,SHSE.600521,,SH,A股-上交所,2022-09-14,20.43,20.7,20.24,20.65,20.58,10082590,206431621.81,0.3401,0.6931,1,0,none,baostock,query_history_k_data_plus
600521,SHSE.600521,,SH,A股-上交所,2022-09-15,20.65,20.86,19.9,20.14,20.65,10802638,219007993.89,-2.4697,0.7426,1,0,none,baostock,query_history_k_data_plus
600521,SHSE.600521,,SH,A股-上交所,2022-09-16,20.14,20.23,19.3,19.4,20.14,9087142,179175090.77,-3.6743,0.6247,1,0,none,baostock,query_history_k_data_plus
600521,SHSE.600521,,SH,A股-上交所,2022-09-19,19.34,19.34,18.25,18.69,19.4,18504973,345454441.6,-3.6598,1.2722,1,0,none,baostock,query_history_k_data_plus
600521,SHSE.600521,,SH,A股-上交所,2022-09-20,18.85,19.14,18.7,18.95,18.69,8119149,153712803.13,1.3911,0.5582,1,0,none,baostock,query_history_k_data_plus
600521,SHSE.600521,,SH,A股-上交所,2022-09-21,19.0,19.0,18.38,18.5,18.95,9059346,168049732.25,-2.3747,0.6228,1,0,none,baostock,query_history_k_data_plus
600521,SHSE.600521,,SH,A股-上交所,2022-09-22,18.39,18.66,18.06,18.14,18.5,10565872,192875205.52,-1.9459,0.7264,1,0,none,baostock,query_history_k_data_plus
600521,SHSE.600521,,SH,A股-上交所,2022-09-23,18.13,18.27,17.7,17.9,18.14,8334171,149907237.31,-1.323,0.5729,1,0,none,baostock,query_history_k_data_plus
600521,SHSE.600521,,SH,A股-上交所,2022-09-26,17.75,18.39,17.7,18.09,17.9,9276295,168244566.25,1.0615,0.6377,1,0,none,baostock,query_history_k_data_plus
600521,SHSE.600521,,SH,A股-上交所,2022-09-27,18.22,18.95,18.01,18.84,18.09,10742046,199658998.01,4.1459,0.7385,1,0,none,baostock,query_history_k_data_plus
600521,SHSE.600521,,SH,A股-上交所,2022-09-28,18.8,19.46,18.71,18.8,18.84,10689947,203266433.8,-0.2123,0.7349,1,0,none,baostock,query_history_k_data_plus
600521,SHSE.600521,,SH,A股-上交所,2022-09-29,18.81,19.39,18.78,18.9,18.8,8720483,166089502.35,0.5319,0.5995,1,0,none,baostock,query_history_k_data_plus
600521,SHSE.600521,,SH,A股-上交所,2022-09-30,18.9,19.37,18.89,19.19,18.9,11001112,211134994.17,1.5344,0.7563,1,0,none,baostock,query_history_k_data_plus
600521,SHSE.600521,,SH,A股-上交所,2022-10-10,19.19,19.37,18.25,18.38,19.19,16421790,307419421.01,-4.2209,1.1289,1,0,none,baostock,query_history_k_data_plus
600521,SHSE.600521,,SH,A股-上交所,2022-10-11,18.51,18.74,17.55,18.04,18.38,17161033,307785281.08,-1.8498,1.1798,1,0,none,baostock,query_history_k_data_plus
600521,SHSE.600521,,SH,A股-上交所,2022-10-12,18.18,18.19,17.26,17.89,18.04,17181556,303630011.21,-0.8315,1.1812,1,0,none,baostock,query_history_k_data_plus
600521,SHSE.600521,,SH,A股-上交所,2022-10-13,17.86,18.59,17.75,18.32,17.89,14407465,264306302.81,2.4036,0.9905,1,0,none,baostock,query_history_k_data_plus
600521,SHSE.600521,,SH,A股-上交所,2022-10-14,18.5,19.7,18.27,19.45,18.32,16571592,318031704.78,6.1681,1.1392,1,0,none,baostock,query_history_k_data_plus
600521,SHSE.600521,,SH,A股-上交所,2022-10-17,19.45,20.15,19.22,19.97,19.45,20783059,413861327.95,2.6735,1.4288,1,0,none,baostock,query_history_k_data_plus
600521,SHSE.600521,,SH,A股-上交所,2022-10-18,20.0,20.79,19.71,20.69,19.97,20614832,421468130.14,3.6054,1.4172,1,0,none,baostock,query_history_k_data_plus
600521,SHSE.600521,,SH,A股-上交所,2022-10-19,20.5,20.87,19.89,20.23,20.69,12665318,256271567.08,-2.2233,0.8707,1,0,none,baostock,query_history_k_data_plus
600521,SHSE.600521,,SH,A股-上交所,2022-10-20,20.03,20.69,20.03,20.41,20.23,13508557,276107189.59,0.8898,0.9287,1,0,none,baostock,query_history_k_data_plus
600521,SHSE.600521,,SH,A股-上交所,2022-10-21,20.4,20.75,20.11,20.5,20.41,9870467,201752089.29,0.441,0.6786,1,0,none,baostock,query_history_k_data_plus
600521,SHSE.600521,,SH,A股-上交所,2022-10-24,20.41,20.88,20.12,20.28,20.5,11921646,242983629.94,-1.0732,0.8196,1,0,none,baostock,query_history_k_data_plus
600521,SHSE.600521,,SH,A股-上交所,2022-10-25,20.07,20.28,19.56,19.78,20.28,12272454,243567888.56,-2.4655,0.8437,1,0,none,baostock,query_history_k_data_plus
600521,SHSE.600521,,SH,A股-上交所,2022-10-26,19.83,20.92,19.78,20.56,19.78,14705726,302426983.35,3.9434,1.011,1,0,none,baostock,query_history_k_data_plus
600521,SHSE.600521,,SH,A股-上交所,2022-10-27,20.6,21.1,20.34,20.84,20.56,16409991,340743399.9,1.3619,1.1281,1,0,none,baostock,query_history_k_data_plus
600521,SHSE.600521,,SH,A股-上交所,2022-10-28,20.81,21.1,20.16,20.31,20.84,12217345,251213840.29,-2.5432,0.8399,1,0,none,baostock,query_history_k_data_plus
600521,SHSE.600521,,SH,A股-上交所,2022-10-31,20.02,20.65,19.65,20.06,20.31,14682662,295238872.11,-1.2309,1.0094,1,0,none,baostock,query_history_k_data_plus
600521,SHSE.600521,,SH,A股-上交所,2022-11-01,19.93,20.75,19.72,20.72,20.06,19228233,390811966.3,3.2901,1.3219,1,0,none,baostock,query_history_k_data_plus
600521,SHSE.600521,,SH,A股-上交所,2022-11-02,20.72,21.63,20.43,21.42,20.72,32234860,688016673.06,3.3784,2.216,1,0,none,baostock,query_history_k_data_plus
600521,SHSE.600521,,SH,A股-上交所,2022-11-03,21.19,21.3,20.51,20.63,21.42,21773013,451103608.85,-3.6881,1.4968,1,0,none,baostock,query_history_k_data_plus
600521,SHSE.600521,,SH,A股-上交所,2022-11-04,20.61,20.86,20.5,20.63,20.63,14208005,293529864.01,0.0,0.9768,1,0,none,baostock,query_history_k_data_plus
600521,SHSE.600521,,SH,A股-上交所,2022-11-07,20.67,20.77,20.24,20.39,20.63,15144339,309076500.65,-1.1634,1.0411,1,0,none,baostock,query_history_k_data_plus
600521,SHSE.600521,,SH,A股-上交所,2022-11-08,20.39,20.55,20.0,20.42,20.39,10361668,210098465.82,0.1471,0.7123,1,0,none,baostock,query_history_k_data_plus
600521,SHSE.600521,,SH,A股-上交所,2022-11-09,20.3,20.9,20.2,20.62,20.42,14762499,304801191.53,0.9794,1.0149,1,0,none,baostock,query_history_k_data_plus
600521,SHSE.600521,,SH,A股-上交所,2022-11-10,20.62,21.77,20.45,21.41,20.62,34761813,742836099.46,3.8312,2.3898,1,0,none,baostock,query_history_k_data_plus
600521,SHSE.600521,,SH,A股-上交所,2022-11-11,21.4,22.97,21.01,21.17,21.41,55422843,1227908437.62,-1.121,3.8101,1,0,none,baostock,query_history_k_data_plus
600521,SHSE.600521,,SH,A股-上交所,2022-11-14,21.3,22.63,21.06,22.46,21.17,45117426,993158423.63,6.0935,3.1017,1,0,none,baostock,query_history_k_data_plus
600521,SHSE.600521,,SH,A股-上交所,2022-11-15,22.9,22.9,21.79,22.22,22.46,31931011,710616298.65,-1.0686,2.1952,1,0,none,baostock,query_history_k_data_plus
600521,SHSE.600521,,SH,A股-上交所,2022-11-16,22.0,22.0,21.13,21.34,22.22,26725599,575625223.56,-3.9604,1.8373,1,0,none,baostock,query_history_k_data_plus
600521,SHSE.600521,,SH,A股-上交所,2022-11-17,21.34,21.7,21.03,21.38,21.34,19381160,414075947.96,0.1874,1.3324,1,0,none,baostock,query_history_k_data_plus
600521,SHSE.600521,,SH,A股-上交所,2022-11-18,21.2,22.06,21.2,21.84,21.38,24604124,533130420.32,2.1515,1.6915,1,0,none,baostock,query_history_k_data_plus
600521,SHSE.600521,,SH,A股-上交所,2022-11-21,21.53,22.65,21.48,22.33,21.84,31102516,692934246.27,2.2436,2.1382,1,0,none,baostock,query_history_k_data_plus
600521,SHSE.600521,,SH,A股-上交所,2022-11-22,22.2,22.66,21.17,21.38,22.33,24136268,527734880.05,-4.2544,1.6593,1,0,none,baostock,query_history_k_data_plus
600521,SHSE.600521,,SH,A股-上交所,2022-11-23,21.18,21.68,20.55,21.0,21.38,17054417,355517473.34,-1.7774,1.1724,1,0,none,baostock,query_history_k_data_plus
600521,SHSE.600521,,SH,A股-上交所,2022-11-24,20.98,21.25,20.75,21.13,21.0,9569046,201198295.45,0.619,0.6578,1,0,none,baostock,query_history_k_data_plus
600521,SHSE.600521,,SH,A股-上交所,2022-11-25,21.13,21.14,20.21,20.84,21.13,15259629,315361088.84,-1.3725,1.0491,1,0,none,baostock,query_history_k_data_plus
600521,SHSE.600521,,SH,A股-上交所,2022-11-28,20.6,21.17,19.82,20.19,20.84,18977903,386222436.58,-3.119,1.3047,1,0,none,baostock,query_history_k_data_plus
600521,SHSE.600521,,SH,A股-上交所,2022-11-29,20.14,20.75,20.11,20.58,20.19,12478631,256356412.9,1.9316,0.8579,1,0,none,baostock,query_history_k_data_plus
600521,SHSE.600521,,SH,A股-上交所,2022-11-30,20.58,20.75,20.21,20.3,20.58,11483961,234644394.24,-1.3605,0.7895,1,0,none,baostock,query_history_k_data_plus
600521,SHSE.600521,,SH,A股-上交所,2022-12-01,20.53,20.61,20.0,20.31,20.3,14458773,292763429.62,0.0493,0.994,1,0,none,baostock,query_history_k_data_plus
600521,SHSE.600521,,SH,A股-上交所,2022-12-02,20.44,20.44,19.87,19.95,20.31,17471023,349766631.28,-1.7725,1.2011,1,0,none,baostock,query_history_k_data_plus
600521,SHSE.600521,,SH,A股-上交所,2022-12-05,20.0,20.4,19.86,20.05,19.95,15925677,320130484.86,0.5013,1.0948,1,0,none,baostock,query_history_k_data_plus
600521,SHSE.600521,,SH,A股-上交所,2022-12-06,19.94,20.2,19.59,19.65,20.05,16048062,318165681.23,-1.995,1.1033,1,0,none,baostock,query_history_k_data_plus
600521,SHSE.600521,,SH,A股-上交所,2022-12-07,19.64,20.15,19.34,20.05,19.65,16388853,325591427.13,2.0356,1.1267,1,0,none,baostock,query_history_k_data_plus
600521,SHSE.600521,,SH,A股-上交所,2022-12-08,20.0,20.18,19.81,19.91,20.05,11362266,226390620.62,-0.6983,0.7811,1,0,none,baostock,query_history_k_data_plus
600521,SHSE.600521,,SH,A股-上交所,2022-12-09,19.85,20.19,19.75,20.0,19.91,13745401,275013277.41,0.452,0.945,1,0,none,baostock,query_history_k_data_plus
600521,SHSE.600521,,SH,A股-上交所,2022-12-12,20.01,20.66,20.01,20.41,20.0,20839331,425850459.25,2.05,1.4326,1,0,none,baostock,query_history_k_data_plus
600521,SHSE.600521,,SH,A股-上交所,2022-12-13,20.55,21.3,19.98,21.2,20.41,38931963,811398318.97,3.8707,2.6764,1,0,none,baostock,query_history_k_data_plus
600521,SHSE.600521,,SH,A股-上交所,2022-12-14,21.4,21.54,20.86,21.0,21.2,39311670,833913674.66,-0.9434,2.7026,1,0,none,baostock,query_history_k_data_plus
600521,SHSE.600521,,SH,A股-上交所,2022-12-15,21.06,22.33,21.06,22.07,21.0,46185084,1007958320.61,5.0952,3.1751,1,0,none,baostock,query_history_k_data_plus
600521,SHSE.600521,,SH,A股-上交所,2022-12-16,22.07,22.45,21.75,22.16,22.07,35528579,786470985.82,0.4078,2.4425,1,0,none,baostock,query_history_k_data_plus
600521,SHSE.600521,,SH,A股-上交所,2022-12-19,22.56,22.66,19.94,19.96,22.16,50494254,1044853172.71,-9.9278,3.4713,1,0,none,baostock,query_history_k_data_plus
600521,SHSE.600521,,SH,A股-上交所,2022-12-20,19.56,19.98,18.95,19.01,19.96,29767989,570607023.18,-4.7595,2.0465,1,0,none,baostock,query_history_k_data_plus
600521,SHSE.600521,,SH,A股-上交所,2022-12-21,18.92,19.42,18.8,18.96,19.01,20936164,398524932.07,-0.263,1.4393,1,0,none,baostock,query_history_k_data_plus
600521,SHSE.600521,,SH,A股-上交所,2022-12-22,19.0,19.3,18.68,19.0,18.96,16756027,319817427.87,0.211,1.1519,1,0,none,baostock,query_history_k_data_plus
600521,SHSE.600521,,SH,A股-上交所,2022-12-23,18.9,19.22,18.82,19.04,19.0,10335174,196183045.58,0.2105,0.7105,1,0,none,baostock,query_history_k_data_plus
600521,SHSE.600521,,SH,A股-上交所,2022-12-26,19.48,20.45,19.16,20.39,19.04,30488606,609888596.85,7.0903,2.096,1,0,none,baostock,query_history_k_data_plus
600521,SHSE.600521,,SH,A股-上交所,2022-12-27,20.8,21.0,19.37,19.87,20.39,26014779,517970139.65,-2.5503,1.7884,1,0,none,baostock,query_history_k_data_plus
600521,SHSE.600521,,SH,A股-上交所,2022-12-28,19.92,21.86,19.92,21.86,19.87,70847152,1527452119.86,10.0151,4.8705,1,0,none,baostock,query_history_k_data_plus
600521,SHSE.600521,,SH,A股-上交所,2022-12-29,21.86,22.43,21.58,22.12,21.86,66404463,1461381791.04,1.1894,4.5651,1,0,none,baostock,query_history_k_data_plus
600521,SHSE.600521,,SH,A股-上交所,2022-12-30,22.34,22.6,21.8,21.86,22.12,39186246,868330810.82,-1.1754,2.6939,1,0,none,baostock,query_history_k_data_plus
600521,SHSE.600521,,SH,A股-上交所,2023-01-03,22.1,22.1,20.9,21.55,21.86,40746381,872773625.63,-1.4181,2.8012,1,0,none,baostock,query_history_k_data_plus
600521,SHSE.600521,,SH,A股-上交所,2023-01-04,21.31,22.46,21.31,22.11,21.55,36286665,798219388.25,2.5986,2.4946,1,0,none,baostock,query_history_k_data_plus
600521,SHSE.600521,,SH,A股-上交所,2023-01-05,22.13,23.07,21.88,22.73,22.11,38732642,872030064.12,2.8042,2.6627,1,0,none,baostock,query_history_k_data_plus
600521,SHSE.600521,,SH,A股-上交所,2023-01-06,22.49,23.0,22.47,22.98,22.73,28866207,657947049.6,1.0999,1.9845,1,0,none,baostock,query_history_k_data_plus
600521,SHSE.600521,,SH,A股-上交所,2023-01-09,21.89,22.39,20.87,22.24,22.98,56900318,1242824614.89,-3.2202,3.9117,1,0,none,baostock,query_history_k_data_plus
600521,SHSE.600521,,SH,A股-上交所,2023-01-10,22.51,24.42,21.7,23.96,22.24,91760380,2134934673.01,7.7338,6.3082,1,0,none,baostock,query_history_k_data_plus
600521,SHSE.600521,,SH,A股-上交所,2023-01-11,24.07,26.36,22.66,24.86,23.96,127959254,3133353240.24,3.7563,8.7968,1,0,none,baostock,query_history_k_data_plus
600521,SHSE.600521,,SH,A股-上交所,2023-01-12,23.8,24.3,23.07,23.12,24.86,72685395,1718111861.69,-6.9992,4.9969,1,0,none,baostock,query_history_k_data_plus
600521,SHSE.600521,,SH,A股-上交所,2023-01-13,23.35,23.79,22.95,23.5,23.12,36850916,863644670.83,1.6436,2.5334,1,0,none,baostock,query_history_k_data_plus
600521,SHSE.600521,,SH,A股-上交所,2023-01-16,23.88,24.09,22.82,23.2,23.5,56920115,1333966953.34,-1.2766,3.9131,1,0,none,baostock,query_history_k_data_plus
600521,SHSE.600521,,SH,A股-上交所,2023-01-17,22.89,23.01,22.25,22.42,23.2,40349829,908160472.14,-3.3621,2.7739,1,0,none,baostock,query_history_k_data_plus
600521,SHSE.600521,,SH,A股-上交所,2023-01-18,22.5,22.8,22.15,22.55,22.42,24543983,551954680.36,0.5798,1.6873,1,0,none,baostock,query_history_k_data_plus
600521,SHSE.600521,,SH,A股-上交所,2023-01-19,22.3,22.44,21.91,22.1,22.55,40356339,895890099.93,-1.9956,2.7744,1,0,none,baostock,query_history_k_data_plus
600521,SHSE.600521,,SH,A股-上交所,2023-01-20,22.1,22.43,22.0,22.18,22.1,25437105,564176010.41,0.362,1.7487,1,0,none,baostock,query_history_k_data_plus
600521,SHSE.600521,,SH,A股-上交所,2023-01-30,21.8,21.85,20.9,21.38,22.18,47900553,1022129041.57,-3.6069,3.293,1,0,none,baostock,query_history_k_data_plus
600521,SHSE.600521,,SH,A股-上交所,2023-01-31,21.31,21.7,21.19,21.45,21.38,22603977,483999794.4,0.3274,1.554,1,0,none,baostock,query_history_k_data_plus
600521,SHSE.600521,,SH,A股-上交所,2023-02-01,21.58,21.73,21.27,21.66,21.45,25661739,551392293.68,0.979,1.7642,1,0,none,baostock,query_history_k_data_plus
600521,SHSE.600521,,SH,A股-上交所,2023-02-02,21.63,22.13,21.55,21.99,21.66,28262493,619943104.83,1.5235,1.943,1,0,none,baostock,query_history_k_data_plus
600521,SHSE.600521,,SH,A股-上交所,2023-02-03,22.0,22.01,21.55,21.76,21.99,18257681,396435478.64,-1.0459,1.2552,1,0,none,baostock,query_history_k_data_plus
600521,SHSE.600521,,SH,A股-上交所,2023-02-06,21.66,21.77,21.33,21.5,21.76,12999653,279661843.1,-1.1949,0.8937,1,0,none,baostock,query_history_k_data_plus
600521,SHSE.600521,,SH,A股-上交所,2023-02-07,21.5,21.65,21.1,21.32,21.5,16283635,347971835.36,-0.8372,1.1194,1,0,none,baostock,query_history_k_data_plus
600521,SHSE.600521,,SH,A股-上交所,2023-02-08,21.41,21.68,21.37,21.53,21.32,12912601,278249015.8,0.985,0.8877,1,0,none,baostock,query_history_k_data_plus
600521,SHSE.600521,,SH,A股-上交所,2023-02-09,21.41,21.62,21.41,21.56,21.53,13537734,291464018.97,0.1393,0.9307,1,0,none,baostock,query_history_k_data_plus
600521,SHSE.600521,,SH,A股-上交所,2023-02-10,21.56,21.64,21.0,21.22,21.56,22449328,477870363.21,-1.577,1.5433,1,0,none,baostock,query_history_k_data_plus
600521,SHSE.600521,,SH,A股-上交所,2023-02-13,21.3,21.57,21.23,21.35,21.22,15175256,325043633.79,0.6126,1.0433,1,0,none,baostock,query_history_k_data_plus
600521,SHSE.600521,,SH,A股-上交所,2023-02-14,21.55,21.61,21.31,21.6,21.35,12733128,273485968.11,1.171,0.8754,1,0,none,baostock,query_history_k_data_plus
600521,SHSE.600521,,SH,A股-上交所,2023-02-15,21.62,21.79,21.31,21.46,21.6,14525130,312175433.95,-0.6481,0.9986,1,0,none,baostock,query_history_k_data_plus
600521,SHSE.600521,,SH,A股-上交所,2023-02-16,21.45,21.67,20.96,21.12,21.46,17318039,370876176.81,-1.5843,1.1906,1,0,none,baostock,query_history_k_data_plus
600521,SHSE.600521,,SH,A股-上交所,2023-02-17,21.13,21.51,21.0,21.34,21.12,14915008,318114237.28,1.0417,1.0254,1,0,none,baostock,query_history_k_data_plus
600521,SHSE.600521,,SH,A股-上交所,2023-02-20,21.52,21.56,21.02,21.36,21.34,16800935,356504778.25,0.0937,1.155,1,0,none,baostock,query_history_k_data_plus
600521,SHSE.600521,,SH,A股-上交所,2023-02-21,21.36,21.37,21.0,21.12,21.36,19655194,414811754.92,-1.1236,1.3512,1,0,none,baostock,query_history_k_data_plus
600521,SHSE.600521,,SH,A股-上交所,2023-02-22,21.0,21.29,20.83,21.04,21.12,15336075,323189464.54,-0.3788,1.0543,1,0,none,baostock,query_history_k_data_plus
600521,SHSE.600521,,SH,A股-上交所,2023-02-23,21.0,21.15,20.65,20.76,21.04,18183415,379542706.38,-1.3308,1.2501,1,0,none,baostock,query_history_k_data_plus
600521,SHSE.600521,,SH,A股-上交所,2023-02-24,20.75,20.83,20.56,20.67,20.76,10647175,220150229.81,-0.4335,0.732,1,0,none,baostock,query_history_k_data_plus
600521,SHSE.600521,,SH,A股-上交所,2023-02-27,20.67,20.88,20.4,20.51,20.67,12798717,263177862.16,-0.7741,0.8799,1,0,none,baostock,query_history_k_data_plus
600521,SHSE.600521,,SH,A股-上交所,2023-02-28,20.55,20.79,20.38,20.74,20.51,15206975,312902376.05,1.1214,1.0454,1,0,none,baostock,query_history_k_data_plus
600521,SHSE.600521,,SH,A股-上交所,2023-03-01,20.81,20.9,20.68,20.85,20.74,10270755,213870476.84,0.5304,0.7061,1,0,none,baostock,query_history_k_data_plus
600521,SHSE.600521,,SH,A股-上交所,2023-03-02,20.8,20.86,20.52,20.53,20.85,10875886,224284415.99,-1.5348,0.7477,1,0,none,baostock,query_history_k_data_plus
600521,SHSE.600521,,SH,A股-上交所,2023-03-03,20.53,20.61,20.11,20.17,20.53,17903346,362769025.73,-1.7535,1.2308,1,0,none,baostock,query_history_k_data_plus
600521,SHSE.600521,,SH,A股-上交所,2023-03-06,20.2,20.65,20.17,20.58,20.17,18484527,379270168.59,2.0327,1.2708,1,0,none,baostock,query_history_k_data_plus
600521,SHSE.600521,,SH,A股-上交所,2023-03-07,20.57,20.63,20.08,20.08,20.58,13015464,264185921.82,-2.4295,0.8948,1,0,none,baostock,query_history_k_data_plus
600521,SHSE.600521,,SH,A股-上交所,2023-03-08,20.0,20.25,19.91,20.11,20.08,9924976,198920746.11,0.1494,0.6823,1,0,none,baostock,query_history_k_data_plus
600521,SHSE.600521,,SH,A股-上交所,2023-03-09,20.22,20.38,20.04,20.15,20.11,8192426,165470884.14,0.1989,0.5632,1,0,none,baostock,query_history_k_data_plus
600521,SHSE.600521,,SH,A股-上交所,2023-03-10,20.0,20.14,19.84,20.03,20.15,9371889,187469996.83,-0.5955,0.6443,1,0,none,baostock,query_history_k_data_plus
600521,SHSE.600521,,SH,A股-上交所,2023-03-13,20.0,20.1,19.74,19.97,20.03,13629547,271225268.98,-0.2996,0.937,1,0,none,baostock,query_history_k_data_plus
600521,SHSE.600521,,SH,A股-上交所,2023-03-14,19.98,20.29,19.8,19.9,19.97,13338468,266729551.7,-0.3505,0.917,1,0,none,baostock,query_history_k_data_plus
600521,SHSE.600521,,SH,A股-上交所,2023-03-15,19.93,20.34,19.92,20.12,19.9,11422986,230242002.3,1.1055,0.7853,1,0,none,baostock,query_history_k_data_plus
600521,SHSE.600521,,SH,A股-上交所,2023-03-16,20.08,20.27,19.91,20.0,20.12,9926175,199338484.06,-0.5964,0.6824,1,0,none,baostock,query_history_k_data_plus
600521,SHSE.600521,,SH,A股-上交所,2023-03-17,20.05,20.16,19.7,19.7,20.0,13523611,269231798.18,-1.5,0.9297,1,0,none,baostock,query_history_k_data_plus
600521,SHSE.600521,,SH,A股-上交所,2023-03-20,19.59,19.65,19.31,19.42,19.7,12791968,248917653.24,-1.4213,0.8794,1,0,none,baostock,query_history_k_data_plus
600521,SHSE.600521,,SH,A股-上交所,2023-03-21,19.54,20.1,19.5,20.04,19.42,13625842,271141124.65,3.1926,0.9367,1,0,none,baostock,query_history_k_data_plus
600521,SHSE.600521,,SH,A股-上交所,2023-03-22,19.96,20.23,19.95,20.15,20.04,7661289,154249517.94,0.5489,0.5267,1,0,none,baostock,query_history_k_data_plus
600521,SHSE.600521,,SH,A股-上交所,2023-03-23,20.23,20.24,19.7,19.84,20.15,12641481,251255226.97,-1.5385,0.8691,1,0,none,baostock,query_history_k_data_plus
600521,SHSE.600521,,SH,A股-上交所,2023-03-24,19.95,19.98,19.52,19.64,19.84,12974479,255254782.4,-1.0081,0.892,1,0,none,baostock,query_history_k_data_plus
600521,SHSE.600521,,SH,A股-上交所,2023-03-27,19.64,20.02,19.54,19.87,19.64,13501706,268200957.5,1.1711,0.9282,1,0,none,baostock,query_history_k_data_plus
600521,SHSE.600521,,SH,A股-上交所,2023-03-28,19.94,20.34,19.81,20.09,19.87,15985224,321763636.34,1.1072,1.0989,1,0,none,baostock,query_history_k_data_plus
600521,SHSE.600521,,SH,A股-上交所,2023-03-29,20.14,20.14,19.85,19.92,20.09,7873013,157119315.36,-0.8462,0.5412,1,0,none,baostock,query_history_k_data_plus
600521,SHSE.600521,,SH,A股-上交所,2023-03-30,19.92,19.99,19.76,19.98,19.92,6763482,134369767.99,0.3012,0.465,1,0,none,baostock,query_history_k_data_plus
600521,SHSE.600521,,SH,A股-上交所,2023-03-31,19.96,20.33,19.96,20.17,19.98,10995568,222195555.17,0.951,0.7559,1,0,none,baostock,query_history_k_data_plus
600521,SHSE.600521,,SH,A股-上交所,2023-04-03,20.2,20.43,20.08,20.17,20.17,11540182,233289159.9,0.0,0.7934,1,0,none,baostock,query_history_k_data_plus
600521,SHSE.600521,,SH,A股-上交所,2023-04-04,20.18,20.63,20.14,20.61,20.17,20932587,428383837.09,2.1815,1.439,1,0,none,baostock,query_history_k_data_plus
600521,SHSE.600521,,SH,A股-上交所,2023-04-06,20.6,20.75,20.46,20.51,20.61,11886625,244611093.4,-0.4852,0.8172,1,0,none,baostock,query_history_k_data_plus
600521,SHSE.600521,,SH,A股-上交所,2023-04-07,20.59,20.9,20.5,20.79,20.51,11588084,240753701.93,1.3652,0.7966,1,0,none,baostock,query_history_k_data_plus
600521,SHSE.600521,,SH,A股-上交所,2023-04-10,20.84,20.87,20.55,20.78,20.79,11875214,246250481.22,-0.0481,0.8164,1,0,none,baostock,query_history_k_data_plus
600521,SHSE.600521,,SH,A股-上交所,2023-04-11,20.8,20.85,20.4,20.49,20.78,10998243,226203065.33,-1.3956,0.7561,1,0,none,baostock,query_history_k_data_plus
600521,SHSE.600521,,SH,A股-上交所,2023-04-12,20.6,21.03,20.45,20.53,20.49,12105863,250022816.96,0.1952,0.8322,1,0,none,baostock,query_history_k_data_plus
600521,SHSE.600521,,SH,A股-上交所,2023-04-13,20.5,20.64,20.35,20.64,20.53,13574623,278848561.09,0.5358,0.9332,1,0,none,baostock,query_history_k_data_plus
600521,SHSE.600521,,SH,A股-上交所,2023-04-14,20.64,20.84,20.36,20.47,20.64,11667254,239532418.18,-0.8236,0.8021,1,0,none,baostock,query_history_k_data_plus
600521,SHSE.600521,,SH,A股-上交所,2023-04-17,20.7,20.7,20.42,20.54,20.47,14532560,298635732.86,0.342,0.9991,1,0,none,baostock,query_history_k_data_plus
600521,SHSE.600521,,SH,A股-上交所,2023-04-18,20.63,20.64,20.25,20.26,20.54,11640125,236958013.16,-1.3632,0.8002,1,0,none,baostock,query_history_k_data_plus
600521,SHSE.600521,,SH,A股-上交所,2023-04-19,20.2,20.26,19.82,19.88,20.26,12269786,245013680.51,-1.8756,0.8435,1,0,none,baostock,query_history_k_data_plus
600521,SHSE.600521,,SH,A股-上交所,2023-04-20,19.88,19.95,19.48,19.55,19.88,11647434,228940323.72,-1.66,0.8007,1,0,none,baostock,query_history_k_data_plus
600521,SHSE.600521,,SH,A股-上交所,2023-04-21,19.57,19.7,19.31,19.33,19.55,11244054,219047618.82,-1.1253,0.773,1,0,none,baostock,query_history_k_data_plus
600521,SHSE.600521,,SH,A股-上交所,2023-04-24,19.5,19.52,19.05,19.19,19.33,11337711,218704168.67,-0.7243,0.7794,1,0,none,baostock,query_history_k_data_plus
600521,SHSE.600521,,SH,A股-上交所,2023-04-25,19.15,19.19,18.3,18.59,19.19,16977774,316292244.1,-3.1266,1.1672,1,0,none,baostock,query_history_k_data_plus
600521,SHSE.600521,,SH,A股-上交所,2023-04-26,18.6,19.2,18.57,18.91,18.59,10879383,206006295.26,1.7214,0.7479,1,0,none,baostock,query_history_k_data_plus
600521,SHSE.600521,,SH,A股-上交所,2023-04-27,18.97,19.7,18.82,19.57,18.91,15537346,300518726.15,3.4902,1.0681,1,0,none,baostock,query_history_k_data_plus
600521,SHSE.600521,,SH,A股-上交所,2023-04-28,19.58,19.71,19.3,19.58,19.57,10487307,204526380.34,0.0511,0.721,1,0,none,baostock,query_history_k_data_plus
600521,SHSE.600521,,SH,A股-上交所,2023-05-04,19.57,20.1,19.35,19.38,19.58,11434839,223640680.56,-1.0215,0.7861,1,0,none,baostock,query_history_k_data_plus
600521,SHSE.600521,,SH,A股-上交所,2023-05-05,19.42,19.42,18.73,18.91,19.38,12375478,234140875.41,-2.4252,0.8508,1,0,none,baostock,query_history_k_data_plus
600521,SHSE.600521,,SH,A股-上交所,2023-05-08,18.82,18.82,18.19,18.4,18.91,15335472,282419662.0,-2.697,1.0543,1,0,none,baostock,query_history_k_data_plus
600521,SHSE.600521,,SH,A股-上交所,2023-05-09,18.4,18.4,18.08,18.1,18.4,11505505,209047427.84,-1.6304,0.791,1,0,none,baostock,query_history_k_data_plus
600521,SHSE.600521,,SH,A股-上交所,2023-05-10,18.06,18.24,17.88,18.12,18.1,9690445,174837436.24,0.1105,0.6662,1,0,none,baostock,query_history_k_data_plus
600521,SHSE.600521,,SH,A股-上交所,2023-05-11,18.09,18.28,18.03,18.11,18.12,8298780,150493448.95,-0.0552,0.5705,1,0,none,baostock,query_history_k_data_plus
600521,SHSE.600521,,SH,A股-上交所,2023-05-12,18.1,18.23,17.92,17.95,18.11,6786712,122438300.0,-0.8835,0.4666,1,0,none,baostock,query_history_k_data_plus
600521,SHSE.600521,,SH,A股-上交所,2023-05-15,17.99,18.35,17.83,18.31,17.95,9208150,166760413.63,2.0056,0.633,1,0,none,baostock,query_history_k_data_plus
600521,SHSE.600521,,SH,A股-上交所,2023-05-16,18.32,18.88,18.15,18.71,18.31,13882416,257631414.38,2.1846,0.9544,1,0,none,baostock,query_history_k_data_plus
600521,SHSE.600521,,SH,A股-上交所,2023-05-17,18.52,18.73,18.43,18.58,18.71,6482101,120314777.01,-0.6948,0.4456,1,0,none,baostock,query_history_k_data_plus
600521,SHSE.600521,,SH,A股-上交所,2023-05-18,18.59,18.66,18.2,18.3,18.58,7259611,133262817.79,-1.507,0.4991,1,0,none,baostock,query_history_k_data_plus
600521,SHSE.600521,,SH,A股-上交所,2023-05-19,18.3,18.77,18.2,18.64,18.3,9074171,168626416.11,1.8579,0.6238,1,0,none,baostock,query_history_k_data_plus
600521,SHSE.600521,,SH,A股-上交所,2023-05-22,18.66,18.8,18.51,18.63,18.64,7298968,135829900.66,-0.0536,0.5018,1,0,none,baostock,query_history_k_data_plus
600521,SHSE.600521,,SH,A股-上交所,2023-05-23,18.74,19.1,18.65,18.95,18.63,12427778,235440221.78,1.7177,0.8544,1,0,none,baostock,query_history_k_data_plus
600521,SHSE.600521,,SH,A股-上交所,2023-05-24,18.85,18.88,18.48,18.54,18.95,10043854,186750030.7,-2.1636,0.6905,1,0,none,baostock,query_history_k_data_plus
600521,SHSE.600521,,SH,A股-上交所,2023-05-25,18.49,18.62,18.32,18.56,18.54,6571021,121423399.48,0.1079,0.4517,1,0,none,baostock,query_history_k_data_plus
600521,SHSE.600521,,SH,A股-上交所,2023-05-26,18.56,18.75,18.41,18.7,18.56,7091962,131860471.15,0.7543,0.4875,1,0,none,baostock,query_history_k_data_plus
600521,SHSE.600521,,SH,A股-上交所,2023-05-29,18.69,18.89,18.3,18.52,18.7,8302846,154043596.97,-0.9626,0.5708,1,0,none,baostock,query_history_k_data_plus
600521,SHSE.600521,,SH,A股-上交所,2023-05-30,18.52,18.63,18.28,18.59,18.52,7375579,136174477.47,0.378,0.507,1,0,none,baostock,query_history_k_data_plus
600521,SHSE.600521,,SH,A股-上交所,2023-05-31,18.51,18.72,18.42,18.45,18.59,6270496,116252447.9,-0.7531,0.4311,1,0,none,baostock,query_history_k_data_plus
600521,SHSE.600521,,SH,A股-上交所,2023-06-01,18.45,18.68,18.35,18.51,18.45,6564593,121731234.74,0.3252,0.4513,1,0,none,baostock,query_history_k_data_plus
600521,SHSE.600521,,SH,A股-上交所,2023-06-02,18.6,18.78,18.42,18.55,18.51,6634600,123185241.76,0.2161,0.4561,1,0,none,baostock,query_history_k_data_plus
600521,SHSE.600521,,SH,A股-上交所,2023-06-05,18.53,18.62,18.4,18.55,18.55,6272675,115945653.48,0.0,0.4312,1,0,none,baostock,query_history_k_data_plus
600521,SHSE.600521,,SH,A股-上交所,2023-06-06,18.55,18.56,18.08,18.15,18.55,10053123,183201287.0,-2.1563,0.6911,1,0,none,baostock,query_history_k_data_plus
600521,SHSE.600521,,SH,A股-上交所,2023-06-07,18.09,18.16,17.88,17.93,18.15,6635381,119322185.28,-1.2121,0.4562,1,0,none,baostock,query_history_k_data_plus
600521,SHSE.600521,,SH,A股-上交所,2023-06-08,17.99,18.02,17.7,17.84,17.93,5565099,99152959.96,-0.502,0.3826,1,0,none,baostock,query_history_k_data_plus
600521,SHSE.600521,,SH,A股-上交所,2023-06-09,17.91,18.33,17.88,18.01,17.84,7422518,134173832.33,0.9529,0.5103,1,0,none,baostock,query_history_k_data_plus
600521,SHSE.600521,,SH,A股-上交所,2023-06-12,18.06,18.2,17.84,18.12,18.01,5914470,106819512.88,0.6108,0.4066,1,0,none,baostock,query_history_k_data_plus
600521,SHSE.600521,,SH,A股-上交所,2023-06-13,18.16,18.16,17.96,18.03,18.12,5335471,96212863.17,-0.4967,0.3668,1,0,none,baostock,query_history_k_data_plus
600521,SHSE.600521,,SH,A股-上交所,2023-06-14,18.01,18.16,18.0,18.0,18.03,4325300,78066822.28,-0.1664,0.2974,1,0,none,baostock,query_history_k_data_plus
600521,SHSE.600521,,SH,A股-上交所,2023-06-15,18.0,18.35,17.96,18.28,18.0,8600137,156201834.0,1.5556,0.5912,1,0,none,baostock,query_history_k_data_plus
600521,SHSE.600521,,SH,A股-上交所,2023-06-16,18.28,18.45,18.17,18.3,18.28,5350763,97933314.1,0.1094,0.3678,1,0,none,baostock,query_history_k_data_plus
600521,SHSE.600521,,SH,A股-上交所,2023-06-19,18.24,18.33,18.12,18.24,18.3,6565350,119746588.32,-0.3279,0.4513,1,0,none,baostock,query_history_k_data_plus
600521,SHSE.600521,,SH,A股-上交所,2023-06-20,18.2,18.29,18.14,18.15,18.24,5028917,91467839.21,-0.4934,0.3457,1,0,none,baostock,query_history_k_data_plus
600521,SHSE.600521,,SH,A股-上交所,2023-06-21,18.13,18.2,17.96,18.0,18.15,4761200,85931972.99,-0.8264,0.3273,1,0,none,baostock,query_history_k_data_plus
600521,SHSE.600521,,SH,A股-上交所,2023-06-26,17.91,18.15,17.82,17.96,18.0,5405780,97039367.36,-0.2222,0.3716,1,0,none,baostock,query_history_k_data_plus
600521,SHSE.600521,,SH,A股-上交所,2023-06-27,18.06,18.14,17.85,17.87,17.96,6275378,112415616.56,-0.5011,0.4314,1,0,none,baostock,query_history_k_data_plus
600521,SHSE.600521,,SH,A股-上交所,2023-06-28,17.89,18.06,17.73,17.99,17.87,6805449,122002304.73,0.6715,0.4679,1,0,none,baostock,query_history_k_data_plus
600521,SHSE.600521,,SH,A股-上交所,2023-06-29,17.95,18.34,17.92,18.06,17.99,6111955,110842260.92,0.3891,0.4202,1,0,none,baostock,query_history_k_data_plus
600521,SHSE.600521,,SH,A股-上交所,2023-06-30,18.14,18.65,18.06,18.41,18.06,12409982,229134013.13,1.938,0.8531,1,0,none,baostock,query_history_k_data_plus
600521,SHSE.600521,,SH,A股-上交所,2023-07-03,18.26,18.4,18.13,18.32,18.17,7591790,138821917.02,0.8255,0.5219,1,0,none,baostock,query_history_k_data_plus
600521,SHSE.600521,,SH,A股-上交所,2023-07-04,18.32,18.6,18.27,18.52,18.32,8185324,151074374.61,1.0917,0.5627,1,0,none,baostock,query_history_k_data_plus
600521,SHSE.600521,,SH,A股-上交所,2023-07-05,18.44,18.51,18.21,18.25,18.52,7033795,128606119.85,-1.4579,0.4836,1,0,none,baostock,query_history_k_data_plus
600521,SHSE.600521,,SH,A股-上交所,2023-07-06,18.36,18.36,17.92,18.14,18.25,10678803,192771545.41,-0.6027,0.7341,1,0,none,baostock,query_history_k_data_plus
600521,SHSE.600521,,SH,A股-上交所,2023-07-07,18.06,18.25,18.0,18.17,18.14,5455762,98821127.39,0.1654,0.3751,1,0,none,baostock,query_history_k_data_plus
600521,SHSE.600521,,SH,A股-上交所,2023-07-10,18.24,18.71,18.16,18.48,18.17,15299671,283430813.41,1.7061,1.0518,1,0,none,baostock,query_history_k_data_plus
600521,SHSE.600521,,SH,A股-上交所,2023-07-11,18.44,18.59,18.31,18.42,18.48,5845155,107575644.3,-0.3247,0.4018,1,0,none,baostock,query_history_k_data_plus
600521,SHSE.600521,,SH,A股-上交所,2023-07-12,18.42,18.45,18.28,18.37,18.42,4515275,82896503.61,-0.2714,0.3104,1,0,none,baostock,query_history_k_data_plus
600521,SHSE.600521,,SH,A股-上交所,2023-07-13,18.33,18.53,18.32,18.4,18.37,6815602,125321408.66,0.1633,0.4686,1,0,none,baostock,query_history_k_data_plus
600521,SHSE.600521,,SH,A股-上交所,2023-07-14,18.35,18.36,18.2,18.23,18.4,5044556,92126878.32,-0.9239,0.3468,1,0,none,baostock,query_history_k_data_plus
600521,SHSE.600521,,SH,A股-上交所,2023-07-17,18.24,18.26,18.05,18.26,18.23,3831109,69453549.43,0.1646,0.2634,1,0,none,baostock,query_history_k_data_plus
600521,SHSE.600521,,SH,A股-上交所,2023-07-18,18.22,18.3,18.14,18.2,18.26,4274968,77811124.94,-0.3286,0.2939,1,0,none,baostock,query_history_k_data_plus
600521,SHSE.600521,,SH,A股-上交所,2023-07-19,18.19,18.44,18.14,18.15,18.2,3567437,65102445.03,-0.2747,0.2452,1,0,none,baostock,query_history_k_data_plus
600521,SHSE.600521,,SH,A股-上交所,2023-07-20,18.15,18.24,18.11,18.12,18.15,5107356,92836060.48,-0.1653,0.3511,1,0,none,baostock,query_history_k_data_plus
600521,SHSE.600521,,SH,A股-上交所,2023-07-21,18.12,18.32,18.06,18.13,18.12,4759183,86407546.11,0.0552,0.3272,1,0,none,baostock,query_history_k_data_plus
600521,SHSE.600521,,SH,A股-上交所,2023-07-24,18.09,18.25,18.0,18.15,18.13,3711368,67287040.15,0.1103,0.2551,1,0,none,baostock,query_history_k_data_plus
600521,SHSE.600521,,SH,A股-上交所,2023-07-25,18.2,18.3,18.06,18.19,18.15,6505446,118153589.18,0.2204,0.4472,1,0,none,baostock,query_history_k_data_plus
600521,SHSE.600521,,SH,A股-上交所,2023-07-26,18.18,18.51,18.16,18.39,18.19,9624509,176885614.55,1.0995,0.6617,1,0,none,baostock,query_history_k_data_plus
600521,SHSE.600521,,SH,A股-上交所,2023-07-27,18.39,18.41,18.2,18.26,18.39,4107687,75156875.84,-0.7069,0.2824,1,0,none,baostock,query_history_k_data_plus
600521,SHSE.600521,,SH,A股-上交所,2023-07-28,18.22,18.45,18.11,18.4,18.26,5174532,94785465.41,0.7667,0.3557,1,0,none,baostock,query_history_k_data_plus
600521,SHSE.600521,,SH,A股-上交所,2023-07-31,18.41,18.55,18.35,18.43,18.4,8456240,155931208.7,0.163,0.5813,1,0,none,baostock,query_history_k_data_plus
600521,SHSE.600521,,SH,A股-上交所,2023-08-01,18.44,18.75,18.37,18.61,18.43,13539221,252247635.81,0.9767,0.9308,1,0,none,baostock,query_history_k_data_plus
600521,SHSE.600521,,SH,A股-上交所,2023-08-02,18.58,18.6,18.44,18.52,18.61,7333738,135709966.47,-0.4836,0.5042,1,0,none,baostock,query_history_k_data_plus
600521,SHSE.600521,,SH,A股-上交所,2023-08-03,18.49,19.09,18.44,18.9,18.52,17080856,322751747.4,2.0518,1.1743,1,0,none,baostock,query_history_k_data_plus
600521,SHSE.600521,,SH,A股-上交所,2023-08-04,18.9,18.99,18.72,18.79,18.9,8392305,158207887.69,-0.582,0.5769,1,0,none,baostock,query_history_k_data_plus
600521,SHSE.600521,,SH,A股-上交所,2023-08-07,18.79,18.8,18.45,18.64,18.79,8657241,160896208.75,-0.7983,0.5952,1,0,none,baostock,query_history_k_data_plus
600521,SHSE.600521,,SH,A股-上交所,2023-08-08,18.57,18.72,18.39,18.67,18.64,6973646,129429724.01,0.1609,0.4794,1,0,none,baostock,query_history_k_data_plus
600521,SHSE.600521,,SH,A股-上交所,2023-08-09,18.62,18.84,18.51,18.7,18.67,6592400,123048172.9,0.1607,0.4532,1,0,none,baostock,query_history_k_data_plus
600521,SHSE.600521,,SH,A股-上交所,2023-08-10,18.65,18.74,18.42,18.47,18.7,6085142,112756891.86,-1.2299,0.4183,1,0,none,baostock,query_history_k_data_plus
600521,SHSE.600521,,SH,A股-上交所,2023-08-11,18.48,18.6,18.34,18.36,18.47,5553811,102613111.17,-0.5956,0.3818,1,0,none,baostock,query_history_k_data_plus
600521,SHSE.600521,,SH,A股-上交所,2023-08-14,18.22,18.52,18.18,18.41,18.36,5238167,95896491.18,0.2723,0.3601,1,0,none,baostock,query_history_k_data_plus
600521,SHSE.600521,,SH,A股-上交所,2023-08-15,18.41,18.49,18.2,18.37,18.41,4793622,87783684.13,-0.2173,0.3295,1,0,none,baostock,query_history_k_data_plus
600521,SHSE.600521,,SH,A股-上交所,2023-08-16,18.3,18.49,18.1,18.11,18.37,4406321,80461592.54,-1.4154,0.3029,1,0,none,baostock,query_history_k_data_plus
600521,SHSE.600521,,SH,A股-上交所,2023-08-17,18.12,18.12,17.8,18.04,18.11,6892701,123771271.38,-0.3865,0.4739,1,0,none,baostock,query_history_k_data_plus
600521,SHSE.600521,,SH,A股-上交所,2023-08-18,18.08,18.08,17.62,17.63,18.04,8095339,144271871.88,-2.2727,0.5565,1,0,none,baostock,query_history_k_data_plus
600521,SHSE.600521,,SH,A股-上交所,2023-08-21,17.5,17.68,17.22,17.22,17.63,8861838,154422981.28,-2.3256,0.6092,1,0,none,baostock,query_history_k_data_plus
600521,SHSE.600521,,SH,A股-上交所,2023-08-22,17.34,17.46,16.81,17.06,17.22,10034705,170833872.93,-0.9292,0.6899,1,0,none,baostock,query_history_k_data_plus
600521,SHSE.600521,,SH,A股-上交所,2023-08-23,17.11,17.13,16.4,16.47,17.06,9796020,163255127.4,-3.4584,0.6734,1,0,none,baostock,query_history_k_data_plus
600521,SHSE.600521,,SH,A股-上交所,2023-08-24,16.41,16.58,15.97,16.36,16.47,13423885,218231214.97,-0.6679,0.9228,1,0,none,baostock,query_history_k_data_plus
600521,SHSE.600521,,SH,A股-上交所,2023-08-25,16.35,16.64,16.17,16.38,16.36,6270391,103073237.6,0.1222,0.4311,1,0,none,baostock,query_history_k_data_plus
600521,SHSE.600521,,SH,A股-上交所,2023-08-28,17.13,17.19,16.29,16.45,16.38,9084748,151931374.69,0.4274,0.6245,1,0,none,baostock,query_history_k_data_plus
600521,SHSE.600521,,SH,A股-上交所,2023-08-29,16.36,17.0,16.36,16.93,16.45,9054882,151771918.85,2.9179,0.6225,1,0,none,baostock,query_history_k_data_plus
600521,SHSE.600521,,SH,A股-上交所,2023-08-30,16.86,17.03,16.83,16.89,16.93,4508256,76306969.88,-0.2363,0.3099,1,0,none,baostock,query_history_k_data_plus
600521,SHSE.600521,,SH,A股-上交所,2023-08-31,16.91,17.04,16.73,16.8,16.89,6531876,110013737.39,-0.5329,0.449,1,0,none,baostock,query_history_k_data_plus
600521,SHSE.600521,,SH,A股-上交所,2023-09-01,16.83,17.04,16.81,17.02,16.8,5179015,87954694.1,1.3095,0.356,1,0,none,baostock,query_history_k_data_plus
600521,SHSE.600521,,SH,A股-上交所,2023-09-04,17.09,17.17,16.91,16.96,17.02,6334743,107462585.36,-0.3525,0.4355,1,0,none,baostock,query_history_k_data_plus
600521,SHSE.600521,,SH,A股-上交所,2023-09-05,16.97,17.06,16.92,16.95,16.96,3388457,57506392.63,-0.059,0.2329,1,0,none,baostock,query_history_k_data_plus
600521,SHSE.600521,,SH,A股-上交所,2023-09-06,16.88,16.94,16.73,16.83,16.95,4130652,69540475.66,-0.708,0.284,1,0,none,baostock,query_history_k_data_plus
600521,SHSE.600521,,SH,A股-上交所,2023-09-07,16.83,16.85,16.37,16.41,16.83,7677914,126996009.25,-2.4955,0.5278,1,0,none,baostock,query_history_k_data_plus
600521,SHSE.600521,,SH,A股-上交所,2023-09-08,16.36,16.59,16.36,16.5,16.41,3309083,54617363.84,0.5484,0.2275,1,0,none,baostock,query_history_k_data_plus
600521,SHSE.600521,,SH,A股-上交所,2023-09-11,16.55,16.89,16.47,16.81,16.5,6524400,109413598.0,1.8788,0.4485,1,0,none,baostock,query_history_k_data_plus
600521,SHSE.600521,,SH,A股-上交所,2023-09-12,16.84,17.08,16.76,17.02,16.81,5995981,101781508.84,1.2493,0.4122,1,0,none,baostock,query_history_k_data_plus
600521,SHSE.600521,,SH,A股-上交所,2023-09-13,17.0,17.04,16.64,16.81,17.02,4866055,81632595.55,-1.2338,0.3345,1,0,none,baostock,query_history_k_data_plus
600521,SHSE.600521,,SH,A股-上交所,2023-09-14,16.85,16.89,16.64,16.75,16.81,5862709,98146458.26,-0.3569,0.403,1,0,none,baostock,query_history_k_data_plus
600521,SHSE.600521,,SH,A股-上交所,2023-09-15,16.75,17.1,16.58,16.84,16.75,7750260,130757353.52,0.5373,0.5328,1,0,none,baostock,query_history_k_data_plus
600521,SHSE.600521,,SH,A股-上交所,2023-09-18,16.8,17.05,16.75,16.94,16.84,9782995,165285994.09,0.5938,0.6725,1,0,none,baostock,query_history_k_data_plus
600521,SHSE.600521,,SH,A股-上交所,2023-09-19,16.95,17.03,16.69,16.79,16.94,5768326,96892490.98,-0.8855,0.3966,1,0,none,baostock,query_history_k_data_plus
600521,SHSE.600521,,SH,A股-上交所,2023-09-20,16.76,16.88,16.67,16.7,16.79,4791900,80265664.0,-0.536,0.3294,1,0,none,baostock,query_history_k_data_plus
600521,SHSE.600521,,SH,A股-上交所,2023-09-21,16.68,16.75,16.51,16.55,16.7,5000321,82960484.83,-0.8982,0.3438,1,0,none,baostock,query_history_k_data_plus
600521,SHSE.600521,,SH,A股-上交所,2023-09-22,16.51,16.81,16.35,16.8,16.55,5968043,99129740.67,1.5106,0.4103,1,0,none,baostock,query_history_k_data_plus
600521,SHSE.600521,,SH,A股-上交所,2023-09-25,16.8,17.01,16.72,16.96,16.8,8465090,143064702.1,0.9524,0.5819,1,0,none,baostock,query_history_k_data_plus
600521,SHSE.600521,,SH,A股-上交所,2023-09-26,16.9,16.94,16.68,16.75,16.96,4780328,80260839.0,-1.2382,0.3286,1,0,none,baostock,query_history_k_data_plus
600521,SHSE.600521,,SH,A股-上交所,2023-09-27,16.79,17.15,16.67,17.09,16.75,11655252,198471269.76,2.0299,0.8013,1,0,none,baostock,query_history_k_data_plus
600521,SHSE.600521,,SH,A股-上交所,2023-09-28,17.11,17.17,16.93,16.95,17.09,6175477,105109185.02,-0.8192,0.4245,1,0,none,baostock,query_history_k_data_plus
600521,SHSE.600521,,SH,A股-上交所,2023-10-09,16.96,17.11,16.75,16.93,16.95,5158842,87070482.96,-0.118,0.3547,1,0,none,baostock,query_history_k_data_plus
600521,SHSE.600521,,SH,A股-上交所,2023-10-10,16.95,16.95,16.67,16.74,16.93,5522697,92519600.1,-1.1223,0.3797,1,0,none,baostock,query_history_k_data_plus
600521,SHSE.600521,,SH,A股-上交所,2023-10-11,16.74,17.15,16.74,16.84,16.74,10923184,185706039.23,0.5974,0.7509,1,0,none,baostock,query_history_k_data_plus
600521,SHSE.600521,,SH,A股-上交所,2023-10-12,16.95,17.2,16.84,16.96,16.84,7818650,132803112.9,0.7126,0.5375,1,0,none,baostock,query_history_k_data_plus
600521,SHSE.600521,,SH,A股-上交所,2023-10-13,16.96,17.22,16.92,17.21,16.96,12412535,212748453.89,1.4741,0.8533,1,0,none,baostock,query_history_k_data_plus
600521,SHSE.600521,,SH,A股-上交所,2023-10-16,17.21,17.46,16.89,16.96,17.21,10850935,185341973.5,-1.4526,0.746,1,0,none,baostock,query_history_k_data_plus
600521,SHSE.600521,,SH,A股-上交所,2023-10-17,16.94,16.98,16.51,16.72,16.96,11204386,186718898.91,-1.4151,0.7703,1,0,none,baostock,query_history_k_data_plus
600521,SHSE.600521,,SH,A股-上交所,2023-10-18,16.72,16.75,16.21,16.3,16.72,9516292,155646603.26,-2.512,0.6542,1,0,none,baostock,query_history_k_data_plus
600521,SHSE.600521,,SH,A股-上交所,2023-10-19,16.2,16.21,15.86,15.89,16.3,8876491,141805967.07,-2.5153,0.6102,1,0,none,baostock,query_history_k_data_plus
600521,SHSE.600521,,SH,A股-上交所,2023-10-20,15.86,15.86,15.38,15.38,15.89,9553563,149051219.29,-3.2096,0.6568,1,0,none,baostock,query_history_k_data_plus
600521,SHSE.600521,,SH,A股-上交所,2023-10-23,15.38,15.58,15.16,15.34,15.38,8120137,124991252.66,-0.2601,0.5582,1,0,none,baostock,query_history_k_data_plus
600521,SHSE.600521,,SH,A股-上交所,2023-10-24,15.34,15.47,15.03,15.13,15.34,11218832,170229982.24,-1.369,0.7713,1,0,none,baostock,query_history_k_data_plus
600521,SHSE.600521,,SH,A股-上交所,2023-10-25,15.2,15.3,15.12,15.16,15.13,7456310,113300654.5,0.1983,0.5126,1,0,none,baostock,query_history_k_data_plus
600521,SHSE.600521,,SH,A股-上交所,2023-10-26,15.02,15.18,14.93,15.16,15.16,6848000,103142391.0,0.0,0.4708,1,0,none,baostock,query_history_k_data_plus
600521,SHSE.600521,,SH,A股-上交所,2023-10-27,15.16,15.91,14.93,15.79,15.16,14962397,232377281.77,4.1557,1.0286,1,0,none,baostock,query_history_k_data_plus
600521,SHSE.600521,,SH,A股-上交所,2023-10-30,15.7,16.19,15.67,16.11,15.79,12733159,204369043.36,2.0266,0.8754,1,0,none,baostock,query_history_k_data_plus
600521,SHSE.600521,,SH,A股-上交所,2023-10-31,15.97,16.25,15.9,16.17,16.11,9583563,154701941.51,0.3724,0.6588,1,0,none,baostock,query_history_k_data_plus
600521,SHSE.600521,,SH,A股-上交所,2023-11-01,16.19,16.2,15.7,15.91,16.17,10806340,171743118.0,-1.6079,0.7429,1,0,none,baostock,query_history_k_data_plus
600521,SHSE.600521,,SH,A股-上交所,2023-11-02,15.96,16.04,15.71,15.79,15.91,6438488,101827126.16,-0.7542,0.4426,1,0,none,baostock,query_history_k_data_plus
600521,SHSE.600521,,SH,A股-上交所,2023-11-03,15.78,15.94,15.7,15.76,15.79,8053247,127325612.56,-0.19,0.5536,1,0,none,baostock,query_history_k_data_plus
600521,SHSE.600521,,SH,A股-上交所,2023-11-06,15.96,16.38,15.92,16.1,15.76,14224314,229567403.83,2.1574,0.9779,1,0,none,baostock,query_history_k_data_plus
600521,SHSE.600521,,SH,A股-上交所,2023-11-07,16.19,16.23,15.96,15.97,16.1,8226900,132106946.0,-0.8075,0.5656,1,0,none,baostock,query_history_k_data_plus
600521,SHSE.600521,,SH,A股-上交所,2023-11-08,15.97,16.18,15.85,15.98,15.97,11821777,189213095.27,0.0626,0.8127,1,0,none,baostock,query_history_k_data_plus
600521,SHSE.600521,,SH,A股-上交所,2023-11-09,15.95,16.16,15.81,15.85,15.98,8400460,133806594.9,-0.8135,0.5775,1,0,none,baostock,query_history_k_data_plus
600521,SHSE.600521,,SH,A股-上交所,2023-11-10,15.76,15.94,15.66,15.83,15.85,6027950,95444125.8,-0.1262,0.4144,1,0,none,baostock,query_history_k_data_plus
600521,SHSE.600521,,SH,A股-上交所,2023-11-13,15.89,15.99,15.58,15.68,15.83,10132012,159158896.03,-0.9476,0.6965,1,0,none,baostock,query_history_k_data_plus
600521,SHSE.600521,,SH,A股-上交所,2023-11-14,15.65,15.84,15.6,15.65,15.68,7182809,112707029.36,-0.1913,0.4938,1,0,none,baostock,query_history_k_data_plus
600521,SHSE.600521,,SH,A股-上交所,2023-11-15,15.75,15.85,15.7,15.78,15.65,7558258,119229721.88,0.8307,0.5196,1,0,none,baostock,query_history_k_data_plus
600521,SHSE.600521,,SH,A股-上交所,2023-11-16,15.8,15.8,15.51,15.59,15.78,8133564,126956663.28,-1.2041,0.5592,1,0,none,baostock,query_history_k_data_plus
600521,SHSE.600521,,SH,A股-上交所,2023-11-17,15.58,15.76,15.53,15.74,15.59,6681216,104718758.32,0.9622,0.4593,1,0,none,baostock,query_history_k_data_plus
600521,SHSE.600521,,SH,A股-上交所,2023-11-20,15.72,15.86,15.58,15.63,15.74,11167930,175111937.6,-0.6989,0.7678,1,0,none,baostock,query_history_k_data_plus
600521,SHSE.600521,,SH,A股-上交所,2023-11-21,15.66,15.83,15.63,15.71,15.63,10670496,167817428.94,0.5118,0.7336,1,0,none,baostock,query_history_k_data_plus
600521,SHSE.600521,,SH,A股-上交所,2023-11-22,15.68,15.73,15.61,15.61,15.71,5800810,90794122.9,-0.6365,0.3988,1,0,none,baostock,query_history_k_data_plus
600521,SHSE.600521,,SH,A股-上交所,2023-11-23,15.61,15.83,15.61,15.81,15.61,8180649,128782476.46,1.2812,0.5624,1,0,none,baostock,query_history_k_data_plus
600521,SHSE.600521,,SH,A股-上交所,2023-11-24,15.88,15.97,15.75,15.93,15.81,11374540,180452708.21,0.759,0.782,1,0,none,baostock,query_history_k_data_plus
600521,SHSE.600521,,SH,A股-上交所,2023-11-27,15.99,16.04,15.55,15.57,15.93,12240548,191727533.74,-2.2599,0.8405,1,0,none,baostock,query_history_k_data_plus
600521,SHSE.600521,,SH,A股-上交所,2023-11-28,15.52,15.86,15.28,15.77,15.57,13882850,217757289.31,1.2845,0.9532,1,0,none,baostock,query_history_k_data_plus
600521,SHSE.600521,,SH,A股-上交所,2023-11-29,15.8,15.81,15.61,15.64,15.77,6394058,100435539.28,-0.8244,0.439,1,0,none,baostock,query_history_k_data_plus
600521,SHSE.600521,,SH,A股-上交所,2023-11-30,15.63,15.72,15.5,15.65,15.64,4893317,76512629.24,0.0639,0.336,1,0,none,baostock,query_history_k_data_plus
600521,SHSE.600521,,SH,A股-上交所,2023-12-01,15.61,15.78,15.51,15.63,15.65,6578964,102850555.56,-0.1278,0.4517,1,0,none,baostock,query_history_k_data_plus
600521,SHSE.600521,,SH,A股-上交所,2023-12-04,15.65,15.65,15.35,15.42,15.63,8849492,136936211.32,-1.3436,0.6076,1,0,none,baostock,query_history_k_data_plus
600521,SHSE.600521,,SH,A股-上交所,2023-12-05,15.45,15.46,15.27,15.27,15.42,6803723,104315815.69,-0.9728,0.4672,1,0,none,baostock,query_history_k_data_plus
600521,SHSE.600521,,SH,A股-上交所,2023-12-06,15.25,15.62,15.16,15.39,15.27,8438949,129851313.92,0.7859,0.5794,1,0,none,baostock,query_history_k_data_plus
600521,SHSE.600521,,SH,A股-上交所,2023-12-07,15.38,15.46,15.12,15.2,15.39,7813641,118853216.88,-1.2346,0.5365,1,0,none,baostock,query_history_k_data_plus
600521,SHSE.600521,,SH,A股-上交所,2023-12-08,15.18,15.28,15.08,15.1,15.2,8065626,122196992.79,-0.6579,0.5538,1,0,none,baostock,query_history_k_data_plus
600521,SHSE.600521,,SH,A股-上交所,2023-12-11,15.11,15.49,14.87,15.45,15.1,11312621,171593382.44,2.3179,0.7768,1,0,none,baostock,query_history_k_data_plus
600521,SHSE.600521,,SH,A股-上交所,2023-12-12,15.41,15.44,15.2,15.24,15.45,7310461,111770121.8,-1.3592,0.502,1,0,none,baostock,query_history_k_data_plus
600521,SHSE.600521,,SH,A股-上交所,2023-12-13,15.21,15.78,15.18,15.41,15.24,14961855,232291453.04,1.1155,1.0273,1,0,none,baostock,query_history_k_data_plus
600521,SHSE.600521,,SH,A股-上交所,2023-12-14,15.35,15.65,15.16,15.16,15.41,10445861,160143702.74,-1.6223,0.7172,1,0,none,baostock,query_history_k_data_plus
600521,SHSE.600521,,SH,A股-上交所,2023-12-15,15.22,15.24,14.95,14.95,15.16,9660965,145444191.15,-1.3852,0.6634,1,0,none,baostock,query_history_k_data_plus
600521,SHSE.600521,,SH,A股-上交所,2023-12-18,14.9,14.99,14.7,14.7,14.95,8501662,125883574.87,-1.6722,0.5837,1,0,none,baostock,query_history_k_data_plus
600521,SHSE.600521,,SH,A股-上交所,2023-12-19,14.7,14.77,14.47,14.56,14.7,7210780,105011293.44,-0.9524,0.4951,1,0,none,baostock,query_history_k_data_plus
600521,SHSE.600521,,SH,A股-上交所,2023-12-20,14.56,14.66,14.41,14.43,14.56,5876500,85275691.5,-0.8929,0.4035,1,0,none,baostock,query_history_k_data_plus
600521,SHSE.600521,,SH,A股-上交所,2023-12-21,14.44,14.63,14.25,14.58,14.43,7782442,112318090.94,1.0395,0.5344,1,0,none,baostock,query_history_k_data_plus
600521,SHSE.600521,,SH,A股-上交所,2023-12-22,14.58,14.64,14.41,14.57,14.58,6153200,89286898.17,-0.0686,0.4225,1,0,none,baostock,query_history_k_data_plus
600521,SHSE.600521,,SH,A股-上交所,2023-12-25,14.45,14.58,14.19,14.29,14.57,7926092,113628644.36,-1.9218,0.5442,1,0,none,baostock,query_history_k_data_plus
600521,SHSE.600521,,SH,A股-上交所,2023-12-26,14.23,14.37,14.14,14.26,14.29,5892482,84006379.37,-0.2099,0.4046,1,0,none,baostock,query_history_k_data_plus
600521,SHSE.600521,,SH,A股-上交所,2023-12-27,14.25,14.32,14.14,14.29,14.26,5348134,76095375.62,0.2104,0.3672,1,0,none,baostock,query_history_k_data_plus
600521,SHSE.600521,,SH,A股-上交所,2023-12-28,14.25,14.5,14.21,14.42,14.29,11948477,172077942.15,0.9097,0.8204,1,0,none,baostock,query_history_k_data_plus
600521,SHSE.600521,,SH,A股-上交所,2023-12-29,14.45,14.98,14.39,14.67,14.42,18727101,275593585.21,1.7337,1.2859,1,0,none,baostock,query_history_k_data_plus
600521,SHSE.600521,,SH,A股-上交所,2024-01-02,14.67,15.01,14.6,14.71,14.67,14332026,211903999.85,0.2727,0.9841,1,0,none,baostock,query_history_k_data_plus
600521,SHSE.600521,,SH,A股-上交所,2024-01-03,14.7,15.0,14.61,14.7,14.71,10917859,161658639.06,-0.068,0.7497,1,0,none,baostock,query_history_k_data_plus
600521,SHSE.600521,,SH,A股-上交所,2024-01-04,14.7,14.7,14.4,14.51,14.7,8053056,116842042.28,-1.2925,0.5529,1,0,none,baostock,query_history_k_data_plus
600521,SHSE.600521,,SH,A股-上交所,2024-01-05,14.48,14.49,14.12,14.17,14.51,10059976,143833833.76,-2.3432,0.6907,1,0,none,baostock,query_history_k_data_plus
600521,SHSE.600521,,SH,A股-上交所,2024-01-08,14.13,14.16,13.66,13.67,14.17,10091193,140037255.23,-3.5286,0.688,1,0,none,baostock,query_history_k_data_plus
600521,SHSE.600521,,SH,A股-上交所,2024-01-09,13.71,13.83,13.61,13.72,13.67,6457333,88588225.53,0.3658,0.4402,1,0,none,baostock,query_history_k_data_plus
600521,SHSE.600521,,SH,A股-上交所,2024-01-10,13.69,13.83,13.53,13.62,13.72,6777602,92648496.87,-0.7289,0.4621,1,0,none,baostock,query_history_k_data_plus
600521,SHSE.600521,,SH,A股-上交所,2024-01-11,13.62,13.89,13.62,13.87,13.62,7454207,102746610.84,1.8355,0.5082,1,0,none,baostock,query_history_k_data_plus
600521,SHSE.600521,,SH,A股-上交所,2024-01-12,13.87,14.12,13.8,13.85,13.87,5882732,82096275.01,-0.1442,0.4011,1,0,none,baostock,query_history_k_data_plus
600521,SHSE.600521,,SH,A股-上交所,2024-01-15,13.78,13.83,13.61,13.65,13.85,6392468,87655395.6,-1.444,0.4358,1,0,none,baostock,query_history_k_data_plus
600521,SHSE.600521,,SH,A股-上交所,2024-01-16,13.64,13.7,13.3,13.49,13.65,9251657,124507571.95,-1.1722,0.6308,1,0,none,baostock,query_history_k_data_plus
600521,SHSE.600521,,SH,A股-上交所,2024-01-17,13.45,13.57,13.21,13.21,13.49,6608410,88121182.2,-2.0756,0.4505,1,0,none,baostock,query_history_k_data_plus
600521,SHSE.600521,,SH,A股-上交所,2024-01-18,13.21,13.28,12.81,13.28,13.21,10796777,140425597.64,0.5299,0.7361,1,0,none,baostock,query_history_k_data_plus
600521,SHSE.600521,,SH,A股-上交所,2024-01-19,13.26,13.26,12.9,12.92,13.28,7777167,101693393.25,-2.7108,0.5302,1,0,none,baostock,query_history_k_data_plus
600521,SHSE.600521,,SH,A股-上交所,2024-01-22,12.9,13.0,12.19,12.27,12.92,12029478,150948083.7,-5.031,0.8201,1,0,none,baostock,query_history_k_data_plus
600521,SHSE.600521,,SH,A股-上交所,2024-01-23,12.27,12.53,12.16,12.36,12.27,8442151,104469319.28,0.7335,0.5756,1,0,none,baostock,query_history_k_data_plus
600521,SHSE.600521,,SH,A股-上交所,2024-01-24,12.43,12.56,12.23,12.55,12.36,9184382,114321806.14,1.5372,0.6262,1,0,none,baostock,query_history_k_data_plus
600521,SHSE.600521,,SH,A股-上交所,2024-01-25,12.56,13.13,12.51,13.08,12.55,10483200,135181752.3,4.2231,0.7147,1,0,none,baostock,query_history_k_data_plus
600521,SHSE.600521,,SH,A股-上交所,2024-01-26,13.0,13.28,12.9,12.91,13.08,8488132,110887936.22,-1.2997,0.5787,1,0,none,baostock,query_history_k_data_plus
600521,SHSE.600521,,SH,A股-上交所,2024-01-29,12.91,13.0,12.57,12.59,12.91,7996802,101797644.7,-2.4787,0.5452,1,0,none,baostock,query_history_k_data_plus
600521,SHSE.600521,,SH,A股-上交所,2024-01-30,12.56,12.6,12.15,12.17,12.59,8608032,106437882.06,-3.336,0.5869,1,0,none,baostock,query_history_k_data_plus
600521,SHSE.600521,,SH,A股-上交所,2024-01-31,12.17,12.24,11.55,11.57,12.17,14156277,167037773.29,-4.9302,0.9651,1,0,none,baostock,query_history_k_data_plus
600521,SHSE.600521,,SH,A股-上交所,2024-02-01,11.57,11.98,11.48,11.76,11.57,10923722,128437489.54,1.6422,0.7448,1,0,none,baostock,query_history_k_data_plus
600521,SHSE.600521,,SH,A股-上交所,2024-02-02,11.76,11.95,11.1,11.48,11.76,13252934,153026285.65,-2.381,0.9036,1,0,none,baostock,query_history_k_data_plus
600521,SHSE.600521,,SH,A股-上交所,2024-02-05,11.4,11.53,10.71,11.38,11.48,21007766,234590075.08,-0.8711,1.4323,1,0,none,baostock,query_history_k_data_plus
600521,SHSE.600521,,SH,A股-上交所,2024-02-06,11.3,12.45,11.07,12.43,11.38,20462121,244673889.61,9.2267,1.3951,1,0,none,baostock,query_history_k_data_plus
600521,SHSE.600521,,SH,A股-上交所,2024-02-07,12.45,13.54,12.45,13.54,12.43,26338691,347406723.9,8.93,1.7957,1,0,none,baostock,query_history_k_data_plus
600521,SHSE.600521,,SH,A股-上交所,2024-02-08,13.51,14.1,13.3,13.45,13.54,24848201,341686241.01,-0.6647,1.6941,1,0,none,baostock,query_history_k_data_plus
600521,SHSE.600521,,SH,A股-上交所,2024-02-19,13.84,13.84,13.13,13.35,13.45,16397425,219124555.33,-0.7435,1.1179,1,0,none,baostock,query_history_k_data_plus
600521,SHSE.600521,,SH,A股-上交所,2024-02-20,13.35,13.51,13.13,13.43,13.35,10172335,136262184.6,0.5993,0.6935,1,0,none,baostock,query_history_k_data_plus
600521,SHSE.600521,,SH,A股-上交所,2024-02-21,13.42,13.6,13.25,13.26,13.43,14344285,192079566.08,-1.2658,0.978,1,0,none,baostock,query_history_k_data_plus
600521,SHSE.600521,,SH,A股-上交所,2024-02-22,13.27,13.43,13.21,13.43,13.26,11403132,152298675.76,1.2821,0.7774,1,0,none,baostock,query_history_k_data_plus
600521,SHSE.600521,,SH,A股-上交所,2024-02-23,13.45,13.48,13.23,13.4,13.43,10464325,139553862.85,-0.2234,0.7134,1,0,none,baostock,query_history_k_data_plus
600521,SHSE.600521,,SH,A股-上交所,2024-02-26,13.38,13.7,13.32,13.52,13.4,14393272,194323564.05,0.8955,0.9813,1,0,none,baostock,query_history_k_data_plus
600521,SHSE.600521,,SH,A股-上交所,2024-02-27,13.49,13.65,13.43,13.65,13.52,12336891,167115765.75,0.9615,0.8411,1,0,none,baostock,query_history_k_data_plus
600521,SHSE.600521,,SH,A股-上交所,2024-02-28,13.67,14.08,13.51,13.51,13.65,20794563,288273563.75,-1.0256,1.4177,1,0,none,baostock,query_history_k_data_plus
600521,SHSE.600521,,SH,A股-上交所,2024-02-29,13.45,13.94,13.39,13.93,13.51,14512435,200087214.0,3.1088,0.9894,1,0,none,baostock,query_history_k_data_plus
600521,SHSE.600521,,SH,A股-上交所,2024-03-01,13.92,14.06,13.76,13.94,13.93,9734907,135585250.95,0.0718,0.6637,1,0,none,baostock,query_history_k_data_plus
600521,SHSE.600521,,SH,A股-上交所,2024-03-04,13.94,14.35,13.91,14.13,13.94,11721418,165820524.52,1.363,0.7991,1,0,none,baostock,query_history_k_data_plus
600521,SHSE.600521,,SH,A股-上交所,2024-03-05,14.08,14.09,13.81,13.85,14.13,12907204,179660535.2,-1.9816,0.88,1,0,none,baostock,query_history_k_data_plus
600521,SHSE.600521,,SH,A股-上交所,2024-03-06,13.85,13.94,13.61,13.75,13.85,7510400,103385615.0,-0.722,0.512,1,0,none,baostock,query_history_k_data_plus
600521,SHSE.600521,,SH,A股-上交所,2024-03-07,13.74,13.83,13.44,13.44,13.75,8113604,110591733.48,-2.2545,0.5532,1,0,none,baostock,query_history_k_data_plus
600521,SHSE.600521,,SH,A股-上交所,2024-03-08,13.45,13.63,13.27,13.48,13.44,8871424,119083950.36,0.2976,0.6048,1,0,none,baostock,query_history_k_data_plus
600521,SHSE.600521,,SH,A股-上交所,2024-03-11,13.46,13.72,13.33,13.71,13.48,9608211,129661425.71,1.7062,0.6551,1,0,none,baostock,query_history_k_data_plus
600521,SHSE.600521,,SH,A股-上交所,2024-03-12,13.7,13.99,13.69,13.85,13.71,10041044,139101595.5,1.0212,0.6846,1,0,none,baostock,query_history_k_data_plus
600521,SHSE.600521,,SH,A股-上交所,2024-03-13,13.8,13.98,13.77,13.89,13.85,9166881,127119294.47,0.2888,0.625,1,0,none,baostock,query_history_k_data_plus
600521,SHSE.600521,,SH,A股-上交所,2024-03-14,14.13,14.25,13.69,13.8,13.89,11293925,157398336.58,-0.6479,0.77,1,0,none,baostock,query_history_k_data_plus
600521,SHSE.600521,,SH,A股-上交所,2024-03-15,13.74,13.91,13.57,13.89,13.8,9975617,137125954.42,0.6522,0.6801,1,0,none,baostock,query_history_k_data_plus
600521,SHSE.600521,,SH,A股-上交所,2024-03-18,13.85,13.92,13.7,13.91,13.89,10387419,143589303.96,0.144,0.7082,1,0,none,baostock,query_history_k_data_plus
600521,SHSE.600521,,SH,A股-上交所,2024-03-19,13.91,13.92,13.72,13.73,13.91,8771158,121082462.82,-1.294,0.598,1,0,none,baostock,query_history_k_data_plus
600521,SHSE.600521,,SH,A股-上交所,2024-03-20,13.73,13.8,13.59,13.79,13.73,7542582,103401309.56,0.437,0.5142,1,0,none,baostock,query_history_k_data_plus
600521,SHSE.600521,,SH,A股-上交所,2024-03-21,13.82,13.82,13.58,13.59,13.79,7628925,104240210.98,-1.4503,0.5201,1,0,none,baostock,query_history_k_data_plus
600521,SHSE.600521,,SH,A股-上交所,2024-03-22,13.56,13.61,13.2,13.24,13.59,10971029,146190046.06,-2.5754,0.748,1,0,none,baostock,query_history_k_data_plus
600521,SHSE.600521,,SH,A股-上交所,2024-03-25,13.2,13.31,13.0,13.01,13.24,9845806,129494542.55,-1.7372,0.6713,1,0,none,baostock,query_history_k_data_plus
600521,SHSE.600521,,SH,A股-上交所,2024-03-26,13.0,13.11,12.88,13.0,13.01,6712470,87237147.8,-0.0769,0.4576,1,0,none,baostock,query_history_k_data_plus
600521,SHSE.600521,,SH,A股-上交所,2024-03-27,13.02,13.08,12.78,12.78,13.0,7766579,100586419.43,-1.6923,0.5295,1,0,none,baostock,query_history_k_data_plus
600521,SHSE.600521,,SH,A股-上交所,2024-03-28,12.76,13.01,12.69,12.92,12.78,7086854,91384843.71,1.0955,0.4832,1,0,none,baostock,query_history_k_data_plus
600521,SHSE.600521,,SH,A股-上交所,2024-03-29,12.92,12.99,12.8,12.9,12.92,5449420,70161740.6,-0.1548,0.3715,1,0,none,baostock,query_history_k_data_plus
600521,SHSE.600521,,SH,A股-上交所,2024-04-01,12.9,13.21,12.89,13.2,12.9,8484265,111080455.38,2.3256,0.5784,1,0,none,baostock,query_history_k_data_plus
600521,SHSE.600521,,SH,A股-上交所,2024-04-02,13.18,13.23,13.0,13.11,13.2,6877941,89936303.7,-0.6818,0.4689,1,0,none,baostock,query_history_k_data_plus
600521,SHSE.600521,,SH,A股-上交所,2024-04-03,13.2,13.29,12.96,12.99,13.11,6750440,88267249.64,-0.9153,0.4602,1,0,none,baostock,query_history_k_data_plus
600521,SHSE.600521,,SH,A股-上交所,2024-04-08,12.91,12.95,12.55,12.57,12.99,7633438,97006180.37,-3.2333,0.5204,1,0,none,baostock,query_history_k_data_plus
600521,SHSE.600521,,SH,A股-上交所,2024-04-09,12.52,13.2,12.52,13.19,12.57,12976301,167733494.76,4.9324,0.8847,1,0,none,baostock,query_history_k_data_plus
600521,SHSE.600521,,SH,A股-上交所,2024-04-10,13.38,14.19,13.38,14.13,13.19,48913864,684615826.74,7.1266,3.3348,1,0,none,baostock,query_history_k_data_plus
600521,SHSE.600521,,SH,A股-上交所,2024-04-11,14.19,14.55,14.01,14.44,14.13,34893324,498595242.61,2.1939,2.3789,1,0,none,baostock,query_history_k_data_plus
600521,SHSE.600521,,SH,A股-上交所,2024-04-12,14.5,14.95,14.31,14.85,14.44,29886879,438256395.18,2.8393,2.0376,1,0,none,baostock,query_history_k_data_plus
600521,SHSE.600521,,SH,A股-上交所,2024-04-15,14.85,15.11,14.59,14.8,14.85,21093412,313811187.04,-0.3367,1.4381,1,0,none,baostock,query_history_k_data_plus
600521,SHSE.600521,,SH,A股-上交所,2024-04-16,15.1,15.41,14.75,14.76,14.8,29754223,446802720.45,-0.2703,2.0286,1,0,none,baostock,query_history_k_data_plus
600521,SHSE.600521,,SH,A股-上交所,2024-04-17,14.9,15.2,14.64,15.16,14.76,24144265,360086349.82,2.71,1.6461,1,0,none,baostock,query_history_k_data_plus
600521,SHSE.600521,,SH,A股-上交所,2024-04-18,15.11,15.3,14.98,15.04,15.16,14494401,219445424.36,-0.7916,0.9882,1,0,none,baostock,query_history_k_data_plus
600521,SHSE.600521,,SH,A股-上交所,2024-04-19,14.94,15.29,14.91,15.2,15.04,12975616,196017186.8,1.0638,0.8846,1,0,none,baostock,query_history_k_data_plus
600521,SHSE.600521,,SH,A股-上交所,2024-04-22,15.05,15.88,15.05,15.71,15.2,25030523,391302500.84,3.3553,1.7065,1,0,none,baostock,query_history_k_data_plus
600521,SHSE.600521,,SH,A股-上交所,2024-04-23,15.6,15.85,15.43,15.69,15.71,12887844,201714683.48,-0.1273,0.8787,1,0,none,baostock,query_history_k_data_plus
600521,SHSE.600521,,SH,A股-上交所,2024-04-24,15.69,15.76,15.52,15.69,15.69,10049282,157190002.72,0.0,0.6851,1,0,none,baostock,query_history_k_data_plus
600521,SHSE.600521,,SH,A股-上交所,2024-04-25,15.68,15.98,15.5,15.84,15.69,12594118,198874845.88,0.956,0.8586,1,0,none,baostock,query_history_k_data_plus
600521,SHSE.600521,,SH,A股-上交所,2024-04-26,15.78,16.09,15.71,16.05,15.84,14870385,237519407.55,1.3258,1.0138,1,0,none,baostock,query_history_k_data_plus
600521,SHSE.600521,,SH,A股-上交所,2024-04-29,16.09,16.35,16.0,16.11,16.05,16375403,264498229.82,0.3738,1.1164,1,0,none,baostock,query_history_k_data_plus
600521,SHSE.600521,,SH,A股-上交所,2024-04-30,16.33,16.84,16.2,16.75,16.11,23394569,388955014.49,3.9727,1.595,1,0,none,baostock,query_history_k_data_plus
600521,SHSE.600521,,SH,A股-上交所,2024-05-06,16.97,17.54,16.71,17.47,16.75,31694458,546806338.03,4.2985,2.1609,1,0,none,baostock,query_history_k_data_plus
600521,SHSE.600521,,SH,A股-上交所,2024-05-07,17.41,17.91,17.3,17.79,17.47,21318221,375208909.82,1.8317,1.4534,1,0,none,baostock,query_history_k_data_plus
600521,SHSE.600521,,SH,A股-上交所,2024-05-08,17.81,17.96,17.55,17.61,17.79,15993858,282842471.34,-1.0118,1.0904,1,0,none,baostock,query_history_k_data_plus
600521,SHSE.600521,,SH,A股-上交所,2024-05-09,17.61,18.36,17.61,18.24,17.61,23882886,433859252.11,3.5775,1.6283,1,0,none,baostock,query_history_k_data_plus
600521,SHSE.600521,,SH,A股-上交所,2024-05-10,18.13,18.15,17.4,17.45,18.24,28627157,505602195.41,-4.3311,1.9517,1,0,none,baostock,query_history_k_data_plus
600521,SHSE.600521,,SH,A股-上交所,2024-05-13,17.42,17.69,17.24,17.34,17.45,13550010,235917524.7,-0.6304,0.9238,1,0,none,baostock,query_history_k_data_plus
600521,SHSE.600521,,SH,A股-上交所,2024-05-14,17.33,17.77,17.3,17.45,17.34,12586306,221071233.7,0.6344,0.8581,1,0,none,baostock,query_history_k_data_plus
600521,SHSE.600521,,SH,A股-上交所,2024-05-15,17.48,17.59,17.24,17.39,17.45,11014200,191886264.0,-0.3438,0.7509,1,0,none,baostock,query_history_k_data_plus
600521,SHSE.600521,,SH,A股-上交所,2024-05-16,17.39,17.79,17.3,17.61,17.39,14079999,247887347.64,1.2651,0.9599,1,0,none,baostock,query_history_k_data_plus
600521,SHSE.600521,,SH,A股-上交所,2024-05-17,17.57,17.79,17.45,17.74,17.61,11718730,206650169.61,0.7382,0.799,1,0,none,baostock,query_history_k_data_plus
600521,SHSE.600521,,SH,A股-上交所,2024-05-20,17.7,17.95,17.43,17.6,17.74,14231591,250764469.11,-0.7892,0.9703,1,0,none,baostock,query_history_k_data_plus
600521,SHSE.600521,,SH,A股-上交所,2024-05-21,17.68,17.72,17.43,17.53,17.6,7228969,126910119.52,-0.3977,0.4929,1,0,none,baostock,query_history_k_data_plus
600521,SHSE.600521,,SH,A股-上交所,2024-05-22,17.42,17.84,17.42,17.54,17.53,10166613,178775998.52,0.057,0.6931,1,0,none,baostock,query_history_k_data_plus
600521,SHSE.600521,,SH,A股-上交所,2024-05-23,17.67,17.68,17.35,17.41,17.54,9714175,169741153.31,-0.7412,0.6623,1,0,none,baostock,query_history_k_data_plus
600521,SHSE.600521,,SH,A股-上交所,2024-05-24,17.31,17.8,17.31,17.5,17.41,8913582,156990941.56,0.5169,0.6077,1,0,none,baostock,query_history_k_data_plus
600521,SHSE.600521,,SH,A股-上交所,2024-05-27,17.52,17.59,17.24,17.52,17.5,9556000,166397475.1,0.1143,0.6515,1,0,none,baostock,query_history_k_data_plus
600521,SHSE.600521,,SH,A股-上交所,2024-05-28,17.55,17.55,16.98,17.1,17.52,16720645,286476924.2,-2.3973,1.14,1,0,none,baostock,query_history_k_data_plus
600521,SHSE.600521,,SH,A股-上交所,2024-05-29,17.15,17.32,17.05,17.17,17.1,9366172,161144997.88,0.4094,0.6386,1,0,none,baostock,query_history_k_data_plus
600521,SHSE.600521,,SH,A股-上交所,2024-05-30,17.18,17.37,17.07,17.28,17.17,6952572,119830398.08,0.6407,0.474,1,0,none,baostock,query_history_k_data_plus
600521,SHSE.600521,,SH,A股-上交所,2024-05-31,17.34,17.58,17.24,17.34,17.28,8151730,141799161.1,0.3472,0.5558,1,0,none,baostock,query_history_k_data_plus
600521,SHSE.600521,,SH,A股-上交所,2024-06-03,17.14,17.74,17.14,17.34,17.34,10146390,177299495.28,0.0,0.6918,1,0,none,baostock,query_history_k_data_plus
600521,SHSE.600521,,SH,A股-上交所,2024-06-04,17.46,17.72,17.31,17.69,17.34,8928291,157355790.79,2.0185,0.6087,1,0,none,baostock,query_history_k_data_plus
600521,SHSE.600521,,SH,A股-上交所,2024-06-05,17.7,17.82,17.5,17.53,17.69,5963340,105439813.8,-0.9045,0.4066,1,0,none,baostock,query_history_k_data_plus
600521,SHSE.600521,,SH,A股-上交所,2024-06-06,17.66,17.7,17.42,17.5,17.53,8449198,148270496.32,-0.1711,0.576,1,0,none,baostock,query_history_k_data_plus
600521,SHSE.600521,,SH,A股-上交所,2024-06-07,17.49,17.62,17.27,17.3,17.5,6883604,119818840.11,-1.1429,0.4693,1,0,none,baostock,query_history_k_data_plus
600521,SHSE.600521,,SH,A股-上交所,2024-06-11,17.3,17.57,17.16,17.49,17.3,7794388,135722564.46,1.0983,0.5314,1,0,none,baostock,query_history_k_data_plus
600521,SHSE.600521,,SH,A股-上交所,2024-06-12,17.68,17.68,17.3,17.35,17.49,7508062,131026055.22,-0.8005,0.5119,1,0,none,baostock,query_history_k_data_plus
600521,SHSE.600521,,SH,A股-上交所,2024-06-13,17.44,17.49,17.19,17.3,17.35,7942301,137787241.02,-0.2882,0.5415,1,0,none,baostock,query_history_k_data_plus
600521,SHSE.600521,,SH,A股-上交所,2024-06-14,17.45,17.55,17.24,17.54,17.3,10320066,179697138.67,1.3873,0.7036,1,0,none,baostock,query_history_k_data_plus
600521,SHSE.600521,,SH,A股-上交所,2024-06-17,17.19,17.64,17.13,17.38,17.54,8193533,142422877.64,-0.9122,0.5586,1,0,none,baostock,query_history_k_data_plus
600521,SHSE.600521,,SH,A股-上交所,2024-06-18,17.43,17.66,17.37,17.48,17.38,7908665,138807164.6,0.5754,0.5392,1,0,none,baostock,query_history_k_data_plus
600521,SHSE.600521,,SH,A股-上交所,2024-06-19,17.42,17.53,17.15,17.25,17.48,7343200,126766087.0,-1.3158,0.5006,1,0,none,baostock,query_history_k_data_plus
600521,SHSE.600521,,SH,A股-上交所,2024-06-20,17.14,17.37,16.84,17.03,17.25,8866953,150913889.18,-1.2754,0.6045,1,0,none,baostock,query_history_k_data_plus
600521,SHSE.600521,,SH,A股-上交所,2024-06-21,17.0,18.04,16.94,17.88,17.03,20891891,370258543.81,4.9912,1.4244,1,0,none,baostock,query_history_k_data_plus
600521,SHSE.600521,,SH,A股-上交所,2024-06-24,17.88,17.99,17.35,17.73,17.88,16523323,292278050.71,-0.8389,1.1265,1,0,none,baostock,query_history_k_data_plus
600521,SHSE.600521,,SH,A股-上交所,2024-06-25,17.5,17.79,17.18,17.29,17.73,12337000,215280867.0,-2.4817,0.8411,1,0,none,baostock,query_history_k_data_plus
600521,SHSE.600521,,SH,A股-上交所,2024-06-26,17.32,17.57,17.16,17.57,17.29,8190009,142265369.11,1.6194,0.5584,1,0,none,baostock,query_history_k_data_plus
600521,SHSE.600521,,SH,A股-上交所,2024-06-27,17.5,17.54,17.13,17.17,17.57,9945786,171410758.46,-2.2766,0.6781,1,0,none,baostock,query_history_k_data_plus
600521,SHSE.600521,,SH,A股-上交所,2024-06-28,17.28,17.36,16.96,17.05,17.17,7850594,134599731.06,-0.6989,0.5352,1,0,none,baostock,query_history_k_data_plus
600521,SHSE.600521,,SH,A股-上交所,2024-07-01,17.04,17.26,16.84,17.11,17.05,7980651,136135547.85,0.3519,0.5441,1,0,none,baostock,query_history_k_data_plus
600521,SHSE.600521,,SH,A股-上交所,2024-07-02,17.15,17.21,16.89,16.94,17.11,7013924,119227143.24,-0.9936,0.4782,1,0,none,baostock,query_history_k_data_plus
600521,SHSE.600521,,SH,A股-上交所,2024-07-03,16.91,17.08,16.55,16.57,16.94,10746749,180283450.99,-2.1842,0.7327,1,0,none,baostock,query_history_k_data_plus
600521,SHSE.600521,,SH,A股-上交所,2024-07-04,16.58,16.68,15.99,16.17,16.57,18994961,307397390.29,-2.414,1.295,1,0,none,baostock,query_history_k_data_plus
600521,SHSE.600521,,SH,A股-上交所,2024-07-05,16.68,17.79,16.66,17.79,16.17,40496193,705448958.84,10.0186,2.7609,1,0,none,baostock,query_history_k_data_plus
600521,SHSE.600521,,SH,A股-上交所,2024-07-08,18.08,18.24,17.79,17.95,17.79,39867438,717437221.51,0.8994,2.7181,1,0,none,baostock,query_history_k_data_plus
600521,SHSE.600521,,SH,A股-上交所,2024-07-09,18.0,18.02,17.3,17.6,17.95,26697190,468953645.94,-1.9499,1.8202,1,0,none,baostock,query_history_k_data_plus
600521,SHSE.600521,,SH,A股-上交所,2024-07-10,17.4,17.93,17.26,17.79,17.4,22229437,393652730.51,2.2414,1.5156,1,0,none,baostock,query_history_k_data_plus
600521,SHSE.600521,,SH,A股-上交所,2024-07-11,17.86,17.9,17.39,17.8,17.79,20214078,357301943.32,0.0562,1.3781,1,0,none,baostock,query_history_k_data_plus
600521,SHSE.600521,,SH,A股-上交所,2024-07-12,17.79,17.9,17.63,17.79,17.8,13722533,243595608.05,-0.0562,0.9356,1,0,none,baostock,query_history_k_data_plus
600521,SHSE.600521,,SH,A股-上交所,2024-07-15,17.7,17.76,17.4,17.45,17.79,11499993,201322225.92,-1.9112,0.784,1,0,none,baostock,query_history_k_data_plus
600521,SHSE.600521,,SH,A股-上交所,2024-07-16,17.45,17.54,17.29,17.46,17.45,9144261,159401985.45,0.0573,0.6234,1,0,none,baostock,query_history_k_data_plus
600521,SHSE.600521,,SH,A股-上交所,2024-07-17,17.49,17.62,17.21,17.54,17.46,12716567,221908519.3,0.4582,0.867,1,0,none,baostock,query_history_k_data_plus
600521,SHSE.600521,,SH,A股-上交所,2024-07-18,17.62,17.68,17.29,17.68,17.54,10794942,189049779.41,0.7982,0.736,1,0,none,baostock,query_history_k_data_plus
600521,SHSE.600521,,SH,A股-上交所,2024-07-19,17.51,17.65,17.32,17.38,17.68,10123932,176297556.2,-1.6968,0.6902,1,0,none,baostock,query_history_k_data_plus
600521,SHSE.600521,,SH,A股-上交所,2024-07-22,17.2,17.75,16.95,17.71,17.38,15839944,277561592.2,1.8987,1.0799,1,0,none,baostock,query_history_k_data_plus
600521,SHSE.600521,,SH,A股-上交所,2024-07-23,17.64,17.77,16.93,16.93,17.71,15009858,259227347.14,-4.4043,1.0233,1,0,none,baostock,query_history_k_data_plus
600521,SHSE.600521,,SH,A股-上交所,2024-07-24,16.91,17.2,16.6,16.69,16.93,13629308,229681631.51,-1.4176,0.9292,1,0,none,baostock,query_history_k_data_plus
600521,SHSE.600521,,SH,A股-上交所,2024-07-25,16.6,16.75,16.32,16.6,16.69,8691276,143952079.16,-0.5392,0.5926,1,0,none,baostock,query_history_k_data_plus
600521,SHSE.600521,,SH,A股-上交所,2024-07-26,16.64,16.76,16.51,16.64,16.6,6099790,101461279.0,0.241,0.4159,1,0,none,baostock,query_history_k_data_plus
600521,SHSE.600521,,SH,A股-上交所,2024-07-29,16.69,16.69,16.16,16.24,16.64,9040987,147777483.48,-2.4038,0.6164,1,0,none,baostock,query_history_k_data_plus
600521,SHSE.600521,,SH,A股-上交所,2024-07-30,16.18,16.35,16.0,16.1,16.24,7691532,123753847.84,-0.8621,0.5244,1,0,none,baostock,query_history_k_data_plus
600521,SHSE.600521,,SH,A股-上交所,2024-07-31,16.21,17.17,15.95,17.15,16.1,12766638,213922301.94,6.5217,0.8704,1,0,none,baostock,query_history_k_data_plus
600521,SHSE.600521,,SH,A股-上交所,2024-08-01,17.01,17.53,16.96,17.26,17.15,13158792,226676393.2,0.6414,0.8971,1,0,none,baostock,query_history_k_data_plus
600521,SHSE.600521,,SH,A股-上交所,2024-08-02,17.15,17.75,17.08,17.52,17.26,14366130,252443143.23,1.5064,0.9794,1,0,none,baostock,query_history_k_data_plus
600521,SHSE.600521,,SH,A股-上交所,2024-08-05,17.53,18.05,17.38,17.54,17.52,15864530,282043084.8,0.1142,1.0816,1,0,none,baostock,query_history_k_data_plus
600521,SHSE.600521,,SH,A股-上交所,2024-08-06,17.54,17.87,17.26,17.82,17.54,11382255,200537926.75,1.5964,0.776,1,0,none,baostock,query_history_k_data_plus
600521,SHSE.600521,,SH,A股-上交所,2024-08-07,17.79,17.83,17.55,17.7,17.82,8227881,145745347.69,-0.6734,0.561,1,0,none,baostock,query_history_k_data_plus
600521,SHSE.600521,,SH,A股-上交所,2024-08-08,17.55,18.19,17.45,18.0,17.7,14516983,260993201.51,1.6949,0.9897,1,0,none,baostock,query_history_k_data_plus
600521,SHSE.600521,,SH,A股-上交所,2024-08-09,17.93,18.19,17.6,17.6,18.0,12975120,231440547.4,-2.2222,0.8846,1,0,none,baostock,query_history_k_data_plus
600521,SHSE.600521,,SH,A股-上交所,2024-08-12,17.8,18.09,17.6,17.9,17.6,9225510,165343261.0,1.7045,0.629,1,0,none,baostock,query_history_k_data_plus
600521,SHSE.600521,,SH,A股-上交所,2024-08-13,17.8,17.95,17.65,17.85,17.9,7693616,136964751.34,-0.2793,0.5245,1,0,none,baostock,query_history_k_data_plus
600521,SHSE.600521,,SH,A股-上交所,2024-08-14,17.76,17.83,17.52,17.55,17.85,6299376,111039872.2,-1.6807,0.4295,1,0,none,baostock,query_history_k_data_plus
600521,SHSE.600521,,SH,A股-上交所,2024-08-15,17.52,17.69,17.24,17.3,17.55,8674316,150987332.64,-1.4245,0.5914,1,0,none,baostock,query_history_k_data_plus
600521,SHSE.600521,,SH,A股-上交所,2024-08-16,17.4,17.48,17.12,17.41,17.3,6962026,120704818.16,0.6358,0.4747,1,0,none,baostock,query_history_k_data_plus
600521,SHSE.600521,,SH,A股-上交所,2024-08-19,17.36,17.86,17.36,17.55,17.41,7928000,139510495.32,0.8041,0.5405,1,0,none,baostock,query_history_k_data_plus
600521,SHSE.600521,,SH,A股-上交所,2024-08-20,17.52,17.7,17.34,17.38,17.55,7449800,130141581.0,-0.9687,0.5079,1,0,none,baostock,query_history_k_data_plus
600521,SHSE.600521,,SH,A股-上交所,2024-08-21,17.29,17.59,17.18,17.18,17.38,5517803,95455593.92,-1.1507,0.3762,1,0,none,baostock,query_history_k_data_plus
600521,SHSE.600521,,SH,A股-上交所,2024-08-22,17.24,17.37,17.03,17.08,17.18,5939500,101860159.0,-0.5821,0.4049,1,0,none,baostock,query_history_k_data_plus
600521,SHSE.600521,,SH,A股-上交所,2024-08-23,17.08,17.19,16.9,17.06,17.08,4509800,76842396.36,-0.1171,0.3075,1,0,none,baostock,query_history_k_data_plus
600521,SHSE.600521,,SH,A股-上交所,2024-08-26,17.12,17.12,16.73,17.02,17.06,7355465,124455195.2,-0.2345,0.5015,1,0,none,baostock,query_history_k_data_plus
600521,SHSE.600521,,SH,A股-上交所,2024-08-27,17.01,17.14,16.88,16.92,17.02,4248615,72161994.75,-0.5875,0.2897,1,0,none,baostock,query_history_k_data_plus
600521,SHSE.600521,,SH,A股-上交所,2024-08-28,16.9,17.05,16.83,16.88,16.92,4469140,75622946.4,-0.2364,0.3047,1,0,none,baostock,query_history_k_data_plus
600521,SHSE.600521,,SH,A股-上交所,2024-08-29,16.88,17.36,16.81,17.28,16.88,7432224,127898859.47,2.3697,0.5067,1,0,none,baostock,query_history_k_data_plus
600521,SHSE.600521,,SH,A股-上交所,2024-08-30,17.19,17.39,16.81,16.83,17.28,15442520,262851350.2,-2.6042,1.0528,1,0,none,baostock,query_history_k_data_plus
600521,SHSE.600521,,SH,A股-上交所,2024-09-02,16.72,17.19,16.66,16.72,16.83,16869080,283850324.84,-0.6536,1.1501,1,0,none,baostock,query_history_k_data_plus
600521,SHSE.600521,,SH,A股-上交所,2024-09-03,16.67,16.9,16.32,16.43,16.72,15966687,264761907.16,-1.7344,1.0886,1,0,none,baostock,query_history_k_data_plus
600521,SHSE.600521,,SH,A股-上交所,2024-09-04,16.47,16.94,16.28,16.57,16.43,13439403,223981257.1,0.8521,0.9163,1,0,none,baostock,query_history_k_data_plus
600521,SHSE.600521,,SH,A股-上交所,2024-09-05,16.6,16.85,16.58,16.77,16.57,7440577,124799297.0,1.207,0.5073,1,0,none,baostock,query_history_k_data_plus
600521,SHSE.600521,,SH,A股-上交所,2024-09-06,16.75,16.83,16.39,16.4,16.77,6794100,112353553.1,-2.2063,0.4632,1,0,none,baostock,query_history_k_data_plus
600521,SHSE.600521,,SH,A股-上交所,2024-09-09,16.31,16.6,16.28,16.33,16.4,7531490,123748100.0,-0.4268,0.5135,1,0,none,baostock,query_history_k_data_plus
600521,SHSE.600521,,SH,A股-上交所,2024-09-10,16.44,16.46,16.02,16.23,16.33,6852765,110764597.37,-0.6124,0.4672,1,0,none,baostock,query_history_k_data_plus
600521,SHSE.600521,,SH,A股-上交所,2024-09-11,16.12,16.31,16.02,16.14,16.23,6540900,105670482.73,-0.5545,0.4459,1,0,none,baostock,query_history_k_data_plus
600521,SHSE.600521,,SH,A股-上交所,2024-09-12,16.16,16.45,16.06,16.1,16.14,7288460,117911826.0,-0.2478,0.4969,1,0,none,baostock,query_history_k_data_plus
600521,SHSE.600521,,SH,A股-上交所,2024-09-13,16.12,16.16,15.72,15.74,16.1,7557687,120067134.11,-2.236,0.5153,1,0,none,baostock,query_history_k_data_plus
600521,SHSE.600521,,SH,A股-上交所,2024-09-18,15.7,16.2,15.54,16.18,15.74,12182290,194093821.36,2.7954,0.8306,1,0,none,baostock,query_history_k_data_plus
600521,SHSE.600521,,SH,A股-上交所,2024-09-19,16.16,16.37,15.85,16.0,16.18,10761341,172789592.37,-1.1125,0.7337,1,0,none,baostock,query_history_k_data_plus
600521,SHSE.600521,,SH,A股-上交所,2024-09-20,15.92,15.99,15.7,15.72,16.0,6066312,95718267.0,-1.75,0.4136,1,0,none,baostock,query_history_k_data_plus
600521,SHSE.600521,,SH,A股-上交所,2024-09-23,15.8,15.94,15.53,15.68,15.72,8226047,128946936.87,-0.2545,0.5608,1,0,none,baostock,query_history_k_data_plus
600521,SHSE.600521,,SH,A股-上交所,2024-09-24,15.76,16.14,15.64,16.01,15.68,12224250,194482974.06,2.1046,0.8334,1,0,none,baostock,query_history_k_data_plus
600521,SHSE.600521,,SH,A股-上交所,2024-09-25,16.26,16.9,16.26,16.61,16.01,21157700,350852016.23,3.7477,1.4425,1,0,none,baostock,query_history_k_data_plus
600521,SHSE.600521,,SH,A股-上交所,2024-09-26,16.61,16.89,16.44,16.89,16.61,18689374,311546984.42,1.6857,1.2742,1,0,none,baostock,query_history_k_data_plus
600521,SHSE.600521,,SH,A股-上交所,2024-09-27,17.1,17.85,17.05,17.83,16.89,16493741,286319061.26,5.5654,1.1245,1,0,none,baostock,query_history_k_data_plus
600521,SHSE.600521,,SH,A股-上交所,2024-09-30,18.75,19.61,18.39,19.59,17.83,44822042,858726736.07,9.871,3.0559,1,0,none,baostock,query_history_k_data_plus
600521,SHSE.600521,,SH,A股-上交所,2024-10-08,21.54,21.55,19.24,20.05,19.59,48199730,977538549.33,2.3481,3.2861,1,0,none,baostock,query_history_k_data_plus
600521,SHSE.600521,,SH,A股-上交所,2024-10-09,19.85,20.06,18.58,19.2,20.05,40990663,800240411.85,-4.2394,2.7946,1,0,none,baostock,query_history_k_data_plus
600521,SHSE.600521,,SH,A股-上交所,2024-10-10,19.69,20.17,19.31,19.6,19.2,30118649,595117488.35,2.0833,2.0534,1,0,none,baostock,query_history_k_data_plus
600521,SHSE.600521,,SH,A股-上交所,2024-10-11,19.7,19.7,18.38,18.59,19.6,22199918,418117539.83,-5.1531,1.5135,1,0,none,baostock,query_history_k_data_plus
600521,SHSE.600521,,SH,A股-上交所,2024-10-14,18.8,18.89,18.25,18.8,18.59,16576042,308929890.54,1.1296,1.1301,1,0,none,baostock,query_history_k_data_plus
600521,SHSE.600521,,SH,A股-上交所,2024-10-15,18.71,18.93,18.39,18.39,18.8,11118964,207269790.29,-2.1809,0.7581,1,0,none,baostock,query_history_k_data_plus
600521,SHSE.600521,,SH,A股-上交所,2024-10-16,18.36,18.53,18.1,18.27,18.39,10783995,197010741.7,-0.6525,0.7352,1,0,none,baostock,query_history_k_data_plus
600521,SHSE.600521,,SH,A股-上交所,2024-10-17,18.31,18.49,18.05,18.07,18.27,11067556,202059708.34,-1.0947,0.7546,1,0,none,baostock,query_history_k_data_plus
600521,SHSE.600521,,SH,A股-上交所,2024-10-18,18.07,18.72,18.0,18.37,18.07,16882691,309742931.87,1.6602,1.151,1,0,none,baostock,query_history_k_data_plus
600521,SHSE.600521,,SH,A股-上交所,2024-10-21,18.5,18.65,18.18,18.43,18.37,13980482,257287278.43,0.3266,0.9532,1,0,none,baostock,query_history_k_data_plus
600521,SHSE.600521,,SH,A股-上交所,2024-10-22,18.4,19.45,18.34,19.16,18.43,23508846,447025838.34,3.9609,1.6028,1,0,none,baostock,query_history_k_data_plus
600521,SHSE.600521,,SH,A股-上交所,2024-10-23,19.15,19.38,18.96,19.12,19.16,13911330,266688570.35,-0.2088,0.9484,1,0,none,baostock,query_history_k_data_plus
600521,SHSE.600521,,SH,A股-上交所,2024-10-24,19.12,19.38,19.0,19.12,19.12,12013046,230113012.21,0.0,0.819,1,0,none,baostock,query_history_k_data_plus
600521,SHSE.600521,,SH,A股-上交所,2024-10-25,19.0,19.18,18.79,19.13,19.12,12257257,232836514.79,0.0523,0.8357,1,0,none,baostock,query_history_k_data_plus
600521,SHSE.600521,,SH,A股-上交所,2024-10-28,19.14,19.36,18.94,19.23,19.13,13474066,257904024.98,0.5227,0.9186,1,0,none,baostock,query_history_k_data_plus
600521,SHSE.600521,,SH,A股-上交所,2024-10-29,19.38,19.53,18.72,18.83,19.23,15392694,292206893.92,-2.0801,1.0494,1,0,none,baostock,query_history_k_data_plus
600521,SHSE.600521,,SH,A股-上交所,2024-10-30,18.82,18.95,18.42,18.64,18.83,9977911,185923969.53,-1.009,0.6803,1,0,none,baostock,query_history_k_data_plus
600521,SHSE.600521,,SH,A股-上交所,2024-10-31,18.7,18.79,18.44,18.47,18.64,12144568,225220953.09,-0.912,0.828,1,0,none,baostock,query_history_k_data_plus
600521,SHSE.600521,,SH,A股-上交所,2024-11-01,18.39,18.82,18.26,18.55,18.47,13854441,257464127.86,0.4331,0.9446,1,0,none,baostock,query_history_k_data_plus
600521,SHSE.600521,,SH,A股-上交所,2024-11-04,18.6,18.75,18.35,18.65,18.55,11594672,214791056.83,0.5391,0.7905,1,0,none,baostock,query_history_k_data_plus
600521,SHSE.600521,,SH,A股-上交所,2024-11-05,18.56,18.77,18.4,18.71,18.65,15303895,285111224.68,0.3217,1.0434,1,0,none,baostock,query_history_k_data_plus
600521,SHSE.600521,,SH,A股-上交所,2024-11-06,18.72,18.81,18.44,18.49,18.71,14993791,278688237.11,-1.1758,1.0222,1,0,none,baostock,query_history_k_data_plus
600521,SHSE.600521,,SH,A股-上交所,2024-11-07,18.44,18.79,18.26,18.79,18.49,16018188,299001533.23,1.6225,1.0921,1,0,none,baostock,query_history_k_data_plus
600521,SHSE.600521,,SH,A股-上交所,2024-11-08,18.97,19.05,18.39,18.58,18.79,22148945,412916307.66,-1.1176,1.5101,1,0,none,baostock,query_history_k_data_plus
600521,SHSE.600521,,SH,A股-上交所,2024-11-11,18.55,18.65,18.18,18.39,18.58,18901516,347201607.63,-1.0226,1.2887,1,0,none,baostock,query_history_k_data_plus
600521,SHSE.600521,,SH,A股-上交所,2024-11-12,18.43,19.04,18.43,18.73,18.39,33111935,623227069.73,1.8488,2.2575,1,0,none,baostock,query_history_k_data_plus
600521,SHSE.600521,,SH,A股-上交所,2024-11-13,18.52,18.79,18.1,18.26,18.73,21350036,391730034.38,-2.5093,1.4556,1,0,none,baostock,query_history_k_data_plus
600521,SHSE.600521,,SH,A股-上交所,2024-11-14,18.3,18.31,17.81,17.83,18.26,15656153,282623794.21,-2.3549,1.0674,1,0,none,baostock,query_history_k_data_plus
600521,SHSE.600521,,SH,A股-上交所,2024-11-15,17.88,18.24,17.83,17.91,17.83,13419930,241564512.56,0.4487,0.9149,1,0,none,baostock,query_history_k_data_plus
600521,SHSE.600521,,SH,A股-上交所,2024-11-18,17.9,18.04,17.3,17.43,17.91,16915256,298689225.22,-2.6801,1.1532,1,0,none,baostock,query_history_k_data_plus
600521,SHSE.600521,,SH,A股-上交所,2024-11-19,17.46,17.67,17.38,17.55,17.43,9238399,161802671.24,0.6885,0.6299,1,0,none,baostock,query_history_k_data_plus
600521,SHSE.600521,,SH,A股-上交所,2024-11-20,17.5,18.07,17.5,17.93,17.55,13051723,233014281.63,2.1652,0.8898,1,0,none,baostock,query_history_k_data_plus
600521,SHSE.600521,,SH,A股-上交所,2024-11-21,17.96,18.65,17.96,18.48,17.93,25002841,461430848.01,3.0675,1.7046,1,0,none,baostock,query_history_k_data_plus
600521,SHSE.600521,,SH,A股-上交所,2024-11-22,18.48,18.52,17.5,17.51,18.48,17801468,318935619.81,-5.2489,1.2137,1,0,none,baostock,query_history_k_data_plus
600521,SHSE.600521,,SH,A股-上交所,2024-11-25,17.35,17.63,17.06,17.24,17.51,11575978,200476717.72,-1.542,0.7892,1,0,none,baostock,query_history_k_data_plus
600521,SHSE.600521,,SH,A股-上交所,2024-11-26,17.26,17.8,17.26,17.39,17.24,12239298,214763049.04,0.8701,0.8344,1,0,none,baostock,query_history_k_data_plus
600521,SHSE.600521,,SH,A股-上交所,2024-11-27,17.31,17.59,17.15,17.57,17.39,9135956,159046994.37,1.0351,0.6229,1,0,none,baostock,query_history_k_data_plus
600521,SHSE.600521,,SH,A股-上交所,2024-11-28,17.68,17.69,17.36,17.4,17.57,7204072,126169764.36,-0.9676,0.4912,1,0,none,baostock,query_history_k_data_plus
600521,SHSE.600521,,SH,A股-上交所,2024-11-29,17.4,18.35,17.35,18.2,17.4,20446398,367722541.34,4.5977,1.394,1,0,none,baostock,query_history_k_data_plus
600521,SHSE.600521,,SH,A股-上交所,2024-12-02,18.19,18.75,18.15,18.51,18.2,18389615,341869581.96,1.7033,1.2538,1,0,none,baostock,query_history_k_data_plus
600521,SHSE.600521,,SH,A股-上交所,2024-12-03,18.45,18.76,18.29,18.51,18.51,11252590,207864679.6,0.0,0.7672,1,0,none,baostock,query_history_k_data_plus
600521,SHSE.600521,,SH,A股-上交所,2024-12-04,18.51,18.6,18.02,18.1,18.51,10197049,186034869.35,-2.215,0.6952,1,0,none,baostock,query_history_k_data_plus
600521,SHSE.600521,,SH,A股-上交所,2024-12-05,18.2,18.2,17.71,17.84,18.1,9873942,176028597.78,-1.4365,0.6732,1,0,none,baostock,query_history_k_data_plus
600521,SHSE.600521,,SH,A股-上交所,2024-12-06,17.87,18.22,17.72,18.17,17.84,11818680,213046537.18,1.8498,0.8058,1,0,none,baostock,query_history_k_data_plus
600521,SHSE.600521,,SH,A股-上交所,2024-12-09,18.27,18.32,17.81,17.99,18.17,10239600,184650932.8,-0.9906,0.6981,1,0,none,baostock,query_history_k_data_plus
600521,SHSE.600521,,SH,A股-上交所,2024-12-10,18.55,18.57,18.14,18.27,17.99,17725279,325814650.44,1.5564,1.2085,1,0,none,baostock,query_history_k_data_plus
600521,SHSE.600521,,SH,A股-上交所,2024-12-11,18.25,19.19,18.23,19.16,18.27,31250168,589942901.38,4.8714,2.1306,1,0,none,baostock,query_history_k_data_plus
600521,SHSE.600521,,SH,A股-上交所,2024-12-12,19.2,19.78,18.94,19.36,19.16,28145616,549010860.0,1.0438,1.9189,1,0,none,baostock,query_history_k_data_plus
600521,SHSE.600521,,SH,A股-上交所,2024-12-13,19.88,20.02,19.41,19.87,19.36,39720917,786414616.57,2.6343,2.7081,1,0,none,baostock,query_history_k_data_plus
600521,SHSE.600521,,SH,A股-上交所,2024-12-16,19.75,19.82,19.22,19.34,19.87,17649494,342988079.15,-2.6673,1.2033,1,0,none,baostock,query_history_k_data_plus
600521,SHSE.600521,,SH,A股-上交所,2024-12-17,19.17,19.36,18.64,18.7,19.34,16545620,312126284.98,-3.3092,1.128,1,0,none,baostock,query_history_k_data_plus
600521,SHSE.600521,,SH,A股-上交所,2024-12-18,18.8,18.88,18.6,18.66,18.7,7706483,144003075.53,-0.2139,0.5254,1,0,none,baostock,query_history_k_data_plus
600521,SHSE.600521,,SH,A股-上交所,2024-12-19,18.67,18.87,18.45,18.65,18.66,8776749,163506072.82,-0.0536,0.5984,1,0,none,baostock,query_history_k_data_plus
600521,SHSE.600521,,SH,A股-上交所,2024-12-20,18.73,19.17,18.58,19.04,18.65,12967421,246206230.23,2.0912,0.8841,1,0,none,baostock,query_history_k_data_plus
600521,SHSE.600521,,SH,A股-上交所,2024-12-23,19.08,19.29,18.76,18.81,19.04,8447929,160157603.22,-1.208,0.576,1,0,none,baostock,query_history_k_data_plus
600521,SHSE.600521,,SH,A股-上交所,2024-12-24,18.79,18.88,18.6,18.7,18.81,7735110,144571457.0,-0.5848,0.5274,1,0,none,baostock,query_history_k_data_plus
600521,SHSE.600521,,SH,A股-上交所,2024-12-25,18.72,18.75,18.2,18.3,18.7,10120982,185947914.04,-2.139,0.69,1,0,none,baostock,query_history_k_data_plus
600521,SHSE.600521,,SH,A股-上交所,2024-12-26,18.3,18.36,17.64,17.85,18.3,15136521,271300480.94,-2.459,1.032,1,0,none,baostock,query_history_k_data_plus
600521,SHSE.600521,,SH,A股-上交所,2024-12-27,17.9,18.25,17.75,18.02,17.85,10085881,182156323.43,0.9524,0.6876,1,0,none,baostock,query_history_k_data_plus
600521,SHSE.600521,,SH,A股-上交所,2024-12-30,18.13,18.75,18.04,18.5,18.02,15076456,278519801.61,2.6637,1.0279,1,0,none,baostock,query_history_k_data_plus
600521,SHSE.600521,,SH,A股-上交所,2024-12-31,18.54,18.57,17.82,17.87,18.5,14018385,252888832.56,-3.4054,0.9557,1,0,none,baostock,query_history_k_data_plus
600521,SHSE.600521,,SH,A股-上交所,2025-01-02,17.88,18.1,17.3,17.37,17.87,12953726,228161747.57,-2.798,0.8832,1,0,none,baostock,query_history_k_data_plus
600521,SHSE.600521,,SH,A股-上交所,2025-01-03,17.4,17.69,17.17,17.28,17.37,9848331,171479488.63,-0.5181,0.6714,1,0,none,baostock,query_history_k_data_plus
600521,SHSE.600521,,SH,A股-上交所,2025-01-06,17.48,17.68,17.25,17.35,17.28,14164040,247509130.0,0.4051,0.9657,1,0,none,baostock,query_history_k_data_plus
600521,SHSE.600521,,SH,A股-上交所,2025-01-07,17.45,17.5,16.16,16.39,17.35,29871402,493611559.79,-5.5331,2.0366,1,0,none,baostock,query_history_k_data_plus
600521,SHSE.600521,,SH,A股-上交所,2025-01-08,16.4,16.55,16.12,16.4,16.39,14129700,230686189.53,0.061,0.9633,1,0,none,baostock,query_history_k_data_plus
600521,SHSE.600521,,SH,A股-上交所,2025-01-09,16.4,16.64,16.14,16.31,16.4,10815440,178130178.51,-0.5488,0.7374,1,0,none,baostock,query_history_k_data_plus
600521,SHSE.600521,,SH,A股-上交所,2025-01-10,16.36,16.42,15.85,15.88,16.31,15229200,243547413.0,-2.6364,1.0383,1,0,none,baostock,query_history_k_data_plus
600521,SHSE.600521,,SH,A股-上交所,2025-01-13,15.8,15.92,15.62,15.7,15.88,12357674,194598015.2,-1.1335,0.8425,1,0,none,baostock,query_history_k_data_plus
600521,SHSE.600521,,SH,A股-上交所,2025-01-14,15.74,15.98,15.3,15.91,15.7,23053176,361569466.41,1.3376,1.5717,1,0,none,baostock,query_history_k_data_plus
600521,SHSE.600521,,SH,A股-上交所,2025-01-15,15.85,15.88,15.5,15.65,15.91,14957092,233820488.44,-1.6342,1.0197,1,0,none,baostock,query_history_k_data_plus
600521,SHSE.600521,,SH,A股-上交所,2025-01-16,15.69,15.89,15.46,15.57,15.65,13538000,212145979.0,-0.5112,0.923,1,0,none,baostock,query_history_k_data_plus
600521,SHSE.600521,,SH,A股-上交所,2025-01-17,15.41,15.53,14.58,14.95,15.57,40902001,606912530.98,-3.982,2.7886,1,0,none,baostock,query_history_k_data_plus
600521,SHSE.600521,,SH,A股-上交所,2025-01-20,15.0,15.48,15.0,15.39,14.95,23236079,356416243.1,2.9431,1.5842,1,0,none,baostock,query_history_k_data_plus
600521,SHSE.600521,,SH,A股-上交所,2025-01-21,15.34,15.46,15.02,15.26,15.39,16174121,245910974.74,-0.8447,1.1027,1,0,none,baostock,query_history_k_data_plus
600521,SHSE.600521,,SH,A股-上交所,2025-01-22,15.22,15.84,15.16,15.64,15.26,25239374,391424997.85,2.4902,1.7208,1,0,none,baostock,query_history_k_data_plus
600521,SHSE.600521,,SH,A股-上交所,2025-01-23,15.85,16.23,15.57,15.58,15.64,20954378,332051036.65,-0.3836,1.4286,1,0,none,baostock,query_history_k_data_plus
600521,SHSE.600521,,SH,A股-上交所,2025-01-24,15.51,15.66,15.33,15.58,15.58,16562850,257220514.0,0.0,1.1292,1,0,none,baostock,query_history_k_data_plus
600521,SHSE.600521,,SH,A股-上交所,2025-01-27,15.52,15.71,15.46,15.51,15.58,13596241,211711603.55,-0.4493,0.927,1,0,none,baostock,query_history_k_data_plus
600521,SHSE.600521,,SH,A股-上交所,2025-02-05,15.78,15.8,15.45,15.52,15.51,12223889,190343244.14,0.0645,0.8334,1,0,none,baostock,query_history_k_data_plus
600521,SHSE.600521,,SH,A股-上交所,2025-02-06,15.47,15.52,15.23,15.45,15.52,18377820,282585796.74,-0.451,1.253,1,0,none,baostock,query_history_k_data_plus
600521,SHSE.600521,,SH,A股-上交所,2025-02-07,15.54,15.77,15.34,15.59,15.45,20929960,326415158.55,0.9061,1.427,1,0,none,baostock,query_history_k_data_plus
600521,SHSE.600521,,SH,A股-上交所,2025-02-10,15.72,15.85,15.53,15.74,15.59,20565120,322993496.99,0.9622,1.4021,1,0,none,baostock,query_history_k_data_plus
600521,SHSE.600521,,SH,A股-上交所,2025-02-11,15.73,15.8,15.31,15.41,15.74,19487940,300480046.1,-2.0966,1.3286,1,0,none,baostock,query_history_k_data_plus
600521,SHSE.600521,,SH,A股-上交所,2025-02-12,15.41,15.41,15.05,15.22,15.41,20803039,316380648.3,-1.233,1.4183,1,0,none,baostock,query_history_k_data_plus
600521,SHSE.600521,,SH,A股-上交所,2025-02-13,15.12,16.08,15.12,15.78,15.22,39414888,620003968.88,3.6794,2.6872,1,0,none,baostock,query_history_k_data_plus
600521,SHSE.600521,,SH,A股-上交所,2025-02-14,15.78,15.95,15.55,15.71,15.78,20919797,329245663.34,-0.4436,1.4263,1,0,none,baostock,query_history_k_data_plus
600521,SHSE.600521,,SH,A股-上交所,2025-02-17,15.7,15.82,15.45,15.56,15.71,20271507,316511248.79,-0.9548,1.3821,1,0,none,baostock,query_history_k_data_plus
600521,SHSE.600521,,SH,A股-上交所,2025-02-18,15.56,15.58,15.23,15.27,15.56,17334130,267034557.41,-1.8638,1.1818,1,0,none,baostock,query_history_k_data_plus
600521,SHSE.600521,,SH,A股-上交所,2025-02-19,15.27,15.38,15.08,15.35,15.27,15554712,237286738.96,0.5239,1.0605,1,0,none,baostock,query_history_k_data_plus
600521,SHSE.600521,,SH,A股-上交所,2025-02-20,15.34,15.67,15.29,15.38,15.35,19555998,302278238.78,0.1954,1.3333,1,0,none,baostock,query_history_k_data_plus
600521,SHSE.600521,,SH,A股-上交所,2025-02-21,15.41,15.54,15.1,15.19,15.38,26908098,408937607.26,-1.2354,1.8345,1,0,none,baostock,query_history_k_data_plus
600521,SHSE.600521,,SH,A股-上交所,2025-02-24,15.2,15.32,15.06,15.19,15.19,16460059,250580686.69,0.0,1.1222,1,0,none,baostock,query_history_k_data_plus
600521,SHSE.600521,,SH,A股-上交所,2025-02-25,15.1,15.16,14.92,14.95,15.19,18614467,279763126.7,-1.58,1.2691,1,0,none,baostock,query_history_k_data_plus
600521,SHSE.600521,,SH,A股-上交所,2025-02-26,14.97,15.28,14.8,15.24,14.95,21290452,320874053.2,1.9398,1.4515,1,0,none,baostock,query_history_k_data_plus
600521,SHSE.600521,,SH,A股-上交所,2025-02-27,15.2,15.33,15.03,15.18,15.24,16011534,243058024.7,-0.3937,1.0916,1,0,none,baostock,query_history_k_data_plus
600521,SHSE.600521,,SH,A股-上交所,2025-02-28,15.09,15.28,14.92,14.92,15.18,24846616,373738167.07,-1.7128,1.694,1,0,none,baostock,query_history_k_data_plus
600521,SHSE.600521,,SH,A股-上交所,2025-03-03,14.94,15.3,14.88,15.09,14.92,18674816,282889347.03,1.1394,1.2732,1,0,none,baostock,query_history_k_data_plus
600521,SHSE.600521,,SH,A股-上交所,2025-03-04,15.01,15.11,14.92,15.03,15.09,12138690,182078862.37,-0.3976,0.8276,1,0,none,baostock,query_history_k_data_plus
600521,SHSE.600521,,SH,A股-上交所,2025-03-05,15.03,15.04,14.83,14.99,15.03,15533638,231894666.3,-0.2661,1.059,1,0,none,baostock,query_history_k_data_plus
600521,SHSE.600521,,SH,A股-上交所,2025-03-06,15.0,15.12,14.96,15.1,14.99,13012754,196103647.15,0.7338,0.8872,1,0,none,baostock,query_history_k_data_plus
600521,SHSE.600521,,SH,A股-上交所,2025-03-07,15.05,15.42,14.9,15.15,15.1,23252959,352563902.2,0.3311,1.5853,1,0,none,baostock,query_history_k_data_plus
600521,SHSE.600521,,SH,A股-上交所,2025-03-10,15.15,15.52,15.15,15.44,15.15,26998948,414959381.79,1.9142,1.8407,1,0,none,baostock,query_history_k_data_plus
600521,SHSE.600521,,SH,A股-上交所,2025-03-11,15.44,16.05,15.2,15.99,15.44,36721029,575780917.78,3.5622,2.5036,1,0,none,baostock,query_history_k_data_plus
600521,SHSE.600521,,SH,A股-上交所,2025-03-12,16.06,16.23,15.65,15.68,15.99,29602006,470175592.57,-1.9387,2.0182,1,0,none,baostock,query_history_k_data_plus
600521,SHSE.600521,,SH,A股-上交所,2025-03-13,15.68,15.98,15.46,15.88,15.68,25176167,396241528.43,1.2755,1.7165,1,0,none,baostock,query_history_k_data_plus
600521,SHSE.600521,,SH,A股-上交所,2025-03-14,15.91,16.03,15.75,15.98,15.88,21212994,337152459.42,0.6297,1.4463,1,0,none,baostock,query_history_k_data_plus
600521,SHSE.600521,,SH,A股-上交所,2025-03-17,15.93,16.1,15.8,15.82,15.98,18250912,290538670.72,-1.0013,1.2443,1,0,none,baostock,query_history_k_data_plus
600521,SHSE.600521,,SH,A股-上交所,2025-03-18,15.88,16.08,15.78,15.86,15.82,14057340,223729176.58,0.2528,0.9584,1,0,none,baostock,query_history_k_data_plus
600521,SHSE.600521,,SH,A股-上交所,2025-03-19,15.8,16.02,15.78,15.88,15.86,12243055,194737051.05,0.1261,0.8347,1,0,none,baostock,query_history_k_data_plus
600521,SHSE.600521,,SH,A股-上交所,2025-03-20,16.02,16.15,15.84,15.85,15.88,13267203,211724206.52,-0.1889,0.9045,1,0,none,baostock,query_history_k_data_plus
600521,SHSE.600521,,SH,A股-上交所,2025-03-21,15.79,15.92,15.53,15.68,15.85,16792807,264153075.85,-1.0726,1.1449,1,0,none,baostock,query_history_k_data_plus
600521,SHSE.600521,,SH,A股-上交所,2025-03-24,15.68,15.88,15.56,15.72,15.68,15123300,237917496.0,0.2551,1.0311,1,0,none,baostock,query_history_k_data_plus
600521,SHSE.600521,,SH,A股-上交所,2025-03-25,15.66,15.77,15.59,15.76,15.72,8056000,126338637.0,0.2545,0.5492,1,0,none,baostock,query_history_k_data_plus
600521,SHSE.600521,,SH,A股-上交所,2025-03-26,15.65,16.0,15.65,15.96,15.76,14180350,224843149.0,1.269,0.9668,1,0,none,baostock,query_history_k_data_plus
600521,SHSE.600521,,SH,A股-上交所,2025-03-27,15.9,16.35,15.65,16.27,15.96,27120528,435845881.03,1.9424,1.849,1,0,none,baostock,query_history_k_data_plus
600521,SHSE.600521,,SH,A股-上交所,2025-03-28,16.3,16.55,16.05,16.08,16.27,22437623,365771822.4,-1.1678,1.5297,1,0,none,baostock,query_history_k_data_plus
600521,SHSE.600521,,SH,A股-上交所,2025-03-31,16.03,16.03,15.55,15.6,16.08,19837490,311802335.15,-2.9851,1.3525,1,0,none,baostock,query_history_k_data_plus
600521,SHSE.600521,,SH,A股-上交所,2025-04-01,15.61,16.63,15.61,16.48,15.6,39339939,642370080.93,5.641,2.6821,1,0,none,baostock,query_history_k_data_plus
600521,SHSE.600521,,SH,A股-上交所,2025-04-02,16.48,16.72,16.3,16.36,16.48,20086060,330583504.92,-0.7282,1.3694,1,0,none,baostock,query_history_k_data_plus
600521,SHSE.600521,,SH,A股-上交所,2025-04-03,16.19,16.57,16.15,16.25,16.36,19811756,323012674.04,-0.6724,1.3507,1,0,none,baostock,query_history_k_data_plus
600521,SHSE.600521,,SH,A股-上交所,2025-04-07,15.43,15.56,14.63,14.63,16.25,29855300,447416787.0,-9.9692,2.0355,1,0,none,baostock,query_history_k_data_plus
600521,SHSE.600521,,SH,A股-上交所,2025-04-08,14.6,14.79,13.91,14.41,14.63,29394808,420807632.68,-1.5038,2.0041,1,0,none,baostock,query_history_k_data_plus
600521,SHSE.600521,,SH,A股-上交所,2025-04-09,14.01,14.01,13.49,13.85,14.41,36859137,507011710.82,-3.8862,2.513,1,0,none,baostock,query_history_k_data_plus
600521,SHSE.600521,,SH,A股-上交所,2025-04-10,14.02,14.44,14.01,14.13,13.85,25523107,361997569.94,2.0217,1.7401,1,0,none,baostock,query_history_k_data_plus
600521,SHSE.600521,,SH,A股-上交所,2025-04-11,13.98,14.22,13.93,14.08,14.13,18855041,265467471.96,-0.3539,1.2855,1,0,none,baostock,query_history_k_data_plus
600521,SHSE.600521,,SH,A股-上交所,2025-04-14,14.18,14.62,14.15,14.37,14.08,16501248,237634391.49,2.0597,1.125,1,0,none,baostock,query_history_k_data_plus
600521,SHSE.600521,,SH,A股-上交所,2025-04-15,14.27,14.36,14.07,14.14,14.37,13652470,193257565.8,-1.6006,0.9308,1,0,none,baostock,query_history_k_data_plus
600521,SHSE.600521,,SH,A股-上交所,2025-04-16,14.1,14.1,13.78,13.94,14.14,13343811,185527710.07,-1.4144,0.9098,1,0,none,baostock,query_history_k_data_plus
600521,SHSE.600521,,SH,A股-上交所,2025-04-17,13.84,13.97,13.77,13.89,13.94,9240215,128343961.25,-0.3587,0.63,1,0,none,baostock,query_history_k_data_plus
600521,SHSE.600521,,SH,A股-上交所,2025-04-18,13.88,14.17,13.81,14.08,13.89,13154491,183614418.21,1.3679,0.8968,1,0,none,baostock,query_history_k_data_plus
600521,SHSE.600521,,SH,A股-上交所,2025-04-21,14.05,14.34,13.91,14.25,14.08,11511550,162892886.6,1.2074,0.7848,1,0,none,baostock,query_history_k_data_plus
600521,SHSE.600521,,SH,A股-上交所,2025-04-22,14.19,14.61,14.15,14.49,14.25,18272051,262907706.93,1.6842,1.2457,1,0,none,baostock,query_history_k_data_plus
600521,SHSE.600521,,SH,A股-上交所,2025-04-23,14.49,14.98,14.45,14.76,14.49,23842379,352727358.46,1.8634,1.6255,1,0,none,baostock,query_history_k_data_plus
600521,SHSE.600521,,SH,A股-上交所,2025-04-24,14.72,15.26,14.68,14.97,14.76,20881700,314563295.41,1.4228,1.4237,1,0,none,baostock,query_history_k_data_plus
600521,SHSE.600521,,SH,A股-上交所,2025-04-25,14.98,15.09,14.63,14.76,14.97,12525248,185053783.04,-1.4028,0.8539,1,0,none,baostock,query_history_k_data_plus
600521,SHSE.600521,,SH,A股-上交所,2025-04-28,14.65,14.69,14.42,14.61,14.76,11344994,165338448.97,-1.0163,0.7735,1,0,none,baostock,query_history_k_data_plus
600521,SHSE.600521,,SH,A股-上交所,2025-04-29,14.6,14.67,14.37,14.38,14.61,14317706,207293142.94,-1.5743,0.9761,1,0,none,baostock,query_history_k_data_plus
600521,SHSE.600521,,SH,A股-上交所,2025-04-30,14.57,14.57,14.32,14.35,14.38,11892500,171469389.0,-0.2086,0.8108,1,0,none,baostock,query_history_k_data_plus
600521,SHSE.600521,,SH,A股-上交所,2025-05-06,14.44,14.44,14.2,14.35,14.35,16588485,237387148.68,0.0,1.131,1,0,none,baostock,query_history_k_data_plus
600521,SHSE.600521,,SH,A股-上交所,2025-05-07,14.48,14.56,14.15,14.27,14.35,26872467,383067847.26,-0.5575,1.8321,1,0,none,baostock,query_history_k_data_plus
600521,SHSE.600521,,SH,A股-上交所,2025-05-08,14.22,14.32,14.17,14.26,14.27,15068972,214538494.51,-0.0701,1.0274,1,0,none,baostock,query_history_k_data_plus
600521,SHSE.600521,,SH,A股-上交所,2025-05-09,14.3,14.34,14.1,14.13,14.26,13429300,190466047.0,-0.9116,0.9156,1,0,none,baostock,query_history_k_data_plus
600521,SHSE.600521,,SH,A股-上交所,2025-05-12,14.25,14.46,14.14,14.42,14.13,24246847,347008302.15,2.0524,1.6531,1,0,none,baostock,query_history_k_data_plus
600521,SHSE.600521,,SH,A股-上交所,2025-05-13,14.5,14.63,14.31,14.35,14.42,19759534,285393330.2,-0.4854,1.3472,1,0,none,baostock,query_history_k_data_plus
600521,SHSE.600521,,SH,A股-上交所,2025-05-14,14.3,14.37,14.17,14.3,14.35,14298331,203549616.03,-0.3484,0.9748,1,0,none,baostock,query_history_k_data_plus
600521,SHSE.600521,,SH,A股-上交所,2025-05-15,14.3,14.3,14.16,14.16,14.3,10521178,149489848.92,-0.979,0.7173,1,0,none,baostock,query_history_k_data_plus
600521,SHSE.600521,,SH,A股-上交所,2025-05-16,14.17,14.38,14.12,14.33,14.16,14218176,202891456.38,1.2006,0.9694,1,0,none,baostock,query_history_k_data_plus
600521,SHSE.600521,,SH,A股-上交所,2025-05-19,14.29,14.35,14.13,14.2,14.33,12524695,177665502.47,-0.9072,0.8539,1,0,none,baostock,query_history_k_data_plus
600521,SHSE.600521,,SH,A股-上交所,2025-05-20,14.97,15.62,14.97,15.62,14.2,36351279,564551750.98,10.0,2.4783,1,0,none,baostock,query_history_k_data_plus
600521,SHSE.600521,,SH,A股-上交所,2025-05-21,15.68,15.7,15.06,15.53,15.62,57889964,897581505.1,-0.5762,3.9468,1,0,none,baostock,query_history_k_data_plus
600521,SHSE.600521,,SH,A股-上交所,2025-05-22,15.53,15.9,15.39,15.58,15.53,39570644,615753348.07,0.322,2.6978,1,0,none,baostock,query_history_k_data_plus
600521,SHSE.600521,,SH,A股-上交所,2025-05-23,15.66,17.14,15.66,16.74,15.58,106793385,1768146204.68,7.4454,7.2809,1,0,none,baostock,query_history_k_data_plus
600521,SHSE.600521,,SH,A股-上交所,2025-05-26,16.7,17.12,15.95,16.03,16.74,56127888,915785551.06,-4.2413,3.8267,1,0,none,baostock,query_history_k_data_plus
600521,SHSE.600521,,SH,A股-上交所,2025-05-27,15.95,16.61,15.71,16.35,16.03,46952686,765071677.42,1.9963,3.2011,1,0,none,baostock,query_history_k_data_plus
600521,SHSE.600521,,SH,A股-上交所,2025-05-28,16.24,16.54,16.19,16.32,16.35,25996131,424469301.98,-0.1835,1.7724,1,0,none,baostock,query_history_k_data_plus
600521,SHSE.600521,,SH,A股-上交所,2025-05-29,16.35,17.49,16.0,17.35,16.32,56966837,965999132.54,6.3113,3.8839,1,0,none,baostock,query_history_k_data_plus
600521,SHSE.600521,,SH,A股-上交所,2025-05-30,17.48,18.1,17.21,17.29,17.35,54178358,949034277.35,-0.3458,3.6938,1,0,none,baostock,query_history_k_data_plus
600521,SHSE.600521,,SH,A股-上交所,2025-06-03,18.15,19.02,17.95,18.61,17.29,113119323,2123971973.5,7.6345,7.7122,1,0,none,baostock,query_history_k_data_plus
600521,SHSE.600521,,SH,A股-上交所,2025-06-04,18.38,18.72,18.15,18.58,18.61,58393972,1080944033.2,-0.1612,3.9812,1,0,none,baostock,query_history_k_data_plus
600521,SHSE.600521,,SH,A股-上交所,2025-06-05,18.55,18.93,18.11,18.43,18.58,52344530,969198425.27,-0.8073,3.5687,1,0,none,baostock,query_history_k_data_plus
600521,SHSE.600521,,SH,A股-上交所,2025-06-06,18.32,18.98,17.79,18.98,18.43,58997244,1080084642.38,2.9843,4.0223,1,0,none,baostock,query_history_k_data_plus
600521,SHSE.600521,,SH,A股-上交所,2025-06-09,19.0,20.08,18.5,19.71,18.98,90665833,1755202643.85,3.8462,6.1814,1,0,none,baostock,query_history_k_data_plus
600521,SHSE.600521,,SH,A股-上交所,2025-06-10,19.3,21.54,19.24,21.17,19.71,105512386,2143969593.64,7.4074,7.1936,1,0,none,baostock,query_history_k_data_plus
600521,SHSE.600521,,SH,A股-上交所,2025-06-11,21.17,21.17,20.55,20.85,21.17,48381434,1007813491.3,-1.5116,3.2985,1,0,none,baostock,query_history_k_data_plus
600521,SHSE.600521,,SH,A股-上交所,2025-06-12,20.61,21.54,20.46,21.34,20.85,49045566,1029069450.29,2.3501,3.3438,1,0,none,baostock,query_history_k_data_plus
600521,SHSE.600521,,SH,A股-上交所,2025-06-13,21.06,21.5,19.9,20.5,21.34,63789408,1309511404.05,-3.9363,4.349,1,0,none,baostock,query_history_k_data_plus
600521,SHSE.600521,,SH,A股-上交所,2025-06-16,20.45,21.09,20.1,20.6,20.5,48968082,1009075307.71,0.4878,3.363,1,0,none,baostock,query_history_k_data_plus
600521,SHSE.600521,,SH,A股-上交所,2025-06-17,20.59,20.93,19.1,19.2,20.6,69928779,1380239037.74,-6.7961,4.8025,1,0,none,baostock,query_history_k_data_plus
600521,SHSE.600521,,SH,A股-上交所,2025-06-18,19.0,19.25,18.7,18.97,19.2,48472462,919134448.8,-1.1979,3.3289,1,0,none,baostock,query_history_k_data_plus
600521,SHSE.600521,,SH,A股-上交所,2025-06-19,18.97,19.39,18.36,18.47,18.97,28498869,534029806.03,-2.6357,1.9572,1,0,none,baostock,query_history_k_data_plus
600521,SHSE.600521,,SH,A股-上交所,2025-06-20,18.7,18.85,18.2,18.5,18.47,24813687,458573757.7,0.1624,1.7041,1,0,none,baostock,query_history_k_data_plus
600521,SHSE.600521,,SH,A股-上交所,2025-06-23,18.44,19.9,18.24,19.67,18.5,52243404,1005824575.69,6.3243,3.5879,1,0,none,baostock,query_history_k_data_plus
600521,SHSE.600521,,SH,A股-上交所,2025-06-24,19.54,20.19,19.52,19.88,19.67,40192399,800287924.01,1.0676,2.7603,1,0,none,baostock,query_history_k_data_plus
600521,SHSE.600521,,SH,A股-上交所,2025-06-25,19.88,20.04,19.28,19.47,19.88,30939584,606091552.41,-2.0624,2.1248,1,0,none,baostock,query_history_k_data_plus
600521,SHSE.600521,,SH,A股-上交所,2025-06-26,19.14,19.15,18.4,18.59,19.47,36105771,674090356.11,-4.5198,2.4796,1,0,none,baostock,query_history_k_data_plus
600521,SHSE.600521,,SH,A股-上交所,2025-06-27,18.7,19.1,18.48,18.64,18.59,23714942,445996378.49,0.269,1.6287,1,0,none,baostock,query_history_k_data_plus
600521,SHSE.600521,,SH,A股-上交所,2025-06-30,18.56,18.82,18.14,18.63,18.64,24268777,447310888.99,-0.0536,1.6667,1,0,none,baostock,query_history_k_data_plus
600521,SHSE.600521,,SH,A股-上交所,2025-07-01,18.5,19.8,18.5,19.7,18.63,47455698,909509986.2,5.7434,3.2591,1,0,none,baostock,query_history_k_data_plus
600521,SHSE.600521,,SH,A股-上交所,2025-07-02,20.18,21.19,19.9,19.98,19.7,69186380,1424086173.85,1.4213,4.7515,1,0,none,baostock,query_history_k_data_plus
600521,SHSE.600521,,SH,A股-上交所,2025-07-03,20.03,21.98,19.58,21.98,19.98,72444960,1546748411.86,10.01,4.9753,1,0,none,baostock,query_history_k_data_plus
600521,SHSE.600521,,SH,A股-上交所,2025-07-04,22.5,23.83,22.4,22.99,21.98,91184782,2094635033.85,4.5951,6.2623,1,0,none,baostock,query_history_k_data_plus
600521,SHSE.600521,,SH,A股-上交所,2025-07-07,22.88,23.3,21.75,22.12,22.99,54146347,1207619558.74,-3.7843,3.7186,1,0,none,baostock,query_history_k_data_plus
600521,SHSE.600521,,SH,A股-上交所,2025-07-08,22.1,22.69,21.75,22.2,22.12,42899518,952136255.99,0.3617,2.9462,1,0,none,baostock,query_history_k_data_plus
600521,SHSE.600521,,SH,A股-上交所,2025-07-09,21.7,22.2,20.98,21.15,22.2,60757599,1305889047.37,-4.7297,4.1726,1,0,none,baostock,query_history_k_data_plus
600521,SHSE.600521,,SH,A股-上交所,2025-07-10,21.18,21.47,20.78,20.92,20.9,39461698,831242338.17,0.0957,2.7101,1,0,none,baostock,query_history_k_data_plus
600521,SHSE.600521,,SH,A股-上交所,2025-07-11,20.8,21.19,20.45,20.56,20.92,36392196,755592826.58,-1.7208,2.4993,1,0,none,baostock,query_history_k_data_plus
600521,SHSE.600521,,SH,A股-上交所,2025-07-14,20.53,21.09,20.32,20.99,20.56,34790760,720682823.63,2.0914,2.3893,1,0,none,baostock,query_history_k_data_plus
600521,SHSE.600521,,SH,A股-上交所,2025-07-15,20.4,21.02,19.95,20.95,20.99,55002943,1132536601.84,-0.1906,3.7774,1,0,none,baostock,query_history_k_data_plus
600521,SHSE.600521,,SH,A股-上交所,2025-07-16,21.19,22.2,21.19,21.75,20.95,65363705,1416646298.01,3.8186,4.489,1,0,none,baostock,query_history_k_data_plus
600521,SHSE.600521,,SH,A股-上交所,2025-07-17,21.5,22.62,21.47,22.6,21.75,63983668,1416675249.56,3.908,4.3942,1,0,none,baostock,query_history_k_data_plus
600521,SHSE.600521,,SH,A股-上交所,2025-07-18,22.43,22.45,21.89,22.23,22.6,34512282,766740748.64,-1.6372,2.3702,1,0,none,baostock,query_history_k_data_plus
600521,SHSE.600521,,SH,A股-上交所,2025-07-21,22.0,22.39,21.53,21.95,22.23,40739456,894334739.47,-1.2596,2.7978,1,0,none,baostock,query_history_k_data_plus
600521,SHSE.600521,,SH,A股-上交所,2025-07-22,21.57,23.0,21.5,21.72,21.95,44015250,974146290.35,-1.0478,3.0228,1,0,none,baostock,query_history_k_data_plus
600521,SHSE.600521,,SH,A股-上交所,2025-07-23,21.3,22.16,21.2,21.43,21.72,38891063,839616756.75,-1.3352,2.6709,1,0,none,baostock,query_history_k_data_plus
600521,SHSE.600521,,SH,A股-上交所,2025-07-24,21.43,21.65,21.09,21.64,21.43,33453784,716259219.4,0.9799,2.2975,1,0,none,baostock,query_history_k_data_plus
600521,SHSE.600521,,SH,A股-上交所,2025-07-25,21.64,22.93,21.4,22.02,21.64,48000796,1055087273.86,1.756,3.2965,1,0,none,baostock,query_history_k_data_plus
600521,SHSE.600521,,SH,A股-上交所,2025-07-28,22.0,22.55,21.75,22.2,22.02,33583389,742051268.6,0.8174,2.3064,1,0,none,baostock,query_history_k_data_plus
600521,SHSE.600521,,SH,A股-上交所,2025-07-29,22.18,23.32,21.53,23.05,22.2,58619661,1325779266.08,3.8288,4.0258,1,0,none,baostock,query_history_k_data_plus
600521,SHSE.600521,,SH,A股-上交所,2025-07-30,22.64,24.24,22.55,22.72,23.05,60635612,1405553784.96,-1.4317,4.1643,1,0,none,baostock,query_history_k_data_plus
600521,SHSE.600521,,SH,A股-上交所,2025-07-31,22.91,23.65,22.08,22.28,22.72,51895171,1191265463.7,-1.9366,3.564,1,0,none,baostock,query_history_k_data_plus
600521,SHSE.600521,,SH,A股-上交所,2025-08-01,22.62,22.89,21.13,21.28,22.28,58305747,1274546070.4,-4.4883,4.0042,1,0,none,baostock,query_history_k_data_plus
600521,SHSE.600521,,SH,A股-上交所,2025-08-04,20.94,21.65,20.6,21.55,21.28,38650516,815958302.44,1.2688,2.6544,1,0,none,baostock,query_history_k_data_plus
600521,SHSE.600521,,SH,A股-上交所,2025-08-05,21.5,21.88,21.2,21.49,21.55,26546760,569633884.95,-0.2784,1.8231,1,0,none,baostock,query_history_k_data_plus
600521,SHSE.600521,,SH,A股-上交所,2025-08-06,21.62,22.42,21.51,21.91,21.49,37035824,812426778.99,1.9544,2.5435,1,0,none,baostock,query_history_k_data_plus
600521,SHSE.600521,,SH,A股-上交所,2025-08-07,21.7,21.88,20.2,20.33,21.91,57406561,1192233145.51,-7.2113,3.9425,1,0,none,baostock,query_history_k_data_plus
600521,SHSE.600521,,SH,A股-上交所,2025-08-08,20.25,20.79,20.07,20.63,20.33,24999997,511737591.04,1.4757,1.7169,1,0,none,baostock,query_history_k_data_plus
600521,SHSE.600521,,SH,A股-上交所,2025-08-11,20.63,21.2,20.53,20.9,20.63,27512318,573682087.8,1.3088,1.8895,1,0,none,baostock,query_history_k_data_plus
600521,SHSE.600521,,SH,A股-上交所,2025-08-12,20.79,21.33,20.03,20.21,20.9,36386653,740626285.55,-3.3014,2.4989,1,0,none,baostock,query_history_k_data_plus
600521,SHSE.600521,,SH,A股-上交所,2025-08-13,20.22,21.14,20.22,20.99,20.21,42445540,881643751.51,3.8595,2.915,1,0,none,baostock,query_history_k_data_plus
600521,SHSE.600521,,SH,A股-上交所,2025-08-14,20.85,21.1,20.43,20.82,20.99,46682165,967704763.45,-0.8099,3.206,1,0,none,baostock,query_history_k_data_plus
600521,SHSE.600521,,SH,A股-上交所,2025-08-15,20.65,21.45,20.5,21.25,20.82,40824448,858672854.01,2.0653,2.8037,1,0,none,baostock,query_history_k_data_plus
600521,SHSE.600521,,SH,A股-上交所,2025-08-18,21.27,21.29,20.52,20.78,21.25,57019292,1181089527.46,-2.2118,3.9159,1,0,none,baostock,query_history_k_data_plus
600521,SHSE.600521,,SH,A股-上交所,2025-08-19,20.62,21.28,20.53,20.62,20.78,43918207,914570855.24,-0.77,3.0162,1,0,none,baostock,query_history_k_data_plus
600521,SHSE.600521,,SH,A股-上交所,2025-08-20,20.5,22.68,20.28,22.68,20.62,103219903,2249224408.44,9.9903,7.0888,1,0,none,baostock,query_history_k_data_plus
600521,SHSE.600521,,SH,A股-上交所,2025-08-21,22.4,22.49,21.5,21.94,22.68,71670187,1571900491.42,-3.2628,4.9221,1,0,none,baostock,query_history_k_data_plus
600521,SHSE.600521,,SH,A股-上交所,2025-08-22,21.96,22.75,21.71,22.53,21.94,55753696,1244585081.96,2.6892,3.829,1,0,none,baostock,query_history_k_data_plus
600521,SHSE.600521,,SH,A股-上交所,2025-08-25,22.41,23.05,22.3,22.71,22.53,48491150,1098442830.16,0.7989,3.3302,1,0,none,baostock,query_history_k_data_plus
600521,SHSE.600521,,SH,A股-上交所,2025-08-26,22.4,23.64,22.36,22.41,22.71,52733543,1208259037.21,-1.321,3.6216,1,0,none,baostock,query_history_k_data_plus
600521,SHSE.600521,,SH,A股-上交所,2025-08-27,22.41,22.93,21.92,21.92,22.41,41463730,929597366.28,-2.1865,2.8476,1,0,none,baostock,query_history_k_data_plus
600521,SHSE.600521,,SH,A股-上交所,2025-08-28,21.92,22.22,21.05,21.97,21.92,37277482,808029337.56,0.2281,2.5601,1,0,none,baostock,query_history_k_data_plus
600521,SHSE.600521,,SH,A股-上交所,2025-08-29,21.98,24.17,21.98,24.17,21.97,89835394,2122769439.91,10.0137,6.1696,1,0,none,baostock,query_history_k_data_plus
600521,SHSE.600521,,SH,A股-上交所,2025-09-01,24.25,26.59,24.01,26.59,24.17,108536031,2798693382.57,10.0124,7.4539,1,0,none,baostock,query_history_k_data_plus
600521,SHSE.600521,,SH,A股-上交所,2025-09-02,26.76,27.17,25.65,26.3,26.59,86608514,2292795554.97,-1.0906,5.948,1,0,none,baostock,query_history_k_data_plus
600521,SHSE.600521,,SH,A股-上交所,2025-09-03,26.78,27.1,25.83,26.91,26.3,65000558,1731842384.64,2.3194,4.464,1,0,none,baostock,query_history_k_data_plus
600521,SHSE.600521,,SH,A股-上交所,2025-09-04,27.5,27.5,25.8,26.46,26.91,65408563,1728978617.04,-1.6722,4.492,1,0,none,baostock,query_history_k_data_plus
600521,SHSE.600521,,SH,A股-上交所,2025-09-05,26.46,27.05,25.65,26.93,26.46,53517348,1416166590.25,1.7763,3.6754,1,0,none,baostock,query_history_k_data_plus
600521,SHSE.600521,,SH,A股-上交所,2025-09-08,27.15,27.97,26.28,27.01,26.93,47285574,1275849024.08,0.2971,3.2474,1,0,none,baostock,query_history_k_data_plus
600521,SHSE.600521,,SH,A股-上交所,2025-09-09,26.84,27.5,24.31,24.31,27.01,86936145,2226697397.75,-9.9963,5.9705,1,0,none,baostock,query_history_k_data_plus
600521,SHSE.600521,,SH,A股-上交所,2025-09-10,24.51,25.26,23.8,24.62,24.31,63253433,1549341763.48,1.2752,4.344,1,0,none,baostock,query_history_k_data_plus
600521,SHSE.600521,,SH,A股-上交所,2025-09-11,22.99,23.68,22.16,23.57,24.62,82283192,1897317371.5,-4.2648,5.6509,1,0,none,baostock,query_history_k_data_plus
600521,SHSE.600521,,SH,A股-上交所,2025-09-12,25.0,25.57,24.45,24.95,23.57,77054843,1925303796.72,5.8549,5.2919,1,0,none,baostock,query_history_k_data_plus
600521,SHSE.600521,,SH,A股-上交所,2025-09-15,24.48,25.03,24.04,24.16,24.95,49784399,1217031242.91,-3.1663,3.419,1,0,none,baostock,query_history_k_data_plus
600521,SHSE.600521,,SH,A股-上交所,2025-09-16,24.0,24.28,23.29,23.6,24.16,41029558,968326559.49,-2.3179,2.8178,1,0,none,baostock,query_history_k_data_plus
600521,SHSE.600521,,SH,A股-上交所,2025-09-17,23.67,24.11,23.4,23.62,23.6,33765926,800533372.11,0.0847,2.3189,1,0,none,baostock,query_history_k_data_plus
600521,SHSE.600521,,SH,A股-上交所,2025-09-18,23.92,23.93,22.8,23.09,23.62,40722536,955907443.35,-2.2439,2.7967,1,0,none,baostock,query_history_k_data_plus
600521,SHSE.600521,,SH,A股-上交所,2025-09-19,23.03,23.4,22.85,22.96,23.09,24933073,574561876.04,-0.563,1.7123,1,0,none,baostock,query_history_k_data_plus
600521,SHSE.600521,,SH,A股-上交所,2025-09-22,22.8,23.29,22.19,22.42,22.96,37990761,856379124.28,-2.3519,2.6091,1,0,none,baostock,query_history_k_data_plus
600521,SHSE.600521,,SH,A股-上交所,2025-09-23,22.13,22.49,21.21,21.7,22.42,36392903,790073864.82,-3.2114,2.4993,1,0,none,baostock,query_history_k_data_plus
600521,SHSE.600521,,SH,A股-上交所,2025-09-24,21.82,22.5,21.61,22.33,21.7,29415447,649854577.71,2.9032,2.0202,1,0,none,baostock,query_history_k_data_plus
600521,SHSE.600521,,SH,A股-上交所,2025-09-25,22.32,22.32,21.84,21.99,22.33,32786928,723300243.38,-1.5226,2.1898,1,0,none,baostock,query_history_k_data_plus
600521,SHSE.600521,,SH,A股-上交所,2025-09-26,21.56,21.74,20.75,20.82,21.99,48594203,1022815551.81,-5.3206,3.2456,1,0,none,baostock,query_history_k_data_plus
600521,SHSE.600521,,SH,A股-上交所,2025-09-29,21.28,21.65,20.34,21.15,20.82,41404690,869044533.61,1.585,2.7654,1,0,none,baostock,query_history_k_data_plus
600521,SHSE.600521,,SH,A股-上交所,2025-09-30,21.13,21.49,20.98,21.19,21.15,26298094,557983335.61,0.1891,1.7564,1,0,none,baostock,query_history_k_data_plus
600521,SHSE.600521,,SH,A股-上交所,2025-10-09,21.15,21.23,20.71,21.01,21.19,25366512,532190766.81,-0.8495,1.6942,1,0,none,baostock,query_history_k_data_plus
600521,SHSE.600521,,SH,A股-上交所,2025-10-10,21.0,21.55,20.58,20.77,21.01,30109133,634093261.26,-1.1423,2.011,1,0,none,baostock,query_history_k_data_plus
600521,SHSE.600521,,SH,A股-上交所,2025-10-13,20.0,20.58,19.72,19.96,20.77,38224158,763962347.74,-3.8999,2.553,1,0,none,baostock,query_history_k_data_plus
600521,SHSE.600521,,SH,A股-上交所,2025-10-14,20.07,20.39,19.1,19.23,19.96,38391428,752986880.77,-3.6573,2.5641,1,0,none,baostock,query_history_k_data_plus
600521,SHSE.600521,,SH,A股-上交所,2025-10-15,19.48,21.15,19.37,20.69,19.23,81947775,1683130752.96,7.5923,5.4732,1,0,none,baostock,query_history_k_data_plus
600521,SHSE.600521,,SH,A股-上交所,2025-10-16,20.38,20.65,19.76,19.88,20.69,59292816,1191593902.96,-3.9149,3.9601,1,0,none,baostock,query_history_k_data_plus
600521,SHSE.600521,,SH,A股-上交所,2025-10-17,19.9,20.11,19.23,19.27,19.88,31092206,609767935.52,-3.0684,2.0766,1,0,none,baostock,query_history_k_data_plus
600521,SHSE.600521,,SH,A股-上交所,2025-10-20,19.2,19.45,19.01,19.15,19.27,22589928,433923693.17,-0.6227,1.5088,1,0,none,baostock,query_history_k_data_plus
600521,SHSE.600521,,SH,A股-上交所,2025-10-21,19.01,19.33,19.0,19.16,19.15,22325395,427263467.38,0.0522,1.4911,1,0,none,baostock,query_history_k_data_plus
600521,SHSE.600521,,SH,A股-上交所,2025-10-22,19.16,19.66,18.87,18.91,19.16,32310120,618725083.74,-1.3048,2.158,1,0,none,baostock,query_history_k_data_plus
600521,SHSE.600521,,SH,A股-上交所,2025-10-23,18.81,18.97,18.29,18.5,18.91,39528657,730216969.57,-2.1682,2.6401,1,0,none,baostock,query_history_k_data_plus
600521,SHSE.600521,,SH,A股-上交所,2025-10-24,18.46,18.61,18.29,18.49,18.5,24413000,449431044.51,-0.0541,1.6305,1,0,none,baostock,query_history_k_data_plus
600521,SHSE.600521,,SH,A股-上交所,2025-10-27,18.65,19.14,18.64,18.96,18.49,39781107,751967746.69,2.5419,2.6569,1,0,none,baostock,query_history_k_data_plus
600521,SHSE.600521,,SH,A股-上交所,2025-10-28,18.98,19.43,18.86,18.92,18.96,38843803,741377820.8,-0.211,2.5943,1,0,none,baostock,query_history_k_data_plus
600521,SHSE.600521,,SH,A股-上交所,2025-10-29,18.83,19.13,18.73,18.92,18.92,27322761,516820573.23,0.0,1.8249,1,0,none,baostock,query_history_k_data_plus
600521,SHSE.600521,,SH,A股-上交所,2025-10-30,18.92,19.04,18.61,18.78,18.92,21863317,412067482.54,-0.74,1.4602,1,0,none,baostock,query_history_k_data_plus
600521,SHSE.600521,,SH,A股-上交所,2025-10-31,18.71,19.35,18.57,19.18,18.78,47607448,910483656.12,2.1299,3.1797,1,0,none,baostock,query_history_k_data_plus
600521,SHSE.600521,,SH,A股-上交所,2025-11-03,19.1,19.37,18.96,19.18,19.18,38400591,736233563.37,0.0,2.5647,1,0,none,baostock,query_history_k_data_plus
600521,SHSE.600521,,SH,A股-上交所,2025-11-04,19.15,19.16,18.31,18.42,19.18,39846132,739180939.02,-3.9625,2.6613,1,0,none,baostock,query_history_k_data_plus
600521,SHSE.600521,,SH,A股-上交所,2025-11-05,18.2,18.54,18.14,18.41,18.42,18498008,339451532.81,-0.0543,1.2355,1,0,none,baostock,query_history_k_data_plus
600521,SHSE.600521,,SH,A股-上交所,2025-11-06,18.43,18.43,18.27,18.32,18.41,15453682,283231794.93,-0.4889,1.0321,1,0,none,baostock,query_history_k_data_plus
600521,SHSE.600521,,SH,A股-上交所,2025-11-07,18.34,18.53,18.14,18.25,18.32,22537314,413168567.13,-0.3821,1.5052,1,0,none,baostock,query_history_k_data_plus
600521,SHSE.600521,,SH,A股-上交所,2025-11-10,18.2,18.7,18.2,18.63,18.25,28786700,532834474.94,2.0822,1.9226,1,0,none,baostock,query_history_k_data_plus
600521,SHSE.600521,,SH,A股-上交所,2025-11-11,18.6,18.75,18.46,18.67,18.63,19104354,355576320.82,0.2147,1.276,1,0,none,baostock,query_history_k_data_plus
600521,SHSE.600521,,SH,A股-上交所,2025-11-12,18.67,18.82,18.41,18.5,18.67,22611284,420665069.78,-0.9106,1.5102,1,0,none,baostock,query_history_k_data_plus
600521,SHSE.600521,,SH,A股-上交所,2025-11-13,18.74,19.05,18.64,18.89,18.5,38099785,719211008.34,2.1081,2.5446,1,0,none,baostock,query_history_k_data_plus
600521,SHSE.600521,,SH,A股-上交所,2025-11-14,18.76,19.14,18.74,18.95,18.89,27807129,528180530.85,0.3176,1.8572,1,0,none,baostock,query_history_k_data_plus
600521,SHSE.600521,,SH,A股-上交所,2025-11-17,18.95,18.99,18.46,18.57,18.95,24533257,456370618.0,-2.0053,1.6386,1,0,none,baostock,query_history_k_data_plus
600521,SHSE.600521,,SH,A股-上交所,2025-11-18,18.52,18.66,18.22,18.28,18.57,18432581,338780607.0,-1.5617,1.2311,1,0,none,baostock,query_history_k_data_plus
600521,SHSE.600521,,SH,A股-上交所,2025-11-19,18.2,18.33,17.65,17.8,18.28,25105490,449183790.91,-2.6258,1.6768,1,0,none,baostock,query_history_k_data_plus
600521,SHSE.600521,,SH,A股-上交所,2025-11-20,17.98,18.03,17.48,17.53,17.8,20066176,354464450.03,-1.5169,1.3402,1,0,none,baostock,query_history_k_data_plus
600521,SHSE.600521,,SH,A股-上交所,2025-11-21,17.34,17.52,16.7,16.8,17.53,27157547,461763224.07,-4.1643,1.8138,1,0,none,baostock,query_history_k_data_plus
600521,SHSE.600521,,SH,A股-上交所,2025-11-24,16.91,17.1,16.87,17.03,16.8,16783619,285380014.27,1.369,1.121,1,0,none,baostock,query_history_k_data_plus
600521,SHSE.600521,,SH,A股-上交所,2025-11-25,17.07,17.65,16.99,17.47,17.03,20661018,360237547.94,2.5837,1.3799,1,0,none,baostock,query_history_k_data_plus
600521,SHSE.600521,,SH,A股-上交所,2025-11-26,17.5,18.06,17.5,17.79,17.47,23168543,413231124.71,1.8317,1.5474,1,0,none,baostock,query_history_k_data_plus
600521,SHSE.600521,,SH,A股-上交所,2025-11-27,17.72,18.05,17.55,17.82,17.79,17825749,316972909.05,0.1686,1.1906,1,0,none,baostock,query_history_k_data_plus
600521,SHSE.600521,,SH,A股-上交所,2025-11-28,17.8,18.02,17.6,18.01,17.82,19042363,340661761.66,1.0662,1.2718,1,0,none,baostock,query_history_k_data_plus
600521,SHSE.600521,,SH,A股-上交所,2025-12-01,18.02,18.35,18.02,18.15,18.01,18838144,342776594.36,0.7773,1.2582,1,0,none,baostock,query_history_k_data_plus
600521,SHSE.600521,,SH,A股-上交所,2025-12-02,18.1,18.1,17.77,17.8,18.15,13861783,247450774.15,-1.9284,0.9258,1,0,none,baostock,query_history_k_data_plus
600521,SHSE.600521,,SH,A股-上交所,2025-12-03,17.8,18.0,17.67,17.79,17.8,13166941,234065609.71,-0.0562,0.8794,1,0,none,baostock,query_history_k_data_plus
600521,SHSE.600521,,SH,A股-上交所,2025-12-04,17.81,17.95,17.59,17.76,17.79,9818749,174200579.82,-0.1686,0.6558,1,0,none,baostock,query_history_k_data_plus
600521,SHSE.600521,,SH,A股-上交所,2025-12-05,17.68,18.02,17.45,17.98,17.76,15603121,276677280.89,1.2387,1.0421,1,0,none,baostock,query_history_k_data_plus
600521,SHSE.600521,,SH,A股-上交所,2025-12-08,18.09,18.15,17.86,17.96,17.98,15423454,277428796.08,-0.1112,1.0301,1,0,none,baostock,query_history_k_data_plus
600521,SHSE.600521,,SH,A股-上交所,2025-12-09,17.96,18.42,17.83,17.86,17.96,19392486,350845620.32,-0.5568,1.2952,1,0,none,baostock,query_history_k_data_plus
600521,SHSE.600521,,SH,A股-上交所,2025-12-10,17.84,18.03,17.62,17.96,17.86,11797859,210756123.37,0.5599,0.788,1,0,none,baostock,query_history_k_data_plus
600521,SHSE.600521,,SH,A股-上交所,2025-12-11,17.97,18.06,17.62,17.67,17.96,11343564,201842854.8,-1.6147,0.7576,1,0,none,baostock,query_history_k_data_plus
600521,SHSE.600521,,SH,A股-上交所,2025-12-12,17.7,17.85,17.3,17.79,17.67,19275226,338530031.43,0.6791,1.2874,1,0,none,baostock,query_history_k_data_plus
600521,SHSE.600521,,SH,A股-上交所,2025-12-15,17.67,17.73,17.22,17.34,17.79,17471505,303837472.19,-2.5295,1.1669,1,0,none,baostock,query_history_k_data_plus
600521,SHSE.600521,,SH,A股-上交所,2025-12-16,17.26,17.3,16.9,16.9,17.34,15550965,264297206.72,-2.5375,1.0386,1,0,none,baostock,query_history_k_data_plus
600521,SHSE.600521,,SH,A股-上交所,2025-12-17,16.86,17.18,16.69,17.09,16.9,11609088,196838875.94,1.1243,0.7754,1,0,none,baostock,query_history_k_data_plus
600521,SHSE.600521,,SH,A股-上交所,2025-12-18,17.03,17.42,16.92,17.21,17.09,12559506,215826273.52,0.7022,0.8388,1,0,none,baostock,query_history_k_data_plus
600521,SHSE.600521,,SH,A股-上交所,2025-12-19,17.24,17.77,17.2,17.5,17.21,16266960,285595542.8,1.6851,1.0865,1,0,none,baostock,query_history_k_data_plus
600521,SHSE.600521,,SH,A股-上交所,2025-12-22,17.55,17.55,17.26,17.31,17.5,14364300,249359703.18,-1.0857,0.9594,1,0,none,baostock,query_history_k_data_plus
600521,SHSE.600521,,SH,A股-上交所,2025-12-23,17.32,17.45,16.97,17.02,17.31,18662340,319962152.88,-1.6753,1.2464,1,0,none,baostock,query_history_k_data_plus
600521,SHSE.600521,,SH,A股-上交所,2025-12-24,17.0,17.31,16.91,17.27,17.02,14202448,243775475.58,1.4689,0.9486,1,0,none,baostock,query_history_k_data_plus
600521,SHSE.600521,,SH,A股-上交所,2025-12-25,17.27,17.47,17.15,17.29,17.27,11377401,196610126.28,0.1158,0.7599,1,0,none,baostock,query_history_k_data_plus
600521,SHSE.600521,,SH,A股-上交所,2025-12-26,17.31,17.45,17.18,17.32,17.29,12661445,219245347.84,0.1735,0.8456,1,0,none,baostock,query_history_k_data_plus
600521,SHSE.600521,,SH,A股-上交所,2025-12-29,17.35,17.4,17.15,17.23,17.32,10960674,189172462.37,-0.5196,0.7321,1,0,none,baostock,query_history_k_data_plus
600521,SHSE.600521,,SH,A股-上交所,2025-12-30,17.15,17.37,16.96,17.21,17.23,13823400,237026085.68,-0.1161,0.9233,1,0,none,baostock,query_history_k_data_plus
600521,SHSE.600521,,SH,A股-上交所,2025-12-31,17.15,17.27,16.91,16.97,17.21,13446521,228712438.17,-1.3945,0.8981,1,0,none,baostock,query_history_k_data_plus
600521,SHSE.600521,,SH,A股-上交所,2026-01-05,17.0,17.9,16.99,17.75,16.97,34604120,607070083.86,4.5963,2.3112,1,0,none,baostock,query_history_k_data_plus
600521,SHSE.600521,,SH,A股-上交所,2026-01-06,17.83,18.15,17.65,17.89,17.75,22612213,402688325.5,0.7887,1.5102,1,0,none,baostock,query_history_k_data_plus
600521,SHSE.600521,,SH,A股-上交所,2026-01-07,17.88,18.21,17.8,17.98,17.89,23322523,421213540.15,0.5031,1.5577,1,0,none,baostock,query_history_k_data_plus
600521,SHSE.600521,,SH,A股-上交所,2026-01-08,17.99,18.3,17.94,18.08,17.98,22230006,403226981.0,0.5562,1.4847,1,0,none,baostock,query_history_k_data_plus
600521,SHSE.600521,,SH,A股-上交所,2026-01-09,18.11,18.88,17.98,18.6,18.08,43828585,806255209.94,2.8761,2.9273,1,0,none,baostock,query_history_k_data_plus
600521,SHSE.600521,,SH,A股-上交所,2026-01-12,18.51,18.76,18.25,18.35,18.6,33724553,619288210.58,-1.3441,2.2524,1,0,none,baostock,query_history_k_data_plus
600521,SHSE.600521,,SH,A股-上交所,2026-01-13,18.35,18.8,17.55,17.69,18.35,66726577,1201618257.59,-3.5967,4.4566,1,0,none,baostock,query_history_k_data_plus
600521,SHSE.600521,,SH,A股-上交所,2026-01-14,17.72,18.07,17.35,17.55,17.69,48497563,861661114.89,-0.7914,3.2391,1,0,none,baostock,query_history_k_data_plus
600521,SHSE.600521,,SH,A股-上交所,2026-01-15,17.46,17.67,17.03,17.15,17.55,35937480,620862735.72,-2.2792,2.4002,1,0,none,baostock,query_history_k_data_plus
600521,SHSE.600521,,SH,A股-上交所,2026-01-16,17.18,17.3,16.79,17.03,17.15,34672208,587554739.06,-0.6997,2.3157,1,0,none,baostock,query_history_k_data_plus
600521,SHSE.600521,,SH,A股-上交所,2026-01-19,16.91,17.03,16.86,17.03,17.03,20750652,351772128.72,0.0,1.3859,1,0,none,baostock,query_history_k_data_plus
600521,SHSE.600521,,SH,A股-上交所,2026-01-20,16.99,17.16,16.56,16.69,17.03,32491888,544557411.24,-1.9965,2.1701,1,0,none,baostock,query_history_k_data_plus
600521,SHSE.600521,,SH,A股-上交所,2026-01-21,16.61,16.89,16.61,16.72,16.69,16624990,278736446.42,0.1797,1.1104,1,0,none,baostock,query_history_k_data_plus
600521,SHSE.600521,,SH,A股-上交所,2026-01-22,16.72,16.81,16.63,16.69,16.72,12757933,213003579.88,-0.1794,0.8521,1,0,none,baostock,query_history_k_data_plus
600521,SHSE.600521,,SH,A股-上交所,2026-01-23,16.77,17.18,16.75,17.13,16.69,26394104,449022210.64,2.6363,1.7628,1,0,none,baostock,query_history_k_data_plus
600521,SHSE.600521,,SH,A股-上交所,2026-01-26,17.34,17.35,16.92,17.14,17.13,24856449,424166748.77,0.0584,1.6601,1,0,none,baostock,query_history_k_data_plus
600521,SHSE.600521,,SH,A股-上交所,2026-01-27,17.06,17.07,16.03,16.49,17.14,51700075,850555987.23,-3.7923,3.453,1,0,none,baostock,query_history_k_data_plus
600521,SHSE.600521,,SH,A股-上交所,2026-01-28,16.66,16.66,16.22,16.29,16.49,23766500,389137849.96,-1.2129,1.5873,1,0,none,baostock,query_history_k_data_plus
600521,SHSE.600521,,SH,A股-上交所,2026-01-29,16.17,16.3,15.91,16.03,16.29,23312173,374597516.04,-1.5961,1.557,1,0,none,baostock,query_history_k_data_plus
600521,SHSE.600521,,SH,A股-上交所,2026-01-30,16.06,16.15,15.68,15.72,16.03,21542013,341318632.69,-1.9339,1.4388,1,0,none,baostock,query_history_k_data_plus
600521,SHSE.600521,,SH,A股-上交所,2026-02-02,15.6,15.83,15.32,15.33,15.72,20382391,317088814.93,-2.4809,1.3613,1,0,none,baostock,query_history_k_data_plus
600521,SHSE.600521,,SH,A股-上交所,2026-02-03,15.39,15.66,15.28,15.64,15.33,14381499,222400971.42,2.0222,0.9605,1,0,none,baostock,query_history_k_data_plus
600521,SHSE.600521,,SH,A股-上交所,2026-02-04,15.6,15.82,15.48,15.82,15.64,12678191,198169517.12,1.1509,0.8468,1,0,none,baostock,query_history_k_data_plus
600521,SHSE.600521,,SH,A股-上交所,2026-02-05,15.79,15.9,15.69,15.76,15.82,11819460,186668251.28,-0.3793,0.7894,1,0,none,baostock,query_history_k_data_plus
600521,SHSE.600521,,SH,A股-上交所,2026-02-06,15.77,16.2,15.66,16.14,15.76,22665436,362827066.57,2.4112,1.5138,1,0,none,baostock,query_history_k_data_plus
600521,SHSE.600521,,SH,A股-上交所,2026-02-09,16.14,16.24,16.01,16.09,16.14,12877804,207154229.61,-0.3098,0.8601,1,0,none,baostock,query_history_k_data_plus
600521,SHSE.600521,,SH,A股-上交所,2026-02-10,16.09,16.25,16.03,16.14,16.09,10673577,172333567.99,0.3108,0.7129,1,0,none,baostock,query_history_k_data_plus
600521,SHSE.600521,,SH,A股-上交所,2026-02-11,16.09,16.17,16.06,16.08,16.14,7026820,113178567.6,-0.3717,0.4693,1,0,none,baostock,query_history_k_data_plus
600521,SHSE.600521,,SH,A股-上交所,2026-02-12,16.05,16.09,15.86,15.95,16.08,9198430,146833199.4,-0.8085,0.6144,1,0,none,baostock,query_history_k_data_plus
600521,SHSE.600521,,SH,A股-上交所,2026-02-13,15.9,15.99,15.71,15.71,15.95,10785100,170908336.9,-1.5047,0.7203,1,0,none,baostock,query_history_k_data_plus
600521,SHSE.600521,,SH,A股-上交所,2026-02-24,15.93,16.1,15.88,16.01,15.71,11571992,185232021.96,1.9096,0.7729,1,0,none,baostock,query_history_k_data_plus
600521,SHSE.600521,,SH,A股-上交所,2026-02-25,16.0,16.2,15.91,16.04,16.01,13649806,219351671.68,0.1874,0.9117,1,0,none,baostock,query_history_k_data_plus
600521,SHSE.600521,,SH,A股-上交所,2026-02-26,16.05,16.09,15.68,15.7,16.04,19357953,306535968.56,-2.1197,1.2929,1,0,none,baostock,query_history_k_data_plus
600521,SHSE.600521,,SH,A股-上交所,2026-02-27,15.66,15.99,15.63,15.99,15.7,12285323,195190513.43,1.8471,0.8205,1,0,none,baostock,query_history_k_data_plus
600521,SHSE.600521,,SH,A股-上交所,2026-03-02,16.0,16.13,15.76,15.82,15.99,16003306,254535285.12,-1.0632,1.0688,1,0,none,baostock,query_history_k_data_plus
600521,SHSE.600521,,SH,A股-上交所,2026-03-03,15.82,15.95,15.28,15.32,15.82,20590140,319632270.8,-3.1606,1.3752,1,0,none,baostock,query_history_k_data_plus
600521,SHSE.600521,,SH,A股-上交所,2026-03-04,15.2,15.47,15.08,15.1,15.32,15090089,229473751.41,-1.436,1.0079,1,0,none,baostock,query_history_k_data_plus
600521,SHSE.600521,,SH,A股-上交所,2026-03-05,15.3,15.55,15.16,15.31,15.1,12465760,190964611.5,1.3907,0.8326,1,0,none,baostock,query_history_k_data_plus
600521,SHSE.600521,,SH,A股-上交所,2026-03-06,15.3,16.07,15.28,15.99,15.31,23168736,365265394.68,4.4415,1.5474,1,0,none,baostock,query_history_k_data_plus
600521,SHSE.600521,,SH,A股-上交所,2026-03-09,15.85,15.92,15.58,15.81,15.99,15362784,241776439.7,-1.1257,1.0261,1,0,none,baostock,query_history_k_data_plus
600521,SHSE.600521,,SH,A股-上交所,2026-03-10,15.94,16.16,15.9,16.12,15.81,17757703,284877666.67,1.9608,1.186,1,0,none,baostock,query_history_k_data_plus
600521,SHSE.600521,,SH,A股-上交所,2026-03-11,16.12,16.15,15.89,15.98,16.12,13796800,220495062.6,-0.8685,0.9215,1,0,none,baostock,query_history_k_data_plus
600521,SHSE.600521,,SH,A股-上交所,2026-03-12,15.96,16.07,15.8,15.98,15.98,11965158,190453837.87,0.0,0.7991,1,0,none,baostock,query_history_k_data_plus
600521,SHSE.600521,,SH,A股-上交所,2026-03-13,15.91,16.06,15.79,15.83,15.98,12213472,194216179.91,-0.9387,0.8157,1,0,none,baostock,query_history_k_data_plus
600521,SHSE.600521,,SH,A股-上交所,2026-03-16,15.88,16.0,15.73,15.83,15.83,12232267,194094264.98,0.0,0.817,1,0,none,baostock,query_history_k_data_plus
600521,SHSE.600521,,SH,A股-上交所,2026-03-17,15.83,16.14,15.76,15.85,15.83,16673841,265785039.08,0.1263,1.1136,1,0,none,baostock,query_history_k_data_plus
600521,SHSE.600521,,SH,A股-上交所,2026-03-18,15.82,15.88,15.59,15.85,15.85,13010773,204717187.59,0.0,0.869,1,0,none,baostock,query_history_k_data_plus
600521,SHSE.600521,,SH,A股-上交所,2026-03-19,15.73,15.87,15.51,15.57,15.85,11880796,186052362.24,-1.7666,0.7935,1,0,none,baostock,query_history_k_data_plus
600521,SHSE.600521,,SH,A股-上交所,2026-03-20,15.55,15.84,15.3,15.3,15.57,13289856,206300545.05,-1.7341,0.8876,1,0,none,baostock,query_history_k_data_plus
600521,SHSE.600521,,SH,A股-上交所,2026-03-23,15.19,15.19,14.37,14.46,15.3,22951565,338381095.67,-5.4902,1.5329,1,0,none,baostock,query_history_k_data_plus
600521,SHSE.600521,,SH,A股-上交所,2026-03-24,14.64,15.0,14.6,14.97,14.46,17171365,253909327.75,3.527,1.1469,1,0,none,baostock,query_history_k_data_plus
600521,SHSE.600521,,SH,A股-上交所,2026-03-25,15.05,15.28,15.01,15.13,14.97,12426569,188684826.24,1.0688,0.83,1,0,none,baostock,query_history_k_data_plus
600521,SHSE.600521,,SH,A股-上交所,2026-03-26,15.0,15.25,14.89,14.94,15.13,10216875,153900248.54,-1.2558,0.6824,1,0,none,baostock,query_history_k_data_plus
600521,SHSE.600521,,SH,A股-上交所,2026-03-27,14.8,15.88,14.72,15.82,14.94,28055131,433795250.38,5.8902,1.8738,1,0,none,baostock,query_history_k_data_plus
600521,SHSE.600521,,SH,A股-上交所,2026-03-30,15.6,16.35,15.45,16.18,15.82,44505707,714526016.55,2.2756,2.9725,1,0,none,baostock,query_history_k_data_plus
600521,SHSE.600521,,SH,A股-上交所,2026-03-31,16.05,16.39,16.01,16.06,16.18,21963021,355218450.93,-0.7417,1.4669,1,0,none,baostock,query_history_k_data_plus
600521,SHSE.600521,,SH,A股-上交所,2026-04-01,16.16,16.77,15.98,16.59,16.06,49099695,809942493.11,3.3001,3.2793,1,0,none,baostock,query_history_k_data_plus
600521,SHSE.600521,,SH,A股-上交所,2026-04-02,16.5,16.69,16.36,16.5,16.59,29892681,493446640.23,-0.5425,1.9965,1,0,none,baostock,query_history_k_data_plus
600521,SHSE.600521,,SH,A股-上交所,2026-04-03,16.26,16.48,15.76,15.88,16.5,28556427,456750332.95,-3.7576,1.9073,1,0,none,baostock,query_history_k_data_plus
600521,SHSE.600521,,SH,A股-上交所,2026-04-07,15.99,16.19,15.51,15.86,15.88,18756962,297550929.58,-0.1259,1.2528,1,0,none,baostock,query_history_k_data_plus
600521,SHSE.600521,,SH,A股-上交所,2026-04-08,16.15,16.35,15.92,16.06,15.86,25957053,417353630.75,1.261,1.7336,1,0,none,baostock,query_history_k_data_plus
600521,SHSE.600521,,SH,A股-上交所,2026-04-09,15.98,16.26,15.74,15.76,16.06,22426992,358113322.12,-1.868,1.4979,1,0,none,baostock,query_history_k_data_plus
600521,SHSE.600521,,SH,A股-上交所,2026-04-10,15.8,16.75,15.68,16.19,15.76,34845401,566068909.4,2.7284,2.3273,1,0,none,baostock,query_history_k_data_plus
600521,SHSE.600521,,SH,A股-上交所,2026-04-13,16.01,16.08,15.78,15.84,16.19,24830136,394604843.02,-2.1618,1.6584,1,0,none,baostock,query_history_k_data_plus
600521,SHSE.600521,,SH,A股-上交所,2026-04-14,15.87,16.27,15.73,16.09,15.84,23830720,380856162.63,1.5783,1.5916,1,0,none,baostock,query_history_k_data_plus
600521,SHSE.600521,,SH,A股-上交所,2026-04-15,16.31,16.66,16.09,16.51,16.09,48091497,790704579.96,2.6103,3.212,1,0,none,baostock,query_history_k_data_plus
600521,SHSE.600521,,SH,A股-上交所,2026-04-16,16.43,16.46,16.2,16.29,16.51,24949340,406713303.9,-1.3325,1.6663,1,0,none,baostock,query_history_k_data_plus
600521,SHSE.600521,,SH,A股-上交所,2026-04-17,16.22,17.16,16.02,16.88,16.29,57951374,960136731.55,3.6219,3.8705,1,0,none,baostock,query_history_k_data_plus
