code,symbol,name,market,asset_type,date,open,high,low,close,preclose,volume,amount,pct_chg,turnover,trade_status,is_st,adjust,provider,source_function
600713,SHSE.600713,,SH,A股-上交所,2022-12-26,5.26,5.27,5.1,5.14,5.22,16309366,84246638.88,-1.5326,1.5658,1,0,none,baostock,query_history_k_data_plus
600713,SHSE.600713,,SH,A股-上交所,2022-12-27,5.14,5.15,5.02,5.11,5.14,17292192,87734021.18,-0.5837,1.6601,1,0,none,baostock,query_history_k_data_plus
600713,SHSE.600713,,SH,A股-上交所,2022-12-28,5.09,5.11,5.03,5.05,5.11,12083800,61256554.0,-1.1742,1.1601,1,0,none,baostock,query_history_k_data_plus
600713,SHSE.600713,,SH,A股-上交所,2022-12-29,5.06,5.22,5.02,5.18,5.05,19146842,98647363.5,2.5743,1.8382,1,0,none,baostock,query_history_k_data_plus
600713,SHSE.600713,,SH,A股-上交所,2022-12-30,5.19,5.19,5.1,5.12,5.18,10953000,56198361.0,-1.1583,1.0515,1,0,none,baostock,query_history_k_data_plus
600713,SHSE.600713,,SH,A股-上交所,2023-01-03,5.14,5.29,5.13,5.27,5.12,17361931,90991345.06,2.9297,1.6668,1,0,none,baostock,query_history_k_data_plus
600713,SHSE.600713,,SH,A股-上交所,2023-01-04,5.27,5.28,5.2,5.26,5.27,10485800,54923196.0,-0.1898,1.0067,1,0,none,baostock,query_history_k_data_plus
600713,SHSE.600713,,SH,A股-上交所,2023-01-05,5.28,5.29,5.21,5.24,5.26,11543320,60453494.6,-0.3802,1.1082,1,0,none,baostock,query_history_k_data_plus
600713,SHSE.600713,,SH,A股-上交所,2023-01-06,5.24,5.24,5.16,5.19,5.24,11029770,57291173.6,-0.9542,1.0589,1,0,none,baostock,query_history_k_data_plus
600713,SHSE.600713,,SH,A股-上交所,2023-01-09,5.18,5.22,5.16,5.18,5.19,6849921,35472827.93,-0.1927,0.6576,1,0,none,baostock,query_history_k_data_plus
600713,SHSE.600713,,SH,A股-上交所,2023-01-10,5.19,5.19,5.11,5.13,5.18,10347104,53117469.56,-0.9653,0.9934,1,0,none,baostock,query_history_k_data_plus
600713,SHSE.600713,,SH,A股-上交所,2023-01-11,5.13,5.16,5.09,5.11,5.13,7375401,37814815.11,-0.3899,0.7081,1,0,none,baostock,query_history_k_data_plus
600713,SHSE.600713,,SH,A股-上交所,2023-01-12,5.11,5.14,5.07,5.1,5.11,6358200,32399736.0,-0.1957,0.6104,1,0,none,baostock,query_history_k_data_plus
600713,SHSE.600713,,SH,A股-上交所,2023-01-13,5.09,5.18,5.09,5.18,5.1,6827431,35117584.34,1.5686,0.6555,1,0,none,baostock,query_history_k_data_plus
600713,SHSE.600713,,SH,A股-上交所,2023-01-16,5.19,5.24,5.18,5.23,5.18,9456032,49314848.72,0.9653,0.9078,1,0,none,baostock,query_history_k_data_plus
600713,SHSE.600713,,SH,A股-上交所,2023-01-17,5.23,5.24,5.14,5.17,5.23,7901900,40955442.0,-1.1472,0.7586,1,0,none,baostock,query_history_k_data_plus
600713,SHSE.600713,,SH,A股-上交所,2023-01-18,5.18,5.2,5.15,5.19,5.17,5551300,28770993.0,0.3868,0.533,1,0,none,baostock,query_history_k_data_plus
600713,SHSE.600713,,SH,A股-上交所,2023-01-19,5.17,5.2,5.15,5.19,5.19,6782660,35107598.2,0.0,0.6512,1,0,none,baostock,query_history_k_data_plus
600713,SHSE.600713,,SH,A股-上交所,2023-01-20,5.2,5.26,5.19,5.25,5.19,8035460,42032567.8,1.1561,0.7714,1,0,none,baostock,query_history_k_data_plus
600713,SHSE.600713,,SH,A股-上交所,2023-01-30,5.29,5.3,5.24,5.25,5.25,11284001,59401725.24,0.0,1.0833,1,0,none,baostock,query_history_k_data_plus
600713,SHSE.600713,,SH,A股-上交所,2023-01-31,5.24,5.27,5.22,5.26,5.25,8047000,42182062.0,0.1905,0.7726,1,0,none,baostock,query_history_k_data_plus
600713,SHSE.600713,,SH,A股-上交所,2023-02-01,5.26,5.32,5.23,5.32,5.26,11309057,59701321.45,1.1407,1.0857,1,0,none,baostock,query_history_k_data_plus
600713,SHSE.600713,,SH,A股-上交所,2023-02-02,5.32,5.38,5.3,5.34,5.32,12606185,67264087.07,0.3759,1.2103,1,0,none,baostock,query_history_k_data_plus
600713,SHSE.600713,,SH,A股-上交所,2023-02-03,5.31,5.34,5.22,5.27,5.34,10156449,53445491.74,-1.3109,0.9751,1,0,none,baostock,query_history_k_data_plus
600713,SHSE.600713,,SH,A股-上交所,2023-02-06,5.27,5.29,5.24,5.26,5.27,7190100,37844801.0,-0.1898,0.6903,1,0,none,baostock,query_history_k_data_plus
600713,SHSE.600713,,SH,A股-上交所,2023-02-07,5.27,5.28,5.23,5.26,5.26,7814196,41036830.0,0.0,0.7502,1,0,none,baostock,query_history_k_data_plus
600713,SHSE.600713,,SH,A股-上交所,2023-02-08,5.25,5.28,5.22,5.23,5.26,6267900,32861437.0,-0.5703,0.6018,1,0,none,baostock,query_history_k_data_plus
600713,SHSE.600713,,SH,A股-上交所,2023-02-09,5.23,5.28,5.2,5.27,5.23,8947300,46928237.0,0.7648,0.859,1,0,none,baostock,query_history_k_data_plus
600713,SHSE.600713,,SH,A股-上交所,2023-02-10,5.27,5.29,5.23,5.25,5.27,7969102,41868594.48,-0.3795,0.7651,1,0,none,baostock,query_history_k_data_plus
600713,SHSE.600713,,SH,A股-上交所,2023-02-13,5.25,5.33,5.24,5.32,5.25,12500500,66201818.0,1.3333,1.2001,1,0,none,baostock,query_history_k_data_plus
600713,SHSE.600713,,SH,A股-上交所,2023-02-14,5.33,5.34,5.29,5.33,5.32,9983900,53076623.0,0.188,0.9585,1,0,none,baostock,query_history_k_data_plus
600713,SHSE.600713,,SH,A股-上交所,2023-02-15,5.33,5.35,5.3,5.31,5.33,8440501,44888774.31,-0.3752,0.8103,1,0,none,baostock,query_history_k_data_plus
600713,SHSE.600713,,SH,A股-上交所,2023-02-16,5.34,5.5,5.29,5.35,5.31,35564272,192675557.58,0.7533,3.4144,1,0,none,baostock,query_history_k_data_plus
600713,SHSE.600713,,SH,A股-上交所,2023-02-17,5.35,5.48,5.33,5.43,5.35,32028070,173978627.7,1.4953,3.0749,1,0,none,baostock,query_history_k_data_plus
600713,SHSE.600713,,SH,A股-上交所,2023-02-20,5.46,5.47,5.34,5.45,5.43,17064900,92192634.0,0.3683,1.6383,1,0,none,baostock,query_history_k_data_plus
600713,SHSE.600713,,SH,A股-上交所,2023-02-21,5.43,5.48,5.41,5.48,5.45,14752140,80425100.6,0.5505,1.4163,1,0,none,baostock,query_history_k_data_plus
600713,SHSE.600713,,SH,A股-上交所,2023-02-22,5.44,5.49,5.44,5.48,5.48,10813301,59028457.47,0.0,1.0381,1,0,none,baostock,query_history_k_data_plus
600713,SHSE.600713,,SH,A股-上交所,2023-02-23,5.46,5.48,5.37,5.41,5.48,13397800,72570425.0,-1.2774,1.2863,1,0,none,baostock,query_history_k_data_plus
600713,SHSE.600713,,SH,A股-上交所,2023-02-24,5.43,5.43,5.37,5.41,5.41,6013100,32454854.0,0.0,0.5773,1,0,none,baostock,query_history_k_data_plus
600713,SHSE.600713,,SH,A股-上交所,2023-02-27,5.39,5.41,5.34,5.35,5.41,7277312,39077259.2,-1.1091,0.6987,1,0,none,baostock,query_history_k_data_plus
600713,SHSE.600713,,SH,A股-上交所,2023-02-28,5.35,5.46,5.35,5.46,5.35,13345391,72363153.09,2.0561,1.2812,1,0,none,baostock,query_history_k_data_plus
600713,SHSE.600713,,SH,A股-上交所,2023-03-01,5.47,5.48,5.43,5.47,5.46,10736743,58572005.36,0.1832,1.0308,1,0,none,baostock,query_history_k_data_plus
600713,SHSE.600713,,SH,A股-上交所,2023-03-02,5.45,5.47,5.43,5.46,5.47,7188180,39173179.2,-0.1828,0.6901,1,0,none,baostock,query_history_k_data_plus
600713,SHSE.600713,,SH,A股-上交所,2023-03-03,5.45,5.51,5.44,5.49,5.46,9462249,51750801.39,0.5495,0.9084,1,0,none,baostock,query_history_k_data_plus
600713,SHSE.600713,,SH,A股-上交所,2023-03-06,5.5,5.56,5.47,5.51,5.49,10361211,57171621.51,0.3643,0.9947,1,0,none,baostock,query_history_k_data_plus
600713,SHSE.600713,,SH,A股-上交所,2023-03-07,5.52,5.53,5.4,5.41,5.51,12499424,68317095.84,-1.8149,1.2,1,0,none,baostock,query_history_k_data_plus
600713,SHSE.600713,,SH,A股-上交所,2023-03-08,5.4,5.46,5.39,5.43,5.41,7353216,39894019.84,0.3697,0.7059,1,0,none,baostock,query_history_k_data_plus
600713,SHSE.600713,,SH,A股-上交所,2023-03-09,5.43,5.47,5.41,5.44,5.43,6125694,33330908.28,0.1842,0.5881,1,0,none,baostock,query_history_k_data_plus
600713,SHSE.600713,,SH,A股-上交所,2023-03-10,5.42,5.42,5.33,5.36,5.44,9157792,49085288.96,-1.4706,0.8792,1,0,none,baostock,query_history_k_data_plus
600713,SHSE.600713,,SH,A股-上交所,2023-03-13,5.34,5.39,5.31,5.39,5.36,7457792,39856346.12,0.5597,0.716,1,0,none,baostock,query_history_k_data_plus
600713,SHSE.600713,,SH,A股-上交所,2023-03-14,5.37,5.42,5.24,5.24,5.39,11817600,62684093.0,-2.7829,1.1345,1,0,none,baostock,query_history_k_data_plus
600713,SHSE.600713,,SH,A股-上交所,2023-03-15,5.28,5.38,5.27,5.37,5.24,10236400,54684306.0,2.4809,0.9827,1,0,none,baostock,query_history_k_data_plus
600713,SHSE.600713,,SH,A股-上交所,2023-03-16,5.36,5.52,5.32,5.48,5.37,20276800,110700674.0,2.0484,1.9467,1,0,none,baostock,query_history_k_data_plus
600713,SHSE.600713,,SH,A股-上交所,2023-03-17,5.46,5.5,5.38,5.4,5.48,14450200,78495518.0,-1.4599,1.3873,1,0,none,baostock,query_history_k_data_plus
600713,SHSE.600713,,SH,A股-上交所,2023-03-20,5.41,5.41,5.28,5.29,5.4,12810420,68195738.4,-2.037,1.2299,1,0,none,baostock,query_history_k_data_plus
600713,SHSE.600713,,SH,A股-上交所,2023-03-21,5.29,5.34,5.28,5.34,5.29,6498566,34591812.12,0.9452,0.6239,1,0,none,baostock,query_history_k_data_plus
600713,SHSE.600713,,SH,A股-上交所,2023-03-22,5.35,5.39,5.32,5.38,5.34,8604000,46071543.0,0.7491,0.826,1,0,none,baostock,query_history_k_data_plus
600713,SHSE.600713,,SH,A股-上交所,2023-03-23,5.39,5.39,5.32,5.35,5.38,6776500,36216599.87,-0.5576,0.6506,1,0,none,baostock,query_history_k_data_plus
600713,SHSE.600713,,SH,A股-上交所,2023-03-24,5.38,5.42,5.34,5.35,5.35,8480391,45586984.04,0.0,0.8142,1,0,none,baostock,query_history_k_data_plus
600713,SHSE.600713,,SH,A股-上交所,2023-03-27,5.34,5.34,5.24,5.27,5.35,8559900,45190065.0,-1.4953,0.8218,1,0,none,baostock,query_history_k_data_plus
600713,SHSE.600713,,SH,A股-上交所,2023-03-28,5.27,5.39,5.23,5.28,5.27,8530502,45177828.46,0.1898,0.819,1,0,none,baostock,query_history_k_data_plus
600713,SHSE.600713,,SH,A股-上交所,2023-03-29,5.26,5.3,5.19,5.2,5.28,7324200,38255750.0,-1.5152,0.7032,1,0,none,baostock,query_history_k_data_plus
600713,SHSE.600713,,SH,A股-上交所,2023-03-30,5.21,5.23,5.13,5.15,5.2,8419100,43373859.0,-0.9615,0.8083,1,0,none,baostock,query_history_k_data_plus
600713,SHSE.600713,,SH,A股-上交所,2023-03-31,5.15,5.21,5.13,5.18,5.15,11678340,60408132.76,0.5825,1.1212,1,0,none,baostock,query_history_k_data_plus
600713,SHSE.600713,,SH,A股-上交所,2023-04-03,5.19,5.23,5.14,5.18,5.18,11313004,58445806.76,0.0,1.0861,1,0,none,baostock,query_history_k_data_plus
600713,SHSE.600713,,SH,A股-上交所,2023-04-04,5.18,5.22,5.16,5.18,5.18,8783336,45548380.84,0.0,0.8432,1,0,none,baostock,query_history_k_data_plus
600713,SHSE.600713,,SH,A股-上交所,2023-04-06,5.18,5.2,5.16,5.18,5.18,6611341,34246125.68,0.0,0.6347,1,0,none,baostock,query_history_k_data_plus
600713,SHSE.600713,,SH,A股-上交所,2023-04-07,5.17,5.2,5.16,5.2,5.18,8784150,45521376.5,0.3861,0.8433,1,0,none,baostock,query_history_k_data_plus
600713,SHSE.600713,,SH,A股-上交所,2023-04-10,5.19,5.2,5.14,5.16,5.2,8570000,44306301.0,-0.7692,0.8228,1,0,none,baostock,query_history_k_data_plus
600713,SHSE.600713,,SH,A股-上交所,2023-04-11,5.14,5.16,5.09,5.11,5.16,7676300,39263725.0,-0.969,0.737,1,0,none,baostock,query_history_k_data_plus
600713,SHSE.600713,,SH,A股-上交所,2023-04-12,5.11,5.2,5.1,5.18,5.11,9886800,51050659.0,1.3699,0.9492,1,0,none,baostock,query_history_k_data_plus
600713,SHSE.600713,,SH,A股-上交所,2023-04-13,5.17,5.2,5.13,5.19,5.18,8166100,42317237.0,0.1931,0.784,1,0,none,baostock,query_history_k_data_plus
600713,SHSE.600713,,SH,A股-上交所,2023-04-14,5.19,5.29,5.19,5.26,5.19,12062958,63318252.34,1.3487,1.1581,1,0,none,baostock,query_history_k_data_plus
600713,SHSE.600713,,SH,A股-上交所,2023-04-17,5.27,5.29,5.22,5.27,5.26,8842900,46468030.0,0.1901,0.849,1,0,none,baostock,query_history_k_data_plus
600713,SHSE.600713,,SH,A股-上交所,2023-04-18,5.28,5.28,5.23,5.25,5.27,4965380,26045652.2,-0.3795,0.4767,1,0,none,baostock,query_history_k_data_plus
600713,SHSE.600713,,SH,A股-上交所,2023-04-19,5.25,5.26,5.19,5.19,5.25,6937200,36248122.0,-1.1429,0.666,1,0,none,baostock,query_history_k_data_plus
600713,SHSE.600713,,SH,A股-上交所,2023-04-20,5.19,5.2,5.1,5.13,5.19,8051362,41335754.86,-1.1561,0.773,1,0,none,baostock,query_history_k_data_plus
600713,SHSE.600713,,SH,A股-上交所,2023-04-21,5.13,5.17,5.1,5.11,5.13,7955100,40854158.0,-0.3899,0.7637,1,0,none,baostock,query_history_k_data_plus
600713,SHSE.600713,,SH,A股-上交所,2023-04-24,5.13,5.23,5.09,5.2,5.11,13734207,71188303.94,1.7613,1.3186,1,0,none,baostock,query_history_k_data_plus
600713,SHSE.600713,,SH,A股-上交所,2023-04-25,5.2,5.28,5.16,5.23,5.2,18427056,96283972.5,0.5769,1.7691,1,0,none,baostock,query_history_k_data_plus
600713,SHSE.600713,,SH,A股-上交所,2023-04-26,5.24,5.5,5.22,5.41,5.23,31278987,168927082.73,3.4417,3.0029,1,0,none,baostock,query_history_k_data_plus
600713,SHSE.600713,,SH,A股-上交所,2023-04-27,5.4,5.95,5.39,5.95,5.41,71769779,420617320.33,9.9815,6.8903,1,0,none,baostock,query_history_k_data_plus
600713,SHSE.600713,,SH,A股-上交所,2023-04-28,5.91,6.28,5.82,6.16,5.95,120843509,732931087.38,3.5294,11.6016,1,0,none,baostock,query_history_k_data_plus
600713,SHSE.600713,,SH,A股-上交所,2023-05-04,6.11,6.45,6.06,6.23,6.16,76418549,480546536.78,1.1364,7.3366,1,0,none,baostock,query_history_k_data_plus
600713,SHSE.600713,,SH,A股-上交所,2023-05-05,6.25,6.28,5.99,6.03,6.23,47190202,287348814.19,-3.2103,4.5305,1,0,none,baostock,query_history_k_data_plus
600713,SHSE.600713,,SH,A股-上交所,2023-05-08,6.04,6.1,5.85,6.04,6.03,32661202,196018316.0,0.1658,3.1356,1,0,none,baostock,query_history_k_data_plus
600713,SHSE.600713,,SH,A股-上交所,2023-05-09,6.01,6.18,5.94,6.11,6.04,41612931,253279944.46,1.1589,3.9951,1,0,none,baostock,query_history_k_data_plus
600713,SHSE.600713,,SH,A股-上交所,2023-05-10,6.06,6.31,5.9,5.96,6.11,37529401,227076630.94,-2.455,3.603,1,0,none,baostock,query_history_k_data_plus
600713,SHSE.600713,,SH,A股-上交所,2023-05-11,5.99,6.0,5.76,5.85,5.96,26094042,153270576.28,-1.8456,2.5052,1,0,none,baostock,query_history_k_data_plus
600713,SHSE.600713,,SH,A股-上交所,2023-05-12,5.87,5.96,5.81,5.82,5.85,16079000,94333656.0,-0.5128,1.5437,1,0,none,baostock,query_history_k_data_plus
600713,SHSE.600713,,SH,A股-上交所,2023-05-15,5.8,5.84,5.66,5.78,5.82,19572100,112216837.0,-0.6873,1.879,1,0,none,baostock,query_history_k_data_plus
600713,SHSE.600713,,SH,A股-上交所,2023-05-16,5.79,5.79,5.67,5.7,5.78,13254519,75758508.11,-1.3841,1.2725,1,0,none,baostock,query_history_k_data_plus
600713,SHSE.600713,,SH,A股-上交所,2023-05-17,5.67,5.7,5.59,5.68,5.7,18703886,105427616.1,-0.3509,1.7957,1,0,none,baostock,query_history_k_data_plus
600713,SHSE.600713,,SH,A股-上交所,2023-05-18,5.56,5.65,5.52,5.56,5.54,12706500,70656113.0,0.361,1.2199,1,0,none,baostock,query_history_k_data_plus
600713,SHSE.600713,,SH,A股-上交所,2023-05-19,5.54,5.62,5.47,5.51,5.56,11377701,62967490.51,-0.8993,1.0923,1,0,none,baostock,query_history_k_data_plus
600713,SHSE.600713,,SH,A股-上交所,2023-05-22,5.5,5.65,5.48,5.58,5.51,13866935,77415545.47,1.2704,1.3313,1,0,none,baostock,query_history_k_data_plus
600713,SHSE.600713,,SH,A股-上交所,2023-05-23,5.57,5.7,5.56,5.58,5.58,16225200,91328270.0,0.0,1.5577,1,0,none,baostock,query_history_k_data_plus
600713,SHSE.600713,,SH,A股-上交所,2023-05-24,5.56,5.56,5.41,5.45,5.58,15592263,85229844.46,-2.3297,1.4969,1,0,none,baostock,query_history_k_data_plus
600713,SHSE.600713,,SH,A股-上交所,2023-05-25,5.43,5.47,5.36,5.44,5.45,10999764,59455867.75,-0.1835,1.056,1,0,none,baostock,query_history_k_data_plus
600713,SHSE.600713,,SH,A股-上交所,2023-05-26,5.44,5.69,5.39,5.63,5.44,15221201,84746344.47,3.4926,1.4613,1,0,none,baostock,query_history_k_data_plus
600713,SHSE.600713,,SH,A股-上交所,2023-05-29,5.63,5.7,5.55,5.58,5.63,10914402,61258619.33,-0.8881,1.0478,1,0,none,baostock,query_history_k_data_plus
600713,SHSE.600713,,SH,A股-上交所,2023-05-30,5.62,5.63,5.49,5.57,5.58,7865300,43647914.0,-0.1792,0.7551,1,0,none,baostock,query_history_k_data_plus
600713,SHSE.600713,,SH,A股-上交所,2023-05-31,5.57,5.78,5.54,5.65,5.57,15731700,89348182.0,1.4363,1.5103,1,0,none,baostock,query_history_k_data_plus
600713,SHSE.600713,,SH,A股-上交所,2023-06-01,5.67,5.72,5.6,5.67,5.65,11293701,64039778.63,0.354,1.0843,1,0,none,baostock,query_history_k_data_plus
600713,SHSE.600713,,SH,A股-上交所,2023-06-02,5.66,5.82,5.66,5.67,5.67,10813249,61686505.77,0.0,1.0381,1,0,none,baostock,query_history_k_data_plus
600713,SHSE.600713,,SH,A股-上交所,2023-06-05,5.63,5.81,5.63,5.77,5.67,14764203,84614073.34,1.7637,1.4174,1,0,none,baostock,query_history_k_data_plus
600713,SHSE.600713,,SH,A股-上交所,2023-06-06,5.77,5.82,5.64,5.65,5.77,10889900,62334628.0,-2.0797,1.0455,1,0,none,baostock,query_history_k_data_plus
600713,SHSE.600713,,SH,A股-上交所,2023-06-07,5.64,5.72,5.6,5.68,5.65,9455110,53441812.9,0.531,0.9077,1,0,none,baostock,query_history_k_data_plus
600713,SHSE.600713,,SH,A股-上交所,2023-06-08,5.7,5.7,5.52,5.54,5.68,13692501,76255280.53,-2.4648,1.3146,1,0,none,baostock,query_history_k_data_plus
600713,SHSE.600713,,SH,A股-上交所,2023-06-09,5.56,5.65,5.51,5.61,5.54,12974100,72302008.0,1.2635,1.2456,1,0,none,baostock,query_history_k_data_plus
600713,SHSE.600713,,SH,A股-上交所,2023-06-12,5.61,5.62,5.43,5.49,5.61,12680070,69398437.5,-2.139,1.2174,1,0,none,baostock,query_history_k_data_plus
600713,SHSE.600713,,SH,A股-上交所,2023-06-13,5.45,5.48,5.31,5.33,5.49,15736700,84424262.0,-2.9144,1.5108,1,0,none,baostock,query_history_k_data_plus
600713,SHSE.600713,,SH,A股-上交所,2023-06-14,5.33,5.48,5.31,5.43,5.33,10736003,58033727.26,1.8762,1.0307,1,0,none,baostock,query_history_k_data_plus
600713,SHSE.600713,,SH,A股-上交所,2023-06-15,5.41,5.43,5.35,5.41,5.43,6813900,36721656.0,-0.3683,0.6542,1,0,none,baostock,query_history_k_data_plus
600713,SHSE.600713,,SH,A股-上交所,2023-06-16,5.42,5.58,5.41,5.44,5.41,10495800,57515932.0,0.5545,1.0077,1,0,none,baostock,query_history_k_data_plus
600713,SHSE.600713,,SH,A股-上交所,2023-06-19,5.44,5.47,5.26,5.29,5.44,14333578,76472215.86,-2.7574,1.3761,1,0,none,baostock,query_history_k_data_plus
600713,SHSE.600713,,SH,A股-上交所,2023-06-20,5.28,5.33,5.22,5.31,5.29,8861854,46855549.42,0.3781,0.8508,1,0,none,baostock,query_history_k_data_plus
600713,SHSE.600713,,SH,A股-上交所,2023-06-21,5.3,5.3,5.21,5.23,5.31,6573811,34476795.42,-1.5066,0.6311,1,0,none,baostock,query_history_k_data_plus
600713,SHSE.600713,,SH,A股-上交所,2023-06-26,5.23,5.23,5.15,5.16,5.23,6941234,35900169.1,-1.3384,0.6664,1,0,none,baostock,query_history_k_data_plus
600713,SHSE.600713,,SH,A股-上交所,2023-06-27,5.16,5.29,5.15,5.29,5.16,8274100,43507995.0,2.5194,0.7944,1,0,none,baostock,query_history_k_data_plus
600713,SHSE.600713,,SH,A股-上交所,2023-06-28,5.28,5.32,5.22,5.32,5.29,6925331,36520198.37,0.5671,0.6649,1,0,none,baostock,query_history_k_data_plus
600713,SHSE.600713,,SH,A股-上交所,2023-06-29,5.32,5.41,5.3,5.37,5.32,9056735,48636236.06,0.9398,0.8695,1,0,none,baostock,query_history_k_data_plus
600713,SHSE.600713,,SH,A股-上交所,2023-06-30,5.37,5.46,5.36,5.37,5.37,11393700,61547333.0,0.0,1.0939,1,0,none,baostock,query_history_k_data_plus
600713,SHSE.600713,,SH,A股-上交所,2023-07-03,5.36,5.42,5.34,5.42,5.37,8812045,47490423.45,0.9311,0.846,1,0,none,baostock,query_history_k_data_plus
600713,SHSE.600713,,SH,A股-上交所,2023-07-04,5.42,5.45,5.36,5.39,5.42,6030771,32567970.27,-0.5535,0.579,1,0,none,baostock,query_history_k_data_plus
600713,SHSE.600713,,SH,A股-上交所,2023-07-05,5.38,5.39,5.32,5.33,5.39,6641106,35546288.1,-1.1132,0.6376,1,0,none,baostock,query_history_k_data_plus
600713,SHSE.600713,,SH,A股-上交所,2023-07-06,5.34,5.35,5.23,5.27,5.33,7243000,38207975.0,-1.1257,0.6954,1,0,none,baostock,query_history_k_data_plus
600713,SHSE.600713,,SH,A股-上交所,2023-07-07,5.25,5.32,5.25,5.29,5.27,7227558,38197178.22,0.3795,0.6939,1,0,none,baostock,query_history_k_data_plus
600713,SHSE.600713,,SH,A股-上交所,2023-07-10,5.31,5.31,5.25,5.27,5.29,5398202,28476911.52,-0.3781,0.5183,1,0,none,baostock,query_history_k_data_plus
600713,SHSE.600713,,SH,A股-上交所,2023-07-11,5.28,5.31,5.26,5.3,5.27,5339300,28246333.0,0.5693,0.5126,1,0,none,baostock,query_history_k_data_plus
600713,SHSE.600713,,SH,A股-上交所,2023-07-12,5.3,5.32,5.21,5.21,5.3,7302738,38437995.98,-1.6981,0.7011,1,0,none,baostock,query_history_k_data_plus
600713,SHSE.600713,,SH,A股-上交所,2023-07-13,5.23,5.3,5.22,5.28,5.21,6028911,31777670.68,1.3436,0.5788,1,0,none,baostock,query_history_k_data_plus
600713,SHSE.600713,,SH,A股-上交所,2023-07-14,5.28,5.3,5.25,5.29,5.28,4858600,25641852.0,0.1894,0.4665,1,0,none,baostock,query_history_k_data_plus
600713,SHSE.600713,,SH,A股-上交所,2023-07-17,5.29,5.39,5.22,5.33,5.29,10194771,53949222.7,0.7561,0.9788,1,0,none,baostock,query_history_k_data_plus
600713,SHSE.600713,,SH,A股-上交所,2023-07-18,5.33,5.33,5.28,5.32,5.33,5383200,28575321.0,-0.1876,0.5168,1,0,none,baostock,query_history_k_data_plus
600713,SHSE.600713,,SH,A股-上交所,2023-07-19,5.31,5.35,5.3,5.34,5.32,4894402,26081290.66,0.3759,0.4699,1,0,none,baostock,query_history_k_data_plus
600713,SHSE.600713,,SH,A股-上交所,2023-07-20,5.35,5.36,5.29,5.3,5.34,6317300,33649141.0,-0.7491,0.6065,1,0,none,baostock,query_history_k_data_plus
600713,SHSE.600713,,SH,A股-上交所,2023-07-21,5.29,5.36,5.28,5.34,5.3,6000200,31977993.0,0.7547,0.576,1,0,none,baostock,query_history_k_data_plus
600713,SHSE.600713,,SH,A股-上交所,2023-07-24,5.34,5.4,5.33,5.38,5.34,7292400,39240104.0,0.7491,0.7001,1,0,none,baostock,query_history_k_data_plus
600713,SHSE.600713,,SH,A股-上交所,2023-07-25,5.42,5.44,5.37,5.42,5.38,9810271,52915313.98,0.7435,0.9418,1,0,none,baostock,query_history_k_data_plus
600713,SHSE.600713,,SH,A股-上交所,2023-07-26,5.39,5.45,5.39,5.44,5.42,6000600,32587802.0,0.369,0.5761,1,0,none,baostock,query_history_k_data_plus
600713,SHSE.600713,,SH,A股-上交所,2023-07-27,5.44,5.46,5.41,5.43,5.44,5389300,29279541.0,-0.1838,0.5174,1,0,none,baostock,query_history_k_data_plus
600713,SHSE.600713,,SH,A股-上交所,2023-07-28,5.43,5.49,5.39,5.49,5.43,8859600,48323391.0,1.105,0.8506,1,0,none,baostock,query_history_k_data_plus
600713,SHSE.600713,,SH,A股-上交所,2023-07-31,5.49,5.53,5.45,5.49,5.49,13283700,72858544.0,0.0,1.2753,1,0,none,baostock,query_history_k_data_plus
600713,SHSE.600713,,SH,A股-上交所,2023-08-01,5.46,5.47,5.39,5.42,5.49,13106900,71078454.99,-1.275,1.2583,1,0,none,baostock,query_history_k_data_plus
600713,SHSE.600713,,SH,A股-上交所,2023-08-02,5.42,5.43,5.37,5.39,5.42,6825916,36829056.92,-0.5535,0.6553,1,0,none,baostock,query_history_k_data_plus
600713,SHSE.600713,,SH,A股-上交所,2023-08-03,5.37,5.45,5.36,5.45,5.39,8491800,46029913.0,1.1132,0.8153,1,0,none,baostock,query_history_k_data_plus
600713,SHSE.600713,,SH,A股-上交所,2023-08-04,5.46,5.48,5.41,5.42,5.45,8100000,44004964.0,-0.5505,0.7776,1,0,none,baostock,query_history_k_data_plus
600713,SHSE.600713,,SH,A股-上交所,2023-08-07,5.42,5.42,5.27,5.29,5.42,14982700,79868574.0,-2.3985,1.4384,1,0,none,baostock,query_history_k_data_plus
600713,SHSE.600713,,SH,A股-上交所,2023-08-08,5.31,5.39,5.25,5.35,5.29,13438100,71564596.0,1.1342,1.2901,1,0,none,baostock,query_history_k_data_plus
600713,SHSE.600713,,SH,A股-上交所,2023-08-09,5.35,5.37,5.29,5.33,5.35,9709600,51753842.0,-0.3738,0.9322,1,0,none,baostock,query_history_k_data_plus
600713,SHSE.600713,,SH,A股-上交所,2023-08-10,5.34,5.35,5.27,5.32,5.33,11028880,58438493.0,-0.1876,1.0588,1,0,none,baostock,query_history_k_data_plus
600713,SHSE.600713,,SH,A股-上交所,2023-08-11,5.3,5.45,5.29,5.4,5.32,28798871,155635077.11,1.5038,2.7648,1,0,none,baostock,query_history_k_data_plus
600713,SHSE.600713,,SH,A股-上交所,2023-08-14,5.4,5.45,5.21,5.44,5.4,28711712,153188544.04,0.7407,2.7565,1,0,none,baostock,query_history_k_data_plus
600713,SHSE.600713,,SH,A股-上交所,2023-08-15,5.39,5.68,5.3,5.64,5.44,53791230,298616952.48,3.6765,5.1642,1,0,none,baostock,query_history_k_data_plus
600713,SHSE.600713,,SH,A股-上交所,2023-08-16,5.54,5.68,5.48,5.51,5.64,41536144,231176389.83,-2.305,3.9877,1,0,none,baostock,query_history_k_data_plus
600713,SHSE.600713,,SH,A股-上交所,2023-08-17,5.46,5.63,5.42,5.51,5.51,30730722,169503423.99,0.0,2.9503,1,0,none,baostock,query_history_k_data_plus
600713,SHSE.600713,,SH,A股-上交所,2023-08-18,5.49,5.5,5.19,5.19,5.51,43538300,230492544.0,-5.8076,4.1799,1,0,none,baostock,query_history_k_data_plus
600713,SHSE.600713,,SH,A股-上交所,2023-08-21,5.2,5.2,5.06,5.07,5.19,20207202,103149998.24,-2.3121,1.94,1,0,none,baostock,query_history_k_data_plus
600713,SHSE.600713,,SH,A股-上交所,2023-08-22,5.06,5.11,4.97,5.04,5.07,18759300,94169794.0,-0.5917,1.801,1,0,none,baostock,query_history_k_data_plus
600713,SHSE.600713,,SH,A股-上交所,2023-08-23,5.02,5.06,4.98,5.0,5.04,10215971,51301346.84,-0.7937,0.9808,1,0,none,baostock,query_history_k_data_plus
600713,SHSE.600713,,SH,A股-上交所,2023-08-24,4.99,5.01,4.94,4.98,5.0,9414200,46838268.0,-0.4,0.9038,1,0,none,baostock,query_history_k_data_plus
600713,SHSE.600713,,SH,A股-上交所,2023-08-25,4.95,5.01,4.91,4.92,4.98,10076800,49856501.0,-1.2048,0.9674,1,0,none,baostock,query_history_k_data_plus
600713,SHSE.600713,,SH,A股-上交所,2023-08-28,5.12,5.14,4.98,4.99,4.92,16906400,85475467.0,1.4228,1.6231,1,0,none,baostock,query_history_k_data_plus
600713,SHSE.600713,,SH,A股-上交所,2023-08-29,5.0,5.06,4.96,5.04,4.99,10617765,53359054.65,1.002,1.0194,1,0,none,baostock,query_history_k_data_plus
600713,SHSE.600713,,SH,A股-上交所,2023-08-30,5.05,5.07,5.02,5.05,5.04,10746601,54262618.23,0.1984,1.0317,1,0,none,baostock,query_history_k_data_plus
600713,SHSE.600713,,SH,A股-上交所,2023-08-31,5.0,5.08,4.96,5.05,5.05,13778200,69016159.0,0.0,1.3228,1,0,none,baostock,query_history_k_data_plus
600713,SHSE.600713,,SH,A股-上交所,2023-09-01,5.03,5.05,4.98,5.01,5.05,8582200,43023095.0,-0.7921,0.8239,1,0,none,baostock,query_history_k_data_plus
600713,SHSE.600713,,SH,A股-上交所,2023-09-04,5.01,5.08,5.0,5.08,5.01,10633300,53741359.0,1.3972,1.0209,1,0,none,baostock,query_history_k_data_plus
600713,SHSE.600713,,SH,A股-上交所,2023-09-05,5.08,5.11,5.06,5.08,5.08,7241805,36824562.3,0.0,0.6953,1,0,none,baostock,query_history_k_data_plus
600713,SHSE.600713,,SH,A股-上交所,2023-09-06,5.07,5.08,5.01,5.06,5.08,6560000,33079107.0,-0.3937,0.6298,1,0,none,baostock,query_history_k_data_plus
600713,SHSE.600713,,SH,A股-上交所,2023-09-07,5.07,5.08,4.99,4.99,5.06,7186800,36150993.0,-1.3834,0.69,1,0,none,baostock,query_history_k_data_plus
600713,SHSE.600713,,SH,A股-上交所,2023-09-08,4.98,5.01,4.97,4.98,4.99,4516200,22506359.0,-0.2004,0.4336,1,0,none,baostock,query_history_k_data_plus
600713,SHSE.600713,,SH,A股-上交所,2023-09-11,5.0,5.07,4.98,5.06,4.98,7612700,38406158.0,1.6064,0.7309,1,0,none,baostock,query_history_k_data_plus
600713,SHSE.600713,,SH,A股-上交所,2023-09-12,5.06,5.15,5.05,5.12,5.06,11072901,56663030.13,1.1858,1.0631,1,0,none,baostock,query_history_k_data_plus
600713,SHSE.600713,,SH,A股-上交所,2023-09-13,5.12,5.12,5.03,5.06,5.12,5641600,28624798.0,-1.1719,0.5416,1,0,none,baostock,query_history_k_data_plus
600713,SHSE.600713,,SH,A股-上交所,2023-09-14,5.08,5.1,5.04,5.08,5.06,5512400,27983187.0,0.3953,0.5292,1,0,none,baostock,query_history_k_data_plus
600713,SHSE.600713,,SH,A股-上交所,2023-09-15,5.08,5.14,5.07,5.13,5.08,9737801,49816188.12,0.9843,0.9349,1,0,none,baostock,query_history_k_data_plus
600713,SHSE.600713,,SH,A股-上交所,2023-09-18,5.13,5.15,5.07,5.12,5.13,6591500,33673943.0,-0.1949,0.6328,1,0,none,baostock,query_history_k_data_plus
600713,SHSE.600713,,SH,A股-上交所,2023-09-19,5.12,5.15,5.09,5.12,5.12,7144801,36614259.11,0.0,0.6859,1,0,none,baostock,query_history_k_data_plus
600713,SHSE.600713,,SH,A股-上交所,2023-09-20,5.13,5.15,5.07,5.13,5.12,6325700,32407735.0,0.1953,0.6073,1,0,none,baostock,query_history_k_data_plus
600713,SHSE.600713,,SH,A股-上交所,2023-09-21,5.1,5.12,5.06,5.08,5.13,4856200,24697368.0,-0.9747,0.4662,1,0,none,baostock,query_history_k_data_plus
600713,SHSE.600713,,SH,A股-上交所,2023-09-22,5.08,5.12,5.03,5.12,5.08,5677098,28803709.78,0.7874,0.545,1,0,none,baostock,query_history_k_data_plus
600713,SHSE.600713,,SH,A股-上交所,2023-09-25,5.11,5.19,5.09,5.15,5.12,8905863,45946099.45,0.5859,0.855,1,0,none,baostock,query_history_k_data_plus
600713,SHSE.600713,,SH,A股-上交所,2023-09-26,5.16,5.19,5.13,5.13,5.15,6453200,33263015.0,-0.3883,0.6195,1,0,none,baostock,query_history_k_data_plus
600713,SHSE.600713,,SH,A股-上交所,2023-09-27,5.13,5.18,5.12,5.16,5.13,8025016,41403952.56,0.5848,0.7704,1,0,none,baostock,query_history_k_data_plus
600713,SHSE.600713,,SH,A股-上交所,2023-09-28,5.18,5.25,5.16,5.18,5.16,9151700,47571696.0,0.3876,0.8786,1,0,none,baostock,query_history_k_data_plus
600713,SHSE.600713,,SH,A股-上交所,2023-10-09,5.18,5.22,5.09,5.12,5.18,8096221,41439212.1,-1.1583,0.7773,1,0,none,baostock,query_history_k_data_plus
600713,SHSE.600713,,SH,A股-上交所,2023-10-10,5.1,5.12,5.01,5.01,5.12,8228501,41593551.01,-2.1484,0.79,1,0,none,baostock,query_history_k_data_plus
600713,SHSE.600713,,SH,A股-上交所,2023-10-11,5.02,5.16,5.02,5.09,5.01,10686421,54540307.52,1.5968,1.026,1,0,none,baostock,query_history_k_data_plus
600713,SHSE.600713,,SH,A股-上交所,2023-10-12,5.09,5.2,5.09,5.14,5.09,8713200,44888459.0,0.9823,0.8365,1,0,none,baostock,query_history_k_data_plus
600713,SHSE.600713,,SH,A股-上交所,2023-10-13,5.12,5.19,5.1,5.16,5.14,7145978,36895523.0,0.3891,0.6861,1,0,none,baostock,query_history_k_data_plus
600713,SHSE.600713,,SH,A股-上交所,2023-10-16,5.16,5.22,5.11,5.13,5.16,7308000,37636893.0,-0.5814,0.7016,1,0,none,baostock,query_history_k_data_plus
600713,SHSE.600713,,SH,A股-上交所,2023-10-17,5.13,5.14,5.07,5.1,5.13,6004400,30561510.0,-0.5848,0.5765,1,0,none,baostock,query_history_k_data_plus
600713,SHSE.600713,,SH,A股-上交所,2023-10-18,5.1,5.12,4.98,4.99,5.1,7970500,40066921.0,-2.1569,0.7652,1,0,none,baostock,query_history_k_data_plus
600713,SHSE.600713,,SH,A股-上交所,2023-10-19,4.95,4.98,4.72,4.73,4.99,18449802,88526190.45,-5.2104,1.7713,1,0,none,baostock,query_history_k_data_plus
600713,SHSE.600713,,SH,A股-上交所,2023-10-20,4.7,4.77,4.69,4.72,4.73,7790977,36823333.21,-0.2114,0.748,1,0,none,baostock,query_history_k_data_plus
600713,SHSE.600713,,SH,A股-上交所,2023-10-23,4.7,4.73,4.61,4.65,4.72,9291777,43309808.36,-1.4831,0.8921,1,0,none,baostock,query_history_k_data_plus
600713,SHSE.600713,,SH,A股-上交所,2023-10-24,4.66,4.74,4.63,4.74,4.65,6187420,29096963.4,1.9355,0.594,1,0,none,baostock,query_history_k_data_plus
600713,SHSE.600713,,SH,A股-上交所,2023-10-25,4.74,4.82,4.74,4.8,4.74,7367181,35281236.99,1.2658,0.7073,1,0,none,baostock,query_history_k_data_plus
600713,SHSE.600713,,SH,A股-上交所,2023-10-26,4.78,4.85,4.74,4.85,4.8,5853920,28135378.6,1.0417,0.562,1,0,none,baostock,query_history_k_data_plus
600713,SHSE.600713,,SH,A股-上交所,2023-10-27,4.8,4.93,4.8,4.92,4.85,10902829,53140790.94,1.4433,1.0467,1,0,none,baostock,query_history_k_data_plus
600713,SHSE.600713,,SH,A股-上交所,2023-10-30,4.9,5.04,4.9,5.03,4.92,14752204,73689120.9,2.2358,1.4163,1,0,none,baostock,query_history_k_data_plus
600713,SHSE.600713,,SH,A股-上交所,2023-10-31,5.03,5.07,5.0,5.06,5.03,9951600,50202067.0,0.5964,0.9554,1,0,none,baostock,query_history_k_data_plus
600713,SHSE.600713,,SH,A股-上交所,2023-11-01,5.06,5.1,5.04,5.1,5.06,10551502,53585979.16,0.7905,1.013,1,0,none,baostock,query_history_k_data_plus
600713,SHSE.600713,,SH,A股-上交所,2023-11-02,5.09,5.09,5.04,5.05,5.1,6174800,31262351.0,-0.9804,0.5928,1,0,none,baostock,query_history_k_data_plus
600713,SHSE.600713,,SH,A股-上交所,2023-11-03,5.07,5.1,5.03,5.04,5.05,5830900,29567722.0,-0.198,0.5598,1,0,none,baostock,query_history_k_data_plus
600713,SHSE.600713,,SH,A股-上交所,2023-11-06,5.06,5.1,5.04,5.06,5.04,6423016,32608191.96,0.3968,0.6166,1,0,none,baostock,query_history_k_data_plus
600713,SHSE.600713,,SH,A股-上交所,2023-11-07,5.08,5.09,5.02,5.04,5.06,7602100,38402178.0,-0.3953,0.7298,1,0,none,baostock,query_history_k_data_plus
600713,SHSE.600713,,SH,A股-上交所,2023-11-08,5.03,5.09,5.02,5.07,5.04,6967606,35271950.42,0.5952,0.6689,1,0,none,baostock,query_history_k_data_plus
600713,SHSE.600713,,SH,A股-上交所,2023-11-09,5.07,5.1,5.03,5.05,5.07,6527834,33013892.7,-0.3945,0.6267,1,0,none,baostock,query_history_k_data_plus
600713,SHSE.600713,,SH,A股-上交所,2023-11-10,5.04,5.12,4.98,5.11,5.05,10269334,52047378.36,1.1881,0.9859,1,0,none,baostock,query_history_k_data_plus
600713,SHSE.600713,,SH,A股-上交所,2023-11-13,5.08,5.1,5.01,5.08,5.11,10039600,50632612.0,-0.5871,0.9639,1,0,none,baostock,query_history_k_data_plus
600713,SHSE.600713,,SH,A股-上交所,2023-11-14,5.07,5.09,5.03,5.06,5.08,7024500,35569438.0,-0.3937,0.6744,1,0,none,baostock,query_history_k_data_plus
600713,SHSE.600713,,SH,A股-上交所,2023-11-15,5.07,5.09,5.05,5.07,5.06,4695600,23782981.0,0.1976,0.4508,1,0,none,baostock,query_history_k_data_plus
600713,SHSE.600713,,SH,A股-上交所,2023-11-16,5.05,5.07,5.01,5.02,5.07,6279800,31611288.0,-0.9862,0.6029,1,0,none,baostock,query_history_k_data_plus
600713,SHSE.600713,,SH,A股-上交所,2023-11-17,5.03,5.09,5.01,5.08,5.02,6612402,33374335.1,1.1952,0.6348,1,0,none,baostock,query_history_k_data_plus
600713,SHSE.600713,,SH,A股-上交所,2023-11-20,5.09,5.11,5.06,5.09,5.08,6201944,31564192.91,0.1969,0.5954,1,0,none,baostock,query_history_k_data_plus
600713,SHSE.600713,,SH,A股-上交所,2023-11-21,5.09,5.12,5.07,5.08,5.09,6995700,35652314.0,-0.1965,0.6716,1,0,none,baostock,query_history_k_data_plus
600713,SHSE.600713,,SH,A股-上交所,2023-11-22,5.07,5.13,5.07,5.09,5.08,7963800,40669649.95,0.1969,0.7646,1,0,none,baostock,query_history_k_data_plus
600713,SHSE.600713,,SH,A股-上交所,2023-11-23,5.08,5.16,5.08,5.15,5.09,7727710,39648586.3,1.1788,0.7419,1,0,none,baostock,query_history_k_data_plus
600713,SHSE.600713,,SH,A股-上交所,2023-11-24,5.16,5.21,5.13,5.2,5.15,11757600,60882652.0,0.9709,1.1288,1,0,none,baostock,query_history_k_data_plus
600713,SHSE.600713,,SH,A股-上交所,2023-11-27,5.2,5.21,5.11,5.12,5.2,8907000,45765512.0,-1.5385,0.8551,1,0,none,baostock,query_history_k_data_plus
600713,SHSE.600713,,SH,A股-上交所,2023-11-28,5.12,5.18,5.06,5.14,5.12,7571100,38810772.0,0.3906,0.7269,1,0,none,baostock,query_history_k_data_plus
600713,SHSE.600713,,SH,A股-上交所,2023-11-29,5.13,5.17,5.09,5.11,5.14,6657300,34128492.0,-0.5837,0.6391,1,0,none,baostock,query_history_k_data_plus
600713,SHSE.600713,,SH,A股-上交所,2023-11-30,5.11,5.23,5.09,5.17,5.11,10966300,56517123.0,1.1742,1.0528,1,0,none,baostock,query_history_k_data_plus
600713,SHSE.600713,,SH,A股-上交所,2023-12-01,5.17,5.26,5.14,5.23,5.17,17911300,93194221.0,1.1605,1.7196,1,0,none,baostock,query_history_k_data_plus
600713,SHSE.600713,,SH,A股-上交所,2023-12-04,5.18,5.21,5.1,5.14,5.23,14499002,74566139.32,-1.7208,1.392,1,0,none,baostock,query_history_k_data_plus
600713,SHSE.600713,,SH,A股-上交所,2023-12-05,5.15,5.17,5.09,5.1,5.14,10713300,54884971.0,-0.7782,1.0285,1,0,none,baostock,query_history_k_data_plus
600713,SHSE.600713,,SH,A股-上交所,2023-12-06,5.1,5.18,5.08,5.17,5.1,13989202,71924147.64,1.3725,1.343,1,0,none,baostock,query_history_k_data_plus
600713,SHSE.600713,,SH,A股-上交所,2023-12-07,5.14,5.14,5.01,5.02,5.17,17216400,86927835.0,-2.9014,1.6529,1,0,none,baostock,query_history_k_data_plus
600713,SHSE.600713,,SH,A股-上交所,2023-12-08,5.04,5.07,4.97,4.99,5.02,12375140,62114979.4,-0.5976,1.1881,1,0,none,baostock,query_history_k_data_plus
600713,SHSE.600713,,SH,A股-上交所,2023-12-11,4.96,5.01,4.94,5.0,4.99,7728981,38454254.76,0.2004,0.742,1,0,none,baostock,query_history_k_data_plus
600713,SHSE.600713,,SH,A股-上交所,2023-12-12,5.0,5.13,4.98,5.12,5.0,14493500,73364558.0,2.4,1.3915,1,0,none,baostock,query_history_k_data_plus
600713,SHSE.600713,,SH,A股-上交所,2023-12-13,5.13,5.63,5.13,5.48,5.12,103680660,573747202.63,7.0313,9.9539,1,0,none,baostock,query_history_k_data_plus
600713,SHSE.600713,,SH,A股-上交所,2023-12-14,5.3,5.48,5.26,5.28,5.48,90019701,481613576.04,-3.6496,8.6424,1,0,none,baostock,query_history_k_data_plus
600713,SHSE.600713,,SH,A股-上交所,2023-12-15,5.26,5.31,5.15,5.17,5.28,48003134,249083521.3,-2.0833,4.6085,1,0,none,baostock,query_history_k_data_plus
600713,SHSE.600713,,SH,A股-上交所,2023-12-18,5.17,5.18,4.99,5.02,5.17,37080375,188431273.69,-2.9014,3.5599,1,0,none,baostock,query_history_k_data_plus
600713,SHSE.600713,,SH,A股-上交所,2023-12-19,5.02,5.02,4.86,4.9,5.02,26129100,128286256.5,-2.3904,2.5085,1,0,none,baostock,query_history_k_data_plus
600713,SHSE.600713,,SH,A股-上交所,2023-12-20,4.91,5.02,4.91,4.93,4.9,19951231,99140811.07,0.6122,1.9154,1,0,none,baostock,query_history_k_data_plus
600713,SHSE.600713,,SH,A股-上交所,2023-12-21,4.92,4.93,4.83,4.91,4.93,15191296,74168020.6,-0.4057,1.4584,1,0,none,baostock,query_history_k_data_plus
600713,SHSE.600713,,SH,A股-上交所,2023-12-22,4.91,4.93,4.83,4.84,4.91,13705600,66835010.0,-1.4257,1.3158,1,0,none,baostock,query_history_k_data_plus
600713,SHSE.600713,,SH,A股-上交所,2023-12-25,4.83,4.85,4.8,4.84,4.84,8495711,40949730.02,0.0,0.8156,1,0,none,baostock,query_history_k_data_plus
600713,SHSE.600713,,SH,A股-上交所,2023-12-26,4.84,4.85,4.74,4.76,4.84,9285200,44495009.0,-1.6529,0.8914,1,0,none,baostock,query_history_k_data_plus
600713,SHSE.600713,,SH,A股-上交所,2023-12-27,4.77,4.8,4.71,4.79,4.76,9542000,45399534.0,0.6303,0.9161,1,0,none,baostock,query_history_k_data_plus
600713,SHSE.600713,,SH,A股-上交所,2023-12-28,4.76,4.84,4.74,4.82,4.79,13860501,66619944.82,0.6263,1.3307,1,0,none,baostock,query_history_k_data_plus
600713,SHSE.600713,,SH,A股-上交所,2023-12-29,4.81,4.87,4.81,4.84,4.82,10654701,51555389.83,0.4149,1.0229,1,0,none,baostock,query_history_k_data_plus
600713,SHSE.600713,,SH,A股-上交所,2024-01-02,4.86,4.92,4.84,4.89,4.84,11070807,54112090.14,1.0331,1.0629,1,0,none,baostock,query_history_k_data_plus
600713,SHSE.600713,,SH,A股-上交所,2024-01-03,4.88,5.03,4.87,4.94,4.89,13039300,64581726.0,1.0225,1.2518,1,0,none,baostock,query_history_k_data_plus
600713,SHSE.600713,,SH,A股-上交所,2024-01-04,4.96,4.97,4.89,4.95,4.94,8224100,40549106.0,0.2024,0.7896,1,0,none,baostock,query_history_k_data_plus
600713,SHSE.600713,,SH,A股-上交所,2024-01-05,4.97,4.97,4.88,4.9,4.95,10686800,52701588.0,-1.0101,1.026,1,0,none,baostock,query_history_k_data_plus
600713,SHSE.600713,,SH,A股-上交所,2024-01-08,4.88,4.88,4.81,4.82,4.9,7546200,36564025.0,-1.6327,0.7245,1,0,none,baostock,query_history_k_data_plus
600713,SHSE.600713,,SH,A股-上交所,2024-01-09,4.81,4.9,4.78,4.83,4.82,11380600,54980388.97,0.2075,1.0926,1,0,none,baostock,query_history_k_data_plus
600713,SHSE.600713,,SH,A股-上交所,2024-01-10,4.82,4.83,4.75,4.8,4.83,6923107,33162452.53,-0.6211,0.6647,1,0,none,baostock,query_history_k_data_plus
600713,SHSE.600713,,SH,A股-上交所,2024-01-11,4.78,4.82,4.76,4.81,4.8,8935300,42817151.0,0.2083,0.8578,1,0,none,baostock,query_history_k_data_plus
600713,SHSE.600713,,SH,A股-上交所,2024-01-12,4.78,4.83,4.77,4.78,4.81,9866101,47360350.77,-0.6237,0.9472,1,0,none,baostock,query_history_k_data_plus
600713,SHSE.600713,,SH,A股-上交所,2024-01-15,4.75,4.81,4.73,4.78,4.78,6914701,33027958.79,0.0,0.6638,1,0,none,baostock,query_history_k_data_plus
600713,SHSE.600713,,SH,A股-上交所,2024-01-16,4.77,4.78,4.69,4.75,4.78,10192234,48278723.46,-0.6276,0.9785,1,0,none,baostock,query_history_k_data_plus
600713,SHSE.600713,,SH,A股-上交所,2024-01-17,4.74,4.77,4.66,4.66,4.75,7886900,37219347.0,-1.8947,0.7572,1,0,none,baostock,query_history_k_data_plus
600713,SHSE.600713,,SH,A股-上交所,2024-01-18,4.65,4.66,4.47,4.59,4.66,12828286,58215609.88,-1.5021,1.2316,1,0,none,baostock,query_history_k_data_plus
600713,SHSE.600713,,SH,A股-上交所,2024-01-19,4.58,4.62,4.53,4.56,4.59,5042502,23060922.13,-0.6536,0.4841,1,0,none,baostock,query_history_k_data_plus
600713,SHSE.600713,,SH,A股-上交所,2024-01-22,4.53,4.56,4.3,4.36,4.56,9404985,41670471.02,-4.386,0.9029,1,0,none,baostock,query_history_k_data_plus
600713,SHSE.600713,,SH,A股-上交所,2024-01-23,4.35,4.4,4.26,4.37,4.36,7966950,34551771.9,0.2294,0.7649,1,0,none,baostock,query_history_k_data_plus
600713,SHSE.600713,,SH,A股-上交所,2024-01-24,4.37,4.46,4.29,4.46,4.37,8505700,37266123.0,2.0595,0.8166,1,0,none,baostock,query_history_k_data_plus
600713,SHSE.600713,,SH,A股-上交所,2024-01-25,4.45,4.64,4.44,4.64,4.46,11074900,50616211.0,4.0359,1.0632,1,0,none,baostock,query_history_k_data_plus
600713,SHSE.600713,,SH,A股-上交所,2024-01-26,4.64,4.73,4.62,4.68,4.64,11965940,56159320.8,0.8621,1.1488,1,0,none,baostock,query_history_k_data_plus
600713,SHSE.600713,,SH,A股-上交所,2024-01-29,4.68,4.73,4.57,4.6,4.68,9919701,46024463.61,-1.7094,0.9523,1,0,none,baostock,query_history_k_data_plus
600713,SHSE.600713,,SH,A股-上交所,2024-01-30,4.57,4.62,4.48,4.49,4.6,6809180,31004110.6,-2.3913,0.6537,1,0,none,baostock,query_history_k_data_plus
600713,SHSE.600713,,SH,A股-上交所,2024-01-31,4.48,4.49,4.36,4.37,4.49,9290710,41032169.8,-2.6726,0.892,1,0,none,baostock,query_history_k_data_plus
600713,SHSE.600713,,SH,A股-上交所,2024-02-01,4.37,4.42,4.3,4.33,4.37,7708990,33528580.8,-0.9153,0.7401,1,0,none,baostock,query_history_k_data_plus
600713,SHSE.600713,,SH,A股-上交所,2024-02-02,4.32,4.37,4.04,4.18,4.33,14528830,61174430.3,-3.4642,1.3878,1,0,none,baostock,query_history_k_data_plus
600713,SHSE.600713,,SH,A股-上交所,2024-02-05,4.15,4.16,3.86,3.93,4.18,17362190,69149811.5,-5.9809,1.6585,1,0,none,baostock,query_history_k_data_plus
600713,SHSE.600713,,SH,A股-上交所,2024-02-06,3.91,4.2,3.85,4.16,3.93,16516223,66720044.36,5.8524,1.5777,1,0,none,baostock,query_history_k_data_plus
600713,SHSE.600713,,SH,A股-上交所,2024-02-07,4.12,4.22,4.05,4.12,4.16,18100646,74767493.81,-0.9615,1.729,1,0,none,baostock,query_history_k_data_plus
600713,SHSE.600713,,SH,A股-上交所,2024-02-08,4.14,4.35,4.11,4.34,4.12,19717864,83343749.86,5.3398,1.8835,1,0,none,baostock,query_history_k_data_plus
600713,SHSE.600713,,SH,A股-上交所,2024-02-19,4.36,4.45,4.33,4.41,4.34,13640871,59894530.95,1.6129,1.303,1,0,none,baostock,query_history_k_data_plus
600713,SHSE.600713,,SH,A股-上交所,2024-02-20,4.41,4.46,4.35,4.42,4.41,8862153,39185695.39,0.2268,0.8465,1,0,none,baostock,query_history_k_data_plus
600713,SHSE.600713,,SH,A股-上交所,2024-02-21,4.41,4.53,4.38,4.44,4.42,12094280,53947153.0,0.4525,1.1553,1,0,none,baostock,query_history_k_data_plus
600713,SHSE.600713,,SH,A股-上交所,2024-02-22,4.44,4.47,4.41,4.46,4.44,8190839,36350305.16,0.4505,0.7824,1,0,none,baostock,query_history_k_data_plus
600713,SHSE.600713,,SH,A股-上交所,2024-02-23,4.46,4.53,4.43,4.51,4.46,9728614,43496320.36,1.1211,0.9293,1,0,none,baostock,query_history_k_data_plus
600713,SHSE.600713,,SH,A股-上交所,2024-02-26,4.49,4.56,4.47,4.51,4.51,9949655,44904269.52,0.0,0.9504,1,0,none,baostock,query_history_k_data_plus
600713,SHSE.600713,,SH,A股-上交所,2024-02-27,4.47,4.55,4.47,4.55,4.51,9079100,41090290.0,0.8869,0.8673,1,0,none,baostock,query_history_k_data_plus
600713,SHSE.600713,,SH,A股-上交所,2024-02-28,4.56,4.65,4.38,4.4,4.55,17282723,78401599.26,-3.2967,1.6509,1,0,none,baostock,query_history_k_data_plus
600713,SHSE.600713,,SH,A股-上交所,2024-02-29,4.41,4.49,4.38,4.49,4.4,9325040,41490132.8,2.0455,0.8908,1,0,none,baostock,query_history_k_data_plus
600713,SHSE.600713,,SH,A股-上交所,2024-03-01,4.47,4.51,4.44,4.51,4.49,9514340,42676724.6,0.4454,0.9088,1,0,none,baostock,query_history_k_data_plus
600713,SHSE.600713,,SH,A股-上交所,2024-03-04,4.51,4.54,4.47,4.5,4.51,7913400,35577602.0,-0.2217,0.7559,1,0,none,baostock,query_history_k_data_plus
600713,SHSE.600713,,SH,A股-上交所,2024-03-05,4.47,4.48,4.43,4.44,4.5,7120500,31700050.0,-1.3333,0.6802,1,0,none,baostock,query_history_k_data_plus
600713,SHSE.600713,,SH,A股-上交所,2024-03-06,4.43,4.46,4.41,4.44,4.44,5069380,22492666.2,0.0,0.4842,1,0,none,baostock,query_history_k_data_plus
600713,SHSE.600713,,SH,A股-上交所,2024-03-07,4.45,4.48,4.42,4.43,4.44,6937500,30887859.0,-0.2252,0.6627,1,0,none,baostock,query_history_k_data_plus
600713,SHSE.600713,,SH,A股-上交所,2024-03-08,4.42,4.46,4.4,4.45,4.43,5000034,22166663.9,0.4515,0.4776,1,0,none,baostock,query_history_k_data_plus
600713,SHSE.600713,,SH,A股-上交所,2024-03-11,4.45,4.48,4.43,4.48,4.45,6828010,30473741.7,0.6742,0.6522,1,0,none,baostock,query_history_k_data_plus
600713,SHSE.600713,,SH,A股-上交所,2024-03-12,4.48,4.54,4.47,4.52,4.48,9489711,42775194.39,0.8929,0.9065,1,0,none,baostock,query_history_k_data_plus
600713,SHSE.600713,,SH,A股-上交所,2024-03-13,4.53,4.54,4.47,4.49,4.52,6677600,30018865.0,-0.6637,0.6379,1,0,none,baostock,query_history_k_data_plus
600713,SHSE.600713,,SH,A股-上交所,2024-03-14,4.5,4.54,4.47,4.5,4.49,7787311,35133306.72,0.2227,0.7439,1,0,none,baostock,query_history_k_data_plus
600713,SHSE.600713,,SH,A股-上交所,2024-03-15,4.48,4.56,4.48,4.56,4.5,7305410,32977669.8,1.3333,0.6978,1,0,none,baostock,query_history_k_data_plus
600713,SHSE.600713,,SH,A股-上交所,2024-03-18,4.55,4.6,4.52,4.59,4.56,9861818,45019428.76,0.6579,0.942,1,0,none,baostock,query_history_k_data_plus
600713,SHSE.600713,,SH,A股-上交所,2024-03-19,4.59,4.61,4.55,4.56,4.59,7220900,33091553.0,-0.6536,0.6898,1,0,none,baostock,query_history_k_data_plus
600713,SHSE.600713,,SH,A股-上交所,2024-03-20,4.55,4.63,4.53,4.61,4.56,9259900,42505897.0,1.0965,0.8845,1,0,none,baostock,query_history_k_data_plus
600713,SHSE.600713,,SH,A股-上交所,2024-03-21,4.61,4.65,4.58,4.62,4.61,6936980,31993173.5,0.2169,0.6626,1,0,none,baostock,query_history_k_data_plus
600713,SHSE.600713,,SH,A股-上交所,2024-03-22,4.6,4.62,4.52,4.58,4.62,7160610,32712726.5,-0.8658,0.684,1,0,none,baostock,query_history_k_data_plus
600713,SHSE.600713,,SH,A股-上交所,2024-03-25,4.56,4.61,4.5,4.51,4.58,6520400,29738057.0,-1.5284,0.6229,1,0,none,baostock,query_history_k_data_plus
600713,SHSE.600713,,SH,A股-上交所,2024-03-26,4.51,4.54,4.46,4.52,4.51,5484500,24664284.0,0.2217,0.5239,1,0,none,baostock,query_history_k_data_plus
600713,SHSE.600713,,SH,A股-上交所,2024-03-27,4.52,4.54,4.44,4.45,4.52,7027100,31686736.0,-1.5487,0.6713,1,0,none,baostock,query_history_k_data_plus
600713,SHSE.600713,,SH,A股-上交所,2024-03-28,4.44,4.52,4.43,4.48,4.45,6240300,27964568.0,0.6742,0.5961,1,0,none,baostock,query_history_k_data_plus
600713,SHSE.600713,,SH,A股-上交所,2024-03-29,4.48,4.55,4.48,4.55,4.48,5293565,23905239.45,1.5625,0.5057,1,0,none,baostock,query_history_k_data_plus
600713,SHSE.600713,,SH,A股-上交所,2024-04-01,4.55,4.64,4.54,4.64,4.55,8807236,40408302.2,1.978,0.8413,1,0,none,baostock,query_history_k_data_plus
600713,SHSE.600713,,SH,A股-上交所,2024-04-02,4.63,4.66,4.59,4.66,4.64,7472153,34622971.55,0.431,0.7138,1,0,none,baostock,query_history_k_data_plus
600713,SHSE.600713,,SH,A股-上交所,2024-04-03,4.66,4.69,4.61,4.68,4.66,8879449,41376535.83,0.4292,0.8482,1,0,none,baostock,query_history_k_data_plus
600713,SHSE.600713,,SH,A股-上交所,2024-04-08,4.7,4.76,4.63,4.63,4.68,14778711,69400067.49,-1.0684,1.4117,1,0,none,baostock,query_history_k_data_plus
600713,SHSE.600713,,SH,A股-上交所,2024-04-09,4.62,4.75,4.62,4.73,4.63,12065892,56663138.58,2.1598,1.1526,1,0,none,baostock,query_history_k_data_plus
600713,SHSE.600713,,SH,A股-上交所,2024-04-10,4.74,4.76,4.62,4.67,4.73,8562900,40172300.0,-1.2685,0.818,1,0,none,baostock,query_history_k_data_plus
600713,SHSE.600713,,SH,A股-上交所,2024-04-11,4.63,4.72,4.61,4.68,4.67,7199130,33771752.1,0.2141,0.6877,1,0,none,baostock,query_history_k_data_plus
600713,SHSE.600713,,SH,A股-上交所,2024-04-12,4.68,4.7,4.63,4.65,4.68,5752539,26876752.3,-0.641,0.5495,1,0,none,baostock,query_history_k_data_plus
600713,SHSE.600713,,SH,A股-上交所,2024-04-15,4.66,4.68,4.52,4.6,4.65,11539498,53107459.52,-1.0753,1.1023,1,0,none,baostock,query_history_k_data_plus
600713,SHSE.600713,,SH,A股-上交所,2024-04-16,4.58,4.63,4.45,4.45,4.6,12543372,56730944.98,-3.2609,1.1982,1,0,none,baostock,query_history_k_data_plus
600713,SHSE.600713,,SH,A股-上交所,2024-04-17,4.47,4.61,4.47,4.61,4.45,10090379,46030884.24,3.5955,0.9639,1,0,none,baostock,query_history_k_data_plus
600713,SHSE.600713,,SH,A股-上交所,2024-04-18,4.62,4.69,4.59,4.67,4.61,9744896,45343918.32,1.3015,0.9309,1,0,none,baostock,query_history_k_data_plus
600713,SHSE.600713,,SH,A股-上交所,2024-04-19,4.64,4.71,4.62,4.67,4.67,8424468,39314434.04,0.0,0.8047,1,0,none,baostock,query_history_k_data_plus
600713,SHSE.600713,,SH,A股-上交所,2024-04-22,4.64,4.72,4.64,4.7,4.67,10543818,49456886.42,0.6424,1.0072,1,0,none,baostock,query_history_k_data_plus
600713,SHSE.600713,,SH,A股-上交所,2024-04-23,4.7,4.72,4.65,4.7,4.7,7707801,36135347.68,0.0,0.7363,1,0,none,baostock,query_history_k_data_plus
600713,SHSE.600713,,SH,A股-上交所,2024-04-24,4.7,4.72,4.66,4.69,4.7,6393612,29953862.92,-0.2128,0.6107,1,0,none,baostock,query_history_k_data_plus
600713,SHSE.600713,,SH,A股-上交所,2024-04-25,4.69,4.73,4.67,4.72,4.69,7231702,34051240.4,0.6397,0.6908,1,0,none,baostock,query_history_k_data_plus
600713,SHSE.600713,,SH,A股-上交所,2024-04-26,4.71,4.75,4.69,4.74,4.72,9599606,45265248.3,0.4237,0.917,1,0,none,baostock,query_history_k_data_plus
600713,SHSE.600713,,SH,A股-上交所,2024-04-29,4.72,4.78,4.71,4.77,4.74,11033348,52440033.48,0.6329,1.0539,1,0,none,baostock,query_history_k_data_plus
600713,SHSE.600713,,SH,A股-上交所,2024-04-30,4.8,4.89,4.8,4.86,4.77,17152901,83204774.8,1.8868,1.6385,1,0,none,baostock,query_history_k_data_plus
600713,SHSE.600713,,SH,A股-上交所,2024-05-06,4.89,4.95,4.88,4.91,4.86,16624880,81724109.6,1.0288,1.5881,1,0,none,baostock,query_history_k_data_plus
600713,SHSE.600713,,SH,A股-上交所,2024-05-07,4.91,4.92,4.84,4.9,4.91,10584659,51662259.85,-0.2037,1.0111,1,0,none,baostock,query_history_k_data_plus
600713,SHSE.600713,,SH,A股-上交所,2024-05-08,4.89,4.94,4.86,4.88,4.9,8272153,40468597.76,-0.4082,0.7902,1,0,none,baostock,query_history_k_data_plus
600713,SHSE.600713,,SH,A股-上交所,2024-05-09,4.88,4.95,4.87,4.93,4.88,10639300,52386352.0,1.0246,1.0163,1,0,none,baostock,query_history_k_data_plus
600713,SHSE.600713,,SH,A股-上交所,2024-05-10,4.92,4.95,4.89,4.92,4.93,8152300,40097780.0,-0.2028,0.7787,1,0,none,baostock,query_history_k_data_plus
600713,SHSE.600713,,SH,A股-上交所,2024-05-13,4.92,4.92,4.86,4.88,4.92,7363701,36012294.88,-0.813,0.7034,1,0,none,baostock,query_history_k_data_plus
600713,SHSE.600713,,SH,A股-上交所,2024-05-14,4.88,4.95,4.88,4.92,4.88,10798221,53164378.32,0.8197,1.0315,1,0,none,baostock,query_history_k_data_plus
600713,SHSE.600713,,SH,A股-上交所,2024-05-15,4.92,4.99,4.88,4.93,4.92,11185990,55250675.0,0.2033,1.0685,1,0,none,baostock,query_history_k_data_plus
600713,SHSE.600713,,SH,A股-上交所,2024-05-16,4.94,4.95,4.86,4.88,4.93,9369800,45933018.0,-1.0142,0.895,1,0,none,baostock,query_history_k_data_plus
600713,SHSE.600713,,SH,A股-上交所,2024-05-17,4.88,4.91,4.83,4.9,4.88,8345800,40632583.0,0.4098,0.7972,1,0,none,baostock,query_history_k_data_plus
600713,SHSE.600713,,SH,A股-上交所,2024-05-20,4.9,4.93,4.88,4.91,4.9,6924856,33972996.56,0.2041,0.6615,1,0,none,baostock,query_history_k_data_plus
600713,SHSE.600713,,SH,A股-上交所,2024-05-21,4.89,4.91,4.85,4.89,4.91,7099224,34670210.36,-0.4073,0.6781,1,0,none,baostock,query_history_k_data_plus
600713,SHSE.600713,,SH,A股-上交所,2024-05-22,4.88,4.92,4.86,4.87,4.89,6644800,32454291.0,-0.409,0.6347,1,0,none,baostock,query_history_k_data_plus
600713,SHSE.600713,,SH,A股-上交所,2024-05-23,4.86,4.86,4.74,4.77,4.87,9208900,44156724.0,-2.0534,0.8797,1,0,none,baostock,query_history_k_data_plus
600713,SHSE.600713,,SH,A股-上交所,2024-05-24,4.76,4.83,4.76,4.79,4.77,6502300,31261751.0,0.4193,0.6211,1,0,none,baostock,query_history_k_data_plus
600713,SHSE.600713,,SH,A股-上交所,2024-05-27,4.83,4.83,4.75,4.81,4.79,5702900,27323020.0,0.4175,0.5448,1,0,none,baostock,query_history_k_data_plus
600713,SHSE.600713,,SH,A股-上交所,2024-05-28,4.82,4.82,4.74,4.75,4.81,6623300,31589030.0,-1.2474,0.6327,1,0,none,baostock,query_history_k_data_plus
600713,SHSE.600713,,SH,A股-上交所,2024-05-29,4.73,4.77,4.72,4.74,4.75,4309300,20447372.0,-0.2105,0.4116,1,0,none,baostock,query_history_k_data_plus
600713,SHSE.600713,,SH,A股-上交所,2024-05-30,4.76,4.78,4.7,4.71,4.74,5637524,26703619.8,-0.6329,0.5385,1,0,none,baostock,query_history_k_data_plus
600713,SHSE.600713,,SH,A股-上交所,2024-05-31,4.71,4.75,4.71,4.74,4.71,4042924,19132790.52,0.6369,0.3862,1,0,none,baostock,query_history_k_data_plus
600713,SHSE.600713,,SH,A股-上交所,2024-06-03,4.74,4.76,4.64,4.67,4.74,8284100,38931657.0,-1.4768,0.7913,1,0,none,baostock,query_history_k_data_plus
600713,SHSE.600713,,SH,A股-上交所,2024-06-04,4.64,4.7,4.62,4.65,4.67,7940260,36961120.8,-0.4283,0.7585,1,0,none,baostock,query_history_k_data_plus
600713,SHSE.600713,,SH,A股-上交所,2024-06-05,4.65,4.65,4.58,4.58,4.65,7301269,33702069.16,-1.5054,0.6974,1,0,none,baostock,query_history_k_data_plus
600713,SHSE.600713,,SH,A股-上交所,2024-06-06,4.58,4.59,4.46,4.49,4.58,11680200,52685378.0,-1.9651,1.1157,1,0,none,baostock,query_history_k_data_plus
600713,SHSE.600713,,SH,A股-上交所,2024-06-07,4.51,4.56,4.49,4.55,4.49,8340460,37764857.0,1.3363,0.7967,1,0,none,baostock,query_history_k_data_plus
600713,SHSE.600713,,SH,A股-上交所,2024-06-11,4.55,4.57,4.49,4.56,4.55,6556200,29730272.0,0.2198,0.6263,1,0,none,baostock,query_history_k_data_plus
600713,SHSE.600713,,SH,A股-上交所,2024-06-12,4.54,4.56,4.53,4.54,4.56,5547018,25178045.54,-0.4386,0.5299,1,0,none,baostock,query_history_k_data_plus
600713,SHSE.600713,,SH,A股-上交所,2024-06-13,4.54,4.54,4.46,4.48,4.54,6444301,28927133.47,-1.3216,0.6156,1,0,none,baostock,query_history_k_data_plus
600713,SHSE.600713,,SH,A股-上交所,2024-06-14,4.46,4.49,4.42,4.48,4.48,5063300,22579108.0,0.0,0.4837,1,0,none,baostock,query_history_k_data_plus
600713,SHSE.600713,,SH,A股-上交所,2024-06-17,4.46,4.51,4.44,4.46,4.48,7121700,31864415.0,-0.4464,0.6803,1,0,none,baostock,query_history_k_data_plus
600713,SHSE.600713,,SH,A股-上交所,2024-06-18,4.45,4.49,4.43,4.47,4.46,6040638,26972844.86,0.2242,0.577,1,0,none,baostock,query_history_k_data_plus
600713,SHSE.600713,,SH,A股-上交所,2024-06-19,4.48,4.49,4.43,4.45,4.47,5094600,22720555.0,-0.4474,0.4867,1,0,none,baostock,query_history_k_data_plus
600713,SHSE.600713,,SH,A股-上交所,2024-06-20,4.43,4.47,4.38,4.39,4.45,6421200,28362467.0,-1.3483,0.6134,1,0,none,baostock,query_history_k_data_plus
600713,SHSE.600713,,SH,A股-上交所,2024-06-21,4.39,4.43,4.35,4.4,4.39,4806100,21139715.0,0.2278,0.4591,1,0,none,baostock,query_history_k_data_plus
600713,SHSE.600713,,SH,A股-上交所,2024-06-24,4.4,4.4,4.28,4.33,4.4,7826008,33989883.88,-1.5909,0.7476,1,0,none,baostock,query_history_k_data_plus
600713,SHSE.600713,,SH,A股-上交所,2024-06-25,4.33,4.37,4.29,4.35,4.33,6240503,27092697.87,0.4619,0.5961,1,0,none,baostock,query_history_k_data_plus
600713,SHSE.600713,,SH,A股-上交所,2024-06-26,4.35,4.41,4.32,4.41,4.35,5631968,24621125.52,1.3793,0.538,1,0,none,baostock,query_history_k_data_plus
600713,SHSE.600713,,SH,A股-上交所,2024-06-27,4.41,4.42,4.36,4.37,4.41,5406220,23697365.0,-0.907,0.5164,1,0,none,baostock,query_history_k_data_plus
600713,SHSE.600713,,SH,A股-上交所,2024-06-28,4.24,4.26,4.2,4.22,4.21,7155200,30300497.0,0.2375,0.6835,1,0,none,baostock,query_history_k_data_plus
600713,SHSE.600713,,SH,A股-上交所,2024-07-01,4.2,4.34,4.19,4.33,4.22,8177244,34937584.32,2.6066,0.7811,1,0,none,baostock,query_history_k_data_plus
600713,SHSE.600713,,SH,A股-上交所,2024-07-02,4.34,4.4,4.32,4.37,4.33,7317529,31995109.11,0.9238,0.699,1,0,none,baostock,query_history_k_data_plus
600713,SHSE.600713,,SH,A股-上交所,2024-07-03,4.39,4.43,4.38,4.39,4.37,6205400,27342733.0,0.4577,0.5928,1,0,none,baostock,query_history_k_data_plus
600713,SHSE.600713,,SH,A股-上交所,2024-07-04,4.41,4.41,4.32,4.34,4.39,6145734,26761001.86,-1.139,0.5871,1,0,none,baostock,query_history_k_data_plus
600713,SHSE.600713,,SH,A股-上交所,2024-07-05,4.31,4.36,4.3,4.35,4.34,4782800,20702107.0,0.2304,0.4569,1,0,none,baostock,query_history_k_data_plus
600713,SHSE.600713,,SH,A股-上交所,2024-07-08,4.34,4.35,4.27,4.27,4.35,4931361,21173348.41,-1.8391,0.4711,1,0,none,baostock,query_history_k_data_plus
600713,SHSE.600713,,SH,A股-上交所,2024-07-09,4.27,4.29,4.18,4.29,4.27,5593686,23730155.42,0.4684,0.5343,1,0,none,baostock,query_history_k_data_plus
600713,SHSE.600713,,SH,A股-上交所,2024-07-10,4.26,4.29,4.23,4.24,4.29,4290900,18240396.0,-1.1655,0.4099,1,0,none,baostock,query_history_k_data_plus
600713,SHSE.600713,,SH,A股-上交所,2024-07-11,4.27,4.34,4.26,4.33,4.24,5736820,24710572.2,2.1226,0.548,1,0,none,baostock,query_history_k_data_plus
600713,SHSE.600713,,SH,A股-上交所,2024-07-12,4.34,4.37,4.31,4.33,4.33,4648666,20180717.44,0.0,0.4441,1,0,none,baostock,query_history_k_data_plus
600713,SHSE.600713,,SH,A股-上交所,2024-07-15,4.33,4.34,4.26,4.27,4.33,3832696,16411423.58,-1.3857,0.3661,1,0,none,baostock,query_history_k_data_plus
600713,SHSE.600713,,SH,A股-上交所,2024-07-16,4.26,4.28,4.22,4.25,4.27,3662366,15547416.84,-0.4684,0.3498,1,0,none,baostock,query_history_k_data_plus
600713,SHSE.600713,,SH,A股-上交所,2024-07-17,4.23,4.28,4.22,4.26,4.25,3796830,16156082.8,0.2353,0.3627,1,0,none,baostock,query_history_k_data_plus
600713,SHSE.600713,,SH,A股-上交所,2024-07-18,4.27,4.33,4.23,4.33,4.26,5856103,25048059.97,1.6432,0.5594,1,0,none,baostock,query_history_k_data_plus
600713,SHSE.600713,,SH,A股-上交所,2024-07-19,4.31,4.33,4.28,4.3,4.33,4259930,18337611.7,-0.6928,0.4069,1,0,none,baostock,query_history_k_data_plus
600713,SHSE.600713,,SH,A股-上交所,2024-07-22,4.29,4.3,4.25,4.28,4.3,4112201,17571448.27,-0.4651,0.3928,1,0,none,baostock,query_history_k_data_plus
600713,SHSE.600713,,SH,A股-上交所,2024-07-23,4.27,4.32,4.25,4.27,4.28,5817103,24900601.84,-0.2336,0.5557,1,0,none,baostock,query_history_k_data_plus
600713,SHSE.600713,,SH,A股-上交所,2024-07-24,4.25,4.25,4.19,4.21,4.27,6528526,27547649.98,-1.4052,0.6236,1,0,none,baostock,query_history_k_data_plus
600713,SHSE.600713,,SH,A股-上交所,2024-07-25,4.18,4.24,4.18,4.2,4.21,4502150,18933043.5,-0.2375,0.4301,1,0,none,baostock,query_history_k_data_plus
600713,SHSE.600713,,SH,A股-上交所,2024-07-26,4.21,4.24,4.2,4.24,4.2,4950800,20915534.0,0.9524,0.4729,1,0,none,baostock,query_history_k_data_plus
600713,SHSE.600713,,SH,A股-上交所,2024-07-29,4.23,4.24,4.2,4.22,4.24,4186700,17651188.0,-0.4717,0.3999,1,0,none,baostock,query_history_k_data_plus
600713,SHSE.600713,,SH,A股-上交所,2024-07-30,4.22,4.24,4.19,4.24,4.22,4090680,17244703.6,0.4739,0.3908,1,0,none,baostock,query_history_k_data_plus
600713,SHSE.600713,,SH,A股-上交所,2024-07-31,4.24,4.36,4.23,4.36,4.24,8005401,34586193.26,2.8302,0.7647,1,0,none,baostock,query_history_k_data_plus
600713,SHSE.600713,,SH,A股-上交所,2024-08-01,4.37,4.4,4.34,4.36,4.36,7059700,30812020.0,0.0,0.6744,1,0,none,baostock,query_history_k_data_plus
600713,SHSE.600713,,SH,A股-上交所,2024-08-02,4.35,4.42,4.33,4.37,4.36,7849191,34393281.58,0.2294,0.7498,1,0,none,baostock,query_history_k_data_plus
600713,SHSE.600713,,SH,A股-上交所,2024-08-05,4.37,4.47,4.35,4.39,4.37,9662931,42657498.89,0.4577,0.923,1,0,none,baostock,query_history_k_data_plus
600713,SHSE.600713,,SH,A股-上交所,2024-08-06,4.41,4.45,4.38,4.45,4.39,6831810,30158271.1,1.3667,0.6526,1,0,none,baostock,query_history_k_data_plus
600713,SHSE.600713,,SH,A股-上交所,2024-08-07,4.46,4.5,4.42,4.46,4.45,5922300,26385010.0,0.2247,0.5657,1,0,none,baostock,query_history_k_data_plus
600713,SHSE.600713,,SH,A股-上交所,2024-08-08,4.43,4.52,4.43,4.5,4.46,7170600,32213191.0,0.8969,0.685,1,0,none,baostock,query_history_k_data_plus
600713,SHSE.600713,,SH,A股-上交所,2024-08-09,4.5,4.52,4.47,4.49,4.5,6187600,27815356.0,-0.2222,0.5911,1,0,none,baostock,query_history_k_data_plus
600713,SHSE.600713,,SH,A股-上交所,2024-08-12,4.46,4.54,4.46,4.51,4.49,6764600,30535433.0,0.4454,0.6462,1,0,none,baostock,query_history_k_data_plus
600713,SHSE.600713,,SH,A股-上交所,2024-08-13,4.53,4.53,4.46,4.5,4.51,6150200,27641930.6,-0.2217,0.5875,1,0,none,baostock,query_history_k_data_plus
600713,SHSE.600713,,SH,A股-上交所,2024-08-14,4.47,4.49,4.43,4.46,4.5,5277140,23545145.4,-0.8889,0.5041,1,0,none,baostock,query_history_k_data_plus
600713,SHSE.600713,,SH,A股-上交所,2024-08-15,4.46,4.5,4.44,4.48,4.46,3611500,16143672.0,0.4484,0.345,1,0,none,baostock,query_history_k_data_plus
600713,SHSE.600713,,SH,A股-上交所,2024-08-16,4.47,4.51,4.43,4.49,4.48,4462026,19979901.22,0.2232,0.4262,1,0,none,baostock,query_history_k_data_plus
600713,SHSE.600713,,SH,A股-上交所,2024-08-19,4.48,4.52,4.44,4.45,4.49,4129400,18474172.0,-0.8909,0.3945,1,0,none,baostock,query_history_k_data_plus
600713,SHSE.600713,,SH,A股-上交所,2024-08-20,4.46,4.47,4.36,4.39,4.45,4375000,19269280.0,-1.3483,0.4179,1,0,none,baostock,query_history_k_data_plus
600713,SHSE.600713,,SH,A股-上交所,2024-08-21,4.4,4.4,4.31,4.33,4.39,3880200,16833615.0,-1.3667,0.3707,1,0,none,baostock,query_history_k_data_plus
600713,SHSE.600713,,SH,A股-上交所,2024-08-22,4.33,4.34,4.28,4.29,4.33,3480300,14974693.0,-0.9238,0.3325,1,0,none,baostock,query_history_k_data_plus
600713,SHSE.600713,,SH,A股-上交所,2024-08-23,4.29,4.3,4.22,4.25,4.29,4666800,19854122.0,-0.9324,0.4458,1,0,none,baostock,query_history_k_data_plus
600713,SHSE.600713,,SH,A股-上交所,2024-08-26,4.24,4.27,4.2,4.23,4.25,6300100,26653345.0,-0.4706,0.6018,1,0,none,baostock,query_history_k_data_plus
600713,SHSE.600713,,SH,A股-上交所,2024-08-27,4.23,4.28,4.21,4.24,4.23,5029873,21360849.52,0.2364,0.4805,1,0,none,baostock,query_history_k_data_plus
600713,SHSE.600713,,SH,A股-上交所,2024-08-28,4.25,4.32,4.24,4.27,4.24,6928573,29553963.44,0.7075,0.6618,1,0,none,baostock,query_history_k_data_plus
600713,SHSE.600713,,SH,A股-上交所,2024-08-29,4.23,4.29,4.23,4.27,4.27,5231040,22324030.8,0.0,0.4997,1,0,none,baostock,query_history_k_data_plus
600713,SHSE.600713,,SH,A股-上交所,2024-08-30,4.26,4.36,4.23,4.32,4.27,11126043,47938079.79,1.171,1.0628,1,0,none,baostock,query_history_k_data_plus
600713,SHSE.600713,,SH,A股-上交所,2024-09-02,4.28,4.3,4.23,4.24,4.32,10400400,44241183.0,-1.8519,0.9935,1,0,none,baostock,query_history_k_data_plus
600713,SHSE.600713,,SH,A股-上交所,2024-09-03,4.25,4.31,4.23,4.29,4.24,7643600,32696870.0,1.1792,0.7301,1,0,none,baostock,query_history_k_data_plus
600713,SHSE.600713,,SH,A股-上交所,2024-09-04,4.25,4.35,4.25,4.28,4.29,7952700,34276870.0,-0.2331,0.7597,1,0,none,baostock,query_history_k_data_plus
600713,SHSE.600713,,SH,A股-上交所,2024-09-05,4.28,4.36,4.28,4.35,4.28,9121500,39571737.0,1.6355,0.8713,1,0,none,baostock,query_history_k_data_plus
600713,SHSE.600713,,SH,A股-上交所,2024-09-06,4.33,4.38,4.31,4.32,4.35,6407800,27825152.0,-0.6897,0.6121,1,0,none,baostock,query_history_k_data_plus
600713,SHSE.600713,,SH,A股-上交所,2024-09-09,4.3,4.36,4.28,4.31,4.32,5862200,25330968.0,-0.2315,0.56,1,0,none,baostock,query_history_k_data_plus
600713,SHSE.600713,,SH,A股-上交所,2024-09-10,4.32,4.33,4.2,4.25,4.31,6841600,28993961.0,-1.3921,0.6535,1,0,none,baostock,query_history_k_data_plus
600713,SHSE.600713,,SH,A股-上交所,2024-09-11,4.23,4.25,4.18,4.21,4.25,5622797,23654586.43,-0.9412,0.5371,1,0,none,baostock,query_history_k_data_plus
600713,SHSE.600713,,SH,A股-上交所,2024-09-12,4.2,4.24,4.19,4.2,4.21,3601700,15173218.0,-0.2375,0.344,1,0,none,baostock,query_history_k_data_plus
600713,SHSE.600713,,SH,A股-上交所,2024-09-13,4.19,4.21,4.14,4.15,4.2,5574000,23244726.0,-1.1905,0.5324,1,0,none,baostock,query_history_k_data_plus
600713,SHSE.600713,,SH,A股-上交所,2024-09-18,4.15,4.16,4.06,4.12,4.15,4730166,19403058.66,-0.7229,0.4518,1,0,none,baostock,query_history_k_data_plus
600713,SHSE.600713,,SH,A股-上交所,2024-09-19,4.11,4.23,4.11,4.22,4.12,5996430,25109112.29,2.4272,0.5728,1,0,none,baostock,query_history_k_data_plus
600713,SHSE.600713,,SH,A股-上交所,2024-09-20,4.22,4.23,4.17,4.2,4.22,3840100,16131358.0,-0.4739,0.3668,1,0,none,baostock,query_history_k_data_plus
600713,SHSE.600713,,SH,A股-上交所,2024-09-23,4.2,4.23,4.19,4.22,4.2,3168800,13336316.29,0.4762,0.3027,1,0,none,baostock,query_history_k_data_plus
600713,SHSE.600713,,SH,A股-上交所,2024-09-24,4.23,4.38,4.22,4.37,4.22,9443060,40654050.6,3.5545,0.902,1,0,none,baostock,query_history_k_data_plus
600713,SHSE.600713,,SH,A股-上交所,2024-09-25,4.45,4.58,4.42,4.49,4.37,16285038,73365550.59,2.746,1.5556,1,0,none,baostock,query_history_k_data_plus
600713,SHSE.600713,,SH,A股-上交所,2024-09-26,4.52,4.6,4.46,4.6,4.49,12242542,55562885.59,2.4499,1.1695,1,0,none,baostock,query_history_k_data_plus
600713,SHSE.600713,,SH,A股-上交所,2024-09-27,4.62,4.7,4.6,4.68,4.6,13536592,62995070.72,1.7391,1.2931,1,0,none,baostock,query_history_k_data_plus
600713,SHSE.600713,,SH,A股-上交所,2024-09-30,4.82,5.07,4.74,5.03,4.68,39717824,195227739.48,7.4786,3.794,1,0,none,baostock,query_history_k_data_plus
600713,SHSE.600713,,SH,A股-上交所,2024-10-08,5.53,5.53,5.05,5.24,5.03,52152873,275341165.04,4.175,4.9818,1,0,none,baostock,query_history_k_data_plus
600713,SHSE.600713,,SH,A股-上交所,2024-10-09,5.18,5.18,4.79,4.8,5.24,36064783,178867044.48,-8.3969,3.445,1,0,none,baostock,query_history_k_data_plus
600713,SHSE.600713,,SH,A股-上交所,2024-10-10,4.88,5.01,4.76,4.86,4.8,23083807,112806758.04,1.25,2.2051,1,0,none,baostock,query_history_k_data_plus
600713,SHSE.600713,,SH,A股-上交所,2024-10-11,4.84,4.86,4.66,4.73,4.86,16820540,79966844.4,-2.6749,1.6068,1,0,none,baostock,query_history_k_data_plus
600713,SHSE.600713,,SH,A股-上交所,2024-10-14,4.77,4.79,4.67,4.76,4.73,13889248,65802392.05,0.6342,1.3268,1,0,none,baostock,query_history_k_data_plus
600713,SHSE.600713,,SH,A股-上交所,2024-10-15,4.76,4.78,4.69,4.69,4.76,10733522,50877639.72,-1.4706,1.0253,1,0,none,baostock,query_history_k_data_plus
600713,SHSE.600713,,SH,A股-上交所,2024-10-16,4.68,4.74,4.66,4.7,4.69,11188000,52633488.02,0.2132,1.0687,1,0,none,baostock,query_history_k_data_plus
600713,SHSE.600713,,SH,A股-上交所,2024-10-17,4.73,4.75,4.64,4.65,4.7,10722520,50414748.03,-1.0638,1.0243,1,0,none,baostock,query_history_k_data_plus
600713,SHSE.600713,,SH,A股-上交所,2024-10-18,4.63,4.75,4.62,4.71,4.65,18000196,84424255.56,1.2903,1.7194,1,0,none,baostock,query_history_k_data_plus
600713,SHSE.600713,,SH,A股-上交所,2024-10-21,4.7,4.72,4.65,4.68,4.71,17395029,81507728.58,-0.6369,1.6616,1,0,none,baostock,query_history_k_data_plus
600713,SHSE.600713,,SH,A股-上交所,2024-10-22,4.67,4.77,4.67,4.75,4.68,16588802,78640857.52,1.4957,1.5846,1,0,none,baostock,query_history_k_data_plus
600713,SHSE.600713,,SH,A股-上交所,2024-10-23,4.76,4.79,4.74,4.77,4.75,16727089,79686961.64,0.4211,1.5978,1,0,none,baostock,query_history_k_data_plus
600713,SHSE.600713,,SH,A股-上交所,2024-10-24,4.75,4.83,4.75,4.76,4.77,11878740,56758217.6,-0.2096,1.1347,1,0,none,baostock,query_history_k_data_plus
600713,SHSE.600713,,SH,A股-上交所,2024-10-25,4.76,4.83,4.75,4.83,4.76,15378767,73913387.99,1.4706,1.469,1,0,none,baostock,query_history_k_data_plus
600713,SHSE.600713,,SH,A股-上交所,2024-10-28,4.84,4.97,4.81,4.97,4.83,21068431,103121772.45,2.8986,2.0125,1,0,none,baostock,query_history_k_data_plus
600713,SHSE.600713,,SH,A股-上交所,2024-10-29,4.98,4.99,4.81,4.84,4.97,19620208,95606564.04,-2.6157,1.8742,1,0,none,baostock,query_history_k_data_plus
600713,SHSE.600713,,SH,A股-上交所,2024-10-30,4.82,4.87,4.78,4.87,4.84,14260658,68970464.9,0.6198,1.3622,1,0,none,baostock,query_history_k_data_plus
600713,SHSE.600713,,SH,A股-上交所,2024-10-31,4.86,4.92,4.84,4.92,4.87,14907113,72941865.96,1.0267,1.424,1,0,none,baostock,query_history_k_data_plus
600713,SHSE.600713,,SH,A股-上交所,2024-11-01,4.91,5.05,4.86,4.97,4.92,32547494,161247903.68,1.0163,3.1091,1,0,none,baostock,query_history_k_data_plus
600713,SHSE.600713,,SH,A股-上交所,2024-11-04,5.0,5.08,4.96,5.07,4.97,32017412,160525116.95,2.0121,3.0584,1,0,none,baostock,query_history_k_data_plus
600713,SHSE.600713,,SH,A股-上交所,2024-11-05,5.03,5.13,5.01,5.13,5.07,30818611,156786296.96,1.1834,2.9439,1,0,none,baostock,query_history_k_data_plus
600713,SHSE.600713,,SH,A股-上交所,2024-11-06,5.12,5.17,5.06,5.12,5.13,27155477,138983345.75,-0.1949,2.594,1,0,none,baostock,query_history_k_data_plus
600713,SHSE.600713,,SH,A股-上交所,2024-11-07,5.1,5.26,5.06,5.25,5.12,28339981,147270019.87,2.5391,2.7071,1,0,none,baostock,query_history_k_data_plus
600713,SHSE.600713,,SH,A股-上交所,2024-11-08,5.27,5.3,5.14,5.18,5.25,25939500,135082211.08,-1.3333,2.4778,1,0,none,baostock,query_history_k_data_plus
600713,SHSE.600713,,SH,A股-上交所,2024-11-11,5.18,5.23,5.12,5.2,5.18,19650842,101494447.94,0.3861,1.8771,1,0,none,baostock,query_history_k_data_plus
600713,SHSE.600713,,SH,A股-上交所,2024-11-12,5.24,5.48,5.23,5.32,5.2,52620851,281527130.1,2.3077,5.0265,1,0,none,baostock,query_history_k_data_plus
600713,SHSE.600713,,SH,A股-上交所,2024-11-13,5.28,5.34,5.18,5.25,5.32,24520100,128650031.0,-1.3158,2.3423,1,0,none,baostock,query_history_k_data_plus
600713,SHSE.600713,,SH,A股-上交所,2024-11-14,5.26,5.27,5.04,5.1,5.25,17299237,89032944.15,-2.8571,1.6525,1,0,none,baostock,query_history_k_data_plus
600713,SHSE.600713,,SH,A股-上交所,2024-11-15,5.05,5.14,5.01,5.02,5.1,12591659,63973090.12,-1.5686,1.2028,1,0,none,baostock,query_history_k_data_plus
600713,SHSE.600713,,SH,A股-上交所,2024-11-18,5.08,5.19,5.06,5.09,5.02,20911936,107109585.81,1.3944,1.9976,1,0,none,baostock,query_history_k_data_plus
600713,SHSE.600713,,SH,A股-上交所,2024-11-19,5.08,5.12,5.0,5.11,5.09,14082601,71408609.07,0.3929,1.3452,1,0,none,baostock,query_history_k_data_plus
600713,SHSE.600713,,SH,A股-上交所,2024-11-20,5.1,5.4,5.09,5.36,5.11,40240798,211322768.94,4.8924,3.844,1,0,none,baostock,query_history_k_data_plus
600713,SHSE.600713,,SH,A股-上交所,2024-11-21,5.31,5.54,5.24,5.5,5.36,55251976,298297256.62,2.6119,5.2779,1,0,none,baostock,query_history_k_data_plus
600713,SHSE.600713,,SH,A股-上交所,2024-11-22,5.53,5.61,5.26,5.32,5.5,47453986,256031991.39,-3.2727,4.533,1,0,none,baostock,query_history_k_data_plus
600713,SHSE.600713,,SH,A股-上交所,2024-11-25,5.37,5.5,5.25,5.36,5.32,48181524,258763987.79,0.7519,4.6025,1,0,none,baostock,query_history_k_data_plus
600713,SHSE.600713,,SH,A股-上交所,2024-11-26,5.35,5.35,5.18,5.21,5.36,39060108,205307790.33,-2.7985,3.7296,1,0,none,baostock,query_history_k_data_plus
600713,SHSE.600713,,SH,A股-上交所,2024-11-27,5.16,5.19,5.0,5.16,5.21,35074230,178693737.9,-0.9597,3.349,1,0,none,baostock,query_history_k_data_plus
600713,SHSE.600713,,SH,A股-上交所,2024-11-28,5.14,5.29,5.12,5.19,5.16,27408400,142767685.0,0.5814,2.617,1,0,none,baostock,query_history_k_data_plus
600713,SHSE.600713,,SH,A股-上交所,2024-11-29,5.18,5.24,5.1,5.2,5.19,29198503,151354312.64,0.1927,2.788,1,0,none,baostock,query_history_k_data_plus
600713,SHSE.600713,,SH,A股-上交所,2024-12-02,5.18,5.26,5.17,5.25,5.2,22133221,115690013.41,0.9615,2.1133,1,0,none,baostock,query_history_k_data_plus
600713,SHSE.600713,,SH,A股-上交所,2024-12-03,5.25,5.31,5.18,5.24,5.25,22838681,119591249.63,-0.1905,2.1807,1,0,none,baostock,query_history_k_data_plus
600713,SHSE.600713,,SH,A股-上交所,2024-12-04,5.23,5.25,5.12,5.16,5.24,21573140,112024636.8,-1.5267,2.0599,1,0,none,baostock,query_history_k_data_plus
600713,SHSE.600713,,SH,A股-上交所,2024-12-05,5.16,5.18,5.13,5.17,5.16,12695629,65485928.06,0.1938,1.2122,1,0,none,baostock,query_history_k_data_plus
600713,SHSE.600713,,SH,A股-上交所,2024-12-06,5.17,5.33,5.16,5.3,5.17,28296080,148515857.6,2.5145,2.7018,1,0,none,baostock,query_history_k_data_plus
600713,SHSE.600713,,SH,A股-上交所,2024-12-09,5.32,5.38,5.25,5.28,5.3,17622041,93723031.17,-0.3774,1.6826,1,0,none,baostock,query_history_k_data_plus
600713,SHSE.600713,,SH,A股-上交所,2024-12-10,5.38,5.41,5.23,5.25,5.28,19780581,104827270.44,-0.5682,1.8887,1,0,none,baostock,query_history_k_data_plus
600713,SHSE.600713,,SH,A股-上交所,2024-12-11,5.24,5.34,5.22,5.33,5.25,15565901,82666787.43,1.5238,1.4863,1,0,none,baostock,query_history_k_data_plus
600713,SHSE.600713,,SH,A股-上交所,2024-12-12,5.32,5.5,5.28,5.48,5.33,33392580,180919303.6,2.8143,3.1884,1,0,none,baostock,query_history_k_data_plus
600713,SHSE.600713,,SH,A股-上交所,2024-12-13,5.45,5.48,5.34,5.37,5.48,18225255,98670181.55,-2.0073,1.7402,1,0,none,baostock,query_history_k_data_plus
600713,SHSE.600713,,SH,A股-上交所,2024-12-16,5.39,5.64,5.38,5.47,5.37,38217639,210416961.64,1.8622,3.6491,1,0,none,baostock,query_history_k_data_plus
600713,SHSE.600713,,SH,A股-上交所,2024-12-17,5.48,5.49,5.23,5.26,5.47,28047660,149094526.61,-3.8391,2.6781,1,0,none,baostock,query_history_k_data_plus
600713,SHSE.600713,,SH,A股-上交所,2024-12-18,5.26,5.31,5.21,5.22,5.26,16119231,84784528.5,-0.7605,1.5391,1,0,none,baostock,query_history_k_data_plus
600713,SHSE.600713,,SH,A股-上交所,2024-12-19,5.2,5.24,5.12,5.19,5.22,14614740,75622406.8,-0.5747,1.3955,1,0,none,baostock,query_history_k_data_plus
600713,SHSE.600713,,SH,A股-上交所,2024-12-20,5.2,5.27,5.15,5.21,5.19,12440700,64736698.0,0.3854,1.1879,1,0,none,baostock,query_history_k_data_plus
600713,SHSE.600713,,SH,A股-上交所,2024-12-23,5.22,5.25,5.1,5.12,5.21,22461441,115806315.66,-1.7274,2.1447,1,0,none,baostock,query_history_k_data_plus
600713,SHSE.600713,,SH,A股-上交所,2024-12-24,5.13,5.2,5.11,5.19,5.12,25272800,130294205.0,1.3672,2.4131,1,0,none,baostock,query_history_k_data_plus
600713,SHSE.600713,,SH,A股-上交所,2024-12-25,5.07,5.12,4.96,5.04,5.19,32427015,163025453.54,-2.8902,3.0962,1,0,none,baostock,query_history_k_data_plus
600713,SHSE.600713,,SH,A股-上交所,2024-12-26,5.03,5.04,4.99,5.01,5.04,12903001,64719060.15,-0.5952,1.232,1,0,none,baostock,query_history_k_data_plus
600713,SHSE.600713,,SH,A股-上交所,2024-12-27,5.0,5.12,4.98,5.12,5.01,19860591,100846081.06,2.1956,1.8963,1,0,none,baostock,query_history_k_data_plus
600713,SHSE.600713,,SH,A股-上交所,2024-12-30,5.1,5.12,5.04,5.04,5.12,10743351,54340419.04,-1.5625,1.0258,1,0,none,baostock,query_history_k_data_plus
600713,SHSE.600713,,SH,A股-上交所,2024-12-31,5.04,5.09,4.94,4.96,5.04,10808500,54102883.51,-1.5873,1.032,1,0,none,baostock,query_history_k_data_plus
600713,SHSE.600713,,SH,A股-上交所,2025-01-02,4.96,5.0,4.81,4.85,4.96,12414300,61006935.0,-2.2177,1.1854,1,0,none,baostock,query_history_k_data_plus
600713,SHSE.600713,,SH,A股-上交所,2025-01-03,4.87,4.89,4.74,4.75,4.85,11002422,53007087.47,-2.0619,1.0505,1,0,none,baostock,query_history_k_data_plus
600713,SHSE.600713,,SH,A股-上交所,2025-01-06,4.75,4.94,4.73,4.88,4.75,20085400,97794582.0,2.7368,1.9178,1,0,none,baostock,query_history_k_data_plus
600713,SHSE.600713,,SH,A股-上交所,2025-01-07,4.85,4.85,4.71,4.8,4.88,14159150,67495416.0,-1.6393,1.352,1,0,none,baostock,query_history_k_data_plus
600713,SHSE.600713,,SH,A股-上交所,2025-01-08,4.77,4.83,4.71,4.81,4.8,9091750,43487204.5,0.2083,0.8681,1,0,none,baostock,query_history_k_data_plus
600713,SHSE.600713,,SH,A股-上交所,2025-01-09,4.79,4.8,4.72,4.77,4.81,5965800,28454155.0,-0.8316,0.5696,1,0,none,baostock,query_history_k_data_plus
600713,SHSE.600713,,SH,A股-上交所,2025-01-10,4.79,4.8,4.69,4.7,4.77,6730801,31911472.75,-1.4675,0.6427,1,0,none,baostock,query_history_k_data_plus
600713,SHSE.600713,,SH,A股-上交所,2025-01-13,4.69,4.7,4.61,4.66,4.7,8547670,39859913.02,-0.8511,0.8162,1,0,none,baostock,query_history_k_data_plus
600713,SHSE.600713,,SH,A股-上交所,2025-01-14,4.65,4.77,4.65,4.76,4.66,12280123,58031929.76,2.1459,1.1725,1,0,none,baostock,query_history_k_data_plus
600713,SHSE.600713,,SH,A股-上交所,2025-01-15,4.76,4.78,4.72,4.74,4.76,9214971,43719509.85,-0.4202,0.8799,1,0,none,baostock,query_history_k_data_plus
600713,SHSE.600713,,SH,A股-上交所,2025-01-16,4.73,4.84,4.73,4.81,4.74,13332988,63978937.31,1.4768,1.2731,1,0,none,baostock,query_history_k_data_plus
600713,SHSE.600713,,SH,A股-上交所,2025-01-17,4.8,4.85,4.77,4.84,4.81,7125370,34359695.4,0.6237,0.6804,1,0,none,baostock,query_history_k_data_plus
600713,SHSE.600713,,SH,A股-上交所,2025-01-20,4.83,4.87,4.81,4.83,4.84,7966770,38579956.4,-0.2066,0.7607,1,0,none,baostock,query_history_k_data_plus
600713,SHSE.600713,,SH,A股-上交所,2025-01-21,4.85,4.87,4.81,4.86,4.83,11188917,54232733.41,0.6211,1.0684,1,0,none,baostock,query_history_k_data_plus
600713,SHSE.600713,,SH,A股-上交所,2025-01-22,4.85,4.86,4.77,4.79,4.86,7400320,35555619.6,-1.4403,0.7066,1,0,none,baostock,query_history_k_data_plus
600713,SHSE.600713,,SH,A股-上交所,2025-01-23,4.81,4.88,4.81,4.82,4.79,10637930,51547793.3,0.6263,1.0157,1,0,none,baostock,query_history_k_data_plus
600713,SHSE.600713,,SH,A股-上交所,2025-01-24,4.8,4.84,4.76,4.82,4.82,8385352,40272150.12,0.0,0.8007,1,0,none,baostock,query_history_k_data_plus
600713,SHSE.600713,,SH,A股-上交所,2025-01-27,4.83,4.94,4.83,4.89,4.82,9468251,46420370.35,1.4523,0.9041,1,0,none,baostock,query_history_k_data_plus
600713,SHSE.600713,,SH,A股-上交所,2025-02-05,4.9,4.93,4.83,4.86,4.89,8815979,42919583.65,-0.6135,0.8418,1,0,none,baostock,query_history_k_data_plus
600713,SHSE.600713,,SH,A股-上交所,2025-02-06,4.86,4.88,4.81,4.88,4.86,10253420,49690980.8,0.4115,0.979,1,0,none,baostock,query_history_k_data_plus
600713,SHSE.600713,,SH,A股-上交所,2025-02-07,4.88,4.96,4.86,4.94,4.88,14432700,70967425.0,1.2295,1.3781,1,0,none,baostock,query_history_k_data_plus
600713,SHSE.600713,,SH,A股-上交所,2025-02-10,4.95,4.99,4.94,4.98,4.94,12944250,64325969.0,0.8097,1.236,1,0,none,baostock,query_history_k_data_plus
600713,SHSE.600713,,SH,A股-上交所,2025-02-11,4.99,4.99,4.92,4.94,4.98,9671900,47775564.0,-0.8032,0.9235,1,0,none,baostock,query_history_k_data_plus
600713,SHSE.600713,,SH,A股-上交所,2025-02-12,4.95,4.95,4.88,4.92,4.94,9760351,47903610.91,-0.4049,0.9319,1,0,none,baostock,query_history_k_data_plus
600713,SHSE.600713,,SH,A股-上交所,2025-02-13,4.92,4.94,4.88,4.9,4.92,8332896,40909141.44,-0.4065,0.7956,1,0,none,baostock,query_history_k_data_plus
600713,SHSE.600713,,SH,A股-上交所,2025-02-14,4.91,4.96,4.89,4.95,4.9,10346301,51084042.93,1.0204,0.9879,1,0,none,baostock,query_history_k_data_plus
600713,SHSE.600713,,SH,A股-上交所,2025-02-17,4.95,4.97,4.92,4.94,4.95,11699777,57849236.04,-0.202,1.112,1,0,none,baostock,query_history_k_data_plus
600713,SHSE.600713,,SH,A股-上交所,2025-02-18,4.95,4.95,4.83,4.84,4.94,11907880,58066457.2,-2.0243,1.1318,1,0,none,baostock,query_history_k_data_plus
600713,SHSE.600713,,SH,A股-上交所,2025-02-19,4.84,4.86,4.81,4.85,4.84,7563904,36566741.32,0.2066,0.7189,1,0,none,baostock,query_history_k_data_plus
600713,SHSE.600713,,SH,A股-上交所,2025-02-20,4.84,4.9,4.83,4.86,4.85,8942920,43593594.2,0.2062,0.85,1,0,none,baostock,query_history_k_data_plus
600713,SHSE.600713,,SH,A股-上交所,2025-02-21,4.88,4.89,4.81,4.86,4.86,10288210,49870735.3,0.0,0.7896,1,0,none,baostock,query_history_k_data_plus
600713,SHSE.600713,,SH,A股-上交所,2025-02-24,4.87,4.91,4.84,4.9,4.86,9326982,45604708.3,0.823,0.7159,1,0,none,baostock,query_history_k_data_plus
600713,SHSE.600713,,SH,A股-上交所,2025-02-25,4.87,4.88,4.81,4.82,4.9,8163400,39548559.0,-1.6327,0.6266,1,0,none,baostock,query_history_k_data_plus
600713,SHSE.600713,,SH,A股-上交所,2025-02-26,4.82,4.88,4.82,4.87,4.82,6214507,30173865.44,1.0373,0.477,1,0,none,baostock,query_history_k_data_plus
600713,SHSE.600713,,SH,A股-上交所,2025-02-27,4.86,4.91,4.83,4.9,4.87,9417602,45880329.74,0.616,0.7228,1,0,none,baostock,query_history_k_data_plus
600713,SHSE.600713,,SH,A股-上交所,2025-02-28,4.89,4.92,4.82,4.84,4.9,9435409,45926434.83,-1.2245,0.7242,1,0,none,baostock,query_history_k_data_plus
600713,SHSE.600713,,SH,A股-上交所,2025-03-03,4.86,4.9,4.82,4.84,4.84,8027952,39051914.56,0.0,0.6162,1,0,none,baostock,query_history_k_data_plus
600713,SHSE.600713,,SH,A股-上交所,2025-03-04,4.82,4.87,4.81,4.86,4.84,5370167,26046669.53,0.4132,0.4122,1,0,none,baostock,query_history_k_data_plus
600713,SHSE.600713,,SH,A股-上交所,2025-03-05,4.86,4.86,4.77,4.83,4.86,8371740,40227009.4,-0.6173,0.6425,1,0,none,baostock,query_history_k_data_plus
600713,SHSE.600713,,SH,A股-上交所,2025-03-06,4.83,4.85,4.82,4.85,4.83,9254172,44741034.65,0.4141,0.7103,1,0,none,baostock,query_history_k_data_plus
600713,SHSE.600713,,SH,A股-上交所,2025-03-07,4.83,4.86,4.81,4.82,4.85,6430585,31096166.09,-0.6186,0.4936,1,0,none,baostock,query_history_k_data_plus
600713,SHSE.600713,,SH,A股-上交所,2025-03-10,4.83,4.87,4.82,4.87,4.82,9767575,47370154.5,1.0373,0.7497,1,0,none,baostock,query_history_k_data_plus
600713,SHSE.600713,,SH,A股-上交所,2025-03-11,4.84,4.87,4.81,4.86,4.87,6286461,30444728.04,-0.2053,0.4825,1,0,none,baostock,query_history_k_data_plus
600713,SHSE.600713,,SH,A股-上交所,2025-03-12,4.85,4.87,4.84,4.85,4.86,5908360,28683952.0,-0.2058,0.4535,1,0,none,baostock,query_history_k_data_plus
600713,SHSE.600713,,SH,A股-上交所,2025-03-13,4.86,4.87,4.83,4.86,4.85,7693502,37305858.7,0.2062,0.5905,1,0,none,baostock,query_history_k_data_plus
600713,SHSE.600713,,SH,A股-上交所,2025-03-14,4.86,4.95,4.86,4.95,4.86,14390481,70705759.83,1.8519,1.1045,1,0,none,baostock,query_history_k_data_plus
600713,SHSE.600713,,SH,A股-上交所,2025-03-17,5.0,5.08,4.99,5.05,4.95,20697058,104316300.99,2.0202,1.5885,1,0,none,baostock,query_history_k_data_plus
600713,SHSE.600713,,SH,A股-上交所,2025-03-18,5.07,5.07,5.0,5.02,5.05,9595502,48268538.08,-0.5941,0.7365,1,0,none,baostock,query_history_k_data_plus
600713,SHSE.600713,,SH,A股-上交所,2025-03-19,5.01,5.05,4.98,5.0,5.02,8473990,42503569.8,-0.3984,0.6504,1,0,none,baostock,query_history_k_data_plus
600713,SHSE.600713,,SH,A股-上交所,2025-03-20,5.0,5.05,4.99,5.03,5.0,7423948,37311767.75,0.6,0.5698,1,0,none,baostock,query_history_k_data_plus
600713,SHSE.600713,,SH,A股-上交所,2025-03-21,5.01,5.06,4.99,5.01,5.03,10228071,51415498.55,-0.3976,0.785,1,0,none,baostock,query_history_k_data_plus
600713,SHSE.600713,,SH,A股-上交所,2025-03-24,5.01,5.02,4.94,5.01,5.01,11683938,58200409.24,0.0,0.8968,1,0,none,baostock,query_history_k_data_plus
600713,SHSE.600713,,SH,A股-上交所,2025-03-25,5.01,5.09,4.98,5.09,5.01,13485562,67961502.06,1.5968,1.035,1,0,none,baostock,query_history_k_data_plus
600713,SHSE.600713,,SH,A股-上交所,2025-03-26,5.08,5.12,5.06,5.09,5.09,10864771,55242038.54,0.0,0.8339,1,0,none,baostock,query_history_k_data_plus
600713,SHSE.600713,,SH,A股-上交所,2025-03-27,5.08,5.11,5.05,5.1,5.09,8257180,41983282.8,0.1965,0.6337,1,0,none,baostock,query_history_k_data_plus
600713,SHSE.600713,,SH,A股-上交所,2025-03-28,5.09,5.14,5.06,5.07,5.1,12026061,61386179.69,-0.5882,0.923,1,0,none,baostock,query_history_k_data_plus
600713,SHSE.600713,,SH,A股-上交所,2025-03-31,5.03,5.08,4.96,5.01,5.07,11893120,59639402.8,-1.1834,0.9128,1,0,none,baostock,query_history_k_data_plus
600713,SHSE.600713,,SH,A股-上交所,2025-04-01,5.03,5.13,5.01,5.12,5.01,20126479,102667666.21,2.1956,1.5447,1,0,none,baostock,query_history_k_data_plus
600713,SHSE.600713,,SH,A股-上交所,2025-04-02,5.1,5.12,5.07,5.1,5.12,10797131,54972029.01,-0.3906,0.8287,1,0,none,baostock,query_history_k_data_plus
600713,SHSE.600713,,SH,A股-上交所,2025-04-03,5.07,5.14,5.05,5.13,5.1,11732413,59964723.91,0.5882,0.9005,1,0,none,baostock,query_history_k_data_plus
600713,SHSE.600713,,SH,A股-上交所,2025-04-07,4.95,4.97,4.62,4.62,5.13,22790680,108558225.4,-9.9415,1.7492,1,0,none,baostock,query_history_k_data_plus
600713,SHSE.600713,,SH,A股-上交所,2025-04-08,4.68,4.77,4.63,4.76,4.62,20941031,98710572.16,3.0303,1.6072,1,0,none,baostock,query_history_k_data_plus
600713,SHSE.600713,,SH,A股-上交所,2025-04-09,4.68,4.78,4.55,4.76,4.76,19767235,92080617.0,0.0,1.5172,1,0,none,baostock,query_history_k_data_plus
600713,SHSE.600713,,SH,A股-上交所,2025-04-10,4.83,4.84,4.74,4.79,4.76,18705700,89744086.0,0.6303,1.4357,1,0,none,baostock,query_history_k_data_plus
600713,SHSE.600713,,SH,A股-上交所,2025-04-11,4.75,4.81,4.74,4.75,4.79,13175220,62814457.3,-0.8351,1.0112,1,0,none,baostock,query_history_k_data_plus
600713,SHSE.600713,,SH,A股-上交所,2025-04-14,4.77,4.82,4.75,4.8,4.75,14206581,68016910.97,1.0526,1.0904,1,0,none,baostock,query_history_k_data_plus
600713,SHSE.600713,,SH,A股-上交所,2025-04-15,4.81,4.84,4.77,4.84,4.8,11167200,53729258.4,0.8333,0.8571,1,0,none,baostock,query_history_k_data_plus
600713,SHSE.600713,,SH,A股-上交所,2025-04-16,4.83,4.87,4.75,4.86,4.84,13951601,67171244.84,0.4132,1.0708,1,0,none,baostock,query_history_k_data_plus
600713,SHSE.600713,,SH,A股-上交所,2025-04-17,4.83,4.95,4.82,4.95,4.86,16549300,81307236.0,1.8519,1.2702,1,0,none,baostock,query_history_k_data_plus
600713,SHSE.600713,,SH,A股-上交所,2025-04-18,4.94,4.98,4.92,4.97,4.95,10240900,50705116.0,0.404,0.786,1,0,none,baostock,query_history_k_data_plus
600713,SHSE.600713,,SH,A股-上交所,2025-04-21,4.96,4.99,4.93,4.95,4.97,10103600,49997081.0,-0.4024,0.7755,1,0,none,baostock,query_history_k_data_plus
600713,SHSE.600713,,SH,A股-上交所,2025-04-22,4.93,5.08,4.93,5.06,4.95,15986750,80044746.6,2.2222,1.227,1,0,none,baostock,query_history_k_data_plus
600713,SHSE.600713,,SH,A股-上交所,2025-04-23,5.06,5.09,4.95,4.99,5.06,14000400,70099258.0,-1.3834,1.0745,1,0,none,baostock,query_history_k_data_plus
600713,SHSE.600713,,SH,A股-上交所,2025-04-24,5.0,5.06,4.99,5.04,4.99,10021110,50404364.3,1.002,0.7691,1,0,none,baostock,query_history_k_data_plus
600713,SHSE.600713,,SH,A股-上交所,2025-04-25,5.04,5.07,5.02,5.03,5.04,6809700,34308317.0,-0.1984,0.5227,1,0,none,baostock,query_history_k_data_plus
600713,SHSE.600713,,SH,A股-上交所,2025-04-28,5.04,5.04,4.98,5.0,5.03,7517900,37659873.0,-0.5964,0.577,1,0,none,baostock,query_history_k_data_plus
600713,SHSE.600713,,SH,A股-上交所,2025-04-29,4.99,5.05,4.98,5.04,5.0,7617900,38328993.4,0.8,0.5847,1,0,none,baostock,query_history_k_data_plus
600713,SHSE.600713,,SH,A股-上交所,2025-04-30,5.09,5.24,5.08,5.21,5.04,25842641,133750365.37,3.373,1.9835,1,0,none,baostock,query_history_k_data_plus
600713,SHSE.600713,,SH,A股-上交所,2025-05-06,5.2,5.21,5.1,5.14,5.21,21245501,108989918.14,-1.3436,1.6306,1,0,none,baostock,query_history_k_data_plus
600713,SHSE.600713,,SH,A股-上交所,2025-05-07,5.15,5.18,5.1,5.14,5.14,14326897,73667361.65,0.0,1.0996,1,0,none,baostock,query_history_k_data_plus
600713,SHSE.600713,,SH,A股-上交所,2025-05-08,5.12,5.23,5.08,5.17,5.14,17064870,87672498.3,0.5837,1.3097,1,0,none,baostock,query_history_k_data_plus
600713,SHSE.600713,,SH,A股-上交所,2025-05-09,5.16,5.18,5.11,5.12,5.17,10828100,55662145.0,-0.9671,0.8311,1,0,none,baostock,query_history_k_data_plus
600713,SHSE.600713,,SH,A股-上交所,2025-05-12,5.12,5.14,5.1,5.13,5.12,10995486,56306324.32,0.1953,0.8439,1,0,none,baostock,query_history_k_data_plus
600713,SHSE.600713,,SH,A股-上交所,2025-05-13,5.14,5.17,5.12,5.15,5.13,7702018,39644364.62,0.3899,0.5911,1,0,none,baostock,query_history_k_data_plus
600713,SHSE.600713,,SH,A股-上交所,2025-05-14,5.16,5.16,5.09,5.14,5.15,7322900,37523422.0,-0.1942,0.562,1,0,none,baostock,query_history_k_data_plus
600713,SHSE.600713,,SH,A股-上交所,2025-05-15,5.14,5.18,5.13,5.16,5.14,8775600,45265467.0,0.3891,0.6735,1,0,none,baostock,query_history_k_data_plus
600713,SHSE.600713,,SH,A股-上交所,2025-05-16,5.17,5.17,5.12,5.14,5.16,6122900,31497203.0,-0.3876,0.4699,1,0,none,baostock,query_history_k_data_plus
600713,SHSE.600713,,SH,A股-上交所,2025-05-19,5.15,5.18,5.12,5.16,5.14,6804260,35087115.81,0.3891,0.5222,1,0,none,baostock,query_history_k_data_plus
600713,SHSE.600713,,SH,A股-上交所,2025-05-20,5.16,5.19,5.15,5.18,5.16,7697150,39835946.01,0.3876,0.5908,1,0,none,baostock,query_history_k_data_plus
600713,SHSE.600713,,SH,A股-上交所,2025-05-21,5.19,5.24,5.17,5.19,5.18,8836300,45967897.0,0.1931,0.6782,1,0,none,baostock,query_history_k_data_plus
600713,SHSE.600713,,SH,A股-上交所,2025-05-22,5.17,5.18,5.1,5.12,5.19,9124700,46840458.0,-1.3487,0.7003,1,0,none,baostock,query_history_k_data_plus
600713,SHSE.600713,,SH,A股-上交所,2025-05-23,5.11,5.17,5.09,5.1,5.12,9255950,47561182.5,-0.3906,0.7104,1,0,none,baostock,query_history_k_data_plus
600713,SHSE.600713,,SH,A股-上交所,2025-05-26,5.1,5.12,5.02,5.04,5.1,10138300,51215463.0,-1.1765,0.7781,1,0,none,baostock,query_history_k_data_plus
600713,SHSE.600713,,SH,A股-上交所,2025-05-27,5.05,5.09,5.03,5.07,5.04,7860004,39745886.96,0.5952,0.6033,1,0,none,baostock,query_history_k_data_plus
600713,SHSE.600713,,SH,A股-上交所,2025-05-28,5.09,5.1,5.04,5.07,5.07,6443580,32671084.8,0.0,0.4946,1,0,none,baostock,query_history_k_data_plus
600713,SHSE.600713,,SH,A股-上交所,2025-05-29,5.07,5.12,5.04,5.11,5.07,7776684,39630554.8,0.789,0.5969,1,0,none,baostock,query_history_k_data_plus
600713,SHSE.600713,,SH,A股-上交所,2025-05-30,5.08,5.18,5.08,5.17,5.11,11312300,58307336.0,1.1742,0.8682,1,0,none,baostock,query_history_k_data_plus
600713,SHSE.600713,,SH,A股-上交所,2025-06-03,5.13,5.25,5.13,5.24,5.17,14631780,76193241.4,1.354,1.123,1,0,none,baostock,query_history_k_data_plus
600713,SHSE.600713,,SH,A股-上交所,2025-06-04,5.25,5.26,5.2,5.24,5.24,10523078,55013238.16,0.0,0.8177,1,0,none,baostock,query_history_k_data_plus
600713,SHSE.600713,,SH,A股-上交所,2025-06-05,5.24,5.27,5.15,5.18,5.24,11092740,57681915.25,-1.145,0.862,1,0,none,baostock,query_history_k_data_plus
600713,SHSE.600713,,SH,A股-上交所,2025-06-06,5.2,5.23,5.15,5.19,5.18,7699835,39909363.3,0.1931,0.5983,1,0,none,baostock,query_history_k_data_plus
600713,SHSE.600713,,SH,A股-上交所,2025-06-09,5.2,5.26,5.19,5.25,5.19,10954967,57272847.1,1.1561,0.8513,1,0,none,baostock,query_history_k_data_plus
600713,SHSE.600713,,SH,A股-上交所,2025-06-10,5.26,5.28,5.19,5.24,5.25,10821937,56741808.9,-0.1905,0.8409,1,0,none,baostock,query_history_k_data_plus
600713,SHSE.600713,,SH,A股-上交所,2025-06-11,5.24,5.3,5.23,5.25,5.24,9648600,50755388.81,0.1908,0.7498,1,0,none,baostock,query_history_k_data_plus
600713,SHSE.600713,,SH,A股-上交所,2025-06-12,5.23,5.27,5.21,5.24,5.25,6338000,33195300.0,-0.1905,0.4925,1,0,none,baostock,query_history_k_data_plus
600713,SHSE.600713,,SH,A股-上交所,2025-06-13,5.2,5.26,5.17,5.17,5.24,9900201,51477682.96,-1.3359,0.7693,1,0,none,baostock,query_history_k_data_plus
600713,SHSE.600713,,SH,A股-上交所,2025-06-16,5.18,5.23,5.16,5.18,5.17,12150611,63198077.88,0.1934,0.9442,1,0,none,baostock,query_history_k_data_plus
600713,SHSE.600713,,SH,A股-上交所,2025-06-17,5.2,5.36,5.19,5.22,5.18,17995900,94611374.4,0.7722,1.3984,1,0,none,baostock,query_history_k_data_plus
600713,SHSE.600713,,SH,A股-上交所,2025-06-18,5.2,5.21,5.08,5.09,5.22,12977101,66476385.09,-2.4904,1.0084,1,0,none,baostock,query_history_k_data_plus
600713,SHSE.600713,,SH,A股-上交所,2025-06-19,5.1,5.11,5.03,5.05,5.09,8060700,40829843.0,-0.7859,0.6264,1,0,none,baostock,query_history_k_data_plus
600713,SHSE.600713,,SH,A股-上交所,2025-06-20,5.04,5.08,4.98,5.05,5.05,8828300,44558258.0,0.0,0.686,1,0,none,baostock,query_history_k_data_plus
600713,SHSE.600713,,SH,A股-上交所,2025-06-23,5.03,5.13,5.01,5.09,5.05,6980100,35398592.0,0.7921,0.5424,1,0,none,baostock,query_history_k_data_plus
600713,SHSE.600713,,SH,A股-上交所,2025-06-24,5.1,5.18,5.05,5.17,5.09,10133653,52000108.94,1.5717,0.7875,1,0,none,baostock,query_history_k_data_plus
600713,SHSE.600713,,SH,A股-上交所,2025-06-25,5.16,5.22,5.15,5.21,5.17,8062985,41802006.85,0.7737,0.6265,1,0,none,baostock,query_history_k_data_plus
600713,SHSE.600713,,SH,A股-上交所,2025-06-26,5.21,5.21,5.16,5.17,5.21,6480490,33572942.4,-0.7678,0.5036,1,0,none,baostock,query_history_k_data_plus
600713,SHSE.600713,,SH,A股-上交所,2025-06-27,5.17,5.25,5.17,5.21,5.17,10423450,54380750.0,0.7737,0.81,1,0,none,baostock,query_history_k_data_plus
600713,SHSE.600713,,SH,A股-上交所,2025-06-30,5.07,5.1,5.04,5.06,5.04,9880621,49975779.2,0.3968,0.7678,1,0,none,baostock,query_history_k_data_plus
600713,SHSE.600713,,SH,A股-上交所,2025-07-01,5.06,5.12,5.06,5.1,5.06,11066311,56347303.69,0.7905,0.8599,1,0,none,baostock,query_history_k_data_plus
600713,SHSE.600713,,SH,A股-上交所,2025-07-02,5.1,5.15,5.08,5.14,5.1,11057038,56613315.94,0.7843,0.8592,1,0,none,baostock,query_history_k_data_plus
600713,SHSE.600713,,SH,A股-上交所,2025-07-03,5.12,5.18,5.12,5.17,5.14,9651700,49838464.0,0.5837,0.75,1,0,none,baostock,query_history_k_data_plus
600713,SHSE.600713,,SH,A股-上交所,2025-07-04,5.18,5.19,5.15,5.17,5.17,8772526,45350914.26,0.0,0.6817,1,0,none,baostock,query_history_k_data_plus
600713,SHSE.600713,,SH,A股-上交所,2025-07-07,5.17,5.2,5.16,5.19,5.17,8638986,44751281.47,0.3868,0.6713,1,0,none,baostock,query_history_k_data_plus
600713,SHSE.600713,,SH,A股-上交所,2025-07-08,5.19,5.22,5.15,5.19,5.19,10133602,52520999.34,0.0,0.7874,1,0,none,baostock,query_history_k_data_plus
600713,SHSE.600713,,SH,A股-上交所,2025-07-09,5.19,5.23,5.17,5.19,5.19,8021562,41741815.8,0.0,0.6233,1,0,none,baostock,query_history_k_data_plus
600713,SHSE.600713,,SH,A股-上交所,2025-07-10,5.2,5.24,5.19,5.24,5.19,7523610,39293208.83,0.9634,0.5846,1,0,none,baostock,query_history_k_data_plus
600713,SHSE.600713,,SH,A股-上交所,2025-07-11,5.24,5.25,5.2,5.24,5.24,11327706,59273558.01,0.0,0.8802,1,0,none,baostock,query_history_k_data_plus
600713,SHSE.600713,,SH,A股-上交所,2025-07-14,5.24,5.31,5.23,5.29,5.24,12118305,63993641.61,0.9542,0.9417,1,0,none,baostock,query_history_k_data_plus
600713,SHSE.600713,,SH,A股-上交所,2025-07-15,5.29,5.3,5.18,5.22,5.29,13181715,68838988.5,-1.3233,1.0243,1,0,none,baostock,query_history_k_data_plus
600713,SHSE.600713,,SH,A股-上交所,2025-07-16,5.23,5.3,5.22,5.3,5.22,11434695,60132160.55,1.5326,0.8886,1,0,none,baostock,query_history_k_data_plus
600713,SHSE.600713,,SH,A股-上交所,2025-07-17,5.3,5.34,5.27,5.29,5.3,8254857,43796810.98,-0.1887,0.6415,1,0,none,baostock,query_history_k_data_plus
600713,SHSE.600713,,SH,A股-上交所,2025-07-18,5.3,5.32,5.24,5.29,5.29,8856020,46597564.25,0.0,0.6882,1,0,none,baostock,query_history_k_data_plus
600713,SHSE.600713,,SH,A股-上交所,2025-07-21,5.3,5.34,5.28,5.33,5.29,9978240,53099951.6,0.7561,0.7754,1,0,none,baostock,query_history_k_data_plus
600713,SHSE.600713,,SH,A股-上交所,2025-07-22,5.34,5.35,5.28,5.33,5.33,8085540,42960629.0,0.0,0.6283,1,0,none,baostock,query_history_k_data_plus
600713,SHSE.600713,,SH,A股-上交所,2025-07-23,5.34,5.36,5.31,5.32,5.33,8442500,45088183.0,-0.1876,0.656,1,0,none,baostock,query_history_k_data_plus
600713,SHSE.600713,,SH,A股-上交所,2025-07-24,5.31,5.36,5.31,5.35,5.32,9898439,52810392.81,0.5639,0.7692,1,0,none,baostock,query_history_k_data_plus
600713,SHSE.600713,,SH,A股-上交所,2025-07-25,5.35,5.39,5.33,5.33,5.35,9521400,51048273.0,-0.3738,0.7399,1,0,none,baostock,query_history_k_data_plus
600713,SHSE.600713,,SH,A股-上交所,2025-07-28,5.33,5.39,5.3,5.32,5.33,8609900,45951302.0,-0.1876,0.669,1,0,none,baostock,query_history_k_data_plus
600713,SHSE.600713,,SH,A股-上交所,2025-07-29,5.32,5.33,5.24,5.3,5.32,10154803,53594001.32,-0.3759,0.7891,1,0,none,baostock,query_history_k_data_plus
600713,SHSE.600713,,SH,A股-上交所,2025-07-30,5.28,5.37,5.28,5.31,5.3,14296000,76199689.8,0.1887,1.1109,1,0,none,baostock,query_history_k_data_plus
600713,SHSE.600713,,SH,A股-上交所,2025-07-31,5.29,5.31,5.18,5.2,5.31,14331406,75090596.59,-2.0716,1.1136,1,0,none,baostock,query_history_k_data_plus
600713,SHSE.600713,,SH,A股-上交所,2025-08-01,5.21,5.33,5.2,5.29,5.2,21750842,115019148.39,1.7308,1.6902,1,0,none,baostock,query_history_k_data_plus
600713,SHSE.600713,,SH,A股-上交所,2025-08-04,5.27,5.3,5.2,5.27,5.29,14472567,75902543.09,-0.3781,1.1246,1,0,none,baostock,query_history_k_data_plus
600713,SHSE.600713,,SH,A股-上交所,2025-08-05,5.29,5.32,5.27,5.3,5.27,9898500,52409150.0,0.5693,0.7692,1,0,none,baostock,query_history_k_data_plus
600713,SHSE.600713,,SH,A股-上交所,2025-08-06,5.31,5.32,5.2,5.21,5.3,13543000,70769809.0,-1.6981,1.0524,1,0,none,baostock,query_history_k_data_plus
600713,SHSE.600713,,SH,A股-上交所,2025-08-07,5.22,5.27,5.2,5.21,5.21,11123900,58127979.0,0.0,0.8644,1,0,none,baostock,query_history_k_data_plus
600713,SHSE.600713,,SH,A股-上交所,2025-08-08,5.21,5.25,5.18,5.23,5.21,9905300,51709123.0,0.3839,0.7697,1,0,none,baostock,query_history_k_data_plus
600713,SHSE.600713,,SH,A股-上交所,2025-08-11,5.24,5.28,5.2,5.26,5.23,11426320,59933411.0,0.5736,0.8879,1,0,none,baostock,query_history_k_data_plus
600713,SHSE.600713,,SH,A股-上交所,2025-08-12,5.27,5.3,5.24,5.27,5.26,10262500,54115488.0,0.1901,0.7975,1,0,none,baostock,query_history_k_data_plus
600713,SHSE.600713,,SH,A股-上交所,2025-08-13,5.28,5.28,5.21,5.24,5.27,11399901,59768990.53,-0.5693,0.8858,1,0,none,baostock,query_history_k_data_plus
600713,SHSE.600713,,SH,A股-上交所,2025-08-14,5.25,5.26,5.17,5.17,5.24,12679736,66161066.3,-1.3359,0.9853,1,0,none,baostock,query_history_k_data_plus
600713,SHSE.600713,,SH,A股-上交所,2025-08-15,5.17,5.22,5.16,5.22,5.17,10243600,53224603.0,0.9671,0.796,1,0,none,baostock,query_history_k_data_plus
600713,SHSE.600713,,SH,A股-上交所,2025-08-18,5.21,5.25,5.19,5.22,5.22,12654402,66083050.48,0.0,0.9833,1,0,none,baostock,query_history_k_data_plus
600713,SHSE.600713,,SH,A股-上交所,2025-08-19,5.23,5.29,5.2,5.27,5.22,15347401,80687139.06,0.9579,1.1926,1,0,none,baostock,query_history_k_data_plus
600713,SHSE.600713,,SH,A股-上交所,2025-08-20,5.27,5.3,5.23,5.3,5.27,11573762,61060201.74,0.5693,0.8994,1,0,none,baostock,query_history_k_data_plus
600713,SHSE.600713,,SH,A股-上交所,2025-08-21,5.3,5.43,5.3,5.39,5.3,18102860,96973477.05,1.6981,1.4067,1,0,none,baostock,query_history_k_data_plus
600713,SHSE.600713,,SH,A股-上交所,2025-08-22,5.43,5.45,5.27,5.35,5.39,22729805,121232920.77,-0.7421,1.7662,1,0,none,baostock,query_history_k_data_plus
600713,SHSE.600713,,SH,A股-上交所,2025-08-25,5.33,5.36,5.29,5.34,5.35,15819705,84304500.25,-0.1869,1.2293,1,0,none,baostock,query_history_k_data_plus
600713,SHSE.600713,,SH,A股-上交所,2025-08-26,5.34,5.38,5.32,5.35,5.34,11592153,62093964.32,0.1873,0.9008,1,0,none,baostock,query_history_k_data_plus
600713,SHSE.600713,,SH,A股-上交所,2025-08-27,5.36,5.37,5.22,5.22,5.35,16055963,84968595.03,-2.4299,1.2476,1,0,none,baostock,query_history_k_data_plus
600713,SHSE.600713,,SH,A股-上交所,2025-08-28,5.23,5.26,5.09,5.19,5.22,17784340,92010647.6,-0.5747,1.3819,1,0,none,baostock,query_history_k_data_plus
600713,SHSE.600713,,SH,A股-上交所,2025-08-29,5.19,5.23,5.15,5.16,5.19,12186522,63208190.72,-0.578,0.947,1,0,none,baostock,query_history_k_data_plus
600713,SHSE.600713,,SH,A股-上交所,2025-09-01,5.11,5.11,4.97,5.0,5.16,47534874,237643335.03,-3.1008,3.6937,1,0,none,baostock,query_history_k_data_plus
600713,SHSE.600713,,SH,A股-上交所,2025-09-02,5.0,5.01,4.92,4.95,5.0,25123396,124303243.77,-1.0,1.9522,1,0,none,baostock,query_history_k_data_plus
600713,SHSE.600713,,SH,A股-上交所,2025-09-03,4.96,4.97,4.88,4.9,4.95,16868026,82854286.88,-1.0101,1.3107,1,0,none,baostock,query_history_k_data_plus
600713,SHSE.600713,,SH,A股-上交所,2025-09-04,4.89,4.93,4.88,4.92,4.9,14538569,71354325.2,0.4082,1.1297,1,0,none,baostock,query_history_k_data_plus
600713,SHSE.600713,,SH,A股-上交所,2025-09-05,4.93,4.95,4.88,4.94,4.92,14078410,69153146.7,0.4065,1.094,1,0,none,baostock,query_history_k_data_plus
600713,SHSE.600713,,SH,A股-上交所,2025-09-08,4.94,4.97,4.93,4.97,4.94,15376859,76177910.05,0.6073,1.1949,1,0,none,baostock,query_history_k_data_plus
600713,SHSE.600713,,SH,A股-上交所,2025-09-09,4.97,4.98,4.94,4.97,4.97,11529801,57169894.97,0.0,0.8959,1,0,none,baostock,query_history_k_data_plus
600713,SHSE.600713,,SH,A股-上交所,2025-09-10,4.97,5.02,4.95,5.01,4.97,15615130,77967332.88,0.8048,1.2134,1,0,none,baostock,query_history_k_data_plus
600713,SHSE.600713,,SH,A股-上交所,2025-09-11,5.02,5.04,4.95,5.03,5.01,17660142,88373464.84,0.3992,1.3723,1,0,none,baostock,query_history_k_data_plus
600713,SHSE.600713,,SH,A股-上交所,2025-09-12,5.03,5.11,5.02,5.08,5.03,21745694,110276969.56,0.994,1.6898,1,0,none,baostock,query_history_k_data_plus
600713,SHSE.600713,,SH,A股-上交所,2025-09-15,5.07,5.09,5.0,5.03,5.08,12669200,63842185.0,-0.9843,0.9845,1,0,none,baostock,query_history_k_data_plus
600713,SHSE.600713,,SH,A股-上交所,2025-09-16,5.03,5.06,5.0,5.04,5.03,10894204,54784644.08,0.1988,0.8465,1,0,none,baostock,query_history_k_data_plus
600713,SHSE.600713,,SH,A股-上交所,2025-09-17,5.04,5.07,5.02,5.06,5.04,12155378,61283253.69,0.3968,0.9445,1,0,none,baostock,query_history_k_data_plus
600713,SHSE.600713,,SH,A股-上交所,2025-09-18,5.06,5.08,5.01,5.04,5.06,15669063,79114665.52,-0.3953,1.2176,1,0,none,baostock,query_history_k_data_plus
600713,SHSE.600713,,SH,A股-上交所,2025-09-19,5.03,5.04,4.95,4.97,5.04,11897901,59221396.96,-1.3889,0.9245,1,0,none,baostock,query_history_k_data_plus
600713,SHSE.600713,,SH,A股-上交所,2025-09-22,4.98,5.0,4.92,4.95,4.97,7982002,39519519.88,-0.4024,0.6202,1,0,none,baostock,query_history_k_data_plus
600713,SHSE.600713,,SH,A股-上交所,2025-09-23,4.95,4.95,4.85,4.93,4.95,14078300,68838683.0,-0.404,1.094,1,0,none,baostock,query_history_k_data_plus
600713,SHSE.600713,,SH,A股-上交所,2025-09-24,4.91,4.97,4.88,4.95,4.93,10137771,50090529.74,0.4057,0.7878,1,0,none,baostock,query_history_k_data_plus
600713,SHSE.600713,,SH,A股-上交所,2025-09-25,4.95,4.95,4.88,4.9,4.95,8177000,40161517.0,-1.0101,0.6354,1,0,none,baostock,query_history_k_data_plus
600713,SHSE.600713,,SH,A股-上交所,2025-09-26,4.87,4.91,4.85,4.88,4.9,9719751,47407124.37,-0.4082,0.7553,1,0,none,baostock,query_history_k_data_plus
600713,SHSE.600713,,SH,A股-上交所,2025-09-29,4.99,5.05,4.91,4.96,4.88,21279569,105588118.21,1.6393,1.6535,1,0,none,baostock,query_history_k_data_plus
600713,SHSE.600713,,SH,A股-上交所,2025-09-30,4.94,4.98,4.93,4.94,4.96,11911100,58993598.0,-0.4032,0.9256,1,0,none,baostock,query_history_k_data_plus
600713,SHSE.600713,,SH,A股-上交所,2025-10-09,4.96,4.96,4.9,4.96,4.94,13455700,66386253.0,0.4049,1.0456,1,0,none,baostock,query_history_k_data_plus
600713,SHSE.600713,,SH,A股-上交所,2025-10-10,4.96,5.03,4.94,5.02,4.96,18906477,94545765.12,1.2097,1.4691,1,0,none,baostock,query_history_k_data_plus
600713,SHSE.600713,,SH,A股-上交所,2025-10-13,4.95,5.01,4.91,4.99,5.02,17553600,86697985.0,-0.5976,1.364,1,0,none,baostock,query_history_k_data_plus
600713,SHSE.600713,,SH,A股-上交所,2025-10-14,4.97,5.02,4.97,5.01,4.99,15301676,76519235.0,0.4008,1.189,1,0,none,baostock,query_history_k_data_plus
600713,SHSE.600713,,SH,A股-上交所,2025-10-15,5.01,5.05,4.99,5.03,5.01,10805456,54299210.68,0.3992,0.8396,1,0,none,baostock,query_history_k_data_plus
600713,SHSE.600713,,SH,A股-上交所,2025-10-16,5.03,5.04,5.0,5.02,5.03,6139872,30810857.28,-0.1988,0.4771,1,0,none,baostock,query_history_k_data_plus
600713,SHSE.600713,,SH,A股-上交所,2025-10-17,5.01,5.03,4.97,4.97,5.02,8007353,40046214.94,-0.996,0.6222,1,0,none,baostock,query_history_k_data_plus
600713,SHSE.600713,,SH,A股-上交所,2025-10-20,4.99,5.01,4.95,5.01,4.97,8844201,44031737.0,0.8048,0.6872,1,0,none,baostock,query_history_k_data_plus
600713,SHSE.600713,,SH,A股-上交所,2025-10-21,5.0,5.06,4.99,5.06,5.01,12579974,63392174.5,0.998,0.9775,1,0,none,baostock,query_history_k_data_plus
600713,SHSE.600713,,SH,A股-上交所,2025-10-22,5.06,5.12,5.04,5.11,5.06,16267186,82871521.56,0.9881,1.2641,1,0,none,baostock,query_history_k_data_plus
600713,SHSE.600713,,SH,A股-上交所,2025-10-23,5.11,5.13,5.08,5.12,5.11,12357101,63122726.1,0.1957,0.9602,1,0,none,baostock,query_history_k_data_plus
600713,SHSE.600713,,SH,A股-上交所,2025-10-24,5.12,5.13,5.08,5.11,5.12,11614299,59322443.89,-0.1953,0.9025,1,0,none,baostock,query_history_k_data_plus
600713,SHSE.600713,,SH,A股-上交所,2025-10-27,5.12,5.14,5.06,5.1,5.11,10964200,55885537.0,-0.1957,0.852,1,0,none,baostock,query_history_k_data_plus
600713,SHSE.600713,,SH,A股-上交所,2025-10-28,5.12,5.13,5.07,5.09,5.1,6429900,32785769.0,-0.1961,0.4996,1,0,none,baostock,query_history_k_data_plus
600713,SHSE.600713,,SH,A股-上交所,2025-10-29,5.09,5.1,5.04,5.07,5.09,8813903,44609872.16,-0.3929,0.6849,1,0,none,baostock,query_history_k_data_plus
600713,SHSE.600713,,SH,A股-上交所,2025-10-30,5.06,5.1,5.04,5.05,5.07,8619700,43728179.6,-0.3945,0.6698,1,0,none,baostock,query_history_k_data_plus
600713,SHSE.600713,,SH,A股-上交所,2025-10-31,5.05,5.07,5.03,5.06,5.05,10137814,51206099.66,0.198,0.7878,1,0,none,baostock,query_history_k_data_plus
600713,SHSE.600713,,SH,A股-上交所,2025-11-03,5.07,5.11,5.05,5.09,5.06,11938100,60704448.0,0.5929,0.9277,1,0,none,baostock,query_history_k_data_plus
600713,SHSE.600713,,SH,A股-上交所,2025-11-04,5.09,5.09,5.05,5.08,5.09,7540100,38285471.0,-0.1965,0.5859,1,0,none,baostock,query_history_k_data_plus
600713,SHSE.600713,,SH,A股-上交所,2025-11-05,5.07,5.12,5.06,5.1,5.08,10203244,52030892.0,0.3937,0.7929,1,0,none,baostock,query_history_k_data_plus
600713,SHSE.600713,,SH,A股-上交所,2025-11-06,5.11,5.15,5.08,5.13,5.1,13305480,68061541.8,0.5882,1.0339,1,0,none,baostock,query_history_k_data_plus
600713,SHSE.600713,,SH,A股-上交所,2025-11-07,5.12,5.17,5.11,5.15,5.13,11246900,57915978.0,0.3899,0.8739,1,0,none,baostock,query_history_k_data_plus
600713,SHSE.600713,,SH,A股-上交所,2025-11-10,5.15,5.2,5.13,5.2,5.15,12070703,62438827.85,0.9709,0.938,1,0,none,baostock,query_history_k_data_plus
600713,SHSE.600713,,SH,A股-上交所,2025-11-11,5.2,5.23,5.15,5.22,5.2,11405264,59310466.55,0.3846,0.8863,1,0,none,baostock,query_history_k_data_plus
600713,SHSE.600713,,SH,A股-上交所,2025-11-12,5.22,5.32,5.21,5.25,5.22,19663690,103421080.2,0.5747,1.528,1,0,none,baostock,query_history_k_data_plus
600713,SHSE.600713,,SH,A股-上交所,2025-11-13,5.25,5.26,5.21,5.25,5.25,11938500,62492093.0,0.0,0.9277,1,0,none,baostock,query_history_k_data_plus
600713,SHSE.600713,,SH,A股-上交所,2025-11-14,5.23,5.38,5.23,5.33,5.25,24921151,132708651.95,1.5238,1.9365,1,0,none,baostock,query_history_k_data_plus
600713,SHSE.600713,,SH,A股-上交所,2025-11-17,5.34,5.37,5.25,5.26,5.33,19433001,102853921.25,-1.3133,1.5101,1,0,none,baostock,query_history_k_data_plus
600713,SHSE.600713,,SH,A股-上交所,2025-11-18,5.28,5.31,5.18,5.21,5.26,11532500,60244159.0,-0.9506,0.8961,1,0,none,baostock,query_history_k_data_plus
600713,SHSE.600713,,SH,A股-上交所,2025-11-19,5.2,5.2,5.12,5.15,5.21,10156373,52333750.95,-1.1516,0.7892,1,0,none,baostock,query_history_k_data_plus
600713,SHSE.600713,,SH,A股-上交所,2025-11-20,5.15,5.17,5.08,5.13,5.15,13525195,69333879.4,-0.3883,1.051,1,0,none,baostock,query_history_k_data_plus
600713,SHSE.600713,,SH,A股-上交所,2025-11-21,5.1,5.12,4.96,4.97,5.13,16989395,85492385.25,-3.1189,1.3202,1,0,none,baostock,query_history_k_data_plus
600713,SHSE.600713,,SH,A股-上交所,2025-11-24,4.99,5.01,4.95,4.96,4.97,10195802,50839956.96,-0.2012,0.7923,1,0,none,baostock,query_history_k_data_plus
600713,SHSE.600713,,SH,A股-上交所,2025-11-25,4.97,5.02,4.95,4.96,4.96,11631581,58011338.0,0.0,0.9038,1,0,none,baostock,query_history_k_data_plus
600713,SHSE.600713,,SH,A股-上交所,2025-11-26,4.97,5.18,4.97,5.12,4.96,25035927,127826224.43,3.2258,1.9454,1,0,none,baostock,query_history_k_data_plus
600713,SHSE.600713,,SH,A股-上交所,2025-11-27,5.1,5.11,5.01,5.04,5.12,15238742,76911392.68,-1.5625,1.1841,1,0,none,baostock,query_history_k_data_plus
600713,SHSE.600713,,SH,A股-上交所,2025-11-28,5.04,5.06,5.0,5.06,5.04,9138021,45959627.04,0.3968,0.7099,1,0,none,baostock,query_history_k_data_plus
600713,SHSE.600713,,SH,A股-上交所,2025-12-01,5.05,5.11,5.03,5.09,5.06,12813620,65081696.8,0.5929,0.9954,1,0,none,baostock,query_history_k_data_plus
600713,SHSE.600713,,SH,A股-上交所,2025-12-02,5.08,5.17,5.06,5.17,5.09,18552968,95363039.92,1.5717,1.4412,1,0,none,baostock,query_history_k_data_plus
600713,SHSE.600713,,SH,A股-上交所,2025-12-03,5.17,5.28,5.13,5.22,5.17,24353942,127043644.42,0.9671,1.8919,1,0,none,baostock,query_history_k_data_plus
600713,SHSE.600713,,SH,A股-上交所,2025-12-04,5.2,5.24,5.15,5.19,5.22,16547507,85879625.53,-0.5747,1.2854,1,0,none,baostock,query_history_k_data_plus
600713,SHSE.600713,,SH,A股-上交所,2025-12-05,5.17,5.23,5.13,5.22,5.19,13163900,68206357.39,0.578,1.0226,1,0,none,baostock,query_history_k_data_plus
600713,SHSE.600713,,SH,A股-上交所,2025-12-08,5.24,5.24,5.15,5.18,5.22,20013600,103886977.0,-0.7663,1.5547,1,0,none,baostock,query_history_k_data_plus
600713,SHSE.600713,,SH,A股-上交所,2025-12-09,5.18,5.22,5.11,5.13,5.18,14473700,74647910.0,-0.9653,1.1243,1,0,none,baostock,query_history_k_data_plus
600713,SHSE.600713,,SH,A股-上交所,2025-12-10,5.13,5.39,5.12,5.31,5.13,38522858,202829799.5,3.5088,2.9925,1,0,none,baostock,query_history_k_data_plus
600713,SHSE.600713,,SH,A股-上交所,2025-12-11,5.24,5.32,5.15,5.19,5.31,31686100,165835872.0,-2.2599,2.4651,1,0,none,baostock,query_history_k_data_plus
600713,SHSE.600713,,SH,A股-上交所,2025-12-12,5.18,5.2,5.03,5.07,5.19,33195800,168659644.0,-2.3121,2.5826,1,0,none,baostock,query_history_k_data_plus
600713,SHSE.600713,,SH,A股-上交所,2025-12-15,5.05,5.25,5.01,5.17,5.07,26639095,136985865.2,1.9724,2.0725,1,0,none,baostock,query_history_k_data_plus
600713,SHSE.600713,,SH,A股-上交所,2025-12-16,5.18,5.18,5.09,5.14,5.17,16343221,83986833.33,-0.5803,1.2715,1,0,none,baostock,query_history_k_data_plus
600713,SHSE.600713,,SH,A股-上交所,2025-12-17,5.13,5.33,5.11,5.27,5.14,30322910,159208039.0,2.5292,2.3591,1,0,none,baostock,query_history_k_data_plus
600713,SHSE.600713,,SH,A股-上交所,2025-12-18,5.24,5.47,5.24,5.43,5.27,62150544,334498993.1,3.0361,4.8352,1,0,none,baostock,query_history_k_data_plus
600713,SHSE.600713,,SH,A股-上交所,2025-12-19,5.49,5.5,5.35,5.43,5.43,53672640,291174499.99,0.0,4.1757,1,0,none,baostock,query_history_k_data_plus
600713,SHSE.600713,,SH,A股-上交所,2025-12-22,5.41,5.43,5.32,5.38,5.43,30020508,160853868.29,-0.9208,2.3356,1,0,none,baostock,query_history_k_data_plus
600713,SHSE.600713,,SH,A股-上交所,2025-12-23,5.34,5.42,5.28,5.38,5.38,31635896,169707623.26,0.0,2.4612,1,0,none,baostock,query_history_k_data_plus
600713,SHSE.600713,,SH,A股-上交所,2025-12-24,5.36,5.4,5.29,5.34,5.38,20594940,109953058.4,-0.7435,1.6023,1,0,none,baostock,query_history_k_data_plus
600713,SHSE.600713,,SH,A股-上交所,2025-12-25,5.34,5.38,5.3,5.37,5.34,16257240,86887607.8,0.5618,1.2648,1,0,none,baostock,query_history_k_data_plus
600713,SHSE.600713,,SH,A股-上交所,2025-12-26,5.35,5.63,5.34,5.53,5.37,48043394,265041209.06,2.9795,3.7377,1,0,none,baostock,query_history_k_data_plus
600713,SHSE.600713,,SH,A股-上交所,2025-12-29,5.53,5.53,5.4,5.45,5.53,27379679,149071324.96,-1.4467,2.1301,1,0,none,baostock,query_history_k_data_plus
600713,SHSE.600713,,SH,A股-上交所,2025-12-30,5.45,5.48,5.27,5.38,5.45,25290721,136034315.18,-1.2844,1.9676,1,0,none,baostock,query_history_k_data_plus
600713,SHSE.600713,,SH,A股-上交所,2025-12-31,5.45,5.55,5.33,5.46,5.38,19784538,107479319.22,1.487,1.5392,1,0,none,baostock,query_history_k_data_plus
600713,SHSE.600713,,SH,A股-上交所,2026-01-05,5.49,5.69,5.43,5.52,5.46,36001880,198980965.8,1.0989,2.8009,1,0,none,baostock,query_history_k_data_plus
600713,SHSE.600713,,SH,A股-上交所,2026-01-06,5.52,5.67,5.47,5.6,5.52,30707243,171378000.34,1.4493,2.389,1,0,none,baostock,query_history_k_data_plus
600713,SHSE.600713,,SH,A股-上交所,2026-01-07,5.57,5.59,5.44,5.5,5.6,23198405,127549225.85,-1.7857,1.8048,1,0,none,baostock,query_history_k_data_plus
600713,SHSE.600713,,SH,A股-上交所,2026-01-08,5.48,5.54,5.45,5.49,5.5,15314701,84102934.46,-0.1818,1.1915,1,0,none,baostock,query_history_k_data_plus
600713,SHSE.600713,,SH,A股-上交所,2026-01-09,5.48,5.57,5.43,5.52,5.49,22912315,125956920.4,0.5464,1.7826,1,0,none,baostock,query_history_k_data_plus
600713,SHSE.600713,,SH,A股-上交所,2026-01-12,5.5,5.52,5.4,5.43,5.52,28424880,154391743.8,-1.6304,2.2114,1,0,none,baostock,query_history_k_data_plus
600713,SHSE.600713,,SH,A股-上交所,2026-01-13,5.41,5.57,5.41,5.54,5.43,37995843,209228762.05,2.0258,2.956,1,0,none,baostock,query_history_k_data_plus
600713,SHSE.600713,,SH,A股-上交所,2026-01-14,5.53,5.79,5.46,5.64,5.54,66124106,372728403.97,1.8051,5.1444,1,0,none,baostock,query_history_k_data_plus
600713,SHSE.600713,,SH,A股-上交所,2026-01-15,5.61,5.65,5.49,5.53,5.64,28375905,158040736.55,-1.9504,2.2076,1,0,none,baostock,query_history_k_data_plus
600713,SHSE.600713,,SH,A股-上交所,2026-01-16,5.56,5.57,5.37,5.48,5.53,27970249,152703711.03,-0.9042,2.1761,1,0,none,baostock,query_history_k_data_plus
600713,SHSE.600713,,SH,A股-上交所,2026-01-19,5.44,5.53,5.42,5.52,5.48,19311026,105794819.57,0.7299,1.5024,1,0,none,baostock,query_history_k_data_plus
600713,SHSE.600713,,SH,A股-上交所,2026-01-20,5.52,5.52,5.41,5.48,5.52,20413664,111464731.8,-0.7246,1.5882,1,0,none,baostock,query_history_k_data_plus
600713,SHSE.600713,,SH,A股-上交所,2026-01-21,5.45,5.5,5.41,5.43,5.48,14173204,77169045.8,-0.9124,1.1027,1,0,none,baostock,query_history_k_data_plus
600713,SHSE.600713,,SH,A股-上交所,2026-01-22,5.44,5.54,5.4,5.54,5.43,22347682,122318202.5,2.0258,1.7386,1,0,none,baostock,query_history_k_data_plus
600713,SHSE.600713,,SH,A股-上交所,2026-01-23,5.55,5.72,5.55,5.67,5.54,39085020,220847175.8,2.3466,3.0408,1,0,none,baostock,query_history_k_data_plus
600713,SHSE.600713,,SH,A股-上交所,2026-01-26,5.66,5.7,5.6,5.69,5.67,28326250,160062002.69,0.3527,2.2038,1,0,none,baostock,query_history_k_data_plus
600713,SHSE.600713,,SH,A股-上交所,2026-01-27,5.68,5.69,5.46,5.53,5.69,25469000,140734413.0,-2.812,1.9815,1,0,none,baostock,query_history_k_data_plus
600713,SHSE.600713,,SH,A股-上交所,2026-01-28,5.51,5.52,5.43,5.49,5.53,14831364,81273434.72,-0.7233,1.1539,1,0,none,baostock,query_history_k_data_plus
600713,SHSE.600713,,SH,A股-上交所,2026-01-29,5.48,5.5,5.43,5.45,5.49,12399500,67738549.0,-0.7286,0.9647,1,0,none,baostock,query_history_k_data_plus
600713,SHSE.600713,,SH,A股-上交所,2026-01-30,5.43,5.59,5.43,5.53,5.45,23385930,129493620.69,1.4679,1.8131,1,0,none,baostock,query_history_k_data_plus
600713,SHSE.600713,,SH,A股-上交所,2026-02-02,5.51,5.53,5.41,5.41,5.53,18965542,103657358.42,-2.17,1.4704,1,0,none,baostock,query_history_k_data_plus
600713,SHSE.600713,,SH,A股-上交所,2026-02-03,5.42,5.46,5.3,5.43,5.41,18288300,98778525.0,0.3697,1.4179,1,0,none,baostock,query_history_k_data_plus
600713,SHSE.600713,,SH,A股-上交所,2026-02-04,5.41,5.58,5.39,5.54,5.43,18698480,102716918.2,2.0258,1.4497,1,0,none,baostock,query_history_k_data_plus
600713,SHSE.600713,,SH,A股-上交所,2026-02-05,5.54,5.58,5.5,5.53,5.54,11600077,64244454.83,-0.1805,0.8993,1,0,none,baostock,query_history_k_data_plus
600713,SHSE.600713,,SH,A股-上交所,2026-02-06,5.52,5.65,5.52,5.55,5.53,16423791,91552967.06,0.3617,1.2733,1,0,none,baostock,query_history_k_data_plus
600713,SHSE.600713,,SH,A股-上交所,2026-02-09,5.57,5.6,5.54,5.59,5.55,11138322,61988804.12,0.7207,0.8635,1,0,none,baostock,query_history_k_data_plus
600713,SHSE.600713,,SH,A股-上交所,2026-02-10,5.59,5.61,5.54,5.6,5.59,11444600,63813968.0,0.1789,0.8873,1,0,none,baostock,query_history_k_data_plus
600713,SHSE.600713,,SH,A股-上交所,2026-02-11,5.6,5.61,5.54,5.57,5.6,8983856,49933831.36,-0.5357,0.6965,1,0,none,baostock,query_history_k_data_plus
600713,SHSE.600713,,SH,A股-上交所,2026-02-12,5.58,5.58,5.46,5.48,5.57,15865651,87343504.29,-1.6158,1.23,1,0,none,baostock,query_history_k_data_plus
600713,SHSE.600713,,SH,A股-上交所,2026-02-13,5.48,5.5,5.42,5.43,5.48,7120900,38900404.0,-0.9124,0.5521,1,0,none,baostock,query_history_k_data_plus
600713,SHSE.600713,,SH,A股-上交所,2026-02-24,5.48,5.5,5.45,5.47,5.43,10864641,59442276.66,0.7366,0.8423,1,0,none,baostock,query_history_k_data_plus
600713,SHSE.600713,,SH,A股-上交所,2026-02-25,5.47,5.56,5.45,5.54,5.47,13461691,74447931.99,1.2797,1.0437,1,0,none,baostock,query_history_k_data_plus
600713,SHSE.600713,,SH,A股-上交所,2026-02-26,5.56,5.56,5.47,5.5,5.54,12540300,68938042.0,-0.722,0.9722,1,0,none,baostock,query_history_k_data_plus
600713,SHSE.600713,,SH,A股-上交所,2026-02-27,5.5,5.53,5.46,5.52,5.5,7695660,42311663.2,0.3636,0.5966,1,0,none,baostock,query_history_k_data_plus
600713,SHSE.600713,,SH,A股-上交所,2026-03-02,5.5,5.51,5.38,5.46,5.52,13182491,71916999.27,-1.087,1.022,1,0,none,baostock,query_history_k_data_plus
600713,SHSE.600713,,SH,A股-上交所,2026-03-03,5.44,5.5,5.36,5.38,5.46,15878707,86022546.18,-1.4652,1.2311,1,0,none,baostock,query_history_k_data_plus
600713,SHSE.600713,,SH,A股-上交所,2026-03-04,5.34,5.36,5.22,5.25,5.38,14250676,75304699.76,-2.4164,1.1048,1,0,none,baostock,query_history_k_data_plus
600713,SHSE.600713,,SH,A股-上交所,2026-03-05,5.29,5.32,5.25,5.28,5.25,7642685,40401737.65,0.5714,0.5925,1,0,none,baostock,query_history_k_data_plus
600713,SHSE.600713,,SH,A股-上交所,2026-03-06,5.25,5.38,5.25,5.37,5.28,9657900,51518432.0,1.7045,0.7488,1,0,none,baostock,query_history_k_data_plus
600713,SHSE.600713,,SH,A股-上交所,2026-03-09,5.34,5.38,5.29,5.35,5.37,11067095,59105162.25,-0.3724,0.858,1,0,none,baostock,query_history_k_data_plus
600713,SHSE.600713,,SH,A股-上交所,2026-03-10,5.36,5.38,5.32,5.35,5.35,6901441,36881265.94,0.0,0.5351,1,0,none,baostock,query_history_k_data_plus
600713,SHSE.600713,,SH,A股-上交所,2026-03-11,5.35,5.38,5.3,5.36,5.35,6133224,32737312.9,0.1869,0.4755,1,0,none,baostock,query_history_k_data_plus
600713,SHSE.600713,,SH,A股-上交所,2026-03-12,5.36,5.44,5.35,5.39,5.36,8859774,47839022.96,0.5597,0.6869,1,0,none,baostock,query_history_k_data_plus
600713,SHSE.600713,,SH,A股-上交所,2026-03-13,5.39,5.47,5.37,5.43,5.39,9802289,53229714.07,0.7421,0.76,1,0,none,baostock,query_history_k_data_plus
600713,SHSE.600713,,SH,A股-上交所,2026-03-16,5.44,5.46,5.33,5.36,5.43,9425300,50659654.0,-1.2891,0.7307,1,0,none,baostock,query_history_k_data_plus
600713,SHSE.600713,,SH,A股-上交所,2026-03-17,5.35,5.44,5.34,5.36,5.36,8683700,46830703.0,0.0,0.6732,1,0,none,baostock,query_history_k_data_plus
600713,SHSE.600713,,SH,A股-上交所,2026-03-18,5.34,5.36,5.26,5.32,5.36,9104700,48292779.0,-0.7463,0.7059,1,0,none,baostock,query_history_k_data_plus
600713,SHSE.600713,,SH,A股-上交所,2026-03-19,5.3,5.33,5.2,5.21,5.32,8659800,45516313.0,-2.0677,0.6714,1,0,none,baostock,query_history_k_data_plus
600713,SHSE.600713,,SH,A股-上交所,2026-03-20,5.2,5.27,5.16,5.17,5.21,8063600,41974569.17,-0.7678,0.6252,1,0,none,baostock,query_history_k_data_plus
600713,SHSE.600713,,SH,A股-上交所,2026-03-23,5.12,5.12,4.81,4.84,5.17,18763940,92852890.88,-6.383,1.4547,1,0,none,baostock,query_history_k_data_plus
600713,SHSE.600713,,SH,A股-上交所,2026-03-24,4.91,4.99,4.87,4.98,4.84,10651501,52640396.12,2.8926,0.8258,1,0,none,baostock,query_history_k_data_plus
600713,SHSE.600713,,SH,A股-上交所,2026-03-25,5.0,5.07,4.97,5.06,4.98,11836295,59517575.1,1.6064,0.9177,1,0,none,baostock,query_history_k_data_plus
600713,SHSE.600713,,SH,A股-上交所,2026-03-26,5.06,5.12,5.02,5.05,5.06,8058901,40827185.04,-0.1976,0.6248,1,0,none,baostock,query_history_k_data_plus
600713,SHSE.600713,,SH,A股-上交所,2026-03-27,5.02,5.1,5.0,5.09,5.05,9192416,46551150.06,0.7921,0.7127,1,0,none,baostock,query_history_k_data_plus
600713,SHSE.600713,,SH,A股-上交所,2026-03-30,5.06,5.25,5.03,5.24,5.09,14075462,72912652.55,2.947,1.0913,1,0,none,baostock,query_history_k_data_plus
600713,SHSE.600713,,SH,A股-上交所,2026-03-31,5.24,5.35,5.23,5.28,5.24,15783465,83816882.91,0.7634,1.2237,1,0,none,baostock,query_history_k_data_plus
600713,SHSE.600713,,SH,A股-上交所,2026-04-01,5.3,5.42,5.26,5.41,5.28,17947575,96526460.24,2.4621,1.3915,1,0,none,baostock,query_history_k_data_plus
600713,SHSE.600713,,SH,A股-上交所,2026-04-02,5.41,5.51,5.4,5.49,5.41,23277127,127257364.09,1.4787,1.8047,1,0,none,baostock,query_history_k_data_plus
600713,SHSE.600713,,SH,A股-上交所,2026-04-03,5.46,5.75,5.42,5.61,5.49,52739403,294759065.04,2.1858,4.089,1,0,none,baostock,query_history_k_data_plus
600713,SHSE.600713,,SH,A股-上交所,2026-04-07,5.58,5.74,5.45,5.66,5.61,52517411,295664606.34,0.8913,4.0717,1,0,none,baostock,query_history_k_data_plus
600713,SHSE.600713,,SH,A股-上交所,2026-04-08,5.62,5.93,5.57,5.79,5.66,70473802,405705717.23,2.2968,5.4639,1,0,none,baostock,query_history_k_data_plus
600713,SHSE.600713,,SH,A股-上交所,2026-04-09,5.6,5.79,5.46,5.5,5.79,61749200,343671201.0,-5.0086,4.7875,1,0,none,baostock,query_history_k_data_plus
600713,SHSE.600713,,SH,A股-上交所,2026-04-10,5.5,6.05,5.5,6.05,5.5,106659510,630067757.36,10.0,8.2694,1,0,none,baostock,query_history_k_data_plus
600713,SHSE.600713,,SH,A股-上交所,2026-04-13,6.29,6.65,5.82,5.86,6.05,150526902,912900175.19,-3.1405,11.6705,1,0,none,baostock,query_history_k_data_plus
600713,SHSE.600713,,SH,A股-上交所,2026-04-14,5.84,6.11,5.65,5.97,5.86,108100605,636480763.4,1.8771,8.3812,1,0,none,baostock,query_history_k_data_plus
600713,SHSE.600713,,SH,A股-上交所,2026-04-15,6.0,6.42,5.83,6.4,5.97,132015251,816755785.37,7.2027,10.2353,1,0,none,baostock,query_history_k_data_plus
600713,SHSE.600713,,SH,A股-上交所,2026-04-16,6.16,6.27,6.01,6.23,6.4,100333563,614739172.36,-2.6563,7.779,1,0,none,baostock,query_history_k_data_plus
600713,SHSE.600713,,SH,A股-上交所,2026-04-17,6.08,6.12,5.91,5.99,6.23,59795234,357899532.16,-3.8523,4.636,1,0,none,baostock,query_history_k_data_plus
