code,symbol,name,market,asset_type,date,open,high,low,close,preclose,volume,amount,pct_chg,turnover,trade_status,is_st,adjust,provider,source_function
600875,SHSE.600875,,SH,A股-上交所,2023-01-20,21.44,21.71,21.3,21.42,21.39,18162088,389946687.87,0.1403,0.9013,1,0,none,baostock,query_history_k_data_plus
600875,SHSE.600875,,SH,A股-上交所,2023-01-30,21.68,21.85,21.1,21.15,21.42,24847556,531577339.77,-1.2605,1.233,1,0,none,baostock,query_history_k_data_plus
600875,SHSE.600875,,SH,A股-上交所,2023-01-31,21.11,21.51,21.07,21.38,21.15,12369307,264183213.01,1.0875,0.6138,1,0,none,baostock,query_history_k_data_plus
600875,SHSE.600875,,SH,A股-上交所,2023-02-01,21.3,21.37,20.0,21.01,21.38,72575179,1486598542.52,-1.7306,3.6015,1,0,none,baostock,query_history_k_data_plus
600875,SHSE.600875,,SH,A股-上交所,2023-02-02,20.79,21.12,20.66,21.01,21.01,31611264,662245708.27,0.0,1.5687,1,0,none,baostock,query_history_k_data_plus
600875,SHSE.600875,,SH,A股-上交所,2023-02-03,20.99,20.99,20.21,20.52,21.01,30709860,627613807.47,-2.3322,1.524,1,0,none,baostock,query_history_k_data_plus
600875,SHSE.600875,,SH,A股-上交所,2023-02-06,20.5,20.83,20.12,20.18,20.52,24266029,494582558.98,-1.6569,1.2042,1,0,none,baostock,query_history_k_data_plus
600875,SHSE.600875,,SH,A股-上交所,2023-02-07,20.24,20.5,20.08,20.25,20.18,17032094,344262066.73,0.3469,0.8452,1,0,none,baostock,query_history_k_data_plus
600875,SHSE.600875,,SH,A股-上交所,2023-02-08,20.25,20.4,20.03,20.22,20.25,15897574,321109864.87,-0.1481,0.7889,1,0,none,baostock,query_history_k_data_plus
600875,SHSE.600875,,SH,A股-上交所,2023-02-09,20.21,20.38,20.07,20.28,20.22,16509777,333893645.81,0.2967,0.8193,1,0,none,baostock,query_history_k_data_plus
600875,SHSE.600875,,SH,A股-上交所,2023-02-10,20.24,20.26,19.85,20.09,20.28,19159211,383841091.89,-0.9369,0.9508,1,0,none,baostock,query_history_k_data_plus
600875,SHSE.600875,,SH,A股-上交所,2023-02-13,20.04,20.42,19.98,20.26,20.09,26826843,542476409.59,0.8462,1.3313,1,0,none,baostock,query_history_k_data_plus
600875,SHSE.600875,,SH,A股-上交所,2023-02-14,20.35,20.95,20.21,20.93,20.26,45548013,943185374.04,3.307,2.2603,1,0,none,baostock,query_history_k_data_plus
600875,SHSE.600875,,SH,A股-上交所,2023-02-15,20.99,20.99,20.1,20.16,20.93,45294186,920869880.37,-3.6789,2.2477,1,0,none,baostock,query_history_k_data_plus
600875,SHSE.600875,,SH,A股-上交所,2023-02-16,20.11,20.46,19.77,19.91,20.16,30393657,611062901.47,-1.2401,1.5083,1,0,none,baostock,query_history_k_data_plus
600875,SHSE.600875,,SH,A股-上交所,2023-02-17,19.96,20.11,19.7,19.77,19.91,18960200,376250479.45,-0.7032,0.9409,1,0,none,baostock,query_history_k_data_plus
600875,SHSE.600875,,SH,A股-上交所,2023-02-20,19.7,19.98,19.41,19.78,19.77,27436104,539618530.11,0.0506,1.3615,1,0,none,baostock,query_history_k_data_plus
600875,SHSE.600875,,SH,A股-上交所,2023-02-21,19.8,20.03,19.6,19.91,19.78,15193663,301877473.69,0.6572,0.754,1,0,none,baostock,query_history_k_data_plus
600875,SHSE.600875,,SH,A股-上交所,2023-02-22,19.84,20.26,19.75,20.1,19.91,16719770,336367654.91,0.9543,0.8297,1,0,none,baostock,query_history_k_data_plus
600875,SHSE.600875,,SH,A股-上交所,2023-02-23,20.09,20.35,19.91,20.17,20.1,16909321,339877192.7,0.3483,0.8391,1,0,none,baostock,query_history_k_data_plus
600875,SHSE.600875,,SH,A股-上交所,2023-02-24,20.11,20.15,19.67,19.84,20.17,17841699,353950992.93,-1.6361,0.8854,1,0,none,baostock,query_history_k_data_plus
600875,SHSE.600875,,SH,A股-上交所,2023-02-27,19.78,20.1,19.53,19.75,19.84,11323391,224767030.44,-0.4536,0.5619,1,0,none,baostock,query_history_k_data_plus
600875,SHSE.600875,,SH,A股-上交所,2023-02-28,19.69,19.77,19.42,19.73,19.75,19963444,391172865.94,-0.1013,0.9907,1,0,none,baostock,query_history_k_data_plus
600875,SHSE.600875,,SH,A股-上交所,2023-03-01,19.79,19.79,19.43,19.58,19.73,22255709,435666484.5,-0.7603,1.1044,1,0,none,baostock,query_history_k_data_plus
600875,SHSE.600875,,SH,A股-上交所,2023-03-02,19.58,20.64,19.56,20.46,19.58,52089567,1054934980.17,4.4944,2.5849,1,0,none,baostock,query_history_k_data_plus
600875,SHSE.600875,,SH,A股-上交所,2023-03-03,20.34,20.38,19.81,20.08,20.46,30638939,613765605.55,-1.8573,1.5204,1,0,none,baostock,query_history_k_data_plus
600875,SHSE.600875,,SH,A股-上交所,2023-03-06,20.08,21.58,20.01,21.41,20.08,60040070,1260757146.12,6.6235,2.9795,1,0,none,baostock,query_history_k_data_plus
600875,SHSE.600875,,SH,A股-上交所,2023-03-07,21.3,21.58,21.11,21.28,21.41,38641947,826106093.74,-0.6072,1.9176,1,0,none,baostock,query_history_k_data_plus
600875,SHSE.600875,,SH,A股-上交所,2023-03-08,21.23,21.57,20.81,20.96,21.28,26984362,567406443.98,-1.5038,1.3391,1,0,none,baostock,query_history_k_data_plus
600875,SHSE.600875,,SH,A股-上交所,2023-03-09,21.02,21.19,20.58,20.97,20.96,21929820,458222489.25,0.0477,1.0883,1,0,none,baostock,query_history_k_data_plus
600875,SHSE.600875,,SH,A股-上交所,2023-03-10,20.79,21.0,20.52,20.87,20.97,16662508,346376846.11,-0.4769,0.8269,1,0,none,baostock,query_history_k_data_plus
600875,SHSE.600875,,SH,A股-上交所,2023-03-13,20.86,21.26,20.66,20.84,20.87,23452249,489816075.22,-0.1437,1.1638,1,0,none,baostock,query_history_k_data_plus
600875,SHSE.600875,,SH,A股-上交所,2023-03-14,20.75,20.82,20.0,20.46,20.84,25215016,514115299.96,-1.8234,1.2513,1,0,none,baostock,query_history_k_data_plus
600875,SHSE.600875,,SH,A股-上交所,2023-03-15,20.59,20.95,20.52,20.85,20.46,21775492,452212597.7,1.9062,1.0806,1,0,none,baostock,query_history_k_data_plus
600875,SHSE.600875,,SH,A股-上交所,2023-03-16,20.66,20.68,19.59,19.78,20.85,33774507,673867462.51,-5.1319,1.676,1,0,none,baostock,query_history_k_data_plus
600875,SHSE.600875,,SH,A股-上交所,2023-03-17,19.95,20.0,18.81,18.9,19.78,48423371,925960921.73,-4.4489,2.403,1,0,none,baostock,query_history_k_data_plus
600875,SHSE.600875,,SH,A股-上交所,2023-03-20,18.9,19.15,18.5,18.86,18.9,22104233,416746661.15,-0.2116,1.0969,1,0,none,baostock,query_history_k_data_plus
600875,SHSE.600875,,SH,A股-上交所,2023-03-21,18.98,19.07,18.61,18.88,18.86,20959798,393629398.29,0.106,1.0401,1,0,none,baostock,query_history_k_data_plus
600875,SHSE.600875,,SH,A股-上交所,2023-03-22,18.89,19.14,18.45,18.61,18.88,31180865,584747682.51,-1.4301,1.5473,1,0,none,baostock,query_history_k_data_plus
600875,SHSE.600875,,SH,A股-上交所,2023-03-23,18.61,18.72,18.24,18.72,18.61,24749091,458736555.31,0.5911,1.2282,1,0,none,baostock,query_history_k_data_plus
600875,SHSE.600875,,SH,A股-上交所,2023-03-24,18.72,18.88,18.47,18.75,18.72,14993873,280347784.11,0.1603,0.7441,1,0,none,baostock,query_history_k_data_plus
600875,SHSE.600875,,SH,A股-上交所,2023-03-27,18.75,19.55,18.39,19.47,18.75,38162338,725684485.2,3.84,1.8938,1,0,none,baostock,query_history_k_data_plus
600875,SHSE.600875,,SH,A股-上交所,2023-03-28,19.33,19.62,19.14,19.23,19.47,17068993,330086381.96,-1.2327,0.847,1,0,none,baostock,query_history_k_data_plus
600875,SHSE.600875,,SH,A股-上交所,2023-03-29,19.24,19.3,18.59,18.76,19.23,20629439,389357590.94,-2.4441,1.0237,1,0,none,baostock,query_history_k_data_plus
600875,SHSE.600875,,SH,A股-上交所,2023-03-30,18.72,19.17,18.57,18.95,18.76,16132802,305013586.07,1.0128,0.8006,1,0,none,baostock,query_history_k_data_plus
600875,SHSE.600875,,SH,A股-上交所,2023-03-31,18.9,19.08,18.78,18.96,18.95,12251296,231926257.15,0.0528,0.608,1,0,none,baostock,query_history_k_data_plus
600875,SHSE.600875,,SH,A股-上交所,2023-04-03,18.85,18.94,18.43,18.66,18.96,26992753,503713892.3,-1.5823,1.3395,1,0,none,baostock,query_history_k_data_plus
600875,SHSE.600875,,SH,A股-上交所,2023-04-04,18.66,18.7,18.08,18.34,18.66,29097714,532736437.26,-1.7149,1.444,1,0,none,baostock,query_history_k_data_plus
600875,SHSE.600875,,SH,A股-上交所,2023-04-06,18.04,18.16,17.3,17.87,18.34,57285891,1009770772.85,-2.5627,2.8428,1,0,none,baostock,query_history_k_data_plus
600875,SHSE.600875,,SH,A股-上交所,2023-04-07,17.71,18.49,17.66,18.16,17.87,26798207,488515832.66,1.6228,1.3298,1,0,none,baostock,query_history_k_data_plus
600875,SHSE.600875,,SH,A股-上交所,2023-04-10,18.14,18.49,17.92,18.0,18.16,19808529,359558945.8,-0.8811,0.983,1,0,none,baostock,query_history_k_data_plus
600875,SHSE.600875,,SH,A股-上交所,2023-04-11,18.0,18.38,17.88,18.37,18.0,23189476,422096555.56,2.0556,1.1508,1,0,none,baostock,query_history_k_data_plus
600875,SHSE.600875,,SH,A股-上交所,2023-04-12,18.36,18.46,18.12,18.21,18.37,13268274,241809005.72,-0.871,0.6584,1,0,none,baostock,query_history_k_data_plus
600875,SHSE.600875,,SH,A股-上交所,2023-04-13,18.15,18.31,17.88,17.93,18.21,14769085,266613904.67,-1.5376,0.7329,1,0,none,baostock,query_history_k_data_plus
600875,SHSE.600875,,SH,A股-上交所,2023-04-14,17.91,18.33,17.91,18.22,17.93,15398606,279730318.54,1.6174,0.7641,1,0,none,baostock,query_history_k_data_plus
600875,SHSE.600875,,SH,A股-上交所,2023-04-17,18.12,18.4,18.11,18.26,18.22,15691318,286800777.08,0.2195,0.7787,1,0,none,baostock,query_history_k_data_plus
600875,SHSE.600875,,SH,A股-上交所,2023-04-18,18.33,18.49,18.15,18.39,18.26,17012164,312392741.21,0.7119,0.8442,1,0,none,baostock,query_history_k_data_plus
600875,SHSE.600875,,SH,A股-上交所,2023-04-19,18.32,18.33,17.81,18.03,18.39,15919441,287833693.19,-1.9576,0.79,1,0,none,baostock,query_history_k_data_plus
600875,SHSE.600875,,SH,A股-上交所,2023-04-20,17.92,18.02,17.41,17.52,18.03,26298690,462309379.53,-2.8286,1.3051,1,0,none,baostock,query_history_k_data_plus
600875,SHSE.600875,,SH,A股-上交所,2023-04-21,17.62,17.76,17.2,17.21,17.52,16333445,285732973.83,-1.7694,0.8105,1,0,none,baostock,query_history_k_data_plus
600875,SHSE.600875,,SH,A股-上交所,2023-04-24,17.24,17.5,17.0,17.19,17.21,16475739,283582872.4,-0.1162,0.8176,1,0,none,baostock,query_history_k_data_plus
600875,SHSE.600875,,SH,A股-上交所,2023-04-25,17.15,17.25,16.63,16.83,17.19,20922121,352639926.49,-2.0942,1.0382,1,0,none,baostock,query_history_k_data_plus
600875,SHSE.600875,,SH,A股-上交所,2023-04-26,16.7,17.57,16.65,17.34,16.83,22667004,391962184.64,3.0303,1.1248,1,0,none,baostock,query_history_k_data_plus
600875,SHSE.600875,,SH,A股-上交所,2023-04-27,17.34,17.45,17.11,17.4,17.34,12813938,221943689.86,0.346,0.6359,1,0,none,baostock,query_history_k_data_plus
600875,SHSE.600875,,SH,A股-上交所,2023-04-28,17.4,17.47,17.18,17.42,17.4,13292077,230275345.76,0.1149,0.6596,1,0,none,baostock,query_history_k_data_plus
600875,SHSE.600875,,SH,A股-上交所,2023-05-04,17.52,18.15,17.41,17.87,17.42,25393279,454646077.07,2.5832,1.2601,1,0,none,baostock,query_history_k_data_plus
600875,SHSE.600875,,SH,A股-上交所,2023-05-05,17.86,17.89,17.55,17.77,17.87,16283100,288527273.68,-0.5596,0.808,1,0,none,baostock,query_history_k_data_plus
600875,SHSE.600875,,SH,A股-上交所,2023-05-08,17.77,18.52,17.76,18.18,17.77,31074209,566736171.0,2.3073,1.542,1,0,none,baostock,query_history_k_data_plus
600875,SHSE.600875,,SH,A股-上交所,2023-05-09,18.16,18.45,17.98,18.06,18.18,18958491,345089216.99,-0.6601,0.9408,1,0,none,baostock,query_history_k_data_plus
600875,SHSE.600875,,SH,A股-上交所,2023-05-10,18.01,18.45,17.88,18.25,18.06,16035554,292456520.72,1.052,0.7958,1,0,none,baostock,query_history_k_data_plus
600875,SHSE.600875,,SH,A股-上交所,2023-05-11,18.19,18.27,18.02,18.19,18.25,11899207,216109531.87,-0.3288,0.5905,1,0,none,baostock,query_history_k_data_plus
600875,SHSE.600875,,SH,A股-上交所,2023-05-12,18.15,18.32,17.95,17.96,18.19,10957473,198365905.26,-1.2644,0.5438,1,0,none,baostock,query_history_k_data_plus
600875,SHSE.600875,,SH,A股-上交所,2023-05-15,17.95,18.34,17.9,18.25,17.96,17508214,318781266.84,1.6147,0.8688,1,0,none,baostock,query_history_k_data_plus
600875,SHSE.600875,,SH,A股-上交所,2023-05-16,18.19,19.09,18.19,18.84,18.25,35376165,666881056.83,3.2329,1.7555,1,0,none,baostock,query_history_k_data_plus
600875,SHSE.600875,,SH,A股-上交所,2023-05-17,18.68,19.15,18.56,19.08,18.84,24850559,470276889.36,1.2739,1.2332,1,0,none,baostock,query_history_k_data_plus
600875,SHSE.600875,,SH,A股-上交所,2023-05-18,19.09,19.27,18.9,18.98,19.08,17588887,335210666.48,-0.5241,0.8728,1,0,none,baostock,query_history_k_data_plus
600875,SHSE.600875,,SH,A股-上交所,2023-05-19,18.98,19.26,18.63,18.78,18.98,22180507,418483195.12,-1.0537,1.1007,1,0,none,baostock,query_history_k_data_plus
600875,SHSE.600875,,SH,A股-上交所,2023-05-22,18.79,19.24,18.7,19.04,18.78,20535661,391277569.33,1.3845,1.0191,1,0,none,baostock,query_history_k_data_plus
600875,SHSE.600875,,SH,A股-上交所,2023-05-23,18.96,19.04,18.4,18.4,19.04,14919141,278217802.37,-3.3613,0.7404,1,0,none,baostock,query_history_k_data_plus
600875,SHSE.600875,,SH,A股-上交所,2023-05-24,18.38,18.54,18.3,18.31,18.4,10994591,202633336.25,-0.4891,0.5456,1,0,none,baostock,query_history_k_data_plus
600875,SHSE.600875,,SH,A股-上交所,2023-05-25,18.32,18.56,18.21,18.42,18.31,9064146,166801804.08,0.6008,0.4498,1,0,none,baostock,query_history_k_data_plus
600875,SHSE.600875,,SH,A股-上交所,2023-05-26,18.52,18.6,17.93,18.25,18.42,12311313,222999485.19,-0.9229,0.6109,1,0,none,baostock,query_history_k_data_plus
600875,SHSE.600875,,SH,A股-上交所,2023-05-29,18.27,18.44,17.97,18.21,18.25,13096478,237668638.52,-0.2192,0.6499,1,0,none,baostock,query_history_k_data_plus
600875,SHSE.600875,,SH,A股-上交所,2023-05-30,18.2,18.35,17.86,18.18,18.21,11160258,201895222.72,-0.1647,0.5538,1,0,none,baostock,query_history_k_data_plus
600875,SHSE.600875,,SH,A股-上交所,2023-05-31,18.19,18.2,17.9,18.0,18.18,9091633,163896202.14,-0.9901,0.4512,1,0,none,baostock,query_history_k_data_plus
600875,SHSE.600875,,SH,A股-上交所,2023-06-01,17.98,18.26,17.84,17.86,18.0,11779716,212340743.39,-0.7778,0.5846,1,0,none,baostock,query_history_k_data_plus
600875,SHSE.600875,,SH,A股-上交所,2023-06-02,17.89,18.36,17.89,18.16,17.86,11674543,212227574.35,1.6797,0.5793,1,0,none,baostock,query_history_k_data_plus
600875,SHSE.600875,,SH,A股-上交所,2023-06-05,18.43,18.58,17.86,18.07,18.16,16750836,303862545.93,-0.4956,0.8313,1,0,none,baostock,query_history_k_data_plus
600875,SHSE.600875,,SH,A股-上交所,2023-06-06,18.06,18.06,17.57,17.72,18.07,15290715,272047756.18,-1.9369,0.7588,1,0,none,baostock,query_history_k_data_plus
600875,SHSE.600875,,SH,A股-上交所,2023-06-07,17.72,17.76,17.44,17.49,17.72,10170782,178126950.3,-1.298,0.5047,1,0,none,baostock,query_history_k_data_plus
600875,SHSE.600875,,SH,A股-上交所,2023-06-08,17.46,17.69,17.2,17.48,17.49,12066249,210791775.1,-0.0572,0.5988,1,0,none,baostock,query_history_k_data_plus
600875,SHSE.600875,,SH,A股-上交所,2023-06-09,17.5,18.27,17.46,18.27,17.48,33824614,609376505.01,4.5195,1.6785,1,0,none,baostock,query_history_k_data_plus
600875,SHSE.600875,,SH,A股-上交所,2023-06-12,18.1,18.16,17.38,17.48,18.27,30845794,542569513.75,-4.324,1.5307,1,0,none,baostock,query_history_k_data_plus
600875,SHSE.600875,,SH,A股-上交所,2023-06-13,17.49,17.58,17.22,17.29,17.48,13863692,240467487.34,-1.087,0.688,1,0,none,baostock,query_history_k_data_plus
600875,SHSE.600875,,SH,A股-上交所,2023-06-14,17.29,17.36,16.97,17.0,17.29,17212815,294709996.34,-1.6773,0.8542,1,0,none,baostock,query_history_k_data_plus
600875,SHSE.600875,,SH,A股-上交所,2023-06-15,17.05,17.54,16.92,17.51,17.0,17644148,305075859.91,3.0,0.8756,1,0,none,baostock,query_history_k_data_plus
600875,SHSE.600875,,SH,A股-上交所,2023-06-16,17.53,18.54,17.52,18.31,17.51,37173586,676383486.97,4.5688,1.8447,1,0,none,baostock,query_history_k_data_plus
600875,SHSE.600875,,SH,A股-上交所,2023-06-19,18.38,18.62,18.01,18.44,18.31,23617574,433378869.8,0.71,1.172,1,0,none,baostock,query_history_k_data_plus
600875,SHSE.600875,,SH,A股-上交所,2023-06-20,18.4,18.47,18.11,18.26,18.44,14169317,258799915.18,-0.9761,0.7031,1,0,none,baostock,query_history_k_data_plus
600875,SHSE.600875,,SH,A股-上交所,2023-06-21,18.26,18.42,18.04,18.04,18.26,9268527,168913839.72,-1.2048,0.4599,1,0,none,baostock,query_history_k_data_plus
600875,SHSE.600875,,SH,A股-上交所,2023-06-26,17.89,18.03,17.62,17.77,18.04,12747264,227322535.1,-1.4967,0.6326,1,0,none,baostock,query_history_k_data_plus
600875,SHSE.600875,,SH,A股-上交所,2023-06-27,17.9,18.27,17.81,18.13,17.77,11401162,206109655.52,2.0259,0.5658,1,0,none,baostock,query_history_k_data_plus
600875,SHSE.600875,,SH,A股-上交所,2023-06-28,18.27,18.3,17.96,18.24,18.13,11862181,215598923.85,0.6067,0.5887,1,0,none,baostock,query_history_k_data_plus
600875,SHSE.600875,,SH,A股-上交所,2023-06-29,18.24,18.54,18.1,18.44,18.24,14827027,272232664.59,1.0965,0.7358,1,0,none,baostock,query_history_k_data_plus
600875,SHSE.600875,,SH,A股-上交所,2023-06-30,18.38,18.85,18.3,18.65,18.44,17281031,322332603.41,1.1388,0.8576,1,0,none,baostock,query_history_k_data_plus
600875,SHSE.600875,,SH,A股-上交所,2023-07-03,18.8,19.3,18.68,18.85,18.65,22176176,419859000.36,1.0724,1.1005,1,0,none,baostock,query_history_k_data_plus
600875,SHSE.600875,,SH,A股-上交所,2023-07-04,18.95,19.25,18.79,19.08,18.85,16068370,306602588.57,1.2202,0.7974,1,0,none,baostock,query_history_k_data_plus
600875,SHSE.600875,,SH,A股-上交所,2023-07-05,18.96,19.24,18.86,19.08,19.08,13090332,249969240.6,0.0,0.6496,1,0,none,baostock,query_history_k_data_plus
600875,SHSE.600875,,SH,A股-上交所,2023-07-06,19.14,19.23,18.93,18.99,19.08,10833093,206256397.85,-0.4717,0.5376,1,0,none,baostock,query_history_k_data_plus
600875,SHSE.600875,,SH,A股-上交所,2023-07-07,19.02,19.21,18.78,19.02,18.99,11611905,220872025.75,0.158,0.5762,1,0,none,baostock,query_history_k_data_plus
600875,SHSE.600875,,SH,A股-上交所,2023-07-10,19.04,19.19,18.9,18.93,19.02,9171256,174108146.77,-0.4732,0.4551,1,0,none,baostock,query_history_k_data_plus
600875,SHSE.600875,,SH,A股-上交所,2023-07-11,18.94,19.39,18.89,19.34,18.93,16149498,310783766.48,2.1659,0.8014,1,0,none,baostock,query_history_k_data_plus
600875,SHSE.600875,,SH,A股-上交所,2023-07-12,19.62,20.15,19.51,19.79,19.34,37498774,744984772.54,2.3268,1.8609,1,0,none,baostock,query_history_k_data_plus
600875,SHSE.600875,,SH,A股-上交所,2023-07-13,19.78,20.03,19.57,19.91,19.79,19871863,394400779.32,0.6064,0.9861,1,0,none,baostock,query_history_k_data_plus
600875,SHSE.600875,,SH,A股-上交所,2023-07-14,19.88,19.88,19.5,19.55,19.91,10336638,202787395.34,-1.8081,0.513,1,0,none,baostock,query_history_k_data_plus
600875,SHSE.600875,,SH,A股-上交所,2023-07-17,19.48,19.83,19.37,19.6,19.55,9837875,192451575.16,0.2558,0.4882,1,0,none,baostock,query_history_k_data_plus
600875,SHSE.600875,,SH,A股-上交所,2023-07-18,19.76,19.83,19.26,19.41,19.6,12386400,240182367.16,-0.9694,0.6147,1,0,none,baostock,query_history_k_data_plus
600875,SHSE.600875,,SH,A股-上交所,2023-07-19,19.42,19.5,19.1,19.31,19.41,10324899,198785839.66,-0.5152,0.5124,1,0,none,baostock,query_history_k_data_plus
600875,SHSE.600875,,SH,A股-上交所,2023-07-20,19.28,19.4,19.0,19.02,19.31,12232599,234145842.32,-1.5018,0.607,1,0,none,baostock,query_history_k_data_plus
600875,SHSE.600875,,SH,A股-上交所,2023-07-21,19.0,19.07,18.71,18.84,19.02,8095330,152780864.76,-0.9464,0.4017,1,0,none,baostock,query_history_k_data_plus
600875,SHSE.600875,,SH,A股-上交所,2023-07-24,18.81,19.24,18.75,19.1,18.84,10539159,201443237.87,1.38,0.523,1,0,none,baostock,query_history_k_data_plus
600875,SHSE.600875,,SH,A股-上交所,2023-07-25,19.26,19.32,18.93,19.15,19.1,11905782,227601371.8,0.2618,0.5908,1,0,none,baostock,query_history_k_data_plus
600875,SHSE.600875,,SH,A股-上交所,2023-07-26,19.04,19.25,19.03,19.14,19.15,7108515,136114364.46,-0.0522,0.3528,1,0,none,baostock,query_history_k_data_plus
600875,SHSE.600875,,SH,A股-上交所,2023-07-27,19.09,19.39,19.04,19.19,19.14,10895177,210034831.87,0.2612,0.5407,1,0,none,baostock,query_history_k_data_plus
600875,SHSE.600875,,SH,A股-上交所,2023-07-28,18.87,18.96,18.62,18.78,18.86,12556728,235750681.57,-0.4242,0.6231,1,0,none,baostock,query_history_k_data_plus
600875,SHSE.600875,,SH,A股-上交所,2023-07-31,18.79,19.29,18.78,19.24,18.78,14228245,272570988.74,2.4494,0.7061,1,0,none,baostock,query_history_k_data_plus
600875,SHSE.600875,,SH,A股-上交所,2023-08-01,19.42,19.63,18.47,18.76,19.24,25867314,485567104.63,-2.4948,1.2837,1,0,none,baostock,query_history_k_data_plus
600875,SHSE.600875,,SH,A股-上交所,2023-08-02,18.71,18.95,18.7,18.78,18.76,12554122,235949062.18,0.1066,0.623,1,0,none,baostock,query_history_k_data_plus
600875,SHSE.600875,,SH,A股-上交所,2023-08-03,18.65,18.81,18.55,18.68,18.78,8460340,158014829.88,-0.5325,0.4198,1,0,none,baostock,query_history_k_data_plus
600875,SHSE.600875,,SH,A股-上交所,2023-08-04,18.68,18.83,18.58,18.68,18.68,10152427,189805960.1,0.0,0.5038,1,0,none,baostock,query_history_k_data_plus
600875,SHSE.600875,,SH,A股-上交所,2023-08-07,18.68,18.75,18.19,18.29,18.68,14159865,260051902.05,-2.0878,0.7027,1,0,none,baostock,query_history_k_data_plus
600875,SHSE.600875,,SH,A股-上交所,2023-08-08,18.3,18.42,18.06,18.13,18.29,11815785,214958209.33,-0.8748,0.5864,1,0,none,baostock,query_history_k_data_plus
600875,SHSE.600875,,SH,A股-上交所,2023-08-09,18.1,18.13,17.88,18.09,18.13,10597164,190615819.18,-0.2206,0.5259,1,0,none,baostock,query_history_k_data_plus
600875,SHSE.600875,,SH,A股-上交所,2023-08-10,18.1,18.33,18.06,18.19,18.09,7216063,131336788.01,0.5528,0.3581,1,0,none,baostock,query_history_k_data_plus
600875,SHSE.600875,,SH,A股-上交所,2023-08-11,18.26,18.26,17.81,17.82,18.19,8458438,152040726.44,-2.0341,0.4197,1,0,none,baostock,query_history_k_data_plus
600875,SHSE.600875,,SH,A股-上交所,2023-08-14,17.75,18.06,17.63,17.93,17.82,9308795,166441776.05,0.6173,0.4619,1,0,none,baostock,query_history_k_data_plus
600875,SHSE.600875,,SH,A股-上交所,2023-08-15,17.93,18.07,17.62,17.78,17.93,7330220,130515561.3,-0.8366,0.3638,1,0,none,baostock,query_history_k_data_plus
600875,SHSE.600875,,SH,A股-上交所,2023-08-16,17.76,17.77,17.58,17.6,17.78,7363889,130040142.11,-1.0124,0.3654,1,0,none,baostock,query_history_k_data_plus
600875,SHSE.600875,,SH,A股-上交所,2023-08-17,17.6,17.97,17.5,17.92,17.6,6917070,123367529.23,1.8182,0.3433,1,0,none,baostock,query_history_k_data_plus
600875,SHSE.600875,,SH,A股-上交所,2023-08-18,17.88,18.2,17.74,17.74,17.92,6396789,114825075.86,-1.0045,0.3174,1,0,none,baostock,query_history_k_data_plus
600875,SHSE.600875,,SH,A股-上交所,2023-08-21,17.76,17.76,17.3,17.3,17.74,9762424,170326396.2,-2.4803,0.4845,1,0,none,baostock,query_history_k_data_plus
600875,SHSE.600875,,SH,A股-上交所,2023-08-22,17.33,17.64,17.2,17.54,17.3,9074342,157756496.05,1.3873,0.4503,1,0,none,baostock,query_history_k_data_plus
600875,SHSE.600875,,SH,A股-上交所,2023-08-23,17.54,17.64,17.34,17.34,17.54,5222348,91175121.87,-1.1403,0.2592,1,0,none,baostock,query_history_k_data_plus
600875,SHSE.600875,,SH,A股-上交所,2023-08-24,17.43,17.5,17.16,17.19,17.34,10313101,178426353.32,-0.8651,0.5118,1,0,none,baostock,query_history_k_data_plus
600875,SHSE.600875,,SH,A股-上交所,2023-08-25,17.2,17.4,16.95,17.24,17.19,10291000,177550952.0,0.2909,0.5107,1,0,none,baostock,query_history_k_data_plus
600875,SHSE.600875,,SH,A股-上交所,2023-08-28,18.21,18.23,17.31,17.43,17.24,13832444,244291925.65,1.1021,0.6864,1,0,none,baostock,query_history_k_data_plus
600875,SHSE.600875,,SH,A股-上交所,2023-08-29,17.35,17.73,17.3,17.6,17.43,10929288,191812516.09,0.9753,0.5424,1,0,none,baostock,query_history_k_data_plus
600875,SHSE.600875,,SH,A股-上交所,2023-08-30,17.57,17.7,17.39,17.62,17.6,9812901,172294901.55,0.1136,0.487,1,0,none,baostock,query_history_k_data_plus
600875,SHSE.600875,,SH,A股-上交所,2023-08-31,17.52,17.59,16.4,16.78,17.62,31546901,530017248.95,-4.7673,1.5655,1,0,none,baostock,query_history_k_data_plus
600875,SHSE.600875,,SH,A股-上交所,2023-09-01,16.72,16.78,16.53,16.65,16.78,12540215,208471755.99,-0.7747,0.6223,1,0,none,baostock,query_history_k_data_plus
600875,SHSE.600875,,SH,A股-上交所,2023-09-04,16.71,16.76,16.2,16.3,16.65,36867859,601972491.83,-2.1021,1.8295,1,0,none,baostock,query_history_k_data_plus
600875,SHSE.600875,,SH,A股-上交所,2023-09-05,16.28,16.56,16.2,16.45,16.3,21154177,346466744.69,0.9202,1.0498,1,0,none,baostock,query_history_k_data_plus
600875,SHSE.600875,,SH,A股-上交所,2023-09-06,16.45,16.46,16.11,16.21,16.45,19562582,316741292.84,-1.459,0.9708,1,0,none,baostock,query_history_k_data_plus
600875,SHSE.600875,,SH,A股-上交所,2023-09-07,16.14,16.19,15.96,16.0,16.21,14982094,240203725.64,-1.2955,0.7435,1,0,none,baostock,query_history_k_data_plus
600875,SHSE.600875,,SH,A股-上交所,2023-09-08,15.99,16.25,15.95,16.11,16.0,8965500,144348240.42,0.6875,0.4449,1,0,none,baostock,query_history_k_data_plus
600875,SHSE.600875,,SH,A股-上交所,2023-09-11,16.12,16.69,16.1,16.63,16.11,28869435,475738177.83,3.2278,1.4326,1,0,none,baostock,query_history_k_data_plus
600875,SHSE.600875,,SH,A股-上交所,2023-09-12,16.56,17.1,16.51,16.76,16.63,22073984,371917329.73,0.7817,1.0954,1,0,none,baostock,query_history_k_data_plus
600875,SHSE.600875,,SH,A股-上交所,2023-09-13,16.7,16.79,16.55,16.71,16.76,9405739,156602105.92,-0.2983,0.4668,1,0,none,baostock,query_history_k_data_plus
600875,SHSE.600875,,SH,A股-上交所,2023-09-14,16.66,16.83,16.54,16.75,16.71,10950750,182686859.31,0.2394,0.5434,1,0,none,baostock,query_history_k_data_plus
600875,SHSE.600875,,SH,A股-上交所,2023-09-15,16.8,16.87,16.46,16.5,16.75,11399095,189675076.18,-1.4925,0.5657,1,0,none,baostock,query_history_k_data_plus
600875,SHSE.600875,,SH,A股-上交所,2023-09-18,16.58,16.58,16.28,16.31,16.5,10934955,179259285.55,-1.1515,0.5426,1,0,none,baostock,query_history_k_data_plus
600875,SHSE.600875,,SH,A股-上交所,2023-09-19,16.33,16.35,16.09,16.15,16.31,9443405,152932239.7,-0.981,0.4686,1,0,none,baostock,query_history_k_data_plus
600875,SHSE.600875,,SH,A股-上交所,2023-09-20,16.11,16.21,16.02,16.03,16.15,6557148,105468914.38,-0.743,0.3254,1,0,none,baostock,query_history_k_data_plus
600875,SHSE.600875,,SH,A股-上交所,2023-09-21,16.0,16.08,15.59,15.7,16.03,19357671,304886917.01,-2.0586,0.9606,1,0,none,baostock,query_history_k_data_plus
600875,SHSE.600875,,SH,A股-上交所,2023-09-22,15.64,15.85,15.62,15.82,15.7,12052896,189849507.81,0.7643,0.5981,1,0,none,baostock,query_history_k_data_plus
600875,SHSE.600875,,SH,A股-上交所,2023-09-25,15.85,15.87,15.45,15.51,15.82,15660855,243907565.34,-1.9595,0.7772,1,0,none,baostock,query_history_k_data_plus
600875,SHSE.600875,,SH,A股-上交所,2023-09-26,15.55,15.67,15.41,15.45,15.51,8490700,131897565.96,-0.3868,0.4213,1,0,none,baostock,query_history_k_data_plus
600875,SHSE.600875,,SH,A股-上交所,2023-09-27,15.41,15.81,15.41,15.55,15.45,14792076,230991034.9,0.6472,0.734,1,0,none,baostock,query_history_k_data_plus
600875,SHSE.600875,,SH,A股-上交所,2023-09-28,15.57,15.82,15.57,15.64,15.55,12631782,197910580.2,0.5788,0.6268,1,0,none,baostock,query_history_k_data_plus
600875,SHSE.600875,,SH,A股-上交所,2023-10-09,15.64,15.78,15.47,15.72,15.64,10782215,169160739.5,0.5115,0.5351,1,0,none,baostock,query_history_k_data_plus
600875,SHSE.600875,,SH,A股-上交所,2023-10-10,15.65,15.8,15.54,15.58,15.72,8718770,136186182.0,-0.8906,0.4327,1,0,none,baostock,query_history_k_data_plus
600875,SHSE.600875,,SH,A股-上交所,2023-10-11,15.58,15.62,15.39,15.4,15.58,12104482,187736608.67,-1.1553,0.6007,1,0,none,baostock,query_history_k_data_plus
600875,SHSE.600875,,SH,A股-上交所,2023-10-12,15.46,15.91,15.45,15.82,15.4,17475319,274198532.65,2.7273,0.8672,1,0,none,baostock,query_history_k_data_plus
600875,SHSE.600875,,SH,A股-上交所,2023-10-13,15.7,15.74,15.47,15.51,15.82,13497406,209702223.88,-1.9595,0.6698,1,0,none,baostock,query_history_k_data_plus
600875,SHSE.600875,,SH,A股-上交所,2023-10-16,15.48,15.5,15.2,15.28,15.51,8740916,133751512.87,-1.4829,0.4338,1,0,none,baostock,query_history_k_data_plus
600875,SHSE.600875,,SH,A股-上交所,2023-10-17,15.31,15.42,15.26,15.3,15.28,5818762,89091497.09,0.1309,0.2888,1,0,none,baostock,query_history_k_data_plus
600875,SHSE.600875,,SH,A股-上交所,2023-10-18,15.26,15.27,14.98,14.99,15.3,9407744,141839411.27,-2.0261,0.4669,1,0,none,baostock,query_history_k_data_plus
600875,SHSE.600875,,SH,A股-上交所,2023-10-19,14.98,15.05,14.71,14.75,14.99,10709242,158763415.74,-1.6011,0.5314,1,0,none,baostock,query_history_k_data_plus
600875,SHSE.600875,,SH,A股-上交所,2023-10-20,14.75,15.04,14.61,14.85,14.75,14052502,209507696.78,0.678,0.6973,1,0,none,baostock,query_history_k_data_plus
600875,SHSE.600875,,SH,A股-上交所,2023-10-23,14.84,14.84,14.31,14.42,14.85,12185445,176888487.0,-2.8956,0.6047,1,0,none,baostock,query_history_k_data_plus
600875,SHSE.600875,,SH,A股-上交所,2023-10-24,14.5,14.64,14.42,14.57,14.42,8418158,122323202.98,1.0402,0.4177,1,0,none,baostock,query_history_k_data_plus
600875,SHSE.600875,,SH,A股-上交所,2023-10-25,14.66,14.87,14.66,14.73,14.57,7227624,106600308.42,1.0981,0.3587,1,0,none,baostock,query_history_k_data_plus
600875,SHSE.600875,,SH,A股-上交所,2023-10-26,14.6,14.89,14.43,14.83,14.73,8933417,130703940.7,0.6789,0.4433,1,0,none,baostock,query_history_k_data_plus
600875,SHSE.600875,,SH,A股-上交所,2023-10-27,14.86,15.18,14.8,15.13,14.83,12329482,185526138.29,2.0229,0.6118,1,0,none,baostock,query_history_k_data_plus
600875,SHSE.600875,,SH,A股-上交所,2023-10-30,15.13,15.19,14.91,15.11,15.13,10679592,160714742.61,-0.1322,0.53,1,0,none,baostock,query_history_k_data_plus
600875,SHSE.600875,,SH,A股-上交所,2023-10-31,15.32,15.51,14.78,14.9,15.11,23042091,344822658.07,-1.3898,1.1435,1,0,none,baostock,query_history_k_data_plus
600875,SHSE.600875,,SH,A股-上交所,2023-11-01,14.96,15.28,14.86,15.2,14.9,21665508,327745415.52,2.0134,1.0751,1,0,none,baostock,query_history_k_data_plus
600875,SHSE.600875,,SH,A股-上交所,2023-11-02,15.19,15.35,14.91,14.92,15.2,11710869,176501504.92,-1.8421,0.5811,1,0,none,baostock,query_history_k_data_plus
600875,SHSE.600875,,SH,A股-上交所,2023-11-03,14.9,15.29,14.88,15.25,14.92,13192971,200619522.32,2.2118,0.6547,1,0,none,baostock,query_history_k_data_plus
600875,SHSE.600875,,SH,A股-上交所,2023-11-06,15.28,15.54,15.28,15.37,15.25,14602959,224653806.32,0.7869,0.7247,1,0,none,baostock,query_history_k_data_plus
600875,SHSE.600875,,SH,A股-上交所,2023-11-07,15.37,15.37,15.15,15.28,15.37,9646910,146839482.5,-0.5856,0.4787,1,0,none,baostock,query_history_k_data_plus
600875,SHSE.600875,,SH,A股-上交所,2023-11-08,15.26,15.26,15.01,15.14,15.28,11012596,166786206.32,-0.9162,0.5465,1,0,none,baostock,query_history_k_data_plus
600875,SHSE.600875,,SH,A股-上交所,2023-11-09,15.15,15.4,15.12,15.34,15.14,15257241,233567581.3,1.321,0.7571,1,0,none,baostock,query_history_k_data_plus
600875,SHSE.600875,,SH,A股-上交所,2023-11-10,15.43,15.43,15.03,15.16,15.34,11220733,169697420.49,-1.1734,0.5568,1,0,none,baostock,query_history_k_data_plus
600875,SHSE.600875,,SH,A股-上交所,2023-11-13,15.2,15.42,15.17,15.24,15.16,12388619,189237549.84,0.5277,0.6148,1,0,none,baostock,query_history_k_data_plus
600875,SHSE.600875,,SH,A股-上交所,2023-11-14,15.24,15.35,15.14,15.17,15.24,10428290,158617144.28,-0.4593,0.5175,1,0,none,baostock,query_history_k_data_plus
600875,SHSE.600875,,SH,A股-上交所,2023-11-15,15.25,15.38,15.2,15.37,15.17,15231709,233444208.58,1.3184,0.7559,1,0,none,baostock,query_history_k_data_plus
600875,SHSE.600875,,SH,A股-上交所,2023-11-16,15.35,15.35,15.08,15.09,15.37,14963400,226618931.38,-1.8217,0.7426,1,0,none,baostock,query_history_k_data_plus
600875,SHSE.600875,,SH,A股-上交所,2023-11-17,15.07,15.22,15.05,15.15,15.09,7517244,113783821.21,0.3976,0.373,1,0,none,baostock,query_history_k_data_plus
600875,SHSE.600875,,SH,A股-上交所,2023-11-20,15.18,15.26,15.01,15.2,15.15,10169203,154296502.45,0.33,0.5046,1,0,none,baostock,query_history_k_data_plus
600875,SHSE.600875,,SH,A股-上交所,2023-11-21,15.24,15.31,15.1,15.13,15.2,9339312,142126298.56,-0.4605,0.4635,1,0,none,baostock,query_history_k_data_plus
600875,SHSE.600875,,SH,A股-上交所,2023-11-22,15.07,15.12,14.7,14.74,15.13,12945769,192596567.35,-2.5777,0.6424,1,0,none,baostock,query_history_k_data_plus
600875,SHSE.600875,,SH,A股-上交所,2023-11-23,14.74,14.95,14.71,14.92,14.74,8671871,128884555.9,1.2212,0.4303,1,0,none,baostock,query_history_k_data_plus
600875,SHSE.600875,,SH,A股-上交所,2023-11-24,14.91,14.91,14.7,14.73,14.92,6332500,93552052.0,-1.2735,0.3142,1,0,none,baostock,query_history_k_data_plus
600875,SHSE.600875,,SH,A股-上交所,2023-11-27,14.66,14.76,14.53,14.69,14.73,8442812,123459833.16,-0.2716,0.4189,1,0,none,baostock,query_history_k_data_plus
600875,SHSE.600875,,SH,A股-上交所,2023-11-28,14.66,14.79,14.62,14.78,14.69,7132600,104939789.0,0.6127,0.3539,1,0,none,baostock,query_history_k_data_plus
600875,SHSE.600875,,SH,A股-上交所,2023-11-29,14.75,14.82,14.5,14.52,14.78,8010198,116742770.96,-1.7591,0.3974,1,0,none,baostock,query_history_k_data_plus
600875,SHSE.600875,,SH,A股-上交所,2023-11-30,14.51,14.63,14.44,14.57,14.52,6987129,101745618.53,0.3444,0.3467,1,0,none,baostock,query_history_k_data_plus
600875,SHSE.600875,,SH,A股-上交所,2023-12-01,14.5,14.55,14.19,14.37,14.57,11908305,170480547.4,-1.3727,0.5909,1,0,none,baostock,query_history_k_data_plus
600875,SHSE.600875,,SH,A股-上交所,2023-12-04,14.4,14.53,14.3,14.36,14.37,8872800,127776146.0,-0.0696,0.4402,1,0,none,baostock,query_history_k_data_plus
600875,SHSE.600875,,SH,A股-上交所,2023-12-05,14.36,14.4,14.13,14.15,14.36,7756100,110692080.0,-1.4624,0.3848,1,0,none,baostock,query_history_k_data_plus
600875,SHSE.600875,,SH,A股-上交所,2023-12-06,14.01,14.27,14.01,14.12,14.15,6749088,95628047.27,-0.212,0.3349,1,0,none,baostock,query_history_k_data_plus
600875,SHSE.600875,,SH,A股-上交所,2023-12-07,14.1,14.15,13.86,13.98,14.12,9261196,129167110.56,-0.9915,0.4595,1,0,none,baostock,query_history_k_data_plus
600875,SHSE.600875,,SH,A股-上交所,2023-12-08,14.05,14.13,13.87,14.09,13.98,16068200,224465922.0,0.7868,0.7973,1,0,none,baostock,query_history_k_data_plus
600875,SHSE.600875,,SH,A股-上交所,2023-12-11,14.03,14.09,13.62,14.08,14.09,13815436,191318571.94,-0.071,0.6855,1,0,none,baostock,query_history_k_data_plus
600875,SHSE.600875,,SH,A股-上交所,2023-12-12,14.08,14.11,13.93,14.1,14.08,9543413,133870526.3,0.142,0.4735,1,0,none,baostock,query_history_k_data_plus
600875,SHSE.600875,,SH,A股-上交所,2023-12-13,14.08,14.09,13.81,13.84,14.1,9782156,135820788.34,-1.844,0.4854,1,0,none,baostock,query_history_k_data_plus
600875,SHSE.600875,,SH,A股-上交所,2023-12-14,13.88,14.04,13.71,13.71,13.84,8736716,120568941.52,-0.9393,0.4335,1,0,none,baostock,query_history_k_data_plus
600875,SHSE.600875,,SH,A股-上交所,2023-12-15,13.71,13.83,13.63,13.64,13.71,7353170,100799284.5,-0.5106,0.3648,1,0,none,baostock,query_history_k_data_plus
600875,SHSE.600875,,SH,A股-上交所,2023-12-18,13.62,13.7,13.4,13.42,13.64,8363941,113067503.29,-1.6129,0.415,1,0,none,baostock,query_history_k_data_plus
600875,SHSE.600875,,SH,A股-上交所,2023-12-19,13.44,13.55,13.32,13.41,13.42,7415146,99583481.61,-0.0745,0.3679,1,0,none,baostock,query_history_k_data_plus
600875,SHSE.600875,,SH,A股-上交所,2023-12-20,13.44,13.53,13.23,13.26,13.41,9152467,122484507.81,-1.1186,0.4541,1,0,none,baostock,query_history_k_data_plus
600875,SHSE.600875,,SH,A股-上交所,2023-12-21,13.21,13.65,13.2,13.56,13.26,11424988,153499502.4,2.2624,0.5669,1,0,none,baostock,query_history_k_data_plus
600875,SHSE.600875,,SH,A股-上交所,2023-12-22,13.55,13.99,13.47,13.85,13.56,14357797,197795920.47,2.1386,0.7124,1,0,none,baostock,query_history_k_data_plus
600875,SHSE.600875,,SH,A股-上交所,2023-12-25,13.8,14.01,13.76,13.99,13.85,10990690,152938477.8,1.0108,0.5453,1,0,none,baostock,query_history_k_data_plus
600875,SHSE.600875,,SH,A股-上交所,2023-12-26,13.98,14.09,13.86,13.98,13.99,8819949,123249981.04,-0.0715,0.4376,1,0,none,baostock,query_history_k_data_plus
600875,SHSE.600875,,SH,A股-上交所,2023-12-27,13.97,14.0,13.78,13.98,13.98,7133132,99112294.36,0.0,0.3539,1,0,none,baostock,query_history_k_data_plus
600875,SHSE.600875,,SH,A股-上交所,2023-12-28,13.96,14.52,13.93,14.42,13.98,19855493,284594920.21,3.1474,0.9852,1,0,none,baostock,query_history_k_data_plus
600875,SHSE.600875,,SH,A股-上交所,2023-12-29,14.43,14.64,14.36,14.62,14.42,13895033,202015538.42,1.387,0.6894,1,0,none,baostock,query_history_k_data_plus
600875,SHSE.600875,,SH,A股-上交所,2024-01-02,14.7,14.8,14.6,14.72,14.62,15315643,225234019.08,0.684,0.7599,1,0,none,baostock,query_history_k_data_plus
600875,SHSE.600875,,SH,A股-上交所,2024-01-03,14.84,14.86,14.58,14.77,14.72,14722927,216736157.37,0.3397,0.7305,1,0,none,baostock,query_history_k_data_plus
600875,SHSE.600875,,SH,A股-上交所,2024-01-04,14.68,14.82,14.56,14.77,14.77,10934825,160736156.81,0.0,0.5426,1,0,none,baostock,query_history_k_data_plus
600875,SHSE.600875,,SH,A股-上交所,2024-01-05,14.95,14.95,14.3,14.36,14.77,14898152,216537461.85,-2.7759,0.7392,1,0,none,baostock,query_history_k_data_plus
600875,SHSE.600875,,SH,A股-上交所,2024-01-08,14.45,14.52,14.21,14.24,14.36,10848956,155629211.89,-0.8357,0.5383,1,0,none,baostock,query_history_k_data_plus
600875,SHSE.600875,,SH,A股-上交所,2024-01-09,14.24,14.44,14.11,14.18,14.24,12146847,172875739.02,-0.4213,0.6027,1,0,none,baostock,query_history_k_data_plus
600875,SHSE.600875,,SH,A股-上交所,2024-01-10,14.17,14.51,14.05,14.26,14.18,9941385,142208980.11,0.5642,0.4933,1,0,none,baostock,query_history_k_data_plus
600875,SHSE.600875,,SH,A股-上交所,2024-01-11,14.19,14.38,14.13,14.28,14.26,13035102,185826793.99,0.1403,0.6468,1,0,none,baostock,query_history_k_data_plus
600875,SHSE.600875,,SH,A股-上交所,2024-01-12,14.28,14.72,14.24,14.42,14.28,14348332,208330568.61,0.9804,0.7119,1,0,none,baostock,query_history_k_data_plus
600875,SHSE.600875,,SH,A股-上交所,2024-01-15,14.4,14.53,14.25,14.36,14.42,10015864,144020472.35,-0.4161,0.497,1,0,none,baostock,query_history_k_data_plus
600875,SHSE.600875,,SH,A股-上交所,2024-01-16,14.29,14.52,14.2,14.4,14.36,13606852,195189795.81,0.2786,0.6725,1,0,none,baostock,query_history_k_data_plus
600875,SHSE.600875,,SH,A股-上交所,2024-01-17,14.34,14.39,14.08,14.08,14.4,10388672,148148118.69,-2.2222,0.5135,1,0,none,baostock,query_history_k_data_plus
600875,SHSE.600875,,SH,A股-上交所,2024-01-18,14.05,14.29,13.73,14.25,14.08,16579488,231805381.92,1.2074,0.8194,1,0,none,baostock,query_history_k_data_plus
600875,SHSE.600875,,SH,A股-上交所,2024-01-19,14.24,14.38,14.09,14.19,14.25,11624053,165350630.57,-0.4211,0.5745,1,0,none,baostock,query_history_k_data_plus
600875,SHSE.600875,,SH,A股-上交所,2024-01-22,14.12,14.14,13.36,13.5,14.19,20750429,284878560.06,-4.8626,1.0256,1,0,none,baostock,query_history_k_data_plus
600875,SHSE.600875,,SH,A股-上交所,2024-01-23,13.46,13.81,13.23,13.73,13.5,11582687,157910078.41,1.7037,0.5725,1,0,none,baostock,query_history_k_data_plus
600875,SHSE.600875,,SH,A股-上交所,2024-01-24,13.8,14.06,13.53,14.05,13.73,15300541,211510461.81,2.3307,0.7562,1,0,none,baostock,query_history_k_data_plus
600875,SHSE.600875,,SH,A股-上交所,2024-01-25,14.18,14.76,14.04,14.76,14.05,24099740,349299756.23,5.0534,1.1911,1,0,none,baostock,query_history_k_data_plus
600875,SHSE.600875,,SH,A股-上交所,2024-01-26,14.7,15.05,14.66,14.76,14.76,18817955,279011352.87,0.0,0.9301,1,0,none,baostock,query_history_k_data_plus
600875,SHSE.600875,,SH,A股-上交所,2024-01-29,14.83,15.02,14.71,14.83,14.76,21376752,318653246.07,0.4743,1.0565,1,0,none,baostock,query_history_k_data_plus
600875,SHSE.600875,,SH,A股-上交所,2024-01-30,14.72,15.02,14.61,14.62,14.83,19103363,283761269.43,-1.416,0.9442,1,0,none,baostock,query_history_k_data_plus
600875,SHSE.600875,,SH,A股-上交所,2024-01-31,14.61,14.74,14.18,14.35,14.62,19649862,283562154.31,-1.8468,0.9712,1,0,none,baostock,query_history_k_data_plus
600875,SHSE.600875,,SH,A股-上交所,2024-02-01,14.25,14.48,13.97,14.11,14.35,19157982,272026598.1,-1.6725,0.9469,1,0,none,baostock,query_history_k_data_plus
600875,SHSE.600875,,SH,A股-上交所,2024-02-02,14.19,14.23,13.41,13.89,14.11,17639359,245451573.16,-1.5592,0.8718,1,0,none,baostock,query_history_k_data_plus
600875,SHSE.600875,,SH,A股-上交所,2024-02-05,13.81,13.88,13.14,13.54,13.89,20206715,273776635.05,-2.5198,0.9987,1,0,none,baostock,query_history_k_data_plus
600875,SHSE.600875,,SH,A股-上交所,2024-02-06,13.35,14.37,13.35,14.27,13.54,22274018,311746089.4,5.3914,1.1009,1,0,none,baostock,query_history_k_data_plus
600875,SHSE.600875,,SH,A股-上交所,2024-02-07,14.3,14.83,14.27,14.73,14.27,21587348,315654535.21,3.2235,1.0669,1,0,none,baostock,query_history_k_data_plus
600875,SHSE.600875,,SH,A股-上交所,2024-02-08,14.89,15.02,14.52,14.67,14.73,28382325,417410511.53,-0.4073,1.4028,1,0,none,baostock,query_history_k_data_plus
600875,SHSE.600875,,SH,A股-上交所,2024-02-19,14.81,15.1,14.65,15.1,14.67,25830037,386554256.89,2.9312,1.2766,1,0,none,baostock,query_history_k_data_plus
600875,SHSE.600875,,SH,A股-上交所,2024-02-20,15.09,15.19,14.88,15.06,15.1,18943093,284381925.97,-0.2649,0.9362,1,0,none,baostock,query_history_k_data_plus
600875,SHSE.600875,,SH,A股-上交所,2024-02-21,15.06,15.58,14.89,15.28,15.06,27357548,419335726.83,1.4608,1.3521,1,0,none,baostock,query_history_k_data_plus
600875,SHSE.600875,,SH,A股-上交所,2024-02-22,15.29,15.46,15.17,15.44,15.28,19737868,302639745.86,1.0471,0.9755,1,0,none,baostock,query_history_k_data_plus
600875,SHSE.600875,,SH,A股-上交所,2024-02-23,15.47,15.77,15.33,15.59,15.44,20614587,320287429.54,0.9715,1.0189,1,0,none,baostock,query_history_k_data_plus
600875,SHSE.600875,,SH,A股-上交所,2024-02-26,15.63,15.75,15.49,15.58,15.59,18839519,294171006.54,-0.0641,0.9311,1,0,none,baostock,query_history_k_data_plus
600875,SHSE.600875,,SH,A股-上交所,2024-02-27,15.59,15.72,15.43,15.71,15.58,15483314,241030203.75,0.8344,0.7652,1,0,none,baostock,query_history_k_data_plus
600875,SHSE.600875,,SH,A股-上交所,2024-02-28,15.76,16.04,15.57,15.58,15.71,27227191,430266113.17,-0.8275,1.3457,1,0,none,baostock,query_history_k_data_plus
600875,SHSE.600875,,SH,A股-上交所,2024-02-29,15.55,16.36,15.51,16.35,15.58,30793956,493393344.61,4.9422,1.522,1,0,none,baostock,query_history_k_data_plus
600875,SHSE.600875,,SH,A股-上交所,2024-03-01,16.5,16.7,16.18,16.39,16.35,25473033,417673087.84,0.2446,1.259,1,0,none,baostock,query_history_k_data_plus
600875,SHSE.600875,,SH,A股-上交所,2024-03-04,16.43,16.64,16.22,16.29,16.39,19587007,320948936.02,-0.6101,0.9681,1,0,none,baostock,query_history_k_data_plus
600875,SHSE.600875,,SH,A股-上交所,2024-03-05,16.23,16.36,16.04,16.15,16.29,19920205,321984253.28,-0.8594,0.9845,1,0,none,baostock,query_history_k_data_plus
600875,SHSE.600875,,SH,A股-上交所,2024-03-06,16.15,16.65,16.12,16.41,16.15,25713401,423187720.35,1.6099,1.2709,1,0,none,baostock,query_history_k_data_plus
600875,SHSE.600875,,SH,A股-上交所,2024-03-07,16.41,16.44,16.11,16.22,16.41,17273882,281488826.04,-1.1578,0.8537,1,0,none,baostock,query_history_k_data_plus
600875,SHSE.600875,,SH,A股-上交所,2024-03-08,16.21,16.48,16.15,16.39,16.22,12509185,204038414.34,1.0481,0.6183,1,0,none,baostock,query_history_k_data_plus
600875,SHSE.600875,,SH,A股-上交所,2024-03-11,16.5,16.63,16.35,16.46,16.39,18872426,310693177.13,0.4271,0.9328,1,0,none,baostock,query_history_k_data_plus
600875,SHSE.600875,,SH,A股-上交所,2024-03-12,16.58,16.59,16.2,16.25,16.46,17492383,285921383.59,-1.2758,0.8645,1,0,none,baostock,query_history_k_data_plus
600875,SHSE.600875,,SH,A股-上交所,2024-03-13,16.26,16.3,15.9,15.97,16.25,22255937,356257173.44,-1.7231,1.1,1,0,none,baostock,query_history_k_data_plus
600875,SHSE.600875,,SH,A股-上交所,2024-03-14,15.96,16.09,15.8,15.9,15.97,13920066,222183630.61,-0.4383,0.688,1,0,none,baostock,query_history_k_data_plus
600875,SHSE.600875,,SH,A股-上交所,2024-03-15,15.84,15.91,15.67,15.9,15.9,15503038,245100716.7,0.0,0.7662,1,0,none,baostock,query_history_k_data_plus
600875,SHSE.600875,,SH,A股-上交所,2024-03-18,15.9,16.1,15.85,15.97,15.9,18012663,287349544.36,0.4403,0.8903,1,0,none,baostock,query_history_k_data_plus
600875,SHSE.600875,,SH,A股-上交所,2024-03-19,15.98,16.0,15.75,15.76,15.97,13750126,217954316.49,-1.315,0.6796,1,0,none,baostock,query_history_k_data_plus
600875,SHSE.600875,,SH,A股-上交所,2024-03-20,15.78,15.8,15.55,15.76,15.76,17840648,279689741.66,0.0,0.8818,1,0,none,baostock,query_history_k_data_plus
600875,SHSE.600875,,SH,A股-上交所,2024-03-21,15.77,15.95,15.56,15.9,15.76,20729840,326938854.11,0.8883,1.0246,1,0,none,baostock,query_history_k_data_plus
600875,SHSE.600875,,SH,A股-上交所,2024-03-22,15.9,16.08,15.64,15.77,15.9,18657588,295165111.79,-0.8176,0.9221,1,0,none,baostock,query_history_k_data_plus
600875,SHSE.600875,,SH,A股-上交所,2024-03-25,15.69,15.87,15.49,15.5,15.77,15367056,240604657.85,-1.7121,0.7595,1,0,none,baostock,query_history_k_data_plus
600875,SHSE.600875,,SH,A股-上交所,2024-03-26,15.58,15.66,15.34,15.62,15.5,14874586,230110126.91,0.7742,0.7352,1,0,none,baostock,query_history_k_data_plus
600875,SHSE.600875,,SH,A股-上交所,2024-03-27,15.62,15.69,15.0,15.16,15.62,16088031,247056520.47,-2.9449,0.7951,1,0,none,baostock,query_history_k_data_plus
600875,SHSE.600875,,SH,A股-上交所,2024-03-28,15.17,15.64,15.08,15.45,15.16,18719924,288065106.06,1.9129,0.9252,1,0,none,baostock,query_history_k_data_plus
600875,SHSE.600875,,SH,A股-上交所,2024-03-29,15.57,15.85,15.22,15.75,15.45,23498483,366083355.65,1.9417,1.1614,1,0,none,baostock,query_history_k_data_plus
600875,SHSE.600875,,SH,A股-上交所,2024-04-01,15.75,15.93,15.63,15.83,15.75,29580372,466192544.63,0.5079,1.462,1,0,none,baostock,query_history_k_data_plus
600875,SHSE.600875,,SH,A股-上交所,2024-04-02,15.8,15.87,15.37,15.48,15.83,29355776,456411826.33,-2.211,1.4509,1,0,none,baostock,query_history_k_data_plus
600875,SHSE.600875,,SH,A股-上交所,2024-04-03,15.4,15.46,15.16,15.31,15.48,18535423,283193489.31,-1.0982,0.9161,1,0,none,baostock,query_history_k_data_plus
600875,SHSE.600875,,SH,A股-上交所,2024-04-08,15.2,15.64,15.08,15.32,15.31,20182356,310630679.8,0.0653,0.9975,1,0,none,baostock,query_history_k_data_plus
600875,SHSE.600875,,SH,A股-上交所,2024-04-09,15.31,15.68,15.26,15.66,15.32,26673978,414440373.42,2.2193,1.3183,1,0,none,baostock,query_history_k_data_plus
600875,SHSE.600875,,SH,A股-上交所,2024-04-10,15.65,15.82,15.47,15.57,15.66,17262809,269992103.55,-0.5747,0.8532,1,0,none,baostock,query_history_k_data_plus
600875,SHSE.600875,,SH,A股-上交所,2024-04-11,15.6,16.65,15.5,16.47,15.57,51872386,841989560.76,5.7803,2.5637,1,0,none,baostock,query_history_k_data_plus
600875,SHSE.600875,,SH,A股-上交所,2024-04-12,16.4,16.92,16.3,16.62,16.47,36234597,603541667.7,0.9107,1.7909,1,0,none,baostock,query_history_k_data_plus
600875,SHSE.600875,,SH,A股-上交所,2024-04-15,16.58,17.43,16.53,17.27,16.62,48291916,826396394.34,3.911,2.3868,1,0,none,baostock,query_history_k_data_plus
600875,SHSE.600875,,SH,A股-上交所,2024-04-16,17.33,17.58,17.0,17.16,17.27,42543099,734641994.51,-0.6369,2.1027,1,0,none,baostock,query_history_k_data_plus
600875,SHSE.600875,,SH,A股-上交所,2024-04-17,17.09,18.1,17.02,18.05,17.16,48847593,862670415.85,5.1865,2.4142,1,0,none,baostock,query_history_k_data_plus
600875,SHSE.600875,,SH,A股-上交所,2024-04-18,18.05,18.58,17.87,18.01,18.05,47983242,870247605.71,-0.2216,2.3715,1,0,none,baostock,query_history_k_data_plus
600875,SHSE.600875,,SH,A股-上交所,2024-04-19,17.93,18.42,17.85,18.25,18.01,32479105,591557003.46,1.3326,1.6053,1,0,none,baostock,query_history_k_data_plus
600875,SHSE.600875,,SH,A股-上交所,2024-04-22,18.28,18.58,17.61,17.84,18.25,42443044,762616170.59,-2.2466,2.0977,1,0,none,baostock,query_history_k_data_plus
600875,SHSE.600875,,SH,A股-上交所,2024-04-23,17.74,18.06,17.62,17.71,17.84,25923974,462047065.74,-0.7287,1.2813,1,0,none,baostock,query_history_k_data_plus
600875,SHSE.600875,,SH,A股-上交所,2024-04-24,17.72,18.06,17.54,17.71,17.71,23283722,412407327.13,0.0,1.1508,1,0,none,baostock,query_history_k_data_plus
600875,SHSE.600875,,SH,A股-上交所,2024-04-25,17.63,17.78,17.49,17.59,17.71,16625430,292430005.4,-0.6776,0.8217,1,0,none,baostock,query_history_k_data_plus
600875,SHSE.600875,,SH,A股-上交所,2024-04-26,17.5,17.67,17.02,17.1,17.59,38866019,670850819.89,-2.7857,1.9209,1,0,none,baostock,query_history_k_data_plus
600875,SHSE.600875,,SH,A股-上交所,2024-04-29,17.15,17.57,17.14,17.22,17.1,30569164,529344766.62,0.7018,1.5109,1,0,none,baostock,query_history_k_data_plus
600875,SHSE.600875,,SH,A股-上交所,2024-04-30,17.14,17.19,16.68,16.86,17.22,37504476,632244888.22,-2.0906,1.8536,1,0,none,baostock,query_history_k_data_plus
600875,SHSE.600875,,SH,A股-上交所,2024-05-06,16.95,17.41,16.88,17.37,16.86,32995034,567055327.32,3.0249,1.6308,1,0,none,baostock,query_history_k_data_plus
600875,SHSE.600875,,SH,A股-上交所,2024-05-07,17.38,17.47,17.1,17.22,17.37,22436442,386885806.4,-0.8636,1.1089,1,0,none,baostock,query_history_k_data_plus
600875,SHSE.600875,,SH,A股-上交所,2024-05-08,17.24,17.37,17.02,17.14,17.22,18108677,311301524.56,-0.4646,0.895,1,0,none,baostock,query_history_k_data_plus
600875,SHSE.600875,,SH,A股-上交所,2024-05-09,17.15,17.83,17.15,17.82,17.14,33962653,599477692.66,3.9673,1.6786,1,0,none,baostock,query_history_k_data_plus
600875,SHSE.600875,,SH,A股-上交所,2024-05-10,17.89,18.12,17.68,18.07,17.82,26821250,480886203.54,1.4029,1.3256,1,0,none,baostock,query_history_k_data_plus
600875,SHSE.600875,,SH,A股-上交所,2024-05-13,18.01,18.32,17.83,18.19,18.07,25357870,460014187.25,0.6641,1.2533,1,0,none,baostock,query_history_k_data_plus
600875,SHSE.600875,,SH,A股-上交所,2024-05-14,18.18,18.23,17.78,17.85,18.19,25665366,460404872.18,-1.8692,1.2685,1,0,none,baostock,query_history_k_data_plus
600875,SHSE.600875,,SH,A股-上交所,2024-05-15,17.71,17.94,17.37,17.39,17.85,18125180,318808696.52,-2.577,0.8958,1,0,none,baostock,query_history_k_data_plus
600875,SHSE.600875,,SH,A股-上交所,2024-05-16,17.36,17.68,17.33,17.53,17.39,23555952,413572094.04,0.8051,1.1642,1,0,none,baostock,query_history_k_data_plus
600875,SHSE.600875,,SH,A股-上交所,2024-05-17,17.52,17.69,17.36,17.68,17.53,17578329,308303805.71,0.8557,0.8688,1,0,none,baostock,query_history_k_data_plus
600875,SHSE.600875,,SH,A股-上交所,2024-05-20,17.65,18.1,17.57,18.07,17.68,27421279,490014363.92,2.2059,1.3553,1,0,none,baostock,query_history_k_data_plus
600875,SHSE.600875,,SH,A股-上交所,2024-05-21,18.03,18.21,17.51,17.6,18.07,19249089,341438798.31,-2.601,0.9514,1,0,none,baostock,query_history_k_data_plus
600875,SHSE.600875,,SH,A股-上交所,2024-05-22,17.57,17.7,17.46,17.5,17.6,13707375,240881733.34,-0.5682,0.6775,1,0,none,baostock,query_history_k_data_plus
600875,SHSE.600875,,SH,A股-上交所,2024-05-23,17.41,17.6,17.28,17.37,17.5,12574984,218862538.91,-0.7429,0.6215,1,0,none,baostock,query_history_k_data_plus
600875,SHSE.600875,,SH,A股-上交所,2024-05-24,17.3,17.97,17.29,17.66,17.37,21036640,372494981.32,1.6695,1.0397,1,0,none,baostock,query_history_k_data_plus
600875,SHSE.600875,,SH,A股-上交所,2024-05-27,17.68,18.57,17.68,18.55,17.66,53308789,975571578.67,5.0396,2.6347,1,0,none,baostock,query_history_k_data_plus
600875,SHSE.600875,,SH,A股-上交所,2024-05-28,18.55,18.98,18.49,18.58,18.55,38039229,711235235.34,0.1617,1.8801,1,0,none,baostock,query_history_k_data_plus
600875,SHSE.600875,,SH,A股-上交所,2024-05-29,18.5,18.75,18.28,18.55,18.58,16532643,306113875.38,-0.1615,0.8171,1,0,none,baostock,query_history_k_data_plus
600875,SHSE.600875,,SH,A股-上交所,2024-05-30,18.75,18.97,18.48,18.58,18.55,30120461,565310489.87,0.1617,1.4887,1,0,none,baostock,query_history_k_data_plus
600875,SHSE.600875,,SH,A股-上交所,2024-05-31,18.58,18.75,18.28,18.38,18.58,15834400,292017480.0,-1.0764,0.7826,1,0,none,baostock,query_history_k_data_plus
600875,SHSE.600875,,SH,A股-上交所,2024-06-03,18.2,18.46,18.15,18.36,18.38,21404096,392044472.52,-0.1088,1.0579,1,0,none,baostock,query_history_k_data_plus
600875,SHSE.600875,,SH,A股-上交所,2024-06-04,18.38,19.07,18.34,19.05,18.36,34912916,655081391.3,3.7582,1.7255,1,0,none,baostock,query_history_k_data_plus
600875,SHSE.600875,,SH,A股-上交所,2024-06-05,19.05,19.07,18.52,18.58,19.05,20909487,393014385.75,-2.4672,1.0334,1,0,none,baostock,query_history_k_data_plus
600875,SHSE.600875,,SH,A股-上交所,2024-06-06,18.57,19.01,18.52,18.75,18.58,23665201,445408100.81,0.915,1.1696,1,0,none,baostock,query_history_k_data_plus
600875,SHSE.600875,,SH,A股-上交所,2024-06-07,18.7,18.98,18.38,18.52,18.75,21900040,408842217.22,-1.2267,1.0824,1,0,none,baostock,query_history_k_data_plus
600875,SHSE.600875,,SH,A股-上交所,2024-06-11,18.4,18.55,17.9,18.28,18.52,21386311,390662430.13,-1.2959,1.057,1,0,none,baostock,query_history_k_data_plus
600875,SHSE.600875,,SH,A股-上交所,2024-06-12,18.23,18.45,18.0,18.39,18.28,13524929,247016635.11,0.6018,0.6685,1,0,none,baostock,query_history_k_data_plus
600875,SHSE.600875,,SH,A股-上交所,2024-06-13,18.37,18.8,18.1,18.18,18.39,19287347,354152029.1,-1.1419,0.9533,1,0,none,baostock,query_history_k_data_plus
600875,SHSE.600875,,SH,A股-上交所,2024-06-14,18.1,18.32,17.89,18.04,18.18,19995544,361595973.7,-0.7701,0.9883,1,0,none,baostock,query_history_k_data_plus
600875,SHSE.600875,,SH,A股-上交所,2024-06-17,17.9,18.65,17.86,18.36,18.04,24780136,455957424.93,1.7738,1.2247,1,0,none,baostock,query_history_k_data_plus
600875,SHSE.600875,,SH,A股-上交所,2024-06-18,18.41,18.63,18.22,18.63,18.36,14114099,260664639.87,1.4706,0.6976,1,0,none,baostock,query_history_k_data_plus
600875,SHSE.600875,,SH,A股-上交所,2024-06-19,18.53,18.63,18.11,18.19,18.63,15395140,281638727.26,-2.3618,0.7609,1,0,none,baostock,query_history_k_data_plus
600875,SHSE.600875,,SH,A股-上交所,2024-06-20,18.23,18.32,18.06,18.21,18.19,11703109,213004159.2,0.11,0.5784,1,0,none,baostock,query_history_k_data_plus
600875,SHSE.600875,,SH,A股-上交所,2024-06-21,18.15,18.4,18.03,18.28,18.21,13729230,250603005.41,0.3844,0.6786,1,0,none,baostock,query_history_k_data_plus
600875,SHSE.600875,,SH,A股-上交所,2024-06-24,18.26,18.4,17.95,17.96,18.28,19037302,345767180.88,-1.7505,0.9409,1,0,none,baostock,query_history_k_data_plus
600875,SHSE.600875,,SH,A股-上交所,2024-06-25,17.97,18.23,17.89,18.09,17.96,14327074,258954121.73,0.7238,0.7081,1,0,none,baostock,query_history_k_data_plus
600875,SHSE.600875,,SH,A股-上交所,2024-06-26,18.07,18.16,17.63,17.83,18.09,17820935,317333643.93,-1.4373,0.8808,1,0,none,baostock,query_history_k_data_plus
600875,SHSE.600875,,SH,A股-上交所,2024-06-27,17.76,17.86,17.61,17.63,17.83,12121351,214406771.26,-1.1217,0.5991,1,0,none,baostock,query_history_k_data_plus
600875,SHSE.600875,,SH,A股-上交所,2024-06-28,17.59,18.55,17.58,18.45,17.63,21015974,383295877.54,4.6512,1.0387,1,0,none,baostock,query_history_k_data_plus
600875,SHSE.600875,,SH,A股-上交所,2024-07-01,18.45,18.55,17.88,18.01,18.45,19713311,355609396.2,-2.3848,0.9743,1,0,none,baostock,query_history_k_data_plus
600875,SHSE.600875,,SH,A股-上交所,2024-07-02,18.04,18.06,17.32,17.53,18.01,26570588,465892835.16,-2.6652,1.3132,1,0,none,baostock,query_history_k_data_plus
600875,SHSE.600875,,SH,A股-上交所,2024-07-03,17.53,17.63,17.06,17.12,17.53,16809721,289280552.1,-2.3388,0.8308,1,0,none,baostock,query_history_k_data_plus
600875,SHSE.600875,,SH,A股-上交所,2024-07-04,17.16,17.38,17.07,17.13,17.12,13500723,232313830.24,0.0584,0.6673,1,0,none,baostock,query_history_k_data_plus
600875,SHSE.600875,,SH,A股-上交所,2024-07-05,17.09,17.19,16.72,17.05,17.13,16588795,280487670.14,-0.467,0.8199,1,0,none,baostock,query_history_k_data_plus
600875,SHSE.600875,,SH,A股-上交所,2024-07-08,17.03,17.3,16.82,17.11,17.05,14600101,249905015.4,0.3519,0.7216,1,0,none,baostock,query_history_k_data_plus
600875,SHSE.600875,,SH,A股-上交所,2024-07-09,17.11,17.37,16.74,17.24,17.11,16766904,286139182.6,0.7598,0.8287,1,0,none,baostock,query_history_k_data_plus
600875,SHSE.600875,,SH,A股-上交所,2024-07-10,17.15,17.24,16.17,16.25,17.24,40139930,661667700.8,-5.7425,1.9839,1,0,none,baostock,query_history_k_data_plus
600875,SHSE.600875,,SH,A股-上交所,2024-07-11,16.36,16.75,16.21,16.71,16.25,26858849,444697749.89,2.8308,1.3275,1,0,none,baostock,query_history_k_data_plus
600875,SHSE.600875,,SH,A股-上交所,2024-07-12,16.65,16.76,16.42,16.65,16.71,16497742,273766037.43,-0.3591,0.8154,1,0,none,baostock,query_history_k_data_plus
600875,SHSE.600875,,SH,A股-上交所,2024-07-15,16.64,16.78,16.46,16.56,16.65,13767079,228674162.28,-0.5405,0.6804,1,0,none,baostock,query_history_k_data_plus
600875,SHSE.600875,,SH,A股-上交所,2024-07-16,16.65,16.96,16.54,16.95,16.56,16677186,279889279.84,2.3551,0.8243,1,0,none,baostock,query_history_k_data_plus
600875,SHSE.600875,,SH,A股-上交所,2024-07-17,16.95,16.95,16.48,16.52,16.95,14815733,246421830.8,-2.5369,0.7323,1,0,none,baostock,query_history_k_data_plus
600875,SHSE.600875,,SH,A股-上交所,2024-07-18,16.5,16.86,16.36,16.73,16.52,12091366,201207018.16,1.2712,0.5976,1,0,none,baostock,query_history_k_data_plus
600875,SHSE.600875,,SH,A股-上交所,2024-07-19,16.69,16.93,16.46,16.75,16.73,13908426,232786491.34,0.1195,0.6874,1,0,none,baostock,query_history_k_data_plus
600875,SHSE.600875,,SH,A股-上交所,2024-07-22,16.72,17.02,16.6,16.73,16.75,15859743,265952949.29,-0.1194,0.7839,1,0,none,baostock,query_history_k_data_plus
600875,SHSE.600875,,SH,A股-上交所,2024-07-23,16.6,16.74,16.08,16.11,16.73,17312073,282390133.02,-3.7059,0.8556,1,0,none,baostock,query_history_k_data_plus
600875,SHSE.600875,,SH,A股-上交所,2024-07-24,16.02,16.42,16.01,16.23,16.11,13460644,218403740.63,0.7449,0.6653,1,0,none,baostock,query_history_k_data_plus
600875,SHSE.600875,,SH,A股-上交所,2024-07-25,16.2,16.28,15.91,16.16,16.23,10873495,175008494.77,-0.4313,0.5374,1,0,none,baostock,query_history_k_data_plus
600875,SHSE.600875,,SH,A股-上交所,2024-07-26,15.75,16.33,15.67,16.27,15.69,17984915,289711997.76,3.6966,0.8889,1,0,none,baostock,query_history_k_data_plus
600875,SHSE.600875,,SH,A股-上交所,2024-07-29,16.3,16.43,15.93,16.06,16.27,15026999,242765489.49,-1.2907,0.7427,1,0,none,baostock,query_history_k_data_plus
600875,SHSE.600875,,SH,A股-上交所,2024-07-30,16.06,16.15,15.78,16.05,16.06,12026771,191969107.63,-0.0623,0.5944,1,0,none,baostock,query_history_k_data_plus
600875,SHSE.600875,,SH,A股-上交所,2024-07-31,16.09,16.4,15.89,16.34,16.05,19194148,310357872.07,1.8069,0.9487,1,0,none,baostock,query_history_k_data_plus
600875,SHSE.600875,,SH,A股-上交所,2024-08-01,16.22,16.64,16.15,16.17,16.34,16796462,274523355.91,-1.0404,0.8302,1,0,none,baostock,query_history_k_data_plus
600875,SHSE.600875,,SH,A股-上交所,2024-08-02,16.06,16.06,15.74,15.77,16.17,15409283,244036792.91,-2.4737,0.7616,1,0,none,baostock,query_history_k_data_plus
600875,SHSE.600875,,SH,A股-上交所,2024-08-05,15.77,15.85,15.45,15.46,15.77,15904800,248002474.33,-1.9658,0.7861,1,0,none,baostock,query_history_k_data_plus
600875,SHSE.600875,,SH,A股-上交所,2024-08-06,15.58,15.7,15.41,15.58,15.46,9616887,149638590.3,0.7762,0.4753,1,0,none,baostock,query_history_k_data_plus
600875,SHSE.600875,,SH,A股-上交所,2024-08-07,15.59,15.95,15.55,15.84,15.58,14650503,231038095.37,1.6688,0.7241,1,0,none,baostock,query_history_k_data_plus
600875,SHSE.600875,,SH,A股-上交所,2024-08-08,15.74,15.77,15.42,15.58,15.84,12044928,187743804.15,-1.6414,0.5953,1,0,none,baostock,query_history_k_data_plus
600875,SHSE.600875,,SH,A股-上交所,2024-08-09,15.66,16.03,15.54,15.55,15.58,8986677,141309591.43,-0.1926,0.4442,1,0,none,baostock,query_history_k_data_plus
600875,SHSE.600875,,SH,A股-上交所,2024-08-12,15.8,16.11,15.68,15.94,15.55,18556977,295590052.53,2.508,0.9172,1,0,none,baostock,query_history_k_data_plus
600875,SHSE.600875,,SH,A股-上交所,2024-08-13,15.9,16.06,15.76,15.93,15.94,12704410,202108657.9,-0.0627,0.6279,1,0,none,baostock,query_history_k_data_plus
600875,SHSE.600875,,SH,A股-上交所,2024-08-14,15.98,15.98,14.34,14.36,15.93,71751561,1055125304.48,-9.8556,3.5463,1,0,none,baostock,query_history_k_data_plus
600875,SHSE.600875,,SH,A股-上交所,2024-08-15,14.36,14.51,14.14,14.41,14.36,35642939,511713519.42,0.3482,1.7616,1,0,none,baostock,query_history_k_data_plus
600875,SHSE.600875,,SH,A股-上交所,2024-08-16,14.39,14.5,14.18,14.23,14.41,20627351,295442256.22,-1.2491,1.0195,1,0,none,baostock,query_history_k_data_plus
600875,SHSE.600875,,SH,A股-上交所,2024-08-19,14.15,14.42,14.06,14.24,14.23,19472821,277828461.37,0.0703,0.9624,1,0,none,baostock,query_history_k_data_plus
600875,SHSE.600875,,SH,A股-上交所,2024-08-20,14.46,14.52,13.98,14.08,14.24,18733587,264815896.86,-1.1236,0.9259,1,0,none,baostock,query_history_k_data_plus
600875,SHSE.600875,,SH,A股-上交所,2024-08-21,14.07,14.07,13.67,13.86,14.08,20785196,286966261.57,-1.5625,1.0273,1,0,none,baostock,query_history_k_data_plus
600875,SHSE.600875,,SH,A股-上交所,2024-08-22,13.93,13.95,13.72,13.87,13.86,16392612,226939351.29,0.0722,0.8102,1,0,none,baostock,query_history_k_data_plus
600875,SHSE.600875,,SH,A股-上交所,2024-08-23,13.73,13.86,13.61,13.76,13.87,11665748,160037549.2,-0.7931,0.5766,1,0,none,baostock,query_history_k_data_plus
600875,SHSE.600875,,SH,A股-上交所,2024-08-26,13.75,13.89,13.55,13.83,13.76,11774283,162171859.38,0.5087,0.5819,1,0,none,baostock,query_history_k_data_plus
600875,SHSE.600875,,SH,A股-上交所,2024-08-27,13.75,13.77,13.4,13.46,13.83,17700585,239401812.77,-2.6753,0.8748,1,0,none,baostock,query_history_k_data_plus
600875,SHSE.600875,,SH,A股-上交所,2024-08-28,13.44,13.61,13.38,13.57,13.46,13435500,181734963.18,0.8172,0.664,1,0,none,baostock,query_history_k_data_plus
600875,SHSE.600875,,SH,A股-上交所,2024-08-29,13.5,13.68,13.48,13.56,13.57,15303755,207620134.87,-0.0737,0.7564,1,0,none,baostock,query_history_k_data_plus
600875,SHSE.600875,,SH,A股-上交所,2024-08-30,13.54,13.84,13.22,13.66,13.56,31949525,434039795.1,0.7375,1.5791,1,0,none,baostock,query_history_k_data_plus
600875,SHSE.600875,,SH,A股-上交所,2024-09-02,13.62,13.66,13.39,13.41,13.66,17508710,236642252.93,-1.8302,0.8654,1,0,none,baostock,query_history_k_data_plus
600875,SHSE.600875,,SH,A股-上交所,2024-09-03,13.32,13.53,13.26,13.37,13.41,13155071,176058704.91,-0.2983,0.6502,1,0,none,baostock,query_history_k_data_plus
600875,SHSE.600875,,SH,A股-上交所,2024-09-04,13.29,13.41,13.08,13.22,13.37,13412501,177741597.3,-1.1219,0.6629,1,0,none,baostock,query_history_k_data_plus
600875,SHSE.600875,,SH,A股-上交所,2024-09-05,13.24,13.28,13.08,13.18,13.22,14259411,187883854.55,-0.3026,0.7048,1,0,none,baostock,query_history_k_data_plus
600875,SHSE.600875,,SH,A股-上交所,2024-09-06,13.19,13.22,12.93,12.94,13.18,13531257,176747084.15,-1.8209,0.6688,1,0,none,baostock,query_history_k_data_plus
600875,SHSE.600875,,SH,A股-上交所,2024-09-09,12.9,12.98,12.66,12.71,12.94,15737408,200684773.52,-1.7774,0.7778,1,0,none,baostock,query_history_k_data_plus
600875,SHSE.600875,,SH,A股-上交所,2024-09-10,12.73,12.75,12.33,12.62,12.71,20612100,258004080.22,-0.7081,1.0187,1,0,none,baostock,query_history_k_data_plus
600875,SHSE.600875,,SH,A股-上交所,2024-09-11,12.57,12.76,12.42,12.55,12.62,14312106,179702318.64,-0.5547,0.7074,1,0,none,baostock,query_history_k_data_plus
600875,SHSE.600875,,SH,A股-上交所,2024-09-12,12.56,12.88,12.56,12.71,12.55,16132355,206062734.66,1.2749,0.7973,1,0,none,baostock,query_history_k_data_plus
600875,SHSE.600875,,SH,A股-上交所,2024-09-13,12.68,12.71,12.28,12.34,12.71,16741957,208485999.05,-2.9111,0.8275,1,0,none,baostock,query_history_k_data_plus
600875,SHSE.600875,,SH,A股-上交所,2024-09-18,12.36,12.52,12.26,12.43,12.34,12702588,157661107.4,0.7293,0.6278,1,0,none,baostock,query_history_k_data_plus
600875,SHSE.600875,,SH,A股-上交所,2024-09-19,12.5,12.76,12.34,12.63,12.43,16248710,204510150.65,1.609,0.8031,1,0,none,baostock,query_history_k_data_plus
600875,SHSE.600875,,SH,A股-上交所,2024-09-20,12.65,12.66,12.35,12.47,12.63,16469396,204819546.02,-1.2668,0.814,1,0,none,baostock,query_history_k_data_plus
600875,SHSE.600875,,SH,A股-上交所,2024-09-23,12.47,12.74,12.38,12.66,12.47,14184441,179252162.51,1.5237,0.7011,1,0,none,baostock,query_history_k_data_plus
600875,SHSE.600875,,SH,A股-上交所,2024-09-24,12.78,13.18,12.58,13.17,12.66,33194682,429126466.25,4.0284,1.6406,1,0,none,baostock,query_history_k_data_plus
600875,SHSE.600875,,SH,A股-上交所,2024-09-25,13.34,13.93,13.33,13.52,13.17,34975349,476896561.49,2.6576,1.7286,1,0,none,baostock,query_history_k_data_plus
600875,SHSE.600875,,SH,A股-上交所,2024-09-26,13.5,13.85,13.4,13.85,13.52,27346912,372941337.4,2.4408,1.3516,1,0,none,baostock,query_history_k_data_plus
600875,SHSE.600875,,SH,A股-上交所,2024-09-27,14.1,14.6,14.1,14.56,13.85,27428192,393572361.23,5.1264,1.3556,1,0,none,baostock,query_history_k_data_plus
600875,SHSE.600875,,SH,A股-上交所,2024-09-30,15.06,15.96,14.8,15.8,14.56,68898368,1063758821.84,8.5165,3.4052,1,0,none,baostock,query_history_k_data_plus
600875,SHSE.600875,,SH,A股-上交所,2024-10-08,17.38,17.38,15.68,16.27,15.8,82688730,1362179790.26,2.9747,4.0868,1,0,none,baostock,query_history_k_data_plus
600875,SHSE.600875,,SH,A股-上交所,2024-10-09,15.51,15.88,14.84,14.85,16.27,61652187,945361708.93,-8.7277,3.0471,1,0,none,baostock,query_history_k_data_plus
600875,SHSE.600875,,SH,A股-上交所,2024-10-10,14.84,15.56,14.84,15.15,14.85,40099762,610369188.44,2.0202,1.9819,1,0,none,baostock,query_history_k_data_plus
600875,SHSE.600875,,SH,A股-上交所,2024-10-11,15.1,15.1,14.52,14.65,15.15,26186229,387486008.34,-3.3003,1.2942,1,0,none,baostock,query_history_k_data_plus
600875,SHSE.600875,,SH,A股-上交所,2024-10-14,14.85,15.06,14.73,14.9,14.65,29183768,435023629.39,1.7065,1.4424,1,0,none,baostock,query_history_k_data_plus
600875,SHSE.600875,,SH,A股-上交所,2024-10-15,14.81,14.86,14.46,14.46,14.9,30823609,451223873.7,-2.953,1.5234,1,0,none,baostock,query_history_k_data_plus
600875,SHSE.600875,,SH,A股-上交所,2024-10-16,14.35,15.28,14.22,14.75,14.46,41588592,612686316.34,2.0055,2.0555,1,0,none,baostock,query_history_k_data_plus
600875,SHSE.600875,,SH,A股-上交所,2024-10-17,14.98,14.99,14.33,14.37,14.75,35646518,520123506.15,-2.5763,1.7618,1,0,none,baostock,query_history_k_data_plus
600875,SHSE.600875,,SH,A股-上交所,2024-10-18,14.31,15.02,14.27,14.79,14.37,40025321,586915845.24,2.9228,1.9782,1,0,none,baostock,query_history_k_data_plus
600875,SHSE.600875,,SH,A股-上交所,2024-10-21,15.0,15.01,14.59,14.8,14.79,32907734,486723755.93,0.0676,1.6264,1,0,none,baostock,query_history_k_data_plus
600875,SHSE.600875,,SH,A股-上交所,2024-10-22,14.76,15.3,14.73,15.3,14.8,39656415,599261093.06,3.3784,1.96,1,0,none,baostock,query_history_k_data_plus
600875,SHSE.600875,,SH,A股-上交所,2024-10-23,15.4,15.55,15.14,15.35,15.3,38926580,596576974.42,0.3268,1.9239,1,0,none,baostock,query_history_k_data_plus
600875,SHSE.600875,,SH,A股-上交所,2024-10-24,15.28,15.28,14.96,15.05,15.35,23788666,358569047.67,-1.9544,1.1757,1,0,none,baostock,query_history_k_data_plus
600875,SHSE.600875,,SH,A股-上交所,2024-10-25,15.0,15.8,14.98,15.57,15.05,42835192,659538877.07,3.4551,2.1171,1,0,none,baostock,query_history_k_data_plus
600875,SHSE.600875,,SH,A股-上交所,2024-10-28,15.57,15.57,15.11,15.45,15.57,31700690,484949287.33,-0.7707,1.5668,1,0,none,baostock,query_history_k_data_plus
600875,SHSE.600875,,SH,A股-上交所,2024-10-29,15.45,15.54,15.2,15.24,15.45,26424852,405699576.07,-1.3592,1.306,1,0,none,baostock,query_history_k_data_plus
600875,SHSE.600875,,SH,A股-上交所,2024-10-30,15.13,15.34,14.92,15.05,15.24,23967404,362340434.95,-1.2467,1.1846,1,0,none,baostock,query_history_k_data_plus
600875,SHSE.600875,,SH,A股-上交所,2024-10-31,15.18,15.78,15.15,15.77,15.05,57300529,890366376.13,4.7841,2.832,1,0,none,baostock,query_history_k_data_plus
600875,SHSE.600875,,SH,A股-上交所,2024-11-01,15.68,15.69,15.24,15.35,15.77,35321418,545600130.95,-2.6633,1.7457,1,0,none,baostock,query_history_k_data_plus
600875,SHSE.600875,,SH,A股-上交所,2024-11-04,15.36,15.83,15.35,15.69,15.35,35453544,555169639.3,2.215,1.7523,1,0,none,baostock,query_history_k_data_plus
600875,SHSE.600875,,SH,A股-上交所,2024-11-05,15.69,16.05,15.54,16.05,15.69,40922204,648606394.48,2.2945,2.0225,1,0,none,baostock,query_history_k_data_plus
600875,SHSE.600875,,SH,A股-上交所,2024-11-06,16.05,16.44,15.87,15.98,16.05,41288582,665194580.32,-0.4361,2.0407,1,0,none,baostock,query_history_k_data_plus
600875,SHSE.600875,,SH,A股-上交所,2024-11-07,15.92,16.35,15.8,16.29,15.98,38126024,616117341.47,1.9399,1.8843,1,0,none,baostock,query_history_k_data_plus
600875,SHSE.600875,,SH,A股-上交所,2024-11-08,16.37,16.55,16.15,16.22,16.29,34670550,565938486.23,-0.4297,1.7136,1,0,none,baostock,query_history_k_data_plus
600875,SHSE.600875,,SH,A股-上交所,2024-11-11,16.11,16.43,16.05,16.32,16.22,26443499,429740308.68,0.6165,1.3069,1,0,none,baostock,query_history_k_data_plus
600875,SHSE.600875,,SH,A股-上交所,2024-11-12,16.35,17.06,16.17,16.32,16.32,48548577,808317380.33,0.0,2.3995,1,0,none,baostock,query_history_k_data_plus
600875,SHSE.600875,,SH,A股-上交所,2024-11-13,16.32,16.57,16.17,16.32,16.32,23034664,375488364.13,0.0,1.1385,1,0,none,baostock,query_history_k_data_plus
600875,SHSE.600875,,SH,A股-上交所,2024-11-14,16.31,16.49,15.86,15.87,16.32,24952599,401864972.9,-2.7574,1.2333,1,0,none,baostock,query_history_k_data_plus
600875,SHSE.600875,,SH,A股-上交所,2024-11-15,15.85,16.0,15.67,15.68,15.87,22195227,351016829.05,-1.1972,1.097,1,0,none,baostock,query_history_k_data_plus
600875,SHSE.600875,,SH,A股-上交所,2024-11-18,15.65,16.07,15.63,15.72,15.68,21801046,345122427.93,0.2551,1.0775,1,0,none,baostock,query_history_k_data_plus
600875,SHSE.600875,,SH,A股-上交所,2024-11-19,15.72,15.92,15.6,15.9,15.72,17990438,283795934.93,1.145,0.8892,1,0,none,baostock,query_history_k_data_plus
600875,SHSE.600875,,SH,A股-上交所,2024-11-20,15.89,15.9,15.69,15.88,15.9,19258601,304309938.75,-0.1258,0.9518,1,0,none,baostock,query_history_k_data_plus
600875,SHSE.600875,,SH,A股-上交所,2024-11-21,15.89,16.64,15.82,16.3,15.88,50941204,832103158.52,2.6448,2.5177,1,0,none,baostock,query_history_k_data_plus
600875,SHSE.600875,,SH,A股-上交所,2024-11-22,16.57,16.8,15.45,15.45,16.3,52423084,844044659.15,-5.2147,2.591,1,0,none,baostock,query_history_k_data_plus
600875,SHSE.600875,,SH,A股-上交所,2024-11-25,15.35,15.61,14.92,15.13,15.45,32783698,497923791.7,-2.0712,1.6201,1,0,none,baostock,query_history_k_data_plus
600875,SHSE.600875,,SH,A股-上交所,2024-11-26,15.22,15.23,14.89,14.9,15.13,19433529,291677337.93,-1.5202,0.9604,1,0,none,baostock,query_history_k_data_plus
600875,SHSE.600875,,SH,A股-上交所,2024-11-27,14.98,15.38,14.71,15.37,14.9,25021142,376931902.77,3.1544,1.2365,1,0,none,baostock,query_history_k_data_plus
600875,SHSE.600875,,SH,A股-上交所,2024-11-28,15.36,15.36,15.0,15.07,15.37,21538907,325509247.28,-1.9519,1.0644,1,0,none,baostock,query_history_k_data_plus
600875,SHSE.600875,,SH,A股-上交所,2024-11-29,15.02,15.28,14.99,15.18,15.07,17404074,263892499.71,0.7299,0.8601,1,0,none,baostock,query_history_k_data_plus
600875,SHSE.600875,,SH,A股-上交所,2024-12-02,15.18,15.47,15.18,15.39,15.18,20300355,310720507.61,1.3834,1.0032,1,0,none,baostock,query_history_k_data_plus
600875,SHSE.600875,,SH,A股-上交所,2024-12-03,15.4,15.63,15.23,15.33,15.39,18903929,291261878.72,-0.3899,0.9342,1,0,none,baostock,query_history_k_data_plus
600875,SHSE.600875,,SH,A股-上交所,2024-12-04,15.3,15.36,15.01,15.12,15.33,16585310,250900062.8,-1.3699,0.8196,1,0,none,baostock,query_history_k_data_plus
600875,SHSE.600875,,SH,A股-上交所,2024-12-05,15.06,15.13,14.93,15.1,15.12,12817490,192869079.01,-0.1323,0.6334,1,0,none,baostock,query_history_k_data_plus
600875,SHSE.600875,,SH,A股-上交所,2024-12-06,15.09,15.31,15.01,15.26,15.1,16472236,250087703.82,1.0596,0.814,1,0,none,baostock,query_history_k_data_plus
600875,SHSE.600875,,SH,A股-上交所,2024-12-09,15.27,15.48,15.21,15.39,15.26,20712005,317847588.78,0.8519,1.0235,1,0,none,baostock,query_history_k_data_plus
600875,SHSE.600875,,SH,A股-上交所,2024-12-10,15.72,15.8,15.37,15.38,15.39,22214599,345723741.49,-0.065,1.0978,1,0,none,baostock,query_history_k_data_plus
600875,SHSE.600875,,SH,A股-上交所,2024-12-11,15.32,15.45,15.3,15.37,15.38,13048330,200481481.78,-0.065,0.6448,1,0,none,baostock,query_history_k_data_plus
600875,SHSE.600875,,SH,A股-上交所,2024-12-12,15.39,15.47,15.28,15.47,15.37,16142432,248429690.8,0.6506,0.7977,1,0,none,baostock,query_history_k_data_plus
600875,SHSE.600875,,SH,A股-上交所,2024-12-13,15.43,15.43,15.18,15.2,15.47,17873017,272907627.42,-1.7453,0.8832,1,0,none,baostock,query_history_k_data_plus
600875,SHSE.600875,,SH,A股-上交所,2024-12-16,15.21,15.28,15.02,15.08,15.2,12884196,195068958.84,-0.7895,0.6367,1,0,none,baostock,query_history_k_data_plus
600875,SHSE.600875,,SH,A股-上交所,2024-12-17,15.08,15.32,15.06,15.15,15.08,14199419,215555311.75,0.4642,0.7017,1,0,none,baostock,query_history_k_data_plus
600875,SHSE.600875,,SH,A股-上交所,2024-12-18,15.19,15.55,15.18,15.31,15.15,19288845,297002404.72,1.0561,0.9532,1,0,none,baostock,query_history_k_data_plus
600875,SHSE.600875,,SH,A股-上交所,2024-12-19,15.21,15.26,15.01,15.19,15.31,16214031,245457979.93,-0.7838,0.8013,1,0,none,baostock,query_history_k_data_plus
600875,SHSE.600875,,SH,A股-上交所,2024-12-20,15.12,15.25,14.95,14.98,15.19,17803548,267791724.05,-1.3825,0.8798,1,0,none,baostock,query_history_k_data_plus
600875,SHSE.600875,,SH,A股-上交所,2024-12-23,14.95,15.27,14.93,15.09,14.98,17357381,262996780.17,0.7343,0.8578,1,0,none,baostock,query_history_k_data_plus
600875,SHSE.600875,,SH,A股-上交所,2024-12-24,15.07,15.37,15.05,15.36,15.09,18564939,283414742.75,1.7893,0.9174,1,0,none,baostock,query_history_k_data_plus
600875,SHSE.600875,,SH,A股-上交所,2024-12-25,15.39,15.94,15.37,15.88,15.36,40638014,640610991.79,3.3854,2.0082,1,0,none,baostock,query_history_k_data_plus
600875,SHSE.600875,,SH,A股-上交所,2024-12-26,15.77,16.17,15.67,15.97,15.88,28037377,448566728.07,0.5668,1.3855,1,0,none,baostock,query_history_k_data_plus
600875,SHSE.600875,,SH,A股-上交所,2024-12-27,15.97,16.24,15.86,16.05,15.97,20206046,322872399.02,0.5009,0.9985,1,0,none,baostock,query_history_k_data_plus
600875,SHSE.600875,,SH,A股-上交所,2024-12-30,16.06,16.26,15.95,16.04,16.05,22779903,366685522.41,-0.0623,1.1257,1,0,none,baostock,query_history_k_data_plus
600875,SHSE.600875,,SH,A股-上交所,2024-12-31,16.05,16.2,15.89,15.89,16.04,21911170,351427493.41,-0.9352,1.0828,1,0,none,baostock,query_history_k_data_plus
600875,SHSE.600875,,SH,A股-上交所,2025-01-02,15.89,15.99,14.86,15.0,15.89,29696523,455247851.16,-5.601,1.4675,1,0,none,baostock,query_history_k_data_plus
600875,SHSE.600875,,SH,A股-上交所,2025-01-03,15.0,15.19,14.59,14.65,15.0,24202900,359759472.0,-2.3333,1.196,1,0,none,baostock,query_history_k_data_plus
600875,SHSE.600875,,SH,A股-上交所,2025-01-06,14.6,14.83,14.56,14.71,14.65,16135105,236719583.45,0.4096,0.7974,1,0,none,baostock,query_history_k_data_plus
600875,SHSE.600875,,SH,A股-上交所,2025-01-07,14.71,15.06,14.61,14.85,14.71,15776379,233605375.0,0.9517,0.7796,1,0,none,baostock,query_history_k_data_plus
600875,SHSE.600875,,SH,A股-上交所,2025-01-08,14.79,14.79,14.3,14.7,14.85,21756814,317117366.34,-1.0101,1.0752,1,0,none,baostock,query_history_k_data_plus
600875,SHSE.600875,,SH,A股-上交所,2025-01-09,14.63,14.85,14.59,14.62,14.7,12568200,184760277.0,-0.5442,0.6211,1,0,none,baostock,query_history_k_data_plus
600875,SHSE.600875,,SH,A股-上交所,2025-01-10,14.55,14.7,14.39,14.39,14.62,10701728,155294667.2,-1.5732,0.5289,1,0,none,baostock,query_history_k_data_plus
600875,SHSE.600875,,SH,A股-上交所,2025-01-13,14.31,14.33,13.98,14.12,14.39,16146892,228440297.34,-1.8763,0.7979,1,0,none,baostock,query_history_k_data_plus
600875,SHSE.600875,,SH,A股-上交所,2025-01-14,14.12,14.72,14.05,14.69,14.12,18369196,265975361.04,4.0368,0.9078,1,0,none,baostock,query_history_k_data_plus
600875,SHSE.600875,,SH,A股-上交所,2025-01-15,14.81,14.81,14.49,14.53,14.69,10423369,151789377.88,-1.0892,0.5151,1,0,none,baostock,query_history_k_data_plus
600875,SHSE.600875,,SH,A股-上交所,2025-01-16,14.57,14.79,14.4,14.52,14.53,11519006,167758052.51,-0.0688,0.5692,1,0,none,baostock,query_history_k_data_plus
600875,SHSE.600875,,SH,A股-上交所,2025-01-17,14.42,14.72,14.42,14.66,14.52,11425100,167136894.0,0.9642,0.5646,1,0,none,baostock,query_history_k_data_plus
600875,SHSE.600875,,SH,A股-上交所,2025-01-20,14.73,14.96,14.67,14.67,14.66,14191257,210036752.05,0.0682,0.7013,1,0,none,baostock,query_history_k_data_plus
600875,SHSE.600875,,SH,A股-上交所,2025-01-21,14.76,14.81,14.4,14.45,14.67,14021833,203548900.82,-1.4997,0.6929,1,0,none,baostock,query_history_k_data_plus
600875,SHSE.600875,,SH,A股-上交所,2025-01-22,14.45,14.54,14.27,14.47,14.45,13187686,190042271.26,0.1384,0.6517,1,0,none,baostock,query_history_k_data_plus
600875,SHSE.600875,,SH,A股-上交所,2025-01-23,14.59,14.91,14.56,14.71,14.47,20642872,304171267.93,1.6586,1.0201,1,0,none,baostock,query_history_k_data_plus
600875,SHSE.600875,,SH,A股-上交所,2025-01-24,14.65,15.12,14.62,15.07,14.71,18110451,270252514.92,2.4473,0.895,1,0,none,baostock,query_history_k_data_plus
600875,SHSE.600875,,SH,A股-上交所,2025-01-27,15.07,15.15,14.91,14.92,15.07,10112828,151729131.74,-0.9954,0.4997,1,0,none,baostock,query_history_k_data_plus
600875,SHSE.600875,,SH,A股-上交所,2025-02-05,14.9,14.96,14.67,14.72,14.92,17571467,259709664.11,-1.3405,0.8683,1,0,none,baostock,query_history_k_data_plus
600875,SHSE.600875,,SH,A股-上交所,2025-02-06,14.69,14.87,14.65,14.86,14.72,13120280,193872430.79,0.9511,0.6484,1,0,none,baostock,query_history_k_data_plus
600875,SHSE.600875,,SH,A股-上交所,2025-02-07,14.86,15.06,14.75,14.95,14.86,17996029,268234175.46,0.6057,0.8893,1,0,none,baostock,query_history_k_data_plus
600875,SHSE.600875,,SH,A股-上交所,2025-02-10,14.95,15.09,14.87,15.01,14.95,16609542,248836733.35,0.4013,0.8208,1,0,none,baostock,query_history_k_data_plus
600875,SHSE.600875,,SH,A股-上交所,2025-02-11,15.01,15.05,14.85,14.91,15.01,12864384,192135697.85,-0.6662,0.6357,1,0,none,baostock,query_history_k_data_plus
600875,SHSE.600875,,SH,A股-上交所,2025-02-12,14.91,15.73,14.9,15.68,14.91,36389574,562861285.75,5.1643,1.7983,1,0,none,baostock,query_history_k_data_plus
600875,SHSE.600875,,SH,A股-上交所,2025-02-13,15.5,15.61,15.27,15.27,15.68,21555909,331662105.8,-2.6148,1.0652,1,0,none,baostock,query_history_k_data_plus
600875,SHSE.600875,,SH,A股-上交所,2025-02-14,15.21,15.39,15.16,15.32,15.27,15126062,231035185.81,0.3274,0.7475,1,0,none,baostock,query_history_k_data_plus
600875,SHSE.600875,,SH,A股-上交所,2025-02-17,15.36,15.39,14.81,14.99,15.32,38080047,570650816.47,-2.154,1.8818,1,0,none,baostock,query_history_k_data_plus
600875,SHSE.600875,,SH,A股-上交所,2025-02-18,14.97,15.07,14.77,14.81,14.99,18516837,276809656.71,-1.2008,0.9151,1,0,none,baostock,query_history_k_data_plus
600875,SHSE.600875,,SH,A股-上交所,2025-02-19,14.81,14.98,14.76,14.93,14.81,13219769,196684563.63,0.8103,0.6533,1,0,none,baostock,query_history_k_data_plus
600875,SHSE.600875,,SH,A股-上交所,2025-02-20,14.9,14.92,14.63,14.75,14.93,20087834,295640029.2,-1.2056,0.9927,1,0,none,baostock,query_history_k_data_plus
600875,SHSE.600875,,SH,A股-上交所,2025-02-21,14.75,15.04,14.75,14.99,14.75,23245583,347205070.14,1.6271,1.1487,1,0,none,baostock,query_history_k_data_plus
600875,SHSE.600875,,SH,A股-上交所,2025-02-24,14.98,14.99,14.78,14.9,14.99,17041525,253386889.62,-0.6004,0.8421,1,0,none,baostock,query_history_k_data_plus
600875,SHSE.600875,,SH,A股-上交所,2025-02-25,14.8,14.9,14.64,14.73,14.9,16480770,243442026.28,-1.1409,0.8144,1,0,none,baostock,query_history_k_data_plus
600875,SHSE.600875,,SH,A股-上交所,2025-02-26,14.75,14.92,14.73,14.9,14.73,16519563,245330595.24,1.1541,0.8164,1,0,none,baostock,query_history_k_data_plus
600875,SHSE.600875,,SH,A股-上交所,2025-02-27,14.87,14.96,14.75,14.91,14.9,16099353,239331507.76,0.0671,0.7956,1,0,none,baostock,query_history_k_data_plus
600875,SHSE.600875,,SH,A股-上交所,2025-02-28,14.85,14.97,14.59,14.61,14.91,18922620,279290696.48,-2.0121,0.9351,1,0,none,baostock,query_history_k_data_plus
600875,SHSE.600875,,SH,A股-上交所,2025-03-03,14.67,15.05,14.63,14.87,14.61,26951263,401814381.44,1.7796,1.3319,1,0,none,baostock,query_history_k_data_plus
600875,SHSE.600875,,SH,A股-上交所,2025-03-04,14.77,15.0,14.75,14.97,14.87,13828734,206509421.06,0.6725,0.6834,1,0,none,baostock,query_history_k_data_plus
600875,SHSE.600875,,SH,A股-上交所,2025-03-05,14.89,15.09,14.88,14.97,14.97,11362047,169924747.59,0.0,0.5615,1,0,none,baostock,query_history_k_data_plus
600875,SHSE.600875,,SH,A股-上交所,2025-03-06,15.02,15.22,14.92,15.16,14.97,24047979,362906898.89,1.2692,1.1884,1,0,none,baostock,query_history_k_data_plus
600875,SHSE.600875,,SH,A股-上交所,2025-03-07,15.1,15.14,14.91,14.96,15.16,15824013,237082257.57,-1.3193,0.782,1,0,none,baostock,query_history_k_data_plus
600875,SHSE.600875,,SH,A股-上交所,2025-03-10,14.9,14.99,14.8,14.94,14.96,13947219,207536512.18,-0.1337,0.6892,1,0,none,baostock,query_history_k_data_plus
600875,SHSE.600875,,SH,A股-上交所,2025-03-11,14.78,14.9,14.75,14.88,14.94,13171389,195159167.7,-0.4016,0.6509,1,0,none,baostock,query_history_k_data_plus
600875,SHSE.600875,,SH,A股-上交所,2025-03-12,14.89,15.19,14.85,15.1,14.88,21070318,317429977.69,1.4785,1.0412,1,0,none,baostock,query_history_k_data_plus
600875,SHSE.600875,,SH,A股-上交所,2025-03-13,15.06,15.31,14.97,15.15,15.1,19069402,288601895.9,0.3311,0.9424,1,0,none,baostock,query_history_k_data_plus
600875,SHSE.600875,,SH,A股-上交所,2025-03-14,15.29,15.68,15.24,15.3,15.15,24902654,382607031.88,0.9901,1.2306,1,0,none,baostock,query_history_k_data_plus
600875,SHSE.600875,,SH,A股-上交所,2025-03-17,15.38,15.43,15.24,15.26,15.3,13852000,212156822.62,-0.2614,0.6845,1,0,none,baostock,query_history_k_data_plus
600875,SHSE.600875,,SH,A股-上交所,2025-03-18,15.29,15.37,15.21,15.25,15.26,10806576,164911170.47,-0.0655,0.534,1,0,none,baostock,query_history_k_data_plus
600875,SHSE.600875,,SH,A股-上交所,2025-03-19,15.23,15.34,15.17,15.33,15.25,13276837,202607588.96,0.5246,0.6561,1,0,none,baostock,query_history_k_data_plus
600875,SHSE.600875,,SH,A股-上交所,2025-03-20,15.3,15.32,15.15,15.19,15.33,10558877,160665741.19,-0.9132,0.5218,1,0,none,baostock,query_history_k_data_plus
600875,SHSE.600875,,SH,A股-上交所,2025-03-21,15.15,15.52,15.1,15.15,15.19,20753940,317240189.0,-0.2633,1.0256,1,0,none,baostock,query_history_k_data_plus
600875,SHSE.600875,,SH,A股-上交所,2025-03-24,15.16,15.37,15.06,15.29,15.15,19358997,294469258.58,0.9241,0.9567,1,0,none,baostock,query_history_k_data_plus
600875,SHSE.600875,,SH,A股-上交所,2025-03-25,15.28,15.97,15.18,15.81,15.29,54993182,867781718.17,3.4009,2.7176,1,0,none,baostock,query_history_k_data_plus
600875,SHSE.600875,,SH,A股-上交所,2025-03-26,15.81,15.81,15.44,15.59,15.81,30651798,478626532.63,-1.3915,1.5147,1,0,none,baostock,query_history_k_data_plus
600875,SHSE.600875,,SH,A股-上交所,2025-03-27,15.56,15.64,15.25,15.27,15.59,26375248,405901692.47,-2.0526,1.3034,1,0,none,baostock,query_history_k_data_plus
600875,SHSE.600875,,SH,A股-上交所,2025-03-28,15.21,15.33,15.04,15.11,15.27,19324771,293113342.08,-1.0478,0.955,1,0,none,baostock,query_history_k_data_plus
600875,SHSE.600875,,SH,A股-上交所,2025-03-31,15.05,15.27,14.93,14.97,15.11,20945974,315668744.39,-0.9265,1.0351,1,0,none,baostock,query_history_k_data_plus
600875,SHSE.600875,,SH,A股-上交所,2025-04-01,15.4,16.07,15.36,15.87,14.97,82449045,1304868181.72,6.012,4.0744,1,0,none,baostock,query_history_k_data_plus
600875,SHSE.600875,,SH,A股-上交所,2025-04-02,15.87,15.91,15.46,15.6,15.87,33863923,528664913.21,-1.7013,1.6735,1,0,none,baostock,query_history_k_data_plus
600875,SHSE.600875,,SH,A股-上交所,2025-04-03,15.43,15.84,15.43,15.6,15.6,28834382,451730346.88,0.0,1.4249,1,0,none,baostock,query_history_k_data_plus
600875,SHSE.600875,,SH,A股-上交所,2025-04-07,14.99,15.1,14.04,14.08,15.6,50718411,733360305.19,-9.7436,2.5064,1,0,none,baostock,query_history_k_data_plus
600875,SHSE.600875,,SH,A股-上交所,2025-04-08,14.1,14.56,14.07,14.56,14.08,43202353,618228874.9,3.4091,2.1349,1,0,none,baostock,query_history_k_data_plus
600875,SHSE.600875,,SH,A股-上交所,2025-04-09,14.26,14.78,14.15,14.75,14.56,36887869,533700164.14,1.3049,1.8229,1,0,none,baostock,query_history_k_data_plus
600875,SHSE.600875,,SH,A股-上交所,2025-04-10,14.98,15.07,14.76,14.83,14.75,30257471,450888253.97,0.5424,1.4952,1,0,none,baostock,query_history_k_data_plus
600875,SHSE.600875,,SH,A股-上交所,2025-04-11,14.74,14.83,14.63,14.66,14.83,18977800,279501025.17,-1.1463,0.9378,1,0,none,baostock,query_history_k_data_plus
600875,SHSE.600875,,SH,A股-上交所,2025-04-14,15.03,15.44,15.0,15.28,14.66,37674806,575832724.6,4.2292,1.8618,1,0,none,baostock,query_history_k_data_plus
600875,SHSE.600875,,SH,A股-上交所,2025-04-15,15.3,15.37,15.08,15.19,15.28,19064904,289365108.53,-0.589,0.9421,1,0,none,baostock,query_history_k_data_plus
600875,SHSE.600875,,SH,A股-上交所,2025-04-16,15.24,15.29,15.07,15.24,15.19,22585500,342676928.77,0.3292,1.1161,1,0,none,baostock,query_history_k_data_plus
600875,SHSE.600875,,SH,A股-上交所,2025-04-17,15.14,15.44,15.14,15.44,15.24,20278791,310896392.21,1.3123,1.0021,1,0,none,baostock,query_history_k_data_plus
600875,SHSE.600875,,SH,A股-上交所,2025-04-18,15.39,15.42,15.24,15.29,15.44,12104700,185208047.0,-0.9715,0.5982,1,0,none,baostock,query_history_k_data_plus
600875,SHSE.600875,,SH,A股-上交所,2025-04-21,15.29,15.41,15.23,15.39,15.29,12439465,190653349.98,0.654,0.6147,1,0,none,baostock,query_history_k_data_plus
600875,SHSE.600875,,SH,A股-上交所,2025-04-22,15.4,15.48,15.33,15.38,15.39,13484810,207748216.46,-0.065,0.6664,1,0,none,baostock,query_history_k_data_plus
600875,SHSE.600875,,SH,A股-上交所,2025-04-23,15.44,15.45,15.23,15.31,15.38,11924187,182394619.31,-0.4551,0.5893,1,0,none,baostock,query_history_k_data_plus
600875,SHSE.600875,,SH,A股-上交所,2025-04-24,15.3,15.48,15.23,15.32,15.31,14154109,217630915.9,0.0653,0.6995,1,0,none,baostock,query_history_k_data_plus
600875,SHSE.600875,,SH,A股-上交所,2025-04-25,15.32,15.35,15.19,15.24,15.32,14746398,224702296.58,-0.5222,0.7287,1,0,none,baostock,query_history_k_data_plus
600875,SHSE.600875,,SH,A股-上交所,2025-04-28,15.76,15.77,15.2,15.21,15.24,25946633,400948301.39,-0.1969,1.2822,1,0,none,baostock,query_history_k_data_plus
600875,SHSE.600875,,SH,A股-上交所,2025-04-29,15.15,15.27,15.12,15.17,15.21,13976164,212096621.27,-0.263,0.6907,1,0,none,baostock,query_history_k_data_plus
600875,SHSE.600875,,SH,A股-上交所,2025-04-30,15.2,15.28,15.15,15.21,15.17,11981755,182260967.56,0.2637,0.5921,1,0,none,baostock,query_history_k_data_plus
600875,SHSE.600875,,SH,A股-上交所,2025-05-06,15.32,16.21,15.31,16.16,15.21,58867186,935259880.95,6.2459,2.9091,1,0,none,baostock,query_history_k_data_plus
600875,SHSE.600875,,SH,A股-上交所,2025-05-07,16.31,16.38,16.0,16.32,16.16,34458726,558960907.04,0.9901,1.7029,1,0,none,baostock,query_history_k_data_plus
600875,SHSE.600875,,SH,A股-上交所,2025-05-08,16.3,16.41,16.2,16.3,16.32,20906901,340627032.07,-0.1225,1.0332,1,0,none,baostock,query_history_k_data_plus
600875,SHSE.600875,,SH,A股-上交所,2025-05-09,16.34,16.63,16.24,16.34,16.3,25607240,419973845.47,0.2454,1.2654,1,0,none,baostock,query_history_k_data_plus
600875,SHSE.600875,,SH,A股-上交所,2025-05-12,16.49,16.55,16.07,16.26,16.34,24174629,392156568.1,-0.4896,1.1946,1,0,none,baostock,query_history_k_data_plus
600875,SHSE.600875,,SH,A股-上交所,2025-05-13,16.33,16.35,16.13,16.28,16.26,15444000,250842549.0,0.123,0.7632,1,0,none,baostock,query_history_k_data_plus
600875,SHSE.600875,,SH,A股-上交所,2025-05-14,16.29,16.37,16.2,16.25,16.28,16448267,268154104.15,-0.1843,0.8128,1,0,none,baostock,query_history_k_data_plus
600875,SHSE.600875,,SH,A股-上交所,2025-05-15,16.3,16.61,16.26,16.3,16.25,21701075,355708632.2,0.3077,1.0724,1,0,none,baostock,query_history_k_data_plus
600875,SHSE.600875,,SH,A股-上交所,2025-05-16,16.29,16.59,16.28,16.37,16.3,16054138,263067494.3,0.4294,0.7934,1,0,none,baostock,query_history_k_data_plus
600875,SHSE.600875,,SH,A股-上交所,2025-05-19,16.31,16.34,16.08,16.2,16.37,14815356,240086185.09,-1.0385,0.7321,1,0,none,baostock,query_history_k_data_plus
600875,SHSE.600875,,SH,A股-上交所,2025-05-20,16.21,16.28,16.11,16.14,16.2,15326900,247983291.53,-0.3704,0.7574,1,0,none,baostock,query_history_k_data_plus
600875,SHSE.600875,,SH,A股-上交所,2025-05-21,16.14,16.22,16.06,16.1,16.14,12702931,204891558.99,-0.2478,0.6277,1,0,none,baostock,query_history_k_data_plus
600875,SHSE.600875,,SH,A股-上交所,2025-05-22,16.1,16.15,16.02,16.03,16.1,10157900,163366821.0,-0.4348,0.502,1,0,none,baostock,query_history_k_data_plus
600875,SHSE.600875,,SH,A股-上交所,2025-05-23,16.02,16.35,15.85,15.88,16.03,17696308,284122503.87,-0.9357,0.8745,1,0,none,baostock,query_history_k_data_plus
600875,SHSE.600875,,SH,A股-上交所,2025-05-26,16.0,16.31,15.99,16.11,15.88,29965054,483592704.82,1.4484,1.4808,1,0,none,baostock,query_history_k_data_plus
600875,SHSE.600875,,SH,A股-上交所,2025-05-27,16.16,16.2,15.87,15.9,16.11,19417832,310600497.8,-1.3035,0.9596,1,0,none,baostock,query_history_k_data_plus
600875,SHSE.600875,,SH,A股-上交所,2025-05-28,15.91,16.32,15.88,16.05,15.9,23212763,374637683.95,0.9434,1.1471,1,0,none,baostock,query_history_k_data_plus
600875,SHSE.600875,,SH,A股-上交所,2025-05-29,16.05,16.34,16.05,16.12,16.05,20919200,338547285.0,0.4361,1.0338,1,0,none,baostock,query_history_k_data_plus
600875,SHSE.600875,,SH,A股-上交所,2025-05-30,16.12,16.12,15.78,15.96,16.12,17746505,282407370.44,-0.9926,0.877,1,0,none,baostock,query_history_k_data_plus
600875,SHSE.600875,,SH,A股-上交所,2025-06-03,15.8,15.91,15.74,15.89,15.96,16559304,262275791.02,-0.4386,0.8183,1,0,none,baostock,query_history_k_data_plus
600875,SHSE.600875,,SH,A股-上交所,2025-06-04,15.91,16.24,15.91,15.96,15.89,17210103,276242179.96,0.4405,0.8505,1,0,none,baostock,query_history_k_data_plus
600875,SHSE.600875,,SH,A股-上交所,2025-06-05,15.98,16.07,15.89,16.0,15.96,11770264,188118916.73,0.2506,0.5817,1,0,none,baostock,query_history_k_data_plus
600875,SHSE.600875,,SH,A股-上交所,2025-06-06,16.0,16.32,15.9,16.18,16.0,18873416,304158692.44,1.125,0.9327,1,0,none,baostock,query_history_k_data_plus
600875,SHSE.600875,,SH,A股-上交所,2025-06-09,16.3,16.82,16.3,16.71,16.18,41988675,696258611.24,3.2756,2.075,1,0,none,baostock,query_history_k_data_plus
600875,SHSE.600875,,SH,A股-上交所,2025-06-10,16.65,16.77,16.46,16.58,16.71,25767942,428371882.74,-0.778,1.2734,1,0,none,baostock,query_history_k_data_plus
600875,SHSE.600875,,SH,A股-上交所,2025-06-11,16.55,16.64,16.48,16.49,16.58,14316855,236773455.05,-0.5428,0.7075,1,0,none,baostock,query_history_k_data_plus
600875,SHSE.600875,,SH,A股-上交所,2025-06-12,16.53,16.57,16.38,16.42,16.49,15624077,256776002.34,-0.4245,0.7721,1,0,none,baostock,query_history_k_data_plus
600875,SHSE.600875,,SH,A股-上交所,2025-06-13,16.49,16.77,16.43,16.7,16.42,32830342,547166440.76,1.7052,1.6224,1,0,none,baostock,query_history_k_data_plus
600875,SHSE.600875,,SH,A股-上交所,2025-06-16,16.7,16.74,16.46,16.59,16.7,19106042,317064080.37,-0.6587,0.9442,1,0,none,baostock,query_history_k_data_plus
600875,SHSE.600875,,SH,A股-上交所,2025-06-17,16.6,16.95,16.56,16.85,16.59,22923143,384634557.32,1.5672,1.1328,1,0,none,baostock,query_history_k_data_plus
600875,SHSE.600875,,SH,A股-上交所,2025-06-18,16.81,16.96,16.77,16.85,16.85,17455624,294243483.29,0.0,0.8626,1,0,none,baostock,query_history_k_data_plus
600875,SHSE.600875,,SH,A股-上交所,2025-06-19,16.77,16.84,16.36,16.46,16.85,24139412,399201285.5,-2.3145,1.1929,1,0,none,baostock,query_history_k_data_plus
600875,SHSE.600875,,SH,A股-上交所,2025-06-20,16.44,16.51,16.25,16.26,16.46,17292258,282726124.39,-1.2151,0.8545,1,0,none,baostock,query_history_k_data_plus
600875,SHSE.600875,,SH,A股-上交所,2025-06-23,16.19,16.39,16.18,16.33,16.26,16188625,263515067.93,0.4305,0.8,1,0,none,baostock,query_history_k_data_plus
600875,SHSE.600875,,SH,A股-上交所,2025-06-24,16.41,16.58,16.36,16.57,16.33,19030741,313738582.73,1.4697,0.9404,1,0,none,baostock,query_history_k_data_plus
600875,SHSE.600875,,SH,A股-上交所,2025-06-25,16.55,16.58,16.44,16.55,16.57,19745169,325870824.05,-0.1207,0.9758,1,0,none,baostock,query_history_k_data_plus
600875,SHSE.600875,,SH,A股-上交所,2025-06-26,16.55,16.67,16.5,16.52,16.55,13181087,218416970.0,-0.1813,0.6514,1,0,none,baostock,query_history_k_data_plus
600875,SHSE.600875,,SH,A股-上交所,2025-06-27,16.54,16.87,16.54,16.7,16.52,19512504,327012062.51,1.0896,0.9643,1,0,none,baostock,query_history_k_data_plus
600875,SHSE.600875,,SH,A股-上交所,2025-06-30,16.72,16.93,16.68,16.74,16.7,12729935,213181698.81,0.2395,0.6291,1,0,none,baostock,query_history_k_data_plus
600875,SHSE.600875,,SH,A股-上交所,2025-07-01,16.69,16.75,16.6,16.68,16.74,13384652,223069254.44,-0.3584,0.6614,1,0,none,baostock,query_history_k_data_plus
600875,SHSE.600875,,SH,A股-上交所,2025-07-02,16.8,16.92,16.66,16.84,16.68,19867056,334188553.51,0.9592,0.9818,1,0,none,baostock,query_history_k_data_plus
600875,SHSE.600875,,SH,A股-上交所,2025-07-03,16.9,16.92,16.5,16.59,16.84,18896125,314104393.21,-1.4846,0.9338,1,0,none,baostock,query_history_k_data_plus
600875,SHSE.600875,,SH,A股-上交所,2025-07-04,16.57,16.77,16.56,16.65,16.59,14225964,236974804.93,0.3617,0.703,1,0,none,baostock,query_history_k_data_plus
600875,SHSE.600875,,SH,A股-上交所,2025-07-07,16.65,17.04,16.62,17.03,16.65,26129608,442086608.39,2.2823,1.2913,1,0,none,baostock,query_history_k_data_plus
600875,SHSE.600875,,SH,A股-上交所,2025-07-08,17.0,17.27,16.9,17.19,17.03,22700959,387769283.32,0.9395,1.1218,1,0,none,baostock,query_history_k_data_plus
600875,SHSE.600875,,SH,A股-上交所,2025-07-09,17.25,17.42,17.1,17.2,17.19,23283182,402030212.8,0.0582,1.1506,1,0,none,baostock,query_history_k_data_plus
600875,SHSE.600875,,SH,A股-上交所,2025-07-10,17.17,17.39,17.12,17.17,17.2,16430000,282529176.0,-0.1744,0.8119,1,0,none,baostock,query_history_k_data_plus
600875,SHSE.600875,,SH,A股-上交所,2025-07-11,17.17,17.49,17.17,17.23,17.17,26089678,453223908.55,0.3494,1.2893,1,0,none,baostock,query_history_k_data_plus
600875,SHSE.600875,,SH,A股-上交所,2025-07-14,17.26,17.5,17.26,17.29,17.23,20841153,362139891.11,0.3482,1.0299,1,0,none,baostock,query_history_k_data_plus
600875,SHSE.600875,,SH,A股-上交所,2025-07-15,17.22,17.35,17.04,17.18,17.29,18860828,323774418.2,-0.6362,0.9321,1,0,none,baostock,query_history_k_data_plus
600875,SHSE.600875,,SH,A股-上交所,2025-07-16,17.18,17.24,17.0,17.07,17.18,12287209,210212547.06,-0.6403,0.6072,1,0,none,baostock,query_history_k_data_plus
600875,SHSE.600875,,SH,A股-上交所,2025-07-17,17.13,17.31,17.07,17.31,17.07,12874609,221123717.77,1.406,0.6362,1,0,none,baostock,query_history_k_data_plus
600875,SHSE.600875,,SH,A股-上交所,2025-07-18,17.37,17.99,17.37,17.84,17.31,37706998,668650417.33,3.0618,1.8634,1,0,none,baostock,query_history_k_data_plus
600875,SHSE.600875,,SH,A股-上交所,2025-07-21,19.62,19.62,19.62,19.62,17.84,13771980,270206247.6,9.9776,0.6806,1,0,none,baostock,query_history_k_data_plus
600875,SHSE.600875,,SH,A股-上交所,2025-07-22,21.58,21.58,21.58,21.58,19.62,6467192,139562003.36,9.9898,0.3196,1,0,none,baostock,query_history_k_data_plus
600875,SHSE.600875,,SH,A股-上交所,2025-07-23,23.74,23.74,23.09,23.74,21.58,212768062,5045433382.46,10.0093,10.5144,1,0,none,baostock,query_history_k_data_plus
600875,SHSE.600875,,SH,A股-上交所,2025-07-24,23.0,24.48,22.3,23.19,23.74,282558062,6594491235.75,-2.3168,13.9633,1,0,none,baostock,query_history_k_data_plus
600875,SHSE.600875,,SH,A股-上交所,2025-07-25,23.0,23.2,20.9,20.93,23.19,220914624,4820215492.7,-9.7456,10.917,1,0,none,baostock,query_history_k_data_plus
600875,SHSE.600875,,SH,A股-上交所,2025-07-28,20.81,21.25,20.72,20.91,20.93,101578248,2129784162.24,-0.0956,5.0197,1,0,none,baostock,query_history_k_data_plus
600875,SHSE.600875,,SH,A股-上交所,2025-07-29,20.8,21.43,20.46,21.06,20.91,142957061,2988005075.29,0.7174,7.0646,1,0,none,baostock,query_history_k_data_plus
600875,SHSE.600875,,SH,A股-上交所,2025-07-30,20.82,20.97,20.2,20.35,21.06,92838293,1911992882.45,-3.3713,4.5878,1,0,none,baostock,query_history_k_data_plus
600875,SHSE.600875,,SH,A股-上交所,2025-07-31,20.18,20.55,20.08,20.2,20.35,60714217,1231874197.51,-0.7371,3.0003,1,0,none,baostock,query_history_k_data_plus
600875,SHSE.600875,,SH,A股-上交所,2025-08-01,20.15,20.2,19.81,19.84,20.2,49454935,987343306.7,-1.7822,2.4439,1,0,none,baostock,query_history_k_data_plus
600875,SHSE.600875,,SH,A股-上交所,2025-08-04,19.78,20.03,19.74,20.0,19.84,35076131,697073394.89,0.8065,1.7334,1,0,none,baostock,query_history_k_data_plus
600875,SHSE.600875,,SH,A股-上交所,2025-08-05,20.12,20.22,19.92,19.98,20.0,42233513,846506990.21,-0.1,2.0871,1,0,none,baostock,query_history_k_data_plus
600875,SHSE.600875,,SH,A股-上交所,2025-08-06,19.96,20.05,19.81,19.98,19.98,43858745,873017848.1,0.0,2.1674,1,0,none,baostock,query_history_k_data_plus
600875,SHSE.600875,,SH,A股-上交所,2025-08-07,20.1,20.1,19.77,19.89,19.98,37702413,749564298.76,-0.4505,1.8632,1,0,none,baostock,query_history_k_data_plus
600875,SHSE.600875,,SH,A股-上交所,2025-08-08,19.87,20.43,19.79,20.29,19.89,71363473,1441866463.3,2.0111,3.5266,1,0,none,baostock,query_history_k_data_plus
600875,SHSE.600875,,SH,A股-上交所,2025-08-11,20.29,20.29,19.88,20.11,20.29,44786910,898305204.75,-0.8871,2.2133,1,0,none,baostock,query_history_k_data_plus
600875,SHSE.600875,,SH,A股-上交所,2025-08-12,20.12,20.17,19.81,19.84,20.11,40047482,796773431.55,-1.3426,1.979,1,0,none,baostock,query_history_k_data_plus
600875,SHSE.600875,,SH,A股-上交所,2025-08-13,19.85,19.96,19.76,19.81,19.84,39224669,777681934.23,-0.1512,1.9384,1,0,none,baostock,query_history_k_data_plus
600875,SHSE.600875,,SH,A股-上交所,2025-08-14,19.78,20.09,19.77,19.82,19.81,43321598,862370312.24,0.0505,2.1408,1,0,none,baostock,query_history_k_data_plus
600875,SHSE.600875,,SH,A股-上交所,2025-08-15,19.78,20.01,19.66,19.93,19.82,38704548,770195469.56,0.555,1.9127,1,0,none,baostock,query_history_k_data_plus
600875,SHSE.600875,,SH,A股-上交所,2025-08-18,19.9,20.29,19.89,20.2,19.93,51754097,1042057557.25,1.3547,2.5576,1,0,none,baostock,query_history_k_data_plus
600875,SHSE.600875,,SH,A股-上交所,2025-08-19,20.2,20.36,20.05,20.07,20.2,48821433,984962932.8,-0.6436,2.4126,1,0,none,baostock,query_history_k_data_plus
600875,SHSE.600875,,SH,A股-上交所,2025-08-20,20.0,20.17,19.87,20.15,20.07,36641938,732356427.5,0.3986,1.8107,1,0,none,baostock,query_history_k_data_plus
600875,SHSE.600875,,SH,A股-上交所,2025-08-21,20.19,20.53,20.19,20.3,20.15,50548249,1027564048.47,0.7444,2.498,1,0,none,baostock,query_history_k_data_plus
600875,SHSE.600875,,SH,A股-上交所,2025-08-22,20.0,20.1,19.7,20.1,19.9,46503070,924205526.6,1.005,2.2981,1,0,none,baostock,query_history_k_data_plus
600875,SHSE.600875,,SH,A股-上交所,2025-08-25,20.12,20.65,20.12,20.65,20.1,70534556,1442596592.91,2.7363,3.4856,1,0,none,baostock,query_history_k_data_plus
600875,SHSE.600875,,SH,A股-上交所,2025-08-26,20.61,20.62,20.26,20.36,20.65,45155303,920700534.68,-1.4044,2.2315,1,0,none,baostock,query_history_k_data_plus
600875,SHSE.600875,,SH,A股-上交所,2025-08-27,20.39,20.55,19.68,19.68,20.36,66066868,1328547648.49,-3.3399,3.2649,1,0,none,baostock,query_history_k_data_plus
600875,SHSE.600875,,SH,A股-上交所,2025-08-28,19.62,20.26,19.37,20.21,19.68,56625821,1122790310.6,2.6931,2.7983,1,0,none,baostock,query_history_k_data_plus
600875,SHSE.600875,,SH,A股-上交所,2025-08-29,20.17,20.18,19.71,19.78,20.21,44265331,881216895.46,-2.1277,2.1875,1,0,none,baostock,query_history_k_data_plus
600875,SHSE.600875,,SH,A股-上交所,2025-09-01,19.88,20.1,19.75,19.87,19.78,37047406,737857166.52,0.455,1.8308,1,0,none,baostock,query_history_k_data_plus
600875,SHSE.600875,,SH,A股-上交所,2025-09-02,20.01,20.01,19.21,19.44,19.87,39754709,776503563.71,-2.1641,1.9646,1,0,none,baostock,query_history_k_data_plus
600875,SHSE.600875,,SH,A股-上交所,2025-09-03,19.45,19.61,18.85,19.01,19.44,34515454,659239294.01,-2.2119,1.7057,1,0,none,baostock,query_history_k_data_plus
600875,SHSE.600875,,SH,A股-上交所,2025-09-04,18.97,19.11,18.6,18.82,19.01,30093205,567957002.4,-0.9995,1.4871,1,0,none,baostock,query_history_k_data_plus
600875,SHSE.600875,,SH,A股-上交所,2025-09-05,18.82,19.35,18.82,19.29,18.82,27025579,517401560.44,2.4973,1.3355,1,0,none,baostock,query_history_k_data_plus
600875,SHSE.600875,,SH,A股-上交所,2025-09-08,19.61,19.64,19.32,19.46,19.29,27300715,532300757.17,0.8813,1.3491,1,0,none,baostock,query_history_k_data_plus
600875,SHSE.600875,,SH,A股-上交所,2025-09-09,19.44,19.44,19.0,19.15,19.46,23143758,444740672.96,-1.593,1.1437,1,0,none,baostock,query_history_k_data_plus
600875,SHSE.600875,,SH,A股-上交所,2025-09-10,19.18,19.2,18.84,18.91,19.15,21624348,409769905.68,-1.2533,1.0686,1,0,none,baostock,query_history_k_data_plus
600875,SHSE.600875,,SH,A股-上交所,2025-09-11,18.91,19.28,18.8,19.24,18.91,27488794,526538831.01,1.7451,1.3584,1,0,none,baostock,query_history_k_data_plus
600875,SHSE.600875,,SH,A股-上交所,2025-09-12,19.36,19.58,19.24,19.38,19.24,34949638,678356915.96,0.7277,1.7271,1,0,none,baostock,query_history_k_data_plus
600875,SHSE.600875,,SH,A股-上交所,2025-09-15,19.37,19.66,19.3,19.45,19.38,24194747,470974642.19,0.3612,1.1956,1,0,none,baostock,query_history_k_data_plus
600875,SHSE.600875,,SH,A股-上交所,2025-09-16,19.57,19.57,19.0,19.14,19.45,26255399,503466767.11,-1.5938,1.2975,1,0,none,baostock,query_history_k_data_plus
600875,SHSE.600875,,SH,A股-上交所,2025-09-17,19.15,19.48,19.01,19.44,19.14,36409492,701574905.95,1.5674,1.7993,1,0,none,baostock,query_history_k_data_plus
600875,SHSE.600875,,SH,A股-上交所,2025-09-18,19.43,19.43,18.75,18.9,19.44,43155115,822200544.9,-2.7778,2.1326,1,0,none,baostock,query_history_k_data_plus
600875,SHSE.600875,,SH,A股-上交所,2025-09-19,18.81,19.03,18.8,18.9,18.9,21762425,412222060.11,0.0,1.0754,1,0,none,baostock,query_history_k_data_plus
600875,SHSE.600875,,SH,A股-上交所,2025-09-22,18.98,18.98,18.54,18.7,18.9,26203768,489082218.18,-1.0582,1.2949,1,0,none,baostock,query_history_k_data_plus
600875,SHSE.600875,,SH,A股-上交所,2025-09-23,18.64,18.85,18.29,18.67,18.7,27562299,510954569.52,-0.1604,1.3621,1,0,none,baostock,query_history_k_data_plus
600875,SHSE.600875,,SH,A股-上交所,2025-09-24,18.56,18.82,18.52,18.8,18.67,20356756,380477080.85,0.6963,1.006,1,0,none,baostock,query_history_k_data_plus
600875,SHSE.600875,,SH,A股-上交所,2025-09-25,18.8,19.12,18.8,18.99,18.8,28822129,546548947.96,1.0106,1.4243,1,0,none,baostock,query_history_k_data_plus
600875,SHSE.600875,,SH,A股-上交所,2025-09-26,18.92,19.42,18.89,18.95,18.99,35668131,683289091.28,-0.2106,1.7626,1,0,none,baostock,query_history_k_data_plus
600875,SHSE.600875,,SH,A股-上交所,2025-09-29,18.9,19.08,18.73,19.03,18.95,25196346,476988930.46,0.4222,1.2451,1,0,none,baostock,query_history_k_data_plus
600875,SHSE.600875,,SH,A股-上交所,2025-09-30,18.97,19.42,18.95,19.29,19.03,36227638,699003635.12,1.3663,1.7903,1,0,none,baostock,query_history_k_data_plus
600875,SHSE.600875,,SH,A股-上交所,2025-10-09,19.86,21.22,19.86,21.22,19.29,158267180,3289520821.69,10.0052,7.8212,1,0,none,baostock,query_history_k_data_plus
600875,SHSE.600875,,SH,A股-上交所,2025-10-10,21.2,21.2,20.66,20.79,21.22,101546924,2118288506.54,-2.0264,5.0182,1,0,none,baostock,query_history_k_data_plus
600875,SHSE.600875,,SH,A股-上交所,2025-10-13,20.05,21.23,20.05,21.09,20.79,98698760,2052253817.72,1.443,4.8774,1,0,none,baostock,query_history_k_data_plus
600875,SHSE.600875,,SH,A股-上交所,2025-10-14,21.35,21.92,20.8,20.99,21.09,109518874,2332145425.83,-0.4742,5.4121,1,0,none,baostock,query_history_k_data_plus
600875,SHSE.600875,,SH,A股-上交所,2025-10-15,20.83,21.33,20.4,20.92,20.99,68809204,1429846776.42,-0.3335,3.0401,1,0,none,baostock,query_history_k_data_plus
600875,SHSE.600875,,SH,A股-上交所,2025-10-16,21.01,21.14,20.68,20.77,20.92,51802820,1078969682.87,-0.717,2.2888,1,0,none,baostock,query_history_k_data_plus
600875,SHSE.600875,,SH,A股-上交所,2025-10-17,20.82,20.9,19.72,19.74,20.77,60012141,1207814102.61,-4.9591,2.6515,1,0,none,baostock,query_history_k_data_plus
600875,SHSE.600875,,SH,A股-上交所,2025-10-20,20.03,20.3,19.87,20.14,19.74,42723742,857464381.26,2.0263,1.8876,1,0,none,baostock,query_history_k_data_plus
600875,SHSE.600875,,SH,A股-上交所,2025-10-21,20.19,20.96,20.06,20.52,20.14,52292128,1077984877.85,1.8868,2.3104,1,0,none,baostock,query_history_k_data_plus
600875,SHSE.600875,,SH,A股-上交所,2025-10-22,20.57,20.65,20.12,20.34,20.52,36633123,746383899.21,-0.8772,1.6185,1,0,none,baostock,query_history_k_data_plus
600875,SHSE.600875,,SH,A股-上交所,2025-10-23,20.18,20.47,19.86,20.35,20.34,36087050,728180116.41,0.0492,1.5944,1,0,none,baostock,query_history_k_data_plus
600875,SHSE.600875,,SH,A股-上交所,2025-10-24,20.38,20.47,20.06,20.2,20.35,37145066,750222332.74,-0.7371,1.6411,1,0,none,baostock,query_history_k_data_plus
600875,SHSE.600875,,SH,A股-上交所,2025-10-27,20.42,21.98,20.35,21.47,20.2,115999075,2449515044.33,6.2871,5.1251,1,0,none,baostock,query_history_k_data_plus
600875,SHSE.600875,,SH,A股-上交所,2025-10-28,21.4,21.42,20.95,21.05,21.47,62732740,1327860457.29,-1.9562,2.7717,1,0,none,baostock,query_history_k_data_plus
600875,SHSE.600875,,SH,A股-上交所,2025-10-29,21.13,21.95,21.08,21.92,21.05,95461583,2071299315.39,4.133,4.2177,1,0,none,baostock,query_history_k_data_plus
600875,SHSE.600875,,SH,A股-上交所,2025-10-30,22.1,22.1,21.45,21.52,21.92,69882372,1515791500.15,-1.8248,3.0875,1,0,none,baostock,query_history_k_data_plus
600875,SHSE.600875,,SH,A股-上交所,2025-10-31,21.63,21.65,20.74,20.87,21.52,74877813,1575985583.25,-3.0204,3.3082,1,0,none,baostock,query_history_k_data_plus
600875,SHSE.600875,,SH,A股-上交所,2025-11-03,21.52,21.74,20.83,21.22,20.87,93702208,1998006639.85,1.677,4.1399,1,0,none,baostock,query_history_k_data_plus
600875,SHSE.600875,,SH,A股-上交所,2025-11-04,21.23,22.06,21.22,21.4,21.22,95215892,2057381686.61,0.8483,4.2068,1,0,none,baostock,query_history_k_data_plus
600875,SHSE.600875,,SH,A股-上交所,2025-11-05,21.0,22.35,20.48,22.23,21.4,168956402,3644494379.91,3.8785,7.4648,1,0,none,baostock,query_history_k_data_plus
600875,SHSE.600875,,SH,A股-上交所,2025-11-06,22.16,23.07,22.0,22.79,22.23,152255003,3463444192.35,2.5191,6.7269,1,0,none,baostock,query_history_k_data_plus
600875,SHSE.600875,,SH,A股-上交所,2025-11-07,22.5,22.75,22.32,22.54,22.79,77594959,1747410425.88,-1.097,3.4283,1,0,none,baostock,query_history_k_data_plus
600875,SHSE.600875,,SH,A股-上交所,2025-11-10,22.99,24.75,22.99,24.27,22.54,194284223,4697033380.74,7.6752,8.5839,1,0,none,baostock,query_history_k_data_plus
600875,SHSE.600875,,SH,A股-上交所,2025-11-11,24.35,24.48,23.29,23.37,24.27,108413583,2561688170.62,-3.7083,4.7899,1,0,none,baostock,query_history_k_data_plus
600875,SHSE.600875,,SH,A股-上交所,2025-11-12,23.38,23.53,22.27,22.63,23.37,82015289,1868865899.6,-3.1665,3.6236,1,0,none,baostock,query_history_k_data_plus
600875,SHSE.600875,,SH,A股-上交所,2025-11-13,22.88,24.75,22.88,24.25,22.63,133438073,3204691543.04,7.1586,5.8956,1,0,none,baostock,query_history_k_data_plus
600875,SHSE.600875,,SH,A股-上交所,2025-11-14,24.03,24.23,22.95,23.0,24.25,94198917,2207290845.39,-5.1546,4.1619,1,0,none,baostock,query_history_k_data_plus
600875,SHSE.600875,,SH,A股-上交所,2025-11-17,22.93,23.35,22.14,22.32,23.0,77377222,1746185357.25,-2.9565,3.4187,1,0,none,baostock,query_history_k_data_plus
600875,SHSE.600875,,SH,A股-上交所,2025-11-18,22.18,22.25,21.32,21.55,22.32,61285930,1328217111.26,-3.4498,2.7077,1,0,none,baostock,query_history_k_data_plus
600875,SHSE.600875,,SH,A股-上交所,2025-11-19,21.42,21.72,21.22,21.49,21.55,44961151,964284309.58,-0.2784,1.9865,1,0,none,baostock,query_history_k_data_plus
600875,SHSE.600875,,SH,A股-上交所,2025-11-20,21.73,21.77,21.11,21.19,21.49,51941147,1116046308.51,-1.396,2.2949,1,0,none,baostock,query_history_k_data_plus
600875,SHSE.600875,,SH,A股-上交所,2025-11-21,20.7,20.9,20.29,20.3,21.19,59414839,1220323057.63,-4.2001,2.6251,1,0,none,baostock,query_history_k_data_plus
600875,SHSE.600875,,SH,A股-上交所,2025-11-24,20.55,20.61,20.05,20.25,20.3,42888030,869551348.05,-0.2463,1.8949,1,0,none,baostock,query_history_k_data_plus
600875,SHSE.600875,,SH,A股-上交所,2025-11-25,20.45,20.78,20.36,20.45,20.25,45221789,929344329.67,0.9877,1.998,1,0,none,baostock,query_history_k_data_plus
600875,SHSE.600875,,SH,A股-上交所,2025-11-26,20.5,20.74,20.26,20.51,20.45,30570943,627020746.4,0.2934,1.3507,1,0,none,baostock,query_history_k_data_plus
600875,SHSE.600875,,SH,A股-上交所,2025-11-27,20.46,20.87,20.28,20.33,20.51,33659013,692472315.35,-0.8776,1.4871,1,0,none,baostock,query_history_k_data_plus
600875,SHSE.600875,,SH,A股-上交所,2025-11-28,20.33,21.58,20.29,21.46,20.33,75894765,1605047626.73,5.5583,3.3532,1,0,none,baostock,query_history_k_data_plus
600875,SHSE.600875,,SH,A股-上交所,2025-12-01,21.48,21.57,21.19,21.35,21.46,36709555,782451154.72,-0.5126,1.6219,1,0,none,baostock,query_history_k_data_plus
600875,SHSE.600875,,SH,A股-上交所,2025-12-02,21.28,21.34,20.82,21.23,21.35,27505178,580335608.17,-0.5621,1.2152,1,0,none,baostock,query_history_k_data_plus
600875,SHSE.600875,,SH,A股-上交所,2025-12-03,21.19,21.37,21.05,21.19,21.23,26211300,556180294.27,-0.1884,1.1581,1,0,none,baostock,query_history_k_data_plus
600875,SHSE.600875,,SH,A股-上交所,2025-12-04,21.15,21.3,20.83,20.91,21.19,24440107,513657820.82,-1.3214,1.0798,1,0,none,baostock,query_history_k_data_plus
600875,SHSE.600875,,SH,A股-上交所,2025-12-05,21.0,21.73,20.92,21.58,20.91,43132650,922795518.14,3.2042,1.9057,1,0,none,baostock,query_history_k_data_plus
600875,SHSE.600875,,SH,A股-上交所,2025-12-08,21.86,21.89,21.36,21.43,21.58,34718672,748618006.64,-0.6951,1.5339,1,0,none,baostock,query_history_k_data_plus
600875,SHSE.600875,,SH,A股-上交所,2025-12-09,21.38,21.43,21.15,21.31,21.43,23284856,495490196.01,-0.56,1.0288,1,0,none,baostock,query_history_k_data_plus
600875,SHSE.600875,,SH,A股-上交所,2025-12-10,21.32,21.48,20.86,21.21,21.31,26277641,553713821.81,-0.4693,1.161,1,0,none,baostock,query_history_k_data_plus
600875,SHSE.600875,,SH,A股-上交所,2025-12-11,21.78,22.7,21.78,21.86,21.21,78611148,1745184619.25,3.0646,3.4732,1,0,none,baostock,query_history_k_data_plus
600875,SHSE.600875,,SH,A股-上交所,2025-12-12,22.3,24.05,22.3,24.05,21.86,138118717,3228697852.11,10.0183,6.1024,1,0,none,baostock,query_history_k_data_plus
600875,SHSE.600875,,SH,A股-上交所,2025-12-15,24.4,24.45,23.75,23.81,24.05,123116736,2958895642.83,-0.9979,5.4395,1,0,none,baostock,query_history_k_data_plus
600875,SHSE.600875,,SH,A股-上交所,2025-12-16,23.61,23.75,22.57,22.74,23.81,68001219,1560061176.03,-4.4939,3.0044,1,0,none,baostock,query_history_k_data_plus
600875,SHSE.600875,,SH,A股-上交所,2025-12-17,22.63,23.28,22.31,23.17,22.74,61979549,1417462945.25,1.8909,2.7384,1,0,none,baostock,query_history_k_data_plus
600875,SHSE.600875,,SH,A股-上交所,2025-12-18,22.79,22.85,22.48,22.53,23.17,49669145,1125732655.97,-2.7622,2.1945,1,0,none,baostock,query_history_k_data_plus
600875,SHSE.600875,,SH,A股-上交所,2025-12-19,22.88,23.38,22.82,22.9,22.53,53775126,1239586897.37,1.6423,2.3759,1,0,none,baostock,query_history_k_data_plus
600875,SHSE.600875,,SH,A股-上交所,2025-12-22,23.63,23.87,23.06,23.3,22.9,59750671,1398453784.28,1.7467,2.6399,1,0,none,baostock,query_history_k_data_plus
600875,SHSE.600875,,SH,A股-上交所,2025-12-23,23.3,24.99,23.1,24.7,23.3,118853670,2879474249.07,6.0086,5.2512,1,0,none,baostock,query_history_k_data_plus
600875,SHSE.600875,,SH,A股-上交所,2025-12-24,24.48,24.9,24.05,24.6,24.7,67894062,1664780077.31,-0.4049,2.9997,1,0,none,baostock,query_history_k_data_plus
600875,SHSE.600875,,SH,A股-上交所,2025-12-25,24.6,25.94,24.6,25.1,24.6,89920726,2280842369.78,2.0325,3.9729,1,0,none,baostock,query_history_k_data_plus
600875,SHSE.600875,,SH,A股-上交所,2025-12-26,24.85,25.22,24.7,24.9,25.1,61519045,1532837235.44,-0.7968,2.718,1,0,none,baostock,query_history_k_data_plus
600875,SHSE.600875,,SH,A股-上交所,2025-12-29,25.25,25.39,24.3,24.37,24.9,62213412,1532202060.41,-2.1285,2.7487,1,0,none,baostock,query_history_k_data_plus
600875,SHSE.600875,,SH,A股-上交所,2025-12-30,24.19,24.75,24.0,24.4,24.37,45806647,1118264795.12,0.1231,2.0238,1,0,none,baostock,query_history_k_data_plus
600875,SHSE.600875,,SH,A股-上交所,2025-12-31,24.3,24.5,24.1,24.28,24.4,39037537,948868531.23,-0.4918,1.7248,1,0,none,baostock,query_history_k_data_plus
600875,SHSE.600875,,SH,A股-上交所,2026-01-05,24.66,24.8,24.26,24.54,24.28,61074851,1497093639.23,1.0708,2.6984,1,0,none,baostock,query_history_k_data_plus
600875,SHSE.600875,,SH,A股-上交所,2026-01-06,24.54,24.95,24.44,24.7,24.54,57877101,1426653358.16,0.652,2.5571,1,0,none,baostock,query_history_k_data_plus
600875,SHSE.600875,,SH,A股-上交所,2026-01-07,24.81,25.65,24.58,25.6,24.7,80068618,2031105605.89,3.6437,3.5376,1,0,none,baostock,query_history_k_data_plus
600875,SHSE.600875,,SH,A股-上交所,2026-01-08,25.4,26.38,25.02,25.45,25.6,86765695,2230779994.34,-0.5859,3.8335,1,0,none,baostock,query_history_k_data_plus
600875,SHSE.600875,,SH,A股-上交所,2026-01-09,25.4,27.05,25.35,26.08,25.45,91627473,2412703968.78,2.4754,4.0483,1,0,none,baostock,query_history_k_data_plus
600875,SHSE.600875,,SH,A股-上交所,2026-01-12,26.01,26.2,25.26,25.6,26.08,112185574,2875889174.17,-1.8405,4.9566,1,0,none,baostock,query_history_k_data_plus
600875,SHSE.600875,,SH,A股-上交所,2026-01-13,25.37,26.6,24.8,25.78,25.6,117197148,2997848405.64,0.7031,5.178,1,0,none,baostock,query_history_k_data_plus
600875,SHSE.600875,,SH,A股-上交所,2026-01-14,25.58,26.07,24.9,25.01,25.78,101256286,2579582914.03,-2.9868,4.4737,1,0,none,baostock,query_history_k_data_plus
600875,SHSE.600875,,SH,A股-上交所,2026-01-15,24.88,25.18,24.62,25.01,25.01,53828267,1340099372.3,0.0,2.3782,1,0,none,baostock,query_history_k_data_plus
600875,SHSE.600875,,SH,A股-上交所,2026-01-16,25.86,26.96,25.31,25.4,25.01,126228909,3293659539.63,1.5594,5.577,1,0,none,baostock,query_history_k_data_plus
600875,SHSE.600875,,SH,A股-上交所,2026-01-19,25.49,27.18,25.45,26.9,25.4,132372543,3546575949.93,5.9055,5.8485,1,0,none,baostock,query_history_k_data_plus
600875,SHSE.600875,,SH,A股-上交所,2026-01-20,27.18,27.18,25.8,26.35,26.9,85497380,2254490759.06,-2.0446,3.7774,1,0,none,baostock,query_history_k_data_plus
600875,SHSE.600875,,SH,A股-上交所,2026-01-21,26.18,27.8,25.91,26.97,26.35,107487033,2893149133.11,2.3529,4.749,1,0,none,baostock,query_history_k_data_plus
600875,SHSE.600875,,SH,A股-上交所,2026-01-22,27.28,27.56,26.51,26.9,26.97,76896927,2065507634.71,-0.2595,3.3975,1,0,none,baostock,query_history_k_data_plus
600875,SHSE.600875,,SH,A股-上交所,2026-01-23,27.01,28.13,27.0,27.58,26.9,94265295,2605686027.81,2.5279,4.1648,1,0,none,baostock,query_history_k_data_plus
600875,SHSE.600875,,SH,A股-上交所,2026-01-26,27.4,27.85,27.02,27.18,27.58,77256000,2112180619.93,-1.4503,3.4133,1,0,none,baostock,query_history_k_data_plus
600875,SHSE.600875,,SH,A股-上交所,2026-01-27,26.9,27.17,26.2,26.78,27.18,55578751,1482326648.9,-1.4717,2.4556,1,0,none,baostock,query_history_k_data_plus
600875,SHSE.600875,,SH,A股-上交所,2026-01-28,26.78,26.89,26.14,26.41,26.78,50329419,1326123460.86,-1.3816,2.2237,1,0,none,baostock,query_history_k_data_plus
600875,SHSE.600875,,SH,A股-上交所,2026-01-29,26.43,26.5,25.35,25.4,26.41,65798536,1699145289.85,-3.8243,2.9071,1,0,none,baostock,query_history_k_data_plus
600875,SHSE.600875,,SH,A股-上交所,2026-01-30,25.3,25.4,24.21,24.85,25.4,62649786,1551359639.58,-2.1654,2.768,1,0,none,baostock,query_history_k_data_plus
600875,SHSE.600875,,SH,A股-上交所,2026-02-02,24.86,25.76,24.64,24.64,24.85,57116545,1439506825.99,-0.8451,2.5235,1,0,none,baostock,query_history_k_data_plus
600875,SHSE.600875,,SH,A股-上交所,2026-02-03,25.05,25.77,24.85,25.71,24.64,44951060,1138148892.32,4.3425,1.986,1,0,none,baostock,query_history_k_data_plus
600875,SHSE.600875,,SH,A股-上交所,2026-02-04,25.59,26.5,25.5,25.99,25.71,43050453,1118797758.23,1.0891,1.9021,1,0,none,baostock,query_history_k_data_plus
600875,SHSE.600875,,SH,A股-上交所,2026-02-05,25.98,28.11,25.8,26.7,25.99,117360581,3163721813.9,2.7318,5.1852,1,0,none,baostock,query_history_k_data_plus
600875,SHSE.600875,,SH,A股-上交所,2026-02-06,26.38,27.68,26.14,26.15,26.7,95406485,2553931642.1,-2.0599,4.2152,1,0,none,baostock,query_history_k_data_plus
600875,SHSE.600875,,SH,A股-上交所,2026-02-09,26.8,28.77,26.8,28.77,26.15,165572620,4651849582.51,10.0191,7.3153,1,0,none,baostock,query_history_k_data_plus
600875,SHSE.600875,,SH,A股-上交所,2026-02-10,28.89,31.5,28.75,31.17,28.77,218187669,6609438907.29,8.342,9.64,1,0,none,baostock,query_history_k_data_plus
600875,SHSE.600875,,SH,A股-上交所,2026-02-11,30.66,31.3,30.25,30.59,31.17,90287817,2766174535.54,-1.8608,3.9891,1,0,none,baostock,query_history_k_data_plus
600875,SHSE.600875,,SH,A股-上交所,2026-02-12,30.88,33.65,30.87,33.65,30.59,144937170,4733735251.79,10.0033,6.4036,1,0,none,baostock,query_history_k_data_plus
600875,SHSE.600875,,SH,A股-上交所,2026-02-13,33.2,33.45,31.57,31.86,33.65,118518067,3801573433.71,-5.3195,5.2364,1,0,none,baostock,query_history_k_data_plus
600875,SHSE.600875,,SH,A股-上交所,2026-02-24,32.51,34.4,31.97,33.84,31.86,132079254,4388151508.5,6.2147,5.8355,1,0,none,baostock,query_history_k_data_plus
600875,SHSE.600875,,SH,A股-上交所,2026-02-25,34.04,35.52,33.4,33.95,33.84,112713854,3836295782.81,0.3251,4.9799,1,0,none,baostock,query_history_k_data_plus
600875,SHSE.600875,,SH,A股-上交所,2026-02-26,33.9,37.35,33.9,37.35,33.95,136118861,4939131305.29,10.0147,6.014,1,0,none,baostock,query_history_k_data_plus
600875,SHSE.600875,,SH,A股-上交所,2026-02-27,38.05,38.2,36.1,37.07,37.35,148155262,5474912069.26,-0.7497,6.5458,1,0,none,baostock,query_history_k_data_plus
600875,SHSE.600875,,SH,A股-上交所,2026-03-02,36.04,38.84,36.01,37.51,37.07,137049821,5168565754.25,1.1869,6.0551,1,0,none,baostock,query_history_k_data_plus
600875,SHSE.600875,,SH,A股-上交所,2026-03-03,37.51,37.56,34.39,35.18,37.51,141804298,5031751728.2,-6.2117,6.2652,1,0,none,baostock,query_history_k_data_plus
600875,SHSE.600875,,SH,A股-上交所,2026-03-04,34.68,38.7,34.67,38.37,35.18,165184243,6221956680.52,9.0677,7.2982,1,0,none,baostock,query_history_k_data_plus
600875,SHSE.600875,,SH,A股-上交所,2026-03-05,39.88,42.21,39.31,42.21,38.37,82095614,3404042719.61,10.0078,3.6271,1,0,none,baostock,query_history_k_data_plus
600875,SHSE.600875,,SH,A股-上交所,2026-03-06,43.01,45.38,43.01,44.22,42.21,187461826,8288425519.48,4.7619,8.2824,1,0,none,baostock,query_history_k_data_plus
600875,SHSE.600875,,SH,A股-上交所,2026-03-09,42.11,43.8,41.63,43.0,44.22,141944816,6042190725.98,-2.7589,6.2714,1,0,none,baostock,query_history_k_data_plus
600875,SHSE.600875,,SH,A股-上交所,2026-03-10,43.06,44.06,41.75,42.16,43.0,127077622,5414091112.15,-1.9535,5.6145,1,0,none,baostock,query_history_k_data_plus
600875,SHSE.600875,,SH,A股-上交所,2026-03-11,42.5,42.62,40.41,41.08,42.16,124544135,5126704875.72,-2.5617,5.5026,1,0,none,baostock,query_history_k_data_plus
600875,SHSE.600875,,SH,A股-上交所,2026-03-12,40.75,40.89,39.41,40.47,41.08,106043651,4262634308.79,-1.4849,4.6852,1,0,none,baostock,query_history_k_data_plus
600875,SHSE.600875,,SH,A股-上交所,2026-03-13,40.05,40.62,38.27,38.4,40.47,117533209,4583097977.68,-5.1149,5.1928,1,0,none,baostock,query_history_k_data_plus
600875,SHSE.600875,,SH,A股-上交所,2026-03-16,38.4,39.48,37.1,38.73,38.4,110383991,4238328049.53,0.8594,4.877,1,0,none,baostock,query_history_k_data_plus
600875,SHSE.600875,,SH,A股-上交所,2026-03-17,39.01,39.33,37.46,37.6,38.73,91623785,3514400601.26,-2.9176,4.0481,1,0,none,baostock,query_history_k_data_plus
600875,SHSE.600875,,SH,A股-上交所,2026-03-18,38.0,40.65,37.22,40.17,37.6,134509485,5232719314.23,6.8351,5.9429,1,0,none,baostock,query_history_k_data_plus
600875,SHSE.600875,,SH,A股-上交所,2026-03-19,38.6,39.63,38.02,38.5,40.17,105543098,4089365176.91,-4.1573,4.6631,1,0,none,baostock,query_history_k_data_plus
600875,SHSE.600875,,SH,A股-上交所,2026-03-20,39.28,40.32,36.4,36.9,38.5,147161810,5616543095.21,-4.1558,6.5019,1,0,none,baostock,query_history_k_data_plus
600875,SHSE.600875,,SH,A股-上交所,2026-03-23,36.44,36.85,35.22,35.62,36.9,102548405,3696174222.84,-3.4688,4.5308,1,0,none,baostock,query_history_k_data_plus
600875,SHSE.600875,,SH,A股-上交所,2026-03-24,36.66,37.9,36.11,37.13,35.62,106666023,3938435041.83,4.2392,4.7127,1,0,none,baostock,query_history_k_data_plus
600875,SHSE.600875,,SH,A股-上交所,2026-03-25,38.94,39.38,37.58,37.83,37.13,102133511,3926687823.22,1.8853,4.5125,1,0,none,baostock,query_history_k_data_plus
600875,SHSE.600875,,SH,A股-上交所,2026-03-26,37.82,37.83,36.5,36.69,37.83,60302189,2231179039.58,-3.0135,2.6643,1,0,none,baostock,query_history_k_data_plus
600875,SHSE.600875,,SH,A股-上交所,2026-03-27,36.28,37.0,35.63,36.14,36.69,56134999,2041242271.75,-1.499,2.4802,1,0,none,baostock,query_history_k_data_plus
600875,SHSE.600875,,SH,A股-上交所,2026-03-30,35.76,36.19,34.83,35.79,36.14,57670431,2044922660.37,-0.9685,2.548,1,0,none,baostock,query_history_k_data_plus
600875,SHSE.600875,,SH,A股-上交所,2026-03-31,35.89,36.6,34.89,35.05,35.79,54966735,1958198307.89,-2.0676,2.4285,1,0,none,baostock,query_history_k_data_plus
600875,SHSE.600875,,SH,A股-上交所,2026-04-01,36.79,38.56,36.55,38.28,35.05,158456636,6014067332.53,9.2154,7.0009,1,0,none,baostock,query_history_k_data_plus
600875,SHSE.600875,,SH,A股-上交所,2026-04-02,37.71,38.6,37.18,37.31,38.28,85488032,3217765108.56,-2.534,3.777,1,0,none,baostock,query_history_k_data_plus
600875,SHSE.600875,,SH,A股-上交所,2026-04-03,37.6,37.79,36.56,36.86,37.31,48631759,1801645425.84,-1.2061,2.1486,1,0,none,baostock,query_history_k_data_plus
600875,SHSE.600875,,SH,A股-上交所,2026-04-07,36.56,36.86,34.75,34.82,36.86,78643180,2780383053.89,-5.5345,3.4746,1,0,none,baostock,query_history_k_data_plus
600875,SHSE.600875,,SH,A股-上交所,2026-04-08,36.74,38.3,36.74,38.3,34.82,118146980,4492875345.55,9.9943,5.22,1,0,none,baostock,query_history_k_data_plus
600875,SHSE.600875,,SH,A股-上交所,2026-04-09,37.9,38.98,37.35,38.31,38.3,106359175,4059233699.29,0.0261,4.6992,1,0,none,baostock,query_history_k_data_plus
600875,SHSE.600875,,SH,A股-上交所,2026-04-10,39.16,40.38,38.6,39.51,38.31,123558096,4896689295.83,3.1323,5.459,1,0,none,baostock,query_history_k_data_plus
600875,SHSE.600875,,SH,A股-上交所,2026-04-13,38.96,40.2,38.6,39.72,39.51,84961854,3357330822.49,0.5315,3.7538,1,0,none,baostock,query_history_k_data_plus
600875,SHSE.600875,,SH,A股-上交所,2026-04-14,40.5,40.61,37.82,38.93,39.72,110285139,4294363019.22,-1.9889,4.8726,1,0,none,baostock,query_history_k_data_plus
600875,SHSE.600875,,SH,A股-上交所,2026-04-15,38.93,39.36,38.02,38.22,38.93,73998157,2862453714.01,-1.8238,3.2694,1,0,none,baostock,query_history_k_data_plus
600875,SHSE.600875,,SH,A股-上交所,2026-04-16,38.87,42.04,38.87,42.04,38.22,152145066,6264284266.85,9.9948,6.7221,1,0,none,baostock,query_history_k_data_plus
600875,SHSE.600875,,SH,A股-上交所,2026-04-17,42.5,42.98,41.0,41.72,42.04,115955698,4847552145.44,-0.7612,5.1232,1,0,none,baostock,query_history_k_data_plus
