code,symbol,name,market,asset_type,date,open,high,low,close,preclose,volume,amount,pct_chg,turnover,trade_status,is_st,adjust,provider,source_function
601086,SHSE.601086,,SH,A股-上交所,2021-11-22,3.57,3.75,3.56,3.67,3.56,3934588,14393378.75,3.0899,0.5908,1,0,none,baostock,query_history_k_data_plus
601086,SHSE.601086,,SH,A股-上交所,2021-11-23,3.67,3.67,3.58,3.61,3.67,1618300,5848026.0,-1.6349,0.243,1,0,none,baostock,query_history_k_data_plus
601086,SHSE.601086,,SH,A股-上交所,2021-11-24,3.61,3.63,3.58,3.62,3.61,971500,3504261.0,0.277,0.1459,1,0,none,baostock,query_history_k_data_plus
601086,SHSE.601086,,SH,A股-上交所,2021-11-25,3.62,3.65,3.61,3.61,3.62,1126700,4080749.0,-0.2762,0.1692,1,0,none,baostock,query_history_k_data_plus
601086,SHSE.601086,,SH,A股-上交所,2021-11-26,3.64,3.64,3.57,3.58,3.61,1155900,4143502.0,-0.831,0.1736,1,0,none,baostock,query_history_k_data_plus
601086,SHSE.601086,,SH,A股-上交所,2021-11-29,3.53,3.59,3.52,3.53,3.58,1152170,4082884.1,-1.3966,0.173,1,0,none,baostock,query_history_k_data_plus
601086,SHSE.601086,,SH,A股-上交所,2021-11-30,3.56,3.61,3.54,3.57,3.53,1017770,3636944.3,1.1331,0.1528,1,0,none,baostock,query_history_k_data_plus
601086,SHSE.601086,,SH,A股-上交所,2021-12-01,3.57,3.62,3.53,3.61,3.57,1436500,5150789.0,1.1204,0.2157,1,0,none,baostock,query_history_k_data_plus
601086,SHSE.601086,,SH,A股-上交所,2021-12-02,3.59,3.64,3.58,3.6,3.61,1631700,5901916.0,-0.277,0.245,1,0,none,baostock,query_history_k_data_plus
601086,SHSE.601086,,SH,A股-上交所,2021-12-03,3.63,3.64,3.56,3.62,3.6,1366300,4917461.0,0.5556,0.2052,1,0,none,baostock,query_history_k_data_plus
601086,SHSE.601086,,SH,A股-上交所,2021-12-06,3.61,3.63,3.57,3.58,3.62,1366570,4899500.9,-1.105,0.2052,1,0,none,baostock,query_history_k_data_plus
601086,SHSE.601086,,SH,A股-上交所,2021-12-07,3.58,3.64,3.56,3.61,3.58,1540200,5546255.0,0.838,0.2313,1,0,none,baostock,query_history_k_data_plus
601086,SHSE.601086,,SH,A股-上交所,2021-12-08,3.62,3.62,3.55,3.59,3.61,1427100,5113902.0,-0.554,0.2143,1,0,none,baostock,query_history_k_data_plus
601086,SHSE.601086,,SH,A股-上交所,2021-12-09,3.57,3.63,3.57,3.61,3.59,1860900,6711769.0,0.5571,0.2794,1,0,none,baostock,query_history_k_data_plus
601086,SHSE.601086,,SH,A股-上交所,2021-12-10,3.61,3.65,3.6,3.64,3.61,1654270,6002911.8,0.831,0.2484,1,0,none,baostock,query_history_k_data_plus
601086,SHSE.601086,,SH,A股-上交所,2021-12-13,3.65,3.67,3.6,3.62,3.64,1441800,5229496.0,-0.5495,0.2165,1,0,none,baostock,query_history_k_data_plus
601086,SHSE.601086,,SH,A股-上交所,2021-12-14,3.6,3.66,3.6,3.66,3.62,1752400,6381789.0,1.105,0.2631,1,0,none,baostock,query_history_k_data_plus
601086,SHSE.601086,,SH,A股-上交所,2021-12-15,3.64,3.77,3.64,3.72,3.66,3495400,13032438.0,1.6393,0.5248,1,0,none,baostock,query_history_k_data_plus
601086,SHSE.601086,,SH,A股-上交所,2021-12-16,3.73,3.87,3.72,3.83,3.72,4652100,17745871.0,2.957,0.6985,1,0,none,baostock,query_history_k_data_plus
601086,SHSE.601086,,SH,A股-上交所,2021-12-17,3.85,3.88,3.74,3.75,3.83,2999900,11348254.0,-2.0888,0.4504,1,0,none,baostock,query_history_k_data_plus
601086,SHSE.601086,,SH,A股-上交所,2021-12-20,3.78,3.83,3.73,3.78,3.75,2413000,9132682.0,0.8,0.3623,1,0,none,baostock,query_history_k_data_plus
601086,SHSE.601086,,SH,A股-上交所,2021-12-21,3.78,3.9,3.74,3.88,3.78,4181200,16131666.0,2.6455,0.6278,1,0,none,baostock,query_history_k_data_plus
601086,SHSE.601086,,SH,A股-上交所,2021-12-22,3.91,3.94,3.86,3.88,3.88,3153041,12262789.72,0.0,0.4734,1,0,none,baostock,query_history_k_data_plus
601086,SHSE.601086,,SH,A股-上交所,2021-12-23,3.88,3.88,3.79,3.8,3.88,3151615,12056315.52,-2.0619,0.4732,1,0,none,baostock,query_history_k_data_plus
601086,SHSE.601086,,SH,A股-上交所,2021-12-24,3.8,4.05,3.76,3.89,3.8,8317702,32491991.64,2.3684,1.2489,1,0,none,baostock,query_history_k_data_plus
601086,SHSE.601086,,SH,A股-上交所,2021-12-27,3.81,3.92,3.79,3.91,3.89,4871000,18838399.0,0.5141,0.7314,1,0,none,baostock,query_history_k_data_plus
601086,SHSE.601086,,SH,A股-上交所,2021-12-28,3.88,3.89,3.81,3.88,3.91,3346500,12886748.0,-0.7673,0.5025,1,0,none,baostock,query_history_k_data_plus
601086,SHSE.601086,,SH,A股-上交所,2021-12-29,3.88,3.89,3.81,3.83,3.88,1884400,7226743.0,-1.2887,0.2829,1,0,none,baostock,query_history_k_data_plus
601086,SHSE.601086,,SH,A股-上交所,2021-12-30,3.83,3.87,3.81,3.85,3.83,1969500,7582903.0,0.5222,0.2957,1,0,none,baostock,query_history_k_data_plus
601086,SHSE.601086,,SH,A股-上交所,2021-12-31,3.87,3.97,3.81,3.96,3.85,4833100,19003314.0,2.8571,0.7257,1,0,none,baostock,query_history_k_data_plus
601086,SHSE.601086,,SH,A股-上交所,2022-01-04,3.96,4.06,3.94,4.05,3.96,5042700,20319202.0,2.2727,0.7572,1,0,none,baostock,query_history_k_data_plus
601086,SHSE.601086,,SH,A股-上交所,2022-01-05,4.04,4.05,3.95,4.0,4.05,3711000,14825924.0,-1.2346,0.5572,1,0,none,baostock,query_history_k_data_plus
601086,SHSE.601086,,SH,A股-上交所,2022-01-06,3.99,4.03,3.98,4.0,4.0,2553900,10235817.0,0.0,0.3835,1,0,none,baostock,query_history_k_data_plus
601086,SHSE.601086,,SH,A股-上交所,2022-01-07,4.02,4.05,3.9,3.92,4.0,3376200,13382197.0,-2.0,0.5069,1,0,none,baostock,query_history_k_data_plus
601086,SHSE.601086,,SH,A股-上交所,2022-01-10,3.92,3.97,3.89,3.95,3.92,1737691,6849910.45,0.7653,0.2609,1,0,none,baostock,query_history_k_data_plus
601086,SHSE.601086,,SH,A股-上交所,2022-01-11,3.95,4.01,3.94,3.98,3.95,2884409,11489287.82,0.7595,0.4331,1,0,none,baostock,query_history_k_data_plus
601086,SHSE.601086,,SH,A股-上交所,2022-01-12,3.98,4.02,3.94,3.98,3.98,2835400,11278657.0,0.0,0.4257,1,0,none,baostock,query_history_k_data_plus
601086,SHSE.601086,,SH,A股-上交所,2022-01-13,3.98,4.07,3.96,4.05,3.98,4972390,20004510.53,1.7588,0.7466,1,0,none,baostock,query_history_k_data_plus
601086,SHSE.601086,,SH,A股-上交所,2022-01-14,4.03,4.07,3.94,3.95,4.05,4002500,16035268.91,-2.4691,0.601,1,0,none,baostock,query_history_k_data_plus
601086,SHSE.601086,,SH,A股-上交所,2022-01-17,3.97,4.03,3.94,3.95,3.95,2906999,11532114.05,0.0,0.4365,1,0,none,baostock,query_history_k_data_plus
601086,SHSE.601086,,SH,A股-上交所,2022-01-18,3.97,3.99,3.84,3.87,3.95,4005699,15545028.11,-2.0253,0.6015,1,0,none,baostock,query_history_k_data_plus
601086,SHSE.601086,,SH,A股-上交所,2022-01-19,3.89,3.94,3.86,3.91,3.87,2298000,8961230.0,1.0336,0.345,1,0,none,baostock,query_history_k_data_plus
601086,SHSE.601086,,SH,A股-上交所,2022-01-20,3.9,3.92,3.8,3.8,3.91,3466500,13301380.0,-2.8133,0.5205,1,0,none,baostock,query_history_k_data_plus
601086,SHSE.601086,,SH,A股-上交所,2022-01-21,3.79,3.86,3.76,3.8,3.8,2563000,9739374.0,0.0,0.3848,1,0,none,baostock,query_history_k_data_plus
601086,SHSE.601086,,SH,A股-上交所,2022-01-24,3.82,3.82,3.72,3.77,3.8,1974577,7445169.29,-0.7895,0.2965,1,0,none,baostock,query_history_k_data_plus
601086,SHSE.601086,,SH,A股-上交所,2022-01-25,3.79,3.8,3.6,3.61,3.77,2523400,9319453.0,-4.244,0.3789,1,0,none,baostock,query_history_k_data_plus
601086,SHSE.601086,,SH,A股-上交所,2022-01-26,3.59,3.71,3.58,3.69,3.61,2600500,9541063.0,2.2161,0.3905,1,0,none,baostock,query_history_k_data_plus
601086,SHSE.601086,,SH,A股-上交所,2022-01-27,3.69,3.71,3.58,3.58,3.69,1813100,6586444.0,-2.981,0.2722,1,0,none,baostock,query_history_k_data_plus
601086,SHSE.601086,,SH,A股-上交所,2022-01-28,3.61,3.72,3.59,3.68,3.58,2050200,7508998.23,2.7933,0.3078,1,0,none,baostock,query_history_k_data_plus
601086,SHSE.601086,,SH,A股-上交所,2022-02-07,3.77,3.81,3.71,3.79,3.68,2225177,8379011.29,2.9891,0.3341,1,0,none,baostock,query_history_k_data_plus
601086,SHSE.601086,,SH,A股-上交所,2022-02-08,3.79,3.92,3.75,3.91,3.79,3574406,13813326.22,3.1662,0.5367,1,0,none,baostock,query_history_k_data_plus
601086,SHSE.601086,,SH,A股-上交所,2022-02-09,3.9,3.96,3.89,3.91,3.91,2219300,8676944.23,0.0,0.3332,1,0,none,baostock,query_history_k_data_plus
601086,SHSE.601086,,SH,A股-上交所,2022-02-10,3.9,3.95,3.89,3.94,3.91,1939776,7599184.86,0.7673,0.2913,1,0,none,baostock,query_history_k_data_plus
601086,SHSE.601086,,SH,A股-上交所,2022-02-11,3.92,3.93,3.83,3.85,3.94,2008000,7772746.0,-2.2843,0.3015,1,0,none,baostock,query_history_k_data_plus
601086,SHSE.601086,,SH,A股-上交所,2022-02-14,3.85,3.99,3.83,3.94,3.85,4001200,15697979.0,2.3377,0.6008,1,0,none,baostock,query_history_k_data_plus
601086,SHSE.601086,,SH,A股-上交所,2022-02-15,3.92,3.98,3.86,3.89,3.94,3056200,11883212.0,-1.269,0.4589,1,0,none,baostock,query_history_k_data_plus
601086,SHSE.601086,,SH,A股-上交所,2022-02-16,3.89,4.04,3.89,4.03,3.89,5487798,21919664.94,3.599,0.824,1,0,none,baostock,query_history_k_data_plus
601086,SHSE.601086,,SH,A股-上交所,2022-02-17,4.01,4.05,3.93,3.96,4.03,3480400,13825941.0,-1.737,0.5226,1,0,none,baostock,query_history_k_data_plus
601086,SHSE.601086,,SH,A股-上交所,2022-02-18,3.91,3.96,3.91,3.95,3.96,2594500,10202824.0,-0.2525,0.3896,1,0,none,baostock,query_history_k_data_plus
601086,SHSE.601086,,SH,A股-上交所,2022-02-21,3.93,3.98,3.9,3.98,3.95,3081898,12184765.16,0.7595,0.4627,1,0,none,baostock,query_history_k_data_plus
601086,SHSE.601086,,SH,A股-上交所,2022-02-22,3.97,3.98,3.89,3.93,3.98,2692600,10574556.0,-1.2563,0.4043,1,0,none,baostock,query_history_k_data_plus
601086,SHSE.601086,,SH,A股-上交所,2022-02-23,3.95,4.15,3.91,4.08,3.93,8519370,34564601.58,3.8168,1.2792,1,0,none,baostock,query_history_k_data_plus
601086,SHSE.601086,,SH,A股-上交所,2022-02-24,4.07,4.08,3.9,3.95,4.08,5791670,23041817.28,-3.1863,0.8696,1,0,none,baostock,query_history_k_data_plus
601086,SHSE.601086,,SH,A股-上交所,2022-02-25,3.94,4.02,3.92,3.94,3.95,3621300,14360112.0,-0.2532,0.5437,1,0,none,baostock,query_history_k_data_plus
601086,SHSE.601086,,SH,A股-上交所,2022-02-28,4.1,4.1,3.92,4.02,3.94,5518500,22175660.0,2.0305,0.8286,1,0,none,baostock,query_history_k_data_plus
601086,SHSE.601086,,SH,A股-上交所,2022-03-01,4.01,4.06,3.96,3.99,4.02,2924799,11672246.0,-0.7463,0.4392,1,0,none,baostock,query_history_k_data_plus
601086,SHSE.601086,,SH,A股-上交所,2022-03-02,4.03,4.03,3.93,3.99,3.99,2447500,9754933.0,0.0,0.3675,1,0,none,baostock,query_history_k_data_plus
601086,SHSE.601086,,SH,A股-上交所,2022-03-03,3.97,4.08,3.97,4.07,3.99,3653295,14745183.0,2.005,0.5485,1,0,none,baostock,query_history_k_data_plus
601086,SHSE.601086,,SH,A股-上交所,2022-03-04,4.04,4.08,3.97,4.03,4.07,3889400,15613439.0,-0.9828,0.584,1,0,none,baostock,query_history_k_data_plus
601086,SHSE.601086,,SH,A股-上交所,2022-03-07,4.01,4.08,3.92,3.95,4.03,5471000,21908478.0,-1.9851,0.8215,1,0,none,baostock,query_history_k_data_plus
601086,SHSE.601086,,SH,A股-上交所,2022-03-08,3.98,3.98,3.83,3.85,3.95,3384500,13148470.0,-2.5316,0.5082,1,0,none,baostock,query_history_k_data_plus
601086,SHSE.601086,,SH,A股-上交所,2022-03-09,3.88,3.9,3.62,3.75,3.85,3143300,11804113.0,-2.5974,0.472,1,0,none,baostock,query_history_k_data_plus
601086,SHSE.601086,,SH,A股-上交所,2022-03-10,3.85,3.9,3.8,3.85,3.75,2299299,8852387.0,2.6667,0.3452,1,0,none,baostock,query_history_k_data_plus
601086,SHSE.601086,,SH,A股-上交所,2022-03-11,3.85,4.02,3.76,4.01,3.85,3914800,15299022.0,4.1558,0.5878,1,0,none,baostock,query_history_k_data_plus
601086,SHSE.601086,,SH,A股-上交所,2022-03-14,3.99,4.12,3.98,4.02,4.01,5785000,23427332.0,0.2494,0.8686,1,0,none,baostock,query_history_k_data_plus
601086,SHSE.601086,,SH,A股-上交所,2022-03-15,4.0,4.02,3.75,3.75,4.02,4978300,19373939.0,-6.7164,0.7475,1,0,none,baostock,query_history_k_data_plus
601086,SHSE.601086,,SH,A股-上交所,2022-03-16,3.78,3.87,3.69,3.85,3.75,4361999,16573710.0,2.6667,0.655,1,0,none,baostock,query_history_k_data_plus
601086,SHSE.601086,,SH,A股-上交所,2022-03-17,3.91,3.95,3.84,3.88,3.85,2875699,11181979.0,0.7792,0.4318,1,0,none,baostock,query_history_k_data_plus
601086,SHSE.601086,,SH,A股-上交所,2022-03-18,3.83,4.27,3.83,4.27,3.88,13388299,55279609.08,10.0515,2.0103,1,0,none,baostock,query_history_k_data_plus
601086,SHSE.601086,,SH,A股-上交所,2022-03-21,4.4,4.6,4.16,4.3,4.27,36970591,161584399.3,0.7026,5.5511,1,0,none,baostock,query_history_k_data_plus
601086,SHSE.601086,,SH,A股-上交所,2022-03-22,4.27,4.73,4.2,4.73,4.3,22090491,100288670.13,10.0,3.3169,1,0,none,baostock,query_history_k_data_plus
601086,SHSE.601086,,SH,A股-上交所,2022-03-23,4.7,4.7,4.4,4.45,4.73,37578132,170109389.76,-5.9197,5.6424,1,0,none,baostock,query_history_k_data_plus
601086,SHSE.601086,,SH,A股-上交所,2022-03-24,4.37,4.52,4.2,4.29,4.45,22762810,98254635.9,-3.5955,3.4178,1,0,none,baostock,query_history_k_data_plus
601086,SHSE.601086,,SH,A股-上交所,2022-03-25,4.22,4.33,4.18,4.29,4.29,13124910,55981472.8,0.0,1.9707,1,0,none,baostock,query_history_k_data_plus
601086,SHSE.601086,,SH,A股-上交所,2022-03-28,4.27,4.27,4.12,4.18,4.29,11186610,46741948.6,-2.5641,1.6797,1,0,none,baostock,query_history_k_data_plus
601086,SHSE.601086,,SH,A股-上交所,2022-03-29,4.18,4.21,4.01,4.03,4.18,9830411,40117145.33,-3.5885,1.476,1,0,none,baostock,query_history_k_data_plus
601086,SHSE.601086,,SH,A股-上交所,2022-03-30,4.07,4.08,3.97,4.03,4.03,8016588,32195207.88,0.0,1.2037,1,0,none,baostock,query_history_k_data_plus
601086,SHSE.601086,,SH,A股-上交所,2022-03-31,4.02,4.22,4.01,4.15,4.03,12688300,52413268.0,2.9777,1.9052,1,0,none,baostock,query_history_k_data_plus
601086,SHSE.601086,,SH,A股-上交所,2022-04-01,4.12,4.18,4.03,4.08,4.15,7445500,30400246.0,-1.6867,1.1179,1,0,none,baostock,query_history_k_data_plus
601086,SHSE.601086,,SH,A股-上交所,2022-04-06,4.06,4.28,4.02,4.25,4.08,13078786,54947710.78,4.1667,1.9638,1,0,none,baostock,query_history_k_data_plus
601086,SHSE.601086,,SH,A股-上交所,2022-04-07,4.24,4.25,4.13,4.19,4.25,6278286,26229333.04,-1.4118,0.9427,1,0,none,baostock,query_history_k_data_plus
601086,SHSE.601086,,SH,A股-上交所,2022-04-08,4.15,4.26,4.09,4.25,4.19,11224700,47113211.0,1.432,1.6854,1,0,none,baostock,query_history_k_data_plus
601086,SHSE.601086,,SH,A股-上交所,2022-04-11,4.31,4.45,4.23,4.27,4.25,20837600,90480878.0,0.4706,3.1288,1,0,none,baostock,query_history_k_data_plus
601086,SHSE.601086,,SH,A股-上交所,2022-04-12,4.24,4.58,4.11,4.48,4.27,20526100,89016752.0,4.918,3.082,1,0,none,baostock,query_history_k_data_plus
601086,SHSE.601086,,SH,A股-上交所,2022-04-13,4.47,4.48,4.31,4.34,4.48,15098200,66144867.0,-3.125,2.267,1,0,none,baostock,query_history_k_data_plus
601086,SHSE.601086,,SH,A股-上交所,2022-04-14,4.3,4.41,4.23,4.37,4.34,11558600,50191970.0,0.6912,1.7355,1,0,none,baostock,query_history_k_data_plus
601086,SHSE.601086,,SH,A股-上交所,2022-04-15,4.43,4.81,4.37,4.57,4.37,48368286,226839476.07,4.5767,7.2625,1,0,none,baostock,query_history_k_data_plus
601086,SHSE.601086,,SH,A股-上交所,2022-04-18,4.55,4.59,4.11,4.43,4.57,40462266,177208827.34,-3.0635,6.0754,1,0,none,baostock,query_history_k_data_plus
601086,SHSE.601086,,SH,A股-上交所,2022-04-19,4.31,4.39,4.15,4.36,4.43,24663900,105387905.0,-1.5801,3.7033,1,0,none,baostock,query_history_k_data_plus
601086,SHSE.601086,,SH,A股-上交所,2022-04-20,4.37,4.8,4.31,4.8,4.36,36550892,173531109.32,10.0917,5.4881,1,0,none,baostock,query_history_k_data_plus
601086,SHSE.601086,,SH,A股-上交所,2022-04-21,4.89,5.28,4.59,5.28,4.8,88851705,442942314.44,10.0,13.3411,1,0,none,baostock,query_history_k_data_plus
601086,SHSE.601086,,SH,A股-上交所,2022-04-22,5.11,5.81,5.06,5.81,5.28,76131957,431031189.23,10.0379,11.4312,1,0,none,baostock,query_history_k_data_plus
601086,SHSE.601086,,SH,A股-上交所,2022-04-25,5.34,5.7,5.23,5.23,5.81,47988400,258111102.0,-9.9828,7.2055,1,0,none,baostock,query_history_k_data_plus
601086,SHSE.601086,,SH,A股-上交所,2022-04-26,4.71,5.45,4.71,4.71,5.23,78783724,392551581.08,-9.9426,11.8294,1,0,none,baostock,query_history_k_data_plus
601086,SHSE.601086,,SH,A股-上交所,2022-04-27,4.24,4.36,4.24,4.24,4.71,42709412,181277286.64,-9.9788,6.4128,1,0,none,baostock,query_history_k_data_plus
601086,SHSE.601086,,SH,A股-上交所,2022-04-28,4.11,4.24,3.82,3.86,4.24,54632426,216118007.78,-8.9623,8.2031,1,0,none,baostock,query_history_k_data_plus
601086,SHSE.601086,,SH,A股-上交所,2022-04-29,3.76,4.08,3.75,4.07,3.86,44225400,176384834.0,5.4404,6.6405,1,0,none,baostock,query_history_k_data_plus
601086,SHSE.601086,,SH,A股-上交所,2022-05-05,4.04,4.1,3.92,4.09,4.07,30410377,122721049.08,0.4914,4.5661,1,0,none,baostock,query_history_k_data_plus
601086,SHSE.601086,,SH,A股-上交所,2022-05-06,3.97,3.98,3.81,3.85,4.09,26850538,104342606.82,-5.868,4.0316,1,0,none,baostock,query_history_k_data_plus
601086,SHSE.601086,,SH,A股-上交所,2022-05-09,3.82,4.03,3.82,3.97,3.85,22298038,87968843.86,3.1169,3.3481,1,0,none,baostock,query_history_k_data_plus
601086,SHSE.601086,,SH,A股-上交所,2022-05-10,3.89,4.08,3.83,4.07,3.97,24590838,97836448.82,2.5189,3.6923,1,0,none,baostock,query_history_k_data_plus
601086,SHSE.601086,,SH,A股-上交所,2022-05-11,4.04,4.09,3.96,4.03,4.07,30462200,122380389.0,-0.9828,4.5739,1,0,none,baostock,query_history_k_data_plus
601086,SHSE.601086,,SH,A股-上交所,2022-05-12,3.96,4.09,3.92,4.07,4.03,27357800,110151115.0,0.9926,4.1078,1,0,none,baostock,query_history_k_data_plus
601086,SHSE.601086,,SH,A股-上交所,2022-05-13,4.06,4.1,3.98,4.01,4.07,20388100,82035347.0,-1.4742,3.0613,1,0,none,baostock,query_history_k_data_plus
601086,SHSE.601086,,SH,A股-上交所,2022-05-16,4.02,4.17,4.01,4.14,4.01,29346800,119670163.0,3.2419,4.4064,1,0,none,baostock,query_history_k_data_plus
601086,SHSE.601086,,SH,A股-上交所,2022-05-17,4.11,4.12,3.97,4.02,4.14,19478600,78285647.0,-2.8986,2.9247,1,0,none,baostock,query_history_k_data_plus
601086,SHSE.601086,,SH,A股-上交所,2022-05-18,4.04,4.29,4.02,4.19,4.02,36154577,151485640.63,4.2289,5.4286,1,0,none,baostock,query_history_k_data_plus
601086,SHSE.601086,,SH,A股-上交所,2022-05-19,4.17,4.24,4.05,4.2,4.19,20301999,84609168.84,0.2387,3.0483,1,0,none,baostock,query_history_k_data_plus
601086,SHSE.601086,,SH,A股-上交所,2022-05-20,4.19,4.23,4.15,4.2,4.2,15280499,64104686.81,0.0,2.2944,1,0,none,baostock,query_history_k_data_plus
601086,SHSE.601086,,SH,A股-上交所,2022-05-23,4.22,4.24,4.15,4.21,4.2,11494000,48233920.0,0.2381,1.7258,1,0,none,baostock,query_history_k_data_plus
601086,SHSE.601086,,SH,A股-上交所,2022-05-24,4.2,4.21,3.98,3.98,4.21,15820217,64379075.19,-5.4632,2.3754,1,0,none,baostock,query_history_k_data_plus
601086,SHSE.601086,,SH,A股-上交所,2022-05-25,3.96,4.12,3.96,4.08,3.98,11107200,45209046.0,2.5126,1.6677,1,0,none,baostock,query_history_k_data_plus
601086,SHSE.601086,,SH,A股-上交所,2022-05-26,4.09,4.2,4.07,4.15,4.08,11549754,47696737.02,1.7157,1.7342,1,0,none,baostock,query_history_k_data_plus
601086,SHSE.601086,,SH,A股-上交所,2022-05-27,4.16,4.18,4.06,4.14,4.15,10587300,43511735.0,-0.241,1.5897,1,0,none,baostock,query_history_k_data_plus
601086,SHSE.601086,,SH,A股-上交所,2022-05-30,4.15,4.22,4.1,4.18,4.14,10482000,43598528.0,0.9662,1.5739,1,0,none,baostock,query_history_k_data_plus
601086,SHSE.601086,,SH,A股-上交所,2022-05-31,4.19,4.19,4.11,4.16,4.18,7757800,32156677.0,-0.4785,1.1648,1,0,none,baostock,query_history_k_data_plus
601086,SHSE.601086,,SH,A股-上交所,2022-06-01,4.16,4.21,4.1,4.15,4.16,9218900,38281799.0,-0.2404,1.3842,1,0,none,baostock,query_history_k_data_plus
601086,SHSE.601086,,SH,A股-上交所,2022-06-02,4.15,4.15,4.06,4.09,4.15,8118086,33297920.65,-1.4458,1.2189,1,0,none,baostock,query_history_k_data_plus
601086,SHSE.601086,,SH,A股-上交所,2022-06-06,4.07,4.1,4.04,4.09,4.09,9288300,37782605.0,0.0,1.3946,1,0,none,baostock,query_history_k_data_plus
601086,SHSE.601086,,SH,A股-上交所,2022-06-07,4.09,4.09,4.0,4.07,4.09,10686686,43209775.88,-0.489,1.6046,1,0,none,baostock,query_history_k_data_plus
601086,SHSE.601086,,SH,A股-上交所,2022-06-08,4.06,4.09,3.96,4.06,4.07,11044600,44405361.0,-0.2457,1.6583,1,0,none,baostock,query_history_k_data_plus
601086,SHSE.601086,,SH,A股-上交所,2022-06-09,4.05,4.06,3.93,3.93,4.06,9165700,36527460.0,-3.202,1.3762,1,0,none,baostock,query_history_k_data_plus
601086,SHSE.601086,,SH,A股-上交所,2022-06-10,3.91,3.99,3.89,3.94,3.93,6784800,26830118.0,0.2545,1.0187,1,0,none,baostock,query_history_k_data_plus
601086,SHSE.601086,,SH,A股-上交所,2022-06-13,3.93,3.95,3.86,3.9,3.94,8028933,31324585.9,-1.0152,1.2055,1,0,none,baostock,query_history_k_data_plus
601086,SHSE.601086,,SH,A股-上交所,2022-06-14,3.88,3.92,3.82,3.9,3.9,7837299,30369578.17,0.0,1.1768,1,0,none,baostock,query_history_k_data_plus
601086,SHSE.601086,,SH,A股-上交所,2022-06-15,3.91,3.97,3.91,3.92,3.9,8573600,33820715.0,0.5128,1.2873,1,0,none,baostock,query_history_k_data_plus
601086,SHSE.601086,,SH,A股-上交所,2022-06-16,3.92,3.96,3.89,3.94,3.92,5516338,21673744.34,0.5102,0.8283,1,0,none,baostock,query_history_k_data_plus
601086,SHSE.601086,,SH,A股-上交所,2022-06-17,3.84,3.84,3.76,3.77,3.84,8450900,32065782.0,-1.8229,1.2689,1,0,none,baostock,query_history_k_data_plus
601086,SHSE.601086,,SH,A股-上交所,2022-06-20,3.78,3.82,3.75,3.79,3.77,6398200,24270794.0,0.5305,0.9607,1,0,none,baostock,query_history_k_data_plus
601086,SHSE.601086,,SH,A股-上交所,2022-06-21,3.8,3.85,3.77,3.81,3.79,6654100,25388250.84,0.5277,0.9991,1,0,none,baostock,query_history_k_data_plus
601086,SHSE.601086,,SH,A股-上交所,2022-06-22,3.81,3.81,3.73,3.73,3.81,6073500,22918877.0,-2.0997,0.9119,1,0,none,baostock,query_history_k_data_plus
601086,SHSE.601086,,SH,A股-上交所,2022-06-23,3.71,3.77,3.7,3.76,3.73,5562600,20799029.0,0.8043,0.8352,1,0,none,baostock,query_history_k_data_plus
601086,SHSE.601086,,SH,A股-上交所,2022-06-24,3.76,3.79,3.74,3.77,3.76,4422892,16686894.76,0.266,0.6641,1,0,none,baostock,query_history_k_data_plus
601086,SHSE.601086,,SH,A股-上交所,2022-06-27,3.79,3.84,3.77,3.81,3.77,5717500,21740180.0,1.061,0.8585,1,0,none,baostock,query_history_k_data_plus
601086,SHSE.601086,,SH,A股-上交所,2022-06-28,3.81,3.85,3.76,3.85,3.81,5647200,21578168.0,1.0499,0.8479,1,0,none,baostock,query_history_k_data_plus
601086,SHSE.601086,,SH,A股-上交所,2022-06-29,3.84,3.87,3.81,3.82,3.85,6098000,23424295.0,-0.7792,0.9156,1,0,none,baostock,query_history_k_data_plus
601086,SHSE.601086,,SH,A股-上交所,2022-06-30,3.82,3.93,3.82,3.88,3.82,7554177,29327767.45,1.5707,1.1343,1,0,none,baostock,query_history_k_data_plus
601086,SHSE.601086,,SH,A股-上交所,2022-07-01,3.88,3.92,3.85,3.9,3.88,5414431,21081772.05,0.5155,0.813,1,0,none,baostock,query_history_k_data_plus
601086,SHSE.601086,,SH,A股-上交所,2022-07-04,3.89,3.9,3.84,3.86,3.9,4077500,15725049.0,-1.0256,0.6122,1,0,none,baostock,query_history_k_data_plus
601086,SHSE.601086,,SH,A股-上交所,2022-07-05,3.86,3.87,3.8,3.84,3.86,3622500,13874475.0,-0.5181,0.5439,1,0,none,baostock,query_history_k_data_plus
601086,SHSE.601086,,SH,A股-上交所,2022-07-06,3.81,3.85,3.76,3.78,3.84,4688300,17788334.0,-1.5625,0.7039,1,0,none,baostock,query_history_k_data_plus
601086,SHSE.601086,,SH,A股-上交所,2022-07-07,3.77,3.81,3.77,3.78,3.78,2377500,9003702.0,0.0,0.357,1,0,none,baostock,query_history_k_data_plus
601086,SHSE.601086,,SH,A股-上交所,2022-07-08,3.78,3.84,3.77,3.81,3.78,3578700,13628040.0,0.7937,0.5373,1,0,none,baostock,query_history_k_data_plus
601086,SHSE.601086,,SH,A股-上交所,2022-07-11,3.81,3.82,3.77,3.79,3.81,2405100,9110059.0,-0.5249,0.3611,1,0,none,baostock,query_history_k_data_plus
601086,SHSE.601086,,SH,A股-上交所,2022-07-12,3.79,3.82,3.77,3.79,3.79,2747500,10407843.0,0.0,0.4125,1,0,none,baostock,query_history_k_data_plus
601086,SHSE.601086,,SH,A股-上交所,2022-07-13,3.78,3.84,3.76,3.83,3.79,4120700,15718408.0,1.0554,0.6187,1,0,none,baostock,query_history_k_data_plus
601086,SHSE.601086,,SH,A股-上交所,2022-07-14,3.82,3.83,3.77,3.78,3.83,3412300,12928432.0,-1.3055,0.5124,1,0,none,baostock,query_history_k_data_plus
601086,SHSE.601086,,SH,A股-上交所,2022-07-15,3.78,3.79,3.64,3.64,3.78,7521700,27644403.0,-3.7037,1.1294,1,0,none,baostock,query_history_k_data_plus
601086,SHSE.601086,,SH,A股-上交所,2022-07-18,3.63,3.78,3.63,3.77,3.64,5377700,20100918.0,3.5714,0.8075,1,0,none,baostock,query_history_k_data_plus
601086,SHSE.601086,,SH,A股-上交所,2022-07-19,3.77,3.87,3.76,3.86,3.77,6293900,24108214.0,2.3873,0.945,1,0,none,baostock,query_history_k_data_plus
601086,SHSE.601086,,SH,A股-上交所,2022-07-20,3.86,3.91,3.83,3.9,3.86,5409600,20927643.0,1.0363,0.8123,1,0,none,baostock,query_history_k_data_plus
601086,SHSE.601086,,SH,A股-上交所,2022-07-21,3.92,3.94,3.86,3.89,3.9,4758935,18540091.8,-0.2564,0.7146,1,0,none,baostock,query_history_k_data_plus
601086,SHSE.601086,,SH,A股-上交所,2022-07-22,3.89,3.92,3.84,3.87,3.89,3513000,13630990.0,-0.5141,0.5275,1,0,none,baostock,query_history_k_data_plus
601086,SHSE.601086,,SH,A股-上交所,2022-07-25,3.91,3.95,3.86,3.89,3.87,3716900,14499273.0,0.5168,0.5581,1,0,none,baostock,query_history_k_data_plus
601086,SHSE.601086,,SH,A股-上交所,2022-07-26,3.91,3.92,3.85,3.91,3.89,3631800,14133168.0,0.5141,0.5453,1,0,none,baostock,query_history_k_data_plus
601086,SHSE.601086,,SH,A股-上交所,2022-07-27,3.89,3.92,3.87,3.89,3.91,2928600,11379893.0,-0.5115,0.4397,1,0,none,baostock,query_history_k_data_plus
601086,SHSE.601086,,SH,A股-上交所,2022-07-28,3.89,3.93,3.89,3.9,3.89,3227100,12614170.0,0.2571,0.4845,1,0,none,baostock,query_history_k_data_plus
601086,SHSE.601086,,SH,A股-上交所,2022-07-29,3.91,3.92,3.86,3.87,3.9,4798600,18623826.0,-0.7692,0.7205,1,0,none,baostock,query_history_k_data_plus
601086,SHSE.601086,,SH,A股-上交所,2022-08-01,3.87,3.89,3.84,3.84,3.87,3175100,12246185.0,-0.7752,0.4767,1,0,none,baostock,query_history_k_data_plus
601086,SHSE.601086,,SH,A股-上交所,2022-08-02,3.83,3.84,3.63,3.68,3.84,6676500,24665982.0,-4.1667,1.0025,1,0,none,baostock,query_history_k_data_plus
601086,SHSE.601086,,SH,A股-上交所,2022-08-03,3.65,3.74,3.61,3.61,3.68,4611500,16967418.0,-1.9022,0.6924,1,0,none,baostock,query_history_k_data_plus
601086,SHSE.601086,,SH,A股-上交所,2022-08-04,3.63,3.7,3.62,3.69,3.61,3293800,12055766.0,2.2161,0.4946,1,0,none,baostock,query_history_k_data_plus
601086,SHSE.601086,,SH,A股-上交所,2022-08-05,3.69,3.74,3.68,3.73,3.69,2360300,8752953.0,1.084,0.3544,1,0,none,baostock,query_history_k_data_plus
601086,SHSE.601086,,SH,A股-上交所,2022-08-08,3.73,3.76,3.69,3.74,3.73,2008200,7505576.0,0.2681,0.3015,1,0,none,baostock,query_history_k_data_plus
601086,SHSE.601086,,SH,A股-上交所,2022-08-09,3.75,3.75,3.7,3.73,3.74,1424200,5305089.0,-0.2674,0.2138,1,0,none,baostock,query_history_k_data_plus
601086,SHSE.601086,,SH,A股-上交所,2022-08-10,3.75,3.75,3.7,3.72,3.73,1674877,6215454.0,-0.2681,0.2515,1,0,none,baostock,query_history_k_data_plus
601086,SHSE.601086,,SH,A股-上交所,2022-08-11,3.73,3.8,3.72,3.79,3.72,3380400,12758591.0,1.8817,0.5076,1,0,none,baostock,query_history_k_data_plus
601086,SHSE.601086,,SH,A股-上交所,2022-08-12,3.8,3.85,3.75,3.84,3.79,2963700,11337767.0,1.3193,0.445,1,0,none,baostock,query_history_k_data_plus
601086,SHSE.601086,,SH,A股-上交所,2022-08-15,3.84,3.85,3.79,3.84,3.84,2699400,10322054.23,0.0,0.4053,1,0,none,baostock,query_history_k_data_plus
601086,SHSE.601086,,SH,A股-上交所,2022-08-16,3.84,3.87,3.83,3.85,3.84,2169477,8334332.22,0.2604,0.3257,1,0,none,baostock,query_history_k_data_plus
601086,SHSE.601086,,SH,A股-上交所,2022-08-17,3.86,3.87,3.83,3.85,3.85,2001113,7705442.05,0.0,0.3005,1,0,none,baostock,query_history_k_data_plus
601086,SHSE.601086,,SH,A股-上交所,2022-08-18,3.86,3.86,3.8,3.83,3.85,2091300,8007770.0,-0.5195,0.314,1,0,none,baostock,query_history_k_data_plus
601086,SHSE.601086,,SH,A股-上交所,2022-08-19,3.85,3.89,3.81,3.83,3.83,3290377,12688942.45,0.0,0.4941,1,0,none,baostock,query_history_k_data_plus
601086,SHSE.601086,,SH,A股-上交所,2022-08-22,3.85,3.9,3.82,3.87,3.83,3292200,12738466.0,1.0444,0.4943,1,0,none,baostock,query_history_k_data_plus
601086,SHSE.601086,,SH,A股-上交所,2022-08-23,3.89,3.9,3.83,3.88,3.87,2554400,9891096.0,0.2584,0.3835,1,0,none,baostock,query_history_k_data_plus
601086,SHSE.601086,,SH,A股-上交所,2022-08-24,3.91,3.91,3.82,3.83,3.88,3218700,12404901.0,-1.2887,0.4833,1,0,none,baostock,query_history_k_data_plus
601086,SHSE.601086,,SH,A股-上交所,2022-08-25,3.84,3.88,3.75,3.87,3.83,4112177,15787977.99,1.0444,0.6174,1,0,none,baostock,query_history_k_data_plus
601086,SHSE.601086,,SH,A股-上交所,2022-08-26,3.9,3.9,3.79,3.82,3.87,3651900,14022245.0,-1.292,0.5483,1,0,none,baostock,query_history_k_data_plus
601086,SHSE.601086,,SH,A股-上交所,2022-08-29,3.77,3.93,3.75,3.91,3.82,6246200,24126403.0,2.356,0.9379,1,0,none,baostock,query_history_k_data_plus
601086,SHSE.601086,,SH,A股-上交所,2022-08-30,3.93,3.96,3.89,3.94,3.91,5326700,20919950.0,0.7673,0.7998,1,0,none,baostock,query_history_k_data_plus
601086,SHSE.601086,,SH,A股-上交所,2022-08-31,3.94,3.94,3.84,3.9,3.94,4255200,16522800.0,-1.0152,0.6389,1,0,none,baostock,query_history_k_data_plus
601086,SHSE.601086,,SH,A股-上交所,2022-09-01,3.89,4.03,3.85,3.98,3.9,11341976,44876080.72,2.0513,1.703,1,0,none,baostock,query_history_k_data_plus
601086,SHSE.601086,,SH,A股-上交所,2022-09-02,4.03,4.12,3.99,4.04,3.98,12021576,48603655.32,1.5075,1.805,1,0,none,baostock,query_history_k_data_plus
601086,SHSE.601086,,SH,A股-上交所,2022-09-05,4.0,4.11,3.99,4.1,4.04,9358424,38096548.61,1.4851,1.4052,1,0,none,baostock,query_history_k_data_plus
601086,SHSE.601086,,SH,A股-上交所,2022-09-06,4.09,4.19,4.07,4.12,4.1,7694524,31689478.92,0.4878,1.1553,1,0,none,baostock,query_history_k_data_plus
601086,SHSE.601086,,SH,A股-上交所,2022-09-07,4.12,4.15,4.02,4.07,4.12,5761000,23372979.0,-1.2136,0.865,1,0,none,baostock,query_history_k_data_plus
601086,SHSE.601086,,SH,A股-上交所,2022-09-08,4.09,4.15,3.95,4.06,4.07,8203400,33104184.0,-0.2457,1.2317,1,0,none,baostock,query_history_k_data_plus
601086,SHSE.601086,,SH,A股-上交所,2022-09-09,4.05,4.09,4.02,4.03,4.06,4408500,17850733.0,-0.7389,0.6619,1,0,none,baostock,query_history_k_data_plus
601086,SHSE.601086,,SH,A股-上交所,2022-09-13,4.02,4.14,4.01,4.12,4.03,5673100,23206234.0,2.2333,0.8518,1,0,none,baostock,query_history_k_data_plus
601086,SHSE.601086,,SH,A股-上交所,2022-09-14,4.05,4.26,4.01,4.2,4.12,18974300,79432284.0,1.9417,2.849,1,0,none,baostock,query_history_k_data_plus
601086,SHSE.601086,,SH,A股-上交所,2022-09-15,4.16,4.2,4.07,4.13,4.2,9948300,41081815.0,-1.6667,1.4937,1,0,none,baostock,query_history_k_data_plus
601086,SHSE.601086,,SH,A股-上交所,2022-09-16,4.16,4.17,3.99,4.02,4.13,8595700,34725619.0,-2.6634,1.2906,1,0,none,baostock,query_history_k_data_plus
601086,SHSE.601086,,SH,A股-上交所,2022-09-19,4.02,4.04,3.92,3.99,4.02,5903400,23429467.0,-0.7463,0.8864,1,0,none,baostock,query_history_k_data_plus
601086,SHSE.601086,,SH,A股-上交所,2022-09-20,4.0,4.2,3.99,4.13,3.99,10335200,42741779.0,3.5088,1.5518,1,0,none,baostock,query_history_k_data_plus
601086,SHSE.601086,,SH,A股-上交所,2022-09-21,4.11,4.44,4.09,4.25,4.13,21171500,90125158.0,2.9056,3.1789,1,0,none,baostock,query_history_k_data_plus
601086,SHSE.601086,,SH,A股-上交所,2022-09-22,4.25,4.3,4.14,4.15,4.25,13456000,56630806.0,-2.3529,2.0204,1,0,none,baostock,query_history_k_data_plus
601086,SHSE.601086,,SH,A股-上交所,2022-09-23,4.17,4.24,4.06,4.09,4.15,8944900,37075247.0,-1.4458,1.3431,1,0,none,baostock,query_history_k_data_plus
601086,SHSE.601086,,SH,A股-上交所,2022-09-26,4.08,4.1,3.83,3.92,4.09,9557632,38125172.4,-4.1565,1.4351,1,0,none,baostock,query_history_k_data_plus
601086,SHSE.601086,,SH,A股-上交所,2022-09-27,3.92,4.07,3.87,4.06,3.92,8115400,32179449.0,3.5714,1.2185,1,0,none,baostock,query_history_k_data_plus
601086,SHSE.601086,,SH,A股-上交所,2022-09-28,4.02,4.13,3.97,4.04,4.06,8625800,35104628.0,-0.4926,1.2952,1,0,none,baostock,query_history_k_data_plus
601086,SHSE.601086,,SH,A股-上交所,2022-09-29,4.09,4.25,4.04,4.19,4.04,17044300,70351246.0,3.7129,2.5592,1,0,none,baostock,query_history_k_data_plus
601086,SHSE.601086,,SH,A股-上交所,2022-09-30,4.2,4.61,4.11,4.61,4.19,62387999,277089541.39,10.0239,9.3676,1,0,none,baostock,query_history_k_data_plus
601086,SHSE.601086,,SH,A股-上交所,2022-10-10,4.94,4.94,4.26,4.61,4.61,68425455,309739697.74,0.0,10.2741,1,0,none,baostock,query_history_k_data_plus
601086,SHSE.601086,,SH,A股-上交所,2022-10-11,4.4,4.5,4.28,4.46,4.61,37826576,166126141.52,-3.2538,5.6797,1,0,none,baostock,query_history_k_data_plus
601086,SHSE.601086,,SH,A股-上交所,2022-10-12,4.35,4.44,4.21,4.41,4.46,34852852,150353140.89,-1.1211,5.2332,1,0,none,baostock,query_history_k_data_plus
601086,SHSE.601086,,SH,A股-上交所,2022-10-13,4.35,4.85,4.29,4.55,4.41,46716562,213237361.29,3.1746,7.0145,1,0,none,baostock,query_history_k_data_plus
601086,SHSE.601086,,SH,A股-上交所,2022-10-14,4.47,4.55,4.41,4.48,4.55,33378878,149341135.37,-1.5385,5.0118,1,0,none,baostock,query_history_k_data_plus
601086,SHSE.601086,,SH,A股-上交所,2022-10-17,4.41,4.57,4.37,4.56,4.48,31598257,142002148.85,1.7857,4.7445,1,0,none,baostock,query_history_k_data_plus
601086,SHSE.601086,,SH,A股-上交所,2022-10-18,4.53,4.56,4.35,4.38,4.56,27516599,122100060.64,-3.9474,4.1316,1,0,none,baostock,query_history_k_data_plus
601086,SHSE.601086,,SH,A股-上交所,2022-10-19,4.38,4.55,4.23,4.52,4.38,30445699,133081879.56,3.1963,4.5714,1,0,none,baostock,query_history_k_data_plus
601086,SHSE.601086,,SH,A股-上交所,2022-10-20,4.41,4.54,4.31,4.34,4.52,23722000,104606479.0,-3.9823,3.5619,1,0,none,baostock,query_history_k_data_plus
601086,SHSE.601086,,SH,A股-上交所,2022-10-21,4.3,4.43,4.06,4.09,4.34,22854500,96480377.0,-5.7604,3.4316,1,0,none,baostock,query_history_k_data_plus
601086,SHSE.601086,,SH,A股-上交所,2022-10-24,4.09,4.11,3.88,3.89,4.09,19266799,76664552.85,-4.89,2.8929,1,0,none,baostock,query_history_k_data_plus
601086,SHSE.601086,,SH,A股-上交所,2022-10-25,3.88,3.89,3.71,3.74,3.89,16059100,60550375.06,-3.856,2.4113,1,0,none,baostock,query_history_k_data_plus
601086,SHSE.601086,,SH,A股-上交所,2022-10-26,3.74,3.79,3.72,3.75,3.74,11361324,42641362.98,0.2674,1.7059,1,0,none,baostock,query_history_k_data_plus
601086,SHSE.601086,,SH,A股-上交所,2022-10-27,3.73,3.75,3.67,3.72,3.75,11361200,42166218.0,-0.8,1.7059,1,0,none,baostock,query_history_k_data_plus
601086,SHSE.601086,,SH,A股-上交所,2022-10-28,3.72,3.72,3.5,3.5,3.72,13014500,46795159.0,-5.914,1.9541,1,0,none,baostock,query_history_k_data_plus
601086,SHSE.601086,,SH,A股-上交所,2022-10-31,3.47,3.55,3.46,3.51,3.5,6372300,22312747.0,0.2857,0.9568,1,0,none,baostock,query_history_k_data_plus
601086,SHSE.601086,,SH,A股-上交所,2022-11-01,3.54,3.6,3.51,3.58,3.51,6879401,24512133.55,1.9943,1.0329,1,0,none,baostock,query_history_k_data_plus
601086,SHSE.601086,,SH,A股-上交所,2022-11-02,3.58,3.62,3.56,3.59,3.58,6174424,22168486.16,0.2793,0.9271,1,0,none,baostock,query_history_k_data_plus
601086,SHSE.601086,,SH,A股-上交所,2022-11-03,3.59,3.65,3.56,3.62,3.59,5752300,20748844.0,0.8357,0.8637,1,0,none,baostock,query_history_k_data_plus
601086,SHSE.601086,,SH,A股-上交所,2022-11-04,3.62,3.67,3.6,3.66,3.62,7164800,26081537.0,1.105,1.0758,1,0,none,baostock,query_history_k_data_plus
601086,SHSE.601086,,SH,A股-上交所,2022-11-07,3.66,3.72,3.64,3.72,3.66,7610624,28072196.8,1.6393,1.1427,1,0,none,baostock,query_history_k_data_plus
601086,SHSE.601086,,SH,A股-上交所,2022-11-08,3.7,3.73,3.65,3.73,3.72,6704900,24775103.0,0.2688,1.0067,1,0,none,baostock,query_history_k_data_plus
601086,SHSE.601086,,SH,A股-上交所,2022-11-09,3.73,3.74,3.68,3.68,3.73,4719300,17511262.0,-1.3405,0.7086,1,0,none,baostock,query_history_k_data_plus
601086,SHSE.601086,,SH,A股-上交所,2022-11-10,3.67,3.75,3.65,3.74,3.68,7106509,26442802.48,1.6304,1.067,1,0,none,baostock,query_history_k_data_plus
601086,SHSE.601086,,SH,A股-上交所,2022-11-11,3.78,3.82,3.74,3.78,3.74,8141000,30762177.23,1.0695,1.2224,1,0,none,baostock,query_history_k_data_plus
601086,SHSE.601086,,SH,A股-上交所,2022-11-14,3.81,3.82,3.75,3.77,3.78,7220577,27292012.52,-0.2646,1.0842,1,0,none,baostock,query_history_k_data_plus
601086,SHSE.601086,,SH,A股-上交所,2022-11-15,3.76,3.8,3.75,3.78,3.77,5525300,20845820.0,0.2653,0.8296,1,0,none,baostock,query_history_k_data_plus
601086,SHSE.601086,,SH,A股-上交所,2022-11-16,3.78,3.87,3.77,3.86,3.78,11069000,42321756.0,2.1164,1.662,1,0,none,baostock,query_history_k_data_plus
601086,SHSE.601086,,SH,A股-上交所,2022-11-17,3.85,3.9,3.82,3.89,3.86,8768424,33815663.64,0.7772,1.3166,1,0,none,baostock,query_history_k_data_plus
601086,SHSE.601086,,SH,A股-上交所,2022-11-18,3.92,3.95,3.81,3.81,3.89,7922799,30643876.43,-2.0566,1.1896,1,0,none,baostock,query_history_k_data_plus
601086,SHSE.601086,,SH,A股-上交所,2022-11-21,3.78,3.83,3.76,3.8,3.81,6094500,23100478.0,-0.2625,0.9151,1,0,none,baostock,query_history_k_data_plus
601086,SHSE.601086,,SH,A股-上交所,2022-11-22,3.79,3.87,3.79,3.83,3.8,7566600,28933518.0,0.7895,1.1361,1,0,none,baostock,query_history_k_data_plus
601086,SHSE.601086,,SH,A股-上交所,2022-11-23,3.82,3.83,3.72,3.77,3.83,6285099,23694694.23,-1.5666,0.9437,1,0,none,baostock,query_history_k_data_plus
601086,SHSE.601086,,SH,A股-上交所,2022-11-24,3.8,3.8,3.75,3.78,3.77,3321400,12553354.0,0.2653,0.4987,1,0,none,baostock,query_history_k_data_plus
601086,SHSE.601086,,SH,A股-上交所,2022-11-25,3.79,3.83,3.78,3.8,3.78,3601899,13706452.19,0.5291,0.5408,1,0,none,baostock,query_history_k_data_plus
601086,SHSE.601086,,SH,A股-上交所,2022-11-28,3.78,3.82,3.73,3.82,3.8,4325200,16359061.0,0.5263,0.6494,1,0,none,baostock,query_history_k_data_plus
601086,SHSE.601086,,SH,A股-上交所,2022-11-29,3.82,3.93,3.78,3.91,3.82,6794600,26328217.0,2.356,1.0202,1,0,none,baostock,query_history_k_data_plus
601086,SHSE.601086,,SH,A股-上交所,2022-11-30,3.88,3.96,3.88,3.93,3.91,5936800,23303495.0,0.5115,0.8914,1,0,none,baostock,query_history_k_data_plus
601086,SHSE.601086,,SH,A股-上交所,2022-12-01,3.99,4.29,3.95,4.08,3.93,26326000,108325536.0,3.8168,3.9529,1,0,none,baostock,query_history_k_data_plus
601086,SHSE.601086,,SH,A股-上交所,2022-12-02,4.06,4.22,4.03,4.1,4.08,19890400,81622622.0,0.4902,2.9865,1,0,none,baostock,query_history_k_data_plus
601086,SHSE.601086,,SH,A股-上交所,2022-12-05,4.11,4.27,4.11,4.15,4.1,13023500,54052615.0,1.2195,1.9555,1,0,none,baostock,query_history_k_data_plus
601086,SHSE.601086,,SH,A股-上交所,2022-12-06,4.12,4.44,4.11,4.31,4.15,26365600,112926496.0,3.8554,3.9588,1,0,none,baostock,query_history_k_data_plus
601086,SHSE.601086,,SH,A股-上交所,2022-12-07,4.3,4.36,4.22,4.3,4.31,19332200,82721089.0,-0.232,2.9027,1,0,none,baostock,query_history_k_data_plus
601086,SHSE.601086,,SH,A股-上交所,2022-12-08,4.27,4.4,4.23,4.33,4.3,14844200,64306717.0,0.6977,2.2289,1,0,none,baostock,query_history_k_data_plus
601086,SHSE.601086,,SH,A股-上交所,2022-12-09,4.33,4.34,4.22,4.3,4.33,13945600,59606200.0,-0.6928,2.0939,1,0,none,baostock,query_history_k_data_plus
601086,SHSE.601086,,SH,A股-上交所,2022-12-12,4.31,4.36,4.25,4.29,4.3,10988700,47137239.0,-0.2326,1.65,1,0,none,baostock,query_history_k_data_plus
601086,SHSE.601086,,SH,A股-上交所,2022-12-13,4.24,4.42,4.24,4.4,4.29,14467800,63106874.0,2.5641,2.1723,1,0,none,baostock,query_history_k_data_plus
601086,SHSE.601086,,SH,A股-上交所,2022-12-14,4.36,4.5,4.34,4.39,4.4,11167000,49414982.0,-0.2273,1.6767,1,0,none,baostock,query_history_k_data_plus
601086,SHSE.601086,,SH,A股-上交所,2022-12-15,4.39,4.45,4.31,4.35,4.39,7959700,34727860.0,-0.9112,1.1952,1,0,none,baostock,query_history_k_data_plus
601086,SHSE.601086,,SH,A股-上交所,2022-12-16,4.32,4.37,4.24,4.32,4.35,6728500,28891680.0,-0.6897,1.0103,1,0,none,baostock,query_history_k_data_plus
601086,SHSE.601086,,SH,A股-上交所,2022-12-19,4.37,4.37,4.15,4.2,4.32,7286000,30724673.0,-2.7778,1.094,1,0,none,baostock,query_history_k_data_plus
601086,SHSE.601086,,SH,A股-上交所,2022-12-20,4.2,4.24,4.09,4.15,4.2,5110600,21287306.0,-1.1905,0.7674,1,0,none,baostock,query_history_k_data_plus
601086,SHSE.601086,,SH,A股-上交所,2022-12-21,4.17,4.25,4.12,4.2,4.15,4918600,20621964.0,1.2048,0.7385,1,0,none,baostock,query_history_k_data_plus
601086,SHSE.601086,,SH,A股-上交所,2022-12-22,4.2,4.28,4.12,4.15,4.2,5778600,24383417.0,-1.1905,0.8677,1,0,none,baostock,query_history_k_data_plus
601086,SHSE.601086,,SH,A股-上交所,2022-12-23,4.15,4.19,4.04,4.09,4.15,5646000,23203648.0,-1.4458,0.8477,1,0,none,baostock,query_history_k_data_plus
601086,SHSE.601086,,SH,A股-上交所,2022-12-26,4.11,4.17,4.05,4.16,4.09,4893800,20209440.0,1.7115,0.7348,1,0,none,baostock,query_history_k_data_plus
601086,SHSE.601086,,SH,A股-上交所,2022-12-27,4.15,4.27,4.12,4.21,4.16,6463000,27159081.0,1.2019,0.9704,1,0,none,baostock,query_history_k_data_plus
601086,SHSE.601086,,SH,A股-上交所,2022-12-28,4.19,4.28,4.11,4.26,4.21,8677800,36337903.0,1.1876,1.303,1,0,none,baostock,query_history_k_data_plus
601086,SHSE.601086,,SH,A股-上交所,2022-12-29,4.23,4.37,4.11,4.33,4.26,18084300,77182206.0,1.6432,2.7154,1,0,none,baostock,query_history_k_data_plus
601086,SHSE.601086,,SH,A股-上交所,2022-12-30,4.33,4.65,4.28,4.5,4.33,32197100,143220961.0,3.9261,4.8344,1,0,none,baostock,query_history_k_data_plus
601086,SHSE.601086,,SH,A股-上交所,2023-01-03,4.43,4.47,4.3,4.38,4.5,22175513,96792504.68,-2.6667,3.3297,1,0,none,baostock,query_history_k_data_plus
601086,SHSE.601086,,SH,A股-上交所,2023-01-04,4.34,4.4,4.31,4.35,4.38,11592700,50465031.0,-0.6849,1.7406,1,0,none,baostock,query_history_k_data_plus
601086,SHSE.601086,,SH,A股-上交所,2023-01-05,4.35,4.35,4.19,4.21,4.35,13155300,55674880.0,-3.2184,1.9753,1,0,none,baostock,query_history_k_data_plus
601086,SHSE.601086,,SH,A股-上交所,2023-01-06,4.23,4.23,4.04,4.05,4.21,11998000,49144342.0,-3.8005,1.8015,1,0,none,baostock,query_history_k_data_plus
601086,SHSE.601086,,SH,A股-上交所,2023-01-09,4.05,4.16,4.03,4.15,4.05,8216700,33822027.0,2.4691,1.2337,1,0,none,baostock,query_history_k_data_plus
601086,SHSE.601086,,SH,A股-上交所,2023-01-10,4.12,4.16,4.08,4.11,4.15,5210625,21392787.0,-0.9639,0.7824,1,0,none,baostock,query_history_k_data_plus
601086,SHSE.601086,,SH,A股-上交所,2023-01-11,4.07,4.15,3.99,4.0,4.11,7529526,30471567.29,-2.6764,1.1306,1,0,none,baostock,query_history_k_data_plus
601086,SHSE.601086,,SH,A股-上交所,2023-01-12,4.02,4.03,3.9,3.91,4.0,5495700,21689653.0,-2.25,0.8252,1,0,none,baostock,query_history_k_data_plus
601086,SHSE.601086,,SH,A股-上交所,2023-01-13,3.92,3.98,3.92,3.94,3.91,3382900,13362341.0,0.7673,0.5079,1,0,none,baostock,query_history_k_data_plus
601086,SHSE.601086,,SH,A股-上交所,2023-01-16,3.98,4.03,3.95,3.98,3.94,4947700,19760431.0,1.0152,0.7429,1,0,none,baostock,query_history_k_data_plus
601086,SHSE.601086,,SH,A股-上交所,2023-01-17,3.99,4.04,3.9,3.91,3.98,5046800,19985813.0,-1.7588,0.7578,1,0,none,baostock,query_history_k_data_plus
601086,SHSE.601086,,SH,A股-上交所,2023-01-18,3.9,3.94,3.9,3.92,3.91,3686900,14444384.0,0.2558,0.5536,1,0,none,baostock,query_history_k_data_plus
601086,SHSE.601086,,SH,A股-上交所,2023-01-19,3.91,3.95,3.9,3.92,3.92,3075000,12051596.0,0.0,0.4617,1,0,none,baostock,query_history_k_data_plus
601086,SHSE.601086,,SH,A股-上交所,2023-01-20,3.93,3.96,3.91,3.96,3.92,3584600,14131062.0,1.0204,0.5382,1,0,none,baostock,query_history_k_data_plus
601086,SHSE.601086,,SH,A股-上交所,2023-01-30,3.99,4.03,3.99,4.02,3.96,5000759,20028255.59,1.5152,0.7509,1,0,none,baostock,query_history_k_data_plus
601086,SHSE.601086,,SH,A股-上交所,2023-01-31,4.01,4.18,4.0,4.17,4.02,10463259,42918714.85,3.7313,1.5711,1,0,none,baostock,query_history_k_data_plus
601086,SHSE.601086,,SH,A股-上交所,2023-02-01,4.16,4.25,4.12,4.24,4.17,7586500,31782096.0,1.6787,1.1391,1,0,none,baostock,query_history_k_data_plus
601086,SHSE.601086,,SH,A股-上交所,2023-02-02,4.27,4.28,4.15,4.2,4.24,6305013,26427375.34,-0.9434,0.9467,1,0,none,baostock,query_history_k_data_plus
601086,SHSE.601086,,SH,A股-上交所,2023-02-03,4.18,4.22,4.13,4.22,4.2,6518800,27238146.0,0.4762,0.9788,1,0,none,baostock,query_history_k_data_plus
601086,SHSE.601086,,SH,A股-上交所,2023-02-06,4.19,4.22,4.15,4.18,4.22,5286300,22121347.0,-0.9479,0.7937,1,0,none,baostock,query_history_k_data_plus
601086,SHSE.601086,,SH,A股-上交所,2023-02-07,4.2,4.21,4.15,4.21,4.18,3757500,15715564.0,0.7177,0.5642,1,0,none,baostock,query_history_k_data_plus
601086,SHSE.601086,,SH,A股-上交所,2023-02-08,4.21,4.23,4.19,4.19,4.21,4886400,20584484.0,-0.4751,0.7337,1,0,none,baostock,query_history_k_data_plus
601086,SHSE.601086,,SH,A股-上交所,2023-02-09,4.19,4.24,4.18,4.2,4.19,3521513,14818258.47,0.2387,0.5288,1,0,none,baostock,query_history_k_data_plus
601086,SHSE.601086,,SH,A股-上交所,2023-02-10,4.22,4.31,4.2,4.28,4.2,6550800,27904062.0,1.9048,0.9836,1,0,none,baostock,query_history_k_data_plus
601086,SHSE.601086,,SH,A股-上交所,2023-02-13,4.29,4.31,4.24,4.28,4.28,5150200,21951715.0,0.0,0.7733,1,0,none,baostock,query_history_k_data_plus
601086,SHSE.601086,,SH,A股-上交所,2023-02-14,4.27,4.3,4.23,4.23,4.28,4638400,19776549.0,-1.1682,0.6965,1,0,none,baostock,query_history_k_data_plus
601086,SHSE.601086,,SH,A股-上交所,2023-02-15,4.25,4.25,4.2,4.21,4.23,3952900,16709604.0,-0.4728,0.5935,1,0,none,baostock,query_history_k_data_plus
601086,SHSE.601086,,SH,A股-上交所,2023-02-16,4.22,4.28,4.11,4.13,4.21,5785100,24386921.0,-1.9002,0.8686,1,0,none,baostock,query_history_k_data_plus
601086,SHSE.601086,,SH,A股-上交所,2023-02-17,4.12,4.23,4.12,4.16,4.13,6031700,25190127.0,0.7264,0.9057,1,0,none,baostock,query_history_k_data_plus
601086,SHSE.601086,,SH,A股-上交所,2023-02-20,4.16,4.21,4.13,4.19,4.16,3538300,14745609.0,0.7212,0.5313,1,0,none,baostock,query_history_k_data_plus
601086,SHSE.601086,,SH,A股-上交所,2023-02-21,4.2,4.23,4.17,4.22,4.19,4150300,17430275.0,0.716,0.6232,1,0,none,baostock,query_history_k_data_plus
601086,SHSE.601086,,SH,A股-上交所,2023-02-22,4.2,4.21,4.15,4.21,4.22,3960000,16557495.0,-0.237,0.5946,1,0,none,baostock,query_history_k_data_plus
601086,SHSE.601086,,SH,A股-上交所,2023-02-23,4.21,4.26,4.2,4.26,4.21,4921700,20853522.0,1.1876,0.739,1,0,none,baostock,query_history_k_data_plus
601086,SHSE.601086,,SH,A股-上交所,2023-02-24,4.23,4.28,4.2,4.25,4.26,4050300,17183229.0,-0.2347,0.6082,1,0,none,baostock,query_history_k_data_plus
601086,SHSE.601086,,SH,A股-上交所,2023-02-27,4.27,4.34,4.22,4.24,4.25,7552500,32268179.0,-0.2353,1.134,1,0,none,baostock,query_history_k_data_plus
601086,SHSE.601086,,SH,A股-上交所,2023-02-28,4.22,4.34,4.22,4.33,4.24,7123500,30669445.0,2.1226,1.0696,1,0,none,baostock,query_history_k_data_plus
601086,SHSE.601086,,SH,A股-上交所,2023-03-01,4.33,4.37,4.31,4.33,4.33,5391100,23377437.0,0.0,0.8095,1,0,none,baostock,query_history_k_data_plus
601086,SHSE.601086,,SH,A股-上交所,2023-03-02,4.32,4.38,4.31,4.32,4.33,3748677,16260040.18,-0.2309,0.5629,1,0,none,baostock,query_history_k_data_plus
601086,SHSE.601086,,SH,A股-上交所,2023-03-03,4.32,4.35,4.28,4.34,4.32,4074300,17627824.0,0.463,0.6118,1,0,none,baostock,query_history_k_data_plus
601086,SHSE.601086,,SH,A股-上交所,2023-03-06,4.34,4.36,4.29,4.31,4.34,4231300,18276531.0,-0.6912,0.6353,1,0,none,baostock,query_history_k_data_plus
601086,SHSE.601086,,SH,A股-上交所,2023-03-07,4.32,4.34,4.26,4.27,4.31,4506114,19371736.78,-0.9281,0.6766,1,0,none,baostock,query_history_k_data_plus
601086,SHSE.601086,,SH,A股-上交所,2023-03-08,4.27,4.37,4.24,4.34,4.27,6015200,26047947.0,1.6393,0.9032,1,0,none,baostock,query_history_k_data_plus
601086,SHSE.601086,,SH,A股-上交所,2023-03-09,4.36,4.36,4.26,4.27,4.34,4147800,17790661.0,-1.6129,0.6228,1,0,none,baostock,query_history_k_data_plus
601086,SHSE.601086,,SH,A股-上交所,2023-03-10,4.26,4.27,4.15,4.16,4.27,4040800,16935340.0,-2.5761,0.6067,1,0,none,baostock,query_history_k_data_plus
601086,SHSE.601086,,SH,A股-上交所,2023-03-13,4.17,4.18,4.09,4.17,4.16,4220200,17458200.0,0.2404,0.6337,1,0,none,baostock,query_history_k_data_plus
601086,SHSE.601086,,SH,A股-上交所,2023-03-14,4.17,4.17,4.02,4.04,4.17,3633601,14811140.13,-3.1175,0.5456,1,0,none,baostock,query_history_k_data_plus
601086,SHSE.601086,,SH,A股-上交所,2023-03-15,4.08,4.15,4.05,4.14,4.04,3398500,13990199.0,2.4752,0.5103,1,0,none,baostock,query_history_k_data_plus
601086,SHSE.601086,,SH,A股-上交所,2023-03-16,4.15,4.15,4.04,4.04,4.14,3758000,15375461.0,-2.4155,0.5643,1,0,none,baostock,query_history_k_data_plus
601086,SHSE.601086,,SH,A股-上交所,2023-03-17,4.1,4.17,4.05,4.15,4.04,4622500,19104332.0,2.7228,0.6941,1,0,none,baostock,query_history_k_data_plus
601086,SHSE.601086,,SH,A股-上交所,2023-03-20,4.15,4.23,4.13,4.17,4.15,4422700,18520059.0,0.4819,0.6641,1,0,none,baostock,query_history_k_data_plus
601086,SHSE.601086,,SH,A股-上交所,2023-03-21,4.16,4.39,4.15,4.38,4.17,9247800,39919842.0,5.036,1.3886,1,0,none,baostock,query_history_k_data_plus
601086,SHSE.601086,,SH,A股-上交所,2023-03-22,4.41,4.43,4.31,4.37,4.38,4858956,21152495.48,-0.2283,0.7296,1,0,none,baostock,query_history_k_data_plus
601086,SHSE.601086,,SH,A股-上交所,2023-03-23,4.38,4.4,4.34,4.4,4.37,4996359,21859431.83,0.6865,0.7502,1,0,none,baostock,query_history_k_data_plus
601086,SHSE.601086,,SH,A股-上交所,2023-03-24,4.4,4.41,4.28,4.31,4.4,4297000,18568228.0,-2.0455,0.6452,1,0,none,baostock,query_history_k_data_plus
601086,SHSE.601086,,SH,A股-上交所,2023-03-27,4.31,4.35,4.25,4.33,4.31,4628600,19928423.0,0.464,0.695,1,0,none,baostock,query_history_k_data_plus
601086,SHSE.601086,,SH,A股-上交所,2023-03-28,4.34,4.36,4.25,4.33,4.33,3876000,16743795.0,0.0,0.582,1,0,none,baostock,query_history_k_data_plus
601086,SHSE.601086,,SH,A股-上交所,2023-03-29,4.37,4.38,4.26,4.29,4.33,3526100,15146363.0,-0.9238,0.5294,1,0,none,baostock,query_history_k_data_plus
601086,SHSE.601086,,SH,A股-上交所,2023-03-30,4.29,4.47,4.24,4.43,4.29,12760313,56001271.66,3.2634,1.916,1,0,none,baostock,query_history_k_data_plus
601086,SHSE.601086,,SH,A股-上交所,2023-03-31,4.4,4.57,4.33,4.5,4.43,17204587,76637862.63,1.5801,2.5833,1,0,none,baostock,query_history_k_data_plus
601086,SHSE.601086,,SH,A股-上交所,2023-04-03,4.5,4.5,4.36,4.4,4.5,15040800,66185031.0,-2.2222,2.2584,1,0,none,baostock,query_history_k_data_plus
601086,SHSE.601086,,SH,A股-上交所,2023-04-04,4.39,4.4,4.26,4.3,4.4,11525718,49667458.25,-2.2727,1.7306,1,0,none,baostock,query_history_k_data_plus
601086,SHSE.601086,,SH,A股-上交所,2023-04-06,4.26,4.26,4.16,4.17,4.3,8631400,36193966.0,-3.0233,1.296,1,0,none,baostock,query_history_k_data_plus
601086,SHSE.601086,,SH,A股-上交所,2023-04-07,4.17,4.18,4.11,4.15,4.17,6675900,27634866.0,-0.4796,1.0024,1,0,none,baostock,query_history_k_data_plus
601086,SHSE.601086,,SH,A股-上交所,2023-04-10,4.16,4.16,3.97,4.01,4.15,11611018,46711888.09,-3.3735,1.7434,1,0,none,baostock,query_history_k_data_plus
601086,SHSE.601086,,SH,A股-上交所,2023-04-11,4.0,4.01,3.9,3.95,4.01,8843600,34765388.0,-1.4963,1.3279,1,0,none,baostock,query_history_k_data_plus
601086,SHSE.601086,,SH,A股-上交所,2023-04-12,3.95,3.99,3.92,3.99,3.95,5723201,22643588.94,1.0127,0.8593,1,0,none,baostock,query_history_k_data_plus
601086,SHSE.601086,,SH,A股-上交所,2023-04-13,3.97,4.01,3.93,4.01,3.99,6825045,27177834.65,0.5013,1.0248,1,0,none,baostock,query_history_k_data_plus
601086,SHSE.601086,,SH,A股-上交所,2023-04-14,4.01,4.02,3.94,3.98,4.01,6854200,27288995.0,-0.7481,1.0292,1,0,none,baostock,query_history_k_data_plus
601086,SHSE.601086,,SH,A股-上交所,2023-04-17,4.0,4.06,3.96,4.03,3.98,6163800,24745971.0,1.2563,0.9255,1,0,none,baostock,query_history_k_data_plus
601086,SHSE.601086,,SH,A股-上交所,2023-04-18,4.02,4.03,3.94,3.95,4.03,5960600,23685650.0,-1.9851,0.895,1,0,none,baostock,query_history_k_data_plus
601086,SHSE.601086,,SH,A股-上交所,2023-04-19,3.95,4.02,3.93,3.98,3.95,5197600,20721599.0,0.7595,0.7804,1,0,none,baostock,query_history_k_data_plus
601086,SHSE.601086,,SH,A股-上交所,2023-04-20,3.99,4.0,3.93,3.94,3.98,3863500,15254382.0,-1.005,0.5801,1,0,none,baostock,query_history_k_data_plus
601086,SHSE.601086,,SH,A股-上交所,2023-04-21,3.96,3.98,3.84,3.85,3.94,5372900,20963556.0,-2.2843,0.8067,1,0,none,baostock,query_history_k_data_plus
601086,SHSE.601086,,SH,A股-上交所,2023-04-24,3.85,3.95,3.81,3.88,3.85,5511900,21409108.0,0.7792,0.8276,1,0,none,baostock,query_history_k_data_plus
601086,SHSE.601086,,SH,A股-上交所,2023-04-25,3.88,3.91,3.78,3.83,3.88,5051700,19372909.0,-1.2887,0.7585,1,0,none,baostock,query_history_k_data_plus
601086,SHSE.601086,,SH,A股-上交所,2023-04-26,3.83,3.91,3.81,3.88,3.83,3511600,13594325.0,1.3055,0.5273,1,0,none,baostock,query_history_k_data_plus
601086,SHSE.601086,,SH,A股-上交所,2023-04-27,3.89,3.97,3.85,3.93,3.88,4092700,16054988.0,1.2887,0.6145,1,0,none,baostock,query_history_k_data_plus
601086,SHSE.601086,,SH,A股-上交所,2023-04-28,3.93,4.04,3.92,4.03,3.93,6419600,25683511.0,2.5445,0.9639,1,0,none,baostock,query_history_k_data_plus
601086,SHSE.601086,,SH,A股-上交所,2023-05-04,4.13,4.43,4.11,4.43,4.03,18874098,81920962.32,9.9256,2.8339,1,0,none,baostock,query_history_k_data_plus
601086,SHSE.601086,,SH,A股-上交所,2023-05-05,4.49,4.54,4.4,4.5,4.43,27647500,123993820.23,1.5801,4.1513,1,0,none,baostock,query_history_k_data_plus
601086,SHSE.601086,,SH,A股-上交所,2023-05-08,4.48,4.73,4.47,4.65,4.5,22197698,102442912.0,3.3333,3.333,1,0,none,baostock,query_history_k_data_plus
601086,SHSE.601086,,SH,A股-上交所,2023-05-09,4.7,4.76,4.62,4.68,4.65,14478200,68076977.0,0.6452,2.1739,1,0,none,baostock,query_history_k_data_plus
601086,SHSE.601086,,SH,A股-上交所,2023-05-10,4.69,4.83,4.67,4.78,4.68,12008780,57088254.6,2.1368,1.8031,1,0,none,baostock,query_history_k_data_plus
601086,SHSE.601086,,SH,A股-上交所,2023-05-11,4.83,4.9,4.74,4.87,4.78,10312800,49901866.64,1.8828,1.5485,1,0,none,baostock,query_history_k_data_plus
601086,SHSE.601086,,SH,A股-上交所,2023-05-12,4.9,4.91,4.77,4.83,4.87,10533801,50852324.84,-0.8214,1.5817,1,0,none,baostock,query_history_k_data_plus
601086,SHSE.601086,,SH,A股-上交所,2023-05-15,4.81,4.88,4.69,4.82,4.83,10365500,49435614.0,-0.207,1.5564,1,0,none,baostock,query_history_k_data_plus
601086,SHSE.601086,,SH,A股-上交所,2023-05-16,4.84,4.86,4.76,4.77,4.82,6228780,29956865.2,-1.0373,0.9353,1,0,none,baostock,query_history_k_data_plus
601086,SHSE.601086,,SH,A股-上交所,2023-05-17,4.8,4.91,4.75,4.87,4.77,6354800,30755300.0,2.0964,0.9542,1,0,none,baostock,query_history_k_data_plus
601086,SHSE.601086,,SH,A股-上交所,2023-05-18,4.88,4.93,4.83,4.88,4.87,5176000,25225835.0,0.2053,0.7772,1,0,none,baostock,query_history_k_data_plus
601086,SHSE.601086,,SH,A股-上交所,2023-05-19,4.88,4.92,4.77,4.82,4.88,5550600,26759470.0,-1.2295,0.8334,1,0,none,baostock,query_history_k_data_plus
601086,SHSE.601086,,SH,A股-上交所,2023-05-22,4.8,4.84,4.72,4.79,4.82,5829000,27949738.0,-0.6224,0.8752,1,0,none,baostock,query_history_k_data_plus
601086,SHSE.601086,,SH,A股-上交所,2023-05-23,4.79,4.86,4.73,4.76,4.79,4745600,22784324.0,-0.6263,0.7126,1,0,none,baostock,query_history_k_data_plus
601086,SHSE.601086,,SH,A股-上交所,2023-05-24,4.72,4.8,4.61,4.65,4.76,5473200,25653046.0,-2.3109,0.8218,1,0,none,baostock,query_history_k_data_plus
601086,SHSE.601086,,SH,A股-上交所,2023-05-25,4.68,4.75,4.62,4.68,4.65,5984100,27961875.0,0.6452,0.8985,1,0,none,baostock,query_history_k_data_plus
601086,SHSE.601086,,SH,A股-上交所,2023-05-26,4.73,4.74,4.61,4.66,4.68,3701600,17254250.0,-0.4274,0.5558,1,0,none,baostock,query_history_k_data_plus
601086,SHSE.601086,,SH,A股-上交所,2023-05-29,4.65,4.71,4.58,4.63,4.66,4919100,22753584.0,-0.6438,0.7386,1,0,none,baostock,query_history_k_data_plus
601086,SHSE.601086,,SH,A股-上交所,2023-05-30,4.58,4.7,4.56,4.63,4.63,4027600,18607877.0,0.0,0.6047,1,0,none,baostock,query_history_k_data_plus
601086,SHSE.601086,,SH,A股-上交所,2023-05-31,4.65,4.66,4.58,4.6,4.63,2984900,13790124.0,-0.6479,0.4482,1,0,none,baostock,query_history_k_data_plus
601086,SHSE.601086,,SH,A股-上交所,2023-06-01,4.58,4.73,4.55,4.65,4.6,6894800,32001789.0,1.087,1.0353,1,0,none,baostock,query_history_k_data_plus
601086,SHSE.601086,,SH,A股-上交所,2023-06-02,4.65,4.8,4.63,4.78,4.65,5408700,25647110.0,2.7957,0.8121,1,0,none,baostock,query_history_k_data_plus
601086,SHSE.601086,,SH,A股-上交所,2023-06-05,4.76,5.02,4.65,4.84,4.78,11752100,56729891.0,1.2552,1.7646,1,0,none,baostock,query_history_k_data_plus
601086,SHSE.601086,,SH,A股-上交所,2023-06-06,4.85,5.32,4.85,5.32,4.84,22404059,116444410.36,9.9174,3.364,1,0,none,baostock,query_history_k_data_plus
601086,SHSE.601086,,SH,A股-上交所,2023-06-07,5.22,5.85,5.01,5.85,5.32,70323177,375173187.26,9.9624,10.559,1,0,none,baostock,query_history_k_data_plus
601086,SHSE.601086,,SH,A股-上交所,2023-06-08,5.76,6.0,5.34,5.5,5.85,68743024,388989611.28,-5.9829,10.3218,1,0,none,baostock,query_history_k_data_plus
601086,SHSE.601086,,SH,A股-上交所,2023-06-09,5.21,5.29,5.01,5.05,5.4,53277964,271573686.58,-6.4815,7.9997,1,0,none,baostock,query_history_k_data_plus
601086,SHSE.601086,,SH,A股-上交所,2023-06-12,5.05,5.11,4.81,4.93,5.05,41982477,205319292.53,-2.3762,6.3037,1,0,none,baostock,query_history_k_data_plus
601086,SHSE.601086,,SH,A股-上交所,2023-06-13,4.93,4.93,4.58,4.6,4.93,45699643,214604110.49,-6.6937,6.8618,1,0,none,baostock,query_history_k_data_plus
601086,SHSE.601086,,SH,A股-上交所,2023-06-14,4.6,4.77,4.53,4.73,4.6,41041863,192157554.44,2.8261,6.1624,1,0,none,baostock,query_history_k_data_plus
601086,SHSE.601086,,SH,A股-上交所,2023-06-15,4.69,4.7,4.49,4.54,4.73,34961100,159012469.0,-4.0169,5.2494,1,0,none,baostock,query_history_k_data_plus
601086,SHSE.601086,,SH,A股-上交所,2023-06-16,4.54,4.58,4.46,4.51,4.54,17999700,81285469.0,-0.6608,2.7027,1,0,none,baostock,query_history_k_data_plus
601086,SHSE.601086,,SH,A股-上交所,2023-06-19,4.51,4.53,4.45,4.46,4.51,15564700,69752967.0,-1.1086,2.337,1,0,none,baostock,query_history_k_data_plus
601086,SHSE.601086,,SH,A股-上交所,2023-06-20,4.46,4.47,4.36,4.37,4.46,15193000,66704811.0,-2.0179,2.2812,1,0,none,baostock,query_history_k_data_plus
601086,SHSE.601086,,SH,A股-上交所,2023-06-21,4.35,4.41,4.31,4.32,4.37,10527500,45973219.0,-1.1442,1.5807,1,0,none,baostock,query_history_k_data_plus
601086,SHSE.601086,,SH,A股-上交所,2023-06-26,4.27,4.36,4.27,4.32,4.32,10046900,43447826.0,0.0,1.5085,1,0,none,baostock,query_history_k_data_plus
601086,SHSE.601086,,SH,A股-上交所,2023-06-27,4.31,4.44,4.31,4.44,4.32,10521600,46366493.0,2.7778,1.5798,1,0,none,baostock,query_history_k_data_plus
601086,SHSE.601086,,SH,A股-上交所,2023-06-28,4.4,4.49,4.33,4.47,4.44,11399000,50202433.0,0.6757,1.7116,1,0,none,baostock,query_history_k_data_plus
601086,SHSE.601086,,SH,A股-上交所,2023-06-29,4.42,4.47,4.42,4.43,4.47,6903200,30606958.0,-0.8949,1.0365,1,0,none,baostock,query_history_k_data_plus
601086,SHSE.601086,,SH,A股-上交所,2023-06-30,4.46,4.49,4.43,4.45,4.43,8502400,37995215.0,0.4515,1.2766,1,0,none,baostock,query_history_k_data_plus
601086,SHSE.601086,,SH,A股-上交所,2023-07-03,4.46,4.56,4.43,4.54,4.45,14883001,67267611.54,2.0225,2.2347,1,0,none,baostock,query_history_k_data_plus
601086,SHSE.601086,,SH,A股-上交所,2023-07-04,4.56,4.56,4.46,4.51,4.54,8163600,36728962.0,-0.6608,1.2258,1,0,none,baostock,query_history_k_data_plus
601086,SHSE.601086,,SH,A股-上交所,2023-07-05,4.51,4.53,4.45,4.47,4.51,6116700,27473579.0,-0.8869,0.9184,1,0,none,baostock,query_history_k_data_plus
601086,SHSE.601086,,SH,A股-上交所,2023-07-06,4.5,4.51,4.45,4.48,4.47,6612698,29623050.06,0.2237,0.9929,1,0,none,baostock,query_history_k_data_plus
601086,SHSE.601086,,SH,A股-上交所,2023-07-07,4.51,4.53,4.43,4.52,4.48,6566700,29567725.0,0.8929,0.986,1,0,none,baostock,query_history_k_data_plus
601086,SHSE.601086,,SH,A股-上交所,2023-07-10,4.52,4.62,4.49,4.62,4.52,12399698,56833875.88,2.2124,1.8618,1,0,none,baostock,query_history_k_data_plus
601086,SHSE.601086,,SH,A股-上交所,2023-07-11,4.62,4.7,4.55,4.67,4.62,12006000,55639425.0,1.0823,1.8027,1,0,none,baostock,query_history_k_data_plus
601086,SHSE.601086,,SH,A股-上交所,2023-07-12,4.69,4.71,4.56,4.58,4.67,9580500,44393629.0,-1.9272,1.4385,1,0,none,baostock,query_history_k_data_plus
601086,SHSE.601086,,SH,A股-上交所,2023-07-13,4.59,4.67,4.58,4.65,4.58,9200798,42643267.72,1.5284,1.3815,1,0,none,baostock,query_history_k_data_plus
601086,SHSE.601086,,SH,A股-上交所,2023-07-14,4.66,4.67,4.58,4.61,4.65,6168500,28505247.0,-0.8602,0.9262,1,0,none,baostock,query_history_k_data_plus
601086,SHSE.601086,,SH,A股-上交所,2023-07-17,4.63,4.7,4.59,4.68,4.61,10169400,47367360.0,1.5184,1.5269,1,0,none,baostock,query_history_k_data_plus
601086,SHSE.601086,,SH,A股-上交所,2023-07-18,4.69,4.8,4.67,4.78,4.68,14088600,66845949.0,2.1368,2.1154,1,0,none,baostock,query_history_k_data_plus
601086,SHSE.601086,,SH,A股-上交所,2023-07-19,4.8,4.94,4.74,4.89,4.78,19022900,92723651.0,2.3013,2.8563,1,0,none,baostock,query_history_k_data_plus
601086,SHSE.601086,,SH,A股-上交所,2023-07-20,4.9,5.38,4.9,5.38,4.89,49777665,259061145.7,10.0204,7.4741,1,0,none,baostock,query_history_k_data_plus
601086,SHSE.601086,,SH,A股-上交所,2023-07-21,5.37,5.7,5.18,5.32,5.38,73203163,391952729.5,-1.1152,10.9915,1,0,none,baostock,query_history_k_data_plus
601086,SHSE.601086,,SH,A股-上交所,2023-07-24,5.13,5.33,4.98,5.26,5.32,47724598,249199682.46,-1.1278,7.1659,1,0,none,baostock,query_history_k_data_plus
601086,SHSE.601086,,SH,A股-上交所,2023-07-25,5.26,5.37,5.17,5.24,5.26,33760865,177022605.55,-0.3802,5.0692,1,0,none,baostock,query_history_k_data_plus
601086,SHSE.601086,,SH,A股-上交所,2023-07-26,5.19,5.76,5.1,5.76,5.24,44259187,239672609.61,9.9237,6.6455,1,0,none,baostock,query_history_k_data_plus
601086,SHSE.601086,,SH,A股-上交所,2023-07-27,5.99,6.34,5.57,6.34,5.76,102641052,618134108.89,10.0694,15.4116,1,0,none,baostock,query_history_k_data_plus
601086,SHSE.601086,,SH,A股-上交所,2023-07-28,6.03,6.97,5.92,6.97,6.34,98659162,656111505.85,9.9369,14.8137,1,0,none,baostock,query_history_k_data_plus
601086,SHSE.601086,,SH,A股-上交所,2023-07-31,7.51,7.67,6.88,7.67,6.97,78280856,573827689.84,10.043,11.7539,1,0,none,baostock,query_history_k_data_plus
601086,SHSE.601086,,SH,A股-上交所,2023-08-01,8.1,8.44,7.69,7.73,7.67,121024185,992143859.92,0.7823,18.1718,1,0,none,baostock,query_history_k_data_plus
601086,SHSE.601086,,SH,A股-上交所,2023-08-02,7.27,8.08,7.27,7.39,7.73,96441827,731704403.87,-4.3984,14.4808,1,0,none,baostock,query_history_k_data_plus
601086,SHSE.601086,,SH,A股-上交所,2023-08-03,7.11,7.47,6.66,7.15,7.39,87759837,618040945.88,-3.2476,13.1772,1,0,none,baostock,query_history_k_data_plus
601086,SHSE.601086,,SH,A股-上交所,2023-08-04,7.2,7.36,6.85,6.89,7.15,74515565,528815477.32,-3.6364,11.1885,1,0,none,baostock,query_history_k_data_plus
601086,SHSE.601086,,SH,A股-上交所,2023-08-07,6.85,6.91,6.5,6.69,6.89,56110968,373134753.16,-2.9028,8.4251,1,0,none,baostock,query_history_k_data_plus
601086,SHSE.601086,,SH,A股-上交所,2023-08-08,6.67,6.7,6.45,6.49,6.69,36453986,238074447.59,-2.9895,5.4736,1,0,none,baostock,query_history_k_data_plus
601086,SHSE.601086,,SH,A股-上交所,2023-08-09,6.56,6.57,6.35,6.45,6.49,31030070,200440658.0,-0.6163,4.6592,1,0,none,baostock,query_history_k_data_plus
601086,SHSE.601086,,SH,A股-上交所,2023-08-10,6.45,6.51,6.27,6.43,6.45,36379000,232610372.0,-0.3101,5.4623,1,0,none,baostock,query_history_k_data_plus
601086,SHSE.601086,,SH,A股-上交所,2023-08-11,6.34,6.52,6.31,6.48,6.43,31072170,198982579.4,0.7776,4.6655,1,0,none,baostock,query_history_k_data_plus
601086,SHSE.601086,,SH,A股-上交所,2023-08-14,6.35,6.82,6.31,6.73,6.48,67571446,447401614.17,3.858,10.1459,1,0,none,baostock,query_history_k_data_plus
601086,SHSE.601086,,SH,A股-上交所,2023-08-15,6.54,7.06,6.54,6.98,6.73,79565274,545493529.82,3.7147,11.9467,1,0,none,baostock,query_history_k_data_plus
601086,SHSE.601086,,SH,A股-上交所,2023-08-16,6.72,6.78,6.28,6.3,6.98,63756697,412261281.42,-9.7421,9.5731,1,0,none,baostock,query_history_k_data_plus
601086,SHSE.601086,,SH,A股-上交所,2023-08-17,6.07,6.35,6.06,6.17,6.3,43185957,265783310.13,-2.0635,6.4844,1,0,none,baostock,query_history_k_data_plus
601086,SHSE.601086,,SH,A股-上交所,2023-08-18,6.17,6.21,6.02,6.03,6.17,32068400,195240769.0,-2.269,4.8151,1,0,none,baostock,query_history_k_data_plus
601086,SHSE.601086,,SH,A股-上交所,2023-08-21,6.0,6.21,5.92,6.1,6.03,23377370,143403311.0,1.1609,3.5101,1,0,none,baostock,query_history_k_data_plus
601086,SHSE.601086,,SH,A股-上交所,2023-08-22,6.1,6.24,6.07,6.19,6.1,18607400,114396504.0,1.4754,2.7939,1,0,none,baostock,query_history_k_data_plus
601086,SHSE.601086,,SH,A股-上交所,2023-08-23,6.13,6.18,6.03,6.05,6.19,16000900,97334147.0,-2.2617,2.4025,1,0,none,baostock,query_history_k_data_plus
601086,SHSE.601086,,SH,A股-上交所,2023-08-24,6.09,6.11,5.92,6.03,6.05,13009200,78382720.0,-0.3306,1.9533,1,0,none,baostock,query_history_k_data_plus
601086,SHSE.601086,,SH,A股-上交所,2023-08-25,5.98,6.08,5.83,5.88,6.03,15214977,90084341.68,-2.4876,2.2845,1,0,none,baostock,query_history_k_data_plus
601086,SHSE.601086,,SH,A股-上交所,2023-08-28,6.21,6.23,5.87,5.91,5.88,16469500,98612377.0,0.5102,2.4729,1,0,none,baostock,query_history_k_data_plus
601086,SHSE.601086,,SH,A股-上交所,2023-08-29,5.82,6.08,5.82,6.08,5.91,18335700,110095571.0,2.8765,2.7531,1,0,none,baostock,query_history_k_data_plus
601086,SHSE.601086,,SH,A股-上交所,2023-08-30,6.12,6.12,5.93,6.0,6.08,19151900,114908278.0,-1.3158,2.8757,1,0,none,baostock,query_history_k_data_plus
601086,SHSE.601086,,SH,A股-上交所,2023-08-31,5.97,6.12,5.88,6.01,6.0,21468657,129219006.57,0.1667,3.2235,1,0,none,baostock,query_history_k_data_plus
601086,SHSE.601086,,SH,A股-上交所,2023-09-01,6.12,6.61,6.05,6.61,6.01,54717300,355280944.39,9.9834,8.2158,1,0,none,baostock,query_history_k_data_plus
601086,SHSE.601086,,SH,A股-上交所,2023-09-04,6.63,6.63,6.29,6.37,6.61,75093214,480920691.54,-3.6309,11.2753,1,0,none,baostock,query_history_k_data_plus
601086,SHSE.601086,,SH,A股-上交所,2023-09-05,6.29,6.31,6.07,6.12,6.37,44076300,270937215.0,-3.9246,6.6181,1,0,none,baostock,query_history_k_data_plus
601086,SHSE.601086,,SH,A股-上交所,2023-09-06,6.03,6.13,5.85,5.88,6.12,35739100,211790943.0,-3.9216,5.3662,1,0,none,baostock,query_history_k_data_plus
601086,SHSE.601086,,SH,A股-上交所,2023-09-07,5.9,5.98,5.85,5.92,5.88,25177270,148577750.9,0.6803,3.7804,1,0,none,baostock,query_history_k_data_plus
601086,SHSE.601086,,SH,A股-上交所,2023-09-08,5.87,5.87,5.43,5.48,5.92,34073477,189239862.65,-7.4324,5.1161,1,0,none,baostock,query_history_k_data_plus
601086,SHSE.601086,,SH,A股-上交所,2023-09-11,5.48,5.63,5.45,5.59,5.48,25068144,139823210.42,2.0073,3.764,1,0,none,baostock,query_history_k_data_plus
601086,SHSE.601086,,SH,A股-上交所,2023-09-12,5.6,5.63,5.47,5.48,5.59,15087700,83086119.0,-1.9678,2.2654,1,0,none,baostock,query_history_k_data_plus
601086,SHSE.601086,,SH,A股-上交所,2023-09-13,5.49,5.65,5.48,5.58,5.48,27044644,150624841.08,1.8248,4.0608,1,0,none,baostock,query_history_k_data_plus
601086,SHSE.601086,,SH,A股-上交所,2023-09-14,5.53,5.55,5.41,5.47,5.58,18701400,102009833.0,-1.9713,2.808,1,0,none,baostock,query_history_k_data_plus
601086,SHSE.601086,,SH,A股-上交所,2023-09-15,5.5,5.61,5.48,5.53,5.47,15828800,87675129.0,1.0969,2.3767,1,0,none,baostock,query_history_k_data_plus
601086,SHSE.601086,,SH,A股-上交所,2023-09-18,5.5,5.72,5.45,5.63,5.53,24238244,135985829.16,1.8083,3.6394,1,0,none,baostock,query_history_k_data_plus
601086,SHSE.601086,,SH,A股-上交所,2023-09-19,5.63,5.75,5.58,5.6,5.63,17711300,100078246.0,-0.5329,2.6594,1,0,none,baostock,query_history_k_data_plus
601086,SHSE.601086,,SH,A股-上交所,2023-09-20,5.57,5.64,5.51,5.6,5.6,12304000,68762005.0,0.0,1.8474,1,0,none,baostock,query_history_k_data_plus
601086,SHSE.601086,,SH,A股-上交所,2023-09-21,5.58,5.6,5.49,5.52,5.6,10740700,59365250.0,-1.4286,1.6127,1,0,none,baostock,query_history_k_data_plus
601086,SHSE.601086,,SH,A股-上交所,2023-09-22,5.54,5.67,5.5,5.65,5.52,15913900,89323306.0,2.3551,2.3895,1,0,none,baostock,query_history_k_data_plus
601086,SHSE.601086,,SH,A股-上交所,2023-09-25,5.68,5.76,5.59,5.61,5.65,12443844,70325126.84,-0.708,1.8684,1,0,none,baostock,query_history_k_data_plus
601086,SHSE.601086,,SH,A股-上交所,2023-09-26,5.63,5.73,5.59,5.61,5.61,10213400,57595559.0,0.0,1.5335,1,0,none,baostock,query_history_k_data_plus
601086,SHSE.601086,,SH,A股-上交所,2023-09-27,5.6,5.68,5.55,5.6,5.61,10114900,56828977.0,-0.1783,1.5188,1,0,none,baostock,query_history_k_data_plus
601086,SHSE.601086,,SH,A股-上交所,2023-09-28,5.61,5.67,5.59,5.64,5.6,7993300,45044171.0,0.7143,1.2002,1,0,none,baostock,query_history_k_data_plus
601086,SHSE.601086,,SH,A股-上交所,2023-10-09,5.63,5.63,5.42,5.44,5.64,10925700,59866490.0,-3.5461,1.6405,1,0,none,baostock,query_history_k_data_plus
601086,SHSE.601086,,SH,A股-上交所,2023-10-10,5.46,5.58,5.45,5.45,5.44,10323700,56876947.0,0.1838,1.5501,1,0,none,baostock,query_history_k_data_plus
601086,SHSE.601086,,SH,A股-上交所,2023-10-11,5.46,5.49,5.34,5.35,5.45,9232600,49761722.0,-1.8349,1.3863,1,0,none,baostock,query_history_k_data_plus
601086,SHSE.601086,,SH,A股-上交所,2023-10-12,5.44,5.44,5.35,5.39,5.35,6872000,37070670.0,0.7477,1.0318,1,0,none,baostock,query_history_k_data_plus
601086,SHSE.601086,,SH,A股-上交所,2023-10-13,5.37,5.4,5.3,5.32,5.39,7183000,38325683.0,-1.2987,1.0785,1,0,none,baostock,query_history_k_data_plus
601086,SHSE.601086,,SH,A股-上交所,2023-10-16,5.35,5.37,5.26,5.28,5.32,6941700,36842975.0,-0.7519,1.0423,1,0,none,baostock,query_history_k_data_plus
601086,SHSE.601086,,SH,A股-上交所,2023-10-17,5.28,5.34,5.27,5.29,5.28,6329000,33559274.0,0.1894,0.9503,1,0,none,baostock,query_history_k_data_plus
601086,SHSE.601086,,SH,A股-上交所,2023-10-18,5.28,5.29,5.16,5.18,5.29,7713600,40190083.0,-2.0794,1.1582,1,0,none,baostock,query_history_k_data_plus
601086,SHSE.601086,,SH,A股-上交所,2023-10-19,5.16,5.27,5.14,5.16,5.18,6761500,35155194.0,-0.3861,1.0152,1,0,none,baostock,query_history_k_data_plus
601086,SHSE.601086,,SH,A股-上交所,2023-10-20,5.16,5.2,5.12,5.15,5.16,5592400,28857003.0,-0.1938,0.8397,1,0,none,baostock,query_history_k_data_plus
601086,SHSE.601086,,SH,A股-上交所,2023-10-23,5.12,5.18,4.99,5.02,5.15,6523200,33029828.0,-2.5243,0.9795,1,0,none,baostock,query_history_k_data_plus
601086,SHSE.601086,,SH,A股-上交所,2023-10-24,5.05,5.21,5.05,5.2,5.02,8614900,44509930.0,3.5857,1.2935,1,0,none,baostock,query_history_k_data_plus
601086,SHSE.601086,,SH,A股-上交所,2023-10-25,5.2,5.35,5.17,5.29,5.2,8115500,42904991.0,1.7308,1.2185,1,0,none,baostock,query_history_k_data_plus
601086,SHSE.601086,,SH,A股-上交所,2023-10-26,5.27,5.3,5.16,5.2,5.29,6677200,34832231.0,-1.7013,1.0026,1,0,none,baostock,query_history_k_data_plus
601086,SHSE.601086,,SH,A股-上交所,2023-10-27,5.21,5.31,5.19,5.31,5.2,6211900,32771974.0,2.1154,0.9327,1,0,none,baostock,query_history_k_data_plus
601086,SHSE.601086,,SH,A股-上交所,2023-10-30,5.32,5.36,5.28,5.32,5.31,6831600,36290985.0,0.1883,1.0258,1,0,none,baostock,query_history_k_data_plus
601086,SHSE.601086,,SH,A股-上交所,2023-10-31,5.35,5.38,5.26,5.3,5.32,6711100,35629460.0,-0.3759,1.0077,1,0,none,baostock,query_history_k_data_plus
601086,SHSE.601086,,SH,A股-上交所,2023-11-01,5.32,5.5,5.28,5.46,5.3,14804900,80353172.0,3.0189,2.223,1,0,none,baostock,query_history_k_data_plus
601086,SHSE.601086,,SH,A股-上交所,2023-11-02,5.46,5.46,5.27,5.29,5.46,11757100,62514006.0,-3.1136,1.7653,1,0,none,baostock,query_history_k_data_plus
601086,SHSE.601086,,SH,A股-上交所,2023-11-03,5.28,5.33,5.28,5.29,5.29,6279900,33299033.0,0.0,0.9429,1,0,none,baostock,query_history_k_data_plus
601086,SHSE.601086,,SH,A股-上交所,2023-11-06,5.31,5.44,5.29,5.44,5.29,6993100,37670420.0,2.8355,1.05,1,0,none,baostock,query_history_k_data_plus
601086,SHSE.601086,,SH,A股-上交所,2023-11-07,5.44,5.45,5.35,5.42,5.44,5954000,32157594.0,-0.3676,0.894,1,0,none,baostock,query_history_k_data_plus
601086,SHSE.601086,,SH,A股-上交所,2023-11-08,5.42,5.46,5.38,5.41,5.42,5786800,31350949.0,-0.1845,0.8689,1,0,none,baostock,query_history_k_data_plus
601086,SHSE.601086,,SH,A股-上交所,2023-11-09,5.4,5.44,5.34,5.37,5.41,5082700,27360008.0,-0.7394,0.7632,1,0,none,baostock,query_history_k_data_plus
601086,SHSE.601086,,SH,A股-上交所,2023-11-10,5.36,5.39,5.3,5.37,5.37,4209900,22509237.0,0.0,0.6321,1,0,none,baostock,query_history_k_data_plus
601086,SHSE.601086,,SH,A股-上交所,2023-11-13,5.37,5.46,5.36,5.42,5.37,4989400,26963745.0,0.9311,0.7492,1,0,none,baostock,query_history_k_data_plus
601086,SHSE.601086,,SH,A股-上交所,2023-11-14,5.43,5.44,5.37,5.41,5.42,4503200,24301812.0,-0.1845,0.6762,1,0,none,baostock,query_history_k_data_plus
601086,SHSE.601086,,SH,A股-上交所,2023-11-15,5.43,5.48,5.4,5.44,5.41,5306300,28856781.0,0.5545,0.7967,1,0,none,baostock,query_history_k_data_plus
601086,SHSE.601086,,SH,A股-上交所,2023-11-16,5.44,5.47,5.41,5.43,5.44,4399500,23959208.0,-0.1838,0.6606,1,0,none,baostock,query_history_k_data_plus
601086,SHSE.601086,,SH,A股-上交所,2023-11-17,5.43,5.53,5.41,5.5,5.43,6144800,33637302.0,1.2891,0.9226,1,0,none,baostock,query_history_k_data_plus
601086,SHSE.601086,,SH,A股-上交所,2023-11-20,5.5,5.56,5.46,5.55,5.5,7178900,39627426.21,0.9091,1.0779,1,0,none,baostock,query_history_k_data_plus
601086,SHSE.601086,,SH,A股-上交所,2023-11-21,5.55,5.71,5.54,5.65,5.55,11545631,65047398.15,1.8018,1.7336,1,0,none,baostock,query_history_k_data_plus
601086,SHSE.601086,,SH,A股-上交所,2023-11-22,5.64,5.94,5.61,5.78,5.65,38833031,225268144.7,2.3009,5.8308,1,0,none,baostock,query_history_k_data_plus
601086,SHSE.601086,,SH,A股-上交所,2023-11-23,5.78,5.78,5.59,5.69,5.78,19951279,113223371.51,-1.5571,2.9957,1,0,none,baostock,query_history_k_data_plus
601086,SHSE.601086,,SH,A股-上交所,2023-11-24,5.73,5.88,5.68,5.77,5.69,20048631,115859943.25,1.406,3.0103,1,0,none,baostock,query_history_k_data_plus
601086,SHSE.601086,,SH,A股-上交所,2023-11-27,5.75,5.76,5.59,5.62,5.77,18176000,102541042.0,-2.5997,2.7291,1,0,none,baostock,query_history_k_data_plus
601086,SHSE.601086,,SH,A股-上交所,2023-11-28,5.6,5.81,5.55,5.7,5.62,14398638,81972844.12,1.4235,2.162,1,0,none,baostock,query_history_k_data_plus
601086,SHSE.601086,,SH,A股-上交所,2023-11-29,5.68,5.7,5.56,5.59,5.7,9635600,54056929.0,-1.9298,1.4468,1,0,none,baostock,query_history_k_data_plus
601086,SHSE.601086,,SH,A股-上交所,2023-11-30,5.57,5.75,5.52,5.66,5.59,15765100,89010115.0,1.2522,2.3671,1,0,none,baostock,query_history_k_data_plus
601086,SHSE.601086,,SH,A股-上交所,2023-12-01,5.67,5.8,5.65,5.71,5.66,16292077,93382047.9,0.8834,2.4463,1,0,none,baostock,query_history_k_data_plus
601086,SHSE.601086,,SH,A股-上交所,2023-12-04,5.68,5.74,5.61,5.64,5.71,10000838,56545779.56,-1.2259,1.5016,1,0,none,baostock,query_history_k_data_plus
601086,SHSE.601086,,SH,A股-上交所,2023-12-05,5.6,5.68,5.57,5.57,5.64,8456400,47565614.0,-1.2411,1.2697,1,0,none,baostock,query_history_k_data_plus
601086,SHSE.601086,,SH,A股-上交所,2023-12-06,5.59,5.66,5.55,5.59,5.57,9019400,50527281.0,0.3591,1.3543,1,0,none,baostock,query_history_k_data_plus
601086,SHSE.601086,,SH,A股-上交所,2023-12-07,5.57,5.6,5.47,5.54,5.59,9061200,50015404.0,-0.8945,1.3605,1,0,none,baostock,query_history_k_data_plus
601086,SHSE.601086,,SH,A股-上交所,2023-12-08,5.58,5.6,5.33,5.33,5.54,9744136,52902422.76,-3.7906,1.4631,1,0,none,baostock,query_history_k_data_plus
601086,SHSE.601086,,SH,A股-上交所,2023-12-11,5.34,5.47,5.33,5.46,5.33,9838300,53153069.0,2.439,1.4772,1,0,none,baostock,query_history_k_data_plus
601086,SHSE.601086,,SH,A股-上交所,2023-12-12,5.47,5.63,5.45,5.6,5.46,8599100,47878345.0,2.5641,1.2912,1,0,none,baostock,query_history_k_data_plus
601086,SHSE.601086,,SH,A股-上交所,2023-12-13,5.61,5.7,5.59,5.6,5.6,7400336,41789651.6,0.0,1.1112,1,0,none,baostock,query_history_k_data_plus
601086,SHSE.601086,,SH,A股-上交所,2023-12-14,5.6,5.71,5.6,5.63,5.6,6984100,39480976.0,0.5357,1.0487,1,0,none,baostock,query_history_k_data_plus
601086,SHSE.601086,,SH,A股-上交所,2023-12-15,5.64,5.71,5.58,5.65,5.63,7122200,40160916.0,0.3552,1.0694,1,0,none,baostock,query_history_k_data_plus
601086,SHSE.601086,,SH,A股-上交所,2023-12-18,5.62,5.65,5.5,5.52,5.65,7163000,39902860.0,-2.3009,1.0755,1,0,none,baostock,query_history_k_data_plus
601086,SHSE.601086,,SH,A股-上交所,2023-12-19,5.52,5.57,5.43,5.48,5.52,4720400,25917461.0,-0.7246,0.7088,1,0,none,baostock,query_history_k_data_plus
601086,SHSE.601086,,SH,A股-上交所,2023-12-20,5.49,5.52,5.3,5.32,5.48,7129100,38369120.0,-2.9197,1.0704,1,0,none,baostock,query_history_k_data_plus
601086,SHSE.601086,,SH,A股-上交所,2023-12-21,5.3,5.39,5.23,5.37,5.32,6625400,35256072.0,0.9398,0.9948,1,0,none,baostock,query_history_k_data_plus
601086,SHSE.601086,,SH,A股-上交所,2023-12-22,5.41,5.43,5.24,5.27,5.37,6056100,32205646.0,-1.8622,0.9093,1,0,none,baostock,query_history_k_data_plus
601086,SHSE.601086,,SH,A股-上交所,2023-12-25,5.25,5.27,5.07,5.1,5.27,6501400,33253401.0,-3.2258,0.9762,1,0,none,baostock,query_history_k_data_plus
601086,SHSE.601086,,SH,A股-上交所,2023-12-26,5.12,5.16,5.02,5.03,5.1,5464400,27687485.0,-1.3725,0.8205,1,0,none,baostock,query_history_k_data_plus
601086,SHSE.601086,,SH,A股-上交所,2023-12-27,5.06,5.17,5.02,5.17,5.03,6196400,31611834.0,2.7833,0.9304,1,0,none,baostock,query_history_k_data_plus
601086,SHSE.601086,,SH,A股-上交所,2023-12-28,5.15,5.25,5.0,5.17,5.17,6441200,33295054.0,0.0,0.9671,1,0,none,baostock,query_history_k_data_plus
601086,SHSE.601086,,SH,A股-上交所,2023-12-29,5.17,5.27,5.16,5.26,5.17,5527800,28941787.0,1.7408,0.83,1,0,none,baostock,query_history_k_data_plus
601086,SHSE.601086,,SH,A股-上交所,2024-01-02,5.26,5.4,5.25,5.37,5.26,5637400,30159260.0,2.0913,0.8465,1,0,none,baostock,query_history_k_data_plus
601086,SHSE.601086,,SH,A股-上交所,2024-01-03,5.38,5.43,5.32,5.38,5.37,4804600,25841426.0,0.1862,0.7214,1,0,none,baostock,query_history_k_data_plus
601086,SHSE.601086,,SH,A股-上交所,2024-01-04,5.42,5.5,5.36,5.48,5.38,6540400,35623761.0,1.8587,0.982,1,0,none,baostock,query_history_k_data_plus
601086,SHSE.601086,,SH,A股-上交所,2024-01-05,5.53,5.53,5.35,5.37,5.48,5377300,29172780.0,-2.0073,0.8074,1,0,none,baostock,query_history_k_data_plus
601086,SHSE.601086,,SH,A股-上交所,2024-01-08,5.39,5.42,5.29,5.34,5.37,4842100,26000761.0,-0.5587,0.727,1,0,none,baostock,query_history_k_data_plus
601086,SHSE.601086,,SH,A股-上交所,2024-01-09,5.34,5.51,5.34,5.49,5.34,7201200,39243087.0,2.809,1.0813,1,0,none,baostock,query_history_k_data_plus
601086,SHSE.601086,,SH,A股-上交所,2024-01-10,5.45,6.04,5.39,6.04,5.49,29422971,173031172.46,10.0182,4.4179,1,0,none,baostock,query_history_k_data_plus
601086,SHSE.601086,,SH,A股-上交所,2024-01-11,6.64,6.64,6.3,6.64,6.04,39734333,261995015.12,9.9338,5.9661,1,0,none,baostock,query_history_k_data_plus
601086,SHSE.601086,,SH,A股-上交所,2024-01-12,6.65,7.3,6.07,6.22,6.64,104959633,701586943.26,-6.3253,15.7597,1,0,none,baostock,query_history_k_data_plus
601086,SHSE.601086,,SH,A股-上交所,2024-01-15,6.0,6.65,6.0,6.41,6.22,83142468,529326964.24,3.0547,12.4839,1,0,none,baostock,query_history_k_data_plus
601086,SHSE.601086,,SH,A股-上交所,2024-01-16,6.14,6.37,6.06,6.15,6.41,62778362,387891975.96,-4.0562,9.4262,1,0,none,baostock,query_history_k_data_plus
601086,SHSE.601086,,SH,A股-上交所,2024-01-17,6.15,6.28,5.75,5.79,6.15,47002738,278744609.3,-5.8537,7.0575,1,0,none,baostock,query_history_k_data_plus
601086,SHSE.601086,,SH,A股-上交所,2024-01-18,5.77,5.84,5.32,5.54,5.79,39616100,217681579.0,-4.3178,5.9484,1,0,none,baostock,query_history_k_data_plus
601086,SHSE.601086,,SH,A股-上交所,2024-01-19,5.56,5.58,5.35,5.43,5.54,23317500,126910488.0,-1.9856,3.5011,1,0,none,baostock,query_history_k_data_plus
601086,SHSE.601086,,SH,A股-上交所,2024-01-22,5.36,5.38,4.89,4.93,5.43,26689700,136971027.0,-9.2081,4.0075,1,0,none,baostock,query_history_k_data_plus
601086,SHSE.601086,,SH,A股-上交所,2024-01-23,4.82,4.97,4.75,4.85,4.93,21888600,105669706.0,-1.6227,3.2866,1,0,none,baostock,query_history_k_data_plus
601086,SHSE.601086,,SH,A股-上交所,2024-01-24,4.88,5.06,4.81,5.01,4.85,21253300,105237836.0,3.299,3.1912,1,0,none,baostock,query_history_k_data_plus
601086,SHSE.601086,,SH,A股-上交所,2024-01-25,5.01,5.17,4.91,5.15,5.01,18172900,92134172.0,2.7944,2.7287,1,0,none,baostock,query_history_k_data_plus
601086,SHSE.601086,,SH,A股-上交所,2024-01-26,5.15,5.27,5.1,5.17,5.15,14083770,72957862.6,0.3883,2.1147,1,0,none,baostock,query_history_k_data_plus
601086,SHSE.601086,,SH,A股-上交所,2024-01-29,5.18,5.22,4.97,4.98,5.17,11983470,60610651.6,-3.675,1.7993,1,0,none,baostock,query_history_k_data_plus
601086,SHSE.601086,,SH,A股-上交所,2024-01-30,4.92,4.97,4.75,4.78,4.98,13697268,66135470.0,-4.0161,2.0566,1,0,none,baostock,query_history_k_data_plus
601086,SHSE.601086,,SH,A股-上交所,2024-01-31,4.78,4.78,4.4,4.45,4.78,15424468,70327572.76,-6.9038,2.316,1,0,none,baostock,query_history_k_data_plus
601086,SHSE.601086,,SH,A股-上交所,2024-02-01,4.48,4.48,4.24,4.34,4.45,13477200,58455853.0,-2.4719,2.0236,1,0,none,baostock,query_history_k_data_plus
601086,SHSE.601086,,SH,A股-上交所,2024-02-02,4.32,4.45,4.04,4.17,4.34,14598700,62276723.0,-3.9171,2.192,1,0,none,baostock,query_history_k_data_plus
601086,SHSE.601086,,SH,A股-上交所,2024-02-05,4.13,4.14,3.75,3.75,4.17,19578500,74492714.0,-10.0719,2.9397,1,0,none,baostock,query_history_k_data_plus
601086,SHSE.601086,,SH,A股-上交所,2024-02-06,3.49,3.75,3.38,3.57,3.75,29723144,103269219.6,-4.8,4.4629,1,0,none,baostock,query_history_k_data_plus
601086,SHSE.601086,,SH,A股-上交所,2024-02-07,3.6,3.61,3.32,3.35,3.57,29904175,101453371.7,-6.1625,4.4901,1,0,none,baostock,query_history_k_data_plus
601086,SHSE.601086,,SH,A股-上交所,2024-02-08,3.31,3.64,3.23,3.62,3.35,30114838,103543514.9,8.0597,4.5217,1,0,none,baostock,query_history_k_data_plus
601086,SHSE.601086,,SH,A股-上交所,2024-02-19,3.62,3.84,3.62,3.81,3.62,27612799,104064545.91,5.2486,4.1461,1,0,none,baostock,query_history_k_data_plus
601086,SHSE.601086,,SH,A股-上交所,2024-02-20,3.8,3.89,3.71,3.89,3.81,17099744,65332025.4,2.0997,2.5675,1,0,none,baostock,query_history_k_data_plus
601086,SHSE.601086,,SH,A股-上交所,2024-02-21,3.83,4.15,3.82,4.0,3.89,15954070,64001724.2,2.8278,2.3955,1,0,none,baostock,query_history_k_data_plus
601086,SHSE.601086,,SH,A股-上交所,2024-02-22,4.04,4.12,3.96,4.11,4.0,13552500,54809185.0,2.75,2.0349,1,0,none,baostock,query_history_k_data_plus
601086,SHSE.601086,,SH,A股-上交所,2024-02-23,4.1,4.3,4.08,4.27,4.11,15825300,66177294.0,3.8929,2.3762,1,0,none,baostock,query_history_k_data_plus
601086,SHSE.601086,,SH,A股-上交所,2024-02-26,4.3,4.51,4.23,4.39,4.27,17074900,74556778.0,2.8103,2.5638,1,0,none,baostock,query_history_k_data_plus
601086,SHSE.601086,,SH,A股-上交所,2024-02-27,4.35,4.8,4.31,4.56,4.39,24000987,109578448.24,3.8724,3.6038,1,0,none,baostock,query_history_k_data_plus
601086,SHSE.601086,,SH,A股-上交所,2024-02-28,4.59,4.61,4.1,4.11,4.56,28773876,126509163.44,-9.8684,4.3204,1,0,none,baostock,query_history_k_data_plus
601086,SHSE.601086,,SH,A股-上交所,2024-02-29,4.02,4.28,4.02,4.25,4.11,16685400,69992329.0,3.4063,2.5053,1,0,none,baostock,query_history_k_data_plus
601086,SHSE.601086,,SH,A股-上交所,2024-03-01,4.24,4.33,4.21,4.3,4.25,11593700,49473715.0,1.1765,1.7408,1,0,none,baostock,query_history_k_data_plus
601086,SHSE.601086,,SH,A股-上交所,2024-03-04,4.28,4.33,4.16,4.26,4.3,9176900,38888493.0,-0.9302,1.3779,1,0,none,baostock,query_history_k_data_plus
601086,SHSE.601086,,SH,A股-上交所,2024-03-05,4.31,4.4,4.25,4.3,4.26,13926500,60018784.0,0.939,2.0911,1,0,none,baostock,query_history_k_data_plus
601086,SHSE.601086,,SH,A股-上交所,2024-03-06,4.27,4.34,4.19,4.28,4.3,11833200,50537726.0,-0.4651,1.7768,1,0,none,baostock,query_history_k_data_plus
601086,SHSE.601086,,SH,A股-上交所,2024-03-07,4.28,4.56,4.27,4.33,4.28,17649400,77052905.0,1.1682,2.6501,1,0,none,baostock,query_history_k_data_plus
601086,SHSE.601086,,SH,A股-上交所,2024-03-08,4.3,4.33,4.18,4.29,4.33,12539000,53259219.0,-0.9238,1.8827,1,0,none,baostock,query_history_k_data_plus
601086,SHSE.601086,,SH,A股-上交所,2024-03-11,4.3,4.4,4.29,4.37,4.29,10587310,46073277.5,1.8648,1.5897,1,0,none,baostock,query_history_k_data_plus
601086,SHSE.601086,,SH,A股-上交所,2024-03-12,4.35,4.45,4.32,4.45,4.37,11487500,50481892.0,1.8307,1.7248,1,0,none,baostock,query_history_k_data_plus
601086,SHSE.601086,,SH,A股-上交所,2024-03-13,4.44,4.47,4.37,4.47,4.45,11501400,50926948.0,0.4494,1.7269,1,0,none,baostock,query_history_k_data_plus
601086,SHSE.601086,,SH,A股-上交所,2024-03-14,4.5,4.67,4.42,4.48,4.47,16213600,73452428.0,0.2237,2.4345,1,0,none,baostock,query_history_k_data_plus
601086,SHSE.601086,,SH,A股-上交所,2024-03-15,4.51,4.93,4.51,4.93,4.48,25079200,118602979.0,10.0446,3.7656,1,0,none,baostock,query_history_k_data_plus
601086,SHSE.601086,,SH,A股-上交所,2024-03-18,5.28,5.42,5.18,5.42,4.93,75191900,402071300.0,9.9391,11.2901,1,0,none,baostock,query_history_k_data_plus
601086,SHSE.601086,,SH,A股-上交所,2024-03-19,5.2,5.35,5.05,5.05,5.42,59444718,308702199.8,-6.8266,8.9256,1,0,none,baostock,query_history_k_data_plus
601086,SHSE.601086,,SH,A股-上交所,2024-03-20,5.07,5.16,5.03,5.08,5.05,36946168,187671279.82,0.5941,5.5475,1,0,none,baostock,query_history_k_data_plus
601086,SHSE.601086,,SH,A股-上交所,2024-03-21,5.01,5.21,4.93,5.1,5.08,45431650,229531624.9,0.3937,6.8216,1,0,none,baostock,query_history_k_data_plus
601086,SHSE.601086,,SH,A股-上交所,2024-03-22,5.07,5.61,5.01,5.34,5.1,70992647,379757268.45,4.7059,10.6596,1,0,none,baostock,query_history_k_data_plus
601086,SHSE.601086,,SH,A股-上交所,2024-03-25,5.25,5.3,4.95,4.99,5.34,41133558,209228721.16,-6.5543,6.1762,1,0,none,baostock,query_history_k_data_plus
601086,SHSE.601086,,SH,A股-上交所,2024-03-26,5.0,5.03,4.75,4.85,4.99,26411476,127872368.84,-2.8056,3.9657,1,0,none,baostock,query_history_k_data_plus
601086,SHSE.601086,,SH,A股-上交所,2024-03-27,4.8,4.98,4.72,4.82,4.85,28858988,139752089.16,-0.6186,4.3332,1,0,none,baostock,query_history_k_data_plus
601086,SHSE.601086,,SH,A股-上交所,2024-03-28,4.76,4.92,4.73,4.92,4.82,23457120,113928825.94,2.0747,3.5221,1,0,none,baostock,query_history_k_data_plus
601086,SHSE.601086,,SH,A股-上交所,2024-03-29,4.88,4.91,4.77,4.86,4.92,17200056,83213134.92,-1.2195,2.5826,1,0,none,baostock,query_history_k_data_plus
601086,SHSE.601086,,SH,A股-上交所,2024-04-01,4.91,4.99,4.88,4.97,4.86,21046000,104017471.0,2.2634,3.1601,1,0,none,baostock,query_history_k_data_plus
601086,SHSE.601086,,SH,A股-上交所,2024-04-02,4.99,5.0,4.9,4.92,4.97,16657800,82293766.0,-1.006,2.5012,1,0,none,baostock,query_history_k_data_plus
601086,SHSE.601086,,SH,A股-上交所,2024-04-03,4.95,5.02,4.81,4.99,4.92,22117758,109232029.42,1.4228,3.321,1,0,none,baostock,query_history_k_data_plus
601086,SHSE.601086,,SH,A股-上交所,2024-04-08,5.02,5.48,5.0,5.28,4.99,48798458,254287990.15,5.8116,7.3271,1,0,none,baostock,query_history_k_data_plus
601086,SHSE.601086,,SH,A股-上交所,2024-04-09,5.17,5.29,5.02,5.28,5.28,30616846,157854342.02,0.0,4.5971,1,0,none,baostock,query_history_k_data_plus
601086,SHSE.601086,,SH,A股-上交所,2024-04-10,5.21,5.8,5.18,5.45,5.28,53138088,291145510.2,3.2197,7.9787,1,0,none,baostock,query_history_k_data_plus
601086,SHSE.601086,,SH,A股-上交所,2024-04-11,5.35,5.66,5.24,5.6,5.45,39393600,215169268.0,2.7523,5.915,1,0,none,baostock,query_history_k_data_plus
601086,SHSE.601086,,SH,A股-上交所,2024-04-12,5.48,6.03,5.46,5.62,5.6,50462700,289248315.48,0.3571,7.577,1,0,none,baostock,query_history_k_data_plus
601086,SHSE.601086,,SH,A股-上交所,2024-04-15,5.52,5.68,5.06,5.06,5.62,39859464,207368642.32,-9.9644,5.9849,1,0,none,baostock,query_history_k_data_plus
601086,SHSE.601086,,SH,A股-上交所,2024-04-16,5.01,5.07,4.55,4.55,5.06,28395900,134083701.0,-10.0791,4.2636,1,0,none,baostock,query_history_k_data_plus
601086,SHSE.601086,,SH,A股-上交所,2024-04-17,4.65,4.98,4.65,4.85,4.55,31265688,151671034.16,6.5934,4.6945,1,0,none,baostock,query_history_k_data_plus
601086,SHSE.601086,,SH,A股-上交所,2024-04-18,4.9,4.92,4.55,4.66,4.85,25426400,119331067.0,-3.9175,3.8178,1,0,none,baostock,query_history_k_data_plus
601086,SHSE.601086,,SH,A股-上交所,2024-04-19,4.6,4.63,4.4,4.47,4.66,23593954,105880094.28,-4.0773,3.5426,1,0,none,baostock,query_history_k_data_plus
601086,SHSE.601086,,SH,A股-上交所,2024-04-22,4.44,4.48,4.27,4.37,4.47,16108638,70136655.02,-2.2371,2.4187,1,0,none,baostock,query_history_k_data_plus
601086,SHSE.601086,,SH,A股-上交所,2024-04-23,4.37,4.42,4.33,4.35,4.37,9951438,43529511.44,-0.4577,1.4942,1,0,none,baostock,query_history_k_data_plus
601086,SHSE.601086,,SH,A股-上交所,2024-04-24,4.37,4.47,4.34,4.45,4.35,12944438,57199183.72,2.2989,1.9436,1,0,none,baostock,query_history_k_data_plus
601086,SHSE.601086,,SH,A股-上交所,2024-04-25,4.42,4.54,4.42,4.49,4.45,11377000,51054063.0,0.8989,1.7083,1,0,none,baostock,query_history_k_data_plus
601086,SHSE.601086,,SH,A股-上交所,2024-04-26,4.48,4.94,4.43,4.94,4.49,38884566,184626634.8,10.0223,5.8385,1,0,none,baostock,query_history_k_data_plus
601086,SHSE.601086,,SH,A股-上交所,2024-04-29,4.94,5.25,4.81,5.02,4.94,36369990,181880803.26,1.6194,5.461,1,0,none,baostock,query_history_k_data_plus
601086,SHSE.601086,,SH,A股-上交所,2024-04-30,4.94,4.94,4.68,4.71,5.02,30356700,145017709.0,-6.1753,4.5581,1,0,none,baostock,query_history_k_data_plus
601086,SHSE.601086,,SH,A股-上交所,2024-05-06,4.74,4.84,4.67,4.84,4.71,25013336,119147898.82,2.7601,3.7558,1,0,none,baostock,query_history_k_data_plus
601086,SHSE.601086,,SH,A股-上交所,2024-05-07,4.81,4.81,4.72,4.75,4.84,15750700,74962394.0,-1.8595,2.365,1,0,none,baostock,query_history_k_data_plus
601086,SHSE.601086,,SH,A股-上交所,2024-05-08,4.75,4.8,4.67,4.8,4.75,16383900,77704408.0,1.0526,2.46,1,0,none,baostock,query_history_k_data_plus
601086,SHSE.601086,,SH,A股-上交所,2024-05-09,4.76,5.0,4.73,4.92,4.8,24743200,120181175.0,2.5,3.7152,1,0,none,baostock,query_history_k_data_plus
601086,SHSE.601086,,SH,A股-上交所,2024-05-10,4.91,4.94,4.79,4.88,4.92,15962900,77615454.0,-0.813,2.3968,1,0,none,baostock,query_history_k_data_plus
601086,SHSE.601086,,SH,A股-上交所,2024-05-13,4.82,4.83,4.61,4.63,4.88,15234500,71414668.0,-5.123,2.2875,1,0,none,baostock,query_history_k_data_plus
601086,SHSE.601086,,SH,A股-上交所,2024-05-14,4.61,4.72,4.53,4.68,4.63,13805000,63919667.0,1.0799,2.0728,1,0,none,baostock,query_history_k_data_plus
601086,SHSE.601086,,SH,A股-上交所,2024-05-15,4.68,4.71,4.58,4.62,4.68,9529100,44176048.0,-1.2821,1.4308,1,0,none,baostock,query_history_k_data_plus
601086,SHSE.601086,,SH,A股-上交所,2024-05-16,4.6,4.73,4.6,4.68,4.62,12946700,60616877.0,1.2987,1.9439,1,0,none,baostock,query_history_k_data_plus
601086,SHSE.601086,,SH,A股-上交所,2024-05-17,4.67,4.69,4.58,4.64,4.68,11755400,54389552.0,-0.8547,1.7651,1,0,none,baostock,query_history_k_data_plus
601086,SHSE.601086,,SH,A股-上交所,2024-05-20,4.62,4.69,4.61,4.64,4.64,8451600,39306388.0,0.0,1.269,1,0,none,baostock,query_history_k_data_plus
601086,SHSE.601086,,SH,A股-上交所,2024-05-21,4.61,4.62,4.49,4.53,4.64,10376600,47063411.0,-2.3707,1.558,1,0,none,baostock,query_history_k_data_plus
601086,SHSE.601086,,SH,A股-上交所,2024-05-22,4.53,4.55,4.49,4.53,4.53,5463500,24718768.0,0.0,0.8203,1,0,none,baostock,query_history_k_data_plus
601086,SHSE.601086,,SH,A股-上交所,2024-05-23,4.53,4.54,4.38,4.39,4.53,9715200,43014069.0,-3.0905,1.4587,1,0,none,baostock,query_history_k_data_plus
601086,SHSE.601086,,SH,A股-上交所,2024-05-24,4.39,4.43,4.35,4.36,4.39,5001900,21944203.0,-0.6834,0.751,1,0,none,baostock,query_history_k_data_plus
601086,SHSE.601086,,SH,A股-上交所,2024-05-27,4.39,4.4,4.31,4.38,4.36,4885900,21265132.0,0.4587,0.7336,1,0,none,baostock,query_history_k_data_plus
601086,SHSE.601086,,SH,A股-上交所,2024-05-28,4.36,4.37,4.26,4.27,4.38,6284500,27101402.0,-2.5114,0.9436,1,0,none,baostock,query_history_k_data_plus
601086,SHSE.601086,,SH,A股-上交所,2024-05-29,4.28,4.31,4.2,4.25,4.27,5632800,23972799.0,-0.4684,0.8458,1,0,none,baostock,query_history_k_data_plus
601086,SHSE.601086,,SH,A股-上交所,2024-05-30,4.26,4.26,4.16,4.17,4.25,4352100,18254804.0,-1.8824,0.6535,1,0,none,baostock,query_history_k_data_plus
601086,SHSE.601086,,SH,A股-上交所,2024-05-31,4.18,4.31,4.17,4.27,4.17,7360700,31227307.0,2.3981,1.1052,1,0,none,baostock,query_history_k_data_plus
601086,SHSE.601086,,SH,A股-上交所,2024-06-03,4.27,4.28,4.1,4.17,4.27,7336200,30695983.0,-2.3419,1.1015,1,0,none,baostock,query_history_k_data_plus
601086,SHSE.601086,,SH,A股-上交所,2024-06-04,4.12,4.16,4.03,4.08,4.17,7275300,29617172.0,-2.1583,1.0924,1,0,none,baostock,query_history_k_data_plus
601086,SHSE.601086,,SH,A股-上交所,2024-06-05,4.08,4.08,3.97,3.98,4.08,7065500,28386454.0,-2.451,1.0609,1,0,none,baostock,query_history_k_data_plus
601086,SHSE.601086,,SH,A股-上交所,2024-06-06,3.99,4.03,3.74,3.79,3.98,10439100,40083602.0,-4.7739,1.5674,1,0,none,baostock,query_history_k_data_plus
601086,SHSE.601086,,SH,A股-上交所,2024-06-07,3.83,4.06,3.83,4.04,3.79,11676900,46210166.0,6.5963,1.7533,1,0,none,baostock,query_history_k_data_plus
601086,SHSE.601086,,SH,A股-上交所,2024-06-11,4.04,4.04,3.92,3.98,4.04,5333400,21156308.0,-1.4851,0.8008,1,0,none,baostock,query_history_k_data_plus
601086,SHSE.601086,,SH,A股-上交所,2024-06-12,3.95,4.05,3.95,4.05,3.98,4863300,19552677.0,1.7588,0.7302,1,0,none,baostock,query_history_k_data_plus
601086,SHSE.601086,,SH,A股-上交所,2024-06-13,4.05,4.06,3.97,4.0,4.05,5251500,21035516.0,-1.2346,0.7885,1,0,none,baostock,query_history_k_data_plus
601086,SHSE.601086,,SH,A股-上交所,2024-06-14,4.0,4.11,4.0,4.09,4.0,6129000,24899771.0,2.25,0.9203,1,0,none,baostock,query_history_k_data_plus
601086,SHSE.601086,,SH,A股-上交所,2024-06-17,4.07,4.12,4.03,4.08,4.09,4448900,18069778.0,-0.2445,0.668,1,0,none,baostock,query_history_k_data_plus
601086,SHSE.601086,,SH,A股-上交所,2024-06-18,4.06,4.11,4.06,4.09,4.08,4084400,16685648.0,0.2451,0.6133,1,0,none,baostock,query_history_k_data_plus
601086,SHSE.601086,,SH,A股-上交所,2024-06-19,4.07,4.13,4.06,4.08,4.09,6001400,24591604.0,-0.2445,0.9011,1,0,none,baostock,query_history_k_data_plus
601086,SHSE.601086,,SH,A股-上交所,2024-06-20,3.92,3.92,3.77,3.8,3.9,7790100,29792204.0,-2.5641,1.1697,1,0,none,baostock,query_history_k_data_plus
601086,SHSE.601086,,SH,A股-上交所,2024-06-21,3.78,3.83,3.73,3.74,3.8,4103600,15459167.0,-1.5789,0.6162,1,0,none,baostock,query_history_k_data_plus
601086,SHSE.601086,,SH,A股-上交所,2024-06-24,3.7,3.71,3.57,3.61,3.74,6444500,23362632.0,-3.4759,0.9676,1,0,none,baostock,query_history_k_data_plus
601086,SHSE.601086,,SH,A股-上交所,2024-06-25,3.6,3.73,3.6,3.69,3.61,5267476,19385672.2,2.2161,0.7909,1,0,none,baostock,query_history_k_data_plus
601086,SHSE.601086,,SH,A股-上交所,2024-06-26,3.69,3.77,3.65,3.77,3.69,4267900,15849506.0,2.168,0.6408,1,0,none,baostock,query_history_k_data_plus
601086,SHSE.601086,,SH,A股-上交所,2024-06-27,3.77,3.79,3.7,3.7,3.77,3688200,13791630.0,-1.8568,0.5538,1,0,none,baostock,query_history_k_data_plus
601086,SHSE.601086,,SH,A股-上交所,2024-06-28,3.7,3.76,3.68,3.69,3.7,3295600,12269169.0,-0.2703,0.4948,1,0,none,baostock,query_history_k_data_plus
601086,SHSE.601086,,SH,A股-上交所,2024-07-01,3.68,3.75,3.68,3.74,3.69,2978399,11076201.27,1.355,0.4472,1,0,none,baostock,query_history_k_data_plus
601086,SHSE.601086,,SH,A股-上交所,2024-07-02,3.75,3.85,3.72,3.83,3.74,4878300,18624120.0,2.4064,0.7325,1,0,none,baostock,query_history_k_data_plus
601086,SHSE.601086,,SH,A股-上交所,2024-07-03,3.85,4.16,3.81,3.96,3.83,18695300,74736838.0,3.3943,2.8071,1,0,none,baostock,query_history_k_data_plus
601086,SHSE.601086,,SH,A股-上交所,2024-07-04,3.9,3.92,3.71,3.74,3.96,13126100,49779139.0,-5.5556,1.9709,1,0,none,baostock,query_history_k_data_plus
601086,SHSE.601086,,SH,A股-上交所,2024-07-05,3.71,3.79,3.63,3.76,3.74,6036700,22555886.0,0.5348,0.9064,1,0,none,baostock,query_history_k_data_plus
601086,SHSE.601086,,SH,A股-上交所,2024-07-08,3.76,3.76,3.62,3.64,3.76,5476902,20070260.38,-3.1915,0.8224,1,0,none,baostock,query_history_k_data_plus
601086,SHSE.601086,,SH,A股-上交所,2024-07-09,3.61,3.67,3.52,3.67,3.64,6183300,22235310.23,0.8242,0.9284,1,0,none,baostock,query_history_k_data_plus
601086,SHSE.601086,,SH,A股-上交所,2024-07-10,3.63,3.64,3.55,3.55,3.67,4766076,17098923.56,-3.2698,0.7156,1,0,none,baostock,query_history_k_data_plus
601086,SHSE.601086,,SH,A股-上交所,2024-07-11,3.63,3.76,3.62,3.73,3.55,6496000,23964309.0,5.0704,0.9754,1,0,none,baostock,query_history_k_data_plus
601086,SHSE.601086,,SH,A股-上交所,2024-07-12,3.75,3.78,3.68,3.7,3.73,4407800,16439168.0,-0.8043,0.6618,1,0,none,baostock,query_history_k_data_plus
601086,SHSE.601086,,SH,A股-上交所,2024-07-15,3.64,3.71,3.59,3.62,3.7,4228300,15349681.0,-2.1622,0.6349,1,0,none,baostock,query_history_k_data_plus
601086,SHSE.601086,,SH,A股-上交所,2024-07-16,3.62,3.65,3.58,3.6,3.62,3292500,11877416.0,-0.5525,0.4944,1,0,none,baostock,query_history_k_data_plus
601086,SHSE.601086,,SH,A股-上交所,2024-07-17,3.61,3.67,3.59,3.63,3.6,3849800,13989366.0,0.8333,0.578,1,0,none,baostock,query_history_k_data_plus
601086,SHSE.601086,,SH,A股-上交所,2024-07-18,3.63,3.63,3.54,3.6,3.63,3769077,13478124.12,-0.8264,0.5659,1,0,none,baostock,query_history_k_data_plus
601086,SHSE.601086,,SH,A股-上交所,2024-07-19,3.58,3.61,3.55,3.56,3.6,3905100,13956832.0,-1.1111,0.5864,1,0,none,baostock,query_history_k_data_plus
601086,SHSE.601086,,SH,A股-上交所,2024-07-22,3.56,3.58,3.49,3.53,3.56,3369500,11879788.0,-0.8427,0.5059,1,0,none,baostock,query_history_k_data_plus
601086,SHSE.601086,,SH,A股-上交所,2024-07-23,3.53,3.6,3.49,3.5,3.53,4294100,15238796.0,-0.8499,0.6448,1,0,none,baostock,query_history_k_data_plus
601086,SHSE.601086,,SH,A股-上交所,2024-07-24,3.5,3.5,3.4,3.42,3.5,5044700,17346146.0,-2.2857,0.7575,1,0,none,baostock,query_history_k_data_plus
601086,SHSE.601086,,SH,A股-上交所,2024-07-25,3.4,3.47,3.38,3.45,3.42,3000600,10321855.0,0.8772,0.4505,1,0,none,baostock,query_history_k_data_plus
601086,SHSE.601086,,SH,A股-上交所,2024-07-26,3.47,3.52,3.46,3.51,3.45,3418300,11937820.0,1.7391,0.5133,1,0,none,baostock,query_history_k_data_plus
601086,SHSE.601086,,SH,A股-上交所,2024-07-29,3.5,3.54,3.47,3.53,3.51,2763900,9708307.0,0.5698,0.415,1,0,none,baostock,query_history_k_data_plus
601086,SHSE.601086,,SH,A股-上交所,2024-07-30,3.53,3.61,3.5,3.6,3.53,4757100,16974940.0,1.983,0.7143,1,0,none,baostock,query_history_k_data_plus
601086,SHSE.601086,,SH,A股-上交所,2024-07-31,3.63,3.72,3.6,3.71,3.6,5272400,19407034.0,3.0556,0.7917,1,0,none,baostock,query_history_k_data_plus
601086,SHSE.601086,,SH,A股-上交所,2024-08-01,3.69,3.73,3.66,3.67,3.71,3929300,14496972.0,-1.0782,0.59,1,0,none,baostock,query_history_k_data_plus
601086,SHSE.601086,,SH,A股-上交所,2024-08-02,3.68,3.72,3.63,3.67,3.67,5895300,21734440.0,0.0,0.8852,1,0,none,baostock,query_history_k_data_plus
601086,SHSE.601086,,SH,A股-上交所,2024-08-05,3.71,3.81,3.68,3.69,3.67,9449400,35417241.0,0.545,1.4188,1,0,none,baostock,query_history_k_data_plus
601086,SHSE.601086,,SH,A股-上交所,2024-08-06,3.74,3.98,3.7,3.84,3.69,16157000,61932629.0,4.065,2.426,1,0,none,baostock,query_history_k_data_plus
601086,SHSE.601086,,SH,A股-上交所,2024-08-07,3.8,3.92,3.73,3.85,3.84,13193700,50251082.0,0.2604,1.981,1,0,none,baostock,query_history_k_data_plus
601086,SHSE.601086,,SH,A股-上交所,2024-08-08,3.75,3.91,3.74,3.87,3.85,12558098,48252671.26,0.5195,1.8856,1,0,none,baostock,query_history_k_data_plus
601086,SHSE.601086,,SH,A股-上交所,2024-08-09,3.89,3.89,3.72,3.73,3.87,9889600,37331289.0,-3.6176,1.4849,1,0,none,baostock,query_history_k_data_plus
601086,SHSE.601086,,SH,A股-上交所,2024-08-12,3.73,3.73,3.63,3.65,3.73,5539000,20312727.0,-2.1448,0.8317,1,0,none,baostock,query_history_k_data_plus
601086,SHSE.601086,,SH,A股-上交所,2024-08-13,3.63,3.66,3.59,3.65,3.65,4526700,16429323.0,0.0,0.6797,1,0,none,baostock,query_history_k_data_plus
601086,SHSE.601086,,SH,A股-上交所,2024-08-14,3.64,3.68,3.63,3.65,3.65,3698100,13523134.0,0.0,0.5553,1,0,none,baostock,query_history_k_data_plus
601086,SHSE.601086,,SH,A股-上交所,2024-08-15,3.65,3.68,3.6,3.67,3.65,3409700,12456608.0,0.5479,0.512,1,0,none,baostock,query_history_k_data_plus
601086,SHSE.601086,,SH,A股-上交所,2024-08-16,3.67,3.68,3.6,3.6,3.67,3235200,11744215.0,-1.9074,0.4858,1,0,none,baostock,query_history_k_data_plus
601086,SHSE.601086,,SH,A股-上交所,2024-08-19,3.58,3.63,3.56,3.6,3.6,2550400,9177590.0,0.0,0.3829,1,0,none,baostock,query_history_k_data_plus
601086,SHSE.601086,,SH,A股-上交所,2024-08-20,3.58,3.6,3.53,3.54,3.6,2576700,9175412.0,-1.6667,0.3869,1,0,none,baostock,query_history_k_data_plus
601086,SHSE.601086,,SH,A股-上交所,2024-08-21,3.54,3.56,3.51,3.54,3.54,2154800,7619091.0,0.0,0.3235,1,0,none,baostock,query_history_k_data_plus
601086,SHSE.601086,,SH,A股-上交所,2024-08-22,3.54,3.56,3.47,3.47,3.54,2417400,8480952.0,-1.9774,0.363,1,0,none,baostock,query_history_k_data_plus
601086,SHSE.601086,,SH,A股-上交所,2024-08-23,3.48,3.48,3.39,3.43,3.47,2997300,10279127.0,-1.1527,0.45,1,0,none,baostock,query_history_k_data_plus
601086,SHSE.601086,,SH,A股-上交所,2024-08-26,3.45,3.53,3.44,3.51,3.43,3652800,12806503.0,2.3324,0.5485,1,0,none,baostock,query_history_k_data_plus
601086,SHSE.601086,,SH,A股-上交所,2024-08-27,3.51,3.52,3.45,3.46,3.51,3215400,11202334.0,-1.4245,0.4828,1,0,none,baostock,query_history_k_data_plus
601086,SHSE.601086,,SH,A股-上交所,2024-08-28,3.51,3.6,3.47,3.52,3.46,4712901,16600435.51,1.7341,0.7076,1,0,none,baostock,query_history_k_data_plus
601086,SHSE.601086,,SH,A股-上交所,2024-08-29,3.48,3.51,3.44,3.5,3.52,3860601,13418317.46,-0.5682,0.5797,1,0,none,baostock,query_history_k_data_plus
601086,SHSE.601086,,SH,A股-上交所,2024-08-30,3.49,3.62,3.46,3.57,3.5,5149301,18317506.56,2.0,0.7732,1,0,none,baostock,query_history_k_data_plus
601086,SHSE.601086,,SH,A股-上交所,2024-09-02,3.56,3.64,3.55,3.55,3.57,5153300,18590899.0,-0.5602,0.7738,1,0,none,baostock,query_history_k_data_plus
601086,SHSE.601086,,SH,A股-上交所,2024-09-03,3.55,3.62,3.54,3.58,3.55,3159700,11304663.0,0.8451,0.4744,1,0,none,baostock,query_history_k_data_plus
601086,SHSE.601086,,SH,A股-上交所,2024-09-04,3.57,3.59,3.54,3.55,3.58,2854600,10178393.0,-0.838,0.4286,1,0,none,baostock,query_history_k_data_plus
601086,SHSE.601086,,SH,A股-上交所,2024-09-05,3.56,3.63,3.54,3.63,3.55,3878600,13979417.0,2.2535,0.5824,1,0,none,baostock,query_history_k_data_plus
601086,SHSE.601086,,SH,A股-上交所,2024-09-06,3.74,3.99,3.68,3.86,3.63,33264900,130190759.0,6.3361,4.9947,1,0,none,baostock,query_history_k_data_plus
601086,SHSE.601086,,SH,A股-上交所,2024-09-09,3.75,3.82,3.66,3.79,3.86,27360850,102914987.0,-1.8135,4.1082,1,0,none,baostock,query_history_k_data_plus
601086,SHSE.601086,,SH,A股-上交所,2024-09-10,3.79,3.8,3.69,3.73,3.79,10546477,39328146.29,-1.5831,1.5836,1,0,none,baostock,query_history_k_data_plus
601086,SHSE.601086,,SH,A股-上交所,2024-09-11,3.68,3.71,3.61,3.65,3.73,7790800,28498166.0,-2.1448,1.1698,1,0,none,baostock,query_history_k_data_plus
601086,SHSE.601086,,SH,A股-上交所,2024-09-12,3.65,3.69,3.62,3.65,3.65,6627200,24171412.0,0.0,0.9951,1,0,none,baostock,query_history_k_data_plus
601086,SHSE.601086,,SH,A股-上交所,2024-09-13,3.62,3.7,3.56,3.57,3.65,8388993,30346410.87,-2.1918,1.2596,1,0,none,baostock,query_history_k_data_plus
601086,SHSE.601086,,SH,A股-上交所,2024-09-18,3.57,3.58,3.48,3.53,3.57,6167300,21725941.0,-1.1204,0.926,1,0,none,baostock,query_history_k_data_plus
601086,SHSE.601086,,SH,A股-上交所,2024-09-19,3.54,3.68,3.54,3.67,3.53,7381500,26791983.0,3.966,1.1083,1,0,none,baostock,query_history_k_data_plus
601086,SHSE.601086,,SH,A股-上交所,2024-09-20,3.69,3.69,3.62,3.67,3.67,4120300,15052537.07,0.0,0.6187,1,0,none,baostock,query_history_k_data_plus
601086,SHSE.601086,,SH,A股-上交所,2024-09-23,3.65,3.69,3.63,3.65,3.67,4303900,15707284.07,-0.545,0.6462,1,0,none,baostock,query_history_k_data_plus
601086,SHSE.601086,,SH,A股-上交所,2024-09-24,3.67,3.8,3.67,3.79,3.65,7713300,28851137.0,3.8356,1.1582,1,0,none,baostock,query_history_k_data_plus
601086,SHSE.601086,,SH,A股-上交所,2024-09-25,3.79,4.12,3.79,3.92,3.79,19659300,77821036.0,3.4301,2.9518,1,0,none,baostock,query_history_k_data_plus
601086,SHSE.601086,,SH,A股-上交所,2024-09-26,3.9,4.05,3.9,4.05,3.92,14795300,59130751.0,3.3163,2.2215,1,0,none,baostock,query_history_k_data_plus
601086,SHSE.601086,,SH,A股-上交所,2024-09-27,4.1,4.15,4.0,4.13,4.05,11766100,48095153.0,1.9753,1.7667,1,0,none,baostock,query_history_k_data_plus
601086,SHSE.601086,,SH,A股-上交所,2024-09-30,4.35,4.54,4.14,4.54,4.13,35545935,156597509.7,9.9274,5.3372,1,0,none,baostock,query_history_k_data_plus
601086,SHSE.601086,,SH,A股-上交所,2024-10-08,4.92,4.99,4.37,4.77,4.54,43775910,206355595.15,5.0661,6.573,1,0,none,baostock,query_history_k_data_plus
601086,SHSE.601086,,SH,A股-上交所,2024-10-09,4.55,4.56,4.29,4.29,4.77,22737036,99240908.52,-10.0629,3.414,1,0,none,baostock,query_history_k_data_plus
601086,SHSE.601086,,SH,A股-上交所,2024-10-10,4.71,4.72,4.38,4.72,4.29,27158436,126007939.0,10.0233,4.0778,1,0,none,baostock,query_history_k_data_plus
601086,SHSE.601086,,SH,A股-上交所,2024-10-11,5.19,5.19,4.99,5.19,4.72,53341445,275805037.4,9.9576,8.0092,1,0,none,baostock,query_history_k_data_plus
601086,SHSE.601086,,SH,A股-上交所,2024-10-14,4.8,5.16,4.67,4.77,5.19,69681988,332034222.67,-8.0925,10.4628,1,0,none,baostock,query_history_k_data_plus
601086,SHSE.601086,,SH,A股-上交所,2024-10-15,4.56,4.74,4.44,4.54,4.77,45257555,206458724.74,-4.8218,6.7954,1,0,none,baostock,query_history_k_data_plus
601086,SHSE.601086,,SH,A股-上交所,2024-10-16,4.4,4.47,4.3,4.36,4.54,30374033,132822571.19,-3.9648,4.5607,1,0,none,baostock,query_history_k_data_plus
601086,SHSE.601086,,SH,A股-上交所,2024-10-17,4.34,4.43,4.29,4.39,4.36,25094133,109079315.72,0.6881,3.7679,1,0,none,baostock,query_history_k_data_plus
601086,SHSE.601086,,SH,A股-上交所,2024-10-18,4.32,4.44,4.23,4.39,4.39,28366350,123086431.51,0.0,4.2592,1,0,none,baostock,query_history_k_data_plus
601086,SHSE.601086,,SH,A股-上交所,2024-10-21,4.39,4.41,4.31,4.36,4.39,19648650,85365325.5,-0.6834,2.9502,1,0,none,baostock,query_history_k_data_plus
601086,SHSE.601086,,SH,A股-上交所,2024-10-22,4.32,4.46,4.3,4.46,4.36,22478558,98590413.88,2.2936,3.3752,1,0,none,baostock,query_history_k_data_plus
601086,SHSE.601086,,SH,A股-上交所,2024-10-23,4.44,4.5,4.4,4.44,4.46,21766800,96578583.0,-0.4484,3.2683,1,0,none,baostock,query_history_k_data_plus
601086,SHSE.601086,,SH,A股-上交所,2024-10-24,4.42,4.47,4.36,4.38,4.44,13291000,58687977.0,-1.3514,1.9956,1,0,none,baostock,query_history_k_data_plus
601086,SHSE.601086,,SH,A股-上交所,2024-10-25,4.36,4.45,4.36,4.43,4.38,15825550,69915562.0,1.1416,2.3762,1,0,none,baostock,query_history_k_data_plus
601086,SHSE.601086,,SH,A股-上交所,2024-10-28,4.46,4.59,4.45,4.57,4.43,22802700,103503218.0,3.1603,3.4238,1,0,none,baostock,query_history_k_data_plus
601086,SHSE.601086,,SH,A股-上交所,2024-10-29,4.58,4.7,4.46,4.53,4.57,28257500,129521769.0,-0.8753,4.2429,1,0,none,baostock,query_history_k_data_plus
601086,SHSE.601086,,SH,A股-上交所,2024-10-30,4.48,4.58,4.43,4.47,4.53,16844600,75816915.0,-1.3245,2.5292,1,0,none,baostock,query_history_k_data_plus
601086,SHSE.601086,,SH,A股-上交所,2024-10-31,4.45,4.48,4.37,4.43,4.47,19461900,85922669.0,-0.8949,2.9222,1,0,none,baostock,query_history_k_data_plus
601086,SHSE.601086,,SH,A股-上交所,2024-11-01,4.43,4.57,4.32,4.37,4.43,23811883,106061325.03,-1.3544,3.5754,1,0,none,baostock,query_history_k_data_plus
601086,SHSE.601086,,SH,A股-上交所,2024-11-04,4.38,4.45,4.3,4.4,4.37,13217800,57721593.0,0.6865,1.9847,1,0,none,baostock,query_history_k_data_plus
601086,SHSE.601086,,SH,A股-上交所,2024-11-05,4.4,4.49,4.38,4.48,4.4,16238500,72283595.0,1.8182,2.4382,1,0,none,baostock,query_history_k_data_plus
601086,SHSE.601086,,SH,A股-上交所,2024-11-06,4.53,4.59,4.44,4.54,4.48,20816000,94051147.0,1.3393,3.1255,1,0,none,baostock,query_history_k_data_plus
601086,SHSE.601086,,SH,A股-上交所,2024-11-07,4.53,4.99,4.5,4.99,4.54,36292400,174211179.0,9.9119,5.4493,1,0,none,baostock,query_history_k_data_plus
601086,SHSE.601086,,SH,A股-上交所,2024-11-08,5.02,5.35,4.78,4.99,4.99,55974183,277353261.47,0.0,8.4045,1,0,none,baostock,query_history_k_data_plus
601086,SHSE.601086,,SH,A股-上交所,2024-11-11,4.86,4.92,4.73,4.84,4.99,28537600,136910596.0,-3.006,4.2849,1,0,none,baostock,query_history_k_data_plus
601086,SHSE.601086,,SH,A股-上交所,2024-11-12,4.84,5.0,4.84,4.87,4.84,32706759,160990422.05,0.6198,4.9109,1,0,none,baostock,query_history_k_data_plus
601086,SHSE.601086,,SH,A股-上交所,2024-11-13,4.86,4.96,4.72,4.76,4.87,20243200,97364420.0,-2.2587,3.0395,1,0,none,baostock,query_history_k_data_plus
601086,SHSE.601086,,SH,A股-上交所,2024-11-14,4.8,4.81,4.58,4.61,4.76,17170400,80242378.0,-3.1513,2.5781,1,0,none,baostock,query_history_k_data_plus
601086,SHSE.601086,,SH,A股-上交所,2024-11-15,4.58,4.7,4.55,4.56,4.61,13845032,64069646.24,-1.0846,2.0788,1,0,none,baostock,query_history_k_data_plus
601086,SHSE.601086,,SH,A股-上交所,2024-11-18,4.58,4.65,4.43,4.47,4.56,11419950,51627618.6,-1.9737,1.7147,1,0,none,baostock,query_history_k_data_plus
601086,SHSE.601086,,SH,A股-上交所,2024-11-19,4.48,4.54,4.41,4.54,4.47,9852045,44058562.17,1.566,1.4793,1,0,none,baostock,query_history_k_data_plus
601086,SHSE.601086,,SH,A股-上交所,2024-11-20,4.53,4.66,4.5,4.66,4.54,10424236,48016563.48,2.6432,1.5652,1,0,none,baostock,query_history_k_data_plus
601086,SHSE.601086,,SH,A股-上交所,2024-11-21,4.63,4.78,4.62,4.72,4.66,10877604,51061671.8,1.2876,1.6333,1,0,none,baostock,query_history_k_data_plus
601086,SHSE.601086,,SH,A股-上交所,2024-11-22,4.75,4.84,4.53,4.55,4.72,13621700,64110711.0,-3.6017,2.0453,1,0,none,baostock,query_history_k_data_plus
601086,SHSE.601086,,SH,A股-上交所,2024-11-25,4.55,4.69,4.54,4.66,4.55,11037004,50991103.4,2.4176,1.6572,1,0,none,baostock,query_history_k_data_plus
601086,SHSE.601086,,SH,A股-上交所,2024-11-26,4.62,4.74,4.6,4.7,4.66,9801200,46001208.0,0.8584,1.4717,1,0,none,baostock,query_history_k_data_plus
601086,SHSE.601086,,SH,A股-上交所,2024-11-27,4.7,4.76,4.55,4.75,4.7,11094200,51629059.0,1.0638,1.6658,1,0,none,baostock,query_history_k_data_plus
601086,SHSE.601086,,SH,A股-上交所,2024-11-28,4.73,4.88,4.71,4.88,4.75,18565619,89923026.15,2.7368,2.7876,1,0,none,baostock,query_history_k_data_plus
601086,SHSE.601086,,SH,A股-上交所,2024-11-29,4.83,5.37,4.8,5.37,4.88,27540132,144821916.84,10.041,4.1352,1,0,none,baostock,query_history_k_data_plus
601086,SHSE.601086,,SH,A股-上交所,2024-12-02,5.63,5.91,5.48,5.91,5.37,72862478,417919818.2,10.0559,10.9403,1,0,none,baostock,query_history_k_data_plus
601086,SHSE.601086,,SH,A股-上交所,2024-12-03,5.92,6.49,5.56,5.76,5.91,94357496,565049445.81,-2.5381,14.1678,1,0,none,baostock,query_history_k_data_plus
601086,SHSE.601086,,SH,A股-上交所,2024-12-04,5.48,5.99,5.28,5.58,5.76,62300341,352333859.75,-3.125,9.3544,1,0,none,baostock,query_history_k_data_plus
601086,SHSE.601086,,SH,A股-上交所,2024-12-05,5.42,5.55,5.35,5.51,5.58,45907536,249779280.68,-1.2545,6.893,1,0,none,baostock,query_history_k_data_plus
601086,SHSE.601086,,SH,A股-上交所,2024-12-06,5.49,5.54,5.27,5.47,5.51,34644641,187404749.86,-0.726,5.2019,1,0,none,baostock,query_history_k_data_plus
601086,SHSE.601086,,SH,A股-上交所,2024-12-09,5.48,5.57,5.29,5.38,5.47,24310100,130904753.0,-1.6453,3.6502,1,0,none,baostock,query_history_k_data_plus
601086,SHSE.601086,,SH,A股-上交所,2024-12-10,5.6,5.74,5.47,5.64,5.38,48652300,273350724.0,4.8327,7.3052,1,0,none,baostock,query_history_k_data_plus
601086,SHSE.601086,,SH,A股-上交所,2024-12-11,5.65,5.93,5.61,5.93,5.64,53306400,309559572.0,5.1418,8.004,1,0,none,baostock,query_history_k_data_plus
601086,SHSE.601086,,SH,A股-上交所,2024-12-12,5.99,6.52,5.81,6.52,5.93,65169536,402116586.44,9.9494,9.7852,1,0,none,baostock,query_history_k_data_plus
601086,SHSE.601086,,SH,A股-上交所,2024-12-13,6.4,6.4,5.99,6.01,6.52,53846500,330598623.82,-7.8221,8.0851,1,0,none,baostock,query_history_k_data_plus
601086,SHSE.601086,,SH,A股-上交所,2024-12-16,6.0,6.3,5.75,6.04,6.01,46266659,280381870.18,0.4992,6.9469,1,0,none,baostock,query_history_k_data_plus
601086,SHSE.601086,,SH,A股-上交所,2024-12-17,5.8,5.89,5.44,5.48,6.04,34990945,194877581.02,-9.2715,5.2539,1,0,none,baostock,query_history_k_data_plus
601086,SHSE.601086,,SH,A股-上交所,2024-12-18,5.48,5.56,5.29,5.37,5.48,23757659,127157944.88,-2.0073,3.5672,1,0,none,baostock,query_history_k_data_plus
601086,SHSE.601086,,SH,A股-上交所,2024-12-19,5.48,5.91,5.4,5.91,5.37,21471159,124588261.69,10.0559,3.2239,1,0,none,baostock,query_history_k_data_plus
601086,SHSE.601086,,SH,A股-上交所,2024-12-20,5.99,6.38,5.81,5.85,5.91,76489941,466556430.49,-1.0152,11.485,1,0,none,baostock,query_history_k_data_plus
601086,SHSE.601086,,SH,A股-上交所,2024-12-23,5.73,5.9,5.3,5.4,5.85,38863600,215355451.41,-7.6923,5.8354,1,0,none,baostock,query_history_k_data_plus
601086,SHSE.601086,,SH,A股-上交所,2024-12-24,5.39,5.46,5.01,5.14,5.4,33933914,173440587.2,-4.8148,5.0952,1,0,none,baostock,query_history_k_data_plus
601086,SHSE.601086,,SH,A股-上交所,2024-12-25,5.08,5.29,4.75,5.11,5.14,34654800,172830385.0,-0.5837,5.2034,1,0,none,baostock,query_history_k_data_plus
601086,SHSE.601086,,SH,A股-上交所,2024-12-26,5.02,5.58,5.01,5.41,5.11,34154500,180537960.23,5.8708,5.1283,1,0,none,baostock,query_history_k_data_plus
601086,SHSE.601086,,SH,A股-上交所,2024-12-27,5.49,5.95,5.44,5.95,5.41,28821573,168646368.35,9.9815,4.3276,1,0,none,baostock,query_history_k_data_plus
601086,SHSE.601086,,SH,A股-上交所,2024-12-30,5.95,5.95,5.57,5.75,5.95,57477873,329109754.73,-3.3613,8.6303,1,0,none,baostock,query_history_k_data_plus
601086,SHSE.601086,,SH,A股-上交所,2024-12-31,5.68,6.08,5.62,5.87,5.75,55005700,321441380.87,2.087,8.2591,1,0,none,baostock,query_history_k_data_plus
601086,SHSE.601086,,SH,A股-上交所,2025-01-02,5.75,6.3,5.65,6.2,5.87,61793000,375343647.92,5.6218,9.2782,1,0,none,baostock,query_history_k_data_plus
601086,SHSE.601086,,SH,A股-上交所,2025-01-03,6.2,6.82,5.66,5.73,6.2,77049749,490132463.53,-7.5806,11.569,1,0,none,baostock,query_history_k_data_plus
601086,SHSE.601086,,SH,A股-上交所,2025-01-06,5.39,5.57,5.16,5.16,5.73,15674200,82638098.0,-9.9476,2.3535,1,0,none,baostock,query_history_k_data_plus
601086,SHSE.601086,,SH,A股-上交所,2025-01-07,4.64,5.12,4.64,5.0,5.16,57947236,276048958.64,-3.1008,8.7008,1,0,none,baostock,query_history_k_data_plus
601086,SHSE.601086,,SH,A股-上交所,2025-01-08,4.85,5.18,4.82,5.08,5.0,48020541,240738234.72,1.6,7.2103,1,0,none,baostock,query_history_k_data_plus
601086,SHSE.601086,,SH,A股-上交所,2025-01-09,4.95,5.14,4.88,4.99,5.08,38678308,191836767.2,-1.7717,5.8076,1,0,none,baostock,query_history_k_data_plus
601086,SHSE.601086,,SH,A股-上交所,2025-01-10,4.93,4.94,4.56,4.59,4.99,28250108,133491876.56,-8.016,4.2418,1,0,none,baostock,query_history_k_data_plus
601086,SHSE.601086,,SH,A股-上交所,2025-01-13,4.44,4.61,4.31,4.57,4.59,21864900,97872666.0,-0.4357,3.283,1,0,none,baostock,query_history_k_data_plus
601086,SHSE.601086,,SH,A股-上交所,2025-01-14,4.57,4.8,4.57,4.79,4.57,24635700,116026975.0,4.814,3.6991,1,0,none,baostock,query_history_k_data_plus
601086,SHSE.601086,,SH,A股-上交所,2025-01-15,4.79,4.82,4.67,4.71,4.79,17570900,83098026.0,-1.6701,2.6383,1,0,none,baostock,query_history_k_data_plus
601086,SHSE.601086,,SH,A股-上交所,2025-01-16,4.68,4.97,4.68,4.85,4.71,29560600,143824192.0,2.9724,4.4385,1,0,none,baostock,query_history_k_data_plus
601086,SHSE.601086,,SH,A股-上交所,2025-01-17,4.8,4.85,4.64,4.66,4.85,19880700,93253100.0,-3.9175,2.9851,1,0,none,baostock,query_history_k_data_plus
601086,SHSE.601086,,SH,A股-上交所,2025-01-20,4.68,4.83,4.61,4.78,4.66,18402400,87518579.0,2.5751,2.7631,1,0,none,baostock,query_history_k_data_plus
601086,SHSE.601086,,SH,A股-上交所,2025-01-21,4.79,4.99,4.78,4.85,4.78,22990900,111668988.0,1.4644,3.4521,1,0,none,baostock,query_history_k_data_plus
601086,SHSE.601086,,SH,A股-上交所,2025-01-22,4.83,4.83,4.64,4.66,4.85,16817226,79011587.16,-3.9175,2.5251,1,0,none,baostock,query_history_k_data_plus
601086,SHSE.601086,,SH,A股-上交所,2025-01-23,4.71,4.82,4.66,4.67,4.66,13545600,64009308.0,0.2146,2.0339,1,0,none,baostock,query_history_k_data_plus
601086,SHSE.601086,,SH,A股-上交所,2025-01-24,4.66,4.7,4.58,4.69,4.67,13477900,62608213.0,0.4283,2.0237,1,0,none,baostock,query_history_k_data_plus
601086,SHSE.601086,,SH,A股-上交所,2025-01-27,4.68,4.75,4.6,4.6,4.69,11454600,53476449.0,-1.919,1.7199,1,0,none,baostock,query_history_k_data_plus
601086,SHSE.601086,,SH,A股-上交所,2025-02-05,4.63,4.65,4.51,4.55,4.6,11216100,51108978.0,-1.087,1.6841,1,0,none,baostock,query_history_k_data_plus
601086,SHSE.601086,,SH,A股-上交所,2025-02-06,4.53,4.6,4.49,4.6,4.55,14017300,63818065.0,1.0989,2.1047,1,0,none,baostock,query_history_k_data_plus
601086,SHSE.601086,,SH,A股-上交所,2025-02-07,4.6,4.73,4.58,4.67,4.6,14276700,66550784.0,1.5217,2.1436,1,0,none,baostock,query_history_k_data_plus
601086,SHSE.601086,,SH,A股-上交所,2025-02-10,4.68,4.93,4.68,4.92,4.67,22012600,106155722.0,5.3533,3.3052,1,0,none,baostock,query_history_k_data_plus
601086,SHSE.601086,,SH,A股-上交所,2025-02-11,4.98,4.98,4.8,4.86,4.92,13961400,67731558.0,-1.2195,2.0963,1,0,none,baostock,query_history_k_data_plus
601086,SHSE.601086,,SH,A股-上交所,2025-02-12,4.85,5.05,4.85,4.93,4.86,17605200,86561341.0,1.4403,2.6434,1,0,none,baostock,query_history_k_data_plus
601086,SHSE.601086,,SH,A股-上交所,2025-02-13,4.93,4.98,4.86,4.9,4.93,15911700,78396750.0,-0.6085,2.3891,1,0,none,baostock,query_history_k_data_plus
601086,SHSE.601086,,SH,A股-上交所,2025-02-14,4.87,4.91,4.79,4.81,4.9,12103600,58598565.0,-1.8367,1.8174,1,0,none,baostock,query_history_k_data_plus
601086,SHSE.601086,,SH,A股-上交所,2025-02-17,4.84,4.94,4.75,4.9,4.81,12971800,62994894.0,1.8711,1.9477,1,0,none,baostock,query_history_k_data_plus
601086,SHSE.601086,,SH,A股-上交所,2025-02-18,4.87,4.89,4.65,4.68,4.9,14077000,66808210.0,-4.4898,2.1137,1,0,none,baostock,query_history_k_data_plus
601086,SHSE.601086,,SH,A股-上交所,2025-02-19,4.67,4.8,4.65,4.74,4.68,11240400,53095645.0,1.2821,1.6877,1,0,none,baostock,query_history_k_data_plus
601086,SHSE.601086,,SH,A股-上交所,2025-02-20,4.75,4.84,4.73,4.79,4.74,12533200,60022250.0,1.0549,1.8819,1,0,none,baostock,query_history_k_data_plus
601086,SHSE.601086,,SH,A股-上交所,2025-02-21,4.8,4.8,4.64,4.72,4.79,11899100,55921318.0,-1.4614,1.7867,1,0,none,baostock,query_history_k_data_plus
601086,SHSE.601086,,SH,A股-上交所,2025-02-24,4.69,4.79,4.67,4.73,4.72,9036300,42763043.0,0.2119,1.3568,1,0,none,baostock,query_history_k_data_plus
601086,SHSE.601086,,SH,A股-上交所,2025-02-25,4.7,4.91,4.67,4.83,4.73,19176000,92436665.0,2.1142,2.8793,1,0,none,baostock,query_history_k_data_plus
601086,SHSE.601086,,SH,A股-上交所,2025-02-26,4.79,4.92,4.79,4.87,4.83,12804400,62145574.0,0.8282,1.9226,1,0,none,baostock,query_history_k_data_plus
601086,SHSE.601086,,SH,A股-上交所,2025-02-27,4.88,5.05,4.83,5.03,4.87,31583600,156295396.0,3.2854,4.7423,1,0,none,baostock,query_history_k_data_plus
601086,SHSE.601086,,SH,A股-上交所,2025-02-28,5.0,5.01,4.74,4.76,5.03,23380519,113566255.77,-5.3678,3.5106,1,0,none,baostock,query_history_k_data_plus
601086,SHSE.601086,,SH,A股-上交所,2025-03-03,4.77,4.86,4.73,4.81,4.76,12839200,61628338.0,1.0504,1.9278,1,0,none,baostock,query_history_k_data_plus
601086,SHSE.601086,,SH,A股-上交所,2025-03-04,4.77,4.82,4.74,4.81,4.81,9252500,44150348.0,0.0,1.3893,1,0,none,baostock,query_history_k_data_plus
601086,SHSE.601086,,SH,A股-上交所,2025-03-05,4.82,4.82,4.67,4.76,4.81,10345900,48805775.0,-1.0395,1.5534,1,0,none,baostock,query_history_k_data_plus
601086,SHSE.601086,,SH,A股-上交所,2025-03-06,4.76,4.84,4.73,4.83,4.76,11606000,55589268.0,1.4706,1.7426,1,0,none,baostock,query_history_k_data_plus
601086,SHSE.601086,,SH,A股-上交所,2025-03-07,4.83,4.85,4.7,4.72,4.83,9821700,46749186.0,-2.2774,1.4747,1,0,none,baostock,query_history_k_data_plus
601086,SHSE.601086,,SH,A股-上交所,2025-03-10,4.72,4.78,4.67,4.74,4.72,8392400,39689687.0,0.4237,1.2601,1,0,none,baostock,query_history_k_data_plus
601086,SHSE.601086,,SH,A股-上交所,2025-03-11,4.69,4.85,4.68,4.85,4.74,11963100,57203608.0,2.3207,1.7963,1,0,none,baostock,query_history_k_data_plus
601086,SHSE.601086,,SH,A股-上交所,2025-03-12,4.85,4.95,4.85,4.9,4.85,10646500,52013845.0,1.0309,1.5986,1,0,none,baostock,query_history_k_data_plus
601086,SHSE.601086,,SH,A股-上交所,2025-03-13,4.91,4.92,4.78,4.87,4.9,9122800,44131488.0,-0.6122,1.3698,1,0,none,baostock,query_history_k_data_plus
601086,SHSE.601086,,SH,A股-上交所,2025-03-14,4.88,5.04,4.88,5.02,4.87,18430941,91790346.77,3.0801,2.7674,1,0,none,baostock,query_history_k_data_plus
601086,SHSE.601086,,SH,A股-上交所,2025-03-17,5.12,5.16,5.01,5.03,5.02,13907500,70434982.0,0.1992,2.0882,1,0,none,baostock,query_history_k_data_plus
601086,SHSE.601086,,SH,A股-上交所,2025-03-18,5.03,5.08,4.95,4.99,5.03,9169400,45737307.0,-0.7952,1.3768,1,0,none,baostock,query_history_k_data_plus
601086,SHSE.601086,,SH,A股-上交所,2025-03-19,4.97,4.98,4.92,4.95,4.99,8039200,39787918.0,-0.8016,1.2071,1,0,none,baostock,query_history_k_data_plus
601086,SHSE.601086,,SH,A股-上交所,2025-03-20,4.96,4.98,4.91,4.92,4.95,6683700,33045259.0,-0.6061,1.0036,1,0,none,baostock,query_history_k_data_plus
601086,SHSE.601086,,SH,A股-上交所,2025-03-21,4.91,4.92,4.82,4.85,4.92,7553200,36796219.0,-1.4228,1.1341,1,0,none,baostock,query_history_k_data_plus
601086,SHSE.601086,,SH,A股-上交所,2025-03-24,4.84,4.87,4.6,4.7,4.85,11724800,55276084.0,-3.0928,1.7605,1,0,none,baostock,query_history_k_data_plus
601086,SHSE.601086,,SH,A股-上交所,2025-03-25,4.7,4.7,4.58,4.64,4.7,8520100,39466876.0,-1.2766,1.2793,1,0,none,baostock,query_history_k_data_plus
601086,SHSE.601086,,SH,A股-上交所,2025-03-26,4.64,4.77,4.61,4.75,4.64,8681300,40929355.0,2.3707,1.3035,1,0,none,baostock,query_history_k_data_plus
601086,SHSE.601086,,SH,A股-上交所,2025-03-27,4.75,4.82,4.67,4.79,4.75,7550800,35950238.0,0.8421,1.1338,1,0,none,baostock,query_history_k_data_plus
601086,SHSE.601086,,SH,A股-上交所,2025-03-28,4.79,4.79,4.62,4.63,4.79,11102200,51882917.0,-3.3403,1.667,1,0,none,baostock,query_history_k_data_plus
601086,SHSE.601086,,SH,A股-上交所,2025-03-31,4.59,4.65,4.51,4.62,4.63,8705500,39910900.0,-0.216,1.3071,1,0,none,baostock,query_history_k_data_plus
601086,SHSE.601086,,SH,A股-上交所,2025-04-01,4.59,4.75,4.59,4.73,4.62,8786050,41246998.5,2.381,1.3192,1,0,none,baostock,query_history_k_data_plus
601086,SHSE.601086,,SH,A股-上交所,2025-04-02,4.7,4.78,4.67,4.76,4.73,6428999,30485374.25,0.6342,0.9653,1,0,none,baostock,query_history_k_data_plus
601086,SHSE.601086,,SH,A股-上交所,2025-04-03,4.72,5.24,4.72,5.24,4.76,20135200,104855081.0,10.084,3.0233,1,0,none,baostock,query_history_k_data_plus
601086,SHSE.601086,,SH,A股-上交所,2025-04-07,5.76,5.76,5.35,5.76,5.24,62846500,357586696.0,9.9237,9.4364,1,0,none,baostock,query_history_k_data_plus
601086,SHSE.601086,,SH,A股-上交所,2025-04-08,6.34,6.34,6.34,6.34,5.76,6574800,41684232.0,10.0694,0.9872,1,0,none,baostock,query_history_k_data_plus
601086,SHSE.601086,,SH,A股-上交所,2025-04-09,6.97,6.97,6.97,6.97,6.34,5231800,36465646.0,9.9369,0.7856,1,0,none,baostock,query_history_k_data_plus
601086,SHSE.601086,,SH,A股-上交所,2025-04-10,7.67,7.67,7.67,7.67,6.97,24682665,189316040.55,10.043,3.7061,1,0,none,baostock,query_history_k_data_plus
601086,SHSE.601086,,SH,A股-上交所,2025-04-11,8.44,8.44,8.44,8.44,7.67,8156900,68844236.0,10.0391,1.2248,1,0,none,baostock,query_history_k_data_plus
601086,SHSE.601086,,SH,A股-上交所,2025-04-14,8.44,9.28,8.21,9.28,8.44,57387756,515968665.43,9.9526,8.6168,1,0,none,baostock,query_history_k_data_plus
601086,SHSE.601086,,SH,A股-上交所,2025-04-15,9.8,10.21,8.5,8.72,9.28,117775129,1138445064.21,-6.0345,17.684,1,0,none,baostock,query_history_k_data_plus
601086,SHSE.601086,,SH,A股-上交所,2025-04-16,8.51,9.59,8.0,9.59,8.72,115176862,991814323.21,9.9771,17.2938,1,0,none,baostock,query_history_k_data_plus
601086,SHSE.601086,,SH,A股-上交所,2025-04-17,9.47,10.55,9.2,10.55,9.59,109937145,1113718821.46,10.0104,16.5071,1,0,none,baostock,query_history_k_data_plus
601086,SHSE.601086,,SH,A股-上交所,2025-04-18,10.5,11.61,9.94,11.61,10.55,101197445,1103867801.14,10.0474,15.1948,1,0,none,baostock,query_history_k_data_plus
601086,SHSE.601086,,SH,A股-上交所,2025-04-21,12.05,12.77,11.8,12.77,11.61,55181007,690712948.85,9.9914,8.2854,1,0,none,baostock,query_history_k_data_plus
601086,SHSE.601086,,SH,A股-上交所,2025-04-22,13.38,14.05,13.0,14.05,12.77,74884589,1018425523.57,10.0235,11.2439,1,0,none,baostock,query_history_k_data_plus
601086,SHSE.601086,,SH,A股-上交所,2025-04-23,12.65,12.97,12.65,12.65,14.05,14526700,183967534.0,-9.9644,2.1812,1,0,none,baostock,query_history_k_data_plus
601086,SHSE.601086,,SH,A股-上交所,2025-04-24,11.39,13.92,11.39,13.92,12.65,122097620,1461621231.57,10.0395,18.333,1,0,none,baostock,query_history_k_data_plus
601086,SHSE.601086,,SH,A股-上交所,2025-04-25,12.53,14.3,12.53,12.53,13.92,97118640,1269869602.43,-9.9856,14.5824,1,0,none,baostock,query_history_k_data_plus
601086,SHSE.601086,,SH,A股-上交所,2025-04-28,11.71,12.38,11.28,11.28,12.53,72983033,849363444.29,-9.9761,10.9584,1,0,none,baostock,query_history_k_data_plus
601086,SHSE.601086,,SH,A股-上交所,2025-04-29,11.0,11.81,10.5,11.14,11.28,84429491,932719275.05,-1.2411,12.6771,1,0,none,baostock,query_history_k_data_plus
601086,SHSE.601086,,SH,A股-上交所,2025-04-30,10.57,10.96,10.03,10.03,11.14,68675671,711322947.55,-9.9641,10.3117,1,0,none,baostock,query_history_k_data_plus
601086,SHSE.601086,,SH,A股-上交所,2025-05-06,10.29,10.44,10.06,10.44,10.03,55216260,568013909.45,4.0877,8.2907,1,0,none,baostock,query_history_k_data_plus
601086,SHSE.601086,,SH,A股-上交所,2025-05-07,10.6,11.48,10.36,11.48,10.44,85051117,937068565.94,9.9617,12.7704,1,0,none,baostock,query_history_k_data_plus
601086,SHSE.601086,,SH,A股-上交所,2025-05-08,11.05,12.5,10.71,11.95,11.48,88664521,1033908400.5,4.0941,13.313,1,0,none,baostock,query_history_k_data_plus
601086,SHSE.601086,,SH,A股-上交所,2025-05-09,11.0,11.96,11.0,11.01,11.95,66332881,754025906.95,-7.8661,9.9599,1,0,none,baostock,query_history_k_data_plus
601086,SHSE.601086,,SH,A股-上交所,2025-05-12,11.5,11.5,10.72,11.28,11.01,61347721,683337772.12,2.4523,9.2114,1,0,none,baostock,query_history_k_data_plus
601086,SHSE.601086,,SH,A股-上交所,2025-05-13,11.25,12.35,11.05,11.78,11.28,84758062,1002948347.76,4.4326,12.7264,1,0,none,baostock,query_history_k_data_plus
601086,SHSE.601086,,SH,A股-上交所,2025-05-14,11.58,12.96,11.1,12.96,11.78,107107262,1326006426.27,10.017,16.0822,1,0,none,baostock,query_history_k_data_plus
601086,SHSE.601086,,SH,A股-上交所,2025-05-15,12.6,14.25,12.0,13.1,12.96,112263321,1447487481.48,1.0802,16.8564,1,0,none,baostock,query_history_k_data_plus
601086,SHSE.601086,,SH,A股-上交所,2025-05-16,13.0,14.02,12.41,13.66,13.1,97982662,1304887198.16,4.2748,14.7121,1,0,none,baostock,query_history_k_data_plus
601086,SHSE.601086,,SH,A股-上交所,2025-05-19,13.06,14.7,13.06,14.13,13.66,94292141,1324100498.3,3.4407,14.158,1,0,none,baostock,query_history_k_data_plus
601086,SHSE.601086,,SH,A股-上交所,2025-05-20,13.86,14.67,12.78,13.53,14.13,87312000,1202740808.0,-4.2463,13.1099,1,0,none,baostock,query_history_k_data_plus
601086,SHSE.601086,,SH,A股-上交所,2025-05-21,12.95,13.53,12.6,12.73,13.53,68602400,888728058.0,-5.9128,10.3007,1,0,none,baostock,query_history_k_data_plus
601086,SHSE.601086,,SH,A股-上交所,2025-05-22,12.3,13.14,12.3,12.44,12.73,48954900,621189170.0,-2.2781,7.3506,1,0,none,baostock,query_history_k_data_plus
601086,SHSE.601086,,SH,A股-上交所,2025-05-23,12.31,12.43,11.75,11.78,12.44,47095200,561644431.0,-5.3055,7.0714,1,0,none,baostock,query_history_k_data_plus
601086,SHSE.601086,,SH,A股-上交所,2025-05-26,11.7,12.96,11.57,12.73,11.78,63520142,781979089.16,8.0645,9.5376,1,0,none,baostock,query_history_k_data_plus
601086,SHSE.601086,,SH,A股-上交所,2025-05-27,12.56,13.5,12.5,13.04,12.73,73502042,954151644.95,2.4352,11.0363,1,0,none,baostock,query_history_k_data_plus
601086,SHSE.601086,,SH,A股-上交所,2025-05-28,12.7,14.34,12.61,14.34,13.04,75469021,1041488132.27,9.9693,11.3317,1,0,none,baostock,query_history_k_data_plus
601086,SHSE.601086,,SH,A股-上交所,2025-05-29,14.95,15.77,14.46,15.77,14.34,123845583,1897706257.83,9.9721,18.5954,1,0,none,baostock,query_history_k_data_plus
601086,SHSE.601086,,SH,A股-上交所,2025-05-30,14.8,15.36,14.19,14.19,15.77,64689500,935454580.58,-10.019,9.7131,1,0,none,baostock,query_history_k_data_plus
601086,SHSE.601086,,SH,A股-上交所,2025-06-03,12.77,14.57,12.77,13.6,14.19,66813822,915003225.08,-4.1579,10.0321,1,0,none,baostock,query_history_k_data_plus
601086,SHSE.601086,,SH,A股-上交所,2025-06-04,13.53,14.96,13.42,14.96,13.6,82104121,1157367309.08,10.0,12.3279,1,0,none,baostock,query_history_k_data_plus
601086,SHSE.601086,,SH,A股-上交所,2025-06-05,15.26,15.31,14.08,14.18,14.96,90735540,1334704374.94,-5.2139,13.624,1,0,none,baostock,query_history_k_data_plus
601086,SHSE.601086,,SH,A股-上交所,2025-06-06,14.18,14.35,13.64,13.73,14.18,52441900,728321145.0,-3.1735,7.8742,1,0,none,baostock,query_history_k_data_plus
601086,SHSE.601086,,SH,A股-上交所,2025-06-09,13.86,14.52,13.61,14.36,13.73,64690218,920137770.86,4.5885,9.7132,1,0,none,baostock,query_history_k_data_plus
601086,SHSE.601086,,SH,A股-上交所,2025-06-10,14.17,15.44,14.0,14.59,14.36,78286318,1138439924.96,1.6017,11.7547,1,0,none,baostock,query_history_k_data_plus
601086,SHSE.601086,,SH,A股-上交所,2025-06-11,14.4,14.4,13.64,13.92,14.59,60450600,841640341.0,-4.5922,9.0767,1,0,none,baostock,query_history_k_data_plus
601086,SHSE.601086,,SH,A股-上交所,2025-06-12,13.5,13.6,13.07,13.11,13.84,39689640,523912605.2,-5.2746,5.9594,1,0,none,baostock,query_history_k_data_plus
601086,SHSE.601086,,SH,A股-上交所,2025-06-13,13.02,13.48,12.83,13.1,13.11,30122140,397797179.2,-0.0763,4.5228,1,0,none,baostock,query_history_k_data_plus
601086,SHSE.601086,,SH,A股-上交所,2025-06-16,12.7,13.42,12.5,13.09,13.1,33026140,428025005.8,-0.0763,4.9589,1,0,none,baostock,query_history_k_data_plus
601086,SHSE.601086,,SH,A股-上交所,2025-06-17,13.03,13.59,12.95,13.18,13.09,33811940,448308406.6,0.6875,5.0769,1,0,none,baostock,query_history_k_data_plus
601086,SHSE.601086,,SH,A股-上交所,2025-06-18,13.02,13.12,12.41,12.57,13.18,36619300,463781860.0,-4.6282,5.4984,1,0,none,baostock,query_history_k_data_plus
601086,SHSE.601086,,SH,A股-上交所,2025-06-19,12.45,12.55,11.75,11.81,12.57,34628300,417975123.0,-6.0461,5.1994,1,0,none,baostock,query_history_k_data_plus
601086,SHSE.601086,,SH,A股-上交所,2025-06-20,12.0,12.16,11.7,11.83,11.81,23837940,283748615.0,0.1693,3.5793,1,0,none,baostock,query_history_k_data_plus
601086,SHSE.601086,,SH,A股-上交所,2025-06-23,11.5,12.13,11.37,11.94,11.83,25679940,305354558.2,0.9298,3.8558,1,0,none,baostock,query_history_k_data_plus
601086,SHSE.601086,,SH,A股-上交所,2025-06-24,11.94,12.25,11.84,12.02,11.94,28323800,340765441.0,0.67,4.2528,1,0,none,baostock,query_history_k_data_plus
601086,SHSE.601086,,SH,A股-上交所,2025-06-25,12.7,12.99,12.31,12.36,12.02,43750400,550198767.0,2.8286,6.5691,1,0,none,baostock,query_history_k_data_plus
601086,SHSE.601086,,SH,A股-上交所,2025-06-26,11.94,13.0,11.9,12.69,12.36,54360400,675744967.0,2.6699,8.1622,1,0,none,baostock,query_history_k_data_plus
601086,SHSE.601086,,SH,A股-上交所,2025-06-27,12.25,12.53,12.16,12.18,12.69,34982004,429571559.76,-4.0189,5.2526,1,0,none,baostock,query_history_k_data_plus
601086,SHSE.601086,,SH,A股-上交所,2025-06-30,12.1,12.24,11.94,12.15,12.18,22988340,278628429.24,-0.2463,3.4517,1,0,none,baostock,query_history_k_data_plus
601086,SHSE.601086,,SH,A股-上交所,2025-07-01,12.15,12.28,11.81,12.27,12.15,34423036,415203386.48,0.9877,5.1686,1,0,none,baostock,query_history_k_data_plus
601086,SHSE.601086,,SH,A股-上交所,2025-07-02,12.26,12.67,12.06,12.42,12.27,39365168,488048216.84,1.2225,5.9107,1,0,none,baostock,query_history_k_data_plus
601086,SHSE.601086,,SH,A股-上交所,2025-07-03,11.7,11.98,11.7,11.71,12.42,38684864,455763506.56,-5.7166,5.8085,1,0,none,baostock,query_history_k_data_plus
601086,SHSE.601086,,SH,A股-上交所,2025-07-04,11.7,11.77,11.13,11.23,11.71,30564100,346689753.0,-4.0991,4.5892,1,0,none,baostock,query_history_k_data_plus
601086,SHSE.601086,,SH,A股-上交所,2025-07-07,11.24,11.36,11.13,11.25,11.23,14385900,161879804.0,0.1781,2.16,1,0,none,baostock,query_history_k_data_plus
601086,SHSE.601086,,SH,A股-上交所,2025-07-08,11.36,11.79,11.24,11.45,11.25,23444904,269622653.12,1.7778,3.5203,1,0,none,baostock,query_history_k_data_plus
601086,SHSE.601086,,SH,A股-上交所,2025-07-09,11.35,11.52,11.3,11.33,11.45,21672904,246509387.2,-1.048,3.2542,1,0,none,baostock,query_history_k_data_plus
601086,SHSE.601086,,SH,A股-上交所,2025-07-10,11.22,11.45,11.03,11.18,11.33,18862000,211168015.92,-1.3239,2.8321,1,0,none,baostock,query_history_k_data_plus
601086,SHSE.601086,,SH,A股-上交所,2025-07-11,11.15,11.26,10.95,11.26,11.18,22140300,246105623.0,0.7156,3.3244,1,0,none,baostock,query_history_k_data_plus
601086,SHSE.601086,,SH,A股-上交所,2025-07-14,11.2,11.28,11.15,11.25,11.26,11568000,129628428.0,-0.0888,1.7369,1,0,none,baostock,query_history_k_data_plus
601086,SHSE.601086,,SH,A股-上交所,2025-07-15,11.23,11.23,10.88,10.94,11.25,16846099,185334673.07,-2.7556,2.5294,1,0,none,baostock,query_history_k_data_plus
601086,SHSE.601086,,SH,A股-上交所,2025-07-16,10.88,11.19,10.85,11.1,10.94,15784100,174817277.0,1.4625,2.37,1,0,none,baostock,query_history_k_data_plus
601086,SHSE.601086,,SH,A股-上交所,2025-07-17,11.35,12.21,11.35,12.21,11.1,78037100,941186966.0,10.0,11.7173,1,0,none,baostock,query_history_k_data_plus
601086,SHSE.601086,,SH,A股-上交所,2025-07-18,11.65,12.18,11.56,11.69,12.21,59231100,698586216.0,-4.2588,8.8936,1,0,none,baostock,query_history_k_data_plus
601086,SHSE.601086,,SH,A股-上交所,2025-07-21,11.4,11.69,11.33,11.6,11.69,30966200,357122021.0,-0.7699,4.6496,1,0,none,baostock,query_history_k_data_plus
601086,SHSE.601086,,SH,A股-上交所,2025-07-22,11.62,11.68,11.11,11.17,11.6,35256436,397249159.76,-3.7069,5.2938,1,0,none,baostock,query_history_k_data_plus
601086,SHSE.601086,,SH,A股-上交所,2025-07-23,11.09,11.39,11.01,11.11,11.17,20877000,233269627.0,-0.5372,3.1347,1,0,none,baostock,query_history_k_data_plus
601086,SHSE.601086,,SH,A股-上交所,2025-07-24,11.11,11.3,11.02,11.16,11.11,19663200,219595297.0,0.45,2.9524,1,0,none,baostock,query_history_k_data_plus
601086,SHSE.601086,,SH,A股-上交所,2025-07-25,11.11,11.15,10.9,10.93,11.16,21184300,232185115.0,-2.0609,3.1808,1,0,none,baostock,query_history_k_data_plus
601086,SHSE.601086,,SH,A股-上交所,2025-07-28,10.91,10.97,10.82,10.86,10.93,14661600,159371883.0,-0.6404,2.2014,1,0,none,baostock,query_history_k_data_plus
601086,SHSE.601086,,SH,A股-上交所,2025-07-29,10.9,10.94,10.55,10.71,10.86,18331836,195509404.16,-1.3812,2.7525,1,0,none,baostock,query_history_k_data_plus
601086,SHSE.601086,,SH,A股-上交所,2025-07-30,10.61,11.33,10.56,11.09,10.71,33520100,367151393.0,3.5481,5.033,1,0,none,baostock,query_history_k_data_plus
601086,SHSE.601086,,SH,A股-上交所,2025-07-31,10.87,10.87,10.6,10.63,11.09,23763289,253814802.22,-4.1479,3.5681,1,0,none,baostock,query_history_k_data_plus
601086,SHSE.601086,,SH,A股-上交所,2025-08-01,10.56,10.69,10.4,10.41,10.63,12930278,135578164.45,-2.0696,1.9415,1,0,none,baostock,query_history_k_data_plus
601086,SHSE.601086,,SH,A股-上交所,2025-08-04,10.36,10.36,10.15,10.31,10.41,14137700,144990848.0,-0.9606,2.1228,1,0,none,baostock,query_history_k_data_plus
601086,SHSE.601086,,SH,A股-上交所,2025-08-05,10.35,10.42,10.27,10.35,10.31,13085300,135200957.0,0.388,1.9648,1,0,none,baostock,query_history_k_data_plus
601086,SHSE.601086,,SH,A股-上交所,2025-08-06,10.34,10.45,10.21,10.44,10.35,14372100,148837148.0,0.8696,2.158,1,0,none,baostock,query_history_k_data_plus
601086,SHSE.601086,,SH,A股-上交所,2025-08-07,10.44,10.77,10.34,10.56,10.44,19916400,210182505.0,1.1494,2.9905,1,0,none,baostock,query_history_k_data_plus
601086,SHSE.601086,,SH,A股-上交所,2025-08-08,10.57,10.85,10.46,10.6,10.56,15179900,161457434.0,0.3788,2.2793,1,0,none,baostock,query_history_k_data_plus
601086,SHSE.601086,,SH,A股-上交所,2025-08-11,10.57,11.3,10.45,11.14,10.6,51042953,562577055.36,5.0943,7.6641,1,0,none,baostock,query_history_k_data_plus
601086,SHSE.601086,,SH,A股-上交所,2025-08-12,11.2,11.5,10.9,11.1,11.14,38838500,431118916.0,-0.3591,5.8316,1,0,none,baostock,query_history_k_data_plus
601086,SHSE.601086,,SH,A股-上交所,2025-08-13,11.73,12.21,11.4,11.42,11.1,64918243,762932706.27,2.8829,9.7475,1,0,none,baostock,query_history_k_data_plus
601086,SHSE.601086,,SH,A股-上交所,2025-08-14,10.81,10.99,10.65,10.69,11.42,43697643,471570886.25,-6.3923,6.5612,1,0,none,baostock,query_history_k_data_plus
601086,SHSE.601086,,SH,A股-上交所,2025-08-15,10.5,10.64,10.4,10.56,10.69,23933000,251517286.0,-1.2161,3.5935,1,0,none,baostock,query_history_k_data_plus
601086,SHSE.601086,,SH,A股-上交所,2025-08-18,10.49,10.64,10.43,10.64,10.56,21448353,226832346.74,0.7576,3.2205,1,0,none,baostock,query_history_k_data_plus
601086,SHSE.601086,,SH,A股-上交所,2025-08-19,10.73,11.23,10.65,11.1,10.64,40544225,442363878.5,4.3233,6.0877,1,0,none,baostock,query_history_k_data_plus
601086,SHSE.601086,,SH,A股-上交所,2025-08-20,10.96,11.99,10.72,11.34,11.1,51307925,580573677.69,2.1622,7.7039,1,0,none,baostock,query_history_k_data_plus
601086,SHSE.601086,,SH,A股-上交所,2025-08-21,10.99,11.84,10.98,11.21,11.34,45409500,516811140.0,-1.1464,6.8182,1,0,none,baostock,query_history_k_data_plus
601086,SHSE.601086,,SH,A股-上交所,2025-08-22,11.17,11.3,10.91,11.04,11.21,31830800,350679868.0,-1.5165,4.7794,1,0,none,baostock,query_history_k_data_plus
601086,SHSE.601086,,SH,A股-上交所,2025-08-25,11.05,11.48,10.87,11.28,11.04,38147899,426860921.0,2.1739,5.7279,1,0,none,baostock,query_history_k_data_plus
601086,SHSE.601086,,SH,A股-上交所,2025-08-26,11.13,12.25,11.04,11.87,11.28,56464300,654167348.13,5.2305,8.4781,1,0,none,baostock,query_history_k_data_plus
601086,SHSE.601086,,SH,A股-上交所,2025-08-27,11.64,12.47,11.55,12.23,11.87,79091887,954459030.61,3.0329,11.8757,1,0,none,baostock,query_history_k_data_plus
601086,SHSE.601086,,SH,A股-上交所,2025-08-28,11.97,13.28,11.97,12.82,12.23,83044208,1057639603.96,4.8242,12.4691,1,0,none,baostock,query_history_k_data_plus
601086,SHSE.601086,,SH,A股-上交所,2025-08-29,12.7,13.74,12.49,12.57,12.82,77006897,1010498439.1,-1.9501,11.5626,1,0,none,baostock,query_history_k_data_plus
601086,SHSE.601086,,SH,A股-上交所,2025-09-01,11.91,13.02,11.83,12.49,12.57,58449351,731750117.04,-0.6364,8.7762,1,0,none,baostock,query_history_k_data_plus
601086,SHSE.601086,,SH,A股-上交所,2025-09-02,12.28,12.88,12.0,12.12,12.49,52526775,653919973.2,-2.9624,7.8869,1,0,none,baostock,query_history_k_data_plus
601086,SHSE.601086,,SH,A股-上交所,2025-09-03,11.9,12.35,11.03,11.06,12.12,47449707,551007982.9,-8.7459,7.1246,1,0,none,baostock,query_history_k_data_plus
601086,SHSE.601086,,SH,A股-上交所,2025-09-04,10.98,12.17,10.88,12.17,11.06,45619341,538462467.1,10.0362,6.8498,1,0,none,baostock,query_history_k_data_plus
601086,SHSE.601086,,SH,A股-上交所,2025-09-05,12.46,12.98,12.0,12.78,12.17,85693872,1075497728.51,5.0123,12.8669,1,0,none,baostock,query_history_k_data_plus
601086,SHSE.601086,,SH,A股-上交所,2025-09-08,12.62,13.23,12.28,12.41,12.78,60812525,767089954.0,-2.8951,9.131,1,0,none,baostock,query_history_k_data_plus
601086,SHSE.601086,,SH,A股-上交所,2025-09-09,12.18,13.0,12.01,12.66,12.41,65294140,813293086.6,2.0145,9.8039,1,0,none,baostock,query_history_k_data_plus
601086,SHSE.601086,,SH,A股-上交所,2025-09-10,12.4,13.49,12.12,13.2,12.66,82523302,1060222826.48,4.2654,12.3909,1,0,none,baostock,query_history_k_data_plus
601086,SHSE.601086,,SH,A股-上交所,2025-09-11,12.9,13.44,12.74,13.21,13.2,69139004,900182385.6,0.0758,10.3812,1,0,none,baostock,query_history_k_data_plus
601086,SHSE.601086,,SH,A股-上交所,2025-09-12,12.97,13.39,12.89,12.89,13.21,50098104,655463271.72,-2.4224,7.5222,1,0,none,baostock,query_history_k_data_plus
601086,SHSE.601086,,SH,A股-上交所,2025-09-15,12.53,12.62,12.23,12.27,12.89,41576800,515951442.0,-4.8099,6.2428,1,0,none,baostock,query_history_k_data_plus
601086,SHSE.601086,,SH,A股-上交所,2025-09-16,12.34,12.53,12.08,12.16,12.27,30810400,377619898.0,-0.8965,4.6262,1,0,none,baostock,query_history_k_data_plus
601086,SHSE.601086,,SH,A股-上交所,2025-09-17,12.16,12.27,11.83,11.91,12.16,31307925,374799183.0,-2.0559,4.7009,1,0,none,baostock,query_history_k_data_plus
601086,SHSE.601086,,SH,A股-上交所,2025-09-18,11.84,12.08,11.75,11.94,11.91,27360076,326071550.06,0.2519,4.1081,1,0,none,baostock,query_history_k_data_plus
601086,SHSE.601086,,SH,A股-上交所,2025-09-19,11.88,11.89,11.39,11.46,11.94,26145800,301648732.0,-4.0201,3.9258,1,0,none,baostock,query_history_k_data_plus
601086,SHSE.601086,,SH,A股-上交所,2025-09-22,11.36,11.48,11.16,11.31,11.46,18104700,204236551.0,-1.3089,2.7184,1,0,none,baostock,query_history_k_data_plus
601086,SHSE.601086,,SH,A股-上交所,2025-09-23,11.26,11.57,10.9,11.3,11.31,25527800,287353089.0,-0.0884,3.833,1,0,none,baostock,query_history_k_data_plus
601086,SHSE.601086,,SH,A股-上交所,2025-09-24,11.18,11.45,11.18,11.39,11.3,16002700,181084052.0,0.7965,2.4028,1,0,none,baostock,query_history_k_data_plus
601086,SHSE.601086,,SH,A股-上交所,2025-09-25,11.39,11.6,11.26,11.31,11.39,20261700,231622474.0,-0.7024,3.0423,1,0,none,baostock,query_history_k_data_plus
601086,SHSE.601086,,SH,A股-上交所,2025-09-26,11.23,11.29,11.0,11.0,11.31,17114300,189823582.0,-2.7409,2.5697,1,0,none,baostock,query_history_k_data_plus
601086,SHSE.601086,,SH,A股-上交所,2025-09-29,11.01,11.04,10.74,10.86,11.0,14679700,159695966.0,-1.2727,2.2042,1,0,none,baostock,query_history_k_data_plus
601086,SHSE.601086,,SH,A股-上交所,2025-09-30,10.9,10.98,10.83,10.85,10.86,11752300,127895127.0,-0.0921,1.7646,1,0,none,baostock,query_history_k_data_plus
601086,SHSE.601086,,SH,A股-上交所,2025-10-09,10.8,10.83,10.58,10.69,10.85,16770800,178811930.0,-1.4747,2.5181,1,0,none,baostock,query_history_k_data_plus
601086,SHSE.601086,,SH,A股-上交所,2025-10-10,10.83,11.29,10.72,10.91,10.69,25387100,280453042.0,2.058,3.8119,1,0,none,baostock,query_history_k_data_plus
601086,SHSE.601086,,SH,A股-上交所,2025-10-13,10.61,11.75,10.52,11.41,10.91,32374300,368008087.0,4.583,4.861,1,0,none,baostock,query_history_k_data_plus
601086,SHSE.601086,,SH,A股-上交所,2025-10-14,11.17,11.73,11.08,11.55,11.41,38902927,442623344.99,1.227,5.8413,1,0,none,baostock,query_history_k_data_plus
601086,SHSE.601086,,SH,A股-上交所,2025-10-15,11.43,12.4,11.3,11.74,11.55,51804500,612712765.92,1.645,7.7785,1,0,none,baostock,query_history_k_data_plus
601086,SHSE.601086,,SH,A股-上交所,2025-10-16,11.27,11.73,11.2,11.21,11.74,33167927,377947655.4,-4.5145,4.9802,1,0,none,baostock,query_history_k_data_plus
601086,SHSE.601086,,SH,A股-上交所,2025-10-17,11.01,11.33,10.79,10.8,11.21,21320360,234508387.4,-3.6574,3.2013,1,0,none,baostock,query_history_k_data_plus
601086,SHSE.601086,,SH,A股-上交所,2025-10-20,11.01,11.03,10.7,10.76,10.8,13542100,146273349.0,-0.3704,2.0333,1,0,none,baostock,query_history_k_data_plus
601086,SHSE.601086,,SH,A股-上交所,2025-10-21,10.67,11.21,10.67,11.01,10.76,21761112,238820007.24,2.3234,3.2674,1,0,none,baostock,query_history_k_data_plus
601086,SHSE.601086,,SH,A股-上交所,2025-10-22,10.93,11.18,10.9,10.99,11.01,18255760,201210023.2,-0.1817,2.7411,1,0,none,baostock,query_history_k_data_plus
601086,SHSE.601086,,SH,A股-上交所,2025-10-23,11.05,11.3,10.71,10.85,10.99,21240572,233266702.8,-1.2739,3.1893,1,0,none,baostock,query_history_k_data_plus
601086,SHSE.601086,,SH,A股-上交所,2025-10-24,10.73,10.87,10.67,10.72,10.85,14848072,159301526.4,-1.1982,2.2294,1,0,none,baostock,query_history_k_data_plus
601086,SHSE.601086,,SH,A股-上交所,2025-10-27,10.76,10.95,10.7,10.84,10.72,12575100,136080125.0,1.1194,1.8882,1,0,none,baostock,query_history_k_data_plus
601086,SHSE.601086,,SH,A股-上交所,2025-10-28,10.76,11.08,10.7,10.9,10.84,18953400,205922195.0,0.5535,2.8459,1,0,none,baostock,query_history_k_data_plus
601086,SHSE.601086,,SH,A股-上交所,2025-10-29,10.8,10.88,10.66,10.74,10.9,14088972,151035580.68,-1.4679,2.1155,1,0,none,baostock,query_history_k_data_plus
601086,SHSE.601086,,SH,A股-上交所,2025-10-30,10.74,10.78,10.57,10.58,10.74,10578395,112897135.26,-1.4898,1.5883,1,0,none,baostock,query_history_k_data_plus
601086,SHSE.601086,,SH,A股-上交所,2025-10-31,10.86,10.88,10.72,10.85,10.58,17074395,184702359.15,2.552,2.5637,1,0,none,baostock,query_history_k_data_plus
601086,SHSE.601086,,SH,A股-上交所,2025-11-03,10.85,11.15,10.77,11.14,10.85,22819829,251686303.03,2.6728,3.4264,1,0,none,baostock,query_history_k_data_plus
601086,SHSE.601086,,SH,A股-上交所,2025-11-04,11.06,11.3,11.01,11.13,11.14,19298200,215147134.0,-0.0898,2.8976,1,0,none,baostock,query_history_k_data_plus
601086,SHSE.601086,,SH,A股-上交所,2025-11-05,11.0,11.46,10.97,11.27,11.13,26331276,298017957.8,1.2579,3.9536,1,0,none,baostock,query_history_k_data_plus
601086,SHSE.601086,,SH,A股-上交所,2025-11-06,11.13,11.15,10.85,10.87,11.27,21739105,237431902.46,-3.5492,3.2641,1,0,none,baostock,query_history_k_data_plus
601086,SHSE.601086,,SH,A股-上交所,2025-11-07,10.85,10.93,10.79,10.87,10.87,11419300,124041118.0,0.0,1.7146,1,0,none,baostock,query_history_k_data_plus
601086,SHSE.601086,,SH,A股-上交所,2025-11-10,10.8,11.42,10.75,11.4,10.87,39437871,443725182.59,4.8758,5.9216,1,0,none,baostock,query_history_k_data_plus
601086,SHSE.601086,,SH,A股-上交所,2025-11-11,11.4,11.53,11.21,11.4,11.4,31830976,362571777.77,0.0,4.7794,1,0,none,baostock,query_history_k_data_plus
601086,SHSE.601086,,SH,A股-上交所,2025-11-12,11.5,11.83,11.29,11.71,11.4,48627525,561980954.5,2.7193,7.3014,1,0,none,baostock,query_history_k_data_plus
601086,SHSE.601086,,SH,A股-上交所,2025-11-13,11.5,11.75,11.25,11.58,11.71,41240665,473030905.15,-1.1102,6.1923,1,0,none,baostock,query_history_k_data_plus
601086,SHSE.601086,,SH,A股-上交所,2025-11-14,11.43,12.1,11.43,11.61,11.58,42428392,500770208.85,0.2591,6.3706,1,0,none,baostock,query_history_k_data_plus
601086,SHSE.601086,,SH,A股-上交所,2025-11-17,11.88,11.88,11.37,11.47,11.61,22891465,263021198.29,-1.2059,3.4372,1,0,none,baostock,query_history_k_data_plus
601086,SHSE.601086,,SH,A股-上交所,2025-11-18,11.34,11.43,10.94,11.01,11.47,22962172,254289428.72,-4.0105,3.4478,1,0,none,baostock,query_history_k_data_plus
601086,SHSE.601086,,SH,A股-上交所,2025-11-19,11.05,11.18,10.76,10.84,11.01,15455100,168450166.0,-1.5441,2.3206,1,0,none,baostock,query_history_k_data_plus
601086,SHSE.601086,,SH,A股-上交所,2025-11-20,10.85,10.9,10.36,10.38,10.84,24268300,254895322.0,-4.2435,3.6439,1,0,none,baostock,query_history_k_data_plus
601086,SHSE.601086,,SH,A股-上交所,2025-11-21,10.29,10.48,10.06,10.08,10.38,17791400,182053657.0,-2.8902,2.6714,1,0,none,baostock,query_history_k_data_plus
601086,SHSE.601086,,SH,A股-上交所,2025-11-24,10.04,10.25,9.99,10.16,10.08,13767100,139000144.0,0.7937,2.0671,1,0,none,baostock,query_history_k_data_plus
601086,SHSE.601086,,SH,A股-上交所,2025-11-25,10.17,10.4,10.07,10.29,10.16,11528200,118408941.0,1.2795,1.731,1,0,none,baostock,query_history_k_data_plus
601086,SHSE.601086,,SH,A股-上交所,2025-11-26,10.3,11.32,10.28,11.25,10.29,37314076,400807503.12,9.3294,5.6027,1,0,none,baostock,query_history_k_data_plus
601086,SHSE.601086,,SH,A股-上交所,2025-11-27,11.03,11.21,10.53,10.55,11.25,34291936,370961010.08,-6.2222,5.1489,1,0,none,baostock,query_history_k_data_plus
601086,SHSE.601086,,SH,A股-上交所,2025-11-28,10.25,10.72,10.2,10.56,10.55,18355900,192710568.0,0.0948,2.7561,1,0,none,baostock,query_history_k_data_plus
601086,SHSE.601086,,SH,A股-上交所,2025-12-01,10.59,10.8,10.52,10.65,10.56,17319016,184856000.0,0.8523,2.6005,1,0,none,baostock,query_history_k_data_plus
601086,SHSE.601086,,SH,A股-上交所,2025-12-02,10.55,10.76,10.47,10.53,10.65,14372900,152230308.0,-1.1268,2.1581,1,0,none,baostock,query_history_k_data_plus
601086,SHSE.601086,,SH,A股-上交所,2025-12-03,10.42,10.5,10.26,10.35,10.53,12918800,133535647.0,-1.7094,1.9398,1,0,none,baostock,query_history_k_data_plus
601086,SHSE.601086,,SH,A股-上交所,2025-12-04,10.3,10.35,10.2,10.2,10.35,8314900,85242445.0,-1.4493,1.2485,1,0,none,baostock,query_history_k_data_plus
601086,SHSE.601086,,SH,A股-上交所,2025-12-05,10.18,10.28,10.13,10.25,10.2,7352500,75161709.0,0.4902,1.104,1,0,none,baostock,query_history_k_data_plus
601086,SHSE.601086,,SH,A股-上交所,2025-12-08,10.22,10.5,10.2,10.41,10.25,11196360,116046531.6,1.561,1.6811,1,0,none,baostock,query_history_k_data_plus
601086,SHSE.601086,,SH,A股-上交所,2025-12-09,10.3,10.7,10.3,10.55,10.41,24562000,259156957.0,1.3449,3.688,1,0,none,baostock,query_history_k_data_plus
601086,SHSE.601086,,SH,A股-上交所,2025-12-10,10.88,11.55,10.85,10.9,10.55,45901480,510755604.83,3.3175,6.8921,1,0,none,baostock,query_history_k_data_plus
601086,SHSE.601086,,SH,A股-上交所,2025-12-11,10.79,10.84,10.25,10.37,10.9,33360777,348344590.17,-4.8624,5.0091,1,0,none,baostock,query_history_k_data_plus
601086,SHSE.601086,,SH,A股-上交所,2025-12-12,10.21,10.28,10.07,10.25,10.37,16319000,166326912.23,-1.1572,2.4503,1,0,none,baostock,query_history_k_data_plus
601086,SHSE.601086,,SH,A股-上交所,2025-12-15,10.31,10.65,10.3,10.42,10.25,21646800,226324882.0,1.6585,3.2503,1,0,none,baostock,query_history_k_data_plus
601086,SHSE.601086,,SH,A股-上交所,2025-12-16,10.32,10.84,10.3,10.54,10.42,28466000,302783576.0,1.1516,4.2742,1,0,none,baostock,query_history_k_data_plus
601086,SHSE.601086,,SH,A股-上交所,2025-12-17,10.54,10.79,10.18,10.37,10.54,23057600,240572591.0,-1.6129,3.4621,1,0,none,baostock,query_history_k_data_plus
601086,SHSE.601086,,SH,A股-上交所,2025-12-18,10.25,10.65,10.25,10.47,10.37,23209600,244358479.0,0.9643,3.4849,1,0,none,baostock,query_history_k_data_plus
601086,SHSE.601086,,SH,A股-上交所,2025-12-19,10.51,10.9,10.34,10.79,10.47,35307840,378433984.6,3.0564,5.3015,1,0,none,baostock,query_history_k_data_plus
601086,SHSE.601086,,SH,A股-上交所,2025-12-22,10.7,10.83,10.61,10.71,10.79,19496500,208484197.0,-0.7414,2.9274,1,0,none,baostock,query_history_k_data_plus
601086,SHSE.601086,,SH,A股-上交所,2025-12-23,10.62,10.73,10.41,10.58,10.71,18849400,198709149.0,-1.2138,2.8302,1,0,none,baostock,query_history_k_data_plus
601086,SHSE.601086,,SH,A股-上交所,2025-12-24,10.5,10.65,10.45,10.6,10.58,12579700,133208868.0,0.189,1.8888,1,0,none,baostock,query_history_k_data_plus
601086,SHSE.601086,,SH,A股-上交所,2025-12-25,10.62,10.77,10.53,10.62,10.6,12729000,135130951.0,0.1887,1.9113,1,0,none,baostock,query_history_k_data_plus
601086,SHSE.601086,,SH,A股-上交所,2025-12-26,10.59,10.8,10.46,10.47,10.62,16350200,173307343.0,-1.4124,2.455,1,0,none,baostock,query_history_k_data_plus
601086,SHSE.601086,,SH,A股-上交所,2025-12-29,10.47,10.57,10.3,10.36,10.47,13333200,138494478.0,-1.0506,2.002,1,0,none,baostock,query_history_k_data_plus
601086,SHSE.601086,,SH,A股-上交所,2025-12-30,10.3,10.31,10.16,10.2,10.36,14016900,143203891.0,-1.5444,2.1046,1,0,none,baostock,query_history_k_data_plus
601086,SHSE.601086,,SH,A股-上交所,2025-12-31,10.29,10.3,10.12,10.17,10.2,9372700,95387409.0,-0.2941,1.4073,1,0,none,baostock,query_history_k_data_plus
601086,SHSE.601086,,SH,A股-上交所,2026-01-05,10.18,10.23,10.14,10.23,10.17,8997900,91736604.0,0.59,1.351,1,0,none,baostock,query_history_k_data_plus
601086,SHSE.601086,,SH,A股-上交所,2026-01-06,10.23,10.36,10.18,10.32,10.23,14169900,145644394.0,0.8798,2.1276,1,0,none,baostock,query_history_k_data_plus
601086,SHSE.601086,,SH,A股-上交所,2026-01-07,10.31,10.47,10.23,10.35,10.32,12819300,132691378.0,0.2907,1.9248,1,0,none,baostock,query_history_k_data_plus
601086,SHSE.601086,,SH,A股-上交所,2026-01-08,10.3,10.45,10.23,10.37,10.35,13434500,138633765.0,0.1932,2.0172,1,0,none,baostock,query_history_k_data_plus
601086,SHSE.601086,,SH,A股-上交所,2026-01-09,10.38,10.66,10.34,10.64,10.37,27506600,289881334.0,2.6037,4.1301,1,0,none,baostock,query_history_k_data_plus
601086,SHSE.601086,,SH,A股-上交所,2026-01-12,10.64,10.99,10.53,10.97,10.64,26451213,286497271.84,3.1015,3.9717,1,0,none,baostock,query_history_k_data_plus
601086,SHSE.601086,,SH,A股-上交所,2026-01-13,10.94,11.16,10.54,10.56,10.97,24553000,265736972.0,-3.7375,3.6866,1,0,none,baostock,query_history_k_data_plus
601086,SHSE.601086,,SH,A股-上交所,2026-01-14,10.54,10.78,10.46,10.59,10.56,17093900,181495907.0,0.2841,2.5667,1,0,none,baostock,query_history_k_data_plus
601086,SHSE.601086,,SH,A股-上交所,2026-01-15,10.59,10.7,10.32,10.39,10.59,14871600,155458933.0,-1.8886,2.233,1,0,none,baostock,query_history_k_data_plus
601086,SHSE.601086,,SH,A股-上交所,2026-01-16,10.4,10.45,10.16,10.27,10.39,16312700,167317141.0,-1.155,2.4494,1,0,none,baostock,query_history_k_data_plus
601086,SHSE.601086,,SH,A股-上交所,2026-01-19,10.25,10.49,10.23,10.43,10.27,11171300,116175133.0,1.5579,1.6774,1,0,none,baostock,query_history_k_data_plus
601086,SHSE.601086,,SH,A股-上交所,2026-01-20,10.48,10.55,10.36,10.45,10.43,11953428,124742971.32,0.1918,1.7948,1,0,none,baostock,query_history_k_data_plus
601086,SHSE.601086,,SH,A股-上交所,2026-01-21,10.36,10.45,10.25,10.32,10.45,8887000,91671545.0,-1.244,1.3344,1,0,none,baostock,query_history_k_data_plus
601086,SHSE.601086,,SH,A股-上交所,2026-01-22,10.3,10.36,10.27,10.36,10.32,8226700,84841422.0,0.3876,1.2352,1,0,none,baostock,query_history_k_data_plus
601086,SHSE.601086,,SH,A股-上交所,2026-01-23,10.35,10.53,10.32,10.5,10.36,11127300,116248549.0,1.3514,1.6708,1,0,none,baostock,query_history_k_data_plus
601086,SHSE.601086,,SH,A股-上交所,2026-01-26,10.5,10.5,10.21,10.24,10.5,13516200,139034741.0,-2.4762,2.0295,1,0,none,baostock,query_history_k_data_plus
601086,SHSE.601086,,SH,A股-上交所,2026-01-27,10.25,10.3,10.05,10.19,10.24,10116591,102637242.02,-0.4883,1.519,1,0,none,baostock,query_history_k_data_plus
601086,SHSE.601086,,SH,A股-上交所,2026-01-28,10.19,10.22,10.07,10.11,10.19,8901500,90068570.0,-0.7851,1.3366,1,0,none,baostock,query_history_k_data_plus
601086,SHSE.601086,,SH,A股-上交所,2026-01-29,10.07,10.17,9.92,10.11,10.11,9339300,94211136.0,0.0,1.4023,1,0,none,baostock,query_history_k_data_plus
601086,SHSE.601086,,SH,A股-上交所,2026-01-30,10.15,10.23,10.06,10.1,10.11,9245800,93654859.94,-0.0989,1.3883,1,0,none,baostock,query_history_k_data_plus
601086,SHSE.601086,,SH,A股-上交所,2026-02-02,10.01,10.17,9.99,10.0,10.1,8792193,88496033.79,-0.9901,1.3201,1,0,none,baostock,query_history_k_data_plus
601086,SHSE.601086,,SH,A股-上交所,2026-02-03,9.99,10.06,9.84,9.93,10.0,12014700,119034494.0,-0.7,1.804,1,0,none,baostock,query_history_k_data_plus
601086,SHSE.601086,,SH,A股-上交所,2026-02-04,9.94,10.05,9.89,10.01,9.93,8997800,89797155.0,0.8056,1.351,1,0,none,baostock,query_history_k_data_plus
601086,SHSE.601086,,SH,A股-上交所,2026-02-05,9.98,10.55,9.95,10.32,10.01,20606198,210674390.74,3.0969,3.094,1,0,none,baostock,query_history_k_data_plus
601086,SHSE.601086,,SH,A股-上交所,2026-02-06,10.17,10.18,9.9,9.96,10.32,17873000,178482671.0,-3.4884,2.6836,1,0,none,baostock,query_history_k_data_plus
601086,SHSE.601086,,SH,A股-上交所,2026-02-09,9.92,9.98,9.9,9.95,9.96,9169693,91052956.42,-0.1004,1.3768,1,0,none,baostock,query_history_k_data_plus
601086,SHSE.601086,,SH,A股-上交所,2026-02-10,9.95,9.95,9.88,9.89,9.95,6829500,67578221.0,-0.603,1.0255,1,0,none,baostock,query_history_k_data_plus
601086,SHSE.601086,,SH,A股-上交所,2026-02-11,9.89,9.89,9.83,9.84,9.89,4990913,49213115.18,-0.5056,0.7494,1,0,none,baostock,query_history_k_data_plus
601086,SHSE.601086,,SH,A股-上交所,2026-02-12,9.84,9.84,9.62,9.64,9.84,9172800,88814328.0,-2.0325,1.3773,1,0,none,baostock,query_history_k_data_plus
601086,SHSE.601086,,SH,A股-上交所,2026-02-13,9.68,9.74,9.64,9.65,9.64,4014197,38844615.93,0.1037,0.6027,1,0,none,baostock,query_history_k_data_plus
601086,SHSE.601086,,SH,A股-上交所,2026-02-24,9.66,9.7,9.55,9.7,9.65,6508297,62672357.29,0.5181,0.9772,1,0,none,baostock,query_history_k_data_plus
601086,SHSE.601086,,SH,A股-上交所,2026-02-25,9.66,9.74,9.64,9.71,9.7,5050113,49002595.23,0.1031,0.7583,1,0,none,baostock,query_history_k_data_plus
601086,SHSE.601086,,SH,A股-上交所,2026-02-26,9.73,9.73,9.56,9.58,9.71,6125600,58859305.0,-1.3388,0.9198,1,0,none,baostock,query_history_k_data_plus
601086,SHSE.601086,,SH,A股-上交所,2026-02-27,9.55,9.61,9.5,9.53,9.58,5636400,53723503.0,-0.5219,0.8463,1,0,none,baostock,query_history_k_data_plus
601086,SHSE.601086,,SH,A股-上交所,2026-03-02,9.41,9.42,9.06,9.12,9.53,10531932,96775242.24,-4.3022,1.5814,1,0,none,baostock,query_history_k_data_plus
601086,SHSE.601086,,SH,A股-上交所,2026-03-03,9.11,9.79,8.96,9.37,9.12,17498225,163307665.91,2.7412,2.6274,1,0,none,baostock,query_history_k_data_plus
601086,SHSE.601086,,SH,A股-上交所,2026-03-04,9.07,9.23,8.91,8.94,9.37,11416806,102781434.3,-4.5891,1.7142,1,0,none,baostock,query_history_k_data_plus
601086,SHSE.601086,,SH,A股-上交所,2026-03-05,8.94,9.21,8.94,9.08,8.94,9377811,85429061.31,1.566,1.4081,1,0,none,baostock,query_history_k_data_plus
601086,SHSE.601086,,SH,A股-上交所,2026-03-06,9.08,9.2,9.0,9.19,9.08,7636400,69729615.0,1.2115,1.1466,1,0,none,baostock,query_history_k_data_plus
601086,SHSE.601086,,SH,A股-上交所,2026-03-09,9.09,9.15,9.02,9.12,9.19,6146000,55810880.0,-0.7617,0.9228,1,0,none,baostock,query_history_k_data_plus
601086,SHSE.601086,,SH,A股-上交所,2026-03-10,9.17,9.21,9.14,9.2,9.12,4815600,44241754.0,0.8772,0.7231,1,0,none,baostock,query_history_k_data_plus
601086,SHSE.601086,,SH,A股-上交所,2026-03-11,9.2,9.23,9.08,9.11,9.2,5097200,46516307.0,-0.9783,0.7653,1,0,none,baostock,query_history_k_data_plus
601086,SHSE.601086,,SH,A股-上交所,2026-03-12,9.11,9.15,9.02,9.04,9.11,3954400,35842960.0,-0.7684,0.5938,1,0,none,baostock,query_history_k_data_plus
601086,SHSE.601086,,SH,A股-上交所,2026-03-13,9.02,9.08,8.93,8.94,9.04,4840700,43612387.0,-1.1062,0.7268,1,0,none,baostock,query_history_k_data_plus
601086,SHSE.601086,,SH,A股-上交所,2026-03-16,8.93,9.07,8.91,9.02,8.94,3376100,30363374.0,0.8949,0.5069,1,0,none,baostock,query_history_k_data_plus
601086,SHSE.601086,,SH,A股-上交所,2026-03-17,9.03,9.07,8.91,8.91,9.02,5196100,46699668.0,-1.2195,0.7802,1,0,none,baostock,query_history_k_data_plus
601086,SHSE.601086,,SH,A股-上交所,2026-03-18,8.91,8.93,8.77,8.93,8.91,5428293,47971307.19,0.2245,0.8151,1,0,none,baostock,query_history_k_data_plus
601086,SHSE.601086,,SH,A股-上交所,2026-03-19,8.9,8.94,8.72,8.75,8.93,5366100,47268026.0,-2.0157,0.8057,1,0,none,baostock,query_history_k_data_plus
601086,SHSE.601086,,SH,A股-上交所,2026-03-20,8.69,8.81,8.55,8.57,8.75,5434400,47081013.0,-2.0571,0.816,1,0,none,baostock,query_history_k_data_plus
601086,SHSE.601086,,SH,A股-上交所,2026-03-23,8.45,8.5,8.15,8.18,8.57,8667300,72142148.0,-4.5508,1.3014,1,0,none,baostock,query_history_k_data_plus
601086,SHSE.601086,,SH,A股-上交所,2026-03-24,8.3,8.6,8.27,8.58,8.18,11484700,96857537.01,4.89,1.7244,1,0,none,baostock,query_history_k_data_plus
601086,SHSE.601086,,SH,A股-上交所,2026-03-25,8.6,8.73,8.56,8.69,8.58,5347700,46209242.0,1.2821,0.803,1,0,none,baostock,query_history_k_data_plus
601086,SHSE.601086,,SH,A股-上交所,2026-03-26,8.68,8.93,8.6,8.72,8.69,6937497,60893514.9,0.3452,1.0417,1,0,none,baostock,query_history_k_data_plus
601086,SHSE.601086,,SH,A股-上交所,2026-03-27,8.65,8.84,8.61,8.82,8.72,4808128,42242259.68,1.1468,0.7219,1,0,none,baostock,query_history_k_data_plus
601086,SHSE.601086,,SH,A股-上交所,2026-03-30,8.77,8.88,8.74,8.86,8.82,5112500,45038695.0,0.4535,0.7676,1,0,none,baostock,query_history_k_data_plus
601086,SHSE.601086,,SH,A股-上交所,2026-03-31,8.89,8.98,8.8,8.8,8.86,5268400,46829498.0,-0.6772,0.7911,1,0,none,baostock,query_history_k_data_plus
601086,SHSE.601086,,SH,A股-上交所,2026-04-01,8.9,8.9,8.75,8.87,8.8,4835600,42648128.0,0.7955,0.7261,1,0,none,baostock,query_history_k_data_plus
601086,SHSE.601086,,SH,A股-上交所,2026-04-02,8.88,8.88,8.76,8.82,8.87,2956300,26049853.0,-0.5637,0.4439,1,0,none,baostock,query_history_k_data_plus
601086,SHSE.601086,,SH,A股-上交所,2026-04-03,8.9,8.9,8.61,8.63,8.82,4074000,35315805.0,-2.1542,0.6117,1,0,none,baostock,query_history_k_data_plus
601086,SHSE.601086,,SH,A股-上交所,2026-04-07,8.6,8.85,8.54,8.85,8.63,4922200,43117682.0,2.5492,0.7391,1,0,none,baostock,query_history_k_data_plus
601086,SHSE.601086,,SH,A股-上交所,2026-04-08,8.9,8.92,8.83,8.91,8.85,6382300,56704140.0,0.678,0.9583,1,0,none,baostock,query_history_k_data_plus
601086,SHSE.601086,,SH,A股-上交所,2026-04-09,8.85,8.89,8.7,8.72,8.91,5841100,51268184.0,-2.1324,0.877,1,0,none,baostock,query_history_k_data_plus
601086,SHSE.601086,,SH,A股-上交所,2026-04-10,8.74,8.89,8.73,8.84,8.72,4968800,43894327.0,1.3761,0.7461,1,0,none,baostock,query_history_k_data_plus
601086,SHSE.601086,,SH,A股-上交所,2026-04-13,8.8,8.85,8.77,8.85,8.84,3611400,31856773.8,0.1131,0.5423,1,0,none,baostock,query_history_k_data_plus
601086,SHSE.601086,,SH,A股-上交所,2026-04-14,8.89,8.94,8.8,8.91,8.85,5560156,49332317.91,0.678,0.8349,1,0,none,baostock,query_history_k_data_plus
601086,SHSE.601086,,SH,A股-上交所,2026-04-15,8.9,8.92,8.82,8.88,8.91,3954671,35030466.64,-0.3367,0.5938,1,0,none,baostock,query_history_k_data_plus
601086,SHSE.601086,,SH,A股-上交所,2026-04-16,8.88,9.03,8.8,9.01,8.88,7695381,68772268.23,1.464,1.1555,1,0,none,baostock,query_history_k_data_plus
601086,SHSE.601086,,SH,A股-上交所,2026-04-17,9.03,9.11,8.85,9.0,9.01,10974200,98635172.0,-0.111,1.6478,1,0,none,baostock,query_history_k_data_plus
