code,symbol,name,market,asset_type,date,open,high,low,close,preclose,volume,amount,pct_chg,turnover,trade_status,is_st,adjust,provider,source_function
601222,SHSE.601222,,SH,A股-上交所,2020-11-02,7.82,8.16,7.8,8.11,7.86,42525692,342310468.48,3.1807,2.4316,1,0,none,baostock,query_history_k_data_plus
601222,SHSE.601222,,SH,A股-上交所,2020-11-03,8.16,8.26,7.97,8.1,8.11,39120063,316221414.99,-0.1233,2.2369,1,0,none,baostock,query_history_k_data_plus
601222,SHSE.601222,,SH,A股-上交所,2020-11-04,8.07,8.16,7.99,8.05,8.1,25372660,204370668.82,-0.6173,1.4508,1,0,none,baostock,query_history_k_data_plus
601222,SHSE.601222,,SH,A股-上交所,2020-11-05,8.13,8.16,7.96,8.04,8.05,34792728,279688666.4,-0.1242,1.9894,1,0,none,baostock,query_history_k_data_plus
601222,SHSE.601222,,SH,A股-上交所,2020-11-06,8.06,8.31,8.04,8.27,8.04,57702657,472280147.67,2.8607,3.2994,1,0,none,baostock,query_history_k_data_plus
601222,SHSE.601222,,SH,A股-上交所,2020-11-09,8.29,8.33,8.13,8.19,8.27,53216285,436806628.51,-0.9674,3.0429,1,0,none,baostock,query_history_k_data_plus
601222,SHSE.601222,,SH,A股-上交所,2020-11-10,8.18,8.2,7.79,7.85,8.19,45779231,363238971.22,-4.1514,2.6176,1,0,none,baostock,query_history_k_data_plus
601222,SHSE.601222,,SH,A股-上交所,2020-11-11,7.84,7.89,7.7,7.71,7.85,21286776,165911057.28,-1.7834,1.2172,1,0,none,baostock,query_history_k_data_plus
601222,SHSE.601222,,SH,A股-上交所,2020-11-12,7.75,7.79,7.57,7.6,7.71,20506697,156982220.46,-1.4267,1.1726,1,0,none,baostock,query_history_k_data_plus
601222,SHSE.601222,,SH,A股-上交所,2020-11-13,7.64,7.67,7.56,7.62,7.6,14344222,109165770.09,0.2632,0.8202,1,0,none,baostock,query_history_k_data_plus
601222,SHSE.601222,,SH,A股-上交所,2020-11-16,7.63,7.74,7.59,7.74,7.62,15238109,116768589.95,1.5748,0.8713,1,0,none,baostock,query_history_k_data_plus
601222,SHSE.601222,,SH,A股-上交所,2020-11-17,7.75,7.77,7.34,7.43,7.74,30543543,229198959.3,-4.0052,1.7465,1,0,none,baostock,query_history_k_data_plus
601222,SHSE.601222,,SH,A股-上交所,2020-11-18,7.39,7.48,7.25,7.31,7.43,24187596,177421438.61,-1.6151,1.383,1,0,none,baostock,query_history_k_data_plus
601222,SHSE.601222,,SH,A股-上交所,2020-11-19,7.31,7.37,7.27,7.35,7.31,12796932,93891821.26,0.5472,0.7317,1,0,none,baostock,query_history_k_data_plus
601222,SHSE.601222,,SH,A股-上交所,2020-11-20,7.35,7.43,7.29,7.42,7.35,15258557,112311630.36,0.9524,0.8725,1,0,none,baostock,query_history_k_data_plus
601222,SHSE.601222,,SH,A股-上交所,2020-11-23,7.46,7.61,7.4,7.57,7.42,23113049,173704436.22,2.0216,1.3216,1,0,none,baostock,query_history_k_data_plus
601222,SHSE.601222,,SH,A股-上交所,2020-11-24,7.58,7.62,7.47,7.54,7.57,17907576,134650120.36,-0.3963,1.0239,1,0,none,baostock,query_history_k_data_plus
601222,SHSE.601222,,SH,A股-上交所,2020-11-25,7.6,7.67,7.5,7.53,7.54,18431664,139822683.33,-0.1326,1.0539,1,0,none,baostock,query_history_k_data_plus
601222,SHSE.601222,,SH,A股-上交所,2020-11-26,7.55,7.55,7.3,7.36,7.53,17819324,131292913.81,-2.2576,1.0189,1,0,none,baostock,query_history_k_data_plus
601222,SHSE.601222,,SH,A股-上交所,2020-11-27,7.35,7.41,7.25,7.39,7.36,14639636,107230524.18,0.4076,0.8371,1,0,none,baostock,query_history_k_data_plus
601222,SHSE.601222,,SH,A股-上交所,2020-11-30,7.4,7.52,7.35,7.46,7.39,16710078,124430732.24,0.9472,0.9555,1,0,none,baostock,query_history_k_data_plus
601222,SHSE.601222,,SH,A股-上交所,2020-12-01,7.45,7.51,7.38,7.49,7.46,16392676,122429127.37,0.4021,0.9373,1,0,none,baostock,query_history_k_data_plus
601222,SHSE.601222,,SH,A股-上交所,2020-12-02,7.49,7.54,7.44,7.47,7.49,9621074,71952295.91,-0.267,0.5501,1,0,none,baostock,query_history_k_data_plus
601222,SHSE.601222,,SH,A股-上交所,2020-12-03,7.49,7.49,7.31,7.36,7.47,14981078,110693785.56,-1.4726,0.8566,1,0,none,baostock,query_history_k_data_plus
601222,SHSE.601222,,SH,A股-上交所,2020-12-04,7.37,7.39,7.25,7.33,7.36,10461342,76701822.65,-0.4076,0.5982,1,0,none,baostock,query_history_k_data_plus
601222,SHSE.601222,,SH,A股-上交所,2020-12-07,7.35,7.4,7.27,7.28,7.33,13242185,97052195.58,-0.6821,0.7572,1,0,none,baostock,query_history_k_data_plus
601222,SHSE.601222,,SH,A股-上交所,2020-12-08,7.32,7.37,7.2,7.26,7.28,13823454,100618377.0,-0.2747,0.7904,1,0,none,baostock,query_history_k_data_plus
601222,SHSE.601222,,SH,A股-上交所,2020-12-09,7.26,7.29,6.92,6.94,7.26,26948641,191148807.99,-4.4077,1.5409,1,0,none,baostock,query_history_k_data_plus
601222,SHSE.601222,,SH,A股-上交所,2020-12-10,6.97,7.14,6.91,6.92,6.94,32885144,230944662.28,-0.2882,1.8804,1,0,none,baostock,query_history_k_data_plus
601222,SHSE.601222,,SH,A股-上交所,2020-12-11,6.95,7.01,6.66,6.79,6.92,38413068,262139770.69,-1.8786,2.1964,1,0,none,baostock,query_history_k_data_plus
601222,SHSE.601222,,SH,A股-上交所,2020-12-14,6.86,7.15,6.85,7.12,6.79,34593103,242954592.29,4.8601,1.978,1,0,none,baostock,query_history_k_data_plus
601222,SHSE.601222,,SH,A股-上交所,2020-12-15,7.1,7.18,7.03,7.15,7.12,21755171,154680882.3,0.4213,1.2439,1,0,none,baostock,query_history_k_data_plus
601222,SHSE.601222,,SH,A股-上交所,2020-12-16,7.18,7.34,7.15,7.24,7.15,32631456,236857463.35,1.2587,1.8658,1,0,none,baostock,query_history_k_data_plus
601222,SHSE.601222,,SH,A股-上交所,2020-12-17,7.25,7.32,7.18,7.29,7.24,26671366,193822648.68,0.6906,1.5251,1,0,none,baostock,query_history_k_data_plus
601222,SHSE.601222,,SH,A股-上交所,2020-12-18,7.33,7.49,7.29,7.45,7.29,31746940,235479314.11,2.1948,1.8153,1,0,none,baostock,query_history_k_data_plus
601222,SHSE.601222,,SH,A股-上交所,2020-12-21,7.53,7.7,7.36,7.5,7.45,48451068,363470294.79,0.6711,2.7704,1,0,none,baostock,query_history_k_data_plus
601222,SHSE.601222,,SH,A股-上交所,2020-12-22,7.5,7.5,7.07,7.13,7.5,54348916,396862322.14,-4.9333,3.1076,1,0,none,baostock,query_history_k_data_plus
601222,SHSE.601222,,SH,A股-上交所,2020-12-23,7.15,7.84,7.14,7.66,7.13,149249335,1139813159.41,7.4334,8.534,1,0,none,baostock,query_history_k_data_plus
601222,SHSE.601222,,SH,A股-上交所,2020-12-24,7.7,7.75,7.49,7.58,7.66,85994190,653969587.28,-1.0444,4.9171,1,0,none,baostock,query_history_k_data_plus
601222,SHSE.601222,,SH,A股-上交所,2020-12-25,7.52,8.12,7.49,7.96,7.58,109751589,858701656.33,5.0132,6.2755,1,0,none,baostock,query_history_k_data_plus
601222,SHSE.601222,,SH,A股-上交所,2020-12-28,8.28,8.28,7.86,8.1,7.96,111832038,901536662.18,1.7588,6.3945,1,0,none,baostock,query_history_k_data_plus
601222,SHSE.601222,,SH,A股-上交所,2020-12-29,8.02,8.02,7.5,7.56,8.1,87122631,671216105.39,-6.6667,4.9816,1,0,none,baostock,query_history_k_data_plus
601222,SHSE.601222,,SH,A股-上交所,2020-12-30,7.58,7.73,7.52,7.67,7.56,46510989,355644936.67,1.455,2.6595,1,0,none,baostock,query_history_k_data_plus
601222,SHSE.601222,,SH,A股-上交所,2020-12-31,7.67,8.12,7.63,7.92,7.67,70353862,558850229.49,3.2595,4.0228,1,0,none,baostock,query_history_k_data_plus
601222,SHSE.601222,,SH,A股-上交所,2021-01-04,7.96,8.71,7.95,8.71,7.92,104127026,885150791.84,9.9747,5.9539,1,0,none,baostock,query_history_k_data_plus
601222,SHSE.601222,,SH,A股-上交所,2021-01-05,8.83,9.24,8.75,8.87,8.71,164672436,1472315768.15,1.837,9.4159,1,0,none,baostock,query_history_k_data_plus
601222,SHSE.601222,,SH,A股-上交所,2021-01-06,8.84,9.13,8.68,8.75,8.87,94405494,833651561.35,-1.3529,5.398,1,0,none,baostock,query_history_k_data_plus
601222,SHSE.601222,,SH,A股-上交所,2021-01-07,8.91,9.45,8.91,9.29,8.75,123926292,1139699278.28,6.1714,7.086,1,0,none,baostock,query_history_k_data_plus
601222,SHSE.601222,,SH,A股-上交所,2021-01-08,9.2,9.2,8.77,8.88,9.29,85085955,761223701.23,-4.4133,4.8652,1,0,none,baostock,query_history_k_data_plus
601222,SHSE.601222,,SH,A股-上交所,2021-01-11,8.85,9.05,8.63,8.64,8.88,73718636,649014453.39,-2.7027,4.2152,1,0,none,baostock,query_history_k_data_plus
601222,SHSE.601222,,SH,A股-上交所,2021-01-12,8.61,8.84,8.54,8.62,8.64,58819471,509487899.4,-0.2315,3.3633,1,0,none,baostock,query_history_k_data_plus
601222,SHSE.601222,,SH,A股-上交所,2021-01-13,8.65,9.15,8.62,8.73,8.62,76493831,681485680.48,1.2761,4.3739,1,0,none,baostock,query_history_k_data_plus
601222,SHSE.601222,,SH,A股-上交所,2021-01-14,8.7,8.7,8.2,8.26,8.73,77445800,647707897.76,-5.3837,4.4283,1,0,none,baostock,query_history_k_data_plus
601222,SHSE.601222,,SH,A股-上交所,2021-01-15,8.32,8.68,8.21,8.39,8.26,46810292,393249256.03,1.5738,2.6766,1,0,none,baostock,query_history_k_data_plus
601222,SHSE.601222,,SH,A股-上交所,2021-01-18,8.37,8.37,8.08,8.29,8.39,44426793,366395571.6,-1.1919,2.5403,1,0,none,baostock,query_history_k_data_plus
601222,SHSE.601222,,SH,A股-上交所,2021-01-19,8.3,8.56,7.95,8.01,8.29,64781499,527692372.12,-3.3776,3.7042,1,0,none,baostock,query_history_k_data_plus
601222,SHSE.601222,,SH,A股-上交所,2021-01-20,7.98,8.12,7.91,8.08,8.01,36656937,294056869.51,0.8739,2.096,1,0,none,baostock,query_history_k_data_plus
601222,SHSE.601222,,SH,A股-上交所,2021-01-21,8.11,8.42,7.97,8.26,8.08,62281614,510472436.64,2.2277,3.5612,1,0,none,baostock,query_history_k_data_plus
601222,SHSE.601222,,SH,A股-上交所,2021-01-22,8.21,8.45,8.1,8.21,8.26,49338710,407664212.2,-0.6053,2.8211,1,0,none,baostock,query_history_k_data_plus
601222,SHSE.601222,,SH,A股-上交所,2021-01-25,8.25,8.84,8.14,8.7,8.21,89832274,768542676.43,5.9683,5.1365,1,0,none,baostock,query_history_k_data_plus
601222,SHSE.601222,,SH,A股-上交所,2021-01-26,8.58,8.62,8.15,8.3,8.7,61293916,509995659.84,-4.5977,3.5047,1,0,none,baostock,query_history_k_data_plus
601222,SHSE.601222,,SH,A股-上交所,2021-01-27,8.36,8.55,8.0,8.47,8.3,63646200,524530054.07,2.0482,3.6392,1,0,none,baostock,query_history_k_data_plus
601222,SHSE.601222,,SH,A股-上交所,2021-01-28,8.21,8.28,7.99,8.0,8.47,44943775,365414899.23,-5.549,2.5699,1,0,none,baostock,query_history_k_data_plus
601222,SHSE.601222,,SH,A股-上交所,2021-01-29,8.11,8.23,7.98,8.09,8.0,36815585,298060079.85,1.125,2.1051,1,0,none,baostock,query_history_k_data_plus
601222,SHSE.601222,,SH,A股-上交所,2021-02-01,8.02,8.03,7.28,7.28,8.09,87149835,644210648.0,-10.0124,4.9832,1,0,none,baostock,query_history_k_data_plus
601222,SHSE.601222,,SH,A股-上交所,2021-02-02,6.57,6.76,6.55,6.55,7.28,30624167,201062043.57,-10.0275,1.7511,1,0,none,baostock,query_history_k_data_plus
601222,SHSE.601222,,SH,A股-上交所,2021-02-03,6.03,6.48,6.03,6.22,6.55,115298191,714586914.87,-5.0382,6.5927,1,0,none,baostock,query_history_k_data_plus
601222,SHSE.601222,,SH,A股-上交所,2021-02-04,6.15,6.27,5.93,6.01,6.22,68707875,416654911.18,-3.3762,3.9287,1,0,none,baostock,query_history_k_data_plus
601222,SHSE.601222,,SH,A股-上交所,2021-02-05,6.02,6.06,5.41,5.71,6.01,89308620,508244857.31,-4.9917,5.1066,1,0,none,baostock,query_history_k_data_plus
601222,SHSE.601222,,SH,A股-上交所,2021-02-08,5.77,6.12,5.7,6.01,5.71,60569024,358705931.8,5.2539,3.4633,1,0,none,baostock,query_history_k_data_plus
601222,SHSE.601222,,SH,A股-上交所,2021-02-09,6.13,6.28,6.03,6.22,6.01,46587952,288473156.09,3.4942,2.6639,1,0,none,baostock,query_history_k_data_plus
601222,SHSE.601222,,SH,A股-上交所,2021-02-10,6.24,6.48,6.24,6.37,6.22,42511335,271105426.31,2.4116,2.4308,1,0,none,baostock,query_history_k_data_plus
601222,SHSE.601222,,SH,A股-上交所,2021-02-18,7.01,7.01,6.81,7.01,6.37,33591055,234322604.72,10.0471,1.9207,1,0,none,baostock,query_history_k_data_plus
601222,SHSE.601222,,SH,A股-上交所,2021-02-19,7.2,7.32,6.88,7.27,7.01,61987466,442758648.87,3.709,3.5444,1,0,none,baostock,query_history_k_data_plus
601222,SHSE.601222,,SH,A股-上交所,2021-02-22,7.28,8.0,7.21,8.0,7.27,93328790,730414323.85,10.0413,5.3365,1,0,none,baostock,query_history_k_data_plus
601222,SHSE.601222,,SH,A股-上交所,2021-02-23,8.1,8.25,7.86,7.9,8.0,64219407,513244187.4,-1.25,3.672,1,0,none,baostock,query_history_k_data_plus
601222,SHSE.601222,,SH,A股-上交所,2021-02-24,7.94,8.0,7.64,7.75,7.9,44651952,349056945.71,-1.8987,2.5532,1,0,none,baostock,query_history_k_data_plus
601222,SHSE.601222,,SH,A股-上交所,2021-02-25,7.88,7.9,7.42,7.45,7.75,41892216,316091115.38,-3.871,2.3954,1,0,none,baostock,query_history_k_data_plus
601222,SHSE.601222,,SH,A股-上交所,2021-02-26,7.32,7.47,7.22,7.28,7.45,32673104,239691064.07,-2.2819,1.8682,1,0,none,baostock,query_history_k_data_plus
601222,SHSE.601222,,SH,A股-上交所,2021-03-01,7.38,7.56,7.27,7.38,7.28,37052218,273241450.22,1.3736,2.1186,1,0,none,baostock,query_history_k_data_plus
601222,SHSE.601222,,SH,A股-上交所,2021-03-02,7.47,7.51,7.15,7.24,7.38,35004833,254612346.48,-1.897,2.0015,1,0,none,baostock,query_history_k_data_plus
601222,SHSE.601222,,SH,A股-上交所,2021-03-03,7.23,7.36,7.12,7.28,7.24,30294331,218862382.58,0.5525,1.7322,1,0,none,baostock,query_history_k_data_plus
601222,SHSE.601222,,SH,A股-上交所,2021-03-04,7.24,7.24,6.95,7.01,7.28,37113106,262785268.27,-3.7088,2.1221,1,0,none,baostock,query_history_k_data_plus
601222,SHSE.601222,,SH,A股-上交所,2021-03-05,7.01,7.09,6.83,6.89,7.01,34795182,241646850.26,-1.7118,1.9896,1,0,none,baostock,query_history_k_data_plus
601222,SHSE.601222,,SH,A股-上交所,2021-03-08,6.98,7.22,6.74,6.79,6.89,41714017,291175974.02,-1.4514,2.3852,1,0,none,baostock,query_history_k_data_plus
601222,SHSE.601222,,SH,A股-上交所,2021-03-09,6.8,6.97,6.5,6.72,6.79,46327877,312885769.73,-1.0309,2.649,1,0,none,baostock,query_history_k_data_plus
601222,SHSE.601222,,SH,A股-上交所,2021-03-10,6.87,6.93,6.65,6.73,6.72,27936756,188365764.05,0.1488,1.5974,1,0,none,baostock,query_history_k_data_plus
601222,SHSE.601222,,SH,A股-上交所,2021-03-11,6.72,6.86,6.61,6.81,6.73,32291633,218103451.1,1.1887,1.8464,1,0,none,baostock,query_history_k_data_plus
601222,SHSE.601222,,SH,A股-上交所,2021-03-12,6.8,7.19,6.71,7.16,6.81,60970295,427335986.09,5.1395,3.4862,1,0,none,baostock,query_history_k_data_plus
601222,SHSE.601222,,SH,A股-上交所,2021-03-15,7.21,7.35,7.05,7.1,7.16,48867540,351477218.0,-0.838,2.7942,1,0,none,baostock,query_history_k_data_plus
601222,SHSE.601222,,SH,A股-上交所,2021-03-16,7.14,7.35,7.06,7.3,7.1,44097282,319962013.52,2.8169,2.5214,1,0,none,baostock,query_history_k_data_plus
601222,SHSE.601222,,SH,A股-上交所,2021-03-17,7.25,7.26,7.07,7.1,7.3,32003353,227817687.39,-2.7397,1.8299,1,0,none,baostock,query_history_k_data_plus
601222,SHSE.601222,,SH,A股-上交所,2021-03-18,7.13,7.18,7.02,7.16,7.1,28245422,200712655.32,0.8451,1.6151,1,0,none,baostock,query_history_k_data_plus
601222,SHSE.601222,,SH,A股-上交所,2021-03-19,7.11,7.44,7.03,7.24,7.16,50077205,363911821.34,1.1173,2.8634,1,0,none,baostock,query_history_k_data_plus
601222,SHSE.601222,,SH,A股-上交所,2021-03-22,7.22,7.92,7.2,7.81,7.24,74479991,569330183.57,7.8729,4.2587,1,0,none,baostock,query_history_k_data_plus
601222,SHSE.601222,,SH,A股-上交所,2021-03-23,7.76,7.8,7.4,7.51,7.81,52571000,398329855.72,-3.8412,3.006,1,0,none,baostock,query_history_k_data_plus
601222,SHSE.601222,,SH,A股-上交所,2021-03-24,7.47,7.84,7.43,7.62,7.51,53945023,413995001.13,1.4647,3.0845,1,0,none,baostock,query_history_k_data_plus
601222,SHSE.601222,,SH,A股-上交所,2021-03-25,7.6,7.6,6.99,7.24,7.62,44995840,325450669.1,-4.9869,2.5728,1,0,none,baostock,query_history_k_data_plus
601222,SHSE.601222,,SH,A股-上交所,2021-03-26,7.28,7.65,7.28,7.45,7.24,44469446,332731282.2,2.9006,2.5427,1,0,none,baostock,query_history_k_data_plus
601222,SHSE.601222,,SH,A股-上交所,2021-03-29,7.51,7.55,7.24,7.28,7.45,33346182,245534562.96,-2.2819,1.9067,1,0,none,baostock,query_history_k_data_plus
601222,SHSE.601222,,SH,A股-上交所,2021-03-30,7.23,7.26,7.02,7.18,7.28,31157621,222071126.38,-1.3736,1.7816,1,0,none,baostock,query_history_k_data_plus
601222,SHSE.601222,,SH,A股-上交所,2021-03-31,7.18,7.18,7.05,7.09,7.18,20487419,145524878.67,-1.2535,1.1715,1,0,none,baostock,query_history_k_data_plus
601222,SHSE.601222,,SH,A股-上交所,2021-04-01,7.1,7.19,7.05,7.09,7.09,21916528,155623861.67,0.0,1.2532,1,0,none,baostock,query_history_k_data_plus
601222,SHSE.601222,,SH,A股-上交所,2021-04-02,7.09,7.12,6.86,6.93,7.09,28849471,200033601.78,-2.2567,1.6496,1,0,none,baostock,query_history_k_data_plus
601222,SHSE.601222,,SH,A股-上交所,2021-04-06,6.97,7.15,6.94,7.07,6.93,20241756,142918912.64,2.0202,1.1574,1,0,none,baostock,query_history_k_data_plus
601222,SHSE.601222,,SH,A股-上交所,2021-04-07,7.08,7.14,6.98,7.04,7.07,19221413,135394364.62,-0.4243,1.0991,1,0,none,baostock,query_history_k_data_plus
601222,SHSE.601222,,SH,A股-上交所,2021-04-08,7.03,7.04,6.92,6.95,7.04,16774189,116966672.1,-1.2784,0.9591,1,0,none,baostock,query_history_k_data_plus
601222,SHSE.601222,,SH,A股-上交所,2021-04-09,6.93,7.04,6.88,6.97,6.95,13783368,95822013.49,0.2878,0.7881,1,0,none,baostock,query_history_k_data_plus
601222,SHSE.601222,,SH,A股-上交所,2021-04-12,6.95,6.95,6.71,6.73,6.97,19128740,130215853.6,-3.4433,1.0938,1,0,none,baostock,query_history_k_data_plus
601222,SHSE.601222,,SH,A股-上交所,2021-04-13,6.74,6.79,6.61,6.69,6.73,12759632,85573249.51,-0.5944,0.7296,1,0,none,baostock,query_history_k_data_plus
601222,SHSE.601222,,SH,A股-上交所,2021-04-14,6.71,6.76,6.68,6.74,6.69,11099913,74525145.72,0.7474,0.6347,1,0,none,baostock,query_history_k_data_plus
601222,SHSE.601222,,SH,A股-上交所,2021-04-15,6.75,6.79,6.67,6.77,6.74,9125001,61538119.83,0.4451,0.5218,1,0,none,baostock,query_history_k_data_plus
601222,SHSE.601222,,SH,A股-上交所,2021-04-16,6.76,6.89,6.73,6.89,6.77,12984338,88490433.26,1.7725,0.7424,1,0,none,baostock,query_history_k_data_plus
601222,SHSE.601222,,SH,A股-上交所,2021-04-19,6.89,6.95,6.82,6.94,6.89,17737649,122440820.48,0.7257,1.0142,1,0,none,baostock,query_history_k_data_plus
601222,SHSE.601222,,SH,A股-上交所,2021-04-20,6.93,7.02,6.86,6.87,6.94,15641183,108587300.37,-1.0086,0.8943,1,0,none,baostock,query_history_k_data_plus
601222,SHSE.601222,,SH,A股-上交所,2021-04-21,6.86,6.88,6.7,6.72,6.87,15727514,106295442.35,-2.1834,0.8993,1,0,none,baostock,query_history_k_data_plus
601222,SHSE.601222,,SH,A股-上交所,2021-04-22,6.72,6.9,6.71,6.88,6.72,15707064,106892946.2,2.381,0.8981,1,0,none,baostock,query_history_k_data_plus
601222,SHSE.601222,,SH,A股-上交所,2021-04-23,6.86,6.86,6.53,6.54,6.88,35446633,235183826.61,-4.9419,2.0268,1,0,none,baostock,query_history_k_data_plus
601222,SHSE.601222,,SH,A股-上交所,2021-04-26,6.55,6.67,6.37,6.53,6.54,22347110,145596380.58,-0.1529,1.2778,1,0,none,baostock,query_history_k_data_plus
601222,SHSE.601222,,SH,A股-上交所,2021-04-27,6.6,6.7,6.5,6.58,6.53,17371833,114361427.54,0.7657,0.9933,1,0,none,baostock,query_history_k_data_plus
601222,SHSE.601222,,SH,A股-上交所,2021-04-28,6.54,6.86,6.54,6.82,6.58,28625497,193938054.31,3.6474,1.6368,1,0,none,baostock,query_history_k_data_plus
601222,SHSE.601222,,SH,A股-上交所,2021-04-29,6.79,6.84,6.71,6.75,6.82,19003042,128902092.33,-1.0264,1.0866,1,0,none,baostock,query_history_k_data_plus
601222,SHSE.601222,,SH,A股-上交所,2021-04-30,6.7,6.75,6.55,6.58,6.75,19096900,126316933.05,-2.5185,1.0919,1,0,none,baostock,query_history_k_data_plus
601222,SHSE.601222,,SH,A股-上交所,2021-05-06,6.58,7.01,6.55,6.88,6.58,32874757,225587267.04,4.5593,1.8798,1,0,none,baostock,query_history_k_data_plus
601222,SHSE.601222,,SH,A股-上交所,2021-05-07,6.88,6.94,6.75,6.8,6.88,17623187,120763376.98,-1.1628,1.0077,1,0,none,baostock,query_history_k_data_plus
601222,SHSE.601222,,SH,A股-上交所,2021-05-10,6.83,6.86,6.67,6.72,6.8,16563249,111527713.67,-1.1765,0.9471,1,0,none,baostock,query_history_k_data_plus
601222,SHSE.601222,,SH,A股-上交所,2021-05-11,6.71,6.8,6.66,6.76,6.72,14991678,100883340.48,0.5952,0.8572,1,0,none,baostock,query_history_k_data_plus
601222,SHSE.601222,,SH,A股-上交所,2021-05-12,6.72,6.76,6.63,6.72,6.76,13862112,92533865.19,-0.5917,0.7926,1,0,none,baostock,query_history_k_data_plus
601222,SHSE.601222,,SH,A股-上交所,2021-05-13,6.67,6.68,6.52,6.53,6.72,19337554,127511687.14,-2.8274,1.1057,1,0,none,baostock,query_history_k_data_plus
601222,SHSE.601222,,SH,A股-上交所,2021-05-14,6.55,7.08,6.53,6.97,6.53,44980599,309149341.67,6.7381,2.572,1,0,none,baostock,query_history_k_data_plus
601222,SHSE.601222,,SH,A股-上交所,2021-05-17,7.07,7.16,6.84,6.88,6.97,33612596,233626392.77,-1.2912,1.9219,1,0,none,baostock,query_history_k_data_plus
601222,SHSE.601222,,SH,A股-上交所,2021-05-18,6.84,6.9,6.76,6.77,6.88,18296734,124365271.94,-1.5988,1.0462,1,0,none,baostock,query_history_k_data_plus
601222,SHSE.601222,,SH,A股-上交所,2021-05-19,6.78,6.87,6.7,6.78,6.77,14431226,97973584.27,0.1477,0.8252,1,0,none,baostock,query_history_k_data_plus
601222,SHSE.601222,,SH,A股-上交所,2021-05-20,6.8,6.8,6.63,6.67,6.78,15514751,103785924.06,-1.6224,0.8871,1,0,none,baostock,query_history_k_data_plus
601222,SHSE.601222,,SH,A股-上交所,2021-05-21,6.7,6.89,6.7,6.75,6.67,17155139,116834801.19,1.1994,0.9809,1,0,none,baostock,query_history_k_data_plus
601222,SHSE.601222,,SH,A股-上交所,2021-05-24,6.74,6.81,6.63,6.72,6.75,11132535,74760204.48,-0.4444,0.6365,1,0,none,baostock,query_history_k_data_plus
601222,SHSE.601222,,SH,A股-上交所,2021-05-25,6.72,6.75,6.63,6.72,6.72,13638375,91195395.56,0.0,0.7798,1,0,none,baostock,query_history_k_data_plus
601222,SHSE.601222,,SH,A股-上交所,2021-05-26,6.72,6.74,6.64,6.68,6.72,15428799,103167733.28,-0.5952,0.8822,1,0,none,baostock,query_history_k_data_plus
601222,SHSE.601222,,SH,A股-上交所,2021-05-27,6.71,6.78,6.68,6.73,6.68,12979996,87470030.19,0.7485,0.7422,1,0,none,baostock,query_history_k_data_plus
601222,SHSE.601222,,SH,A股-上交所,2021-05-28,6.74,6.77,6.64,6.67,6.73,14880809,99502129.35,-0.8915,0.8509,1,0,none,baostock,query_history_k_data_plus
601222,SHSE.601222,,SH,A股-上交所,2021-05-31,6.66,6.67,6.58,6.63,6.67,19492737,128886607.18,-0.5997,1.1146,1,0,none,baostock,query_history_k_data_plus
601222,SHSE.601222,,SH,A股-上交所,2021-06-01,6.62,6.62,6.51,6.57,6.63,17565186,114990765.21,-0.905,1.0044,1,0,none,baostock,query_history_k_data_plus
601222,SHSE.601222,,SH,A股-上交所,2021-06-02,6.57,6.63,6.54,6.56,6.57,11108082,73005046.64,-0.1522,0.6352,1,0,none,baostock,query_history_k_data_plus
601222,SHSE.601222,,SH,A股-上交所,2021-06-03,6.66,6.8,6.62,6.7,6.56,30438156,204612204.74,2.1341,1.7404,1,0,none,baostock,query_history_k_data_plus
601222,SHSE.601222,,SH,A股-上交所,2021-06-04,6.66,6.68,6.55,6.58,6.7,20405613,134449785.72,-1.791,1.1668,1,0,none,baostock,query_history_k_data_plus
601222,SHSE.601222,,SH,A股-上交所,2021-06-07,6.59,6.8,6.53,6.79,6.58,29942839,200884900.05,3.1915,1.7121,1,0,none,baostock,query_history_k_data_plus
601222,SHSE.601222,,SH,A股-上交所,2021-06-08,6.76,6.88,6.65,6.67,6.79,21573176,145484194.58,-1.7673,1.2335,1,0,none,baostock,query_history_k_data_plus
601222,SHSE.601222,,SH,A股-上交所,2021-06-09,6.77,6.95,6.75,6.87,6.67,32838773,226067281.58,2.9985,1.8777,1,0,none,baostock,query_history_k_data_plus
601222,SHSE.601222,,SH,A股-上交所,2021-06-10,6.85,7.56,6.8,7.3,6.87,74790833,544139531.07,6.2591,4.2765,1,0,none,baostock,query_history_k_data_plus
601222,SHSE.601222,,SH,A股-上交所,2021-06-11,7.6,7.84,7.31,7.45,7.3,94571474,715296380.68,2.0548,5.4075,1,0,none,baostock,query_history_k_data_plus
601222,SHSE.601222,,SH,A股-上交所,2021-06-15,7.48,7.72,7.4,7.52,7.45,62639842,473893423.11,0.9396,3.5817,1,0,none,baostock,query_history_k_data_plus
601222,SHSE.601222,,SH,A股-上交所,2021-06-16,7.44,7.46,7.13,7.19,7.52,45728230,331972716.7,-4.3883,2.6147,1,0,none,baostock,query_history_k_data_plus
601222,SHSE.601222,,SH,A股-上交所,2021-06-17,7.14,7.29,7.1,7.16,7.19,28960352,208100297.06,-0.4172,1.6559,1,0,none,baostock,query_history_k_data_plus
601222,SHSE.601222,,SH,A股-上交所,2021-06-18,7.15,7.51,7.12,7.43,7.16,37968301,279762273.26,3.7709,2.171,1,0,none,baostock,query_history_k_data_plus
601222,SHSE.601222,,SH,A股-上交所,2021-06-21,7.52,7.6,7.37,7.46,7.43,39303843,293352928.98,0.4038,2.2474,1,0,none,baostock,query_history_k_data_plus
601222,SHSE.601222,,SH,A股-上交所,2021-06-22,7.48,7.76,7.41,7.75,7.46,49819382,379849415.89,3.8874,2.8486,1,0,none,baostock,query_history_k_data_plus
601222,SHSE.601222,,SH,A股-上交所,2021-06-23,7.78,7.97,7.58,7.68,7.75,46106725,354747306.54,-0.9032,2.6363,1,0,none,baostock,query_history_k_data_plus
601222,SHSE.601222,,SH,A股-上交所,2021-06-24,7.88,8.45,7.88,8.45,7.68,121260825,1003100601.09,10.026,6.9336,1,0,none,baostock,query_history_k_data_plus
601222,SHSE.601222,,SH,A股-上交所,2021-06-25,8.7,8.7,8.19,8.23,8.45,112671718,945260501.63,-2.6036,6.4425,1,0,none,baostock,query_history_k_data_plus
601222,SHSE.601222,,SH,A股-上交所,2021-06-28,8.24,8.31,8.06,8.19,8.23,55880258,456429282.92,-0.486,3.1952,1,0,none,baostock,query_history_k_data_plus
601222,SHSE.601222,,SH,A股-上交所,2021-06-29,8.11,8.32,7.92,7.98,8.19,52451206,421540599.06,-2.5641,2.9991,1,0,none,baostock,query_history_k_data_plus
601222,SHSE.601222,,SH,A股-上交所,2021-06-30,8.05,8.39,7.94,8.29,7.98,53202635,438718503.59,3.8847,3.0421,1,0,none,baostock,query_history_k_data_plus
601222,SHSE.601222,,SH,A股-上交所,2021-07-01,8.4,8.73,8.07,8.11,8.29,68613336,571851792.36,-2.1713,3.9233,1,0,none,baostock,query_history_k_data_plus
601222,SHSE.601222,,SH,A股-上交所,2021-07-02,8.0,8.07,7.67,7.92,8.11,54956780,432350463.01,-2.3428,3.1424,1,0,none,baostock,query_history_k_data_plus
601222,SHSE.601222,,SH,A股-上交所,2021-07-05,7.89,8.01,7.75,7.9,7.92,34031528,267737489.59,-0.2525,1.9459,1,0,none,baostock,query_history_k_data_plus
601222,SHSE.601222,,SH,A股-上交所,2021-07-06,7.9,7.97,7.74,7.85,7.9,28767884,225330440.79,-0.6329,1.6449,1,0,none,baostock,query_history_k_data_plus
601222,SHSE.601222,,SH,A股-上交所,2021-07-07,7.79,8.07,7.75,8.0,7.85,40323966,320086547.83,1.9108,2.3057,1,0,none,baostock,query_history_k_data_plus
601222,SHSE.601222,,SH,A股-上交所,2021-07-08,8.04,8.4,8.04,8.26,8.0,53470307,441528880.82,3.25,3.0574,1,0,none,baostock,query_history_k_data_plus
601222,SHSE.601222,,SH,A股-上交所,2021-07-09,8.11,8.35,8.01,8.27,8.16,43287116,355798897.18,1.348,2.4751,1,0,none,baostock,query_history_k_data_plus
601222,SHSE.601222,,SH,A股-上交所,2021-07-12,8.45,8.46,8.19,8.23,8.27,45063120,374449548.05,-0.4837,2.5767,1,0,none,baostock,query_history_k_data_plus
601222,SHSE.601222,,SH,A股-上交所,2021-07-13,8.28,9.0,8.27,8.78,8.23,74218190,644839414.43,6.6829,4.2437,1,0,none,baostock,query_history_k_data_plus
601222,SHSE.601222,,SH,A股-上交所,2021-07-14,8.76,8.84,8.45,8.48,8.78,55694717,479595872.84,-3.4169,3.1846,1,0,none,baostock,query_history_k_data_plus
601222,SHSE.601222,,SH,A股-上交所,2021-07-15,8.48,9.07,8.31,9.0,8.48,71817415,630340337.51,6.1321,4.1065,1,0,none,baostock,query_history_k_data_plus
601222,SHSE.601222,,SH,A股-上交所,2021-07-16,9.11,9.37,8.93,8.99,9.0,66961764,612170326.87,-0.1111,3.8288,1,0,none,baostock,query_history_k_data_plus
601222,SHSE.601222,,SH,A股-上交所,2021-07-19,9.4,9.77,9.06,9.19,8.99,86425332,809732818.07,2.2247,4.9417,1,0,none,baostock,query_history_k_data_plus
601222,SHSE.601222,,SH,A股-上交所,2021-07-20,9.0,9.26,8.95,9.0,9.19,57462893,521885107.99,-2.0675,3.2857,1,0,none,baostock,query_history_k_data_plus
601222,SHSE.601222,,SH,A股-上交所,2021-07-21,9.05,9.28,8.86,9.24,9.0,69200147,630028926.14,2.6667,3.9568,1,0,none,baostock,query_history_k_data_plus
601222,SHSE.601222,,SH,A股-上交所,2021-07-22,9.22,9.49,9.13,9.29,9.24,57548603,535146671.07,0.5411,3.2906,1,0,none,baostock,query_history_k_data_plus
601222,SHSE.601222,,SH,A股-上交所,2021-07-23,9.24,10.22,9.08,9.86,9.29,104587333,1005828026.07,6.1356,5.9802,1,0,none,baostock,query_history_k_data_plus
601222,SHSE.601222,,SH,A股-上交所,2021-07-26,10.03,10.5,9.88,10.24,9.86,104362148,1061341114.78,3.854,5.9673,1,0,none,baostock,query_history_k_data_plus
601222,SHSE.601222,,SH,A股-上交所,2021-07-27,10.21,10.33,9.38,9.41,10.24,83406616,825293924.28,-8.1055,4.7691,1,0,none,baostock,query_history_k_data_plus
601222,SHSE.601222,,SH,A股-上交所,2021-07-28,9.21,9.55,8.74,9.26,9.41,70005863,641243287.33,-1.594,4.0029,1,0,none,baostock,query_history_k_data_plus
601222,SHSE.601222,,SH,A股-上交所,2021-07-29,9.44,10.02,9.31,9.99,9.26,73330891,712408765.36,7.8834,4.193,1,0,none,baostock,query_history_k_data_plus
601222,SHSE.601222,,SH,A股-上交所,2021-07-30,10.23,10.99,10.0,10.99,9.99,169087031,1819166547.82,10.01,9.6682,1,0,none,baostock,query_history_k_data_plus
601222,SHSE.601222,,SH,A股-上交所,2021-08-02,11.29,11.46,10.55,10.97,10.99,140887281,1541935917.95,-0.182,8.0558,1,0,none,baostock,query_history_k_data_plus
601222,SHSE.601222,,SH,A股-上交所,2021-08-03,10.9,11.66,10.71,11.02,10.97,120224841,1350051579.03,0.4558,6.8744,1,0,none,baostock,query_history_k_data_plus
601222,SHSE.601222,,SH,A股-上交所,2021-08-04,10.7,12.12,10.7,12.12,11.02,149855036,1751715485.42,9.9819,8.5686,1,0,none,baostock,query_history_k_data_plus
601222,SHSE.601222,,SH,A股-上交所,2021-08-05,12.0,12.04,11.58,11.68,12.12,122031547,1437324681.2,-3.6304,6.9777,1,0,none,baostock,query_history_k_data_plus
601222,SHSE.601222,,SH,A股-上交所,2021-08-06,11.5,11.98,11.33,11.61,11.68,94977826,1105669241.46,-0.5993,5.4307,1,0,none,baostock,query_history_k_data_plus
601222,SHSE.601222,,SH,A股-上交所,2021-08-09,11.67,11.69,10.88,11.18,11.61,93333557,1041596307.98,-3.7037,5.3367,1,0,none,baostock,query_history_k_data_plus
601222,SHSE.601222,,SH,A股-上交所,2021-08-10,11.07,11.68,10.99,11.28,11.18,87821046,998576045.4,0.8945,5.0215,1,0,none,baostock,query_history_k_data_plus
601222,SHSE.601222,,SH,A股-上交所,2021-08-11,11.33,12.35,11.0,12.01,11.28,123708569,1452599739.22,6.4716,7.0735,1,0,none,baostock,query_history_k_data_plus
601222,SHSE.601222,,SH,A股-上交所,2021-08-12,11.97,11.97,11.57,11.62,12.01,85682936,1005292431.33,-3.2473,4.7771,1,0,none,baostock,query_history_k_data_plus
601222,SHSE.601222,,SH,A股-上交所,2021-08-13,11.38,11.49,11.05,11.13,11.62,77671910,873321606.77,-4.2169,4.3305,1,0,none,baostock,query_history_k_data_plus
601222,SHSE.601222,,SH,A股-上交所,2021-08-16,11.08,11.08,10.72,10.87,11.13,73284748,798948815.68,-2.336,4.0859,1,0,none,baostock,query_history_k_data_plus
601222,SHSE.601222,,SH,A股-上交所,2021-08-17,10.93,11.1,10.14,10.25,10.87,85041154,899670745.59,-5.7038,4.7414,1,0,none,baostock,query_history_k_data_plus
601222,SHSE.601222,,SH,A股-上交所,2021-08-18,10.35,10.39,9.86,10.21,10.25,62947321,638278749.05,-0.3902,3.5095,1,0,none,baostock,query_history_k_data_plus
601222,SHSE.601222,,SH,A股-上交所,2021-08-19,10.24,10.6,10.08,10.41,10.21,59760173,619853297.75,1.9589,3.3319,1,0,none,baostock,query_history_k_data_plus
601222,SHSE.601222,,SH,A股-上交所,2021-08-20,10.39,10.65,10.11,10.59,10.41,49289029,515189354.78,1.7291,2.748,1,0,none,baostock,query_history_k_data_plus
601222,SHSE.601222,,SH,A股-上交所,2021-08-23,10.55,10.76,10.38,10.58,10.59,57427126,605545221.52,-0.0944,3.2018,1,0,none,baostock,query_history_k_data_plus
601222,SHSE.601222,,SH,A股-上交所,2021-08-24,10.59,11.01,10.4,10.92,10.58,69315385,745467500.78,3.2136,3.8646,1,0,none,baostock,query_history_k_data_plus
601222,SHSE.601222,,SH,A股-上交所,2021-08-25,10.75,11.25,10.6,11.09,10.92,62857563,685166173.19,1.5568,3.5045,1,0,none,baostock,query_history_k_data_plus
601222,SHSE.601222,,SH,A股-上交所,2021-08-26,10.96,11.2,10.61,10.62,11.09,53565378,585460391.64,-4.2381,2.9865,1,0,none,baostock,query_history_k_data_plus
601222,SHSE.601222,,SH,A股-上交所,2021-08-27,10.63,10.78,10.08,10.33,10.62,74134442,768152087.13,-2.7307,4.1333,1,0,none,baostock,query_history_k_data_plus
601222,SHSE.601222,,SH,A股-上交所,2021-08-30,10.25,11.12,10.02,11.04,10.33,99000836,1069653679.11,6.8732,5.5197,1,0,none,baostock,query_history_k_data_plus
601222,SHSE.601222,,SH,A股-上交所,2021-08-31,11.1,11.88,10.91,11.42,11.04,113674258,1300488110.45,3.442,6.3378,1,0,none,baostock,query_history_k_data_plus
601222,SHSE.601222,,SH,A股-上交所,2021-09-01,11.37,12.5,11.37,11.63,11.42,145807931,1736291857.85,1.8389,8.1293,1,0,none,baostock,query_history_k_data_plus
601222,SHSE.601222,,SH,A股-上交所,2021-09-02,11.63,12.79,11.59,12.79,11.63,71437036,894752967.32,9.9742,3.9829,1,0,none,baostock,query_history_k_data_plus
601222,SHSE.601222,,SH,A股-上交所,2021-09-03,13.5,14.07,13.08,13.69,12.79,284898368,3924846617.33,7.0367,15.8841,1,0,none,baostock,query_history_k_data_plus
601222,SHSE.601222,,SH,A股-上交所,2021-09-06,13.35,14.08,12.73,13.18,13.69,202120095,2700837476.52,-3.7253,11.2689,1,0,none,baostock,query_history_k_data_plus
601222,SHSE.601222,,SH,A股-上交所,2021-09-07,13.15,13.35,12.44,12.93,13.18,168516553,2158928831.51,-1.8968,9.3954,1,0,none,baostock,query_history_k_data_plus
601222,SHSE.601222,,SH,A股-上交所,2021-09-08,13.3,13.47,12.23,12.26,12.93,185146710,2352862719.63,-5.1817,10.3226,1,0,none,baostock,query_history_k_data_plus
601222,SHSE.601222,,SH,A股-上交所,2021-09-09,12.15,12.36,11.74,12.02,12.26,111123262,1333402863.32,-1.9576,5.962,1,0,none,baostock,query_history_k_data_plus
601222,SHSE.601222,,SH,A股-上交所,2021-09-10,12.02,12.16,11.59,12.08,12.02,103420950,1233935671.84,0.4992,5.4764,1,0,none,baostock,query_history_k_data_plus
601222,SHSE.601222,,SH,A股-上交所,2021-09-13,12.1,12.12,11.63,11.77,12.08,81919870,967044606.54,-2.5662,4.3379,1,0,none,baostock,query_history_k_data_plus
601222,SHSE.601222,,SH,A股-上交所,2021-09-14,11.69,12.46,11.63,12.44,11.77,125288546,1516894077.49,5.6924,6.6344,1,0,none,baostock,query_history_k_data_plus
601222,SHSE.601222,,SH,A股-上交所,2021-09-15,12.31,12.9,12.2,12.76,12.44,145674559,1842787087.34,2.5723,7.7139,1,0,none,baostock,query_history_k_data_plus
601222,SHSE.601222,,SH,A股-上交所,2021-09-16,12.5,12.5,11.61,11.63,12.76,118132412,1427406829.7,-8.8558,6.2554,1,0,none,baostock,query_history_k_data_plus
601222,SHSE.601222,,SH,A股-上交所,2021-09-17,11.55,12.15,11.2,11.79,11.63,92715760,1090946328.96,1.3758,4.9096,1,0,none,baostock,query_history_k_data_plus
601222,SHSE.601222,,SH,A股-上交所,2021-09-22,11.64,12.97,11.62,12.97,11.79,188037864,2406732894.71,10.0085,9.6287,1,0,none,baostock,query_history_k_data_plus
601222,SHSE.601222,,SH,A股-上交所,2021-09-23,13.48,13.93,12.82,12.85,12.97,269144656,3597299397.35,-0.9252,13.7819,1,0,none,baostock,query_history_k_data_plus
601222,SHSE.601222,,SH,A股-上交所,2021-09-24,13.12,13.41,12.28,12.86,12.85,148398568,1911420118.32,0.0778,7.599,1,0,none,baostock,query_history_k_data_plus
601222,SHSE.601222,,SH,A股-上交所,2021-09-27,13.31,13.4,12.36,13.08,12.86,179074066,2325231886.82,1.7107,8.9716,1,0,none,baostock,query_history_k_data_plus
601222,SHSE.601222,,SH,A股-上交所,2021-09-28,13.0,14.11,12.8,14.1,13.08,230378568,3119210115.21,7.7982,11.5419,1,0,none,baostock,query_history_k_data_plus
601222,SHSE.601222,,SH,A股-上交所,2021-09-29,13.52,13.96,12.69,12.69,14.1,188123022,2515268373.72,-10.0,9.4249,1,0,none,baostock,query_history_k_data_plus
601222,SHSE.601222,,SH,A股-上交所,2021-09-30,12.3,12.78,11.42,12.4,12.69,188514297,2271493199.92,-2.2853,9.1504,1,0,none,baostock,query_history_k_data_plus
601222,SHSE.601222,,SH,A股-上交所,2021-10-08,12.42,12.42,11.16,11.45,12.4,121805152,1421283023.52,-7.6613,5.9124,1,0,none,baostock,query_history_k_data_plus
601222,SHSE.601222,,SH,A股-上交所,2021-10-11,11.39,11.5,10.45,10.55,11.45,129841550,1409263919.39,-7.8603,6.3025,1,0,none,baostock,query_history_k_data_plus
601222,SHSE.601222,,SH,A股-上交所,2021-10-12,10.55,10.6,9.67,9.86,10.55,119688335,1201174815.43,-6.5403,5.8096,1,0,none,baostock,query_history_k_data_plus
601222,SHSE.601222,,SH,A股-上交所,2021-10-13,9.88,10.19,9.45,10.06,9.86,111269698,1090573233.33,2.0284,5.401,1,0,none,baostock,query_history_k_data_plus
601222,SHSE.601222,,SH,A股-上交所,2021-10-14,9.93,10.58,9.71,10.18,10.06,99859400,1016572751.95,1.1928,4.8471,1,0,none,baostock,query_history_k_data_plus
601222,SHSE.601222,,SH,A股-上交所,2021-10-15,10.05,10.38,9.95,10.25,10.18,70500781,717214655.63,0.6876,3.4221,1,0,none,baostock,query_history_k_data_plus
601222,SHSE.601222,,SH,A股-上交所,2021-10-18,10.2,10.73,10.17,10.65,10.25,81932272,855240026.43,3.9024,3.977,1,0,none,baostock,query_history_k_data_plus
601222,SHSE.601222,,SH,A股-上交所,2021-10-19,10.98,11.25,10.75,10.78,10.65,108105983,1186014880.14,1.2207,5.2474,1,0,none,baostock,query_history_k_data_plus
601222,SHSE.601222,,SH,A股-上交所,2021-10-20,10.55,11.2,10.55,10.98,10.78,79032273,870192049.54,1.8553,3.8362,1,0,none,baostock,query_history_k_data_plus
601222,SHSE.601222,,SH,A股-上交所,2021-10-21,10.85,11.19,10.64,10.9,10.98,64963814,709137278.86,-0.7286,3.1533,1,0,none,baostock,query_history_k_data_plus
601222,SHSE.601222,,SH,A股-上交所,2021-10-22,10.93,11.08,10.63,10.67,10.9,59518485,643348433.96,-2.1101,2.889,1,0,none,baostock,query_history_k_data_plus
601222,SHSE.601222,,SH,A股-上交所,2021-10-25,10.85,11.45,10.8,11.29,10.67,100029486,1125215038.56,5.8107,4.8554,1,0,none,baostock,query_history_k_data_plus
601222,SHSE.601222,,SH,A股-上交所,2021-10-26,11.45,11.63,11.2,11.31,11.29,78146168,891278282.62,0.1771,3.7932,1,0,none,baostock,query_history_k_data_plus
601222,SHSE.601222,,SH,A股-上交所,2021-10-27,11.35,11.88,11.21,11.77,11.31,99489788,1152400775.4,4.0672,4.8292,1,0,none,baostock,query_history_k_data_plus
601222,SHSE.601222,,SH,A股-上交所,2021-10-28,11.45,11.64,10.95,11.3,11.77,97507915,1103242211.58,-3.9932,4.733,1,0,none,baostock,query_history_k_data_plus
601222,SHSE.601222,,SH,A股-上交所,2021-10-29,11.25,11.44,10.74,11.29,11.3,77465076,858837084.53,-0.0885,3.7601,1,0,none,baostock,query_history_k_data_plus
601222,SHSE.601222,,SH,A股-上交所,2021-11-01,11.13,12.09,11.11,11.94,11.29,111059775,1298080404.65,5.7573,5.3908,1,0,none,baostock,query_history_k_data_plus
601222,SHSE.601222,,SH,A股-上交所,2021-11-02,11.8,12.05,11.3,11.72,11.94,86973315,1019960579.17,-1.8425,4.2217,1,0,none,baostock,query_history_k_data_plus
601222,SHSE.601222,,SH,A股-上交所,2021-11-03,11.61,11.83,11.15,11.31,11.72,66847536,763186513.73,-3.4983,3.2448,1,0,none,baostock,query_history_k_data_plus
601222,SHSE.601222,,SH,A股-上交所,2021-11-04,11.35,12.08,11.34,11.9,11.31,95754000,1130278501.48,5.2166,4.6479,1,0,none,baostock,query_history_k_data_plus
601222,SHSE.601222,,SH,A股-上交所,2021-11-05,11.8,11.85,11.17,11.26,11.9,85698464,980519973.37,-5.3782,4.1598,1,0,none,baostock,query_history_k_data_plus
601222,SHSE.601222,,SH,A股-上交所,2021-11-08,11.09,11.32,10.94,11.2,11.26,50135004,555691835.91,-0.5329,2.4335,1,0,none,baostock,query_history_k_data_plus
601222,SHSE.601222,,SH,A股-上交所,2021-11-09,11.6,12.08,11.34,11.38,11.2,105480222,1232733470.59,1.6071,5.12,1,0,none,baostock,query_history_k_data_plus
601222,SHSE.601222,,SH,A股-上交所,2021-11-10,11.28,11.37,10.66,11.15,11.38,87875690,962781542.27,-2.0211,4.2655,1,0,none,baostock,query_history_k_data_plus
601222,SHSE.601222,,SH,A股-上交所,2021-11-11,11.0,11.22,10.81,11.0,11.15,50661307,557882809.87,-1.3453,2.4591,1,0,none,baostock,query_history_k_data_plus
601222,SHSE.601222,,SH,A股-上交所,2021-11-12,10.99,11.28,10.89,11.15,11.0,53458428,595582510.66,1.3636,2.5949,1,0,none,baostock,query_history_k_data_plus
601222,SHSE.601222,,SH,A股-上交所,2021-11-15,11.12,11.52,11.01,11.23,11.15,63248562,713164067.24,0.7175,3.0701,1,0,none,baostock,query_history_k_data_plus
601222,SHSE.601222,,SH,A股-上交所,2021-11-16,11.11,11.2,10.77,10.86,11.23,55171431,601872718.13,-3.2947,2.678,1,0,none,baostock,query_history_k_data_plus
601222,SHSE.601222,,SH,A股-上交所,2021-11-17,10.85,11.05,10.6,10.96,10.86,45681746,494229917.72,0.9208,2.2174,1,0,none,baostock,query_history_k_data_plus
601222,SHSE.601222,,SH,A股-上交所,2021-11-18,11.03,11.35,10.87,11.14,10.96,65348250,727306492.22,1.6423,3.172,1,0,none,baostock,query_history_k_data_plus
601222,SHSE.601222,,SH,A股-上交所,2021-11-19,11.2,11.78,11.01,11.57,11.14,90512944,1034585391.13,3.86,4.3935,1,0,none,baostock,query_history_k_data_plus
601222,SHSE.601222,,SH,A股-上交所,2021-11-22,11.72,11.95,11.48,11.83,11.57,87215323,1022509454.11,2.2472,4.2334,1,0,none,baostock,query_history_k_data_plus
601222,SHSE.601222,,SH,A股-上交所,2021-11-23,11.7,12.14,11.66,11.78,11.83,71982998,855917718.94,-0.4227,3.494,1,0,none,baostock,query_history_k_data_plus
601222,SHSE.601222,,SH,A股-上交所,2021-11-24,11.68,11.8,11.08,11.23,11.78,88171886,999322605.67,-4.6689,4.2798,1,0,none,baostock,query_history_k_data_plus
601222,SHSE.601222,,SH,A股-上交所,2021-11-25,11.26,11.45,11.09,11.36,11.23,48713420,549983680.94,1.1576,2.3645,1,0,none,baostock,query_history_k_data_plus
601222,SHSE.601222,,SH,A股-上交所,2021-11-26,11.21,11.33,11.07,11.1,11.36,47708109,533014031.6,-2.2887,2.3157,1,0,none,baostock,query_history_k_data_plus
601222,SHSE.601222,,SH,A股-上交所,2021-11-29,10.9,12.21,10.85,12.03,11.1,202178719,2403072463.12,8.3784,9.8137,1,0,none,baostock,query_history_k_data_plus
601222,SHSE.601222,,SH,A股-上交所,2021-11-30,12.1,12.76,11.95,12.44,12.03,187134076,2325768035.73,3.4081,9.0834,1,0,none,baostock,query_history_k_data_plus
601222,SHSE.601222,,SH,A股-上交所,2021-12-01,12.69,12.88,12.19,12.59,12.44,116151755,1449727504.71,1.2058,5.638,1,0,none,baostock,query_history_k_data_plus
601222,SHSE.601222,,SH,A股-上交所,2021-12-02,12.49,12.55,12.12,12.23,12.59,78140157,959371926.7,-2.8594,3.7929,1,0,none,baostock,query_history_k_data_plus
601222,SHSE.601222,,SH,A股-上交所,2021-12-03,12.25,12.93,12.1,12.84,12.23,108344220,1366169534.61,4.9877,5.259,1,0,none,baostock,query_history_k_data_plus
601222,SHSE.601222,,SH,A股-上交所,2021-12-06,12.86,13.02,12.31,12.39,12.84,76749515,972086284.4,-3.5047,3.7254,1,0,none,baostock,query_history_k_data_plus
601222,SHSE.601222,,SH,A股-上交所,2021-12-07,12.36,12.55,11.86,12.24,12.39,65023749,791549776.45,-1.2107,3.1562,1,0,none,baostock,query_history_k_data_plus
601222,SHSE.601222,,SH,A股-上交所,2021-12-08,12.25,12.72,12.09,12.67,12.24,70168114,873741167.1,3.5131,3.4059,1,0,none,baostock,query_history_k_data_plus
601222,SHSE.601222,,SH,A股-上交所,2021-12-09,12.61,12.68,12.34,12.4,12.67,43563260,542597023.71,-2.131,2.1145,1,0,none,baostock,query_history_k_data_plus
601222,SHSE.601222,,SH,A股-上交所,2021-12-10,12.27,12.65,12.1,12.31,12.4,52426952,648475913.42,-0.7258,2.5448,1,0,none,baostock,query_history_k_data_plus
601222,SHSE.601222,,SH,A股-上交所,2021-12-13,12.35,12.96,12.31,12.7,12.31,82679235,1053164611.9,3.1682,4.0132,1,0,none,baostock,query_history_k_data_plus
601222,SHSE.601222,,SH,A股-上交所,2021-12-14,12.59,13.65,12.57,13.05,12.7,87789861,1151800076.42,2.7559,4.2613,1,0,none,baostock,query_history_k_data_plus
601222,SHSE.601222,,SH,A股-上交所,2021-12-15,13.0,13.8,12.68,13.28,13.05,107330735,1427782915.89,1.7625,5.2098,1,0,none,baostock,query_history_k_data_plus
601222,SHSE.601222,,SH,A股-上交所,2021-12-16,13.38,13.8,13.06,13.66,13.28,80674674,1081793102.25,2.8614,3.9159,1,0,none,baostock,query_history_k_data_plus
601222,SHSE.601222,,SH,A股-上交所,2021-12-17,13.56,14.15,13.24,13.41,13.66,100282140,1374101972.57,-1.8302,4.8677,1,0,none,baostock,query_history_k_data_plus
601222,SHSE.601222,,SH,A股-上交所,2021-12-20,13.2,13.32,12.16,12.19,13.41,104195032,1316502332.08,-9.0977,5.0576,1,0,none,baostock,query_history_k_data_plus
601222,SHSE.601222,,SH,A股-上交所,2021-12-21,12.26,12.54,11.89,12.4,12.19,61687051,752120492.49,1.7227,2.9943,1,0,none,baostock,query_history_k_data_plus
601222,SHSE.601222,,SH,A股-上交所,2021-12-22,12.38,12.56,12.2,12.23,12.4,44638998,551473695.11,-1.371,2.1668,1,0,none,baostock,query_history_k_data_plus
601222,SHSE.601222,,SH,A股-上交所,2021-12-23,12.17,13.45,12.13,13.45,12.23,130184822,1697450321.07,9.9755,6.3191,1,0,none,baostock,query_history_k_data_plus
601222,SHSE.601222,,SH,A股-上交所,2021-12-24,13.31,13.55,12.51,12.85,13.45,119601519,1556711298.35,-4.461,5.8054,1,0,none,baostock,query_history_k_data_plus
601222,SHSE.601222,,SH,A股-上交所,2021-12-27,12.75,13.05,12.19,12.68,12.85,76547345,966256446.22,-1.323,3.7156,1,0,none,baostock,query_history_k_data_plus
601222,SHSE.601222,,SH,A股-上交所,2021-12-28,12.7,12.73,11.87,12.0,12.68,97345796,1176880055.82,-5.3628,4.7251,1,0,none,baostock,query_history_k_data_plus
601222,SHSE.601222,,SH,A股-上交所,2021-12-29,12.0,12.14,11.85,12.08,12.0,41812554,502105806.27,0.6667,2.0296,1,0,none,baostock,query_history_k_data_plus
601222,SHSE.601222,,SH,A股-上交所,2021-12-30,12.07,12.18,11.89,12.0,12.08,40589242,488439831.81,-0.6623,1.9702,1,0,none,baostock,query_history_k_data_plus
601222,SHSE.601222,,SH,A股-上交所,2021-12-31,12.1,12.55,12.06,12.13,12.0,66111043,811948928.14,1.0833,3.209,1,0,none,baostock,query_history_k_data_plus
601222,SHSE.601222,,SH,A股-上交所,2022-01-04,12.1,12.28,11.82,12.0,12.13,40478286,484701551.2,-1.0717,1.9648,1,0,none,baostock,query_history_k_data_plus
601222,SHSE.601222,,SH,A股-上交所,2022-01-05,12.08,12.11,11.28,11.32,12.0,54047946,624880369.6,-5.6667,2.6235,1,0,none,baostock,query_history_k_data_plus
601222,SHSE.601222,,SH,A股-上交所,2022-01-06,11.27,11.59,11.14,11.45,11.32,32700639,371880041.33,1.1484,1.5873,1,0,none,baostock,query_history_k_data_plus
601222,SHSE.601222,,SH,A股-上交所,2022-01-07,11.45,11.58,11.0,11.01,11.45,38523475,432666202.07,-3.8428,1.8699,1,0,none,baostock,query_history_k_data_plus
601222,SHSE.601222,,SH,A股-上交所,2022-01-10,11.01,11.13,10.71,10.78,11.01,50350037,546815173.19,-2.089,2.444,1,0,none,baostock,query_history_k_data_plus
601222,SHSE.601222,,SH,A股-上交所,2022-01-11,10.83,10.94,10.45,10.58,10.78,50629942,537809262.12,-1.8553,2.4576,1,0,none,baostock,query_history_k_data_plus
601222,SHSE.601222,,SH,A股-上交所,2022-01-12,10.57,10.82,10.52,10.74,10.58,33604188,358349566.09,1.5123,1.6311,1,0,none,baostock,query_history_k_data_plus
601222,SHSE.601222,,SH,A股-上交所,2022-01-13,10.7,10.78,10.53,10.53,10.74,29754350,316816308.43,-1.9553,1.4443,1,0,none,baostock,query_history_k_data_plus
601222,SHSE.601222,,SH,A股-上交所,2022-01-14,10.52,10.68,10.42,10.5,10.53,25060995,264863381.82,-0.2849,1.2165,1,0,none,baostock,query_history_k_data_plus
601222,SHSE.601222,,SH,A股-上交所,2022-01-17,10.5,10.6,10.33,10.57,10.5,25781246,270269318.48,0.6667,1.2514,1,0,none,baostock,query_history_k_data_plus
601222,SHSE.601222,,SH,A股-上交所,2022-01-18,10.57,10.86,10.43,10.82,10.57,38244768,410457900.75,2.3652,1.8564,1,0,none,baostock,query_history_k_data_plus
601222,SHSE.601222,,SH,A股-上交所,2022-01-19,10.71,10.75,10.38,10.5,10.82,29105148,307448616.94,-2.9575,1.4128,1,0,none,baostock,query_history_k_data_plus
601222,SHSE.601222,,SH,A股-上交所,2022-01-20,10.48,10.52,9.95,10.06,10.5,45573044,461677564.01,-4.1905,2.2121,1,0,none,baostock,query_history_k_data_plus
601222,SHSE.601222,,SH,A股-上交所,2022-01-21,10.07,10.19,9.88,9.9,10.06,25449484,255153545.84,-1.5905,1.2353,1,0,none,baostock,query_history_k_data_plus
601222,SHSE.601222,,SH,A股-上交所,2022-01-24,9.82,10.1,9.8,10.0,9.9,21912537,218217190.97,1.0101,1.0636,1,0,none,baostock,query_history_k_data_plus
601222,SHSE.601222,,SH,A股-上交所,2022-01-25,10.0,10.08,9.61,9.62,10.0,30372225,297333533.12,-3.8,1.4743,1,0,none,baostock,query_history_k_data_plus
601222,SHSE.601222,,SH,A股-上交所,2022-01-26,9.65,9.97,9.65,9.9,9.62,36162582,355714401.14,2.9106,1.7553,1,0,none,baostock,query_history_k_data_plus
601222,SHSE.601222,,SH,A股-上交所,2022-01-27,9.88,9.95,9.55,9.57,9.9,27356210,265506569.06,-3.3333,1.3279,1,0,none,baostock,query_history_k_data_plus
601222,SHSE.601222,,SH,A股-上交所,2022-01-28,9.56,9.71,9.2,9.48,9.57,29075207,275177960.7,-0.9404,1.4113,1,0,none,baostock,query_history_k_data_plus
601222,SHSE.601222,,SH,A股-上交所,2022-02-07,9.68,9.81,9.65,9.7,9.48,22110631,214856056.42,2.3207,1.0732,1,0,none,baostock,query_history_k_data_plus
601222,SHSE.601222,,SH,A股-上交所,2022-02-08,9.72,9.84,9.49,9.73,9.7,26669785,257342398.67,0.3093,1.2945,1,0,none,baostock,query_history_k_data_plus
601222,SHSE.601222,,SH,A股-上交所,2022-02-09,9.73,9.99,9.62,9.98,9.73,26840114,264811696.76,2.5694,1.3028,1,0,none,baostock,query_history_k_data_plus
601222,SHSE.601222,,SH,A股-上交所,2022-02-10,9.99,10.01,9.78,9.83,9.98,22917146,225766653.28,-1.503,1.1124,1,0,none,baostock,query_history_k_data_plus
601222,SHSE.601222,,SH,A股-上交所,2022-02-11,9.75,9.81,9.45,9.48,9.83,26849321,257975625.0,-3.5605,1.3033,1,0,none,baostock,query_history_k_data_plus
601222,SHSE.601222,,SH,A股-上交所,2022-02-14,9.32,9.51,9.27,9.35,9.48,16320130,153105166.16,-1.3713,0.7922,1,0,none,baostock,query_history_k_data_plus
601222,SHSE.601222,,SH,A股-上交所,2022-02-15,9.4,9.52,9.37,9.48,9.35,16414239,155243802.02,1.3904,0.7967,1,0,none,baostock,query_history_k_data_plus
601222,SHSE.601222,,SH,A股-上交所,2022-02-16,9.57,9.75,9.5,9.67,9.48,18360812,176890461.64,2.0042,0.8912,1,0,none,baostock,query_history_k_data_plus
601222,SHSE.601222,,SH,A股-上交所,2022-02-17,9.6,9.87,9.57,9.71,9.67,24084334,234445702.04,0.4137,1.169,1,0,none,baostock,query_history_k_data_plus
601222,SHSE.601222,,SH,A股-上交所,2022-02-18,9.6,9.75,9.56,9.67,9.71,14129423,136528343.61,-0.4119,0.6858,1,0,none,baostock,query_history_k_data_plus
601222,SHSE.601222,,SH,A股-上交所,2022-02-21,9.68,9.9,9.61,9.9,9.67,28033958,273747507.82,2.3785,1.3608,1,0,none,baostock,query_history_k_data_plus
601222,SHSE.601222,,SH,A股-上交所,2022-02-22,9.8,9.87,9.58,9.63,9.9,29152842,282827917.56,-2.7273,1.4151,1,0,none,baostock,query_history_k_data_plus
601222,SHSE.601222,,SH,A股-上交所,2022-02-23,9.68,10.1,9.65,10.08,9.63,44953436,446955222.6,4.6729,2.182,1,0,none,baostock,query_history_k_data_plus
601222,SHSE.601222,,SH,A股-上交所,2022-02-24,10.02,10.25,9.72,9.88,10.08,48850319,487919797.43,-1.9841,2.3712,1,0,none,baostock,query_history_k_data_plus
601222,SHSE.601222,,SH,A股-上交所,2022-02-25,9.97,10.15,9.86,10.13,9.88,44314337,444517785.99,2.5304,2.151,1,0,none,baostock,query_history_k_data_plus
601222,SHSE.601222,,SH,A股-上交所,2022-02-28,10.09,10.39,9.99,10.37,10.13,48567397,498783520.0,2.3692,2.3574,1,0,none,baostock,query_history_k_data_plus
601222,SHSE.601222,,SH,A股-上交所,2022-03-01,10.47,10.6,10.21,10.33,10.37,37761208,393233760.0,-0.3857,1.8329,1,0,none,baostock,query_history_k_data_plus
601222,SHSE.601222,,SH,A股-上交所,2022-03-02,10.29,10.47,10.16,10.38,10.33,27124365,279346672.0,0.484,1.3166,1,0,none,baostock,query_history_k_data_plus
601222,SHSE.601222,,SH,A股-上交所,2022-03-03,10.49,10.53,10.21,10.24,10.38,23729185,245176057.0,-1.3487,1.1518,1,0,none,baostock,query_history_k_data_plus
601222,SHSE.601222,,SH,A股-上交所,2022-03-04,10.12,10.24,9.96,9.98,10.24,39306186,394898288.0,-2.5391,1.9079,1,0,none,baostock,query_history_k_data_plus
601222,SHSE.601222,,SH,A股-上交所,2022-03-07,9.96,10.06,9.71,9.79,9.98,27670889,273790032.0,-1.9038,1.3431,1,0,none,baostock,query_history_k_data_plus
601222,SHSE.601222,,SH,A股-上交所,2022-03-08,9.82,9.92,9.37,9.57,9.79,36653975,354883056.0,-2.2472,1.7792,1,0,none,baostock,query_history_k_data_plus
601222,SHSE.601222,,SH,A股-上交所,2022-03-09,9.65,9.84,9.07,9.54,9.57,32964301,313735184.0,-0.3135,1.6001,1,0,none,baostock,query_history_k_data_plus
601222,SHSE.601222,,SH,A股-上交所,2022-03-10,9.78,10.17,9.69,9.94,9.54,40030172,396534832.0,4.1929,1.9431,1,0,none,baostock,query_history_k_data_plus
601222,SHSE.601222,,SH,A股-上交所,2022-03-11,9.7,9.77,9.45,9.73,9.94,32587448,313814064.0,-2.1127,1.5818,1,0,none,baostock,query_history_k_data_plus
601222,SHSE.601222,,SH,A股-上交所,2022-03-14,9.64,9.65,9.28,9.32,9.73,24613300,232897974.0,-4.2138,1.1947,1,0,none,baostock,query_history_k_data_plus
601222,SHSE.601222,,SH,A股-上交所,2022-03-15,9.29,9.3,8.48,8.49,9.32,45913645,406327440.0,-8.9056,2.2286,1,0,none,baostock,query_history_k_data_plus
601222,SHSE.601222,,SH,A股-上交所,2022-03-16,8.68,8.81,8.12,8.69,8.49,38877801,329685984.0,2.3557,1.8871,1,0,none,baostock,query_history_k_data_plus
601222,SHSE.601222,,SH,A股-上交所,2022-03-17,8.8,8.9,8.58,8.63,8.69,35914042,314660032.0,-0.6904,1.7433,1,0,none,baostock,query_history_k_data_plus
601222,SHSE.601222,,SH,A股-上交所,2022-03-18,8.64,8.89,8.57,8.86,8.63,27791525,243719886.03,2.6651,1.349,1,0,none,baostock,query_history_k_data_plus
601222,SHSE.601222,,SH,A股-上交所,2022-03-21,8.86,8.94,8.68,8.74,8.86,26409653,232202887.0,-1.3544,1.2819,1,0,none,baostock,query_history_k_data_plus
601222,SHSE.601222,,SH,A股-上交所,2022-03-22,8.88,8.92,8.64,8.69,8.74,22506302,196610373.66,-0.5721,1.0924,1,0,none,baostock,query_history_k_data_plus
601222,SHSE.601222,,SH,A股-上交所,2022-03-23,8.81,9.16,8.81,9.05,8.69,47233487,425099539.37,4.1427,2.2927,1,0,none,baostock,query_history_k_data_plus
601222,SHSE.601222,,SH,A股-上交所,2022-03-24,9.12,9.18,8.87,9.01,9.05,39967607,360889264.98,-0.442,1.94,1,0,none,baostock,query_history_k_data_plus
601222,SHSE.601222,,SH,A股-上交所,2022-03-25,9.04,9.04,8.78,8.8,9.01,21322595,189502232.24,-2.3307,1.035,1,0,none,baostock,query_history_k_data_plus
601222,SHSE.601222,,SH,A股-上交所,2022-03-28,8.7,8.92,8.6,8.82,8.8,19459010,170797472.2,0.2273,0.9445,1,0,none,baostock,query_history_k_data_plus
601222,SHSE.601222,,SH,A股-上交所,2022-03-29,8.83,8.92,8.58,8.63,8.82,20860502,181880442.3,-2.1542,1.0126,1,0,none,baostock,query_history_k_data_plus
601222,SHSE.601222,,SH,A股-上交所,2022-03-30,8.72,8.94,8.71,8.92,8.63,31583192,280182785.88,3.3604,1.533,1,0,none,baostock,query_history_k_data_plus
601222,SHSE.601222,,SH,A股-上交所,2022-03-31,8.85,8.86,8.6,8.63,8.92,28781426,250290447.43,-3.2511,1.397,1,0,none,baostock,query_history_k_data_plus
601222,SHSE.601222,,SH,A股-上交所,2022-04-01,8.56,8.72,8.5,8.61,8.63,16884946,145565811.24,-0.2317,0.8196,1,0,none,baostock,query_history_k_data_plus
601222,SHSE.601222,,SH,A股-上交所,2022-04-06,8.6,8.63,8.5,8.6,8.61,17272822,147762416.97,-0.1161,0.8384,1,0,none,baostock,query_history_k_data_plus
601222,SHSE.601222,,SH,A股-上交所,2022-04-07,8.57,8.58,8.31,8.32,8.6,22681704,191451354.13,-3.2558,1.101,1,0,none,baostock,query_history_k_data_plus
601222,SHSE.601222,,SH,A股-上交所,2022-04-08,8.32,8.37,8.11,8.26,8.32,20220837,166682358.64,-0.7212,0.9815,1,0,none,baostock,query_history_k_data_plus
601222,SHSE.601222,,SH,A股-上交所,2022-04-11,8.23,8.23,7.63,7.67,8.26,43227026,338541568.87,-7.1429,2.0982,1,0,none,baostock,query_history_k_data_plus
601222,SHSE.601222,,SH,A股-上交所,2022-04-12,7.68,7.83,7.53,7.81,7.67,25645850,196960203.51,1.8253,1.2448,1,0,none,baostock,query_history_k_data_plus
601222,SHSE.601222,,SH,A股-上交所,2022-04-13,7.74,7.78,7.58,7.59,7.81,18221636,139873284.16,-2.8169,0.8845,1,0,none,baostock,query_history_k_data_plus
601222,SHSE.601222,,SH,A股-上交所,2022-04-14,7.66,7.69,7.46,7.5,7.59,23141269,175143913.94,-1.1858,1.1233,1,0,none,baostock,query_history_k_data_plus
601222,SHSE.601222,,SH,A股-上交所,2022-04-15,7.49,7.49,7.31,7.35,7.5,21188422,156610628.65,-2.0,1.0285,1,0,none,baostock,query_history_k_data_plus
601222,SHSE.601222,,SH,A股-上交所,2022-04-18,7.25,7.53,7.18,7.46,7.35,20078674,148777973.4,1.4966,0.9746,1,0,none,baostock,query_history_k_data_plus
601222,SHSE.601222,,SH,A股-上交所,2022-04-19,7.5,7.65,7.48,7.54,7.46,19858978,149732634.56,1.0724,0.9639,1,0,none,baostock,query_history_k_data_plus
601222,SHSE.601222,,SH,A股-上交所,2022-04-20,7.52,7.56,7.3,7.33,7.54,15512209,114993338.26,-2.7851,0.753,1,0,none,baostock,query_history_k_data_plus
601222,SHSE.601222,,SH,A股-上交所,2022-04-21,7.45,7.47,6.93,6.97,7.33,28594694,203595244.52,-4.9113,1.388,1,0,none,baostock,query_history_k_data_plus
601222,SHSE.601222,,SH,A股-上交所,2022-04-22,6.97,7.08,6.82,7.02,6.97,24594750,170874976.03,0.7174,1.1938,1,0,none,baostock,query_history_k_data_plus
601222,SHSE.601222,,SH,A股-上交所,2022-04-25,6.85,6.94,6.33,6.34,7.02,46680461,307996959.1,-9.6866,2.2659,1,0,none,baostock,query_history_k_data_plus
601222,SHSE.601222,,SH,A股-上交所,2022-04-26,6.41,6.56,6.19,6.21,6.34,35809273,228580096.47,-2.0505,1.7382,1,0,none,baostock,query_history_k_data_plus
601222,SHSE.601222,,SH,A股-上交所,2022-04-27,6.14,6.7,6.14,6.68,6.21,41362176,265840800.59,7.5684,2.0077,1,0,none,baostock,query_history_k_data_plus
601222,SHSE.601222,,SH,A股-上交所,2022-04-28,6.6,6.77,6.53,6.66,6.68,29162539,193745852.53,-0.2994,1.4155,1,0,none,baostock,query_history_k_data_plus
601222,SHSE.601222,,SH,A股-上交所,2022-04-29,6.76,6.92,6.65,6.92,6.66,33533590,228471523.57,3.9039,1.6277,1,0,none,baostock,query_history_k_data_plus
601222,SHSE.601222,,SH,A股-上交所,2022-05-05,6.89,7.03,6.84,6.88,6.92,25719826,177848075.74,-0.578,1.2484,1,0,none,baostock,query_history_k_data_plus
601222,SHSE.601222,,SH,A股-上交所,2022-05-06,6.74,6.78,6.6,6.74,6.88,17587721,117922509.94,-2.0349,0.8537,1,0,none,baostock,query_history_k_data_plus
601222,SHSE.601222,,SH,A股-上交所,2022-05-09,6.73,6.84,6.69,6.8,6.74,11441477,77717715.42,0.8902,0.5554,1,0,none,baostock,query_history_k_data_plus
601222,SHSE.601222,,SH,A股-上交所,2022-05-10,6.7,7.07,6.68,7.04,6.8,27301912,189822704.12,3.5294,1.3252,1,0,none,baostock,query_history_k_data_plus
601222,SHSE.601222,,SH,A股-上交所,2022-05-11,7.1,7.6,7.08,7.3,7.04,46078219,340181201.3,3.6932,2.2366,1,0,none,baostock,query_history_k_data_plus
601222,SHSE.601222,,SH,A股-上交所,2022-05-12,7.32,7.42,7.15,7.26,7.3,25844195,188118056.86,-0.5479,1.2545,1,0,none,baostock,query_history_k_data_plus
601222,SHSE.601222,,SH,A股-上交所,2022-05-13,7.31,7.32,7.16,7.25,7.26,16175515,116911787.7,-0.1377,0.7852,1,0,none,baostock,query_history_k_data_plus
601222,SHSE.601222,,SH,A股-上交所,2022-05-16,7.3,7.35,7.05,7.16,7.25,18188678,131193929.74,-1.2414,0.8829,1,0,none,baostock,query_history_k_data_plus
601222,SHSE.601222,,SH,A股-上交所,2022-05-17,7.19,7.34,7.14,7.3,7.16,18922558,136991908.29,1.9553,0.9185,1,0,none,baostock,query_history_k_data_plus
601222,SHSE.601222,,SH,A股-上交所,2022-05-18,7.35,7.64,7.3,7.59,7.3,41368430,310554817.91,3.9726,2.008,1,0,none,baostock,query_history_k_data_plus
601222,SHSE.601222,,SH,A股-上交所,2022-05-19,7.46,7.96,7.44,7.82,7.59,61406444,473755522.34,3.0303,2.9807,1,0,none,baostock,query_history_k_data_plus
601222,SHSE.601222,,SH,A股-上交所,2022-05-20,7.97,8.05,7.79,8.02,7.82,57870591,458814811.72,2.5575,2.809,1,0,none,baostock,query_history_k_data_plus
601222,SHSE.601222,,SH,A股-上交所,2022-05-23,8.01,8.06,7.85,7.98,8.02,37725089,299498858.74,-0.4988,1.8312,1,0,none,baostock,query_history_k_data_plus
601222,SHSE.601222,,SH,A股-上交所,2022-05-24,8.1,8.2,7.7,7.7,7.98,44769704,356373696.27,-3.5088,2.1731,1,0,none,baostock,query_history_k_data_plus
601222,SHSE.601222,,SH,A股-上交所,2022-05-25,7.79,8.08,7.63,8.05,7.7,48394642,381340689.45,4.5455,2.3491,1,0,none,baostock,query_history_k_data_plus
601222,SHSE.601222,,SH,A股-上交所,2022-05-26,8.0,8.02,7.77,7.92,8.05,34764399,275229295.11,-1.6149,1.6875,1,0,none,baostock,query_history_k_data_plus
601222,SHSE.601222,,SH,A股-上交所,2022-05-27,7.96,7.97,7.71,7.78,7.92,22559323,177045073.94,-1.7677,1.095,1,0,none,baostock,query_history_k_data_plus
601222,SHSE.601222,,SH,A股-上交所,2022-05-30,7.8,7.92,7.6,7.88,7.78,34589273,267564143.43,1.2853,1.679,1,0,none,baostock,query_history_k_data_plus
601222,SHSE.601222,,SH,A股-上交所,2022-05-31,7.97,8.14,7.93,8.04,7.88,44537578,357978738.54,2.0305,2.1618,1,0,none,baostock,query_history_k_data_plus
601222,SHSE.601222,,SH,A股-上交所,2022-06-01,8.01,8.3,7.98,8.25,8.04,38461460,313677775.82,2.6119,1.8669,1,0,none,baostock,query_history_k_data_plus
601222,SHSE.601222,,SH,A股-上交所,2022-06-02,8.25,8.47,8.2,8.41,8.25,34276053,286066840.68,1.9394,1.6637,1,0,none,baostock,query_history_k_data_plus
601222,SHSE.601222,,SH,A股-上交所,2022-06-06,8.39,8.63,8.28,8.55,8.41,37014186,313534123.19,1.6647,1.7967,1,0,none,baostock,query_history_k_data_plus
601222,SHSE.601222,,SH,A股-上交所,2022-06-07,8.69,8.69,8.38,8.44,8.55,38887396,330386452.0,-1.2865,1.8876,1,0,none,baostock,query_history_k_data_plus
601222,SHSE.601222,,SH,A股-上交所,2022-06-08,8.29,8.43,8.08,8.35,8.22,47253577,391481801.93,1.5815,2.2937,1,0,none,baostock,query_history_k_data_plus
601222,SHSE.601222,,SH,A股-上交所,2022-06-09,8.35,8.4,8.06,8.07,8.35,33659259,275822154.6,-3.3533,1.6338,1,0,none,baostock,query_history_k_data_plus
601222,SHSE.601222,,SH,A股-上交所,2022-06-10,8.03,8.37,7.99,8.3,8.07,39557731,327091267.22,2.8501,1.9201,1,0,none,baostock,query_history_k_data_plus
601222,SHSE.601222,,SH,A股-上交所,2022-06-13,8.3,8.49,8.23,8.34,8.3,31886446,267014396.11,0.4819,1.5478,1,0,none,baostock,query_history_k_data_plus
601222,SHSE.601222,,SH,A股-上交所,2022-06-14,8.25,8.31,7.97,8.3,8.34,38166023,310417718.01,-0.4796,1.8526,1,0,none,baostock,query_history_k_data_plus
601222,SHSE.601222,,SH,A股-上交所,2022-06-15,8.28,8.45,8.2,8.21,8.3,32858207,273834143.59,-1.0843,1.5949,1,0,none,baostock,query_history_k_data_plus
601222,SHSE.601222,,SH,A股-上交所,2022-06-16,8.2,8.37,8.15,8.19,8.21,26868595,221554666.66,-0.2436,1.3042,1,0,none,baostock,query_history_k_data_plus
601222,SHSE.601222,,SH,A股-上交所,2022-06-17,8.12,8.46,8.09,8.43,8.19,44258645,371015416.98,2.9304,2.1483,1,0,none,baostock,query_history_k_data_plus
601222,SHSE.601222,,SH,A股-上交所,2022-06-20,8.5,8.79,8.49,8.66,8.43,41359904,358105952.66,2.7284,2.0076,1,0,none,baostock,query_history_k_data_plus
601222,SHSE.601222,,SH,A股-上交所,2022-06-21,8.69,8.72,8.45,8.55,8.66,29523300,252113842.6,-1.2702,1.4331,1,0,none,baostock,query_history_k_data_plus
601222,SHSE.601222,,SH,A股-上交所,2022-06-22,8.55,8.66,8.41,8.41,8.55,26831331,229000080.56,-1.6374,1.3024,1,0,none,baostock,query_history_k_data_plus
601222,SHSE.601222,,SH,A股-上交所,2022-06-23,8.41,8.67,8.3,8.67,8.41,35138245,299624071.12,3.0916,1.7056,1,0,none,baostock,query_history_k_data_plus
601222,SHSE.601222,,SH,A股-上交所,2022-06-24,8.72,8.8,8.6,8.64,8.67,31296801,271623027.33,-0.346,1.5191,1,0,none,baostock,query_history_k_data_plus
601222,SHSE.601222,,SH,A股-上交所,2022-06-27,8.6,8.7,8.51,8.61,8.64,35047554,300833558.12,-0.3472,1.7012,1,0,none,baostock,query_history_k_data_plus
601222,SHSE.601222,,SH,A股-上交所,2022-06-28,8.61,8.65,8.46,8.63,8.61,41215288,352657548.55,0.2323,2.0006,1,0,none,baostock,query_history_k_data_plus
601222,SHSE.601222,,SH,A股-上交所,2022-06-29,8.61,8.62,8.16,8.19,8.63,47268043,395686841.36,-5.0985,2.2944,1,0,none,baostock,query_history_k_data_plus
601222,SHSE.601222,,SH,A股-上交所,2022-06-30,8.23,8.39,8.18,8.35,8.19,29651037,246422637.29,1.9536,1.4393,1,0,none,baostock,query_history_k_data_plus
601222,SHSE.601222,,SH,A股-上交所,2022-07-01,8.43,8.43,8.03,8.07,8.35,45948750,376598088.65,-3.3533,2.2303,1,0,none,baostock,query_history_k_data_plus
601222,SHSE.601222,,SH,A股-上交所,2022-07-04,8.08,8.6,7.95,8.56,8.07,64374635,537998138.16,6.0719,3.1247,1,0,none,baostock,query_history_k_data_plus
601222,SHSE.601222,,SH,A股-上交所,2022-07-05,8.63,8.72,8.4,8.55,8.56,43378680,370638237.55,-0.1168,2.1056,1,0,none,baostock,query_history_k_data_plus
601222,SHSE.601222,,SH,A股-上交所,2022-07-06,8.48,8.64,8.17,8.29,8.55,37598666,314669264.65,-3.0409,1.825,1,0,none,baostock,query_history_k_data_plus
601222,SHSE.601222,,SH,A股-上交所,2022-07-07,8.26,9.12,8.2,8.99,8.29,135180833,1199505425.34,8.4439,6.5616,1,0,none,baostock,query_history_k_data_plus
601222,SHSE.601222,,SH,A股-上交所,2022-07-08,9.16,9.29,8.7,8.79,8.99,101679877,906365382.79,-2.2247,4.9355,1,0,none,baostock,query_history_k_data_plus
601222,SHSE.601222,,SH,A股-上交所,2022-07-11,8.77,8.79,8.32,8.42,8.79,68081491,576346097.51,-4.2093,3.3047,1,0,none,baostock,query_history_k_data_plus
601222,SHSE.601222,,SH,A股-上交所,2022-07-12,8.36,9.03,8.32,8.57,8.42,74619326,649244915.33,1.7815,3.622,1,0,none,baostock,query_history_k_data_plus
601222,SHSE.601222,,SH,A股-上交所,2022-07-13,8.58,8.96,8.54,8.92,8.57,81375994,716920787.86,4.084,3.95,1,0,none,baostock,query_history_k_data_plus
601222,SHSE.601222,,SH,A股-上交所,2022-07-14,8.9,9.81,8.75,9.81,8.92,180358098,1700729117.11,9.9776,8.7545,1,0,none,baostock,query_history_k_data_plus
601222,SHSE.601222,,SH,A股-上交所,2022-07-15,9.75,10.68,9.63,10.27,9.81,217994255,2211475445.91,4.6891,10.5814,1,0,none,baostock,query_history_k_data_plus
601222,SHSE.601222,,SH,A股-上交所,2022-07-18,10.38,10.81,10.06,10.35,10.27,165327823,1723408006.52,0.779,8.025,1,0,none,baostock,query_history_k_data_plus
601222,SHSE.601222,,SH,A股-上交所,2022-07-19,10.31,10.32,9.85,9.96,10.35,124952846,1248947880.12,-3.7681,6.0652,1,0,none,baostock,query_history_k_data_plus
601222,SHSE.601222,,SH,A股-上交所,2022-07-20,9.9,10.15,9.7,10.0,9.96,88827447,880140724.28,0.4016,4.3117,1,0,none,baostock,query_history_k_data_plus
601222,SHSE.601222,,SH,A股-上交所,2022-07-21,9.91,9.95,9.5,9.55,10.0,102414343,990939772.76,-4.5,4.9712,1,0,none,baostock,query_history_k_data_plus
601222,SHSE.601222,,SH,A股-上交所,2022-07-22,9.62,9.74,9.35,9.59,9.55,68377180,654070618.52,0.4188,3.319,1,0,none,baostock,query_history_k_data_plus
601222,SHSE.601222,,SH,A股-上交所,2022-07-25,9.46,9.53,9.06,9.12,9.59,68826930,633837220.64,-4.9009,3.3408,1,0,none,baostock,query_history_k_data_plus
601222,SHSE.601222,,SH,A股-上交所,2022-07-26,9.1,9.22,8.93,9.13,9.12,51447540,468179202.55,0.1096,2.4972,1,0,none,baostock,query_history_k_data_plus
601222,SHSE.601222,,SH,A股-上交所,2022-07-27,9.14,9.61,9.01,9.48,9.13,79343665,740977725.67,3.8335,3.8513,1,0,none,baostock,query_history_k_data_plus
601222,SHSE.601222,,SH,A股-上交所,2022-07-28,9.6,9.68,9.41,9.52,9.48,69030352,659894966.81,0.4219,3.3507,1,0,none,baostock,query_history_k_data_plus
601222,SHSE.601222,,SH,A股-上交所,2022-07-29,9.53,9.99,9.5,9.6,9.52,84478218,824593460.2,0.8403,4.1005,1,0,none,baostock,query_history_k_data_plus
601222,SHSE.601222,,SH,A股-上交所,2022-08-01,9.45,9.48,9.26,9.41,9.6,55239503,517324018.72,-1.9792,2.6813,1,0,none,baostock,query_history_k_data_plus
601222,SHSE.601222,,SH,A股-上交所,2022-08-02,9.2,9.22,8.66,8.87,9.41,71024979,635030232.29,-5.7386,3.4475,1,0,none,baostock,query_history_k_data_plus
601222,SHSE.601222,,SH,A股-上交所,2022-08-03,8.9,9.23,8.65,8.7,8.87,60449464,542702821.16,-1.9166,2.9342,1,0,none,baostock,query_history_k_data_plus
601222,SHSE.601222,,SH,A股-上交所,2022-08-04,8.81,8.98,8.59,8.75,8.7,45798551,400663193.0,0.5747,2.223,1,0,none,baostock,query_history_k_data_plus
601222,SHSE.601222,,SH,A股-上交所,2022-08-05,8.74,8.8,8.42,8.62,8.75,52979041,453893436.0,-1.4857,2.5716,1,0,none,baostock,query_history_k_data_plus
601222,SHSE.601222,,SH,A股-上交所,2022-08-08,8.61,8.87,8.48,8.85,8.62,50878868,443193136.0,2.6682,2.4696,1,0,none,baostock,query_history_k_data_plus
601222,SHSE.601222,,SH,A股-上交所,2022-08-09,8.8,9.01,8.73,8.85,8.85,44871957,399726231.0,0.0,2.1781,1,0,none,baostock,query_history_k_data_plus
601222,SHSE.601222,,SH,A股-上交所,2022-08-10,8.78,9.12,8.68,9.0,8.85,49158783,436416270.0,1.6949,2.3862,1,0,none,baostock,query_history_k_data_plus
601222,SHSE.601222,,SH,A股-上交所,2022-08-11,9.03,9.09,8.89,9.0,9.0,35407543,317483980.0,0.0,1.7187,1,0,none,baostock,query_history_k_data_plus
601222,SHSE.601222,,SH,A股-上交所,2022-08-12,8.97,9.08,8.85,8.87,9.0,36663042,327818140.0,-1.4444,1.7796,1,0,none,baostock,query_history_k_data_plus
601222,SHSE.601222,,SH,A股-上交所,2022-08-15,8.83,9.19,8.83,9.14,8.87,50696904,459061872.45,3.044,2.4608,1,0,none,baostock,query_history_k_data_plus
601222,SHSE.601222,,SH,A股-上交所,2022-08-16,9.11,9.32,9.06,9.23,9.14,53345974,490434672.91,0.9847,2.5894,1,0,none,baostock,query_history_k_data_plus
601222,SHSE.601222,,SH,A股-上交所,2022-08-17,9.3,9.85,9.3,9.45,9.23,90421686,862820236.81,2.3835,4.389,1,0,none,baostock,query_history_k_data_plus
601222,SHSE.601222,,SH,A股-上交所,2022-08-18,9.46,9.58,9.38,9.4,9.45,48419512,457534187.44,-0.5291,2.3503,1,0,none,baostock,query_history_k_data_plus
601222,SHSE.601222,,SH,A股-上交所,2022-08-19,9.48,9.89,9.3,9.71,9.4,104982089,1013316761.17,3.2979,5.0958,1,0,none,baostock,query_history_k_data_plus
601222,SHSE.601222,,SH,A股-上交所,2022-08-22,9.7,10.09,9.58,9.66,9.71,108861233,1076128958.75,-0.5149,5.2841,1,0,none,baostock,query_history_k_data_plus
601222,SHSE.601222,,SH,A股-上交所,2022-08-23,9.6,10.28,9.48,10.28,9.66,149843779,1498778173.65,6.4182,7.2734,1,0,none,baostock,query_history_k_data_plus
601222,SHSE.601222,,SH,A股-上交所,2022-08-24,10.16,10.2,9.63,9.66,10.28,99113019,977088122.29,-6.0311,4.8109,1,0,none,baostock,query_history_k_data_plus
601222,SHSE.601222,,SH,A股-上交所,2022-08-25,9.69,9.78,9.09,9.37,9.66,66672243,625025223.69,-3.0021,3.2363,1,0,none,baostock,query_history_k_data_plus
601222,SHSE.601222,,SH,A股-上交所,2022-08-26,9.01,9.08,8.55,8.73,9.37,135876805,1199284190.16,-6.8303,6.5954,1,0,none,baostock,query_history_k_data_plus
601222,SHSE.601222,,SH,A股-上交所,2022-08-29,8.55,9.04,8.47,8.96,8.73,76574897,672292737.24,2.6346,3.7169,1,0,none,baostock,query_history_k_data_plus
601222,SHSE.601222,,SH,A股-上交所,2022-08-30,8.9,8.93,8.56,8.58,8.96,50192825,436395517.87,-4.2411,2.4363,1,0,none,baostock,query_history_k_data_plus
601222,SHSE.601222,,SH,A股-上交所,2022-08-31,8.55,8.58,7.9,7.98,8.58,74891956,608142591.59,-6.993,3.6352,1,0,none,baostock,query_history_k_data_plus
601222,SHSE.601222,,SH,A股-上交所,2022-09-01,7.95,8.06,7.79,7.84,7.98,34121936,270579258.34,-1.7544,1.6563,1,0,none,baostock,query_history_k_data_plus
601222,SHSE.601222,,SH,A股-上交所,2022-09-02,7.8,7.95,7.8,7.88,7.84,23165727,182409411.88,0.5102,1.1245,1,0,none,baostock,query_history_k_data_plus
601222,SHSE.601222,,SH,A股-上交所,2022-09-05,7.86,8.06,7.79,7.91,7.88,28981047,230019347.18,0.3807,1.4067,1,0,none,baostock,query_history_k_data_plus
601222,SHSE.601222,,SH,A股-上交所,2022-09-06,7.96,8.15,7.83,8.15,7.91,35975181,288744353.04,3.0341,1.7462,1,0,none,baostock,query_history_k_data_plus
601222,SHSE.601222,,SH,A股-上交所,2022-09-07,8.06,8.23,8.05,8.16,8.15,28489234,232411784.06,0.1227,1.3829,1,0,none,baostock,query_history_k_data_plus
601222,SHSE.601222,,SH,A股-上交所,2022-09-08,8.17,8.25,7.98,8.02,8.16,30242812,245101895.05,-1.7157,1.468,1,0,none,baostock,query_history_k_data_plus
601222,SHSE.601222,,SH,A股-上交所,2022-09-09,8.01,8.04,7.86,8.0,8.02,19405802,154331665.91,-0.2494,0.942,1,0,none,baostock,query_history_k_data_plus
601222,SHSE.601222,,SH,A股-上交所,2022-09-13,7.99,8.03,7.85,7.87,8.0,25600228,202294847.5,-1.625,1.2426,1,0,none,baostock,query_history_k_data_plus
601222,SHSE.601222,,SH,A股-上交所,2022-09-14,7.76,7.85,7.56,7.78,7.87,31233031,240389874.35,-1.1436,1.516,1,0,none,baostock,query_history_k_data_plus
601222,SHSE.601222,,SH,A股-上交所,2022-09-15,7.75,7.8,7.21,7.39,7.78,45406519,338200369.23,-5.0129,2.204,1,0,none,baostock,query_history_k_data_plus
601222,SHSE.601222,,SH,A股-上交所,2022-09-16,7.3,7.37,7.15,7.18,7.39,33866682,245562780.74,-2.8417,1.6439,1,0,none,baostock,query_history_k_data_plus
601222,SHSE.601222,,SH,A股-上交所,2022-09-19,7.15,7.18,6.93,7.1,7.18,27774065,195866889.77,-1.1142,1.3481,1,0,none,baostock,query_history_k_data_plus
601222,SHSE.601222,,SH,A股-上交所,2022-09-20,7.12,7.3,7.12,7.24,7.1,22949751,165860820.96,1.9718,1.114,1,0,none,baostock,query_history_k_data_plus
601222,SHSE.601222,,SH,A股-上交所,2022-09-21,7.22,7.3,7.13,7.25,7.24,15772997,114036475.63,0.1381,0.7656,1,0,none,baostock,query_history_k_data_plus
601222,SHSE.601222,,SH,A股-上交所,2022-09-22,7.21,7.35,7.16,7.17,7.25,18404874,133235960.99,-1.1034,0.8934,1,0,none,baostock,query_history_k_data_plus
601222,SHSE.601222,,SH,A股-上交所,2022-09-23,7.2,7.26,6.98,7.04,7.17,24008299,170137891.86,-1.8131,1.1654,1,0,none,baostock,query_history_k_data_plus
601222,SHSE.601222,,SH,A股-上交所,2022-09-26,7.01,7.18,6.95,7.0,7.04,21132306,149330984.22,-0.5682,1.0258,1,0,none,baostock,query_history_k_data_plus
601222,SHSE.601222,,SH,A股-上交所,2022-09-27,7.04,7.18,6.96,7.08,7.0,23828820,168027523.77,1.1429,1.1566,1,0,none,baostock,query_history_k_data_plus
601222,SHSE.601222,,SH,A股-上交所,2022-09-28,7.06,7.13,6.85,6.87,7.08,24457964,169896527.12,-2.9661,1.1872,1,0,none,baostock,query_history_k_data_plus
601222,SHSE.601222,,SH,A股-上交所,2022-09-29,6.95,6.99,6.78,6.84,6.87,20668797,142331506.27,-0.4367,1.0033,1,0,none,baostock,query_history_k_data_plus
601222,SHSE.601222,,SH,A股-上交所,2022-09-30,6.82,6.88,6.71,6.71,6.84,18092001,122768321.14,-1.9006,0.8782,1,0,none,baostock,query_history_k_data_plus
601222,SHSE.601222,,SH,A股-上交所,2022-10-10,6.78,6.84,6.61,6.65,6.71,16057840,108017290.61,-0.8942,0.7794,1,0,none,baostock,query_history_k_data_plus
601222,SHSE.601222,,SH,A股-上交所,2022-10-11,6.64,6.8,6.64,6.77,6.65,17200060,115869455.38,1.8045,0.8349,1,0,none,baostock,query_history_k_data_plus
601222,SHSE.601222,,SH,A股-上交所,2022-10-12,6.94,7.25,6.81,7.24,6.77,42084641,295398928.77,6.9424,2.0428,1,0,none,baostock,query_history_k_data_plus
601222,SHSE.601222,,SH,A股-上交所,2022-10-13,7.16,7.3,7.11,7.21,7.24,21891498,158208763.31,-0.4144,1.0626,1,0,none,baostock,query_history_k_data_plus
601222,SHSE.601222,,SH,A股-上交所,2022-10-14,7.28,7.48,7.25,7.43,7.21,33260591,245768991.9,3.0513,1.6145,1,0,none,baostock,query_history_k_data_plus
601222,SHSE.601222,,SH,A股-上交所,2022-10-17,7.38,7.45,7.3,7.4,7.43,18257388,134786137.8,-0.4038,0.8862,1,0,none,baostock,query_history_k_data_plus
601222,SHSE.601222,,SH,A股-上交所,2022-10-18,7.42,8.14,7.4,8.03,7.4,86510108,684083618.8,8.5135,4.1992,1,0,none,baostock,query_history_k_data_plus
601222,SHSE.601222,,SH,A股-上交所,2022-10-19,7.92,8.29,7.83,8.04,8.03,72834604,592358399.42,0.1245,3.5354,1,0,none,baostock,query_history_k_data_plus
601222,SHSE.601222,,SH,A股-上交所,2022-10-20,7.98,7.99,7.66,7.75,8.04,50117767,389384841.2,-3.607,2.4327,1,0,none,baostock,query_history_k_data_plus
601222,SHSE.601222,,SH,A股-上交所,2022-10-21,7.75,7.92,7.71,7.77,7.75,31941800,249291631.96,0.2581,1.5504,1,0,none,baostock,query_history_k_data_plus
601222,SHSE.601222,,SH,A股-上交所,2022-10-24,7.8,7.83,7.5,7.55,7.77,29318202,224593511.38,-2.8314,1.4231,1,0,none,baostock,query_history_k_data_plus
601222,SHSE.601222,,SH,A股-上交所,2022-10-25,7.55,7.74,7.44,7.62,7.55,26167663,198465593.74,0.9272,1.2702,1,0,none,baostock,query_history_k_data_plus
601222,SHSE.601222,,SH,A股-上交所,2022-10-26,7.61,7.83,7.57,7.71,7.62,25471308,196566049.46,1.1811,1.2364,1,0,none,baostock,query_history_k_data_plus
601222,SHSE.601222,,SH,A股-上交所,2022-10-27,7.78,7.87,7.46,7.48,7.71,30043337,230239573.68,-2.9831,1.4583,1,0,none,baostock,query_history_k_data_plus
601222,SHSE.601222,,SH,A股-上交所,2022-10-28,7.44,7.5,7.0,7.03,7.48,38673730,278319814.2,-6.016,1.8772,1,0,none,baostock,query_history_k_data_plus
601222,SHSE.601222,,SH,A股-上交所,2022-10-31,7.01,7.5,7.0,7.37,7.03,45151410,330044200.0,4.8364,2.1916,1,0,none,baostock,query_history_k_data_plus
601222,SHSE.601222,,SH,A股-上交所,2022-11-01,7.43,7.64,7.35,7.57,7.37,36165450,271573632.17,2.7137,1.7555,1,0,none,baostock,query_history_k_data_plus
601222,SHSE.601222,,SH,A股-上交所,2022-11-02,7.53,7.71,7.49,7.68,7.57,28821488,219881067.6,1.4531,1.399,1,0,none,baostock,query_history_k_data_plus
601222,SHSE.601222,,SH,A股-上交所,2022-11-03,7.63,7.78,7.6,7.76,7.68,24439819,188977201.91,1.0417,1.1863,1,0,none,baostock,query_history_k_data_plus
601222,SHSE.601222,,SH,A股-上交所,2022-11-04,7.82,8.2,7.82,8.14,7.76,48593162,389968302.63,4.8969,2.3587,1,0,none,baostock,query_history_k_data_plus
601222,SHSE.601222,,SH,A股-上交所,2022-11-07,8.1,8.31,8.04,8.26,8.14,44595887,365880695.64,1.4742,2.1647,1,0,none,baostock,query_history_k_data_plus
601222,SHSE.601222,,SH,A股-上交所,2022-11-08,8.26,8.28,7.99,8.12,8.26,40849373,332139833.05,-1.6949,1.9828,1,0,none,baostock,query_history_k_data_plus
601222,SHSE.601222,,SH,A股-上交所,2022-11-09,8.11,8.25,8.08,8.17,8.12,29064738,237978614.86,0.6158,1.4108,1,0,none,baostock,query_history_k_data_plus
601222,SHSE.601222,,SH,A股-上交所,2022-11-10,8.15,8.25,8.05,8.08,8.17,29502490,240376856.64,-1.1016,1.432,1,0,none,baostock,query_history_k_data_plus
601222,SHSE.601222,,SH,A股-上交所,2022-11-11,8.25,8.35,8.1,8.14,8.08,30724073,251870323.67,0.7426,1.4913,1,0,none,baostock,query_history_k_data_plus
601222,SHSE.601222,,SH,A股-上交所,2022-11-14,8.14,8.23,7.9,7.94,8.14,33651444,270282014.35,-2.457,1.6334,1,0,none,baostock,query_history_k_data_plus
601222,SHSE.601222,,SH,A股-上交所,2022-11-15,7.95,8.13,7.94,8.06,7.94,27117162,218825415.36,1.5113,1.3163,1,0,none,baostock,query_history_k_data_plus
601222,SHSE.601222,,SH,A股-上交所,2022-11-16,8.09,8.18,7.95,7.98,8.06,19402675,156105886.38,-0.9926,0.9418,1,0,none,baostock,query_history_k_data_plus
601222,SHSE.601222,,SH,A股-上交所,2022-11-17,7.97,7.97,7.85,7.92,7.98,20068300,158454537.76,-0.7519,0.9741,1,0,none,baostock,query_history_k_data_plus
601222,SHSE.601222,,SH,A股-上交所,2022-11-18,7.97,8.4,7.95,8.36,7.92,70109883,580352744.47,5.5556,3.4031,1,0,none,baostock,query_history_k_data_plus
601222,SHSE.601222,,SH,A股-上交所,2022-11-21,8.38,8.49,8.24,8.39,8.36,41555863,347713111.33,0.3589,2.0171,1,0,none,baostock,query_history_k_data_plus
601222,SHSE.601222,,SH,A股-上交所,2022-11-22,8.48,8.95,8.38,8.8,8.39,92458384,807848318.17,4.8868,4.4879,1,0,none,baostock,query_history_k_data_plus
601222,SHSE.601222,,SH,A股-上交所,2022-11-23,8.71,9.35,8.68,9.29,8.8,106108835,959828331.5,5.5682,5.1505,1,0,none,baostock,query_history_k_data_plus
601222,SHSE.601222,,SH,A股-上交所,2022-11-24,9.2,9.65,9.18,9.42,9.29,110106324,1040679192.27,1.3994,5.3445,1,0,none,baostock,query_history_k_data_plus
601222,SHSE.601222,,SH,A股-上交所,2022-11-25,9.39,9.52,9.26,9.28,9.42,60513801,566976856.01,-1.4862,2.9373,1,0,none,baostock,query_history_k_data_plus
601222,SHSE.601222,,SH,A股-上交所,2022-11-28,9.17,9.59,9.1,9.5,9.28,61522053,582056287.28,2.3707,2.9863,1,0,none,baostock,query_history_k_data_plus
601222,SHSE.601222,,SH,A股-上交所,2022-11-29,9.51,9.95,9.18,9.27,9.5,118654448,1134428044.3,-2.4211,5.7595,1,0,none,baostock,query_history_k_data_plus
601222,SHSE.601222,,SH,A股-上交所,2022-11-30,9.26,9.49,9.1,9.23,9.27,56428231,523362321.3,-0.4315,2.739,1,0,none,baostock,query_history_k_data_plus
601222,SHSE.601222,,SH,A股-上交所,2022-12-01,9.29,9.54,9.21,9.3,9.23,45862422,429448720.85,0.7584,2.2261,1,0,none,baostock,query_history_k_data_plus
601222,SHSE.601222,,SH,A股-上交所,2022-12-02,9.32,9.83,9.32,9.76,9.3,86394630,838605872.14,4.9462,4.1936,1,0,none,baostock,query_history_k_data_plus
601222,SHSE.601222,,SH,A股-上交所,2022-12-05,9.86,9.88,8.78,8.78,9.76,181663698,1621692925.94,-10.041,8.8179,1,0,none,baostock,query_history_k_data_plus
601222,SHSE.601222,,SH,A股-上交所,2022-12-06,8.84,9.26,8.8,8.92,8.78,101753464,913708501.47,1.5945,4.9391,1,0,none,baostock,query_history_k_data_plus
601222,SHSE.601222,,SH,A股-上交所,2022-12-07,8.88,9.29,8.84,9.01,8.92,92810377,842580664.92,1.009,4.505,1,0,none,baostock,query_history_k_data_plus
601222,SHSE.601222,,SH,A股-上交所,2022-12-08,9.0,9.46,8.92,9.25,9.01,81465842,755541468.0,2.6637,3.9543,1,0,none,baostock,query_history_k_data_plus
601222,SHSE.601222,,SH,A股-上交所,2022-12-09,9.25,9.26,8.9,8.9,9.25,52948100,476473953.43,-3.7838,2.5701,1,0,none,baostock,query_history_k_data_plus
601222,SHSE.601222,,SH,A股-上交所,2022-12-12,8.79,8.94,8.63,8.79,8.9,42176110,370344917.44,-1.236,2.0472,1,0,none,baostock,query_history_k_data_plus
601222,SHSE.601222,,SH,A股-上交所,2022-12-13,8.77,8.9,8.66,8.69,8.79,37149593,323943727.35,-1.1377,1.8032,1,0,none,baostock,query_history_k_data_plus
601222,SHSE.601222,,SH,A股-上交所,2022-12-14,8.71,8.74,8.48,8.51,8.69,30123780,257415142.0,-2.0713,1.4622,1,0,none,baostock,query_history_k_data_plus
601222,SHSE.601222,,SH,A股-上交所,2022-12-15,8.49,8.64,8.46,8.62,8.51,21260693,181739095.01,1.2926,1.032,1,0,none,baostock,query_history_k_data_plus
601222,SHSE.601222,,SH,A股-上交所,2022-12-16,8.55,8.58,8.34,8.38,8.62,25220020,212459008.41,-2.7842,1.2242,1,0,none,baostock,query_history_k_data_plus
601222,SHSE.601222,,SH,A股-上交所,2022-12-19,8.43,8.46,8.16,8.23,8.38,17856985,148267145.16,-1.79,0.8668,1,0,none,baostock,query_history_k_data_plus
601222,SHSE.601222,,SH,A股-上交所,2022-12-20,8.14,8.28,8.12,8.22,8.23,17352318,142324572.37,-0.1215,0.8423,1,0,none,baostock,query_history_k_data_plus
601222,SHSE.601222,,SH,A股-上交所,2022-12-21,8.22,8.23,8.03,8.13,8.22,19717849,159850677.39,-1.0949,0.9571,1,0,none,baostock,query_history_k_data_plus
601222,SHSE.601222,,SH,A股-上交所,2022-12-22,8.2,8.24,7.88,7.92,8.13,22948200,183367774.0,-2.583,1.1139,1,0,none,baostock,query_history_k_data_plus
601222,SHSE.601222,,SH,A股-上交所,2022-12-23,7.92,7.94,7.58,7.66,7.92,33154336,256197344.65,-3.2828,1.6093,1,0,none,baostock,query_history_k_data_plus
601222,SHSE.601222,,SH,A股-上交所,2022-12-26,7.79,8.17,7.62,8.15,7.66,39189718,313833475.45,6.3969,1.9023,1,0,none,baostock,query_history_k_data_plus
601222,SHSE.601222,,SH,A股-上交所,2022-12-27,8.18,8.62,8.09,8.52,8.15,51891297,436856559.49,4.5399,2.5188,1,0,none,baostock,query_history_k_data_plus
601222,SHSE.601222,,SH,A股-上交所,2022-12-28,8.45,8.74,8.38,8.72,8.52,49231067,423500858.21,2.3474,2.3897,1,0,none,baostock,query_history_k_data_plus
601222,SHSE.601222,,SH,A股-上交所,2022-12-29,8.7,8.8,8.49,8.56,8.72,40762269,351266270.03,-1.8349,1.9786,1,0,none,baostock,query_history_k_data_plus
601222,SHSE.601222,,SH,A股-上交所,2022-12-30,8.6,8.72,8.49,8.59,8.56,26300593,226524306.3,0.3505,1.2766,1,0,none,baostock,query_history_k_data_plus
601222,SHSE.601222,,SH,A股-上交所,2023-01-03,8.58,8.95,8.53,8.86,8.59,36631007,321616351.35,3.1432,1.7781,1,0,none,baostock,query_history_k_data_plus
601222,SHSE.601222,,SH,A股-上交所,2023-01-04,8.9,8.92,8.69,8.74,8.86,26247644,230556354.76,-1.3544,1.2741,1,0,none,baostock,query_history_k_data_plus
601222,SHSE.601222,,SH,A股-上交所,2023-01-05,8.75,9.18,8.75,9.14,8.74,53379724,481099963.78,4.5767,2.591,1,0,none,baostock,query_history_k_data_plus
601222,SHSE.601222,,SH,A股-上交所,2023-01-06,9.19,9.64,9.1,9.4,9.14,88585467,837885765.32,2.8446,4.2999,1,0,none,baostock,query_history_k_data_plus
601222,SHSE.601222,,SH,A股-上交所,2023-01-09,9.45,9.56,9.32,9.41,9.4,49318858,465366331.12,0.1064,2.3939,1,0,none,baostock,query_history_k_data_plus
601222,SHSE.601222,,SH,A股-上交所,2023-01-10,9.39,9.48,9.2,9.24,9.41,42166581,393158327.32,-1.8066,2.0468,1,0,none,baostock,query_history_k_data_plus
601222,SHSE.601222,,SH,A股-上交所,2023-01-11,9.27,9.28,8.98,9.0,9.24,37650262,342370827.7,-2.5974,1.8275,1,0,none,baostock,query_history_k_data_plus
601222,SHSE.601222,,SH,A股-上交所,2023-01-12,9.0,9.16,8.91,8.95,9.0,28895344,260186409.66,-0.5556,1.4026,1,0,none,baostock,query_history_k_data_plus
601222,SHSE.601222,,SH,A股-上交所,2023-01-13,9.02,9.03,8.77,8.88,8.95,27441879,243069252.58,-0.7821,1.332,1,0,none,baostock,query_history_k_data_plus
601222,SHSE.601222,,SH,A股-上交所,2023-01-16,8.91,9.14,8.81,8.91,8.88,37403490,335391773.98,0.3378,1.8156,1,0,none,baostock,query_history_k_data_plus
601222,SHSE.601222,,SH,A股-上交所,2023-01-17,8.93,9.02,8.81,8.85,8.91,22536309,200316058.38,-0.6734,1.0939,1,0,none,baostock,query_history_k_data_plus
601222,SHSE.601222,,SH,A股-上交所,2023-01-18,8.9,8.98,8.84,8.86,8.85,19142439,170185372.66,0.113,0.9292,1,0,none,baostock,query_history_k_data_plus
601222,SHSE.601222,,SH,A股-上交所,2023-01-19,8.83,8.85,8.68,8.79,8.86,25596311,224132735.02,-0.7901,1.2424,1,0,none,baostock,query_history_k_data_plus
601222,SHSE.601222,,SH,A股-上交所,2023-01-20,8.84,9.0,8.79,8.97,8.79,29909584,266895872.47,2.0478,1.4518,1,0,none,baostock,query_history_k_data_plus
601222,SHSE.601222,,SH,A股-上交所,2023-01-30,9.07,9.15,8.93,8.95,8.97,38962808,351881702.87,-0.223,1.8912,1,0,none,baostock,query_history_k_data_plus
601222,SHSE.601222,,SH,A股-上交所,2023-01-31,8.92,9.03,8.83,8.97,8.95,26237154,235187551.08,0.2235,1.2735,1,0,none,baostock,query_history_k_data_plus
601222,SHSE.601222,,SH,A股-上交所,2023-02-01,9.0,9.01,8.73,8.95,8.97,38780505,344138136.11,-0.223,1.8824,1,0,none,baostock,query_history_k_data_plus
601222,SHSE.601222,,SH,A股-上交所,2023-02-02,8.91,9.19,8.9,9.01,8.95,52233871,472952150.83,0.6704,2.5354,1,0,none,baostock,query_history_k_data_plus
601222,SHSE.601222,,SH,A股-上交所,2023-02-03,9.0,9.01,8.56,8.66,9.01,67228778,584026980.99,-3.8846,3.2633,1,0,none,baostock,query_history_k_data_plus
601222,SHSE.601222,,SH,A股-上交所,2023-02-06,8.6,8.72,8.56,8.63,8.66,21997308,190191766.14,-0.3464,1.0677,1,0,none,baostock,query_history_k_data_plus
601222,SHSE.601222,,SH,A股-上交所,2023-02-07,8.64,8.9,8.64,8.73,8.63,29146926,254946709.36,1.1587,1.4148,1,0,none,baostock,query_history_k_data_plus
601222,SHSE.601222,,SH,A股-上交所,2023-02-08,8.75,8.81,8.67,8.71,8.73,18670829,162792215.05,-0.2291,0.9063,1,0,none,baostock,query_history_k_data_plus
601222,SHSE.601222,,SH,A股-上交所,2023-02-09,8.68,8.93,8.61,8.9,8.71,39384996,348286212.01,2.1814,1.9117,1,0,none,baostock,query_history_k_data_plus
601222,SHSE.601222,,SH,A股-上交所,2023-02-10,8.9,8.9,8.66,8.76,8.9,29072749,254698654.98,-1.573,1.4112,1,0,none,baostock,query_history_k_data_plus
601222,SHSE.601222,,SH,A股-上交所,2023-02-13,8.71,8.96,8.71,8.82,8.76,35276103,312530499.52,0.6849,1.7123,1,0,none,baostock,query_history_k_data_plus
601222,SHSE.601222,,SH,A股-上交所,2023-02-14,8.85,8.89,8.72,8.89,8.82,28223781,248911987.71,0.7937,1.37,1,0,none,baostock,query_history_k_data_plus
601222,SHSE.601222,,SH,A股-上交所,2023-02-15,8.87,8.97,8.83,8.85,8.89,27190680,241692383.42,-0.4499,1.3198,1,0,none,baostock,query_history_k_data_plus
601222,SHSE.601222,,SH,A股-上交所,2023-02-16,8.86,8.86,8.45,8.55,8.85,41879729,363096490.5,-3.3898,2.0328,1,0,none,baostock,query_history_k_data_plus
601222,SHSE.601222,,SH,A股-上交所,2023-02-17,8.56,8.61,8.36,8.37,8.55,29157295,246766071.44,-2.1053,1.4153,1,0,none,baostock,query_history_k_data_plus
601222,SHSE.601222,,SH,A股-上交所,2023-02-20,8.37,8.47,8.3,8.45,8.37,25587773,214438335.89,0.9558,1.242,1,0,none,baostock,query_history_k_data_plus
601222,SHSE.601222,,SH,A股-上交所,2023-02-21,8.5,8.89,8.46,8.6,8.45,45588712,395675348.5,1.7751,2.2129,1,0,none,baostock,query_history_k_data_plus
601222,SHSE.601222,,SH,A股-上交所,2023-02-22,8.56,8.69,8.52,8.59,8.6,22774597,195715292.5,-0.1163,1.1055,1,0,none,baostock,query_history_k_data_plus
601222,SHSE.601222,,SH,A股-上交所,2023-02-23,8.59,8.73,8.55,8.71,8.59,28590754,247370137.18,1.397,1.3878,1,0,none,baostock,query_history_k_data_plus
601222,SHSE.601222,,SH,A股-上交所,2023-02-24,8.73,8.73,8.5,8.54,8.71,27609302,236857638.07,-1.9518,1.3401,1,0,none,baostock,query_history_k_data_plus
601222,SHSE.601222,,SH,A股-上交所,2023-02-27,8.47,8.68,8.41,8.57,8.54,20124192,172678969.33,0.3513,0.9768,1,0,none,baostock,query_history_k_data_plus
601222,SHSE.601222,,SH,A股-上交所,2023-02-28,8.6,8.61,8.43,8.57,8.57,18349633,156379691.57,0.0,0.8907,1,0,none,baostock,query_history_k_data_plus
601222,SHSE.601222,,SH,A股-上交所,2023-03-01,8.57,8.57,8.45,8.56,8.57,24745759,210507148.39,-0.1167,1.2012,1,0,none,baostock,query_history_k_data_plus
601222,SHSE.601222,,SH,A股-上交所,2023-03-02,8.57,8.65,8.42,8.45,8.56,25171978,214438715.01,-1.285,1.2218,1,0,none,baostock,query_history_k_data_plus
601222,SHSE.601222,,SH,A股-上交所,2023-03-03,8.45,8.45,8.3,8.35,8.45,25873234,216291508.15,-1.1834,1.2559,1,0,none,baostock,query_history_k_data_plus
601222,SHSE.601222,,SH,A股-上交所,2023-03-06,8.35,8.47,8.14,8.41,8.35,32587748,271143991.31,0.7186,1.5818,1,0,none,baostock,query_history_k_data_plus
601222,SHSE.601222,,SH,A股-上交所,2023-03-07,8.4,8.45,8.32,8.32,8.41,18669648,156210895.33,-1.0702,0.9062,1,0,none,baostock,query_history_k_data_plus
601222,SHSE.601222,,SH,A股-上交所,2023-03-08,8.3,8.39,8.16,8.26,8.32,16868780,139286646.74,-0.7212,0.8188,1,0,none,baostock,query_history_k_data_plus
601222,SHSE.601222,,SH,A股-上交所,2023-03-09,8.24,8.29,8.16,8.18,8.26,15382991,126277131.29,-0.9685,0.7467,1,0,none,baostock,query_history_k_data_plus
601222,SHSE.601222,,SH,A股-上交所,2023-03-10,8.14,8.23,8.05,8.1,8.18,16152093,131078469.8,-0.978,0.784,1,0,none,baostock,query_history_k_data_plus
601222,SHSE.601222,,SH,A股-上交所,2023-03-13,8.02,8.17,8.02,8.11,8.1,11360271,91935662.36,0.1235,0.5514,1,0,none,baostock,query_history_k_data_plus
601222,SHSE.601222,,SH,A股-上交所,2023-03-14,8.11,8.14,7.83,7.98,8.11,22875941,181976230.8,-1.603,1.1104,1,0,none,baostock,query_history_k_data_plus
601222,SHSE.601222,,SH,A股-上交所,2023-03-15,8.02,8.11,8.02,8.08,7.98,16778715,135558292.73,1.2531,0.8144,1,0,none,baostock,query_history_k_data_plus
601222,SHSE.601222,,SH,A股-上交所,2023-03-16,8.06,8.07,7.84,7.86,8.08,17821021,141067325.5,-2.7228,0.865,1,0,none,baostock,query_history_k_data_plus
601222,SHSE.601222,,SH,A股-上交所,2023-03-17,7.93,7.95,7.78,7.81,7.86,21980877,172343430.54,-0.6361,1.0669,1,0,none,baostock,query_history_k_data_plus
601222,SHSE.601222,,SH,A股-上交所,2023-03-20,7.81,7.94,7.72,7.86,7.81,17358514,136128818.81,0.6402,0.8426,1,0,none,baostock,query_history_k_data_plus
601222,SHSE.601222,,SH,A股-上交所,2023-03-21,7.88,7.95,7.83,7.93,7.86,14780034,116697671.8,0.8906,0.7174,1,0,none,baostock,query_history_k_data_plus
601222,SHSE.601222,,SH,A股-上交所,2023-03-22,7.98,8.02,7.9,7.94,7.93,16522727,131531275.73,0.1261,0.802,1,0,none,baostock,query_history_k_data_plus
601222,SHSE.601222,,SH,A股-上交所,2023-03-23,7.94,7.94,7.85,7.9,7.94,12859097,101447776.5,-0.5038,0.6242,1,0,none,baostock,query_history_k_data_plus
601222,SHSE.601222,,SH,A股-上交所,2023-03-24,7.94,8.04,7.85,8.03,7.9,23837963,190294256.25,1.6456,1.1571,1,0,none,baostock,query_history_k_data_plus
601222,SHSE.601222,,SH,A股-上交所,2023-03-27,8.03,8.08,7.92,8.04,8.03,18541228,148536512.84,0.1245,0.9,1,0,none,baostock,query_history_k_data_plus
601222,SHSE.601222,,SH,A股-上交所,2023-03-28,7.99,8.05,7.92,7.93,8.04,13192868,105180471.36,-1.3682,0.6404,1,0,none,baostock,query_history_k_data_plus
601222,SHSE.601222,,SH,A股-上交所,2023-03-29,7.93,8.03,7.92,7.94,7.93,13169070,104872993.98,0.1261,0.6392,1,0,none,baostock,query_history_k_data_plus
601222,SHSE.601222,,SH,A股-上交所,2023-03-30,7.9,7.94,7.83,7.92,7.94,14193015,111895307.17,-0.2519,0.6889,1,0,none,baostock,query_history_k_data_plus
601222,SHSE.601222,,SH,A股-上交所,2023-03-31,7.9,8.0,7.89,7.91,7.92,13468912,106790173.91,-0.1263,0.6538,1,0,none,baostock,query_history_k_data_plus
601222,SHSE.601222,,SH,A股-上交所,2023-04-03,7.91,8.01,7.86,7.96,7.91,17618397,140006450.27,0.6321,0.8552,1,0,none,baostock,query_history_k_data_plus
601222,SHSE.601222,,SH,A股-上交所,2023-04-04,7.99,8.0,7.74,7.77,7.96,27111455,211656650.0,-2.3869,1.316,1,0,none,baostock,query_history_k_data_plus
601222,SHSE.601222,,SH,A股-上交所,2023-04-06,7.78,7.79,7.61,7.66,7.77,21445419,164649362.85,-1.4157,1.041,1,0,none,baostock,query_history_k_data_plus
601222,SHSE.601222,,SH,A股-上交所,2023-04-07,7.68,7.78,7.66,7.71,7.66,13218400,102236219.0,0.6527,0.6416,1,0,none,baostock,query_history_k_data_plus
601222,SHSE.601222,,SH,A股-上交所,2023-04-10,7.75,7.89,7.72,7.86,7.71,21635100,169267842.24,1.9455,1.0502,1,0,none,baostock,query_history_k_data_plus
601222,SHSE.601222,,SH,A股-上交所,2023-04-11,7.83,7.85,7.7,7.74,7.86,18557860,143854178.26,-1.5267,0.9008,1,0,none,baostock,query_history_k_data_plus
601222,SHSE.601222,,SH,A股-上交所,2023-04-12,7.76,7.79,7.61,7.67,7.74,15029078,115833335.82,-0.9044,0.7295,1,0,none,baostock,query_history_k_data_plus
601222,SHSE.601222,,SH,A股-上交所,2023-04-13,7.7,7.79,7.65,7.68,7.67,18054056,139355241.36,0.1304,0.8763,1,0,none,baostock,query_history_k_data_plus
601222,SHSE.601222,,SH,A股-上交所,2023-04-14,7.68,7.76,7.65,7.73,7.68,13836559,106700498.85,0.651,0.6716,1,0,none,baostock,query_history_k_data_plus
601222,SHSE.601222,,SH,A股-上交所,2023-04-17,7.74,7.85,7.74,7.8,7.73,15729200,122666175.0,0.9056,0.7635,1,0,none,baostock,query_history_k_data_plus
601222,SHSE.601222,,SH,A股-上交所,2023-04-18,7.82,7.85,7.75,7.8,7.8,14717643,114936619.49,0.0,0.7144,1,0,none,baostock,query_history_k_data_plus
601222,SHSE.601222,,SH,A股-上交所,2023-04-19,7.84,7.84,7.73,7.73,7.8,12392728,96313864.44,-0.8974,0.6015,1,0,none,baostock,query_history_k_data_plus
601222,SHSE.601222,,SH,A股-上交所,2023-04-20,7.74,7.74,7.53,7.57,7.73,19544227,148358347.1,-2.0699,0.9487,1,0,none,baostock,query_history_k_data_plus
601222,SHSE.601222,,SH,A股-上交所,2023-04-21,7.56,7.62,7.35,7.36,7.57,21575499,161031436.12,-2.7741,1.0473,1,0,none,baostock,query_history_k_data_plus
601222,SHSE.601222,,SH,A股-上交所,2023-04-24,7.36,7.4,7.3,7.34,7.36,14131307,103693305.4,-0.2717,0.6859,1,0,none,baostock,query_history_k_data_plus
601222,SHSE.601222,,SH,A股-上交所,2023-04-25,7.34,7.38,7.09,7.16,7.34,18385195,132370330.04,-2.4523,0.8924,1,0,none,baostock,query_history_k_data_plus
601222,SHSE.601222,,SH,A股-上交所,2023-04-26,7.24,7.75,7.19,7.72,7.16,37478817,284263083.51,7.8212,1.8192,1,0,none,baostock,query_history_k_data_plus
601222,SHSE.601222,,SH,A股-上交所,2023-04-27,7.7,7.87,7.65,7.85,7.72,31679374,246950122.63,1.6839,1.5377,1,0,none,baostock,query_history_k_data_plus
601222,SHSE.601222,,SH,A股-上交所,2023-04-28,7.88,7.91,7.8,7.85,7.85,24811969,194679309.58,0.0,1.2044,1,0,none,baostock,query_history_k_data_plus
601222,SHSE.601222,,SH,A股-上交所,2023-05-04,7.85,8.01,7.81,7.96,7.85,22249584,177135620.47,1.4013,1.08,1,0,none,baostock,query_history_k_data_plus
601222,SHSE.601222,,SH,A股-上交所,2023-05-05,7.92,7.95,7.82,7.94,7.96,16662149,131509152.12,-0.2513,0.8088,1,0,none,baostock,query_history_k_data_plus
601222,SHSE.601222,,SH,A股-上交所,2023-05-08,7.92,7.98,7.83,7.86,7.94,18080615,142665830.0,-1.0076,0.8776,1,0,none,baostock,query_history_k_data_plus
601222,SHSE.601222,,SH,A股-上交所,2023-05-09,7.87,7.9,7.7,7.71,7.86,20995671,163028984.83,-1.9084,1.0191,1,0,none,baostock,query_history_k_data_plus
601222,SHSE.601222,,SH,A股-上交所,2023-05-10,7.77,7.92,7.72,7.88,7.71,19321874,151310884.28,2.2049,0.9379,1,0,none,baostock,query_history_k_data_plus
601222,SHSE.601222,,SH,A股-上交所,2023-05-11,7.83,7.93,7.81,7.88,7.88,13871591,109249885.9,0.0,0.6733,1,0,none,baostock,query_history_k_data_plus
601222,SHSE.601222,,SH,A股-上交所,2023-05-12,7.86,7.92,7.78,7.78,7.88,12356000,96885466.0,-1.269,0.5998,1,0,none,baostock,query_history_k_data_plus
601222,SHSE.601222,,SH,A股-上交所,2023-05-15,7.78,7.98,7.77,7.94,7.78,16830512,133150893.4,2.0566,0.8169,1,0,none,baostock,query_history_k_data_plus
601222,SHSE.601222,,SH,A股-上交所,2023-05-16,7.97,8.12,7.92,8.02,7.94,26837631,215724421.87,1.0076,1.3027,1,0,none,baostock,query_history_k_data_plus
601222,SHSE.601222,,SH,A股-上交所,2023-05-17,8.02,8.09,7.94,8.07,8.02,16421400,131906508.0,0.6234,0.7971,1,0,none,baostock,query_history_k_data_plus
601222,SHSE.601222,,SH,A股-上交所,2023-05-18,8.1,8.13,8.01,8.03,8.07,14147684,113863854.52,-0.4957,0.6867,1,0,none,baostock,query_history_k_data_plus
601222,SHSE.601222,,SH,A股-上交所,2023-05-19,8.02,8.07,7.95,8.04,8.03,10701758,85697234.32,0.1245,0.5195,1,0,none,baostock,query_history_k_data_plus
601222,SHSE.601222,,SH,A股-上交所,2023-05-22,8.04,8.15,8.01,8.1,8.04,15780333,127887735.73,0.7463,0.766,1,0,none,baostock,query_history_k_data_plus
601222,SHSE.601222,,SH,A股-上交所,2023-05-23,8.08,8.12,7.97,7.98,8.1,13921328,111764688.18,-1.4815,0.6757,1,0,none,baostock,query_history_k_data_plus
601222,SHSE.601222,,SH,A股-上交所,2023-05-24,7.99,8.06,7.89,7.96,7.98,11440260,91492527.11,-0.2506,0.5553,1,0,none,baostock,query_history_k_data_plus
601222,SHSE.601222,,SH,A股-上交所,2023-05-25,7.94,8.19,7.93,8.11,7.96,23510320,190441597.42,1.8844,1.1412,1,0,none,baostock,query_history_k_data_plus
601222,SHSE.601222,,SH,A股-上交所,2023-05-26,8.09,8.1,7.93,8.01,8.11,13836515,110536858.52,-1.233,0.6716,1,0,none,baostock,query_history_k_data_plus
601222,SHSE.601222,,SH,A股-上交所,2023-05-29,8.03,8.05,7.91,7.94,8.01,14349723,114330394.69,-0.8739,0.6965,1,0,none,baostock,query_history_k_data_plus
601222,SHSE.601222,,SH,A股-上交所,2023-05-30,7.94,8.04,7.81,7.99,7.94,16770802,133197104.8,0.6297,0.814,1,0,none,baostock,query_history_k_data_plus
601222,SHSE.601222,,SH,A股-上交所,2023-05-31,8.0,8.01,7.77,7.77,7.99,16192979,127020185.92,-2.7534,0.786,1,0,none,baostock,query_history_k_data_plus
601222,SHSE.601222,,SH,A股-上交所,2023-06-01,7.77,7.89,7.72,7.76,7.77,14844620,116070237.63,-0.1287,0.7206,1,0,none,baostock,query_history_k_data_plus
601222,SHSE.601222,,SH,A股-上交所,2023-06-02,7.72,7.94,7.72,7.84,7.76,12609375,99224170.25,1.0309,0.6121,1,0,none,baostock,query_history_k_data_plus
601222,SHSE.601222,,SH,A股-上交所,2023-06-05,7.93,8.05,7.79,7.87,7.84,19327051,153006172.82,0.3827,0.9381,1,0,none,baostock,query_history_k_data_plus
601222,SHSE.601222,,SH,A股-上交所,2023-06-06,7.88,7.89,7.63,7.65,7.87,19066231,147208688.15,-2.7954,0.9255,1,0,none,baostock,query_history_k_data_plus
601222,SHSE.601222,,SH,A股-上交所,2023-06-07,7.68,7.71,7.57,7.58,7.65,10123646,77014053.49,-0.915,0.4914,1,0,none,baostock,query_history_k_data_plus
601222,SHSE.601222,,SH,A股-上交所,2023-06-08,7.61,7.68,7.54,7.59,7.58,9025429,68604844.92,0.1319,0.4381,1,0,none,baostock,query_history_k_data_plus
601222,SHSE.601222,,SH,A股-上交所,2023-06-09,7.57,7.77,7.53,7.76,7.59,17135721,131410550.57,2.2398,0.8318,1,0,none,baostock,query_history_k_data_plus
601222,SHSE.601222,,SH,A股-上交所,2023-06-12,7.76,7.77,7.62,7.74,7.76,12820788,98712946.93,-0.2577,0.6223,1,0,none,baostock,query_history_k_data_plus
601222,SHSE.601222,,SH,A股-上交所,2023-06-13,7.6,7.65,7.55,7.61,7.56,11444001,87070203.6,0.6614,0.5555,1,0,none,baostock,query_history_k_data_plus
601222,SHSE.601222,,SH,A股-上交所,2023-06-14,7.62,7.65,7.55,7.57,7.61,8256976,62702007.71,-0.5256,0.4008,1,0,none,baostock,query_history_k_data_plus
601222,SHSE.601222,,SH,A股-上交所,2023-06-15,7.62,8.01,7.57,7.98,7.57,44103346,347079857.63,5.4161,2.1408,1,0,none,baostock,query_history_k_data_plus
601222,SHSE.601222,,SH,A股-上交所,2023-06-16,8.0,8.03,7.92,8.01,7.98,29002973,231559689.9,0.3759,1.4078,1,0,none,baostock,query_history_k_data_plus
601222,SHSE.601222,,SH,A股-上交所,2023-06-19,8.02,8.07,7.94,8.04,8.01,25037729,200656940.27,0.3745,1.2153,1,0,none,baostock,query_history_k_data_plus
601222,SHSE.601222,,SH,A股-上交所,2023-06-20,8.06,8.09,7.95,7.95,8.04,16942449,135376222.01,-1.1194,0.8224,1,0,none,baostock,query_history_k_data_plus
601222,SHSE.601222,,SH,A股-上交所,2023-06-21,7.95,8.0,7.8,7.81,7.95,19123492,150964975.2,-1.761,0.9282,1,0,none,baostock,query_history_k_data_plus
601222,SHSE.601222,,SH,A股-上交所,2023-06-26,7.82,7.93,7.7,7.86,7.81,25871733,202813791.26,0.6402,1.2558,1,0,none,baostock,query_history_k_data_plus
601222,SHSE.601222,,SH,A股-上交所,2023-06-27,7.85,8.05,7.8,7.94,7.86,20024095,158982407.5,1.0178,0.972,1,0,none,baostock,query_history_k_data_plus
601222,SHSE.601222,,SH,A股-上交所,2023-06-28,7.99,8.03,7.89,7.99,7.94,19033125,151533106.56,0.6297,0.9239,1,0,none,baostock,query_history_k_data_plus
601222,SHSE.601222,,SH,A股-上交所,2023-06-29,7.97,8.25,7.97,8.13,7.99,30845102,251604900.18,1.7522,1.4972,1,0,none,baostock,query_history_k_data_plus
601222,SHSE.601222,,SH,A股-上交所,2023-06-30,8.12,8.24,8.06,8.19,8.13,24369282,199152099.18,0.738,1.1829,1,0,none,baostock,query_history_k_data_plus
601222,SHSE.601222,,SH,A股-上交所,2023-07-03,8.18,8.31,8.16,8.26,8.19,27358027,226042130.9,0.8547,1.328,1,0,none,baostock,query_history_k_data_plus
601222,SHSE.601222,,SH,A股-上交所,2023-07-04,8.24,8.25,8.13,8.15,8.26,20417418,167167944.81,-1.3317,0.9911,1,0,none,baostock,query_history_k_data_plus
601222,SHSE.601222,,SH,A股-上交所,2023-07-05,8.16,8.19,8.08,8.1,8.15,13385800,108858243.08,-0.6135,0.6497,1,0,none,baostock,query_history_k_data_plus
601222,SHSE.601222,,SH,A股-上交所,2023-07-06,8.13,8.17,8.05,8.06,8.1,10822437,87739890.99,-0.4938,0.5253,1,0,none,baostock,query_history_k_data_plus
601222,SHSE.601222,,SH,A股-上交所,2023-07-07,8.04,8.11,7.97,8.01,8.06,12224095,98168216.05,-0.6203,0.5934,1,0,none,baostock,query_history_k_data_plus
601222,SHSE.601222,,SH,A股-上交所,2023-07-10,8.04,8.15,8.03,8.1,8.01,14664926,118582903.82,1.1236,0.7118,1,0,none,baostock,query_history_k_data_plus
601222,SHSE.601222,,SH,A股-上交所,2023-07-11,8.1,8.12,8.02,8.1,8.1,10421120,84072057.6,0.0,0.5058,1,0,none,baostock,query_history_k_data_plus
601222,SHSE.601222,,SH,A股-上交所,2023-07-12,8.1,8.2,8.04,8.15,8.1,21888400,178620596.0,0.6173,1.0625,1,0,none,baostock,query_history_k_data_plus
601222,SHSE.601222,,SH,A股-上交所,2023-07-13,8.21,8.33,8.18,8.27,8.15,24130425,199312032.77,1.4724,1.1713,1,0,none,baostock,query_history_k_data_plus
601222,SHSE.601222,,SH,A股-上交所,2023-07-14,8.25,8.25,8.07,8.09,8.27,21087481,171443892.57,-2.1765,1.0236,1,0,none,baostock,query_history_k_data_plus
601222,SHSE.601222,,SH,A股-上交所,2023-07-17,8.06,8.12,8.01,8.09,8.09,12032800,97076851.0,0.0,0.5841,1,0,none,baostock,query_history_k_data_plus
601222,SHSE.601222,,SH,A股-上交所,2023-07-18,8.08,8.08,7.99,8.02,8.09,11200070,89901095.53,-0.8653,0.5436,1,0,none,baostock,query_history_k_data_plus
601222,SHSE.601222,,SH,A股-上交所,2023-07-19,7.96,8.08,7.9,7.95,8.02,14520846,115676785.62,-0.8728,0.7048,1,0,none,baostock,query_history_k_data_plus
601222,SHSE.601222,,SH,A股-上交所,2023-07-20,7.94,7.98,7.82,7.82,7.95,13134390,103622016.7,-1.6352,0.6375,1,0,none,baostock,query_history_k_data_plus
601222,SHSE.601222,,SH,A股-上交所,2023-07-21,7.81,7.86,7.72,7.78,7.82,11735200,91388647.0,-0.5115,0.5696,1,0,none,baostock,query_history_k_data_plus
601222,SHSE.601222,,SH,A股-上交所,2023-07-24,7.76,7.84,7.72,7.76,7.78,7810214,60750812.06,-0.2571,0.3791,1,0,none,baostock,query_history_k_data_plus
601222,SHSE.601222,,SH,A股-上交所,2023-07-25,7.8,7.9,7.79,7.88,7.76,12498874,98124074.56,1.5464,0.6067,1,0,none,baostock,query_history_k_data_plus
601222,SHSE.601222,,SH,A股-上交所,2023-07-26,7.89,7.9,7.78,7.8,7.88,10189236,79741081.88,-1.0152,0.4946,1,0,none,baostock,query_history_k_data_plus
601222,SHSE.601222,,SH,A股-上交所,2023-07-27,7.77,7.84,7.69,7.7,7.8,12513600,97075859.0,-1.2821,0.6074,1,0,none,baostock,query_history_k_data_plus
601222,SHSE.601222,,SH,A股-上交所,2023-07-28,7.68,7.82,7.63,7.8,7.7,11813811,91499429.48,1.2987,0.5734,1,0,none,baostock,query_history_k_data_plus
601222,SHSE.601222,,SH,A股-上交所,2023-07-31,7.81,7.92,7.81,7.84,7.8,12201115,95909647.82,0.5128,0.5922,1,0,none,baostock,query_history_k_data_plus
601222,SHSE.601222,,SH,A股-上交所,2023-08-01,7.84,7.86,7.8,7.84,7.84,9227135,72290792.68,0.0,0.4479,1,0,none,baostock,query_history_k_data_plus
601222,SHSE.601222,,SH,A股-上交所,2023-08-02,7.82,7.86,7.76,7.79,7.84,7240300,56426457.0,-0.6378,0.3514,1,0,none,baostock,query_history_k_data_plus
601222,SHSE.601222,,SH,A股-上交所,2023-08-03,7.79,7.81,7.76,7.76,7.79,8167792,63523519.92,-0.3851,0.3965,1,0,none,baostock,query_history_k_data_plus
601222,SHSE.601222,,SH,A股-上交所,2023-08-04,7.78,7.88,7.78,7.84,7.76,13241157,103903545.37,1.0309,0.6427,1,0,none,baostock,query_history_k_data_plus
601222,SHSE.601222,,SH,A股-上交所,2023-08-07,7.8,7.84,7.7,7.73,7.84,11952780,92607346.8,-1.4031,0.5802,1,0,none,baostock,query_history_k_data_plus
601222,SHSE.601222,,SH,A股-上交所,2023-08-08,7.7,7.73,7.58,7.59,7.73,14159670,108092059.01,-1.8111,0.6873,1,0,none,baostock,query_history_k_data_plus
601222,SHSE.601222,,SH,A股-上交所,2023-08-09,7.58,7.6,7.5,7.55,7.59,10104420,76156947.4,-0.527,0.4905,1,0,none,baostock,query_history_k_data_plus
601222,SHSE.601222,,SH,A股-上交所,2023-08-10,7.53,7.61,7.52,7.57,7.55,7121934,53956079.88,0.2649,0.3457,1,0,none,baostock,query_history_k_data_plus
601222,SHSE.601222,,SH,A股-上交所,2023-08-11,7.57,7.58,7.44,7.45,7.57,10236808,76780010.42,-1.5852,0.4969,1,0,none,baostock,query_history_k_data_plus
601222,SHSE.601222,,SH,A股-上交所,2023-08-14,7.41,7.48,7.29,7.4,7.45,12884500,94829744.58,-0.6711,0.6254,1,0,none,baostock,query_history_k_data_plus
601222,SHSE.601222,,SH,A股-上交所,2023-08-15,7.4,7.45,7.26,7.33,7.4,9187821,67386813.67,-0.9459,0.446,1,0,none,baostock,query_history_k_data_plus
601222,SHSE.601222,,SH,A股-上交所,2023-08-16,7.3,7.35,7.21,7.23,7.33,13351131,97114416.48,-1.3643,0.6481,1,0,none,baostock,query_history_k_data_plus
601222,SHSE.601222,,SH,A股-上交所,2023-08-17,7.22,7.29,7.13,7.28,7.23,10906260,78655282.0,0.6916,0.5294,1,0,none,baostock,query_history_k_data_plus
601222,SHSE.601222,,SH,A股-上交所,2023-08-18,7.28,7.3,7.15,7.17,7.28,9361978,67612073.05,-1.511,0.4544,1,0,none,baostock,query_history_k_data_plus
601222,SHSE.601222,,SH,A股-上交所,2023-08-21,7.2,7.2,6.98,6.99,7.17,19708626,139278008.58,-2.5105,0.9567,1,0,none,baostock,query_history_k_data_plus
601222,SHSE.601222,,SH,A股-上交所,2023-08-22,7.02,7.06,6.86,6.97,6.99,15244000,105854286.96,-0.2861,0.7399,1,0,none,baostock,query_history_k_data_plus
601222,SHSE.601222,,SH,A股-上交所,2023-08-23,6.97,6.99,6.84,6.84,6.97,11581000,79890640.0,-1.8651,0.5621,1,0,none,baostock,query_history_k_data_plus
601222,SHSE.601222,,SH,A股-上交所,2023-08-24,6.86,6.94,6.8,6.86,6.84,9434677,64900121.77,0.2924,0.458,1,0,none,baostock,query_history_k_data_plus
601222,SHSE.601222,,SH,A股-上交所,2023-08-25,6.86,6.96,6.79,6.82,6.86,11042784,75840523.68,-0.5831,0.536,1,0,none,baostock,query_history_k_data_plus
601222,SHSE.601222,,SH,A股-上交所,2023-08-28,7.33,7.42,7.16,7.2,6.82,42841215,312912888.77,5.5718,2.0795,1,0,none,baostock,query_history_k_data_plus
601222,SHSE.601222,,SH,A股-上交所,2023-08-29,7.22,7.49,7.17,7.45,7.2,29704238,219780035.9,3.4722,1.4418,1,0,none,baostock,query_history_k_data_plus
601222,SHSE.601222,,SH,A股-上交所,2023-08-30,7.55,7.55,7.39,7.43,7.45,16310763,121540239.41,-0.2685,0.7917,1,0,none,baostock,query_history_k_data_plus
601222,SHSE.601222,,SH,A股-上交所,2023-08-31,7.43,7.47,7.37,7.43,7.43,13216418,98151089.74,0.0,0.6415,1,0,none,baostock,query_history_k_data_plus
601222,SHSE.601222,,SH,A股-上交所,2023-09-01,7.48,7.52,7.4,7.5,7.43,15946225,119064905.8,0.9421,0.774,1,0,none,baostock,query_history_k_data_plus
601222,SHSE.601222,,SH,A股-上交所,2023-09-04,7.51,7.6,7.46,7.51,7.5,13839284,103955573.92,0.1333,0.6718,1,0,none,baostock,query_history_k_data_plus
601222,SHSE.601222,,SH,A股-上交所,2023-09-05,7.51,7.55,7.46,7.5,7.51,11322628,84951149.72,-0.1332,0.5496,1,0,none,baostock,query_history_k_data_plus
601222,SHSE.601222,,SH,A股-上交所,2023-09-06,7.5,7.51,7.41,7.48,7.5,9222591,68901457.65,-0.2667,0.4477,1,0,none,baostock,query_history_k_data_plus
601222,SHSE.601222,,SH,A股-上交所,2023-09-07,7.47,7.5,7.32,7.34,7.48,11127475,82117313.72,-1.8717,0.5401,1,0,none,baostock,query_history_k_data_plus
601222,SHSE.601222,,SH,A股-上交所,2023-09-08,7.35,7.38,7.31,7.35,7.34,6142187,45159269.8,0.1362,0.2981,1,0,none,baostock,query_history_k_data_plus
601222,SHSE.601222,,SH,A股-上交所,2023-09-11,7.36,7.4,7.32,7.36,7.35,9848482,72534500.46,0.1361,0.478,1,0,none,baostock,query_history_k_data_plus
601222,SHSE.601222,,SH,A股-上交所,2023-09-12,7.38,7.42,7.34,7.39,7.36,7266637,53718480.43,0.4076,0.3527,1,0,none,baostock,query_history_k_data_plus
601222,SHSE.601222,,SH,A股-上交所,2023-09-13,7.4,7.4,7.25,7.28,7.39,9613166,70195980.03,-1.4885,0.4666,1,0,none,baostock,query_history_k_data_plus
601222,SHSE.601222,,SH,A股-上交所,2023-09-14,7.26,7.3,7.18,7.23,7.28,9243423,66841459.54,-0.6868,0.4487,1,0,none,baostock,query_history_k_data_plus
601222,SHSE.601222,,SH,A股-上交所,2023-09-15,7.26,7.28,7.18,7.2,7.23,8709396,62890042.2,-0.4149,0.4228,1,0,none,baostock,query_history_k_data_plus
601222,SHSE.601222,,SH,A股-上交所,2023-09-18,7.21,7.32,7.19,7.27,7.2,8680562,63037583.44,0.9722,0.4214,1,0,none,baostock,query_history_k_data_plus
601222,SHSE.601222,,SH,A股-上交所,2023-09-19,7.26,7.29,7.18,7.2,7.27,8159809,58847845.87,-0.9629,0.3961,1,0,none,baostock,query_history_k_data_plus
601222,SHSE.601222,,SH,A股-上交所,2023-09-20,7.22,7.26,7.12,7.13,7.2,9271550,66495563.2,-0.9722,0.45,1,0,none,baostock,query_history_k_data_plus
601222,SHSE.601222,,SH,A股-上交所,2023-09-21,7.14,7.18,7.08,7.12,7.13,8098238,57693810.94,-0.1403,0.3931,1,0,none,baostock,query_history_k_data_plus
601222,SHSE.601222,,SH,A股-上交所,2023-09-22,7.08,7.16,7.01,7.14,7.12,15576172,110327035.48,0.2809,0.7561,1,0,none,baostock,query_history_k_data_plus
601222,SHSE.601222,,SH,A股-上交所,2023-09-25,7.15,7.15,7.01,7.06,7.14,16462565,116013444.52,-1.1204,0.7991,1,0,none,baostock,query_history_k_data_plus
601222,SHSE.601222,,SH,A股-上交所,2023-09-26,7.07,7.12,7.0,7.03,7.06,10443724,73528448.88,-0.4249,0.5069,1,0,none,baostock,query_history_k_data_plus
601222,SHSE.601222,,SH,A股-上交所,2023-09-27,7.01,7.19,7.0,7.1,7.03,16723080,118972078.19,0.9957,0.8117,1,0,none,baostock,query_history_k_data_plus
601222,SHSE.601222,,SH,A股-上交所,2023-09-28,7.14,7.19,7.13,7.16,7.1,12929681,92558903.52,0.8451,0.6276,1,0,none,baostock,query_history_k_data_plus
601222,SHSE.601222,,SH,A股-上交所,2023-10-09,7.15,7.23,7.14,7.2,7.16,14285634,102687229.42,0.5587,0.6934,1,0,none,baostock,query_history_k_data_plus
601222,SHSE.601222,,SH,A股-上交所,2023-10-10,7.19,7.22,7.13,7.14,7.2,10943498,78361922.72,-0.8333,0.5312,1,0,none,baostock,query_history_k_data_plus
601222,SHSE.601222,,SH,A股-上交所,2023-10-11,7.15,7.19,7.11,7.12,7.14,10051050,71934909.68,-0.2801,0.4879,1,0,none,baostock,query_history_k_data_plus
601222,SHSE.601222,,SH,A股-上交所,2023-10-12,7.17,7.27,7.12,7.24,7.12,13110759,94438521.83,1.6854,0.6364,1,0,none,baostock,query_history_k_data_plus
601222,SHSE.601222,,SH,A股-上交所,2023-10-13,7.2,7.22,7.14,7.19,7.24,10307207,74007354.12,-0.6906,0.5003,1,0,none,baostock,query_history_k_data_plus
601222,SHSE.601222,,SH,A股-上交所,2023-10-16,7.19,7.23,7.02,7.06,7.19,15969636,113220934.96,-1.8081,0.7752,1,0,none,baostock,query_history_k_data_plus
601222,SHSE.601222,,SH,A股-上交所,2023-10-17,7.07,7.08,7.01,7.04,7.06,10100700,71044803.0,-0.2833,0.4903,1,0,none,baostock,query_history_k_data_plus
601222,SHSE.601222,,SH,A股-上交所,2023-10-18,7.02,7.03,6.9,6.93,7.04,12294126,85557593.41,-1.5625,0.5968,1,0,none,baostock,query_history_k_data_plus
601222,SHSE.601222,,SH,A股-上交所,2023-10-19,6.9,6.95,6.83,6.83,6.93,10584900,72832575.0,-1.443,0.5138,1,0,none,baostock,query_history_k_data_plus
601222,SHSE.601222,,SH,A股-上交所,2023-10-20,6.81,6.93,6.8,6.84,6.83,13079950,89768990.5,0.1464,0.6349,1,0,none,baostock,query_history_k_data_plus
601222,SHSE.601222,,SH,A股-上交所,2023-10-23,6.83,6.83,6.6,6.63,6.84,14987948,100395793.04,-3.0702,0.7275,1,0,none,baostock,query_history_k_data_plus
601222,SHSE.601222,,SH,A股-上交所,2023-10-24,6.64,6.69,6.57,6.63,6.63,15430309,102312481.54,0.0,0.749,1,0,none,baostock,query_history_k_data_plus
601222,SHSE.601222,,SH,A股-上交所,2023-10-25,6.67,6.74,6.65,6.65,6.63,13924536,93267770.65,0.3017,0.6759,1,0,none,baostock,query_history_k_data_plus
601222,SHSE.601222,,SH,A股-上交所,2023-10-26,6.6,6.71,6.53,6.7,6.65,17178109,113696091.12,0.7519,0.8338,1,0,none,baostock,query_history_k_data_plus
601222,SHSE.601222,,SH,A股-上交所,2023-10-27,6.66,6.81,6.54,6.76,6.7,31174203,207243324.97,0.8955,1.5132,1,0,none,baostock,query_history_k_data_plus
601222,SHSE.601222,,SH,A股-上交所,2023-10-30,6.71,6.78,6.67,6.76,6.76,25673482,172869306.05,0.0,1.2462,1,0,none,baostock,query_history_k_data_plus
601222,SHSE.601222,,SH,A股-上交所,2023-10-31,6.74,6.78,6.62,6.66,6.76,19727129,131723245.24,-1.4793,0.9575,1,0,none,baostock,query_history_k_data_plus
601222,SHSE.601222,,SH,A股-上交所,2023-11-01,6.67,6.67,6.59,6.62,6.66,14827303,98263194.87,-0.6006,0.7197,1,0,none,baostock,query_history_k_data_plus
601222,SHSE.601222,,SH,A股-上交所,2023-11-02,6.62,6.65,6.47,6.48,6.62,19398350,127000191.89,-2.1148,0.9416,1,0,none,baostock,query_history_k_data_plus
601222,SHSE.601222,,SH,A股-上交所,2023-11-03,6.48,6.62,6.48,6.58,6.48,21579946,141891366.36,1.5432,1.0475,1,0,none,baostock,query_history_k_data_plus
601222,SHSE.601222,,SH,A股-上交所,2023-11-06,6.6,6.76,6.6,6.72,6.58,28731800,192378025.87,2.1277,1.3946,1,0,none,baostock,query_history_k_data_plus
601222,SHSE.601222,,SH,A股-上交所,2023-11-07,6.73,6.74,6.65,6.69,6.72,15781105,105542307.35,-0.4464,0.766,1,0,none,baostock,query_history_k_data_plus
601222,SHSE.601222,,SH,A股-上交所,2023-11-08,6.68,6.7,6.59,6.63,6.69,17568732,116594219.14,-0.8969,0.8528,1,0,none,baostock,query_history_k_data_plus
601222,SHSE.601222,,SH,A股-上交所,2023-11-09,6.63,6.71,6.6,6.68,6.63,19060550,126979579.24,0.7541,0.9252,1,0,none,baostock,query_history_k_data_plus
601222,SHSE.601222,,SH,A股-上交所,2023-11-10,6.66,6.66,6.58,6.62,6.68,13401654,88497930.48,-0.8982,0.6505,1,0,none,baostock,query_history_k_data_plus
601222,SHSE.601222,,SH,A股-上交所,2023-11-13,6.63,6.67,6.6,6.66,6.62,13191034,87514149.83,0.6042,0.6403,1,0,none,baostock,query_history_k_data_plus
601222,SHSE.601222,,SH,A股-上交所,2023-11-14,6.66,6.78,6.65,6.71,6.66,19287607,129541485.13,0.7508,0.9362,1,0,none,baostock,query_history_k_data_plus
601222,SHSE.601222,,SH,A股-上交所,2023-11-15,6.75,6.86,6.74,6.81,6.71,21806950,148321788.5,1.4903,1.0585,1,0,none,baostock,query_history_k_data_plus
601222,SHSE.601222,,SH,A股-上交所,2023-11-16,6.8,6.81,6.65,6.66,6.81,20237602,135883680.75,-2.2026,0.9823,1,0,none,baostock,query_history_k_data_plus
601222,SHSE.601222,,SH,A股-上交所,2023-11-17,6.66,6.75,6.61,6.71,6.66,12225303,81652053.84,0.7508,0.5934,1,0,none,baostock,query_history_k_data_plus
601222,SHSE.601222,,SH,A股-上交所,2023-11-20,6.72,6.77,6.68,6.75,6.71,13216740,88921657.33,0.5961,0.6415,1,0,none,baostock,query_history_k_data_plus
601222,SHSE.601222,,SH,A股-上交所,2023-11-21,6.75,6.77,6.69,6.7,6.75,12086800,81444569.0,-0.7407,0.5867,1,0,none,baostock,query_history_k_data_plus
601222,SHSE.601222,,SH,A股-上交所,2023-11-22,6.68,6.7,6.59,6.59,6.7,14798680,98151908.2,-1.6418,0.7183,1,0,none,baostock,query_history_k_data_plus
601222,SHSE.601222,,SH,A股-上交所,2023-11-23,6.58,6.66,6.57,6.64,6.59,9555140,63231689.31,0.7587,0.4638,1,0,none,baostock,query_history_k_data_plus
601222,SHSE.601222,,SH,A股-上交所,2023-11-24,6.62,6.64,6.56,6.56,6.64,11540876,75950965.56,-1.2048,0.5602,1,0,none,baostock,query_history_k_data_plus
601222,SHSE.601222,,SH,A股-上交所,2023-11-27,6.56,6.58,6.5,6.54,6.56,10945100,71453629.0,-0.3049,0.5313,1,0,none,baostock,query_history_k_data_plus
601222,SHSE.601222,,SH,A股-上交所,2023-11-28,6.53,6.59,6.5,6.58,6.54,10507307,68868003.92,0.6116,0.51,1,0,none,baostock,query_history_k_data_plus
601222,SHSE.601222,,SH,A股-上交所,2023-11-29,6.59,6.61,6.5,6.53,6.58,9549576,62479943.32,-0.7599,0.4635,1,0,none,baostock,query_history_k_data_plus
601222,SHSE.601222,,SH,A股-上交所,2023-11-30,6.5,6.53,6.37,6.42,6.53,16087350,103613920.5,-1.6845,0.7809,1,0,none,baostock,query_history_k_data_plus
601222,SHSE.601222,,SH,A股-上交所,2023-12-01,6.41,6.44,6.34,6.41,6.42,12897005,82327955.27,-0.1558,0.626,1,0,none,baostock,query_history_k_data_plus
601222,SHSE.601222,,SH,A股-上交所,2023-12-04,6.42,6.44,6.35,6.36,6.41,12530085,79957856.6,-0.78,0.6082,1,0,none,baostock,query_history_k_data_plus
601222,SHSE.601222,,SH,A股-上交所,2023-12-05,6.35,6.38,6.22,6.23,6.36,13023051,81883042.81,-2.044,0.6321,1,0,none,baostock,query_history_k_data_plus
601222,SHSE.601222,,SH,A股-上交所,2023-12-06,6.22,6.34,6.22,6.26,6.23,12064026,75901383.32,0.4815,0.5856,1,0,none,baostock,query_history_k_data_plus
601222,SHSE.601222,,SH,A股-上交所,2023-12-07,6.26,6.26,6.17,6.21,6.26,11436500,70949325.0,-0.7987,0.5551,1,0,none,baostock,query_history_k_data_plus
601222,SHSE.601222,,SH,A股-上交所,2023-12-08,6.22,6.28,6.18,6.18,6.21,10341749,64274596.74,-0.4831,0.502,1,0,none,baostock,query_history_k_data_plus
601222,SHSE.601222,,SH,A股-上交所,2023-12-11,6.18,6.25,6.11,6.24,6.18,14615491,90077743.45,0.9709,0.7094,1,0,none,baostock,query_history_k_data_plus
601222,SHSE.601222,,SH,A股-上交所,2023-12-12,6.21,6.26,6.17,6.19,6.24,11887057,73747512.35,-0.8013,0.577,1,0,none,baostock,query_history_k_data_plus
601222,SHSE.601222,,SH,A股-上交所,2023-12-13,6.19,6.21,6.16,6.16,6.19,7662176,47418114.44,-0.4847,0.3719,1,0,none,baostock,query_history_k_data_plus
601222,SHSE.601222,,SH,A股-上交所,2023-12-14,6.2,6.23,6.17,6.18,6.16,8073753,50055553.6,0.3247,0.3919,1,0,none,baostock,query_history_k_data_plus
601222,SHSE.601222,,SH,A股-上交所,2023-12-15,6.2,6.24,6.11,6.12,6.18,11965700,73825081.65,-0.9709,0.5808,1,0,none,baostock,query_history_k_data_plus
601222,SHSE.601222,,SH,A股-上交所,2023-12-18,6.11,6.11,5.95,5.97,6.12,16155279,97300353.89,-2.451,0.7842,1,0,none,baostock,query_history_k_data_plus
601222,SHSE.601222,,SH,A股-上交所,2023-12-19,6.0,6.04,5.96,6.01,5.97,9170706,55060361.0,0.67,0.4451,1,0,none,baostock,query_history_k_data_plus
601222,SHSE.601222,,SH,A股-上交所,2023-12-20,6.0,6.03,5.94,5.95,6.01,8573100,51387890.92,-0.9983,0.4161,1,0,none,baostock,query_history_k_data_plus
601222,SHSE.601222,,SH,A股-上交所,2023-12-21,5.95,6.13,5.9,6.08,5.95,15926903,95922495.22,2.1849,0.7731,1,0,none,baostock,query_history_k_data_plus
601222,SHSE.601222,,SH,A股-上交所,2023-12-22,6.07,6.18,6.01,6.14,6.08,16615764,101511814.55,0.9868,0.8065,1,0,none,baostock,query_history_k_data_plus
601222,SHSE.601222,,SH,A股-上交所,2023-12-25,6.13,6.15,6.07,6.12,6.14,7718000,47165989.0,-0.3257,0.3746,1,0,none,baostock,query_history_k_data_plus
601222,SHSE.601222,,SH,A股-上交所,2023-12-26,6.13,6.14,6.01,6.04,6.12,7152828,43375303.24,-1.3072,0.3472,1,0,none,baostock,query_history_k_data_plus
601222,SHSE.601222,,SH,A股-上交所,2023-12-27,6.05,6.11,5.98,6.09,6.04,8135445,49268514.9,0.8278,0.3949,1,0,none,baostock,query_history_k_data_plus
601222,SHSE.601222,,SH,A股-上交所,2023-12-28,6.07,6.4,6.05,6.39,6.09,25398028,159837818.13,4.9261,1.2328,1,0,none,baostock,query_history_k_data_plus
601222,SHSE.601222,,SH,A股-上交所,2023-12-29,6.37,6.4,6.33,6.39,6.39,14380351,91678776.87,0.0,0.698,1,0,none,baostock,query_history_k_data_plus
601222,SHSE.601222,,SH,A股-上交所,2024-01-02,6.39,6.44,6.36,6.38,6.39,11412866,72982683.74,-0.1565,0.554,1,0,none,baostock,query_history_k_data_plus
601222,SHSE.601222,,SH,A股-上交所,2024-01-03,6.36,6.4,6.34,6.39,6.38,10311500,65747283.0,0.1567,0.5005,1,0,none,baostock,query_history_k_data_plus
601222,SHSE.601222,,SH,A股-上交所,2024-01-04,6.4,6.41,6.28,6.33,6.39,10336536,65435246.02,-0.939,0.5017,1,0,none,baostock,query_history_k_data_plus
601222,SHSE.601222,,SH,A股-上交所,2024-01-05,6.34,6.39,6.2,6.24,6.33,10802434,68049081.8,-1.4218,0.5243,1,0,none,baostock,query_history_k_data_plus
601222,SHSE.601222,,SH,A股-上交所,2024-01-08,6.21,6.27,6.12,6.13,6.24,10753328,66596289.64,-1.7628,0.522,1,0,none,baostock,query_history_k_data_plus
601222,SHSE.601222,,SH,A股-上交所,2024-01-09,6.13,6.28,6.11,6.19,6.13,11257608,69629699.64,0.9788,0.5464,1,0,none,baostock,query_history_k_data_plus
601222,SHSE.601222,,SH,A股-上交所,2024-01-10,6.16,6.3,6.12,6.21,6.19,11512328,71717349.28,0.3231,0.5588,1,0,none,baostock,query_history_k_data_plus
601222,SHSE.601222,,SH,A股-上交所,2024-01-11,6.21,6.35,6.19,6.3,6.21,12101500,75968114.22,1.4493,0.5874,1,0,none,baostock,query_history_k_data_plus
601222,SHSE.601222,,SH,A股-上交所,2024-01-12,6.29,6.42,6.27,6.36,6.3,12317853,78466921.02,0.9524,0.5979,1,0,none,baostock,query_history_k_data_plus
601222,SHSE.601222,,SH,A股-上交所,2024-01-15,6.38,6.39,6.31,6.32,6.36,11024613,69982673.45,-0.6289,0.5351,1,0,none,baostock,query_history_k_data_plus
601222,SHSE.601222,,SH,A股-上交所,2024-01-16,6.31,6.41,6.28,6.39,6.32,13492940,85590550.37,1.1076,0.6549,1,0,none,baostock,query_history_k_data_plus
601222,SHSE.601222,,SH,A股-上交所,2024-01-17,6.36,6.59,6.32,6.36,6.39,32690417,211098899.88,-0.4695,1.5868,1,0,none,baostock,query_history_k_data_plus
601222,SHSE.601222,,SH,A股-上交所,2024-01-18,6.26,6.39,6.1,6.34,6.36,33132536,207140716.82,-0.3145,1.6082,1,0,none,baostock,query_history_k_data_plus
601222,SHSE.601222,,SH,A股-上交所,2024-01-19,6.34,6.38,6.16,6.16,6.34,17843399,111226184.5,-2.8391,0.8661,1,0,none,baostock,query_history_k_data_plus
601222,SHSE.601222,,SH,A股-上交所,2024-01-22,6.16,6.18,5.84,5.9,6.16,23134482,138911633.75,-4.2208,1.1229,1,0,none,baostock,query_history_k_data_plus
601222,SHSE.601222,,SH,A股-上交所,2024-01-23,5.88,6.06,5.74,5.94,5.9,20135677,119253410.64,0.678,0.9774,1,0,none,baostock,query_history_k_data_plus
601222,SHSE.601222,,SH,A股-上交所,2024-01-24,5.97,6.0,5.72,5.92,5.94,19503382,114128336.82,-0.3367,0.9467,1,0,none,baostock,query_history_k_data_plus
601222,SHSE.601222,,SH,A股-上交所,2024-01-25,5.92,6.15,5.86,6.13,5.92,20680607,124793494.83,3.5473,1.0038,1,0,none,baostock,query_history_k_data_plus
601222,SHSE.601222,,SH,A股-上交所,2024-01-26,6.11,6.16,6.01,6.04,6.13,15556814,94463731.04,-1.4682,0.7551,1,0,none,baostock,query_history_k_data_plus
601222,SHSE.601222,,SH,A股-上交所,2024-01-29,6.05,6.07,5.84,5.85,6.04,18768101,110901971.12,-3.1457,0.911,1,0,none,baostock,query_history_k_data_plus
601222,SHSE.601222,,SH,A股-上交所,2024-01-30,5.81,5.89,5.76,5.76,5.85,12473685,72483095.43,-1.5385,0.6055,1,0,none,baostock,query_history_k_data_plus
601222,SHSE.601222,,SH,A股-上交所,2024-01-31,5.76,5.8,5.51,5.52,5.76,17125146,96340766.94,-4.1667,0.8312,1,0,none,baostock,query_history_k_data_plus
601222,SHSE.601222,,SH,A股-上交所,2024-02-01,5.52,5.63,5.43,5.48,5.52,13897924,76698476.26,-0.7246,0.6746,1,0,none,baostock,query_history_k_data_plus
601222,SHSE.601222,,SH,A股-上交所,2024-02-02,5.5,5.53,5.13,5.27,5.48,18170691,97463931.38,-3.8321,0.882,1,0,none,baostock,query_history_k_data_plus
601222,SHSE.601222,,SH,A股-上交所,2024-02-05,5.28,5.28,4.91,5.13,5.27,25742539,131423929.98,-2.6565,1.2495,1,0,none,baostock,query_history_k_data_plus
601222,SHSE.601222,,SH,A股-上交所,2024-02-06,5.08,5.56,5.01,5.51,5.13,22942682,121861425.16,7.4074,1.1136,1,0,none,baostock,query_history_k_data_plus
601222,SHSE.601222,,SH,A股-上交所,2024-02-07,5.52,5.87,5.5,5.85,5.51,29019610,167808943.2,6.1706,1.4086,1,0,none,baostock,query_history_k_data_plus
601222,SHSE.601222,,SH,A股-上交所,2024-02-08,5.87,6.15,5.78,5.97,5.85,30029431,181302949.65,2.0513,1.4576,1,0,none,baostock,query_history_k_data_plus
601222,SHSE.601222,,SH,A股-上交所,2024-02-19,6.07,6.09,5.86,5.9,5.97,20928622,124268410.19,-1.1725,1.0159,1,0,none,baostock,query_history_k_data_plus
601222,SHSE.601222,,SH,A股-上交所,2024-02-20,5.9,5.9,5.8,5.87,5.9,13941804,81339846.64,-0.5085,0.6767,1,0,none,baostock,query_history_k_data_plus
601222,SHSE.601222,,SH,A股-上交所,2024-02-21,5.83,6.08,5.79,5.92,5.87,19984277,119173553.74,0.8518,0.97,1,0,none,baostock,query_history_k_data_plus
601222,SHSE.601222,,SH,A股-上交所,2024-02-22,5.91,6.02,5.89,5.98,5.92,13782120,81950331.4,1.0135,0.669,1,0,none,baostock,query_history_k_data_plus
601222,SHSE.601222,,SH,A股-上交所,2024-02-23,5.99,6.05,5.92,6.02,5.98,13658008,81732718.75,0.6689,0.663,1,0,none,baostock,query_history_k_data_plus
601222,SHSE.601222,,SH,A股-上交所,2024-02-26,6.02,6.13,6.0,6.05,6.02,15736774,95331755.42,0.4983,0.7639,1,0,none,baostock,query_history_k_data_plus
601222,SHSE.601222,,SH,A股-上交所,2024-02-27,6.06,6.1,6.01,6.1,6.05,14211404,86130904.2,0.8264,0.6898,1,0,none,baostock,query_history_k_data_plus
601222,SHSE.601222,,SH,A股-上交所,2024-02-28,6.13,6.29,5.99,6.01,6.1,29640837,182506771.76,-1.4754,1.4388,1,0,none,baostock,query_history_k_data_plus
601222,SHSE.601222,,SH,A股-上交所,2024-02-29,5.97,6.17,5.96,6.17,6.01,19642261,119858706.88,2.6622,0.9534,1,0,none,baostock,query_history_k_data_plus
601222,SHSE.601222,,SH,A股-上交所,2024-03-01,6.19,6.3,6.16,6.26,6.17,20314348,126718987.37,1.4587,0.9861,1,0,none,baostock,query_history_k_data_plus
601222,SHSE.601222,,SH,A股-上交所,2024-03-04,6.29,6.31,6.16,6.22,6.26,16035641,99676973.53,-0.639,0.7784,1,0,none,baostock,query_history_k_data_plus
601222,SHSE.601222,,SH,A股-上交所,2024-03-05,6.18,6.21,6.12,6.14,6.22,14759073,90901313.96,-1.2862,0.7164,1,0,none,baostock,query_history_k_data_plus
601222,SHSE.601222,,SH,A股-上交所,2024-03-06,6.14,6.34,6.1,6.28,6.14,20682984,129279292.06,2.2801,1.0039,1,0,none,baostock,query_history_k_data_plus
601222,SHSE.601222,,SH,A股-上交所,2024-03-07,6.28,6.3,6.15,6.16,6.28,16124552,100481663.33,-1.9108,0.7827,1,0,none,baostock,query_history_k_data_plus
601222,SHSE.601222,,SH,A股-上交所,2024-03-08,6.14,6.28,6.14,6.28,6.16,15796378,98712656.6,1.9481,0.7668,1,0,none,baostock,query_history_k_data_plus
601222,SHSE.601222,,SH,A股-上交所,2024-03-11,6.32,6.57,6.3,6.56,6.28,32550570,210102908.38,4.4586,1.58,1,0,none,baostock,query_history_k_data_plus
601222,SHSE.601222,,SH,A股-上交所,2024-03-12,6.52,6.66,6.5,6.55,6.56,28911044,190170467.0,-0.1524,1.4033,1,0,none,baostock,query_history_k_data_plus
601222,SHSE.601222,,SH,A股-上交所,2024-03-13,6.52,6.55,6.44,6.48,6.55,18068300,117114541.0,-1.0687,0.877,1,0,none,baostock,query_history_k_data_plus
601222,SHSE.601222,,SH,A股-上交所,2024-03-14,6.45,6.52,6.35,6.42,6.48,14895626,95778666.94,-0.9259,0.723,1,0,none,baostock,query_history_k_data_plus
601222,SHSE.601222,,SH,A股-上交所,2024-03-15,6.39,6.44,6.33,6.43,6.42,12403692,79208858.32,0.1558,0.6021,1,0,none,baostock,query_history_k_data_plus
601222,SHSE.601222,,SH,A股-上交所,2024-03-18,6.46,6.51,6.42,6.49,6.43,15588822,100766387.39,0.9331,0.7567,1,0,none,baostock,query_history_k_data_plus
601222,SHSE.601222,,SH,A股-上交所,2024-03-19,6.48,6.53,6.45,6.45,6.49,12371400,80264130.0,-0.6163,0.6005,1,0,none,baostock,query_history_k_data_plus
601222,SHSE.601222,,SH,A股-上交所,2024-03-20,6.45,6.56,6.42,6.53,6.45,18234399,118458485.47,1.2403,0.8851,1,0,none,baostock,query_history_k_data_plus
601222,SHSE.601222,,SH,A股-上交所,2024-03-21,6.65,6.66,6.5,6.55,6.53,20359800,133614865.0,0.3063,0.9883,1,0,none,baostock,query_history_k_data_plus
601222,SHSE.601222,,SH,A股-上交所,2024-03-22,6.52,6.57,6.44,6.46,6.55,15515363,100674342.35,-1.374,0.7531,1,0,none,baostock,query_history_k_data_plus
601222,SHSE.601222,,SH,A股-上交所,2024-03-25,6.43,6.52,6.39,6.4,6.46,15453999,99723128.59,-0.9288,0.7501,1,0,none,baostock,query_history_k_data_plus
601222,SHSE.601222,,SH,A股-上交所,2024-03-26,6.4,6.45,6.32,6.43,6.4,16021916,102409653.46,0.4688,0.7777,1,0,none,baostock,query_history_k_data_plus
601222,SHSE.601222,,SH,A股-上交所,2024-03-27,6.44,6.46,6.26,6.26,6.43,13374700,85185216.0,-2.6439,0.6492,1,0,none,baostock,query_history_k_data_plus
601222,SHSE.601222,,SH,A股-上交所,2024-03-28,6.26,6.44,6.26,6.33,6.26,11241865,71396400.8,1.1182,0.5457,1,0,none,baostock,query_history_k_data_plus
601222,SHSE.601222,,SH,A股-上交所,2024-03-29,6.37,6.4,6.31,6.35,6.33,8634000,54741104.0,0.316,0.4191,1,0,none,baostock,query_history_k_data_plus
601222,SHSE.601222,,SH,A股-上交所,2024-04-01,6.37,6.46,6.36,6.45,6.35,13395220,86007771.4,1.5748,0.6502,1,0,none,baostock,query_history_k_data_plus
601222,SHSE.601222,,SH,A股-上交所,2024-04-02,6.47,6.49,6.4,6.44,6.45,11800457,75959920.24,-0.155,0.5728,1,0,none,baostock,query_history_k_data_plus
601222,SHSE.601222,,SH,A股-上交所,2024-04-03,6.45,6.47,6.36,6.39,6.44,12469169,79728143.39,-0.7764,0.6052,1,0,none,baostock,query_history_k_data_plus
601222,SHSE.601222,,SH,A股-上交所,2024-04-08,6.45,6.49,6.33,6.33,6.39,20639660,132348804.4,-0.939,1.0018,1,0,none,baostock,query_history_k_data_plus
601222,SHSE.601222,,SH,A股-上交所,2024-04-09,6.34,6.48,6.31,6.43,6.33,22600620,145107799.9,1.5798,1.097,1,0,none,baostock,query_history_k_data_plus
601222,SHSE.601222,,SH,A股-上交所,2024-04-10,6.41,6.41,6.26,6.31,6.43,16882574,106908017.91,-1.8663,0.8195,1,0,none,baostock,query_history_k_data_plus
601222,SHSE.601222,,SH,A股-上交所,2024-04-11,6.3,6.43,6.21,6.37,6.31,20728437,131989333.33,0.9509,1.0062,1,0,none,baostock,query_history_k_data_plus
601222,SHSE.601222,,SH,A股-上交所,2024-04-12,6.39,6.4,6.24,6.26,6.37,13777796,86907446.21,-1.7268,0.6688,1,0,none,baostock,query_history_k_data_plus
601222,SHSE.601222,,SH,A股-上交所,2024-04-15,6.29,6.47,6.26,6.35,6.26,23008975,146622787.63,1.4377,1.1168,1,0,none,baostock,query_history_k_data_plus
601222,SHSE.601222,,SH,A股-上交所,2024-04-16,6.37,6.38,6.18,6.19,6.35,20368214,127741536.41,-2.5197,0.9887,1,0,none,baostock,query_history_k_data_plus
601222,SHSE.601222,,SH,A股-上交所,2024-04-17,6.26,6.38,6.22,6.38,6.19,19208385,121418898.05,3.0695,0.9324,1,0,none,baostock,query_history_k_data_plus
601222,SHSE.601222,,SH,A股-上交所,2024-04-18,6.36,6.45,6.33,6.38,6.38,16774051,107412811.75,0.0,0.8142,1,0,none,baostock,query_history_k_data_plus
601222,SHSE.601222,,SH,A股-上交所,2024-04-19,6.38,6.44,6.3,6.33,6.38,13267532,84358163.18,-0.7837,0.644,1,0,none,baostock,query_history_k_data_plus
601222,SHSE.601222,,SH,A股-上交所,2024-04-22,6.33,6.38,6.27,6.3,6.33,12503818,78969002.0,-0.4739,0.6069,1,0,none,baostock,query_history_k_data_plus
601222,SHSE.601222,,SH,A股-上交所,2024-04-23,6.32,6.34,5.98,6.01,6.3,28573081,174174278.37,-4.6032,1.3869,1,0,none,baostock,query_history_k_data_plus
601222,SHSE.601222,,SH,A股-上交所,2024-04-24,6.04,6.23,5.99,6.22,6.01,17007393,104259904.46,3.4942,0.8255,1,0,none,baostock,query_history_k_data_plus
601222,SHSE.601222,,SH,A股-上交所,2024-04-25,6.17,6.3,6.13,6.23,6.22,11470800,71566828.0,0.1608,0.5568,1,0,none,baostock,query_history_k_data_plus
601222,SHSE.601222,,SH,A股-上交所,2024-04-26,6.2,6.29,6.17,6.29,6.23,12549632,78322579.11,0.9631,0.6092,1,0,none,baostock,query_history_k_data_plus
601222,SHSE.601222,,SH,A股-上交所,2024-04-29,6.44,6.72,6.42,6.71,6.29,48851541,322318500.28,6.6773,2.3712,1,0,none,baostock,query_history_k_data_plus
601222,SHSE.601222,,SH,A股-上交所,2024-04-30,6.68,6.73,6.57,6.62,6.71,23558365,155749150.28,-1.3413,1.1435,1,0,none,baostock,query_history_k_data_plus
601222,SHSE.601222,,SH,A股-上交所,2024-05-06,6.67,6.78,6.65,6.75,6.62,25665225,172533567.88,1.9637,1.2458,1,0,none,baostock,query_history_k_data_plus
601222,SHSE.601222,,SH,A股-上交所,2024-05-07,6.75,6.79,6.7,6.73,6.75,20500757,138386594.32,-0.2963,0.9951,1,0,none,baostock,query_history_k_data_plus
601222,SHSE.601222,,SH,A股-上交所,2024-05-08,6.71,6.73,6.58,6.6,6.73,17592200,116944720.0,-1.9316,0.8539,1,0,none,baostock,query_history_k_data_plus
601222,SHSE.601222,,SH,A股-上交所,2024-05-09,6.59,6.74,6.59,6.73,6.6,19849517,133130878.87,1.9697,0.9635,1,0,none,baostock,query_history_k_data_plus
601222,SHSE.601222,,SH,A股-上交所,2024-05-10,6.75,6.97,6.67,6.93,6.73,55605295,381447634.15,2.9718,2.6991,1,0,none,baostock,query_history_k_data_plus
601222,SHSE.601222,,SH,A股-上交所,2024-05-13,6.88,7.02,6.84,6.97,6.93,54176607,375878065.08,0.5772,2.6297,1,0,none,baostock,query_history_k_data_plus
601222,SHSE.601222,,SH,A股-上交所,2024-05-14,6.91,6.95,6.85,6.86,6.97,27906728,192030936.89,-1.5782,1.3546,1,0,none,baostock,query_history_k_data_plus
601222,SHSE.601222,,SH,A股-上交所,2024-05-15,6.86,6.9,6.73,6.74,6.86,22906273,155562682.36,-1.7493,1.1119,1,0,none,baostock,query_history_k_data_plus
601222,SHSE.601222,,SH,A股-上交所,2024-05-16,6.78,6.9,6.73,6.81,6.74,24286084,166059996.42,1.0386,1.1788,1,0,none,baostock,query_history_k_data_plus
601222,SHSE.601222,,SH,A股-上交所,2024-05-17,6.8,6.82,6.69,6.77,6.81,19139709,129079039.3,-0.5874,0.929,1,0,none,baostock,query_history_k_data_plus
601222,SHSE.601222,,SH,A股-上交所,2024-05-20,6.79,6.86,6.76,6.81,6.77,16542349,112771297.69,0.5908,0.803,1,0,none,baostock,query_history_k_data_plus
601222,SHSE.601222,,SH,A股-上交所,2024-05-21,6.83,6.84,6.69,6.74,6.81,15971451,107718987.71,-1.0279,0.7752,1,0,none,baostock,query_history_k_data_plus
601222,SHSE.601222,,SH,A股-上交所,2024-05-22,6.74,6.85,6.72,6.82,6.74,20849949,141677366.26,1.1869,1.0121,1,0,none,baostock,query_history_k_data_plus
601222,SHSE.601222,,SH,A股-上交所,2024-05-23,6.85,6.85,6.69,6.72,6.82,15192450,102377533.5,-1.4663,0.7374,1,0,none,baostock,query_history_k_data_plus
601222,SHSE.601222,,SH,A股-上交所,2024-05-24,6.7,6.93,6.69,6.78,6.72,26023075,178240485.64,0.8929,1.2632,1,0,none,baostock,query_history_k_data_plus
601222,SHSE.601222,,SH,A股-上交所,2024-05-27,6.81,6.91,6.78,6.89,6.78,20228097,138602700.45,1.6224,0.9819,1,0,none,baostock,query_history_k_data_plus
601222,SHSE.601222,,SH,A股-上交所,2024-05-28,6.91,7.04,6.88,6.92,6.89,30544086,211903266.07,0.4354,1.4826,1,0,none,baostock,query_history_k_data_plus
601222,SHSE.601222,,SH,A股-上交所,2024-05-29,6.89,7.01,6.84,6.9,6.92,25111160,174081582.36,-0.289,1.2189,1,0,none,baostock,query_history_k_data_plus
601222,SHSE.601222,,SH,A股-上交所,2024-05-30,6.9,6.98,6.85,6.87,6.9,17104136,118055474.7,-0.4348,0.8302,1,0,none,baostock,query_history_k_data_plus
601222,SHSE.601222,,SH,A股-上交所,2024-05-31,6.87,6.9,6.75,6.84,6.87,18938800,129076851.0,-0.4367,0.9193,1,0,none,baostock,query_history_k_data_plus
601222,SHSE.601222,,SH,A股-上交所,2024-06-03,6.85,6.85,6.67,6.72,6.84,17459271,117169752.5,-1.7544,0.8475,1,0,none,baostock,query_history_k_data_plus
601222,SHSE.601222,,SH,A股-上交所,2024-06-04,6.7,6.94,6.66,6.93,6.72,24087550,164564284.08,3.125,1.1692,1,0,none,baostock,query_history_k_data_plus
601222,SHSE.601222,,SH,A股-上交所,2024-06-05,6.89,6.95,6.78,6.8,6.93,15804730,108532499.4,-1.8759,0.7672,1,0,none,baostock,query_history_k_data_plus
601222,SHSE.601222,,SH,A股-上交所,2024-06-06,6.81,6.83,6.69,6.72,6.8,17322000,116882169.0,-1.1765,0.8408,1,0,none,baostock,query_history_k_data_plus
601222,SHSE.601222,,SH,A股-上交所,2024-06-07,6.75,6.76,6.59,6.65,6.72,17506311,116558962.15,-1.0417,0.8498,1,0,none,baostock,query_history_k_data_plus
601222,SHSE.601222,,SH,A股-上交所,2024-06-11,6.61,6.67,6.55,6.63,6.65,11204680,74165141.64,-0.3008,0.5439,1,0,none,baostock,query_history_k_data_plus
601222,SHSE.601222,,SH,A股-上交所,2024-06-12,6.63,6.66,6.58,6.63,6.63,11395419,75527524.32,0.0,0.5531,1,0,none,baostock,query_history_k_data_plus
601222,SHSE.601222,,SH,A股-上交所,2024-06-13,6.64,6.65,6.57,6.6,6.63,11072685,73014402.94,-0.4525,0.5375,1,0,none,baostock,query_history_k_data_plus
601222,SHSE.601222,,SH,A股-上交所,2024-06-14,6.6,6.75,6.58,6.7,6.6,16973600,113381232.0,1.5152,0.8239,1,0,none,baostock,query_history_k_data_plus
601222,SHSE.601222,,SH,A股-上交所,2024-06-17,6.66,6.82,6.62,6.72,6.7,16924947,114222589.31,0.2985,0.8215,1,0,none,baostock,query_history_k_data_plus
601222,SHSE.601222,,SH,A股-上交所,2024-06-18,6.75,6.85,6.65,6.83,6.72,20178056,136846197.24,1.6369,0.9794,1,0,none,baostock,query_history_k_data_plus
601222,SHSE.601222,,SH,A股-上交所,2024-06-19,6.6,6.6,6.34,6.35,6.53,25168808,161250988.57,-2.7565,1.2217,1,0,none,baostock,query_history_k_data_plus
601222,SHSE.601222,,SH,A股-上交所,2024-06-20,6.36,6.36,6.15,6.16,6.35,15122058,94041411.88,-2.9921,0.734,1,0,none,baostock,query_history_k_data_plus
601222,SHSE.601222,,SH,A股-上交所,2024-06-21,6.18,6.27,6.15,6.23,6.16,9927635,61906133.23,1.1364,0.4819,1,0,none,baostock,query_history_k_data_plus
601222,SHSE.601222,,SH,A股-上交所,2024-06-24,6.19,6.28,6.1,6.1,6.23,14638086,90548309.6,-2.0867,0.7105,1,0,none,baostock,query_history_k_data_plus
601222,SHSE.601222,,SH,A股-上交所,2024-06-25,6.1,6.17,6.05,6.14,6.1,13954904,85325128.52,0.6557,0.6774,1,0,none,baostock,query_history_k_data_plus
601222,SHSE.601222,,SH,A股-上交所,2024-06-26,6.12,6.21,6.04,6.19,6.14,11347314,69550868.54,0.8143,0.5508,1,0,none,baostock,query_history_k_data_plus
601222,SHSE.601222,,SH,A股-上交所,2024-06-27,6.19,6.2,6.06,6.06,6.19,11517300,70278036.0,-2.1002,0.559,1,0,none,baostock,query_history_k_data_plus
601222,SHSE.601222,,SH,A股-上交所,2024-06-28,6.05,6.38,6.05,6.27,6.06,22723911,141896134.92,3.4653,1.103,1,0,none,baostock,query_history_k_data_plus
601222,SHSE.601222,,SH,A股-上交所,2024-07-01,6.27,6.35,6.25,6.29,6.27,10198004,64173895.0,0.319,0.495,1,0,none,baostock,query_history_k_data_plus
601222,SHSE.601222,,SH,A股-上交所,2024-07-02,6.29,6.3,6.18,6.2,6.29,11281094,70162259.68,-1.4308,0.5476,1,0,none,baostock,query_history_k_data_plus
601222,SHSE.601222,,SH,A股-上交所,2024-07-03,6.22,6.22,6.13,6.14,6.2,7962900,49107378.0,-0.9677,0.3865,1,0,none,baostock,query_history_k_data_plus
601222,SHSE.601222,,SH,A股-上交所,2024-07-04,6.17,6.31,6.14,6.18,6.14,15696326,97649108.28,0.6515,0.7619,1,0,none,baostock,query_history_k_data_plus
601222,SHSE.601222,,SH,A股-上交所,2024-07-05,6.15,6.18,6.07,6.12,6.18,10023250,61217704.0,-0.9709,0.4865,1,0,none,baostock,query_history_k_data_plus
601222,SHSE.601222,,SH,A股-上交所,2024-07-08,6.09,6.11,6.0,6.01,6.12,10467071,63258896.13,-1.7974,0.5081,1,0,none,baostock,query_history_k_data_plus
601222,SHSE.601222,,SH,A股-上交所,2024-07-09,6.03,6.15,5.92,6.13,6.01,15011724,90799118.38,1.9967,0.7287,1,0,none,baostock,query_history_k_data_plus
601222,SHSE.601222,,SH,A股-上交所,2024-07-10,6.1,6.13,6.01,6.02,6.13,10064259,60995557.13,-1.7945,0.4885,1,0,none,baostock,query_history_k_data_plus
601222,SHSE.601222,,SH,A股-上交所,2024-07-11,6.11,6.19,6.08,6.17,6.02,13893840,85381867.2,2.4917,0.6744,1,0,none,baostock,query_history_k_data_plus
601222,SHSE.601222,,SH,A股-上交所,2024-07-12,6.18,6.2,6.12,6.15,6.17,9490037,58431169.55,-0.3241,0.4606,1,0,none,baostock,query_history_k_data_plus
601222,SHSE.601222,,SH,A股-上交所,2024-07-15,6.14,6.14,6.01,6.05,6.15,10490700,63504001.0,-1.626,0.5092,1,0,none,baostock,query_history_k_data_plus
601222,SHSE.601222,,SH,A股-上交所,2024-07-16,6.04,6.08,5.98,6.04,6.05,8336700,50151704.0,-0.1653,0.4047,1,0,none,baostock,query_history_k_data_plus
601222,SHSE.601222,,SH,A股-上交所,2024-07-17,6.06,6.09,5.98,6.03,6.04,8948100,53880463.0,-0.1656,0.4343,1,0,none,baostock,query_history_k_data_plus
601222,SHSE.601222,,SH,A股-上交所,2024-07-18,5.99,6.06,5.93,6.03,6.03,9592150,57549032.0,0.0,0.4656,1,0,none,baostock,query_history_k_data_plus
601222,SHSE.601222,,SH,A股-上交所,2024-07-19,5.99,6.04,5.96,6.01,6.03,8226900,49354123.0,-0.3317,0.3993,1,0,none,baostock,query_history_k_data_plus
601222,SHSE.601222,,SH,A股-上交所,2024-07-22,6.06,6.25,6.06,6.12,6.01,15846633,97472087.53,1.8303,0.7692,1,0,none,baostock,query_history_k_data_plus
601222,SHSE.601222,,SH,A股-上交所,2024-07-23,6.14,6.14,5.99,5.99,6.12,11205547,67955726.93,-2.1242,0.5439,1,0,none,baostock,query_history_k_data_plus
601222,SHSE.601222,,SH,A股-上交所,2024-07-24,5.99,6.06,5.95,5.98,5.99,10283611,61716339.28,-0.1669,0.4992,1,0,none,baostock,query_history_k_data_plus
601222,SHSE.601222,,SH,A股-上交所,2024-07-25,5.96,6.11,5.96,6.06,5.98,9736064,58872247.76,1.3378,0.4726,1,0,none,baostock,query_history_k_data_plus
601222,SHSE.601222,,SH,A股-上交所,2024-07-26,6.04,6.2,6.04,6.18,6.06,12858566,79264636.3,1.9802,0.6242,1,0,none,baostock,query_history_k_data_plus
601222,SHSE.601222,,SH,A股-上交所,2024-07-29,6.17,6.2,6.09,6.1,6.18,11584345,71041593.49,-1.2945,0.5623,1,0,none,baostock,query_history_k_data_plus
601222,SHSE.601222,,SH,A股-上交所,2024-07-30,6.1,6.12,6.04,6.1,6.1,6993900,42574548.94,0.0,0.3395,1,0,none,baostock,query_history_k_data_plus
601222,SHSE.601222,,SH,A股-上交所,2024-07-31,6.1,6.25,6.08,6.24,6.1,14786038,91530071.5,2.2951,0.7177,1,0,none,baostock,query_history_k_data_plus
601222,SHSE.601222,,SH,A股-上交所,2024-08-01,6.25,6.3,6.2,6.24,6.24,9615495,60061686.8,0.0,0.4667,1,0,none,baostock,query_history_k_data_plus
601222,SHSE.601222,,SH,A股-上交所,2024-08-02,6.2,6.26,6.17,6.18,6.24,7326006,45526453.14,-0.9615,0.3556,1,0,none,baostock,query_history_k_data_plus
601222,SHSE.601222,,SH,A股-上交所,2024-08-05,6.17,6.25,6.11,6.11,6.18,11915804,73691876.72,-1.1327,0.5784,1,0,none,baostock,query_history_k_data_plus
601222,SHSE.601222,,SH,A股-上交所,2024-08-06,6.13,6.23,6.13,6.19,6.11,9220850,56975395.0,1.3093,0.4476,1,0,none,baostock,query_history_k_data_plus
601222,SHSE.601222,,SH,A股-上交所,2024-08-07,6.23,6.28,6.18,6.25,6.19,9195297,57349031.25,0.9693,0.4463,1,0,none,baostock,query_history_k_data_plus
601222,SHSE.601222,,SH,A股-上交所,2024-08-08,6.22,6.28,6.2,6.26,6.25,6972026,43514171.51,0.16,0.3384,1,0,none,baostock,query_history_k_data_plus
601222,SHSE.601222,,SH,A股-上交所,2024-08-09,6.26,6.32,6.22,6.22,6.26,6247250,39140793.0,-0.639,0.3032,1,0,none,baostock,query_history_k_data_plus
601222,SHSE.601222,,SH,A股-上交所,2024-08-12,6.23,6.28,6.21,6.23,6.22,6481009,40432682.18,0.1608,0.3146,1,0,none,baostock,query_history_k_data_plus
601222,SHSE.601222,,SH,A股-上交所,2024-08-13,6.23,6.32,6.2,6.31,6.23,9242636,58019172.42,1.2841,0.4486,1,0,none,baostock,query_history_k_data_plus
601222,SHSE.601222,,SH,A股-上交所,2024-08-14,6.31,6.37,6.27,6.27,6.31,7669700,48384214.0,-0.6339,0.3723,1,0,none,baostock,query_history_k_data_plus
601222,SHSE.601222,,SH,A股-上交所,2024-08-15,6.27,6.39,6.24,6.36,6.27,10416900,66021188.25,1.4354,0.5056,1,0,none,baostock,query_history_k_data_plus
601222,SHSE.601222,,SH,A股-上交所,2024-08-16,6.35,6.37,6.28,6.28,6.36,7844197,49541518.95,-1.2579,0.3808,1,0,none,baostock,query_history_k_data_plus
601222,SHSE.601222,,SH,A股-上交所,2024-08-19,6.3,6.36,6.27,6.36,6.28,8824800,55831336.0,1.2739,0.4284,1,0,none,baostock,query_history_k_data_plus
601222,SHSE.601222,,SH,A股-上交所,2024-08-20,6.33,6.39,6.26,6.31,6.36,15141953,95735026.43,-0.7862,0.735,1,0,none,baostock,query_history_k_data_plus
601222,SHSE.601222,,SH,A股-上交所,2024-08-21,6.29,6.42,6.25,6.37,6.31,14618127,93076732.25,0.9509,0.7096,1,0,none,baostock,query_history_k_data_plus
601222,SHSE.601222,,SH,A股-上交所,2024-08-22,6.38,6.43,6.34,6.4,6.37,12559350,80285567.5,0.471,0.6096,1,0,none,baostock,query_history_k_data_plus
601222,SHSE.601222,,SH,A股-上交所,2024-08-23,6.39,6.45,6.37,6.44,6.4,11872851,76204408.4,0.625,0.5763,1,0,none,baostock,query_history_k_data_plus
601222,SHSE.601222,,SH,A股-上交所,2024-08-26,6.44,6.56,6.43,6.56,6.44,18072164,117809724.92,1.8634,0.8772,1,0,none,baostock,query_history_k_data_plus
601222,SHSE.601222,,SH,A股-上交所,2024-08-27,6.53,6.61,6.51,6.6,6.56,14888200,97912699.19,0.6098,0.7227,1,0,none,baostock,query_history_k_data_plus
601222,SHSE.601222,,SH,A股-上交所,2024-08-28,6.62,6.84,6.59,6.81,6.6,29531791,199479455.56,3.1818,1.4335,1,0,none,baostock,query_history_k_data_plus
601222,SHSE.601222,,SH,A股-上交所,2024-08-29,6.79,6.95,6.76,6.94,6.81,29305927,201621059.02,1.909,1.4225,1,0,none,baostock,query_history_k_data_plus
601222,SHSE.601222,,SH,A股-上交所,2024-08-30,6.94,6.99,6.78,6.84,6.94,31393174,216060014.85,-1.4409,1.5238,1,0,none,baostock,query_history_k_data_plus
601222,SHSE.601222,,SH,A股-上交所,2024-09-02,6.8,7.05,6.8,6.99,6.84,34858779,243155150.0,2.193,1.692,1,0,none,baostock,query_history_k_data_plus
601222,SHSE.601222,,SH,A股-上交所,2024-09-03,7.01,7.21,7.0,7.19,6.99,34256635,244776451.95,2.8612,1.6628,1,0,none,baostock,query_history_k_data_plus
601222,SHSE.601222,,SH,A股-上交所,2024-09-04,7.14,7.18,7.03,7.13,7.19,20241700,144043111.0,-0.8345,0.9825,1,0,none,baostock,query_history_k_data_plus
601222,SHSE.601222,,SH,A股-上交所,2024-09-05,7.1,7.17,7.05,7.12,7.13,19238950,136874656.0,-0.1403,0.9339,1,0,none,baostock,query_history_k_data_plus
601222,SHSE.601222,,SH,A股-上交所,2024-09-06,7.1,7.2,7.04,7.04,7.12,16232100,115366213.0,-1.1236,0.7879,1,0,none,baostock,query_history_k_data_plus
601222,SHSE.601222,,SH,A股-上交所,2024-09-09,7.05,7.05,6.92,6.95,7.04,23750660,165548062.06,-1.2784,1.1528,1,0,none,baostock,query_history_k_data_plus
601222,SHSE.601222,,SH,A股-上交所,2024-09-10,6.98,7.0,6.87,6.98,6.95,16581043,114821231.27,0.4317,0.8048,1,0,none,baostock,query_history_k_data_plus
601222,SHSE.601222,,SH,A股-上交所,2024-09-11,6.97,7.03,6.91,6.99,6.98,12337350,86165669.5,0.1433,0.5989,1,0,none,baostock,query_history_k_data_plus
601222,SHSE.601222,,SH,A股-上交所,2024-09-12,6.97,7.17,6.96,7.06,6.99,16271969,115237340.97,1.0014,0.7898,1,0,none,baostock,query_history_k_data_plus
601222,SHSE.601222,,SH,A股-上交所,2024-09-13,7.03,7.11,7.01,7.04,7.06,16177460,114323825.05,-0.2833,0.7852,1,0,none,baostock,query_history_k_data_plus
601222,SHSE.601222,,SH,A股-上交所,2024-09-18,7.0,7.11,6.99,7.06,7.04,14341000,101295274.0,0.2841,0.6961,1,0,none,baostock,query_history_k_data_plus
601222,SHSE.601222,,SH,A股-上交所,2024-09-19,7.08,7.14,7.02,7.05,7.06,14986200,105792138.0,-0.1416,0.7274,1,0,none,baostock,query_history_k_data_plus
601222,SHSE.601222,,SH,A股-上交所,2024-09-20,7.07,7.07,6.94,7.02,7.05,12714750,88972167.0,-0.4255,0.6172,1,0,none,baostock,query_history_k_data_plus
601222,SHSE.601222,,SH,A股-上交所,2024-09-23,7.01,7.02,6.85,6.86,7.02,17806200,122928788.0,-2.2792,0.8643,1,0,none,baostock,query_history_k_data_plus
601222,SHSE.601222,,SH,A股-上交所,2024-09-24,6.89,6.99,6.78,6.87,6.86,32199800,221396312.25,0.1458,1.563,1,0,none,baostock,query_history_k_data_plus
601222,SHSE.601222,,SH,A股-上交所,2024-09-25,6.89,7.07,6.84,6.85,6.87,28583400,198899156.0,-0.2911,1.3874,1,0,none,baostock,query_history_k_data_plus
601222,SHSE.601222,,SH,A股-上交所,2024-09-26,6.81,6.89,6.62,6.88,6.85,38750876,261514945.0,0.438,1.881,1,0,none,baostock,query_history_k_data_plus
601222,SHSE.601222,,SH,A股-上交所,2024-09-27,6.95,7.1,6.93,7.1,6.88,28560504,201111281.12,3.1977,1.3863,1,0,none,baostock,query_history_k_data_plus
601222,SHSE.601222,,SH,A股-上交所,2024-09-30,7.36,7.68,7.25,7.6,7.1,74525375,559185936.95,7.0423,3.6174,1,0,none,baostock,query_history_k_data_plus
601222,SHSE.601222,,SH,A股-上交所,2024-10-08,8.34,8.36,7.55,7.88,7.6,93183945,738872232.46,3.6842,4.5231,1,0,none,baostock,query_history_k_data_plus
601222,SHSE.601222,,SH,A股-上交所,2024-10-09,7.79,7.84,7.37,7.37,7.88,63635825,482070995.96,-6.4721,3.0889,1,0,none,baostock,query_history_k_data_plus
601222,SHSE.601222,,SH,A股-上交所,2024-10-10,7.37,7.58,7.27,7.31,7.37,37636541,278675766.71,-0.8141,1.8269,1,0,none,baostock,query_history_k_data_plus
601222,SHSE.601222,,SH,A股-上交所,2024-10-11,7.32,7.33,6.99,7.05,7.31,30492638,217492866.82,-3.5568,1.4801,1,0,none,baostock,query_history_k_data_plus
601222,SHSE.601222,,SH,A股-上交所,2024-10-14,7.09,7.13,6.91,7.1,7.05,31243240,219923193.85,0.7092,1.5165,1,0,none,baostock,query_history_k_data_plus
601222,SHSE.601222,,SH,A股-上交所,2024-10-15,7.05,7.08,6.86,6.86,7.1,32652686,226584123.02,-3.3803,1.585,1,0,none,baostock,query_history_k_data_plus
601222,SHSE.601222,,SH,A股-上交所,2024-10-16,6.82,6.95,6.77,6.87,6.86,22751000,156090460.0,0.1458,1.1043,1,0,none,baostock,query_history_k_data_plus
601222,SHSE.601222,,SH,A股-上交所,2024-10-17,6.87,6.95,6.76,6.77,6.87,24919830,170126958.7,-1.4556,1.2096,1,0,none,baostock,query_history_k_data_plus
601222,SHSE.601222,,SH,A股-上交所,2024-10-18,6.75,7.07,6.73,6.96,6.77,33065256,228756637.47,2.8065,1.605,1,0,none,baostock,query_history_k_data_plus
601222,SHSE.601222,,SH,A股-上交所,2024-10-21,7.0,7.04,6.87,6.9,6.96,35210453,244218570.28,-0.8621,1.7091,1,0,none,baostock,query_history_k_data_plus
601222,SHSE.601222,,SH,A股-上交所,2024-10-22,6.9,7.12,6.83,7.12,6.9,38451767,268242646.81,3.1884,1.8664,1,0,none,baostock,query_history_k_data_plus
601222,SHSE.601222,,SH,A股-上交所,2024-10-23,7.09,7.33,7.08,7.17,7.12,40956732,294669520.66,0.7022,1.988,1,0,none,baostock,query_history_k_data_plus
601222,SHSE.601222,,SH,A股-上交所,2024-10-24,7.17,7.18,6.98,7.03,7.17,25804481,181288472.43,-1.9526,1.2525,1,0,none,baostock,query_history_k_data_plus
601222,SHSE.601222,,SH,A股-上交所,2024-10-25,7.01,7.32,7.01,7.28,7.03,44513156,321578910.79,3.5562,2.1607,1,0,none,baostock,query_history_k_data_plus
601222,SHSE.601222,,SH,A股-上交所,2024-10-28,7.3,7.3,7.16,7.26,7.28,32619762,235384309.64,-0.2747,1.5834,1,0,none,baostock,query_history_k_data_plus
601222,SHSE.601222,,SH,A股-上交所,2024-10-29,7.29,7.33,7.13,7.16,7.26,29043600,209392733.0,-1.3774,1.4098,1,0,none,baostock,query_history_k_data_plus
601222,SHSE.601222,,SH,A股-上交所,2024-10-30,7.2,7.41,7.18,7.26,7.16,35252248,257103564.94,1.3966,1.7111,1,0,none,baostock,query_history_k_data_plus
601222,SHSE.601222,,SH,A股-上交所,2024-10-31,7.4,7.47,7.3,7.37,7.26,38820273,285958184.93,1.5152,1.8843,1,0,none,baostock,query_history_k_data_plus
601222,SHSE.601222,,SH,A股-上交所,2024-11-01,7.37,7.37,7.18,7.26,7.37,32627996,236971941.44,-1.4925,1.5838,1,0,none,baostock,query_history_k_data_plus
601222,SHSE.601222,,SH,A股-上交所,2024-11-04,7.3,7.41,7.27,7.41,7.26,31574276,232659581.31,2.0661,1.5326,1,0,none,baostock,query_history_k_data_plus
601222,SHSE.601222,,SH,A股-上交所,2024-11-05,7.42,7.59,7.38,7.56,7.41,41649839,313188721.3,2.0243,2.0217,1,0,none,baostock,query_history_k_data_plus
601222,SHSE.601222,,SH,A股-上交所,2024-11-06,7.61,7.96,7.6,7.75,7.56,55751954,435618588.3,2.5132,2.7062,1,0,none,baostock,query_history_k_data_plus
601222,SHSE.601222,,SH,A股-上交所,2024-11-07,7.77,7.82,7.66,7.74,7.75,34093591,263005658.98,-0.129,1.6549,1,0,none,baostock,query_history_k_data_plus
601222,SHSE.601222,,SH,A股-上交所,2024-11-08,7.77,7.84,7.64,7.66,7.74,31865390,245939446.72,-1.0336,1.5467,1,0,none,baostock,query_history_k_data_plus
601222,SHSE.601222,,SH,A股-上交所,2024-11-11,7.63,7.66,7.54,7.61,7.66,29172646,221611305.87,-0.6527,1.416,1,0,none,baostock,query_history_k_data_plus
601222,SHSE.601222,,SH,A股-上交所,2024-11-12,7.67,7.76,7.53,7.6,7.61,32372328,247830954.88,-0.1314,1.5713,1,0,none,baostock,query_history_k_data_plus
601222,SHSE.601222,,SH,A股-上交所,2024-11-13,7.57,7.72,7.53,7.71,7.6,30292319,230861878.14,1.4474,1.4704,1,0,none,baostock,query_history_k_data_plus
601222,SHSE.601222,,SH,A股-上交所,2024-11-14,7.75,7.81,7.49,7.5,7.71,26585181,202555084.51,-2.7237,1.2904,1,0,none,baostock,query_history_k_data_plus
601222,SHSE.601222,,SH,A股-上交所,2024-11-15,7.5,7.55,7.35,7.37,7.5,19433450,144976584.23,-1.7333,0.9433,1,0,none,baostock,query_history_k_data_plus
601222,SHSE.601222,,SH,A股-上交所,2024-11-18,7.41,7.56,7.36,7.42,7.37,23475400,175543642.0,0.6784,1.1395,1,0,none,baostock,query_history_k_data_plus
601222,SHSE.601222,,SH,A股-上交所,2024-11-19,7.43,7.56,7.41,7.55,7.42,19730122,147632742.4,1.752,0.9577,1,0,none,baostock,query_history_k_data_plus
601222,SHSE.601222,,SH,A股-上交所,2024-11-20,7.53,7.6,7.46,7.56,7.55,17934004,134994005.16,0.1325,0.8705,1,0,none,baostock,query_history_k_data_plus
601222,SHSE.601222,,SH,A股-上交所,2024-11-21,7.56,7.6,7.46,7.52,7.56,14744035,110721360.67,-0.5291,0.7157,1,0,none,baostock,query_history_k_data_plus
601222,SHSE.601222,,SH,A股-上交所,2024-11-22,7.53,7.53,7.18,7.19,7.52,29835002,219442213.68,-4.3883,1.4482,1,0,none,baostock,query_history_k_data_plus
601222,SHSE.601222,,SH,A股-上交所,2024-11-25,7.26,7.3,7.13,7.29,7.19,17706176,128156513.96,1.3908,0.8595,1,0,none,baostock,query_history_k_data_plus
601222,SHSE.601222,,SH,A股-上交所,2024-11-26,7.26,7.36,7.18,7.21,7.29,13077419,94734459.94,-1.0974,0.6348,1,0,none,baostock,query_history_k_data_plus
601222,SHSE.601222,,SH,A股-上交所,2024-11-27,7.18,7.32,7.0,7.31,7.21,20876000,149550394.5,1.387,1.0133,1,0,none,baostock,query_history_k_data_plus
601222,SHSE.601222,,SH,A股-上交所,2024-11-28,7.31,7.35,7.26,7.29,7.31,17692363,129344613.42,-0.2736,0.8588,1,0,none,baostock,query_history_k_data_plus
601222,SHSE.601222,,SH,A股-上交所,2024-11-29,7.28,7.47,7.26,7.45,7.29,28426400,210298565.5,2.1948,1.3798,1,0,none,baostock,query_history_k_data_plus
601222,SHSE.601222,,SH,A股-上交所,2024-12-02,7.44,7.47,7.34,7.46,7.45,19316400,143265465.0,0.1342,0.9376,1,0,none,baostock,query_history_k_data_plus
601222,SHSE.601222,,SH,A股-上交所,2024-12-03,7.46,7.47,7.37,7.47,7.46,16465181,122218142.21,0.134,0.7992,1,0,none,baostock,query_history_k_data_plus
601222,SHSE.601222,,SH,A股-上交所,2024-12-04,7.47,7.47,7.35,7.39,7.47,15703300,116126031.0,-1.071,0.7622,1,0,none,baostock,query_history_k_data_plus
601222,SHSE.601222,,SH,A股-上交所,2024-12-05,7.37,7.39,7.26,7.29,7.39,18053767,132047841.01,-1.3532,0.8763,1,0,none,baostock,query_history_k_data_plus
601222,SHSE.601222,,SH,A股-上交所,2024-12-06,7.3,7.42,7.23,7.35,7.29,24088553,176176744.63,0.823,1.1693,1,0,none,baostock,query_history_k_data_plus
601222,SHSE.601222,,SH,A股-上交所,2024-12-09,7.35,7.38,7.28,7.33,7.35,15240400,111789620.0,-0.2721,0.7398,1,0,none,baostock,query_history_k_data_plus
601222,SHSE.601222,,SH,A股-上交所,2024-12-10,7.46,7.49,7.26,7.27,7.33,29351700,216090057.5,-0.8186,1.4247,1,0,none,baostock,query_history_k_data_plus
601222,SHSE.601222,,SH,A股-上交所,2024-12-11,7.25,7.34,7.25,7.27,7.27,18931656,138062673.73,0.0,0.9189,1,0,none,baostock,query_history_k_data_plus
601222,SHSE.601222,,SH,A股-上交所,2024-12-12,7.29,7.31,7.21,7.29,7.27,18990648,138079859.44,0.2751,0.9218,1,0,none,baostock,query_history_k_data_plus
601222,SHSE.601222,,SH,A股-上交所,2024-12-13,7.29,7.3,7.17,7.18,7.29,28382950,204845046.56,-1.5089,1.3777,1,0,none,baostock,query_history_k_data_plus
601222,SHSE.601222,,SH,A股-上交所,2024-12-16,7.19,7.29,7.11,7.13,7.18,19354768,138915473.38,-0.6964,0.9395,1,0,none,baostock,query_history_k_data_plus
601222,SHSE.601222,,SH,A股-上交所,2024-12-17,7.13,7.2,7.08,7.12,7.13,17735815,126508345.39,-0.1403,0.8609,1,0,none,baostock,query_history_k_data_plus
601222,SHSE.601222,,SH,A股-上交所,2024-12-18,7.14,7.21,7.11,7.12,7.12,14228968,101915098.56,0.0,0.6907,1,0,none,baostock,query_history_k_data_plus
601222,SHSE.601222,,SH,A股-上交所,2024-12-19,7.1,7.17,7.04,7.15,7.12,14919050,105920009.5,0.4213,0.7242,1,0,none,baostock,query_history_k_data_plus
601222,SHSE.601222,,SH,A股-上交所,2024-12-20,7.14,7.18,7.06,7.08,7.15,15539299,110372537.93,-0.979,0.7543,1,0,none,baostock,query_history_k_data_plus
601222,SHSE.601222,,SH,A股-上交所,2024-12-23,7.09,7.16,7.05,7.07,7.08,16471450,116986141.0,-0.1412,0.7995,1,0,none,baostock,query_history_k_data_plus
601222,SHSE.601222,,SH,A股-上交所,2024-12-24,7.07,7.17,7.06,7.16,7.07,15304110,109252958.58,1.273,0.7429,1,0,none,baostock,query_history_k_data_plus
601222,SHSE.601222,,SH,A股-上交所,2024-12-25,7.16,7.18,7.11,7.16,7.16,11163802,79669001.22,0.0,0.5419,1,0,none,baostock,query_history_k_data_plus
601222,SHSE.601222,,SH,A股-上交所,2024-12-26,7.16,7.23,7.15,7.16,7.16,12736399,91541981.79,0.0,0.6182,1,0,none,baostock,query_history_k_data_plus
601222,SHSE.601222,,SH,A股-上交所,2024-12-27,7.15,7.19,7.12,7.15,7.16,11085550,79301948.5,-0.1397,0.5381,1,0,none,baostock,query_history_k_data_plus
601222,SHSE.601222,,SH,A股-上交所,2024-12-30,7.18,7.27,7.17,7.18,7.15,18527400,133493083.0,0.4196,0.8993,1,0,none,baostock,query_history_k_data_plus
601222,SHSE.601222,,SH,A股-上交所,2024-12-31,7.18,7.23,7.06,7.07,7.18,17022185,121150174.8,-1.532,0.8263,1,0,none,baostock,query_history_k_data_plus
601222,SHSE.601222,,SH,A股-上交所,2025-01-02,7.09,7.11,6.86,6.89,7.07,22258436,155822011.62,-2.546,1.0804,1,0,none,baostock,query_history_k_data_plus
601222,SHSE.601222,,SH,A股-上交所,2025-01-03,6.9,7.06,6.86,6.89,6.89,18821014,130816746.41,0.0,0.9136,1,0,none,baostock,query_history_k_data_plus
601222,SHSE.601222,,SH,A股-上交所,2025-01-06,6.9,7.02,6.87,6.95,6.89,15201169,105562870.63,0.8708,0.7379,1,0,none,baostock,query_history_k_data_plus
601222,SHSE.601222,,SH,A股-上交所,2025-01-07,6.95,6.99,6.88,6.9,6.95,13549572,93690485.98,-0.7194,0.6577,1,0,none,baostock,query_history_k_data_plus
601222,SHSE.601222,,SH,A股-上交所,2025-01-08,6.9,6.92,6.73,6.86,6.9,16563900,112939532.5,-0.5797,0.804,1,0,none,baostock,query_history_k_data_plus
601222,SHSE.601222,,SH,A股-上交所,2025-01-09,6.83,6.84,6.75,6.76,6.86,12213266,82837555.42,-1.4577,0.5928,1,0,none,baostock,query_history_k_data_plus
601222,SHSE.601222,,SH,A股-上交所,2025-01-10,6.77,6.79,6.7,6.7,6.76,9502254,63999985.8,-0.8876,0.4612,1,0,none,baostock,query_history_k_data_plus
601222,SHSE.601222,,SH,A股-上交所,2025-01-13,6.67,6.72,6.61,6.66,6.7,13813100,91953629.0,-0.597,0.6705,1,0,none,baostock,query_history_k_data_plus
601222,SHSE.601222,,SH,A股-上交所,2025-01-14,6.67,6.84,6.65,6.83,6.66,14864874,100629597.76,2.5526,0.7215,1,0,none,baostock,query_history_k_data_plus
601222,SHSE.601222,,SH,A股-上交所,2025-01-15,6.81,6.83,6.76,6.81,6.83,10928975,74238422.33,-0.2928,0.5305,1,0,none,baostock,query_history_k_data_plus
601222,SHSE.601222,,SH,A股-上交所,2025-01-16,6.82,6.91,6.8,6.86,6.81,12596742,86377006.42,0.7342,0.6114,1,0,none,baostock,query_history_k_data_plus
601222,SHSE.601222,,SH,A股-上交所,2025-01-17,6.85,7.02,6.84,7.0,6.86,16589611,115235440.88,2.0408,0.8053,1,0,none,baostock,query_history_k_data_plus
601222,SHSE.601222,,SH,A股-上交所,2025-01-20,7.0,7.1,7.0,7.07,7.0,13976400,98740779.0,1.0,0.6784,1,0,none,baostock,query_history_k_data_plus
601222,SHSE.601222,,SH,A股-上交所,2025-01-21,7.1,7.11,7.04,7.08,7.07,13880627,98209453.16,0.1414,0.6738,1,0,none,baostock,query_history_k_data_plus
601222,SHSE.601222,,SH,A股-上交所,2025-01-22,6.78,6.87,6.75,6.85,6.81,16448367,112091217.62,0.5874,0.7984,1,0,none,baostock,query_history_k_data_plus
601222,SHSE.601222,,SH,A股-上交所,2025-01-23,6.91,6.94,6.81,6.83,6.85,13538950,93099876.52,-0.292,0.6572,1,0,none,baostock,query_history_k_data_plus
601222,SHSE.601222,,SH,A股-上交所,2025-01-24,6.82,6.89,6.8,6.85,6.83,15201140,104098527.7,0.2928,0.7379,1,0,none,baostock,query_history_k_data_plus
601222,SHSE.601222,,SH,A股-上交所,2025-01-27,6.9,6.93,6.88,6.9,6.85,12475600,86202505.0,0.7299,0.6056,1,0,none,baostock,query_history_k_data_plus
601222,SHSE.601222,,SH,A股-上交所,2025-02-05,6.93,6.95,6.75,6.78,6.9,25099218,170743856.68,-1.7391,1.2183,1,0,none,baostock,query_history_k_data_plus
601222,SHSE.601222,,SH,A股-上交所,2025-02-06,6.77,6.82,6.71,6.82,6.78,13506599,91437959.84,0.59,0.6556,1,0,none,baostock,query_history_k_data_plus
601222,SHSE.601222,,SH,A股-上交所,2025-02-07,6.78,6.89,6.76,6.87,6.82,18824170,128942586.2,0.7331,0.9137,1,0,none,baostock,query_history_k_data_plus
601222,SHSE.601222,,SH,A股-上交所,2025-02-10,6.89,6.92,6.79,6.8,6.87,17699109,120888236.11,-1.0189,0.8591,1,0,none,baostock,query_history_k_data_plus
601222,SHSE.601222,,SH,A股-上交所,2025-02-11,6.82,6.82,6.72,6.78,6.8,12674660,85667236.76,-0.2941,0.6152,1,0,none,baostock,query_history_k_data_plus
601222,SHSE.601222,,SH,A股-上交所,2025-02-12,6.75,6.8,6.71,6.77,6.78,16285209,109949633.34,-0.1475,0.7905,1,0,none,baostock,query_history_k_data_plus
601222,SHSE.601222,,SH,A股-上交所,2025-02-13,6.76,6.79,6.72,6.73,6.77,15356809,103529568.93,-0.5908,0.7454,1,0,none,baostock,query_history_k_data_plus
601222,SHSE.601222,,SH,A股-上交所,2025-02-14,6.7,6.77,6.7,6.73,6.73,11874318,79999037.96,0.0,0.5764,1,0,none,baostock,query_history_k_data_plus
601222,SHSE.601222,,SH,A股-上交所,2025-02-17,6.73,6.75,6.65,6.66,6.73,17296042,115403817.23,-1.0401,0.8395,1,0,none,baostock,query_history_k_data_plus
601222,SHSE.601222,,SH,A股-上交所,2025-02-18,6.71,6.76,6.65,6.66,6.66,18122858,121730820.34,0.0,0.8797,1,0,none,baostock,query_history_k_data_plus
601222,SHSE.601222,,SH,A股-上交所,2025-02-19,6.67,6.79,6.65,6.76,6.66,17674611,118950505.92,1.5015,0.8579,1,0,none,baostock,query_history_k_data_plus
601222,SHSE.601222,,SH,A股-上交所,2025-02-20,6.75,6.77,6.67,6.71,6.76,13587868,91014238.1,-0.7396,0.6596,1,0,none,baostock,query_history_k_data_plus
601222,SHSE.601222,,SH,A股-上交所,2025-02-21,6.71,6.99,6.71,6.93,6.71,35493766,243862031.54,3.2787,1.7229,1,0,none,baostock,query_history_k_data_plus
601222,SHSE.601222,,SH,A股-上交所,2025-02-24,7.02,7.04,6.85,6.88,6.93,23226220,160627041.4,-0.7215,1.1274,1,0,none,baostock,query_history_k_data_plus
601222,SHSE.601222,,SH,A股-上交所,2025-02-25,6.86,6.92,6.8,6.87,6.88,16733626,114963957.88,-0.1453,0.8122,1,0,none,baostock,query_history_k_data_plus
601222,SHSE.601222,,SH,A股-上交所,2025-02-26,6.87,6.95,6.87,6.93,6.87,20416028,141040382.63,0.8734,0.991,1,0,none,baostock,query_history_k_data_plus
601222,SHSE.601222,,SH,A股-上交所,2025-02-27,6.93,6.96,6.81,6.87,6.93,21072008,145066138.06,-0.8658,1.0228,1,0,none,baostock,query_history_k_data_plus
601222,SHSE.601222,,SH,A股-上交所,2025-02-28,6.84,6.9,6.75,6.78,6.87,18428924,125685089.48,-1.31,0.8945,1,0,none,baostock,query_history_k_data_plus
601222,SHSE.601222,,SH,A股-上交所,2025-03-03,6.77,6.85,6.71,6.71,6.78,20464407,138730619.65,-1.0324,0.9933,1,0,none,baostock,query_history_k_data_plus
601222,SHSE.601222,,SH,A股-上交所,2025-03-04,6.69,6.73,6.67,6.69,6.71,14039226,94034362.94,-0.2981,0.6815,1,0,none,baostock,query_history_k_data_plus
601222,SHSE.601222,,SH,A股-上交所,2025-03-05,6.68,6.7,6.54,6.6,6.69,23072895,152227067.07,-1.3453,1.12,1,0,none,baostock,query_history_k_data_plus
601222,SHSE.601222,,SH,A股-上交所,2025-03-06,6.6,6.63,6.54,6.63,6.6,23628316,155932109.81,0.4545,1.1469,1,0,none,baostock,query_history_k_data_plus
601222,SHSE.601222,,SH,A股-上交所,2025-03-07,6.6,6.62,6.56,6.57,6.63,20141002,132573083.9,-0.905,0.9776,1,0,none,baostock,query_history_k_data_plus
601222,SHSE.601222,,SH,A股-上交所,2025-03-10,6.58,6.61,6.54,6.6,6.57,15916328,104569919.21,0.4566,0.7726,1,0,none,baostock,query_history_k_data_plus
601222,SHSE.601222,,SH,A股-上交所,2025-03-11,6.6,6.68,6.56,6.65,6.6,16512410,109364797.33,0.7576,0.8015,1,0,none,baostock,query_history_k_data_plus
601222,SHSE.601222,,SH,A股-上交所,2025-03-12,6.66,6.93,6.63,6.79,6.65,38987875,264648399.66,2.1053,1.8925,1,0,none,baostock,query_history_k_data_plus
601222,SHSE.601222,,SH,A股-上交所,2025-03-13,6.8,6.89,6.77,6.89,6.79,35143470,240852621.97,1.4728,1.7059,1,0,none,baostock,query_history_k_data_plus
601222,SHSE.601222,,SH,A股-上交所,2025-03-14,6.88,6.92,6.81,6.87,6.89,32537514,223491736.52,-0.2903,1.5794,1,0,none,baostock,query_history_k_data_plus
601222,SHSE.601222,,SH,A股-上交所,2025-03-17,6.88,6.96,6.78,6.81,6.87,41301150,283572491.0,-0.8734,2.0047,1,0,none,baostock,query_history_k_data_plus
601222,SHSE.601222,,SH,A股-上交所,2025-03-18,6.83,6.85,6.72,6.75,6.81,31151284,210426697.44,-0.8811,1.5121,1,0,none,baostock,query_history_k_data_plus
601222,SHSE.601222,,SH,A股-上交所,2025-03-19,6.75,6.75,6.65,6.7,6.75,30071203,201239732.22,-0.7407,1.4596,1,0,none,baostock,query_history_k_data_plus
601222,SHSE.601222,,SH,A股-上交所,2025-03-20,6.69,6.73,6.66,6.67,6.7,24409478,163239616.32,-0.4478,1.1848,1,0,none,baostock,query_history_k_data_plus
601222,SHSE.601222,,SH,A股-上交所,2025-03-21,6.68,6.76,6.61,6.64,6.67,36824360,245782253.8,-0.4498,1.7874,1,0,none,baostock,query_history_k_data_plus
601222,SHSE.601222,,SH,A股-上交所,2025-03-24,6.65,6.68,6.56,6.66,6.64,36424077,241041301.24,0.3012,1.768,1,0,none,baostock,query_history_k_data_plus
601222,SHSE.601222,,SH,A股-上交所,2025-03-25,6.67,6.73,6.62,6.7,6.66,28960441,193773480.59,0.6006,1.4057,1,0,none,baostock,query_history_k_data_plus
601222,SHSE.601222,,SH,A股-上交所,2025-03-26,6.71,6.82,6.68,6.81,6.7,36057042,244310945.72,1.6418,1.7502,1,0,none,baostock,query_history_k_data_plus
601222,SHSE.601222,,SH,A股-上交所,2025-03-27,6.78,6.8,6.67,6.68,6.81,26479896,177394676.27,-1.909,1.2853,1,0,none,baostock,query_history_k_data_plus
601222,SHSE.601222,,SH,A股-上交所,2025-03-28,6.67,6.72,6.65,6.66,6.68,17910795,119736478.01,-0.2994,0.8694,1,0,none,baostock,query_history_k_data_plus
601222,SHSE.601222,,SH,A股-上交所,2025-03-31,6.65,6.68,6.57,6.58,6.66,21459520,141993928.6,-1.2012,1.0416,1,0,none,baostock,query_history_k_data_plus
601222,SHSE.601222,,SH,A股-上交所,2025-04-01,6.58,6.69,6.57,6.67,6.58,20232752,134560823.74,1.3678,0.9821,1,0,none,baostock,query_history_k_data_plus
601222,SHSE.601222,,SH,A股-上交所,2025-04-02,6.65,6.68,6.62,6.63,6.67,14429524,95846225.12,-0.5997,0.7004,1,0,none,baostock,query_history_k_data_plus
601222,SHSE.601222,,SH,A股-上交所,2025-04-03,6.6,6.68,6.59,6.64,6.63,16013103,106264466.19,0.1508,0.7773,1,0,none,baostock,query_history_k_data_plus
601222,SHSE.601222,,SH,A股-上交所,2025-04-07,6.41,6.42,5.98,5.98,6.64,44630878,273926617.37,-9.9398,2.1664,1,0,none,baostock,query_history_k_data_plus
601222,SHSE.601222,,SH,A股-上交所,2025-04-08,5.9,6.18,5.9,6.04,5.98,41743471,253178873.62,1.0033,2.0262,1,0,none,baostock,query_history_k_data_plus
601222,SHSE.601222,,SH,A股-上交所,2025-04-09,5.94,6.06,5.8,6.02,6.04,27372948,162909860.24,-0.3311,1.3287,1,0,none,baostock,query_history_k_data_plus
601222,SHSE.601222,,SH,A股-上交所,2025-04-10,6.1,6.16,6.07,6.1,6.02,24085000,147247124.04,1.3289,1.1691,1,0,none,baostock,query_history_k_data_plus
601222,SHSE.601222,,SH,A股-上交所,2025-04-11,6.06,6.13,6.05,6.09,6.1,15320293,93344564.25,-0.1639,0.7436,1,0,none,baostock,query_history_k_data_plus
601222,SHSE.601222,,SH,A股-上交所,2025-04-14,6.16,6.19,6.13,6.15,6.09,16468381,101326678.63,0.9852,0.7994,1,0,none,baostock,query_history_k_data_plus
601222,SHSE.601222,,SH,A股-上交所,2025-04-15,6.13,6.15,6.09,6.13,6.15,10162764,62144202.32,-0.3252,0.4933,1,0,none,baostock,query_history_k_data_plus
601222,SHSE.601222,,SH,A股-上交所,2025-04-16,6.11,6.14,6.04,6.08,6.13,13017745,79227562.18,-0.8157,0.6319,1,0,none,baostock,query_history_k_data_plus
601222,SHSE.601222,,SH,A股-上交所,2025-04-17,6.1,6.14,6.07,6.11,6.08,12201432,74642797.84,0.4934,0.5923,1,0,none,baostock,query_history_k_data_plus
601222,SHSE.601222,,SH,A股-上交所,2025-04-18,6.11,6.17,6.09,6.14,6.11,10871627,66718490.32,0.491,0.5277,1,0,none,baostock,query_history_k_data_plus
601222,SHSE.601222,,SH,A股-上交所,2025-04-21,6.2,6.21,6.13,6.19,6.14,10724827,66366678.78,0.8143,0.5206,1,0,none,baostock,query_history_k_data_plus
601222,SHSE.601222,,SH,A股-上交所,2025-04-22,6.2,6.22,6.17,6.19,6.19,11025900,68238003.0,0.0,0.5352,1,0,none,baostock,query_history_k_data_plus
601222,SHSE.601222,,SH,A股-上交所,2025-04-23,6.21,6.26,6.19,6.23,6.19,11303900,70400377.0,0.6462,0.5487,1,0,none,baostock,query_history_k_data_plus
601222,SHSE.601222,,SH,A股-上交所,2025-04-24,6.21,6.31,6.21,6.26,6.23,13052400,81717331.0,0.4815,0.6336,1,0,none,baostock,query_history_k_data_plus
601222,SHSE.601222,,SH,A股-上交所,2025-04-25,6.28,6.38,6.27,6.36,6.26,16545100,104937465.0,1.5974,0.8031,1,0,none,baostock,query_history_k_data_plus
601222,SHSE.601222,,SH,A股-上交所,2025-04-28,5.99,5.99,5.72,5.72,6.36,75348186,435147969.42,-10.0629,3.6574,1,0,none,baostock,query_history_k_data_plus
601222,SHSE.601222,,SH,A股-上交所,2025-04-29,5.67,5.71,5.51,5.53,5.72,45553542,254621598.09,-3.3217,2.2112,1,0,none,baostock,query_history_k_data_plus
601222,SHSE.601222,,SH,A股-上交所,2025-04-30,5.55,5.6,5.53,5.54,5.53,22972271,127815736.01,0.1808,1.1151,1,0,none,baostock,query_history_k_data_plus
601222,SHSE.601222,,SH,A股-上交所,2025-05-06,5.56,5.59,5.49,5.55,5.54,36953220,204213816.46,0.1805,1.7937,1,0,none,baostock,query_history_k_data_plus
601222,SHSE.601222,,SH,A股-上交所,2025-05-07,5.6,5.69,5.58,5.62,5.55,33462017,188033835.57,1.2613,1.6242,1,0,none,baostock,query_history_k_data_plus
601222,SHSE.601222,,SH,A股-上交所,2025-05-08,5.62,5.66,5.59,5.63,5.62,20971699,118186277.72,0.1779,1.018,1,0,none,baostock,query_history_k_data_plus
601222,SHSE.601222,,SH,A股-上交所,2025-05-09,5.65,5.66,5.57,5.59,5.63,21299500,119153623.0,-0.7105,1.0339,1,0,none,baostock,query_history_k_data_plus
601222,SHSE.601222,,SH,A股-上交所,2025-05-12,5.61,5.63,5.56,5.6,5.59,27349886,152617091.38,0.1789,1.3276,1,0,none,baostock,query_history_k_data_plus
601222,SHSE.601222,,SH,A股-上交所,2025-05-13,5.63,5.7,5.62,5.65,5.6,31869659,180045290.72,0.8929,1.5469,1,0,none,baostock,query_history_k_data_plus
601222,SHSE.601222,,SH,A股-上交所,2025-05-14,5.66,5.66,5.6,5.65,5.65,18912209,106415641.85,0.0,0.918,1,0,none,baostock,query_history_k_data_plus
601222,SHSE.601222,,SH,A股-上交所,2025-05-15,5.65,5.65,5.6,5.61,5.65,14587129,81999960.43,-0.708,0.7081,1,0,none,baostock,query_history_k_data_plus
601222,SHSE.601222,,SH,A股-上交所,2025-05-16,5.6,5.63,5.58,5.6,5.61,14083700,78851037.5,-0.1783,0.6836,1,0,none,baostock,query_history_k_data_plus
601222,SHSE.601222,,SH,A股-上交所,2025-05-19,5.6,5.61,5.56,5.61,5.6,12193600,68129705.0,0.1786,0.5919,1,0,none,baostock,query_history_k_data_plus
601222,SHSE.601222,,SH,A股-上交所,2025-05-20,5.61,5.62,5.58,5.6,5.61,15571924,87156465.4,-0.1783,0.7559,1,0,none,baostock,query_history_k_data_plus
601222,SHSE.601222,,SH,A股-上交所,2025-05-21,5.61,5.63,5.59,5.6,5.6,13908590,77962063.1,0.0,0.6751,1,0,none,baostock,query_history_k_data_plus
601222,SHSE.601222,,SH,A股-上交所,2025-05-22,5.6,5.6,5.54,5.55,5.6,14090250,78404431.0,-0.8929,0.6839,1,0,none,baostock,query_history_k_data_plus
601222,SHSE.601222,,SH,A股-上交所,2025-05-23,5.55,5.57,5.52,5.52,5.55,13359000,74044517.23,-0.5405,0.6484,1,0,none,baostock,query_history_k_data_plus
601222,SHSE.601222,,SH,A股-上交所,2025-05-26,5.53,5.53,5.5,5.51,5.52,10702851,58992855.71,-0.1812,0.5195,1,0,none,baostock,query_history_k_data_plus
601222,SHSE.601222,,SH,A股-上交所,2025-05-27,5.51,5.54,5.49,5.54,5.51,8632700,47590194.0,0.5445,0.419,1,0,none,baostock,query_history_k_data_plus
601222,SHSE.601222,,SH,A股-上交所,2025-05-28,5.55,5.58,5.53,5.57,5.54,11616929,64609821.53,0.5415,0.5639,1,0,none,baostock,query_history_k_data_plus
601222,SHSE.601222,,SH,A股-上交所,2025-05-29,5.59,5.62,5.57,5.62,5.57,15443109,86543655.4,0.8977,0.7496,1,0,none,baostock,query_history_k_data_plus
601222,SHSE.601222,,SH,A股-上交所,2025-05-30,5.62,5.63,5.56,5.57,5.62,11791470,65857440.67,-0.8897,0.5724,1,0,none,baostock,query_history_k_data_plus
601222,SHSE.601222,,SH,A股-上交所,2025-06-03,5.58,5.6,5.55,5.59,5.57,12940703,72101249.6,0.3591,0.6281,1,0,none,baostock,query_history_k_data_plus
601222,SHSE.601222,,SH,A股-上交所,2025-06-04,5.59,5.62,5.57,5.6,5.59,10725990,60036322.0,0.1789,0.5206,1,0,none,baostock,query_history_k_data_plus
601222,SHSE.601222,,SH,A股-上交所,2025-06-05,5.66,5.74,5.65,5.66,5.6,31347834,178289775.84,1.0714,1.5216,1,0,none,baostock,query_history_k_data_plus
601222,SHSE.601222,,SH,A股-上交所,2025-06-06,5.66,5.68,5.63,5.64,5.66,15346800,86825323.0,-0.3534,0.7449,1,0,none,baostock,query_history_k_data_plus
601222,SHSE.601222,,SH,A股-上交所,2025-06-09,5.64,5.65,5.62,5.63,5.64,12841262,72313058.06,-0.1773,0.6233,1,0,none,baostock,query_history_k_data_plus
601222,SHSE.601222,,SH,A股-上交所,2025-06-10,5.63,5.64,5.56,5.61,5.63,16051174,89880108.3,-0.3552,0.7791,1,0,none,baostock,query_history_k_data_plus
601222,SHSE.601222,,SH,A股-上交所,2025-06-11,5.59,5.66,5.59,5.63,5.61,14606719,82260797.98,0.3565,0.709,1,0,none,baostock,query_history_k_data_plus
601222,SHSE.601222,,SH,A股-上交所,2025-06-12,5.62,5.69,5.6,5.66,5.63,18535143,104684860.85,0.5329,0.8997,1,0,none,baostock,query_history_k_data_plus
601222,SHSE.601222,,SH,A股-上交所,2025-06-13,5.66,5.66,5.6,5.61,5.66,20019900,112567429.0,-0.8834,0.9718,1,0,none,baostock,query_history_k_data_plus
601222,SHSE.601222,,SH,A股-上交所,2025-06-16,5.58,5.61,5.58,5.6,5.61,7649100,42829792.0,-0.1783,0.3713,1,0,none,baostock,query_history_k_data_plus
601222,SHSE.601222,,SH,A股-上交所,2025-06-17,5.61,5.61,5.58,5.61,5.6,8576685,48016779.29,0.1786,0.4163,1,0,none,baostock,query_history_k_data_plus
601222,SHSE.601222,,SH,A股-上交所,2025-06-18,5.6,5.67,5.58,5.65,5.61,16282694,91595784.42,0.713,0.7904,1,0,none,baostock,query_history_k_data_plus
601222,SHSE.601222,,SH,A股-上交所,2025-06-19,5.63,5.64,5.57,5.59,5.65,11768603,65823464.74,-1.0619,0.5712,1,0,none,baostock,query_history_k_data_plus
601222,SHSE.601222,,SH,A股-上交所,2025-06-20,5.59,5.62,5.58,5.59,5.59,7898100,44162156.0,0.0,0.3834,1,0,none,baostock,query_history_k_data_plus
601222,SHSE.601222,,SH,A股-上交所,2025-06-23,5.58,5.6,5.56,5.58,5.59,7758200,43271638.0,-0.1789,0.3766,1,0,none,baostock,query_history_k_data_plus
601222,SHSE.601222,,SH,A股-上交所,2025-06-24,5.59,5.64,5.58,5.63,5.58,14840300,83437936.0,0.8961,0.7203,1,0,none,baostock,query_history_k_data_plus
601222,SHSE.601222,,SH,A股-上交所,2025-06-25,5.64,5.65,5.6,5.65,5.63,17560326,98750990.64,0.3552,0.8524,1,0,none,baostock,query_history_k_data_plus
601222,SHSE.601222,,SH,A股-上交所,2025-06-26,5.64,5.66,5.61,5.61,5.65,14531400,81889954.0,-0.708,0.7053,1,0,none,baostock,query_history_k_data_plus
601222,SHSE.601222,,SH,A股-上交所,2025-06-27,5.61,5.66,5.61,5.63,5.61,12233873,68978346.26,0.3565,0.5938,1,0,none,baostock,query_history_k_data_plus
601222,SHSE.601222,,SH,A股-上交所,2025-06-30,5.64,5.71,5.63,5.7,5.63,25284500,143584795.0,1.2433,1.2273,1,0,none,baostock,query_history_k_data_plus
601222,SHSE.601222,,SH,A股-上交所,2025-07-01,5.66,5.69,5.65,5.67,5.7,15317800,86769305.0,-0.5263,0.7435,1,0,none,baostock,query_history_k_data_plus
601222,SHSE.601222,,SH,A股-上交所,2025-07-02,5.67,5.73,5.66,5.72,5.67,19752781,112552795.18,0.8818,0.9588,1,0,none,baostock,query_history_k_data_plus
601222,SHSE.601222,,SH,A股-上交所,2025-07-03,5.72,5.73,5.68,5.71,5.72,12856450,73264928.58,-0.1748,0.624,1,0,none,baostock,query_history_k_data_plus
601222,SHSE.601222,,SH,A股-上交所,2025-07-04,5.71,6.15,5.68,5.96,5.71,82727581,490106187.28,4.3783,4.0156,1,0,none,baostock,query_history_k_data_plus
601222,SHSE.601222,,SH,A股-上交所,2025-07-07,5.96,6.29,5.86,6.21,5.96,101435112,615735315.24,4.1946,4.9236,1,0,none,baostock,query_history_k_data_plus
601222,SHSE.601222,,SH,A股-上交所,2025-07-08,6.12,6.14,6.02,6.11,6.21,54507742,330773300.74,-1.6103,2.6458,1,0,none,baostock,query_history_k_data_plus
601222,SHSE.601222,,SH,A股-上交所,2025-07-09,6.11,6.18,6.02,6.05,6.11,34603244,210501882.38,-0.982,1.6796,1,0,none,baostock,query_history_k_data_plus
601222,SHSE.601222,,SH,A股-上交所,2025-07-10,6.06,6.08,6.0,6.0,6.05,32260600,194784992.0,-0.8264,1.5659,1,0,none,baostock,query_history_k_data_plus
601222,SHSE.601222,,SH,A股-上交所,2025-07-11,6.0,6.02,5.95,5.99,6.0,28153999,168235525.04,-0.1667,1.3666,1,0,none,baostock,query_history_k_data_plus
601222,SHSE.601222,,SH,A股-上交所,2025-07-14,5.98,6.03,5.96,5.98,5.99,19294900,115620163.0,-0.1669,0.9366,1,0,none,baostock,query_history_k_data_plus
601222,SHSE.601222,,SH,A股-上交所,2025-07-15,5.9,5.93,5.79,5.82,5.98,37530661,219356476.78,-2.6756,1.8217,1,0,none,baostock,query_history_k_data_plus
601222,SHSE.601222,,SH,A股-上交所,2025-07-16,5.83,5.86,5.81,5.85,5.82,14857513,86834990.05,0.5155,0.7212,1,0,none,baostock,query_history_k_data_plus
601222,SHSE.601222,,SH,A股-上交所,2025-07-17,5.84,5.88,5.84,5.86,5.85,14839450,86897628.5,0.1709,0.7203,1,0,none,baostock,query_history_k_data_plus
601222,SHSE.601222,,SH,A股-上交所,2025-07-18,5.88,5.89,5.83,5.85,5.86,13413300,78477577.0,-0.1706,0.6511,1,0,none,baostock,query_history_k_data_plus
601222,SHSE.601222,,SH,A股-上交所,2025-07-21,5.87,5.96,5.87,5.94,5.85,20090287,119081263.21,1.5385,0.9752,1,0,none,baostock,query_history_k_data_plus
601222,SHSE.601222,,SH,A股-上交所,2025-07-22,5.96,6.0,5.9,6.0,5.94,23109480,137662905.4,1.0101,1.1217,1,0,none,baostock,query_history_k_data_plus
601222,SHSE.601222,,SH,A股-上交所,2025-07-23,6.01,6.02,5.91,5.91,6.0,21919194,130630725.78,-1.5,1.064,1,0,none,baostock,query_history_k_data_plus
601222,SHSE.601222,,SH,A股-上交所,2025-07-24,5.91,5.97,5.91,5.97,5.91,19432715,115566790.67,1.0152,0.9433,1,0,none,baostock,query_history_k_data_plus
601222,SHSE.601222,,SH,A股-上交所,2025-07-25,5.97,5.98,5.93,5.95,5.97,15863088,94480193.12,-0.335,0.77,1,0,none,baostock,query_history_k_data_plus
601222,SHSE.601222,,SH,A股-上交所,2025-07-28,5.96,5.97,5.92,5.92,5.95,14532700,86264419.0,-0.5042,0.7054,1,0,none,baostock,query_history_k_data_plus
601222,SHSE.601222,,SH,A股-上交所,2025-07-29,5.92,5.94,5.86,5.9,5.92,14583145,85829136.43,-0.3378,0.7079,1,0,none,baostock,query_history_k_data_plus
601222,SHSE.601222,,SH,A股-上交所,2025-07-30,5.89,5.93,5.85,5.88,5.9,12623416,74349774.22,-0.339,0.6127,1,0,none,baostock,query_history_k_data_plus
601222,SHSE.601222,,SH,A股-上交所,2025-07-31,5.88,5.88,5.77,5.77,5.88,20001878,116355487.84,-1.8707,0.9709,1,0,none,baostock,query_history_k_data_plus
601222,SHSE.601222,,SH,A股-上交所,2025-08-01,5.77,5.82,5.76,5.8,5.77,9640000,55879379.0,0.5199,0.4679,1,0,none,baostock,query_history_k_data_plus
601222,SHSE.601222,,SH,A股-上交所,2025-08-04,5.78,5.82,5.76,5.82,5.8,8015150,46438309.0,0.3448,0.3891,1,0,none,baostock,query_history_k_data_plus
601222,SHSE.601222,,SH,A股-上交所,2025-08-05,5.81,5.83,5.8,5.82,5.82,7934200,46143376.0,0.0,0.3851,1,0,none,baostock,query_history_k_data_plus
601222,SHSE.601222,,SH,A股-上交所,2025-08-06,5.82,5.83,5.78,5.82,5.82,10478904,60833414.74,0.0,0.5086,1,0,none,baostock,query_history_k_data_plus
601222,SHSE.601222,,SH,A股-上交所,2025-08-07,5.83,5.83,5.77,5.79,5.82,12415198,71963207.42,-0.5155,0.6026,1,0,none,baostock,query_history_k_data_plus
601222,SHSE.601222,,SH,A股-上交所,2025-08-08,5.8,5.82,5.78,5.81,5.79,11074316,64260308.12,0.3454,0.5375,1,0,none,baostock,query_history_k_data_plus
601222,SHSE.601222,,SH,A股-上交所,2025-08-11,5.81,5.84,5.78,5.81,5.81,14162008,82358194.17,0.0,0.6874,1,0,none,baostock,query_history_k_data_plus
601222,SHSE.601222,,SH,A股-上交所,2025-08-12,5.81,5.82,5.79,5.8,5.81,10835500,62865996.0,-0.1721,0.526,1,0,none,baostock,query_history_k_data_plus
601222,SHSE.601222,,SH,A股-上交所,2025-08-13,5.81,5.83,5.8,5.82,5.8,14572450,84751187.0,0.3448,0.7073,1,0,none,baostock,query_history_k_data_plus
601222,SHSE.601222,,SH,A股-上交所,2025-08-14,5.83,5.83,5.75,5.76,5.82,17826253,103217338.28,-1.0309,0.8653,1,0,none,baostock,query_history_k_data_plus
601222,SHSE.601222,,SH,A股-上交所,2025-08-15,5.75,5.88,5.75,5.88,5.76,26768047,156216060.2,2.0833,1.2993,1,0,none,baostock,query_history_k_data_plus
601222,SHSE.601222,,SH,A股-上交所,2025-08-18,5.89,5.9,5.86,5.87,5.88,23571858,138491514.34,-0.1701,1.1442,1,0,none,baostock,query_history_k_data_plus
601222,SHSE.601222,,SH,A股-上交所,2025-08-19,5.87,5.9,5.85,5.86,5.87,15727300,92343678.0,-0.1704,0.7634,1,0,none,baostock,query_history_k_data_plus
601222,SHSE.601222,,SH,A股-上交所,2025-08-20,5.88,5.9,5.85,5.9,5.86,18115464,106456085.92,0.6826,0.8793,1,0,none,baostock,query_history_k_data_plus
601222,SHSE.601222,,SH,A股-上交所,2025-08-21,5.9,5.92,5.88,5.91,5.9,17958085,105966541.04,0.1695,0.8717,1,0,none,baostock,query_history_k_data_plus
601222,SHSE.601222,,SH,A股-上交所,2025-08-22,5.91,5.94,5.88,5.93,5.91,22372103,132076645.24,0.3384,1.0859,1,0,none,baostock,query_history_k_data_plus
601222,SHSE.601222,,SH,A股-上交所,2025-08-25,5.93,6.03,5.93,6.0,5.93,38079631,227981642.07,1.1804,1.8484,1,0,none,baostock,query_history_k_data_plus
601222,SHSE.601222,,SH,A股-上交所,2025-08-26,5.99,6.28,5.97,6.22,6.0,70454629,434270183.8,3.6667,3.4198,1,0,none,baostock,query_history_k_data_plus
601222,SHSE.601222,,SH,A股-上交所,2025-08-27,6.21,6.31,6.08,6.08,6.22,53076931,330206246.23,-2.2508,2.5763,1,0,none,baostock,query_history_k_data_plus
601222,SHSE.601222,,SH,A股-上交所,2025-08-28,6.06,6.15,5.88,5.99,6.08,45340729,271878570.85,-1.4803,2.2008,1,0,none,baostock,query_history_k_data_plus
601222,SHSE.601222,,SH,A股-上交所,2025-08-29,5.99,6.02,5.94,5.95,5.99,23325987,139296667.52,-0.6678,1.1322,1,0,none,baostock,query_history_k_data_plus
601222,SHSE.601222,,SH,A股-上交所,2025-09-01,5.95,6.18,5.9,6.15,5.95,39277347,237056344.75,3.3613,1.9065,1,0,none,baostock,query_history_k_data_plus
601222,SHSE.601222,,SH,A股-上交所,2025-09-02,6.12,6.13,5.95,5.98,6.15,27299712,164180151.64,-2.7642,1.3251,1,0,none,baostock,query_history_k_data_plus
601222,SHSE.601222,,SH,A股-上交所,2025-09-03,6.01,6.05,5.94,5.95,5.98,16985834,101433602.72,-0.5017,0.8245,1,0,none,baostock,query_history_k_data_plus
601222,SHSE.601222,,SH,A股-上交所,2025-09-04,6.0,6.27,6.0,6.14,5.95,52777801,325104385.5,3.1933,2.5618,1,0,none,baostock,query_history_k_data_plus
601222,SHSE.601222,,SH,A股-上交所,2025-09-05,6.1,6.25,6.01,6.24,6.14,51007845,316088267.43,1.6287,2.4759,1,0,none,baostock,query_history_k_data_plus
601222,SHSE.601222,,SH,A股-上交所,2025-09-08,6.31,6.39,6.26,6.32,6.24,46697318,295090610.66,1.2821,2.2667,1,0,none,baostock,query_history_k_data_plus
601222,SHSE.601222,,SH,A股-上交所,2025-09-09,6.34,6.48,6.33,6.35,6.32,40614996,259867433.21,0.4747,1.9714,1,0,none,baostock,query_history_k_data_plus
601222,SHSE.601222,,SH,A股-上交所,2025-09-10,6.34,6.34,6.18,6.2,6.35,27349876,170167100.44,-2.3622,1.3276,1,0,none,baostock,query_history_k_data_plus
601222,SHSE.601222,,SH,A股-上交所,2025-09-11,6.19,6.26,6.16,6.24,6.2,26364349,163633034.8,0.6452,1.2797,1,0,none,baostock,query_history_k_data_plus
601222,SHSE.601222,,SH,A股-上交所,2025-09-12,6.24,6.32,6.16,6.23,6.24,35689545,221803786.27,-0.1603,1.7324,1,0,none,baostock,query_history_k_data_plus
601222,SHSE.601222,,SH,A股-上交所,2025-09-15,6.34,6.54,6.24,6.25,6.23,47868749,305604759.6,0.321,2.3235,1,0,none,baostock,query_history_k_data_plus
601222,SHSE.601222,,SH,A股-上交所,2025-09-16,6.26,6.3,6.15,6.19,6.25,25855700,160288891.0,-0.96,1.255,1,0,none,baostock,query_history_k_data_plus
601222,SHSE.601222,,SH,A股-上交所,2025-09-17,6.17,6.25,6.15,6.19,6.19,18929204,117220543.22,0.0,0.9188,1,0,none,baostock,query_history_k_data_plus
601222,SHSE.601222,,SH,A股-上交所,2025-09-18,6.19,6.21,6.06,6.11,6.19,30151300,185130735.5,-1.2924,1.4635,1,0,none,baostock,query_history_k_data_plus
601222,SHSE.601222,,SH,A股-上交所,2025-09-19,6.1,6.15,6.06,6.07,6.11,18232059,111033619.13,-0.6547,0.885,1,0,none,baostock,query_history_k_data_plus
601222,SHSE.601222,,SH,A股-上交所,2025-09-22,6.11,6.13,6.05,6.1,6.07,15392100,93761294.0,0.4942,0.7471,1,0,none,baostock,query_history_k_data_plus
601222,SHSE.601222,,SH,A股-上交所,2025-09-23,6.09,6.1,5.95,6.01,6.1,28759756,172855176.32,-1.4754,1.396,1,0,none,baostock,query_history_k_data_plus
601222,SHSE.601222,,SH,A股-上交所,2025-09-24,6.02,6.07,5.98,6.07,6.01,20920584,126047180.7,0.9983,1.0155,1,0,none,baostock,query_history_k_data_plus
601222,SHSE.601222,,SH,A股-上交所,2025-09-25,6.1,6.12,6.01,6.05,6.07,17002350,103168124.5,-0.3295,0.8253,1,0,none,baostock,query_history_k_data_plus
601222,SHSE.601222,,SH,A股-上交所,2025-09-26,6.09,6.2,6.06,6.11,6.05,27643549,169503755.87,0.9917,1.3418,1,0,none,baostock,query_history_k_data_plus
601222,SHSE.601222,,SH,A股-上交所,2025-09-29,6.16,6.18,6.03,6.11,6.11,24207950,147752794.09,0.0,1.175,1,0,none,baostock,query_history_k_data_plus
601222,SHSE.601222,,SH,A股-上交所,2025-09-30,6.06,6.18,6.06,6.14,6.11,21714000,133323980.0,0.491,1.054,1,0,none,baostock,query_history_k_data_plus
601222,SHSE.601222,,SH,A股-上交所,2025-10-09,6.15,6.25,6.15,6.23,6.14,28926840,179942874.4,1.4658,1.4041,1,0,none,baostock,query_history_k_data_plus
601222,SHSE.601222,,SH,A股-上交所,2025-10-10,6.21,6.23,6.16,6.18,6.23,20577517,127294213.43,-0.8026,0.9988,1,0,none,baostock,query_history_k_data_plus
601222,SHSE.601222,,SH,A股-上交所,2025-10-13,6.05,6.11,6.01,6.1,6.18,33664637,203752483.35,-1.2945,1.6341,1,0,none,baostock,query_history_k_data_plus
601222,SHSE.601222,,SH,A股-上交所,2025-10-14,6.1,6.25,6.07,6.11,6.1,38970176,240277901.4,0.1639,1.8916,1,0,none,baostock,query_history_k_data_plus
601222,SHSE.601222,,SH,A股-上交所,2025-10-15,6.12,6.22,6.09,6.21,6.11,26819002,165103098.86,1.6367,1.3018,1,0,none,baostock,query_history_k_data_plus
601222,SHSE.601222,,SH,A股-上交所,2025-10-16,6.17,6.21,6.13,6.16,6.21,18502908,113876699.7,-0.8052,0.8981,1,0,none,baostock,query_history_k_data_plus
601222,SHSE.601222,,SH,A股-上交所,2025-10-17,6.14,6.16,5.94,5.96,6.16,41642766,250677070.66,-3.2468,2.0213,1,0,none,baostock,query_history_k_data_plus
601222,SHSE.601222,,SH,A股-上交所,2025-10-20,5.99,6.03,5.96,5.99,5.96,19108380,114544306.02,0.5034,0.9275,1,0,none,baostock,query_history_k_data_plus
601222,SHSE.601222,,SH,A股-上交所,2025-10-21,6.0,6.06,5.96,6.01,5.99,17167743,103179875.0,0.3339,0.8333,1,0,none,baostock,query_history_k_data_plus
601222,SHSE.601222,,SH,A股-上交所,2025-10-22,6.0,6.0,5.94,5.94,6.01,17923400,106831054.0,-1.1647,0.87,1,0,none,baostock,query_history_k_data_plus
601222,SHSE.601222,,SH,A股-上交所,2025-10-23,5.93,5.95,5.85,5.95,5.94,20714262,122263363.66,0.1684,1.0055,1,0,none,baostock,query_history_k_data_plus
601222,SHSE.601222,,SH,A股-上交所,2025-10-24,5.98,5.98,5.9,5.91,5.95,17201050,101980165.0,-0.6723,0.8349,1,0,none,baostock,query_history_k_data_plus
601222,SHSE.601222,,SH,A股-上交所,2025-10-27,5.92,5.95,5.91,5.92,5.91,13970862,82908738.9,0.1692,0.6781,1,0,none,baostock,query_history_k_data_plus
601222,SHSE.601222,,SH,A股-上交所,2025-10-28,5.91,5.94,5.87,5.88,5.92,21003700,124018289.0,-0.6757,1.0195,1,0,none,baostock,query_history_k_data_plus
601222,SHSE.601222,,SH,A股-上交所,2025-10-29,5.9,5.98,5.83,5.97,5.88,32692100,193074661.0,1.5306,1.5869,1,0,none,baostock,query_history_k_data_plus
601222,SHSE.601222,,SH,A股-上交所,2025-10-30,5.95,5.96,5.9,5.92,5.97,19777600,117287546.0,-0.8375,0.96,1,0,none,baostock,query_history_k_data_plus
601222,SHSE.601222,,SH,A股-上交所,2025-10-31,5.82,5.89,5.77,5.84,5.92,24381029,142353483.65,-1.3514,1.1834,1,0,none,baostock,query_history_k_data_plus
601222,SHSE.601222,,SH,A股-上交所,2025-11-03,5.85,5.91,5.82,5.91,5.84,17566612,103135335.88,1.1986,0.8527,1,0,none,baostock,query_history_k_data_plus
601222,SHSE.601222,,SH,A股-上交所,2025-11-04,5.89,5.96,5.86,5.89,5.91,16890600,99812688.0,-0.3384,0.8199,1,0,none,baostock,query_history_k_data_plus
601222,SHSE.601222,,SH,A股-上交所,2025-11-05,5.86,6.09,5.84,6.08,5.89,63686760,383145471.2,3.2258,3.0913,1,0,none,baostock,query_history_k_data_plus
601222,SHSE.601222,,SH,A股-上交所,2025-11-06,6.09,6.21,6.09,6.13,6.08,44152750,271352296.21,0.8224,2.1432,1,0,none,baostock,query_history_k_data_plus
601222,SHSE.601222,,SH,A股-上交所,2025-11-07,6.11,6.2,6.08,6.19,6.13,41173829,254233403.64,0.9788,1.9986,1,0,none,baostock,query_history_k_data_plus
601222,SHSE.601222,,SH,A股-上交所,2025-11-10,6.21,6.23,6.14,6.18,6.19,24669760,152263328.2,-0.1616,1.1975,1,0,none,baostock,query_history_k_data_plus
601222,SHSE.601222,,SH,A股-上交所,2025-11-11,6.28,6.49,6.28,6.34,6.18,63860459,408216135.64,2.589,3.0998,1,0,none,baostock,query_history_k_data_plus
601222,SHSE.601222,,SH,A股-上交所,2025-11-12,6.4,6.42,6.11,6.14,6.34,43289636,268068594.82,-3.1546,2.1013,1,0,none,baostock,query_history_k_data_plus
601222,SHSE.601222,,SH,A股-上交所,2025-11-13,6.18,6.3,6.11,6.24,6.14,36561530,228172433.76,1.6287,1.7747,1,0,none,baostock,query_history_k_data_plus
601222,SHSE.601222,,SH,A股-上交所,2025-11-14,6.19,6.3,6.16,6.16,6.24,25493700,158127074.0,-1.2821,1.2375,1,0,none,baostock,query_history_k_data_plus
601222,SHSE.601222,,SH,A股-上交所,2025-11-17,6.15,6.16,6.05,6.1,6.16,23867200,145326473.0,-0.974,1.1585,1,0,none,baostock,query_history_k_data_plus
601222,SHSE.601222,,SH,A股-上交所,2025-11-18,6.09,6.1,5.94,5.99,6.1,28969023,173714993.92,-1.8033,1.4061,1,0,none,baostock,query_history_k_data_plus
601222,SHSE.601222,,SH,A股-上交所,2025-11-19,5.97,6.03,5.88,5.9,5.99,20781300,123183675.0,-1.5025,1.0087,1,0,none,baostock,query_history_k_data_plus
601222,SHSE.601222,,SH,A股-上交所,2025-11-20,5.93,5.95,5.85,5.87,5.9,19619200,115491914.0,-0.5085,0.9523,1,0,none,baostock,query_history_k_data_plus
601222,SHSE.601222,,SH,A股-上交所,2025-11-21,5.84,5.85,5.68,5.68,5.87,34766500,199842671.0,-3.2368,1.6876,1,0,none,baostock,query_history_k_data_plus
601222,SHSE.601222,,SH,A股-上交所,2025-11-24,5.74,5.75,5.69,5.72,5.68,13332893,76220757.89,0.7042,0.6472,1,0,none,baostock,query_history_k_data_plus
601222,SHSE.601222,,SH,A股-上交所,2025-11-25,5.73,5.77,5.71,5.73,5.72,14444593,82984262.82,0.1748,0.7011,1,0,none,baostock,query_history_k_data_plus
601222,SHSE.601222,,SH,A股-上交所,2025-11-26,5.75,5.75,5.7,5.71,5.73,13536228,77530805.72,-0.349,0.657,1,0,none,baostock,query_history_k_data_plus
601222,SHSE.601222,,SH,A股-上交所,2025-11-27,5.71,5.74,5.69,5.69,5.71,10961565,62574600.54,-0.3503,0.5321,1,0,none,baostock,query_history_k_data_plus
601222,SHSE.601222,,SH,A股-上交所,2025-11-28,5.69,5.71,5.66,5.7,5.69,10705129,60864863.12,0.1757,0.5196,1,0,none,baostock,query_history_k_data_plus
601222,SHSE.601222,,SH,A股-上交所,2025-12-01,5.7,5.73,5.69,5.72,5.7,14756782,84295575.4,0.3509,0.7163,1,0,none,baostock,query_history_k_data_plus
601222,SHSE.601222,,SH,A股-上交所,2025-12-02,5.72,5.75,5.68,5.75,5.72,10522600,60122685.0,0.5245,0.5108,1,0,none,baostock,query_history_k_data_plus
601222,SHSE.601222,,SH,A股-上交所,2025-12-03,5.75,5.76,5.71,5.73,5.75,9237900,52917547.0,-0.3478,0.4484,1,0,none,baostock,query_history_k_data_plus
601222,SHSE.601222,,SH,A股-上交所,2025-12-04,5.71,5.73,5.69,5.71,5.73,8565000,48889199.0,-0.349,0.4157,1,0,none,baostock,query_history_k_data_plus
601222,SHSE.601222,,SH,A股-上交所,2025-12-05,5.72,5.77,5.7,5.76,5.71,14037882,80550735.68,0.8757,0.6814,1,0,none,baostock,query_history_k_data_plus
601222,SHSE.601222,,SH,A股-上交所,2025-12-08,5.76,5.79,5.75,5.75,5.76,11167898,64348278.74,-0.1736,0.5421,1,0,none,baostock,query_history_k_data_plus
601222,SHSE.601222,,SH,A股-上交所,2025-12-09,5.74,5.77,5.73,5.73,5.75,8574200,49235853.0,-0.3478,0.4162,1,0,none,baostock,query_history_k_data_plus
601222,SHSE.601222,,SH,A股-上交所,2025-12-10,5.74,5.75,5.7,5.72,5.73,12150802,69481014.44,-0.1745,0.5898,1,0,none,baostock,query_history_k_data_plus
601222,SHSE.601222,,SH,A股-上交所,2025-12-11,5.72,5.74,5.62,5.64,5.72,20589935,116786961.7,-1.3986,0.9994,1,0,none,baostock,query_history_k_data_plus
601222,SHSE.601222,,SH,A股-上交所,2025-12-12,5.57,5.59,5.52,5.58,5.55,26432378,146783629.5,0.5405,1.283,1,0,none,baostock,query_history_k_data_plus
601222,SHSE.601222,,SH,A股-上交所,2025-12-15,5.57,5.62,5.54,5.59,5.58,16340650,91134920.5,0.1792,0.7932,1,0,none,baostock,query_history_k_data_plus
601222,SHSE.601222,,SH,A股-上交所,2025-12-16,5.59,5.59,5.49,5.51,5.59,13940879,76876479.5,-1.4311,0.6767,1,0,none,baostock,query_history_k_data_plus
601222,SHSE.601222,,SH,A股-上交所,2025-12-17,5.49,5.53,5.45,5.52,5.51,12321400,67589077.0,0.1815,0.5981,1,0,none,baostock,query_history_k_data_plus
601222,SHSE.601222,,SH,A股-上交所,2025-12-18,5.49,5.54,5.47,5.52,5.52,8981306,49513592.12,0.0,0.4359,1,0,none,baostock,query_history_k_data_plus
601222,SHSE.601222,,SH,A股-上交所,2025-12-19,5.52,5.58,5.51,5.58,5.52,11007693,61212832.57,1.087,0.5343,1,0,none,baostock,query_history_k_data_plus
601222,SHSE.601222,,SH,A股-上交所,2025-12-22,5.58,5.6,5.56,5.56,5.58,9540056,53171940.23,-0.3584,0.4631,1,0,none,baostock,query_history_k_data_plus
601222,SHSE.601222,,SH,A股-上交所,2025-12-23,5.58,5.59,5.53,5.55,5.56,9654129,53642684.42,-0.1799,0.4686,1,0,none,baostock,query_history_k_data_plus
601222,SHSE.601222,,SH,A股-上交所,2025-12-24,5.53,5.58,5.52,5.57,5.55,12126922,67446915.61,0.3604,0.5886,1,0,none,baostock,query_history_k_data_plus
601222,SHSE.601222,,SH,A股-上交所,2025-12-25,5.56,5.58,5.54,5.57,5.57,10628300,59136401.0,0.0,0.5159,1,0,none,baostock,query_history_k_data_plus
601222,SHSE.601222,,SH,A股-上交所,2025-12-26,5.57,5.6,5.55,5.56,5.57,13108400,73098344.0,-0.1795,0.6363,1,0,none,baostock,query_history_k_data_plus
601222,SHSE.601222,,SH,A股-上交所,2025-12-29,5.56,5.57,5.51,5.52,5.56,12066840,66788499.24,-0.7194,0.5857,1,0,none,baostock,query_history_k_data_plus
601222,SHSE.601222,,SH,A股-上交所,2025-12-30,5.51,5.53,5.49,5.51,5.52,11826817,65173747.17,-0.1812,0.5741,1,0,none,baostock,query_history_k_data_plus
601222,SHSE.601222,,SH,A股-上交所,2025-12-31,5.51,5.51,5.46,5.47,5.51,11224900,61540455.0,-0.726,0.5449,1,0,none,baostock,query_history_k_data_plus
601222,SHSE.601222,,SH,A股-上交所,2026-01-05,5.5,5.53,5.48,5.53,5.47,11677791,64326240.5,1.0969,0.5668,1,0,none,baostock,query_history_k_data_plus
601222,SHSE.601222,,SH,A股-上交所,2026-01-06,5.53,5.6,5.53,5.59,5.53,16031601,89402122.58,1.085,0.7782,1,0,none,baostock,query_history_k_data_plus
601222,SHSE.601222,,SH,A股-上交所,2026-01-07,5.6,5.64,5.57,5.6,5.59,16406188,91883490.06,0.1789,0.7964,1,0,none,baostock,query_history_k_data_plus
601222,SHSE.601222,,SH,A股-上交所,2026-01-08,5.59,5.64,5.57,5.62,5.6,14808703,83170874.83,0.3571,0.7188,1,0,none,baostock,query_history_k_data_plus
601222,SHSE.601222,,SH,A股-上交所,2026-01-09,5.61,5.64,5.58,5.62,5.62,21046138,118145513.53,0.0,1.0216,1,0,none,baostock,query_history_k_data_plus
601222,SHSE.601222,,SH,A股-上交所,2026-01-12,5.6,5.65,5.6,5.64,5.62,23786400,133860018.0,0.3559,1.1546,1,0,none,baostock,query_history_k_data_plus
601222,SHSE.601222,,SH,A股-上交所,2026-01-13,5.64,5.95,5.61,5.9,5.64,71576984,414234134.22,4.6099,3.4743,1,0,none,baostock,query_history_k_data_plus
601222,SHSE.601222,,SH,A股-上交所,2026-01-14,5.86,5.92,5.76,5.81,5.9,57987198,339205029.69,-1.5254,2.8147,1,0,none,baostock,query_history_k_data_plus
601222,SHSE.601222,,SH,A股-上交所,2026-01-15,5.76,5.83,5.74,5.78,5.81,27550100,159207838.0,-0.5164,1.3373,1,0,none,baostock,query_history_k_data_plus
601222,SHSE.601222,,SH,A股-上交所,2026-01-16,5.94,6.03,5.81,5.85,5.78,54043324,320332516.02,1.2111,2.6232,1,0,none,baostock,query_history_k_data_plus
601222,SHSE.601222,,SH,A股-上交所,2026-01-19,5.85,6.01,5.82,5.96,5.85,45969181,273968941.35,1.8803,2.2313,1,0,none,baostock,query_history_k_data_plus
601222,SHSE.601222,,SH,A股-上交所,2026-01-20,6.0,6.06,5.93,5.97,5.96,39106083,233824320.5,0.1678,1.8982,1,0,none,baostock,query_history_k_data_plus
601222,SHSE.601222,,SH,A股-上交所,2026-01-21,5.93,5.97,5.9,5.92,5.97,28359092,168072949.72,-0.8375,1.3765,1,0,none,baostock,query_history_k_data_plus
601222,SHSE.601222,,SH,A股-上交所,2026-01-22,5.92,5.96,5.9,5.93,5.92,22239439,131844065.49,0.1689,1.0795,1,0,none,baostock,query_history_k_data_plus
601222,SHSE.601222,,SH,A股-上交所,2026-01-23,5.94,6.05,5.92,6.04,5.93,43387890,261188302.76,1.855,2.106,1,0,none,baostock,query_history_k_data_plus
601222,SHSE.601222,,SH,A股-上交所,2026-01-26,6.0,6.02,5.91,5.94,6.04,43046350,256899496.57,-1.6556,2.0895,1,0,none,baostock,query_history_k_data_plus
601222,SHSE.601222,,SH,A股-上交所,2026-01-27,5.92,5.95,5.76,5.92,5.94,38241912,223846420.86,-0.3367,1.8563,1,0,none,baostock,query_history_k_data_plus
601222,SHSE.601222,,SH,A股-上交所,2026-01-28,5.89,5.94,5.84,5.88,5.92,21366953,125439344.08,-0.6757,1.0371,1,0,none,baostock,query_history_k_data_plus
601222,SHSE.601222,,SH,A股-上交所,2026-01-29,5.88,5.9,5.8,5.8,5.88,25331422,148013433.12,-1.3605,1.2296,1,0,none,baostock,query_history_k_data_plus
601222,SHSE.601222,,SH,A股-上交所,2026-01-30,5.81,5.83,5.67,5.76,5.8,25171536,144673291.08,-0.6897,1.2218,1,0,none,baostock,query_history_k_data_plus
601222,SHSE.601222,,SH,A股-上交所,2026-02-02,5.75,5.84,5.71,5.71,5.76,23609900,136303891.0,-0.8681,1.146,1,0,none,baostock,query_history_k_data_plus
601222,SHSE.601222,,SH,A股-上交所,2026-02-03,5.75,5.89,5.72,5.87,5.71,30343143,177114758.41,2.8021,1.4728,1,0,none,baostock,query_history_k_data_plus
601222,SHSE.601222,,SH,A股-上交所,2026-02-04,5.88,6.08,5.83,6.06,5.87,51467186,308305981.01,3.2368,2.4982,1,0,none,baostock,query_history_k_data_plus
601222,SHSE.601222,,SH,A股-上交所,2026-02-05,6.06,6.06,5.82,5.83,6.06,46386418,272941170.54,-3.7954,2.2516,1,0,none,baostock,query_history_k_data_plus
601222,SHSE.601222,,SH,A股-上交所,2026-02-06,5.8,5.92,5.77,5.86,5.83,24404013,143445603.19,0.5146,1.1846,1,0,none,baostock,query_history_k_data_plus
601222,SHSE.601222,,SH,A股-上交所,2026-02-09,6.14,6.45,6.14,6.25,5.86,116262266,729704474.34,6.6553,5.6433,1,0,none,baostock,query_history_k_data_plus
601222,SHSE.601222,,SH,A股-上交所,2026-02-10,6.36,6.4,6.16,6.2,6.25,68769150,429797634.02,-0.8,3.338,1,0,none,baostock,query_history_k_data_plus
601222,SHSE.601222,,SH,A股-上交所,2026-02-11,6.21,6.37,6.2,6.25,6.2,41827891,262893548.48,0.8065,2.0303,1,0,none,baostock,query_history_k_data_plus
601222,SHSE.601222,,SH,A股-上交所,2026-02-12,6.27,6.35,6.19,6.29,6.25,40441555,254103740.56,0.64,1.963,1,0,none,baostock,query_history_k_data_plus
601222,SHSE.601222,,SH,A股-上交所,2026-02-13,6.28,6.29,6.14,6.16,6.29,37444900,231936519.0,-2.0668,1.8176,1,0,none,baostock,query_history_k_data_plus
601222,SHSE.601222,,SH,A股-上交所,2026-02-24,6.21,6.24,6.18,6.18,6.16,27360150,169867608.0,0.3247,1.3281,1,0,none,baostock,query_history_k_data_plus
601222,SHSE.601222,,SH,A股-上交所,2026-02-25,6.19,6.26,6.16,6.17,6.18,31623000,196426553.0,-0.1618,1.535,1,0,none,baostock,query_history_k_data_plus
601222,SHSE.601222,,SH,A股-上交所,2026-02-26,6.17,6.23,6.14,6.2,6.17,28621257,176814565.26,0.4862,1.3893,1,0,none,baostock,query_history_k_data_plus
601222,SHSE.601222,,SH,A股-上交所,2026-02-27,6.18,6.28,6.17,6.26,6.2,31663643,197433944.32,0.9677,1.5369,1,0,none,baostock,query_history_k_data_plus
601222,SHSE.601222,,SH,A股-上交所,2026-03-02,6.2,6.31,6.15,6.2,6.26,37302200,231919066.0,-0.9585,1.8106,1,0,none,baostock,query_history_k_data_plus
601222,SHSE.601222,,SH,A股-上交所,2026-03-03,6.22,6.26,6.08,6.1,6.2,45560500,280357519.5,-1.6129,2.2115,1,0,none,baostock,query_history_k_data_plus
601222,SHSE.601222,,SH,A股-上交所,2026-03-04,6.08,6.2,6.06,6.14,6.1,32036050,196844781.5,0.6557,1.555,1,0,none,baostock,query_history_k_data_plus
601222,SHSE.601222,,SH,A股-上交所,2026-03-05,6.2,6.35,6.19,6.31,6.14,52573960,331088966.5,2.7687,2.5519,1,0,none,baostock,query_history_k_data_plus
601222,SHSE.601222,,SH,A股-上交所,2026-03-06,6.31,6.66,6.28,6.5,6.31,80835296,522975744.95,3.0111,3.9237,1,0,none,baostock,query_history_k_data_plus
601222,SHSE.601222,,SH,A股-上交所,2026-03-09,6.5,6.62,6.46,6.56,6.5,67945616,445139380.04,0.9231,3.2981,1,0,none,baostock,query_history_k_data_plus
601222,SHSE.601222,,SH,A股-上交所,2026-03-10,6.57,6.63,6.48,6.57,6.56,44091618,289025895.6,0.1524,2.1402,1,0,none,baostock,query_history_k_data_plus
601222,SHSE.601222,,SH,A股-上交所,2026-03-11,6.55,6.8,6.47,6.76,6.57,70083448,469614506.8,2.8919,3.4018,1,0,none,baostock,query_history_k_data_plus
601222,SHSE.601222,,SH,A股-上交所,2026-03-12,6.81,6.88,6.67,6.77,6.76,61527500,416397821.3,0.1479,2.9865,1,0,none,baostock,query_history_k_data_plus
601222,SHSE.601222,,SH,A股-上交所,2026-03-13,6.74,6.82,6.67,6.71,6.77,53301519,359563957.15,-0.8863,2.5872,1,0,none,baostock,query_history_k_data_plus
601222,SHSE.601222,,SH,A股-上交所,2026-03-16,6.66,6.72,6.5,6.54,6.71,48384203,318280119.13,-2.5335,2.3486,1,0,none,baostock,query_history_k_data_plus
601222,SHSE.601222,,SH,A股-上交所,2026-03-17,6.55,6.64,6.46,6.48,6.54,34269900,224089282.36,-0.9174,1.6635,1,0,none,baostock,query_history_k_data_plus
601222,SHSE.601222,,SH,A股-上交所,2026-03-18,6.48,6.56,6.36,6.42,6.48,33861103,217813411.23,-0.9259,1.6436,1,0,none,baostock,query_history_k_data_plus
601222,SHSE.601222,,SH,A股-上交所,2026-03-19,6.36,6.56,6.34,6.43,6.42,39701677,255982398.35,0.1558,1.9271,1,0,none,baostock,query_history_k_data_plus
601222,SHSE.601222,,SH,A股-上交所,2026-03-20,6.43,6.62,6.36,6.42,6.43,46059000,298950508.0,-0.1555,2.2357,1,0,none,baostock,query_history_k_data_plus
601222,SHSE.601222,,SH,A股-上交所,2026-03-23,6.33,6.48,6.21,6.25,6.42,53243500,337349098.99,-2.648,2.5844,1,0,none,baostock,query_history_k_data_plus
601222,SHSE.601222,,SH,A股-上交所,2026-03-24,6.33,6.45,6.13,6.44,6.25,48196975,304221770.56,3.04,2.3395,1,0,none,baostock,query_history_k_data_plus
601222,SHSE.601222,,SH,A股-上交所,2026-03-25,6.42,6.66,6.39,6.57,6.44,54290184,356429563.7,2.0186,2.6352,1,0,none,baostock,query_history_k_data_plus
601222,SHSE.601222,,SH,A股-上交所,2026-03-26,6.54,6.66,6.44,6.53,6.57,47615472,311897452.35,-0.6088,2.3112,1,0,none,baostock,query_history_k_data_plus
601222,SHSE.601222,,SH,A股-上交所,2026-03-27,6.49,6.55,6.39,6.47,6.53,40952550,264783675.5,-0.9188,1.9878,1,0,none,baostock,query_history_k_data_plus
601222,SHSE.601222,,SH,A股-上交所,2026-03-30,6.42,6.44,6.08,6.27,6.47,49945776,310061585.89,-3.0912,2.4244,1,0,none,baostock,query_history_k_data_plus
601222,SHSE.601222,,SH,A股-上交所,2026-03-31,6.32,6.33,6.1,6.13,6.27,33167550,205786070.11,-2.2329,1.6099,1,0,none,baostock,query_history_k_data_plus
601222,SHSE.601222,,SH,A股-上交所,2026-04-01,6.2,6.28,6.15,6.2,6.13,23975600,149020410.0,1.1419,1.1638,1,0,none,baostock,query_history_k_data_plus
601222,SHSE.601222,,SH,A股-上交所,2026-04-02,6.18,6.22,6.01,6.02,6.2,33048005,201069935.0,-2.9032,1.6041,1,0,none,baostock,query_history_k_data_plus
601222,SHSE.601222,,SH,A股-上交所,2026-04-03,6.08,6.08,5.81,5.84,6.02,31873264,188127973.38,-2.99,1.5471,1,0,none,baostock,query_history_k_data_plus
601222,SHSE.601222,,SH,A股-上交所,2026-04-07,5.82,5.89,5.77,5.8,5.84,20848213,121445717.23,-0.6849,1.012,1,0,none,baostock,query_history_k_data_plus
601222,SHSE.601222,,SH,A股-上交所,2026-04-08,5.9,5.95,5.88,5.95,5.8,24863002,147238821.84,2.5862,1.2068,1,0,none,baostock,query_history_k_data_plus
601222,SHSE.601222,,SH,A股-上交所,2026-04-09,5.93,5.93,5.83,5.86,5.95,19186000,112642038.0,-1.5126,0.9313,1,0,none,baostock,query_history_k_data_plus
601222,SHSE.601222,,SH,A股-上交所,2026-04-10,5.89,6.02,5.86,5.92,5.86,23116250,137406491.0,1.0239,1.1221,1,0,none,baostock,query_history_k_data_plus
601222,SHSE.601222,,SH,A股-上交所,2026-04-13,5.9,6.0,5.88,5.96,5.92,15832602,94011451.96,0.6757,0.7685,1,0,none,baostock,query_history_k_data_plus
601222,SHSE.601222,,SH,A股-上交所,2026-04-14,5.99,6.26,5.98,6.13,5.96,39675150,243370441.5,2.8523,1.9258,1,0,none,baostock,query_history_k_data_plus
601222,SHSE.601222,,SH,A股-上交所,2026-04-15,6.13,6.19,6.07,6.19,6.13,26415000,162252629.0,0.9788,1.2941,1,0,none,baostock,query_history_k_data_plus
601222,SHSE.601222,,SH,A股-上交所,2026-04-16,6.18,6.21,6.12,6.16,6.19,17622233,108542550.62,-0.4847,0.8633,1,0,none,baostock,query_history_k_data_plus
601222,SHSE.601222,,SH,A股-上交所,2026-04-17,6.17,6.47,6.15,6.38,6.16,52959585,335999464.01,3.5714,2.5945,1,0,none,baostock,query_history_k_data_plus
