code,symbol,name,market,asset_type,date,open,high,low,close,preclose,volume,amount,pct_chg,turnover,trade_status,is_st,adjust,provider,source_function
601512,SHSE.601512,,SH,A股-上交所,2020-12-28,10.03,10.06,9.89,9.93,10.08,1506199,14997397.1,-1.4881,0.1889,1,0,none,baostock,query_history_k_data_plus
601512,SHSE.601512,,SH,A股-上交所,2020-12-29,9.9,10.04,9.9,9.99,9.93,1001500,10004300.0,0.6042,0.1256,1,0,none,baostock,query_history_k_data_plus
601512,SHSE.601512,,SH,A股-上交所,2020-12-30,10.0,10.05,9.93,9.97,9.99,823982,8226606.3,-0.2002,0.1033,1,0,none,baostock,query_history_k_data_plus
601512,SHSE.601512,,SH,A股-上交所,2020-12-31,10.0,10.04,9.94,9.94,9.97,3923998,39150807.58,-0.3009,0.4921,1,0,none,baostock,query_history_k_data_plus
601512,SHSE.601512,,SH,A股-上交所,2021-01-04,9.93,9.95,9.72,9.79,9.94,3360089,32858403.64,-1.5091,0.4214,1,0,none,baostock,query_history_k_data_plus
601512,SHSE.601512,,SH,A股-上交所,2021-01-05,9.78,9.83,9.7,9.8,9.79,2126423,20748194.58,0.1021,0.2667,1,0,none,baostock,query_history_k_data_plus
601512,SHSE.601512,,SH,A股-上交所,2021-01-06,9.76,9.83,9.74,9.75,9.8,1453553,14194888.22,-0.5102,0.1823,1,0,none,baostock,query_history_k_data_plus
601512,SHSE.601512,,SH,A股-上交所,2021-01-07,9.78,9.78,9.4,9.46,9.75,3377939,32309536.88,-2.9744,0.4236,1,0,none,baostock,query_history_k_data_plus
601512,SHSE.601512,,SH,A股-上交所,2021-01-08,9.46,9.53,9.35,9.43,9.46,1683126,15898118.29,-0.3171,0.2111,1,0,none,baostock,query_history_k_data_plus
601512,SHSE.601512,,SH,A股-上交所,2021-01-11,9.4,9.48,9.22,9.25,9.43,1952400,18210222.0,-1.9088,0.2448,1,0,none,baostock,query_history_k_data_plus
601512,SHSE.601512,,SH,A股-上交所,2021-01-12,9.21,9.35,9.2,9.25,9.25,1337258,12384438.37,0.0,0.1677,1,0,none,baostock,query_history_k_data_plus
601512,SHSE.601512,,SH,A股-上交所,2021-01-13,9.25,9.25,8.99,9.03,9.25,2878123,26086727.61,-2.3784,0.3609,1,0,none,baostock,query_history_k_data_plus
601512,SHSE.601512,,SH,A股-上交所,2021-01-14,9.01,9.19,9.0,9.12,9.03,1546315,14092234.5,0.9967,0.1939,1,0,none,baostock,query_history_k_data_plus
601512,SHSE.601512,,SH,A股-上交所,2021-01-15,9.15,9.45,9.14,9.32,9.12,2164715,20187152.54,2.193,0.2715,1,0,none,baostock,query_history_k_data_plus
601512,SHSE.601512,,SH,A股-上交所,2021-01-18,9.32,9.46,9.26,9.36,9.32,1251100,11739331.0,0.4292,0.1569,1,0,none,baostock,query_history_k_data_plus
601512,SHSE.601512,,SH,A股-上交所,2021-01-19,9.41,9.56,9.33,9.45,9.36,1815767,17155712.49,0.9615,0.2277,1,0,none,baostock,query_history_k_data_plus
601512,SHSE.601512,,SH,A股-上交所,2021-01-20,9.4,9.45,9.35,9.38,9.45,957000,8977737.0,-0.7407,0.12,1,0,none,baostock,query_history_k_data_plus
601512,SHSE.601512,,SH,A股-上交所,2021-01-21,9.42,9.5,9.36,9.43,9.38,1107477,10440566.67,0.533,0.1389,1,0,none,baostock,query_history_k_data_plus
601512,SHSE.601512,,SH,A股-上交所,2021-01-22,9.45,9.54,9.35,9.4,9.43,1669700,15758312.0,-0.3181,0.2094,1,0,none,baostock,query_history_k_data_plus
601512,SHSE.601512,,SH,A股-上交所,2021-01-25,9.4,9.43,9.13,9.15,9.4,1846777,17052719.78,-2.6596,0.2316,1,0,none,baostock,query_history_k_data_plus
601512,SHSE.601512,,SH,A股-上交所,2021-01-26,9.15,9.27,9.11,9.17,9.15,991700,9111353.72,0.2186,0.1244,1,0,none,baostock,query_history_k_data_plus
601512,SHSE.601512,,SH,A股-上交所,2021-01-27,9.18,9.22,9.1,9.13,9.17,977500,8943179.0,-0.4362,0.1226,1,0,none,baostock,query_history_k_data_plus
601512,SHSE.601512,,SH,A股-上交所,2021-01-28,9.11,9.18,9.07,9.11,9.13,892725,8145278.75,-0.2191,0.112,1,0,none,baostock,query_history_k_data_plus
601512,SHSE.601512,,SH,A股-上交所,2021-01-29,9.11,9.17,9.03,9.06,9.11,1418900,12891504.0,-0.5488,0.1779,1,0,none,baostock,query_history_k_data_plus
601512,SHSE.601512,,SH,A股-上交所,2021-02-01,9.06,9.06,8.93,9.01,9.06,1479369,13287429.24,-0.5519,0.1855,1,0,none,baostock,query_history_k_data_plus
601512,SHSE.601512,,SH,A股-上交所,2021-02-02,9.03,9.22,8.98,8.99,9.01,1869562,16917468.05,-0.222,0.2345,1,0,none,baostock,query_history_k_data_plus
601512,SHSE.601512,,SH,A股-上交所,2021-02-03,9.01,9.03,8.86,8.93,8.99,1788416,15937235.08,-0.6674,0.2243,1,0,none,baostock,query_history_k_data_plus
601512,SHSE.601512,,SH,A股-上交所,2021-02-04,8.85,9.25,8.78,9.13,8.93,3597571,32159524.12,2.2396,0.4512,1,0,none,baostock,query_history_k_data_plus
601512,SHSE.601512,,SH,A股-上交所,2021-02-05,9.11,9.15,8.97,9.05,9.13,2192230,19853382.25,-0.8762,0.2749,1,0,none,baostock,query_history_k_data_plus
601512,SHSE.601512,,SH,A股-上交所,2021-02-08,8.97,9.16,8.97,9.06,9.05,995743,9047217.15,0.1105,0.1249,1,0,none,baostock,query_history_k_data_plus
601512,SHSE.601512,,SH,A股-上交所,2021-02-09,9.06,9.18,9.01,9.16,9.06,1089625,9945428.75,1.1038,0.1366,1,0,none,baostock,query_history_k_data_plus
601512,SHSE.601512,,SH,A股-上交所,2021-02-10,9.19,9.19,9.12,9.14,9.16,717804,6567438.6,-0.2183,0.09,1,0,none,baostock,query_history_k_data_plus
601512,SHSE.601512,,SH,A股-上交所,2021-02-18,9.18,9.25,9.18,9.24,9.14,1813615,16729058.15,1.0941,0.2274,1,0,none,baostock,query_history_k_data_plus
601512,SHSE.601512,,SH,A股-上交所,2021-02-19,9.19,9.42,9.19,9.4,9.24,1843200,17177955.0,1.7316,0.2311,1,0,none,baostock,query_history_k_data_plus
601512,SHSE.601512,,SH,A股-上交所,2021-02-22,9.41,9.51,9.36,9.4,9.4,2669312,25207803.56,0.0,0.3347,1,0,none,baostock,query_history_k_data_plus
601512,SHSE.601512,,SH,A股-上交所,2021-02-23,9.4,9.47,9.32,9.34,9.4,1337500,12518150.0,-0.6383,0.1677,1,0,none,baostock,query_history_k_data_plus
601512,SHSE.601512,,SH,A股-上交所,2021-02-24,9.31,9.39,9.28,9.3,9.34,1237052,11548022.44,-0.4283,0.1551,1,0,none,baostock,query_history_k_data_plus
601512,SHSE.601512,,SH,A股-上交所,2021-02-25,9.31,9.73,9.3,9.51,9.3,4735763,45241163.36,2.2581,0.5939,1,0,none,baostock,query_history_k_data_plus
601512,SHSE.601512,,SH,A股-上交所,2021-02-26,9.43,9.5,9.38,9.41,9.51,2349400,22134883.0,-1.0515,0.2946,1,0,none,baostock,query_history_k_data_plus
601512,SHSE.601512,,SH,A股-上交所,2021-03-01,9.42,9.46,9.33,9.4,9.41,1685398,15823827.28,-0.1063,0.2114,1,0,none,baostock,query_history_k_data_plus
601512,SHSE.601512,,SH,A股-上交所,2021-03-02,9.38,9.44,9.33,9.37,9.4,1388700,13010860.0,-0.3191,0.1742,1,0,none,baostock,query_history_k_data_plus
601512,SHSE.601512,,SH,A股-上交所,2021-03-03,9.37,9.46,9.34,9.43,9.37,1184600,11155963.0,0.6403,0.1486,1,0,none,baostock,query_history_k_data_plus
601512,SHSE.601512,,SH,A股-上交所,2021-03-04,9.44,9.45,9.39,9.42,9.43,1086987,10233998.8,-0.106,0.1363,1,0,none,baostock,query_history_k_data_plus
601512,SHSE.601512,,SH,A股-上交所,2021-03-05,9.37,9.46,9.37,9.43,9.42,1146400,10791321.0,0.1062,0.1438,1,0,none,baostock,query_history_k_data_plus
601512,SHSE.601512,,SH,A股-上交所,2021-03-08,9.45,9.49,9.4,9.45,9.43,1732698,16367794.22,0.2121,0.2173,1,0,none,baostock,query_history_k_data_plus
601512,SHSE.601512,,SH,A股-上交所,2021-03-09,9.46,9.52,9.29,9.33,9.45,1720000,16136613.0,-1.2698,0.2157,1,0,none,baostock,query_history_k_data_plus
601512,SHSE.601512,,SH,A股-上交所,2021-03-10,9.39,9.43,9.19,9.28,9.33,1276889,11897375.14,-0.5359,0.1601,1,0,none,baostock,query_history_k_data_plus
601512,SHSE.601512,,SH,A股-上交所,2021-03-11,9.28,9.34,9.26,9.3,9.28,1329863,12360487.9,0.2155,0.1668,1,0,none,baostock,query_history_k_data_plus
601512,SHSE.601512,,SH,A股-上交所,2021-03-12,9.3,9.49,9.24,9.36,9.3,1353100,12623729.0,0.6452,0.1697,1,0,none,baostock,query_history_k_data_plus
601512,SHSE.601512,,SH,A股-上交所,2021-03-15,9.33,9.41,9.3,9.37,9.36,948400,8875951.0,0.1068,0.1189,1,0,none,baostock,query_history_k_data_plus
601512,SHSE.601512,,SH,A股-上交所,2021-03-16,9.35,9.5,9.35,9.46,9.37,1361235,12838042.56,0.9605,0.1707,1,0,none,baostock,query_history_k_data_plus
601512,SHSE.601512,,SH,A股-上交所,2021-03-17,9.45,9.45,9.38,9.42,9.46,816541,7692703.06,-0.4228,0.1024,1,0,none,baostock,query_history_k_data_plus
601512,SHSE.601512,,SH,A股-上交所,2021-03-18,9.41,9.48,9.39,9.43,9.42,828041,7815225.45,0.1062,0.1038,1,0,none,baostock,query_history_k_data_plus
601512,SHSE.601512,,SH,A股-上交所,2021-03-19,9.4,9.59,9.35,9.48,9.43,1989317,18840577.01,0.5302,0.2495,1,0,none,baostock,query_history_k_data_plus
601512,SHSE.601512,,SH,A股-上交所,2021-03-22,9.45,9.62,9.43,9.56,9.48,1840500,17601394.16,0.8439,0.2308,1,0,none,baostock,query_history_k_data_plus
601512,SHSE.601512,,SH,A股-上交所,2021-03-23,9.56,9.57,9.39,9.43,9.56,1912494,18081977.55,-1.3598,0.2398,1,0,none,baostock,query_history_k_data_plus
601512,SHSE.601512,,SH,A股-上交所,2021-03-24,9.45,9.47,9.36,9.38,9.43,1172659,11035089.11,-0.5302,0.1471,1,0,none,baostock,query_history_k_data_plus
601512,SHSE.601512,,SH,A股-上交所,2021-03-25,9.35,9.43,9.33,9.35,9.38,680800,6378012.0,-0.3198,0.0854,1,0,none,baostock,query_history_k_data_plus
601512,SHSE.601512,,SH,A股-上交所,2021-03-26,9.39,9.52,9.35,9.5,9.35,1462231,13838686.72,1.6043,0.1834,1,0,none,baostock,query_history_k_data_plus
601512,SHSE.601512,,SH,A股-上交所,2021-03-29,9.49,9.51,9.39,9.41,9.5,1445000,13650608.0,-0.9474,0.1812,1,0,none,baostock,query_history_k_data_plus
601512,SHSE.601512,,SH,A股-上交所,2021-03-30,9.42,9.45,9.27,9.31,9.41,1717024,16016438.44,-1.0627,0.2153,1,0,none,baostock,query_history_k_data_plus
601512,SHSE.601512,,SH,A股-上交所,2021-03-31,9.33,9.37,9.24,9.33,9.31,1029116,9559098.32,0.2148,0.1291,1,0,none,baostock,query_history_k_data_plus
601512,SHSE.601512,,SH,A股-上交所,2021-04-01,9.35,9.36,9.24,9.25,9.33,1321962,12250516.02,-0.8574,0.1658,1,0,none,baostock,query_history_k_data_plus
601512,SHSE.601512,,SH,A股-上交所,2021-04-02,9.25,9.28,9.21,9.28,9.25,1002100,9267299.41,0.3243,0.1257,1,0,none,baostock,query_history_k_data_plus
601512,SHSE.601512,,SH,A股-上交所,2021-04-06,9.27,9.4,9.26,9.38,9.28,1146674,10690899.68,1.0776,0.1438,1,0,none,baostock,query_history_k_data_plus
601512,SHSE.601512,,SH,A股-上交所,2021-04-07,9.33,9.43,9.33,9.41,9.38,1103774,10371353.16,0.3198,0.1384,1,0,none,baostock,query_history_k_data_plus
601512,SHSE.601512,,SH,A股-上交所,2021-04-08,9.39,9.42,9.31,9.31,9.41,1203097,11232119.01,-1.0627,0.1509,1,0,none,baostock,query_history_k_data_plus
601512,SHSE.601512,,SH,A股-上交所,2021-04-09,9.35,9.35,9.27,9.33,9.31,643321,5990585.85,0.2148,0.0807,1,0,none,baostock,query_history_k_data_plus
601512,SHSE.601512,,SH,A股-上交所,2021-04-12,9.33,9.35,9.2,9.32,9.33,832500,7753968.32,-0.1072,0.1044,1,0,none,baostock,query_history_k_data_plus
601512,SHSE.601512,,SH,A股-上交所,2021-04-13,9.27,9.32,9.2,9.23,9.32,1011800,9344585.52,-0.9657,0.1269,1,0,none,baostock,query_history_k_data_plus
601512,SHSE.601512,,SH,A股-上交所,2021-04-14,9.24,9.27,9.09,9.2,9.23,1280631,11738835.61,-0.325,0.1606,1,0,none,baostock,query_history_k_data_plus
601512,SHSE.601512,,SH,A股-上交所,2021-04-15,9.17,9.24,9.17,9.21,9.2,629900,5799265.0,0.1087,0.079,1,0,none,baostock,query_history_k_data_plus
601512,SHSE.601512,,SH,A股-上交所,2021-04-16,9.27,9.58,9.26,9.57,9.21,3802097,36049523.38,3.9088,0.4768,1,0,none,baostock,query_history_k_data_plus
601512,SHSE.601512,,SH,A股-上交所,2021-04-19,9.52,9.7,9.5,9.64,9.57,2801425,26951876.09,0.7315,0.3513,1,0,none,baostock,query_history_k_data_plus
601512,SHSE.601512,,SH,A股-上交所,2021-04-20,9.71,10.15,9.64,9.96,9.64,8786360,87979870.04,3.3195,1.1019,1,0,none,baostock,query_history_k_data_plus
601512,SHSE.601512,,SH,A股-上交所,2021-04-21,9.93,10.0,9.87,9.94,9.96,2124650,21094339.5,-0.2008,0.2664,1,0,none,baostock,query_history_k_data_plus
601512,SHSE.601512,,SH,A股-上交所,2021-04-22,9.95,9.99,9.84,9.9,9.94,2087422,20701150.24,-0.4024,0.2618,1,0,none,baostock,query_history_k_data_plus
601512,SHSE.601512,,SH,A股-上交所,2021-04-23,9.97,9.97,9.79,9.89,9.9,2117600,20906593.0,-0.101,0.2656,1,0,none,baostock,query_history_k_data_plus
601512,SHSE.601512,,SH,A股-上交所,2021-04-26,9.83,9.93,9.76,9.81,9.89,2114700,20808445.5,-0.8089,0.2652,1,0,none,baostock,query_history_k_data_plus
601512,SHSE.601512,,SH,A股-上交所,2021-04-27,9.88,9.96,9.75,9.86,9.81,2368585,23390804.26,0.5097,0.297,1,0,none,baostock,query_history_k_data_plus
601512,SHSE.601512,,SH,A股-上交所,2021-04-28,9.83,9.87,9.54,9.56,9.86,3442900,33083698.0,-3.0426,0.4318,1,0,none,baostock,query_history_k_data_plus
601512,SHSE.601512,,SH,A股-上交所,2021-04-29,9.6,9.8,9.53,9.75,9.56,2262632,21977580.36,1.9874,0.2837,1,0,none,baostock,query_history_k_data_plus
601512,SHSE.601512,,SH,A股-上交所,2021-04-30,9.73,10.01,9.73,9.91,9.75,4312938,42765508.1,1.641,0.5409,1,0,none,baostock,query_history_k_data_plus
601512,SHSE.601512,,SH,A股-上交所,2021-05-06,9.89,9.96,9.72,9.89,9.91,3127871,30828471.48,-0.2018,0.3923,1,0,none,baostock,query_history_k_data_plus
601512,SHSE.601512,,SH,A股-上交所,2021-05-07,9.9,9.97,9.8,9.82,9.89,2344755,23152638.64,-0.7078,0.294,1,0,none,baostock,query_history_k_data_plus
601512,SHSE.601512,,SH,A股-上交所,2021-05-10,9.85,9.99,9.75,9.9,9.82,2835842,28068853.1,0.8147,0.3556,1,0,none,baostock,query_history_k_data_plus
601512,SHSE.601512,,SH,A股-上交所,2021-05-11,9.85,10.07,9.83,10.03,9.9,3571276,35621789.19,1.3131,0.4479,1,0,none,baostock,query_history_k_data_plus
601512,SHSE.601512,,SH,A股-上交所,2021-05-12,9.96,10.0,9.92,9.96,10.03,1843326,18343152.92,-0.6979,0.2312,1,0,none,baostock,query_history_k_data_plus
601512,SHSE.601512,,SH,A股-上交所,2021-05-13,9.91,10.09,9.9,10.04,9.96,2986250,29958923.11,0.8032,0.3745,1,0,none,baostock,query_history_k_data_plus
601512,SHSE.601512,,SH,A股-上交所,2021-05-14,10.08,10.08,9.92,10.01,10.04,2567590,25615393.64,-0.2988,0.322,1,0,none,baostock,query_history_k_data_plus
601512,SHSE.601512,,SH,A股-上交所,2021-05-17,10.01,10.05,9.89,9.89,10.01,1822400,18125278.16,-1.1988,0.2285,1,0,none,baostock,query_history_k_data_plus
601512,SHSE.601512,,SH,A股-上交所,2021-05-18,9.87,9.98,9.84,9.93,9.89,1492400,14832127.0,0.4044,0.1872,1,0,none,baostock,query_history_k_data_plus
601512,SHSE.601512,,SH,A股-上交所,2021-05-19,9.96,9.96,9.88,9.89,9.93,1240925,12300666.0,-0.4028,0.1556,1,0,none,baostock,query_history_k_data_plus
601512,SHSE.601512,,SH,A股-上交所,2021-05-20,9.88,9.95,9.84,9.92,9.89,1775100,17576754.0,0.3033,0.2226,1,0,none,baostock,query_history_k_data_plus
601512,SHSE.601512,,SH,A股-上交所,2021-05-21,9.94,10.03,9.87,9.91,9.92,1883500,18762667.0,-0.1008,0.2362,1,0,none,baostock,query_history_k_data_plus
601512,SHSE.601512,,SH,A股-上交所,2021-05-24,9.92,10.04,9.9,9.96,9.91,1807383,18044263.19,0.5045,0.2267,1,0,none,baostock,query_history_k_data_plus
601512,SHSE.601512,,SH,A股-上交所,2021-05-25,9.93,10.04,9.91,10.01,9.96,2060589,20572252.84,0.502,0.2584,1,0,none,baostock,query_history_k_data_plus
601512,SHSE.601512,,SH,A股-上交所,2021-05-26,9.98,10.08,9.96,9.98,10.01,2209231,22093589.82,-0.2997,0.2771,1,0,none,baostock,query_history_k_data_plus
601512,SHSE.601512,,SH,A股-上交所,2021-05-27,9.99,10.04,9.95,9.96,9.98,2130259,21287663.64,-0.2004,0.2671,1,0,none,baostock,query_history_k_data_plus
601512,SHSE.601512,,SH,A股-上交所,2021-05-28,9.99,10.02,9.88,9.88,9.96,2173731,21628841.45,-0.8032,0.2726,1,0,none,baostock,query_history_k_data_plus
601512,SHSE.601512,,SH,A股-上交所,2021-05-31,9.92,10.02,9.91,9.97,9.88,2106100,21020044.0,0.9109,0.2641,1,0,none,baostock,query_history_k_data_plus
601512,SHSE.601512,,SH,A股-上交所,2021-06-01,9.95,10.06,9.95,10.0,9.97,3774400,37773659.0,0.3009,0.4733,1,0,none,baostock,query_history_k_data_plus
601512,SHSE.601512,,SH,A股-上交所,2021-06-02,10.0,10.02,9.95,9.98,10.0,1955908,19530625.09,-0.2,0.2453,1,0,none,baostock,query_history_k_data_plus
601512,SHSE.601512,,SH,A股-上交所,2021-06-03,10.0,10.04,9.96,10.0,9.98,4376234,43770847.66,0.2004,0.5488,1,0,none,baostock,query_history_k_data_plus
601512,SHSE.601512,,SH,A股-上交所,2021-06-04,10.0,10.04,9.83,9.84,10.0,2636311,26088575.35,-1.6,0.3306,1,0,none,baostock,query_history_k_data_plus
601512,SHSE.601512,,SH,A股-上交所,2021-06-07,9.93,10.03,9.78,10.0,9.84,3358400,33375317.0,1.626,0.4212,1,0,none,baostock,query_history_k_data_plus
601512,SHSE.601512,,SH,A股-上交所,2021-06-08,10.0,10.04,9.96,10.03,10.0,3011696,30138414.04,0.3,0.3777,1,0,none,baostock,query_history_k_data_plus
601512,SHSE.601512,,SH,A股-上交所,2021-06-09,9.99,10.47,9.99,10.23,10.03,6177264,63654855.66,1.994,0.7747,1,0,none,baostock,query_history_k_data_plus
601512,SHSE.601512,,SH,A股-上交所,2021-06-10,10.22,10.3,10.12,10.18,10.23,3031539,30919546.13,-0.4888,0.3802,1,0,none,baostock,query_history_k_data_plus
601512,SHSE.601512,,SH,A股-上交所,2021-06-11,10.24,10.48,10.2,10.44,10.18,6065036,63199819.55,2.554,0.7606,1,0,none,baostock,query_history_k_data_plus
601512,SHSE.601512,,SH,A股-上交所,2021-06-15,10.37,10.6,10.11,10.21,10.44,5231560,53912460.8,-2.2031,0.6561,1,0,none,baostock,query_history_k_data_plus
601512,SHSE.601512,,SH,A股-上交所,2021-06-16,10.16,10.29,10.12,10.14,10.21,2743151,27944244.63,-0.6856,0.344,1,0,none,baostock,query_history_k_data_plus
601512,SHSE.601512,,SH,A股-上交所,2021-06-17,10.14,10.27,10.09,10.19,10.14,2176600,22148823.0,0.4931,0.273,1,0,none,baostock,query_history_k_data_plus
601512,SHSE.601512,,SH,A股-上交所,2021-06-18,10.13,10.27,10.1,10.25,10.19,2916180,29702867.12,0.5888,0.3657,1,0,none,baostock,query_history_k_data_plus
601512,SHSE.601512,,SH,A股-上交所,2021-06-21,9.92,10.14,9.89,10.04,9.99,2879384,28962799.6,0.5005,0.3611,1,0,none,baostock,query_history_k_data_plus
601512,SHSE.601512,,SH,A股-上交所,2021-06-22,10.04,10.15,10.0,10.07,10.04,1911890,19244497.3,0.2988,0.2398,1,0,none,baostock,query_history_k_data_plus
601512,SHSE.601512,,SH,A股-上交所,2021-06-23,10.05,10.13,9.97,10.02,10.07,1859300,18616415.0,-0.4965,0.2332,1,0,none,baostock,query_history_k_data_plus
601512,SHSE.601512,,SH,A股-上交所,2021-06-24,10.06,10.06,9.96,9.99,10.02,1253462,12534543.38,-0.2994,0.1572,1,0,none,baostock,query_history_k_data_plus
601512,SHSE.601512,,SH,A股-上交所,2021-06-25,9.99,10.04,9.85,9.89,9.99,2114796,20959005.48,-1.001,0.2652,1,0,none,baostock,query_history_k_data_plus
601512,SHSE.601512,,SH,A股-上交所,2021-06-28,9.92,10.26,9.86,10.21,9.89,3746721,37868633.65,3.2356,0.4699,1,0,none,baostock,query_history_k_data_plus
601512,SHSE.601512,,SH,A股-上交所,2021-06-29,10.22,10.24,10.07,10.08,10.21,1745800,17695247.96,-1.2733,0.2189,1,0,none,baostock,query_history_k_data_plus
601512,SHSE.601512,,SH,A股-上交所,2021-06-30,10.08,10.15,9.95,9.96,10.08,1480100,14798023.92,-1.1905,0.1856,1,0,none,baostock,query_history_k_data_plus
601512,SHSE.601512,,SH,A股-上交所,2021-07-01,9.98,10.06,9.92,9.96,9.96,1641708,16402549.6,0.0,0.2059,1,0,none,baostock,query_history_k_data_plus
601512,SHSE.601512,,SH,A股-上交所,2021-07-02,9.98,9.98,9.78,9.84,9.96,2045029,20139358.7,-1.2048,0.2565,1,0,none,baostock,query_history_k_data_plus
601512,SHSE.601512,,SH,A股-上交所,2021-07-05,9.8,9.93,9.79,9.88,9.84,1218800,12048215.5,0.4065,0.1528,1,0,none,baostock,query_history_k_data_plus
601512,SHSE.601512,,SH,A股-上交所,2021-07-06,9.89,9.94,9.73,9.77,9.88,1515567,14917642.24,-1.1134,0.1901,1,0,none,baostock,query_history_k_data_plus
601512,SHSE.601512,,SH,A股-上交所,2021-07-07,9.78,9.93,9.75,9.86,9.77,1070784,10546114.56,0.9212,0.1343,1,0,none,baostock,query_history_k_data_plus
601512,SHSE.601512,,SH,A股-上交所,2021-07-08,9.89,9.89,9.53,9.58,9.86,2837214,27376206.02,-2.8398,0.3558,1,0,none,baostock,query_history_k_data_plus
601512,SHSE.601512,,SH,A股-上交所,2021-07-09,9.58,9.69,9.55,9.61,9.58,1117900,10766744.85,0.3132,0.1402,1,0,none,baostock,query_history_k_data_plus
601512,SHSE.601512,,SH,A股-上交所,2021-07-12,9.65,9.72,9.56,9.6,9.61,1580257,15230435.2,-0.1041,0.1982,1,0,none,baostock,query_history_k_data_plus
601512,SHSE.601512,,SH,A股-上交所,2021-07-13,9.6,9.74,9.56,9.73,9.6,1394004,13485970.32,1.3542,0.1748,1,0,none,baostock,query_history_k_data_plus
601512,SHSE.601512,,SH,A股-上交所,2021-07-14,9.67,9.74,9.64,9.69,9.73,956771,9255570.84,-0.4111,0.12,1,0,none,baostock,query_history_k_data_plus
601512,SHSE.601512,,SH,A股-上交所,2021-07-15,9.67,9.87,9.61,9.73,9.69,2011299,19692323.21,0.4128,0.2522,1,0,none,baostock,query_history_k_data_plus
601512,SHSE.601512,,SH,A股-上交所,2021-07-16,9.73,9.75,9.61,9.63,9.73,1321500,12753085.28,-1.0277,0.1657,1,0,none,baostock,query_history_k_data_plus
601512,SHSE.601512,,SH,A股-上交所,2021-07-19,9.61,9.7,9.57,9.57,9.63,1176384,11294277.24,-0.6231,0.1475,1,0,none,baostock,query_history_k_data_plus
601512,SHSE.601512,,SH,A股-上交所,2021-07-20,9.55,9.66,9.45,9.46,9.57,1274476,12133387.32,-1.1494,0.1598,1,0,none,baostock,query_history_k_data_plus
601512,SHSE.601512,,SH,A股-上交所,2021-07-21,9.53,9.53,9.37,9.39,9.46,1848148,17438789.08,-0.74,0.2318,1,0,none,baostock,query_history_k_data_plus
601512,SHSE.601512,,SH,A股-上交所,2021-07-22,9.4,9.5,9.38,9.48,9.39,1228500,11615591.0,0.9585,0.1541,1,0,none,baostock,query_history_k_data_plus
601512,SHSE.601512,,SH,A股-上交所,2021-07-23,9.47,9.53,9.4,9.44,9.48,1131964,10713274.52,-0.4219,0.142,1,0,none,baostock,query_history_k_data_plus
601512,SHSE.601512,,SH,A股-上交所,2021-07-26,9.39,9.46,9.01,9.12,9.44,2622895,24019912.41,-3.3898,0.3289,1,0,none,baostock,query_history_k_data_plus
601512,SHSE.601512,,SH,A股-上交所,2021-07-27,9.08,9.17,8.94,9.0,9.12,2236100,20231777.58,-1.3158,0.2804,1,0,none,baostock,query_history_k_data_plus
601512,SHSE.601512,,SH,A股-上交所,2021-07-28,9.0,9.14,8.96,9.05,9.0,2007460,18195491.16,0.5556,0.2517,1,0,none,baostock,query_history_k_data_plus
601512,SHSE.601512,,SH,A股-上交所,2021-07-29,9.1,9.11,8.99,9.01,9.05,1281300,11585763.05,-0.442,0.1607,1,0,none,baostock,query_history_k_data_plus
601512,SHSE.601512,,SH,A股-上交所,2021-07-30,9.01,9.12,8.96,9.03,9.01,1652800,14921382.24,0.222,0.2073,1,0,none,baostock,query_history_k_data_plus
601512,SHSE.601512,,SH,A股-上交所,2021-08-02,9.05,9.1,8.65,8.73,9.03,5995048,52358815.16,-3.3223,0.7518,1,0,none,baostock,query_history_k_data_plus
601512,SHSE.601512,,SH,A股-上交所,2021-08-03,8.7,8.77,8.67,8.71,8.73,3196261,27853654.14,-0.2291,0.4008,1,0,none,baostock,query_history_k_data_plus
601512,SHSE.601512,,SH,A股-上交所,2021-08-04,8.7,8.73,8.62,8.64,8.71,2861200,24773573.0,-0.8037,0.3588,1,0,none,baostock,query_history_k_data_plus
601512,SHSE.601512,,SH,A股-上交所,2021-08-05,8.67,8.72,8.56,8.58,8.64,2563209,22092904.22,-0.6944,0.3214,1,0,none,baostock,query_history_k_data_plus
601512,SHSE.601512,,SH,A股-上交所,2021-08-06,8.61,8.61,8.5,8.53,8.58,1653700,14105511.0,-0.5828,0.2074,1,0,none,baostock,query_history_k_data_plus
601512,SHSE.601512,,SH,A股-上交所,2021-08-09,8.54,8.68,8.5,8.66,8.53,2916611,25160588.26,1.524,0.3658,1,0,none,baostock,query_history_k_data_plus
601512,SHSE.601512,,SH,A股-上交所,2021-08-10,8.62,8.74,8.57,8.73,8.66,3332900,28812087.39,0.8083,0.418,1,0,none,baostock,query_history_k_data_plus
601512,SHSE.601512,,SH,A股-上交所,2021-08-11,8.68,8.85,8.68,8.75,8.73,2749433,24137864.76,0.2291,0.3448,1,0,none,baostock,query_history_k_data_plus
601512,SHSE.601512,,SH,A股-上交所,2021-08-12,8.78,8.83,8.74,8.77,8.75,1931012,16963050.12,0.2286,0.2422,1,0,none,baostock,query_history_k_data_plus
601512,SHSE.601512,,SH,A股-上交所,2021-08-13,8.78,8.81,8.71,8.76,8.77,1401202,12266745.45,-0.114,0.1757,1,0,none,baostock,query_history_k_data_plus
601512,SHSE.601512,,SH,A股-上交所,2021-08-16,8.77,8.81,8.73,8.8,8.76,1303257,11444482.89,0.4566,0.1634,1,0,none,baostock,query_history_k_data_plus
601512,SHSE.601512,,SH,A股-上交所,2021-08-17,8.77,8.89,8.64,8.67,8.8,2866544,25203665.2,-1.4773,0.3595,1,0,none,baostock,query_history_k_data_plus
601512,SHSE.601512,,SH,A股-上交所,2021-08-18,8.75,8.82,8.67,8.8,8.67,1628726,14257306.95,1.4994,0.2043,1,0,none,baostock,query_history_k_data_plus
601512,SHSE.601512,,SH,A股-上交所,2021-08-19,8.75,8.84,8.75,8.82,8.8,1362253,12005986.92,0.2273,0.1708,1,0,none,baostock,query_history_k_data_plus
601512,SHSE.601512,,SH,A股-上交所,2021-08-20,8.8,8.85,8.66,8.75,8.82,1467600,12831589.0,-0.7937,0.184,1,0,none,baostock,query_history_k_data_plus
601512,SHSE.601512,,SH,A股-上交所,2021-08-23,8.75,8.86,8.75,8.84,8.75,1886800,16666743.0,1.0286,0.2366,1,0,none,baostock,query_history_k_data_plus
601512,SHSE.601512,,SH,A股-上交所,2021-08-24,8.88,9.06,8.75,8.78,8.84,4349265,38637876.21,-0.6787,0.5454,1,0,none,baostock,query_history_k_data_plus
601512,SHSE.601512,,SH,A股-上交所,2021-08-25,8.87,9.2,8.84,9.15,8.78,6214518,56752262.7,4.2141,0.7793,1,0,none,baostock,query_history_k_data_plus
601512,SHSE.601512,,SH,A股-上交所,2021-08-26,9.17,9.17,8.99,9.06,9.15,3363640,30492631.4,-0.9836,0.4218,1,0,none,baostock,query_history_k_data_plus
601512,SHSE.601512,,SH,A股-上交所,2021-08-27,9.06,9.12,9.01,9.05,9.06,1645020,14913912.3,-0.1104,0.2063,1,0,none,baostock,query_history_k_data_plus
601512,SHSE.601512,,SH,A股-上交所,2021-08-30,9.01,9.06,8.92,8.95,9.05,2298400,20600693.0,-1.105,0.2882,1,0,none,baostock,query_history_k_data_plus
601512,SHSE.601512,,SH,A股-上交所,2021-08-31,8.99,9.2,8.97,9.18,8.95,3114016,28461750.39,2.5698,0.3905,1,0,none,baostock,query_history_k_data_plus
601512,SHSE.601512,,SH,A股-上交所,2021-09-01,9.2,9.35,9.14,9.27,9.18,4193900,38826368.04,0.9804,0.5259,1,0,none,baostock,query_history_k_data_plus
601512,SHSE.601512,,SH,A股-上交所,2021-09-02,9.27,9.31,9.18,9.28,9.27,2623625,24243161.6,0.1079,0.329,1,0,none,baostock,query_history_k_data_plus
601512,SHSE.601512,,SH,A股-上交所,2021-09-03,9.55,9.65,9.29,9.34,9.28,4269030,40275978.04,0.6466,0.5354,1,0,none,baostock,query_history_k_data_plus
601512,SHSE.601512,,SH,A股-上交所,2021-09-06,9.33,9.4,9.26,9.33,9.34,2905596,27087464.66,-0.1071,0.3644,1,0,none,baostock,query_history_k_data_plus
601512,SHSE.601512,,SH,A股-上交所,2021-09-07,9.35,9.37,9.28,9.33,9.33,2409349,22462046.62,0.0,0.3021,1,0,none,baostock,query_history_k_data_plus
601512,SHSE.601512,,SH,A股-上交所,2021-09-08,9.35,9.44,9.25,9.39,9.33,2918253,27361806.24,0.6431,0.366,1,0,none,baostock,query_history_k_data_plus
601512,SHSE.601512,,SH,A股-上交所,2021-09-09,9.41,9.47,9.34,9.41,9.39,2467600,23256608.0,0.213,0.3095,1,0,none,baostock,query_history_k_data_plus
601512,SHSE.601512,,SH,A股-上交所,2021-09-10,9.43,9.49,9.37,9.44,9.41,2754830,25990890.99,0.3188,0.3455,1,0,none,baostock,query_history_k_data_plus
601512,SHSE.601512,,SH,A股-上交所,2021-09-13,9.43,9.47,9.33,9.45,9.44,2241427,21117930.01,0.1059,0.2811,1,0,none,baostock,query_history_k_data_plus
601512,SHSE.601512,,SH,A股-上交所,2021-09-14,9.42,9.51,9.23,9.24,9.45,2358743,22067945.13,-2.2222,0.2958,1,0,none,baostock,query_history_k_data_plus
601512,SHSE.601512,,SH,A股-上交所,2021-09-15,9.32,9.34,9.2,9.24,9.24,1568648,14536185.52,0.0,0.1967,1,0,none,baostock,query_history_k_data_plus
601512,SHSE.601512,,SH,A股-上交所,2021-09-16,9.26,9.45,9.22,9.34,9.24,2467700,23077143.0,1.0823,0.3095,1,0,none,baostock,query_history_k_data_plus
601512,SHSE.601512,,SH,A股-上交所,2021-09-17,9.27,9.31,9.12,9.16,9.34,2224000,20440229.72,-1.9272,0.2789,1,0,none,baostock,query_history_k_data_plus
601512,SHSE.601512,,SH,A股-上交所,2021-09-22,9.02,9.16,8.8,9.15,9.16,1916805,17406740.2,-0.1092,0.2404,1,0,none,baostock,query_history_k_data_plus
601512,SHSE.601512,,SH,A股-上交所,2021-09-23,9.13,9.36,9.13,9.34,9.15,1962900,18247002.0,2.0765,0.2462,1,0,none,baostock,query_history_k_data_plus
601512,SHSE.601512,,SH,A股-上交所,2021-09-24,9.35,9.43,9.31,9.38,9.34,2343788,21964313.6,0.4283,0.2939,1,0,none,baostock,query_history_k_data_plus
601512,SHSE.601512,,SH,A股-上交所,2021-09-27,9.33,9.36,9.08,9.14,9.38,2467249,22545098.39,-2.5586,0.3094,1,0,none,baostock,query_history_k_data_plus
601512,SHSE.601512,,SH,A股-上交所,2021-09-28,9.18,9.22,9.07,9.1,9.14,1418069,12948311.74,-0.4376,0.1778,1,0,none,baostock,query_history_k_data_plus
601512,SHSE.601512,,SH,A股-上交所,2021-09-29,9.07,9.13,8.92,8.99,9.1,2030832,18300069.41,-1.2088,0.2547,1,0,none,baostock,query_history_k_data_plus
601512,SHSE.601512,,SH,A股-上交所,2021-09-30,9.08,9.12,8.96,9.07,8.99,1788795,16176872.7,0.8899,0.2243,1,0,none,baostock,query_history_k_data_plus
601512,SHSE.601512,,SH,A股-上交所,2021-10-08,9.08,9.21,9.07,9.17,9.07,2046400,18741282.57,1.1025,0.2566,1,0,none,baostock,query_history_k_data_plus
601512,SHSE.601512,,SH,A股-上交所,2021-10-11,9.17,9.43,9.13,9.4,9.17,2893802,27078977.71,2.5082,0.3629,1,0,none,baostock,query_history_k_data_plus
601512,SHSE.601512,,SH,A股-上交所,2021-10-12,9.45,9.45,9.23,9.3,9.4,1946500,18168563.0,-1.0638,0.2441,1,0,none,baostock,query_history_k_data_plus
601512,SHSE.601512,,SH,A股-上交所,2021-10-13,9.29,9.42,9.29,9.33,9.3,1500300,14069236.0,0.3226,0.1881,1,0,none,baostock,query_history_k_data_plus
601512,SHSE.601512,,SH,A股-上交所,2021-10-14,9.4,9.4,9.27,9.32,9.33,1349700,12592938.76,-0.1072,0.1693,1,0,none,baostock,query_history_k_data_plus
601512,SHSE.601512,,SH,A股-上交所,2021-10-15,9.4,9.4,9.28,9.34,9.32,1234338,11502469.4,0.2146,0.1548,1,0,none,baostock,query_history_k_data_plus
601512,SHSE.601512,,SH,A股-上交所,2021-10-18,9.28,9.36,9.15,9.17,9.34,1690400,15559145.0,-1.8201,0.212,1,0,none,baostock,query_history_k_data_plus
601512,SHSE.601512,,SH,A股-上交所,2021-10-19,9.18,9.62,9.12,9.6,9.17,4986527,47217416.25,4.6892,0.6253,1,0,none,baostock,query_history_k_data_plus
601512,SHSE.601512,,SH,A股-上交所,2021-10-20,9.6,9.6,9.26,9.26,9.6,3897600,36527854.25,-3.5417,0.4888,1,0,none,baostock,query_history_k_data_plus
601512,SHSE.601512,,SH,A股-上交所,2021-10-21,9.3,9.31,9.23,9.27,9.26,1144968,10609372.0,0.108,0.1436,1,0,none,baostock,query_history_k_data_plus
601512,SHSE.601512,,SH,A股-上交所,2021-10-22,9.3,9.35,9.17,9.18,9.27,1334694,12309594.42,-0.9709,0.1674,1,0,none,baostock,query_history_k_data_plus
601512,SHSE.601512,,SH,A股-上交所,2021-10-25,9.16,9.26,9.11,9.2,9.18,988038,9090874.36,0.2179,0.1239,1,0,none,baostock,query_history_k_data_plus
601512,SHSE.601512,,SH,A股-上交所,2021-10-26,9.26,9.26,8.97,9.0,9.2,2184240,19774900.8,-2.1739,0.2739,1,0,none,baostock,query_history_k_data_plus
601512,SHSE.601512,,SH,A股-上交所,2021-10-27,8.99,8.99,8.84,8.9,9.0,1327000,11815528.24,-1.1111,0.1664,1,0,none,baostock,query_history_k_data_plus
601512,SHSE.601512,,SH,A股-上交所,2021-10-28,8.95,8.95,8.72,8.81,8.9,1794110,15776208.89,-1.0112,0.225,1,0,none,baostock,query_history_k_data_plus
601512,SHSE.601512,,SH,A股-上交所,2021-10-29,8.88,8.88,8.68,8.77,8.81,2348757,20541281.22,-0.454,0.2945,1,0,none,baostock,query_history_k_data_plus
601512,SHSE.601512,,SH,A股-上交所,2021-11-01,8.75,8.82,8.7,8.73,8.77,2032793,17784906.89,-0.4561,0.2549,1,0,none,baostock,query_history_k_data_plus
601512,SHSE.601512,,SH,A股-上交所,2021-11-02,8.76,8.84,8.72,8.83,8.73,2087694,18319824.2,1.1455,0.2618,1,0,none,baostock,query_history_k_data_plus
601512,SHSE.601512,,SH,A股-上交所,2021-11-03,8.83,8.89,8.75,8.77,8.83,1538094,13532321.38,-0.6795,0.1929,1,0,none,baostock,query_history_k_data_plus
601512,SHSE.601512,,SH,A股-上交所,2021-11-04,8.81,8.81,8.67,8.71,8.77,2066237,17991567.53,-0.6842,0.2591,1,0,none,baostock,query_history_k_data_plus
601512,SHSE.601512,,SH,A股-上交所,2021-11-05,8.69,8.73,8.66,8.7,8.71,1139500,9900103.0,-0.1148,0.1429,1,0,none,baostock,query_history_k_data_plus
601512,SHSE.601512,,SH,A股-上交所,2021-11-08,8.7,8.74,8.66,8.67,8.7,1737400,15105321.0,-0.3448,0.2179,1,0,none,baostock,query_history_k_data_plus
601512,SHSE.601512,,SH,A股-上交所,2021-11-09,8.72,8.72,8.64,8.67,8.67,1235600,10699853.0,0.0,0.155,1,0,none,baostock,query_history_k_data_plus
601512,SHSE.601512,,SH,A股-上交所,2021-11-10,8.65,8.7,8.54,8.68,8.67,2935905,25263177.42,0.1153,0.3682,1,0,none,baostock,query_history_k_data_plus
601512,SHSE.601512,,SH,A股-上交所,2021-11-11,8.66,8.87,8.66,8.84,8.68,2654893,23389362.23,1.8433,0.3329,1,0,none,baostock,query_history_k_data_plus
601512,SHSE.601512,,SH,A股-上交所,2021-11-12,8.88,8.88,8.78,8.84,8.84,1389271,12252266.54,0.0,0.1742,1,0,none,baostock,query_history_k_data_plus
601512,SHSE.601512,,SH,A股-上交所,2021-11-15,8.85,8.89,8.79,8.88,8.84,1702963,15044675.33,0.4525,0.2136,1,0,none,baostock,query_history_k_data_plus
601512,SHSE.601512,,SH,A股-上交所,2021-11-16,8.83,8.93,8.82,8.83,8.88,1077375,9552483.5,-0.5631,0.1351,1,0,none,baostock,query_history_k_data_plus
601512,SHSE.601512,,SH,A股-上交所,2021-11-17,8.88,8.96,8.83,8.92,8.83,1481200,13209364.0,1.0193,0.1858,1,0,none,baostock,query_history_k_data_plus
601512,SHSE.601512,,SH,A股-上交所,2021-11-18,8.93,9.03,8.92,8.98,8.92,1807793,16252619.51,0.6726,0.2267,1,0,none,baostock,query_history_k_data_plus
601512,SHSE.601512,,SH,A股-上交所,2021-11-19,8.98,9.16,8.98,9.16,8.98,2373350,21606955.82,2.0045,0.2976,1,0,none,baostock,query_history_k_data_plus
601512,SHSE.601512,,SH,A股-上交所,2021-11-22,9.15,9.32,9.1,9.28,9.16,3253155,30076812.95,1.31,0.408,1,0,none,baostock,query_history_k_data_plus
601512,SHSE.601512,,SH,A股-上交所,2021-11-23,9.28,9.39,9.26,9.37,9.28,3037445,28384308.3,0.9698,0.3809,1,0,none,baostock,query_history_k_data_plus
601512,SHSE.601512,,SH,A股-上交所,2021-11-24,9.37,9.58,9.31,9.56,9.37,4230800,40150535.0,2.0277,0.5306,1,0,none,baostock,query_history_k_data_plus
601512,SHSE.601512,,SH,A股-上交所,2021-11-25,9.57,9.64,9.5,9.55,9.56,3315900,31744494.67,-0.1046,0.4158,1,0,none,baostock,query_history_k_data_plus
601512,SHSE.601512,,SH,A股-上交所,2021-11-26,9.55,9.65,9.43,9.48,9.55,3080035,29323955.77,-0.733,0.3863,1,0,none,baostock,query_history_k_data_plus
601512,SHSE.601512,,SH,A股-上交所,2021-11-29,9.4,9.55,9.3,9.53,9.48,3042381,28682860.6,0.5274,0.3815,1,0,none,baostock,query_history_k_data_plus
601512,SHSE.601512,,SH,A股-上交所,2021-11-30,9.49,9.61,9.32,9.38,9.53,3142300,29696005.0,-1.574,0.3941,1,0,none,baostock,query_history_k_data_plus
601512,SHSE.601512,,SH,A股-上交所,2021-12-01,9.42,9.58,9.35,9.54,9.38,2495075,23658788.0,1.7058,0.3129,1,0,none,baostock,query_history_k_data_plus
601512,SHSE.601512,,SH,A股-上交所,2021-12-02,9.57,9.59,9.47,9.51,9.54,1826400,17380601.98,-0.3145,0.229,1,0,none,baostock,query_history_k_data_plus
601512,SHSE.601512,,SH,A股-上交所,2021-12-03,9.53,9.61,9.41,9.59,9.51,2222984,21156247.96,0.8412,0.2788,1,0,none,baostock,query_history_k_data_plus
601512,SHSE.601512,,SH,A股-上交所,2021-12-06,9.51,9.59,9.25,9.25,9.59,3152286,29490674.84,-3.5454,0.3953,1,0,none,baostock,query_history_k_data_plus
601512,SHSE.601512,,SH,A股-上交所,2021-12-07,9.38,9.46,9.25,9.36,9.25,2541900,23775199.05,1.1892,0.3188,1,0,none,baostock,query_history_k_data_plus
601512,SHSE.601512,,SH,A股-上交所,2021-12-08,9.38,9.39,9.25,9.3,9.36,2412644,22464459.58,-0.641,0.3026,1,0,none,baostock,query_history_k_data_plus
601512,SHSE.601512,,SH,A股-上交所,2021-12-09,9.32,9.38,9.22,9.25,9.3,3620640,33607651.25,-0.5376,0.454,1,0,none,baostock,query_history_k_data_plus
601512,SHSE.601512,,SH,A股-上交所,2021-12-10,9.29,9.29,9.1,9.17,9.25,4725456,43304000.24,-0.8649,0.5926,1,0,none,baostock,query_history_k_data_plus
601512,SHSE.601512,,SH,A股-上交所,2021-12-13,9.15,9.17,8.98,9.02,9.17,5473375,49579289.0,-1.6358,0.6864,1,0,none,baostock,query_history_k_data_plus
601512,SHSE.601512,,SH,A股-上交所,2021-12-14,9.02,9.05,8.9,8.92,9.02,3610724,32269195.84,-1.1086,0.4528,1,0,none,baostock,query_history_k_data_plus
601512,SHSE.601512,,SH,A股-上交所,2021-12-15,8.94,9.01,8.92,8.98,8.92,2531049,22705028.19,0.6726,0.3174,1,0,none,baostock,query_history_k_data_plus
601512,SHSE.601512,,SH,A股-上交所,2021-12-16,9.0,9.05,8.96,9.05,8.98,2111184,19040493.48,0.7795,0.2648,1,0,none,baostock,query_history_k_data_plus
601512,SHSE.601512,,SH,A股-上交所,2021-12-17,9.06,9.09,8.99,8.99,9.05,1785451,16124700.49,-0.663,0.2239,1,0,none,baostock,query_history_k_data_plus
601512,SHSE.601512,,SH,A股-上交所,2021-12-20,8.96,9.07,8.91,8.91,8.99,3081507,27712992.0,-0.8899,0.3864,1,0,none,baostock,query_history_k_data_plus
601512,SHSE.601512,,SH,A股-上交所,2021-12-21,8.94,9.27,8.92,9.23,8.91,6175883,56606248.16,3.5915,0.7745,1,0,none,baostock,query_history_k_data_plus
601512,SHSE.601512,,SH,A股-上交所,2021-12-22,9.23,9.27,9.11,9.21,9.23,2743363,25188925.34,-0.2167,0.344,1,0,none,baostock,query_history_k_data_plus
601512,SHSE.601512,,SH,A股-上交所,2021-12-23,9.16,9.18,9.09,9.13,9.21,2222000,20267188.0,-0.8686,0.2787,1,0,none,baostock,query_history_k_data_plus
601512,SHSE.601512,,SH,A股-上交所,2021-12-24,9.15,9.15,8.96,8.99,9.13,2263029,20400064.71,-1.5334,0.2838,1,0,none,baostock,query_history_k_data_plus
601512,SHSE.601512,,SH,A股-上交所,2021-12-27,8.99,9.12,8.97,9.06,8.99,1579500,14293035.32,0.7786,0.1981,1,0,none,baostock,query_history_k_data_plus
601512,SHSE.601512,,SH,A股-上交所,2021-12-28,9.0,9.08,8.93,8.97,9.06,1931689,17335303.31,-0.9934,0.2422,1,0,none,baostock,query_history_k_data_plus
601512,SHSE.601512,,SH,A股-上交所,2021-12-29,8.97,9.0,8.9,8.92,8.97,1983000,17752266.0,-0.5574,0.2487,1,0,none,baostock,query_history_k_data_plus
601512,SHSE.601512,,SH,A股-上交所,2021-12-30,8.93,9.03,8.93,9.01,8.92,1944900,17472673.0,1.009,0.2439,1,0,none,baostock,query_history_k_data_plus
601512,SHSE.601512,,SH,A股-上交所,2021-12-31,8.98,9.06,8.97,9.05,9.01,1931700,17414838.0,0.444,0.2422,1,0,none,baostock,query_history_k_data_plus
601512,SHSE.601512,,SH,A股-上交所,2022-01-04,9.05,9.13,8.99,9.12,9.05,3001510,27258769.7,0.7735,0.3764,1,0,none,baostock,query_history_k_data_plus
601512,SHSE.601512,,SH,A股-上交所,2022-01-05,9.13,9.17,9.05,9.09,9.12,2547499,23189187.61,-0.3289,0.3195,1,0,none,baostock,query_history_k_data_plus
601512,SHSE.601512,,SH,A股-上交所,2022-01-06,9.1,9.18,9.08,9.13,9.09,2913683,26617247.8,0.44,0.3654,1,0,none,baostock,query_history_k_data_plus
601512,SHSE.601512,,SH,A股-上交所,2022-01-07,9.13,9.25,9.1,9.14,9.13,3700900,33944372.27,0.1095,0.4641,1,0,none,baostock,query_history_k_data_plus
601512,SHSE.601512,,SH,A股-上交所,2022-01-10,9.15,9.23,9.11,9.21,9.14,2494373,22917118.76,0.7659,0.3128,1,0,none,baostock,query_history_k_data_plus
601512,SHSE.601512,,SH,A股-上交所,2022-01-11,9.22,9.37,9.2,9.31,9.21,4436684,41277260.68,1.0858,0.5564,1,0,none,baostock,query_history_k_data_plus
601512,SHSE.601512,,SH,A股-上交所,2022-01-12,9.28,9.33,9.21,9.26,9.31,2248752,20806609.0,-0.5371,0.282,1,0,none,baostock,query_history_k_data_plus
601512,SHSE.601512,,SH,A股-上交所,2022-01-13,9.24,9.36,9.22,9.26,9.26,2865473,26651742.9,0.0,0.3593,1,0,none,baostock,query_history_k_data_plus
601512,SHSE.601512,,SH,A股-上交所,2022-01-14,9.27,9.27,9.09,9.09,9.26,2943834,26896314.82,-1.8359,0.3692,1,0,none,baostock,query_history_k_data_plus
601512,SHSE.601512,,SH,A股-上交所,2022-01-17,9.12,9.5,9.1,9.39,9.09,5023400,46778737.0,3.3003,0.63,1,0,none,baostock,query_history_k_data_plus
601512,SHSE.601512,,SH,A股-上交所,2022-01-18,9.41,9.43,9.24,9.33,9.39,3285891,30641202.79,-0.639,0.4121,1,0,none,baostock,query_history_k_data_plus
601512,SHSE.601512,,SH,A股-上交所,2022-01-19,9.29,9.38,9.25,9.3,9.33,2644100,24613255.06,-0.3215,0.3316,1,0,none,baostock,query_history_k_data_plus
601512,SHSE.601512,,SH,A股-上交所,2022-01-20,9.3,9.4,9.18,9.2,9.3,2796529,25940600.7,-1.0753,0.3507,1,0,none,baostock,query_history_k_data_plus
601512,SHSE.601512,,SH,A股-上交所,2022-01-21,9.22,9.23,9.02,9.09,9.2,2808336,25526025.48,-1.1957,0.3522,1,0,none,baostock,query_history_k_data_plus
601512,SHSE.601512,,SH,A股-上交所,2022-01-24,9.06,9.19,9.01,9.1,9.09,2693521,24534789.9,0.11,0.3378,1,0,none,baostock,query_history_k_data_plus
601512,SHSE.601512,,SH,A股-上交所,2022-01-25,9.1,9.12,8.66,8.79,9.1,3303313,29468146.5,-3.4066,0.4143,1,0,none,baostock,query_history_k_data_plus
601512,SHSE.601512,,SH,A股-上交所,2022-01-26,8.83,8.86,8.71,8.74,8.79,2435340,21327318.28,-0.5688,0.3054,1,0,none,baostock,query_history_k_data_plus
601512,SHSE.601512,,SH,A股-上交所,2022-01-27,8.77,8.78,8.63,8.63,8.74,2338780,20339782.53,-1.2586,0.2933,1,0,none,baostock,query_history_k_data_plus
601512,SHSE.601512,,SH,A股-上交所,2022-01-28,8.66,8.82,8.61,8.7,8.63,2028940,17703766.2,0.8111,0.2544,1,0,none,baostock,query_history_k_data_plus
601512,SHSE.601512,,SH,A股-上交所,2022-02-07,8.8,8.93,8.74,8.91,8.7,1942549,17201669.22,2.4138,0.2436,1,0,none,baostock,query_history_k_data_plus
601512,SHSE.601512,,SH,A股-上交所,2022-02-08,8.87,9.06,8.87,9.04,8.91,1992067,17917734.96,1.459,0.2498,1,0,none,baostock,query_history_k_data_plus
601512,SHSE.601512,,SH,A股-上交所,2022-02-09,9.03,9.16,9.03,9.04,9.04,1840444,16715606.96,0.0,0.2308,1,0,none,baostock,query_history_k_data_plus
601512,SHSE.601512,,SH,A股-上交所,2022-02-10,9.05,9.16,9.0,9.12,9.04,2284519,20764679.73,0.885,0.2865,1,0,none,baostock,query_history_k_data_plus
601512,SHSE.601512,,SH,A股-上交所,2022-02-11,9.1,9.15,8.98,9.03,9.12,1478700,13367198.0,-0.9868,0.1854,1,0,none,baostock,query_history_k_data_plus
601512,SHSE.601512,,SH,A股-上交所,2022-02-14,8.92,9.03,8.92,9.0,9.03,1631863,14636376.66,-0.3322,0.2046,1,0,none,baostock,query_history_k_data_plus
601512,SHSE.601512,,SH,A股-上交所,2022-02-15,8.97,8.98,8.81,8.83,9.0,2195199,19505283.31,-1.8889,0.2753,1,0,none,baostock,query_history_k_data_plus
601512,SHSE.601512,,SH,A股-上交所,2022-02-16,8.87,8.95,8.85,8.94,8.83,1268466,11317934.51,1.2458,0.1591,1,0,none,baostock,query_history_k_data_plus
601512,SHSE.601512,,SH,A股-上交所,2022-02-17,8.97,8.97,8.88,8.89,8.94,951800,8485543.0,-0.5593,0.1194,1,0,none,baostock,query_history_k_data_plus
601512,SHSE.601512,,SH,A股-上交所,2022-02-18,8.88,9.04,8.86,9.02,8.89,1807600,16206564.0,1.4623,0.2267,1,0,none,baostock,query_history_k_data_plus
601512,SHSE.601512,,SH,A股-上交所,2022-02-21,9.01,9.07,8.93,9.07,9.02,1534286,13793844.98,0.5543,0.1924,1,0,none,baostock,query_history_k_data_plus
601512,SHSE.601512,,SH,A股-上交所,2022-02-22,9.08,9.08,8.96,9.01,9.07,1899522,17126961.78,-0.6615,0.2382,1,0,none,baostock,query_history_k_data_plus
601512,SHSE.601512,,SH,A股-上交所,2022-02-23,9.01,9.05,8.99,9.04,9.01,1291100,11650458.0,0.333,0.1619,1,0,none,baostock,query_history_k_data_plus
601512,SHSE.601512,,SH,A股-上交所,2022-02-24,9.0,9.06,8.73,8.8,9.04,2655729,23570219.4,-2.6549,0.333,1,0,none,baostock,query_history_k_data_plus
601512,SHSE.601512,,SH,A股-上交所,2022-02-25,8.82,8.89,8.76,8.8,8.8,2235251,19730580.91,0.0,0.2803,1,0,none,baostock,query_history_k_data_plus
601512,SHSE.601512,,SH,A股-上交所,2022-02-28,8.79,8.81,8.68,8.73,8.8,2185000,19048523.0,-0.7955,0.274,1,0,none,baostock,query_history_k_data_plus
601512,SHSE.601512,,SH,A股-上交所,2022-03-01,8.75,8.84,8.72,8.81,8.73,1480900,12998460.0,0.9164,0.1857,1,0,none,baostock,query_history_k_data_plus
601512,SHSE.601512,,SH,A股-上交所,2022-03-02,8.81,8.87,8.79,8.84,8.81,1089716,9630173.0,0.3405,0.1367,1,0,none,baostock,query_history_k_data_plus
601512,SHSE.601512,,SH,A股-上交所,2022-03-03,8.85,8.96,8.83,8.94,8.84,1798800,15986007.0,1.1312,0.2256,1,0,none,baostock,query_history_k_data_plus
601512,SHSE.601512,,SH,A股-上交所,2022-03-04,8.96,8.96,8.8,8.83,8.94,1451000,12819684.0,-1.2304,0.182,1,0,none,baostock,query_history_k_data_plus
601512,SHSE.601512,,SH,A股-上交所,2022-03-07,8.87,8.87,8.74,8.77,8.83,1081900,9520077.0,-0.6795,0.1357,1,0,none,baostock,query_history_k_data_plus
601512,SHSE.601512,,SH,A股-上交所,2022-03-08,8.76,8.78,8.59,8.62,8.77,2624966,22745762.0,-1.7104,0.3292,1,0,none,baostock,query_history_k_data_plus
601512,SHSE.601512,,SH,A股-上交所,2022-03-09,8.62,8.66,8.25,8.41,8.62,2602200,22069849.0,-2.4362,0.3263,1,0,none,baostock,query_history_k_data_plus
601512,SHSE.601512,,SH,A股-上交所,2022-03-10,8.51,8.95,8.46,8.66,8.41,2918082,25239636.0,2.9727,0.3659,1,0,none,baostock,query_history_k_data_plus
601512,SHSE.601512,,SH,A股-上交所,2022-03-11,8.59,8.76,8.43,8.71,8.66,2118468,18147760.0,0.5774,0.2657,1,0,none,baostock,query_history_k_data_plus
601512,SHSE.601512,,SH,A股-上交所,2022-03-14,8.64,8.7,8.52,8.53,8.71,1537722,13199368.0,-2.0666,0.1928,1,0,none,baostock,query_history_k_data_plus
601512,SHSE.601512,,SH,A股-上交所,2022-03-15,8.51,8.51,8.0,8.01,8.53,3905593,32289036.0,-6.0961,0.4898,1,0,none,baostock,query_history_k_data_plus
601512,SHSE.601512,,SH,A股-上交所,2022-03-16,8.11,8.2,7.89,8.14,8.01,1949800,15714916.0,1.623,0.2445,1,0,none,baostock,query_history_k_data_plus
601512,SHSE.601512,,SH,A股-上交所,2022-03-17,8.25,8.47,8.23,8.32,8.14,2203093,18357702.0,2.2113,0.2763,1,0,none,baostock,query_history_k_data_plus
601512,SHSE.601512,,SH,A股-上交所,2022-03-18,8.3,8.64,8.26,8.57,8.32,2735399,23243991.85,3.0048,0.343,1,0,none,baostock,query_history_k_data_plus
601512,SHSE.601512,,SH,A股-上交所,2022-03-21,8.61,8.78,8.59,8.69,8.57,2901725,25216622.77,1.4002,0.3639,1,0,none,baostock,query_history_k_data_plus
601512,SHSE.601512,,SH,A股-上交所,2022-03-22,8.69,8.97,8.66,8.85,8.69,4309864,38099914.32,1.8412,0.5405,1,0,none,baostock,query_history_k_data_plus
601512,SHSE.601512,,SH,A股-上交所,2022-03-23,8.92,8.92,8.76,8.88,8.85,2691900,23814125.42,0.339,0.3376,1,0,none,baostock,query_history_k_data_plus
601512,SHSE.601512,,SH,A股-上交所,2022-03-24,8.81,9.02,8.79,8.81,8.88,3099273,27542506.29,-0.7883,0.3887,1,0,none,baostock,query_history_k_data_plus
601512,SHSE.601512,,SH,A股-上交所,2022-03-25,8.81,9.01,8.66,8.85,8.81,2692584,23857357.08,0.454,0.3377,1,0,none,baostock,query_history_k_data_plus
601512,SHSE.601512,,SH,A股-上交所,2022-03-28,8.81,9.01,8.76,8.93,8.85,3432500,30572840.0,0.904,0.4305,1,0,none,baostock,query_history_k_data_plus
601512,SHSE.601512,,SH,A股-上交所,2022-03-29,8.88,8.94,8.77,8.8,8.93,2067254,18270544.25,-1.4558,0.2592,1,0,none,baostock,query_history_k_data_plus
601512,SHSE.601512,,SH,A股-上交所,2022-03-30,8.79,9.17,8.78,9.07,8.8,6371889,57576536.75,3.0682,0.7991,1,0,none,baostock,query_history_k_data_plus
601512,SHSE.601512,,SH,A股-上交所,2022-03-31,9.09,9.33,9.04,9.31,9.07,8815139,81261506.91,2.6461,1.1055,1,0,none,baostock,query_history_k_data_plus
601512,SHSE.601512,,SH,A股-上交所,2022-04-01,9.31,9.56,9.12,9.42,9.31,8583899,79977959.6,1.1815,1.0765,1,0,none,baostock,query_history_k_data_plus
601512,SHSE.601512,,SH,A股-上交所,2022-04-06,9.4,9.63,9.3,9.56,9.42,11514826,109487181.0,1.4862,1.444,1,0,none,baostock,query_history_k_data_plus
601512,SHSE.601512,,SH,A股-上交所,2022-04-07,9.5,9.5,9.25,9.25,9.56,7070095,66145475.14,-3.2427,0.8866,1,0,none,baostock,query_history_k_data_plus
601512,SHSE.601512,,SH,A股-上交所,2022-04-08,9.33,10.18,9.14,10.18,9.25,14510345,143325311.54,10.0541,1.8197,1,0,none,baostock,query_history_k_data_plus
601512,SHSE.601512,,SH,A股-上交所,2022-04-11,10.61,11.2,10.47,10.88,10.18,55358347,604867499.21,6.8762,6.9423,1,0,none,baostock,query_history_k_data_plus
601512,SHSE.601512,,SH,A股-上交所,2022-04-12,10.0,10.2,9.79,9.79,10.88,34218329,338414459.75,-10.0184,4.2912,1,0,none,baostock,query_history_k_data_plus
601512,SHSE.601512,,SH,A股-上交所,2022-04-13,9.36,9.37,8.93,8.98,9.79,26598424,243299883.53,-8.2737,3.3356,1,0,none,baostock,query_history_k_data_plus
601512,SHSE.601512,,SH,A股-上交所,2022-04-14,8.98,9.22,8.95,9.15,8.98,13056558,118868250.5,1.8931,1.6374,1,0,none,baostock,query_history_k_data_plus
601512,SHSE.601512,,SH,A股-上交所,2022-04-15,9.1,9.24,8.69,8.82,9.15,13826665,124271713.73,-3.6066,1.7339,1,0,none,baostock,query_history_k_data_plus
601512,SHSE.601512,,SH,A股-上交所,2022-04-18,8.9,9.18,8.84,8.96,8.82,11817907,106608088.32,1.5873,1.482,1,0,none,baostock,query_history_k_data_plus
601512,SHSE.601512,,SH,A股-上交所,2022-04-19,8.9,9.03,8.76,8.99,8.96,8599253,76453368.45,0.3348,1.0784,1,0,none,baostock,query_history_k_data_plus
601512,SHSE.601512,,SH,A股-上交所,2022-04-20,8.96,8.99,8.63,8.66,8.99,8622693,75707862.7,-3.6707,1.0813,1,0,none,baostock,query_history_k_data_plus
601512,SHSE.601512,,SH,A股-上交所,2022-04-21,8.62,8.76,8.36,8.36,8.66,6532645,55794245.6,-3.4642,0.8192,1,0,none,baostock,query_history_k_data_plus
601512,SHSE.601512,,SH,A股-上交所,2022-04-22,8.36,8.59,8.29,8.47,8.36,5248142,44413039.84,1.3158,0.6581,1,0,none,baostock,query_history_k_data_plus
601512,SHSE.601512,,SH,A股-上交所,2022-04-25,8.37,8.46,8.12,8.15,8.47,6549927,54250850.99,-3.778,0.8214,1,0,none,baostock,query_history_k_data_plus
601512,SHSE.601512,,SH,A股-上交所,2022-04-26,8.16,8.43,8.12,8.2,8.15,5310771,43954002.88,0.6135,0.666,1,0,none,baostock,query_history_k_data_plus
601512,SHSE.601512,,SH,A股-上交所,2022-04-27,8.12,8.37,7.95,8.37,8.2,6294526,51331582.78,2.0732,0.7894,1,0,none,baostock,query_history_k_data_plus
601512,SHSE.601512,,SH,A股-上交所,2022-04-28,8.26,8.63,8.2,8.59,8.37,7320865,62232508.31,2.6284,0.9181,1,0,none,baostock,query_history_k_data_plus
601512,SHSE.601512,,SH,A股-上交所,2022-04-29,8.6,8.84,8.53,8.8,8.59,6136263,53356722.53,2.4447,0.7695,1,0,none,baostock,query_history_k_data_plus
601512,SHSE.601512,,SH,A股-上交所,2022-05-05,8.7,8.9,8.68,8.81,8.8,6683760,58801502.12,0.1136,0.8382,1,0,none,baostock,query_history_k_data_plus
601512,SHSE.601512,,SH,A股-上交所,2022-05-06,8.63,8.64,8.4,8.46,8.81,5188774,44167745.6,-3.9728,0.6507,1,0,none,baostock,query_history_k_data_plus
601512,SHSE.601512,,SH,A股-上交所,2022-05-09,8.65,9.13,8.61,8.82,8.46,7760970,68853611.4,4.2553,0.9733,1,0,none,baostock,query_history_k_data_plus
601512,SHSE.601512,,SH,A股-上交所,2022-05-10,8.65,9.24,8.65,9.23,8.82,11654445,105540664.95,4.6485,1.4615,1,0,none,baostock,query_history_k_data_plus
601512,SHSE.601512,,SH,A股-上交所,2022-05-11,9.26,9.4,9.06,9.06,9.23,10623634,97792312.63,-1.8418,1.3323,1,0,none,baostock,query_history_k_data_plus
601512,SHSE.601512,,SH,A股-上交所,2022-05-12,9.0,9.2,8.84,9.02,9.06,6888201,61832148.95,-0.4415,0.8638,1,0,none,baostock,query_history_k_data_plus
601512,SHSE.601512,,SH,A股-上交所,2022-05-13,9.02,9.22,8.9,9.21,9.02,8829826,80283104.44,2.1064,1.1073,1,0,none,baostock,query_history_k_data_plus
601512,SHSE.601512,,SH,A股-上交所,2022-05-16,9.35,9.48,9.16,9.28,9.21,8756256,81271951.4,0.76,1.0981,1,0,none,baostock,query_history_k_data_plus
601512,SHSE.601512,,SH,A股-上交所,2022-05-17,9.2,9.33,9.08,9.18,9.28,5546700,50779847.0,-1.0776,0.6956,1,0,none,baostock,query_history_k_data_plus
601512,SHSE.601512,,SH,A股-上交所,2022-05-18,9.1,9.2,9.03,9.12,9.18,4049450,36883682.5,-0.6536,0.5078,1,0,none,baostock,query_history_k_data_plus
601512,SHSE.601512,,SH,A股-上交所,2022-05-19,9.03,9.18,8.97,9.13,9.12,4398900,39961649.0,0.1096,0.5516,1,0,none,baostock,query_history_k_data_plus
601512,SHSE.601512,,SH,A股-上交所,2022-05-20,9.15,9.17,9.04,9.1,9.13,4159200,37823802.0,-0.3286,0.5216,1,0,none,baostock,query_history_k_data_plus
601512,SHSE.601512,,SH,A股-上交所,2022-05-23,9.14,9.14,8.99,9.04,9.1,3363102,30410499.64,-0.6593,0.4218,1,0,none,baostock,query_history_k_data_plus
601512,SHSE.601512,,SH,A股-上交所,2022-05-24,9.07,9.08,8.72,8.79,9.04,7262858,64320039.14,-2.7655,0.9108,1,0,none,baostock,query_history_k_data_plus
601512,SHSE.601512,,SH,A股-上交所,2022-05-25,8.84,8.89,8.72,8.87,8.79,4041583,35598494.58,0.9101,0.5068,1,0,none,baostock,query_history_k_data_plus
601512,SHSE.601512,,SH,A股-上交所,2022-05-26,8.91,9.06,8.85,9.04,8.87,4945586,44475089.84,1.9166,0.6202,1,0,none,baostock,query_history_k_data_plus
601512,SHSE.601512,,SH,A股-上交所,2022-05-27,9.06,9.06,8.9,8.97,9.04,3879500,34799080.0,-0.7743,0.4865,1,0,none,baostock,query_history_k_data_plus
601512,SHSE.601512,,SH,A股-上交所,2022-05-30,9.06,9.14,8.96,9.05,8.97,3272508,29546558.32,0.8919,0.4104,1,0,none,baostock,query_history_k_data_plus
601512,SHSE.601512,,SH,A股-上交所,2022-05-31,9.05,9.1,8.96,9.08,9.05,3806306,34435004.18,0.3315,0.4773,1,0,none,baostock,query_history_k_data_plus
601512,SHSE.601512,,SH,A股-上交所,2022-06-01,9.05,9.14,9.02,9.12,9.08,3930239,35743457.45,0.4405,0.4929,1,0,none,baostock,query_history_k_data_plus
601512,SHSE.601512,,SH,A股-上交所,2022-06-02,9.08,9.13,9.01,9.05,9.12,2855028,25854663.93,-0.7675,0.358,1,0,none,baostock,query_history_k_data_plus
601512,SHSE.601512,,SH,A股-上交所,2022-06-06,9.01,9.09,8.93,9.04,9.05,4163613,37560917.3,-0.1105,0.5221,1,0,none,baostock,query_history_k_data_plus
601512,SHSE.601512,,SH,A股-上交所,2022-06-07,9.04,9.1,8.97,9.07,9.04,3460100,31274524.0,0.3319,0.4339,1,0,none,baostock,query_history_k_data_plus
601512,SHSE.601512,,SH,A股-上交所,2022-06-08,9.07,9.07,8.91,9.01,9.07,3786862,34052474.74,-0.6615,0.4749,1,0,none,baostock,query_history_k_data_plus
601512,SHSE.601512,,SH,A股-上交所,2022-06-09,9.03,9.32,8.98,9.21,9.01,9122751,83732138.61,2.2198,1.144,1,0,none,baostock,query_history_k_data_plus
601512,SHSE.601512,,SH,A股-上交所,2022-06-10,9.15,9.23,9.1,9.23,9.21,7362084,67376539.27,0.2172,0.9232,1,0,none,baostock,query_history_k_data_plus
601512,SHSE.601512,,SH,A股-上交所,2022-06-13,9.16,9.41,9.15,9.23,9.23,7119609,65785053.53,0.0,0.8928,1,0,none,baostock,query_history_k_data_plus
601512,SHSE.601512,,SH,A股-上交所,2022-06-14,9.2,9.56,9.17,9.51,9.23,12350151,116321976.03,3.0336,1.5488,1,0,none,baostock,query_history_k_data_plus
601512,SHSE.601512,,SH,A股-上交所,2022-06-15,9.51,9.89,9.39,9.63,9.51,13907914,133619713.02,1.2618,1.7441,1,0,none,baostock,query_history_k_data_plus
601512,SHSE.601512,,SH,A股-上交所,2022-06-16,9.57,9.6,9.33,9.42,9.63,7800976,73742208.64,-2.1807,0.9783,1,0,none,baostock,query_history_k_data_plus
601512,SHSE.601512,,SH,A股-上交所,2022-06-17,9.35,9.48,9.3,9.45,9.42,4553925,42795761.75,0.3185,0.5711,1,0,none,baostock,query_history_k_data_plus
601512,SHSE.601512,,SH,A股-上交所,2022-06-20,9.45,9.49,9.38,9.43,9.45,4436300,41920000.24,-0.2116,0.5563,1,0,none,baostock,query_history_k_data_plus
601512,SHSE.601512,,SH,A股-上交所,2022-06-21,9.15,9.23,8.94,9.04,9.13,5101000,46359632.0,-0.9858,0.6397,1,0,none,baostock,query_history_k_data_plus
601512,SHSE.601512,,SH,A股-上交所,2022-06-22,9.09,9.11,8.9,8.9,9.04,4079659,36596115.0,-1.5487,0.5116,1,0,none,baostock,query_history_k_data_plus
601512,SHSE.601512,,SH,A股-上交所,2022-06-23,8.88,9.0,8.86,8.98,8.9,4232200,37792537.0,0.8989,0.5307,1,0,none,baostock,query_history_k_data_plus
601512,SHSE.601512,,SH,A股-上交所,2022-06-24,9.01,9.05,8.88,8.93,8.98,3590292,32099567.4,-0.5568,0.4502,1,0,none,baostock,query_history_k_data_plus
601512,SHSE.601512,,SH,A股-上交所,2022-06-27,8.94,8.94,8.86,8.91,8.93,3703100,32936326.0,-0.224,0.4644,1,0,none,baostock,query_history_k_data_plus
601512,SHSE.601512,,SH,A股-上交所,2022-06-28,8.88,8.96,8.88,8.9,8.91,2956500,26312306.0,-0.1122,0.3708,1,0,none,baostock,query_history_k_data_plus
601512,SHSE.601512,,SH,A股-上交所,2022-06-29,8.9,9.08,8.9,9.04,8.9,5352000,48229647.0,1.573,0.6712,1,0,none,baostock,query_history_k_data_plus
601512,SHSE.601512,,SH,A股-上交所,2022-06-30,9.04,9.07,8.94,8.97,9.04,3987832,35847368.46,-0.7743,0.5001,1,0,none,baostock,query_history_k_data_plus
601512,SHSE.601512,,SH,A股-上交所,2022-07-01,9.03,9.08,8.9,8.94,8.97,3240182,29066338.28,-0.3344,0.4063,1,0,none,baostock,query_history_k_data_plus
601512,SHSE.601512,,SH,A股-上交所,2022-07-04,8.95,8.95,8.8,8.85,8.94,3759982,33237272.62,-1.0067,0.4715,1,0,none,baostock,query_history_k_data_plus
601512,SHSE.601512,,SH,A股-上交所,2022-07-05,8.93,8.93,8.66,8.68,8.85,4593750,40130502.5,-1.9209,0.5761,1,0,none,baostock,query_history_k_data_plus
601512,SHSE.601512,,SH,A股-上交所,2022-07-06,8.72,8.72,8.51,8.53,8.68,4165413,35668781.67,-1.7281,0.5224,1,0,none,baostock,query_history_k_data_plus
601512,SHSE.601512,,SH,A股-上交所,2022-07-07,8.53,8.59,8.51,8.55,8.53,2048900,17529944.0,0.2345,0.2569,1,0,none,baostock,query_history_k_data_plus
601512,SHSE.601512,,SH,A股-上交所,2022-07-08,8.56,8.62,8.53,8.54,8.55,2127000,18219552.0,-0.117,0.2667,1,0,none,baostock,query_history_k_data_plus
601512,SHSE.601512,,SH,A股-上交所,2022-07-11,8.52,8.58,8.47,8.5,8.54,2118502,18056924.02,-0.4684,0.2657,1,0,none,baostock,query_history_k_data_plus
601512,SHSE.601512,,SH,A股-上交所,2022-07-12,8.58,8.67,8.47,8.62,8.5,2687084,23128826.6,1.4118,0.337,1,0,none,baostock,query_history_k_data_plus
601512,SHSE.601512,,SH,A股-上交所,2022-07-13,8.62,8.72,8.62,8.69,8.62,1929600,16743879.0,0.8121,0.242,1,0,none,baostock,query_history_k_data_plus
601512,SHSE.601512,,SH,A股-上交所,2022-07-14,8.69,8.71,8.55,8.57,8.69,2459024,21162160.44,-1.3809,0.3084,1,0,none,baostock,query_history_k_data_plus
601512,SHSE.601512,,SH,A股-上交所,2022-07-15,8.56,8.61,8.3,8.32,8.57,2894710,24309858.1,-2.9172,0.363,1,0,none,baostock,query_history_k_data_plus
601512,SHSE.601512,,SH,A股-上交所,2022-07-18,8.41,8.5,8.34,8.49,8.32,1900800,16060901.0,2.0433,0.2384,1,0,none,baostock,query_history_k_data_plus
601512,SHSE.601512,,SH,A股-上交所,2022-07-19,8.54,8.62,8.45,8.61,8.49,1950400,16693312.0,1.4134,0.2446,1,0,none,baostock,query_history_k_data_plus
601512,SHSE.601512,,SH,A股-上交所,2022-07-20,8.6,8.65,8.56,8.61,8.61,1383300,11914761.0,0.0,0.1735,1,0,none,baostock,query_history_k_data_plus
601512,SHSE.601512,,SH,A股-上交所,2022-07-21,8.63,8.68,8.58,8.6,8.61,1683800,14515044.0,-0.1161,0.2112,1,0,none,baostock,query_history_k_data_plus
601512,SHSE.601512,,SH,A股-上交所,2022-07-22,8.68,8.68,8.53,8.58,8.6,1208800,10398662.0,-0.2326,0.1516,1,0,none,baostock,query_history_k_data_plus
601512,SHSE.601512,,SH,A股-上交所,2022-07-25,8.6,8.66,8.55,8.59,8.58,1403200,12091090.0,0.1166,0.176,1,0,none,baostock,query_history_k_data_plus
601512,SHSE.601512,,SH,A股-上交所,2022-07-26,8.57,8.72,8.51,8.72,8.59,2603300,22552186.0,1.5134,0.3265,1,0,none,baostock,query_history_k_data_plus
601512,SHSE.601512,,SH,A股-上交所,2022-07-27,8.71,8.72,8.6,8.65,8.72,1880399,16263139.33,-0.8028,0.2358,1,0,none,baostock,query_history_k_data_plus
601512,SHSE.601512,,SH,A股-上交所,2022-07-28,8.71,8.74,8.64,8.71,8.65,2292357,19935256.33,0.6936,0.2875,1,0,none,baostock,query_history_k_data_plus
601512,SHSE.601512,,SH,A股-上交所,2022-07-29,8.73,8.74,8.6,8.61,8.71,1778700,15408146.0,-1.1481,0.2231,1,0,none,baostock,query_history_k_data_plus
601512,SHSE.601512,,SH,A股-上交所,2022-08-01,8.62,8.68,8.55,8.63,8.61,1855300,15990671.0,0.2323,0.2327,1,0,none,baostock,query_history_k_data_plus
601512,SHSE.601512,,SH,A股-上交所,2022-08-02,8.58,8.58,8.21,8.39,8.63,3722779,31235899.12,-2.781,0.4669,1,0,none,baostock,query_history_k_data_plus
601512,SHSE.601512,,SH,A股-上交所,2022-08-03,8.41,8.5,8.38,8.41,8.39,2066200,17429123.0,0.2384,0.2591,1,0,none,baostock,query_history_k_data_plus
601512,SHSE.601512,,SH,A股-上交所,2022-08-04,8.43,8.48,8.35,8.45,8.41,1230300,10362044.0,0.4756,0.1543,1,0,none,baostock,query_history_k_data_plus
601512,SHSE.601512,,SH,A股-上交所,2022-08-05,8.45,8.66,8.39,8.65,8.45,2506300,21455803.0,2.3669,0.3143,1,0,none,baostock,query_history_k_data_plus
601512,SHSE.601512,,SH,A股-上交所,2022-08-08,8.66,8.68,8.56,8.62,8.65,2338500,20153578.0,-0.3468,0.2933,1,0,none,baostock,query_history_k_data_plus
601512,SHSE.601512,,SH,A股-上交所,2022-08-09,8.65,8.65,8.49,8.51,8.62,1841900,15735621.0,-1.2761,0.231,1,0,none,baostock,query_history_k_data_plus
601512,SHSE.601512,,SH,A股-上交所,2022-08-10,8.56,8.56,8.45,8.49,8.51,1287600,10926677.0,-0.235,0.1615,1,0,none,baostock,query_history_k_data_plus
601512,SHSE.601512,,SH,A股-上交所,2022-08-11,8.55,8.73,8.5,8.63,8.49,1880100,16237644.0,1.649,0.2358,1,0,none,baostock,query_history_k_data_plus
601512,SHSE.601512,,SH,A股-上交所,2022-08-12,8.65,8.72,8.58,8.68,8.63,2042508,17704280.0,0.5794,0.2561,1,0,none,baostock,query_history_k_data_plus
601512,SHSE.601512,,SH,A股-上交所,2022-08-15,8.75,8.75,8.59,8.61,8.68,2003700,17301557.0,-0.8065,0.2513,1,0,none,baostock,query_history_k_data_plus
601512,SHSE.601512,,SH,A股-上交所,2022-08-16,8.63,8.73,8.63,8.69,8.61,2528900,21966565.0,0.9292,0.3171,1,0,none,baostock,query_history_k_data_plus
601512,SHSE.601512,,SH,A股-上交所,2022-08-17,8.73,8.73,8.63,8.71,8.69,1898600,16484728.0,0.2301,0.2381,1,0,none,baostock,query_history_k_data_plus
601512,SHSE.601512,,SH,A股-上交所,2022-08-18,8.7,8.71,8.6,8.61,8.71,1735773,14969724.8,-1.1481,0.2177,1,0,none,baostock,query_history_k_data_plus
601512,SHSE.601512,,SH,A股-上交所,2022-08-19,8.64,8.72,8.61,8.68,8.61,1644484,14267240.28,0.813,0.2062,1,0,none,baostock,query_history_k_data_plus
601512,SHSE.601512,,SH,A股-上交所,2022-08-22,8.7,8.72,8.64,8.71,8.68,1612200,13989502.94,0.3456,0.2022,1,0,none,baostock,query_history_k_data_plus
601512,SHSE.601512,,SH,A股-上交所,2022-08-23,8.71,8.74,8.66,8.72,8.71,1674600,14572104.0,0.1148,0.21,1,0,none,baostock,query_history_k_data_plus
601512,SHSE.601512,,SH,A股-上交所,2022-08-24,8.71,8.71,8.48,8.51,8.72,4046700,34601461.0,-2.4083,0.5075,1,0,none,baostock,query_history_k_data_plus
601512,SHSE.601512,,SH,A股-上交所,2022-08-25,8.51,8.55,8.42,8.52,8.51,1990100,16886180.0,0.1175,0.2496,1,0,none,baostock,query_history_k_data_plus
601512,SHSE.601512,,SH,A股-上交所,2022-08-26,8.53,8.56,8.47,8.5,8.52,1542300,13126540.0,-0.2347,0.1934,1,0,none,baostock,query_history_k_data_plus
601512,SHSE.601512,,SH,A股-上交所,2022-08-29,8.5,8.54,8.36,8.52,8.5,1903300,16127522.0,0.2353,0.2387,1,0,none,baostock,query_history_k_data_plus
601512,SHSE.601512,,SH,A股-上交所,2022-08-30,8.52,8.65,8.49,8.63,8.52,2606445,22392068.18,1.2911,0.3269,1,0,none,baostock,query_history_k_data_plus
601512,SHSE.601512,,SH,A股-上交所,2022-08-31,8.63,8.65,8.52,8.53,8.63,1848257,15868669.77,-1.1587,0.2318,1,0,none,baostock,query_history_k_data_plus
601512,SHSE.601512,,SH,A股-上交所,2022-09-01,8.56,8.7,8.53,8.6,8.53,2694800,23237768.0,0.8206,0.3379,1,0,none,baostock,query_history_k_data_plus
601512,SHSE.601512,,SH,A股-上交所,2022-09-02,8.62,8.66,8.56,8.59,8.6,1431400,12298608.0,-0.1163,0.1795,1,0,none,baostock,query_history_k_data_plus
601512,SHSE.601512,,SH,A股-上交所,2022-09-05,8.64,8.69,8.56,8.69,8.59,1825100,15778769.0,1.1641,0.2289,1,0,none,baostock,query_history_k_data_plus
601512,SHSE.601512,,SH,A股-上交所,2022-09-06,8.71,8.81,8.66,8.81,8.69,3472276,30446161.8,1.3809,0.4354,1,0,none,baostock,query_history_k_data_plus
601512,SHSE.601512,,SH,A股-上交所,2022-09-07,8.81,8.83,8.7,8.81,8.81,2313600,20320715.0,0.0,0.2901,1,0,none,baostock,query_history_k_data_plus
601512,SHSE.601512,,SH,A股-上交所,2022-09-08,8.82,8.85,8.69,8.77,8.81,1882365,16468708.97,-0.454,0.2361,1,0,none,baostock,query_history_k_data_plus
601512,SHSE.601512,,SH,A股-上交所,2022-09-09,8.79,8.88,8.76,8.85,8.77,3549847,31370491.53,0.9122,0.4452,1,0,none,baostock,query_history_k_data_plus
601512,SHSE.601512,,SH,A股-上交所,2022-09-13,8.84,8.86,8.71,8.74,8.85,3023000,26506347.71,-1.2429,0.3791,1,0,none,baostock,query_history_k_data_plus
601512,SHSE.601512,,SH,A股-上交所,2022-09-14,8.73,8.8,8.69,8.7,8.74,2478800,21655714.0,-0.4577,0.3109,1,0,none,baostock,query_history_k_data_plus
601512,SHSE.601512,,SH,A股-上交所,2022-09-15,8.87,8.92,8.63,8.78,8.7,5405500,47519906.74,0.9195,0.6779,1,0,none,baostock,query_history_k_data_plus
601512,SHSE.601512,,SH,A股-上交所,2022-09-16,8.78,8.95,8.51,8.54,8.78,5729677,50102766.75,-2.7335,0.7185,1,0,none,baostock,query_history_k_data_plus
601512,SHSE.601512,,SH,A股-上交所,2022-09-19,8.49,8.63,8.36,8.47,8.54,2745899,23340959.29,-0.8197,0.3444,1,0,none,baostock,query_history_k_data_plus
601512,SHSE.601512,,SH,A股-上交所,2022-09-20,8.54,8.62,8.38,8.42,8.47,2513900,21281496.0,-0.5903,0.3153,1,0,none,baostock,query_history_k_data_plus
601512,SHSE.601512,,SH,A股-上交所,2022-09-21,8.41,8.58,8.27,8.52,8.42,2752248,23265220.62,1.1876,0.3451,1,0,none,baostock,query_history_k_data_plus
601512,SHSE.601512,,SH,A股-上交所,2022-09-22,8.48,8.59,8.42,8.43,8.52,2059500,17449664.0,-1.0563,0.2583,1,0,none,baostock,query_history_k_data_plus
601512,SHSE.601512,,SH,A股-上交所,2022-09-23,8.42,8.53,8.32,8.32,8.43,1792400,15070535.0,-1.3049,0.2248,1,0,none,baostock,query_history_k_data_plus
601512,SHSE.601512,,SH,A股-上交所,2022-09-26,8.28,8.35,8.12,8.18,8.32,2855300,23551427.0,-1.6827,0.3581,1,0,none,baostock,query_history_k_data_plus
601512,SHSE.601512,,SH,A股-上交所,2022-09-27,8.17,8.33,8.12,8.28,8.18,1592972,13097187.72,1.2225,0.1998,1,0,none,baostock,query_history_k_data_plus
601512,SHSE.601512,,SH,A股-上交所,2022-09-28,8.26,8.33,8.18,8.2,8.28,1436500,11839503.0,-0.9662,0.1801,1,0,none,baostock,query_history_k_data_plus
601512,SHSE.601512,,SH,A股-上交所,2022-09-29,8.2,8.29,8.05,8.06,8.2,2245435,18251036.18,-1.7073,0.2816,1,0,none,baostock,query_history_k_data_plus
601512,SHSE.601512,,SH,A股-上交所,2022-09-30,8.12,8.21,8.07,8.14,8.06,1459296,11893681.44,0.9926,0.183,1,0,none,baostock,query_history_k_data_plus
601512,SHSE.601512,,SH,A股-上交所,2022-10-10,8.17,8.23,8.04,8.07,8.14,1553609,12640101.66,-0.86,0.1948,1,0,none,baostock,query_history_k_data_plus
601512,SHSE.601512,,SH,A股-上交所,2022-10-11,8.02,8.1,7.99,8.05,8.07,1289110,10353688.7,-0.2478,0.1617,1,0,none,baostock,query_history_k_data_plus
601512,SHSE.601512,,SH,A股-上交所,2022-10-12,8.06,8.12,7.96,8.11,8.05,1916895,15436599.51,0.7453,0.2404,1,0,none,baostock,query_history_k_data_plus
601512,SHSE.601512,,SH,A股-上交所,2022-10-13,8.09,8.13,8.0,8.02,8.11,1951896,15681338.88,-1.1097,0.2448,1,0,none,baostock,query_history_k_data_plus
601512,SHSE.601512,,SH,A股-上交所,2022-10-14,8.04,8.18,8.04,8.14,8.02,2525741,20551768.4,1.4963,0.3167,1,0,none,baostock,query_history_k_data_plus
601512,SHSE.601512,,SH,A股-上交所,2022-10-17,8.09,8.27,8.08,8.23,8.14,2687887,22004383.83,1.1057,0.3371,1,0,none,baostock,query_history_k_data_plus
601512,SHSE.601512,,SH,A股-上交所,2022-10-18,8.25,8.25,8.16,8.2,8.23,1782430,14627235.93,-0.3645,0.2235,1,0,none,baostock,query_history_k_data_plus
601512,SHSE.601512,,SH,A股-上交所,2022-10-19,8.21,8.23,8.15,8.15,8.2,1250196,10233211.4,-0.6098,0.1568,1,0,none,baostock,query_history_k_data_plus
601512,SHSE.601512,,SH,A股-上交所,2022-10-20,8.15,8.2,8.1,8.14,8.15,1134300,9253170.0,-0.1227,0.1422,1,0,none,baostock,query_history_k_data_plus
601512,SHSE.601512,,SH,A股-上交所,2022-10-21,8.16,8.22,8.12,8.17,8.14,1191118,9737641.93,0.3686,0.1494,1,0,none,baostock,query_history_k_data_plus
601512,SHSE.601512,,SH,A股-上交所,2022-10-24,8.16,8.18,7.99,8.01,8.17,1604596,12940882.96,-1.9584,0.2012,1,0,none,baostock,query_history_k_data_plus
601512,SHSE.601512,,SH,A股-上交所,2022-10-25,8.06,8.06,7.88,7.92,8.01,1677640,13292502.48,-1.1236,0.2104,1,0,none,baostock,query_history_k_data_plus
601512,SHSE.601512,,SH,A股-上交所,2022-10-26,7.98,8.0,7.9,7.94,7.92,1303413,10354531.09,0.2525,0.1635,1,0,none,baostock,query_history_k_data_plus
601512,SHSE.601512,,SH,A股-上交所,2022-10-27,7.94,8.03,7.94,8.0,7.94,1325570,10603014.3,0.7557,0.1662,1,0,none,baostock,query_history_k_data_plus
601512,SHSE.601512,,SH,A股-上交所,2022-10-28,7.94,7.99,7.73,7.76,8.0,2045613,16021601.05,-3.0,0.2565,1,0,none,baostock,query_history_k_data_plus
601512,SHSE.601512,,SH,A股-上交所,2022-10-31,7.71,7.86,7.71,7.79,7.76,1536242,11970400.22,0.3866,0.1927,1,0,none,baostock,query_history_k_data_plus
601512,SHSE.601512,,SH,A股-上交所,2022-11-01,7.81,7.97,7.78,7.94,7.79,1545106,12153211.87,1.9255,0.1938,1,0,none,baostock,query_history_k_data_plus
601512,SHSE.601512,,SH,A股-上交所,2022-11-02,7.91,7.98,7.87,7.92,7.94,1468829,11653607.63,-0.2519,0.1842,1,0,none,baostock,query_history_k_data_plus
601512,SHSE.601512,,SH,A股-上交所,2022-11-03,7.89,7.98,7.87,7.88,7.92,1546239,12237122.32,-0.5051,0.1939,1,0,none,baostock,query_history_k_data_plus
601512,SHSE.601512,,SH,A股-上交所,2022-11-04,7.73,8.01,7.73,7.97,7.88,2252055,17831481.69,1.1421,0.2824,1,0,none,baostock,query_history_k_data_plus
601512,SHSE.601512,,SH,A股-上交所,2022-11-07,8.0,8.08,7.93,8.01,7.97,2241763,17965494.44,0.5019,0.2811,1,0,none,baostock,query_history_k_data_plus
601512,SHSE.601512,,SH,A股-上交所,2022-11-08,8.05,8.13,7.97,8.08,8.01,1865049,15033675.08,0.8739,0.2339,1,0,none,baostock,query_history_k_data_plus
601512,SHSE.601512,,SH,A股-上交所,2022-11-09,8.07,8.16,8.04,8.05,8.08,1907875,15446363.86,-0.3713,0.2393,1,0,none,baostock,query_history_k_data_plus
601512,SHSE.601512,,SH,A股-上交所,2022-11-10,8.05,8.1,7.97,8.08,8.05,1985032,15971160.69,0.3727,0.2489,1,0,none,baostock,query_history_k_data_plus
601512,SHSE.601512,,SH,A股-上交所,2022-11-11,8.14,8.34,8.1,8.29,8.08,5391063,44412309.78,2.599,0.6761,1,0,none,baostock,query_history_k_data_plus
601512,SHSE.601512,,SH,A股-上交所,2022-11-14,8.4,8.43,8.2,8.22,8.29,4090468,33966243.28,-0.8444,0.513,1,0,none,baostock,query_history_k_data_plus
601512,SHSE.601512,,SH,A股-上交所,2022-11-15,8.25,8.39,8.19,8.27,8.22,2745787,22762305.92,0.6083,0.3443,1,0,none,baostock,query_history_k_data_plus
601512,SHSE.601512,,SH,A股-上交所,2022-11-16,8.27,8.31,8.21,8.22,8.27,1732300,14270873.0,-0.6046,0.2172,1,0,none,baostock,query_history_k_data_plus
601512,SHSE.601512,,SH,A股-上交所,2022-11-17,8.21,8.29,8.21,8.28,8.22,1668930,13779459.95,0.7299,0.2093,1,0,none,baostock,query_history_k_data_plus
601512,SHSE.601512,,SH,A股-上交所,2022-11-18,8.27,8.3,8.2,8.25,8.28,2075185,17095192.53,-0.3623,0.2602,1,0,none,baostock,query_history_k_data_plus
601512,SHSE.601512,,SH,A股-上交所,2022-11-21,8.28,8.28,8.08,8.16,8.25,1665697,13545750.91,-1.0909,0.2089,1,0,none,baostock,query_history_k_data_plus
601512,SHSE.601512,,SH,A股-上交所,2022-11-22,8.19,8.3,8.14,8.2,8.16,1651266,13551967.94,0.4902,0.2071,1,0,none,baostock,query_history_k_data_plus
601512,SHSE.601512,,SH,A股-上交所,2022-11-23,8.16,8.22,8.12,8.18,8.2,1796300,14657819.0,-0.2439,0.2253,1,0,none,baostock,query_history_k_data_plus
601512,SHSE.601512,,SH,A股-上交所,2022-11-24,8.3,8.34,8.19,8.21,8.18,1759100,14527395.0,0.3667,0.2206,1,0,none,baostock,query_history_k_data_plus
601512,SHSE.601512,,SH,A股-上交所,2022-11-25,8.18,8.38,8.18,8.35,8.21,4367029,36361810.87,1.7052,0.5477,1,0,none,baostock,query_history_k_data_plus
601512,SHSE.601512,,SH,A股-上交所,2022-11-28,8.3,8.48,8.19,8.42,8.35,4231071,35315791.5,0.8383,0.5306,1,0,none,baostock,query_history_k_data_plus
601512,SHSE.601512,,SH,A股-上交所,2022-11-29,8.71,8.83,8.46,8.73,8.42,11320955,98281364.07,3.6817,1.4197,1,0,none,baostock,query_history_k_data_plus
601512,SHSE.601512,,SH,A股-上交所,2022-11-30,8.65,8.85,8.62,8.67,8.73,10858099,94753728.84,-0.6873,1.3617,1,0,none,baostock,query_history_k_data_plus
601512,SHSE.601512,,SH,A股-上交所,2022-12-01,8.63,8.72,8.51,8.51,8.67,5802139,49922094.41,-1.8454,0.7276,1,0,none,baostock,query_history_k_data_plus
601512,SHSE.601512,,SH,A股-上交所,2022-12-02,8.48,8.51,8.37,8.43,8.51,4409600,37132246.0,-0.9401,0.553,1,0,none,baostock,query_history_k_data_plus
601512,SHSE.601512,,SH,A股-上交所,2022-12-05,8.42,8.58,8.42,8.55,8.43,3566139,30429489.8,1.4235,0.4472,1,0,none,baostock,query_history_k_data_plus
601512,SHSE.601512,,SH,A股-上交所,2022-12-06,8.5,8.59,8.48,8.57,8.55,2745670,23464645.54,0.2339,0.3443,1,0,none,baostock,query_history_k_data_plus
601512,SHSE.601512,,SH,A股-上交所,2022-12-07,8.52,8.53,8.4,8.46,8.57,2475500,20907756.0,-1.2835,0.3104,1,0,none,baostock,query_history_k_data_plus
601512,SHSE.601512,,SH,A股-上交所,2022-12-08,8.45,8.57,8.41,8.51,8.46,2429200,20633042.4,0.591,0.3046,1,0,none,baostock,query_history_k_data_plus
601512,SHSE.601512,,SH,A股-上交所,2022-12-09,8.52,8.64,8.46,8.54,8.51,2241360,19144526.4,0.3525,0.2811,1,0,none,baostock,query_history_k_data_plus
601512,SHSE.601512,,SH,A股-上交所,2022-12-12,8.49,8.51,8.37,8.37,8.54,2622800,22083098.0,-1.9906,0.3289,1,0,none,baostock,query_history_k_data_plus
601512,SHSE.601512,,SH,A股-上交所,2022-12-13,8.38,8.44,8.35,8.42,8.37,1623300,13618061.4,0.5974,0.2036,1,0,none,baostock,query_history_k_data_plus
601512,SHSE.601512,,SH,A股-上交所,2022-12-14,8.36,8.42,8.33,8.39,8.42,1397800,11696394.0,-0.3563,0.1753,1,0,none,baostock,query_history_k_data_plus
601512,SHSE.601512,,SH,A股-上交所,2022-12-15,8.35,8.39,8.28,8.29,8.39,1812100,15064840.0,-1.1919,0.2272,1,0,none,baostock,query_history_k_data_plus
601512,SHSE.601512,,SH,A股-上交所,2022-12-16,8.32,8.47,8.31,8.39,8.29,2423580,20328502.8,1.2063,0.3039,1,0,none,baostock,query_history_k_data_plus
601512,SHSE.601512,,SH,A股-上交所,2022-12-19,8.49,8.74,8.43,8.56,8.39,7247728,62266359.27,2.0262,0.9089,1,0,none,baostock,query_history_k_data_plus
601512,SHSE.601512,,SH,A股-上交所,2022-12-20,8.5,8.59,8.24,8.25,8.56,3513966,29328834.16,-3.6215,0.2344,1,0,none,baostock,query_history_k_data_plus
601512,SHSE.601512,,SH,A股-上交所,2022-12-21,8.27,8.38,8.16,8.2,8.25,2049266,16912835.54,-0.6061,0.1367,1,0,none,baostock,query_history_k_data_plus
601512,SHSE.601512,,SH,A股-上交所,2022-12-22,8.25,8.33,8.04,8.06,8.2,1830800,14923629.0,-1.7073,0.1221,1,0,none,baostock,query_history_k_data_plus
601512,SHSE.601512,,SH,A股-上交所,2022-12-23,8.05,8.12,8.0,8.05,8.06,1242170,10002322.9,-0.1241,0.0829,1,0,none,baostock,query_history_k_data_plus
601512,SHSE.601512,,SH,A股-上交所,2022-12-26,8.08,8.08,7.96,8.0,8.05,1648300,13196502.0,-0.6211,0.11,1,0,none,baostock,query_history_k_data_plus
601512,SHSE.601512,,SH,A股-上交所,2022-12-27,8.02,8.08,7.99,8.05,8.0,859000,6906596.0,0.625,0.0573,1,0,none,baostock,query_history_k_data_plus
601512,SHSE.601512,,SH,A股-上交所,2022-12-28,8.08,8.08,7.97,8.04,8.05,806500,6468002.0,-0.1242,0.0538,1,0,none,baostock,query_history_k_data_plus
601512,SHSE.601512,,SH,A股-上交所,2022-12-29,8.04,8.04,7.91,7.91,8.04,1577000,12534099.0,-1.6169,0.1052,1,0,none,baostock,query_history_k_data_plus
601512,SHSE.601512,,SH,A股-上交所,2022-12-30,7.95,8.0,7.91,7.99,7.91,1043788,8302993.48,1.0114,0.0696,1,0,none,baostock,query_history_k_data_plus
601512,SHSE.601512,,SH,A股-上交所,2023-01-03,7.97,8.05,7.97,8.02,7.99,1368388,10983138.04,0.3755,0.0913,1,0,none,baostock,query_history_k_data_plus
601512,SHSE.601512,,SH,A股-上交所,2023-01-04,8.02,8.17,8.01,8.14,8.02,2249940,18220457.6,1.4963,0.1501,1,0,none,baostock,query_history_k_data_plus
601512,SHSE.601512,,SH,A股-上交所,2023-01-05,8.14,8.18,8.1,8.16,8.14,1816100,14774828.98,0.2457,0.1212,1,0,none,baostock,query_history_k_data_plus
601512,SHSE.601512,,SH,A股-上交所,2023-01-06,8.23,8.23,8.09,8.12,8.16,1128100,9171601.0,-0.4902,0.0753,1,0,none,baostock,query_history_k_data_plus
601512,SHSE.601512,,SH,A股-上交所,2023-01-09,8.2,8.2,8.07,8.08,8.12,1649800,13380230.0,-0.4926,0.1101,1,0,none,baostock,query_history_k_data_plus
601512,SHSE.601512,,SH,A股-上交所,2023-01-10,8.08,8.09,8.02,8.02,8.08,1339500,10768304.0,-0.7426,0.0894,1,0,none,baostock,query_history_k_data_plus
601512,SHSE.601512,,SH,A股-上交所,2023-01-11,8.06,8.09,8.0,8.0,8.02,1354300,10886874.0,-0.2494,0.0904,1,0,none,baostock,query_history_k_data_plus
601512,SHSE.601512,,SH,A股-上交所,2023-01-12,7.99,8.01,7.93,7.94,8.0,1440100,11460488.0,-0.75,0.0961,1,0,none,baostock,query_history_k_data_plus
601512,SHSE.601512,,SH,A股-上交所,2023-01-13,7.97,8.06,7.96,8.06,7.94,1202217,9642367.85,1.5113,0.0802,1,0,none,baostock,query_history_k_data_plus
601512,SHSE.601512,,SH,A股-上交所,2023-01-16,8.06,8.14,8.03,8.11,8.06,1623125,13119733.9,0.6203,0.1083,1,0,none,baostock,query_history_k_data_plus
601512,SHSE.601512,,SH,A股-上交所,2023-01-17,8.12,8.16,8.08,8.1,8.11,981700,7974659.0,-0.1233,0.0655,1,0,none,baostock,query_history_k_data_plus
601512,SHSE.601512,,SH,A股-上交所,2023-01-18,8.1,8.16,8.07,8.12,8.1,1148500,9328213.0,0.2469,0.0766,1,0,none,baostock,query_history_k_data_plus
601512,SHSE.601512,,SH,A股-上交所,2023-01-19,8.12,8.17,8.11,8.17,8.12,1034000,8426227.95,0.6158,0.069,1,0,none,baostock,query_history_k_data_plus
601512,SHSE.601512,,SH,A股-上交所,2023-01-20,8.18,8.23,8.14,8.22,8.17,1301512,10677462.18,0.612,0.0868,1,0,none,baostock,query_history_k_data_plus
601512,SHSE.601512,,SH,A股-上交所,2023-01-30,8.27,8.33,8.2,8.21,8.22,1864800,15390283.0,-0.1217,0.1244,1,0,none,baostock,query_history_k_data_plus
601512,SHSE.601512,,SH,A股-上交所,2023-01-31,8.24,8.31,8.18,8.29,8.21,1845223,15257360.67,0.9744,0.1231,1,0,none,baostock,query_history_k_data_plus
601512,SHSE.601512,,SH,A股-上交所,2023-02-01,8.31,8.34,8.24,8.34,8.29,1909676,15845663.1,0.6031,0.1274,1,0,none,baostock,query_history_k_data_plus
601512,SHSE.601512,,SH,A股-上交所,2023-02-02,8.41,8.45,8.34,8.4,8.34,2293082,19253441.44,0.7194,0.153,1,0,none,baostock,query_history_k_data_plus
601512,SHSE.601512,,SH,A股-上交所,2023-02-03,8.4,8.4,8.26,8.31,8.4,2235800,18559734.0,-1.0714,0.1492,1,0,none,baostock,query_history_k_data_plus
601512,SHSE.601512,,SH,A股-上交所,2023-02-06,8.29,8.34,8.25,8.33,8.31,1453400,12071640.0,0.2407,0.097,1,0,none,baostock,query_history_k_data_plus
601512,SHSE.601512,,SH,A股-上交所,2023-02-07,8.3,8.37,8.29,8.35,8.33,1532713,12763652.03,0.2401,0.1023,1,0,none,baostock,query_history_k_data_plus
601512,SHSE.601512,,SH,A股-上交所,2023-02-08,8.36,8.4,8.33,8.36,8.35,1625900,13583483.0,0.1198,0.1085,1,0,none,baostock,query_history_k_data_plus
601512,SHSE.601512,,SH,A股-上交所,2023-02-09,8.37,8.38,8.29,8.37,8.36,1586741,13215207.89,0.1196,0.1059,1,0,none,baostock,query_history_k_data_plus
601512,SHSE.601512,,SH,A股-上交所,2023-02-10,8.36,8.42,8.34,8.41,8.37,1517297,12729967.77,0.4779,0.1012,1,0,none,baostock,query_history_k_data_plus
601512,SHSE.601512,,SH,A股-上交所,2023-02-13,8.4,8.44,8.31,8.38,8.41,2819700,23579051.0,-0.3567,0.1881,1,0,none,baostock,query_history_k_data_plus
601512,SHSE.601512,,SH,A股-上交所,2023-02-14,8.4,8.43,8.35,8.38,8.38,1648100,13821068.0,0.0,0.11,1,0,none,baostock,query_history_k_data_plus
601512,SHSE.601512,,SH,A股-上交所,2023-02-15,8.39,8.64,8.35,8.46,8.38,3898700,33020418.02,0.9547,0.2601,1,0,none,baostock,query_history_k_data_plus
601512,SHSE.601512,,SH,A股-上交所,2023-02-16,8.44,8.53,8.28,8.33,8.46,3719500,31356663.0,-1.5366,0.2482,1,0,none,baostock,query_history_k_data_plus
601512,SHSE.601512,,SH,A股-上交所,2023-02-17,8.32,8.36,8.27,8.29,8.33,2023100,16833093.0,-0.4802,0.135,1,0,none,baostock,query_history_k_data_plus
601512,SHSE.601512,,SH,A股-上交所,2023-02-20,8.3,8.5,8.29,8.44,8.29,2924880,24661438.4,1.8094,0.1951,1,0,none,baostock,query_history_k_data_plus
601512,SHSE.601512,,SH,A股-上交所,2023-02-21,8.51,8.54,8.4,8.45,8.44,2328400,19712684.0,0.1185,0.1553,1,0,none,baostock,query_history_k_data_plus
601512,SHSE.601512,,SH,A股-上交所,2023-02-22,8.4,8.5,8.39,8.5,8.45,2291700,19347669.0,0.5917,0.1529,1,0,none,baostock,query_history_k_data_plus
601512,SHSE.601512,,SH,A股-上交所,2023-02-23,8.5,8.62,8.49,8.6,8.5,4453293,38144354.47,1.1765,0.2971,1,0,none,baostock,query_history_k_data_plus
601512,SHSE.601512,,SH,A股-上交所,2023-02-24,8.59,8.85,8.55,8.8,8.6,7524390,65764266.17,2.3256,0.502,1,0,none,baostock,query_history_k_data_plus
601512,SHSE.601512,,SH,A股-上交所,2023-02-27,8.89,9.68,8.81,9.67,8.8,33750743,320954257.41,9.8864,2.2517,1,0,none,baostock,query_history_k_data_plus
601512,SHSE.601512,,SH,A股-上交所,2023-02-28,9.32,9.72,9.31,9.63,9.67,22091863,210993196.88,-0.4137,1.4739,1,0,none,baostock,query_history_k_data_plus
601512,SHSE.601512,,SH,A股-上交所,2023-03-01,9.62,9.96,9.55,9.88,9.63,15279218,150339351.52,2.5961,1.0194,1,0,none,baostock,query_history_k_data_plus
601512,SHSE.601512,,SH,A股-上交所,2023-03-02,9.74,10.31,9.73,10.17,9.88,15673119,159264635.85,2.9352,1.0456,1,0,none,baostock,query_history_k_data_plus
601512,SHSE.601512,,SH,A股-上交所,2023-03-03,10.12,10.3,9.94,10.02,10.17,12706433,127981717.48,-1.4749,0.8477,1,0,none,baostock,query_history_k_data_plus
601512,SHSE.601512,,SH,A股-上交所,2023-03-06,10.01,10.4,10.0,10.25,10.02,12908989,132580323.16,2.2954,0.8612,1,0,none,baostock,query_history_k_data_plus
601512,SHSE.601512,,SH,A股-上交所,2023-03-07,10.33,10.35,9.92,9.94,10.25,11116000,111901589.94,-3.0244,0.7416,1,0,none,baostock,query_history_k_data_plus
601512,SHSE.601512,,SH,A股-上交所,2023-03-08,9.94,10.01,9.82,9.91,9.94,4336827,42961348.14,-0.3018,0.2893,1,0,none,baostock,query_history_k_data_plus
601512,SHSE.601512,,SH,A股-上交所,2023-03-09,9.92,10.07,9.85,9.98,9.91,4210997,41871497.18,0.7064,0.2809,1,0,none,baostock,query_history_k_data_plus
601512,SHSE.601512,,SH,A股-上交所,2023-03-10,9.91,9.94,9.7,9.76,9.98,4040797,39555642.69,-2.2044,0.2696,1,0,none,baostock,query_history_k_data_plus
601512,SHSE.601512,,SH,A股-上交所,2023-03-13,9.71,9.83,9.58,9.66,9.76,3995418,38559002.8,-1.0246,0.2666,1,0,none,baostock,query_history_k_data_plus
601512,SHSE.601512,,SH,A股-上交所,2023-03-14,9.61,9.65,9.36,9.48,9.66,4653400,44082415.0,-1.8634,0.3105,1,0,none,baostock,query_history_k_data_plus
601512,SHSE.601512,,SH,A股-上交所,2023-03-15,9.52,9.86,9.4,9.79,9.48,7830376,75572802.84,3.27,0.5224,1,0,none,baostock,query_history_k_data_plus
601512,SHSE.601512,,SH,A股-上交所,2023-03-16,9.71,10.23,9.59,9.9,9.79,11014200,109483392.31,1.1236,0.7348,1,0,none,baostock,query_history_k_data_plus
601512,SHSE.601512,,SH,A股-上交所,2023-03-17,9.84,10.08,9.78,9.87,9.9,6536100,64929480.24,-0.303,0.4361,1,0,none,baostock,query_history_k_data_plus
601512,SHSE.601512,,SH,A股-上交所,2023-03-20,9.91,10.07,9.66,9.7,9.87,4062500,39924811.0,-1.7224,0.271,1,0,none,baostock,query_history_k_data_plus
601512,SHSE.601512,,SH,A股-上交所,2023-03-21,9.81,9.85,9.61,9.63,9.7,3309569,32011291.51,-0.7216,0.2208,1,0,none,baostock,query_history_k_data_plus
601512,SHSE.601512,,SH,A股-上交所,2023-03-22,9.63,9.67,9.52,9.54,9.63,2688100,25735015.0,-0.9346,0.1793,1,0,none,baostock,query_history_k_data_plus
601512,SHSE.601512,,SH,A股-上交所,2023-03-23,9.54,9.57,9.35,9.42,9.54,4563600,42899413.0,-1.2579,0.3045,1,0,none,baostock,query_history_k_data_plus
601512,SHSE.601512,,SH,A股-上交所,2023-03-24,9.48,9.58,9.39,9.52,9.42,3653600,34693610.8,1.0616,0.2438,1,0,none,baostock,query_history_k_data_plus
601512,SHSE.601512,,SH,A股-上交所,2023-03-27,9.53,9.56,9.1,9.47,9.52,7029976,65584154.09,-0.5252,0.469,1,0,none,baostock,query_history_k_data_plus
601512,SHSE.601512,,SH,A股-上交所,2023-03-28,9.42,9.78,9.42,9.72,9.47,5741647,55443006.86,2.6399,0.3831,1,0,none,baostock,query_history_k_data_plus
601512,SHSE.601512,,SH,A股-上交所,2023-03-29,9.72,10.07,9.65,9.66,9.72,5632412,55217348.88,-0.6173,0.3758,1,0,none,baostock,query_history_k_data_plus
601512,SHSE.601512,,SH,A股-上交所,2023-03-30,9.66,9.74,9.43,9.7,9.66,3975356,38162969.64,0.4141,0.2652,1,0,none,baostock,query_history_k_data_plus
601512,SHSE.601512,,SH,A股-上交所,2023-03-31,9.68,9.78,9.62,9.63,9.7,2359746,22877840.29,-0.7216,0.1574,1,0,none,baostock,query_history_k_data_plus
601512,SHSE.601512,,SH,A股-上交所,2023-04-03,9.76,9.92,9.67,9.79,9.63,2632900,25819869.0,1.6615,0.1757,1,0,none,baostock,query_history_k_data_plus
601512,SHSE.601512,,SH,A股-上交所,2023-04-04,9.74,9.88,9.58,9.62,9.79,1688800,16289849.0,-1.7365,0.1127,1,0,none,baostock,query_history_k_data_plus
601512,SHSE.601512,,SH,A股-上交所,2023-04-06,9.58,9.59,9.44,9.44,9.62,1874200,17795669.0,-1.8711,0.125,1,0,none,baostock,query_history_k_data_plus
601512,SHSE.601512,,SH,A股-上交所,2023-04-07,9.46,9.73,9.46,9.7,9.44,2814400,27067327.0,2.7542,0.1878,1,0,none,baostock,query_history_k_data_plus
601512,SHSE.601512,,SH,A股-上交所,2023-04-10,9.77,9.77,9.46,9.52,9.7,1863000,17758416.0,-1.8557,0.1243,1,0,none,baostock,query_history_k_data_plus
601512,SHSE.601512,,SH,A股-上交所,2023-04-11,9.53,9.62,9.42,9.58,9.52,1831500,17409403.0,0.6303,0.1222,1,0,none,baostock,query_history_k_data_plus
601512,SHSE.601512,,SH,A股-上交所,2023-04-12,9.64,9.75,9.58,9.63,9.58,1973700,19050614.0,0.5219,0.1317,1,0,none,baostock,query_history_k_data_plus
601512,SHSE.601512,,SH,A股-上交所,2023-04-13,9.66,9.75,9.52,9.52,9.63,1535500,14760859.0,-1.1423,0.1024,1,0,none,baostock,query_history_k_data_plus
601512,SHSE.601512,,SH,A股-上交所,2023-04-14,9.59,9.59,9.44,9.54,9.52,1471000,14004003.0,0.2101,0.0981,1,0,none,baostock,query_history_k_data_plus
601512,SHSE.601512,,SH,A股-上交所,2023-04-17,9.61,9.75,9.47,9.7,9.54,2090000,20164914.15,1.6771,0.1394,1,0,none,baostock,query_history_k_data_plus
601512,SHSE.601512,,SH,A股-上交所,2023-04-18,9.77,9.77,9.51,9.53,9.7,1995300,19151148.0,-1.7526,0.1331,1,0,none,baostock,query_history_k_data_plus
601512,SHSE.601512,,SH,A股-上交所,2023-04-19,9.55,9.55,9.32,9.33,9.53,2265400,21250679.0,-2.0986,0.1511,1,0,none,baostock,query_history_k_data_plus
601512,SHSE.601512,,SH,A股-上交所,2023-04-20,9.35,9.38,9.27,9.34,9.33,1713100,15977172.0,0.1072,0.1143,1,0,none,baostock,query_history_k_data_plus
601512,SHSE.601512,,SH,A股-上交所,2023-04-21,9.66,10.27,9.66,10.27,9.34,18254401,186357210.4,9.9572,1.2179,1,0,none,baostock,query_history_k_data_plus
601512,SHSE.601512,,SH,A股-上交所,2023-04-24,10.35,10.78,10.15,10.53,10.27,24455495,253346481.34,2.5316,1.6316,1,0,none,baostock,query_history_k_data_plus
601512,SHSE.601512,,SH,A股-上交所,2023-04-25,10.32,10.37,9.65,9.86,10.53,15822290,157000535.8,-6.3628,1.0556,1,0,none,baostock,query_history_k_data_plus
601512,SHSE.601512,,SH,A股-上交所,2023-04-26,9.7,9.7,8.87,9.31,9.86,16451590,150750341.42,-5.5781,1.0976,1,0,none,baostock,query_history_k_data_plus
601512,SHSE.601512,,SH,A股-上交所,2023-04-27,9.2,9.46,9.12,9.24,9.31,6394590,59480321.7,-0.7519,0.4266,1,0,none,baostock,query_history_k_data_plus
601512,SHSE.601512,,SH,A股-上交所,2023-04-28,9.2,9.24,8.97,9.15,9.24,7119300,64668939.0,-0.974,0.475,1,0,none,baostock,query_history_k_data_plus
601512,SHSE.601512,,SH,A股-上交所,2023-05-04,9.14,9.66,9.06,9.53,9.15,8221800,77523520.0,4.153,0.5485,1,0,none,baostock,query_history_k_data_plus
601512,SHSE.601512,,SH,A股-上交所,2023-05-05,9.5,10.12,9.45,10.02,9.53,9346584,92208215.88,5.1417,0.6236,1,0,none,baostock,query_history_k_data_plus
601512,SHSE.601512,,SH,A股-上交所,2023-05-08,10.12,10.27,9.82,10.19,10.02,8161184,82537092.0,1.6966,0.5445,1,0,none,baostock,query_history_k_data_plus
601512,SHSE.601512,,SH,A股-上交所,2023-05-09,10.12,10.43,10.12,10.16,10.19,7374616,75712732.67,-0.2944,0.492,1,0,none,baostock,query_history_k_data_plus
601512,SHSE.601512,,SH,A股-上交所,2023-05-10,10.11,10.29,9.85,9.89,10.16,7305798,73325894.8,-2.6575,0.4874,1,0,none,baostock,query_history_k_data_plus
601512,SHSE.601512,,SH,A股-上交所,2023-05-11,9.89,10.2,9.88,10.04,9.89,5873625,59204672.75,1.5167,0.3919,1,0,none,baostock,query_history_k_data_plus
601512,SHSE.601512,,SH,A股-上交所,2023-05-12,10.08,10.3,10.04,10.08,10.04,3754600,38107470.0,0.3984,0.2505,1,0,none,baostock,query_history_k_data_plus
601512,SHSE.601512,,SH,A股-上交所,2023-05-15,10.1,10.14,9.71,9.96,10.08,4830800,47695399.0,-1.1905,0.3223,1,0,none,baostock,query_history_k_data_plus
601512,SHSE.601512,,SH,A股-上交所,2023-05-16,9.95,9.95,9.66,9.72,9.96,3781447,36967517.36,-2.4096,0.2523,1,0,none,baostock,query_history_k_data_plus
601512,SHSE.601512,,SH,A股-上交所,2023-05-17,9.73,9.79,9.64,9.77,9.72,2234300,21748601.0,0.5144,0.1491,1,0,none,baostock,query_history_k_data_plus
601512,SHSE.601512,,SH,A股-上交所,2023-05-18,9.76,9.84,9.64,9.79,9.77,2669900,25961045.0,0.2047,0.1781,1,0,none,baostock,query_history_k_data_plus
601512,SHSE.601512,,SH,A股-上交所,2023-05-19,9.84,9.84,9.55,9.57,9.79,3038400,29207055.0,-2.2472,0.2027,1,0,none,baostock,query_history_k_data_plus
601512,SHSE.601512,,SH,A股-上交所,2023-05-22,9.57,9.58,9.26,9.31,9.57,4162500,38815441.0,-2.7168,0.2777,1,0,none,baostock,query_history_k_data_plus
601512,SHSE.601512,,SH,A股-上交所,2023-05-23,9.3,9.4,9.2,9.21,9.31,3184700,29629583.0,-1.0741,0.2125,1,0,none,baostock,query_history_k_data_plus
601512,SHSE.601512,,SH,A股-上交所,2023-05-24,9.21,9.27,9.1,9.11,9.21,2290000,20946838.0,-1.0858,0.1528,1,0,none,baostock,query_history_k_data_plus
601512,SHSE.601512,,SH,A股-上交所,2023-05-25,9.06,9.13,8.98,9.08,9.11,2755500,24939139.0,-0.3293,0.1838,1,0,none,baostock,query_history_k_data_plus
601512,SHSE.601512,,SH,A股-上交所,2023-05-26,9.08,9.14,8.98,9.09,9.08,2371300,21481881.0,0.1101,0.1582,1,0,none,baostock,query_history_k_data_plus
601512,SHSE.601512,,SH,A股-上交所,2023-05-29,9.13,9.25,9.03,9.05,9.09,2647500,24186696.0,-0.44,0.1766,1,0,none,baostock,query_history_k_data_plus
601512,SHSE.601512,,SH,A股-上交所,2023-05-30,9.06,9.13,8.93,9.13,9.05,2475200,22339373.0,0.884,0.1651,1,0,none,baostock,query_history_k_data_plus
601512,SHSE.601512,,SH,A股-上交所,2023-05-31,9.16,9.17,9.05,9.05,9.13,2028200,18460655.0,-0.8762,0.1353,1,0,none,baostock,query_history_k_data_plus
601512,SHSE.601512,,SH,A股-上交所,2023-06-01,9.18,9.18,8.96,9.02,9.05,1978700,17872671.0,-0.3315,0.132,1,0,none,baostock,query_history_k_data_plus
601512,SHSE.601512,,SH,A股-上交所,2023-06-02,9.05,9.12,8.96,9.1,9.02,3148400,28441826.0,0.8869,0.21,1,0,none,baostock,query_history_k_data_plus
601512,SHSE.601512,,SH,A股-上交所,2023-06-05,9.07,9.23,8.99,9.23,9.1,3159100,28791857.0,1.4286,0.2108,1,0,none,baostock,query_history_k_data_plus
601512,SHSE.601512,,SH,A股-上交所,2023-06-06,9.18,9.39,9.16,9.16,9.23,3489300,32368386.0,-0.7584,0.2328,1,0,none,baostock,query_history_k_data_plus
601512,SHSE.601512,,SH,A股-上交所,2023-06-07,9.18,9.42,9.17,9.31,9.16,3915700,36501780.0,1.6376,0.2612,1,0,none,baostock,query_history_k_data_plus
601512,SHSE.601512,,SH,A股-上交所,2023-06-08,9.35,9.62,9.31,9.58,9.31,5551644,52756534.96,2.9001,0.3704,1,0,none,baostock,query_history_k_data_plus
601512,SHSE.601512,,SH,A股-上交所,2023-06-09,9.58,9.64,9.44,9.53,9.58,3328900,31753055.0,-0.5219,0.2221,1,0,none,baostock,query_history_k_data_plus
601512,SHSE.601512,,SH,A股-上交所,2023-06-12,9.53,9.61,9.34,9.36,9.53,3377400,31777469.0,-1.7838,0.2253,1,0,none,baostock,query_history_k_data_plus
601512,SHSE.601512,,SH,A股-上交所,2023-06-13,9.36,9.48,9.29,9.32,9.36,3297425,30795980.25,-0.4274,0.22,1,0,none,baostock,query_history_k_data_plus
601512,SHSE.601512,,SH,A股-上交所,2023-06-14,9.38,9.42,9.23,9.28,9.32,3107900,28994984.0,-0.4292,0.2073,1,0,none,baostock,query_history_k_data_plus
601512,SHSE.601512,,SH,A股-上交所,2023-06-15,9.3,9.37,9.17,9.2,9.28,2683700,24786813.0,-0.8621,0.179,1,0,none,baostock,query_history_k_data_plus
601512,SHSE.601512,,SH,A股-上交所,2023-06-16,9.2,9.31,9.2,9.21,9.2,2526400,23347728.0,0.1087,0.1686,1,0,none,baostock,query_history_k_data_plus
601512,SHSE.601512,,SH,A股-上交所,2023-06-19,9.21,9.22,9.06,9.1,9.21,2316600,21120730.0,-1.1944,0.1546,1,0,none,baostock,query_history_k_data_plus
601512,SHSE.601512,,SH,A股-上交所,2023-06-20,9.14,9.16,9.04,9.06,9.1,2251100,20481626.0,-0.4396,0.1502,1,0,none,baostock,query_history_k_data_plus
601512,SHSE.601512,,SH,A股-上交所,2023-06-21,9.08,9.14,9.01,9.03,9.06,1877640,17046320.4,-0.3311,0.1253,1,0,none,baostock,query_history_k_data_plus
601512,SHSE.601512,,SH,A股-上交所,2023-06-26,9.0,9.04,8.77,8.79,9.03,3269500,28975147.0,-2.6578,0.2181,1,0,none,baostock,query_history_k_data_plus
601512,SHSE.601512,,SH,A股-上交所,2023-06-27,8.86,9.17,8.83,9.14,8.79,3590700,32523512.0,3.9818,0.2396,1,0,none,baostock,query_history_k_data_plus
601512,SHSE.601512,,SH,A股-上交所,2023-06-28,9.16,9.28,9.09,9.28,9.14,2673300,24576675.0,1.5317,0.1784,1,0,none,baostock,query_history_k_data_plus
601512,SHSE.601512,,SH,A股-上交所,2023-06-29,9.28,9.29,9.2,9.26,9.28,1387800,12822953.0,-0.2155,0.0926,1,0,none,baostock,query_history_k_data_plus
601512,SHSE.601512,,SH,A股-上交所,2023-06-30,9.27,9.48,9.22,9.33,9.26,2552041,23948612.35,0.7559,0.1703,1,0,none,baostock,query_history_k_data_plus
601512,SHSE.601512,,SH,A股-上交所,2023-07-03,9.41,9.48,9.3,9.42,9.33,2883640,27039037.2,0.9646,0.1924,1,0,none,baostock,query_history_k_data_plus
601512,SHSE.601512,,SH,A股-上交所,2023-07-04,9.4,9.62,9.35,9.54,9.42,5519488,52449518.6,1.2739,0.3682,1,0,none,baostock,query_history_k_data_plus
601512,SHSE.601512,,SH,A股-上交所,2023-07-05,9.52,9.84,9.5,9.78,9.54,6546400,63731316.0,2.5157,0.4367,1,0,none,baostock,query_history_k_data_plus
601512,SHSE.601512,,SH,A股-上交所,2023-07-06,9.68,9.81,9.66,9.74,9.78,3107900,30236751.0,-0.409,0.2073,1,0,none,baostock,query_history_k_data_plus
601512,SHSE.601512,,SH,A股-上交所,2023-07-07,9.73,9.76,9.57,9.58,9.74,2483159,23953420.27,-1.6427,0.1657,1,0,none,baostock,query_history_k_data_plus
601512,SHSE.601512,,SH,A股-上交所,2023-07-10,9.3,9.45,9.23,9.37,9.26,2862700,26699225.0,1.1879,0.191,1,0,none,baostock,query_history_k_data_plus
601512,SHSE.601512,,SH,A股-上交所,2023-07-11,9.45,9.48,9.32,9.34,9.37,1745100,16339814.0,-0.3202,0.1164,1,0,none,baostock,query_history_k_data_plus
601512,SHSE.601512,,SH,A股-上交所,2023-07-12,9.33,9.39,9.23,9.34,9.34,2414800,22479692.0,0.0,0.1611,1,0,none,baostock,query_history_k_data_plus
601512,SHSE.601512,,SH,A股-上交所,2023-07-13,9.33,9.72,9.31,9.68,9.34,4929600,47163322.82,3.6403,0.3289,1,0,none,baostock,query_history_k_data_plus
601512,SHSE.601512,,SH,A股-上交所,2023-07-14,9.72,9.74,9.57,9.69,9.68,2490000,24058067.0,0.1033,0.1661,1,0,none,baostock,query_history_k_data_plus
601512,SHSE.601512,,SH,A股-上交所,2023-07-17,9.72,9.73,9.59,9.71,9.69,1584200,15299925.0,0.2064,0.1057,1,0,none,baostock,query_history_k_data_plus
601512,SHSE.601512,,SH,A股-上交所,2023-07-18,9.75,9.89,9.63,9.82,9.71,2154000,21056168.0,1.1329,0.1437,1,0,none,baostock,query_history_k_data_plus
601512,SHSE.601512,,SH,A股-上交所,2023-07-19,9.78,9.94,9.78,9.84,9.82,2082884,20551219.08,0.2037,0.139,1,0,none,baostock,query_history_k_data_plus
601512,SHSE.601512,,SH,A股-上交所,2023-07-20,9.82,9.92,9.67,9.68,9.84,1908800,18611460.0,-1.626,0.1273,1,0,none,baostock,query_history_k_data_plus
601512,SHSE.601512,,SH,A股-上交所,2023-07-21,9.69,9.85,9.63,9.79,9.68,1707700,16696585.0,1.1364,0.1139,1,0,none,baostock,query_history_k_data_plus
601512,SHSE.601512,,SH,A股-上交所,2023-07-24,9.86,10.02,9.71,9.89,9.79,4016000,39716724.0,1.0215,0.2679,1,0,none,baostock,query_history_k_data_plus
601512,SHSE.601512,,SH,A股-上交所,2023-07-25,9.96,10.16,9.9,10.12,9.89,5483309,55266125.54,2.3256,0.3658,1,0,none,baostock,query_history_k_data_plus
601512,SHSE.601512,,SH,A股-上交所,2023-07-26,10.13,10.15,10.0,10.07,10.12,3236200,32548340.0,-0.4941,0.2159,1,0,none,baostock,query_history_k_data_plus
601512,SHSE.601512,,SH,A股-上交所,2023-07-27,10.06,10.18,9.87,10.08,10.07,3453475,34767585.5,0.0993,0.2304,1,0,none,baostock,query_history_k_data_plus
601512,SHSE.601512,,SH,A股-上交所,2023-07-28,10.1,10.18,10.01,10.09,10.08,2688184,27171209.6,0.0992,0.1793,1,0,none,baostock,query_history_k_data_plus
601512,SHSE.601512,,SH,A股-上交所,2023-07-31,10.18,10.36,10.14,10.23,10.09,5224002,53612941.04,1.3875,0.3485,1,0,none,baostock,query_history_k_data_plus
601512,SHSE.601512,,SH,A股-上交所,2023-08-01,10.23,10.26,10.07,10.12,10.23,4704232,47807451.16,-1.0753,0.3138,1,0,none,baostock,query_history_k_data_plus
601512,SHSE.601512,,SH,A股-上交所,2023-08-02,10.11,10.25,10.05,10.11,10.12,4304749,43611403.82,-0.0988,0.2872,1,0,none,baostock,query_history_k_data_plus
601512,SHSE.601512,,SH,A股-上交所,2023-08-03,10.13,10.24,10.03,10.2,10.11,3983000,40472928.0,0.8902,0.2657,1,0,none,baostock,query_history_k_data_plus
601512,SHSE.601512,,SH,A股-上交所,2023-08-04,10.3,10.32,10.04,10.09,10.2,3644800,37026876.0,-1.0784,0.2432,1,0,none,baostock,query_history_k_data_plus
601512,SHSE.601512,,SH,A股-上交所,2023-08-07,10.17,10.17,9.82,9.87,10.09,4243700,42096673.0,-2.1804,0.2831,1,0,none,baostock,query_history_k_data_plus
601512,SHSE.601512,,SH,A股-上交所,2023-08-08,9.97,9.97,9.65,9.68,9.87,4655700,45353048.0,-1.925,0.3106,1,0,none,baostock,query_history_k_data_plus
601512,SHSE.601512,,SH,A股-上交所,2023-08-09,9.72,9.79,9.6,9.64,9.68,3110900,30044262.0,-0.4132,0.2075,1,0,none,baostock,query_history_k_data_plus
601512,SHSE.601512,,SH,A股-上交所,2023-08-10,9.69,9.75,9.57,9.67,9.64,2476300,23865708.0,0.3112,0.1652,1,0,none,baostock,query_history_k_data_plus
601512,SHSE.601512,,SH,A股-上交所,2023-08-11,9.75,9.78,9.54,9.61,9.67,2847700,27487019.24,-0.6205,0.19,1,0,none,baostock,query_history_k_data_plus
601512,SHSE.601512,,SH,A股-上交所,2023-08-14,9.5,9.57,9.4,9.54,9.61,2604016,24696975.64,-0.7284,0.1737,1,0,none,baostock,query_history_k_data_plus
601512,SHSE.601512,,SH,A股-上交所,2023-08-15,9.5,9.61,9.46,9.56,9.54,1873578,17882740.9,0.2096,0.125,1,0,none,baostock,query_history_k_data_plus
601512,SHSE.601512,,SH,A股-上交所,2023-08-16,9.45,9.69,9.45,9.57,9.56,2312800,22134388.0,0.1046,0.1543,1,0,none,baostock,query_history_k_data_plus
601512,SHSE.601512,,SH,A股-上交所,2023-08-17,9.57,9.63,9.42,9.58,9.57,3375900,32228497.0,0.1045,0.2252,1,0,none,baostock,query_history_k_data_plus
601512,SHSE.601512,,SH,A股-上交所,2023-08-18,9.56,9.64,9.43,9.43,9.58,2200100,20934624.0,-1.5658,0.1468,1,0,none,baostock,query_history_k_data_plus
601512,SHSE.601512,,SH,A股-上交所,2023-08-21,9.41,9.52,9.28,9.29,9.43,3081200,28892831.0,-1.4846,0.2056,1,0,none,baostock,query_history_k_data_plus
601512,SHSE.601512,,SH,A股-上交所,2023-08-22,9.33,9.47,9.26,9.45,9.29,2971898,27831649.96,1.7223,0.1983,1,0,none,baostock,query_history_k_data_plus
601512,SHSE.601512,,SH,A股-上交所,2023-08-23,9.4,9.48,9.27,9.29,9.45,2405394,22570677.88,-1.6931,0.1605,1,0,none,baostock,query_history_k_data_plus
601512,SHSE.601512,,SH,A股-上交所,2023-08-24,9.33,9.37,9.18,9.25,9.29,2154200,19949461.0,-0.4306,0.1437,1,0,none,baostock,query_history_k_data_plus
601512,SHSE.601512,,SH,A股-上交所,2023-08-25,9.28,9.35,9.19,9.2,9.25,1838200,17008039.0,-0.5405,0.1226,1,0,none,baostock,query_history_k_data_plus
601512,SHSE.601512,,SH,A股-上交所,2023-08-28,9.79,9.85,9.49,9.52,9.2,6652878,64488195.06,3.4783,0.4439,1,0,none,baostock,query_history_k_data_plus
601512,SHSE.601512,,SH,A股-上交所,2023-08-29,9.58,9.77,9.43,9.77,9.52,4879542,47085645.56,2.6261,0.3255,1,0,none,baostock,query_history_k_data_plus
601512,SHSE.601512,,SH,A股-上交所,2023-08-30,9.82,9.84,9.58,9.59,9.77,3521000,34124163.0,-1.8424,0.2349,1,0,none,baostock,query_history_k_data_plus
601512,SHSE.601512,,SH,A股-上交所,2023-08-31,9.59,9.67,9.22,9.22,9.59,4691200,43784857.0,-3.8582,0.313,1,0,none,baostock,query_history_k_data_plus
601512,SHSE.601512,,SH,A股-上交所,2023-09-01,9.33,9.43,9.27,9.32,9.22,3690354,34467558.04,1.0846,0.2462,1,0,none,baostock,query_history_k_data_plus
601512,SHSE.601512,,SH,A股-上交所,2023-09-04,9.32,9.42,9.29,9.3,9.32,2841089,26521666.48,-0.2146,0.1895,1,0,none,baostock,query_history_k_data_plus
601512,SHSE.601512,,SH,A股-上交所,2023-09-05,9.29,9.29,9.07,9.11,9.3,3452348,31479973.32,-2.043,0.2303,1,0,none,baostock,query_history_k_data_plus
601512,SHSE.601512,,SH,A股-上交所,2023-09-06,9.05,9.22,9.02,9.21,9.11,2442900,22305412.0,1.0977,0.163,1,0,none,baostock,query_history_k_data_plus
601512,SHSE.601512,,SH,A股-上交所,2023-09-07,9.21,9.4,9.19,9.26,9.21,2799184,26071615.56,0.5429,0.1868,1,0,none,baostock,query_history_k_data_plus
601512,SHSE.601512,,SH,A股-上交所,2023-09-08,9.29,9.39,9.22,9.31,9.26,2007529,18682560.9,0.54,0.1339,1,0,none,baostock,query_history_k_data_plus
601512,SHSE.601512,,SH,A股-上交所,2023-09-11,9.31,9.36,9.19,9.29,9.31,1873772,17352411.88,-0.2148,0.125,1,0,none,baostock,query_history_k_data_plus
601512,SHSE.601512,,SH,A股-上交所,2023-09-12,9.29,9.4,9.22,9.32,9.29,1739084,16235252.88,0.3229,0.116,1,0,none,baostock,query_history_k_data_plus
601512,SHSE.601512,,SH,A股-上交所,2023-09-13,9.3,9.38,9.22,9.25,9.32,1524000,14174836.0,-0.7511,0.1017,1,0,none,baostock,query_history_k_data_plus
601512,SHSE.601512,,SH,A股-上交所,2023-09-14,9.25,9.33,9.17,9.25,9.25,1515400,14039513.0,0.0,0.1011,1,0,none,baostock,query_history_k_data_plus
601512,SHSE.601512,,SH,A股-上交所,2023-09-15,9.25,9.36,9.23,9.29,9.25,1807500,16812529.0,0.4324,0.1206,1,0,none,baostock,query_history_k_data_plus
601512,SHSE.601512,,SH,A股-上交所,2023-09-18,9.29,9.29,9.13,9.23,9.29,2591570,23821942.3,-0.6459,0.1729,1,0,none,baostock,query_history_k_data_plus
601512,SHSE.601512,,SH,A股-上交所,2023-09-19,9.19,9.32,9.17,9.24,9.23,1379800,12740639.0,0.1083,0.0921,1,0,none,baostock,query_history_k_data_plus
601512,SHSE.601512,,SH,A股-上交所,2023-09-20,9.27,9.29,9.17,9.24,9.24,1111298,10272449.94,0.0,0.0741,1,0,none,baostock,query_history_k_data_plus
601512,SHSE.601512,,SH,A股-上交所,2023-09-21,9.27,9.31,9.16,9.18,9.24,1487840,13716682.4,-0.6494,0.0993,1,0,none,baostock,query_history_k_data_plus
601512,SHSE.601512,,SH,A股-上交所,2023-09-22,9.15,9.28,9.13,9.24,9.18,2121970,19571666.5,0.6536,0.1416,1,0,none,baostock,query_history_k_data_plus
601512,SHSE.601512,,SH,A股-上交所,2023-09-25,9.29,9.29,9.1,9.15,9.24,2559700,23452623.0,-0.974,0.1708,1,0,none,baostock,query_history_k_data_plus
601512,SHSE.601512,,SH,A股-上交所,2023-09-26,9.1,9.2,9.09,9.13,9.15,2508600,22879909.0,-0.2186,0.1674,1,0,none,baostock,query_history_k_data_plus
601512,SHSE.601512,,SH,A股-上交所,2023-09-27,9.13,9.17,9.04,9.05,9.13,2188400,19893097.0,-0.8762,0.146,1,0,none,baostock,query_history_k_data_plus
601512,SHSE.601512,,SH,A股-上交所,2023-09-28,9.06,9.11,8.91,8.95,9.05,3182000,28605455.0,-1.105,0.2123,1,0,none,baostock,query_history_k_data_plus
601512,SHSE.601512,,SH,A股-上交所,2023-10-09,8.95,8.97,8.76,8.84,8.95,3530000,31225810.0,-1.2291,0.2355,1,0,none,baostock,query_history_k_data_plus
601512,SHSE.601512,,SH,A股-上交所,2023-10-10,8.86,8.93,8.73,8.75,8.84,2477000,21782651.0,-1.0181,0.1653,1,0,none,baostock,query_history_k_data_plus
601512,SHSE.601512,,SH,A股-上交所,2023-10-11,8.75,8.84,8.63,8.67,8.75,2965007,25752777.65,-0.9143,0.1978,1,0,none,baostock,query_history_k_data_plus
601512,SHSE.601512,,SH,A股-上交所,2023-10-12,8.74,8.76,8.61,8.67,8.67,2402140,20842916.6,0.0,0.1603,1,0,none,baostock,query_history_k_data_plus
601512,SHSE.601512,,SH,A股-上交所,2023-10-13,8.66,8.66,8.53,8.57,8.67,2962340,25405864.32,-1.1534,0.1976,1,0,none,baostock,query_history_k_data_plus
601512,SHSE.601512,,SH,A股-上交所,2023-10-16,8.58,8.59,8.33,8.4,8.57,3793774,31918521.44,-1.9837,0.2531,1,0,none,baostock,query_history_k_data_plus
601512,SHSE.601512,,SH,A股-上交所,2023-10-17,8.43,8.48,8.35,8.43,8.4,2595000,21824815.0,0.3571,0.1731,1,0,none,baostock,query_history_k_data_plus
601512,SHSE.601512,,SH,A股-上交所,2023-10-18,8.37,8.46,8.25,8.28,8.43,2287527,19024772.93,-1.7794,0.1526,1,0,none,baostock,query_history_k_data_plus
601512,SHSE.601512,,SH,A股-上交所,2023-10-19,8.24,8.31,8.18,8.18,8.28,1898600,15645553.0,-1.2077,0.1267,1,0,none,baostock,query_history_k_data_plus
601512,SHSE.601512,,SH,A股-上交所,2023-10-20,8.17,8.33,8.16,8.24,8.18,2977670,24625709.7,0.7335,0.1987,1,0,none,baostock,query_history_k_data_plus
601512,SHSE.601512,,SH,A股-上交所,2023-10-23,8.24,8.25,8.03,8.08,8.24,2955471,24057630.26,-1.9417,0.1972,1,0,none,baostock,query_history_k_data_plus
601512,SHSE.601512,,SH,A股-上交所,2023-10-24,8.15,8.27,8.09,8.24,8.08,2516200,20575489.5,1.9802,0.1679,1,0,none,baostock,query_history_k_data_plus
601512,SHSE.601512,,SH,A股-上交所,2023-10-25,8.34,8.37,8.15,8.2,8.24,2779700,22879299.0,-0.4854,0.1855,1,0,none,baostock,query_history_k_data_plus
601512,SHSE.601512,,SH,A股-上交所,2023-10-26,8.17,8.21,8.03,8.2,8.2,2680809,21772970.17,0.0,0.1789,1,0,none,baostock,query_history_k_data_plus
601512,SHSE.601512,,SH,A股-上交所,2023-10-27,8.14,8.31,8.13,8.27,8.2,2801400,23124561.0,0.8537,0.1869,1,0,none,baostock,query_history_k_data_plus
601512,SHSE.601512,,SH,A股-上交所,2023-10-30,8.25,8.36,8.06,8.15,8.27,5806972,47357907.64,-1.451,0.3874,1,0,none,baostock,query_history_k_data_plus
601512,SHSE.601512,,SH,A股-上交所,2023-10-31,8.13,8.19,8.02,8.18,8.15,5276122,42770724.72,0.3681,0.352,1,0,none,baostock,query_history_k_data_plus
601512,SHSE.601512,,SH,A股-上交所,2023-11-01,8.18,8.3,8.15,8.22,8.18,3733200,30729551.0,0.489,0.2491,1,0,none,baostock,query_history_k_data_plus
601512,SHSE.601512,,SH,A股-上交所,2023-11-02,8.2,8.24,8.12,8.15,8.22,2234500,18251855.0,-0.8516,0.1491,1,0,none,baostock,query_history_k_data_plus
601512,SHSE.601512,,SH,A股-上交所,2023-11-03,8.1,8.28,8.08,8.1,8.15,3265857,26503495.43,-0.6135,0.2179,1,0,none,baostock,query_history_k_data_plus
601512,SHSE.601512,,SH,A股-上交所,2023-11-06,8.15,8.24,8.08,8.21,8.1,4396400,35991079.32,1.358,0.2933,1,0,none,baostock,query_history_k_data_plus
601512,SHSE.601512,,SH,A股-上交所,2023-11-07,8.19,8.29,8.1,8.14,8.21,4366600,35632580.0,-0.8526,0.2913,1,0,none,baostock,query_history_k_data_plus
601512,SHSE.601512,,SH,A股-上交所,2023-11-08,8.11,8.19,8.11,8.16,8.14,3071600,25020254.0,0.2457,0.2049,1,0,none,baostock,query_history_k_data_plus
601512,SHSE.601512,,SH,A股-上交所,2023-11-09,8.12,8.24,8.11,8.18,8.16,3827212,31355424.16,0.2451,0.2553,1,0,none,baostock,query_history_k_data_plus
601512,SHSE.601512,,SH,A股-上交所,2023-11-10,8.18,8.18,8.05,8.08,8.18,2690700,21789803.0,-1.2225,0.1795,1,0,none,baostock,query_history_k_data_plus
601512,SHSE.601512,,SH,A股-上交所,2023-11-13,8.1,8.14,8.05,8.12,8.08,2428586,19656269.88,0.495,0.162,1,0,none,baostock,query_history_k_data_plus
601512,SHSE.601512,,SH,A股-上交所,2023-11-14,8.14,8.23,8.11,8.23,8.12,2950112,24141644.16,1.3547,0.1968,1,0,none,baostock,query_history_k_data_plus
601512,SHSE.601512,,SH,A股-上交所,2023-11-15,8.27,8.32,8.16,8.19,8.23,3505612,28798880.16,-0.486,0.2339,1,0,none,baostock,query_history_k_data_plus
601512,SHSE.601512,,SH,A股-上交所,2023-11-16,8.15,8.18,8.08,8.14,8.19,3330386,27068074.32,-0.6105,0.2222,1,0,none,baostock,query_history_k_data_plus
601512,SHSE.601512,,SH,A股-上交所,2023-11-17,8.15,8.15,8.08,8.13,8.14,1942500,15750382.0,-0.1229,0.1296,1,0,none,baostock,query_history_k_data_plus
601512,SHSE.601512,,SH,A股-上交所,2023-11-20,8.16,8.19,8.09,8.15,8.13,2595700,21125308.0,0.246,0.1732,1,0,none,baostock,query_history_k_data_plus
601512,SHSE.601512,,SH,A股-上交所,2023-11-21,8.17,8.39,8.15,8.28,8.15,6146758,51014552.28,1.5951,0.4101,1,0,none,baostock,query_history_k_data_plus
601512,SHSE.601512,,SH,A股-上交所,2023-11-22,8.26,8.43,8.25,8.29,8.28,4836200,40442553.0,0.1208,0.3227,1,0,none,baostock,query_history_k_data_plus
601512,SHSE.601512,,SH,A股-上交所,2023-11-23,8.31,8.44,8.21,8.41,8.29,4241700,35463387.0,1.4475,0.283,1,0,none,baostock,query_history_k_data_plus
601512,SHSE.601512,,SH,A股-上交所,2023-11-24,8.42,8.48,8.36,8.36,8.41,3500900,29439103.0,-0.5945,0.2336,1,0,none,baostock,query_history_k_data_plus
601512,SHSE.601512,,SH,A股-上交所,2023-11-27,8.38,8.39,8.2,8.25,8.36,3817000,31493038.0,-1.3158,0.2547,1,0,none,baostock,query_history_k_data_plus
601512,SHSE.601512,,SH,A股-上交所,2023-11-28,8.25,8.28,8.19,8.25,8.25,3065100,25235698.0,0.0,0.2045,1,0,none,baostock,query_history_k_data_plus
601512,SHSE.601512,,SH,A股-上交所,2023-11-29,8.27,8.27,8.12,8.15,8.25,4222147,34494984.46,-1.2121,0.2817,1,0,none,baostock,query_history_k_data_plus
601512,SHSE.601512,,SH,A股-上交所,2023-11-30,8.15,8.18,8.09,8.13,8.15,2351347,19105902.58,-0.2454,0.1569,1,0,none,baostock,query_history_k_data_plus
601512,SHSE.601512,,SH,A股-上交所,2023-12-01,8.15,8.24,8.11,8.18,8.13,3479500,28459871.0,0.615,0.2321,1,0,none,baostock,query_history_k_data_plus
601512,SHSE.601512,,SH,A股-上交所,2023-12-04,8.18,8.19,8.08,8.12,8.18,3465429,28120880.19,-0.7335,0.2312,1,0,none,baostock,query_history_k_data_plus
601512,SHSE.601512,,SH,A股-上交所,2023-12-05,8.12,8.15,8.02,8.04,8.12,2987000,24173401.0,-0.9852,0.1993,1,0,none,baostock,query_history_k_data_plus
601512,SHSE.601512,,SH,A股-上交所,2023-12-06,8.04,8.14,7.99,8.1,8.04,3485400,28072506.0,0.7463,0.2325,1,0,none,baostock,query_history_k_data_plus
601512,SHSE.601512,,SH,A股-上交所,2023-12-07,8.07,8.21,8.07,8.18,8.1,3546181,28920166.91,0.9877,0.2366,1,0,none,baostock,query_history_k_data_plus
601512,SHSE.601512,,SH,A股-上交所,2023-12-08,8.18,8.19,8.04,8.05,8.18,2855700,23129105.02,-1.5892,0.1905,1,0,none,baostock,query_history_k_data_plus
601512,SHSE.601512,,SH,A股-上交所,2023-12-11,8.01,8.02,7.86,8.01,8.05,3947581,31376031.14,-0.4969,0.2634,1,0,none,baostock,query_history_k_data_plus
601512,SHSE.601512,,SH,A股-上交所,2023-12-12,8.01,8.22,7.99,8.22,8.01,4424208,35999981.8,2.6217,0.2952,1,0,none,baostock,query_history_k_data_plus
601512,SHSE.601512,,SH,A股-上交所,2023-12-13,8.21,8.21,8.07,8.09,8.22,2967200,24160926.0,-1.5815,0.198,1,0,none,baostock,query_history_k_data_plus
601512,SHSE.601512,,SH,A股-上交所,2023-12-14,8.1,8.17,8.08,8.09,8.09,1808900,14681532.0,0.0,0.1207,1,0,none,baostock,query_history_k_data_plus
601512,SHSE.601512,,SH,A股-上交所,2023-12-15,8.16,8.25,8.12,8.18,8.09,3586200,29399442.0,1.1125,0.2393,1,0,none,baostock,query_history_k_data_plus
601512,SHSE.601512,,SH,A股-上交所,2023-12-18,8.19,8.25,7.99,8.01,8.18,4882100,39592289.0,-2.0782,0.3257,1,0,none,baostock,query_history_k_data_plus
601512,SHSE.601512,,SH,A股-上交所,2023-12-19,8.04,8.08,7.88,7.91,8.01,4132200,32892182.0,-1.2484,0.2757,1,0,none,baostock,query_history_k_data_plus
601512,SHSE.601512,,SH,A股-上交所,2023-12-20,7.96,7.97,7.85,7.85,7.91,2823659,22262954.1,-0.7585,0.1884,1,0,none,baostock,query_history_k_data_plus
601512,SHSE.601512,,SH,A股-上交所,2023-12-21,7.85,7.91,7.77,7.9,7.85,2112900,16585031.0,0.6369,0.141,1,0,none,baostock,query_history_k_data_plus
601512,SHSE.601512,,SH,A股-上交所,2023-12-22,7.91,7.91,7.72,7.83,7.9,2826200,22091995.0,-0.8861,0.1886,1,0,none,baostock,query_history_k_data_plus
601512,SHSE.601512,,SH,A股-上交所,2023-12-25,7.83,7.83,7.76,7.81,7.83,2013600,15692368.0,-0.2554,0.1343,1,0,none,baostock,query_history_k_data_plus
601512,SHSE.601512,,SH,A股-上交所,2023-12-26,7.82,7.84,7.7,7.72,7.81,2401400,18600047.0,-1.1524,0.1602,1,0,none,baostock,query_history_k_data_plus
601512,SHSE.601512,,SH,A股-上交所,2023-12-27,7.68,7.75,7.61,7.65,7.72,3098200,23705243.0,-0.9067,0.2067,1,0,none,baostock,query_history_k_data_plus
601512,SHSE.601512,,SH,A股-上交所,2023-12-28,7.65,7.85,7.62,7.83,7.65,3205200,24898698.0,2.3529,0.2138,1,0,none,baostock,query_history_k_data_plus
601512,SHSE.601512,,SH,A股-上交所,2023-12-29,7.84,7.84,7.7,7.71,7.83,5300700,41074551.0,-1.5326,0.3536,1,0,none,baostock,query_history_k_data_plus
601512,SHSE.601512,,SH,A股-上交所,2024-01-02,7.73,7.74,7.66,7.66,7.71,4400360,33805257.53,-0.6485,0.2936,1,0,none,baostock,query_history_k_data_plus
601512,SHSE.601512,,SH,A股-上交所,2024-01-03,7.67,7.73,7.65,7.7,7.66,3087998,23786455.58,0.5222,0.206,1,0,none,baostock,query_history_k_data_plus
601512,SHSE.601512,,SH,A股-上交所,2024-01-04,7.7,7.71,7.64,7.65,7.7,3362255,25801432.85,-0.6494,0.2243,1,0,none,baostock,query_history_k_data_plus
601512,SHSE.601512,,SH,A股-上交所,2024-01-05,7.66,7.78,7.63,7.7,7.65,4726555,36518526.85,0.6536,0.3153,1,0,none,baostock,query_history_k_data_plus
601512,SHSE.601512,,SH,A股-上交所,2024-01-08,7.7,7.75,7.58,7.59,7.7,3641600,27888863.0,-1.4286,0.243,1,0,none,baostock,query_history_k_data_plus
601512,SHSE.601512,,SH,A股-上交所,2024-01-09,7.59,7.69,7.53,7.65,7.59,3697898,28140184.68,0.7905,0.2467,1,0,none,baostock,query_history_k_data_plus
601512,SHSE.601512,,SH,A股-上交所,2024-01-10,7.62,7.7,7.57,7.65,7.65,1982100,15158073.0,0.0,0.1322,1,0,none,baostock,query_history_k_data_plus
601512,SHSE.601512,,SH,A股-上交所,2024-01-11,7.68,7.78,7.6,7.77,7.65,2542629,19581325.75,1.5686,0.1696,1,0,none,baostock,query_history_k_data_plus
601512,SHSE.601512,,SH,A股-上交所,2024-01-12,7.73,7.89,7.7,7.8,7.77,3470996,27204709.77,0.3861,0.2316,1,0,none,baostock,query_history_k_data_plus
601512,SHSE.601512,,SH,A股-上交所,2024-01-15,7.83,7.91,7.77,7.88,7.8,3166655,24884205.4,1.0256,0.2113,1,0,none,baostock,query_history_k_data_plus
601512,SHSE.601512,,SH,A股-上交所,2024-01-16,7.9,7.96,7.79,7.87,7.88,2945949,23176571.65,-0.1269,0.1965,1,0,none,baostock,query_history_k_data_plus
601512,SHSE.601512,,SH,A股-上交所,2024-01-17,7.89,7.9,7.77,7.79,7.87,2399900,18815691.0,-1.0165,0.1601,1,0,none,baostock,query_history_k_data_plus
601512,SHSE.601512,,SH,A股-上交所,2024-01-18,7.76,7.77,7.44,7.6,7.79,4732200,35766312.3,-2.439,0.3157,1,0,none,baostock,query_history_k_data_plus
601512,SHSE.601512,,SH,A股-上交所,2024-01-19,7.58,7.72,7.51,7.64,7.6,2527252,19294754.1,0.5263,0.1686,1,0,none,baostock,query_history_k_data_plus
601512,SHSE.601512,,SH,A股-上交所,2024-01-22,7.63,7.73,7.25,7.3,7.64,4254700,31920747.0,-4.4503,0.2839,1,0,none,baostock,query_history_k_data_plus
601512,SHSE.601512,,SH,A股-上交所,2024-01-23,7.31,7.54,7.2,7.48,7.3,3597349,26500703.29,2.4658,0.24,1,0,none,baostock,query_history_k_data_plus
601512,SHSE.601512,,SH,A股-上交所,2024-01-24,7.53,7.75,7.47,7.75,7.48,4837778,36947639.22,3.6096,0.3228,1,0,none,baostock,query_history_k_data_plus
601512,SHSE.601512,,SH,A股-上交所,2024-01-25,7.77,8.05,7.77,8.01,7.75,6334300,50233383.0,3.3548,0.4226,1,0,none,baostock,query_history_k_data_plus
601512,SHSE.601512,,SH,A股-上交所,2024-01-26,8.06,8.43,7.98,8.28,8.01,12920400,107053762.0,3.3708,0.862,1,0,none,baostock,query_history_k_data_plus
601512,SHSE.601512,,SH,A股-上交所,2024-01-29,8.3,8.39,8.11,8.13,8.28,6534873,53738608.79,-1.8116,0.436,1,0,none,baostock,query_history_k_data_plus
601512,SHSE.601512,,SH,A股-上交所,2024-01-30,8.1,8.28,8.01,8.01,8.13,4782700,38880689.0,-1.476,0.3191,1,0,none,baostock,query_history_k_data_plus
601512,SHSE.601512,,SH,A股-上交所,2024-01-31,7.97,8.05,7.73,7.78,8.01,6804299,53371175.19,-2.8714,0.454,1,0,none,baostock,query_history_k_data_plus
601512,SHSE.601512,,SH,A股-上交所,2024-02-01,7.7,7.87,7.49,7.58,7.78,6321126,48158030.6,-2.5707,0.4217,1,0,none,baostock,query_history_k_data_plus
601512,SHSE.601512,,SH,A股-上交所,2024-02-02,7.57,7.84,7.22,7.41,7.58,6778370,50938116.5,-2.2427,0.4522,1,0,none,baostock,query_history_k_data_plus
601512,SHSE.601512,,SH,A股-上交所,2024-02-05,7.48,7.48,6.77,6.89,7.41,8082787,56536799.9,-7.0175,0.5393,1,0,none,baostock,query_history_k_data_plus
601512,SHSE.601512,,SH,A股-上交所,2024-02-06,6.79,7.14,6.46,7.03,6.89,7697269,51982265.84,2.0319,0.5135,1,0,none,baostock,query_history_k_data_plus
601512,SHSE.601512,,SH,A股-上交所,2024-02-07,7.03,7.12,6.79,6.95,7.03,8597320,59965291.86,-1.138,0.5736,1,0,none,baostock,query_history_k_data_plus
601512,SHSE.601512,,SH,A股-上交所,2024-02-08,6.99,7.28,6.73,7.26,6.95,9341731,65365914.27,4.4604,0.6232,1,0,none,baostock,query_history_k_data_plus
601512,SHSE.601512,,SH,A股-上交所,2024-02-19,7.26,7.34,7.13,7.31,7.26,6608142,47864086.31,0.6887,0.4409,1,0,none,baostock,query_history_k_data_plus
601512,SHSE.601512,,SH,A股-上交所,2024-02-20,7.2,7.44,7.19,7.42,7.31,3811931,28008588.11,1.5048,0.2543,1,0,none,baostock,query_history_k_data_plus
601512,SHSE.601512,,SH,A股-上交所,2024-02-21,7.37,7.69,7.31,7.52,7.42,5034191,37963930.87,1.3477,0.3359,1,0,none,baostock,query_history_k_data_plus
601512,SHSE.601512,,SH,A股-上交所,2024-02-22,7.52,7.61,7.46,7.54,7.52,3121600,23504413.0,0.266,0.2083,1,0,none,baostock,query_history_k_data_plus
601512,SHSE.601512,,SH,A股-上交所,2024-02-23,7.54,7.63,7.47,7.59,7.54,3696400,27860108.0,0.6631,0.2466,1,0,none,baostock,query_history_k_data_plus
601512,SHSE.601512,,SH,A股-上交所,2024-02-26,7.59,7.74,7.51,7.65,7.59,4415400,33649470.0,0.7905,0.2946,1,0,none,baostock,query_history_k_data_plus
601512,SHSE.601512,,SH,A股-上交所,2024-02-27,7.62,7.75,7.58,7.75,7.65,2804600,21549493.0,1.3072,0.1871,1,0,none,baostock,query_history_k_data_plus
601512,SHSE.601512,,SH,A股-上交所,2024-02-28,7.71,7.83,7.51,7.53,7.75,5461900,41855566.0,-2.8387,0.3644,1,0,none,baostock,query_history_k_data_plus
601512,SHSE.601512,,SH,A股-上交所,2024-02-29,7.44,7.62,7.42,7.6,7.53,3838591,28975265.78,0.9296,0.2561,1,0,none,baostock,query_history_k_data_plus
601512,SHSE.601512,,SH,A股-上交所,2024-03-01,7.6,7.74,7.59,7.66,7.6,3979300,30455144.0,0.7895,0.2655,1,0,none,baostock,query_history_k_data_plus
601512,SHSE.601512,,SH,A股-上交所,2024-03-04,7.59,7.66,7.47,7.55,7.66,3290582,24785957.3,-1.436,0.2195,1,0,none,baostock,query_history_k_data_plus
601512,SHSE.601512,,SH,A股-上交所,2024-03-05,7.51,7.57,7.43,7.46,7.55,3010600,22515201.0,-1.1921,0.2009,1,0,none,baostock,query_history_k_data_plus
601512,SHSE.601512,,SH,A股-上交所,2024-03-06,7.45,7.57,7.43,7.5,7.46,2094400,15691071.0,0.5362,0.1397,1,0,none,baostock,query_history_k_data_plus
601512,SHSE.601512,,SH,A股-上交所,2024-03-07,7.53,7.58,7.47,7.47,7.5,2144800,16123275.0,-0.4,0.1431,1,0,none,baostock,query_history_k_data_plus
601512,SHSE.601512,,SH,A股-上交所,2024-03-08,7.45,7.51,7.41,7.49,7.47,1673000,12479110.0,0.2677,0.1116,1,0,none,baostock,query_history_k_data_plus
601512,SHSE.601512,,SH,A股-上交所,2024-03-11,7.49,7.59,7.46,7.58,7.49,2089835,15722696.45,1.2016,0.1394,1,0,none,baostock,query_history_k_data_plus
601512,SHSE.601512,,SH,A股-上交所,2024-03-12,7.57,7.76,7.52,7.72,7.58,3039500,23204783.0,1.847,0.2028,1,0,none,baostock,query_history_k_data_plus
601512,SHSE.601512,,SH,A股-上交所,2024-03-13,7.71,7.73,7.58,7.61,7.72,2385400,18214251.0,-1.4249,0.1591,1,0,none,baostock,query_history_k_data_plus
601512,SHSE.601512,,SH,A股-上交所,2024-03-14,7.61,7.83,7.59,7.79,7.61,4577500,35487034.0,2.3653,0.3054,1,0,none,baostock,query_history_k_data_plus
601512,SHSE.601512,,SH,A股-上交所,2024-03-15,7.79,7.89,7.66,7.76,7.79,2386583,18417369.76,-0.3851,0.1592,1,0,none,baostock,query_history_k_data_plus
601512,SHSE.601512,,SH,A股-上交所,2024-03-18,7.77,7.8,7.7,7.78,7.76,2209015,17090983.84,0.2577,0.1474,1,0,none,baostock,query_history_k_data_plus
601512,SHSE.601512,,SH,A股-上交所,2024-03-19,7.77,7.8,7.72,7.73,7.78,2294564,17805379.89,-0.6427,0.1531,1,0,none,baostock,query_history_k_data_plus
601512,SHSE.601512,,SH,A股-上交所,2024-03-20,7.77,7.82,7.71,7.82,7.73,2222092,17257864.09,1.1643,0.1482,1,0,none,baostock,query_history_k_data_plus
601512,SHSE.601512,,SH,A股-上交所,2024-03-21,7.84,7.91,7.8,7.88,7.82,2054100,16144875.0,0.7673,0.137,1,0,none,baostock,query_history_k_data_plus
601512,SHSE.601512,,SH,A股-上交所,2024-03-22,7.84,7.91,7.76,7.76,7.88,3519200,27507665.0,-1.5228,0.2348,1,0,none,baostock,query_history_k_data_plus
601512,SHSE.601512,,SH,A股-上交所,2024-03-25,7.73,7.93,7.72,7.82,7.76,3589754,28156090.1,0.7732,0.2395,1,0,none,baostock,query_history_k_data_plus
601512,SHSE.601512,,SH,A股-上交所,2024-03-26,7.78,7.97,7.77,7.93,7.82,3694598,29080263.3,1.4066,0.2465,1,0,none,baostock,query_history_k_data_plus
601512,SHSE.601512,,SH,A股-上交所,2024-03-27,7.92,7.97,7.79,7.82,7.93,2886100,22757934.0,-1.3871,0.1925,1,0,none,baostock,query_history_k_data_plus
601512,SHSE.601512,,SH,A股-上交所,2024-03-28,7.82,7.88,7.77,7.83,7.82,1937783,15177131.72,0.1279,0.1293,1,0,none,baostock,query_history_k_data_plus
601512,SHSE.601512,,SH,A股-上交所,2024-03-29,7.78,7.89,7.78,7.89,7.83,1885500,14795564.0,0.7663,0.1258,1,0,none,baostock,query_history_k_data_plus
601512,SHSE.601512,,SH,A股-上交所,2024-04-01,7.85,7.95,7.82,7.89,7.89,2956400,23236745.0,0.0,0.1972,1,0,none,baostock,query_history_k_data_plus
601512,SHSE.601512,,SH,A股-上交所,2024-04-02,7.85,7.93,7.82,7.92,7.89,2671802,21077686.8,0.3802,0.1783,1,0,none,baostock,query_history_k_data_plus
601512,SHSE.601512,,SH,A股-上交所,2024-04-03,7.92,8.15,7.87,8.13,7.92,4202692,33785638.68,2.6515,0.2804,1,0,none,baostock,query_history_k_data_plus
601512,SHSE.601512,,SH,A股-上交所,2024-04-08,8.13,8.3,8.02,8.03,8.13,5159400,42260497.0,-1.23,0.3442,1,0,none,baostock,query_history_k_data_plus
601512,SHSE.601512,,SH,A股-上交所,2024-04-09,8.02,8.14,8.02,8.1,8.03,2086400,16873925.0,0.8717,0.1392,1,0,none,baostock,query_history_k_data_plus
601512,SHSE.601512,,SH,A股-上交所,2024-04-10,8.1,8.24,8.02,8.07,8.1,3312800,26978871.0,-0.3704,0.221,1,0,none,baostock,query_history_k_data_plus
601512,SHSE.601512,,SH,A股-上交所,2024-04-11,8.05,8.16,7.96,8.04,8.07,2810000,22672763.0,-0.3717,0.1875,1,0,none,baostock,query_history_k_data_plus
601512,SHSE.601512,,SH,A股-上交所,2024-04-12,8.04,8.09,7.97,8.01,8.04,2356000,18937015.0,-0.3731,0.1572,1,0,none,baostock,query_history_k_data_plus
601512,SHSE.601512,,SH,A股-上交所,2024-04-15,8.02,8.17,7.93,8.1,8.01,3164200,25519993.0,1.1236,0.2111,1,0,none,baostock,query_history_k_data_plus
601512,SHSE.601512,,SH,A股-上交所,2024-04-16,8.06,8.1,7.75,7.75,8.1,4852300,38127761.69,-4.321,0.3237,1,0,none,baostock,query_history_k_data_plus
601512,SHSE.601512,,SH,A股-上交所,2024-04-17,7.8,8.1,7.8,8.1,7.75,3649800,29118464.0,4.5161,0.2435,1,0,none,baostock,query_history_k_data_plus
601512,SHSE.601512,,SH,A股-上交所,2024-04-18,8.06,8.28,8.05,8.22,8.1,4617931,37863156.06,1.4815,0.3081,1,0,none,baostock,query_history_k_data_plus
601512,SHSE.601512,,SH,A股-上交所,2024-04-19,8.2,8.34,8.13,8.29,8.22,3847331,31787537.68,0.8516,0.2567,1,0,none,baostock,query_history_k_data_plus
601512,SHSE.601512,,SH,A股-上交所,2024-04-22,8.1,8.1,7.52,7.55,8.29,10029531,77182601.74,-8.9264,0.6691,1,0,none,baostock,query_history_k_data_plus
601512,SHSE.601512,,SH,A股-上交所,2024-04-23,7.53,7.56,7.31,7.33,7.55,7641500,56414004.0,-2.9139,0.5098,1,0,none,baostock,query_history_k_data_plus
601512,SHSE.601512,,SH,A股-上交所,2024-04-24,7.35,7.51,7.31,7.43,7.33,3907300,28944383.0,1.3643,0.2607,1,0,none,baostock,query_history_k_data_plus
601512,SHSE.601512,,SH,A股-上交所,2024-04-25,7.44,7.59,7.41,7.53,7.43,3804200,28621359.0,1.3459,0.2538,1,0,none,baostock,query_history_k_data_plus
601512,SHSE.601512,,SH,A股-上交所,2024-04-26,7.48,7.67,7.38,7.63,7.53,5427400,40805872.0,1.328,0.3621,1,0,none,baostock,query_history_k_data_plus
601512,SHSE.601512,,SH,A股-上交所,2024-04-29,7.79,8.39,7.78,8.39,7.63,12260531,100765494.09,9.9607,0.818,1,0,none,baostock,query_history_k_data_plus
601512,SHSE.601512,,SH,A股-上交所,2024-04-30,8.5,8.51,8.17,8.22,8.39,11627551,96099162.11,-2.0262,0.7757,1,0,none,baostock,query_history_k_data_plus
601512,SHSE.601512,,SH,A股-上交所,2024-05-06,8.37,8.45,8.3,8.34,8.22,11928012,99830000.9,1.4599,0.7958,1,0,none,baostock,query_history_k_data_plus
601512,SHSE.601512,,SH,A股-上交所,2024-05-07,8.25,8.62,8.24,8.57,8.34,11109578,94098402.98,2.7578,0.7412,1,0,none,baostock,query_history_k_data_plus
601512,SHSE.601512,,SH,A股-上交所,2024-05-08,8.5,8.51,8.28,8.31,8.57,6421240,53867544.18,-3.0338,0.4284,1,0,none,baostock,query_history_k_data_plus
601512,SHSE.601512,,SH,A股-上交所,2024-05-09,8.38,8.44,8.28,8.4,8.31,3846200,32204198.0,1.083,0.2566,1,0,none,baostock,query_history_k_data_plus
601512,SHSE.601512,,SH,A股-上交所,2024-05-10,8.43,8.65,8.39,8.62,8.4,7728900,66073519.98,2.619,0.5156,1,0,none,baostock,query_history_k_data_plus
601512,SHSE.601512,,SH,A股-上交所,2024-05-13,8.75,8.87,8.56,8.6,8.62,10855244,94417439.8,-0.232,0.7242,1,0,none,baostock,query_history_k_data_plus
601512,SHSE.601512,,SH,A股-上交所,2024-05-14,8.56,8.73,8.5,8.65,8.6,6897700,59383121.0,0.5814,0.4602,1,0,none,baostock,query_history_k_data_plus
601512,SHSE.601512,,SH,A股-上交所,2024-05-15,8.62,8.74,8.55,8.61,8.65,4757700,41069996.0,-0.4624,0.3174,1,0,none,baostock,query_history_k_data_plus
601512,SHSE.601512,,SH,A股-上交所,2024-05-16,8.61,8.95,8.61,8.82,8.61,10248700,90659765.0,2.439,0.6838,1,0,none,baostock,query_history_k_data_plus
601512,SHSE.601512,,SH,A股-上交所,2024-05-17,8.82,9.18,8.77,9.16,8.82,14976361,134623772.52,3.8549,0.9992,1,0,none,baostock,query_history_k_data_plus
601512,SHSE.601512,,SH,A股-上交所,2024-05-20,9.18,9.18,8.9,8.98,9.16,12259300,110429099.0,-1.9651,0.8179,1,0,none,baostock,query_history_k_data_plus
601512,SHSE.601512,,SH,A股-上交所,2024-05-21,8.98,9.13,8.92,9.04,8.98,6342900,57362292.0,0.6682,0.4232,1,0,none,baostock,query_history_k_data_plus
601512,SHSE.601512,,SH,A股-上交所,2024-05-22,9.0,9.32,9.0,9.11,9.04,11499900,105858707.0,0.7743,0.7672,1,0,none,baostock,query_history_k_data_plus
601512,SHSE.601512,,SH,A股-上交所,2024-05-23,9.06,9.13,8.92,8.97,9.11,5815200,52352889.0,-1.5368,0.388,1,0,none,baostock,query_history_k_data_plus
601512,SHSE.601512,,SH,A股-上交所,2024-05-24,8.93,9.05,8.86,8.88,8.97,3998613,35786162.52,-1.0033,0.2668,1,0,none,baostock,query_history_k_data_plus
601512,SHSE.601512,,SH,A股-上交所,2024-05-27,8.88,8.96,8.72,8.9,8.88,5603325,49359625.83,0.2252,0.3738,1,0,none,baostock,query_history_k_data_plus
601512,SHSE.601512,,SH,A股-上交所,2024-05-28,8.98,8.98,8.75,8.76,8.9,4499897,39703363.69,-1.573,0.3002,1,0,none,baostock,query_history_k_data_plus
601512,SHSE.601512,,SH,A股-上交所,2024-05-29,8.74,8.85,8.64,8.71,8.76,4711097,41129074.99,-0.5708,0.3143,1,0,none,baostock,query_history_k_data_plus
601512,SHSE.601512,,SH,A股-上交所,2024-05-30,8.65,8.75,8.51,8.58,8.71,3667600,31472029.0,-1.4925,0.2447,1,0,none,baostock,query_history_k_data_plus
601512,SHSE.601512,,SH,A股-上交所,2024-05-31,8.68,8.75,8.57,8.65,8.58,4244597,36726478.05,0.8159,0.2832,1,0,none,baostock,query_history_k_data_plus
601512,SHSE.601512,,SH,A股-上交所,2024-06-03,8.65,8.75,8.44,8.51,8.65,5232700,44658853.14,-1.6185,0.3491,1,0,none,baostock,query_history_k_data_plus
601512,SHSE.601512,,SH,A股-上交所,2024-06-04,8.52,8.67,8.39,8.64,8.51,4570955,39080206.7,1.5276,0.305,1,0,none,baostock,query_history_k_data_plus
601512,SHSE.601512,,SH,A股-上交所,2024-06-05,8.59,8.62,8.37,8.39,8.64,3415000,28922607.0,-2.8935,0.2278,1,0,none,baostock,query_history_k_data_plus
601512,SHSE.601512,,SH,A股-上交所,2024-06-06,8.45,8.46,8.12,8.19,8.39,4624300,38150958.0,-2.3838,0.3085,1,0,none,baostock,query_history_k_data_plus
601512,SHSE.601512,,SH,A股-上交所,2024-06-07,8.19,8.3,8.16,8.29,8.19,2976969,24541572.47,1.221,0.1986,1,0,none,baostock,query_history_k_data_plus
601512,SHSE.601512,,SH,A股-上交所,2024-06-11,8.25,8.39,8.2,8.3,8.29,5270754,43782319.88,0.1206,0.3516,1,0,none,baostock,query_history_k_data_plus
601512,SHSE.601512,,SH,A股-上交所,2024-06-12,8.29,8.3,8.21,8.24,8.3,3095254,25543279.96,-0.7229,0.2065,1,0,none,baostock,query_history_k_data_plus
601512,SHSE.601512,,SH,A股-上交所,2024-06-13,8.24,8.27,8.06,8.09,8.24,3017084,24561302.08,-1.8204,0.2013,1,0,none,baostock,query_history_k_data_plus
601512,SHSE.601512,,SH,A股-上交所,2024-06-14,8.03,8.18,8.03,8.12,8.09,3724603,30220006.36,0.3708,0.2485,1,0,none,baostock,query_history_k_data_plus
601512,SHSE.601512,,SH,A股-上交所,2024-06-17,8.1,8.2,8.05,8.1,8.12,2924500,23690464.0,-0.2463,0.1951,1,0,none,baostock,query_history_k_data_plus
601512,SHSE.601512,,SH,A股-上交所,2024-06-18,8.08,8.12,7.98,8.03,8.1,3010479,24188904.16,-0.8642,0.2008,1,0,none,baostock,query_history_k_data_plus
601512,SHSE.601512,,SH,A股-上交所,2024-06-19,8.05,8.11,8.0,8.01,8.03,2173700,17476045.0,-0.2491,0.145,1,0,none,baostock,query_history_k_data_plus
601512,SHSE.601512,,SH,A股-上交所,2024-06-20,8.05,8.08,7.82,7.85,8.01,3067900,24275948.0,-1.9975,0.2047,1,0,none,baostock,query_history_k_data_plus
601512,SHSE.601512,,SH,A股-上交所,2024-06-21,7.85,7.95,7.81,7.87,7.85,2143600,16901958.0,0.2548,0.143,1,0,none,baostock,query_history_k_data_plus
601512,SHSE.601512,,SH,A股-上交所,2024-06-24,7.26,7.63,7.26,7.37,7.87,6893700,50947121.16,-6.3532,0.4599,1,0,none,baostock,query_history_k_data_plus
601512,SHSE.601512,,SH,A股-上交所,2024-06-25,7.34,7.79,7.32,7.68,7.37,6790612,51710522.48,4.2062,0.453,1,0,none,baostock,query_history_k_data_plus
601512,SHSE.601512,,SH,A股-上交所,2024-06-26,7.64,7.73,7.61,7.71,7.68,2958900,22740965.0,0.3906,0.1974,1,0,none,baostock,query_history_k_data_plus
601512,SHSE.601512,,SH,A股-上交所,2024-06-27,7.7,7.81,7.57,7.6,7.71,3157200,24253086.0,-1.4267,0.2106,1,0,none,baostock,query_history_k_data_plus
601512,SHSE.601512,,SH,A股-上交所,2024-06-28,7.56,7.72,7.54,7.62,7.6,3099200,23700267.0,0.2632,0.2068,1,0,none,baostock,query_history_k_data_plus
601512,SHSE.601512,,SH,A股-上交所,2024-07-01,7.65,7.97,7.57,7.93,7.62,5122807,40164675.51,4.0682,0.3418,1,0,none,baostock,query_history_k_data_plus
601512,SHSE.601512,,SH,A股-上交所,2024-07-02,7.93,8.06,7.83,7.88,7.93,4048700,32146858.0,-0.6305,0.2701,1,0,none,baostock,query_history_k_data_plus
601512,SHSE.601512,,SH,A股-上交所,2024-07-03,7.91,8.02,7.82,7.94,7.88,2959501,23539149.94,0.7614,0.1974,1,0,none,baostock,query_history_k_data_plus
601512,SHSE.601512,,SH,A股-上交所,2024-07-04,7.89,7.94,7.63,7.66,7.94,3007700,23376224.0,-3.5264,0.2007,1,0,none,baostock,query_history_k_data_plus
601512,SHSE.601512,,SH,A股-上交所,2024-07-05,7.66,7.76,7.58,7.64,7.66,2803800,21472502.0,-0.2611,0.1871,1,0,none,baostock,query_history_k_data_plus
601512,SHSE.601512,,SH,A股-上交所,2024-07-08,7.41,7.52,7.17,7.22,7.37,3638003,26603911.57,-2.0353,0.2427,1,0,none,baostock,query_history_k_data_plus
601512,SHSE.601512,,SH,A股-上交所,2024-07-09,7.2,7.36,7.15,7.35,7.22,3004900,21832417.0,1.8006,0.2005,1,0,none,baostock,query_history_k_data_plus
601512,SHSE.601512,,SH,A股-上交所,2024-07-10,7.32,7.36,7.18,7.26,7.35,2343800,17054351.0,-1.2245,0.1564,1,0,none,baostock,query_history_k_data_plus
601512,SHSE.601512,,SH,A股-上交所,2024-07-11,7.32,7.43,7.3,7.39,7.26,2621700,19309320.0,1.7906,0.1749,1,0,none,baostock,query_history_k_data_plus
601512,SHSE.601512,,SH,A股-上交所,2024-07-12,7.42,7.58,7.36,7.45,7.39,3248400,24338231.0,0.8119,0.2167,1,0,none,baostock,query_history_k_data_plus
601512,SHSE.601512,,SH,A股-上交所,2024-07-15,7.48,7.5,7.31,7.38,7.45,2886025,21304807.5,-0.9396,0.1925,1,0,none,baostock,query_history_k_data_plus
601512,SHSE.601512,,SH,A股-上交所,2024-07-16,7.33,7.4,7.27,7.3,7.38,1795900,13157381.0,-1.084,0.1198,1,0,none,baostock,query_history_k_data_plus
601512,SHSE.601512,,SH,A股-上交所,2024-07-17,7.33,7.4,7.27,7.32,7.3,1998500,14689913.0,0.274,0.1333,1,0,none,baostock,query_history_k_data_plus
601512,SHSE.601512,,SH,A股-上交所,2024-07-18,7.3,7.36,7.2,7.34,7.32,2417800,17610118.0,0.2732,0.1613,1,0,none,baostock,query_history_k_data_plus
601512,SHSE.601512,,SH,A股-上交所,2024-07-19,7.37,7.37,7.15,7.23,7.34,2749000,19833368.0,-1.4986,0.1834,1,0,none,baostock,query_history_k_data_plus
601512,SHSE.601512,,SH,A股-上交所,2024-07-22,7.21,7.27,7.17,7.21,7.23,2381493,17185022.6,-0.2766,0.1589,1,0,none,baostock,query_history_k_data_plus
601512,SHSE.601512,,SH,A股-上交所,2024-07-23,7.21,7.29,7.15,7.15,7.21,2426600,17525921.0,-0.8322,0.1619,1,0,none,baostock,query_history_k_data_plus
601512,SHSE.601512,,SH,A股-上交所,2024-07-24,7.15,7.16,6.93,6.93,7.15,4127793,28991419.65,-3.0769,0.2754,1,0,none,baostock,query_history_k_data_plus
601512,SHSE.601512,,SH,A股-上交所,2024-07-25,6.94,7.12,6.94,7.01,6.93,2504172,17593968.04,1.1544,0.1671,1,0,none,baostock,query_history_k_data_plus
601512,SHSE.601512,,SH,A股-上交所,2024-07-26,7.0,7.15,6.98,7.07,7.01,2194169,15523099.9,0.8559,0.1464,1,0,none,baostock,query_history_k_data_plus
601512,SHSE.601512,,SH,A股-上交所,2024-07-29,7.06,7.17,6.98,7.1,7.07,2230662,15792046.35,0.4243,0.1488,1,0,none,baostock,query_history_k_data_plus
601512,SHSE.601512,,SH,A股-上交所,2024-07-30,7.1,7.2,7.05,7.15,7.1,2270893,16200175.02,0.7042,0.1515,1,0,none,baostock,query_history_k_data_plus
601512,SHSE.601512,,SH,A股-上交所,2024-07-31,7.14,7.41,7.14,7.38,7.15,3262869,23842169.87,3.2168,0.2177,1,0,none,baostock,query_history_k_data_plus
601512,SHSE.601512,,SH,A股-上交所,2024-08-01,7.39,7.44,7.31,7.39,7.38,2955200,21749440.0,0.1355,0.1972,1,0,none,baostock,query_history_k_data_plus
601512,SHSE.601512,,SH,A股-上交所,2024-08-02,7.39,7.45,7.32,7.37,7.39,2235106,16524980.22,-0.2706,0.1491,1,0,none,baostock,query_history_k_data_plus
601512,SHSE.601512,,SH,A股-上交所,2024-08-05,7.38,7.43,7.19,7.2,7.37,3140394,23021165.66,-2.3066,0.2095,1,0,none,baostock,query_history_k_data_plus
601512,SHSE.601512,,SH,A股-上交所,2024-08-06,7.22,7.48,7.21,7.42,7.2,3639793,26722898.98,3.0556,0.2428,1,0,none,baostock,query_history_k_data_plus
601512,SHSE.601512,,SH,A股-上交所,2024-08-07,7.41,7.5,7.37,7.48,7.42,2618483,19509716.84,0.8086,0.1747,1,0,none,baostock,query_history_k_data_plus
601512,SHSE.601512,,SH,A股-上交所,2024-08-08,7.48,7.66,7.41,7.58,7.48,2875991,21702527.11,1.3369,0.1919,1,0,none,baostock,query_history_k_data_plus
601512,SHSE.601512,,SH,A股-上交所,2024-08-09,7.59,7.73,7.56,7.64,7.58,3094700,23715236.0,0.7916,0.2065,1,0,none,baostock,query_history_k_data_plus
601512,SHSE.601512,,SH,A股-上交所,2024-08-12,7.64,7.69,7.58,7.64,7.64,2692000,20540712.0,0.0,0.1796,1,0,none,baostock,query_history_k_data_plus
601512,SHSE.601512,,SH,A股-上交所,2024-08-13,7.69,7.69,7.55,7.64,7.64,2510029,19152732.11,0.0,0.1675,1,0,none,baostock,query_history_k_data_plus
601512,SHSE.601512,,SH,A股-上交所,2024-08-14,7.64,7.69,7.58,7.65,7.64,2139600,16369645.0,0.1309,0.1427,1,0,none,baostock,query_history_k_data_plus
601512,SHSE.601512,,SH,A股-上交所,2024-08-15,7.61,7.71,7.56,7.69,7.65,2463900,18833207.0,0.5229,0.1644,1,0,none,baostock,query_history_k_data_plus
601512,SHSE.601512,,SH,A股-上交所,2024-08-16,7.78,7.78,7.57,7.62,7.69,2212300,16866059.57,-0.9103,0.1476,1,0,none,baostock,query_history_k_data_plus
601512,SHSE.601512,,SH,A股-上交所,2024-08-19,7.62,7.65,7.57,7.61,7.62,1913300,14564162.0,-0.1312,0.1276,1,0,none,baostock,query_history_k_data_plus
601512,SHSE.601512,,SH,A股-上交所,2024-08-20,7.61,7.69,7.41,7.46,7.61,1968500,14730904.0,-1.9711,0.1313,1,0,none,baostock,query_history_k_data_plus
601512,SHSE.601512,,SH,A股-上交所,2024-08-21,7.46,7.49,7.38,7.45,7.46,1494800,11122732.0,-0.134,0.0997,1,0,none,baostock,query_history_k_data_plus
601512,SHSE.601512,,SH,A股-上交所,2024-08-22,7.46,7.51,7.36,7.37,7.45,1795300,13355433.0,-1.0738,0.1198,1,0,none,baostock,query_history_k_data_plus
601512,SHSE.601512,,SH,A股-上交所,2024-08-23,7.33,7.42,7.28,7.35,7.37,2919300,21449107.0,-0.2714,0.1948,1,0,none,baostock,query_history_k_data_plus
601512,SHSE.601512,,SH,A股-上交所,2024-08-26,7.34,7.47,7.31,7.43,7.35,2104300,15612205.0,1.0884,0.1404,1,0,none,baostock,query_history_k_data_plus
601512,SHSE.601512,,SH,A股-上交所,2024-08-27,7.13,7.13,6.7,6.7,7.43,11233358,76036627.66,-9.825,0.7494,1,0,none,baostock,query_history_k_data_plus
601512,SHSE.601512,,SH,A股-上交所,2024-08-28,6.7,6.8,6.64,6.67,6.7,5936611,39842928.68,-0.4478,0.3961,1,0,none,baostock,query_history_k_data_plus
601512,SHSE.601512,,SH,A股-上交所,2024-08-29,6.65,6.77,6.63,6.7,6.67,3363987,22525312.32,0.4498,0.2244,1,0,none,baostock,query_history_k_data_plus
601512,SHSE.601512,,SH,A股-上交所,2024-08-30,6.69,6.93,6.69,6.8,6.7,4666073,31801155.82,1.4925,0.3113,1,0,none,baostock,query_history_k_data_plus
601512,SHSE.601512,,SH,A股-上交所,2024-09-02,6.8,6.8,6.51,6.52,6.8,6756100,44722011.0,-4.1176,0.4507,1,0,none,baostock,query_history_k_data_plus
601512,SHSE.601512,,SH,A股-上交所,2024-09-03,6.5,6.59,6.48,6.54,6.52,3497755,22831634.7,0.3067,0.2334,1,0,none,baostock,query_history_k_data_plus
601512,SHSE.601512,,SH,A股-上交所,2024-09-04,6.51,6.6,6.42,6.44,6.54,2977258,19350619.36,-1.5291,0.1986,1,0,none,baostock,query_history_k_data_plus
601512,SHSE.601512,,SH,A股-上交所,2024-09-05,6.54,6.59,6.47,6.55,6.44,2576673,16820502.73,1.7081,0.1719,1,0,none,baostock,query_history_k_data_plus
601512,SHSE.601512,,SH,A股-上交所,2024-09-06,6.55,6.55,6.45,6.47,6.55,1707500,11090060.0,-1.2214,0.1139,1,0,none,baostock,query_history_k_data_plus
601512,SHSE.601512,,SH,A股-上交所,2024-09-09,6.44,6.47,6.38,6.42,6.47,1834581,11772839.02,-0.7728,0.1224,1,0,none,baostock,query_history_k_data_plus
601512,SHSE.601512,,SH,A股-上交所,2024-09-10,6.42,6.47,6.33,6.4,6.42,2149255,13740722.0,-0.3115,0.1434,1,0,none,baostock,query_history_k_data_plus
601512,SHSE.601512,,SH,A股-上交所,2024-09-11,6.38,6.44,6.35,6.39,6.4,1434700,9176922.0,-0.1563,0.0957,1,0,none,baostock,query_history_k_data_plus
601512,SHSE.601512,,SH,A股-上交所,2024-09-12,6.38,6.47,6.36,6.38,6.39,1548800,9942379.0,-0.1565,0.1033,1,0,none,baostock,query_history_k_data_plus
601512,SHSE.601512,,SH,A股-上交所,2024-09-13,6.41,6.46,6.38,6.41,6.38,1345300,8632997.0,0.4702,0.0898,1,0,none,baostock,query_history_k_data_plus
601512,SHSE.601512,,SH,A股-上交所,2024-09-18,6.45,6.47,6.29,6.43,6.41,1985120,12637140.0,0.312,0.1324,1,0,none,baostock,query_history_k_data_plus
601512,SHSE.601512,,SH,A股-上交所,2024-09-19,6.44,6.6,6.43,6.55,6.43,2953058,19268759.42,1.8663,0.197,1,0,none,baostock,query_history_k_data_plus
601512,SHSE.601512,,SH,A股-上交所,2024-09-20,6.54,6.59,6.47,6.59,6.55,2474981,16195083.93,0.6107,0.1651,1,0,none,baostock,query_history_k_data_plus
601512,SHSE.601512,,SH,A股-上交所,2024-09-23,6.37,6.58,6.37,6.53,6.59,1754800,11449340.0,-0.9105,0.1171,1,0,none,baostock,query_history_k_data_plus
601512,SHSE.601512,,SH,A股-上交所,2024-09-24,6.6,6.78,6.56,6.78,6.53,3952500,26370638.0,3.8285,0.2637,1,0,none,baostock,query_history_k_data_plus
601512,SHSE.601512,,SH,A股-上交所,2024-09-25,6.81,7.09,6.8,6.8,6.78,6784700,47195822.0,0.295,0.4526,1,0,none,baostock,query_history_k_data_plus
601512,SHSE.601512,,SH,A股-上交所,2024-09-26,6.83,7.28,6.79,7.26,6.8,7122279,50079700.26,6.7647,0.4752,1,0,none,baostock,query_history_k_data_plus
601512,SHSE.601512,,SH,A股-上交所,2024-09-27,7.4,7.53,7.31,7.49,7.26,5642200,41757171.0,3.168,0.3764,1,0,none,baostock,query_history_k_data_plus
601512,SHSE.601512,,SH,A股-上交所,2024-09-30,7.88,8.06,7.62,8.0,7.49,13718432,108362196.74,6.8091,0.9152,1,0,none,baostock,query_history_k_data_plus
601512,SHSE.601512,,SH,A股-上交所,2024-10-08,8.77,8.77,7.89,8.13,8.0,18381282,152366136.43,1.625,1.2263,1,0,none,baostock,query_history_k_data_plus
601512,SHSE.601512,,SH,A股-上交所,2024-10-09,8.13,8.13,7.46,7.46,8.13,11320640,86753004.2,-8.2411,0.7553,1,0,none,baostock,query_history_k_data_plus
601512,SHSE.601512,,SH,A股-上交所,2024-10-10,7.53,7.71,7.4,7.61,7.46,6477710,49005371.26,2.0107,0.4322,1,0,none,baostock,query_history_k_data_plus
601512,SHSE.601512,,SH,A股-上交所,2024-10-11,7.63,7.73,7.44,7.51,7.61,5764725,43841987.45,-1.3141,0.3846,1,0,none,baostock,query_history_k_data_plus
601512,SHSE.601512,,SH,A股-上交所,2024-10-14,7.62,7.79,7.54,7.73,7.51,6807869,52235877.97,2.9294,0.4542,1,0,none,baostock,query_history_k_data_plus
601512,SHSE.601512,,SH,A股-上交所,2024-10-15,7.7,7.75,7.54,7.54,7.73,4253254,32525177.4,-2.458,0.2838,1,0,none,baostock,query_history_k_data_plus
601512,SHSE.601512,,SH,A股-上交所,2024-10-16,7.5,7.78,7.5,7.73,7.54,4875900,37502148.0,2.5199,0.3253,1,0,none,baostock,query_history_k_data_plus
601512,SHSE.601512,,SH,A股-上交所,2024-10-17,7.78,7.8,7.5,7.5,7.73,4945500,37634399.0,-2.9754,0.3299,1,0,none,baostock,query_history_k_data_plus
601512,SHSE.601512,,SH,A股-上交所,2024-10-18,7.5,7.68,7.37,7.6,7.5,4781850,35981289.62,1.3333,0.319,1,0,none,baostock,query_history_k_data_plus
601512,SHSE.601512,,SH,A股-上交所,2024-10-21,7.68,7.69,7.53,7.65,7.6,4167100,31783891.0,0.6579,0.278,1,0,none,baostock,query_history_k_data_plus
601512,SHSE.601512,,SH,A股-上交所,2024-10-22,7.64,7.7,7.6,7.64,7.65,2701800,20633288.0,-0.1307,0.1803,1,0,none,baostock,query_history_k_data_plus
601512,SHSE.601512,,SH,A股-上交所,2024-10-23,7.63,7.72,7.61,7.65,7.64,3620000,27726802.0,0.1309,0.2415,1,0,none,baostock,query_history_k_data_plus
601512,SHSE.601512,,SH,A股-上交所,2024-10-24,7.63,7.68,7.61,7.63,7.65,2382100,18190065.0,-0.2614,0.1589,1,0,none,baostock,query_history_k_data_plus
601512,SHSE.601512,,SH,A股-上交所,2024-10-25,7.6,7.83,7.6,7.75,7.63,4927600,38258994.0,1.5727,0.3287,1,0,none,baostock,query_history_k_data_plus
601512,SHSE.601512,,SH,A股-上交所,2024-10-28,7.78,7.88,7.74,7.88,7.75,5487228,42963381.64,1.6774,0.3661,1,0,none,baostock,query_history_k_data_plus
601512,SHSE.601512,,SH,A股-上交所,2024-10-29,7.84,7.86,7.56,7.58,7.88,7313508,56267634.68,-3.8071,0.4879,1,0,none,baostock,query_history_k_data_plus
601512,SHSE.601512,,SH,A股-上交所,2024-10-30,7.58,7.68,7.55,7.62,7.58,4941200,37618235.0,0.5277,0.3297,1,0,none,baostock,query_history_k_data_plus
601512,SHSE.601512,,SH,A股-上交所,2024-10-31,7.63,7.81,7.59,7.71,7.62,5952295,45987414.5,1.1811,0.3971,1,0,none,baostock,query_history_k_data_plus
601512,SHSE.601512,,SH,A股-上交所,2024-11-01,7.7,7.78,7.59,7.62,7.71,4765500,36581975.0,-1.1673,0.3179,1,0,none,baostock,query_history_k_data_plus
601512,SHSE.601512,,SH,A股-上交所,2024-11-04,7.6,7.67,7.55,7.66,7.62,5449356,41471738.68,0.5249,0.3636,1,0,none,baostock,query_history_k_data_plus
601512,SHSE.601512,,SH,A股-上交所,2024-11-05,7.67,7.83,7.67,7.78,7.66,7357900,57219210.0,1.5666,0.4909,1,0,none,baostock,query_history_k_data_plus
601512,SHSE.601512,,SH,A股-上交所,2024-11-06,7.8,7.92,7.68,7.83,7.78,7457695,58122428.15,0.6427,0.4975,1,0,none,baostock,query_history_k_data_plus
601512,SHSE.601512,,SH,A股-上交所,2024-11-07,7.81,8.03,7.74,8.03,7.83,7625928,60633892.84,2.5543,0.5088,1,0,none,baostock,query_history_k_data_plus
601512,SHSE.601512,,SH,A股-上交所,2024-11-08,8.07,8.12,7.83,7.86,8.03,9264348,73400892.99,-2.1171,0.6181,1,0,none,baostock,query_history_k_data_plus
601512,SHSE.601512,,SH,A股-上交所,2024-11-11,7.85,7.88,7.71,7.84,7.86,5496394,42785697.32,-0.2545,0.3667,1,0,none,baostock,query_history_k_data_plus
601512,SHSE.601512,,SH,A股-上交所,2024-11-12,7.86,7.93,7.72,7.8,7.84,6691120,52511649.65,-0.5102,0.4464,1,0,none,baostock,query_history_k_data_plus
601512,SHSE.601512,,SH,A股-上交所,2024-11-13,7.76,7.85,7.74,7.8,7.8,4953656,38604819.56,0.0,0.3305,1,0,none,baostock,query_history_k_data_plus
601512,SHSE.601512,,SH,A股-上交所,2024-11-14,7.87,7.91,7.63,7.65,7.8,5774300,44831703.0,-1.9231,0.3852,1,0,none,baostock,query_history_k_data_plus
601512,SHSE.601512,,SH,A股-上交所,2024-11-15,7.61,7.69,7.51,7.52,7.65,4374736,33286935.68,-1.6993,0.2919,1,0,none,baostock,query_history_k_data_plus
601512,SHSE.601512,,SH,A股-上交所,2024-11-18,7.62,8.0,7.6,7.79,7.52,13156085,103474959.74,3.5904,0.8777,1,0,none,baostock,query_history_k_data_plus
601512,SHSE.601512,,SH,A股-上交所,2024-11-19,7.8,7.98,7.69,7.88,7.79,9596113,75110005.05,1.1553,0.6402,1,0,none,baostock,query_history_k_data_plus
601512,SHSE.601512,,SH,A股-上交所,2024-11-20,7.84,7.93,7.8,7.91,7.88,5940200,46802278.31,0.3807,0.3963,1,0,none,baostock,query_history_k_data_plus
601512,SHSE.601512,,SH,A股-上交所,2024-11-21,7.88,8.7,7.81,8.7,7.91,21365875,181760126.62,9.9874,1.4254,1,0,none,baostock,query_history_k_data_plus
601512,SHSE.601512,,SH,A股-上交所,2024-11-22,9.0,9.2,8.59,8.62,8.7,40173011,358213898.87,-0.9195,2.6802,1,0,none,baostock,query_history_k_data_plus
601512,SHSE.601512,,SH,A股-上交所,2024-11-25,8.64,8.89,8.22,8.34,8.62,22832160,193026215.22,-3.2483,1.5233,1,0,none,baostock,query_history_k_data_plus
601512,SHSE.601512,,SH,A股-上交所,2024-11-26,8.33,8.43,8.09,8.14,8.34,13071886,107301327.95,-2.3981,0.8721,1,0,none,baostock,query_history_k_data_plus
601512,SHSE.601512,,SH,A股-上交所,2024-11-27,8.13,8.28,7.98,8.15,8.14,9366858,75641980.95,0.1229,0.6249,1,0,none,baostock,query_history_k_data_plus
601512,SHSE.601512,,SH,A股-上交所,2024-11-28,8.11,8.26,8.09,8.1,8.15,9286786,75913581.75,-0.6135,0.6196,1,0,none,baostock,query_history_k_data_plus
601512,SHSE.601512,,SH,A股-上交所,2024-11-29,8.07,8.17,8.02,8.11,8.1,7549795,61129227.9,0.1235,0.5037,1,0,none,baostock,query_history_k_data_plus
601512,SHSE.601512,,SH,A股-上交所,2024-12-02,8.16,8.19,8.11,8.18,8.11,7998329,65193584.35,0.8631,0.5336,1,0,none,baostock,query_history_k_data_plus
601512,SHSE.601512,,SH,A股-上交所,2024-12-03,8.18,8.23,8.09,8.17,8.18,6718933,54779795.8,-0.1222,0.4483,1,0,none,baostock,query_history_k_data_plus
601512,SHSE.601512,,SH,A股-上交所,2024-12-04,8.17,8.28,8.03,8.05,8.17,8653986,70571265.58,-1.4688,0.5774,1,0,none,baostock,query_history_k_data_plus
601512,SHSE.601512,,SH,A股-上交所,2024-12-05,8.05,8.12,7.98,8.11,8.05,5610369,45167565.8,0.7453,0.3743,1,0,none,baostock,query_history_k_data_plus
601512,SHSE.601512,,SH,A股-上交所,2024-12-06,8.09,8.19,8.09,8.18,8.11,5651954,46107014.48,0.8631,0.3771,1,0,none,baostock,query_history_k_data_plus
601512,SHSE.601512,,SH,A股-上交所,2024-12-09,8.19,8.42,8.16,8.24,8.18,8631700,71208588.0,0.7335,0.5759,1,0,none,baostock,query_history_k_data_plus
601512,SHSE.601512,,SH,A股-上交所,2024-12-10,8.5,8.54,8.18,8.2,8.24,10296774,86006772.94,-0.4854,0.687,1,0,none,baostock,query_history_k_data_plus
601512,SHSE.601512,,SH,A股-上交所,2024-12-11,8.19,8.32,8.15,8.26,8.2,6126200,50574508.0,0.7317,0.4087,1,0,none,baostock,query_history_k_data_plus
601512,SHSE.601512,,SH,A股-上交所,2024-12-12,8.23,8.32,8.18,8.3,8.26,6307300,52113771.0,0.4843,0.4208,1,0,none,baostock,query_history_k_data_plus
601512,SHSE.601512,,SH,A股-上交所,2024-12-13,8.27,8.27,8.05,8.06,8.3,8136200,66126164.0,-2.8916,0.5428,1,0,none,baostock,query_history_k_data_plus
601512,SHSE.601512,,SH,A股-上交所,2024-12-16,8.1,8.17,8.02,8.09,8.06,4726500,38221486.0,0.3722,0.3153,1,0,none,baostock,query_history_k_data_plus
601512,SHSE.601512,,SH,A股-上交所,2024-12-17,8.1,8.1,7.86,7.89,8.09,5066238,40254489.64,-2.4722,0.338,1,0,none,baostock,query_history_k_data_plus
601512,SHSE.601512,,SH,A股-上交所,2024-12-18,7.93,7.97,7.88,7.92,7.89,2904759,22997933.28,0.3802,0.1938,1,0,none,baostock,query_history_k_data_plus
601512,SHSE.601512,,SH,A股-上交所,2024-12-19,7.81,7.92,7.79,7.89,7.92,3466469,27209340.72,-0.3788,0.2313,1,0,none,baostock,query_history_k_data_plus
601512,SHSE.601512,,SH,A股-上交所,2024-12-20,7.95,7.95,7.86,7.89,7.89,2364758,18669434.87,0.0,0.1578,1,0,none,baostock,query_history_k_data_plus
601512,SHSE.601512,,SH,A股-上交所,2024-12-23,7.87,7.88,7.66,7.67,7.89,4476900,34732235.0,-2.7883,0.2987,1,0,none,baostock,query_history_k_data_plus
601512,SHSE.601512,,SH,A股-上交所,2024-12-24,7.69,7.77,7.67,7.74,7.67,2387683,18432133.27,0.9126,0.1593,1,0,none,baostock,query_history_k_data_plus
601512,SHSE.601512,,SH,A股-上交所,2024-12-25,7.71,7.76,7.63,7.69,7.74,2375500,18241054.0,-0.646,0.1585,1,0,none,baostock,query_history_k_data_plus
601512,SHSE.601512,,SH,A股-上交所,2024-12-26,7.67,7.73,7.66,7.68,7.69,1786018,13753082.22,-0.13,0.1192,1,0,none,baostock,query_history_k_data_plus
601512,SHSE.601512,,SH,A股-上交所,2024-12-27,7.7,7.83,7.67,7.8,7.68,2779281,21599518.8,1.5625,0.1854,1,0,none,baostock,query_history_k_data_plus
601512,SHSE.601512,,SH,A股-上交所,2024-12-30,7.79,8.35,7.72,8.02,7.8,8545797,68556775.01,2.8205,0.5701,1,0,none,baostock,query_history_k_data_plus
601512,SHSE.601512,,SH,A股-上交所,2024-12-31,7.9,7.93,7.68,7.68,8.02,7356511,57377842.02,-4.2394,0.4908,1,0,none,baostock,query_history_k_data_plus
601512,SHSE.601512,,SH,A股-上交所,2025-01-02,7.66,7.73,7.3,7.4,7.68,5264464,39784917.16,-3.6458,0.3512,1,0,none,baostock,query_history_k_data_plus
601512,SHSE.601512,,SH,A股-上交所,2025-01-03,7.41,7.45,7.17,7.19,7.4,3699582,27019855.42,-2.8378,0.2468,1,0,none,baostock,query_history_k_data_plus
601512,SHSE.601512,,SH,A股-上交所,2025-01-06,7.17,7.28,7.13,7.24,7.19,2820900,20353205.0,0.6954,0.1882,1,0,none,baostock,query_history_k_data_plus
601512,SHSE.601512,,SH,A股-上交所,2025-01-07,7.25,7.28,7.18,7.23,7.24,1888800,13641071.0,-0.1381,0.126,1,0,none,baostock,query_history_k_data_plus
601512,SHSE.601512,,SH,A股-上交所,2025-01-08,7.23,7.26,7.08,7.25,7.23,2490075,17902453.25,0.2766,0.1661,1,0,none,baostock,query_history_k_data_plus
601512,SHSE.601512,,SH,A股-上交所,2025-01-09,7.21,7.26,7.19,7.25,7.25,1309600,9472556.0,0.0,0.0874,1,0,none,baostock,query_history_k_data_plus
601512,SHSE.601512,,SH,A股-上交所,2025-01-10,7.23,7.25,7.09,7.09,7.25,1821500,13057204.0,-2.2069,0.1215,1,0,none,baostock,query_history_k_data_plus
601512,SHSE.601512,,SH,A股-上交所,2025-01-13,7.09,7.15,7.02,7.13,7.09,1482800,10532994.0,0.5642,0.0989,1,0,none,baostock,query_history_k_data_plus
601512,SHSE.601512,,SH,A股-上交所,2025-01-14,7.12,7.28,7.08,7.28,7.13,2707700,19547892.0,2.1038,0.1806,1,0,none,baostock,query_history_k_data_plus
601512,SHSE.601512,,SH,A股-上交所,2025-01-15,7.29,7.33,7.22,7.28,7.28,1920997,13982717.28,0.0,0.1282,1,0,none,baostock,query_history_k_data_plus
601512,SHSE.601512,,SH,A股-上交所,2025-01-16,7.29,7.38,7.24,7.28,7.28,1936744,14172960.67,0.0,0.1292,1,0,none,baostock,query_history_k_data_plus
601512,SHSE.601512,,SH,A股-上交所,2025-01-17,7.27,7.32,7.22,7.3,7.28,1766000,12855258.0,0.2747,0.1178,1,0,none,baostock,query_history_k_data_plus
601512,SHSE.601512,,SH,A股-上交所,2025-01-20,7.22,7.24,7.07,7.18,7.3,3647910,26128217.5,-1.6438,0.2434,1,0,none,baostock,query_history_k_data_plus
601512,SHSE.601512,,SH,A股-上交所,2025-01-21,7.2,7.29,7.17,7.19,7.18,2928900,21143161.0,0.1393,0.1954,1,0,none,baostock,query_history_k_data_plus
601512,SHSE.601512,,SH,A股-上交所,2025-01-22,7.19,7.19,7.06,7.09,7.19,2429400,17246837.0,-1.3908,0.1621,1,0,none,baostock,query_history_k_data_plus
601512,SHSE.601512,,SH,A股-上交所,2025-01-23,7.15,7.28,7.14,7.18,7.09,3165200,22839384.0,1.2694,0.2112,1,0,none,baostock,query_history_k_data_plus
601512,SHSE.601512,,SH,A股-上交所,2025-01-24,7.16,7.23,7.13,7.2,7.18,1980600,14215541.0,0.2786,0.1321,1,0,none,baostock,query_history_k_data_plus
601512,SHSE.601512,,SH,A股-上交所,2025-01-27,7.23,7.32,7.21,7.26,7.2,2304361,16783091.98,0.8333,0.1537,1,0,none,baostock,query_history_k_data_plus
601512,SHSE.601512,,SH,A股-上交所,2025-02-05,7.34,7.58,7.24,7.42,7.26,6449525,47566763.04,2.2039,0.4303,1,0,none,baostock,query_history_k_data_plus
601512,SHSE.601512,,SH,A股-上交所,2025-02-06,7.51,7.74,7.3,7.58,7.42,10420204,78457312.13,2.1563,0.6952,1,0,none,baostock,query_history_k_data_plus
601512,SHSE.601512,,SH,A股-上交所,2025-02-07,7.62,7.64,7.47,7.49,7.58,8416625,63355226.33,-1.1873,0.5615,1,0,none,baostock,query_history_k_data_plus
601512,SHSE.601512,,SH,A股-上交所,2025-02-10,7.5,7.72,7.47,7.6,7.49,5936648,45166388.86,1.4686,0.3961,1,0,none,baostock,query_history_k_data_plus
601512,SHSE.601512,,SH,A股-上交所,2025-02-11,7.61,7.62,7.48,7.49,7.6,3462962,26046862.16,-1.4474,0.231,1,0,none,baostock,query_history_k_data_plus
601512,SHSE.601512,,SH,A股-上交所,2025-02-12,7.49,7.53,7.41,7.51,7.49,3538410,26435650.8,0.267,0.2361,1,0,none,baostock,query_history_k_data_plus
601512,SHSE.601512,,SH,A股-上交所,2025-02-13,7.5,7.55,7.46,7.46,7.51,2787184,20945818.0,-0.6658,0.1859,1,0,none,baostock,query_history_k_data_plus
601512,SHSE.601512,,SH,A股-上交所,2025-02-14,7.49,7.49,7.39,7.41,7.46,2438300,18097786.0,-0.6702,0.1627,1,0,none,baostock,query_history_k_data_plus
601512,SHSE.601512,,SH,A股-上交所,2025-02-17,7.39,7.47,7.39,7.42,7.41,2810100,20872077.0,0.135,0.1875,1,0,none,baostock,query_history_k_data_plus
601512,SHSE.601512,,SH,A股-上交所,2025-02-18,7.42,7.45,7.3,7.31,7.42,2894100,21366552.0,-1.4825,0.1931,1,0,none,baostock,query_history_k_data_plus
601512,SHSE.601512,,SH,A股-上交所,2025-02-19,7.3,7.42,7.3,7.4,7.31,2227035,16385357.9,1.2312,0.1486,1,0,none,baostock,query_history_k_data_plus
601512,SHSE.601512,,SH,A股-上交所,2025-02-20,7.41,7.64,7.37,7.57,7.4,7442629,56161350.12,2.2973,0.4965,1,0,none,baostock,query_history_k_data_plus
601512,SHSE.601512,,SH,A股-上交所,2025-02-21,7.59,7.62,7.51,7.53,7.57,3760068,28368674.68,-0.5284,0.2509,1,0,none,baostock,query_history_k_data_plus
601512,SHSE.601512,,SH,A股-上交所,2025-02-24,7.53,7.65,7.53,7.59,7.53,4370175,33200928.75,0.7968,0.2916,1,0,none,baostock,query_history_k_data_plus
601512,SHSE.601512,,SH,A股-上交所,2025-02-25,7.5,7.63,7.5,7.51,7.59,2911575,21989725.0,-1.054,0.1942,1,0,none,baostock,query_history_k_data_plus
601512,SHSE.601512,,SH,A股-上交所,2025-02-26,7.55,7.6,7.51,7.54,7.51,3189594,24064379.64,0.3995,0.2128,1,0,none,baostock,query_history_k_data_plus
601512,SHSE.601512,,SH,A股-上交所,2025-02-27,7.51,7.69,7.45,7.67,7.54,5301758,40076931.91,1.7241,0.3537,1,0,none,baostock,query_history_k_data_plus
601512,SHSE.601512,,SH,A股-上交所,2025-02-28,7.63,7.81,7.55,7.55,7.67,7991060,61467651.14,-1.5645,0.5331,1,0,none,baostock,query_history_k_data_plus
601512,SHSE.601512,,SH,A股-上交所,2025-03-03,7.64,7.65,7.5,7.54,7.55,4621453,35058020.27,-0.1325,0.3083,1,0,none,baostock,query_history_k_data_plus
601512,SHSE.601512,,SH,A股-上交所,2025-03-04,7.49,7.78,7.48,7.77,7.54,6717719,51431814.06,3.0504,0.4482,1,0,none,baostock,query_history_k_data_plus
601512,SHSE.601512,,SH,A股-上交所,2025-03-05,7.7,7.73,7.54,7.62,7.77,5029948,38238941.0,-1.9305,0.3356,1,0,none,baostock,query_history_k_data_plus
601512,SHSE.601512,,SH,A股-上交所,2025-03-06,7.64,7.65,7.56,7.62,7.62,3961300,30144347.0,0.0,0.2643,1,0,none,baostock,query_history_k_data_plus
601512,SHSE.601512,,SH,A股-上交所,2025-03-07,7.62,7.64,7.56,7.57,7.62,2672400,20313165.0,-0.6562,0.1783,1,0,none,baostock,query_history_k_data_plus
601512,SHSE.601512,,SH,A股-上交所,2025-03-10,7.59,7.6,7.51,7.53,7.57,1917560,14487369.48,-0.5284,0.1279,1,0,none,baostock,query_history_k_data_plus
601512,SHSE.601512,,SH,A股-上交所,2025-03-11,7.52,7.7,7.49,7.61,7.53,3776366,28642017.24,1.0624,0.2519,1,0,none,baostock,query_history_k_data_plus
601512,SHSE.601512,,SH,A股-上交所,2025-03-12,7.8,7.99,7.72,7.72,7.61,10506790,82603401.0,1.4455,0.701,1,0,none,baostock,query_history_k_data_plus
601512,SHSE.601512,,SH,A股-上交所,2025-03-13,7.72,7.75,7.55,7.63,7.72,5618290,42852608.8,-1.1658,0.3748,1,0,none,baostock,query_history_k_data_plus
601512,SHSE.601512,,SH,A股-上交所,2025-03-14,7.63,7.69,7.6,7.67,7.63,3439500,26333725.0,0.5242,0.2295,1,0,none,baostock,query_history_k_data_plus
601512,SHSE.601512,,SH,A股-上交所,2025-03-17,7.67,7.84,7.67,7.74,7.67,3936600,30512201.0,0.9126,0.2626,1,0,none,baostock,query_history_k_data_plus
601512,SHSE.601512,,SH,A股-上交所,2025-03-18,7.78,7.78,7.65,7.7,7.74,3076913,23695526.1,-0.5168,0.2053,1,0,none,baostock,query_history_k_data_plus
601512,SHSE.601512,,SH,A股-上交所,2025-03-19,7.73,7.88,7.71,7.74,7.7,3808100,29596877.0,0.5195,0.2541,1,0,none,baostock,query_history_k_data_plus
601512,SHSE.601512,,SH,A股-上交所,2025-03-20,7.71,8.18,7.7,7.91,7.74,13003600,103485365.11,2.1964,0.8675,1,0,none,baostock,query_history_k_data_plus
601512,SHSE.601512,,SH,A股-上交所,2025-03-21,7.86,7.91,7.71,7.73,7.91,7697800,59948618.0,-2.2756,0.5136,1,0,none,baostock,query_history_k_data_plus
601512,SHSE.601512,,SH,A股-上交所,2025-03-24,7.73,7.77,7.59,7.71,7.73,5212059,39975061.94,-0.2587,0.3477,1,0,none,baostock,query_history_k_data_plus
601512,SHSE.601512,,SH,A股-上交所,2025-03-25,7.66,7.75,7.66,7.75,7.71,2311400,17828148.0,0.5188,0.1542,1,0,none,baostock,query_history_k_data_plus
601512,SHSE.601512,,SH,A股-上交所,2025-03-26,7.71,7.78,7.71,7.77,7.75,2659800,20634286.0,0.2581,0.1775,1,0,none,baostock,query_history_k_data_plus
601512,SHSE.601512,,SH,A股-上交所,2025-03-27,7.77,7.78,7.7,7.73,7.77,1715612,13272774.0,-0.5148,0.1145,1,0,none,baostock,query_history_k_data_plus
601512,SHSE.601512,,SH,A股-上交所,2025-03-28,7.74,7.75,7.67,7.69,7.73,1815000,13982934.0,-0.5175,0.1211,1,0,none,baostock,query_history_k_data_plus
601512,SHSE.601512,,SH,A股-上交所,2025-03-31,7.69,7.73,7.53,7.61,7.69,2684600,20470064.0,-1.0403,0.1791,1,0,none,baostock,query_history_k_data_plus
601512,SHSE.601512,,SH,A股-上交所,2025-04-01,7.61,7.69,7.6,7.66,7.61,2370184,18137677.6,0.657,0.1581,1,0,none,baostock,query_history_k_data_plus
601512,SHSE.601512,,SH,A股-上交所,2025-04-02,7.67,7.67,7.6,7.62,7.66,1516600,11573627.0,-0.5222,0.1012,1,0,none,baostock,query_history_k_data_plus
601512,SHSE.601512,,SH,A股-上交所,2025-04-03,7.58,7.66,7.55,7.62,7.62,2564600,19528691.0,0.0,0.1711,1,0,none,baostock,query_history_k_data_plus
601512,SHSE.601512,,SH,A股-上交所,2025-04-07,7.41,7.41,6.86,6.94,7.62,6323100,44632003.88,-8.9239,0.4219,1,0,none,baostock,query_history_k_data_plus
601512,SHSE.601512,,SH,A股-上交所,2025-04-08,6.97,7.08,6.92,7.05,6.94,3546700,24866282.0,1.585,0.2366,1,0,none,baostock,query_history_k_data_plus
601512,SHSE.601512,,SH,A股-上交所,2025-04-09,6.9,7.19,6.83,7.13,7.05,4282884,30081555.72,1.1348,0.2857,1,0,none,baostock,query_history_k_data_plus
601512,SHSE.601512,,SH,A股-上交所,2025-04-10,7.2,7.26,7.16,7.21,7.13,2614900,18878112.0,1.122,0.1745,1,0,none,baostock,query_history_k_data_plus
601512,SHSE.601512,,SH,A股-上交所,2025-04-11,7.18,7.22,7.15,7.2,7.21,1609000,11570848.0,-0.1387,0.1073,1,0,none,baostock,query_history_k_data_plus
601512,SHSE.601512,,SH,A股-上交所,2025-04-14,7.21,7.27,7.21,7.26,7.2,2126300,15388506.0,0.8333,0.1419,1,0,none,baostock,query_history_k_data_plus
601512,SHSE.601512,,SH,A股-上交所,2025-04-15,7.26,7.26,7.19,7.19,7.26,1377000,9923383.0,-0.9642,0.0919,1,0,none,baostock,query_history_k_data_plus
601512,SHSE.601512,,SH,A股-上交所,2025-04-16,7.2,7.22,7.07,7.16,7.19,1597489,11412285.24,-0.4172,0.1066,1,0,none,baostock,query_history_k_data_plus
601512,SHSE.601512,,SH,A股-上交所,2025-04-17,7.14,7.29,7.12,7.21,7.16,2049500,14836225.0,0.6983,0.1367,1,0,none,baostock,query_history_k_data_plus
601512,SHSE.601512,,SH,A股-上交所,2025-04-18,7.23,7.27,7.19,7.26,7.21,1437000,10385304.0,0.6935,0.0959,1,0,none,baostock,query_history_k_data_plus
601512,SHSE.601512,,SH,A股-上交所,2025-04-21,7.42,7.43,7.27,7.33,7.26,3952300,28962633.0,0.9642,0.2637,1,0,none,baostock,query_history_k_data_plus
601512,SHSE.601512,,SH,A股-上交所,2025-04-22,7.26,7.37,7.24,7.36,7.33,3345000,24519727.0,0.4093,0.2232,1,0,none,baostock,query_history_k_data_plus
601512,SHSE.601512,,SH,A股-上交所,2025-04-23,7.37,7.4,7.28,7.3,7.36,1897977,13892296.1,-0.8152,0.1266,1,0,none,baostock,query_history_k_data_plus
601512,SHSE.601512,,SH,A股-上交所,2025-04-24,7.26,7.4,7.26,7.31,7.3,2281300,16716419.0,0.137,0.1522,1,0,none,baostock,query_history_k_data_plus
601512,SHSE.601512,,SH,A股-上交所,2025-04-25,7.33,7.42,7.3,7.32,7.31,2611400,19227385.0,0.1368,0.1742,1,0,none,baostock,query_history_k_data_plus
601512,SHSE.601512,,SH,A股-上交所,2025-04-28,7.32,7.32,7.19,7.23,7.32,2201300,15946793.0,-1.2295,0.1469,1,0,none,baostock,query_history_k_data_plus
601512,SHSE.601512,,SH,A股-上交所,2025-04-29,7.2,7.3,7.19,7.26,7.23,1495000,10862078.0,0.4149,0.0997,1,0,none,baostock,query_history_k_data_plus
601512,SHSE.601512,,SH,A股-上交所,2025-04-30,7.29,7.36,7.23,7.3,7.26,3213800,23437984.0,0.551,0.2144,1,0,none,baostock,query_history_k_data_plus
601512,SHSE.601512,,SH,A股-上交所,2025-05-06,7.33,7.33,7.24,7.33,7.3,2822153,20569474.43,0.411,0.1883,1,0,none,baostock,query_history_k_data_plus
601512,SHSE.601512,,SH,A股-上交所,2025-05-07,7.4,7.43,7.34,7.36,7.33,3210200,23674895.0,0.4093,0.2142,1,0,none,baostock,query_history_k_data_plus
601512,SHSE.601512,,SH,A股-上交所,2025-05-08,7.33,7.75,7.31,7.59,7.36,11943500,90213061.0,3.125,0.7968,1,0,none,baostock,query_history_k_data_plus
601512,SHSE.601512,,SH,A股-上交所,2025-05-09,7.46,7.54,7.38,7.42,7.59,7057412,52375778.56,-2.2398,0.4708,1,0,none,baostock,query_history_k_data_plus
601512,SHSE.601512,,SH,A股-上交所,2025-05-12,7.41,7.42,7.3,7.37,7.42,5150800,37841117.0,-0.6739,0.3436,1,0,none,baostock,query_history_k_data_plus
601512,SHSE.601512,,SH,A股-上交所,2025-05-13,7.4,7.43,7.37,7.4,7.37,3144400,23269395.0,0.4071,0.2098,1,0,none,baostock,query_history_k_data_plus
601512,SHSE.601512,,SH,A股-上交所,2025-05-14,7.41,7.44,7.33,7.4,7.4,2786700,20560706.0,0.0,0.1859,1,0,none,baostock,query_history_k_data_plus
601512,SHSE.601512,,SH,A股-上交所,2025-05-15,7.4,7.45,7.37,7.38,7.4,2232100,16543328.0,-0.2703,0.1489,1,0,none,baostock,query_history_k_data_plus
601512,SHSE.601512,,SH,A股-上交所,2025-05-16,7.4,7.41,7.35,7.38,7.38,1824900,13457664.0,0.0,0.1218,1,0,none,baostock,query_history_k_data_plus
601512,SHSE.601512,,SH,A股-上交所,2025-05-19,7.43,7.45,7.38,7.44,7.38,3394384,25194270.08,0.813,0.2265,1,0,none,baostock,query_history_k_data_plus
601512,SHSE.601512,,SH,A股-上交所,2025-05-20,7.43,7.44,7.39,7.43,7.44,2177787,16157208.8,-0.1344,0.1453,1,0,none,baostock,query_history_k_data_plus
601512,SHSE.601512,,SH,A股-上交所,2025-05-21,7.44,7.44,7.4,7.41,7.43,1801500,13365464.0,-0.2692,0.1202,1,0,none,baostock,query_history_k_data_plus
601512,SHSE.601512,,SH,A股-上交所,2025-05-22,7.41,7.42,7.34,7.35,7.41,2100500,15497380.0,-0.8097,0.1401,1,0,none,baostock,query_history_k_data_plus
601512,SHSE.601512,,SH,A股-上交所,2025-05-23,7.34,7.37,7.24,7.25,7.35,2296800,16786057.0,-1.3605,0.1532,1,0,none,baostock,query_history_k_data_plus
601512,SHSE.601512,,SH,A股-上交所,2025-05-26,7.27,7.29,7.24,7.26,7.25,1518300,11026465.0,0.1379,0.1013,1,0,none,baostock,query_history_k_data_plus
601512,SHSE.601512,,SH,A股-上交所,2025-05-27,7.26,7.33,7.21,7.31,7.26,1649700,12015287.0,0.6887,0.1101,1,0,none,baostock,query_history_k_data_plus
601512,SHSE.601512,,SH,A股-上交所,2025-05-28,7.32,7.34,7.3,7.32,7.31,1667924,12213151.33,0.1368,0.1113,1,0,none,baostock,query_history_k_data_plus
601512,SHSE.601512,,SH,A股-上交所,2025-05-29,7.32,7.37,7.3,7.37,7.32,1347900,9898334.0,0.6831,0.0899,1,0,none,baostock,query_history_k_data_plus
601512,SHSE.601512,,SH,A股-上交所,2025-05-30,7.38,7.43,7.32,7.4,7.37,2605097,19238601.89,0.4071,0.1738,1,0,none,baostock,query_history_k_data_plus
601512,SHSE.601512,,SH,A股-上交所,2025-06-03,7.36,7.43,7.34,7.39,7.4,1611200,11906313.0,-0.1351,0.1075,1,0,none,baostock,query_history_k_data_plus
601512,SHSE.601512,,SH,A股-上交所,2025-06-04,7.44,7.44,7.37,7.4,7.39,1709700,12656738.0,0.1353,0.1141,1,0,none,baostock,query_history_k_data_plus
601512,SHSE.601512,,SH,A股-上交所,2025-06-05,7.43,7.43,7.37,7.4,7.4,1754100,12974016.0,0.0,0.117,1,0,none,baostock,query_history_k_data_plus
601512,SHSE.601512,,SH,A股-上交所,2025-06-06,7.42,7.43,7.39,7.41,7.4,1492484,11061663.44,0.1351,0.0996,1,0,none,baostock,query_history_k_data_plus
601512,SHSE.601512,,SH,A股-上交所,2025-06-09,7.43,7.44,7.39,7.42,7.41,1869650,13856166.0,0.135,0.1247,1,0,none,baostock,query_history_k_data_plus
601512,SHSE.601512,,SH,A股-上交所,2025-06-10,7.44,7.44,7.32,7.35,7.42,2499900,18471111.0,-0.9434,0.1668,1,0,none,baostock,query_history_k_data_plus
601512,SHSE.601512,,SH,A股-上交所,2025-06-11,7.35,7.43,7.35,7.41,7.35,2200650,16302955.0,0.8163,0.1468,1,0,none,baostock,query_history_k_data_plus
601512,SHSE.601512,,SH,A股-上交所,2025-06-12,7.43,7.45,7.37,7.41,7.41,2232800,16533389.0,0.0,0.149,1,0,none,baostock,query_history_k_data_plus
601512,SHSE.601512,,SH,A股-上交所,2025-06-13,7.38,7.5,7.28,7.29,7.41,4178134,30722516.2,-1.6194,0.2787,1,0,none,baostock,query_history_k_data_plus
601512,SHSE.601512,,SH,A股-上交所,2025-06-16,7.29,7.42,7.27,7.35,7.29,3416500,25074334.0,0.823,0.2279,1,0,none,baostock,query_history_k_data_plus
601512,SHSE.601512,,SH,A股-上交所,2025-06-17,7.35,7.35,7.27,7.31,7.35,2065000,15072686.0,-0.5442,0.1378,1,0,none,baostock,query_history_k_data_plus
601512,SHSE.601512,,SH,A股-上交所,2025-06-18,7.31,7.31,7.23,7.25,7.31,1510100,10959459.0,-0.8208,0.1007,1,0,none,baostock,query_history_k_data_plus
601512,SHSE.601512,,SH,A股-上交所,2025-06-19,7.23,7.26,7.15,7.17,7.25,1717900,12354480.0,-1.1034,0.1146,1,0,none,baostock,query_history_k_data_plus
601512,SHSE.601512,,SH,A股-上交所,2025-06-20,7.17,7.25,7.15,7.16,7.17,2105600,15147438.0,-0.1395,0.1405,1,0,none,baostock,query_history_k_data_plus
601512,SHSE.601512,,SH,A股-上交所,2025-06-23,7.14,7.22,7.05,7.19,7.16,1926200,13743312.0,0.419,0.1285,1,0,none,baostock,query_history_k_data_plus
601512,SHSE.601512,,SH,A股-上交所,2025-06-24,7.23,7.27,7.18,7.27,7.19,2050600,14863970.0,1.1127,0.1368,1,0,none,baostock,query_history_k_data_plus
601512,SHSE.601512,,SH,A股-上交所,2025-06-25,7.28,7.33,7.26,7.32,7.27,1942477,14166116.79,0.6878,0.1296,1,0,none,baostock,query_history_k_data_plus
601512,SHSE.601512,,SH,A股-上交所,2025-06-26,7.32,7.34,7.29,7.3,7.32,1483200,10852822.0,-0.2732,0.099,1,0,none,baostock,query_history_k_data_plus
601512,SHSE.601512,,SH,A股-上交所,2025-06-27,7.33,7.36,7.3,7.33,7.3,1802934,13231544.22,0.411,0.1203,1,0,none,baostock,query_history_k_data_plus
601512,SHSE.601512,,SH,A股-上交所,2025-06-30,7.36,7.36,7.31,7.32,7.33,1514900,11097676.0,-0.1364,0.1011,1,0,none,baostock,query_history_k_data_plus
601512,SHSE.601512,,SH,A股-上交所,2025-07-01,7.32,7.34,7.3,7.33,7.32,1285200,9402460.0,0.1366,0.0857,1,0,none,baostock,query_history_k_data_plus
601512,SHSE.601512,,SH,A股-上交所,2025-07-02,7.33,7.4,7.32,7.38,7.33,2612800,19204992.0,0.6821,0.1743,1,0,none,baostock,query_history_k_data_plus
601512,SHSE.601512,,SH,A股-上交所,2025-07-03,7.39,7.4,7.36,7.38,7.38,1686916,12446681.92,0.0,0.1125,1,0,none,baostock,query_history_k_data_plus
601512,SHSE.601512,,SH,A股-上交所,2025-07-04,7.39,7.4,7.33,7.36,7.38,1704116,12552823.08,-0.271,0.1137,1,0,none,baostock,query_history_k_data_plus
601512,SHSE.601512,,SH,A股-上交所,2025-07-07,7.33,7.41,7.33,7.39,7.36,2265916,16732518.24,0.4076,0.1512,1,0,none,baostock,query_history_k_data_plus
601512,SHSE.601512,,SH,A股-上交所,2025-07-08,7.29,7.32,7.27,7.32,7.26,2493833,18207208.57,0.8264,0.1664,1,0,none,baostock,query_history_k_data_plus
601512,SHSE.601512,,SH,A股-上交所,2025-07-09,7.41,7.46,7.39,7.39,7.32,4741520,35183560.8,0.9563,0.3163,1,0,none,baostock,query_history_k_data_plus
601512,SHSE.601512,,SH,A股-上交所,2025-07-10,7.38,7.52,7.33,7.52,7.39,4763400,35538169.0,1.7591,0.3178,1,0,none,baostock,query_history_k_data_plus
601512,SHSE.601512,,SH,A股-上交所,2025-07-11,7.53,7.55,7.5,7.51,7.52,5082620,38255493.6,-0.133,0.3391,1,0,none,baostock,query_history_k_data_plus
601512,SHSE.601512,,SH,A股-上交所,2025-07-14,7.51,7.56,7.47,7.5,7.51,2627300,19715163.0,-0.1332,0.1753,1,0,none,baostock,query_history_k_data_plus
601512,SHSE.601512,,SH,A股-上交所,2025-07-15,7.48,8.25,7.41,8.25,7.5,25068112,200718872.07,10.0,1.6724,1,0,none,baostock,query_history_k_data_plus
601512,SHSE.601512,,SH,A股-上交所,2025-07-16,8.99,9.08,8.88,9.08,8.25,20829319,188366496.89,10.0606,1.3896,1,0,none,baostock,query_history_k_data_plus
601512,SHSE.601512,,SH,A股-上交所,2025-07-17,9.08,9.08,8.33,8.5,9.08,54973113,477132315.34,-6.3877,3.6676,1,0,none,baostock,query_history_k_data_plus
601512,SHSE.601512,,SH,A股-上交所,2025-07-18,8.22,8.3,7.96,8.08,8.5,36628158,296162858.79,-4.9412,2.4437,1,0,none,baostock,query_history_k_data_plus
601512,SHSE.601512,,SH,A股-上交所,2025-07-21,7.96,8.09,7.93,8.01,8.08,18195500,145898813.96,-0.8663,1.2139,1,0,none,baostock,query_history_k_data_plus
601512,SHSE.601512,,SH,A股-上交所,2025-07-22,8.02,8.04,7.89,7.92,8.01,14925107,118418485.55,-1.1236,0.9957,1,0,none,baostock,query_history_k_data_plus
601512,SHSE.601512,,SH,A股-上交所,2025-07-23,7.91,7.94,7.84,7.86,7.92,10396500,82130160.0,-0.7576,0.6936,1,0,none,baostock,query_history_k_data_plus
601512,SHSE.601512,,SH,A股-上交所,2025-07-24,7.84,7.91,7.83,7.91,7.86,7396727,58255636.7,0.6361,0.4935,1,0,none,baostock,query_history_k_data_plus
601512,SHSE.601512,,SH,A股-上交所,2025-07-25,7.91,7.91,7.82,7.86,7.91,7491900,58997084.0,-0.6321,0.4998,1,0,none,baostock,query_history_k_data_plus
601512,SHSE.601512,,SH,A股-上交所,2025-07-28,7.87,7.88,7.83,7.86,7.86,4168900,32741133.0,0.0,0.2781,1,0,none,baostock,query_history_k_data_plus
601512,SHSE.601512,,SH,A股-上交所,2025-07-29,7.85,7.91,7.78,7.9,7.86,5856200,45944788.0,0.5089,0.3907,1,0,none,baostock,query_history_k_data_plus
601512,SHSE.601512,,SH,A股-上交所,2025-07-30,7.87,7.94,7.8,7.81,7.9,6354836,50012355.12,-1.1392,0.424,1,0,none,baostock,query_history_k_data_plus
601512,SHSE.601512,,SH,A股-上交所,2025-07-31,7.8,7.81,7.69,7.71,7.81,6126736,47429417.28,-1.2804,0.4088,1,0,none,baostock,query_history_k_data_plus
601512,SHSE.601512,,SH,A股-上交所,2025-08-01,7.71,7.76,7.7,7.74,7.71,2283400,17643372.0,0.3891,0.1523,1,0,none,baostock,query_history_k_data_plus
601512,SHSE.601512,,SH,A股-上交所,2025-08-04,7.71,7.81,7.71,7.79,7.74,3211600,24917260.0,0.646,0.2143,1,0,none,baostock,query_history_k_data_plus
601512,SHSE.601512,,SH,A股-上交所,2025-08-05,7.81,8.28,7.76,8.0,7.79,14827800,118758671.0,2.6958,0.9893,1,0,none,baostock,query_history_k_data_plus
601512,SHSE.601512,,SH,A股-上交所,2025-08-06,7.9,7.91,7.79,7.9,8.0,9912263,77852316.03,-1.25,0.6613,1,0,none,baostock,query_history_k_data_plus
601512,SHSE.601512,,SH,A股-上交所,2025-08-07,7.86,7.89,7.8,7.86,7.9,4516400,35423471.0,-0.5063,0.3013,1,0,none,baostock,query_history_k_data_plus
601512,SHSE.601512,,SH,A股-上交所,2025-08-08,7.87,7.91,7.83,7.87,7.86,3903900,30704461.0,0.1272,0.2605,1,0,none,baostock,query_history_k_data_plus
601512,SHSE.601512,,SH,A股-上交所,2025-08-11,7.92,7.94,7.85,7.91,7.87,5146270,40590738.6,0.5083,0.3433,1,0,none,baostock,query_history_k_data_plus
601512,SHSE.601512,,SH,A股-上交所,2025-08-12,7.91,7.94,7.89,7.91,7.91,3659000,28936468.0,0.0,0.2441,1,0,none,baostock,query_history_k_data_plus
601512,SHSE.601512,,SH,A股-上交所,2025-08-13,7.93,7.94,7.89,7.9,7.91,3981500,31499375.0,-0.1264,0.2656,1,0,none,baostock,query_history_k_data_plus
601512,SHSE.601512,,SH,A股-上交所,2025-08-14,7.93,7.94,7.8,7.8,7.9,4637000,36549105.0,-1.2658,0.3094,1,0,none,baostock,query_history_k_data_plus
601512,SHSE.601512,,SH,A股-上交所,2025-08-15,7.8,7.93,7.79,7.9,7.8,4414200,34762378.0,1.2821,0.2945,1,0,none,baostock,query_history_k_data_plus
601512,SHSE.601512,,SH,A股-上交所,2025-08-18,7.91,7.96,7.89,7.93,7.9,5145263,40806742.33,0.3797,0.3433,1,0,none,baostock,query_history_k_data_plus
601512,SHSE.601512,,SH,A股-上交所,2025-08-19,7.94,7.99,7.92,7.95,7.93,4918900,39137385.0,0.2522,0.3282,1,0,none,baostock,query_history_k_data_plus
601512,SHSE.601512,,SH,A股-上交所,2025-08-20,7.92,8.04,7.91,8.0,7.95,5568500,44433034.0,0.6289,0.3715,1,0,none,baostock,query_history_k_data_plus
601512,SHSE.601512,,SH,A股-上交所,2025-08-21,8.02,8.03,7.96,7.98,8.0,4327933,34549511.5,-0.25,0.2887,1,0,none,baostock,query_history_k_data_plus
601512,SHSE.601512,,SH,A股-上交所,2025-08-22,7.99,8.24,7.96,8.09,7.98,10930583,88070808.68,1.3784,0.7292,1,0,none,baostock,query_history_k_data_plus
601512,SHSE.601512,,SH,A股-上交所,2025-08-25,8.09,8.18,8.01,8.1,8.09,11216440,90942586.6,0.1236,0.7483,1,0,none,baostock,query_history_k_data_plus
601512,SHSE.601512,,SH,A股-上交所,2025-08-26,8.04,8.12,8.02,8.1,8.1,6088900,49220992.0,0.0,0.4062,1,0,none,baostock,query_history_k_data_plus
601512,SHSE.601512,,SH,A股-上交所,2025-08-27,8.66,8.91,8.51,8.91,8.1,21980549,194119238.76,10.0,1.4665,1,0,none,baostock,query_history_k_data_plus
601512,SHSE.601512,,SH,A股-上交所,2025-08-28,8.91,8.91,8.35,8.58,8.91,33722749,289089777.92,-3.7037,2.2498,1,0,none,baostock,query_history_k_data_plus
601512,SHSE.601512,,SH,A股-上交所,2025-08-29,8.57,8.63,8.41,8.46,8.58,14496499,122927197.35,-1.3986,0.9671,1,0,none,baostock,query_history_k_data_plus
601512,SHSE.601512,,SH,A股-上交所,2025-09-01,8.44,8.61,8.37,8.54,8.46,12312399,104890069.03,0.9456,0.8214,1,0,none,baostock,query_history_k_data_plus
601512,SHSE.601512,,SH,A股-上交所,2025-09-02,8.47,8.62,8.41,8.57,8.54,11301300,96302480.0,0.3513,0.754,1,0,none,baostock,query_history_k_data_plus
601512,SHSE.601512,,SH,A股-上交所,2025-09-03,8.56,8.59,8.36,8.39,8.57,8231000,69661212.0,-2.1004,0.5491,1,0,none,baostock,query_history_k_data_plus
601512,SHSE.601512,,SH,A股-上交所,2025-09-04,8.4,8.51,8.37,8.44,8.39,7823500,66090183.0,0.5959,0.522,1,0,none,baostock,query_history_k_data_plus
601512,SHSE.601512,,SH,A股-上交所,2025-09-05,8.45,8.52,8.39,8.48,8.44,6469900,54595607.0,0.4739,0.4316,1,0,none,baostock,query_history_k_data_plus
601512,SHSE.601512,,SH,A股-上交所,2025-09-08,8.44,8.62,8.44,8.62,8.48,8457300,72255881.0,1.6509,0.5642,1,0,none,baostock,query_history_k_data_plus
601512,SHSE.601512,,SH,A股-上交所,2025-09-09,8.6,8.69,8.52,8.65,8.62,7971086,68680995.18,0.348,0.5318,1,0,none,baostock,query_history_k_data_plus
601512,SHSE.601512,,SH,A股-上交所,2025-09-10,8.69,8.74,8.63,8.72,8.65,7789156,67665744.88,0.8092,0.5197,1,0,none,baostock,query_history_k_data_plus
601512,SHSE.601512,,SH,A股-上交所,2025-09-11,8.71,8.82,8.62,8.82,8.72,7572000,66254943.0,1.1468,0.5052,1,0,none,baostock,query_history_k_data_plus
601512,SHSE.601512,,SH,A股-上交所,2025-09-12,8.82,9.32,8.8,9.0,8.82,16860386,152527544.77,2.0408,1.1249,1,0,none,baostock,query_history_k_data_plus
601512,SHSE.601512,,SH,A股-上交所,2025-09-15,9.05,9.14,8.71,9.12,9.0,15161426,134747521.62,1.3333,1.0115,1,0,none,baostock,query_history_k_data_plus
601512,SHSE.601512,,SH,A股-上交所,2025-09-16,9.12,9.48,9.03,9.39,9.12,18092919,167967363.14,2.9605,1.2071,1,0,none,baostock,query_history_k_data_plus
601512,SHSE.601512,,SH,A股-上交所,2025-09-17,9.41,9.7,9.15,9.52,9.39,18571720,174106349.24,1.3845,1.239,1,0,none,baostock,query_history_k_data_plus
601512,SHSE.601512,,SH,A股-上交所,2025-09-18,10.47,10.47,9.92,10.33,9.52,37805138,393130703.53,8.5084,2.5222,1,0,none,baostock,query_history_k_data_plus
601512,SHSE.601512,,SH,A股-上交所,2025-09-19,9.95,10.12,9.3,9.3,10.33,33804700,324085692.7,-9.971,2.2553,1,0,none,baostock,query_history_k_data_plus
601512,SHSE.601512,,SH,A股-上交所,2025-09-22,9.0,9.32,8.81,9.21,9.3,19260313,176086466.17,-0.9677,1.285,1,0,none,baostock,query_history_k_data_plus
601512,SHSE.601512,,SH,A股-上交所,2025-09-23,9.12,9.35,8.87,9.18,9.21,17198586,156700312.04,-0.3257,1.1474,1,0,none,baostock,query_history_k_data_plus
601512,SHSE.601512,,SH,A股-上交所,2025-09-24,9.13,9.49,9.06,9.36,9.18,12850867,119704812.38,1.9608,0.8574,1,0,none,baostock,query_history_k_data_plus
601512,SHSE.601512,,SH,A股-上交所,2025-09-25,9.46,9.64,9.28,9.52,9.36,13374886,126826667.86,1.7094,0.8923,1,0,none,baostock,query_history_k_data_plus
601512,SHSE.601512,,SH,A股-上交所,2025-09-26,9.46,9.66,9.39,9.42,9.52,9257100,87871652.0,-1.0504,0.6176,1,0,none,baostock,query_history_k_data_plus
601512,SHSE.601512,,SH,A股-上交所,2025-09-29,9.42,9.56,9.31,9.52,9.42,8105200,76634662.0,1.0616,0.5407,1,0,none,baostock,query_history_k_data_plus
601512,SHSE.601512,,SH,A股-上交所,2025-09-30,9.56,9.57,9.35,9.37,9.52,7022444,66138830.68,-1.5756,0.4685,1,0,none,baostock,query_history_k_data_plus
601512,SHSE.601512,,SH,A股-上交所,2025-10-09,9.3,9.91,9.29,9.9,9.37,14515868,140154120.84,5.6564,0.9684,1,0,none,baostock,query_history_k_data_plus
601512,SHSE.601512,,SH,A股-上交所,2025-10-10,9.85,10.18,9.72,10.05,9.9,13504544,135019053.44,1.5152,0.901,1,0,none,baostock,query_history_k_data_plus
601512,SHSE.601512,,SH,A股-上交所,2025-10-13,9.71,10.0,9.61,9.93,10.05,8847300,87251501.0,-1.194,0.5903,1,0,none,baostock,query_history_k_data_plus
601512,SHSE.601512,,SH,A股-上交所,2025-10-14,9.93,10.04,9.68,9.7,9.93,9083600,89312228.0,-2.3162,0.606,1,0,none,baostock,query_history_k_data_plus
601512,SHSE.601512,,SH,A股-上交所,2025-10-15,9.69,9.79,9.61,9.74,9.7,6349700,61636772.0,0.4124,0.4236,1,0,none,baostock,query_history_k_data_plus
601512,SHSE.601512,,SH,A股-上交所,2025-10-16,9.82,9.9,9.61,9.67,9.74,5210200,50502396.0,-0.7187,0.3476,1,0,none,baostock,query_history_k_data_plus
601512,SHSE.601512,,SH,A股-上交所,2025-10-17,9.68,9.72,9.31,9.36,9.67,7421300,70278190.0,-3.2058,0.4951,1,0,none,baostock,query_history_k_data_plus
601512,SHSE.601512,,SH,A股-上交所,2025-10-20,9.4,9.53,9.29,9.42,9.36,6466500,60682684.0,0.641,0.4314,1,0,none,baostock,query_history_k_data_plus
601512,SHSE.601512,,SH,A股-上交所,2025-10-21,9.4,9.64,9.38,9.56,9.42,5067700,48335786.0,1.4862,0.3381,1,0,none,baostock,query_history_k_data_plus
601512,SHSE.601512,,SH,A股-上交所,2025-10-22,9.55,9.6,9.46,9.52,9.56,4609200,43998936.0,-0.4184,0.3075,1,0,none,baostock,query_history_k_data_plus
601512,SHSE.601512,,SH,A股-上交所,2025-10-23,9.69,9.69,9.41,9.66,9.52,5167596,49276754.76,1.4706,0.3448,1,0,none,baostock,query_history_k_data_plus
601512,SHSE.601512,,SH,A股-上交所,2025-10-24,9.74,9.76,9.51,9.54,9.66,5278900,50602098.0,-1.2422,0.3522,1,0,none,baostock,query_history_k_data_plus
601512,SHSE.601512,,SH,A股-上交所,2025-10-27,9.52,9.61,9.47,9.51,9.54,4402900,41978361.0,-0.3145,0.2937,1,0,none,baostock,query_history_k_data_plus
601512,SHSE.601512,,SH,A股-上交所,2025-10-28,9.45,9.57,9.32,9.34,9.51,4556500,42910676.0,-1.7876,0.304,1,0,none,baostock,query_history_k_data_plus
601512,SHSE.601512,,SH,A股-上交所,2025-10-29,9.3,9.34,9.03,9.32,9.34,6786900,62429892.54,-0.2141,0.4528,1,0,none,baostock,query_history_k_data_plus
601512,SHSE.601512,,SH,A股-上交所,2025-10-30,9.33,9.34,9.18,9.21,9.32,4547200,42011111.0,-1.1803,0.3034,1,0,none,baostock,query_history_k_data_plus
601512,SHSE.601512,,SH,A股-上交所,2025-10-31,9.19,9.29,9.09,9.26,9.21,4806380,44391141.4,0.5429,0.3207,1,0,none,baostock,query_history_k_data_plus
601512,SHSE.601512,,SH,A股-上交所,2025-11-03,9.22,10.19,9.16,10.19,9.26,19823853,193918176.27,10.0432,1.3226,1,0,none,baostock,query_history_k_data_plus
601512,SHSE.601512,,SH,A股-上交所,2025-11-04,10.2,10.63,9.9,9.94,10.19,37208663,378619575.85,-2.4534,2.4824,1,0,none,baostock,query_history_k_data_plus
601512,SHSE.601512,,SH,A股-上交所,2025-11-05,9.78,10.01,9.78,9.9,9.94,16874563,167617584.85,-0.4024,1.1258,1,0,none,baostock,query_history_k_data_plus
601512,SHSE.601512,,SH,A股-上交所,2025-11-06,9.91,10.08,9.85,9.89,9.9,13984663,138807910.92,-0.101,0.933,1,0,none,baostock,query_history_k_data_plus
601512,SHSE.601512,,SH,A股-上交所,2025-11-07,9.86,10.01,9.71,9.94,9.89,12145900,120459293.0,0.5056,0.8103,1,0,none,baostock,query_history_k_data_plus
601512,SHSE.601512,,SH,A股-上交所,2025-11-10,10.02,10.15,9.93,10.01,9.94,14365600,144094604.0,0.7042,0.9584,1,0,none,baostock,query_history_k_data_plus
601512,SHSE.601512,,SH,A股-上交所,2025-11-11,10.0,10.1,9.93,10.05,10.01,8425250,84394832.5,0.3996,0.5621,1,0,none,baostock,query_history_k_data_plus
601512,SHSE.601512,,SH,A股-上交所,2025-11-12,10.01,10.3,9.84,10.25,10.05,12656700,127031572.08,1.99,0.8444,1,0,none,baostock,query_history_k_data_plus
601512,SHSE.601512,,SH,A股-上交所,2025-11-13,10.06,10.28,9.97,10.03,10.25,13361096,134429537.72,-2.1463,0.8914,1,0,none,baostock,query_history_k_data_plus
601512,SHSE.601512,,SH,A股-上交所,2025-11-14,9.91,10.02,9.76,9.76,10.03,8708447,85900537.02,-2.6919,0.581,1,0,none,baostock,query_history_k_data_plus
601512,SHSE.601512,,SH,A股-上交所,2025-11-17,9.75,9.75,9.42,9.55,9.76,12494100,119251451.0,-2.1516,0.8336,1,0,none,baostock,query_history_k_data_plus
601512,SHSE.601512,,SH,A股-上交所,2025-11-18,9.53,9.53,9.34,9.4,9.55,5520300,51818545.0,-1.5707,0.3683,1,0,none,baostock,query_history_k_data_plus
601512,SHSE.601512,,SH,A股-上交所,2025-11-19,9.38,9.64,9.18,9.21,9.4,6381700,59515888.0,-2.0213,0.4258,1,0,none,baostock,query_history_k_data_plus
601512,SHSE.601512,,SH,A股-上交所,2025-11-20,9.18,9.25,8.99,9.12,9.21,6315800,57567650.0,-0.9772,0.4214,1,0,none,baostock,query_history_k_data_plus
601512,SHSE.601512,,SH,A股-上交所,2025-11-21,9.05,9.16,8.83,8.84,9.12,5837300,52389540.0,-3.0702,0.3894,1,0,none,baostock,query_history_k_data_plus
601512,SHSE.601512,,SH,A股-上交所,2025-11-24,8.91,8.93,8.78,8.81,8.84,3962797,35113420.57,-0.3394,0.2644,1,0,none,baostock,query_history_k_data_plus
601512,SHSE.601512,,SH,A股-上交所,2025-11-25,8.9,9.13,8.84,8.98,8.81,5164000,46476966.0,1.9296,0.3445,1,0,none,baostock,query_history_k_data_plus
601512,SHSE.601512,,SH,A股-上交所,2025-11-26,8.95,9.02,8.84,8.88,8.98,3776700,33730786.0,-1.1136,0.252,1,0,none,baostock,query_history_k_data_plus
601512,SHSE.601512,,SH,A股-上交所,2025-11-27,8.88,9.08,8.79,8.92,8.88,4822800,43123017.0,0.4505,0.3218,1,0,none,baostock,query_history_k_data_plus
601512,SHSE.601512,,SH,A股-上交所,2025-11-28,8.91,9.18,8.87,9.12,8.92,5040700,45787151.0,2.2422,0.3363,1,0,none,baostock,query_history_k_data_plus
601512,SHSE.601512,,SH,A股-上交所,2025-12-01,9.16,9.23,9.07,9.22,9.12,5145297,47059979.73,1.0965,0.3433,1,0,none,baostock,query_history_k_data_plus
601512,SHSE.601512,,SH,A股-上交所,2025-12-02,9.22,9.22,9.11,9.18,9.22,2594887,23771355.18,-0.4338,0.1731,1,0,none,baostock,query_history_k_data_plus
601512,SHSE.601512,,SH,A股-上交所,2025-12-03,9.19,9.23,9.06,9.11,9.18,3239700,29559135.0,-0.7625,0.2161,1,0,none,baostock,query_history_k_data_plus
601512,SHSE.601512,,SH,A股-上交所,2025-12-04,9.09,9.14,8.96,8.99,9.11,3478896,31389614.76,-1.3172,0.2321,1,0,none,baostock,query_history_k_data_plus
601512,SHSE.601512,,SH,A股-上交所,2025-12-05,9.0,9.87,8.88,9.15,8.99,13851600,128268793.0,1.7798,0.9241,1,0,none,baostock,query_history_k_data_plus
601512,SHSE.601512,,SH,A股-上交所,2025-12-08,9.19,9.3,8.99,9.06,9.15,12197768,111187279.04,-0.9836,0.8138,1,0,none,baostock,query_history_k_data_plus
601512,SHSE.601512,,SH,A股-上交所,2025-12-09,9.0,9.03,8.86,8.86,9.06,5847500,52087564.0,-2.2075,0.3901,1,0,none,baostock,query_history_k_data_plus
601512,SHSE.601512,,SH,A股-上交所,2025-12-10,8.84,8.94,8.78,8.9,8.86,5001784,44270826.36,0.4515,0.3337,1,0,none,baostock,query_history_k_data_plus
601512,SHSE.601512,,SH,A股-上交所,2025-12-11,8.85,8.91,8.73,8.74,8.9,4103600,36126454.0,-1.7978,0.2738,1,0,none,baostock,query_history_k_data_plus
601512,SHSE.601512,,SH,A股-上交所,2025-12-12,8.77,8.83,8.7,8.7,8.74,4548300,39790007.0,-0.4577,0.3034,1,0,none,baostock,query_history_k_data_plus
601512,SHSE.601512,,SH,A股-上交所,2025-12-15,8.65,8.78,8.64,8.68,8.7,4063000,35390278.0,-0.2299,0.2711,1,0,none,baostock,query_history_k_data_plus
601512,SHSE.601512,,SH,A股-上交所,2025-12-16,8.73,8.79,8.57,8.71,8.68,4677500,40528736.0,0.3456,0.3121,1,0,none,baostock,query_history_k_data_plus
601512,SHSE.601512,,SH,A股-上交所,2025-12-17,8.82,8.82,8.56,8.69,8.71,4496800,38941309.0,-0.2296,0.3,1,0,none,baostock,query_history_k_data_plus
601512,SHSE.601512,,SH,A股-上交所,2025-12-18,8.66,8.74,8.63,8.66,8.69,3474600,30162524.0,-0.3452,0.2318,1,0,none,baostock,query_history_k_data_plus
601512,SHSE.601512,,SH,A股-上交所,2025-12-19,8.69,8.79,8.64,8.68,8.66,5178700,45090226.0,0.2309,0.3455,1,0,none,baostock,query_history_k_data_plus
601512,SHSE.601512,,SH,A股-上交所,2025-12-22,8.64,8.71,8.62,8.66,8.68,3285400,28446320.0,-0.2304,0.2192,1,0,none,baostock,query_history_k_data_plus
601512,SHSE.601512,,SH,A股-上交所,2025-12-23,8.68,8.68,8.56,8.57,8.66,3748100,32233472.0,-1.0393,0.2501,1,0,none,baostock,query_history_k_data_plus
601512,SHSE.601512,,SH,A股-上交所,2025-12-24,8.69,9.05,8.6,8.77,8.57,11440800,100290535.0,2.3337,0.7633,1,0,none,baostock,query_history_k_data_plus
601512,SHSE.601512,,SH,A股-上交所,2025-12-25,8.72,8.84,8.68,8.78,8.77,7182857,62834019.76,0.114,0.4792,1,0,none,baostock,query_history_k_data_plus
601512,SHSE.601512,,SH,A股-上交所,2025-12-26,8.76,9.0,8.72,8.9,8.78,8146457,72513415.16,1.3667,0.5435,1,0,none,baostock,query_history_k_data_plus
601512,SHSE.601512,,SH,A股-上交所,2025-12-29,8.91,9.11,8.87,9.07,8.9,9631800,86789025.0,1.9101,0.6426,1,0,none,baostock,query_history_k_data_plus
601512,SHSE.601512,,SH,A股-上交所,2025-12-30,9.07,9.12,8.93,8.93,9.07,6488000,58493109.0,-1.5436,0.4329,1,0,none,baostock,query_history_k_data_plus
601512,SHSE.601512,,SH,A股-上交所,2025-12-31,8.96,9.08,8.92,9.0,8.93,5725000,51476148.0,0.7839,0.3819,1,0,none,baostock,query_history_k_data_plus
601512,SHSE.601512,,SH,A股-上交所,2026-01-05,9.51,9.9,9.11,9.9,9.0,16087400,154329000.0,10.0,1.0733,1,0,none,baostock,query_history_k_data_plus
601512,SHSE.601512,,SH,A股-上交所,2026-01-06,9.78,9.89,9.44,9.51,9.9,25550574,243853477.48,-3.9394,1.7046,1,0,none,baostock,query_history_k_data_plus
601512,SHSE.601512,,SH,A股-上交所,2026-01-07,9.47,9.69,9.4,9.41,9.51,14748099,139716607.31,-1.0515,0.9839,1,0,none,baostock,query_history_k_data_plus
601512,SHSE.601512,,SH,A股-上交所,2026-01-08,9.48,9.6,9.35,9.58,9.41,13665726,129900661.65,1.8066,0.9117,1,0,none,baostock,query_history_k_data_plus
601512,SHSE.601512,,SH,A股-上交所,2026-01-09,9.81,10.32,9.81,10.17,9.58,27533515,277869105.48,6.1587,1.8369,1,0,none,baostock,query_history_k_data_plus
601512,SHSE.601512,,SH,A股-上交所,2026-01-12,10.1,10.34,9.9,9.95,10.17,20425384,205352681.88,-2.1632,1.3627,1,0,none,baostock,query_history_k_data_plus
601512,SHSE.601512,,SH,A股-上交所,2026-01-13,9.95,9.98,9.69,9.7,9.95,12896958,127007860.02,-2.5126,0.8604,1,0,none,baostock,query_history_k_data_plus
601512,SHSE.601512,,SH,A股-上交所,2026-01-14,9.51,9.78,9.3,9.45,9.7,19761343,188236095.69,-2.5773,1.3184,1,0,none,baostock,query_history_k_data_plus
601512,SHSE.601512,,SH,A股-上交所,2026-01-15,9.31,9.48,9.28,9.35,9.45,7295100,68378845.0,-1.0582,0.4867,1,0,none,baostock,query_history_k_data_plus
601512,SHSE.601512,,SH,A股-上交所,2026-01-16,9.43,9.44,9.2,9.27,9.35,8430757,78256685.82,-0.8556,0.5625,1,0,none,baostock,query_history_k_data_plus
601512,SHSE.601512,,SH,A股-上交所,2026-01-19,9.27,9.4,9.18,9.36,9.27,5662100,52886295.0,0.9709,0.3778,1,0,none,baostock,query_history_k_data_plus
601512,SHSE.601512,,SH,A股-上交所,2026-01-20,9.31,9.64,9.31,9.57,9.36,10535000,100251702.0,2.2436,0.7029,1,0,none,baostock,query_history_k_data_plus
601512,SHSE.601512,,SH,A股-上交所,2026-01-21,9.51,9.68,9.46,9.53,9.57,8098500,77604210.0,-0.418,0.5403,1,0,none,baostock,query_history_k_data_plus
601512,SHSE.601512,,SH,A股-上交所,2026-01-22,9.56,9.56,9.46,9.53,9.53,4505300,42810360.0,0.0,0.3006,1,0,none,baostock,query_history_k_data_plus
601512,SHSE.601512,,SH,A股-上交所,2026-01-23,9.53,9.59,9.48,9.54,9.53,5150800,49120987.0,0.1049,0.3436,1,0,none,baostock,query_history_k_data_plus
601512,SHSE.601512,,SH,A股-上交所,2026-01-26,9.95,10.03,9.69,9.71,9.54,14410854,141915696.92,1.782,0.9614,1,0,none,baostock,query_history_k_data_plus
601512,SHSE.601512,,SH,A股-上交所,2026-01-27,9.79,9.79,9.45,9.67,9.71,8533900,81846334.0,-0.4119,0.5693,1,0,none,baostock,query_history_k_data_plus
601512,SHSE.601512,,SH,A股-上交所,2026-01-28,9.83,9.9,9.67,9.72,9.67,7795500,76234116.87,0.5171,0.5201,1,0,none,baostock,query_history_k_data_plus
601512,SHSE.601512,,SH,A股-上交所,2026-01-29,9.75,9.93,9.57,9.85,9.72,10005300,98020493.0,1.3374,0.6675,1,0,none,baostock,query_history_k_data_plus
601512,SHSE.601512,,SH,A股-上交所,2026-01-30,9.78,9.9,9.64,9.74,9.85,7700123,75059940.56,-1.1168,0.5137,1,0,none,baostock,query_history_k_data_plus
601512,SHSE.601512,,SH,A股-上交所,2026-02-02,9.67,9.72,9.4,9.4,9.74,7782897,74376061.47,-3.4908,0.5192,1,0,none,baostock,query_history_k_data_plus
601512,SHSE.601512,,SH,A股-上交所,2026-02-03,9.46,9.79,9.45,9.65,9.4,6910200,66266198.0,2.6596,0.461,1,0,none,baostock,query_history_k_data_plus
601512,SHSE.601512,,SH,A股-上交所,2026-02-04,9.64,9.8,9.54,9.8,9.65,6765800,65558661.0,1.5544,0.4514,1,0,none,baostock,query_history_k_data_plus
601512,SHSE.601512,,SH,A股-上交所,2026-02-05,9.76,9.82,9.69,9.78,9.8,4732800,46171327.0,-0.2041,0.3158,1,0,none,baostock,query_history_k_data_plus
601512,SHSE.601512,,SH,A股-上交所,2026-02-06,9.71,9.81,9.62,9.64,9.78,4869400,47311543.0,-1.4315,0.3249,1,0,none,baostock,query_history_k_data_plus
601512,SHSE.601512,,SH,A股-上交所,2026-02-09,9.68,9.89,9.67,9.8,9.64,6926300,67881404.0,1.6598,0.4621,1,0,none,baostock,query_history_k_data_plus
601512,SHSE.601512,,SH,A股-上交所,2026-02-10,9.84,9.85,9.6,9.67,9.8,4818300,46591924.0,-1.3265,0.3215,1,0,none,baostock,query_history_k_data_plus
601512,SHSE.601512,,SH,A股-上交所,2026-02-11,9.67,9.7,9.61,9.64,9.67,3097000,29923084.0,-0.3102,0.2066,1,0,none,baostock,query_history_k_data_plus
601512,SHSE.601512,,SH,A股-上交所,2026-02-12,9.66,9.74,9.59,9.6,9.64,4006300,38650935.0,-0.4149,0.2673,1,0,none,baostock,query_history_k_data_plus
601512,SHSE.601512,,SH,A股-上交所,2026-02-13,9.56,9.69,9.5,9.51,9.6,3901600,37426020.0,-0.9375,0.2603,1,0,none,baostock,query_history_k_data_plus
601512,SHSE.601512,,SH,A股-上交所,2026-02-24,9.6,9.63,9.51,9.58,9.51,3729600,35728821.0,0.7361,0.2488,1,0,none,baostock,query_history_k_data_plus
601512,SHSE.601512,,SH,A股-上交所,2026-02-25,9.58,9.74,9.58,9.7,9.58,4487700,43549825.0,1.2526,0.2994,1,0,none,baostock,query_history_k_data_plus
601512,SHSE.601512,,SH,A股-上交所,2026-02-26,9.71,9.74,9.45,9.51,9.7,5168200,49245355.0,-1.9588,0.3448,1,0,none,baostock,query_history_k_data_plus
601512,SHSE.601512,,SH,A股-上交所,2026-02-27,9.45,9.62,9.45,9.6,9.51,3842800,36655738.0,0.9464,0.2564,1,0,none,baostock,query_history_k_data_plus
601512,SHSE.601512,,SH,A股-上交所,2026-03-02,9.56,9.62,9.4,9.48,9.6,4655400,44270182.0,-1.25,0.3106,1,0,none,baostock,query_history_k_data_plus
601512,SHSE.601512,,SH,A股-上交所,2026-03-03,9.54,9.54,9.18,9.2,9.48,5486200,51202002.03,-2.9536,0.366,1,0,none,baostock,query_history_k_data_plus
601512,SHSE.601512,,SH,A股-上交所,2026-03-04,9.15,9.26,9.01,9.02,9.2,4117414,37495452.68,-1.9565,0.2747,1,0,none,baostock,query_history_k_data_plus
601512,SHSE.601512,,SH,A股-上交所,2026-03-05,9.18,9.23,9.05,9.09,9.02,3287414,30006089.98,0.7761,0.2193,1,0,none,baostock,query_history_k_data_plus
601512,SHSE.601512,,SH,A股-上交所,2026-03-06,9.09,9.27,9.09,9.26,9.09,3239790,29799900.2,1.8702,0.2161,1,0,none,baostock,query_history_k_data_plus
601512,SHSE.601512,,SH,A股-上交所,2026-03-09,9.1,9.19,8.98,9.04,9.26,4311000,39008505.0,-2.3758,0.2876,1,0,none,baostock,query_history_k_data_plus
601512,SHSE.601512,,SH,A股-上交所,2026-03-10,9.1,9.21,9.04,9.2,9.04,3458200,31637183.0,1.7699,0.2307,1,0,none,baostock,query_history_k_data_plus
601512,SHSE.601512,,SH,A股-上交所,2026-03-11,9.2,9.23,9.13,9.22,9.2,2451100,22538482.0,0.2174,0.1635,1,0,none,baostock,query_history_k_data_plus
601512,SHSE.601512,,SH,A股-上交所,2026-03-12,9.22,9.3,9.16,9.25,9.22,3062800,28289502.0,0.3254,0.2043,1,0,none,baostock,query_history_k_data_plus
601512,SHSE.601512,,SH,A股-上交所,2026-03-13,9.2,9.38,9.19,9.28,9.25,3265900,30444788.0,0.3243,0.2179,1,0,none,baostock,query_history_k_data_plus
601512,SHSE.601512,,SH,A股-上交所,2026-03-16,9.34,9.34,9.12,9.2,9.28,3684348,33860251.94,-0.8621,0.2458,1,0,none,baostock,query_history_k_data_plus
601512,SHSE.601512,,SH,A股-上交所,2026-03-17,9.24,9.34,9.17,9.18,9.2,2563551,23741627.32,-0.2174,0.171,1,0,none,baostock,query_history_k_data_plus
601512,SHSE.601512,,SH,A股-上交所,2026-03-18,9.14,9.19,8.98,9.08,9.18,3105700,28100645.0,-1.0893,0.2072,1,0,none,baostock,query_history_k_data_plus
601512,SHSE.601512,,SH,A股-上交所,2026-03-19,9.0,9.09,8.87,8.89,9.08,3109400,27829902.0,-2.0925,0.2074,1,0,none,baostock,query_history_k_data_plus
601512,SHSE.601512,,SH,A股-上交所,2026-03-20,8.89,9.02,8.83,8.85,8.89,2883100,25679697.0,-0.4499,0.1923,1,0,none,baostock,query_history_k_data_plus
601512,SHSE.601512,,SH,A股-上交所,2026-03-23,8.91,8.91,8.25,8.34,8.85,6005900,51253910.0,-5.7627,0.4007,1,0,none,baostock,query_history_k_data_plus
601512,SHSE.601512,,SH,A股-上交所,2026-03-24,8.45,8.71,8.41,8.69,8.34,4689049,40105841.58,4.1966,0.3128,1,0,none,baostock,query_history_k_data_plus
601512,SHSE.601512,,SH,A股-上交所,2026-03-25,8.66,8.72,8.6,8.68,8.69,3890700,33702385.0,-0.1151,0.2596,1,0,none,baostock,query_history_k_data_plus
601512,SHSE.601512,,SH,A股-上交所,2026-03-26,8.68,8.8,8.58,8.63,8.68,2856900,24799367.0,-0.576,0.1906,1,0,none,baostock,query_history_k_data_plus
601512,SHSE.601512,,SH,A股-上交所,2026-03-27,8.62,8.7,8.56,8.67,8.63,3068600,26526563.0,0.4635,0.2047,1,0,none,baostock,query_history_k_data_plus
601512,SHSE.601512,,SH,A股-上交所,2026-03-30,8.59,8.7,8.52,8.66,8.67,3482400,30063803.0,-0.1153,0.2323,1,0,none,baostock,query_history_k_data_plus
601512,SHSE.601512,,SH,A股-上交所,2026-03-31,8.76,8.82,8.64,8.64,8.66,3216700,28051622.0,-0.2309,0.2146,1,0,none,baostock,query_history_k_data_plus
601512,SHSE.601512,,SH,A股-上交所,2026-04-01,8.74,8.76,8.66,8.73,8.64,3230400,28150804.0,1.0417,0.2155,1,0,none,baostock,query_history_k_data_plus
601512,SHSE.601512,,SH,A股-上交所,2026-04-02,8.69,8.84,8.65,8.73,8.73,4042400,35383077.0,0.0,0.2697,1,0,none,baostock,query_history_k_data_plus
601512,SHSE.601512,,SH,A股-上交所,2026-04-03,8.75,8.8,8.57,8.67,8.73,2438400,21075503.0,-0.6873,0.1627,1,0,none,baostock,query_history_k_data_plus
601512,SHSE.601512,,SH,A股-上交所,2026-04-07,8.66,9.1,8.63,8.82,8.67,6824000,60686482.0,1.7301,0.4553,1,0,none,baostock,query_history_k_data_plus
601512,SHSE.601512,,SH,A股-上交所,2026-04-08,8.86,8.99,8.77,8.99,8.82,5312300,47300606.0,1.9274,0.3544,1,0,none,baostock,query_history_k_data_plus
601512,SHSE.601512,,SH,A股-上交所,2026-04-09,8.93,8.99,8.75,8.82,8.99,4507900,39934841.0,-1.891,0.3007,1,0,none,baostock,query_history_k_data_plus
601512,SHSE.601512,,SH,A股-上交所,2026-04-10,8.82,8.94,8.82,8.84,8.82,3417400,30385963.0,0.2268,0.228,1,0,none,baostock,query_history_k_data_plus
601512,SHSE.601512,,SH,A股-上交所,2026-04-13,8.81,8.82,8.71,8.75,8.84,2831900,24793874.0,-1.0181,0.1889,1,0,none,baostock,query_history_k_data_plus
601512,SHSE.601512,,SH,A股-上交所,2026-04-14,8.8,8.9,8.74,8.88,8.75,2947200,25961148.0,1.4857,0.1966,1,0,none,baostock,query_history_k_data_plus
601512,SHSE.601512,,SH,A股-上交所,2026-04-15,8.88,8.94,8.82,8.85,8.88,2495400,22141866.0,-0.3378,0.1665,1,0,none,baostock,query_history_k_data_plus
601512,SHSE.601512,,SH,A股-上交所,2026-04-16,8.87,8.94,8.82,8.9,8.85,2971000,26343132.0,0.565,0.1982,1,0,none,baostock,query_history_k_data_plus
601512,SHSE.601512,,SH,A股-上交所,2026-04-17,8.9,8.94,8.8,8.89,8.9,2756400,24438717.0,-0.1124,0.1839,1,0,none,baostock,query_history_k_data_plus
