code,symbol,name,market,asset_type,date,open,high,low,close,preclose,volume,amount,pct_chg,turnover,trade_status,is_st,adjust,provider,source_function
688019,SHSE.688019,,SH,A股-上交所,2022-03-28,253.18,254.03,245.89,253.55,253.25,242171,60476391.78,0.1185,0.7899,1,0,none,baostock,query_history_k_data_plus
688019,SHSE.688019,,SH,A股-上交所,2022-03-29,253.55,265.0,251.97,264.0,253.55,316937,82545613.21,4.1215,1.0337,1,0,none,baostock,query_history_k_data_plus
688019,SHSE.688019,,SH,A股-上交所,2022-03-30,269.77,284.92,265.0,280.0,264.0,692685,192850000.96,6.0606,2.2592,1,0,none,baostock,query_history_k_data_plus
688019,SHSE.688019,,SH,A股-上交所,2022-03-31,277.83,283.58,273.3,283.18,280.0,547677,153395214.94,1.1357,1.7863,1,0,none,baostock,query_history_k_data_plus
688019,SHSE.688019,,SH,A股-上交所,2022-04-01,283.15,290.95,278.24,279.49,283.18,304431,86470415.8,-1.3031,0.9929,1,0,none,baostock,query_history_k_data_plus
688019,SHSE.688019,,SH,A股-上交所,2022-04-06,279.0,281.99,262.01,266.0,279.49,509433,137078347.73,-4.8266,1.6615,1,0,none,baostock,query_history_k_data_plus
688019,SHSE.688019,,SH,A股-上交所,2022-04-07,260.6,264.99,258.51,259.3,266.0,220352,57690318.07,-2.5188,0.7187,1,0,none,baostock,query_history_k_data_plus
688019,SHSE.688019,,SH,A股-上交所,2022-04-08,254.11,264.0,249.0,262.0,259.3,332478,86000787.94,1.0413,1.0844,1,0,none,baostock,query_history_k_data_plus
688019,SHSE.688019,,SH,A股-上交所,2022-04-11,262.0,262.0,245.67,248.5,262.0,368650,91974675.51,-5.1527,1.2024,1,0,none,baostock,query_history_k_data_plus
688019,SHSE.688019,,SH,A股-上交所,2022-04-12,249.94,253.84,234.0,252.78,248.5,733797,178608363.61,1.7223,2.3933,1,0,none,baostock,query_history_k_data_plus
688019,SHSE.688019,,SH,A股-上交所,2022-04-13,252.78,252.78,236.56,238.09,252.78,295275,71870345.29,-5.8114,0.9631,1,0,none,baostock,query_history_k_data_plus
688019,SHSE.688019,,SH,A股-上交所,2022-04-14,242.5,249.99,238.21,244.0,238.09,269602,65821290.77,2.4823,0.8793,1,0,none,baostock,query_history_k_data_plus
688019,SHSE.688019,,SH,A股-上交所,2022-04-15,242.82,242.82,235.51,238.34,244.0,178475,42411051.34,-2.3197,0.5821,1,0,none,baostock,query_history_k_data_plus
688019,SHSE.688019,,SH,A股-上交所,2022-04-18,239.0,253.5,234.73,250.61,238.34,366590,90635417.72,5.1481,1.1957,1,0,none,baostock,query_history_k_data_plus
688019,SHSE.688019,,SH,A股-上交所,2022-04-19,250.25,255.48,245.5,246.77,250.61,243740,61298480.56,-1.5323,0.795,1,0,none,baostock,query_history_k_data_plus
688019,SHSE.688019,,SH,A股-上交所,2022-04-20,247.03,255.0,247.03,253.25,246.77,236708,59784648.18,2.6259,0.772,1,0,none,baostock,query_history_k_data_plus
688019,SHSE.688019,,SH,A股-上交所,2022-04-21,251.99,257.59,250.0,252.0,253.25,244213,61939163.88,-0.4936,0.7965,1,0,none,baostock,query_history_k_data_plus
688019,SHSE.688019,,SH,A股-上交所,2022-04-22,250.0,264.46,247.88,251.0,252.0,441785,112676003.04,-0.3968,1.4409,1,0,none,baostock,query_history_k_data_plus
688019,SHSE.688019,,SH,A股-上交所,2022-04-25,248.0,248.0,230.0,233.75,251.0,370138,89043206.69,-6.8725,1.2072,1,0,none,baostock,query_history_k_data_plus
688019,SHSE.688019,,SH,A股-上交所,2022-04-26,236.88,236.88,224.0,231.15,233.75,321187,74034734.16,-1.1123,1.0476,1,0,none,baostock,query_history_k_data_plus
688019,SHSE.688019,,SH,A股-上交所,2022-04-27,227.98,252.0,221.65,250.0,231.15,496493,116074832.72,8.1549,1.6193,1,0,none,baostock,query_history_k_data_plus
688019,SHSE.688019,,SH,A股-上交所,2022-04-28,245.25,245.32,204.51,222.0,250.0,1151392,250267407.75,-11.2,3.7553,1,0,none,baostock,query_history_k_data_plus
688019,SHSE.688019,,SH,A股-上交所,2022-04-29,234.02,250.71,223.02,247.9,222.0,923200,217731414.11,11.6667,3.0111,1,0,none,baostock,query_history_k_data_plus
688019,SHSE.688019,,SH,A股-上交所,2022-05-05,240.0,260.99,238.05,241.05,247.9,666049,165746932.82,-2.7632,2.1724,1,0,none,baostock,query_history_k_data_plus
688019,SHSE.688019,,SH,A股-上交所,2022-05-06,236.0,251.37,233.0,240.06,241.05,447394,108828771.03,-0.4107,1.4592,1,0,none,baostock,query_history_k_data_plus
688019,SHSE.688019,,SH,A股-上交所,2022-05-09,239.98,248.66,238.0,246.33,240.06,320677,78572731.46,2.6118,1.0459,1,0,none,baostock,query_history_k_data_plus
688019,SHSE.688019,,SH,A股-上交所,2022-05-10,241.41,267.0,241.01,262.98,246.33,762857,199167109.96,6.7592,2.4881,1,0,none,baostock,query_history_k_data_plus
688019,SHSE.688019,,SH,A股-上交所,2022-05-11,264.9,281.0,260.0,273.0,262.98,650566,178206364.42,3.8102,2.1219,1,0,none,baostock,query_history_k_data_plus
688019,SHSE.688019,,SH,A股-上交所,2022-05-12,268.92,286.6,268.5,280.51,273.0,607725,170241183.12,2.7509,1.9821,1,0,none,baostock,query_history_k_data_plus
688019,SHSE.688019,,SH,A股-上交所,2022-05-13,286.14,287.0,277.61,281.94,280.51,514412,144454831.87,0.5098,1.6778,1,0,none,baostock,query_history_k_data_plus
688019,SHSE.688019,,SH,A股-上交所,2022-05-16,280.5,284.8,272.45,281.04,281.94,497626,138590472.35,-0.3192,1.623,1,0,none,baostock,query_history_k_data_plus
688019,SHSE.688019,,SH,A股-上交所,2022-05-17,275.42,287.6,275.42,282.41,281.04,519252,147834752.03,0.4875,1.6936,1,0,none,baostock,query_history_k_data_plus
688019,SHSE.688019,,SH,A股-上交所,2022-05-18,285.0,294.8,281.17,287.0,282.41,511299,147234229.15,1.6253,1.6676,1,0,none,baostock,query_history_k_data_plus
688019,SHSE.688019,,SH,A股-上交所,2022-05-19,282.83,292.75,278.01,287.0,287.0,419291,119715188.27,0.0,1.3675,1,0,none,baostock,query_history_k_data_plus
688019,SHSE.688019,,SH,A股-上交所,2022-05-20,291.0,299.34,289.42,292.8,287.0,661545,195115956.09,2.0209,2.1577,1,0,none,baostock,query_history_k_data_plus
688019,SHSE.688019,,SH,A股-上交所,2022-05-23,295.73,304.0,291.03,300.99,292.8,422400,125387103.07,2.7971,1.3777,1,0,none,baostock,query_history_k_data_plus
688019,SHSE.688019,,SH,A股-上交所,2022-05-24,298.8,313.92,290.01,291.0,300.99,631505,189515462.74,-3.319,2.0597,1,0,none,baostock,query_history_k_data_plus
688019,SHSE.688019,,SH,A股-上交所,2022-05-25,206.52,218.98,204.5,210.2,207.63,816532,172306279.85,1.2378,1.9023,1,0,none,baostock,query_history_k_data_plus
688019,SHSE.688019,,SH,A股-上交所,2022-05-26,201.0,205.85,195.0,202.27,210.2,1678491,336219276.44,-3.7726,3.9103,1,0,none,baostock,query_history_k_data_plus
688019,SHSE.688019,,SH,A股-上交所,2022-05-27,198.6,206.51,193.5,195.93,202.27,794796,157241067.24,-3.1344,1.8516,1,0,none,baostock,query_history_k_data_plus
688019,SHSE.688019,,SH,A股-上交所,2022-05-30,194.0,201.66,190.19,201.36,195.93,788604,156042057.62,2.7714,1.8372,1,0,none,baostock,query_history_k_data_plus
688019,SHSE.688019,,SH,A股-上交所,2022-05-31,198.85,210.99,196.98,207.81,201.36,849988,173889223.51,3.2032,1.9802,1,0,none,baostock,query_history_k_data_plus
688019,SHSE.688019,,SH,A股-上交所,2022-06-01,204.1,216.77,204.1,214.5,207.81,768117,163902260.98,3.2193,1.7895,1,0,none,baostock,query_history_k_data_plus
688019,SHSE.688019,,SH,A股-上交所,2022-06-02,215.33,223.74,210.6,221.82,214.5,964425,209657193.86,3.4126,2.2468,1,0,none,baostock,query_history_k_data_plus
688019,SHSE.688019,,SH,A股-上交所,2022-06-06,231.07,235.0,223.4,224.63,221.82,1407750,323223230.35,1.2668,3.2796,1,0,none,baostock,query_history_k_data_plus
688019,SHSE.688019,,SH,A股-上交所,2022-06-07,224.0,225.16,217.0,220.52,224.63,798426,175752874.95,-1.8297,1.8601,1,0,none,baostock,query_history_k_data_plus
688019,SHSE.688019,,SH,A股-上交所,2022-06-08,220.0,224.95,216.0,218.86,220.52,749249,164648264.33,-0.7528,1.7455,1,0,none,baostock,query_history_k_data_plus
688019,SHSE.688019,,SH,A股-上交所,2022-06-09,219.67,220.96,212.68,216.2,218.86,737521,159426653.28,-1.2154,1.7182,1,0,none,baostock,query_history_k_data_plus
688019,SHSE.688019,,SH,A股-上交所,2022-06-10,214.59,225.75,213.03,220.99,216.2,883763,194714253.83,2.2155,2.0589,1,0,none,baostock,query_history_k_data_plus
688019,SHSE.688019,,SH,A股-上交所,2022-06-13,218.11,220.0,209.0,214.4,220.99,690446,147635719.94,-2.982,1.6085,1,0,none,baostock,query_history_k_data_plus
688019,SHSE.688019,,SH,A股-上交所,2022-06-14,210.5,212.99,198.89,203.01,214.4,779654,157832646.02,-5.3125,1.8163,1,0,none,baostock,query_history_k_data_plus
688019,SHSE.688019,,SH,A股-上交所,2022-06-15,203.11,207.84,200.26,204.26,203.01,558952,114487729.79,0.6157,1.3022,1,0,none,baostock,query_history_k_data_plus
688019,SHSE.688019,,SH,A股-上交所,2022-06-16,205.0,224.5,203.34,221.0,204.26,1073055,233695518.76,8.1954,2.4999,1,0,none,baostock,query_history_k_data_plus
688019,SHSE.688019,,SH,A股-上交所,2022-06-17,219.97,222.75,216.16,220.58,221.0,576511,126317299.35,-0.19,1.3431,1,0,none,baostock,query_history_k_data_plus
688019,SHSE.688019,,SH,A股-上交所,2022-06-20,223.96,226.0,214.0,214.72,220.58,653249,143035112.8,-2.6566,1.5219,1,0,none,baostock,query_history_k_data_plus
688019,SHSE.688019,,SH,A股-上交所,2022-06-21,216.0,216.0,206.1,209.0,214.72,806393,168976955.96,-2.6639,1.8786,1,0,none,baostock,query_history_k_data_plus
688019,SHSE.688019,,SH,A股-上交所,2022-06-22,208.29,210.88,204.21,204.83,209.0,636793,131661822.04,-1.9952,1.4835,1,0,none,baostock,query_history_k_data_plus
688019,SHSE.688019,,SH,A股-上交所,2022-06-23,204.32,214.67,204.27,209.06,204.83,953717,199266568.94,2.0651,2.2219,1,0,none,baostock,query_history_k_data_plus
688019,SHSE.688019,,SH,A股-上交所,2022-06-24,211.0,213.94,204.02,207.0,209.06,982694,204219290.49,-0.9854,2.2894,1,0,none,baostock,query_history_k_data_plus
688019,SHSE.688019,,SH,A股-上交所,2022-06-27,208.11,210.98,204.0,204.3,207.0,700895,144566791.09,-1.3043,1.6329,1,0,none,baostock,query_history_k_data_plus
688019,SHSE.688019,,SH,A股-上交所,2022-06-28,204.2,213.0,197.51,209.19,204.3,1112758,226841804.81,2.3935,2.5924,1,0,none,baostock,query_history_k_data_plus
688019,SHSE.688019,,SH,A股-上交所,2022-06-29,206.22,211.96,202.0,202.09,209.19,866444,179371850.51,-3.394,2.0185,1,0,none,baostock,query_history_k_data_plus
688019,SHSE.688019,,SH,A股-上交所,2022-06-30,202.09,217.87,201.22,212.92,202.09,1109532,234772603.86,5.359,2.5849,1,0,none,baostock,query_history_k_data_plus
688019,SHSE.688019,,SH,A股-上交所,2022-07-01,212.96,216.0,209.22,210.03,212.92,570520,120958396.97,-1.3573,1.3291,1,0,none,baostock,query_history_k_data_plus
688019,SHSE.688019,,SH,A股-上交所,2022-07-04,210.51,210.51,197.18,200.68,210.03,1074343,215495812.33,-4.4517,2.5029,1,0,none,baostock,query_history_k_data_plus
688019,SHSE.688019,,SH,A股-上交所,2022-07-05,200.0,202.99,191.5,194.39,200.68,904005,177125540.12,-3.1343,2.106,1,0,none,baostock,query_history_k_data_plus
688019,SHSE.688019,,SH,A股-上交所,2022-07-06,195.23,206.0,193.11,198.92,194.39,963555,193153837.6,2.3304,2.2448,1,0,none,baostock,query_history_k_data_plus
688019,SHSE.688019,,SH,A股-上交所,2022-07-07,200.92,204.86,199.05,203.89,198.92,919176,186210539.64,2.4985,2.1414,1,0,none,baostock,query_history_k_data_plus
688019,SHSE.688019,,SH,A股-上交所,2022-07-08,201.0,207.98,200.0,200.37,203.89,620373,125848640.85,-1.7264,1.4453,1,0,none,baostock,query_history_k_data_plus
688019,SHSE.688019,,SH,A股-上交所,2022-07-11,196.26,201.03,192.0,195.94,200.37,666517,130237818.2,-2.2109,1.5528,1,0,none,baostock,query_history_k_data_plus
688019,SHSE.688019,,SH,A股-上交所,2022-07-12,195.94,197.9,187.68,188.89,195.94,683408,130138432.57,-3.598,1.5921,1,0,none,baostock,query_history_k_data_plus
688019,SHSE.688019,,SH,A股-上交所,2022-07-13,187.0,190.67,178.1,183.0,188.89,887927,161026046.93,-3.1182,2.0686,1,0,none,baostock,query_history_k_data_plus
688019,SHSE.688019,,SH,A股-上交所,2022-07-14,180.17,192.4,178.16,190.22,183.0,851828,160014496.96,3.9454,1.9845,1,0,none,baostock,query_history_k_data_plus
688019,SHSE.688019,,SH,A股-上交所,2022-07-15,188.5,196.02,188.0,191.6,190.22,540277,104379210.98,0.7255,1.2587,1,0,none,baostock,query_history_k_data_plus
688019,SHSE.688019,,SH,A股-上交所,2022-07-18,193.49,195.99,183.15,183.59,191.6,810977,151134695.89,-4.1806,1.8893,1,0,none,baostock,query_history_k_data_plus
688019,SHSE.688019,,SH,A股-上交所,2022-07-19,183.61,187.99,181.98,183.6,183.59,553884,102354016.57,0.0054,1.2904,1,0,none,baostock,query_history_k_data_plus
688019,SHSE.688019,,SH,A股-上交所,2022-07-20,189.5,190.94,185.36,187.5,183.6,557356,104773658.32,2.1242,1.2985,1,0,none,baostock,query_history_k_data_plus
688019,SHSE.688019,,SH,A股-上交所,2022-07-21,185.6,205.55,185.6,203.81,187.5,1679413,339285079.63,8.6987,3.895,1,0,none,baostock,query_history_k_data_plus
688019,SHSE.688019,,SH,A股-上交所,2022-07-22,205.29,211.04,203.84,207.1,203.81,965058,199854778.89,1.6142,1.2919,1,0,none,baostock,query_history_k_data_plus
688019,SHSE.688019,,SH,A股-上交所,2022-07-25,207.1,211.5,201.02,209.0,207.1,677385,141525879.18,0.9174,0.9068,1,0,none,baostock,query_history_k_data_plus
688019,SHSE.688019,,SH,A股-上交所,2022-07-26,205.1,215.0,203.43,210.79,209.0,1002157,211145283.69,0.8565,1.3415,1,0,none,baostock,query_history_k_data_plus
688019,SHSE.688019,,SH,A股-上交所,2022-07-27,210.17,213.9,204.7,206.46,210.79,780055,161656466.91,-2.0542,1.0442,1,0,none,baostock,query_history_k_data_plus
688019,SHSE.688019,,SH,A股-上交所,2022-07-28,208.97,216.58,206.13,211.76,206.46,868823,184005498.81,2.5671,1.1631,1,0,none,baostock,query_history_k_data_plus
688019,SHSE.688019,,SH,A股-上交所,2022-07-29,212.5,216.0,208.0,210.72,211.76,691373,145804984.32,-0.4911,0.9255,1,0,none,baostock,query_history_k_data_plus
688019,SHSE.688019,,SH,A股-上交所,2022-08-01,210.0,215.98,205.18,213.57,210.72,962858,203982992.36,1.3525,1.2889,1,0,none,baostock,query_history_k_data_plus
688019,SHSE.688019,,SH,A股-上交所,2022-08-02,213.0,222.22,208.83,214.8,213.57,1339537,290252754.6,0.5759,1.7932,1,0,none,baostock,query_history_k_data_plus
688019,SHSE.688019,,SH,A股-上交所,2022-08-03,216.9,234.0,211.99,225.18,214.8,1542892,345665419.5,4.8324,2.0654,1,0,none,baostock,query_history_k_data_plus
688019,SHSE.688019,,SH,A股-上交所,2022-08-04,228.9,236.85,225.25,234.03,225.18,1573266,364804285.0,3.9302,2.1061,1,0,none,baostock,query_history_k_data_plus
688019,SHSE.688019,,SH,A股-上交所,2022-08-05,233.78,254.99,233.0,247.32,234.03,2165634,529846055.0,5.6788,2.899,1,0,none,baostock,query_history_k_data_plus
688019,SHSE.688019,,SH,A股-上交所,2022-08-08,250.0,272.72,249.99,262.94,247.32,2935589,766797426.0,6.3157,3.9298,1,0,none,baostock,query_history_k_data_plus
688019,SHSE.688019,,SH,A股-上交所,2022-08-09,258.0,263.08,246.88,261.99,262.94,1285311,326969977.0,-0.3613,1.7206,1,0,none,baostock,query_history_k_data_plus
688019,SHSE.688019,,SH,A股-上交所,2022-08-10,260.0,285.58,256.01,269.8,261.99,1478371,403652582.0,2.981,1.979,1,0,none,baostock,query_history_k_data_plus
688019,SHSE.688019,,SH,A股-上交所,2022-08-11,271.25,281.01,270.06,277.99,269.8,1031862,285647360.0,3.0356,1.3813,1,0,none,baostock,query_history_k_data_plus
688019,SHSE.688019,,SH,A股-上交所,2022-08-12,276.0,283.74,263.93,264.51,277.99,1532986,414800290.0,-4.8491,2.0521,1,0,none,baostock,query_history_k_data_plus
688019,SHSE.688019,,SH,A股-上交所,2022-08-15,264.51,274.49,263.08,269.1,264.51,1196333,322295650.87,1.7353,1.6015,1,0,none,baostock,query_history_k_data_plus
688019,SHSE.688019,,SH,A股-上交所,2022-08-16,270.0,277.52,265.87,269.0,269.1,959809,259327501.53,-0.0372,1.2849,1,0,none,baostock,query_history_k_data_plus
688019,SHSE.688019,,SH,A股-上交所,2022-08-17,269.65,271.98,264.26,265.56,269.0,801289,214327022.99,-1.2788,1.0727,1,0,none,baostock,query_history_k_data_plus
688019,SHSE.688019,,SH,A股-上交所,2022-08-18,263.0,276.0,260.1,271.31,265.56,791142,214132459.51,2.1652,1.0591,1,0,none,baostock,query_history_k_data_plus
688019,SHSE.688019,,SH,A股-上交所,2022-08-19,272.05,279.93,266.0,266.34,271.31,756513,204585948.85,-1.8319,1.0127,1,0,none,baostock,query_history_k_data_plus
688019,SHSE.688019,,SH,A股-上交所,2022-08-22,268.3,277.77,265.8,274.45,266.34,841385,229745504.17,3.045,1.1263,1,0,none,baostock,query_history_k_data_plus
688019,SHSE.688019,,SH,A股-上交所,2022-08-23,268.0,276.18,262.27,274.5,274.45,660438,179107397.24,0.0182,0.8841,1,0,none,baostock,query_history_k_data_plus
688019,SHSE.688019,,SH,A股-上交所,2022-08-24,270.17,274.5,255.06,260.38,274.5,1482256,385263602.59,-5.1439,1.9842,1,0,none,baostock,query_history_k_data_plus
688019,SHSE.688019,,SH,A股-上交所,2022-08-25,256.06,264.79,253.07,257.78,260.38,997900,257105849.35,-0.9985,1.3358,1,0,none,baostock,query_history_k_data_plus
688019,SHSE.688019,,SH,A股-上交所,2022-08-26,260.0,261.99,248.8,253.0,257.78,944916,240187341.69,-1.8543,1.2649,1,0,none,baostock,query_history_k_data_plus
688019,SHSE.688019,,SH,A股-上交所,2022-08-29,250.1,259.51,246.52,257.85,253.0,911594,233122429.53,1.917,1.2203,1,0,none,baostock,query_history_k_data_plus
688019,SHSE.688019,,SH,A股-上交所,2022-08-30,258.79,267.75,255.1,260.2,257.85,749386,195570406.71,0.9114,1.0032,1,0,none,baostock,query_history_k_data_plus
688019,SHSE.688019,,SH,A股-上交所,2022-08-31,266.0,274.48,263.22,267.62,260.2,1468454,394832281.7,2.8517,1.9658,1,0,none,baostock,query_history_k_data_plus
688019,SHSE.688019,,SH,A股-上交所,2022-09-01,267.3,274.8,255.88,257.07,267.62,1249043,329370198.54,-3.9422,1.672,1,0,none,baostock,query_history_k_data_plus
688019,SHSE.688019,,SH,A股-上交所,2022-09-02,255.55,265.69,254.33,261.8,257.07,1263264,329576734.63,1.84,1.6911,1,0,none,baostock,query_history_k_data_plus
688019,SHSE.688019,,SH,A股-上交所,2022-09-05,260.77,263.79,252.01,253.95,261.8,1283327,329224121.26,-2.9985,1.7179,1,0,none,baostock,query_history_k_data_plus
688019,SHSE.688019,,SH,A股-上交所,2022-09-06,253.08,263.0,249.18,257.0,253.95,1177335,302921360.97,1.201,1.576,1,0,none,baostock,query_history_k_data_plus
688019,SHSE.688019,,SH,A股-上交所,2022-09-07,258.61,305.49,255.5,286.12,257.0,2312729,662333386.03,11.3307,3.096,1,0,none,baostock,query_history_k_data_plus
688019,SHSE.688019,,SH,A股-上交所,2022-09-08,280.4,287.36,272.5,273.54,286.12,1798347,498724913.3,-4.3968,2.4074,1,0,none,baostock,query_history_k_data_plus
688019,SHSE.688019,,SH,A股-上交所,2022-09-09,277.1,277.3,250.01,256.17,273.54,1867055,486083985.29,-6.3501,2.4993,1,0,none,baostock,query_history_k_data_plus
688019,SHSE.688019,,SH,A股-上交所,2022-09-13,255.41,269.9,255.21,262.13,256.17,1060564,279508502.31,2.3266,1.4197,1,0,none,baostock,query_history_k_data_plus
688019,SHSE.688019,,SH,A股-上交所,2022-09-14,259.0,278.66,256.03,268.88,262.13,1300253,347973365.38,2.5751,1.7406,1,0,none,baostock,query_history_k_data_plus
688019,SHSE.688019,,SH,A股-上交所,2022-09-15,267.73,272.98,256.66,261.51,268.88,989820,260260287.81,-2.741,1.325,1,0,none,baostock,query_history_k_data_plus
688019,SHSE.688019,,SH,A股-上交所,2022-09-16,261.0,273.51,257.47,269.4,261.51,926085,247549019.61,3.0171,1.2397,1,0,none,baostock,query_history_k_data_plus
688019,SHSE.688019,,SH,A股-上交所,2022-09-19,268.55,279.99,268.0,269.82,269.4,845009,230808710.65,0.1559,1.1312,1,0,none,baostock,query_history_k_data_plus
688019,SHSE.688019,,SH,A股-上交所,2022-09-20,273.34,273.34,256.0,263.93,269.82,802778,212592992.91,-2.1829,1.0746,1,0,none,baostock,query_history_k_data_plus
688019,SHSE.688019,,SH,A股-上交所,2022-09-21,262.0,265.37,255.99,256.44,263.93,698836,181102082.78,-2.8379,0.9355,1,0,none,baostock,query_history_k_data_plus
688019,SHSE.688019,,SH,A股-上交所,2022-09-22,254.52,264.51,253.45,260.06,256.44,613013,159103121.94,1.4116,0.8206,1,0,none,baostock,query_history_k_data_plus
688019,SHSE.688019,,SH,A股-上交所,2022-09-23,260.3,264.48,249.88,254.5,260.06,699093,178396616.56,-2.138,0.9358,1,0,none,baostock,query_history_k_data_plus
688019,SHSE.688019,,SH,A股-上交所,2022-09-26,256.45,273.26,252.21,267.47,254.5,837951,222735757.23,5.0963,1.1217,1,0,none,baostock,query_history_k_data_plus
688019,SHSE.688019,,SH,A股-上交所,2022-09-27,265.0,284.99,265.0,283.4,267.47,1013416,283492673.25,5.9558,1.3566,1,0,none,baostock,query_history_k_data_plus
688019,SHSE.688019,,SH,A股-上交所,2022-09-28,283.86,289.43,280.19,281.03,283.4,727515,206260459.82,-0.8363,0.9739,1,0,none,baostock,query_history_k_data_plus
688019,SHSE.688019,,SH,A股-上交所,2022-09-29,280.75,284.0,269.0,277.55,281.03,752828,206876410.44,-1.2383,1.0078,1,0,none,baostock,query_history_k_data_plus
688019,SHSE.688019,,SH,A股-上交所,2022-09-30,277.0,277.0,258.01,259.98,277.55,995886,262582913.98,-6.3304,1.3332,1,0,none,baostock,query_history_k_data_plus
688019,SHSE.688019,,SH,A股-上交所,2022-10-10,251.65,251.65,207.98,207.98,259.98,1530772,329715727.54,-20.0015,2.0492,1,0,none,baostock,query_history_k_data_plus
688019,SHSE.688019,,SH,A股-上交所,2022-10-11,201.14,201.88,176.0,180.34,207.98,3913788,703857897.36,-13.2897,5.2392,1,0,none,baostock,query_history_k_data_plus
688019,SHSE.688019,,SH,A股-上交所,2022-10-12,177.15,200.99,175.12,194.1,180.34,2821536,525600588.08,7.63,3.7771,1,0,none,baostock,query_history_k_data_plus
688019,SHSE.688019,,SH,A股-上交所,2022-10-13,194.1,204.95,190.2,193.5,194.1,2314632,458695742.1,-0.3091,3.0985,1,0,none,baostock,query_history_k_data_plus
688019,SHSE.688019,,SH,A股-上交所,2022-10-14,196.0,199.36,184.0,187.7,193.5,2927496,553200607.71,-2.9974,3.9189,1,0,none,baostock,query_history_k_data_plus
688019,SHSE.688019,,SH,A股-上交所,2022-10-17,187.04,198.0,186.14,193.5,187.7,2378455,454964206.29,3.09,3.1839,1,0,none,baostock,query_history_k_data_plus
688019,SHSE.688019,,SH,A股-上交所,2022-10-18,199.0,199.9,187.72,194.05,193.5,2162182,416317909.81,0.2842,2.8944,1,0,none,baostock,query_history_k_data_plus
688019,SHSE.688019,,SH,A股-上交所,2022-10-19,194.0,198.65,191.01,195.6,194.05,1263683,247553726.39,0.7988,1.6916,1,0,none,baostock,query_history_k_data_plus
688019,SHSE.688019,,SH,A股-上交所,2022-10-20,193.9,224.99,192.27,220.5,195.6,2449420,520603610.54,12.7301,3.2789,1,0,none,baostock,query_history_k_data_plus
688019,SHSE.688019,,SH,A股-上交所,2022-10-21,217.0,220.5,204.77,214.7,220.5,1795159,380521883.11,-2.6304,2.4031,1,0,none,baostock,query_history_k_data_plus
688019,SHSE.688019,,SH,A股-上交所,2022-10-24,213.66,222.99,212.95,218.14,214.7,1046461,229226269.97,1.6022,1.4009,1,0,none,baostock,query_history_k_data_plus
688019,SHSE.688019,,SH,A股-上交所,2022-10-25,218.7,220.0,211.26,217.5,218.14,968097,208663050.83,-0.2934,1.296,1,0,none,baostock,query_history_k_data_plus
688019,SHSE.688019,,SH,A股-上交所,2022-10-26,217.89,221.5,210.24,220.0,217.5,1184788,258635812.59,1.1494,1.586,1,0,none,baostock,query_history_k_data_plus
688019,SHSE.688019,,SH,A股-上交所,2022-10-27,218.0,223.48,212.2,220.55,220.0,1272846,277264528.26,0.25,1.7039,1,0,none,baostock,query_history_k_data_plus
688019,SHSE.688019,,SH,A股-上交所,2022-10-28,215.09,229.88,215.09,216.5,220.55,1493569,331797561.06,-1.8363,1.9994,1,0,none,baostock,query_history_k_data_plus
688019,SHSE.688019,,SH,A股-上交所,2022-10-31,217.2,229.28,216.0,223.93,216.5,1369483,306361764.05,3.4319,1.8333,1,0,none,baostock,query_history_k_data_plus
688019,SHSE.688019,,SH,A股-上交所,2022-11-01,222.36,225.45,212.1,215.3,223.93,1816700,391578428.89,-3.8539,2.4319,1,0,none,baostock,query_history_k_data_plus
688019,SHSE.688019,,SH,A股-上交所,2022-11-02,215.89,227.5,214.27,221.0,215.3,1411754,311923279.46,2.6475,1.8899,1,0,none,baostock,query_history_k_data_plus
688019,SHSE.688019,,SH,A股-上交所,2022-11-03,220.0,240.96,218.89,236.83,221.0,1395542,324145619.92,7.1629,1.8682,1,0,none,baostock,query_history_k_data_plus
688019,SHSE.688019,,SH,A股-上交所,2022-11-04,237.9,237.91,226.9,231.5,236.83,1506049,347354043.62,-2.2506,2.0161,1,0,none,baostock,query_history_k_data_plus
688019,SHSE.688019,,SH,A股-上交所,2022-11-07,232.0,235.18,227.51,231.0,231.5,945860,219056736.33,-0.216,1.2662,1,0,none,baostock,query_history_k_data_plus
688019,SHSE.688019,,SH,A股-上交所,2022-11-08,232.01,232.01,216.0,221.79,231.0,1581350,349358653.69,-3.987,2.1169,1,0,none,baostock,query_history_k_data_plus
688019,SHSE.688019,,SH,A股-上交所,2022-11-09,221.07,224.14,219.21,222.81,221.79,856576,190574073.25,0.4599,1.1467,1,0,none,baostock,query_history_k_data_plus
688019,SHSE.688019,,SH,A股-上交所,2022-11-10,221.9,228.89,206.4,208.03,222.81,1556301,330108172.33,-6.6335,2.0834,1,0,none,baostock,query_history_k_data_plus
688019,SHSE.688019,,SH,A股-上交所,2022-11-11,215.04,216.54,205.0,205.72,208.03,1429354,298941377.77,-1.1104,1.9134,1,0,none,baostock,query_history_k_data_plus
688019,SHSE.688019,,SH,A股-上交所,2022-11-14,205.95,208.37,199.89,202.8,205.72,1049587,213146429.52,-1.4194,1.405,1,0,none,baostock,query_history_k_data_plus
688019,SHSE.688019,,SH,A股-上交所,2022-11-15,201.0,211.75,199.0,211.5,202.8,1391363,289597668.78,4.2899,1.8626,1,0,none,baostock,query_history_k_data_plus
688019,SHSE.688019,,SH,A股-上交所,2022-11-16,210.96,210.98,201.01,202.57,211.5,1227604,251205067.3,-4.2222,1.6433,1,0,none,baostock,query_history_k_data_plus
688019,SHSE.688019,,SH,A股-上交所,2022-11-17,200.0,205.78,197.1,205.16,202.57,851950,171767123.38,1.2786,1.1405,1,0,none,baostock,query_history_k_data_plus
688019,SHSE.688019,,SH,A股-上交所,2022-11-18,203.43,209.8,201.0,202.11,205.16,1106962,227428519.56,-1.4866,1.4818,1,0,none,baostock,query_history_k_data_plus
688019,SHSE.688019,,SH,A股-上交所,2022-11-21,202.0,204.83,198.01,204.14,202.11,550247,111445672.26,1.0044,0.7366,1,0,none,baostock,query_history_k_data_plus
688019,SHSE.688019,,SH,A股-上交所,2022-11-22,203.38,205.08,198.18,198.33,204.14,983201,196917547.45,-2.8461,1.3162,1,0,none,baostock,query_history_k_data_plus
688019,SHSE.688019,,SH,A股-上交所,2022-11-23,198.23,199.5,190.5,196.41,198.33,1222882,238204333.11,-0.9681,1.637,1,0,none,baostock,query_history_k_data_plus
688019,SHSE.688019,,SH,A股-上交所,2022-11-24,197.33,201.8,195.0,196.5,196.41,858368,169427992.88,0.0458,1.1491,1,0,none,baostock,query_history_k_data_plus
688019,SHSE.688019,,SH,A股-上交所,2022-11-25,195.6,199.59,190.53,192.02,196.5,1119899,216447396.27,-2.2799,1.4992,1,0,none,baostock,query_history_k_data_plus
688019,SHSE.688019,,SH,A股-上交所,2022-11-28,189.06,193.0,188.33,190.88,192.02,694223,132335930.03,-0.5937,0.9293,1,0,none,baostock,query_history_k_data_plus
688019,SHSE.688019,,SH,A股-上交所,2022-11-29,191.01,192.03,186.42,191.4,190.88,981317,186177007.88,0.2724,1.3136,1,0,none,baostock,query_history_k_data_plus
688019,SHSE.688019,,SH,A股-上交所,2022-11-30,191.4,191.4,184.66,185.46,191.4,1289812,240874037.51,-3.1034,1.7266,1,0,none,baostock,query_history_k_data_plus
688019,SHSE.688019,,SH,A股-上交所,2022-12-01,187.44,191.87,185.78,191.65,185.46,1392688,265058741.9,3.3376,1.8643,1,0,none,baostock,query_history_k_data_plus
688019,SHSE.688019,,SH,A股-上交所,2022-12-02,188.88,191.48,186.0,186.5,191.65,1362918,255822665.62,-2.6872,1.8245,1,0,none,baostock,query_history_k_data_plus
688019,SHSE.688019,,SH,A股-上交所,2022-12-05,187.08,187.2,182.22,184.06,186.5,986157,181226829.82,-1.3083,1.3201,1,0,none,baostock,query_history_k_data_plus
688019,SHSE.688019,,SH,A股-上交所,2022-12-06,183.06,193.33,182.25,187.5,184.06,1459841,273737267.01,1.869,1.9542,1,0,none,baostock,query_history_k_data_plus
688019,SHSE.688019,,SH,A股-上交所,2022-12-07,186.5,189.5,184.37,186.31,187.5,926486,173033499.91,-0.6347,1.2402,1,0,none,baostock,query_history_k_data_plus
688019,SHSE.688019,,SH,A股-上交所,2022-12-08,186.31,186.31,179.77,180.64,186.31,1406907,256020678.48,-3.0433,1.8834,1,0,none,baostock,query_history_k_data_plus
688019,SHSE.688019,,SH,A股-上交所,2022-12-09,180.86,187.65,180.25,183.66,180.64,1448999,266416023.33,1.6718,1.9397,1,0,none,baostock,query_history_k_data_plus
688019,SHSE.688019,,SH,A股-上交所,2022-12-12,182.09,189.5,180.59,187.99,183.66,1571495,293157495.61,2.3576,2.1037,1,0,none,baostock,query_history_k_data_plus
688019,SHSE.688019,,SH,A股-上交所,2022-12-13,186.8,190.2,185.74,186.19,187.99,1140553,213823626.35,-0.9575,1.5268,1,0,none,baostock,query_history_k_data_plus
688019,SHSE.688019,,SH,A股-上交所,2022-12-14,192.2,195.81,185.15,186.0,186.19,1952478,373017054.19,-0.102,2.6137,1,0,none,baostock,query_history_k_data_plus
688019,SHSE.688019,,SH,A股-上交所,2022-12-15,184.18,189.88,181.2,184.51,186.0,1530476,284763905.16,-0.8011,2.0488,1,0,none,baostock,query_history_k_data_plus
688019,SHSE.688019,,SH,A股-上交所,2022-12-16,183.01,186.72,180.2,180.88,184.51,1044902,190432246.35,-1.9674,1.3988,1,0,none,baostock,query_history_k_data_plus
688019,SHSE.688019,,SH,A股-上交所,2022-12-19,180.02,183.68,177.52,178.28,180.88,727068,130779949.75,-1.4374,0.9733,1,0,none,baostock,query_history_k_data_plus
688019,SHSE.688019,,SH,A股-上交所,2022-12-20,177.03,181.0,175.1,175.1,178.28,773445,136938166.76,-1.7837,1.0354,1,0,none,baostock,query_history_k_data_plus
688019,SHSE.688019,,SH,A股-上交所,2022-12-21,174.0,176.65,171.19,172.9,175.1,679566,117993364.09,-1.2564,0.9097,1,0,none,baostock,query_history_k_data_plus
688019,SHSE.688019,,SH,A股-上交所,2022-12-22,172.28,176.98,170.09,170.67,172.9,504158,87298913.03,-1.2898,0.6749,1,0,none,baostock,query_history_k_data_plus
688019,SHSE.688019,,SH,A股-上交所,2022-12-23,170.64,170.64,162.64,164.32,170.67,826583,136800483.68,-3.7206,1.1065,1,0,none,baostock,query_history_k_data_plus
688019,SHSE.688019,,SH,A股-上交所,2022-12-26,163.84,172.59,163.74,171.13,164.32,776804,132031186.12,4.1444,1.0399,1,0,none,baostock,query_history_k_data_plus
688019,SHSE.688019,,SH,A股-上交所,2022-12-27,169.88,179.2,169.88,177.9,171.13,1021576,178904171.13,3.9561,1.3675,1,0,none,baostock,query_history_k_data_plus
688019,SHSE.688019,,SH,A股-上交所,2022-12-28,176.9,184.48,176.9,181.97,177.9,1335525,243272388.4,2.2878,1.7878,1,0,none,baostock,query_history_k_data_plus
688019,SHSE.688019,,SH,A股-上交所,2022-12-29,180.82,185.85,178.31,183.9,181.97,929383,169791288.54,1.0606,1.2441,1,0,none,baostock,query_history_k_data_plus
688019,SHSE.688019,,SH,A股-上交所,2022-12-30,184.12,187.74,179.27,180.0,183.9,643128,117201507.88,-2.1207,0.8609,1,0,none,baostock,query_history_k_data_plus
688019,SHSE.688019,,SH,A股-上交所,2023-01-03,181.0,184.67,177.06,181.99,180.0,936193,169806770.04,1.1056,1.2532,1,0,none,baostock,query_history_k_data_plus
688019,SHSE.688019,,SH,A股-上交所,2023-01-04,183.5,185.01,173.33,175.55,181.99,1243360,220336144.97,-3.5387,1.6644,1,0,none,baostock,query_history_k_data_plus
688019,SHSE.688019,,SH,A股-上交所,2023-01-05,175.0,177.8,173.58,176.92,175.55,813290,143447882.2,0.7804,1.0887,1,0,none,baostock,query_history_k_data_plus
688019,SHSE.688019,,SH,A股-上交所,2023-01-06,177.9,180.88,174.12,180.0,176.92,928334,165863347.45,1.7409,1.2427,1,0,none,baostock,query_history_k_data_plus
688019,SHSE.688019,,SH,A股-上交所,2023-01-09,180.0,185.37,176.91,179.0,180.0,1015510,183021835.28,-0.5556,1.3594,1,0,none,baostock,query_history_k_data_plus
688019,SHSE.688019,,SH,A股-上交所,2023-01-10,180.0,183.26,177.5,178.33,179.0,805381,144474462.01,-0.3743,1.0781,1,0,none,baostock,query_history_k_data_plus
688019,SHSE.688019,,SH,A股-上交所,2023-01-11,181.3,194.0,180.0,188.46,178.33,2502687,475188627.06,5.6805,3.3502,1,0,none,baostock,query_history_k_data_plus
688019,SHSE.688019,,SH,A股-上交所,2023-01-12,187.3,190.52,181.83,182.28,188.46,1177327,216963745.01,-3.2792,1.576,1,0,none,baostock,query_history_k_data_plus
688019,SHSE.688019,,SH,A股-上交所,2023-01-13,183.0,183.89,179.27,182.3,182.28,768286,139483361.03,0.011,1.0285,1,0,none,baostock,query_history_k_data_plus
688019,SHSE.688019,,SH,A股-上交所,2023-01-16,180.8,188.5,180.8,185.61,182.3,989854,183825240.06,1.8157,1.3251,1,0,none,baostock,query_history_k_data_plus
688019,SHSE.688019,,SH,A股-上交所,2023-01-17,186.0,200.38,185.01,198.13,185.61,1968508,383207163.98,6.7453,2.6352,1,0,none,baostock,query_history_k_data_plus
688019,SHSE.688019,,SH,A股-上交所,2023-01-18,197.2,203.75,197.2,200.92,198.13,1127796,226189911.58,1.4082,1.5097,1,0,none,baostock,query_history_k_data_plus
688019,SHSE.688019,,SH,A股-上交所,2023-01-19,200.8,202.5,197.45,200.86,200.92,595318,119340225.82,-0.0299,0.7969,1,0,none,baostock,query_history_k_data_plus
688019,SHSE.688019,,SH,A股-上交所,2023-01-20,200.83,201.88,196.0,196.8,200.86,790007,156309362.93,-2.0213,1.0575,1,0,none,baostock,query_history_k_data_plus
688019,SHSE.688019,,SH,A股-上交所,2023-01-30,198.42,199.6,190.0,195.01,196.8,1529277,296686835.23,-0.9096,2.0472,1,0,none,baostock,query_history_k_data_plus
688019,SHSE.688019,,SH,A股-上交所,2023-01-31,195.15,198.5,192.16,194.06,195.01,865465,168496167.36,-0.4872,1.1586,1,0,none,baostock,query_history_k_data_plus
688019,SHSE.688019,,SH,A股-上交所,2023-02-01,196.2,199.83,194.28,197.48,194.06,1089701,215144295.04,1.7623,1.4587,1,0,none,baostock,query_history_k_data_plus
688019,SHSE.688019,,SH,A股-上交所,2023-02-02,197.94,207.84,197.85,204.94,197.48,1469124,299484826.0,3.7776,1.9667,1,0,none,baostock,query_history_k_data_plus
688019,SHSE.688019,,SH,A股-上交所,2023-02-03,202.75,205.35,199.3,204.26,204.94,823200,166450573.36,-0.3318,1.102,1,0,none,baostock,query_history_k_data_plus
688019,SHSE.688019,,SH,A股-上交所,2023-02-06,202.0,205.3,199.95,200.7,204.26,687209,138591977.13,-1.7429,0.9199,1,0,none,baostock,query_history_k_data_plus
688019,SHSE.688019,,SH,A股-上交所,2023-02-07,201.95,201.95,195.93,197.2,200.7,797130,157448148.66,-1.7439,1.0671,1,0,none,baostock,query_history_k_data_plus
688019,SHSE.688019,,SH,A股-上交所,2023-02-08,197.02,200.22,193.85,194.8,197.2,620020,121885450.71,-1.217,0.83,1,0,none,baostock,query_history_k_data_plus
688019,SHSE.688019,,SH,A股-上交所,2023-02-09,194.0,203.68,193.0,202.95,194.8,995174,199308195.87,4.1838,1.3322,1,0,none,baostock,query_history_k_data_plus
688019,SHSE.688019,,SH,A股-上交所,2023-02-10,202.04,206.64,199.6,200.5,202.95,587806,118894317.68,-1.2072,0.7869,1,0,none,baostock,query_history_k_data_plus
688019,SHSE.688019,,SH,A股-上交所,2023-02-13,199.98,204.99,197.02,203.97,200.5,718374,145313328.07,1.7307,0.9617,1,0,none,baostock,query_history_k_data_plus
688019,SHSE.688019,,SH,A股-上交所,2023-02-14,203.97,205.79,200.88,202.35,203.97,535096,108784411.76,-0.7942,0.7163,1,0,none,baostock,query_history_k_data_plus
688019,SHSE.688019,,SH,A股-上交所,2023-02-15,203.89,205.5,200.1,204.69,202.35,707122,143643489.92,1.1564,0.9466,1,0,none,baostock,query_history_k_data_plus
688019,SHSE.688019,,SH,A股-上交所,2023-02-16,204.6,209.56,202.26,202.75,204.69,1216909,250155714.4,-0.9478,1.629,1,0,none,baostock,query_history_k_data_plus
688019,SHSE.688019,,SH,A股-上交所,2023-02-17,202.99,203.5,193.68,194.14,202.75,821874,162215529.89,-4.2466,1.1002,1,0,none,baostock,query_history_k_data_plus
688019,SHSE.688019,,SH,A股-上交所,2023-02-20,192.0,193.91,189.27,192.25,194.14,697434,133768519.68,-0.9735,0.9336,1,0,none,baostock,query_history_k_data_plus
688019,SHSE.688019,,SH,A股-上交所,2023-02-21,192.9,196.67,192.01,195.1,192.25,489648,95297800.79,1.4824,0.6555,1,0,none,baostock,query_history_k_data_plus
688019,SHSE.688019,,SH,A股-上交所,2023-02-22,192.5,195.38,192.5,193.8,195.1,300468,58351051.89,-0.6663,0.4022,1,0,none,baostock,query_history_k_data_plus
688019,SHSE.688019,,SH,A股-上交所,2023-02-23,193.0,196.8,192.6,194.75,193.8,332165,64634226.75,0.4902,0.4447,1,0,none,baostock,query_history_k_data_plus
688019,SHSE.688019,,SH,A股-上交所,2023-02-24,196.5,197.86,193.6,194.75,194.75,367524,71812242.45,0.0,0.492,1,0,none,baostock,query_history_k_data_plus
688019,SHSE.688019,,SH,A股-上交所,2023-02-27,194.0,195.8,191.11,192.68,194.75,346957,66970389.66,-1.0629,0.4645,1,0,none,baostock,query_history_k_data_plus
688019,SHSE.688019,,SH,A股-上交所,2023-02-28,192.94,196.9,192.94,195.0,192.68,321307,62780609.25,1.2041,0.4301,1,0,none,baostock,query_history_k_data_plus
688019,SHSE.688019,,SH,A股-上交所,2023-03-01,196.11,200.7,194.3,199.51,195.0,584035,115728077.17,2.3128,0.7818,1,0,none,baostock,query_history_k_data_plus
688019,SHSE.688019,,SH,A股-上交所,2023-03-02,200.25,202.99,195.51,197.84,199.51,468715,93236846.9,-0.8371,0.6274,1,0,none,baostock,query_history_k_data_plus
688019,SHSE.688019,,SH,A股-上交所,2023-03-03,200.0,217.88,200.0,212.47,197.84,1973792,416000916.73,7.3949,2.6422,1,0,none,baostock,query_history_k_data_plus
688019,SHSE.688019,,SH,A股-上交所,2023-03-06,211.0,223.9,209.17,219.08,212.47,1562877,339024525.02,3.111,2.0922,1,0,none,baostock,query_history_k_data_plus
688019,SHSE.688019,,SH,A股-上交所,2023-03-07,218.04,222.21,213.5,213.83,219.08,933300,202208055.97,-2.3964,1.2494,1,0,none,baostock,query_history_k_data_plus
688019,SHSE.688019,,SH,A股-上交所,2023-03-08,212.51,218.18,211.48,216.74,213.83,769859,165463704.95,1.3609,1.0306,1,0,none,baostock,query_history_k_data_plus
688019,SHSE.688019,,SH,A股-上交所,2023-03-09,216.7,238.0,215.21,224.44,216.74,1962723,449263990.28,3.5526,2.6274,1,0,none,baostock,query_history_k_data_plus
688019,SHSE.688019,,SH,A股-上交所,2023-03-10,224.66,230.97,220.0,226.98,224.44,1479418,335129176.61,1.1317,1.9804,1,0,none,baostock,query_history_k_data_plus
688019,SHSE.688019,,SH,A股-上交所,2023-03-13,226.06,226.61,218.01,224.08,226.98,1219386,269350347.77,-1.2776,1.6323,1,0,none,baostock,query_history_k_data_plus
688019,SHSE.688019,,SH,A股-上交所,2023-03-14,220.13,233.89,219.59,231.8,224.08,1193634,272708286.92,3.4452,1.5979,1,0,none,baostock,query_history_k_data_plus
688019,SHSE.688019,,SH,A股-上交所,2023-03-15,231.5,237.8,227.22,228.51,231.8,1227499,284069458.24,-1.4193,1.6432,1,0,none,baostock,query_history_k_data_plus
688019,SHSE.688019,,SH,A股-上交所,2023-03-16,227.25,230.66,217.5,219.7,228.51,1223289,272634634.33,-3.8554,1.6376,1,0,none,baostock,query_history_k_data_plus
688019,SHSE.688019,,SH,A股-上交所,2023-03-17,221.0,226.6,217.89,219.1,219.7,1201248,267174887.3,-0.2731,1.6081,1,0,none,baostock,query_history_k_data_plus
688019,SHSE.688019,,SH,A股-上交所,2023-03-20,219.03,226.8,214.74,223.7,219.1,1362467,302474228.19,2.0995,1.8239,1,0,none,baostock,query_history_k_data_plus
688019,SHSE.688019,,SH,A股-上交所,2023-03-21,223.25,224.85,215.12,217.72,223.7,1171516,255455943.28,-2.6732,1.5683,1,0,none,baostock,query_history_k_data_plus
688019,SHSE.688019,,SH,A股-上交所,2023-03-22,218.0,218.0,209.0,212.02,217.72,1720049,365699872.36,-2.618,2.3026,1,0,none,baostock,query_history_k_data_plus
688019,SHSE.688019,,SH,A股-上交所,2023-03-23,200.0,212.0,194.03,211.18,212.02,2569014,523325265.48,-0.3962,3.439,1,0,none,baostock,query_history_k_data_plus
688019,SHSE.688019,,SH,A股-上交所,2023-03-24,209.0,209.0,201.64,204.19,211.18,1228278,252443019.42,-3.31,1.6442,1,0,none,baostock,query_history_k_data_plus
688019,SHSE.688019,,SH,A股-上交所,2023-03-27,204.67,211.5,201.02,202.8,204.19,966989,198724195.8,-0.6807,1.2945,1,0,none,baostock,query_history_k_data_plus
688019,SHSE.688019,,SH,A股-上交所,2023-03-28,200.68,204.96,195.14,195.31,202.8,822610,162845035.59,-3.6933,1.1012,1,0,none,baostock,query_history_k_data_plus
688019,SHSE.688019,,SH,A股-上交所,2023-03-29,195.26,213.0,193.11,210.75,195.31,2422101,500844939.72,7.9054,3.2424,1,0,none,baostock,query_history_k_data_plus
688019,SHSE.688019,,SH,A股-上交所,2023-03-30,211.97,212.55,205.53,211.24,210.75,1052368,219748228.86,0.2325,1.4088,1,0,none,baostock,query_history_k_data_plus
688019,SHSE.688019,,SH,A股-上交所,2023-03-31,210.0,212.6,206.03,209.2,211.24,738317,153937213.98,-0.9657,0.9884,1,0,none,baostock,query_history_k_data_plus
688019,SHSE.688019,,SH,A股-上交所,2023-04-03,214.0,224.08,214.0,220.98,209.2,1647329,362243752.17,5.631,2.2052,1,0,none,baostock,query_history_k_data_plus
688019,SHSE.688019,,SH,A股-上交所,2023-04-04,221.21,235.0,219.86,223.5,220.98,2250537,509668030.42,1.1404,3.0127,1,0,none,baostock,query_history_k_data_plus
688019,SHSE.688019,,SH,A股-上交所,2023-04-06,223.48,246.58,220.05,241.0,223.5,2442979,572924153.03,7.83,3.2703,1,0,none,baostock,query_history_k_data_plus
688019,SHSE.688019,,SH,A股-上交所,2023-04-07,241.0,254.68,237.09,242.74,241.0,2682386,656942328.32,0.722,3.5908,1,0,none,baostock,query_history_k_data_plus
688019,SHSE.688019,,SH,A股-上交所,2023-04-10,242.01,245.0,229.0,229.01,242.74,1825776,428304959.48,-5.6563,2.4441,1,0,none,baostock,query_history_k_data_plus
688019,SHSE.688019,,SH,A股-上交所,2023-04-11,232.0,234.13,224.81,227.23,229.01,1494353,341556085.03,-0.7773,2.0004,1,0,none,baostock,query_history_k_data_plus
688019,SHSE.688019,,SH,A股-上交所,2023-04-12,228.37,230.49,224.0,227.5,227.23,1396451,317552965.53,0.1188,1.8694,1,0,none,baostock,query_history_k_data_plus
688019,SHSE.688019,,SH,A股-上交所,2023-04-13,226.3,227.11,218.4,220.0,227.5,1274524,282813052.37,-3.2967,1.7062,1,0,none,baostock,query_history_k_data_plus
688019,SHSE.688019,,SH,A股-上交所,2023-04-14,223.0,248.64,218.88,244.89,220.0,2820460,662768534.41,11.3136,3.7756,1,0,none,baostock,query_history_k_data_plus
688019,SHSE.688019,,SH,A股-上交所,2023-04-17,247.9,260.17,245.0,252.0,244.89,3129178,788186982.44,2.9033,4.1889,1,0,none,baostock,query_history_k_data_plus
688019,SHSE.688019,,SH,A股-上交所,2023-04-18,249.43,254.01,240.5,244.0,252.0,1845915,451300305.34,-3.1746,2.4711,1,0,none,baostock,query_history_k_data_plus
688019,SHSE.688019,,SH,A股-上交所,2023-04-19,246.44,259.94,243.08,255.8,244.0,2745348,693211891.81,4.8361,3.6751,1,0,none,baostock,query_history_k_data_plus
688019,SHSE.688019,,SH,A股-上交所,2023-04-20,253.11,282.0,251.0,280.56,255.8,3081077,819305266.62,9.6794,4.1245,1,0,none,baostock,query_history_k_data_plus
688019,SHSE.688019,,SH,A股-上交所,2023-04-21,278.0,279.76,260.0,260.23,280.56,2734863,737833502.24,-7.2462,3.661,1,0,none,baostock,query_history_k_data_plus
688019,SHSE.688019,,SH,A股-上交所,2023-04-24,260.23,265.17,248.8,251.6,260.23,1563123,397017230.07,-3.3163,2.0925,1,0,none,baostock,query_history_k_data_plus
688019,SHSE.688019,,SH,A股-上交所,2023-04-25,250.35,256.25,245.0,248.38,251.6,1488410,372585563.85,-1.2798,1.9925,1,0,none,baostock,query_history_k_data_plus
688019,SHSE.688019,,SH,A股-上交所,2023-04-26,245.01,251.88,231.13,237.68,248.38,1538726,368360634.2,-4.3079,2.0598,1,0,none,baostock,query_history_k_data_plus
688019,SHSE.688019,,SH,A股-上交所,2023-04-27,235.0,249.5,231.8,239.77,237.68,1434679,348076350.22,0.8793,1.9205,1,0,none,baostock,query_history_k_data_plus
688019,SHSE.688019,,SH,A股-上交所,2023-04-28,251.0,285.8,251.0,269.71,239.77,3471756,942148196.83,12.487,4.6475,1,0,none,baostock,query_history_k_data_plus
688019,SHSE.688019,,SH,A股-上交所,2023-05-04,265.0,266.7,242.7,249.96,269.71,2288306,575044057.93,-7.3227,3.0633,1,0,none,baostock,query_history_k_data_plus
688019,SHSE.688019,,SH,A股-上交所,2023-05-05,248.73,263.6,247.0,253.02,249.96,1874332,480058944.76,1.2242,2.5091,1,0,none,baostock,query_history_k_data_plus
688019,SHSE.688019,,SH,A股-上交所,2023-05-08,251.0,252.5,238.21,239.52,253.02,1727763,423198390.0,-5.3355,2.3129,1,0,none,baostock,query_history_k_data_plus
688019,SHSE.688019,,SH,A股-上交所,2023-05-09,239.9,242.88,228.97,231.43,239.52,1647147,385859269.01,-3.3776,2.205,1,0,none,baostock,query_history_k_data_plus
688019,SHSE.688019,,SH,A股-上交所,2023-05-10,230.0,233.0,225.24,227.65,231.43,984416,224239337.02,-1.6333,1.3178,1,0,none,baostock,query_history_k_data_plus
688019,SHSE.688019,,SH,A股-上交所,2023-05-11,232.03,237.02,226.26,226.38,227.65,1047393,240253628.21,-0.5579,1.4021,1,0,none,baostock,query_history_k_data_plus
688019,SHSE.688019,,SH,A股-上交所,2023-05-12,228.0,237.53,222.54,226.9,226.38,1047542,241839836.66,0.2297,1.4023,1,0,none,baostock,query_history_k_data_plus
688019,SHSE.688019,,SH,A股-上交所,2023-05-15,227.73,235.99,225.23,234.0,226.9,1692896,393865045.0,3.1291,2.2662,1,0,none,baostock,query_history_k_data_plus
688019,SHSE.688019,,SH,A股-上交所,2023-05-16,234.0,240.0,228.02,235.84,234.0,1580483,371785609.48,0.7863,2.1157,1,0,none,baostock,query_history_k_data_plus
688019,SHSE.688019,,SH,A股-上交所,2023-05-17,234.77,236.46,225.24,226.3,235.84,1377415,316469046.54,-4.0451,1.8439,1,0,none,baostock,query_history_k_data_plus
688019,SHSE.688019,,SH,A股-上交所,2023-05-18,226.1,228.21,220.22,228.21,226.3,1447098,323036587.89,0.844,1.9372,1,0,none,baostock,query_history_k_data_plus
688019,SHSE.688019,,SH,A股-上交所,2023-05-19,227.93,239.68,226.73,235.31,228.21,1902653,442234326.4,3.1112,2.547,1,0,none,baostock,query_history_k_data_plus
688019,SHSE.688019,,SH,A股-上交所,2023-05-22,238.0,242.31,226.0,234.05,235.31,1285447,299481867.47,-0.5355,1.7208,1,0,none,baostock,query_history_k_data_plus
688019,SHSE.688019,,SH,A股-上交所,2023-05-23,232.0,233.66,225.03,226.53,234.05,689622,157215217.09,-3.213,0.9232,1,0,none,baostock,query_history_k_data_plus
688019,SHSE.688019,,SH,A股-上交所,2023-05-24,226.27,242.0,225.36,234.93,226.53,1556350,366309022.99,3.7081,2.0834,1,0,none,baostock,query_history_k_data_plus
688019,SHSE.688019,,SH,A股-上交所,2023-05-25,233.5,238.69,231.24,238.23,234.93,954067,223835682.02,1.4047,1.2772,1,0,none,baostock,query_history_k_data_plus
688019,SHSE.688019,,SH,A股-上交所,2023-05-26,237.85,248.9,236.09,244.91,238.23,1165022,285166273.44,2.804,1.5596,1,0,none,baostock,query_history_k_data_plus
688019,SHSE.688019,,SH,A股-上交所,2023-05-29,248.0,253.77,243.78,250.88,244.91,1395889,349068059.08,2.4376,1.8686,1,0,none,baostock,query_history_k_data_plus
688019,SHSE.688019,,SH,A股-上交所,2023-05-30,250.0,255.48,244.11,252.02,250.88,1106809,277618059.71,0.4544,1.4816,1,0,none,baostock,query_history_k_data_plus
688019,SHSE.688019,,SH,A股-上交所,2023-05-31,251.0,254.69,243.63,246.7,252.02,1101055,273139469.02,-2.1109,1.4739,1,0,none,baostock,query_history_k_data_plus
688019,SHSE.688019,,SH,A股-上交所,2023-06-01,248.36,248.36,242.0,245.48,246.7,646646,158576871.1,-0.4945,0.8656,1,0,none,baostock,query_history_k_data_plus
688019,SHSE.688019,,SH,A股-上交所,2023-06-02,246.46,248.88,239.11,241.48,245.48,801038,193607078.12,-1.6295,1.0723,1,0,none,baostock,query_history_k_data_plus
688019,SHSE.688019,,SH,A股-上交所,2023-06-05,244.0,251.0,239.22,239.5,241.48,935999,229723107.5,-0.8199,1.253,1,0,none,baostock,query_history_k_data_plus
688019,SHSE.688019,,SH,A股-上交所,2023-06-06,237.18,246.1,235.17,241.27,239.5,933307,225636746.89,0.739,1.2494,1,0,none,baostock,query_history_k_data_plus
688019,SHSE.688019,,SH,A股-上交所,2023-06-07,238.05,249.97,238.05,248.17,241.27,876015,215494661.47,2.8599,1.1727,1,0,none,baostock,query_history_k_data_plus
688019,SHSE.688019,,SH,A股-上交所,2023-06-08,250.58,251.76,235.38,238.55,248.17,928450,223733614.15,-3.8764,1.2429,1,0,none,baostock,query_history_k_data_plus
688019,SHSE.688019,,SH,A股-上交所,2023-06-09,240.5,241.85,232.0,238.5,238.55,851504,201729704.8,-0.021,1.1399,1,0,none,baostock,query_history_k_data_plus
688019,SHSE.688019,,SH,A股-上交所,2023-06-12,239.8,239.8,231.6,232.21,238.5,946638,221628123.08,-2.6373,1.2672,1,0,none,baostock,query_history_k_data_plus
688019,SHSE.688019,,SH,A股-上交所,2023-06-13,233.86,234.97,226.1,234.0,232.21,952021,220055426.99,0.7709,1.2744,1,0,none,baostock,query_history_k_data_plus
688019,SHSE.688019,,SH,A股-上交所,2023-06-14,234.98,236.0,231.16,235.33,234.0,633876,148397060.08,0.5684,0.8485,1,0,none,baostock,query_history_k_data_plus
688019,SHSE.688019,,SH,A股-上交所,2023-06-15,182.53,182.53,174.2,181.2,180.7,1174338,209318869.83,0.2767,1.2093,1,0,none,baostock,query_history_k_data_plus
688019,SHSE.688019,,SH,A股-上交所,2023-06-16,179.8,181.5,175.68,177.19,181.2,1424312,253387340.33,-2.213,1.4667,1,0,none,baostock,query_history_k_data_plus
688019,SHSE.688019,,SH,A股-上交所,2023-06-19,174.56,176.88,167.11,168.2,177.19,2850179,484215676.43,-5.0736,2.9349,1,0,none,baostock,query_history_k_data_plus
688019,SHSE.688019,,SH,A股-上交所,2023-06-20,168.26,169.85,164.4,166.88,168.2,2404565,399395472.36,-0.7848,2.4761,1,0,none,baostock,query_history_k_data_plus
688019,SHSE.688019,,SH,A股-上交所,2023-06-21,166.93,166.96,156.0,156.0,166.88,3122690,495271115.27,-6.5197,3.2156,1,0,none,baostock,query_history_k_data_plus
688019,SHSE.688019,,SH,A股-上交所,2023-06-26,155.5,162.0,153.02,159.0,156.0,2099703,332715566.95,1.9231,2.1621,1,0,none,baostock,query_history_k_data_plus
688019,SHSE.688019,,SH,A股-上交所,2023-06-27,159.26,164.5,158.3,160.0,159.0,1320729,212420995.83,0.6289,1.36,1,0,none,baostock,query_history_k_data_plus
688019,SHSE.688019,,SH,A股-上交所,2023-06-28,161.0,167.77,158.0,161.96,160.0,1777459,288785353.65,1.225,1.8303,1,0,none,baostock,query_history_k_data_plus
688019,SHSE.688019,,SH,A股-上交所,2023-06-29,161.96,163.54,157.51,161.07,161.96,1266202,202732588.52,-0.5495,1.3039,1,0,none,baostock,query_history_k_data_plus
688019,SHSE.688019,,SH,A股-上交所,2023-06-30,160.78,166.5,159.18,164.83,161.07,1225235,201353289.02,2.3344,1.2617,1,0,none,baostock,query_history_k_data_plus
688019,SHSE.688019,,SH,A股-上交所,2023-07-03,164.6,166.4,161.61,163.89,164.83,1345601,219842120.77,-0.5703,1.3856,1,0,none,baostock,query_history_k_data_plus
688019,SHSE.688019,,SH,A股-上交所,2023-07-04,162.2,166.47,162.14,166.0,163.89,988646,163051983.99,1.2874,1.018,1,0,none,baostock,query_history_k_data_plus
688019,SHSE.688019,,SH,A股-上交所,2023-07-05,164.68,168.49,161.0,162.03,166.0,1171450,192582100.05,-2.3916,1.2063,1,0,none,baostock,query_history_k_data_plus
688019,SHSE.688019,,SH,A股-上交所,2023-07-06,160.9,163.43,157.78,159.0,162.03,1111628,177763619.24,-1.87,1.1447,1,0,none,baostock,query_history_k_data_plus
688019,SHSE.688019,,SH,A股-上交所,2023-07-07,157.88,160.47,156.68,157.4,159.0,966796,152774160.85,-1.0063,0.9955,1,0,none,baostock,query_history_k_data_plus
688019,SHSE.688019,,SH,A股-上交所,2023-07-10,157.65,159.9,157.09,158.82,157.4,628641,99584943.87,0.9022,0.6473,1,0,none,baostock,query_history_k_data_plus
688019,SHSE.688019,,SH,A股-上交所,2023-07-11,158.3,161.8,157.77,159.0,158.82,1028379,163908352.03,0.1133,1.059,1,0,none,baostock,query_history_k_data_plus
688019,SHSE.688019,,SH,A股-上交所,2023-07-12,159.38,159.4,154.06,154.27,159.0,1156429,179762389.21,-2.9748,1.1908,1,0,none,baostock,query_history_k_data_plus
688019,SHSE.688019,,SH,A股-上交所,2023-07-13,155.38,156.0,153.5,154.56,154.27,941357,145432244.33,0.188,0.9694,1,0,none,baostock,query_history_k_data_plus
688019,SHSE.688019,,SH,A股-上交所,2023-07-14,154.0,157.99,154.0,157.2,154.56,1097765,171617031.53,1.7081,1.1304,1,0,none,baostock,query_history_k_data_plus
688019,SHSE.688019,,SH,A股-上交所,2023-07-17,156.5,156.9,154.0,155.06,157.2,520424,80683720.4,-1.3613,0.5342,1,0,none,baostock,query_history_k_data_plus
688019,SHSE.688019,,SH,A股-上交所,2023-07-18,154.5,156.9,153.35,153.78,155.06,635537,98402853.19,-0.8255,0.6524,1,0,none,baostock,query_history_k_data_plus
688019,SHSE.688019,,SH,A股-上交所,2023-07-19,154.1,155.01,150.68,154.3,153.78,1115033,170014871.89,0.3381,1.1446,1,0,none,baostock,query_history_k_data_plus
688019,SHSE.688019,,SH,A股-上交所,2023-07-20,155.0,155.15,150.66,150.66,154.3,655697,99501312.65,-2.359,0.6731,1,0,none,baostock,query_history_k_data_plus
688019,SHSE.688019,,SH,A股-上交所,2023-07-21,150.76,150.99,148.0,148.48,150.66,559016,83400281.22,-1.447,0.5738,1,0,none,baostock,query_history_k_data_plus
688019,SHSE.688019,,SH,A股-上交所,2023-07-24,149.0,150.87,148.1,148.62,148.48,583319,87360222.6,0.0943,0.5988,1,0,none,baostock,query_history_k_data_plus
688019,SHSE.688019,,SH,A股-上交所,2023-07-25,150.1,151.77,148.3,151.15,148.62,727317,109414272.76,1.7023,0.7466,1,0,none,baostock,query_history_k_data_plus
688019,SHSE.688019,,SH,A股-上交所,2023-07-26,150.5,155.0,150.5,152.3,151.15,814551,124812089.97,0.7608,0.8362,1,0,none,baostock,query_history_k_data_plus
688019,SHSE.688019,,SH,A股-上交所,2023-07-27,152.0,152.68,143.8,145.02,152.3,1332803,196528806.32,-4.78,1.3682,1,0,none,baostock,query_history_k_data_plus
688019,SHSE.688019,,SH,A股-上交所,2023-07-28,145.8,146.62,143.0,146.4,145.02,1175765,169930104.96,0.9516,1.207,1,0,none,baostock,query_history_k_data_plus
688019,SHSE.688019,,SH,A股-上交所,2023-07-31,145.0,150.8,143.5,148.53,146.4,1202731,177785140.16,1.4549,1.2346,1,0,none,baostock,query_history_k_data_plus
688019,SHSE.688019,,SH,A股-上交所,2023-08-01,148.13,151.49,147.02,147.67,148.53,792205,117901918.97,-0.579,0.8132,1,0,none,baostock,query_history_k_data_plus
688019,SHSE.688019,,SH,A股-上交所,2023-08-02,147.98,151.36,147.25,151.0,147.67,1338938,201027839.24,2.255,1.3745,1,0,none,baostock,query_history_k_data_plus
688019,SHSE.688019,,SH,A股-上交所,2023-08-03,150.74,152.3,149.51,150.48,151.0,481994,72554777.51,-0.3444,0.4948,1,0,none,baostock,query_history_k_data_plus
688019,SHSE.688019,,SH,A股-上交所,2023-08-04,150.6,152.0,147.5,148.28,150.48,905987,134735691.96,-1.462,0.93,1,0,none,baostock,query_history_k_data_plus
688019,SHSE.688019,,SH,A股-上交所,2023-08-07,147.26,149.68,147.05,149.3,148.28,396214,58920392.99,0.6879,0.4067,1,0,none,baostock,query_history_k_data_plus
688019,SHSE.688019,,SH,A股-上交所,2023-08-08,148.49,151.36,147.53,147.68,149.3,556327,82906782.04,-1.0851,0.5711,1,0,none,baostock,query_history_k_data_plus
688019,SHSE.688019,,SH,A股-上交所,2023-08-09,147.02,148.0,145.76,145.8,147.68,391038,57252572.35,-1.273,0.4014,1,0,none,baostock,query_history_k_data_plus
688019,SHSE.688019,,SH,A股-上交所,2023-08-10,146.2,149.6,145.25,146.85,145.8,670250,98834358.83,0.7202,0.688,1,0,none,baostock,query_history_k_data_plus
688019,SHSE.688019,,SH,A股-上交所,2023-08-11,146.9,147.98,142.87,143.21,146.85,467040,67692825.43,-2.4787,0.4794,1,0,none,baostock,query_history_k_data_plus
688019,SHSE.688019,,SH,A股-上交所,2023-08-14,141.41,145.6,140.0,144.9,143.21,605017,86240562.04,1.1801,0.6211,1,0,none,baostock,query_history_k_data_plus
688019,SHSE.688019,,SH,A股-上交所,2023-08-15,145.56,145.96,138.09,138.94,144.9,917035,129040693.22,-4.1132,0.9414,1,0,none,baostock,query_history_k_data_plus
688019,SHSE.688019,,SH,A股-上交所,2023-08-16,138.9,141.91,138.55,139.5,138.94,846946,118689587.09,0.4031,0.8694,1,0,none,baostock,query_history_k_data_plus
688019,SHSE.688019,,SH,A股-上交所,2023-08-17,138.8,141.3,138.0,139.55,139.5,656794,91498309.96,0.0358,0.6742,1,0,none,baostock,query_history_k_data_plus
688019,SHSE.688019,,SH,A股-上交所,2023-08-18,140.06,144.32,138.88,138.9,139.55,643903,91163757.41,-0.4658,0.661,1,0,none,baostock,query_history_k_data_plus
688019,SHSE.688019,,SH,A股-上交所,2023-08-21,138.19,139.95,136.81,137.03,138.9,433927,59911146.9,-1.3463,0.4454,1,0,none,baostock,query_history_k_data_plus
688019,SHSE.688019,,SH,A股-上交所,2023-08-22,137.6,139.99,133.58,139.42,137.03,792539,108537613.79,1.7441,0.8136,1,0,none,baostock,query_history_k_data_plus
688019,SHSE.688019,,SH,A股-上交所,2023-08-23,139.0,139.8,134.91,134.99,139.42,482271,66014265.91,-3.1774,0.4951,1,0,none,baostock,query_history_k_data_plus
688019,SHSE.688019,,SH,A股-上交所,2023-08-24,135.76,139.96,134.57,137.19,134.99,550720,75716138.37,1.6298,0.5653,1,0,none,baostock,query_history_k_data_plus
688019,SHSE.688019,,SH,A股-上交所,2023-08-25,135.84,136.0,131.9,132.61,137.19,701348,93534285.2,-3.3384,0.72,1,0,none,baostock,query_history_k_data_plus
688019,SHSE.688019,,SH,A股-上交所,2023-08-28,141.0,142.0,127.97,129.1,132.61,1350836,178851257.52,-2.6469,1.3867,1,0,none,baostock,query_history_k_data_plus
688019,SHSE.688019,,SH,A股-上交所,2023-08-29,129.1,138.47,128.03,138.0,129.1,1303675,176533891.69,6.8939,1.3383,1,0,none,baostock,query_history_k_data_plus
688019,SHSE.688019,,SH,A股-上交所,2023-08-30,140.1,146.65,140.1,143.14,138.0,1664636,238609266.68,3.7246,1.7088,1,0,none,baostock,query_history_k_data_plus
688019,SHSE.688019,,SH,A股-上交所,2023-08-31,151.0,159.23,150.3,156.25,143.14,3579083,554479961.02,9.1589,3.674,1,0,none,baostock,query_history_k_data_plus
688019,SHSE.688019,,SH,A股-上交所,2023-09-01,156.61,165.65,156.01,157.55,156.25,2519678,401979714.07,0.832,2.5865,1,0,none,baostock,query_history_k_data_plus
688019,SHSE.688019,,SH,A股-上交所,2023-09-04,159.31,159.96,154.0,158.54,157.55,1479730,231643426.9,0.6284,1.519,1,0,none,baostock,query_history_k_data_plus
688019,SHSE.688019,,SH,A股-上交所,2023-09-05,157.46,164.87,156.01,160.0,158.54,2089798,337659000.34,0.9209,2.1452,1,0,none,baostock,query_history_k_data_plus
688019,SHSE.688019,,SH,A股-上交所,2023-09-06,159.58,170.4,158.8,168.94,160.0,2935710,484945605.39,5.5875,3.0136,1,0,none,baostock,query_history_k_data_plus
688019,SHSE.688019,,SH,A股-上交所,2023-09-07,166.0,167.0,157.11,157.65,168.94,2211971,355561986.42,-6.6828,2.2706,1,0,none,baostock,query_history_k_data_plus
688019,SHSE.688019,,SH,A股-上交所,2023-09-08,158.1,164.46,157.77,160.81,157.65,1378062,222406870.69,2.0044,1.4146,1,0,none,baostock,query_history_k_data_plus
688019,SHSE.688019,,SH,A股-上交所,2023-09-11,161.32,165.9,159.24,162.13,160.81,1487169,241632368.23,0.8208,1.5266,1,0,none,baostock,query_history_k_data_plus
688019,SHSE.688019,,SH,A股-上交所,2023-09-12,161.5,162.0,158.88,160.8,162.13,1107496,177716169.13,-0.8203,1.1369,1,0,none,baostock,query_history_k_data_plus
688019,SHSE.688019,,SH,A股-上交所,2023-09-13,159.53,164.99,158.89,164.16,160.8,1702931,278099124.32,2.0896,1.7481,1,0,none,baostock,query_history_k_data_plus
688019,SHSE.688019,,SH,A股-上交所,2023-09-14,161.88,165.8,160.9,164.0,164.16,1114823,182224794.13,-0.0975,1.1444,1,0,none,baostock,query_history_k_data_plus
688019,SHSE.688019,,SH,A股-上交所,2023-09-15,163.99,169.23,159.7,166.1,164.0,1571253,258585352.02,1.2805,1.6129,1,0,none,baostock,query_history_k_data_plus
688019,SHSE.688019,,SH,A股-上交所,2023-09-18,166.1,167.8,162.49,163.87,166.1,858798,141595850.22,-1.3426,0.8816,1,0,none,baostock,query_history_k_data_plus
688019,SHSE.688019,,SH,A股-上交所,2023-09-19,164.43,171.98,161.5,166.97,163.87,1786717,298959659.35,1.8917,1.8341,1,0,none,baostock,query_history_k_data_plus
688019,SHSE.688019,,SH,A股-上交所,2023-09-20,166.3,170.48,164.3,166.6,166.97,1159734,194561785.52,-0.2216,1.1905,1,0,none,baostock,query_history_k_data_plus
688019,SHSE.688019,,SH,A股-上交所,2023-09-21,166.5,171.0,166.02,169.99,166.6,1221976,206769055.16,2.0348,1.2544,1,0,none,baostock,query_history_k_data_plus
688019,SHSE.688019,,SH,A股-上交所,2023-09-22,168.21,177.77,168.21,175.0,169.99,1770954,309367222.53,2.9472,1.8179,1,0,none,baostock,query_history_k_data_plus
688019,SHSE.688019,,SH,A股-上交所,2023-09-25,172.0,174.66,170.7,173.46,175.0,875200,151018368.25,-0.88,0.8984,1,0,none,baostock,query_history_k_data_plus
688019,SHSE.688019,,SH,A股-上交所,2023-09-26,173.0,173.0,166.6,167.78,173.46,1124889,189491151.27,-3.2745,1.1547,1,0,none,baostock,query_history_k_data_plus
688019,SHSE.688019,,SH,A股-上交所,2023-09-27,169.0,169.0,161.76,162.21,167.78,1716066,281131778.24,-3.3198,1.7616,1,0,none,baostock,query_history_k_data_plus
688019,SHSE.688019,,SH,A股-上交所,2023-09-28,162.34,167.5,158.51,166.24,162.21,1671177,273893844.77,2.4844,1.7155,1,0,none,baostock,query_history_k_data_plus
688019,SHSE.688019,,SH,A股-上交所,2023-10-09,165.97,168.26,160.28,166.2,166.24,1401523,230610733.05,-0.0241,1.4147,1,0,none,baostock,query_history_k_data_plus
688019,SHSE.688019,,SH,A股-上交所,2023-10-10,165.0,168.78,164.2,165.21,166.2,1095681,182678336.98,-0.5957,1.106,1,0,none,baostock,query_history_k_data_plus
688019,SHSE.688019,,SH,A股-上交所,2023-10-11,165.21,168.18,162.34,167.43,165.21,1215644,200531709.22,1.3437,1.2271,1,0,none,baostock,query_history_k_data_plus
688019,SHSE.688019,,SH,A股-上交所,2023-10-12,168.18,193.0,167.44,187.0,167.43,3251204,582405414.06,11.6885,3.2817,1,0,none,baostock,query_history_k_data_plus
688019,SHSE.688019,,SH,A股-上交所,2023-10-13,183.88,184.88,180.61,183.9,187.0,1606384,293062260.87,-1.6578,1.6215,1,0,none,baostock,query_history_k_data_plus
688019,SHSE.688019,,SH,A股-上交所,2023-10-16,184.77,184.77,176.51,177.7,183.9,1654238,295163537.64,-3.3714,1.6698,1,0,none,baostock,query_history_k_data_plus
688019,SHSE.688019,,SH,A股-上交所,2023-10-17,177.97,183.5,173.55,181.0,177.7,1560176,278700562.4,1.8571,1.5748,1,0,none,baostock,query_history_k_data_plus
688019,SHSE.688019,,SH,A股-上交所,2023-10-18,179.0,187.96,176.1,177.33,181.0,2057090,374992848.9,-2.0276,2.0764,1,0,none,baostock,query_history_k_data_plus
688019,SHSE.688019,,SH,A股-上交所,2023-10-19,176.0,183.58,175.0,177.43,177.33,1573138,281627964.04,0.0564,1.5879,1,0,none,baostock,query_history_k_data_plus
688019,SHSE.688019,,SH,A股-上交所,2023-10-20,175.76,177.2,170.6,171.69,177.43,1289948,223617190.49,-3.2351,1.3021,1,0,none,baostock,query_history_k_data_plus
688019,SHSE.688019,,SH,A股-上交所,2023-10-23,170.86,173.98,165.0,170.97,171.69,1104483,187563596.34,-0.4194,1.1148,1,0,none,baostock,query_history_k_data_plus
688019,SHSE.688019,,SH,A股-上交所,2023-10-24,173.15,188.88,169.48,182.0,170.97,2395586,432076058.6,6.4514,2.4181,1,0,none,baostock,query_history_k_data_plus
688019,SHSE.688019,,SH,A股-上交所,2023-10-25,182.54,182.94,176.89,180.0,182.0,1109985,199209967.46,-1.0989,1.1204,1,0,none,baostock,query_history_k_data_plus
688019,SHSE.688019,,SH,A股-上交所,2023-10-26,178.6,181.99,176.65,181.99,180.0,947277,169667028.61,1.1056,0.9562,1,0,none,baostock,query_history_k_data_plus
688019,SHSE.688019,,SH,A股-上交所,2023-10-27,180.0,188.47,179.9,184.87,181.99,1707565,315461089.45,1.5825,1.7236,1,0,none,baostock,query_history_k_data_plus
688019,SHSE.688019,,SH,A股-上交所,2023-10-30,182.5,193.0,182.49,188.85,184.87,2157938,407625144.47,2.1529,2.1782,1,0,none,baostock,query_history_k_data_plus
688019,SHSE.688019,,SH,A股-上交所,2023-10-31,186.1,194.85,179.1,193.98,188.85,2794635,528574823.82,2.7164,2.8209,1,0,none,baostock,query_history_k_data_plus
688019,SHSE.688019,,SH,A股-上交所,2023-11-01,188.01,190.97,184.48,185.6,193.98,1400710,262571923.11,-4.32,1.4139,1,0,none,baostock,query_history_k_data_plus
688019,SHSE.688019,,SH,A股-上交所,2023-11-02,185.11,186.59,179.6,179.9,185.6,1065428,193153250.56,-3.0711,1.0754,1,0,none,baostock,query_history_k_data_plus
688019,SHSE.688019,,SH,A股-上交所,2023-11-03,179.02,184.22,178.58,182.06,179.9,1158895,210241622.24,1.2007,1.1698,1,0,none,baostock,query_history_k_data_plus
688019,SHSE.688019,,SH,A股-上交所,2023-11-06,182.82,187.96,177.0,180.7,182.06,1626073,293291589.9,-0.747,1.6413,1,0,none,baostock,query_history_k_data_plus
688019,SHSE.688019,,SH,A股-上交所,2023-11-07,179.99,179.99,173.37,175.7,180.7,1983036,349045961.73,-2.767,2.0016,1,0,none,baostock,query_history_k_data_plus
688019,SHSE.688019,,SH,A股-上交所,2023-11-08,176.7,185.28,174.33,181.98,175.7,2181593,394138530.74,3.5743,2.2021,1,0,none,baostock,query_history_k_data_plus
688019,SHSE.688019,,SH,A股-上交所,2023-11-09,182.0,183.96,175.89,179.62,181.98,1320150,236652973.17,-1.2968,1.3325,1,0,none,baostock,query_history_k_data_plus
688019,SHSE.688019,,SH,A股-上交所,2023-11-10,178.0,183.88,177.13,179.62,179.62,1170971,212051727.95,0.0,1.182,1,0,none,baostock,query_history_k_data_plus
688019,SHSE.688019,,SH,A股-上交所,2023-11-13,182.0,184.49,180.03,184.0,179.62,1214066,221716949.55,2.4385,1.2255,1,0,none,baostock,query_history_k_data_plus
688019,SHSE.688019,,SH,A股-上交所,2023-11-14,183.0,184.99,182.07,182.9,184.0,901047,164982808.27,-0.5978,0.9095,1,0,none,baostock,query_history_k_data_plus
688019,SHSE.688019,,SH,A股-上交所,2023-11-15,184.68,184.69,175.03,178.24,182.9,1633915,291693835.32,-2.5478,1.6492,1,0,none,baostock,query_history_k_data_plus
688019,SHSE.688019,,SH,A股-上交所,2023-11-16,176.53,177.76,170.73,172.4,178.24,1511104,261090195.34,-3.2765,1.5253,1,0,none,baostock,query_history_k_data_plus
688019,SHSE.688019,,SH,A股-上交所,2023-11-17,171.3,174.88,171.25,173.08,172.4,751911,130030984.7,0.3944,0.759,1,0,none,baostock,query_history_k_data_plus
688019,SHSE.688019,,SH,A股-上交所,2023-11-20,174.0,176.8,171.25,171.59,173.08,1115747,194275273.08,-0.8609,1.1262,1,0,none,baostock,query_history_k_data_plus
688019,SHSE.688019,,SH,A股-上交所,2023-11-21,171.99,173.88,169.7,172.69,171.59,963937,165991922.79,0.6411,0.973,1,0,none,baostock,query_history_k_data_plus
688019,SHSE.688019,,SH,A股-上交所,2023-11-22,171.0,172.52,167.51,168.53,172.69,1039429,176238680.2,-2.4089,1.0492,1,0,none,baostock,query_history_k_data_plus
688019,SHSE.688019,,SH,A股-上交所,2023-11-23,168.74,173.5,167.53,173.0,168.53,1240239,212207260.37,2.6523,1.2519,1,0,none,baostock,query_history_k_data_plus
688019,SHSE.688019,,SH,A股-上交所,2023-11-24,172.0,174.18,169.59,171.51,173.0,884482,151548991.16,-0.8613,0.8928,1,0,none,baostock,query_history_k_data_plus
688019,SHSE.688019,,SH,A股-上交所,2023-11-27,171.47,175.64,169.6,175.36,171.51,1208140,210412514.48,2.2448,1.2195,1,0,none,baostock,query_history_k_data_plus
688019,SHSE.688019,,SH,A股-上交所,2023-11-28,174.99,176.5,169.38,171.9,175.36,1086601,187485666.29,-1.9731,1.0968,1,0,none,baostock,query_history_k_data_plus
688019,SHSE.688019,,SH,A股-上交所,2023-11-29,171.5,178.99,171.05,175.71,171.9,1373897,241962883.19,2.2164,1.3868,1,0,none,baostock,query_history_k_data_plus
688019,SHSE.688019,,SH,A股-上交所,2023-11-30,174.76,176.54,172.0,173.99,175.71,939570,163583092.62,-0.9789,0.9484,1,0,none,baostock,query_history_k_data_plus
688019,SHSE.688019,,SH,A股-上交所,2023-12-01,173.15,173.15,168.15,171.12,173.99,1009347,171587938.89,-1.6495,1.0188,1,0,none,baostock,query_history_k_data_plus
688019,SHSE.688019,,SH,A股-上交所,2023-12-04,171.75,172.0,168.0,168.3,171.12,621264,105231747.43,-1.648,0.6271,1,0,none,baostock,query_history_k_data_plus
688019,SHSE.688019,,SH,A股-上交所,2023-12-05,167.99,168.88,165.29,166.8,168.3,782028,130542497.11,-0.8913,0.7894,1,0,none,baostock,query_history_k_data_plus
688019,SHSE.688019,,SH,A股-上交所,2023-12-06,167.0,169.43,165.07,168.0,166.8,624500,104355715.16,0.7194,0.6304,1,0,none,baostock,query_history_k_data_plus
688019,SHSE.688019,,SH,A股-上交所,2023-12-07,168.98,168.98,164.37,165.12,168.0,700547,116555008.72,-1.7143,0.7071,1,0,none,baostock,query_history_k_data_plus
688019,SHSE.688019,,SH,A股-上交所,2023-12-08,165.12,169.58,164.11,169.31,165.12,1147468,192033920.36,2.5375,1.1582,1,0,none,baostock,query_history_k_data_plus
688019,SHSE.688019,,SH,A股-上交所,2023-12-11,167.6,172.48,167.08,172.25,169.31,722522,122792707.35,1.7365,0.7293,1,0,none,baostock,query_history_k_data_plus
688019,SHSE.688019,,SH,A股-上交所,2023-12-12,172.25,174.5,170.11,173.38,172.25,550198,95126202.25,0.656,0.5554,1,0,none,baostock,query_history_k_data_plus
688019,SHSE.688019,,SH,A股-上交所,2023-12-13,173.2,175.75,170.59,170.59,173.38,559622,96570144.25,-1.6092,0.5649,1,0,none,baostock,query_history_k_data_plus
688019,SHSE.688019,,SH,A股-上交所,2023-12-14,172.0,174.5,169.0,171.7,170.59,507802,87177338.91,0.6507,0.5126,1,0,none,baostock,query_history_k_data_plus
688019,SHSE.688019,,SH,A股-上交所,2023-12-15,171.7,173.0,169.6,170.0,171.7,391593,67006937.5,-0.9901,0.3953,1,0,none,baostock,query_history_k_data_plus
688019,SHSE.688019,,SH,A股-上交所,2023-12-18,169.0,169.1,163.7,164.6,170.0,698338,115512868.63,-3.1765,0.7049,1,0,none,baostock,query_history_k_data_plus
688019,SHSE.688019,,SH,A股-上交所,2023-12-19,164.0,167.5,162.68,164.09,164.6,592788,97477274.88,-0.3098,0.5983,1,0,none,baostock,query_history_k_data_plus
688019,SHSE.688019,,SH,A股-上交所,2023-12-20,164.15,164.8,160.62,162.17,164.09,673344,109279999.44,-1.1701,0.6797,1,0,none,baostock,query_history_k_data_plus
688019,SHSE.688019,,SH,A股-上交所,2023-12-21,162.1,163.8,160.5,163.34,162.17,621069,100731958.28,0.7215,0.6269,1,0,none,baostock,query_history_k_data_plus
688019,SHSE.688019,,SH,A股-上交所,2023-12-22,163.73,163.75,159.02,161.8,163.34,792104,127567228.83,-0.9428,0.7995,1,0,none,baostock,query_history_k_data_plus
688019,SHSE.688019,,SH,A股-上交所,2023-12-25,163.42,163.42,154.43,156.19,161.8,1051841,165223511.69,-3.4672,1.0617,1,0,none,baostock,query_history_k_data_plus
688019,SHSE.688019,,SH,A股-上交所,2023-12-26,156.88,156.95,151.15,151.98,156.19,807083,123348284.03,-2.6954,0.8147,1,0,none,baostock,query_history_k_data_plus
688019,SHSE.688019,,SH,A股-上交所,2023-12-27,151.33,158.18,151.06,157.51,151.98,1268567,197795414.24,3.6386,1.2805,1,0,none,baostock,query_history_k_data_plus
688019,SHSE.688019,,SH,A股-上交所,2023-12-28,157.51,159.98,156.07,157.46,157.51,1111407,175360075.16,-0.0317,1.1218,1,0,none,baostock,query_history_k_data_plus
688019,SHSE.688019,,SH,A股-上交所,2023-12-29,157.0,161.66,156.56,159.76,157.46,958207,153065107.82,1.4607,0.9672,1,0,none,baostock,query_history_k_data_plus
688019,SHSE.688019,,SH,A股-上交所,2024-01-02,160.85,160.85,156.49,156.49,159.76,553710,87557774.35,-2.0468,0.5589,1,0,none,baostock,query_history_k_data_plus
688019,SHSE.688019,,SH,A股-上交所,2024-01-03,156.51,157.17,150.11,151.5,156.49,740055,112876006.09,-3.1887,0.747,1,0,none,baostock,query_history_k_data_plus
688019,SHSE.688019,,SH,A股-上交所,2024-01-04,152.0,152.38,148.43,149.56,151.5,636275,95356662.19,-1.2805,0.6422,1,0,none,baostock,query_history_k_data_plus
688019,SHSE.688019,,SH,A股-上交所,2024-01-05,149.56,150.13,145.02,145.55,149.56,871998,128060927.55,-2.6812,0.8802,1,0,none,baostock,query_history_k_data_plus
688019,SHSE.688019,,SH,A股-上交所,2024-01-08,145.21,146.06,141.6,143.15,145.55,636543,91180594.88,-1.6489,0.6425,1,0,none,baostock,query_history_k_data_plus
688019,SHSE.688019,,SH,A股-上交所,2024-01-09,143.65,146.0,140.3,143.01,143.15,793257,113154558.96,-0.0978,0.8007,1,0,none,baostock,query_history_k_data_plus
688019,SHSE.688019,,SH,A股-上交所,2024-01-10,142.0,144.69,139.66,140.53,143.01,799473,113127090.4,-1.7341,0.807,1,0,none,baostock,query_history_k_data_plus
688019,SHSE.688019,,SH,A股-上交所,2024-01-11,140.52,143.34,138.59,142.6,140.53,902209,127169337.92,1.473,0.9107,1,0,none,baostock,query_history_k_data_plus
688019,SHSE.688019,,SH,A股-上交所,2024-01-12,142.0,143.99,138.9,139.01,142.6,863579,121367075.14,-2.5175,0.8717,1,0,none,baostock,query_history_k_data_plus
688019,SHSE.688019,,SH,A股-上交所,2024-01-15,138.96,141.95,136.4,139.45,139.01,1024162,142894292.37,0.3165,1.0338,1,0,none,baostock,query_history_k_data_plus
688019,SHSE.688019,,SH,A股-上交所,2024-01-16,139.64,142.46,138.53,139.4,139.45,940142,131868407.7,-0.0359,0.949,1,0,none,baostock,query_history_k_data_plus
688019,SHSE.688019,,SH,A股-上交所,2024-01-17,139.16,139.16,133.89,133.89,139.4,929888,126709953.72,-3.9527,0.9386,1,0,none,baostock,query_history_k_data_plus
688019,SHSE.688019,,SH,A股-上交所,2024-01-18,133.82,141.28,131.13,140.9,133.89,1593850,217715860.69,5.2356,1.6088,1,0,none,baostock,query_history_k_data_plus
688019,SHSE.688019,,SH,A股-上交所,2024-01-19,142.0,147.48,141.45,142.96,140.9,1626905,235350162.36,1.462,1.6422,1,0,none,baostock,query_history_k_data_plus
688019,SHSE.688019,,SH,A股-上交所,2024-01-22,142.0,142.08,129.8,130.15,142.96,2166427,291572514.6,-8.9605,2.1868,1,0,none,baostock,query_history_k_data_plus
688019,SHSE.688019,,SH,A股-上交所,2024-01-23,130.11,134.7,128.5,131.38,130.15,1155837,152478441.85,0.9451,1.1667,1,0,none,baostock,query_history_k_data_plus
688019,SHSE.688019,,SH,A股-上交所,2024-01-24,132.6,133.9,128.7,133.6,131.38,1251916,164648556.47,1.6898,1.2637,1,0,none,baostock,query_history_k_data_plus
688019,SHSE.688019,,SH,A股-上交所,2024-01-25,133.47,136.77,130.5,136.44,133.6,1196715,160439078.25,2.1257,1.2079,1,0,none,baostock,query_history_k_data_plus
688019,SHSE.688019,,SH,A股-上交所,2024-01-26,135.0,137.88,133.1,135.4,136.44,1220393,165468036.78,-0.7622,1.2318,1,0,none,baostock,query_history_k_data_plus
688019,SHSE.688019,,SH,A股-上交所,2024-01-29,135.56,137.12,128.08,129.59,135.4,1525407,198973228.76,-4.291,1.5397,1,0,none,baostock,query_history_k_data_plus
688019,SHSE.688019,,SH,A股-上交所,2024-01-30,129.71,129.71,121.69,122.48,129.59,1445876,180238071.07,-5.4865,1.4594,1,0,none,baostock,query_history_k_data_plus
688019,SHSE.688019,,SH,A股-上交所,2024-01-31,124.07,124.28,117.7,121.52,122.48,1787372,217239779.59,-0.7838,1.8041,1,0,none,baostock,query_history_k_data_plus
688019,SHSE.688019,,SH,A股-上交所,2024-02-01,121.88,131.93,119.1,127.4,121.52,1944401,246944080.42,4.8387,1.9626,1,0,none,baostock,query_history_k_data_plus
688019,SHSE.688019,,SH,A股-上交所,2024-02-02,127.6,128.55,120.56,123.5,127.4,1397396,174003896.85,-3.0612,1.4105,1,0,none,baostock,query_history_k_data_plus
688019,SHSE.688019,,SH,A股-上交所,2024-02-05,120.75,133.31,118.67,129.3,123.5,2093290,263335233.37,4.6964,2.1129,1,0,none,baostock,query_history_k_data_plus
688019,SHSE.688019,,SH,A股-上交所,2024-02-06,127.5,142.08,127.0,142.0,129.3,1994803,270254205.61,9.8221,2.0135,1,0,none,baostock,query_history_k_data_plus
688019,SHSE.688019,,SH,A股-上交所,2024-02-07,142.0,152.68,142.0,149.5,142.0,1827820,272129179.32,5.2817,1.845,1,0,none,baostock,query_history_k_data_plus
688019,SHSE.688019,,SH,A股-上交所,2024-02-08,151.0,158.0,145.3,149.51,149.5,1673668,255498426.62,0.0067,1.6894,1,0,none,baostock,query_history_k_data_plus
688019,SHSE.688019,,SH,A股-上交所,2024-02-19,151.8,152.0,141.0,145.15,149.51,2049117,296824586.48,-2.9162,2.0683,1,0,none,baostock,query_history_k_data_plus
688019,SHSE.688019,,SH,A股-上交所,2024-02-20,143.8,144.8,140.01,144.0,145.15,1361565,193227857.23,-0.7923,1.3743,1,0,none,baostock,query_history_k_data_plus
688019,SHSE.688019,,SH,A股-上交所,2024-02-21,141.7,147.47,140.99,144.92,144.0,1253951,181620742.52,0.6389,1.2657,1,0,none,baostock,query_history_k_data_plus
688019,SHSE.688019,,SH,A股-上交所,2024-02-22,146.0,146.88,143.5,146.58,144.92,976382,141919922.62,1.1455,0.9855,1,0,none,baostock,query_history_k_data_plus
688019,SHSE.688019,,SH,A股-上交所,2024-02-23,147.1,150.48,145.4,147.5,146.58,1052637,155562275.12,0.6276,1.0625,1,0,none,baostock,query_history_k_data_plus
688019,SHSE.688019,,SH,A股-上交所,2024-02-26,146.79,149.3,145.0,147.01,147.5,1118335,164612538.31,-0.3322,1.1288,1,0,none,baostock,query_history_k_data_plus
688019,SHSE.688019,,SH,A股-上交所,2024-02-27,145.89,149.77,144.8,149.75,147.01,1564829,230607929.16,1.8638,1.5795,1,0,none,baostock,query_history_k_data_plus
688019,SHSE.688019,,SH,A股-上交所,2024-02-28,150.3,150.4,140.78,140.78,149.75,1874967,274579311.44,-5.99,1.8926,1,0,none,baostock,query_history_k_data_plus
688019,SHSE.688019,,SH,A股-上交所,2024-02-29,140.0,156.66,139.8,150.99,140.78,2636415,395452108.71,7.2525,2.6612,1,0,none,baostock,query_history_k_data_plus
688019,SHSE.688019,,SH,A股-上交所,2024-03-01,151.9,154.95,149.82,152.88,150.99,1905851,290381409.5,1.2517,1.9237,1,0,none,baostock,query_history_k_data_plus
688019,SHSE.688019,,SH,A股-上交所,2024-03-04,152.83,157.61,151.54,156.07,152.88,1820192,283042925.8,2.0866,1.8373,1,0,none,baostock,query_history_k_data_plus
688019,SHSE.688019,,SH,A股-上交所,2024-03-05,154.56,156.1,148.84,150.55,156.07,1712666,259936170.69,-3.5369,1.7287,1,0,none,baostock,query_history_k_data_plus
688019,SHSE.688019,,SH,A股-上交所,2024-03-06,149.49,150.99,145.67,147.5,150.55,1435249,211747149.97,-2.0259,1.4487,1,0,none,baostock,query_history_k_data_plus
688019,SHSE.688019,,SH,A股-上交所,2024-03-07,148.9,151.97,145.24,145.3,147.5,1535696,227507839.96,-1.4915,1.5501,1,0,none,baostock,query_history_k_data_plus
688019,SHSE.688019,,SH,A股-上交所,2024-03-08,145.5,148.98,145.5,147.2,145.3,1097536,161407097.15,1.3076,1.1078,1,0,none,baostock,query_history_k_data_plus
688019,SHSE.688019,,SH,A股-上交所,2024-03-11,145.99,147.88,145.1,147.88,147.2,1491911,218337008.41,0.462,1.5059,1,0,none,baostock,query_history_k_data_plus
688019,SHSE.688019,,SH,A股-上交所,2024-03-12,147.94,151.5,146.05,149.65,147.88,1504456,224875404.46,1.1969,1.5186,1,0,none,baostock,query_history_k_data_plus
688019,SHSE.688019,,SH,A股-上交所,2024-03-13,149.99,152.24,149.3,149.35,149.65,1400969,210755665.25,-0.2005,1.4141,1,0,none,baostock,query_history_k_data_plus
688019,SHSE.688019,,SH,A股-上交所,2024-03-14,148.48,148.79,145.16,146.27,149.35,1062622,155804037.12,-2.0623,1.0726,1,0,none,baostock,query_history_k_data_plus
688019,SHSE.688019,,SH,A股-上交所,2024-03-15,145.88,146.0,141.6,143.86,146.27,1328504,190830716.56,-1.6476,1.341,1,0,none,baostock,query_history_k_data_plus
688019,SHSE.688019,,SH,A股-上交所,2024-03-18,145.0,145.0,140.0,142.98,143.86,2687129,380212128.15,-0.6117,2.7123,1,0,none,baostock,query_history_k_data_plus
688019,SHSE.688019,,SH,A股-上交所,2024-03-19,142.6,144.6,141.6,142.76,142.98,1463160,209572344.42,-0.1539,1.4769,1,0,none,baostock,query_history_k_data_plus
688019,SHSE.688019,,SH,A股-上交所,2024-03-20,142.77,143.26,140.11,141.5,142.76,1885107,267682299.09,-0.8826,1.9028,1,0,none,baostock,query_history_k_data_plus
688019,SHSE.688019,,SH,A股-上交所,2024-03-21,142.39,145.37,139.6,140.4,141.5,1503602,213299377.01,-0.7774,1.5177,1,0,none,baostock,query_history_k_data_plus
688019,SHSE.688019,,SH,A股-上交所,2024-03-22,140.4,143.67,139.57,140.9,140.4,1409734,199594223.49,0.3561,1.423,1,0,none,baostock,query_history_k_data_plus
688019,SHSE.688019,,SH,A股-上交所,2024-03-25,139.66,143.9,134.83,138.23,140.9,2394440,334054230.32,-1.895,2.4169,1,0,none,baostock,query_history_k_data_plus
688019,SHSE.688019,,SH,A股-上交所,2024-03-26,138.45,141.55,135.7,136.22,138.23,1588847,219000345.49,-1.4541,1.6038,1,0,none,baostock,query_history_k_data_plus
688019,SHSE.688019,,SH,A股-上交所,2024-03-27,135.65,136.25,129.6,129.6,136.22,1627043,213822814.66,-4.8598,1.6423,1,0,none,baostock,query_history_k_data_plus
688019,SHSE.688019,,SH,A股-上交所,2024-03-28,130.29,134.48,129.8,133.21,129.6,1487315,197359729.11,2.7855,1.5013,1,0,none,baostock,query_history_k_data_plus
688019,SHSE.688019,,SH,A股-上交所,2024-03-29,133.2,136.69,131.5,136.65,133.21,1084941,145412497.59,2.5824,1.0951,1,0,none,baostock,query_history_k_data_plus
688019,SHSE.688019,,SH,A股-上交所,2024-04-01,137.48,140.93,135.67,140.52,136.65,1227005,171198338.21,2.8321,1.2385,1,0,none,baostock,query_history_k_data_plus
688019,SHSE.688019,,SH,A股-上交所,2024-04-02,140.45,142.39,139.03,141.7,140.52,1168171,164614218.66,0.8397,1.1791,1,0,none,baostock,query_history_k_data_plus
688019,SHSE.688019,,SH,A股-上交所,2024-04-03,141.49,144.5,139.96,142.42,141.7,1119774,159519138.89,0.5081,1.1303,1,0,none,baostock,query_history_k_data_plus
688019,SHSE.688019,,SH,A股-上交所,2024-04-08,141.5,141.5,136.63,137.24,142.42,793515,109730102.8,-3.6371,0.801,1,0,none,baostock,query_history_k_data_plus
688019,SHSE.688019,,SH,A股-上交所,2024-04-09,136.67,140.43,136.66,139.95,137.24,619376,86170167.25,1.9746,0.6252,1,0,none,baostock,query_history_k_data_plus
688019,SHSE.688019,,SH,A股-上交所,2024-04-10,142.4,142.4,136.52,136.82,139.95,700727,96417604.48,-2.2365,0.7073,1,0,none,baostock,query_history_k_data_plus
688019,SHSE.688019,,SH,A股-上交所,2024-04-11,135.76,137.99,131.88,132.28,136.82,1070543,143574326.14,-3.3182,1.0806,1,0,none,baostock,query_history_k_data_plus
688019,SHSE.688019,,SH,A股-上交所,2024-04-12,133.3,133.7,130.85,131.26,132.28,592579,78173655.46,-0.7711,0.5981,1,0,none,baostock,query_history_k_data_plus
688019,SHSE.688019,,SH,A股-上交所,2024-04-15,131.66,137.96,131.66,135.35,131.26,1241409,168114936.02,3.116,1.2531,1,0,none,baostock,query_history_k_data_plus
688019,SHSE.688019,,SH,A股-上交所,2024-04-16,135.89,139.78,135.58,137.05,135.35,1726111,237765262.25,1.256,1.7423,1,0,none,baostock,query_history_k_data_plus
688019,SHSE.688019,,SH,A股-上交所,2024-04-17,137.1,141.68,135.64,141.5,137.05,1391388,193675565.28,3.247,1.4044,1,0,none,baostock,query_history_k_data_plus
688019,SHSE.688019,,SH,A股-上交所,2024-04-18,141.47,144.3,139.44,141.99,141.5,1295330,184576487.87,0.3463,1.3075,1,0,none,baostock,query_history_k_data_plus
688019,SHSE.688019,,SH,A股-上交所,2024-04-19,140.56,141.85,135.61,136.0,141.99,983246,135617224.19,-4.2186,0.9925,1,0,none,baostock,query_history_k_data_plus
688019,SHSE.688019,,SH,A股-上交所,2024-04-22,136.0,137.41,133.33,134.72,136.0,815544,110330145.67,-0.9412,0.8232,1,0,none,baostock,query_history_k_data_plus
688019,SHSE.688019,,SH,A股-上交所,2024-04-23,135.0,136.41,133.37,133.92,134.72,577307,77723819.85,-0.5938,0.5827,1,0,none,baostock,query_history_k_data_plus
688019,SHSE.688019,,SH,A股-上交所,2024-04-24,134.06,136.78,133.6,136.5,133.92,613855,83133655.25,1.9265,0.6196,1,0,none,baostock,query_history_k_data_plus
688019,SHSE.688019,,SH,A股-上交所,2024-04-25,135.98,141.16,134.25,139.2,136.5,1275367,177115590.62,1.978,1.2873,1,0,none,baostock,query_history_k_data_plus
688019,SHSE.688019,,SH,A股-上交所,2024-04-26,138.08,142.0,138.08,140.09,139.2,1081007,151264085.16,0.6394,1.0911,1,0,none,baostock,query_history_k_data_plus
688019,SHSE.688019,,SH,A股-上交所,2024-04-29,149.0,163.6,149.0,163.55,140.09,4740695,750236667.71,16.7464,4.7852,1,0,none,baostock,query_history_k_data_plus
688019,SHSE.688019,,SH,A股-上交所,2024-04-30,167.0,167.5,162.84,165.25,163.55,1963359,324207254.83,1.0394,1.9818,1,0,none,baostock,query_history_k_data_plus
688019,SHSE.688019,,SH,A股-上交所,2024-05-06,168.0,168.86,164.1,167.92,165.25,1741046,290939588.66,1.6157,1.7574,1,0,none,baostock,query_history_k_data_plus
688019,SHSE.688019,,SH,A股-上交所,2024-05-07,167.56,170.9,165.63,166.32,167.92,1182132,198430480.1,-0.9528,1.1932,1,0,none,baostock,query_history_k_data_plus
688019,SHSE.688019,,SH,A股-上交所,2024-05-08,164.5,166.45,161.0,163.0,166.32,1288809,210157533.55,-1.9962,1.3009,1,0,none,baostock,query_history_k_data_plus
688019,SHSE.688019,,SH,A股-上交所,2024-05-09,163.14,169.5,163.14,168.18,163.0,1414697,236812225.65,3.1779,1.428,1,0,none,baostock,query_history_k_data_plus
688019,SHSE.688019,,SH,A股-上交所,2024-05-10,168.18,168.99,163.13,164.18,168.18,903521,148986528.23,-2.3784,0.912,1,0,none,baostock,query_history_k_data_plus
688019,SHSE.688019,,SH,A股-上交所,2024-05-13,161.95,164.9,161.6,161.81,164.18,831456,135532219.81,-1.4435,0.8393,1,0,none,baostock,query_history_k_data_plus
688019,SHSE.688019,,SH,A股-上交所,2024-05-14,162.91,164.88,160.01,161.5,161.81,591193,95683664.69,-0.1916,0.5967,1,0,none,baostock,query_history_k_data_plus
688019,SHSE.688019,,SH,A股-上交所,2024-05-15,161.38,162.46,158.37,158.8,161.5,489333,78290849.66,-1.6718,0.4939,1,0,none,baostock,query_history_k_data_plus
688019,SHSE.688019,,SH,A股-上交所,2024-05-16,159.51,162.38,159.51,161.37,158.8,755614,121892623.64,1.6184,0.7627,1,0,none,baostock,query_history_k_data_plus
688019,SHSE.688019,,SH,A股-上交所,2024-05-17,160.2,162.2,155.96,159.98,161.37,1319742,208804235.3,-0.8614,1.3321,1,0,none,baostock,query_history_k_data_plus
688019,SHSE.688019,,SH,A股-上交所,2024-05-20,159.88,164.19,158.06,163.68,159.98,1046313,169972113.73,2.3128,1.0561,1,0,none,baostock,query_history_k_data_plus
688019,SHSE.688019,,SH,A股-上交所,2024-05-21,163.68,164.97,160.69,162.0,163.68,820606,133210040.33,-1.0264,0.8283,1,0,none,baostock,query_history_k_data_plus
688019,SHSE.688019,,SH,A股-上交所,2024-05-22,162.15,162.78,157.36,157.7,162.0,1154447,183157485.44,-2.6543,1.1653,1,0,none,baostock,query_history_k_data_plus
688019,SHSE.688019,,SH,A股-上交所,2024-05-23,158.58,158.58,153.43,153.99,157.7,956542,148087192.44,-2.3526,0.9655,1,0,none,baostock,query_history_k_data_plus
688019,SHSE.688019,,SH,A股-上交所,2024-05-24,153.71,154.91,151.32,153.61,153.99,911909,139670993.56,-0.2468,0.9205,1,0,none,baostock,query_history_k_data_plus
688019,SHSE.688019,,SH,A股-上交所,2024-05-27,154.8,162.28,149.5,162.01,153.61,2012572,314659915.64,5.4684,2.0315,1,0,none,baostock,query_history_k_data_plus
688019,SHSE.688019,,SH,A股-上交所,2024-05-28,160.53,168.0,159.4,162.06,162.01,1517666,249335959.05,0.0309,1.5319,1,0,none,baostock,query_history_k_data_plus
688019,SHSE.688019,,SH,A股-上交所,2024-05-29,161.0,163.1,156.3,157.82,162.06,946542,150776805.41,-2.6163,0.9554,1,0,none,baostock,query_history_k_data_plus
688019,SHSE.688019,,SH,A股-上交所,2024-05-30,156.0,162.37,156.0,159.51,157.82,827439,132551241.25,1.0708,0.8352,1,0,none,baostock,query_history_k_data_plus
688019,SHSE.688019,,SH,A股-上交所,2024-05-31,159.2,160.97,156.14,157.02,159.51,867864,136818502.04,-1.561,0.876,1,0,none,baostock,query_history_k_data_plus
688019,SHSE.688019,,SH,A股-上交所,2024-06-03,158.21,165.88,157.01,163.96,157.02,1721242,280857949.04,4.4198,1.7374,1,0,none,baostock,query_history_k_data_plus
688019,SHSE.688019,,SH,A股-上交所,2024-06-04,162.61,165.52,161.5,164.99,163.96,1147400,187902534.95,0.6282,1.1582,1,0,none,baostock,query_history_k_data_plus
688019,SHSE.688019,,SH,A股-上交所,2024-06-05,165.0,169.36,163.18,165.65,164.99,1497075,250540779.41,0.4,1.5111,1,0,none,baostock,query_history_k_data_plus
688019,SHSE.688019,,SH,A股-上交所,2024-06-06,169.33,171.72,164.41,165.88,165.65,1791735,301207757.0,0.1388,1.8085,1,0,none,baostock,query_history_k_data_plus
688019,SHSE.688019,,SH,A股-上交所,2024-06-07,163.6,170.09,160.62,163.29,165.88,1498599,246886484.89,-1.5614,1.5127,1,0,none,baostock,query_history_k_data_plus
688019,SHSE.688019,,SH,A股-上交所,2024-06-11,125.05,131.98,123.85,131.59,125.37,2552445,328404100.89,4.9613,1.9824,1,0,none,baostock,query_history_k_data_plus
688019,SHSE.688019,,SH,A股-上交所,2024-06-12,131.56,133.6,130.0,130.4,131.59,1763223,231816960.43,-0.9043,1.3694,1,0,none,baostock,query_history_k_data_plus
688019,SHSE.688019,,SH,A股-上交所,2024-06-13,131.0,135.0,130.4,132.9,130.4,2193710,291567669.72,1.9172,1.7038,1,0,none,baostock,query_history_k_data_plus
688019,SHSE.688019,,SH,A股-上交所,2024-06-14,132.26,132.66,129.37,132.04,132.9,1578211,207110283.92,-0.6471,1.2257,1,0,none,baostock,query_history_k_data_plus
688019,SHSE.688019,,SH,A股-上交所,2024-06-17,130.92,135.0,130.04,134.7,132.04,1562688,209022118.65,2.0145,1.2137,1,0,none,baostock,query_history_k_data_plus
688019,SHSE.688019,,SH,A股-上交所,2024-06-18,134.11,137.69,131.23,134.01,134.7,1881438,253596353.12,-0.5122,1.4613,1,0,none,baostock,query_history_k_data_plus
688019,SHSE.688019,,SH,A股-上交所,2024-06-19,135.0,135.67,128.37,130.89,134.01,1892997,247776385.38,-2.3282,1.4702,1,0,none,baostock,query_history_k_data_plus
688019,SHSE.688019,,SH,A股-上交所,2024-06-20,130.86,135.19,130.16,132.13,130.89,1626100,216455289.28,0.9474,1.2629,1,0,none,baostock,query_history_k_data_plus
688019,SHSE.688019,,SH,A股-上交所,2024-06-21,130.66,132.5,129.07,132.03,132.13,1002364,131466411.32,-0.0757,0.7785,1,0,none,baostock,query_history_k_data_plus
688019,SHSE.688019,,SH,A股-上交所,2024-06-24,131.0,133.8,127.97,128.1,132.03,1263726,165208044.77,-2.9766,0.9815,1,0,none,baostock,query_history_k_data_plus
688019,SHSE.688019,,SH,A股-上交所,2024-06-25,127.94,128.32,122.55,123.71,128.1,1590017,197781875.84,-3.427,1.2349,1,0,none,baostock,query_history_k_data_plus
688019,SHSE.688019,,SH,A股-上交所,2024-06-26,126.0,127.9,122.77,126.89,123.71,1228022,153572859.09,2.5705,0.9538,1,0,none,baostock,query_history_k_data_plus
688019,SHSE.688019,,SH,A股-上交所,2024-06-27,125.66,128.39,125.66,126.31,126.89,1073323,136286884.03,-0.4571,0.8336,1,0,none,baostock,query_history_k_data_plus
688019,SHSE.688019,,SH,A股-上交所,2024-06-28,125.5,128.76,124.34,125.8,126.31,1081270,137024422.48,-0.4038,0.8398,1,0,none,baostock,query_history_k_data_plus
688019,SHSE.688019,,SH,A股-上交所,2024-07-01,126.23,126.74,121.44,123.5,125.8,1250815,154268766.1,-1.8283,0.9715,1,0,none,baostock,query_history_k_data_plus
688019,SHSE.688019,,SH,A股-上交所,2024-07-02,123.66,124.88,121.8,122.25,123.5,886945,109085408.23,-1.0121,0.6889,1,0,none,baostock,query_history_k_data_plus
688019,SHSE.688019,,SH,A股-上交所,2024-07-03,122.27,126.28,121.23,124.2,122.25,1022484,126841743.41,1.5951,0.7941,1,0,none,baostock,query_history_k_data_plus
688019,SHSE.688019,,SH,A股-上交所,2024-07-04,123.61,124.99,121.74,122.0,124.2,892182,109663785.94,-1.7713,0.6929,1,0,none,baostock,query_history_k_data_plus
688019,SHSE.688019,,SH,A股-上交所,2024-07-05,121.51,123.34,117.89,122.43,122.0,1530997,183839193.66,0.3525,1.1891,1,0,none,baostock,query_history_k_data_plus
688019,SHSE.688019,,SH,A股-上交所,2024-07-08,122.43,124.68,121.43,121.8,122.43,1081067,133065222.28,-0.5146,0.8396,1,0,none,baostock,query_history_k_data_plus
688019,SHSE.688019,,SH,A股-上交所,2024-07-09,120.2,125.15,120.15,124.34,121.8,1533578,189085572.93,2.0854,1.1911,1,0,none,baostock,query_history_k_data_plus
688019,SHSE.688019,,SH,A股-上交所,2024-07-10,124.6,124.7,110.0,113.0,124.34,3997839,462706072.08,-9.1202,3.105,1,0,none,baostock,query_history_k_data_plus
688019,SHSE.688019,,SH,A股-上交所,2024-07-11,114.02,118.18,112.5,112.78,113.0,3152918,361385341.29,-0.1947,2.4488,1,0,none,baostock,query_history_k_data_plus
688019,SHSE.688019,,SH,A股-上交所,2024-07-12,112.0,118.38,110.5,116.45,112.78,1901582,219262803.22,3.2541,1.4769,1,0,none,baostock,query_history_k_data_plus
688019,SHSE.688019,,SH,A股-上交所,2024-07-15,117.5,122.0,117.5,119.5,116.45,1687893,202658051.59,2.6191,1.3109,1,0,none,baostock,query_history_k_data_plus
688019,SHSE.688019,,SH,A股-上交所,2024-07-16,118.92,121.93,118.11,121.48,119.5,1234069,148466216.57,1.6569,0.9585,1,0,none,baostock,query_history_k_data_plus
688019,SHSE.688019,,SH,A股-上交所,2024-07-17,120.27,123.2,118.7,121.92,121.48,1400463,170157527.8,0.3622,1.0877,1,0,none,baostock,query_history_k_data_plus
688019,SHSE.688019,,SH,A股-上交所,2024-07-18,120.75,124.88,119.77,123.51,121.92,2004768,245334004.85,1.3041,1.557,1,0,none,baostock,query_history_k_data_plus
688019,SHSE.688019,,SH,A股-上交所,2024-07-19,122.83,125.8,120.7,122.9,123.51,1972539,243470615.99,-0.4939,1.532,1,0,none,baostock,query_history_k_data_plus
688019,SHSE.688019,,SH,A股-上交所,2024-07-22,123.7,124.21,120.03,120.17,122.9,1556679,189507423.6,-2.2213,1.2047,1,0,none,baostock,query_history_k_data_plus
688019,SHSE.688019,,SH,A股-上交所,2024-07-23,120.22,120.29,110.5,110.5,120.17,2770787,315075140.17,-8.0469,2.1444,1,0,none,baostock,query_history_k_data_plus
688019,SHSE.688019,,SH,A股-上交所,2024-07-24,110.0,111.5,108.02,108.46,110.5,1223773,133885281.44,-1.8462,0.9471,1,0,none,baostock,query_history_k_data_plus
688019,SHSE.688019,,SH,A股-上交所,2024-07-25,107.61,108.83,105.8,106.22,108.46,1226805,131201475.43,-2.0653,0.9494,1,0,none,baostock,query_history_k_data_plus
688019,SHSE.688019,,SH,A股-上交所,2024-07-26,106.87,109.7,105.18,108.5,106.22,1041159,112116836.42,2.1465,0.8058,1,0,none,baostock,query_history_k_data_plus
688019,SHSE.688019,,SH,A股-上交所,2024-07-29,108.52,109.45,106.1,106.5,108.5,1038014,111416938.75,-1.8433,0.8033,1,0,none,baostock,query_history_k_data_plus
688019,SHSE.688019,,SH,A股-上交所,2024-07-30,106.57,109.67,104.1,107.2,106.5,1544383,165254865.17,0.6573,1.1952,1,0,none,baostock,query_history_k_data_plus
688019,SHSE.688019,,SH,A股-上交所,2024-07-31,106.51,115.0,106.51,114.95,107.2,1880013,210221099.15,7.2295,1.455,1,0,none,baostock,query_history_k_data_plus
688019,SHSE.688019,,SH,A股-上交所,2024-08-01,115.76,116.84,113.41,115.1,114.95,1472242,169709006.25,0.1305,1.1394,1,0,none,baostock,query_history_k_data_plus
688019,SHSE.688019,,SH,A股-上交所,2024-08-02,113.55,115.56,109.73,110.3,115.1,1247417,140026738.39,-4.1703,0.9654,1,0,none,baostock,query_history_k_data_plus
688019,SHSE.688019,,SH,A股-上交所,2024-08-05,109.21,111.5,104.98,105.45,110.3,1601912,171907280.94,-4.3971,1.2397,1,0,none,baostock,query_history_k_data_plus
688019,SHSE.688019,,SH,A股-上交所,2024-08-06,107.0,108.54,105.22,108.0,105.45,1401879,150016691.03,2.4182,1.0849,1,0,none,baostock,query_history_k_data_plus
688019,SHSE.688019,,SH,A股-上交所,2024-08-07,107.51,108.46,106.37,106.43,108.0,983289,105429451.33,-1.4537,0.761,1,0,none,baostock,query_history_k_data_plus
688019,SHSE.688019,,SH,A股-上交所,2024-08-08,105.68,109.99,105.02,107.98,106.43,1778795,190949393.18,1.4564,1.3766,1,0,none,baostock,query_history_k_data_plus
688019,SHSE.688019,,SH,A股-上交所,2024-08-09,112.0,112.3,106.27,106.37,107.98,1381313,149495506.72,-1.491,1.069,1,0,none,baostock,query_history_k_data_plus
688019,SHSE.688019,,SH,A股-上交所,2024-08-12,106.37,107.48,104.5,107.2,106.37,1136757,121216734.44,0.7803,0.8798,1,0,none,baostock,query_history_k_data_plus
688019,SHSE.688019,,SH,A股-上交所,2024-08-13,107.0,109.13,105.72,107.8,107.2,867739,93126389.55,0.5597,0.6716,1,0,none,baostock,query_history_k_data_plus
688019,SHSE.688019,,SH,A股-上交所,2024-08-14,108.56,108.56,102.02,102.1,107.8,1907447,198163238.26,-5.2876,1.4762,1,0,none,baostock,query_history_k_data_plus
688019,SHSE.688019,,SH,A股-上交所,2024-08-15,102.36,104.65,101.39,103.35,102.1,1272243,131274847.54,1.2243,0.9846,1,0,none,baostock,query_history_k_data_plus
688019,SHSE.688019,,SH,A股-上交所,2024-08-16,103.1,104.43,102.32,102.4,103.35,750669,77369567.98,-0.9192,0.581,1,0,none,baostock,query_history_k_data_plus
688019,SHSE.688019,,SH,A股-上交所,2024-08-19,102.1,104.08,100.65,101.84,102.4,772211,79170592.43,-0.5469,0.5976,1,0,none,baostock,query_history_k_data_plus
688019,SHSE.688019,,SH,A股-上交所,2024-08-20,102.04,102.82,99.67,100.54,101.84,1042221,104585362.21,-1.2765,0.8066,1,0,none,baostock,query_history_k_data_plus
688019,SHSE.688019,,SH,A股-上交所,2024-08-21,100.49,101.22,99.51,99.89,100.54,697852,69884998.71,-0.6465,0.5401,1,0,none,baostock,query_history_k_data_plus
688019,SHSE.688019,,SH,A股-上交所,2024-08-22,99.66,100.45,98.4,98.85,99.89,935157,92763100.67,-1.0411,0.7237,1,0,none,baostock,query_history_k_data_plus
688019,SHSE.688019,,SH,A股-上交所,2024-08-23,99.29,99.29,96.28,98.15,98.85,942410,91973220.88,-0.7081,0.7293,1,0,none,baostock,query_history_k_data_plus
688019,SHSE.688019,,SH,A股-上交所,2024-08-26,100.0,105.21,100.0,102.3,98.15,1941646,199098647.09,4.2282,1.5027,1,0,none,baostock,query_history_k_data_plus
688019,SHSE.688019,,SH,A股-上交所,2024-08-27,101.66,107.36,101.58,106.28,102.3,2170912,229270435.39,3.8905,1.6801,1,0,none,baostock,query_history_k_data_plus
688019,SHSE.688019,,SH,A股-上交所,2024-08-28,106.88,108.11,105.58,107.72,106.28,1231630,131922158.96,1.3549,0.9532,1,0,none,baostock,query_history_k_data_plus
688019,SHSE.688019,,SH,A股-上交所,2024-08-29,107.5,111.11,106.0,110.08,107.72,1347266,147646770.35,2.1909,1.0427,1,0,none,baostock,query_history_k_data_plus
688019,SHSE.688019,,SH,A股-上交所,2024-08-30,109.06,114.5,109.03,112.55,110.08,1966867,221072910.23,2.2438,1.5222,1,0,none,baostock,query_history_k_data_plus
688019,SHSE.688019,,SH,A股-上交所,2024-09-02,111.66,113.31,109.21,109.29,112.55,1379638,153126456.96,-2.8965,1.0677,1,0,none,baostock,query_history_k_data_plus
688019,SHSE.688019,,SH,A股-上交所,2024-09-03,109.0,111.29,108.0,109.49,109.29,1040794,114576039.35,0.183,0.8055,1,0,none,baostock,query_history_k_data_plus
688019,SHSE.688019,,SH,A股-上交所,2024-09-04,108.97,110.97,108.5,109.54,109.49,639959,70227793.53,0.0457,0.4953,1,0,none,baostock,query_history_k_data_plus
688019,SHSE.688019,,SH,A股-上交所,2024-09-05,110.23,110.7,108.12,108.38,109.54,588666,64250058.64,-1.059,0.4556,1,0,none,baostock,query_history_k_data_plus
688019,SHSE.688019,,SH,A股-上交所,2024-09-06,108.9,108.9,105.56,106.0,108.38,558445,59646412.28,-2.196,0.4322,1,0,none,baostock,query_history_k_data_plus
688019,SHSE.688019,,SH,A股-上交所,2024-09-09,105.0,110.0,103.6,105.0,106.0,928855,97510940.93,-0.9434,0.7189,1,0,none,baostock,query_history_k_data_plus
688019,SHSE.688019,,SH,A股-上交所,2024-09-10,104.6,107.2,103.88,106.36,105.0,782246,82452985.78,1.2952,0.6054,1,0,none,baostock,query_history_k_data_plus
688019,SHSE.688019,,SH,A股-上交所,2024-09-11,105.08,107.85,105.0,106.48,106.36,591583,63128774.77,0.1128,0.4578,1,0,none,baostock,query_history_k_data_plus
688019,SHSE.688019,,SH,A股-上交所,2024-09-12,107.57,107.98,106.01,106.27,106.48,666919,71255854.73,-0.1972,0.5161,1,0,none,baostock,query_history_k_data_plus
688019,SHSE.688019,,SH,A股-上交所,2024-09-13,107.53,107.53,103.58,103.8,106.27,779000,81929561.51,-2.3243,0.6029,1,0,none,baostock,query_history_k_data_plus
688019,SHSE.688019,,SH,A股-上交所,2024-09-18,103.9,106.87,103.9,106.38,103.8,749064,79137306.99,2.4855,0.5797,1,0,none,baostock,query_history_k_data_plus
688019,SHSE.688019,,SH,A股-上交所,2024-09-19,106.53,110.5,105.36,106.86,106.38,1107522,119657613.27,0.4512,0.8571,1,0,none,baostock,query_history_k_data_plus
688019,SHSE.688019,,SH,A股-上交所,2024-09-20,106.86,107.27,104.5,106.33,106.86,787374,83393917.57,-0.496,0.6094,1,0,none,baostock,query_history_k_data_plus
688019,SHSE.688019,,SH,A股-上交所,2024-09-23,105.97,107.74,103.3,105.05,106.33,777063,81659427.41,-1.2038,0.6014,1,0,none,baostock,query_history_k_data_plus
688019,SHSE.688019,,SH,A股-上交所,2024-09-24,105.8,110.0,103.77,109.52,105.05,1294504,139387890.4,4.2551,1.0018,1,0,none,baostock,query_history_k_data_plus
688019,SHSE.688019,,SH,A股-上交所,2024-09-25,110.5,112.66,106.58,106.81,109.52,1704010,186332783.3,-2.4744,1.3188,1,0,none,baostock,query_history_k_data_plus
688019,SHSE.688019,,SH,A股-上交所,2024-09-26,107.0,111.99,104.69,111.99,106.81,2254657,243924962.36,4.8497,1.7449,1,0,none,baostock,query_history_k_data_plus
688019,SHSE.688019,,SH,A股-上交所,2024-09-27,114.5,120.0,113.0,119.96,111.99,1281982,148946845.66,7.1167,0.9921,1,0,none,baostock,query_history_k_data_plus
688019,SHSE.688019,,SH,A股-上交所,2024-09-30,126.7,141.8,123.0,140.01,119.96,4404994,586530169.3,16.7139,3.4091,1,0,none,baostock,query_history_k_data_plus
688019,SHSE.688019,,SH,A股-上交所,2024-10-08,168.01,168.01,148.0,166.44,140.01,9661368,1561566398.7,18.8772,7.4771,1,0,none,baostock,query_history_k_data_plus
688019,SHSE.688019,,SH,A股-上交所,2024-10-09,158.0,171.45,142.99,148.5,166.44,10451233,1624553753.93,-10.7787,8.0884,1,0,none,baostock,query_history_k_data_plus
688019,SHSE.688019,,SH,A股-上交所,2024-10-10,149.0,154.7,139.9,139.9,148.5,5277782,768454959.71,-5.7912,4.0846,1,0,none,baostock,query_history_k_data_plus
688019,SHSE.688019,,SH,A股-上交所,2024-10-11,138.6,139.6,128.88,133.89,139.9,3869195,516679440.62,-4.2959,2.9944,1,0,none,baostock,query_history_k_data_plus
688019,SHSE.688019,,SH,A股-上交所,2024-10-14,133.0,137.88,126.33,134.68,133.89,4712979,622082495.44,0.59,3.6474,1,0,none,baostock,query_history_k_data_plus
688019,SHSE.688019,,SH,A股-上交所,2024-10-15,133.08,137.8,130.58,130.6,134.68,3547473,473335458.88,-3.0294,2.7454,1,0,none,baostock,query_history_k_data_plus
688019,SHSE.688019,,SH,A股-上交所,2024-10-16,128.0,133.16,126.77,130.11,130.6,2226701,290719645.72,-0.3752,1.7233,1,0,none,baostock,query_history_k_data_plus
688019,SHSE.688019,,SH,A股-上交所,2024-10-17,131.9,133.78,128.54,128.55,130.11,2247753,295665224.93,-1.199,1.7396,1,0,none,baostock,query_history_k_data_plus
688019,SHSE.688019,,SH,A股-上交所,2024-10-18,128.86,148.88,127.6,143.0,128.55,5087766,705616739.55,11.2408,3.9375,1,0,none,baostock,query_history_k_data_plus
688019,SHSE.688019,,SH,A股-上交所,2024-10-21,145.5,152.58,141.53,143.0,143.0,5394327,786161721.78,0.0,4.1747,1,0,none,baostock,query_history_k_data_plus
688019,SHSE.688019,,SH,A股-上交所,2024-10-22,141.56,142.68,137.05,140.13,143.0,3546435,494224584.26,-2.007,2.7446,1,0,none,baostock,query_history_k_data_plus
688019,SHSE.688019,,SH,A股-上交所,2024-10-23,139.83,142.49,138.1,138.99,140.13,2196753,307479211.63,-0.8135,1.7001,1,0,none,baostock,query_history_k_data_plus
688019,SHSE.688019,,SH,A股-上交所,2024-10-24,138.06,141.51,137.98,139.7,138.99,1746869,244018389.17,0.5108,1.3519,1,0,none,baostock,query_history_k_data_plus
688019,SHSE.688019,,SH,A股-上交所,2024-10-25,139.98,144.87,138.0,141.3,139.7,2651120,373920761.96,1.1453,2.0517,1,0,none,baostock,query_history_k_data_plus
688019,SHSE.688019,,SH,A股-上交所,2024-10-28,141.51,142.22,139.0,139.83,141.3,1900170,266635461.7,-1.0403,1.4706,1,0,none,baostock,query_history_k_data_plus
688019,SHSE.688019,,SH,A股-上交所,2024-10-29,139.86,145.87,139.83,140.97,139.83,2898807,411732019.11,0.8153,2.2434,1,0,none,baostock,query_history_k_data_plus
688019,SHSE.688019,,SH,A股-上交所,2024-10-30,148.5,154.8,145.01,150.8,140.97,7314258,1101019735.59,6.9731,5.6606,1,0,none,baostock,query_history_k_data_plus
688019,SHSE.688019,,SH,A股-上交所,2024-10-31,150.88,156.28,145.11,154.1,150.8,5043855,768121520.65,2.1883,3.9035,1,0,none,baostock,query_history_k_data_plus
688019,SHSE.688019,,SH,A股-上交所,2024-11-01,153.0,154.39,147.6,148.05,154.1,3358149,504010645.12,-3.926,2.5989,1,0,none,baostock,query_history_k_data_plus
688019,SHSE.688019,,SH,A股-上交所,2024-11-04,147.74,159.75,147.51,156.9,148.05,3197879,496139400.3,5.9777,2.4749,1,0,none,baostock,query_history_k_data_plus
688019,SHSE.688019,,SH,A股-上交所,2024-11-05,156.0,164.46,155.04,162.97,156.9,3672472,590060153.56,3.8687,2.8422,1,0,none,baostock,query_history_k_data_plus
688019,SHSE.688019,,SH,A股-上交所,2024-11-06,165.0,165.89,159.36,160.32,162.97,2964213,481976159.0,-1.6261,2.294,1,0,none,baostock,query_history_k_data_plus
688019,SHSE.688019,,SH,A股-上交所,2024-11-07,161.0,162.63,156.06,158.8,160.32,2855960,451672505.02,-0.9481,2.2103,1,0,none,baostock,query_history_k_data_plus
688019,SHSE.688019,,SH,A股-上交所,2024-11-08,161.8,169.99,159.22,162.65,158.8,4614375,759455117.16,2.4244,3.5711,1,0,none,baostock,query_history_k_data_plus
688019,SHSE.688019,,SH,A股-上交所,2024-11-11,162.68,174.68,162.68,168.98,162.65,4709107,795475713.89,3.8918,3.6444,1,0,none,baostock,query_history_k_data_plus
688019,SHSE.688019,,SH,A股-上交所,2024-11-12,169.42,173.95,163.88,168.6,168.98,4412045,746623662.72,-0.2249,3.4145,1,0,none,baostock,query_history_k_data_plus
688019,SHSE.688019,,SH,A股-上交所,2024-11-13,165.12,166.65,156.36,159.7,168.6,5492376,880862893.25,-5.2788,4.2506,1,0,none,baostock,query_history_k_data_plus
688019,SHSE.688019,,SH,A股-上交所,2024-11-14,159.66,161.25,153.1,153.68,159.7,3307553,518825652.99,-3.7696,2.5598,1,0,none,baostock,query_history_k_data_plus
688019,SHSE.688019,,SH,A股-上交所,2024-11-15,154.17,156.45,151.0,151.49,153.68,2932987,448545886.21,-1.425,2.2699,1,0,none,baostock,query_history_k_data_plus
688019,SHSE.688019,,SH,A股-上交所,2024-11-18,151.0,154.68,148.29,151.8,151.49,2576396,390538250.02,0.2046,1.9939,1,0,none,baostock,query_history_k_data_plus
688019,SHSE.688019,,SH,A股-上交所,2024-11-19,151.94,161.48,151.88,160.12,151.8,4066976,639418080.27,5.4809,3.1475,1,0,none,baostock,query_history_k_data_plus
688019,SHSE.688019,,SH,A股-上交所,2024-11-20,158.0,160.33,156.69,158.33,160.12,2169165,343198845.93,-1.1179,1.6787,1,0,none,baostock,query_history_k_data_plus
688019,SHSE.688019,,SH,A股-上交所,2024-11-21,158.7,159.6,155.0,156.83,158.33,1626613,256020357.41,-0.9474,1.2589,1,0,none,baostock,query_history_k_data_plus
688019,SHSE.688019,,SH,A股-上交所,2024-11-22,157.0,158.64,149.28,149.28,156.83,2035427,312917008.62,-4.8141,1.5752,1,0,none,baostock,query_history_k_data_plus
688019,SHSE.688019,,SH,A股-上交所,2024-11-25,149.76,152.95,146.21,150.4,149.28,1776595,265743065.96,0.7503,1.3749,1,0,none,baostock,query_history_k_data_plus
688019,SHSE.688019,,SH,A股-上交所,2024-11-26,149.2,152.57,148.3,148.84,150.4,1258000,188864691.42,-1.0372,0.9736,1,0,none,baostock,query_history_k_data_plus
688019,SHSE.688019,,SH,A股-上交所,2024-11-27,148.01,153.5,144.8,153.5,148.84,2217832,332031147.67,3.1309,1.7164,1,0,none,baostock,query_history_k_data_plus
688019,SHSE.688019,,SH,A股-上交所,2024-11-28,153.35,156.51,151.0,151.9,153.5,1798241,275644971.6,-1.0423,1.3917,1,0,none,baostock,query_history_k_data_plus
688019,SHSE.688019,,SH,A股-上交所,2024-11-29,151.47,157.23,150.3,154.78,151.9,2167515,333929905.51,1.896,1.6775,1,0,none,baostock,query_history_k_data_plus
688019,SHSE.688019,,SH,A股-上交所,2024-12-02,154.8,159.0,150.49,155.15,154.78,3078662,477439350.77,0.239,2.3826,1,0,none,baostock,query_history_k_data_plus
688019,SHSE.688019,,SH,A股-上交所,2024-12-03,157.0,158.88,153.0,154.49,155.15,1874132,291714234.7,-0.4254,1.4504,1,0,none,baostock,query_history_k_data_plus
688019,SHSE.688019,,SH,A股-上交所,2024-12-04,157.56,158.19,152.0,153.06,154.49,1951605,302204662.78,-0.9256,1.5104,1,0,none,baostock,query_history_k_data_plus
688019,SHSE.688019,,SH,A股-上交所,2024-12-05,151.35,153.3,148.63,149.36,153.06,2479151,372412974.68,-2.4174,1.9187,1,0,none,baostock,query_history_k_data_plus
688019,SHSE.688019,,SH,A股-上交所,2024-12-06,149.9,154.6,148.71,149.02,149.36,2039125,308014077.99,-0.2276,1.5781,1,0,none,baostock,query_history_k_data_plus
688019,SHSE.688019,,SH,A股-上交所,2024-12-09,149.0,150.73,145.61,146.8,149.02,1994304,294281080.52,-1.4897,1.5434,1,0,none,baostock,query_history_k_data_plus
688019,SHSE.688019,,SH,A股-上交所,2024-12-10,154.57,156.0,147.28,147.85,146.8,2357885,355340985.57,0.7153,1.8248,1,0,none,baostock,query_history_k_data_plus
688019,SHSE.688019,,SH,A股-上交所,2024-12-11,147.92,149.5,146.88,147.0,147.85,1873186,277520840.48,-0.5749,1.4497,1,0,none,baostock,query_history_k_data_plus
688019,SHSE.688019,,SH,A股-上交所,2024-12-12,147.3,151.8,145.01,149.01,147.0,2443565,362299607.03,1.3673,1.8911,1,0,none,baostock,query_history_k_data_plus
688019,SHSE.688019,,SH,A股-上交所,2024-12-13,148.0,150.19,146.02,147.1,149.01,2745593,405682163.55,-1.2818,2.1249,1,0,none,baostock,query_history_k_data_plus
688019,SHSE.688019,,SH,A股-上交所,2024-12-16,146.8,147.7,140.4,141.5,147.1,3123198,446182606.14,-3.8069,2.4171,1,0,none,baostock,query_history_k_data_plus
688019,SHSE.688019,,SH,A股-上交所,2024-12-17,141.44,142.84,140.05,140.91,141.5,1840726,260937780.51,-0.417,1.4246,1,0,none,baostock,query_history_k_data_plus
688019,SHSE.688019,,SH,A股-上交所,2024-12-18,141.18,143.49,140.29,142.14,140.91,1341108,190153033.05,0.8729,1.0379,1,0,none,baostock,query_history_k_data_plus
688019,SHSE.688019,,SH,A股-上交所,2024-12-19,141.0,143.5,140.05,141.58,142.14,1733347,245679143.21,-0.394,1.3415,1,0,none,baostock,query_history_k_data_plus
688019,SHSE.688019,,SH,A股-上交所,2024-12-20,141.58,150.5,141.12,148.03,141.58,3413798,500758539.2,4.5557,2.642,1,0,none,baostock,query_history_k_data_plus
688019,SHSE.688019,,SH,A股-上交所,2024-12-23,147.99,148.77,143.96,144.31,148.03,2099152,306644425.04,-2.513,1.6246,1,0,none,baostock,query_history_k_data_plus
688019,SHSE.688019,,SH,A股-上交所,2024-12-24,144.6,148.3,142.98,147.78,144.31,1941450,283354270.46,2.4045,1.5025,1,0,none,baostock,query_history_k_data_plus
688019,SHSE.688019,,SH,A股-上交所,2024-12-25,147.18,151.56,147.18,149.8,147.78,2237293,334231127.87,1.3669,1.7315,1,0,none,baostock,query_history_k_data_plus
688019,SHSE.688019,,SH,A股-上交所,2024-12-26,149.17,149.76,145.55,148.73,149.8,1979478,292709574.65,-0.7143,1.5319,1,0,none,baostock,query_history_k_data_plus
688019,SHSE.688019,,SH,A股-上交所,2024-12-27,148.31,151.47,142.83,143.06,148.73,3672231,537565991.27,-3.8123,2.842,1,0,none,baostock,query_history_k_data_plus
688019,SHSE.688019,,SH,A股-上交所,2024-12-30,143.08,146.7,142.11,144.7,143.06,2456409,355761025.76,1.1464,1.9011,1,0,none,baostock,query_history_k_data_plus
688019,SHSE.688019,,SH,A股-上交所,2024-12-31,144.7,145.8,139.36,139.36,144.7,2079772,295077966.32,-3.6904,1.6096,1,0,none,baostock,query_history_k_data_plus
688019,SHSE.688019,,SH,A股-上交所,2025-01-02,139.11,140.0,131.8,133.69,139.36,2474895,335799317.12,-4.0686,1.9154,1,0,none,baostock,query_history_k_data_plus
688019,SHSE.688019,,SH,A股-上交所,2025-01-03,134.5,136.57,132.01,132.47,133.69,2029371,272295122.14,-0.9126,1.5706,1,0,none,baostock,query_history_k_data_plus
688019,SHSE.688019,,SH,A股-上交所,2025-01-06,132.0,135.89,131.37,132.93,132.47,1916439,256802877.72,0.3472,1.4832,1,0,none,baostock,query_history_k_data_plus
688019,SHSE.688019,,SH,A股-上交所,2025-01-07,132.93,136.58,130.63,134.55,132.93,2381178,317434961.26,1.2187,1.8428,1,0,none,baostock,query_history_k_data_plus
688019,SHSE.688019,,SH,A股-上交所,2025-01-08,134.1,135.59,129.5,132.52,134.55,2723582,361011608.6,-1.5087,2.1078,1,0,none,baostock,query_history_k_data_plus
688019,SHSE.688019,,SH,A股-上交所,2025-01-09,132.0,134.5,131.3,132.53,132.52,1815663,241862239.59,0.0075,1.4052,1,0,none,baostock,query_history_k_data_plus
688019,SHSE.688019,,SH,A股-上交所,2025-01-10,132.0,138.53,132.0,134.35,132.53,3548128,480809250.57,1.3733,2.7459,1,0,none,baostock,query_history_k_data_plus
688019,SHSE.688019,,SH,A股-上交所,2025-01-13,133.0,140.22,131.41,136.29,134.35,2452973,336088511.25,1.444,1.8984,1,0,none,baostock,query_history_k_data_plus
688019,SHSE.688019,,SH,A股-上交所,2025-01-14,137.42,146.27,137.0,145.57,136.29,3280815,467806865.34,6.809,2.5391,1,0,none,baostock,query_history_k_data_plus
688019,SHSE.688019,,SH,A股-上交所,2025-01-15,145.0,145.98,144.01,144.91,145.57,1549025,224330371.37,-0.4534,1.1988,1,0,none,baostock,query_history_k_data_plus
688019,SHSE.688019,,SH,A股-上交所,2025-01-16,144.91,147.53,143.26,143.96,144.91,2313812,335204795.5,-0.6556,1.7907,1,0,none,baostock,query_history_k_data_plus
688019,SHSE.688019,,SH,A股-上交所,2025-01-17,143.82,149.27,143.38,149.24,143.96,3941616,580975284.18,3.6677,3.0505,1,0,none,baostock,query_history_k_data_plus
688019,SHSE.688019,,SH,A股-上交所,2025-01-20,149.0,149.98,145.0,145.92,149.24,2699413,397850873.34,-2.2246,2.0891,1,0,none,baostock,query_history_k_data_plus
688019,SHSE.688019,,SH,A股-上交所,2025-01-21,146.89,151.78,146.38,151.78,145.92,2047241,306268619.64,4.0159,1.5844,1,0,none,baostock,query_history_k_data_plus
688019,SHSE.688019,,SH,A股-上交所,2025-01-22,151.3,153.69,149.0,149.9,151.78,2846684,428530357.81,-1.2386,2.2031,1,0,none,baostock,query_history_k_data_plus
688019,SHSE.688019,,SH,A股-上交所,2025-01-23,151.0,151.97,147.2,148.33,149.9,3356371,500206320.61,-1.0474,2.5975,1,0,none,baostock,query_history_k_data_plus
688019,SHSE.688019,,SH,A股-上交所,2025-01-24,147.99,149.87,146.66,147.63,148.33,2482526,368341000.7,-0.4719,1.9213,1,0,none,baostock,query_history_k_data_plus
688019,SHSE.688019,,SH,A股-上交所,2025-01-27,147.99,148.8,145.53,145.8,147.63,1226081,180350447.77,-1.2396,0.9489,1,0,none,baostock,query_history_k_data_plus
688019,SHSE.688019,,SH,A股-上交所,2025-02-05,147.88,148.69,143.1,144.5,145.8,2036821,296147856.02,-0.8916,1.5763,1,0,none,baostock,query_history_k_data_plus
688019,SHSE.688019,,SH,A股-上交所,2025-02-06,144.76,152.53,143.9,152.0,144.5,2590031,387295981.19,5.1903,2.0045,1,0,none,baostock,query_history_k_data_plus
688019,SHSE.688019,,SH,A股-上交所,2025-02-07,151.88,157.0,150.04,154.6,152.0,2820016,434499989.03,1.7105,2.1825,1,0,none,baostock,query_history_k_data_plus
688019,SHSE.688019,,SH,A股-上交所,2025-02-10,154.6,155.54,150.1,154.01,154.6,1893192,290141523.03,-0.3816,1.4652,1,0,none,baostock,query_history_k_data_plus
688019,SHSE.688019,,SH,A股-上交所,2025-02-11,154.0,154.0,150.1,150.48,154.01,1464331,221004434.39,-2.2921,1.1333,1,0,none,baostock,query_history_k_data_plus
688019,SHSE.688019,,SH,A股-上交所,2025-02-12,150.11,150.89,146.8,150.2,150.48,2643503,393300840.58,-0.1861,2.0458,1,0,none,baostock,query_history_k_data_plus
688019,SHSE.688019,,SH,A股-上交所,2025-02-13,150.2,153.33,149.0,151.4,150.2,2793697,424164359.72,0.7989,2.1621,1,0,none,baostock,query_history_k_data_plus
688019,SHSE.688019,,SH,A股-上交所,2025-02-14,149.7,153.0,146.0,147.0,151.4,2538624,374897994.98,-2.9062,1.9647,1,0,none,baostock,query_history_k_data_plus
688019,SHSE.688019,,SH,A股-上交所,2025-02-17,147.0,149.14,144.58,148.56,147.0,2480751,365383550.79,1.0612,1.9199,1,0,none,baostock,query_history_k_data_plus
688019,SHSE.688019,,SH,A股-上交所,2025-02-18,148.59,156.26,147.04,151.13,148.56,2911098,444693292.71,1.7299,2.2529,1,0,none,baostock,query_history_k_data_plus
688019,SHSE.688019,,SH,A股-上交所,2025-02-19,150.29,157.97,150.29,157.07,151.13,2752690,427801278.98,3.9304,2.1303,1,0,none,baostock,query_history_k_data_plus
688019,SHSE.688019,,SH,A股-上交所,2025-02-20,157.0,161.97,155.61,159.81,157.07,2752506,437475808.52,1.7444,2.1302,1,0,none,baostock,query_history_k_data_plus
688019,SHSE.688019,,SH,A股-上交所,2025-02-21,158.01,164.5,157.0,163.0,159.81,2590656,418991443.55,1.9961,2.0049,1,0,none,baostock,query_history_k_data_plus
688019,SHSE.688019,,SH,A股-上交所,2025-02-24,165.63,168.0,161.5,164.67,163.0,2537293,417605945.31,1.0245,1.9636,1,0,none,baostock,query_history_k_data_plus
688019,SHSE.688019,,SH,A股-上交所,2025-02-25,162.4,172.87,161.47,166.19,164.67,2920756,488110231.07,0.9231,2.2604,1,0,none,baostock,query_history_k_data_plus
688019,SHSE.688019,,SH,A股-上交所,2025-02-26,165.97,167.7,162.22,163.6,166.19,2592879,425822744.09,-1.5585,2.0067,1,0,none,baostock,query_history_k_data_plus
688019,SHSE.688019,,SH,A股-上交所,2025-02-27,163.11,163.85,157.21,159.86,163.6,2288420,366814756.04,-2.2861,1.771,1,0,none,baostock,query_history_k_data_plus
688019,SHSE.688019,,SH,A股-上交所,2025-02-28,165.0,169.0,158.45,159.0,159.86,3325417,543755794.38,-0.538,2.5736,1,0,none,baostock,query_history_k_data_plus
688019,SHSE.688019,,SH,A股-上交所,2025-03-03,159.81,164.88,156.13,161.0,159.0,2647528,427572769.28,1.2579,2.049,1,0,none,baostock,query_history_k_data_plus
688019,SHSE.688019,,SH,A股-上交所,2025-03-04,160.1,164.67,159.0,160.71,161.0,2134966,345885778.98,-0.1801,1.6523,1,0,none,baostock,query_history_k_data_plus
688019,SHSE.688019,,SH,A股-上交所,2025-03-05,161.0,162.3,158.3,159.8,160.71,1307315,208858226.69,-0.5662,1.0117,1,0,none,baostock,query_history_k_data_plus
688019,SHSE.688019,,SH,A股-上交所,2025-03-06,161.78,165.68,159.5,163.5,159.8,2536143,415011682.56,2.3154,1.9628,1,0,none,baostock,query_history_k_data_plus
688019,SHSE.688019,,SH,A股-上交所,2025-03-07,162.11,163.12,159.0,160.67,163.5,1454795,234113276.81,-1.7309,1.1259,1,0,none,baostock,query_history_k_data_plus
688019,SHSE.688019,,SH,A股-上交所,2025-03-10,160.7,162.8,157.7,159.34,160.67,1597356,255450969.66,-0.8278,1.2362,1,0,none,baostock,query_history_k_data_plus
688019,SHSE.688019,,SH,A股-上交所,2025-03-11,158.99,160.49,155.77,156.76,159.34,1312387,206730934.79,-1.6192,1.0157,1,0,none,baostock,query_history_k_data_plus
688019,SHSE.688019,,SH,A股-上交所,2025-03-12,157.9,159.0,156.4,157.3,156.76,1605889,252863350.04,0.3445,1.2428,1,0,none,baostock,query_history_k_data_plus
688019,SHSE.688019,,SH,A股-上交所,2025-03-13,157.32,157.6,153.22,154.84,157.3,1404865,218165765.3,-1.5639,1.0872,1,0,none,baostock,query_history_k_data_plus
688019,SHSE.688019,,SH,A股-上交所,2025-03-14,154.26,157.26,152.71,154.7,154.84,1953257,302354981.59,-0.0904,1.5117,1,0,none,baostock,query_history_k_data_plus
688019,SHSE.688019,,SH,A股-上交所,2025-03-17,155.7,156.0,153.0,153.42,154.7,1239717,191224079.92,-0.8274,0.9594,1,0,none,baostock,query_history_k_data_plus
688019,SHSE.688019,,SH,A股-上交所,2025-03-18,154.43,156.56,152.73,154.5,153.42,1366513,211180363.73,0.7039,1.0576,1,0,none,baostock,query_history_k_data_plus
688019,SHSE.688019,,SH,A股-上交所,2025-03-19,153.9,155.28,152.39,152.96,154.5,1008299,154704168.18,-0.9968,0.7803,1,0,none,baostock,query_history_k_data_plus
688019,SHSE.688019,,SH,A股-上交所,2025-03-20,153.0,153.38,151.41,152.07,152.96,983208,149642380.3,-0.5819,0.7609,1,0,none,baostock,query_history_k_data_plus
688019,SHSE.688019,,SH,A股-上交所,2025-03-21,151.09,154.5,151.09,153.8,152.07,2098524,320351375.76,1.1376,1.6241,1,0,none,baostock,query_history_k_data_plus
688019,SHSE.688019,,SH,A股-上交所,2025-03-24,152.62,164.98,152.6,164.93,153.8,4664108,752289113.05,7.2367,3.6096,1,0,none,baostock,query_history_k_data_plus
688019,SHSE.688019,,SH,A股-上交所,2025-03-25,163.9,167.59,161.35,162.0,164.93,2044387,334378316.91,-1.7765,1.5822,1,0,none,baostock,query_history_k_data_plus
688019,SHSE.688019,,SH,A股-上交所,2025-03-26,161.26,169.38,161.12,165.5,162.0,2064722,343493287.9,2.1605,1.5979,1,0,none,baostock,query_history_k_data_plus
688019,SHSE.688019,,SH,A股-上交所,2025-03-27,165.0,174.55,164.79,170.03,165.5,3197626,544381361.42,2.7372,2.4747,1,0,none,baostock,query_history_k_data_plus
688019,SHSE.688019,,SH,A股-上交所,2025-03-28,170.03,173.23,164.0,164.66,170.03,2106219,352325005.03,-3.1583,1.63,1,0,none,baostock,query_history_k_data_plus
688019,SHSE.688019,,SH,A股-上交所,2025-03-31,163.39,171.25,162.0,167.99,164.66,2456280,411327267.39,2.0223,1.901,1,0,none,baostock,query_history_k_data_plus
688019,SHSE.688019,,SH,A股-上交所,2025-04-01,168.51,169.8,165.52,167.71,167.99,2017059,339074078.46,-0.1667,1.561,1,0,none,baostock,query_history_k_data_plus
688019,SHSE.688019,,SH,A股-上交所,2025-04-02,168.2,168.8,161.33,165.03,167.71,3983716,652370677.75,-1.598,3.0831,1,0,none,baostock,query_history_k_data_plus
688019,SHSE.688019,,SH,A股-上交所,2025-04-03,163.02,163.88,158.41,161.5,165.03,3309240,533390212.21,-2.139,2.5611,1,0,none,baostock,query_history_k_data_plus
688019,SHSE.688019,,SH,A股-上交所,2025-04-07,146.11,162.0,146.11,152.0,161.5,5071017,790579680.33,-5.8824,3.9245,1,0,none,baostock,query_history_k_data_plus
688019,SHSE.688019,,SH,A股-上交所,2025-04-08,153.99,158.0,148.2,150.0,152.0,3345848,507449759.64,-1.3158,2.5894,1,0,none,baostock,query_history_k_data_plus
688019,SHSE.688019,,SH,A股-上交所,2025-04-09,149.0,162.08,147.02,152.99,150.0,4197082,651199560.14,1.9933,3.2482,1,0,none,baostock,query_history_k_data_plus
688019,SHSE.688019,,SH,A股-上交所,2025-04-10,155.3,160.0,153.06,157.91,152.99,3200209,503682831.75,3.2159,2.4767,1,0,none,baostock,query_history_k_data_plus
688019,SHSE.688019,,SH,A股-上交所,2025-04-11,156.13,175.8,155.8,172.25,157.91,5779332,971045753.29,9.0811,4.4727,1,0,none,baostock,query_history_k_data_plus
688019,SHSE.688019,,SH,A股-上交所,2025-04-14,172.25,174.91,169.22,171.49,172.25,3835410,661277865.88,-0.4412,2.9683,1,0,none,baostock,query_history_k_data_plus
688019,SHSE.688019,,SH,A股-上交所,2025-04-15,171.44,171.85,167.59,169.45,171.49,2567581,433807442.83,-1.1896,1.9871,1,0,none,baostock,query_history_k_data_plus
688019,SHSE.688019,,SH,A股-上交所,2025-04-16,170.0,172.99,164.87,167.95,169.45,3438996,578916860.01,-0.8852,2.6615,1,0,none,baostock,query_history_k_data_plus
688019,SHSE.688019,,SH,A股-上交所,2025-04-17,167.88,177.47,167.0,173.95,167.95,3973134,689217828.92,3.5725,3.0749,1,0,none,baostock,query_history_k_data_plus
688019,SHSE.688019,,SH,A股-上交所,2025-04-18,172.5,176.69,171.71,172.91,173.95,2055533,357595609.12,-0.5979,1.5908,1,0,none,baostock,query_history_k_data_plus
688019,SHSE.688019,,SH,A股-上交所,2025-04-21,172.9,176.49,170.11,173.77,172.91,1940048,335352332.25,0.4974,1.5014,1,0,none,baostock,query_history_k_data_plus
688019,SHSE.688019,,SH,A股-上交所,2025-04-22,173.89,176.19,171.18,172.99,173.77,2343760,407485350.88,-0.4489,1.8139,1,0,none,baostock,query_history_k_data_plus
688019,SHSE.688019,,SH,A股-上交所,2025-04-23,173.9,173.99,166.83,171.3,172.99,2739272,465725240.7,-0.9769,2.12,1,0,none,baostock,query_history_k_data_plus
688019,SHSE.688019,,SH,A股-上交所,2025-04-24,171.3,173.49,168.34,170.3,171.3,1370390,233408008.95,-0.5838,1.0606,1,0,none,baostock,query_history_k_data_plus
688019,SHSE.688019,,SH,A股-上交所,2025-04-25,170.8,171.33,166.3,166.51,170.3,2374333,397926945.49,-2.2255,1.8375,1,0,none,baostock,query_history_k_data_plus
688019,SHSE.688019,,SH,A股-上交所,2025-04-28,168.08,168.88,165.01,167.9,166.51,1289964,215509842.59,0.8348,0.9983,1,0,none,baostock,query_history_k_data_plus
688019,SHSE.688019,,SH,A股-上交所,2025-04-29,172.0,181.0,171.49,180.8,167.9,5557542,988374321.62,7.6831,4.3011,1,0,none,baostock,query_history_k_data_plus
688019,SHSE.688019,,SH,A股-上交所,2025-04-30,181.3,184.86,178.39,184.7,180.8,3133531,571184185.82,2.1571,2.4251,1,0,none,baostock,query_history_k_data_plus
688019,SHSE.688019,,SH,A股-上交所,2025-05-06,185.6,192.54,183.47,188.3,184.7,3911452,735423459.3,1.9491,3.0271,1,0,none,baostock,query_history_k_data_plus
688019,SHSE.688019,,SH,A股-上交所,2025-05-07,188.0,191.0,183.95,184.75,188.3,2479692,461326532.56,-1.8853,1.9191,1,0,none,baostock,query_history_k_data_plus
688019,SHSE.688019,,SH,A股-上交所,2025-05-08,184.79,190.07,182.28,187.13,184.75,2384702,445794825.47,1.2882,1.8456,1,0,none,baostock,query_history_k_data_plus
688019,SHSE.688019,,SH,A股-上交所,2025-05-09,185.51,187.62,181.39,183.97,187.13,2269894,416423091.29,-1.6887,1.7567,1,0,none,baostock,query_history_k_data_plus
688019,SHSE.688019,,SH,A股-上交所,2025-05-12,184.0,185.19,180.38,182.97,183.97,2018056,367917327.4,-0.5436,1.5618,1,0,none,baostock,query_history_k_data_plus
688019,SHSE.688019,,SH,A股-上交所,2025-05-13,184.5,185.0,178.3,180.2,182.97,2281867,412899185.39,-1.5139,1.766,1,0,none,baostock,query_history_k_data_plus
688019,SHSE.688019,,SH,A股-上交所,2025-05-14,180.51,183.33,179.11,181.05,180.2,1893736,342936052.81,0.4717,1.4656,1,0,none,baostock,query_history_k_data_plus
688019,SHSE.688019,,SH,A股-上交所,2025-05-15,181.45,184.65,177.61,178.5,181.05,1885423,338481720.52,-1.4085,1.4592,1,0,none,baostock,query_history_k_data_plus
688019,SHSE.688019,,SH,A股-上交所,2025-05-16,178.52,183.75,177.64,179.3,178.5,2339026,421748556.18,0.4482,1.8102,1,0,none,baostock,query_history_k_data_plus
688019,SHSE.688019,,SH,A股-上交所,2025-05-19,179.3,181.24,174.0,178.36,179.3,2144926,381300705.56,-0.5243,1.66,1,0,none,baostock,query_history_k_data_plus
688019,SHSE.688019,,SH,A股-上交所,2025-05-20,178.36,180.27,176.2,176.47,178.36,1461592,259717469.36,-1.0597,1.1311,1,0,none,baostock,query_history_k_data_plus
688019,SHSE.688019,,SH,A股-上交所,2025-05-21,176.59,177.0,174.27,176.47,176.47,1570560,275870139.59,0.0,1.2155,1,0,none,baostock,query_history_k_data_plus
688019,SHSE.688019,,SH,A股-上交所,2025-05-22,175.6,177.25,173.04,173.3,176.47,1530957,268288544.06,-1.7963,1.1848,1,0,none,baostock,query_history_k_data_plus
688019,SHSE.688019,,SH,A股-上交所,2025-05-23,173.95,176.22,171.8,174.0,173.3,1666362,289981747.29,0.4039,1.2896,1,0,none,baostock,query_history_k_data_plus
688019,SHSE.688019,,SH,A股-上交所,2025-05-26,173.94,176.19,172.01,172.86,174.0,1468406,254678114.84,-0.6552,1.1364,1,0,none,baostock,query_history_k_data_plus
688019,SHSE.688019,,SH,A股-上交所,2025-05-27,172.83,174.8,169.0,171.98,172.86,2197055,376949710.33,-0.5091,1.7003,1,0,none,baostock,query_history_k_data_plus
688019,SHSE.688019,,SH,A股-上交所,2025-05-28,172.73,174.4,169.89,171.68,171.98,1207088,207284607.64,-0.1744,0.9342,1,0,none,baostock,query_history_k_data_plus
688019,SHSE.688019,,SH,A股-上交所,2025-05-29,171.68,174.96,169.5,173.76,171.68,2190859,379128045.52,1.2116,1.6955,1,0,none,baostock,query_history_k_data_plus
688019,SHSE.688019,,SH,A股-上交所,2025-05-30,173.0,174.48,170.0,170.44,173.76,1571190,270355110.33,-1.9107,1.216,1,0,none,baostock,query_history_k_data_plus
688019,SHSE.688019,,SH,A股-上交所,2025-06-03,170.01,179.3,169.82,178.34,170.44,3100348,549055216.5,4.6351,2.3994,1,0,none,baostock,query_history_k_data_plus
688019,SHSE.688019,,SH,A股-上交所,2025-06-04,177.42,178.34,174.69,174.86,178.34,1962256,346248690.02,-1.9513,1.5186,1,0,none,baostock,query_history_k_data_plus
688019,SHSE.688019,,SH,A股-上交所,2025-06-05,175.2,180.86,174.9,180.02,174.86,2038185,363531823.72,2.9509,1.5774,1,0,none,baostock,query_history_k_data_plus
688019,SHSE.688019,,SH,A股-上交所,2025-06-06,180.03,182.93,177.21,181.5,180.02,1998967,359167382.39,0.8221,1.547,1,0,none,baostock,query_history_k_data_plus
688019,SHSE.688019,,SH,A股-上交所,2025-06-09,180.6,183.86,180.0,181.02,181.5,1691046,306695187.08,-0.2645,1.3087,1,0,none,baostock,query_history_k_data_plus
688019,SHSE.688019,,SH,A股-上交所,2025-06-10,181.63,182.42,173.49,177.61,181.02,2734353,484880480.31,-1.8838,2.1162,1,0,none,baostock,query_history_k_data_plus
688019,SHSE.688019,,SH,A股-上交所,2025-06-11,177.64,185.62,175.68,185.4,177.61,2617783,479222095.81,4.386,2.0259,1,0,none,baostock,query_history_k_data_plus
688019,SHSE.688019,,SH,A股-上交所,2025-06-12,184.48,185.9,181.2,182.83,185.4,2087858,382464582.6,-1.3862,1.6158,1,0,none,baostock,query_history_k_data_plus
688019,SHSE.688019,,SH,A股-上交所,2025-06-13,180.7,186.49,180.16,183.94,182.83,3321359,613275189.59,0.6071,2.5704,1,0,none,baostock,query_history_k_data_plus
688019,SHSE.688019,,SH,A股-上交所,2025-06-16,140.44,142.29,133.1,136.98,141.18,5035933,684197682.38,-2.9749,2.9986,1,0,none,baostock,query_history_k_data_plus
688019,SHSE.688019,,SH,A股-上交所,2025-06-17,136.17,137.58,133.08,133.81,136.98,2326213,313051517.51,-2.3142,1.3851,1,0,none,baostock,query_history_k_data_plus
688019,SHSE.688019,,SH,A股-上交所,2025-06-18,133.5,137.48,133.36,135.56,133.81,2057624,279327234.59,1.3078,1.2252,1,0,none,baostock,query_history_k_data_plus
688019,SHSE.688019,,SH,A股-上交所,2025-06-19,135.1,138.0,134.51,138.0,135.56,2237025,305899582.66,1.7999,1.332,1,0,none,baostock,query_history_k_data_plus
688019,SHSE.688019,,SH,A股-上交所,2025-06-20,137.33,139.68,136.6,138.35,138.0,1473188,203067899.65,0.2536,0.8772,1,0,none,baostock,query_history_k_data_plus
688019,SHSE.688019,,SH,A股-上交所,2025-06-23,137.71,145.45,137.6,138.75,138.35,3848130,544733051.55,0.2891,2.2914,1,0,none,baostock,query_history_k_data_plus
688019,SHSE.688019,,SH,A股-上交所,2025-06-24,139.04,144.37,137.38,143.5,138.75,2706899,383156087.18,3.4234,1.6118,1,0,none,baostock,query_history_k_data_plus
688019,SHSE.688019,,SH,A股-上交所,2025-06-25,143.4,143.99,140.6,143.88,143.5,2381587,339691975.12,0.2648,1.4181,1,0,none,baostock,query_history_k_data_plus
688019,SHSE.688019,,SH,A股-上交所,2025-06-26,143.01,145.38,141.6,142.36,143.88,2061725,294397581.48,-1.0564,1.2277,1,0,none,baostock,query_history_k_data_plus
688019,SHSE.688019,,SH,A股-上交所,2025-06-27,143.59,145.33,141.88,144.38,142.36,1853505,266846629.58,1.4189,1.1037,1,0,none,baostock,query_history_k_data_plus
688019,SHSE.688019,,SH,A股-上交所,2025-06-30,144.8,152.14,144.8,151.8,144.38,4064144,609949000.28,5.1392,2.42,1,0,none,baostock,query_history_k_data_plus
688019,SHSE.688019,,SH,A股-上交所,2025-07-01,154.17,161.0,153.4,159.4,151.8,5732535,902363028.72,5.0066,3.4134,1,0,none,baostock,query_history_k_data_plus
688019,SHSE.688019,,SH,A股-上交所,2025-07-02,157.38,158.0,151.78,153.98,159.4,4269800,657108555.15,-3.4003,2.5424,1,0,none,baostock,query_history_k_data_plus
688019,SHSE.688019,,SH,A股-上交所,2025-07-03,153.98,155.06,152.22,153.66,153.98,2711279,416677437.55,-0.2078,1.6144,1,0,none,baostock,query_history_k_data_plus
688019,SHSE.688019,,SH,A股-上交所,2025-07-04,153.68,161.0,151.1,155.9,153.66,3152981,490184552.11,1.4578,1.8774,1,0,none,baostock,query_history_k_data_plus
688019,SHSE.688019,,SH,A股-上交所,2025-07-07,155.3,156.79,151.6,152.27,155.9,2737849,418732943.07,-2.3284,1.6303,1,0,none,baostock,query_history_k_data_plus
688019,SHSE.688019,,SH,A股-上交所,2025-07-08,152.5,158.04,152.5,153.89,152.27,2785456,431729402.97,1.0639,1.6586,1,0,none,baostock,query_history_k_data_plus
688019,SHSE.688019,,SH,A股-上交所,2025-07-09,153.36,153.36,147.51,147.9,153.89,4685787,697181802.67,-3.8924,2.7901,1,0,none,baostock,query_history_k_data_plus
688019,SHSE.688019,,SH,A股-上交所,2025-07-10,147.94,148.58,146.6,148.08,147.9,2007167,296216585.05,0.1217,1.1952,1,0,none,baostock,query_history_k_data_plus
688019,SHSE.688019,,SH,A股-上交所,2025-07-11,148.08,150.85,147.33,148.17,148.08,2156007,320171882.48,0.0608,1.2838,1,0,none,baostock,query_history_k_data_plus
688019,SHSE.688019,,SH,A股-上交所,2025-07-14,148.17,150.6,146.85,149.72,148.17,2194022,326642538.22,1.0461,1.3064,1,0,none,baostock,query_history_k_data_plus
688019,SHSE.688019,,SH,A股-上交所,2025-07-15,149.1,151.71,146.16,146.64,149.72,3110295,461398266.18,-2.0572,1.852,1,0,none,baostock,query_history_k_data_plus
688019,SHSE.688019,,SH,A股-上交所,2025-07-16,146.58,148.8,146.28,147.31,146.64,1692719,249496379.81,0.4569,1.0079,1,0,none,baostock,query_history_k_data_plus
688019,SHSE.688019,,SH,A股-上交所,2025-07-17,147.01,147.5,143.0,146.7,147.31,3072972,445431638.18,-0.4141,1.8298,1,0,none,baostock,query_history_k_data_plus
688019,SHSE.688019,,SH,A股-上交所,2025-07-18,146.73,149.28,146.29,147.9,146.7,1756316,259107938.81,0.818,1.0458,1,0,none,baostock,query_history_k_data_plus
688019,SHSE.688019,,SH,A股-上交所,2025-07-21,147.9,148.88,146.08,147.54,147.9,1497027,220810207.29,-0.2434,0.8914,1,0,none,baostock,query_history_k_data_plus
688019,SHSE.688019,,SH,A股-上交所,2025-07-22,147.54,151.53,146.49,150.01,147.54,3058213,455745741.74,1.6741,1.821,1,0,none,baostock,query_history_k_data_plus
688019,SHSE.688019,,SH,A股-上交所,2025-07-23,150.08,155.2,148.68,154.1,150.01,3585788,548104856.01,2.7265,2.1352,1,0,none,baostock,query_history_k_data_plus
688019,SHSE.688019,,SH,A股-上交所,2025-07-24,153.76,157.66,152.7,155.22,154.1,2831765,440915855.76,0.7268,1.6862,1,0,none,baostock,query_history_k_data_plus
688019,SHSE.688019,,SH,A股-上交所,2025-07-25,154.95,158.35,153.66,157.58,155.22,2012557,313978453.27,1.5204,1.1984,1,0,none,baostock,query_history_k_data_plus
688019,SHSE.688019,,SH,A股-上交所,2025-07-28,157.59,158.47,152.78,153.27,157.58,2881420,446672822.68,-2.7351,1.7157,1,0,none,baostock,query_history_k_data_plus
688019,SHSE.688019,,SH,A股-上交所,2025-07-29,152.92,155.8,152.28,154.94,153.27,1872048,289129868.69,1.0896,1.1147,1,0,none,baostock,query_history_k_data_plus
688019,SHSE.688019,,SH,A股-上交所,2025-07-30,154.35,156.36,151.37,151.99,154.94,2676261,411030466.04,-1.904,1.5936,1,0,none,baostock,query_history_k_data_plus
688019,SHSE.688019,,SH,A股-上交所,2025-07-31,150.26,153.48,149.09,149.78,151.99,2541109,383911445.92,-1.454,1.5131,1,0,none,baostock,query_history_k_data_plus
688019,SHSE.688019,,SH,A股-上交所,2025-08-01,150.27,152.48,146.8,147.5,149.78,2097060,313697214.39,-1.5222,1.2446,1,0,none,baostock,query_history_k_data_plus
688019,SHSE.688019,,SH,A股-上交所,2025-08-04,147.21,150.9,146.11,149.72,147.5,1708467,255243662.11,1.5051,1.014,1,0,none,baostock,query_history_k_data_plus
688019,SHSE.688019,,SH,A股-上交所,2025-08-05,150.02,151.48,148.58,149.9,149.72,1611569,241449940.49,0.1202,0.9565,1,0,none,baostock,query_history_k_data_plus
688019,SHSE.688019,,SH,A股-上交所,2025-08-06,149.66,151.12,148.62,149.46,149.9,1940070,290052998.96,-0.2935,1.1515,1,0,none,baostock,query_history_k_data_plus
688019,SHSE.688019,,SH,A股-上交所,2025-08-07,149.51,151.99,146.85,147.9,149.46,2821167,418880015.21,-1.0438,1.6744,1,0,none,baostock,query_history_k_data_plus
688019,SHSE.688019,,SH,A股-上交所,2025-08-08,147.99,148.68,145.4,146.0,147.9,1727767,253662652.15,-1.2847,1.0254,1,0,none,baostock,query_history_k_data_plus
688019,SHSE.688019,,SH,A股-上交所,2025-08-11,145.99,148.05,145.28,146.5,146.0,1929056,283517999.47,0.3425,1.1449,1,0,none,baostock,query_history_k_data_plus
688019,SHSE.688019,,SH,A股-上交所,2025-08-12,146.76,149.76,145.0,149.43,146.5,2582463,382152016.34,2.0,1.5327,1,0,none,baostock,query_history_k_data_plus
688019,SHSE.688019,,SH,A股-上交所,2025-08-13,149.45,153.53,149.45,151.97,149.43,2884598,437691686.13,1.6998,1.712,1,0,none,baostock,query_history_k_data_plus
688019,SHSE.688019,,SH,A股-上交所,2025-08-14,151.98,154.81,146.61,146.68,151.97,3934701,591226082.99,-3.481,2.3353,1,0,none,baostock,query_history_k_data_plus
688019,SHSE.688019,,SH,A股-上交所,2025-08-15,146.7,148.45,145.38,147.9,146.68,3527320,518866727.85,0.8317,2.0935,1,0,none,baostock,query_history_k_data_plus
688019,SHSE.688019,,SH,A股-上交所,2025-08-18,148.15,151.23,146.35,149.14,147.9,4730503,703835878.31,0.8384,2.8076,1,0,none,baostock,query_history_k_data_plus
688019,SHSE.688019,,SH,A股-上交所,2025-08-19,149.13,152.35,148.39,148.68,149.14,3453458,518390448.38,-0.3084,2.0497,1,0,none,baostock,query_history_k_data_plus
688019,SHSE.688019,,SH,A股-上交所,2025-08-20,148.5,154.45,147.5,154.0,148.68,4576928,692824764.02,3.5782,2.7165,1,0,none,baostock,query_history_k_data_plus
688019,SHSE.688019,,SH,A股-上交所,2025-08-21,153.9,157.77,152.59,155.55,154.0,4299260,666477836.47,1.0065,2.5517,1,0,none,baostock,query_history_k_data_plus
688019,SHSE.688019,,SH,A股-上交所,2025-08-22,155.05,162.48,154.91,162.48,155.55,6961166,1110330490.02,4.4552,4.1315,1,0,none,baostock,query_history_k_data_plus
688019,SHSE.688019,,SH,A股-上交所,2025-08-25,165.6,171.0,157.0,159.37,162.48,9499227,1534922729.98,-1.9141,5.6379,1,0,none,baostock,query_history_k_data_plus
688019,SHSE.688019,,SH,A股-上交所,2025-08-26,163.0,171.2,162.0,166.4,159.37,9461548,1583402383.16,4.4111,5.6155,1,0,none,baostock,query_history_k_data_plus
688019,SHSE.688019,,SH,A股-上交所,2025-08-27,166.4,179.0,163.55,168.58,166.4,8969752,1535643514.55,1.3101,5.3236,1,0,none,baostock,query_history_k_data_plus
688019,SHSE.688019,,SH,A股-上交所,2025-08-28,168.0,178.73,167.17,178.1,168.58,9166775,1601625785.85,5.6472,5.4385,1,0,none,baostock,query_history_k_data_plus
688019,SHSE.688019,,SH,A股-上交所,2025-08-29,178.0,178.0,172.17,175.6,178.1,6118015,1067158388.65,-1.4037,3.6297,1,0,none,baostock,query_history_k_data_plus
688019,SHSE.688019,,SH,A股-上交所,2025-09-01,178.0,192.9,174.98,189.99,175.6,8369412,1524305796.73,8.1948,4.9654,1,0,none,baostock,query_history_k_data_plus
688019,SHSE.688019,,SH,A股-上交所,2025-09-02,186.69,192.0,174.16,175.99,189.99,7192595,1312990703.42,-7.3688,4.2672,1,0,none,baostock,query_history_k_data_plus
688019,SHSE.688019,,SH,A股-上交所,2025-09-03,175.98,179.0,172.5,174.6,175.99,4089880,717507231.03,-0.7898,2.4264,1,0,none,baostock,query_history_k_data_plus
688019,SHSE.688019,,SH,A股-上交所,2025-09-04,173.72,175.73,162.4,165.57,174.6,6362848,1073364729.31,-5.1718,3.775,1,0,none,baostock,query_history_k_data_plus
688019,SHSE.688019,,SH,A股-上交所,2025-09-05,166.0,172.72,164.3,171.87,165.57,4245226,717310023.81,3.805,2.5186,1,0,none,baostock,query_history_k_data_plus
688019,SHSE.688019,,SH,A股-上交所,2025-09-08,171.65,172.74,168.5,172.09,171.87,3832343,654555564.75,0.128,2.2737,1,0,none,baostock,query_history_k_data_plus
688019,SHSE.688019,,SH,A股-上交所,2025-09-09,170.0,171.96,164.7,166.16,172.09,4304077,723975430.39,-3.4459,2.5535,1,0,none,baostock,query_history_k_data_plus
688019,SHSE.688019,,SH,A股-上交所,2025-09-10,166.89,171.95,166.46,169.02,166.16,3517224,596717258.35,1.7212,2.0867,1,0,none,baostock,query_history_k_data_plus
688019,SHSE.688019,,SH,A股-上交所,2025-09-11,168.01,179.49,167.05,178.4,169.02,5629785,981711291.14,5.5496,3.34,1,0,none,baostock,query_history_k_data_plus
688019,SHSE.688019,,SH,A股-上交所,2025-09-12,178.5,182.9,177.25,178.56,178.4,4166191,750093757.09,0.0897,2.4717,1,0,none,baostock,query_history_k_data_plus
688019,SHSE.688019,,SH,A股-上交所,2025-09-15,180.26,181.2,175.99,176.5,178.56,3122328,554721015.38,-1.1537,1.8524,1,0,none,baostock,query_history_k_data_plus
688019,SHSE.688019,,SH,A股-上交所,2025-09-16,175.8,178.8,174.51,177.5,176.5,3519374,621763402.32,0.5666,2.088,1,0,none,baostock,query_history_k_data_plus
688019,SHSE.688019,,SH,A股-上交所,2025-09-17,178.0,188.88,176.0,185.67,177.5,5055978,932600660.03,4.6028,2.9996,1,0,none,baostock,query_history_k_data_plus
688019,SHSE.688019,,SH,A股-上交所,2025-09-18,183.8,194.88,183.8,190.96,185.67,6550117,1248232480.86,2.8491,3.8861,1,0,none,baostock,query_history_k_data_plus
688019,SHSE.688019,,SH,A股-上交所,2025-09-19,190.51,195.58,185.58,187.41,190.96,3926674,745825573.84,-1.859,2.3296,1,0,none,baostock,query_history_k_data_plus
688019,SHSE.688019,,SH,A股-上交所,2025-09-22,188.5,193.32,184.82,191.7,187.41,3782993,715581331.6,2.2891,2.2444,1,0,none,baostock,query_history_k_data_plus
688019,SHSE.688019,,SH,A股-上交所,2025-09-23,192.96,196.05,186.64,195.29,191.7,4411093,844868037.41,1.8727,2.617,1,0,none,baostock,query_history_k_data_plus
688019,SHSE.688019,,SH,A股-上交所,2025-09-24,195.0,228.79,193.0,218.5,195.29,9305597,1977351853.46,11.8849,5.5208,1,0,none,baostock,query_history_k_data_plus
688019,SHSE.688019,,SH,A股-上交所,2025-09-25,218.11,222.97,215.55,218.34,218.5,5390442,1179071044.01,-0.0732,3.198,1,0,none,baostock,query_history_k_data_plus
688019,SHSE.688019,,SH,A股-上交所,2025-09-26,217.32,231.74,217.32,223.12,218.34,6433429,1448916538.24,2.1892,3.8168,1,0,none,baostock,query_history_k_data_plus
688019,SHSE.688019,,SH,A股-上交所,2025-09-29,222.27,235.0,218.6,232.35,223.12,5909790,1326766272.85,4.1368,3.5062,1,0,none,baostock,query_history_k_data_plus
688019,SHSE.688019,,SH,A股-上交所,2025-09-30,231.56,235.0,223.91,228.44,232.35,5666038,1295918036.17,-1.6828,3.3616,1,0,none,baostock,query_history_k_data_plus
688019,SHSE.688019,,SH,A股-上交所,2025-10-09,231.27,241.69,225.15,229.5,228.44,6552827,1526626864.73,0.464,3.8877,1,0,none,baostock,query_history_k_data_plus
688019,SHSE.688019,,SH,A股-上交所,2025-10-10,225.0,231.6,215.01,217.51,229.5,6689049,1472386925.87,-5.2244,3.9685,1,0,none,baostock,query_history_k_data_plus
688019,SHSE.688019,,SH,A股-上交所,2025-10-13,209.46,222.0,209.46,217.4,217.51,5200561,1125815976.59,-0.0506,3.0854,1,0,none,baostock,query_history_k_data_plus
688019,SHSE.688019,,SH,A股-上交所,2025-10-14,220.78,222.99,203.4,203.8,217.4,6072520,1280233841.14,-6.2557,3.6027,1,0,none,baostock,query_history_k_data_plus
688019,SHSE.688019,,SH,A股-上交所,2025-10-15,203.0,211.3,200.66,211.0,203.8,4111552,851896795.17,3.5329,2.4393,1,0,none,baostock,query_history_k_data_plus
688019,SHSE.688019,,SH,A股-上交所,2025-10-16,209.0,215.5,207.6,209.18,211.0,3286714,691700465.07,-0.8626,1.9499,1,0,none,baostock,query_history_k_data_plus
688019,SHSE.688019,,SH,A股-上交所,2025-10-17,210.12,210.12,200.2,200.68,209.18,3643546,740340800.52,-4.0635,2.1616,1,0,none,baostock,query_history_k_data_plus
688019,SHSE.688019,,SH,A股-上交所,2025-10-20,203.68,205.8,200.15,202.28,200.68,2929328,594240722.75,0.7973,1.7379,1,0,none,baostock,query_history_k_data_plus
688019,SHSE.688019,,SH,A股-上交所,2025-10-21,204.23,212.9,203.16,212.69,202.28,3843766,806102101.04,5.1463,2.2804,1,0,none,baostock,query_history_k_data_plus
688019,SHSE.688019,,SH,A股-上交所,2025-10-22,210.0,212.46,206.69,207.76,212.69,2398178,501114787.8,-2.3179,1.4228,1,0,none,baostock,query_history_k_data_plus
688019,SHSE.688019,,SH,A股-上交所,2025-10-23,206.66,208.75,203.6,206.9,207.76,1888377,389019912.71,-0.4139,1.1203,1,0,none,baostock,query_history_k_data_plus
688019,SHSE.688019,,SH,A股-上交所,2025-10-24,208.89,223.5,208.11,221.42,206.9,4777717,1035913885.84,7.0179,2.8345,1,0,none,baostock,query_history_k_data_plus
688019,SHSE.688019,,SH,A股-上交所,2025-10-27,226.7,234.65,221.01,227.7,221.42,4245477,963330146.33,2.8362,2.5188,1,0,none,baostock,query_history_k_data_plus
688019,SHSE.688019,,SH,A股-上交所,2025-10-28,225.94,230.97,223.1,229.61,227.7,3343535,762199373.91,0.8388,1.9837,1,0,none,baostock,query_history_k_data_plus
688019,SHSE.688019,,SH,A股-上交所,2025-10-29,225.75,225.75,213.2,216.33,229.61,7163343,1553452045.51,-5.7837,4.2499,1,0,none,baostock,query_history_k_data_plus
688019,SHSE.688019,,SH,A股-上交所,2025-10-30,216.0,219.42,208.6,208.65,216.33,4604054,984229675.93,-3.5501,2.7315,1,0,none,baostock,query_history_k_data_plus
688019,SHSE.688019,,SH,A股-上交所,2025-10-31,208.65,209.7,196.26,196.82,208.65,6730937,1349111414.19,-5.6698,3.9933,1,0,none,baostock,query_history_k_data_plus
688019,SHSE.688019,,SH,A股-上交所,2025-11-03,197.5,197.97,188.33,194.39,196.82,4312240,827015081.42,-1.2346,2.5584,1,0,none,baostock,query_history_k_data_plus
688019,SHSE.688019,,SH,A股-上交所,2025-11-04,194.39,196.47,191.0,192.41,194.39,2845125,551125356.14,-1.0186,1.688,1,0,none,baostock,query_history_k_data_plus
688019,SHSE.688019,,SH,A股-上交所,2025-11-05,189.4,193.8,188.98,192.46,192.41,2502117,479562476.49,0.026,1.4845,1,0,none,baostock,query_history_k_data_plus
688019,SHSE.688019,,SH,A股-上交所,2025-11-06,194.0,201.8,192.75,200.8,192.46,3923601,775169262.12,4.3334,2.3278,1,0,none,baostock,query_history_k_data_plus
688019,SHSE.688019,,SH,A股-上交所,2025-11-07,198.0,200.8,196.0,198.34,200.8,2757328,547228706.39,-1.2251,1.6359,1,0,none,baostock,query_history_k_data_plus
688019,SHSE.688019,,SH,A股-上交所,2025-11-10,200.0,205.58,196.18,198.51,198.34,3831120,769878930.46,0.0857,2.2729,1,0,none,baostock,query_history_k_data_plus
688019,SHSE.688019,,SH,A股-上交所,2025-11-11,198.62,206.89,198.62,199.84,198.51,3519708,712777902.61,0.67,2.0882,1,0,none,baostock,query_history_k_data_plus
688019,SHSE.688019,,SH,A股-上交所,2025-11-12,198.59,201.6,193.33,197.8,199.84,2318825,457679330.97,-1.0208,1.3757,1,0,none,baostock,query_history_k_data_plus
688019,SHSE.688019,,SH,A股-上交所,2025-11-13,196.99,204.5,196.0,201.09,197.8,2848968,575064147.26,1.6633,1.6902,1,0,none,baostock,query_history_k_data_plus
688019,SHSE.688019,,SH,A股-上交所,2025-11-14,200.0,208.48,196.3,202.5,201.09,3592389,732087175.28,0.7012,2.1313,1,0,none,baostock,query_history_k_data_plus
688019,SHSE.688019,,SH,A股-上交所,2025-11-17,204.61,208.3,198.51,200.64,202.5,3014218,613701109.74,-0.9185,1.7883,1,0,none,baostock,query_history_k_data_plus
688019,SHSE.688019,,SH,A股-上交所,2025-11-18,198.9,204.5,195.0,198.85,200.64,2749156,549523049.04,-0.8921,1.631,1,0,none,baostock,query_history_k_data_plus
688019,SHSE.688019,,SH,A股-上交所,2025-11-19,198.67,200.78,195.66,198.5,198.85,1801094,356526879.2,-0.176,1.0686,1,0,none,baostock,query_history_k_data_plus
688019,SHSE.688019,,SH,A股-上交所,2025-11-20,200.06,202.12,193.0,194.02,198.5,2340169,457799349.43,-2.2569,1.3884,1,0,none,baostock,query_history_k_data_plus
688019,SHSE.688019,,SH,A股-上交所,2025-11-21,190.97,190.97,185.08,185.26,194.02,2961110,555354766.7,-4.515,1.7568,1,0,none,baostock,query_history_k_data_plus
688019,SHSE.688019,,SH,A股-上交所,2025-11-24,187.06,192.96,185.3,190.48,185.26,2659313,506922547.44,2.8177,1.5777,1,0,none,baostock,query_history_k_data_plus
688019,SHSE.688019,,SH,A股-上交所,2025-11-25,192.88,194.89,190.11,191.93,190.48,2209627,425100667.97,0.7612,1.3109,1,0,none,baostock,query_history_k_data_plus
688019,SHSE.688019,,SH,A股-上交所,2025-11-26,191.0,195.36,189.66,192.68,191.93,1904748,367996344.89,0.3908,1.1301,1,0,none,baostock,query_history_k_data_plus
688019,SHSE.688019,,SH,A股-上交所,2025-11-27,192.95,197.7,191.51,191.71,192.68,1946381,379826000.93,-0.5034,1.1548,1,0,none,baostock,query_history_k_data_plus
688019,SHSE.688019,,SH,A股-上交所,2025-11-28,191.4,202.9,189.5,201.8,191.71,3535311,698507490.92,5.2632,2.0974,1,0,none,baostock,query_history_k_data_plus
688019,SHSE.688019,,SH,A股-上交所,2025-12-01,201.45,204.5,199.01,203.9,201.8,2643697,533137598.74,1.0406,1.5685,1,0,none,baostock,query_history_k_data_plus
688019,SHSE.688019,,SH,A股-上交所,2025-12-02,202.02,203.9,198.35,198.7,203.9,1690500,338893060.28,-2.5503,1.0029,1,0,none,baostock,query_history_k_data_plus
688019,SHSE.688019,,SH,A股-上交所,2025-12-03,199.32,199.32,195.67,197.0,198.7,1571108,310636267.84,-0.8556,0.9321,1,0,none,baostock,query_history_k_data_plus
688019,SHSE.688019,,SH,A股-上交所,2025-12-04,197.0,206.0,195.5,204.19,197.0,2956328,596939981.36,3.6497,1.7539,1,0,none,baostock,query_history_k_data_plus
688019,SHSE.688019,,SH,A股-上交所,2025-12-05,203.98,204.49,198.33,199.8,204.19,2415943,484203974.22,-2.15,1.4333,1,0,none,baostock,query_history_k_data_plus
688019,SHSE.688019,,SH,A股-上交所,2025-12-08,201.26,206.8,198.01,204.34,199.8,2461902,498189635.67,2.2723,1.4606,1,0,none,baostock,query_history_k_data_plus
688019,SHSE.688019,,SH,A股-上交所,2025-12-09,202.0,205.2,199.3,200.83,204.34,2163814,437013954.76,-1.7177,1.2837,1,0,none,baostock,query_history_k_data_plus
688019,SHSE.688019,,SH,A股-上交所,2025-12-10,199.68,200.8,193.21,198.89,200.83,2430693,477891045.28,-0.966,1.4421,1,0,none,baostock,query_history_k_data_plus
688019,SHSE.688019,,SH,A股-上交所,2025-12-11,199.0,203.83,196.51,197.3,198.89,2315884,463185940.21,-0.7994,1.374,1,0,none,baostock,query_history_k_data_plus
688019,SHSE.688019,,SH,A股-上交所,2025-12-12,196.0,212.95,188.8,212.95,197.3,7496623,1496619462.02,7.9321,4.4476,1,0,none,baostock,query_history_k_data_plus
688019,SHSE.688019,,SH,A股-上交所,2025-12-15,207.0,212.8,204.0,204.8,212.95,4279076,887589863.2,-3.8272,2.5387,1,0,none,baostock,query_history_k_data_plus
688019,SHSE.688019,,SH,A股-上交所,2025-12-16,203.56,205.3,199.09,200.0,204.8,2345327,472759289.79,-2.3438,1.3914,1,0,none,baostock,query_history_k_data_plus
688019,SHSE.688019,,SH,A股-上交所,2025-12-17,199.7,203.93,196.1,202.94,200.0,2191221,439539357.48,1.47,1.3,1,0,none,baostock,query_history_k_data_plus
688019,SHSE.688019,,SH,A股-上交所,2025-12-18,201.0,203.56,199.79,200.58,202.94,1726363,347963109.16,-1.1629,1.0242,1,0,none,baostock,query_history_k_data_plus
688019,SHSE.688019,,SH,A股-上交所,2025-12-19,202.0,207.9,200.5,204.6,200.58,2690081,550436628.64,2.0042,1.596,1,0,none,baostock,query_history_k_data_plus
688019,SHSE.688019,,SH,A股-上交所,2025-12-22,204.7,214.74,204.22,211.9,204.6,3418063,722536891.03,3.5679,2.0279,1,0,none,baostock,query_history_k_data_plus
688019,SHSE.688019,,SH,A股-上交所,2025-12-23,210.15,223.86,210.15,217.53,211.9,3710924,813200206.57,2.6569,2.2016,1,0,none,baostock,query_history_k_data_plus
688019,SHSE.688019,,SH,A股-上交所,2025-12-24,217.73,224.9,216.02,223.08,217.53,2995223,659123623.69,2.5514,1.777,1,0,none,baostock,query_history_k_data_plus
688019,SHSE.688019,,SH,A股-上交所,2025-12-25,223.1,224.0,218.7,221.02,223.08,2038735,451466477.29,-0.9234,1.2095,1,0,none,baostock,query_history_k_data_plus
688019,SHSE.688019,,SH,A股-上交所,2025-12-26,220.0,222.9,217.6,217.8,221.02,1819890,399548806.98,-1.4569,1.0797,1,0,none,baostock,query_history_k_data_plus
688019,SHSE.688019,,SH,A股-上交所,2025-12-29,217.68,220.08,214.0,214.89,217.8,2068065,448162571.66,-1.3361,1.2269,1,0,none,baostock,query_history_k_data_plus
688019,SHSE.688019,,SH,A股-上交所,2025-12-30,214.9,218.33,213.66,216.2,214.89,1992877,430564464.45,0.6096,1.1823,1,0,none,baostock,query_history_k_data_plus
688019,SHSE.688019,,SH,A股-上交所,2025-12-31,220.0,224.3,211.31,217.92,216.2,2620051,571200763.69,0.7956,1.5544,1,0,none,baostock,query_history_k_data_plus
688019,SHSE.688019,,SH,A股-上交所,2026-01-05,220.1,228.0,220.0,227.0,217.92,3125244,704570946.65,4.1667,1.8541,1,0,none,baostock,query_history_k_data_plus
688019,SHSE.688019,,SH,A股-上交所,2026-01-06,228.0,241.48,227.0,234.22,227.0,4177820,987737181.45,3.1806,2.4785,1,0,none,baostock,query_history_k_data_plus
688019,SHSE.688019,,SH,A股-上交所,2026-01-07,241.33,281.01,241.33,278.39,234.22,8670118,2315616952.3,18.8583,5.1436,1,0,none,baostock,query_history_k_data_plus
688019,SHSE.688019,,SH,A股-上交所,2026-01-08,270.0,274.7,261.55,263.66,278.39,6597284,1763473896.83,-5.2911,3.9139,1,0,none,baostock,query_history_k_data_plus
688019,SHSE.688019,,SH,A股-上交所,2026-01-09,260.85,269.66,257.07,268.5,263.66,5506173,1447320890.7,1.8357,3.2665,1,0,none,baostock,query_history_k_data_plus
688019,SHSE.688019,,SH,A股-上交所,2026-01-12,267.86,279.65,266.1,274.0,268.5,5776109,1579429521.18,2.0484,3.4267,1,0,none,baostock,query_history_k_data_plus
688019,SHSE.688019,,SH,A股-上交所,2026-01-13,270.78,277.89,262.3,263.08,274.0,4365368,1170658905.03,-3.9854,2.5898,1,0,none,baostock,query_history_k_data_plus
688019,SHSE.688019,,SH,A股-上交所,2026-01-14,267.9,277.3,263.19,269.98,263.08,4901832,1320652672.34,2.6228,2.908,1,0,none,baostock,query_history_k_data_plus
688019,SHSE.688019,,SH,A股-上交所,2026-01-15,269.0,283.38,265.65,282.2,269.98,4960227,1366108982.49,4.5263,2.9427,1,0,none,baostock,query_history_k_data_plus
688019,SHSE.688019,,SH,A股-上交所,2026-01-16,284.45,302.58,281.0,302.58,282.2,7354715,2159595937.62,7.2218,4.3632,1,0,none,baostock,query_history_k_data_plus
688019,SHSE.688019,,SH,A股-上交所,2026-01-19,303.0,308.0,288.41,290.35,302.58,4320232,1271346450.4,-4.0419,2.563,1,0,none,baostock,query_history_k_data_plus
688019,SHSE.688019,,SH,A股-上交所,2026-01-20,290.5,297.84,282.18,286.91,290.35,3561463,1027414012.97,-1.1848,2.1128,1,0,none,baostock,query_history_k_data_plus
688019,SHSE.688019,,SH,A股-上交所,2026-01-21,282.36,291.65,282.36,288.65,286.91,3490427,1003815549.65,0.6065,2.0707,1,0,none,baostock,query_history_k_data_plus
688019,SHSE.688019,,SH,A股-上交所,2026-01-22,296.0,297.31,282.08,284.86,288.65,3185726,915676635.85,-1.313,1.8899,1,0,none,baostock,query_history_k_data_plus
688019,SHSE.688019,,SH,A股-上交所,2026-01-23,282.05,294.8,275.5,294.8,284.86,4218402,1197282576.4,3.4894,2.5026,1,0,none,baostock,query_history_k_data_plus
688019,SHSE.688019,,SH,A股-上交所,2026-01-26,290.0,293.0,282.0,284.57,294.8,2944259,841542760.36,-3.4701,1.7467,1,0,none,baostock,query_history_k_data_plus
688019,SHSE.688019,,SH,A股-上交所,2026-01-27,284.58,301.0,284.58,295.01,284.57,4292781,1266492046.59,3.6687,2.5467,1,0,none,baostock,query_history_k_data_plus
688019,SHSE.688019,,SH,A股-上交所,2026-01-28,297.6,299.9,286.72,293.88,295.01,3494262,1020189649.18,-0.383,2.073,1,0,none,baostock,query_history_k_data_plus
688019,SHSE.688019,,SH,A股-上交所,2026-01-29,284.87,286.01,267.1,268.01,293.88,5887694,1625227612.14,-8.8029,3.4929,1,0,none,baostock,query_history_k_data_plus
688019,SHSE.688019,,SH,A股-上交所,2026-01-30,267.72,273.0,259.0,269.77,268.01,4027033,1078229127.83,0.6567,2.389,1,0,none,baostock,query_history_k_data_plus
688019,SHSE.688019,,SH,A股-上交所,2026-02-02,266.0,269.38,257.8,258.46,269.77,3367764,882602985.4,-4.1925,1.9979,1,0,none,baostock,query_history_k_data_plus
688019,SHSE.688019,,SH,A股-上交所,2026-02-03,263.0,266.5,258.08,265.73,258.46,2575148,675578623.12,2.8128,1.5277,1,0,none,baostock,query_history_k_data_plus
688019,SHSE.688019,,SH,A股-上交所,2026-02-04,262.0,265.7,256.67,260.42,265.73,2321561,605096997.95,-1.9983,1.3773,1,0,none,baostock,query_history_k_data_plus
688019,SHSE.688019,,SH,A股-上交所,2026-02-05,256.0,264.5,252.77,260.13,260.42,2662745,686429449.74,-0.1114,1.5797,1,0,none,baostock,query_history_k_data_plus
688019,SHSE.688019,,SH,A股-上交所,2026-02-06,260.14,269.62,257.58,261.2,260.13,2420875,636688051.17,0.4113,1.4362,1,0,none,baostock,query_history_k_data_plus
688019,SHSE.688019,,SH,A股-上交所,2026-02-09,266.02,267.99,261.55,266.0,261.2,2518446,667852785.86,1.8377,1.4941,1,0,none,baostock,query_history_k_data_plus
688019,SHSE.688019,,SH,A股-上交所,2026-02-10,266.0,267.0,261.0,264.63,266.0,2782118,734616648.52,-0.515,1.6505,1,0,none,baostock,query_history_k_data_plus
688019,SHSE.688019,,SH,A股-上交所,2026-02-11,264.0,267.49,261.38,266.06,264.63,2242132,593866799.86,0.5404,1.3301,1,0,none,baostock,query_history_k_data_plus
688019,SHSE.688019,,SH,A股-上交所,2026-02-12,267.0,268.38,261.87,267.99,266.06,2317768,614763310.78,0.7254,1.375,1,0,none,baostock,query_history_k_data_plus
688019,SHSE.688019,,SH,A股-上交所,2026-02-13,264.31,272.12,262.01,264.93,267.99,2237512,600124156.1,-1.1418,1.3274,1,0,none,baostock,query_history_k_data_plus
688019,SHSE.688019,,SH,A股-上交所,2026-02-24,266.0,274.66,263.2,271.4,264.93,2477301,667848366.63,2.4422,1.4697,1,0,none,baostock,query_history_k_data_plus
688019,SHSE.688019,,SH,A股-上交所,2026-02-25,270.95,284.0,266.2,278.0,271.4,3406735,940647773.87,2.4318,2.0211,1,0,none,baostock,query_history_k_data_plus
688019,SHSE.688019,,SH,A股-上交所,2026-02-26,280.0,283.59,272.02,282.8,278.0,2862441,796505139.34,1.7266,1.6981,1,0,none,baostock,query_history_k_data_plus
688019,SHSE.688019,,SH,A股-上交所,2026-02-27,278.28,279.69,267.87,268.47,282.8,3599260,973434673.46,-5.0672,2.1353,1,0,none,baostock,query_history_k_data_plus
688019,SHSE.688019,,SH,A股-上交所,2026-03-02,261.58,270.55,261.1,264.0,268.47,3220865,854704215.77,-1.665,1.9108,1,0,none,baostock,query_history_k_data_plus
688019,SHSE.688019,,SH,A股-上交所,2026-03-03,263.88,267.48,246.98,249.33,264.0,4664139,1185382258.36,-5.5568,2.767,1,0,none,baostock,query_history_k_data_plus
688019,SHSE.688019,,SH,A股-上交所,2026-03-04,250.53,255.45,245.05,247.5,249.33,3130324,781071675.44,-0.734,1.8571,1,0,none,baostock,query_history_k_data_plus
688019,SHSE.688019,,SH,A股-上交所,2026-03-05,253.0,254.7,246.5,249.0,247.5,2421148,607679437.09,0.6061,1.4364,1,0,none,baostock,query_history_k_data_plus
688019,SHSE.688019,,SH,A股-上交所,2026-03-06,248.0,250.88,247.0,247.3,249.0,1653714,411158846.04,-0.6827,0.9811,1,0,none,baostock,query_history_k_data_plus
688019,SHSE.688019,,SH,A股-上交所,2026-03-09,242.01,245.77,234.0,244.92,247.3,2881518,690028445.63,-0.9624,1.7095,1,0,none,baostock,query_history_k_data_plus
688019,SHSE.688019,,SH,A股-上交所,2026-03-10,248.0,252.0,244.03,249.3,244.92,2290053,567637293.21,1.7883,1.3586,1,0,none,baostock,query_history_k_data_plus
688019,SHSE.688019,,SH,A股-上交所,2026-03-11,247.0,250.94,244.44,245.76,249.3,2399958,591118009.9,-1.42,1.4238,1,0,none,baostock,query_history_k_data_plus
688019,SHSE.688019,,SH,A股-上交所,2026-03-12,247.0,248.29,241.01,243.7,245.76,1744517,426780740.14,-0.8382,1.0349,1,0,none,baostock,query_history_k_data_plus
688019,SHSE.688019,,SH,A股-上交所,2026-03-13,241.2,244.46,236.15,236.78,243.7,3083369,739209540.07,-2.8396,1.8292,1,0,none,baostock,query_history_k_data_plus
688019,SHSE.688019,,SH,A股-上交所,2026-03-16,236.78,241.97,229.3,240.55,236.78,3300924,776510316.26,1.5922,1.9583,1,0,none,baostock,query_history_k_data_plus
688019,SHSE.688019,,SH,A股-上交所,2026-03-17,241.2,243.41,234.51,234.66,240.55,2040107,486838008.34,-2.4486,1.2103,1,0,none,baostock,query_history_k_data_plus
688019,SHSE.688019,,SH,A股-上交所,2026-03-18,239.35,245.28,235.03,243.8,234.66,2716900,654248660.06,3.895,1.6118,1,0,none,baostock,query_history_k_data_plus
688019,SHSE.688019,,SH,A股-上交所,2026-03-19,239.0,239.9,232.1,233.36,243.8,3105881,732775494.41,-4.2822,1.8426,1,0,none,baostock,query_history_k_data_plus
688019,SHSE.688019,,SH,A股-上交所,2026-03-20,234.02,237.97,232.28,232.28,233.36,2543872,598022423.07,-0.4628,1.5092,1,0,none,baostock,query_history_k_data_plus
688019,SHSE.688019,,SH,A股-上交所,2026-03-23,227.0,230.0,218.78,219.46,232.28,3420670,765300842.15,-5.5192,2.0293,1,0,none,baostock,query_history_k_data_plus
688019,SHSE.688019,,SH,A股-上交所,2026-03-24,223.86,229.72,218.7,229.18,219.46,3611585,811499693.56,4.4291,2.1426,1,0,none,baostock,query_history_k_data_plus
688019,SHSE.688019,,SH,A股-上交所,2026-03-25,232.0,240.73,230.0,235.22,229.18,2866236,678708811.31,2.6355,1.7004,1,0,none,baostock,query_history_k_data_plus
688019,SHSE.688019,,SH,A股-上交所,2026-03-26,235.87,236.47,228.03,229.99,235.22,1990969,459668769.19,-2.2235,1.1811,1,0,none,baostock,query_history_k_data_plus
688019,SHSE.688019,,SH,A股-上交所,2026-03-27,234.0,250.58,233.67,247.1,229.99,4711871,1153752897.28,7.4395,2.7953,1,0,none,baostock,query_history_k_data_plus
688019,SHSE.688019,,SH,A股-上交所,2026-03-30,244.44,260.88,242.61,258.44,247.1,5681618,1440539702.97,4.5892,3.2467,1,0,none,baostock,query_history_k_data_plus
688019,SHSE.688019,,SH,A股-上交所,2026-03-31,254.64,258.35,248.88,250.68,258.44,3130296,790902009.72,-3.0026,1.7888,1,0,none,baostock,query_history_k_data_plus
688019,SHSE.688019,,SH,A股-上交所,2026-04-01,258.49,259.86,251.8,253.5,250.68,2396589,609432555.74,1.1249,1.3695,1,0,none,baostock,query_history_k_data_plus
688019,SHSE.688019,,SH,A股-上交所,2026-04-02,253.51,257.33,247.0,250.26,253.5,1932265,484761240.54,-1.2781,1.1042,1,0,none,baostock,query_history_k_data_plus
688019,SHSE.688019,,SH,A股-上交所,2026-04-03,251.9,257.67,249.51,254.1,250.26,2240323,568314751.18,1.5344,1.2802,1,0,none,baostock,query_history_k_data_plus
688019,SHSE.688019,,SH,A股-上交所,2026-04-07,254.07,258.49,252.2,252.57,254.1,1442031,368076362.89,-0.6021,0.824,1,0,none,baostock,query_history_k_data_plus
688019,SHSE.688019,,SH,A股-上交所,2026-04-08,260.18,268.55,256.32,268.1,252.57,3307589,870203448.65,6.1488,1.8901,1,0,none,baostock,query_history_k_data_plus
688019,SHSE.688019,,SH,A股-上交所,2026-04-09,265.0,272.0,262.03,268.72,268.1,2666219,718046479.58,0.2313,1.5236,1,0,none,baostock,query_history_k_data_plus
688019,SHSE.688019,,SH,A股-上交所,2026-04-10,269.9,273.66,264.4,265.27,268.72,2418210,649214569.33,-1.2839,1.3819,1,0,none,baostock,query_history_k_data_plus
688019,SHSE.688019,,SH,A股-上交所,2026-04-13,263.2,265.0,254.08,255.28,265.27,2886675,746687581.16,-3.766,1.6496,1,0,none,baostock,query_history_k_data_plus
688019,SHSE.688019,,SH,A股-上交所,2026-04-14,258.8,266.6,257.9,261.8,255.28,2527653,663646978.93,2.5541,1.4444,1,0,none,baostock,query_history_k_data_plus
688019,SHSE.688019,,SH,A股-上交所,2026-04-15,267.0,268.33,251.06,251.85,261.8,3085919,791528284.38,-3.8006,1.7634,1,0,none,baostock,query_history_k_data_plus
688019,SHSE.688019,,SH,A股-上交所,2026-04-16,252.11,254.66,248.48,253.45,251.85,3570420,896457788.63,0.6353,2.0403,1,0,none,baostock,query_history_k_data_plus
688019,SHSE.688019,,SH,A股-上交所,2026-04-17,254.0,254.6,244.1,245.0,253.45,3514775,869207690.4,-3.334,2.0085,1,0,none,baostock,query_history_k_data_plus
