code,symbol,name,market,asset_type,date,open,high,low,close,preclose,volume,amount,pct_chg,turnover,trade_status,is_st,adjust,provider,source_function
688021,SHSE.688021,,SH,A股-上交所,2022-01-28,52.17,53.78,50.5,53.16,51.03,340977,17891885.33,4.174,0.7353,1,0,none,baostock,query_history_k_data_plus
688021,SHSE.688021,,SH,A股-上交所,2022-02-07,53.65,55.0,52.55,54.84,53.16,380750,20661115.7,3.1603,0.8211,1,0,none,baostock,query_history_k_data_plus
688021,SHSE.688021,,SH,A股-上交所,2022-02-08,54.38,55.68,53.46,55.5,54.84,526779,28890039.43,1.2035,1.136,1,0,none,baostock,query_history_k_data_plus
688021,SHSE.688021,,SH,A股-上交所,2022-02-09,55.6,55.6,53.72,54.16,55.5,376938,20473402.96,-2.4144,0.8129,1,0,none,baostock,query_history_k_data_plus
688021,SHSE.688021,,SH,A股-上交所,2022-02-10,53.7,55.1,53.7,54.31,54.16,289054,15720562.68,0.277,0.6234,1,0,none,baostock,query_history_k_data_plus
688021,SHSE.688021,,SH,A股-上交所,2022-02-11,53.57,54.24,52.04,52.19,54.31,227443,12042557.87,-3.9035,0.4905,1,0,none,baostock,query_history_k_data_plus
688021,SHSE.688021,,SH,A股-上交所,2022-02-14,52.69,53.44,51.66,52.38,52.19,132920,6983271.15,0.3641,0.2867,1,0,none,baostock,query_history_k_data_plus
688021,SHSE.688021,,SH,A股-上交所,2022-02-15,52.1,52.95,51.68,52.86,52.38,163098,8546148.09,0.9164,0.3517,1,0,none,baostock,query_history_k_data_plus
688021,SHSE.688021,,SH,A股-上交所,2022-02-16,53.4,53.84,52.29,52.89,52.86,110880,5869824.94,0.0568,0.2391,1,0,none,baostock,query_history_k_data_plus
688021,SHSE.688021,,SH,A股-上交所,2022-02-17,52.92,53.16,52.11,52.11,52.89,266847,14021011.67,-1.4748,0.5755,1,0,none,baostock,query_history_k_data_plus
688021,SHSE.688021,,SH,A股-上交所,2022-02-18,51.15,52.44,50.55,51.28,52.11,234797,11997653.28,-1.5928,0.5064,1,0,none,baostock,query_history_k_data_plus
688021,SHSE.688021,,SH,A股-上交所,2022-02-21,51.97,51.99,50.04,50.05,51.28,228409,11526256.33,-2.3986,0.4926,1,0,none,baostock,query_history_k_data_plus
688021,SHSE.688021,,SH,A股-上交所,2022-02-22,50.0,50.63,49.5,50.42,50.05,134857,6736461.82,0.7393,0.2908,1,0,none,baostock,query_history_k_data_plus
688021,SHSE.688021,,SH,A股-上交所,2022-02-23,50.74,51.6,50.11,50.85,50.42,172995,8795278.43,0.8528,0.3731,1,0,none,baostock,query_history_k_data_plus
688021,SHSE.688021,,SH,A股-上交所,2022-02-24,50.7,51.5,49.54,49.95,50.85,227641,11505869.66,-1.7699,0.4909,1,0,none,baostock,query_history_k_data_plus
688021,SHSE.688021,,SH,A股-上交所,2022-02-25,50.99,51.0,50.11,50.92,49.95,252334,12794779.77,1.9419,0.5442,1,0,none,baostock,query_history_k_data_plus
688021,SHSE.688021,,SH,A股-上交所,2022-02-28,49.5,50.18,46.16,47.94,50.92,824903,39003641.0,-5.8523,1.779,1,0,none,baostock,query_history_k_data_plus
688021,SHSE.688021,,SH,A股-上交所,2022-03-01,48.01,48.85,46.52,47.74,47.94,493426,23524957.0,-0.4172,1.0641,1,0,none,baostock,query_history_k_data_plus
688021,SHSE.688021,,SH,A股-上交所,2022-03-02,48.62,48.62,46.23,47.24,47.74,576401,27166153.0,-1.0473,1.2431,1,0,none,baostock,query_history_k_data_plus
688021,SHSE.688021,,SH,A股-上交所,2022-03-03,47.54,47.84,45.59,45.62,47.24,396906,18428878.0,-3.4293,0.856,1,0,none,baostock,query_history_k_data_plus
688021,SHSE.688021,,SH,A股-上交所,2022-03-04,45.76,45.95,43.88,44.05,45.62,273651,12220290.0,-3.4415,0.5902,1,0,none,baostock,query_history_k_data_plus
688021,SHSE.688021,,SH,A股-上交所,2022-03-07,43.59,44.29,41.5,41.9,44.05,645312,27272252.0,-4.8808,1.3917,1,0,none,baostock,query_history_k_data_plus
688021,SHSE.688021,,SH,A股-上交所,2022-03-08,41.9,41.9,39.01,39.68,41.9,642390,25574462.0,-5.2983,1.3854,1,0,none,baostock,query_history_k_data_plus
688021,SHSE.688021,,SH,A股-上交所,2022-03-09,40.07,40.07,35.91,37.87,39.68,665753,24946893.0,-4.5615,1.4357,1,0,none,baostock,query_history_k_data_plus
688021,SHSE.688021,,SH,A股-上交所,2022-03-10,38.5,38.53,36.5,37.02,37.87,647804,24177282.0,-2.2445,1.397,1,0,none,baostock,query_history_k_data_plus
688021,SHSE.688021,,SH,A股-上交所,2022-03-11,36.99,37.16,35.01,36.55,37.02,1114817,39919500.0,-1.2696,2.4042,1,0,none,baostock,query_history_k_data_plus
688021,SHSE.688021,,SH,A股-上交所,2022-03-14,36.3,36.42,34.39,34.55,36.55,601351,21153798.0,-5.472,1.2969,1,0,none,baostock,query_history_k_data_plus
688021,SHSE.688021,,SH,A股-上交所,2022-03-15,34.56,34.79,32.81,33.0,34.55,910205,30614004.0,-4.4863,1.9629,1,0,none,baostock,query_history_k_data_plus
688021,SHSE.688021,,SH,A股-上交所,2022-03-16,34.0,34.36,31.61,33.42,33.0,1280095,42087649.0,1.2727,2.7606,1,0,none,baostock,query_history_k_data_plus
688021,SHSE.688021,,SH,A股-上交所,2022-03-17,34.1,35.34,33.72,34.43,33.42,601506,20832885.0,3.0221,1.2972,1,0,none,baostock,query_history_k_data_plus
688021,SHSE.688021,,SH,A股-上交所,2022-03-18,34.22,34.75,33.8,34.49,34.43,332485,11413319.44,0.1743,0.717,1,0,none,baostock,query_history_k_data_plus
688021,SHSE.688021,,SH,A股-上交所,2022-03-21,34.48,36.3,34.48,35.42,34.49,512551,18256297.28,2.6964,1.1054,1,0,none,baostock,query_history_k_data_plus
688021,SHSE.688021,,SH,A股-上交所,2022-03-22,35.59,35.86,34.53,34.77,35.42,286273,10020019.68,-1.8351,0.6174,1,0,none,baostock,query_history_k_data_plus
688021,SHSE.688021,,SH,A股-上交所,2022-03-23,35.0,35.4,34.5,34.82,34.77,221483,7753335.77,0.1438,0.4776,1,0,none,baostock,query_history_k_data_plus
688021,SHSE.688021,,SH,A股-上交所,2022-03-24,34.51,34.51,33.44,34.15,34.82,378451,12852753.17,-1.9242,0.8162,1,0,none,baostock,query_history_k_data_plus
688021,SHSE.688021,,SH,A股-上交所,2022-03-25,34.27,34.69,33.0,33.4,34.15,458696,15415772.68,-2.1962,0.9892,1,0,none,baostock,query_history_k_data_plus
688021,SHSE.688021,,SH,A股-上交所,2022-03-28,33.34,33.8,31.83,32.24,33.4,591956,19289120.22,-3.4731,1.2766,1,0,none,baostock,query_history_k_data_plus
688021,SHSE.688021,,SH,A股-上交所,2022-03-29,32.24,32.46,31.0,31.55,32.24,663651,20891534.32,-2.1402,1.4312,1,0,none,baostock,query_history_k_data_plus
688021,SHSE.688021,,SH,A股-上交所,2022-03-30,31.85,32.56,30.5,32.05,31.55,987194,31163537.52,1.5848,2.129,1,0,none,baostock,query_history_k_data_plus
688021,SHSE.688021,,SH,A股-上交所,2022-03-31,32.05,33.22,31.46,32.5,32.05,580428,18816396.28,1.4041,1.2517,1,0,none,baostock,query_history_k_data_plus
688021,SHSE.688021,,SH,A股-上交所,2022-04-01,32.11,32.4,31.04,31.2,32.5,686961,21568975.5,-4.0,1.4815,1,0,none,baostock,query_history_k_data_plus
688021,SHSE.688021,,SH,A股-上交所,2022-04-06,31.19,31.66,30.49,31.49,31.2,752683,23469638.41,0.9295,1.6232,1,0,none,baostock,query_history_k_data_plus
688021,SHSE.688021,,SH,A股-上交所,2022-04-07,31.22,32.44,30.23,30.36,31.49,478969,14971725.88,-3.5884,1.0329,1,0,none,baostock,query_history_k_data_plus
688021,SHSE.688021,,SH,A股-上交所,2022-04-08,30.36,30.63,29.31,29.84,30.36,619593,18383875.5,-1.7128,1.3362,1,0,none,baostock,query_history_k_data_plus
688021,SHSE.688021,,SH,A股-上交所,2022-04-11,29.75,29.75,26.82,27.89,29.84,1136418,31787307.59,-6.5349,2.4508,1,0,none,baostock,query_history_k_data_plus
688021,SHSE.688021,,SH,A股-上交所,2022-04-12,27.69,28.16,26.72,27.81,27.89,661148,18023004.55,-0.2868,1.4258,1,0,none,baostock,query_history_k_data_plus
688021,SHSE.688021,,SH,A股-上交所,2022-04-13,27.71,28.0,26.51,26.6,27.81,549941,14887361.27,-4.351,1.186,1,0,none,baostock,query_history_k_data_plus
688021,SHSE.688021,,SH,A股-上交所,2022-04-14,27.05,27.48,26.63,27.04,26.6,403297,10917810.31,1.6541,0.8697,1,0,none,baostock,query_history_k_data_plus
688021,SHSE.688021,,SH,A股-上交所,2022-04-15,27.43,27.43,26.0,26.21,27.04,505890,13381671.73,-3.0695,1.091,1,0,none,baostock,query_history_k_data_plus
688021,SHSE.688021,,SH,A股-上交所,2022-04-18,26.0,27.55,26.0,27.41,26.21,513137,13851138.29,4.5784,1.1066,1,0,none,baostock,query_history_k_data_plus
688021,SHSE.688021,,SH,A股-上交所,2022-04-19,28.5,28.5,25.5,26.15,27.41,980018,25851326.81,-4.5969,2.1135,1,0,none,baostock,query_history_k_data_plus
688021,SHSE.688021,,SH,A股-上交所,2022-04-20,26.15,26.95,25.9,26.29,26.15,702492,18636456.96,0.5354,1.515,1,0,none,baostock,query_history_k_data_plus
688021,SHSE.688021,,SH,A股-上交所,2022-04-21,26.29,26.52,25.0,25.35,26.29,581880,14967299.29,-3.5755,1.2549,1,0,none,baostock,query_history_k_data_plus
688021,SHSE.688021,,SH,A股-上交所,2022-04-22,25.3,25.87,24.76,25.05,25.35,456682,11511664.3,-1.1834,0.9849,1,0,none,baostock,query_history_k_data_plus
688021,SHSE.688021,,SH,A股-上交所,2022-04-25,24.45,25.02,22.58,22.61,25.05,518590,12179619.03,-9.7405,1.1184,1,0,none,baostock,query_history_k_data_plus
688021,SHSE.688021,,SH,A股-上交所,2022-04-26,23.0,24.22,22.15,23.51,22.61,855295,20024676.29,3.9805,1.8445,1,0,none,baostock,query_history_k_data_plus
688021,SHSE.688021,,SH,A股-上交所,2022-04-27,23.15,23.51,21.75,23.15,23.51,807801,18299106.47,-1.5313,1.7421,1,0,none,baostock,query_history_k_data_plus
688021,SHSE.688021,,SH,A股-上交所,2022-04-28,22.97,23.53,21.45,22.0,23.15,579269,12938802.72,-4.9676,1.2492,1,0,none,baostock,query_history_k_data_plus
688021,SHSE.688021,,SH,A股-上交所,2022-04-29,22.0,23.69,22.0,22.7,22.0,915689,20975253.09,3.1818,1.9748,1,0,none,baostock,query_history_k_data_plus
688021,SHSE.688021,,SH,A股-上交所,2022-05-05,23.5,24.86,21.06,24.2,22.7,942275,22628692.02,6.6079,2.0321,1,0,none,baostock,query_history_k_data_plus
688021,SHSE.688021,,SH,A股-上交所,2022-05-06,23.8,24.42,23.0,23.76,24.2,511885,12204045.93,-1.8182,1.1039,1,0,none,baostock,query_history_k_data_plus
688021,SHSE.688021,,SH,A股-上交所,2022-05-09,23.66,24.43,23.15,23.49,23.76,595802,14027783.49,-1.1364,1.2849,1,0,none,baostock,query_history_k_data_plus
688021,SHSE.688021,,SH,A股-上交所,2022-05-10,23.8,24.03,22.75,23.61,23.49,429568,10105482.64,0.5109,0.9264,1,0,none,baostock,query_history_k_data_plus
688021,SHSE.688021,,SH,A股-上交所,2022-05-11,24.0,25.7,23.7,24.94,23.61,779739,19409242.05,5.6332,1.6816,1,0,none,baostock,query_history_k_data_plus
688021,SHSE.688021,,SH,A股-上交所,2022-05-12,24.57,25.99,24.57,25.36,24.94,652571,16510423.26,1.684,1.4073,1,0,none,baostock,query_history_k_data_plus
688021,SHSE.688021,,SH,A股-上交所,2022-05-13,25.54,25.98,24.73,25.05,25.36,558756,14130785.79,-1.2224,1.205,1,0,none,baostock,query_history_k_data_plus
688021,SHSE.688021,,SH,A股-上交所,2022-05-16,25.16,26.78,25.09,25.85,25.05,807370,20805710.3,3.1936,1.7412,1,0,none,baostock,query_history_k_data_plus
688021,SHSE.688021,,SH,A股-上交所,2022-05-17,25.86,27.19,25.45,26.39,25.85,760583,20070704.1,2.089,1.6403,1,0,none,baostock,query_history_k_data_plus
688021,SHSE.688021,,SH,A股-上交所,2022-05-18,26.5,27.19,26.25,26.47,26.39,325760,8694920.87,0.3031,0.7025,1,0,none,baostock,query_history_k_data_plus
688021,SHSE.688021,,SH,A股-上交所,2022-05-19,26.17,26.22,25.29,25.6,26.21,787878,20180166.34,-2.3274,1.6991,1,0,none,baostock,query_history_k_data_plus
688021,SHSE.688021,,SH,A股-上交所,2022-05-20,26.4,26.4,25.11,25.44,25.6,354140,9036032.79,-0.625,0.7637,1,0,none,baostock,query_history_k_data_plus
688021,SHSE.688021,,SH,A股-上交所,2022-05-23,25.49,26.68,25.4,26.5,25.44,431283,11244568.93,4.1667,0.9301,1,0,none,baostock,query_history_k_data_plus
688021,SHSE.688021,,SH,A股-上交所,2022-05-24,27.46,27.46,24.81,24.88,26.5,469857,12081086.31,-6.1132,1.0133,1,0,none,baostock,query_history_k_data_plus
688021,SHSE.688021,,SH,A股-上交所,2022-05-25,24.88,25.38,24.32,24.83,24.88,277009,6862340.24,-0.201,0.5974,1,0,none,baostock,query_history_k_data_plus
688021,SHSE.688021,,SH,A股-上交所,2022-05-26,25.5,25.5,24.15,24.58,24.83,340150,8375402.96,-1.0068,0.7336,1,0,none,baostock,query_history_k_data_plus
688021,SHSE.688021,,SH,A股-上交所,2022-05-27,24.5,25.28,24.5,24.97,24.58,411222,10239525.07,1.5867,0.8868,1,0,none,baostock,query_history_k_data_plus
688021,SHSE.688021,,SH,A股-上交所,2022-05-30,24.37,24.99,24.31,24.52,24.97,447813,11003181.74,-1.8022,0.9657,1,0,none,baostock,query_history_k_data_plus
688021,SHSE.688021,,SH,A股-上交所,2022-05-31,24.71,25.47,24.02,25.41,24.52,422415,10555150.03,3.6297,0.911,1,0,none,baostock,query_history_k_data_plus
688021,SHSE.688021,,SH,A股-上交所,2022-06-01,25.75,27.99,25.11,27.49,25.41,1007084,27288544.76,8.1858,2.1719,1,0,none,baostock,query_history_k_data_plus
688021,SHSE.688021,,SH,A股-上交所,2022-06-02,28.83,29.07,26.51,28.49,27.49,1261303,35186036.15,3.6377,2.7201,1,0,none,baostock,query_history_k_data_plus
688021,SHSE.688021,,SH,A股-上交所,2022-06-06,28.5,31.79,28.44,30.25,28.49,1723854,52337823.51,6.1776,3.7176,1,0,none,baostock,query_history_k_data_plus
688021,SHSE.688021,,SH,A股-上交所,2022-06-07,29.68,30.95,29.68,29.84,30.25,914503,27623904.52,-1.3554,1.9722,1,0,none,baostock,query_history_k_data_plus
688021,SHSE.688021,,SH,A股-上交所,2022-06-08,30.45,30.45,28.5,28.88,29.84,537690,15712833.79,-3.2172,1.1596,1,0,none,baostock,query_history_k_data_plus
688021,SHSE.688021,,SH,A股-上交所,2022-06-09,28.88,28.95,27.56,28.18,28.88,535087,15014787.6,-2.4238,1.154,1,0,none,baostock,query_history_k_data_plus
688021,SHSE.688021,,SH,A股-上交所,2022-06-10,27.75,28.41,26.66,27.7,28.18,1784040,48668473.17,-1.7033,3.8474,1,0,none,baostock,query_history_k_data_plus
688021,SHSE.688021,,SH,A股-上交所,2022-06-13,27.7,28.12,25.21,26.01,27.7,3192169,83448423.81,-6.1011,6.8842,1,0,none,baostock,query_history_k_data_plus
688021,SHSE.688021,,SH,A股-上交所,2022-06-14,25.99,25.99,25.01,25.59,26.01,840247,21289684.28,-1.6148,1.8121,1,0,none,baostock,query_history_k_data_plus
688021,SHSE.688021,,SH,A股-上交所,2022-06-15,25.63,27.13,25.44,26.3,25.59,1359338,35827261.02,2.7745,2.9315,1,0,none,baostock,query_history_k_data_plus
688021,SHSE.688021,,SH,A股-上交所,2022-06-16,26.4,29.5,26.07,28.73,26.3,1803567,51062156.31,9.2395,3.8895,1,0,none,baostock,query_history_k_data_plus
688021,SHSE.688021,,SH,A股-上交所,2022-06-17,28.11,30.15,27.88,29.82,28.73,1338910,39498184.18,3.7939,2.8875,1,0,none,baostock,query_history_k_data_plus
688021,SHSE.688021,,SH,A股-上交所,2022-06-20,29.82,32.25,29.3,31.65,29.82,1813548,56001608.85,6.1368,3.9111,1,0,none,baostock,query_history_k_data_plus
688021,SHSE.688021,,SH,A股-上交所,2022-06-21,31.75,31.82,30.76,30.86,31.65,1006530,31440682.87,-2.4961,2.1707,1,0,none,baostock,query_history_k_data_plus
688021,SHSE.688021,,SH,A股-上交所,2022-06-22,31.56,31.7,30.66,30.66,30.86,490558,15237071.22,-0.6481,1.0579,1,0,none,baostock,query_history_k_data_plus
688021,SHSE.688021,,SH,A股-上交所,2022-06-23,30.8,32.05,30.71,31.69,30.66,639228,20109605.4,3.3594,1.3785,1,0,none,baostock,query_history_k_data_plus
688021,SHSE.688021,,SH,A股-上交所,2022-06-24,31.38,33.88,31.0,33.1,31.69,760888,25036115.29,4.4494,1.6409,1,0,none,baostock,query_history_k_data_plus
688021,SHSE.688021,,SH,A股-上交所,2022-06-27,33.19,33.96,32.2,32.89,33.1,780325,25734463.29,-0.6344,1.6828,1,0,none,baostock,query_history_k_data_plus
688021,SHSE.688021,,SH,A股-上交所,2022-06-28,32.4,32.93,31.9,32.41,32.89,625030,20189410.24,-1.4594,1.3479,1,0,none,baostock,query_history_k_data_plus
688021,SHSE.688021,,SH,A股-上交所,2022-06-29,32.2,32.61,29.67,31.32,32.41,974924,30698099.64,-3.3632,2.1025,1,0,none,baostock,query_history_k_data_plus
688021,SHSE.688021,,SH,A股-上交所,2022-06-30,30.73,33.67,30.52,33.15,31.32,1019755,33070770.22,5.8429,2.1992,1,0,none,baostock,query_history_k_data_plus
688021,SHSE.688021,,SH,A股-上交所,2022-07-01,33.2,34.1,32.6,33.86,33.15,633868,21274848.47,2.1418,1.367,1,0,none,baostock,query_history_k_data_plus
688021,SHSE.688021,,SH,A股-上交所,2022-07-04,33.52,33.74,32.13,32.77,33.86,692671,22649265.14,-3.2191,1.4938,1,0,none,baostock,query_history_k_data_plus
688021,SHSE.688021,,SH,A股-上交所,2022-07-05,32.44,33.45,30.86,31.59,32.77,1028883,32649516.18,-3.6009,2.2189,1,0,none,baostock,query_history_k_data_plus
688021,SHSE.688021,,SH,A股-上交所,2022-07-06,31.59,32.23,31.22,31.6,31.59,226121,7183356.57,0.0317,0.4876,1,0,none,baostock,query_history_k_data_plus
688021,SHSE.688021,,SH,A股-上交所,2022-07-07,32.46,33.0,31.05,31.42,31.6,586779,18637710.2,-0.5696,1.2654,1,0,none,baostock,query_history_k_data_plus
688021,SHSE.688021,,SH,A股-上交所,2022-07-08,32.09,32.09,30.08,30.59,31.42,473324,14545760.79,-2.6416,1.0208,1,0,none,baostock,query_history_k_data_plus
688021,SHSE.688021,,SH,A股-上交所,2022-07-11,30.18,31.0,29.65,29.91,30.59,300167,9036087.14,-2.2229,0.6473,1,0,none,baostock,query_history_k_data_plus
688021,SHSE.688021,,SH,A股-上交所,2022-07-12,30.5,31.0,28.39,28.67,29.91,499923,14749825.26,-4.1458,1.0781,1,0,none,baostock,query_history_k_data_plus
688021,SHSE.688021,,SH,A股-上交所,2022-07-13,28.67,29.29,28.43,28.92,28.67,275302,7965436.33,0.872,0.5937,1,0,none,baostock,query_history_k_data_plus
688021,SHSE.688021,,SH,A股-上交所,2022-07-14,28.92,29.88,27.88,28.62,28.92,976556,28064450.66,-1.0373,2.106,1,0,none,baostock,query_history_k_data_plus
688021,SHSE.688021,,SH,A股-上交所,2022-07-15,28.39,28.85,28.01,28.04,28.62,481772,13596174.85,-2.0266,1.039,1,0,none,baostock,query_history_k_data_plus
688021,SHSE.688021,,SH,A股-上交所,2022-07-18,27.84,29.12,27.4,28.52,28.04,553354,15864604.38,1.7118,1.1934,1,0,none,baostock,query_history_k_data_plus
688021,SHSE.688021,,SH,A股-上交所,2022-07-19,28.95,28.95,27.73,28.04,28.52,541698,15277017.62,-1.683,1.1682,1,0,none,baostock,query_history_k_data_plus
688021,SHSE.688021,,SH,A股-上交所,2022-07-20,28.49,28.76,27.19,27.5,28.04,621119,17190625.13,-1.9258,1.3395,1,0,none,baostock,query_history_k_data_plus
688021,SHSE.688021,,SH,A股-上交所,2022-07-21,27.5,28.25,27.38,27.55,27.5,381255,10599726.21,0.1818,0.8222,1,0,none,baostock,query_history_k_data_plus
688021,SHSE.688021,,SH,A股-上交所,2022-07-22,27.95,28.8,27.58,28.25,27.55,601638,16936264.97,2.5408,1.2975,1,0,none,baostock,query_history_k_data_plus
688021,SHSE.688021,,SH,A股-上交所,2022-07-25,28.66,29.5,26.88,27.34,28.25,733095,20510611.44,-3.2212,1.581,1,0,none,baostock,query_history_k_data_plus
688021,SHSE.688021,,SH,A股-上交所,2022-07-26,27.06,28.35,27.0,28.1,27.34,656791,18191770.68,2.7798,1.4164,1,0,none,baostock,query_history_k_data_plus
688021,SHSE.688021,,SH,A股-上交所,2022-07-27,27.48,28.58,27.48,28.47,28.1,437786,12365763.26,1.3167,0.9441,1,0,none,baostock,query_history_k_data_plus
688021,SHSE.688021,,SH,A股-上交所,2022-07-28,28.5,29.13,28.12,28.77,28.47,414139,11924494.06,1.0537,0.8931,1,0,none,baostock,query_history_k_data_plus
688021,SHSE.688021,,SH,A股-上交所,2022-07-29,28.96,29.12,28.29,28.4,28.77,270340,7730088.37,-1.2861,0.583,1,0,none,baostock,query_history_k_data_plus
688021,SHSE.688021,,SH,A股-上交所,2022-08-01,28.23,28.8,27.82,28.3,28.4,374013,10541418.03,-0.3521,0.8066,1,0,none,baostock,query_history_k_data_plus
688021,SHSE.688021,,SH,A股-上交所,2022-08-02,28.05,28.3,26.33,26.82,28.3,572758,15482695.53,-5.2297,1.2352,1,0,none,baostock,query_history_k_data_plus
688021,SHSE.688021,,SH,A股-上交所,2022-08-03,27.45,27.94,26.58,26.87,26.82,367383,10078683.91,0.1864,0.7923,1,0,none,baostock,query_history_k_data_plus
688021,SHSE.688021,,SH,A股-上交所,2022-08-04,28.0,28.0,26.77,27.33,26.87,304259,8326748.0,1.7119,0.6562,1,0,none,baostock,query_history_k_data_plus
688021,SHSE.688021,,SH,A股-上交所,2022-08-05,27.33,27.81,27.06,27.7,27.33,358468,9840419.0,1.3538,0.7731,1,0,none,baostock,query_history_k_data_plus
688021,SHSE.688021,,SH,A股-上交所,2022-08-08,27.78,28.38,26.91,28.2,27.7,384114,10749420.0,1.8051,0.8284,1,0,none,baostock,query_history_k_data_plus
688021,SHSE.688021,,SH,A股-上交所,2022-08-09,28.53,29.0,28.09,28.42,28.2,316578,9001686.0,0.7801,0.6827,1,0,none,baostock,query_history_k_data_plus
688021,SHSE.688021,,SH,A股-上交所,2022-08-10,28.05,29.48,27.95,29.08,28.42,513848,14904899.0,2.3223,1.1082,1,0,none,baostock,query_history_k_data_plus
688021,SHSE.688021,,SH,A股-上交所,2022-08-11,29.31,29.46,28.8,29.0,29.08,339426,9885721.0,-0.2751,0.732,1,0,none,baostock,query_history_k_data_plus
688021,SHSE.688021,,SH,A股-上交所,2022-08-12,29.0,29.58,28.3,28.5,29.0,414779,11932037.0,-1.7241,0.8945,1,0,none,baostock,query_history_k_data_plus
688021,SHSE.688021,,SH,A股-上交所,2022-08-15,28.51,29.27,28.28,28.75,28.5,239148,6857264.41,0.8772,0.5157,1,0,none,baostock,query_history_k_data_plus
688021,SHSE.688021,,SH,A股-上交所,2022-08-16,28.98,29.3,28.3,28.56,28.75,425990,12259041.68,-0.6609,0.9187,1,0,none,baostock,query_history_k_data_plus
688021,SHSE.688021,,SH,A股-上交所,2022-08-17,28.56,28.85,28.25,28.37,28.56,277645,7905954.38,-0.6653,0.5988,1,0,none,baostock,query_history_k_data_plus
688021,SHSE.688021,,SH,A股-上交所,2022-08-18,28.55,28.85,28.08,28.58,28.37,340383,9709830.55,0.7402,0.7341,1,0,none,baostock,query_history_k_data_plus
688021,SHSE.688021,,SH,A股-上交所,2022-08-19,28.58,28.84,27.52,27.74,28.58,276996,7818112.04,-2.9391,0.5974,1,0,none,baostock,query_history_k_data_plus
688021,SHSE.688021,,SH,A股-上交所,2022-08-22,27.74,28.05,26.9,26.97,27.74,454343,12423905.46,-2.7758,0.9798,1,0,none,baostock,query_history_k_data_plus
688021,SHSE.688021,,SH,A股-上交所,2022-08-23,27.0,27.97,26.82,27.06,26.97,417705,11418542.28,0.3337,0.9008,1,0,none,baostock,query_history_k_data_plus
688021,SHSE.688021,,SH,A股-上交所,2022-08-24,27.25,27.25,25.8,26.38,27.06,592901,15603190.21,-2.5129,1.2786,1,0,none,baostock,query_history_k_data_plus
688021,SHSE.688021,,SH,A股-上交所,2022-08-25,25.88,26.49,25.32,26.2,26.38,454838,11837327.16,-0.6823,0.9809,1,0,none,baostock,query_history_k_data_plus
688021,SHSE.688021,,SH,A股-上交所,2022-08-26,26.03,26.64,25.41,25.55,26.2,357996,9278974.64,-2.4809,0.772,1,0,none,baostock,query_history_k_data_plus
688021,SHSE.688021,,SH,A股-上交所,2022-08-29,25.55,26.71,25.51,26.38,25.55,542989,14138973.42,3.2485,1.171,1,0,none,baostock,query_history_k_data_plus
688021,SHSE.688021,,SH,A股-上交所,2022-08-30,26.01,26.5,25.62,25.77,26.38,364664,9450102.1,-2.3124,0.7864,1,0,none,baostock,query_history_k_data_plus
688021,SHSE.688021,,SH,A股-上交所,2022-08-31,25.24,25.86,25.07,25.15,25.77,460321,11681459.31,-2.4059,0.9927,1,0,none,baostock,query_history_k_data_plus
688021,SHSE.688021,,SH,A股-上交所,2022-09-01,25.01,25.66,24.68,24.92,25.15,321351,8044316.51,-0.9145,0.693,1,0,none,baostock,query_history_k_data_plus
688021,SHSE.688021,,SH,A股-上交所,2022-09-02,24.94,25.16,24.51,24.78,24.92,310130,7671113.69,-0.5618,0.6688,1,0,none,baostock,query_history_k_data_plus
688021,SHSE.688021,,SH,A股-上交所,2022-09-05,24.75,24.77,23.92,24.21,24.78,433052,10501979.78,-2.3002,0.9339,1,0,none,baostock,query_history_k_data_plus
688021,SHSE.688021,,SH,A股-上交所,2022-09-06,24.69,24.69,23.77,24.19,24.21,351351,8460236.62,-0.0826,0.7577,1,0,none,baostock,query_history_k_data_plus
688021,SHSE.688021,,SH,A股-上交所,2022-09-07,24.19,24.48,23.7,23.92,24.19,283390,6809895.35,-1.1162,0.6112,1,0,none,baostock,query_history_k_data_plus
688021,SHSE.688021,,SH,A股-上交所,2022-09-08,24.22,24.22,23.01,23.13,23.92,334007,7828146.03,-3.3027,0.7203,1,0,none,baostock,query_history_k_data_plus
688021,SHSE.688021,,SH,A股-上交所,2022-09-09,23.13,23.38,22.68,23.37,23.13,341218,7861265.51,1.0376,0.7359,1,0,none,baostock,query_history_k_data_plus
688021,SHSE.688021,,SH,A股-上交所,2022-09-13,23.41,24.13,23.19,23.35,23.37,430009,10109658.73,-0.0856,0.9273,1,0,none,baostock,query_history_k_data_plus
688021,SHSE.688021,,SH,A股-上交所,2022-09-14,23.0,23.8,22.83,23.6,23.35,326558,7578368.04,1.0707,0.7042,1,0,none,baostock,query_history_k_data_plus
688021,SHSE.688021,,SH,A股-上交所,2022-09-15,23.6,24.28,22.4,23.15,23.6,1001607,22857299.38,-1.9068,2.16,1,0,none,baostock,query_history_k_data_plus
688021,SHSE.688021,,SH,A股-上交所,2022-09-16,23.5,23.5,22.38,22.38,23.15,559979,12662450.43,-3.3261,1.2076,1,0,none,baostock,query_history_k_data_plus
688021,SHSE.688021,,SH,A股-上交所,2022-09-19,22.16,22.74,21.81,21.82,22.38,386287,8528377.5,-2.5022,0.8331,1,0,none,baostock,query_history_k_data_plus
688021,SHSE.688021,,SH,A股-上交所,2022-09-20,22.06,22.69,21.71,21.88,21.82,529146,11668812.49,0.275,1.1411,1,0,none,baostock,query_history_k_data_plus
688021,SHSE.688021,,SH,A股-上交所,2022-09-21,21.88,22.16,21.35,22.04,21.88,194332,4244136.6,0.7313,0.4191,1,0,none,baostock,query_history_k_data_plus
688021,SHSE.688021,,SH,A股-上交所,2022-09-22,21.88,22.29,21.15,21.82,22.04,345218,7478859.19,-0.9982,0.7445,1,0,none,baostock,query_history_k_data_plus
688021,SHSE.688021,,SH,A股-上交所,2022-09-23,21.31,21.85,20.75,21.11,21.82,401986,8591026.22,-3.2539,0.8669,1,0,none,baostock,query_history_k_data_plus
688021,SHSE.688021,,SH,A股-上交所,2022-09-26,21.41,21.41,20.22,20.33,21.11,386453,7980153.73,-3.6949,0.8334,1,0,none,baostock,query_history_k_data_plus
688021,SHSE.688021,,SH,A股-上交所,2022-09-27,20.52,21.36,20.41,21.19,20.33,246609,5127264.26,4.2302,0.5318,1,0,none,baostock,query_history_k_data_plus
688021,SHSE.688021,,SH,A股-上交所,2022-09-28,21.25,21.71,20.82,21.25,21.19,314285,6685117.72,0.2832,0.6778,1,0,none,baostock,query_history_k_data_plus
688021,SHSE.688021,,SH,A股-上交所,2022-09-29,21.1,21.86,20.85,21.21,21.25,488613,10414983.77,-0.1882,1.0537,1,0,none,baostock,query_history_k_data_plus
688021,SHSE.688021,,SH,A股-上交所,2022-09-30,20.88,21.47,20.3,20.3,21.21,215588,4454966.77,-4.2904,0.4649,1,0,none,baostock,query_history_k_data_plus
688021,SHSE.688021,,SH,A股-上交所,2022-10-10,20.43,20.59,19.15,19.51,20.3,313291,6206889.85,-3.8916,0.6756,1,0,none,baostock,query_history_k_data_plus
688021,SHSE.688021,,SH,A股-上交所,2022-10-11,19.78,19.8,18.93,19.4,19.51,253460,4872163.16,-0.5638,0.5466,1,0,none,baostock,query_history_k_data_plus
688021,SHSE.688021,,SH,A股-上交所,2022-10-12,19.4,20.31,19.07,20.09,19.4,155121,3041135.26,3.5567,0.3345,1,0,none,baostock,query_history_k_data_plus
688021,SHSE.688021,,SH,A股-上交所,2022-10-13,20.48,21.18,19.68,20.67,20.09,275641,5707224.3,2.887,0.5944,1,0,none,baostock,query_history_k_data_plus
688021,SHSE.688021,,SH,A股-上交所,2022-10-14,21.08,21.83,20.74,21.73,20.67,339451,7281096.74,5.1282,0.7321,1,0,none,baostock,query_history_k_data_plus
688021,SHSE.688021,,SH,A股-上交所,2022-10-17,21.74,22.75,21.74,22.52,21.73,292090,6535827.53,3.6355,0.6299,1,0,none,baostock,query_history_k_data_plus
688021,SHSE.688021,,SH,A股-上交所,2022-10-18,22.52,22.74,21.88,22.16,22.52,315144,6962308.38,-1.5986,0.6796,1,0,none,baostock,query_history_k_data_plus
688021,SHSE.688021,,SH,A股-上交所,2022-10-19,21.72,22.48,21.19,21.23,22.16,220295,4749453.81,-4.1968,0.4751,1,0,none,baostock,query_history_k_data_plus
688021,SHSE.688021,,SH,A股-上交所,2022-10-20,21.23,21.87,20.69,21.5,21.23,270171,5761525.44,1.2718,0.5826,1,0,none,baostock,query_history_k_data_plus
688021,SHSE.688021,,SH,A股-上交所,2022-10-21,21.13,22.17,21.13,22.0,21.5,373814,8104534.77,2.3256,0.8062,1,0,none,baostock,query_history_k_data_plus
688021,SHSE.688021,,SH,A股-上交所,2022-10-24,22.0,22.37,21.2,21.28,22.0,402821,8761488.63,-3.2727,0.8687,1,0,none,baostock,query_history_k_data_plus
688021,SHSE.688021,,SH,A股-上交所,2022-10-25,21.16,21.27,20.08,20.5,21.28,225924,4671737.87,-3.6654,0.4872,1,0,none,baostock,query_history_k_data_plus
688021,SHSE.688021,,SH,A股-上交所,2022-10-26,20.59,21.39,19.73,21.21,20.5,395043,8176530.33,3.4634,0.8519,1,0,none,baostock,query_history_k_data_plus
688021,SHSE.688021,,SH,A股-上交所,2022-10-27,21.68,22.38,20.85,21.93,21.21,691690,14994647.31,3.3946,1.4917,1,0,none,baostock,query_history_k_data_plus
688021,SHSE.688021,,SH,A股-上交所,2022-10-28,21.91,21.91,20.33,20.41,21.93,812560,16983745.63,-6.9311,1.7524,1,0,none,baostock,query_history_k_data_plus
688021,SHSE.688021,,SH,A股-上交所,2022-10-31,20.79,22.07,20.2,21.29,20.41,942009,19979239.12,4.3116,2.0315,1,0,none,baostock,query_history_k_data_plus
688021,SHSE.688021,,SH,A股-上交所,2022-11-01,21.74,21.97,20.87,21.7,21.29,464144,9924671.01,1.9258,1.001,1,0,none,baostock,query_history_k_data_plus
688021,SHSE.688021,,SH,A股-上交所,2022-11-02,21.3,23.59,21.12,22.66,21.7,844042,19069851.94,4.424,1.8202,1,0,none,baostock,query_history_k_data_plus
688021,SHSE.688021,,SH,A股-上交所,2022-11-03,22.87,23.93,22.66,23.65,22.66,832857,19498466.84,4.3689,1.7961,1,0,none,baostock,query_history_k_data_plus
688021,SHSE.688021,,SH,A股-上交所,2022-11-04,23.74,24.3,23.1,23.55,23.65,925304,21827918.34,-0.4228,1.9955,1,0,none,baostock,query_history_k_data_plus
688021,SHSE.688021,,SH,A股-上交所,2022-11-07,22.8,23.94,22.7,23.37,23.55,871353,20386174.85,-0.7643,1.1275,1,0,none,baostock,query_history_k_data_plus
688021,SHSE.688021,,SH,A股-上交所,2022-11-08,23.37,23.79,22.95,23.07,23.37,352401,8200077.07,-1.2837,0.456,1,0,none,baostock,query_history_k_data_plus
688021,SHSE.688021,,SH,A股-上交所,2022-11-09,23.3,23.72,22.71,22.81,23.07,348980,7993090.81,-1.127,0.4516,1,0,none,baostock,query_history_k_data_plus
688021,SHSE.688021,,SH,A股-上交所,2022-11-10,22.57,22.7,22.12,22.25,22.81,351891,7870395.96,-2.4551,0.4553,1,0,none,baostock,query_history_k_data_plus
688021,SHSE.688021,,SH,A股-上交所,2022-11-11,22.36,22.78,22.23,22.5,22.25,565167,12724114.36,1.1236,0.7313,1,0,none,baostock,query_history_k_data_plus
688021,SHSE.688021,,SH,A股-上交所,2022-11-14,22.72,24.68,22.32,23.78,22.5,938295,22216128.93,5.6889,1.2141,1,0,none,baostock,query_history_k_data_plus
688021,SHSE.688021,,SH,A股-上交所,2022-11-15,23.78,25.18,23.51,25.18,23.78,658046,16076596.2,5.8873,0.8515,1,0,none,baostock,query_history_k_data_plus
688021,SHSE.688021,,SH,A股-上交所,2022-11-16,25.5,29.5,24.92,28.93,25.18,2691574,74272661.04,14.8928,3.4827,1,0,none,baostock,query_history_k_data_plus
688021,SHSE.688021,,SH,A股-上交所,2022-11-17,28.87,28.87,26.1,27.1,28.93,3230568,87523327.51,-6.3256,4.1801,1,0,none,baostock,query_history_k_data_plus
688021,SHSE.688021,,SH,A股-上交所,2022-11-18,27.0,28.88,26.1,28.08,27.1,3788635,103911077.81,3.6162,4.9023,1,0,none,baostock,query_history_k_data_plus
688021,SHSE.688021,,SH,A股-上交所,2022-11-21,27.07,28.0,26.68,26.7,28.08,2009449,54627864.05,-4.9145,2.6001,1,0,none,baostock,query_history_k_data_plus
688021,SHSE.688021,,SH,A股-上交所,2022-11-22,26.8,26.8,25.27,25.45,26.7,1407352,36274911.89,-4.6816,1.821,1,0,none,baostock,query_history_k_data_plus
688021,SHSE.688021,,SH,A股-上交所,2022-11-23,25.52,25.67,24.55,24.9,25.45,794566,19852860.49,-2.1611,1.0281,1,0,none,baostock,query_history_k_data_plus
688021,SHSE.688021,,SH,A股-上交所,2022-11-24,25.39,26.66,24.59,25.72,24.9,1296639,33797753.85,3.2932,1.6778,1,0,none,baostock,query_history_k_data_plus
688021,SHSE.688021,,SH,A股-上交所,2022-11-25,26.49,26.49,24.41,24.94,25.72,764354,19002482.04,-3.0327,0.989,1,0,none,baostock,query_history_k_data_plus
688021,SHSE.688021,,SH,A股-上交所,2022-11-28,25.5,25.5,24.07,24.85,24.94,362961,8942364.74,-0.3609,0.4696,1,0,none,baostock,query_history_k_data_plus
688021,SHSE.688021,,SH,A股-上交所,2022-11-29,25.24,26.25,24.57,25.81,24.85,514870,13182309.7,3.8632,0.6662,1,0,none,baostock,query_history_k_data_plus
688021,SHSE.688021,,SH,A股-上交所,2022-11-30,25.65,26.88,25.0,25.92,25.81,640389,16561402.34,0.4262,0.8286,1,0,none,baostock,query_history_k_data_plus
688021,SHSE.688021,,SH,A股-上交所,2022-12-01,26.71,26.71,25.05,25.77,25.92,1013083,25932636.61,-0.5787,1.3109,1,0,none,baostock,query_history_k_data_plus
688021,SHSE.688021,,SH,A股-上交所,2022-12-02,25.65,25.88,24.75,24.89,25.77,732683,18386414.02,-3.4148,0.948,1,0,none,baostock,query_history_k_data_plus
688021,SHSE.688021,,SH,A股-上交所,2022-12-05,24.55,25.48,24.2,25.0,24.89,751174,18718530.39,0.4419,0.972,1,0,none,baostock,query_history_k_data_plus
688021,SHSE.688021,,SH,A股-上交所,2022-12-06,25.0,25.38,24.05,24.18,25.0,624401,15351660.71,-3.28,0.8079,1,0,none,baostock,query_history_k_data_plus
688021,SHSE.688021,,SH,A股-上交所,2022-12-07,24.18,24.38,24.0,24.2,24.18,252342,6097656.88,0.0827,0.3265,1,0,none,baostock,query_history_k_data_plus
688021,SHSE.688021,,SH,A股-上交所,2022-12-08,24.2,26.75,24.12,26.05,24.2,1241814,31941785.73,7.6446,1.6068,1,0,none,baostock,query_history_k_data_plus
688021,SHSE.688021,,SH,A股-上交所,2022-12-09,26.04,26.32,25.27,25.74,26.05,756279,19411327.3,-1.19,0.9786,1,0,none,baostock,query_history_k_data_plus
688021,SHSE.688021,,SH,A股-上交所,2022-12-12,25.58,26.32,24.8,25.82,25.74,487054,12512754.39,0.3108,0.6302,1,0,none,baostock,query_history_k_data_plus
688021,SHSE.688021,,SH,A股-上交所,2022-12-13,26.32,26.32,24.84,25.24,25.82,419313,10544196.85,-2.2463,0.5426,1,0,none,baostock,query_history_k_data_plus
688021,SHSE.688021,,SH,A股-上交所,2022-12-14,24.75,25.76,24.75,25.26,25.24,300348,7520409.43,0.0792,0.3886,1,0,none,baostock,query_history_k_data_plus
688021,SHSE.688021,,SH,A股-上交所,2022-12-15,25.23,25.6,24.77,25.09,25.26,478988,11989353.98,-0.673,0.6198,1,0,none,baostock,query_history_k_data_plus
688021,SHSE.688021,,SH,A股-上交所,2022-12-16,24.99,25.95,24.83,25.56,25.09,444725,11341795.28,1.8733,0.5754,1,0,none,baostock,query_history_k_data_plus
688021,SHSE.688021,,SH,A股-上交所,2022-12-19,25.08,26.0,24.34,24.34,25.56,450961,11250742.6,-4.7731,0.5835,1,0,none,baostock,query_history_k_data_plus
688021,SHSE.688021,,SH,A股-上交所,2022-12-20,24.24,25.13,23.35,23.56,24.34,298441,7094910.69,-3.2046,0.3862,1,0,none,baostock,query_history_k_data_plus
688021,SHSE.688021,,SH,A股-上交所,2022-12-21,23.44,23.78,22.88,23.03,23.56,331806,7688941.48,-2.2496,0.4293,1,0,none,baostock,query_history_k_data_plus
688021,SHSE.688021,,SH,A股-上交所,2022-12-22,23.54,23.81,22.0,22.09,23.03,936266,21231000.33,-4.0816,1.2115,1,0,none,baostock,query_history_k_data_plus
688021,SHSE.688021,,SH,A股-上交所,2022-12-23,22.04,22.86,21.9,22.23,22.09,387803,8716987.41,0.6338,0.5018,1,0,none,baostock,query_history_k_data_plus
688021,SHSE.688021,,SH,A股-上交所,2022-12-26,22.53,23.97,22.52,23.95,22.23,289012,6779167.51,7.7373,0.374,1,0,none,baostock,query_history_k_data_plus
688021,SHSE.688021,,SH,A股-上交所,2022-12-27,23.88,25.2,23.11,24.95,23.95,418487,10271412.31,4.1754,0.5415,1,0,none,baostock,query_history_k_data_plus
688021,SHSE.688021,,SH,A股-上交所,2022-12-28,24.9,25.3,24.51,24.73,24.95,258883,6436859.86,-0.8818,0.335,1,0,none,baostock,query_history_k_data_plus
688021,SHSE.688021,,SH,A股-上交所,2022-12-29,24.61,25.38,24.43,24.74,24.73,332685,8326502.54,0.0404,0.4305,1,0,none,baostock,query_history_k_data_plus
688021,SHSE.688021,,SH,A股-上交所,2022-12-30,24.8,25.15,24.1,25.01,24.74,536545,13175864.74,1.0914,0.6943,1,0,none,baostock,query_history_k_data_plus
688021,SHSE.688021,,SH,A股-上交所,2023-01-03,24.8,24.98,24.07,24.8,25.01,218502,5382193.12,-0.8397,0.2827,1,0,none,baostock,query_history_k_data_plus
688021,SHSE.688021,,SH,A股-上交所,2023-01-04,24.96,25.0,24.2,24.8,24.8,175114,4320278.25,0.0,0.2266,1,0,none,baostock,query_history_k_data_plus
688021,SHSE.688021,,SH,A股-上交所,2023-01-05,24.63,25.39,24.63,25.1,24.8,185629,4668106.64,1.2097,0.2402,1,0,none,baostock,query_history_k_data_plus
688021,SHSE.688021,,SH,A股-上交所,2023-01-06,25.0,25.3,24.53,24.88,25.1,185293,4617341.24,-0.8765,0.2398,1,0,none,baostock,query_history_k_data_plus
688021,SHSE.688021,,SH,A股-上交所,2023-01-09,24.88,26.05,24.72,25.55,24.88,656681,16727161.02,2.6929,0.8497,1,0,none,baostock,query_history_k_data_plus
688021,SHSE.688021,,SH,A股-上交所,2023-01-10,25.74,25.74,24.86,25.18,25.55,553632,13913052.17,-1.4481,0.7164,1,0,none,baostock,query_history_k_data_plus
688021,SHSE.688021,,SH,A股-上交所,2023-01-11,25.49,25.49,24.73,24.76,25.18,197190,4911185.81,-1.668,0.2552,1,0,none,baostock,query_history_k_data_plus
688021,SHSE.688021,,SH,A股-上交所,2023-01-12,25.11,26.49,24.57,25.37,24.76,617599,15597519.42,2.4637,0.7991,1,0,none,baostock,query_history_k_data_plus
688021,SHSE.688021,,SH,A股-上交所,2023-01-13,25.74,25.74,24.56,25.03,25.37,278860,6951812.48,-1.3402,0.3608,1,0,none,baostock,query_history_k_data_plus
688021,SHSE.688021,,SH,A股-上交所,2023-01-16,24.91,25.58,24.5,25.35,25.03,242744,6143692.26,1.2785,0.3141,1,0,none,baostock,query_history_k_data_plus
688021,SHSE.688021,,SH,A股-上交所,2023-01-17,25.72,25.8,24.81,25.03,25.35,140514,3549132.6,-1.2623,0.1818,1,0,none,baostock,query_history_k_data_plus
688021,SHSE.688021,,SH,A股-上交所,2023-01-18,25.03,25.21,24.84,25.17,25.03,135004,3382061.42,0.5593,0.1747,1,0,none,baostock,query_history_k_data_plus
688021,SHSE.688021,,SH,A股-上交所,2023-01-19,25.13,26.09,24.86,25.7,25.17,329093,8436768.77,2.1057,0.4258,1,0,none,baostock,query_history_k_data_plus
688021,SHSE.688021,,SH,A股-上交所,2023-01-20,25.28,26.56,24.97,25.31,25.7,236512,5994270.86,-1.5175,0.306,1,0,none,baostock,query_history_k_data_plus
688021,SHSE.688021,,SH,A股-上交所,2023-01-30,25.52,26.91,25.43,26.31,25.31,438249,11558876.09,3.951,0.5671,1,0,none,baostock,query_history_k_data_plus
688021,SHSE.688021,,SH,A股-上交所,2023-01-31,25.96,28.0,25.95,27.05,26.31,762320,20627597.21,2.8126,0.9864,1,0,none,baostock,query_history_k_data_plus
688021,SHSE.688021,,SH,A股-上交所,2023-02-01,26.91,29.2,26.89,28.25,27.05,1117980,31578209.53,4.4362,1.4466,1,0,none,baostock,query_history_k_data_plus
688021,SHSE.688021,,SH,A股-上交所,2023-02-02,28.1,30.73,28.1,30.15,28.25,2209956,66101252.91,6.7257,2.8595,1,0,none,baostock,query_history_k_data_plus
688021,SHSE.688021,,SH,A股-上交所,2023-02-03,29.85,30.9,29.5,30.61,30.15,1702884,51533072.64,1.5257,2.2034,1,0,none,baostock,query_history_k_data_plus
688021,SHSE.688021,,SH,A股-上交所,2023-02-06,30.5,31.77,29.31,30.5,30.61,1424979,43892832.22,-0.3594,1.8438,1,0,none,baostock,query_history_k_data_plus
688021,SHSE.688021,,SH,A股-上交所,2023-02-07,30.86,31.3,29.83,30.49,30.5,1653119,50174718.97,-0.0328,2.139,1,0,none,baostock,query_history_k_data_plus
688021,SHSE.688021,,SH,A股-上交所,2023-02-08,30.74,31.4,30.22,30.44,30.49,976984,30040535.36,-0.164,1.2642,1,0,none,baostock,query_history_k_data_plus
688021,SHSE.688021,,SH,A股-上交所,2023-02-09,30.74,32.7,30.48,32.7,30.44,2357246,75651841.21,7.4244,3.0501,1,0,none,baostock,query_history_k_data_plus
688021,SHSE.688021,,SH,A股-上交所,2023-02-10,32.69,33.2,31.75,31.93,32.7,1064644,34341549.39,-2.3547,1.3776,1,0,none,baostock,query_history_k_data_plus
688021,SHSE.688021,,SH,A股-上交所,2023-02-13,32.45,34.4,32.44,33.49,31.93,1578195,52778849.23,4.8857,2.0421,1,0,none,baostock,query_history_k_data_plus
688021,SHSE.688021,,SH,A股-上交所,2023-02-14,33.64,34.25,33.27,33.5,33.49,890172,30022750.34,0.0299,1.1518,1,0,none,baostock,query_history_k_data_plus
688021,SHSE.688021,,SH,A股-上交所,2023-02-15,33.44,34.23,32.83,33.03,33.5,895438,30004169.14,-1.403,1.1586,1,0,none,baostock,query_history_k_data_plus
688021,SHSE.688021,,SH,A股-上交所,2023-02-16,33.34,33.65,31.12,31.48,33.03,1250053,40314905.53,-4.6927,1.6175,1,0,none,baostock,query_history_k_data_plus
688021,SHSE.688021,,SH,A股-上交所,2023-02-17,31.38,32.99,31.38,32.13,31.48,1760809,56993125.29,2.0648,2.2784,1,0,none,baostock,query_history_k_data_plus
688021,SHSE.688021,,SH,A股-上交所,2023-02-20,32.2,33.03,31.24,31.79,32.13,1111950,35919104.11,-1.0582,1.4388,1,0,none,baostock,query_history_k_data_plus
688021,SHSE.688021,,SH,A股-上交所,2023-02-21,32.21,32.43,31.34,31.85,31.79,1000921,31755523.38,0.1887,1.2951,1,0,none,baostock,query_history_k_data_plus
688021,SHSE.688021,,SH,A股-上交所,2023-02-22,31.53,31.8,30.76,30.92,31.85,579700,18051235.81,-2.9199,0.7501,1,0,none,baostock,query_history_k_data_plus
688021,SHSE.688021,,SH,A股-上交所,2023-02-23,31.54,32.15,30.9,31.57,30.92,755295,23958457.46,2.1022,0.9773,1,0,none,baostock,query_history_k_data_plus
688021,SHSE.688021,,SH,A股-上交所,2023-02-24,31.62,33.13,30.88,31.14,31.57,1024021,32807545.81,-1.3621,1.325,1,0,none,baostock,query_history_k_data_plus
688021,SHSE.688021,,SH,A股-上交所,2023-02-27,30.97,31.71,29.8,30.26,31.14,1285308,39018456.53,-2.8259,1.6631,1,0,none,baostock,query_history_k_data_plus
688021,SHSE.688021,,SH,A股-上交所,2023-02-28,30.18,31.5,30.18,30.36,30.26,831064,25550616.93,0.3305,1.0753,1,0,none,baostock,query_history_k_data_plus
688021,SHSE.688021,,SH,A股-上交所,2023-03-01,30.95,30.95,29.34,30.0,30.36,963470,28937958.24,-1.1858,1.2467,1,0,none,baostock,query_history_k_data_plus
688021,SHSE.688021,,SH,A股-上交所,2023-03-02,30.13,32.3,30.08,31.59,30.0,1877943,59087610.52,5.3,2.4299,1,0,none,baostock,query_history_k_data_plus
688021,SHSE.688021,,SH,A股-上交所,2023-03-03,30.88,31.25,30.02,30.19,31.59,772024,23685995.89,-4.4318,0.9989,1,0,none,baostock,query_history_k_data_plus
688021,SHSE.688021,,SH,A股-上交所,2023-03-06,30.33,30.75,29.69,30.19,30.19,608098,18304096.98,0.0,0.7868,1,0,none,baostock,query_history_k_data_plus
688021,SHSE.688021,,SH,A股-上交所,2023-03-07,30.19,30.23,29.05,29.1,30.19,563590,16699379.99,-3.6105,0.7292,1,0,none,baostock,query_history_k_data_plus
688021,SHSE.688021,,SH,A股-上交所,2023-03-08,29.82,30.89,28.63,30.5,29.1,1138445,33985583.09,4.811,1.4731,1,0,none,baostock,query_history_k_data_plus
688021,SHSE.688021,,SH,A股-上交所,2023-03-09,30.99,31.18,29.71,30.55,30.5,2115989,64801831.79,0.1639,2.738,1,0,none,baostock,query_history_k_data_plus
688021,SHSE.688021,,SH,A股-上交所,2023-03-10,29.5,32.5,29.41,29.46,30.55,2145449,66831829.45,-3.5679,2.7761,1,0,none,baostock,query_history_k_data_plus
688021,SHSE.688021,,SH,A股-上交所,2023-03-13,28.88,30.01,28.36,28.59,29.46,1544965,44786660.4,-2.9532,1.9991,1,0,none,baostock,query_history_k_data_plus
688021,SHSE.688021,,SH,A股-上交所,2023-03-14,28.58,28.78,27.08,27.84,28.59,849733,23823166.96,-2.6233,1.0995,1,0,none,baostock,query_history_k_data_plus
688021,SHSE.688021,,SH,A股-上交所,2023-03-15,28.04,29.2,27.87,28.36,27.84,660318,18878915.73,1.8678,0.8544,1,0,none,baostock,query_history_k_data_plus
688021,SHSE.688021,,SH,A股-上交所,2023-03-16,28.14,28.58,27.15,27.35,28.36,689598,19169866.29,-3.5614,0.8923,1,0,none,baostock,query_history_k_data_plus
688021,SHSE.688021,,SH,A股-上交所,2023-03-17,27.2,28.0,27.2,27.65,27.35,682135,18826620.13,1.0969,0.8826,1,0,none,baostock,query_history_k_data_plus
688021,SHSE.688021,,SH,A股-上交所,2023-03-20,27.52,28.86,27.0,27.94,27.65,824210,23062576.34,1.0488,1.0665,1,0,none,baostock,query_history_k_data_plus
688021,SHSE.688021,,SH,A股-上交所,2023-03-21,28.22,28.8,27.5,28.43,27.94,563352,15890905.62,1.7538,0.7289,1,0,none,baostock,query_history_k_data_plus
688021,SHSE.688021,,SH,A股-上交所,2023-03-22,28.55,28.98,28.09,28.22,28.43,450981,12851398.05,-0.7387,0.5835,1,0,none,baostock,query_history_k_data_plus
688021,SHSE.688021,,SH,A股-上交所,2023-03-23,28.37,28.37,27.22,27.56,28.22,493471,13614482.55,-2.3388,0.6385,1,0,none,baostock,query_history_k_data_plus
688021,SHSE.688021,,SH,A股-上交所,2023-03-24,27.66,27.95,27.0,27.02,27.56,590732,16115740.87,-1.9594,0.7644,1,0,none,baostock,query_history_k_data_plus
688021,SHSE.688021,,SH,A股-上交所,2023-03-27,26.98,28.93,26.97,28.63,27.02,1062771,29752128.97,5.9585,1.3752,1,0,none,baostock,query_history_k_data_plus
688021,SHSE.688021,,SH,A股-上交所,2023-03-28,28.56,28.63,27.66,27.67,28.63,672967,18877088.42,-3.3531,0.8708,1,0,none,baostock,query_history_k_data_plus
688021,SHSE.688021,,SH,A股-上交所,2023-03-29,27.6,27.9,27.2,27.78,27.67,485141,13394197.65,0.3975,0.6277,1,0,none,baostock,query_history_k_data_plus
688021,SHSE.688021,,SH,A股-上交所,2023-03-30,27.78,28.47,27.08,28.26,27.78,737877,20775051.09,1.7279,0.9548,1,0,none,baostock,query_history_k_data_plus
688021,SHSE.688021,,SH,A股-上交所,2023-03-31,28.31,29.32,27.51,28.28,28.26,774513,22089197.35,0.0708,1.0022,1,0,none,baostock,query_history_k_data_plus
688021,SHSE.688021,,SH,A股-上交所,2023-04-03,28.28,28.9,27.1,27.6,28.28,866238,23880534.52,-2.4045,1.1209,1,0,none,baostock,query_history_k_data_plus
688021,SHSE.688021,,SH,A股-上交所,2023-04-04,27.58,27.95,26.38,27.51,27.6,737080,19999992.59,-0.3261,0.9537,1,0,none,baostock,query_history_k_data_plus
688021,SHSE.688021,,SH,A股-上交所,2023-04-06,27.28,27.71,26.45,27.15,27.51,824940,22275627.25,-1.3086,1.0674,1,0,none,baostock,query_history_k_data_plus
688021,SHSE.688021,,SH,A股-上交所,2023-04-07,27.29,28.66,27.09,27.91,27.15,695047,19532625.09,2.7993,0.8993,1,0,none,baostock,query_history_k_data_plus
688021,SHSE.688021,,SH,A股-上交所,2023-04-10,27.81,29.19,27.3,27.42,27.91,849843,24092530.44,-1.7556,1.0996,1,0,none,baostock,query_history_k_data_plus
688021,SHSE.688021,,SH,A股-上交所,2023-04-11,27.1,27.58,26.62,26.79,27.42,441298,11885579.07,-2.2976,0.571,1,0,none,baostock,query_history_k_data_plus
688021,SHSE.688021,,SH,A股-上交所,2023-04-12,27.4,27.4,26.3,26.72,26.79,275308,7329411.19,-0.2613,0.3562,1,0,none,baostock,query_history_k_data_plus
688021,SHSE.688021,,SH,A股-上交所,2023-04-13,26.72,26.72,26.01,26.01,26.72,425178,11120913.18,-2.6572,0.5502,1,0,none,baostock,query_history_k_data_plus
688021,SHSE.688021,,SH,A股-上交所,2023-04-14,26.08,26.91,25.94,26.2,26.01,596808,15721487.67,0.7305,0.7722,1,0,none,baostock,query_history_k_data_plus
688021,SHSE.688021,,SH,A股-上交所,2023-04-17,25.88,26.47,25.8,25.97,26.2,454123,11875153.65,-0.8779,0.5876,1,0,none,baostock,query_history_k_data_plus
688021,SHSE.688021,,SH,A股-上交所,2023-04-18,25.97,26.77,25.5,25.74,25.97,362379,9392249.5,-0.8856,0.4689,1,0,none,baostock,query_history_k_data_plus
688021,SHSE.688021,,SH,A股-上交所,2023-04-19,25.87,26.18,24.84,25.11,25.74,718984,18066703.39,-2.4476,0.9303,1,0,none,baostock,query_history_k_data_plus
688021,SHSE.688021,,SH,A股-上交所,2023-04-20,25.11,26.28,24.5,24.83,25.11,456273,11324233.19,-1.1151,0.5904,1,0,none,baostock,query_history_k_data_plus
688021,SHSE.688021,,SH,A股-上交所,2023-04-21,24.58,25.27,23.9,24.0,24.83,561639,13700790.08,-3.3427,0.7267,1,0,none,baostock,query_history_k_data_plus
688021,SHSE.688021,,SH,A股-上交所,2023-04-24,23.82,24.28,23.34,23.8,24.0,696702,16600615.96,-0.8333,0.9015,1,0,none,baostock,query_history_k_data_plus
688021,SHSE.688021,,SH,A股-上交所,2023-04-25,23.83,24.08,22.95,23.38,23.8,628555,14688472.76,-1.7647,0.8133,1,0,none,baostock,query_history_k_data_plus
688021,SHSE.688021,,SH,A股-上交所,2023-04-26,25.0,27.97,23.1,27.8,23.38,3790366,101151621.59,18.905,4.9045,1,0,none,baostock,query_history_k_data_plus
688021,SHSE.688021,,SH,A股-上交所,2023-04-27,28.5,28.6,26.93,27.44,27.8,1336254,36881756.9,-1.295,1.729,1,0,none,baostock,query_history_k_data_plus
688021,SHSE.688021,,SH,A股-上交所,2023-04-28,27.03,27.39,26.37,26.45,27.44,1019714,27339441.25,-3.6079,1.3194,1,0,none,baostock,query_history_k_data_plus
688021,SHSE.688021,,SH,A股-上交所,2023-05-04,26.78,27.75,26.4,26.96,26.45,836193,22558820.95,1.9282,1.082,1,0,none,baostock,query_history_k_data_plus
688021,SHSE.688021,,SH,A股-上交所,2023-05-05,27.39,27.5,25.97,26.08,26.96,602007,16021700.51,-3.2641,0.779,1,0,none,baostock,query_history_k_data_plus
688021,SHSE.688021,,SH,A股-上交所,2023-05-08,25.71,26.6,24.92,25.03,26.08,783070,19834646.0,-4.0261,1.0132,1,0,none,baostock,query_history_k_data_plus
688021,SHSE.688021,,SH,A股-上交所,2023-05-09,25.31,25.49,24.5,24.57,25.03,657634,16284768.24,-1.8378,0.8509,1,0,none,baostock,query_history_k_data_plus
688021,SHSE.688021,,SH,A股-上交所,2023-05-10,25.29,27.81,25.05,26.11,24.57,2041794,52964833.98,6.2678,2.642,1,0,none,baostock,query_history_k_data_plus
688021,SHSE.688021,,SH,A股-上交所,2023-05-11,25.71,26.77,25.65,26.13,26.11,1304203,34126125.75,0.0766,1.6876,1,0,none,baostock,query_history_k_data_plus
688021,SHSE.688021,,SH,A股-上交所,2023-05-12,25.87,26.5,25.15,25.21,26.13,782817,20137605.94,-3.5209,1.0129,1,0,none,baostock,query_history_k_data_plus
688021,SHSE.688021,,SH,A股-上交所,2023-05-15,25.5,26.35,25.1,25.88,25.21,825663,21271642.6,2.6577,1.0684,1,0,none,baostock,query_history_k_data_plus
688021,SHSE.688021,,SH,A股-上交所,2023-05-16,26.02,26.76,25.36,25.49,25.88,1066973,27724370.1,-1.507,1.3806,1,0,none,baostock,query_history_k_data_plus
688021,SHSE.688021,,SH,A股-上交所,2023-05-17,25.42,26.34,25.42,25.9,25.49,597359,15453441.43,1.6085,0.7729,1,0,none,baostock,query_history_k_data_plus
688021,SHSE.688021,,SH,A股-上交所,2023-05-18,25.64,26.1,25.32,25.88,25.9,621307,16013314.39,-0.0772,0.8039,1,0,none,baostock,query_history_k_data_plus
688021,SHSE.688021,,SH,A股-上交所,2023-05-19,25.7,25.79,25.2,25.4,25.88,416883,10622325.82,-1.8547,0.5394,1,0,none,baostock,query_history_k_data_plus
688021,SHSE.688021,,SH,A股-上交所,2023-05-22,25.52,26.5,25.46,26.25,25.4,569201,14873514.62,3.3465,0.7365,1,0,none,baostock,query_history_k_data_plus
688021,SHSE.688021,,SH,A股-上交所,2023-05-23,26.49,26.86,25.87,26.19,26.25,567794,14959371.79,-0.2286,0.7347,1,0,none,baostock,query_history_k_data_plus
688021,SHSE.688021,,SH,A股-上交所,2023-05-24,26.01,26.89,25.62,26.4,26.19,437643,11569606.71,0.8018,0.5663,1,0,none,baostock,query_history_k_data_plus
688021,SHSE.688021,,SH,A股-上交所,2023-05-25,25.8,26.33,25.65,26.1,26.4,540225,13979749.08,-1.1364,0.699,1,0,none,baostock,query_history_k_data_plus
688021,SHSE.688021,,SH,A股-上交所,2023-05-26,25.69,25.95,25.2,25.67,26.1,443316,11301390.38,-1.6475,0.5736,1,0,none,baostock,query_history_k_data_plus
688021,SHSE.688021,,SH,A股-上交所,2023-05-29,26.1,26.1,24.52,24.91,25.67,755716,18842498.15,-2.9607,0.9778,1,0,none,baostock,query_history_k_data_plus
688021,SHSE.688021,,SH,A股-上交所,2023-05-30,24.5,25.6,24.5,24.67,24.91,572910,14340953.32,-0.9635,0.7413,1,0,none,baostock,query_history_k_data_plus
688021,SHSE.688021,,SH,A股-上交所,2023-05-31,24.92,25.36,24.51,24.81,24.67,694140,17253086.35,0.5675,0.8982,1,0,none,baostock,query_history_k_data_plus
688021,SHSE.688021,,SH,A股-上交所,2023-06-01,24.44,25.88,24.44,25.45,24.81,1204967,30455280.72,2.5796,1.5591,1,0,none,baostock,query_history_k_data_plus
688021,SHSE.688021,,SH,A股-上交所,2023-06-02,25.55,26.4,25.29,25.85,25.45,709946,18352935.64,1.5717,0.9186,1,0,none,baostock,query_history_k_data_plus
688021,SHSE.688021,,SH,A股-上交所,2023-06-05,25.13,26.5,25.13,26.06,25.85,703073,18366700.93,0.8124,0.9097,1,0,none,baostock,query_history_k_data_plus
688021,SHSE.688021,,SH,A股-上交所,2023-06-06,26.16,26.16,24.77,24.82,26.06,856873,21601744.94,-4.7583,1.1087,1,0,none,baostock,query_history_k_data_plus
688021,SHSE.688021,,SH,A股-上交所,2023-06-07,24.8,25.06,24.55,24.92,24.82,458465,11359003.13,0.4029,0.5932,1,0,none,baostock,query_history_k_data_plus
688021,SHSE.688021,,SH,A股-上交所,2023-06-08,24.76,25.14,24.3,24.49,24.92,420582,10372423.42,-1.7255,0.5442,1,0,none,baostock,query_history_k_data_plus
688021,SHSE.688021,,SH,A股-上交所,2023-06-09,24.55,25.25,24.37,24.92,24.49,541436,13409718.55,1.7558,0.7006,1,0,none,baostock,query_history_k_data_plus
688021,SHSE.688021,,SH,A股-上交所,2023-06-12,24.99,25.23,24.32,25.06,24.92,940977,23453668.04,0.5618,1.2176,1,0,none,baostock,query_history_k_data_plus
688021,SHSE.688021,,SH,A股-上交所,2023-06-13,25.11,25.75,25.06,25.6,25.06,769992,19652712.09,2.1548,0.9963,1,0,none,baostock,query_history_k_data_plus
688021,SHSE.688021,,SH,A股-上交所,2023-06-14,25.86,25.89,24.83,25.35,25.6,483954,12218662.34,-0.9766,0.6262,1,0,none,baostock,query_history_k_data_plus
688021,SHSE.688021,,SH,A股-上交所,2023-06-15,25.7,25.95,25.02,25.51,25.35,489165,12500245.31,0.6312,0.6329,1,0,none,baostock,query_history_k_data_plus
688021,SHSE.688021,,SH,A股-上交所,2023-06-16,25.76,25.98,25.0,25.04,25.51,579271,14593206.29,-1.8424,0.7495,1,0,none,baostock,query_history_k_data_plus
688021,SHSE.688021,,SH,A股-上交所,2023-06-19,25.17,25.57,25.0,25.37,25.04,364765,9254714.17,1.3179,0.472,1,0,none,baostock,query_history_k_data_plus
688021,SHSE.688021,,SH,A股-上交所,2023-06-20,25.04,25.52,24.5,24.66,25.37,917263,22783784.88,-2.7986,1.1869,1,0,none,baostock,query_history_k_data_plus
688021,SHSE.688021,,SH,A股-上交所,2023-06-21,24.66,25.15,24.35,24.5,24.66,804511,19899367.29,-0.6488,1.041,1,0,none,baostock,query_history_k_data_plus
688021,SHSE.688021,,SH,A股-上交所,2023-06-26,24.28,24.87,23.8,23.94,24.5,717049,17385840.19,-2.2857,0.9278,1,0,none,baostock,query_history_k_data_plus
688021,SHSE.688021,,SH,A股-上交所,2023-06-27,24.88,24.88,23.51,24.15,23.94,937787,22618511.53,0.8772,1.2134,1,0,none,baostock,query_history_k_data_plus
688021,SHSE.688021,,SH,A股-上交所,2023-06-28,24.42,24.44,23.69,24.28,24.15,546703,13166185.58,0.5383,0.7074,1,0,none,baostock,query_history_k_data_plus
688021,SHSE.688021,,SH,A股-上交所,2023-06-29,24.44,25.44,24.16,25.28,24.28,1001613,25112971.99,4.1186,1.296,1,0,none,baostock,query_history_k_data_plus
688021,SHSE.688021,,SH,A股-上交所,2023-06-30,25.52,26.17,24.56,25.92,25.28,863749,22243759.62,2.5316,1.1176,1,0,none,baostock,query_history_k_data_plus
688021,SHSE.688021,,SH,A股-上交所,2023-07-03,26.49,27.16,25.58,26.36,25.92,1436265,38418252.28,1.6975,1.8584,1,0,none,baostock,query_history_k_data_plus
688021,SHSE.688021,,SH,A股-上交所,2023-07-04,26.28,27.68,26.07,27.53,26.36,1167924,31872858.11,4.4385,1.5112,1,0,none,baostock,query_history_k_data_plus
688021,SHSE.688021,,SH,A股-上交所,2023-07-05,27.56,27.56,26.88,27.1,27.53,634041,17253249.64,-1.5619,0.8204,1,0,none,baostock,query_history_k_data_plus
688021,SHSE.688021,,SH,A股-上交所,2023-07-06,26.68,27.36,26.66,26.87,27.1,702761,18904279.64,-0.8487,0.9093,1,0,none,baostock,query_history_k_data_plus
688021,SHSE.688021,,SH,A股-上交所,2023-07-07,26.87,26.97,26.3,26.37,26.87,571611,15165494.9,-1.8608,0.7396,1,0,none,baostock,query_history_k_data_plus
688021,SHSE.688021,,SH,A股-上交所,2023-07-10,26.5,26.63,26.0,26.28,26.37,490597,12895014.01,-0.3413,0.6348,1,0,none,baostock,query_history_k_data_plus
688021,SHSE.688021,,SH,A股-上交所,2023-07-11,26.39,26.68,25.92,26.61,26.28,610060,16080277.5,1.2557,0.7894,1,0,none,baostock,query_history_k_data_plus
688021,SHSE.688021,,SH,A股-上交所,2023-07-12,26.8,27.35,26.5,26.56,26.61,898546,24233414.2,-0.1879,1.1627,1,0,none,baostock,query_history_k_data_plus
688021,SHSE.688021,,SH,A股-上交所,2023-07-13,26.95,27.12,26.21,26.55,26.56,413621,11004422.05,-0.0377,0.5352,1,0,none,baostock,query_history_k_data_plus
688021,SHSE.688021,,SH,A股-上交所,2023-07-14,26.31,26.8,26.01,26.51,26.55,502651,13298895.79,-0.1507,0.6504,1,0,none,baostock,query_history_k_data_plus
688021,SHSE.688021,,SH,A股-上交所,2023-07-17,26.14,26.44,25.91,26.37,26.51,387686,10135751.81,-0.5281,0.5016,1,0,none,baostock,query_history_k_data_plus
688021,SHSE.688021,,SH,A股-上交所,2023-07-18,25.84,26.8,25.83,26.46,26.37,564382,14944630.05,0.3413,0.7303,1,0,none,baostock,query_history_k_data_plus
688021,SHSE.688021,,SH,A股-上交所,2023-07-19,26.45,26.77,26.18,26.44,26.46,383765,10155705.19,-0.0756,0.4966,1,0,none,baostock,query_history_k_data_plus
688021,SHSE.688021,,SH,A股-上交所,2023-07-20,26.66,26.87,26.12,26.2,26.44,556596,14738243.85,-0.9077,0.7202,1,0,none,baostock,query_history_k_data_plus
688021,SHSE.688021,,SH,A股-上交所,2023-07-21,26.2,26.64,25.95,26.08,26.2,395325,10365365.16,-0.458,0.5115,1,0,none,baostock,query_history_k_data_plus
688021,SHSE.688021,,SH,A股-上交所,2023-07-24,26.52,26.59,25.5,26.14,26.08,428068,11186931.69,0.2301,0.5539,1,0,none,baostock,query_history_k_data_plus
688021,SHSE.688021,,SH,A股-上交所,2023-07-25,26.6,26.7,26.01,26.57,26.14,372898,9891039.3,1.645,0.4825,1,0,none,baostock,query_history_k_data_plus
688021,SHSE.688021,,SH,A股-上交所,2023-07-26,26.88,27.09,26.51,26.68,26.57,377106,10099972.64,0.414,0.488,1,0,none,baostock,query_history_k_data_plus
688021,SHSE.688021,,SH,A股-上交所,2023-07-27,26.68,27.01,25.91,26.01,26.68,621150,16332184.79,-2.5112,0.8037,1,0,none,baostock,query_history_k_data_plus
688021,SHSE.688021,,SH,A股-上交所,2023-07-28,25.71,26.36,25.7,26.11,26.01,406986,10609792.45,0.3845,0.5266,1,0,none,baostock,query_history_k_data_plus
688021,SHSE.688021,,SH,A股-上交所,2023-07-31,26.27,26.55,25.63,25.85,26.11,495251,12889887.03,-0.9958,0.6408,1,0,none,baostock,query_history_k_data_plus
688021,SHSE.688021,,SH,A股-上交所,2023-08-01,25.85,26.0,25.3,25.8,25.85,1367066,35144224.43,-0.1934,1.7689,1,0,none,baostock,query_history_k_data_plus
688021,SHSE.688021,,SH,A股-上交所,2023-08-02,25.51,25.95,25.38,25.81,25.8,617587,15887163.78,0.0388,0.7991,1,0,none,baostock,query_history_k_data_plus
688021,SHSE.688021,,SH,A股-上交所,2023-08-03,25.99,25.99,24.78,24.87,25.81,625792,15677923.64,-3.642,0.8097,1,0,none,baostock,query_history_k_data_plus
688021,SHSE.688021,,SH,A股-上交所,2023-08-04,24.9,25.19,24.31,24.45,24.87,369428,9101724.07,-1.6888,0.478,1,0,none,baostock,query_history_k_data_plus
688021,SHSE.688021,,SH,A股-上交所,2023-08-07,24.48,24.53,23.95,24.19,24.45,507051,12233099.58,-1.0634,0.6561,1,0,none,baostock,query_history_k_data_plus
688021,SHSE.688021,,SH,A股-上交所,2023-08-08,24.07,24.6,24.05,24.3,24.19,501143,12169712.25,0.4547,0.6484,1,0,none,baostock,query_history_k_data_plus
688021,SHSE.688021,,SH,A股-上交所,2023-08-09,24.3,24.5,23.95,23.96,24.3,351710,8470811.97,-1.3992,0.4551,1,0,none,baostock,query_history_k_data_plus
688021,SHSE.688021,,SH,A股-上交所,2023-08-10,23.96,24.44,23.92,24.16,23.96,255763,6165321.58,0.8347,0.3309,1,0,none,baostock,query_history_k_data_plus
688021,SHSE.688021,,SH,A股-上交所,2023-08-11,24.16,24.43,23.9,23.92,24.16,438451,10569756.96,-0.9934,0.5673,1,0,none,baostock,query_history_k_data_plus
688021,SHSE.688021,,SH,A股-上交所,2023-08-14,23.92,24.99,23.46,23.81,23.92,625742,14854506.09,-0.4599,0.8097,1,0,none,baostock,query_history_k_data_plus
688021,SHSE.688021,,SH,A股-上交所,2023-08-15,24.08,24.3,23.6,23.67,23.81,478576,11399778.07,-0.588,0.6192,1,0,none,baostock,query_history_k_data_plus
688021,SHSE.688021,,SH,A股-上交所,2023-08-16,23.7,24.22,23.34,23.54,23.67,411321,9717969.72,-0.5492,0.5322,1,0,none,baostock,query_history_k_data_plus
688021,SHSE.688021,,SH,A股-上交所,2023-08-17,23.46,23.9,23.01,23.84,23.54,544449,12767933.39,1.2744,0.7045,1,0,none,baostock,query_history_k_data_plus
688021,SHSE.688021,,SH,A股-上交所,2023-08-18,24.9,24.9,23.56,23.75,23.84,806455,19428028.59,-0.3775,1.0435,1,0,none,baostock,query_history_k_data_plus
688021,SHSE.688021,,SH,A股-上交所,2023-08-21,23.89,24.28,23.66,24.0,23.75,575909,13795428.77,1.0526,0.7452,1,0,none,baostock,query_history_k_data_plus
688021,SHSE.688021,,SH,A股-上交所,2023-08-22,23.46,24.3,23.31,24.15,24.0,730118,17347026.74,0.625,0.9447,1,0,none,baostock,query_history_k_data_plus
688021,SHSE.688021,,SH,A股-上交所,2023-08-23,24.15,24.39,23.76,24.06,24.15,596341,14363237.37,-0.3727,0.7716,1,0,none,baostock,query_history_k_data_plus
688021,SHSE.688021,,SH,A股-上交所,2023-08-24,24.19,24.35,23.49,23.97,24.06,850072,20252213.33,-0.3741,1.0999,1,0,none,baostock,query_history_k_data_plus
688021,SHSE.688021,,SH,A股-上交所,2023-08-25,23.86,23.88,22.71,22.9,23.97,1089812,25317454.1,-4.4639,1.4101,1,0,none,baostock,query_history_k_data_plus
688021,SHSE.688021,,SH,A股-上交所,2023-08-28,24.85,24.85,22.63,22.83,22.9,888258,20636764.31,-0.3057,1.1493,1,0,none,baostock,query_history_k_data_plus
688021,SHSE.688021,,SH,A股-上交所,2023-08-29,22.83,24.65,22.65,24.57,22.83,1221167,29330981.2,7.6216,1.5801,1,0,none,baostock,query_history_k_data_plus
688021,SHSE.688021,,SH,A股-上交所,2023-08-30,24.58,25.13,24.46,24.97,24.57,801323,19989315.48,1.628,1.0369,1,0,none,baostock,query_history_k_data_plus
688021,SHSE.688021,,SH,A股-上交所,2023-08-31,24.97,25.7,24.27,25.39,24.97,1126679,28602809.67,1.682,1.4579,1,0,none,baostock,query_history_k_data_plus
688021,SHSE.688021,,SH,A股-上交所,2023-09-01,25.85,25.85,24.93,25.51,25.39,1000804,25402895.74,0.4726,1.295,1,0,none,baostock,query_history_k_data_plus
688021,SHSE.688021,,SH,A股-上交所,2023-09-04,25.51,25.99,24.74,25.41,25.51,868643,21929735.45,-0.392,1.124,1,0,none,baostock,query_history_k_data_plus
688021,SHSE.688021,,SH,A股-上交所,2023-09-05,25.0,25.74,25.0,25.26,25.41,376625,9585329.8,-0.5903,0.4873,1,0,none,baostock,query_history_k_data_plus
688021,SHSE.688021,,SH,A股-上交所,2023-09-06,25.52,25.68,25.21,25.5,25.26,265576,6753748.89,0.9501,0.3436,1,0,none,baostock,query_history_k_data_plus
688021,SHSE.688021,,SH,A股-上交所,2023-09-07,25.49,25.61,25.01,25.5,25.5,757016,19198898.64,0.0,0.9795,1,0,none,baostock,query_history_k_data_plus
688021,SHSE.688021,,SH,A股-上交所,2023-09-08,25.02,25.65,24.9,24.97,25.5,548888,13825515.27,-2.0784,0.7102,1,0,none,baostock,query_history_k_data_plus
688021,SHSE.688021,,SH,A股-上交所,2023-09-11,24.97,25.73,24.9,25.47,24.97,453149,11515448.5,2.0024,0.5863,1,0,none,baostock,query_history_k_data_plus
688021,SHSE.688021,,SH,A股-上交所,2023-09-12,25.47,25.6,24.96,25.3,25.47,380879,9594300.98,-0.6675,0.4928,1,0,none,baostock,query_history_k_data_plus
688021,SHSE.688021,,SH,A股-上交所,2023-09-13,25.16,25.32,24.77,25.09,25.3,271039,6773965.25,-0.83,0.3507,1,0,none,baostock,query_history_k_data_plus
688021,SHSE.688021,,SH,A股-上交所,2023-09-14,25.1,25.19,24.02,24.31,25.09,483897,11816198.15,-3.1088,0.6261,1,0,none,baostock,query_history_k_data_plus
688021,SHSE.688021,,SH,A股-上交所,2023-09-15,24.35,24.71,24.02,24.21,24.31,282968,6870937.88,-0.4114,0.3661,1,0,none,baostock,query_history_k_data_plus
688021,SHSE.688021,,SH,A股-上交所,2023-09-18,24.31,25.46,24.06,24.81,24.21,465133,11585246.38,2.4783,0.6019,1,0,none,baostock,query_history_k_data_plus
688021,SHSE.688021,,SH,A股-上交所,2023-09-19,25.0,25.0,24.43,24.62,24.81,295814,7276975.51,-0.7658,0.3828,1,0,none,baostock,query_history_k_data_plus
688021,SHSE.688021,,SH,A股-上交所,2023-09-20,24.32,24.75,24.05,24.07,24.62,218899,5321534.38,-2.234,0.2832,1,0,none,baostock,query_history_k_data_plus
688021,SHSE.688021,,SH,A股-上交所,2023-09-21,24.08,24.48,23.81,23.85,24.07,325805,7830246.45,-0.914,0.4216,1,0,none,baostock,query_history_k_data_plus
688021,SHSE.688021,,SH,A股-上交所,2023-09-22,23.8,24.63,23.62,24.51,23.85,537111,13015364.75,2.7673,0.695,1,0,none,baostock,query_history_k_data_plus
688021,SHSE.688021,,SH,A股-上交所,2023-09-25,24.61,25.01,24.22,24.48,24.51,446806,10947066.07,-0.1224,0.5781,1,0,none,baostock,query_history_k_data_plus
688021,SHSE.688021,,SH,A股-上交所,2023-09-26,24.64,25.33,24.09,25.19,24.48,612294,15282138.83,2.9003,0.7923,1,0,none,baostock,query_history_k_data_plus
688021,SHSE.688021,,SH,A股-上交所,2023-09-27,25.14,25.14,24.4,24.5,25.19,407011,10061186.71,-2.7392,0.5266,1,0,none,baostock,query_history_k_data_plus
688021,SHSE.688021,,SH,A股-上交所,2023-09-28,24.52,25.25,24.33,25.1,24.5,395506,9863739.65,2.449,0.5118,1,0,none,baostock,query_history_k_data_plus
688021,SHSE.688021,,SH,A股-上交所,2023-10-09,25.1,25.41,24.7,24.83,25.1,604157,15106267.6,-1.0757,0.7817,1,0,none,baostock,query_history_k_data_plus
688021,SHSE.688021,,SH,A股-上交所,2023-10-10,24.81,24.93,24.11,24.24,24.83,513857,12554104.16,-2.3762,0.6649,1,0,none,baostock,query_history_k_data_plus
688021,SHSE.688021,,SH,A股-上交所,2023-10-11,24.36,24.97,24.03,24.2,24.24,352086,8562818.79,-0.165,0.4556,1,0,none,baostock,query_history_k_data_plus
688021,SHSE.688021,,SH,A股-上交所,2023-10-12,24.2,24.66,23.97,24.53,24.2,416164,10098469.04,1.3636,0.5385,1,0,none,baostock,query_history_k_data_plus
688021,SHSE.688021,,SH,A股-上交所,2023-10-13,24.41,24.52,23.85,24.23,24.53,335439,8088108.2,-1.223,0.434,1,0,none,baostock,query_history_k_data_plus
688021,SHSE.688021,,SH,A股-上交所,2023-10-16,23.9,24.15,23.53,23.9,24.23,462171,10992837.73,-1.3619,0.598,1,0,none,baostock,query_history_k_data_plus
688021,SHSE.688021,,SH,A股-上交所,2023-10-17,23.78,23.98,23.51,23.89,23.9,374227,8882706.1,-0.0418,0.4842,1,0,none,baostock,query_history_k_data_plus
688021,SHSE.688021,,SH,A股-上交所,2023-10-18,23.89,23.99,23.38,23.59,23.89,264260,6219529.45,-1.2558,0.3419,1,0,none,baostock,query_history_k_data_plus
688021,SHSE.688021,,SH,A股-上交所,2023-10-19,23.59,24.2,23.07,23.49,23.59,525639,12428295.37,-0.4239,0.6801,1,0,none,baostock,query_history_k_data_plus
688021,SHSE.688021,,SH,A股-上交所,2023-10-20,23.44,24.26,23.06,23.17,23.49,426743,10028166.35,-1.3623,0.5522,1,0,none,baostock,query_history_k_data_plus
688021,SHSE.688021,,SH,A股-上交所,2023-10-23,21.62,22.8,20.24,20.59,23.17,2068427,43545559.92,-11.1351,2.6764,1,0,none,baostock,query_history_k_data_plus
688021,SHSE.688021,,SH,A股-上交所,2023-10-24,20.5,21.56,20.05,21.0,20.59,1822780,38190730.55,1.9913,2.3586,1,0,none,baostock,query_history_k_data_plus
688021,SHSE.688021,,SH,A股-上交所,2023-10-25,21.05,21.75,21.0,21.51,21.0,1042398,22334932.56,2.4286,1.3488,1,0,none,baostock,query_history_k_data_plus
688021,SHSE.688021,,SH,A股-上交所,2023-10-26,21.51,21.83,20.88,21.24,21.51,806006,17033290.45,-1.2552,1.0429,1,0,none,baostock,query_history_k_data_plus
688021,SHSE.688021,,SH,A股-上交所,2023-10-27,21.24,21.79,20.81,21.09,21.24,1404865,29626919.52,-0.7062,1.8178,1,0,none,baostock,query_history_k_data_plus
688021,SHSE.688021,,SH,A股-上交所,2023-10-30,21.05,21.4,20.79,21.15,21.09,1333760,28141566.33,0.2845,1.7258,1,0,none,baostock,query_history_k_data_plus
688021,SHSE.688021,,SH,A股-上交所,2023-10-31,20.94,21.32,20.85,21.09,21.15,985748,20690296.42,-0.2837,1.2755,1,0,none,baostock,query_history_k_data_plus
688021,SHSE.688021,,SH,A股-上交所,2023-11-01,21.32,21.5,20.92,21.45,21.09,1135969,24233659.73,1.707,1.4699,1,0,none,baostock,query_history_k_data_plus
688021,SHSE.688021,,SH,A股-上交所,2023-11-02,21.45,21.69,21.15,21.25,21.45,658108,14051631.67,-0.9324,0.8515,1,0,none,baostock,query_history_k_data_plus
688021,SHSE.688021,,SH,A股-上交所,2023-11-03,21.4,21.99,21.36,21.67,21.25,674833,14637132.89,1.9765,0.8732,1,0,none,baostock,query_history_k_data_plus
688021,SHSE.688021,,SH,A股-上交所,2023-11-06,22.05,22.56,21.99,22.51,21.67,654421,14607008.73,3.8763,0.8468,1,0,none,baostock,query_history_k_data_plus
688021,SHSE.688021,,SH,A股-上交所,2023-11-07,22.58,22.83,22.27,22.78,22.51,666294,15086572.36,1.1995,0.8621,1,0,none,baostock,query_history_k_data_plus
688021,SHSE.688021,,SH,A股-上交所,2023-11-08,22.78,23.0,22.59,22.77,22.78,598216,13629610.9,-0.0439,0.7741,1,0,none,baostock,query_history_k_data_plus
688021,SHSE.688021,,SH,A股-上交所,2023-11-09,23.23,23.23,22.04,22.19,22.77,1239447,27712660.84,-2.5472,1.6038,1,0,none,baostock,query_history_k_data_plus
688021,SHSE.688021,,SH,A股-上交所,2023-11-10,22.19,22.55,21.89,22.31,22.19,855518,19000580.23,0.5408,1.107,1,0,none,baostock,query_history_k_data_plus
688021,SHSE.688021,,SH,A股-上交所,2023-11-13,22.3,22.65,22.17,22.57,22.31,744451,16666297.33,1.1654,0.9633,1,0,none,baostock,query_history_k_data_plus
688021,SHSE.688021,,SH,A股-上交所,2023-11-14,22.57,22.73,22.42,22.64,22.57,461021,10412696.4,0.3101,0.5965,1,0,none,baostock,query_history_k_data_plus
688021,SHSE.688021,,SH,A股-上交所,2023-11-15,22.73,23.09,22.45,23.03,22.64,451923,10338970.23,1.7226,0.5848,1,0,none,baostock,query_history_k_data_plus
688021,SHSE.688021,,SH,A股-上交所,2023-11-16,23.03,23.78,22.79,22.8,23.03,752358,17297383.4,-0.9987,0.9735,1,0,none,baostock,query_history_k_data_plus
688021,SHSE.688021,,SH,A股-上交所,2023-11-17,22.79,23.23,22.72,23.15,22.8,394654,9100418.64,1.5351,0.5107,1,0,none,baostock,query_history_k_data_plus
688021,SHSE.688021,,SH,A股-上交所,2023-11-20,23.5,23.5,22.83,23.36,23.15,452185,10479321.52,0.9071,0.5851,1,0,none,baostock,query_history_k_data_plus
688021,SHSE.688021,,SH,A股-上交所,2023-11-21,23.36,23.59,23.01,23.04,23.36,546132,12679251.34,-1.3699,0.7067,1,0,none,baostock,query_history_k_data_plus
688021,SHSE.688021,,SH,A股-上交所,2023-11-22,23.18,23.28,22.83,22.93,23.04,450994,10380710.32,-0.4774,0.5836,1,0,none,baostock,query_history_k_data_plus
688021,SHSE.688021,,SH,A股-上交所,2023-11-23,22.89,23.18,22.78,23.0,22.93,493486,11343614.6,0.3053,0.6385,1,0,none,baostock,query_history_k_data_plus
688021,SHSE.688021,,SH,A股-上交所,2023-11-24,23.1,23.1,22.52,22.76,23.0,496116,11260342.23,-1.0435,0.6419,1,0,none,baostock,query_history_k_data_plus
688021,SHSE.688021,,SH,A股-上交所,2023-11-27,22.99,23.11,22.51,22.73,22.76,657421,14978982.82,-0.1318,0.8507,1,0,none,baostock,query_history_k_data_plus
688021,SHSE.688021,,SH,A股-上交所,2023-11-28,22.73,23.26,22.7,23.11,22.73,735561,16930411.3,1.6718,0.9518,1,0,none,baostock,query_history_k_data_plus
688021,SHSE.688021,,SH,A股-上交所,2023-11-29,23.18,23.24,22.8,22.88,23.11,528722,12177464.65,-0.9952,0.6841,1,0,none,baostock,query_history_k_data_plus
688021,SHSE.688021,,SH,A股-上交所,2023-11-30,22.89,22.95,22.4,22.7,22.88,556771,12599417.28,-0.7867,0.7204,1,0,none,baostock,query_history_k_data_plus
688021,SHSE.688021,,SH,A股-上交所,2023-12-01,22.62,22.83,22.3,22.62,22.7,743948,16748332.07,-0.3524,0.9626,1,0,none,baostock,query_history_k_data_plus
688021,SHSE.688021,,SH,A股-上交所,2023-12-04,22.69,22.97,22.41,22.67,22.62,895347,20322886.88,0.221,1.1585,1,0,none,baostock,query_history_k_data_plus
688021,SHSE.688021,,SH,A股-上交所,2023-12-05,22.67,22.92,22.31,22.32,22.67,708047,15977706.88,-1.5439,0.9162,1,0,none,baostock,query_history_k_data_plus
688021,SHSE.688021,,SH,A股-上交所,2023-12-06,22.57,22.75,22.16,22.23,22.32,914995,20568597.27,-0.4032,1.1839,1,0,none,baostock,query_history_k_data_plus
688021,SHSE.688021,,SH,A股-上交所,2023-12-07,22.48,22.56,21.81,21.87,22.23,526090,11556358.84,-1.6194,0.6807,1,0,none,baostock,query_history_k_data_plus
688021,SHSE.688021,,SH,A股-上交所,2023-12-08,22.04,22.28,21.37,21.4,21.87,688838,14969883.2,-2.1491,0.8913,1,0,none,baostock,query_history_k_data_plus
688021,SHSE.688021,,SH,A股-上交所,2023-12-11,21.43,21.7,20.88,21.13,21.4,1147431,24307475.98,-1.2617,1.4847,1,0,none,baostock,query_history_k_data_plus
688021,SHSE.688021,,SH,A股-上交所,2023-12-12,21.21,21.34,20.77,21.02,21.13,773965,16231856.45,-0.5206,1.0015,1,0,none,baostock,query_history_k_data_plus
688021,SHSE.688021,,SH,A股-上交所,2023-12-13,21.22,21.3,20.85,20.97,21.02,977435,20635863.65,-0.2379,1.2647,1,0,none,baostock,query_history_k_data_plus
688021,SHSE.688021,,SH,A股-上交所,2023-12-14,21.12,21.25,20.77,20.85,20.97,451064,9466161.86,-0.5722,0.5836,1,0,none,baostock,query_history_k_data_plus
688021,SHSE.688021,,SH,A股-上交所,2023-12-15,21.02,21.09,20.73,20.84,20.85,584823,12216134.2,-0.048,0.7567,1,0,none,baostock,query_history_k_data_plus
688021,SHSE.688021,,SH,A股-上交所,2023-12-18,20.98,21.17,20.46,20.53,20.84,704778,14575959.36,-1.4875,0.9119,1,0,none,baostock,query_history_k_data_plus
688021,SHSE.688021,,SH,A股-上交所,2023-12-19,20.5,20.73,20.32,20.63,20.53,524354,10762458.75,0.4871,0.6785,1,0,none,baostock,query_history_k_data_plus
688021,SHSE.688021,,SH,A股-上交所,2023-12-20,20.8,21.0,20.5,20.56,20.63,712489,14819539.98,-0.3393,0.9219,1,0,none,baostock,query_history_k_data_plus
688021,SHSE.688021,,SH,A股-上交所,2023-12-21,20.7,21.0,20.01,20.86,20.56,772209,15851970.2,1.4591,0.9992,1,0,none,baostock,query_history_k_data_plus
688021,SHSE.688021,,SH,A股-上交所,2023-12-22,20.89,20.89,20.17,20.31,20.86,832786,17028461.49,-2.6366,1.0776,1,0,none,baostock,query_history_k_data_plus
688021,SHSE.688021,,SH,A股-上交所,2023-12-25,20.39,20.39,19.75,20.01,20.31,893280,17840477.78,-1.4771,1.1558,1,0,none,baostock,query_history_k_data_plus
688021,SHSE.688021,,SH,A股-上交所,2023-12-26,20.16,20.16,19.6,19.76,20.01,564622,11166495.09,-1.2494,0.7306,1,0,none,baostock,query_history_k_data_plus
688021,SHSE.688021,,SH,A股-上交所,2023-12-27,19.86,19.95,19.51,19.7,19.76,469696,9269606.69,-0.3036,0.6078,1,0,none,baostock,query_history_k_data_plus
688021,SHSE.688021,,SH,A股-上交所,2023-12-28,19.8,20.5,19.55,20.39,19.7,1040575,20959587.8,3.5025,1.3464,1,0,none,baostock,query_history_k_data_plus
688021,SHSE.688021,,SH,A股-上交所,2023-12-29,20.32,20.89,20.26,20.85,20.39,892054,18397713.9,2.256,1.1543,1,0,none,baostock,query_history_k_data_plus
688021,SHSE.688021,,SH,A股-上交所,2024-01-02,20.88,21.36,20.71,20.87,20.85,1167121,24357841.01,0.0959,1.5102,1,0,none,baostock,query_history_k_data_plus
688021,SHSE.688021,,SH,A股-上交所,2024-01-03,20.88,20.93,20.48,20.58,20.87,834700,17224809.77,-1.3896,1.08,1,0,none,baostock,query_history_k_data_plus
688021,SHSE.688021,,SH,A股-上交所,2024-01-04,20.43,20.69,20.32,20.45,20.58,787303,16114562.18,-0.6317,1.0187,1,0,none,baostock,query_history_k_data_plus
688021,SHSE.688021,,SH,A股-上交所,2024-01-05,20.65,20.7,20.1,20.25,20.45,1056951,21527685.66,-0.978,1.3676,1,0,none,baostock,query_history_k_data_plus
688021,SHSE.688021,,SH,A股-上交所,2024-01-08,20.41,20.45,19.9,19.9,20.25,986594,19866996.93,-1.7284,1.2766,1,0,none,baostock,query_history_k_data_plus
688021,SHSE.688021,,SH,A股-上交所,2024-01-09,19.94,20.41,19.91,20.15,19.9,1176966,23725129.71,1.2563,1.5229,1,0,none,baostock,query_history_k_data_plus
688021,SHSE.688021,,SH,A股-上交所,2024-01-10,20.2,20.47,19.8,20.05,20.15,741292,14884004.38,-0.4963,0.9592,1,0,none,baostock,query_history_k_data_plus
688021,SHSE.688021,,SH,A股-上交所,2024-01-11,19.87,20.41,19.82,20.35,20.05,498753,10067996.29,1.4963,0.6454,1,0,none,baostock,query_history_k_data_plus
688021,SHSE.688021,,SH,A股-上交所,2024-01-12,20.39,20.7,20.05,20.12,20.35,731363,14919327.65,-1.1302,0.9463,1,0,none,baostock,query_history_k_data_plus
688021,SHSE.688021,,SH,A股-上交所,2024-01-15,20.0,20.38,19.88,20.03,20.12,711455,14271948.74,-0.4473,0.9206,1,0,none,baostock,query_history_k_data_plus
688021,SHSE.688021,,SH,A股-上交所,2024-01-16,20.04,20.16,19.72,20.0,20.03,651772,12980821.78,-0.1498,0.8434,1,0,none,baostock,query_history_k_data_plus
688021,SHSE.688021,,SH,A股-上交所,2024-01-17,20.09,20.09,19.52,19.52,20.0,731317,14443714.8,-2.4,0.9463,1,0,none,baostock,query_history_k_data_plus
688021,SHSE.688021,,SH,A股-上交所,2024-01-18,19.51,19.79,18.65,19.09,19.52,1436166,27498385.72,-2.2029,1.8583,1,0,none,baostock,query_history_k_data_plus
688021,SHSE.688021,,SH,A股-上交所,2024-01-19,19.1,19.28,18.67,18.78,19.09,694976,13179334.07,-1.6239,0.8993,1,0,none,baostock,query_history_k_data_plus
688021,SHSE.688021,,SH,A股-上交所,2024-01-22,18.75,18.76,17.01,17.03,18.78,1387993,24804997.46,-9.3184,1.796,1,0,none,baostock,query_history_k_data_plus
688021,SHSE.688021,,SH,A股-上交所,2024-01-23,16.97,17.46,16.26,16.49,17.03,1366734,22593321.34,-3.1709,1.7685,1,0,none,baostock,query_history_k_data_plus
688021,SHSE.688021,,SH,A股-上交所,2024-01-24,16.72,17.0,16.08,16.89,16.49,1176905,19611344.94,2.4257,1.5228,1,0,none,baostock,query_history_k_data_plus
688021,SHSE.688021,,SH,A股-上交所,2024-01-25,17.1,18.23,16.73,18.21,16.89,1106776,19593404.34,7.8153,1.4321,1,0,none,baostock,query_history_k_data_plus
688021,SHSE.688021,,SH,A股-上交所,2024-01-26,18.46,18.59,17.78,18.05,18.21,808375,14735266.7,-0.8786,1.046,1,0,none,baostock,query_history_k_data_plus
688021,SHSE.688021,,SH,A股-上交所,2024-01-29,18.0,18.15,16.84,16.86,18.05,1146145,19721383.91,-6.5928,1.483,1,0,none,baostock,query_history_k_data_plus
688021,SHSE.688021,,SH,A股-上交所,2024-01-30,16.99,16.99,16.14,16.17,16.86,749947,12391135.07,-4.0925,0.9704,1,0,none,baostock,query_history_k_data_plus
688021,SHSE.688021,,SH,A股-上交所,2024-01-31,16.16,16.72,15.05,15.32,16.17,1042150,16127593.17,-5.2566,1.3485,1,0,none,baostock,query_history_k_data_plus
688021,SHSE.688021,,SH,A股-上交所,2024-02-01,15.31,15.32,14.36,14.63,15.32,1538592,22646426.67,-4.5039,1.9908,1,0,none,baostock,query_history_k_data_plus
688021,SHSE.688021,,SH,A股-上交所,2024-02-02,15.18,15.29,12.96,13.51,14.63,2240373,30802148.69,-7.6555,2.8989,1,0,none,baostock,query_history_k_data_plus
688021,SHSE.688021,,SH,A股-上交所,2024-02-05,13.48,13.48,10.81,10.92,13.51,2606142,29881303.03,-19.171,3.3722,1,0,none,baostock,query_history_k_data_plus
688021,SHSE.688021,,SH,A股-上交所,2024-02-06,10.32,11.03,9.24,10.59,10.92,3044093,30535046.02,-3.022,3.9389,1,0,none,baostock,query_history_k_data_plus
688021,SHSE.688021,,SH,A股-上交所,2024-02-07,10.65,10.9,9.21,9.71,10.59,3320295,32155039.66,-8.3097,4.2962,1,0,none,baostock,query_history_k_data_plus
688021,SHSE.688021,,SH,A股-上交所,2024-02-08,9.89,11.15,9.21,11.14,9.71,3984797,39389464.37,14.7271,5.1561,1,0,none,baostock,query_history_k_data_plus
688021,SHSE.688021,,SH,A股-上交所,2024-02-19,11.28,11.8,10.9,11.4,11.14,3885849,44047841.12,2.3339,5.028,1,0,none,baostock,query_history_k_data_plus
688021,SHSE.688021,,SH,A股-上交所,2024-02-20,11.46,11.51,11.08,11.41,11.4,1800382,20472590.31,0.0877,2.3296,1,0,none,baostock,query_history_k_data_plus
688021,SHSE.688021,,SH,A股-上交所,2024-02-21,11.38,12.41,11.24,11.85,11.41,2247073,26849816.31,3.8563,2.9076,1,0,none,baostock,query_history_k_data_plus
688021,SHSE.688021,,SH,A股-上交所,2024-02-22,11.94,12.75,11.85,12.75,11.85,1968820,24238219.6,7.5949,2.5475,1,0,none,baostock,query_history_k_data_plus
688021,SHSE.688021,,SH,A股-上交所,2024-02-23,12.72,13.47,12.64,13.36,12.75,1867524,24313878.92,4.7843,2.4165,1,0,none,baostock,query_history_k_data_plus
688021,SHSE.688021,,SH,A股-上交所,2024-02-26,13.51,14.2,13.38,13.8,13.36,2106798,29092120.71,3.2934,2.7261,1,0,none,baostock,query_history_k_data_plus
688021,SHSE.688021,,SH,A股-上交所,2024-02-27,13.8,14.18,13.52,13.92,13.8,3027032,41637254.35,0.8696,3.9168,1,0,none,baostock,query_history_k_data_plus
688021,SHSE.688021,,SH,A股-上交所,2024-02-28,13.92,14.51,12.23,12.5,13.92,3902801,52247505.94,-10.2011,5.05,1,0,none,baostock,query_history_k_data_plus
688021,SHSE.688021,,SH,A股-上交所,2024-02-29,12.14,12.92,12.14,12.85,12.5,2118194,26675504.28,2.8,2.7408,1,0,none,baostock,query_history_k_data_plus
688021,SHSE.688021,,SH,A股-上交所,2024-03-01,12.88,13.22,12.61,12.87,12.85,1786584,23026880.49,0.1556,2.3117,1,0,none,baostock,query_history_k_data_plus
688021,SHSE.688021,,SH,A股-上交所,2024-03-04,12.97,13.31,12.28,12.68,12.87,1619357,20538813.88,-1.4763,2.0953,1,0,none,baostock,query_history_k_data_plus
688021,SHSE.688021,,SH,A股-上交所,2024-03-05,12.7,12.73,12.11,12.11,12.68,1557302,19247698.34,-4.4953,2.015,1,0,none,baostock,query_history_k_data_plus
688021,SHSE.688021,,SH,A股-上交所,2024-03-06,12.16,12.48,12.06,12.33,12.11,1161863,14284770.25,1.8167,1.5034,1,0,none,baostock,query_history_k_data_plus
688021,SHSE.688021,,SH,A股-上交所,2024-03-07,12.35,12.69,12.18,12.28,12.33,1115441,13880631.72,-0.4055,1.4433,1,0,none,baostock,query_history_k_data_plus
688021,SHSE.688021,,SH,A股-上交所,2024-03-08,12.42,12.42,12.1,12.27,12.28,878939,10752571.1,-0.0814,1.1373,1,0,none,baostock,query_history_k_data_plus
688021,SHSE.688021,,SH,A股-上交所,2024-03-11,12.32,12.68,12.23,12.68,12.27,1156901,14456092.62,3.3415,1.497,1,0,none,baostock,query_history_k_data_plus
688021,SHSE.688021,,SH,A股-上交所,2024-03-12,12.93,13.07,12.68,13.07,12.68,1113969,14385821.75,3.0757,1.4414,1,0,none,baostock,query_history_k_data_plus
688021,SHSE.688021,,SH,A股-上交所,2024-03-13,13.09,13.23,12.86,13.03,13.07,1120323,14570474.64,-0.306,1.4496,1,0,none,baostock,query_history_k_data_plus
688021,SHSE.688021,,SH,A股-上交所,2024-03-14,13.2,13.28,12.64,12.94,13.03,1447899,18763988.23,-0.6907,1.8735,1,0,none,baostock,query_history_k_data_plus
688021,SHSE.688021,,SH,A股-上交所,2024-03-15,12.92,13.3,12.74,13.29,12.94,1798308,23471669.98,2.7048,2.3269,1,0,none,baostock,query_history_k_data_plus
688021,SHSE.688021,,SH,A股-上交所,2024-03-18,13.39,13.59,13.32,13.55,13.29,1150484,15507109.35,1.9564,1.4887,1,0,none,baostock,query_history_k_data_plus
688021,SHSE.688021,,SH,A股-上交所,2024-03-19,13.55,13.88,13.38,13.49,13.55,2496111,33955092.36,-0.4428,3.2298,1,0,none,baostock,query_history_k_data_plus
688021,SHSE.688021,,SH,A股-上交所,2024-03-20,13.65,14.06,13.41,13.97,13.49,1740579,23929556.77,3.5582,2.2522,1,0,none,baostock,query_history_k_data_plus
688021,SHSE.688021,,SH,A股-上交所,2024-03-21,13.97,14.24,13.62,13.9,13.97,1977002,27484787.21,-0.5011,2.5581,1,0,none,baostock,query_history_k_data_plus
688021,SHSE.688021,,SH,A股-上交所,2024-03-22,13.98,13.98,13.3,13.45,13.9,1400171,19032944.54,-3.2374,1.8117,1,0,none,baostock,query_history_k_data_plus
688021,SHSE.688021,,SH,A股-上交所,2024-03-25,13.38,13.47,12.82,12.87,13.45,1497460,19700607.64,-4.3123,1.9376,1,0,none,baostock,query_history_k_data_plus
688021,SHSE.688021,,SH,A股-上交所,2024-03-26,12.87,13.14,12.51,12.8,12.87,1417771,18149529.85,-0.5439,1.8345,1,0,none,baostock,query_history_k_data_plus
688021,SHSE.688021,,SH,A股-上交所,2024-03-27,12.81,12.94,12.16,12.16,12.8,1303424,16331037.29,-5.0,1.6865,1,0,none,baostock,query_history_k_data_plus
688021,SHSE.688021,,SH,A股-上交所,2024-03-28,12.06,12.85,11.94,12.63,12.16,1624294,20411443.69,3.8651,2.1017,1,0,none,baostock,query_history_k_data_plus
688021,SHSE.688021,,SH,A股-上交所,2024-03-29,12.68,13.15,12.62,12.91,12.63,1735555,22418603.56,2.2169,2.2457,1,0,none,baostock,query_history_k_data_plus
688021,SHSE.688021,,SH,A股-上交所,2024-04-01,13.17,13.55,13.0,13.19,12.91,2271186,29908879.04,2.1689,2.9388,1,0,none,baostock,query_history_k_data_plus
688021,SHSE.688021,,SH,A股-上交所,2024-04-02,13.22,13.37,13.07,13.3,13.19,1321264,17515286.4,0.834,1.7096,1,0,none,baostock,query_history_k_data_plus
688021,SHSE.688021,,SH,A股-上交所,2024-04-03,13.22,13.36,13.0,13.27,13.3,1348468,17744812.31,-0.2256,1.7448,1,0,none,baostock,query_history_k_data_plus
688021,SHSE.688021,,SH,A股-上交所,2024-04-08,13.27,13.27,12.32,12.39,13.27,1715930,21733637.79,-6.6315,2.2203,1,0,none,baostock,query_history_k_data_plus
688021,SHSE.688021,,SH,A股-上交所,2024-04-09,12.34,12.85,12.33,12.78,12.39,1214968,15361253.89,3.1477,1.5721,1,0,none,baostock,query_history_k_data_plus
688021,SHSE.688021,,SH,A股-上交所,2024-04-10,12.77,12.78,12.11,12.24,12.78,1045066,12907096.04,-4.2254,1.3522,1,0,none,baostock,query_history_k_data_plus
688021,SHSE.688021,,SH,A股-上交所,2024-04-11,12.24,12.56,12.07,12.23,12.24,804442,9937064.01,-0.0817,1.0409,1,0,none,baostock,query_history_k_data_plus
688021,SHSE.688021,,SH,A股-上交所,2024-04-12,12.24,12.41,11.87,11.9,12.23,1008408,12194400.68,-2.6983,1.3048,1,0,none,baostock,query_history_k_data_plus
688021,SHSE.688021,,SH,A股-上交所,2024-04-15,11.48,11.78,10.43,10.53,11.9,2533792,27857237.52,-11.5126,3.2786,1,0,none,baostock,query_history_k_data_plus
688021,SHSE.688021,,SH,A股-上交所,2024-04-16,10.32,10.32,9.52,9.56,10.53,2170952,21443929.88,-9.2118,2.8091,1,0,none,baostock,query_history_k_data_plus
688021,SHSE.688021,,SH,A股-上交所,2024-04-17,9.69,10.7,9.69,10.67,9.56,2017655,20846674.77,11.6109,2.6107,1,0,none,baostock,query_history_k_data_plus
688021,SHSE.688021,,SH,A股-上交所,2024-04-18,10.74,10.9,10.34,10.52,10.67,1540909,16327373.22,-1.4058,1.9938,1,0,none,baostock,query_history_k_data_plus
688021,SHSE.688021,,SH,A股-上交所,2024-04-19,10.51,10.61,10.14,10.32,10.52,1329643,13659757.31,-1.9011,1.7205,1,0,none,baostock,query_history_k_data_plus
688021,SHSE.688021,,SH,A股-上交所,2024-04-22,10.32,10.48,9.85,10.21,10.32,943655,9632708.19,-1.0659,1.221,1,0,none,baostock,query_history_k_data_plus
688021,SHSE.688021,,SH,A股-上交所,2024-04-23,10.24,10.74,10.01,10.55,10.21,1198991,12576478.86,3.3301,1.5514,1,0,none,baostock,query_history_k_data_plus
688021,SHSE.688021,,SH,A股-上交所,2024-04-24,10.7,11.1,10.56,10.99,10.55,1206816,13165512.61,4.1706,1.5615,1,0,none,baostock,query_history_k_data_plus
688021,SHSE.688021,,SH,A股-上交所,2024-04-25,11.0,11.25,10.8,11.14,10.99,1039005,11480921.02,1.3649,1.3444,1,0,none,baostock,query_history_k_data_plus
688021,SHSE.688021,,SH,A股-上交所,2024-04-26,11.16,11.32,10.95,11.19,11.14,745004,8290273.79,0.4488,0.964,1,0,none,baostock,query_history_k_data_plus
688021,SHSE.688021,,SH,A股-上交所,2024-04-29,11.01,11.6,10.97,11.54,11.19,1343428,15308997.88,3.1278,1.7383,1,0,none,baostock,query_history_k_data_plus
688021,SHSE.688021,,SH,A股-上交所,2024-04-30,11.59,11.85,11.25,11.39,11.54,1277267,14615864.6,-1.2998,1.6527,1,0,none,baostock,query_history_k_data_plus
688021,SHSE.688021,,SH,A股-上交所,2024-05-06,11.48,11.78,11.43,11.68,11.39,1421504,16508377.65,2.5461,1.8393,1,0,none,baostock,query_history_k_data_plus
688021,SHSE.688021,,SH,A股-上交所,2024-05-07,11.78,12.05,11.55,11.99,11.68,1480892,17499588.61,2.6541,1.9162,1,0,none,baostock,query_history_k_data_plus
688021,SHSE.688021,,SH,A股-上交所,2024-05-08,12.01,12.03,11.49,11.61,11.99,879135,10294317.49,-3.1693,1.1375,1,0,none,baostock,query_history_k_data_plus
688021,SHSE.688021,,SH,A股-上交所,2024-05-09,11.8,12.03,11.61,12.02,11.61,1221417,14554291.34,3.5314,1.5804,1,0,none,baostock,query_history_k_data_plus
688021,SHSE.688021,,SH,A股-上交所,2024-05-10,12.02,12.14,11.51,11.58,12.02,1190133,13892047.06,-3.6606,1.54,1,0,none,baostock,query_history_k_data_plus
688021,SHSE.688021,,SH,A股-上交所,2024-05-13,11.53,11.56,10.95,11.1,11.58,1020997,11464701.34,-4.1451,1.3211,1,0,none,baostock,query_history_k_data_plus
688021,SHSE.688021,,SH,A股-上交所,2024-05-14,11.35,11.35,11.06,11.17,11.1,928358,10390425.51,0.6306,1.2012,1,0,none,baostock,query_history_k_data_plus
688021,SHSE.688021,,SH,A股-上交所,2024-05-15,11.22,11.36,10.9,11.13,11.17,610622,6826309.08,-0.3581,0.7901,1,0,none,baostock,query_history_k_data_plus
688021,SHSE.688021,,SH,A股-上交所,2024-05-16,11.22,11.68,11.11,11.27,11.13,1415702,16155304.44,1.2579,1.8318,1,0,none,baostock,query_history_k_data_plus
688021,SHSE.688021,,SH,A股-上交所,2024-05-17,11.27,11.8,11.27,11.76,11.27,1711095,19837628.49,4.3478,2.214,1,0,none,baostock,query_history_k_data_plus
688021,SHSE.688021,,SH,A股-上交所,2024-05-20,11.71,12.13,11.6,11.75,11.76,1109958,13129202.61,-0.085,1.4362,1,0,none,baostock,query_history_k_data_plus
688021,SHSE.688021,,SH,A股-上交所,2024-05-21,11.8,11.8,11.22,11.25,11.75,936993,10648532.04,-4.2553,1.2124,1,0,none,baostock,query_history_k_data_plus
688021,SHSE.688021,,SH,A股-上交所,2024-05-22,11.25,11.56,11.23,11.37,11.25,876743,9994855.49,1.0667,1.1344,1,0,none,baostock,query_history_k_data_plus
688021,SHSE.688021,,SH,A股-上交所,2024-05-23,11.31,11.48,11.03,11.1,11.37,742986,8327771.56,-2.3747,0.9614,1,0,none,baostock,query_history_k_data_plus
688021,SHSE.688021,,SH,A股-上交所,2024-05-24,11.04,11.85,10.91,10.96,11.1,996807,11144095.23,-1.2613,1.2898,1,0,none,baostock,query_history_k_data_plus
688021,SHSE.688021,,SH,A股-上交所,2024-05-27,10.98,11.06,10.51,10.81,10.96,894900,9583599.49,-1.3686,1.1579,1,0,none,baostock,query_history_k_data_plus
688021,SHSE.688021,,SH,A股-上交所,2024-05-28,10.79,10.93,10.58,10.8,10.81,818994,8822579.82,-0.0925,1.0597,1,0,none,baostock,query_history_k_data_plus
688021,SHSE.688021,,SH,A股-上交所,2024-05-29,10.72,11.05,10.7,10.93,10.8,723682,7916780.18,1.2037,0.9364,1,0,none,baostock,query_history_k_data_plus
688021,SHSE.688021,,SH,A股-上交所,2024-05-30,10.93,11.02,10.52,10.7,10.93,659163,7117172.42,-2.1043,0.8529,1,0,none,baostock,query_history_k_data_plus
688021,SHSE.688021,,SH,A股-上交所,2024-05-31,10.64,10.93,10.58,10.87,10.7,543218,5889957.43,1.5888,0.7029,1,0,none,baostock,query_history_k_data_plus
688021,SHSE.688021,,SH,A股-上交所,2024-06-03,10.9,10.9,10.12,10.2,10.87,1051157,10920260.07,-6.1638,1.3601,1,0,none,baostock,query_history_k_data_plus
688021,SHSE.688021,,SH,A股-上交所,2024-06-04,10.2,10.2,9.73,9.98,10.2,957926,9472652.55,-2.1569,1.2395,1,0,none,baostock,query_history_k_data_plus
688021,SHSE.688021,,SH,A股-上交所,2024-06-05,9.9,10.02,9.58,9.68,9.98,1053521,10239107.75,-3.006,1.3632,1,0,none,baostock,query_history_k_data_plus
688021,SHSE.688021,,SH,A股-上交所,2024-06-06,9.59,9.74,8.81,8.91,9.68,1964229,17888997.53,-7.9545,2.5416,1,0,none,baostock,query_history_k_data_plus
688021,SHSE.688021,,SH,A股-上交所,2024-06-07,8.95,9.44,8.95,9.28,8.91,1318635,12189396.22,4.1526,1.7062,1,0,none,baostock,query_history_k_data_plus
688021,SHSE.688021,,SH,A股-上交所,2024-06-11,9.36,9.55,9.04,9.43,9.28,1392019,12962724.12,1.6164,1.8012,1,0,none,baostock,query_history_k_data_plus
688021,SHSE.688021,,SH,A股-上交所,2024-06-12,9.45,9.76,9.28,9.66,9.43,1192310,11489540.42,2.439,1.5428,1,0,none,baostock,query_history_k_data_plus
688021,SHSE.688021,,SH,A股-上交所,2024-06-13,9.52,10.08,9.4,9.88,9.66,1544683,15097177.96,2.2774,1.9987,1,0,none,baostock,query_history_k_data_plus
688021,SHSE.688021,,SH,A股-上交所,2024-06-14,9.8,9.8,9.51,9.62,9.88,1051361,10128121.37,-2.6316,1.3604,1,0,none,baostock,query_history_k_data_plus
688021,SHSE.688021,,SH,A股-上交所,2024-06-17,9.56,9.56,9.2,9.34,9.62,1103128,10328584.74,-2.9106,1.4274,1,0,none,baostock,query_history_k_data_plus
688021,SHSE.688021,,SH,A股-上交所,2024-06-18,9.4,9.62,9.32,9.54,9.34,1009547,9575321.65,2.1413,1.3063,1,0,none,baostock,query_history_k_data_plus
688021,SHSE.688021,,SH,A股-上交所,2024-06-19,9.56,9.69,9.33,9.42,9.54,744964,7059550.69,-1.2579,0.9639,1,0,none,baostock,query_history_k_data_plus
688021,SHSE.688021,,SH,A股-上交所,2024-06-20,9.38,9.8,9.32,9.6,9.42,2150264,20671079.9,1.9108,2.7823,1,0,none,baostock,query_history_k_data_plus
688021,SHSE.688021,,SH,A股-上交所,2024-06-21,9.55,9.56,9.24,9.3,9.6,1309913,12225152.97,-3.125,1.6949,1,0,none,baostock,query_history_k_data_plus
688021,SHSE.688021,,SH,A股-上交所,2024-06-24,9.25,9.25,8.6,8.76,9.3,1360243,12083539.9,-5.8065,1.7601,1,0,none,baostock,query_history_k_data_plus
688021,SHSE.688021,,SH,A股-上交所,2024-06-25,8.8,9.18,8.76,9.01,8.76,1541751,13910542.93,2.8539,1.9949,1,0,none,baostock,query_history_k_data_plus
688021,SHSE.688021,,SH,A股-上交所,2024-06-26,9.08,9.42,8.81,9.36,9.01,1046312,9622987.62,3.8846,1.3539,1,0,none,baostock,query_history_k_data_plus
688021,SHSE.688021,,SH,A股-上交所,2024-06-27,9.31,9.54,9.15,9.24,9.36,967528,9048066.05,-1.2821,1.2519,1,0,none,baostock,query_history_k_data_plus
688021,SHSE.688021,,SH,A股-上交所,2024-06-28,9.16,9.43,9.07,9.2,9.24,812358,7547721.28,-0.4329,1.0511,1,0,none,baostock,query_history_k_data_plus
688021,SHSE.688021,,SH,A股-上交所,2024-07-01,9.24,9.38,8.96,9.12,9.2,718768,6522187.35,-0.8696,0.93,1,0,none,baostock,query_history_k_data_plus
688021,SHSE.688021,,SH,A股-上交所,2024-07-02,9.15,9.35,8.96,9.33,9.12,742818,6874289.22,2.3026,0.9612,1,0,none,baostock,query_history_k_data_plus
688021,SHSE.688021,,SH,A股-上交所,2024-07-03,9.33,9.45,9.13,9.24,9.33,693280,6418935.64,-0.9646,0.8971,1,0,none,baostock,query_history_k_data_plus
688021,SHSE.688021,,SH,A股-上交所,2024-07-04,9.26,9.3,8.7,8.77,9.24,1182183,10527914.27,-5.0866,1.5297,1,0,none,baostock,query_history_k_data_plus
688021,SHSE.688021,,SH,A股-上交所,2024-07-05,8.77,8.98,8.57,8.84,8.77,874450,7679946.63,0.7982,1.1315,1,0,none,baostock,query_history_k_data_plus
688021,SHSE.688021,,SH,A股-上交所,2024-07-08,8.78,8.88,8.43,8.49,8.84,798224,6859299.35,-3.9593,1.0329,1,0,none,baostock,query_history_k_data_plus
688021,SHSE.688021,,SH,A股-上交所,2024-07-09,8.49,8.66,8.31,8.63,8.49,894672,7627413.67,1.649,1.1708,1,0,none,baostock,query_history_k_data_plus
688021,SHSE.688021,,SH,A股-上交所,2024-07-10,8.55,8.68,8.4,8.43,8.63,593104,5054726.7,-2.3175,0.7762,1,0,none,baostock,query_history_k_data_plus
688021,SHSE.688021,,SH,A股-上交所,2024-07-11,8.67,8.92,8.56,8.88,8.43,829921,7283772.06,5.3381,1.0861,1,0,none,baostock,query_history_k_data_plus
688021,SHSE.688021,,SH,A股-上交所,2024-07-12,8.89,9.0,8.72,8.81,8.88,741844,6563221.72,-0.7883,0.9708,1,0,none,baostock,query_history_k_data_plus
688021,SHSE.688021,,SH,A股-上交所,2024-07-15,8.85,8.86,8.34,8.45,8.81,990361,8373164.12,-4.0863,1.2961,1,0,none,baostock,query_history_k_data_plus
688021,SHSE.688021,,SH,A股-上交所,2024-07-16,8.41,8.48,8.21,8.37,8.45,939943,7870482.81,-0.9467,1.2301,1,0,none,baostock,query_history_k_data_plus
688021,SHSE.688021,,SH,A股-上交所,2024-07-17,8.43,8.48,8.16,8.31,8.37,883848,7341175.13,-0.7168,1.1567,1,0,none,baostock,query_history_k_data_plus
688021,SHSE.688021,,SH,A股-上交所,2024-07-18,8.28,8.31,8.03,8.22,8.31,817763,6659147.94,-1.083,1.0702,1,0,none,baostock,query_history_k_data_plus
688021,SHSE.688021,,SH,A股-上交所,2024-07-19,8.38,8.49,8.16,8.38,8.22,981462,8209287.53,1.9465,1.2844,1,0,none,baostock,query_history_k_data_plus
688021,SHSE.688021,,SH,A股-上交所,2024-07-22,8.38,8.52,8.28,8.44,8.38,688066,5783077.51,0.716,0.9004,1,0,none,baostock,query_history_k_data_plus
688021,SHSE.688021,,SH,A股-上交所,2024-07-23,8.46,8.59,8.24,8.26,8.44,874326,7388077.83,-2.1327,1.1442,1,0,none,baostock,query_history_k_data_plus
688021,SHSE.688021,,SH,A股-上交所,2024-07-24,8.2,8.3,8.05,8.08,8.26,857701,6973510.09,-2.1792,1.1224,1,0,none,baostock,query_history_k_data_plus
688021,SHSE.688021,,SH,A股-上交所,2024-07-25,8.03,8.32,8.01,8.25,8.08,491075,4003471.28,2.104,0.6427,1,0,none,baostock,query_history_k_data_plus
688021,SHSE.688021,,SH,A股-上交所,2024-07-26,8.26,8.81,8.26,8.38,8.25,1217508,10374114.49,1.5758,1.5933,1,0,none,baostock,query_history_k_data_plus
688021,SHSE.688021,,SH,A股-上交所,2024-07-29,8.39,8.42,8.15,8.28,8.38,1289124,10685959.23,-1.1933,1.687,1,0,none,baostock,query_history_k_data_plus
688021,SHSE.688021,,SH,A股-上交所,2024-07-30,8.32,8.42,8.16,8.34,8.28,801305,6669518.57,0.7246,1.0486,1,0,none,baostock,query_history_k_data_plus
688021,SHSE.688021,,SH,A股-上交所,2024-07-31,8.34,8.65,8.26,8.58,8.34,1102638,9402482.53,2.8777,1.443,1,0,none,baostock,query_history_k_data_plus
688021,SHSE.688021,,SH,A股-上交所,2024-08-01,8.58,8.77,8.53,8.66,8.58,907543,7870132.35,0.9324,1.1877,1,0,none,baostock,query_history_k_data_plus
688021,SHSE.688021,,SH,A股-上交所,2024-08-02,8.61,8.76,8.47,8.51,8.66,689997,5956310.87,-1.7321,0.903,1,0,none,baostock,query_history_k_data_plus
688021,SHSE.688021,,SH,A股-上交所,2024-08-05,8.6,8.72,8.21,8.26,8.51,1159355,9822379.79,-2.9377,1.5172,1,0,none,baostock,query_history_k_data_plus
688021,SHSE.688021,,SH,A股-上交所,2024-08-06,8.52,8.52,8.26,8.44,8.26,1073159,8963297.55,2.1792,1.4044,1,0,none,baostock,query_history_k_data_plus
688021,SHSE.688021,,SH,A股-上交所,2024-08-07,8.48,8.63,8.3,8.4,8.44,830868,6976471.04,-0.4739,1.0873,1,0,none,baostock,query_history_k_data_plus
688021,SHSE.688021,,SH,A股-上交所,2024-08-08,8.34,8.4,8.2,8.38,8.4,886875,7372181.89,-0.2381,1.1606,1,0,none,baostock,query_history_k_data_plus
688021,SHSE.688021,,SH,A股-上交所,2024-08-09,8.38,8.49,8.28,8.31,8.38,982050,8234749.75,-0.8353,1.2852,1,0,none,baostock,query_history_k_data_plus
688021,SHSE.688021,,SH,A股-上交所,2024-08-12,8.42,8.54,8.2,8.23,8.31,1094493,9121010.7,-0.9627,1.4323,1,0,none,baostock,query_history_k_data_plus
688021,SHSE.688021,,SH,A股-上交所,2024-08-13,8.25,8.36,8.1,8.31,8.23,923141,7609113.73,0.9721,1.2081,1,0,none,baostock,query_history_k_data_plus
688021,SHSE.688021,,SH,A股-上交所,2024-08-14,8.33,8.45,8.31,8.32,8.31,853920,7152403.18,0.1203,1.1175,1,0,none,baostock,query_history_k_data_plus
688021,SHSE.688021,,SH,A股-上交所,2024-08-15,8.36,8.36,8.12,8.26,8.32,1230029,10145954.77,-0.7212,1.6097,1,0,none,baostock,query_history_k_data_plus
688021,SHSE.688021,,SH,A股-上交所,2024-08-16,8.32,8.32,8.01,8.06,8.26,1342894,10917258.15,-2.4213,1.7574,1,0,none,baostock,query_history_k_data_plus
688021,SHSE.688021,,SH,A股-上交所,2024-08-19,8.09,8.13,7.9,7.96,8.06,865425,6930802.51,-1.2407,1.1326,1,0,none,baostock,query_history_k_data_plus
688021,SHSE.688021,,SH,A股-上交所,2024-08-20,7.99,8.02,7.74,7.79,7.96,806668,6329175.71,-2.1357,1.0557,1,0,none,baostock,query_history_k_data_plus
688021,SHSE.688021,,SH,A股-上交所,2024-08-21,7.75,7.83,7.7,7.78,7.79,445026,3459862.31,-0.1284,0.5824,1,0,none,baostock,query_history_k_data_plus
688021,SHSE.688021,,SH,A股-上交所,2024-08-22,7.74,7.86,7.61,7.64,7.78,781401,6021745.14,-1.7995,1.0226,1,0,none,baostock,query_history_k_data_plus
688021,SHSE.688021,,SH,A股-上交所,2024-08-23,7.68,7.68,7.42,7.42,7.64,1005583,7554138.47,-2.8796,1.316,1,0,none,baostock,query_history_k_data_plus
688021,SHSE.688021,,SH,A股-上交所,2024-08-26,7.53,7.76,7.43,7.7,7.42,1299315,9964391.39,3.7736,1.7004,1,0,none,baostock,query_history_k_data_plus
688021,SHSE.688021,,SH,A股-上交所,2024-08-27,7.73,7.73,7.55,7.64,7.7,882587,6735018.24,-0.7792,1.155,1,0,none,baostock,query_history_k_data_plus
688021,SHSE.688021,,SH,A股-上交所,2024-08-28,7.63,7.87,7.53,7.73,7.64,1004348,7760477.11,1.178,1.3144,1,0,none,baostock,query_history_k_data_plus
688021,SHSE.688021,,SH,A股-上交所,2024-08-29,7.73,7.96,7.61,7.91,7.73,984157,7694035.78,2.3286,1.2879,1,0,none,baostock,query_history_k_data_plus
688021,SHSE.688021,,SH,A股-上交所,2024-08-30,7.94,8.15,7.82,7.98,7.91,1224956,9841885.88,0.885,1.6031,1,0,none,baostock,query_history_k_data_plus
688021,SHSE.688021,,SH,A股-上交所,2024-09-02,8.01,8.08,7.74,7.77,7.98,925686,7329269.65,-2.6316,1.2114,1,0,none,baostock,query_history_k_data_plus
688021,SHSE.688021,,SH,A股-上交所,2024-09-03,7.78,7.98,7.7,7.83,7.77,685935,5384515.31,0.7722,0.8977,1,0,none,baostock,query_history_k_data_plus
688021,SHSE.688021,,SH,A股-上交所,2024-09-04,7.75,7.84,7.58,7.63,7.83,1114025,8566209.09,-2.5543,1.4579,1,0,none,baostock,query_history_k_data_plus
688021,SHSE.688021,,SH,A股-上交所,2024-09-05,7.66,7.82,7.58,7.78,7.63,711868,5511388.69,1.9659,0.9316,1,0,none,baostock,query_history_k_data_plus
688021,SHSE.688021,,SH,A股-上交所,2024-09-06,7.88,7.88,7.47,7.52,7.78,1048870,7947082.67,-3.3419,1.3726,1,0,none,baostock,query_history_k_data_plus
688021,SHSE.688021,,SH,A股-上交所,2024-09-09,7.48,7.63,7.31,7.6,7.52,877859,6606462.53,1.0638,1.1488,1,0,none,baostock,query_history_k_data_plus
688021,SHSE.688021,,SH,A股-上交所,2024-09-10,7.57,7.74,7.51,7.71,7.6,994963,7613346.93,1.4474,1.3021,1,0,none,baostock,query_history_k_data_plus
688021,SHSE.688021,,SH,A股-上交所,2024-09-11,7.75,7.8,7.56,7.63,7.71,822492,6326797.9,-1.0376,1.0764,1,0,none,baostock,query_history_k_data_plus
688021,SHSE.688021,,SH,A股-上交所,2024-09-12,7.67,7.84,7.65,7.7,7.63,758908,5881278.69,0.9174,0.9932,1,0,none,baostock,query_history_k_data_plus
688021,SHSE.688021,,SH,A股-上交所,2024-09-13,7.78,7.78,7.33,7.49,7.7,848219,6381832.5,-2.7273,1.11,1,0,none,baostock,query_history_k_data_plus
688021,SHSE.688021,,SH,A股-上交所,2024-09-18,7.56,7.6,7.15,7.34,7.49,908376,6620545.45,-2.0027,1.1888,1,0,none,baostock,query_history_k_data_plus
688021,SHSE.688021,,SH,A股-上交所,2024-09-19,7.35,7.66,7.31,7.61,7.34,892394,6719739.26,3.6785,1.1678,1,0,none,baostock,query_history_k_data_plus
688021,SHSE.688021,,SH,A股-上交所,2024-09-20,7.57,7.65,7.38,7.5,7.61,812949,6119541.11,-1.4455,1.0639,1,0,none,baostock,query_history_k_data_plus
688021,SHSE.688021,,SH,A股-上交所,2024-09-23,7.51,7.7,7.44,7.56,7.5,831297,6285876.78,0.8,1.0879,1,0,none,baostock,query_history_k_data_plus
688021,SHSE.688021,,SH,A股-上交所,2024-09-24,7.6,7.88,7.56,7.85,7.56,1035284,8019813.74,3.836,1.3548,1,0,none,baostock,query_history_k_data_plus
688021,SHSE.688021,,SH,A股-上交所,2024-09-25,7.94,8.33,7.92,8.07,7.85,1789902,14589547.98,2.8025,2.3424,1,0,none,baostock,query_history_k_data_plus
688021,SHSE.688021,,SH,A股-上交所,2024-09-26,8.07,8.4,8.05,8.38,8.07,997118,8227503.42,3.8414,1.3049,1,0,none,baostock,query_history_k_data_plus
688021,SHSE.688021,,SH,A股-上交所,2024-09-27,8.51,9.19,8.5,8.93,8.38,1110806,9700724.8,6.5632,1.4537,1,0,none,baostock,query_history_k_data_plus
688021,SHSE.688021,,SH,A股-上交所,2024-09-30,9.35,10.38,9.18,10.1,8.93,3606889,35135390.14,13.1019,4.7202,1,0,none,baostock,query_history_k_data_plus
688021,SHSE.688021,,SH,A股-上交所,2024-10-08,11.99,11.99,10.61,11.37,10.1,4429452,49128088.55,12.5743,5.7967,1,0,none,baostock,query_history_k_data_plus
688021,SHSE.688021,,SH,A股-上交所,2024-10-09,11.0,11.0,10.12,10.15,11.37,4267874,45373679.72,-10.73,5.5852,1,0,none,baostock,query_history_k_data_plus
688021,SHSE.688021,,SH,A股-上交所,2024-10-10,10.15,10.86,10.08,10.21,10.15,2125095,21886136.8,0.5911,2.781,1,0,none,baostock,query_history_k_data_plus
688021,SHSE.688021,,SH,A股-上交所,2024-10-11,10.3,10.3,9.75,9.89,10.21,2261889,22687144.55,-3.1342,2.9601,1,0,none,baostock,query_history_k_data_plus
688021,SHSE.688021,,SH,A股-上交所,2024-10-14,10.0,10.47,9.92,10.44,9.89,1903017,19506879.14,5.5612,2.4904,1,0,none,baostock,query_history_k_data_plus
688021,SHSE.688021,,SH,A股-上交所,2024-10-15,10.44,10.63,10.22,10.34,10.44,1281200,13396373.29,-0.9579,1.6767,1,0,none,baostock,query_history_k_data_plus
688021,SHSE.688021,,SH,A股-上交所,2024-10-16,10.23,10.52,10.06,10.24,10.34,1121705,11479983.72,-0.9671,1.4679,1,0,none,baostock,query_history_k_data_plus
688021,SHSE.688021,,SH,A股-上交所,2024-10-17,10.49,10.49,10.15,10.21,10.24,985376,10202674.91,-0.293,1.2895,1,0,none,baostock,query_history_k_data_plus
688021,SHSE.688021,,SH,A股-上交所,2024-10-18,10.21,10.71,10.1,10.47,10.21,1380662,14389169.03,2.5465,1.8068,1,0,none,baostock,query_history_k_data_plus
688021,SHSE.688021,,SH,A股-上交所,2024-10-21,10.53,10.76,10.26,10.66,10.47,1795494,18847845.99,1.8147,2.3497,1,0,none,baostock,query_history_k_data_plus
688021,SHSE.688021,,SH,A股-上交所,2024-10-22,10.65,10.95,10.6,10.95,10.66,1559406,16848275.54,2.7205,2.0407,1,0,none,baostock,query_history_k_data_plus
688021,SHSE.688021,,SH,A股-上交所,2024-10-23,10.98,11.46,10.81,11.08,10.95,1477480,16439399.94,1.1872,1.9335,1,0,none,baostock,query_history_k_data_plus
688021,SHSE.688021,,SH,A股-上交所,2024-10-24,11.0,11.14,10.8,10.89,11.08,1135440,12425899.63,-1.7148,1.4859,1,0,none,baostock,query_history_k_data_plus
688021,SHSE.688021,,SH,A股-上交所,2024-10-25,10.88,11.25,10.75,11.21,10.89,1537145,16987694.26,2.9385,2.0116,1,0,none,baostock,query_history_k_data_plus
688021,SHSE.688021,,SH,A股-上交所,2024-10-28,11.43,11.75,11.23,11.73,11.21,1857720,21456663.2,4.6387,2.4311,1,0,none,baostock,query_history_k_data_plus
688021,SHSE.688021,,SH,A股-上交所,2024-10-29,11.79,12.0,11.06,11.18,11.73,2284846,26307179.82,-4.6888,2.9901,1,0,none,baostock,query_history_k_data_plus
688021,SHSE.688021,,SH,A股-上交所,2024-10-30,11.18,11.29,10.68,10.88,11.18,1664944,18185219.75,-2.6834,2.1789,1,0,none,baostock,query_history_k_data_plus
688021,SHSE.688021,,SH,A股-上交所,2024-10-31,10.89,11.45,10.64,11.32,10.88,1304334,14495123.06,4.0441,1.7069,1,0,none,baostock,query_history_k_data_plus
688021,SHSE.688021,,SH,A股-上交所,2024-11-01,11.37,12.5,11.0,11.36,11.32,2171944,24973985.04,0.3534,2.8423,1,0,none,baostock,query_history_k_data_plus
688021,SHSE.688021,,SH,A股-上交所,2024-11-04,11.58,11.59,10.9,11.25,11.36,1561085,17544850.93,-0.9683,2.0429,1,0,none,baostock,query_history_k_data_plus
688021,SHSE.688021,,SH,A股-上交所,2024-11-05,11.4,11.55,11.3,11.52,11.25,1304673,14904183.5,2.4,1.7074,1,0,none,baostock,query_history_k_data_plus
688021,SHSE.688021,,SH,A股-上交所,2024-11-06,11.53,11.85,11.32,11.46,11.52,1538869,17940773.14,-0.5208,2.0139,1,0,none,baostock,query_history_k_data_plus
688021,SHSE.688021,,SH,A股-上交所,2024-11-07,11.5,11.95,11.3,11.89,11.46,1416480,16609035.67,3.7522,1.8537,1,0,none,baostock,query_history_k_data_plus
688021,SHSE.688021,,SH,A股-上交所,2024-11-08,11.96,12.48,11.72,12.19,11.89,2397251,29086673.06,2.5231,3.1372,1,0,none,baostock,query_history_k_data_plus
688021,SHSE.688021,,SH,A股-上交所,2024-11-11,12.09,12.95,11.98,12.88,12.19,2556556,31981934.43,5.6604,3.3457,1,0,none,baostock,query_history_k_data_plus
688021,SHSE.688021,,SH,A股-上交所,2024-11-12,12.89,12.89,12.2,12.34,12.88,2291898,28686060.37,-4.1925,2.9993,1,0,none,baostock,query_history_k_data_plus
688021,SHSE.688021,,SH,A股-上交所,2024-11-13,12.3,12.6,12.03,12.45,12.34,1252637,15464800.74,0.8914,1.6393,1,0,none,baostock,query_history_k_data_plus
688021,SHSE.688021,,SH,A股-上交所,2024-11-14,12.4,12.49,11.8,12.1,12.45,1314419,15951349.88,-2.8112,1.7201,1,0,none,baostock,query_history_k_data_plus
688021,SHSE.688021,,SH,A股-上交所,2024-11-15,11.7,12.13,11.6,11.79,12.1,1164524,13890794.46,-2.562,1.524,1,0,none,baostock,query_history_k_data_plus
688021,SHSE.688021,,SH,A股-上交所,2024-11-18,11.87,11.9,11.1,11.27,11.79,1344995,15453164.38,-4.4105,1.7601,1,0,none,baostock,query_history_k_data_plus
688021,SHSE.688021,,SH,A股-上交所,2024-11-19,11.33,11.54,11.04,11.49,11.27,961524,10892851.1,1.9521,1.2583,1,0,none,baostock,query_history_k_data_plus
688021,SHSE.688021,,SH,A股-上交所,2024-11-20,11.54,11.95,11.46,11.94,11.49,1311280,15430528.82,3.9164,1.716,1,0,none,baostock,query_history_k_data_plus
688021,SHSE.688021,,SH,A股-上交所,2024-11-21,12.0,12.05,11.61,11.92,11.94,1264405,14972249.71,-0.1675,1.6547,1,0,none,baostock,query_history_k_data_plus
688021,SHSE.688021,,SH,A股-上交所,2024-11-22,11.99,12.03,11.13,11.43,11.92,1548814,18123721.8,-4.1107,2.0269,1,0,none,baostock,query_history_k_data_plus
688021,SHSE.688021,,SH,A股-上交所,2024-11-25,11.36,11.64,11.33,11.64,11.43,1012483,11637908.14,1.8373,1.325,1,0,none,baostock,query_history_k_data_plus
688021,SHSE.688021,,SH,A股-上交所,2024-11-26,11.6,11.74,11.32,11.4,11.64,923562,10626004.27,-2.0619,1.2086,1,0,none,baostock,query_history_k_data_plus
688021,SHSE.688021,,SH,A股-上交所,2024-11-27,11.4,11.46,10.85,11.4,11.4,1313389,14627885.91,0.0,1.7188,1,0,none,baostock,query_history_k_data_plus
688021,SHSE.688021,,SH,A股-上交所,2024-11-28,11.4,11.77,11.34,11.64,11.4,1403904,16335831.11,2.1053,1.8372,1,0,none,baostock,query_history_k_data_plus
688021,SHSE.688021,,SH,A股-上交所,2024-11-29,11.58,11.89,11.45,11.8,11.64,1115723,13102169.38,1.3746,1.4601,1,0,none,baostock,query_history_k_data_plus
688021,SHSE.688021,,SH,A股-上交所,2024-12-02,11.98,12.18,11.82,12.1,11.8,1017395,12225548.1,2.5424,1.3314,1,0,none,baostock,query_history_k_data_plus
688021,SHSE.688021,,SH,A股-上交所,2024-12-03,12.18,12.36,11.88,12.31,12.1,1686942,20511464.69,1.7355,2.2076,1,0,none,baostock,query_history_k_data_plus
688021,SHSE.688021,,SH,A股-上交所,2024-12-04,12.31,12.31,11.85,12.03,12.31,1128943,13600475.49,-2.2746,1.4774,1,0,none,baostock,query_history_k_data_plus
688021,SHSE.688021,,SH,A股-上交所,2024-12-05,11.92,12.29,11.91,12.26,12.03,984495,11958743.3,1.9119,1.2884,1,0,none,baostock,query_history_k_data_plus
688021,SHSE.688021,,SH,A股-上交所,2024-12-06,12.32,12.45,12.02,12.38,12.26,1084774,13304754.16,0.9788,1.4196,1,0,none,baostock,query_history_k_data_plus
688021,SHSE.688021,,SH,A股-上交所,2024-12-09,12.45,12.56,12.11,12.3,12.38,944649,11631278.18,-0.6462,1.2362,1,0,none,baostock,query_history_k_data_plus
688021,SHSE.688021,,SH,A股-上交所,2024-12-10,12.6,12.75,12.22,12.25,12.3,1448800,18133962.02,-0.4065,1.896,1,0,none,baostock,query_history_k_data_plus
688021,SHSE.688021,,SH,A股-上交所,2024-12-11,12.21,12.45,12.18,12.35,12.25,898667,11041358.88,0.8163,1.1761,1,0,none,baostock,query_history_k_data_plus
688021,SHSE.688021,,SH,A股-上交所,2024-12-12,12.35,12.61,12.26,12.59,12.35,1465583,18227775.94,1.9433,1.918,1,0,none,baostock,query_history_k_data_plus
688021,SHSE.688021,,SH,A股-上交所,2024-12-13,12.61,12.62,12.25,12.26,12.59,713389,8837971.81,-2.6211,0.9336,1,0,none,baostock,query_history_k_data_plus
688021,SHSE.688021,,SH,A股-上交所,2024-12-16,12.3,12.53,12.1,12.42,12.26,1127365,13915908.62,1.3051,1.4753,1,0,none,baostock,query_history_k_data_plus
688021,SHSE.688021,,SH,A股-上交所,2024-12-17,12.3,12.4,11.52,11.64,12.42,1610060,19048778.0,-6.2802,2.107,1,0,none,baostock,query_history_k_data_plus
688021,SHSE.688021,,SH,A股-上交所,2024-12-18,11.64,12.18,11.14,11.79,11.64,1648134,19357448.84,1.2887,2.1569,1,0,none,baostock,query_history_k_data_plus
688021,SHSE.688021,,SH,A股-上交所,2024-12-19,11.56,11.78,11.3,11.45,11.79,1326690,15269417.46,-2.8838,1.7362,1,0,none,baostock,query_history_k_data_plus
688021,SHSE.688021,,SH,A股-上交所,2024-12-20,11.38,11.81,11.25,11.7,11.45,1259282,14655172.41,2.1834,1.648,1,0,none,baostock,query_history_k_data_plus
688021,SHSE.688021,,SH,A股-上交所,2024-12-23,11.8,11.8,10.83,10.84,11.7,1736636,19306694.7,-7.3504,2.2727,1,0,none,baostock,query_history_k_data_plus
688021,SHSE.688021,,SH,A股-上交所,2024-12-24,10.8,11.13,10.74,10.86,10.84,1657554,18092827.41,0.1845,2.1692,1,0,none,baostock,query_history_k_data_plus
688021,SHSE.688021,,SH,A股-上交所,2024-12-25,10.85,10.88,10.3,10.42,10.86,1115337,11666348.43,-4.0516,1.4596,1,0,none,baostock,query_history_k_data_plus
688021,SHSE.688021,,SH,A股-上交所,2024-12-26,10.42,10.93,10.33,10.7,10.42,1107254,11876181.96,2.6871,1.449,1,0,none,baostock,query_history_k_data_plus
688021,SHSE.688021,,SH,A股-上交所,2024-12-27,10.85,11.08,10.58,10.82,10.7,984956,10783092.83,1.1215,1.289,1,0,none,baostock,query_history_k_data_plus
688021,SHSE.688021,,SH,A股-上交所,2024-12-30,10.6,10.75,10.24,10.71,10.82,1134773,11970368.52,-1.0166,1.485,1,0,none,baostock,query_history_k_data_plus
688021,SHSE.688021,,SH,A股-上交所,2024-12-31,10.83,10.83,10.38,10.44,10.71,990419,10462757.34,-2.521,1.2961,1,0,none,baostock,query_history_k_data_plus
688021,SHSE.688021,,SH,A股-上交所,2025-01-02,10.32,11.05,10.21,10.25,10.44,1605186,16977080.09,-1.8199,2.1007,1,0,none,baostock,query_history_k_data_plus
688021,SHSE.688021,,SH,A股-上交所,2025-01-03,10.25,10.5,9.73,9.73,10.25,1565932,15654750.95,-5.0732,2.0493,1,0,none,baostock,query_history_k_data_plus
688021,SHSE.688021,,SH,A股-上交所,2025-01-06,9.73,9.89,9.35,9.6,9.73,1187188,11484533.55,-1.3361,1.5536,1,0,none,baostock,query_history_k_data_plus
688021,SHSE.688021,,SH,A股-上交所,2025-01-07,9.65,9.95,9.59,9.92,9.6,784772,7673454.22,3.3333,1.027,1,0,none,baostock,query_history_k_data_plus
688021,SHSE.688021,,SH,A股-上交所,2025-01-08,9.92,9.98,9.37,9.74,9.92,921133,8939947.8,-1.8145,1.2055,1,0,none,baostock,query_history_k_data_plus
688021,SHSE.688021,,SH,A股-上交所,2025-01-09,9.89,9.96,9.73,9.9,9.74,632602,6225804.85,1.6427,0.8279,1,0,none,baostock,query_history_k_data_plus
688021,SHSE.688021,,SH,A股-上交所,2025-01-10,10.0,10.1,9.35,9.53,9.9,842107,8181388.68,-3.7374,1.102,1,0,none,baostock,query_history_k_data_plus
688021,SHSE.688021,,SH,A股-上交所,2025-01-13,9.36,9.67,9.15,9.51,9.53,1006042,9493486.45,-0.2099,1.3166,1,0,none,baostock,query_history_k_data_plus
688021,SHSE.688021,,SH,A股-上交所,2025-01-14,9.58,10.18,9.53,10.18,9.51,814104,8057713.62,7.0452,1.0654,1,0,none,baostock,query_history_k_data_plus
688021,SHSE.688021,,SH,A股-上交所,2025-01-15,10.17,10.18,9.78,9.84,10.18,876436,8692062.5,-3.3399,1.147,1,0,none,baostock,query_history_k_data_plus
688021,SHSE.688021,,SH,A股-上交所,2025-01-16,10.17,10.17,9.78,9.85,9.84,871007,8675736.4,0.1016,1.1399,1,0,none,baostock,query_history_k_data_plus
688021,SHSE.688021,,SH,A股-上交所,2025-01-17,9.93,9.96,9.71,9.72,9.85,970769,9511734.02,-1.3198,1.2704,1,0,none,baostock,query_history_k_data_plus
688021,SHSE.688021,,SH,A股-上交所,2025-01-20,9.77,10.01,9.55,9.88,9.72,1133665,11168965.63,1.6461,1.4836,1,0,none,baostock,query_history_k_data_plus
688021,SHSE.688021,,SH,A股-上交所,2025-01-21,9.98,9.98,9.62,9.74,9.88,968469,9481493.94,-1.417,1.2674,1,0,none,baostock,query_history_k_data_plus
688021,SHSE.688021,,SH,A股-上交所,2025-01-22,9.73,9.89,9.57,9.77,9.74,839532,8200367.67,0.308,1.0987,1,0,none,baostock,query_history_k_data_plus
688021,SHSE.688021,,SH,A股-上交所,2025-01-23,9.91,10.23,9.89,9.89,9.77,858900,8622815.45,1.2282,1.124,1,0,none,baostock,query_history_k_data_plus
688021,SHSE.688021,,SH,A股-上交所,2025-01-24,9.89,10.27,9.67,10.02,9.89,938614,9318243.25,1.3145,1.2283,1,0,none,baostock,query_history_k_data_plus
688021,SHSE.688021,,SH,A股-上交所,2025-01-27,10.01,10.34,9.85,9.87,10.02,1101424,11091353.91,-1.497,1.4414,1,0,none,baostock,query_history_k_data_plus
688021,SHSE.688021,,SH,A股-上交所,2025-02-05,10.0,10.27,9.97,10.25,9.87,917202,9306988.35,3.8501,1.2003,1,0,none,baostock,query_history_k_data_plus
688021,SHSE.688021,,SH,A股-上交所,2025-02-06,10.2,10.45,10.09,10.45,10.25,1223565,12617509.52,1.9512,1.6012,1,0,none,baostock,query_history_k_data_plus
688021,SHSE.688021,,SH,A股-上交所,2025-02-07,10.37,10.69,10.35,10.53,10.45,975433,10289105.29,0.7656,1.2765,1,0,none,baostock,query_history_k_data_plus
688021,SHSE.688021,,SH,A股-上交所,2025-02-10,10.59,10.88,10.48,10.85,10.53,962590,10323450.71,3.0389,1.2597,1,0,none,baostock,query_history_k_data_plus
688021,SHSE.688021,,SH,A股-上交所,2025-02-11,10.85,10.9,10.65,10.87,10.85,1007796,10850677.58,0.1843,1.3189,1,0,none,baostock,query_history_k_data_plus
688021,SHSE.688021,,SH,A股-上交所,2025-02-12,10.83,11.19,10.72,11.0,10.87,1018521,11167337.14,1.196,1.3329,1,0,none,baostock,query_history_k_data_plus
688021,SHSE.688021,,SH,A股-上交所,2025-02-13,10.99,11.01,10.59,10.79,11.0,857485,9303473.19,-1.9091,1.1222,1,0,none,baostock,query_history_k_data_plus
688021,SHSE.688021,,SH,A股-上交所,2025-02-14,10.79,10.99,10.7,10.82,10.79,919783,9973553.7,0.278,1.2037,1,0,none,baostock,query_history_k_data_plus
688021,SHSE.688021,,SH,A股-上交所,2025-02-17,10.79,11.16,10.74,11.0,10.82,931177,10205483.84,1.6636,1.2186,1,0,none,baostock,query_history_k_data_plus
688021,SHSE.688021,,SH,A股-上交所,2025-02-18,11.1,11.19,10.6,10.7,11.0,1025217,11093489.39,-2.7273,1.3417,1,0,none,baostock,query_history_k_data_plus
688021,SHSE.688021,,SH,A股-上交所,2025-02-19,10.6,11.1,10.6,11.01,10.7,1015708,11127835.48,2.8972,1.3292,1,0,none,baostock,query_history_k_data_plus
688021,SHSE.688021,,SH,A股-上交所,2025-02-20,11.01,11.27,11.0,11.17,11.01,697463,7757175.85,1.4532,0.9127,1,0,none,baostock,query_history_k_data_plus
688021,SHSE.688021,,SH,A股-上交所,2025-02-21,11.15,11.24,10.85,10.96,11.17,1119825,12289840.21,-1.88,1.4655,1,0,none,baostock,query_history_k_data_plus
688021,SHSE.688021,,SH,A股-上交所,2025-02-24,11.03,11.3,10.86,11.17,10.96,1233564,13723584.58,1.9161,1.6143,1,0,none,baostock,query_history_k_data_plus
688021,SHSE.688021,,SH,A股-上交所,2025-02-25,11.05,11.3,11.05,11.13,11.17,943175,10545204.48,-0.3581,1.2343,1,0,none,baostock,query_history_k_data_plus
688021,SHSE.688021,,SH,A股-上交所,2025-02-26,11.14,11.47,11.14,11.28,11.13,981552,11114305.55,1.3477,1.2845,1,0,none,baostock,query_history_k_data_plus
688021,SHSE.688021,,SH,A股-上交所,2025-02-27,11.29,11.48,11.02,11.14,11.28,834358,9316241.4,-1.2411,1.0919,1,0,none,baostock,query_history_k_data_plus
688021,SHSE.688021,,SH,A股-上交所,2025-02-28,11.21,11.25,10.88,10.97,11.14,1256266,13867783.23,-1.526,1.644,1,0,none,baostock,query_history_k_data_plus
688021,SHSE.688021,,SH,A股-上交所,2025-03-03,11.02,11.48,10.97,11.32,10.97,1752444,19785095.9,3.1905,2.2934,1,0,none,baostock,query_history_k_data_plus
688021,SHSE.688021,,SH,A股-上交所,2025-03-04,11.26,11.51,11.12,11.39,11.32,992629,11321901.5,0.6184,1.299,1,0,none,baostock,query_history_k_data_plus
688021,SHSE.688021,,SH,A股-上交所,2025-03-05,11.45,11.52,11.18,11.36,11.39,892101,10112857.17,-0.2634,1.1675,1,0,none,baostock,query_history_k_data_plus
688021,SHSE.688021,,SH,A股-上交所,2025-03-06,11.37,11.8,11.21,11.73,11.36,1399370,16225859.68,3.257,1.8313,1,0,none,baostock,query_history_k_data_plus
688021,SHSE.688021,,SH,A股-上交所,2025-03-07,11.73,11.79,11.51,11.73,11.73,1075451,12550371.53,0.0,1.4074,1,0,none,baostock,query_history_k_data_plus
688021,SHSE.688021,,SH,A股-上交所,2025-03-10,11.7,12.03,11.63,11.96,11.73,1167506,13869016.72,1.9608,1.5279,1,0,none,baostock,query_history_k_data_plus
688021,SHSE.688021,,SH,A股-上交所,2025-03-11,11.83,12.05,11.76,12.0,11.96,762474,9094504.69,0.3344,0.9978,1,0,none,baostock,query_history_k_data_plus
688021,SHSE.688021,,SH,A股-上交所,2025-03-12,12.04,12.74,11.96,12.69,12.0,2025234,25399085.76,5.75,2.6504,1,0,none,baostock,query_history_k_data_plus
688021,SHSE.688021,,SH,A股-上交所,2025-03-13,12.57,12.94,11.94,12.15,12.69,2171241,26916507.36,-4.2553,2.8414,1,0,none,baostock,query_history_k_data_plus
688021,SHSE.688021,,SH,A股-上交所,2025-03-14,12.2,12.48,11.93,12.37,12.15,1420795,17330352.13,1.8107,1.8593,1,0,none,baostock,query_history_k_data_plus
688021,SHSE.688021,,SH,A股-上交所,2025-03-17,12.59,12.6,12.27,12.39,12.37,717986,8877224.74,0.1617,0.9396,1,0,none,baostock,query_history_k_data_plus
688021,SHSE.688021,,SH,A股-上交所,2025-03-18,12.47,12.66,12.36,12.6,12.39,1061590,13301925.81,1.6949,1.3893,1,0,none,baostock,query_history_k_data_plus
688021,SHSE.688021,,SH,A股-上交所,2025-03-19,12.71,12.71,12.21,12.35,12.6,843800,10449849.23,-1.9841,1.1043,1,0,none,baostock,query_history_k_data_plus
688021,SHSE.688021,,SH,A股-上交所,2025-03-20,12.35,12.62,12.15,12.36,12.35,1265234,15688981.52,0.081,1.6558,1,0,none,baostock,query_history_k_data_plus
688021,SHSE.688021,,SH,A股-上交所,2025-03-21,12.36,12.49,11.91,11.98,12.36,1881186,22665635.79,-3.0744,2.4618,1,0,none,baostock,query_history_k_data_plus
688021,SHSE.688021,,SH,A股-上交所,2025-03-24,12.02,12.1,11.3,11.53,11.98,1693836,19711574.21,-3.7563,2.2167,1,0,none,baostock,query_history_k_data_plus
688021,SHSE.688021,,SH,A股-上交所,2025-03-25,11.59,11.85,11.27,11.56,11.53,1422216,16511529.36,0.2602,1.8612,1,0,none,baostock,query_history_k_data_plus
688021,SHSE.688021,,SH,A股-上交所,2025-03-26,11.61,12.3,11.57,11.98,11.56,1388477,16741926.04,3.6332,1.8171,1,0,none,baostock,query_history_k_data_plus
688021,SHSE.688021,,SH,A股-上交所,2025-03-27,11.93,12.23,11.6,11.82,11.98,1391881,16532603.91,-1.3356,1.8215,1,0,none,baostock,query_history_k_data_plus
688021,SHSE.688021,,SH,A股-上交所,2025-03-28,12.14,12.14,11.53,11.61,11.82,1083246,12717930.31,-1.7766,1.4176,1,0,none,baostock,query_history_k_data_plus
688021,SHSE.688021,,SH,A股-上交所,2025-03-31,11.34,11.59,11.2,11.45,11.61,1247080,14161857.96,-1.3781,1.632,1,0,none,baostock,query_history_k_data_plus
688021,SHSE.688021,,SH,A股-上交所,2025-04-01,11.46,12.0,11.46,11.7,11.45,1163258,13727901.41,2.1834,1.5223,1,0,none,baostock,query_history_k_data_plus
688021,SHSE.688021,,SH,A股-上交所,2025-04-02,11.72,12.02,11.72,11.79,11.7,654872,7757368.42,0.7692,0.857,1,0,none,baostock,query_history_k_data_plus
688021,SHSE.688021,,SH,A股-上交所,2025-04-03,11.65,11.84,11.43,11.59,11.79,806038,9382920.7,-1.6964,1.0548,1,0,none,baostock,query_history_k_data_plus
688021,SHSE.688021,,SH,A股-上交所,2025-04-07,11.35,11.35,9.5,9.59,11.59,1801169,18421886.38,-17.2563,2.3571,1,0,none,baostock,query_history_k_data_plus
688021,SHSE.688021,,SH,A股-上交所,2025-04-08,9.68,10.36,9.68,10.07,9.59,1299312,13090250.73,5.0052,1.7004,1,0,none,baostock,query_history_k_data_plus
688021,SHSE.688021,,SH,A股-上交所,2025-04-09,10.1,10.56,9.38,10.56,10.07,1728253,17293249.2,4.8659,2.2617,1,0,none,baostock,query_history_k_data_plus
688021,SHSE.688021,,SH,A股-上交所,2025-04-10,10.7,11.25,10.56,10.99,10.56,1275209,14059638.44,4.072,1.6688,1,0,none,baostock,query_history_k_data_plus
688021,SHSE.688021,,SH,A股-上交所,2025-04-11,10.8,11.23,10.8,11.02,10.99,703317,7792096.46,0.273,0.9204,1,0,none,baostock,query_history_k_data_plus
688021,SHSE.688021,,SH,A股-上交所,2025-04-14,11.27,11.41,11.01,11.11,11.02,784941,8818771.13,0.8167,1.0272,1,0,none,baostock,query_history_k_data_plus
688021,SHSE.688021,,SH,A股-上交所,2025-04-15,11.12,11.36,11.0,11.13,11.11,730408,8159339.64,0.18,0.9559,1,0,none,baostock,query_history_k_data_plus
688021,SHSE.688021,,SH,A股-上交所,2025-04-16,11.13,11.21,10.93,11.04,11.13,1276442,14081979.58,-0.8086,1.6704,1,0,none,baostock,query_history_k_data_plus
688021,SHSE.688021,,SH,A股-上交所,2025-04-17,10.9,11.58,10.9,11.42,11.04,907536,10322600.96,3.442,1.1877,1,0,none,baostock,query_history_k_data_plus
688021,SHSE.688021,,SH,A股-上交所,2025-04-18,11.42,11.54,10.99,11.24,11.42,838654,9405616.27,-1.5762,1.0975,1,0,none,baostock,query_history_k_data_plus
688021,SHSE.688021,,SH,A股-上交所,2025-04-21,11.41,11.45,11.03,11.22,11.24,970861,10959277.82,-0.1779,1.2705,1,0,none,baostock,query_history_k_data_plus
688021,SHSE.688021,,SH,A股-上交所,2025-04-22,11.35,11.35,11.06,11.14,11.22,953446,10637579.17,-0.713,1.2477,1,0,none,baostock,query_history_k_data_plus
688021,SHSE.688021,,SH,A股-上交所,2025-04-23,11.14,11.45,11.14,11.29,11.14,777136,8753437.46,1.3465,1.017,1,0,none,baostock,query_history_k_data_plus
688021,SHSE.688021,,SH,A股-上交所,2025-04-24,11.3,11.37,11.01,11.12,11.29,916793,10237641.74,-1.5058,1.1998,1,0,none,baostock,query_history_k_data_plus
688021,SHSE.688021,,SH,A股-上交所,2025-04-25,11.11,11.25,11.06,11.12,11.12,764393,8519537.41,0.0,1.0003,1,0,none,baostock,query_history_k_data_plus
688021,SHSE.688021,,SH,A股-上交所,2025-04-28,11.3,11.45,11.06,11.32,11.12,1251123,14078992.5,1.7986,1.6373,1,0,none,baostock,query_history_k_data_plus
688021,SHSE.688021,,SH,A股-上交所,2025-04-29,11.3,11.75,11.21,11.7,11.32,1402997,16305737.0,3.3569,1.8361,1,0,none,baostock,query_history_k_data_plus
688021,SHSE.688021,,SH,A股-上交所,2025-04-30,11.79,12.15,11.63,11.98,11.7,1249084,14880389.66,2.3932,1.6346,1,0,none,baostock,query_history_k_data_plus
688021,SHSE.688021,,SH,A股-上交所,2025-05-06,11.98,12.69,11.98,12.68,11.98,2113525,26309863.02,5.8431,2.7659,1,0,none,baostock,query_history_k_data_plus
688021,SHSE.688021,,SH,A股-上交所,2025-05-07,12.78,12.98,12.72,12.94,12.68,1706789,21933337.12,2.0505,2.2336,1,0,none,baostock,query_history_k_data_plus
688021,SHSE.688021,,SH,A股-上交所,2025-05-08,12.74,13.29,12.74,13.15,12.94,1537308,20234749.55,1.6229,2.0118,1,0,none,baostock,query_history_k_data_plus
688021,SHSE.688021,,SH,A股-上交所,2025-05-09,13.39,13.4,12.9,13.06,13.15,1055031,13815798.95,-0.6844,1.3807,1,0,none,baostock,query_history_k_data_plus
688021,SHSE.688021,,SH,A股-上交所,2025-05-12,13.11,13.3,12.98,13.16,13.06,1062203,13972833.78,0.7657,1.3901,1,0,none,baostock,query_history_k_data_plus
688021,SHSE.688021,,SH,A股-上交所,2025-05-13,13.3,13.3,12.84,13.03,13.16,864583,11254463.24,-0.9878,1.1314,1,0,none,baostock,query_history_k_data_plus
688021,SHSE.688021,,SH,A股-上交所,2025-05-14,13.38,13.6,12.95,13.12,13.03,1179605,15510008.78,0.6907,1.5437,1,0,none,baostock,query_history_k_data_plus
688021,SHSE.688021,,SH,A股-上交所,2025-05-15,13.16,13.28,12.99,13.13,13.12,966758,12700509.01,0.0762,1.2652,1,0,none,baostock,query_history_k_data_plus
688021,SHSE.688021,,SH,A股-上交所,2025-05-16,13.06,13.76,13.06,13.69,13.13,1921252,26099811.16,4.265,2.5143,1,0,none,baostock,query_history_k_data_plus
688021,SHSE.688021,,SH,A股-上交所,2025-05-19,13.52,13.74,13.19,13.44,13.69,1845485,24720672.82,-1.8262,2.4151,1,0,none,baostock,query_history_k_data_plus
688021,SHSE.688021,,SH,A股-上交所,2025-05-20,13.55,13.92,13.37,13.83,13.44,1509601,20720685.49,2.9018,1.9756,1,0,none,baostock,query_history_k_data_plus
688021,SHSE.688021,,SH,A股-上交所,2025-05-21,13.93,14.98,13.74,14.14,13.83,3487246,49667751.96,2.2415,4.5636,1,0,none,baostock,query_history_k_data_plus
688021,SHSE.688021,,SH,A股-上交所,2025-05-22,13.98,14.44,13.37,13.37,14.14,3282697,45567528.82,-5.4455,4.296,1,0,none,baostock,query_history_k_data_plus
688021,SHSE.688021,,SH,A股-上交所,2025-05-23,13.3,13.92,13.3,13.5,13.37,2218310,30246373.59,0.9723,2.903,1,0,none,baostock,query_history_k_data_plus
688021,SHSE.688021,,SH,A股-上交所,2025-05-26,13.57,13.99,13.34,13.62,13.5,1368526,18638223.46,0.8889,1.7909,1,0,none,baostock,query_history_k_data_plus
688021,SHSE.688021,,SH,A股-上交所,2025-05-27,13.62,13.88,13.36,13.7,13.62,1324385,18005762.64,0.5874,1.7332,1,0,none,baostock,query_history_k_data_plus
688021,SHSE.688021,,SH,A股-上交所,2025-05-28,13.8,13.92,13.46,13.61,13.7,1326753,18059535.93,-0.6569,1.7363,1,0,none,baostock,query_history_k_data_plus
688021,SHSE.688021,,SH,A股-上交所,2025-05-29,13.51,13.88,13.51,13.8,13.61,1018005,14005055.23,1.396,1.3322,1,0,none,baostock,query_history_k_data_plus
688021,SHSE.688021,,SH,A股-上交所,2025-05-30,13.92,13.92,13.42,13.43,13.8,951456,12888530.54,-2.6812,1.2451,1,0,none,baostock,query_history_k_data_plus
688021,SHSE.688021,,SH,A股-上交所,2025-06-03,13.43,13.77,13.24,13.63,13.43,1212910,16514805.27,1.4892,1.5873,1,0,none,baostock,query_history_k_data_plus
688021,SHSE.688021,,SH,A股-上交所,2025-06-04,13.7,13.86,13.55,13.66,13.63,1136613,15580176.21,0.2201,1.4874,1,0,none,baostock,query_history_k_data_plus
688021,SHSE.688021,,SH,A股-上交所,2025-06-05,13.7,13.83,13.48,13.71,13.66,1154089,15804223.46,0.366,1.5103,1,0,none,baostock,query_history_k_data_plus
688021,SHSE.688021,,SH,A股-上交所,2025-06-06,13.76,14.27,13.55,14.19,13.71,1645744,22983359.69,3.5011,2.1537,1,0,none,baostock,query_history_k_data_plus
688021,SHSE.688021,,SH,A股-上交所,2025-06-09,14.19,14.4,14.03,14.21,14.19,1464952,20752676.69,0.1409,1.9171,1,0,none,baostock,query_history_k_data_plus
688021,SHSE.688021,,SH,A股-上交所,2025-06-10,14.29,14.45,13.91,14.18,14.21,1883112,26722277.37,-0.2111,2.4644,1,0,none,baostock,query_history_k_data_plus
688021,SHSE.688021,,SH,A股-上交所,2025-06-11,14.25,14.4,14.1,14.18,14.18,1040295,14810086.43,0.0,1.3614,1,0,none,baostock,query_history_k_data_plus
688021,SHSE.688021,,SH,A股-上交所,2025-06-12,14.27,14.45,14.0,14.38,14.18,1175664,16778060.76,1.4104,1.5386,1,0,none,baostock,query_history_k_data_plus
688021,SHSE.688021,,SH,A股-上交所,2025-06-13,14.38,14.38,13.91,14.05,14.38,1460994,20547881.5,-2.2949,1.912,1,0,none,baostock,query_history_k_data_plus
688021,SHSE.688021,,SH,A股-上交所,2025-06-16,13.95,14.4,13.85,14.17,14.05,1034356,14643698.99,0.8541,1.3536,1,0,none,baostock,query_history_k_data_plus
688021,SHSE.688021,,SH,A股-上交所,2025-06-17,14.05,14.27,13.89,14.05,14.17,1119806,15777406.18,-0.8469,1.4655,1,0,none,baostock,query_history_k_data_plus
688021,SHSE.688021,,SH,A股-上交所,2025-06-18,13.95,14.15,13.71,14.02,14.05,1032829,14412893.32,-0.2135,1.3516,1,0,none,baostock,query_history_k_data_plus
688021,SHSE.688021,,SH,A股-上交所,2025-06-19,14.02,14.3,13.67,13.78,14.02,1015917,14186758.41,-1.7118,1.3295,1,0,none,baostock,query_history_k_data_plus
688021,SHSE.688021,,SH,A股-上交所,2025-06-20,13.84,13.98,13.51,13.61,13.78,855647,11747138.88,-1.2337,1.1198,1,0,none,baostock,query_history_k_data_plus
688021,SHSE.688021,,SH,A股-上交所,2025-06-23,13.66,14.48,13.56,14.42,13.61,1688526,23852318.48,5.9515,2.2097,1,0,none,baostock,query_history_k_data_plus
688021,SHSE.688021,,SH,A股-上交所,2025-06-24,14.33,15.1,14.33,15.06,14.42,1742455,25709190.5,4.4383,2.2803,1,0,none,baostock,query_history_k_data_plus
688021,SHSE.688021,,SH,A股-上交所,2025-06-25,15.01,15.09,14.58,15.02,15.06,1600668,23832023.71,-0.2656,2.0947,1,0,none,baostock,query_history_k_data_plus
688021,SHSE.688021,,SH,A股-上交所,2025-06-26,15.0,15.08,14.8,14.9,15.02,930646,13890027.85,-0.7989,1.2179,1,0,none,baostock,query_history_k_data_plus
688021,SHSE.688021,,SH,A股-上交所,2025-06-27,14.94,15.3,14.58,14.64,14.9,2052901,30364382.55,-1.745,2.6866,1,0,none,baostock,query_history_k_data_plus
688021,SHSE.688021,,SH,A股-上交所,2025-06-30,14.71,15.3,14.65,15.29,14.64,1732271,26088671.83,4.4399,2.267,1,0,none,baostock,query_history_k_data_plus
688021,SHSE.688021,,SH,A股-上交所,2025-07-01,15.29,15.45,14.9,15.35,15.29,1196024,18245560.87,0.3924,1.5652,1,0,none,baostock,query_history_k_data_plus
688021,SHSE.688021,,SH,A股-上交所,2025-07-02,15.3,15.43,15.01,15.27,15.35,963529,14604372.4,-0.5212,1.2609,1,0,none,baostock,query_history_k_data_plus
688021,SHSE.688021,,SH,A股-上交所,2025-07-03,15.4,15.45,15.01,15.18,15.27,1102878,16762951.1,-0.5894,1.4433,1,0,none,baostock,query_history_k_data_plus
688021,SHSE.688021,,SH,A股-上交所,2025-07-04,15.24,15.24,14.66,14.77,15.18,1458113,21656029.32,-2.7009,1.9082,1,0,none,baostock,query_history_k_data_plus
688021,SHSE.688021,,SH,A股-上交所,2025-07-07,14.72,15.19,14.6,15.17,14.77,1498427,22391134.61,2.7082,1.9609,1,0,none,baostock,query_history_k_data_plus
688021,SHSE.688021,,SH,A股-上交所,2025-07-08,15.15,15.4,14.94,15.36,15.17,961736,14676478.94,1.2525,1.2586,1,0,none,baostock,query_history_k_data_plus
688021,SHSE.688021,,SH,A股-上交所,2025-07-09,15.5,15.59,15.2,15.4,15.36,692010,10592915.29,0.2604,0.9056,1,0,none,baostock,query_history_k_data_plus
688021,SHSE.688021,,SH,A股-上交所,2025-07-10,15.39,15.39,15.04,15.15,15.4,1681761,25517893.96,-1.6234,2.2009,1,0,none,baostock,query_history_k_data_plus
688021,SHSE.688021,,SH,A股-上交所,2025-07-11,15.2,15.34,14.93,15.15,15.15,1112698,16831409.83,0.0,1.4561,1,0,none,baostock,query_history_k_data_plus
688021,SHSE.688021,,SH,A股-上交所,2025-07-14,15.14,15.33,15.01,15.31,15.15,1594957,24234656.31,1.0561,2.0873,1,0,none,baostock,query_history_k_data_plus
688021,SHSE.688021,,SH,A股-上交所,2025-07-15,15.31,15.4,14.81,15.04,15.31,1345862,20279233.42,-1.7636,1.7613,1,0,none,baostock,query_history_k_data_plus
688021,SHSE.688021,,SH,A股-上交所,2025-07-16,15.03,15.93,15.03,15.34,15.04,1789243,27673417.83,1.9947,2.3415,1,0,none,baostock,query_history_k_data_plus
688021,SHSE.688021,,SH,A股-上交所,2025-07-17,15.32,15.68,15.25,15.59,15.34,995744,15491308.99,1.6297,1.3031,1,0,none,baostock,query_history_k_data_plus
688021,SHSE.688021,,SH,A股-上交所,2025-07-18,15.7,15.88,15.41,15.66,15.59,1137249,17723004.65,0.449,1.4883,1,0,none,baostock,query_history_k_data_plus
688021,SHSE.688021,,SH,A股-上交所,2025-07-21,15.66,16.15,15.58,15.96,15.66,1471924,23451086.97,1.9157,1.9263,1,0,none,baostock,query_history_k_data_plus
688021,SHSE.688021,,SH,A股-上交所,2025-07-22,16.03,16.09,15.71,15.99,15.96,1408884,22379221.79,0.188,1.8438,1,0,none,baostock,query_history_k_data_plus
688021,SHSE.688021,,SH,A股-上交所,2025-07-23,15.95,16.18,15.73,15.83,15.99,1253078,19903028.83,-1.0006,1.6399,1,0,none,baostock,query_history_k_data_plus
688021,SHSE.688021,,SH,A股-上交所,2025-07-24,15.91,16.22,15.8,16.15,15.83,1143818,18401873.5,2.0215,1.4969,1,0,none,baostock,query_history_k_data_plus
688021,SHSE.688021,,SH,A股-上交所,2025-07-25,16.3,16.9,16.21,16.9,16.15,1846847,30572545.59,4.644,2.4169,1,0,none,baostock,query_history_k_data_plus
688021,SHSE.688021,,SH,A股-上交所,2025-07-28,16.9,17.48,16.65,17.1,16.9,2384525,40723033.14,1.1834,3.1205,1,0,none,baostock,query_history_k_data_plus
688021,SHSE.688021,,SH,A股-上交所,2025-07-29,17.1,17.56,16.85,17.25,17.1,2118230,36445345.59,0.8772,2.7721,1,0,none,baostock,query_history_k_data_plus
688021,SHSE.688021,,SH,A股-上交所,2025-07-30,17.13,17.49,16.9,17.09,17.25,1351644,23156018.76,-0.9275,1.7688,1,0,none,baostock,query_history_k_data_plus
688021,SHSE.688021,,SH,A股-上交所,2025-07-31,17.0,17.28,16.88,16.99,17.09,1292063,21990285.41,-0.5851,1.6909,1,0,none,baostock,query_history_k_data_plus
688021,SHSE.688021,,SH,A股-上交所,2025-08-01,16.97,17.44,16.83,17.41,16.99,1851633,31810558.18,2.472,2.4232,1,0,none,baostock,query_history_k_data_plus
688021,SHSE.688021,,SH,A股-上交所,2025-08-04,17.57,18.15,17.18,17.93,17.41,2082582,36919118.54,2.9868,2.7254,1,0,none,baostock,query_history_k_data_plus
688021,SHSE.688021,,SH,A股-上交所,2025-08-05,18.01,18.87,18.01,18.85,17.93,2863047,53087128.87,5.1311,3.7468,1,0,none,baostock,query_history_k_data_plus
688021,SHSE.688021,,SH,A股-上交所,2025-08-06,18.89,19.37,18.5,19.24,18.85,2517596,47508062.34,2.069,3.2947,1,0,none,baostock,query_history_k_data_plus
688021,SHSE.688021,,SH,A股-上交所,2025-08-07,19.35,19.86,18.67,18.83,19.24,3221260,61750196.99,-2.131,4.2156,1,0,none,baostock,query_history_k_data_plus
688021,SHSE.688021,,SH,A股-上交所,2025-08-08,18.92,19.06,18.46,18.92,18.83,1553461,29196848.14,0.478,2.033,1,0,none,baostock,query_history_k_data_plus
688021,SHSE.688021,,SH,A股-上交所,2025-08-11,19.21,19.84,19.05,19.67,18.92,2617978,51078995.88,3.9641,3.4261,1,0,none,baostock,query_history_k_data_plus
688021,SHSE.688021,,SH,A股-上交所,2025-08-12,19.99,20.13,19.58,19.84,19.67,2449638,48533314.9,0.8643,3.2058,1,0,none,baostock,query_history_k_data_plus
688021,SHSE.688021,,SH,A股-上交所,2025-08-13,20.0,20.28,19.1,19.27,19.84,2689331,52363756.25,-2.873,3.5194,1,0,none,baostock,query_history_k_data_plus
688021,SHSE.688021,,SH,A股-上交所,2025-08-14,19.47,20.22,18.83,19.0,19.27,3832118,74047640.16,-1.4011,5.015,1,0,none,baostock,query_history_k_data_plus
688021,SHSE.688021,,SH,A股-上交所,2025-08-15,19.0,22.72,18.92,20.88,19.0,7485441,154034600.84,9.8947,9.7959,1,0,none,baostock,query_history_k_data_plus
688021,SHSE.688021,,SH,A股-上交所,2025-08-18,21.4,22.77,20.68,20.7,20.88,7628997,165333577.58,-0.8621,9.9838,1,0,none,baostock,query_history_k_data_plus
688021,SHSE.688021,,SH,A股-上交所,2025-08-19,20.73,20.9,19.41,19.9,20.7,5587806,111207550.52,-3.8647,7.3126,1,0,none,baostock,query_history_k_data_plus
688021,SHSE.688021,,SH,A股-上交所,2025-08-20,19.8,19.8,18.9,19.29,19.9,4163676,80406860.35,-3.0653,5.4489,1,0,none,baostock,query_history_k_data_plus
688021,SHSE.688021,,SH,A股-上交所,2025-08-21,19.4,19.78,19.21,19.32,19.29,2415524,47008201.34,0.1555,3.1611,1,0,none,baostock,query_history_k_data_plus
688021,SHSE.688021,,SH,A股-上交所,2025-08-22,19.65,19.69,19.11,19.4,19.32,2155099,41723161.45,0.4141,2.8203,1,0,none,baostock,query_history_k_data_plus
688021,SHSE.688021,,SH,A股-上交所,2025-08-25,19.4,19.97,19.32,19.42,19.4,2490984,48770218.74,0.1031,3.2599,1,0,none,baostock,query_history_k_data_plus
688021,SHSE.688021,,SH,A股-上交所,2025-08-26,19.51,20.1,19.25,19.68,19.42,2201754,43567472.25,1.3388,2.8814,1,0,none,baostock,query_history_k_data_plus
688021,SHSE.688021,,SH,A股-上交所,2025-08-27,19.83,20.02,19.0,19.03,19.68,3075067,59887435.73,-3.3028,4.0242,1,0,none,baostock,query_history_k_data_plus
688021,SHSE.688021,,SH,A股-上交所,2025-08-28,19.0,19.56,18.3,19.0,19.03,4180506,78919076.93,-0.1576,5.4709,1,0,none,baostock,query_history_k_data_plus
688021,SHSE.688021,,SH,A股-上交所,2025-08-29,19.02,19.03,18.45,18.47,19.0,2473031,46124677.46,-2.7895,3.2364,1,0,none,baostock,query_history_k_data_plus
688021,SHSE.688021,,SH,A股-上交所,2025-09-01,18.6,19.05,18.45,18.6,18.47,2724940,51154723.55,0.7038,3.566,1,0,none,baostock,query_history_k_data_plus
688021,SHSE.688021,,SH,A股-上交所,2025-09-02,18.77,18.77,17.64,18.41,18.6,2117322,38273455.92,-1.0215,2.7709,1,0,none,baostock,query_history_k_data_plus
688021,SHSE.688021,,SH,A股-上交所,2025-09-03,18.4,18.58,17.63,17.74,18.41,1581754,28671911.69,-3.6393,2.07,1,0,none,baostock,query_history_k_data_plus
688021,SHSE.688021,,SH,A股-上交所,2025-09-04,17.8,18.56,17.67,18.13,17.74,2671422,48697733.87,2.1984,3.496,1,0,none,baostock,query_history_k_data_plus
688021,SHSE.688021,,SH,A股-上交所,2025-09-05,17.95,18.56,17.95,18.53,18.13,1372716,25216046.32,2.2063,1.7964,1,0,none,baostock,query_history_k_data_plus
688021,SHSE.688021,,SH,A股-上交所,2025-09-08,18.54,19.2,18.38,19.13,18.53,2027194,38274605.65,3.238,2.6529,1,0,none,baostock,query_history_k_data_plus
688021,SHSE.688021,,SH,A股-上交所,2025-09-09,19.13,19.37,18.82,19.02,19.13,1708290,32661377.48,-0.575,2.2356,1,0,none,baostock,query_history_k_data_plus
688021,SHSE.688021,,SH,A股-上交所,2025-09-10,19.11,19.3,18.83,19.05,19.02,1070314,20410780.79,0.1577,1.4007,1,0,none,baostock,query_history_k_data_plus
688021,SHSE.688021,,SH,A股-上交所,2025-09-11,19.05,19.26,18.6,19.23,19.05,1379979,26286630.2,0.9449,1.8059,1,0,none,baostock,query_history_k_data_plus
688021,SHSE.688021,,SH,A股-上交所,2025-09-12,19.42,19.42,18.75,18.9,19.23,1132091,21473656.24,-1.7161,1.4815,1,0,none,baostock,query_history_k_data_plus
688021,SHSE.688021,,SH,A股-上交所,2025-09-15,19.07,19.12,18.71,18.9,18.9,1359012,25670070.46,0.0,1.7785,1,0,none,baostock,query_history_k_data_plus
688021,SHSE.688021,,SH,A股-上交所,2025-09-16,18.99,19.37,18.63,19.21,18.9,1661477,31844435.39,1.6402,2.1743,1,0,none,baostock,query_history_k_data_plus
688021,SHSE.688021,,SH,A股-上交所,2025-09-17,19.31,19.51,18.99,19.23,19.21,1551637,29973692.61,0.1041,2.0306,1,0,none,baostock,query_history_k_data_plus
688021,SHSE.688021,,SH,A股-上交所,2025-09-18,19.4,19.45,18.71,18.85,19.23,2003558,38104498.35,-1.9761,2.622,1,0,none,baostock,query_history_k_data_plus
688021,SHSE.688021,,SH,A股-上交所,2025-09-19,18.94,18.95,18.12,18.3,18.85,1692269,31203811.82,-2.9178,2.2146,1,0,none,baostock,query_history_k_data_plus
688021,SHSE.688021,,SH,A股-上交所,2025-09-22,18.29,18.36,17.71,18.31,18.3,1765965,32025710.38,0.0546,2.3111,1,0,none,baostock,query_history_k_data_plus
688021,SHSE.688021,,SH,A股-上交所,2025-09-23,18.34,18.34,17.0,18.23,18.31,1940547,34277830.17,-0.4369,2.5395,1,0,none,baostock,query_history_k_data_plus
688021,SHSE.688021,,SH,A股-上交所,2025-09-24,18.19,18.48,17.8,18.43,18.23,1531867,27970370.58,1.0971,2.0047,1,0,none,baostock,query_history_k_data_plus
688021,SHSE.688021,,SH,A股-上交所,2025-09-25,18.48,18.92,18.33,18.33,18.43,1629274,30417568.29,-0.5426,2.1322,1,0,none,baostock,query_history_k_data_plus
688021,SHSE.688021,,SH,A股-上交所,2025-09-26,18.24,18.73,17.86,18.31,18.33,1235477,22636822.9,-0.1091,1.6168,1,0,none,baostock,query_history_k_data_plus
688021,SHSE.688021,,SH,A股-上交所,2025-09-29,18.25,19.08,17.98,18.86,18.31,1737559,32528980.17,3.0038,2.2739,1,0,none,baostock,query_history_k_data_plus
688021,SHSE.688021,,SH,A股-上交所,2025-09-30,19.3,19.3,18.76,19.0,18.86,1241517,23670178.46,0.7423,1.6247,1,0,none,baostock,query_history_k_data_plus
688021,SHSE.688021,,SH,A股-上交所,2025-10-09,19.13,19.8,18.65,18.72,19.0,1872541,35889761.8,-1.4737,2.4505,1,0,none,baostock,query_history_k_data_plus
688021,SHSE.688021,,SH,A股-上交所,2025-10-10,18.81,19.08,18.27,18.67,18.72,1841284,34426485.19,-0.2671,2.4096,1,0,none,baostock,query_history_k_data_plus
688021,SHSE.688021,,SH,A股-上交所,2025-10-13,17.82,18.97,17.08,18.42,18.67,1895017,34616420.48,-1.339,2.4799,1,0,none,baostock,query_history_k_data_plus
688021,SHSE.688021,,SH,A股-上交所,2025-10-14,18.88,18.9,18.04,18.19,18.42,1416221,26031974.59,-1.2486,1.8534,1,0,none,baostock,query_history_k_data_plus
688021,SHSE.688021,,SH,A股-上交所,2025-10-15,18.2,18.53,17.96,18.14,18.19,1161508,21210337.86,-0.2749,1.52,1,0,none,baostock,query_history_k_data_plus
688021,SHSE.688021,,SH,A股-上交所,2025-10-16,18.14,18.42,17.92,18.07,18.14,1223333,22183685.33,-0.3859,1.6009,1,0,none,baostock,query_history_k_data_plus
688021,SHSE.688021,,SH,A股-上交所,2025-10-17,17.78,18.34,17.78,18.12,18.07,1150115,20835214.34,0.2767,1.5051,1,0,none,baostock,query_history_k_data_plus
688021,SHSE.688021,,SH,A股-上交所,2025-10-20,18.46,18.5,17.93,18.19,18.12,1097473,20048773.76,0.3863,1.4362,1,0,none,baostock,query_history_k_data_plus
688021,SHSE.688021,,SH,A股-上交所,2025-10-21,18.4,19.07,18.28,18.9,18.19,1734956,32586930.56,3.9032,2.2705,1,0,none,baostock,query_history_k_data_plus
688021,SHSE.688021,,SH,A股-上交所,2025-10-22,18.9,19.28,18.8,19.07,18.9,1175004,22397806.7,0.8995,1.5377,1,0,none,baostock,query_history_k_data_plus
688021,SHSE.688021,,SH,A股-上交所,2025-10-23,19.16,19.16,18.59,18.9,19.07,1309992,24635823.14,-0.8915,1.7143,1,0,none,baostock,query_history_k_data_plus
688021,SHSE.688021,,SH,A股-上交所,2025-10-24,19.0,19.18,18.7,18.91,18.9,1279847,24211133.11,0.0529,1.6749,1,0,none,baostock,query_history_k_data_plus
688021,SHSE.688021,,SH,A股-上交所,2025-10-27,19.12,19.73,18.98,19.46,18.91,1905228,36878819.92,2.9085,2.4933,1,0,none,baostock,query_history_k_data_plus
688021,SHSE.688021,,SH,A股-上交所,2025-10-28,19.46,19.94,19.31,19.58,19.46,1372963,27041921.97,0.6166,1.7967,1,0,none,baostock,query_history_k_data_plus
688021,SHSE.688021,,SH,A股-上交所,2025-10-29,19.81,19.84,19.18,19.51,19.58,1076965,21047557.88,-0.3575,1.4094,1,0,none,baostock,query_history_k_data_plus
688021,SHSE.688021,,SH,A股-上交所,2025-10-30,19.61,19.61,19.0,19.19,19.51,1211535,23344429.62,-1.6402,1.5855,1,0,none,baostock,query_history_k_data_plus
688021,SHSE.688021,,SH,A股-上交所,2025-10-31,19.12,19.55,19.12,19.4,19.19,1061371,20554481.37,1.0943,1.389,1,0,none,baostock,query_history_k_data_plus
688021,SHSE.688021,,SH,A股-上交所,2025-11-03,19.5,19.95,19.3,19.86,19.4,1857761,36576234.18,2.3711,2.4312,1,0,none,baostock,query_history_k_data_plus
688021,SHSE.688021,,SH,A股-上交所,2025-11-04,20.01,20.49,19.7,20.1,19.86,1590791,31889995.18,1.2085,2.0818,1,0,none,baostock,query_history_k_data_plus
688021,SHSE.688021,,SH,A股-上交所,2025-11-05,19.85,20.49,19.76,20.42,20.1,1272709,25661234.66,1.592,1.6656,1,0,none,baostock,query_history_k_data_plus
688021,SHSE.688021,,SH,A股-上交所,2025-11-06,20.28,20.85,19.82,20.85,20.42,1361809,27813709.24,2.1058,1.7822,1,0,none,baostock,query_history_k_data_plus
688021,SHSE.688021,,SH,A股-上交所,2025-11-07,20.85,20.85,20.28,20.5,20.85,1316048,26917821.54,-1.6787,1.7223,1,0,none,baostock,query_history_k_data_plus
688021,SHSE.688021,,SH,A股-上交所,2025-11-10,20.95,21.06,20.51,20.77,20.5,1408623,29245471.58,1.3171,1.8434,1,0,none,baostock,query_history_k_data_plus
688021,SHSE.688021,,SH,A股-上交所,2025-11-11,21.15,21.21,20.52,21.13,20.77,1102487,23109166.13,1.7333,1.4428,1,0,none,baostock,query_history_k_data_plus
688021,SHSE.688021,,SH,A股-上交所,2025-11-12,21.03,21.23,20.63,20.87,21.13,1202954,25063630.97,-1.2305,1.5743,1,0,none,baostock,query_history_k_data_plus
688021,SHSE.688021,,SH,A股-上交所,2025-11-13,20.81,21.16,20.6,21.03,20.87,1362704,28557368.48,0.7667,1.7833,1,0,none,baostock,query_history_k_data_plus
688021,SHSE.688021,,SH,A股-上交所,2025-11-14,20.83,21.64,20.82,21.35,21.03,1354846,28823347.81,1.5216,1.773,1,0,none,baostock,query_history_k_data_plus
688021,SHSE.688021,,SH,A股-上交所,2025-11-17,21.56,21.63,21.07,21.38,21.35,1086310,23158970.67,0.1405,1.4216,1,0,none,baostock,query_history_k_data_plus
688021,SHSE.688021,,SH,A股-上交所,2025-11-18,21.46,21.49,21.1,21.38,21.38,1120173,23828920.06,0.0,1.4659,1,0,none,baostock,query_history_k_data_plus
688021,SHSE.688021,,SH,A股-上交所,2025-11-19,21.39,21.39,20.0,20.3,21.38,1584695,32620666.91,-5.0514,2.0738,1,0,none,baostock,query_history_k_data_plus
688021,SHSE.688021,,SH,A股-上交所,2025-11-20,20.42,20.54,19.69,19.94,20.3,1677392,33547106.06,-1.7734,2.1951,1,0,none,baostock,query_history_k_data_plus
688021,SHSE.688021,,SH,A股-上交所,2025-11-21,19.96,20.12,18.51,18.82,19.94,1861821,35868761.65,-5.6169,2.4365,1,0,none,baostock,query_history_k_data_plus
688021,SHSE.688021,,SH,A股-上交所,2025-11-24,18.85,19.35,18.6,19.04,18.82,1789858,33876696.89,1.169,2.3423,1,0,none,baostock,query_history_k_data_plus
688021,SHSE.688021,,SH,A股-上交所,2025-11-25,19.15,19.92,19.15,19.49,19.04,1199693,23481766.64,2.3634,1.57,1,0,none,baostock,query_history_k_data_plus
688021,SHSE.688021,,SH,A股-上交所,2025-11-26,19.66,19.75,18.86,19.01,19.49,1148982,22171945.03,-2.4628,1.5036,1,0,none,baostock,query_history_k_data_plus
688021,SHSE.688021,,SH,A股-上交所,2025-11-27,19.01,19.39,19.01,19.15,19.01,1074542,20604095.57,0.7365,1.4062,1,0,none,baostock,query_history_k_data_plus
688021,SHSE.688021,,SH,A股-上交所,2025-11-28,19.18,19.57,18.96,19.52,19.15,948318,18309403.18,1.9321,1.241,1,0,none,baostock,query_history_k_data_plus
688021,SHSE.688021,,SH,A股-上交所,2025-12-01,19.67,19.9,19.21,19.34,19.52,1460100,28541211.76,-0.9221,1.9108,1,0,none,baostock,query_history_k_data_plus
688021,SHSE.688021,,SH,A股-上交所,2025-12-02,19.45,19.55,19.01,19.15,19.34,1127560,21577756.25,-0.9824,1.4756,1,0,none,baostock,query_history_k_data_plus
688021,SHSE.688021,,SH,A股-上交所,2025-12-03,19.1,19.53,18.71,18.93,19.15,1135798,21558585.39,-1.1488,1.4864,1,0,none,baostock,query_history_k_data_plus
688021,SHSE.688021,,SH,A股-上交所,2025-12-04,18.77,18.92,18.26,18.49,18.93,1149471,21335067.13,-2.3244,1.5043,1,0,none,baostock,query_history_k_data_plus
688021,SHSE.688021,,SH,A股-上交所,2025-12-05,18.55,19.18,18.35,19.09,18.49,850995,16013021.85,3.245,1.1137,1,0,none,baostock,query_history_k_data_plus
688021,SHSE.688021,,SH,A股-上交所,2025-12-08,19.25,19.5,19.03,19.39,19.09,1155731,22377456.44,1.5715,1.5125,1,0,none,baostock,query_history_k_data_plus
688021,SHSE.688021,,SH,A股-上交所,2025-12-09,19.51,19.51,18.91,18.97,19.39,724609,13903440.11,-2.1661,0.9483,1,0,none,baostock,query_history_k_data_plus
688021,SHSE.688021,,SH,A股-上交所,2025-12-10,18.91,19.09,18.43,18.52,18.97,863903,16180239.51,-2.3722,1.1306,1,0,none,baostock,query_history_k_data_plus
688021,SHSE.688021,,SH,A股-上交所,2025-12-11,18.51,18.61,17.9,17.96,18.52,1442807,26210320.18,-3.0238,1.8882,1,0,none,baostock,query_history_k_data_plus
688021,SHSE.688021,,SH,A股-上交所,2025-12-12,17.96,18.4,17.53,17.72,17.96,1017520,18239359.43,-1.3363,1.3316,1,0,none,baostock,query_history_k_data_plus
688021,SHSE.688021,,SH,A股-上交所,2025-12-15,17.7,18.14,17.5,17.79,17.72,1394326,24784565.33,0.395,1.8247,1,0,none,baostock,query_history_k_data_plus
688021,SHSE.688021,,SH,A股-上交所,2025-12-16,17.77,17.87,17.3,17.47,17.79,1108176,19425738.79,-1.7988,1.4502,1,0,none,baostock,query_history_k_data_plus
688021,SHSE.688021,,SH,A股-上交所,2025-12-17,17.7,17.7,17.02,17.39,17.47,1391174,24179594.9,-0.4579,1.8206,1,0,none,baostock,query_history_k_data_plus
688021,SHSE.688021,,SH,A股-上交所,2025-12-18,17.5,18.2,17.32,18.14,17.39,1458074,26118549.41,4.3128,1.9081,1,0,none,baostock,query_history_k_data_plus
688021,SHSE.688021,,SH,A股-上交所,2025-12-19,18.12,18.45,17.96,18.43,18.14,1563006,28453459.49,1.5987,2.0455,1,0,none,baostock,query_history_k_data_plus
688021,SHSE.688021,,SH,A股-上交所,2025-12-22,18.51,18.78,18.21,18.21,18.43,1102342,20308892.01,-1.1937,1.4426,1,0,none,baostock,query_history_k_data_plus
688021,SHSE.688021,,SH,A股-上交所,2025-12-23,18.2,18.52,17.9,18.32,18.21,1366535,24919443.55,0.6041,1.7883,1,0,none,baostock,query_history_k_data_plus
688021,SHSE.688021,,SH,A股-上交所,2025-12-24,18.29,18.68,18.27,18.56,18.32,946354,17519142.49,1.31,1.2385,1,0,none,baostock,query_history_k_data_plus
688021,SHSE.688021,,SH,A股-上交所,2025-12-25,18.54,18.7,18.28,18.6,18.56,1108904,20516533.39,0.2155,1.4512,1,0,none,baostock,query_history_k_data_plus
688021,SHSE.688021,,SH,A股-上交所,2025-12-26,18.6,18.78,18.28,18.3,18.6,944597,17489505.97,-1.6129,1.2362,1,0,none,baostock,query_history_k_data_plus
688021,SHSE.688021,,SH,A股-上交所,2025-12-29,18.38,18.59,18.14,18.53,18.3,1095061,20091802.85,1.2568,1.4331,1,0,none,baostock,query_history_k_data_plus
688021,SHSE.688021,,SH,A股-上交所,2025-12-30,18.58,18.66,18.16,18.25,18.53,956586,17554567.85,-1.5111,1.2519,1,0,none,baostock,query_history_k_data_plus
688021,SHSE.688021,,SH,A股-上交所,2025-12-31,18.41,18.45,17.98,18.35,18.25,1087498,19800852.96,0.5479,1.4232,1,0,none,baostock,query_history_k_data_plus
688021,SHSE.688021,,SH,A股-上交所,2026-01-05,18.35,18.98,18.18,18.68,18.35,1718149,32184740.61,1.7984,2.2485,1,0,none,baostock,query_history_k_data_plus
688021,SHSE.688021,,SH,A股-上交所,2026-01-06,18.49,18.88,18.4,18.42,18.68,1136408,21132311.49,-1.3919,1.4872,1,0,none,baostock,query_history_k_data_plus
688021,SHSE.688021,,SH,A股-上交所,2026-01-07,18.47,18.53,18.03,18.05,18.42,1382244,25280916.36,-2.0087,1.8089,1,0,none,baostock,query_history_k_data_plus
688021,SHSE.688021,,SH,A股-上交所,2026-01-08,18.16,18.73,17.98,18.62,18.05,1496739,27606202.47,3.1579,1.9587,1,0,none,baostock,query_history_k_data_plus
688021,SHSE.688021,,SH,A股-上交所,2026-01-09,18.71,19.3,18.6,19.14,18.62,1639817,31024477.68,2.7927,2.146,1,0,none,baostock,query_history_k_data_plus
688021,SHSE.688021,,SH,A股-上交所,2026-01-12,19.25,19.77,19.01,19.68,19.14,1331069,25885776.16,2.8213,1.7419,1,0,none,baostock,query_history_k_data_plus
688021,SHSE.688021,,SH,A股-上交所,2026-01-13,19.82,20.15,19.42,19.7,19.68,1651303,32765887.94,0.1016,2.161,1,0,none,baostock,query_history_k_data_plus
688021,SHSE.688021,,SH,A股-上交所,2026-01-14,19.64,20.58,19.22,19.66,19.7,1594121,31556899.24,-0.203,2.0862,1,0,none,baostock,query_history_k_data_plus
688021,SHSE.688021,,SH,A股-上交所,2026-01-15,19.49,20.06,19.38,19.84,19.66,1438212,28403815.58,0.9156,1.8821,1,0,none,baostock,query_history_k_data_plus
688021,SHSE.688021,,SH,A股-上交所,2026-01-16,20.66,20.66,19.71,20.11,19.84,1444185,29058242.87,1.3609,1.89,1,0,none,baostock,query_history_k_data_plus
688021,SHSE.688021,,SH,A股-上交所,2026-01-19,20.0,20.92,19.83,20.92,20.11,1748481,35933304.73,4.0278,2.2882,1,0,none,baostock,query_history_k_data_plus
688021,SHSE.688021,,SH,A股-上交所,2026-01-20,20.94,21.36,20.6,20.86,20.92,1624707,33852549.27,-0.2868,2.1262,1,0,none,baostock,query_history_k_data_plus
688021,SHSE.688021,,SH,A股-上交所,2026-01-21,20.82,21.5,20.7,21.43,20.86,1073271,22724087.57,2.7325,1.4046,1,0,none,baostock,query_history_k_data_plus
688021,SHSE.688021,,SH,A股-上交所,2026-01-22,21.43,21.84,21.14,21.66,21.43,917837,19768122.68,1.0733,1.2011,1,0,none,baostock,query_history_k_data_plus
688021,SHSE.688021,,SH,A股-上交所,2026-01-23,21.63,22.45,21.63,22.41,21.66,1618446,35907465.53,3.4626,2.118,1,0,none,baostock,query_history_k_data_plus
688021,SHSE.688021,,SH,A股-上交所,2026-01-26,22.83,22.97,21.28,21.57,22.41,1961743,42635559.1,-3.7483,2.5673,1,0,none,baostock,query_history_k_data_plus
688021,SHSE.688021,,SH,A股-上交所,2026-01-27,21.69,22.7,21.13,21.99,21.57,2199130,48218121.93,1.9471,2.8779,1,0,none,baostock,query_history_k_data_plus
688021,SHSE.688021,,SH,A股-上交所,2026-01-28,21.98,22.5,21.75,21.91,21.99,1686963,37218359.48,-0.3638,2.2077,1,0,none,baostock,query_history_k_data_plus
688021,SHSE.688021,,SH,A股-上交所,2026-01-29,21.7,22.99,21.7,21.76,21.91,2519835,56187119.96,-0.6846,3.2976,1,0,none,baostock,query_history_k_data_plus
688021,SHSE.688021,,SH,A股-上交所,2026-01-30,22.32,22.65,21.55,22.32,21.76,2459453,54478562.74,2.5735,3.2186,1,0,none,baostock,query_history_k_data_plus
688021,SHSE.688021,,SH,A股-上交所,2026-02-02,22.33,23.77,22.33,22.55,22.32,3691592,85057241.46,1.0305,4.8311,1,0,none,baostock,query_history_k_data_plus
688021,SHSE.688021,,SH,A股-上交所,2026-02-03,22.97,23.27,22.35,22.95,22.55,2221607,50753410.91,1.7738,2.9073,1,0,none,baostock,query_history_k_data_plus
688021,SHSE.688021,,SH,A股-上交所,2026-02-04,23.44,23.79,22.92,23.47,22.95,2186120,51085279.32,2.2658,2.8609,1,0,none,baostock,query_history_k_data_plus
688021,SHSE.688021,,SH,A股-上交所,2026-02-05,23.23,23.88,22.99,23.6,23.47,1754026,41194779.7,0.5539,2.2954,1,0,none,baostock,query_history_k_data_plus
688021,SHSE.688021,,SH,A股-上交所,2026-02-06,23.37,24.18,23.02,23.8,23.6,1655511,39216083.18,0.8475,2.1665,1,0,none,baostock,query_history_k_data_plus
688021,SHSE.688021,,SH,A股-上交所,2026-02-09,24.17,24.22,23.32,23.99,23.8,1792818,42717340.27,0.7983,2.3462,1,0,none,baostock,query_history_k_data_plus
688021,SHSE.688021,,SH,A股-上交所,2026-02-10,24.2,24.2,23.7,23.93,23.99,1585149,37867437.76,-0.2501,2.0744,1,0,none,baostock,query_history_k_data_plus
688021,SHSE.688021,,SH,A股-上交所,2026-02-11,24.03,24.15,23.73,24.0,23.93,1209054,29005755.14,0.2925,1.5822,1,0,none,baostock,query_history_k_data_plus
688021,SHSE.688021,,SH,A股-上交所,2026-02-12,23.95,24.25,23.6,24.0,24.0,1321465,31753889.76,0.0,1.7294,1,0,none,baostock,query_history_k_data_plus
688021,SHSE.688021,,SH,A股-上交所,2026-02-13,23.8,24.39,23.65,23.9,24.0,1241738,29852775.03,-0.4167,1.625,1,0,none,baostock,query_history_k_data_plus
688021,SHSE.688021,,SH,A股-上交所,2026-02-24,24.29,24.86,23.86,24.8,23.9,2217430,54374989.48,3.7657,2.9019,1,0,none,baostock,query_history_k_data_plus
688021,SHSE.688021,,SH,A股-上交所,2026-02-25,24.92,25.1,24.48,24.74,24.8,1639804,40623493.94,-0.2419,2.146,1,0,none,baostock,query_history_k_data_plus
688021,SHSE.688021,,SH,A股-上交所,2026-02-26,24.84,25.09,24.54,24.86,24.74,1154952,28651699.7,0.485,1.5114,1,0,none,baostock,query_history_k_data_plus
688021,SHSE.688021,,SH,A股-上交所,2026-02-27,24.93,25.0,24.31,24.73,24.86,1298263,32019071.37,-0.5229,1.699,1,0,none,baostock,query_history_k_data_plus
688021,SHSE.688021,,SH,A股-上交所,2026-03-02,24.26,25.97,23.81,24.16,24.73,2737304,66873035.17,-2.3049,3.5822,1,0,none,baostock,query_history_k_data_plus
688021,SHSE.688021,,SH,A股-上交所,2026-03-03,24.02,25.36,23.84,23.96,24.16,2675475,65273853.16,-0.8278,3.5013,1,0,none,baostock,query_history_k_data_plus
688021,SHSE.688021,,SH,A股-上交所,2026-03-04,23.66,23.97,23.0,23.34,23.96,1838314,43204618.2,-2.5876,2.4057,1,0,none,baostock,query_history_k_data_plus
688021,SHSE.688021,,SH,A股-上交所,2026-03-05,23.55,24.31,23.03,23.43,23.34,1416400,33688443.55,0.3856,1.8536,1,0,none,baostock,query_history_k_data_plus
688021,SHSE.688021,,SH,A股-上交所,2026-03-06,23.55,24.44,23.32,24.3,23.43,1493028,35922028.3,3.7132,1.9539,1,0,none,baostock,query_history_k_data_plus
688021,SHSE.688021,,SH,A股-上交所,2026-03-09,23.96,24.23,23.18,23.97,24.3,2290815,54216131.12,-1.358,2.9979,1,0,none,baostock,query_history_k_data_plus
688021,SHSE.688021,,SH,A股-上交所,2026-03-10,24.0,25.19,23.97,25.15,23.97,1625951,40397932.16,4.9228,2.1278,1,0,none,baostock,query_history_k_data_plus
688021,SHSE.688021,,SH,A股-上交所,2026-03-11,25.25,28.67,25.04,27.85,25.15,7223518,195721661.9,10.7356,9.4532,1,0,none,baostock,query_history_k_data_plus
688021,SHSE.688021,,SH,A股-上交所,2026-03-12,29.39,31.37,28.5,29.22,27.85,9666347,286078059.34,4.9192,12.65,1,0,none,baostock,query_history_k_data_plus
688021,SHSE.688021,,SH,A股-上交所,2026-03-13,29.75,30.3,27.5,27.88,29.22,5358356,152647934.27,-4.5859,7.0123,1,0,none,baostock,query_history_k_data_plus
688021,SHSE.688021,,SH,A股-上交所,2026-03-16,27.03,27.86,24.94,25.4,27.88,6304994,162536330.01,-8.8953,8.2511,1,0,none,baostock,query_history_k_data_plus
688021,SHSE.688021,,SH,A股-上交所,2026-03-17,25.23,25.79,24.36,24.5,25.4,3844272,95967722.84,-3.5433,5.0309,1,0,none,baostock,query_history_k_data_plus
688021,SHSE.688021,,SH,A股-上交所,2026-03-18,24.94,27.58,24.11,27.01,24.5,6425792,168165580.37,10.2449,8.4092,1,0,none,baostock,query_history_k_data_plus
688021,SHSE.688021,,SH,A股-上交所,2026-03-19,27.5,32.27,27.42,30.8,27.01,11355278,346217163.63,14.0318,14.8603,1,0,none,baostock,query_history_k_data_plus
688021,SHSE.688021,,SH,A股-上交所,2026-03-20,30.76,30.84,26.77,26.9,30.8,8668630,246288575.13,-12.6623,11.3443,1,0,none,baostock,query_history_k_data_plus
688021,SHSE.688021,,SH,A股-上交所,2026-03-23,26.51,27.55,24.55,24.75,26.9,5511918,142040373.82,-7.9926,7.2133,1,0,none,baostock,query_history_k_data_plus
688021,SHSE.688021,,SH,A股-上交所,2026-03-24,25.52,25.64,24.31,25.36,24.75,4279658,106107225.14,2.4646,5.6006,1,0,none,baostock,query_history_k_data_plus
688021,SHSE.688021,,SH,A股-上交所,2026-03-25,25.83,28.56,25.6,28.09,25.36,5986779,163845874.06,10.765,7.8347,1,0,none,baostock,query_history_k_data_plus
688021,SHSE.688021,,SH,A股-上交所,2026-03-26,28.19,28.7,27.3,27.82,28.09,4365981,121759845.36,-0.9612,5.7136,1,0,none,baostock,query_history_k_data_plus
688021,SHSE.688021,,SH,A股-上交所,2026-03-27,27.56,27.81,26.62,26.82,27.82,3675302,99414933.26,-3.5945,4.8097,1,0,none,baostock,query_history_k_data_plus
688021,SHSE.688021,,SH,A股-上交所,2026-03-30,26.65,27.08,25.96,26.36,26.82,3212451,84338007.37,-1.7151,4.204,1,0,none,baostock,query_history_k_data_plus
688021,SHSE.688021,,SH,A股-上交所,2026-03-31,26.17,26.78,25.1,25.25,26.36,3365214,87202376.95,-4.2109,4.4039,1,0,none,baostock,query_history_k_data_plus
688021,SHSE.688021,,SH,A股-上交所,2026-04-01,26.2,27.46,25.64,26.25,25.25,3692514,97745852.63,3.9604,4.8323,1,0,none,baostock,query_history_k_data_plus
688021,SHSE.688021,,SH,A股-上交所,2026-04-02,26.0,26.39,23.98,24.5,26.25,4667194,116378307.33,-6.6667,6.1078,1,0,none,baostock,query_history_k_data_plus
688021,SHSE.688021,,SH,A股-上交所,2026-04-03,24.37,24.61,23.28,23.45,24.5,4541683,107701239.59,-4.2857,5.9435,1,0,none,baostock,query_history_k_data_plus
688021,SHSE.688021,,SH,A股-上交所,2026-04-07,23.15,24.56,23.15,23.88,23.45,3946859,94886966.61,1.8337,5.1651,1,0,none,baostock,query_history_k_data_plus
688021,SHSE.688021,,SH,A股-上交所,2026-04-08,24.5,25.27,24.0,24.9,23.88,3355556,83343965.05,4.2714,4.3913,1,0,none,baostock,query_history_k_data_plus
688021,SHSE.688021,,SH,A股-上交所,2026-04-09,24.9,24.98,23.99,24.39,24.9,2055079,50471148.53,-2.0482,2.6894,1,0,none,baostock,query_history_k_data_plus
688021,SHSE.688021,,SH,A股-上交所,2026-04-10,24.81,25.24,24.23,24.56,24.39,2279470,56080938.85,0.697,2.9831,1,0,none,baostock,query_history_k_data_plus
688021,SHSE.688021,,SH,A股-上交所,2026-04-13,24.36,24.55,23.96,24.23,24.56,2096169,50840500.69,-1.3436,2.7432,1,0,none,baostock,query_history_k_data_plus
688021,SHSE.688021,,SH,A股-上交所,2026-04-14,24.51,25.63,24.0,24.18,24.23,2878697,70514308.38,-0.2064,3.7673,1,0,none,baostock,query_history_k_data_plus
688021,SHSE.688021,,SH,A股-上交所,2026-04-15,24.37,25.0,24.01,24.11,24.18,2429349,59491816.71,-0.2895,3.1792,1,0,none,baostock,query_history_k_data_plus
688021,SHSE.688021,,SH,A股-上交所,2026-04-16,24.08,24.64,23.82,24.41,24.11,1685964,40853975.32,1.2443,2.2064,1,0,none,baostock,query_history_k_data_plus
688021,SHSE.688021,,SH,A股-上交所,2026-04-17,24.5,24.52,23.89,24.31,24.41,1687067,40801335.96,-0.4097,2.2078,1,0,none,baostock,query_history_k_data_plus
