code,symbol,name,market,asset_type,date,open,high,low,close,preclose,volume,amount,pct_chg,turnover,trade_status,is_st,adjust,provider,source_function
688510,SHSE.688510,,SH,A股-上交所,2022-07-15,19.1,19.48,18.59,18.59,19.18,1055228,19974909.43,-3.0761,0.6611,1,0,none,baostock,query_history_k_data_plus
688510,SHSE.688510,,SH,A股-上交所,2022-07-18,18.5,18.98,17.98,18.39,18.59,1503970,27521049.96,-1.0758,0.9423,1,0,none,baostock,query_history_k_data_plus
688510,SHSE.688510,,SH,A股-上交所,2022-07-19,18.39,19.25,18.39,18.59,18.39,1472316,27629490.35,1.0875,0.9225,1,0,none,baostock,query_history_k_data_plus
688510,SHSE.688510,,SH,A股-上交所,2022-07-20,18.78,20.5,18.49,20.13,18.59,4055477,79924288.79,8.284,2.5409,1,0,none,baostock,query_history_k_data_plus
688510,SHSE.688510,,SH,A股-上交所,2022-07-21,20.46,20.46,19.6,19.72,20.13,1954238,38747074.72,-2.0368,1.2244,1,0,none,baostock,query_history_k_data_plus
688510,SHSE.688510,,SH,A股-上交所,2022-07-22,19.65,20.13,19.1,19.48,19.72,1369953,26685323.68,-1.217,0.8583,1,0,none,baostock,query_history_k_data_plus
688510,SHSE.688510,,SH,A股-上交所,2022-07-25,19.64,20.33,19.01,19.4,19.48,1469855,28751727.64,-0.4107,0.9209,1,0,none,baostock,query_history_k_data_plus
688510,SHSE.688510,,SH,A股-上交所,2022-07-26,19.4,19.85,18.85,19.52,19.4,1052194,20387792.02,0.6186,0.6592,1,0,none,baostock,query_history_k_data_plus
688510,SHSE.688510,,SH,A股-上交所,2022-07-27,19.7,20.25,19.28,19.68,19.52,1396297,27638540.05,0.8197,0.8748,1,0,none,baostock,query_history_k_data_plus
688510,SHSE.688510,,SH,A股-上交所,2022-07-28,19.68,20.6,19.6,20.22,19.68,2751316,55699700.21,2.7439,1.7238,1,0,none,baostock,query_history_k_data_plus
688510,SHSE.688510,,SH,A股-上交所,2022-07-29,20.58,20.6,19.26,19.46,20.22,1957827,38504848.13,-3.7587,1.2266,1,0,none,baostock,query_history_k_data_plus
688510,SHSE.688510,,SH,A股-上交所,2022-08-01,19.49,19.85,19.31,19.45,19.46,1207715,23517687.1,-0.0514,0.7567,1,0,none,baostock,query_history_k_data_plus
688510,SHSE.688510,,SH,A股-上交所,2022-08-02,19.51,20.16,18.52,18.62,19.45,2110504,40306758.93,-4.2674,1.3223,1,0,none,baostock,query_history_k_data_plus
688510,SHSE.688510,,SH,A股-上交所,2022-08-03,18.62,19.76,18.22,19.45,18.62,3714097,72199285.14,4.4576,2.327,1,0,none,baostock,query_history_k_data_plus
688510,SHSE.688510,,SH,A股-上交所,2022-08-04,19.45,19.55,18.56,18.78,19.45,2007071,38075269.0,-3.4447,1.2575,1,0,none,baostock,query_history_k_data_plus
688510,SHSE.688510,,SH,A股-上交所,2022-08-05,18.78,19.7,18.78,19.46,18.78,1826427,35396438.0,3.6209,1.1443,1,0,none,baostock,query_history_k_data_plus
688510,SHSE.688510,,SH,A股-上交所,2022-08-08,19.5,20.2,19.2,20.01,19.46,1912861,38007065.0,2.8263,1.1985,1,0,none,baostock,query_history_k_data_plus
688510,SHSE.688510,,SH,A股-上交所,2022-08-09,20.01,20.14,19.4,20.03,20.01,1630891,32216414.0,0.1,1.0218,1,0,none,baostock,query_history_k_data_plus
688510,SHSE.688510,,SH,A股-上交所,2022-08-10,20.17,21.3,19.87,21.05,20.03,3788846,78300997.0,5.0924,2.3738,1,0,none,baostock,query_history_k_data_plus
688510,SHSE.688510,,SH,A股-上交所,2022-08-11,21.04,21.6,20.28,21.47,21.05,3892663,81157736.0,1.9952,2.4389,1,0,none,baostock,query_history_k_data_plus
688510,SHSE.688510,,SH,A股-上交所,2022-08-12,21.2,21.26,20.15,20.19,21.47,2537016,52097574.0,-5.9618,1.5895,1,0,none,baostock,query_history_k_data_plus
688510,SHSE.688510,,SH,A股-上交所,2022-08-15,20.13,20.6,19.91,20.29,20.19,1371636,27690325.93,0.4953,0.8594,1,0,none,baostock,query_history_k_data_plus
688510,SHSE.688510,,SH,A股-上交所,2022-08-16,20.08,20.54,19.53,19.66,20.29,2014552,40073442.92,-3.105,1.2622,1,0,none,baostock,query_history_k_data_plus
688510,SHSE.688510,,SH,A股-上交所,2022-08-17,19.57,20.25,19.39,19.5,19.66,1405782,27731382.55,-0.8138,0.8808,1,0,none,baostock,query_history_k_data_plus
688510,SHSE.688510,,SH,A股-上交所,2022-08-18,19.45,20.36,19.27,20.34,19.5,2342797,46799175.95,4.3077,1.4678,1,0,none,baostock,query_history_k_data_plus
688510,SHSE.688510,,SH,A股-上交所,2022-08-19,20.22,20.67,19.58,19.66,20.34,1782028,35588959.26,-3.3432,1.1165,1,0,none,baostock,query_history_k_data_plus
688510,SHSE.688510,,SH,A股-上交所,2022-08-22,19.61,19.91,19.26,19.77,19.66,1099598,21691886.12,0.5595,0.6889,1,0,none,baostock,query_history_k_data_plus
688510,SHSE.688510,,SH,A股-上交所,2022-08-23,19.77,19.79,19.26,19.33,19.77,719587,13979363.73,-2.2256,0.4508,1,0,none,baostock,query_history_k_data_plus
688510,SHSE.688510,,SH,A股-上交所,2022-08-24,19.47,19.58,18.03,18.79,19.33,1813076,33676436.69,-2.7936,1.136,1,0,none,baostock,query_history_k_data_plus
688510,SHSE.688510,,SH,A股-上交所,2022-08-25,18.58,18.83,18.26,18.33,18.79,676690,12518308.66,-2.4481,0.424,1,0,none,baostock,query_history_k_data_plus
688510,SHSE.688510,,SH,A股-上交所,2022-08-26,18.38,18.7,17.91,17.91,18.33,521862,9540526.81,-2.2913,0.327,1,0,none,baostock,query_history_k_data_plus
688510,SHSE.688510,,SH,A股-上交所,2022-08-29,17.3,18.83,17.05,17.56,17.91,1338023,24116543.45,-1.9542,0.8383,1,0,none,baostock,query_history_k_data_plus
688510,SHSE.688510,,SH,A股-上交所,2022-08-30,17.56,18.0,17.19,17.33,17.56,757139,13247109.06,-1.3098,0.4744,1,0,none,baostock,query_history_k_data_plus
688510,SHSE.688510,,SH,A股-上交所,2022-08-31,17.49,17.69,16.72,16.98,17.33,1108881,18851404.3,-2.0196,0.6948,1,0,none,baostock,query_history_k_data_plus
688510,SHSE.688510,,SH,A股-上交所,2022-09-01,16.7,17.19,16.37,16.78,16.98,554718,9382844.02,-1.1779,0.3475,1,0,none,baostock,query_history_k_data_plus
688510,SHSE.688510,,SH,A股-上交所,2022-09-02,17.12,17.45,16.83,17.25,16.78,568203,9768409.96,2.801,0.356,1,0,none,baostock,query_history_k_data_plus
688510,SHSE.688510,,SH,A股-上交所,2022-09-05,17.49,17.51,17.03,17.25,17.25,391046,6737700.43,0.0,0.245,1,0,none,baostock,query_history_k_data_plus
688510,SHSE.688510,,SH,A股-上交所,2022-09-06,17.44,17.87,17.02,17.46,17.25,717834,12548474.52,1.2174,0.4497,1,0,none,baostock,query_history_k_data_plus
688510,SHSE.688510,,SH,A股-上交所,2022-09-07,17.49,17.96,17.31,17.82,17.46,618863,10945485.35,2.0619,0.3877,1,0,none,baostock,query_history_k_data_plus
688510,SHSE.688510,,SH,A股-上交所,2022-09-08,17.82,18.11,17.39,17.39,17.82,1184723,20911539.21,-2.413,0.7423,1,0,none,baostock,query_history_k_data_plus
688510,SHSE.688510,,SH,A股-上交所,2022-09-09,17.4,17.75,16.9,17.11,17.39,774624,13322670.82,-1.6101,0.4853,1,0,none,baostock,query_history_k_data_plus
688510,SHSE.688510,,SH,A股-上交所,2022-09-13,17.45,18.83,17.4,18.54,17.11,2275499,41178543.27,8.3577,1.4257,1,0,none,baostock,query_history_k_data_plus
688510,SHSE.688510,,SH,A股-上交所,2022-09-14,18.2,19.89,18.2,19.6,18.54,3905466,75080845.41,5.7174,2.4469,1,0,none,baostock,query_history_k_data_plus
688510,SHSE.688510,,SH,A股-上交所,2022-09-15,19.58,19.65,18.77,19.01,19.6,2590176,49648808.63,-3.0102,1.6228,1,0,none,baostock,query_history_k_data_plus
688510,SHSE.688510,,SH,A股-上交所,2022-09-16,19.02,19.83,19.0,19.57,19.01,2981309,58542705.27,2.9458,1.8679,1,0,none,baostock,query_history_k_data_plus
688510,SHSE.688510,,SH,A股-上交所,2022-09-19,19.42,19.7,18.82,19.07,19.57,1717335,33042517.76,-2.5549,1.076,1,0,none,baostock,query_history_k_data_plus
688510,SHSE.688510,,SH,A股-上交所,2022-09-20,18.89,19.27,18.48,18.73,19.07,1576449,29690419.52,-1.7829,0.9877,1,0,none,baostock,query_history_k_data_plus
688510,SHSE.688510,,SH,A股-上交所,2022-09-21,18.69,18.7,18.0,18.44,18.73,963787,17707316.93,-1.5483,0.6038,1,0,none,baostock,query_history_k_data_plus
688510,SHSE.688510,,SH,A股-上交所,2022-09-22,18.28,19.2,18.28,18.58,18.44,1405985,26428598.37,0.7592,0.8809,1,0,none,baostock,query_history_k_data_plus
688510,SHSE.688510,,SH,A股-上交所,2022-09-23,18.58,19.18,17.6,17.72,18.58,1489659,27037211.57,-4.6286,0.9333,1,0,none,baostock,query_history_k_data_plus
688510,SHSE.688510,,SH,A股-上交所,2022-09-26,17.74,17.79,16.83,17.23,17.72,1359847,23482126.41,-2.7652,0.852,1,0,none,baostock,query_history_k_data_plus
688510,SHSE.688510,,SH,A股-上交所,2022-09-27,17.27,17.64,17.06,17.38,17.23,690736,11969217.53,0.8706,0.4328,1,0,none,baostock,query_history_k_data_plus
688510,SHSE.688510,,SH,A股-上交所,2022-09-28,17.59,18.5,16.5,16.59,17.38,1383925,23853566.81,-4.5455,0.8671,1,0,none,baostock,query_history_k_data_plus
688510,SHSE.688510,,SH,A股-上交所,2022-09-29,16.66,17.14,16.5,16.8,16.59,666445,11205085.73,1.2658,0.4175,1,0,none,baostock,query_history_k_data_plus
688510,SHSE.688510,,SH,A股-上交所,2022-09-30,16.36,16.77,15.62,15.62,16.8,1103256,17670358.84,-7.0238,0.6912,1,0,none,baostock,query_history_k_data_plus
688510,SHSE.688510,,SH,A股-上交所,2022-10-10,15.71,16.0,15.12,15.24,15.62,638779,9933924.09,-2.4328,0.4002,1,0,none,baostock,query_history_k_data_plus
688510,SHSE.688510,,SH,A股-上交所,2022-10-11,15.23,15.58,15.09,15.42,15.24,497972,7644661.16,1.1811,0.312,1,0,none,baostock,query_history_k_data_plus
688510,SHSE.688510,,SH,A股-上交所,2022-10-12,15.68,16.11,15.1,15.94,15.42,590127,9212347.76,3.3722,0.3697,1,0,none,baostock,query_history_k_data_plus
688510,SHSE.688510,,SH,A股-上交所,2022-10-13,16.12,16.36,15.8,15.83,15.94,507401,8129521.45,-0.6901,0.3179,1,0,none,baostock,query_history_k_data_plus
688510,SHSE.688510,,SH,A股-上交所,2022-10-14,15.96,16.73,15.92,16.47,15.83,967152,15833624.81,4.043,0.606,1,0,none,baostock,query_history_k_data_plus
688510,SHSE.688510,,SH,A股-上交所,2022-10-17,16.42,18.09,16.39,17.5,16.47,1827490,31789037.91,6.2538,1.145,1,0,none,baostock,query_history_k_data_plus
688510,SHSE.688510,,SH,A股-上交所,2022-10-18,18.07,18.07,17.03,17.25,17.5,947625,16392709.22,-1.4286,0.5937,1,0,none,baostock,query_history_k_data_plus
688510,SHSE.688510,,SH,A股-上交所,2022-10-19,17.35,17.63,16.93,17.09,17.25,753181,12991301.7,-0.9275,0.4719,1,0,none,baostock,query_history_k_data_plus
688510,SHSE.688510,,SH,A股-上交所,2022-10-20,17.25,17.6,16.75,17.2,17.09,990473,17066314.05,0.6437,0.6206,1,0,none,baostock,query_history_k_data_plus
688510,SHSE.688510,,SH,A股-上交所,2022-10-21,17.55,17.55,16.91,17.11,17.2,458473,7866683.36,-0.5233,0.2872,1,0,none,baostock,query_history_k_data_plus
688510,SHSE.688510,,SH,A股-上交所,2022-10-24,17.08,18.18,17.08,17.46,17.11,1669081,29640608.2,2.0456,1.0457,1,0,none,baostock,query_history_k_data_plus
688510,SHSE.688510,,SH,A股-上交所,2022-10-25,17.82,18.68,17.44,18.07,17.46,2189572,39709806.19,3.4937,1.3718,1,0,none,baostock,query_history_k_data_plus
688510,SHSE.688510,,SH,A股-上交所,2022-10-26,18.01,18.87,17.52,18.65,18.07,1989217,36528592.46,3.2097,1.2463,1,0,none,baostock,query_history_k_data_plus
688510,SHSE.688510,,SH,A股-上交所,2022-10-27,18.77,19.15,18.35,18.49,18.65,1253616,23304151.11,-0.8579,0.7854,1,0,none,baostock,query_history_k_data_plus
688510,SHSE.688510,,SH,A股-上交所,2022-10-28,18.15,18.64,17.61,17.7,18.49,1051821,19012181.36,-4.2726,0.659,1,0,none,baostock,query_history_k_data_plus
688510,SHSE.688510,,SH,A股-上交所,2022-10-31,17.7,19.5,17.49,19.02,17.7,2337085,44113187.8,7.4576,1.4643,1,0,none,baostock,query_history_k_data_plus
688510,SHSE.688510,,SH,A股-上交所,2022-11-01,19.49,19.49,18.35,18.67,19.02,2191251,41019017.37,-1.8402,1.3729,1,0,none,baostock,query_history_k_data_plus
688510,SHSE.688510,,SH,A股-上交所,2022-11-02,18.93,18.93,18.42,18.61,18.67,1177868,21964229.36,-0.3214,0.738,1,0,none,baostock,query_history_k_data_plus
688510,SHSE.688510,,SH,A股-上交所,2022-11-03,18.86,19.26,18.26,19.03,18.61,1743591,33122482.82,2.2569,1.0924,1,0,none,baostock,query_history_k_data_plus
688510,SHSE.688510,,SH,A股-上交所,2022-11-04,19.01,19.31,18.68,18.69,19.03,1570233,29555573.86,-1.7867,0.9838,1,0,none,baostock,query_history_k_data_plus
688510,SHSE.688510,,SH,A股-上交所,2022-11-07,18.69,19.14,18.29,18.56,18.69,1550622,28827846.63,-0.6956,0.9715,1,0,none,baostock,query_history_k_data_plus
688510,SHSE.688510,,SH,A股-上交所,2022-11-08,18.45,18.91,18.39,18.75,18.56,1367567,25541745.85,1.0237,0.8568,1,0,none,baostock,query_history_k_data_plus
688510,SHSE.688510,,SH,A股-上交所,2022-11-09,19.21,19.48,18.7,18.78,18.75,1779414,33902496.36,0.16,1.1149,1,0,none,baostock,query_history_k_data_plus
688510,SHSE.688510,,SH,A股-上交所,2022-11-10,18.78,18.79,17.78,17.9,18.78,1556707,28208579.62,-4.6858,0.9753,1,0,none,baostock,query_history_k_data_plus
688510,SHSE.688510,,SH,A股-上交所,2022-11-11,18.25,18.75,17.98,18.08,17.9,1552445,28427406.59,1.0056,0.9727,1,0,none,baostock,query_history_k_data_plus
688510,SHSE.688510,,SH,A股-上交所,2022-11-14,18.02,18.18,17.32,17.48,18.08,1815251,32018923.94,-3.3186,1.1373,1,0,none,baostock,query_history_k_data_plus
688510,SHSE.688510,,SH,A股-上交所,2022-11-15,17.45,17.87,17.28,17.77,17.48,1703750,30108900.5,1.659,1.0675,1,0,none,baostock,query_history_k_data_plus
688510,SHSE.688510,,SH,A股-上交所,2022-11-16,17.78,19.2,17.7,18.32,17.77,3249912,60470960.73,3.0951,2.0362,1,0,none,baostock,query_history_k_data_plus
688510,SHSE.688510,,SH,A股-上交所,2022-11-17,18.0,18.45,17.61,18.37,18.32,1718080,30816943.24,0.2729,1.0764,1,0,none,baostock,query_history_k_data_plus
688510,SHSE.688510,,SH,A股-上交所,2022-11-18,18.5,18.5,17.47,17.52,18.37,1670629,29872418.57,-4.6271,1.0467,1,0,none,baostock,query_history_k_data_plus
688510,SHSE.688510,,SH,A股-上交所,2022-11-21,17.4,17.93,17.3,17.64,17.52,969696,17063751.72,0.6849,0.6075,1,0,none,baostock,query_history_k_data_plus
688510,SHSE.688510,,SH,A股-上交所,2022-11-22,17.54,17.85,16.98,17.14,17.64,1219268,21138400.6,-2.8345,0.7639,1,0,none,baostock,query_history_k_data_plus
688510,SHSE.688510,,SH,A股-上交所,2022-11-23,17.02,17.31,16.6,16.98,17.14,853605,14407908.46,-0.9335,0.5348,1,0,none,baostock,query_history_k_data_plus
688510,SHSE.688510,,SH,A股-上交所,2022-11-24,16.98,17.22,16.7,16.77,16.98,561020,9473893.4,-1.2367,0.3515,1,0,none,baostock,query_history_k_data_plus
688510,SHSE.688510,,SH,A股-上交所,2022-11-25,16.64,16.93,16.45,16.47,16.77,537148,8922014.37,-1.7889,0.3365,1,0,none,baostock,query_history_k_data_plus
688510,SHSE.688510,,SH,A股-上交所,2022-11-28,16.04,16.69,16.04,16.34,16.47,756166,12318251.88,-0.7893,0.4738,1,0,none,baostock,query_history_k_data_plus
688510,SHSE.688510,,SH,A股-上交所,2022-11-29,16.44,16.6,16.27,16.53,16.34,705678,11610105.15,1.1628,0.4421,1,0,none,baostock,query_history_k_data_plus
688510,SHSE.688510,,SH,A股-上交所,2022-11-30,16.8,16.9,16.36,16.37,16.53,795800,13175927.22,-0.9679,0.4986,1,0,none,baostock,query_history_k_data_plus
688510,SHSE.688510,,SH,A股-上交所,2022-12-01,16.57,16.95,16.5,16.59,16.37,871811,14586841.83,1.3439,0.5462,1,0,none,baostock,query_history_k_data_plus
688510,SHSE.688510,,SH,A股-上交所,2022-12-02,16.68,16.99,16.5,16.57,16.59,675614,11277315.59,-0.1206,0.4233,1,0,none,baostock,query_history_k_data_plus
688510,SHSE.688510,,SH,A股-上交所,2022-12-05,16.57,16.93,16.38,16.66,16.57,759805,12579191.06,0.5432,0.476,1,0,none,baostock,query_history_k_data_plus
688510,SHSE.688510,,SH,A股-上交所,2022-12-06,16.51,16.81,16.38,16.63,16.66,779565,12933005.35,-0.1801,0.4884,1,0,none,baostock,query_history_k_data_plus
688510,SHSE.688510,,SH,A股-上交所,2022-12-07,16.5,16.75,16.5,16.65,16.63,548539,9130681.39,0.1203,0.3437,1,0,none,baostock,query_history_k_data_plus
688510,SHSE.688510,,SH,A股-上交所,2022-12-08,16.69,16.82,16.22,16.28,16.65,685332,11228623.6,-2.2222,0.4294,1,0,none,baostock,query_history_k_data_plus
688510,SHSE.688510,,SH,A股-上交所,2022-12-09,16.11,16.47,15.9,16.03,16.28,794467,12738603.72,-1.5356,0.4978,1,0,none,baostock,query_history_k_data_plus
688510,SHSE.688510,,SH,A股-上交所,2022-12-12,15.91,16.55,15.74,16.51,16.03,964736,15658148.86,2.9944,0.6044,1,0,none,baostock,query_history_k_data_plus
688510,SHSE.688510,,SH,A股-上交所,2022-12-13,16.28,16.74,16.18,16.2,16.51,675633,11103036.34,-1.8776,0.4233,1,0,none,baostock,query_history_k_data_plus
688510,SHSE.688510,,SH,A股-上交所,2022-12-14,16.26,16.57,16.11,16.11,16.2,507920,8304953.57,-0.5556,0.3182,1,0,none,baostock,query_history_k_data_plus
688510,SHSE.688510,,SH,A股-上交所,2022-12-15,16.17,16.43,16.04,16.26,16.11,305938,4987087.3,0.9311,0.1917,1,0,none,baostock,query_history_k_data_plus
688510,SHSE.688510,,SH,A股-上交所,2022-12-16,16.27,16.4,15.9,16.03,16.26,529042,8525741.96,-1.4145,0.3186,1,0,none,baostock,query_history_k_data_plus
688510,SHSE.688510,,SH,A股-上交所,2022-12-19,16.0,16.45,15.52,15.6,16.03,547194,8611120.09,-2.6825,0.3295,1,0,none,baostock,query_history_k_data_plus
688510,SHSE.688510,,SH,A股-上交所,2022-12-20,15.6,15.88,15.5,15.54,15.6,363911,5685116.06,-0.3846,0.2191,1,0,none,baostock,query_history_k_data_plus
688510,SHSE.688510,,SH,A股-上交所,2022-12-21,16.07,16.07,15.24,15.42,15.54,675205,10554693.71,-0.7722,0.4066,1,0,none,baostock,query_history_k_data_plus
688510,SHSE.688510,,SH,A股-上交所,2022-12-22,15.49,15.69,15.07,15.1,15.42,544610,8338288.14,-2.0752,0.3279,1,0,none,baostock,query_history_k_data_plus
688510,SHSE.688510,,SH,A股-上交所,2022-12-23,15.08,15.37,14.98,15.16,15.1,655544,9927877.22,0.3974,0.3947,1,0,none,baostock,query_history_k_data_plus
688510,SHSE.688510,,SH,A股-上交所,2022-12-26,15.05,15.76,15.05,15.7,15.16,654934,10162075.49,3.562,0.3944,1,0,none,baostock,query_history_k_data_plus
688510,SHSE.688510,,SH,A股-上交所,2022-12-27,15.99,15.99,15.44,15.66,15.7,577008,9029695.5,-0.2548,0.3475,1,0,none,baostock,query_history_k_data_plus
688510,SHSE.688510,,SH,A股-上交所,2022-12-28,15.45,15.78,15.34,15.47,15.66,593837,9202471.46,-1.2133,0.3576,1,0,none,baostock,query_history_k_data_plus
688510,SHSE.688510,,SH,A股-上交所,2022-12-29,15.46,15.89,14.9,15.68,15.47,741187,11617916.8,1.3575,0.4463,1,0,none,baostock,query_history_k_data_plus
688510,SHSE.688510,,SH,A股-上交所,2022-12-30,15.96,15.98,15.58,15.9,15.68,514582,8144741.1,1.4031,0.3099,1,0,none,baostock,query_history_k_data_plus
688510,SHSE.688510,,SH,A股-上交所,2023-01-03,15.66,17.4,15.66,17.04,15.9,2051574,34402543.68,7.1698,1.2354,1,0,none,baostock,query_history_k_data_plus
688510,SHSE.688510,,SH,A股-上交所,2023-01-04,17.35,17.35,16.59,16.7,17.04,731387,12300316.18,-1.9953,0.4404,1,0,none,baostock,query_history_k_data_plus
688510,SHSE.688510,,SH,A股-上交所,2023-01-05,17.25,17.25,16.63,16.8,16.7,620342,10454608.71,0.5988,0.3735,1,0,none,baostock,query_history_k_data_plus
688510,SHSE.688510,,SH,A股-上交所,2023-01-06,16.99,16.99,16.63,16.65,16.8,355277,5948242.07,-0.8929,0.2139,1,0,none,baostock,query_history_k_data_plus
688510,SHSE.688510,,SH,A股-上交所,2023-01-09,16.68,16.87,16.4,16.4,16.65,717318,11837883.91,-1.5015,0.4319,1,0,none,baostock,query_history_k_data_plus
688510,SHSE.688510,,SH,A股-上交所,2023-01-10,16.4,16.71,16.3,16.48,16.4,399002,6586537.26,0.4878,0.2403,1,0,none,baostock,query_history_k_data_plus
688510,SHSE.688510,,SH,A股-上交所,2023-01-11,16.83,16.83,16.45,16.47,16.48,473692,7839860.34,-0.0607,0.2852,1,0,none,baostock,query_history_k_data_plus
688510,SHSE.688510,,SH,A股-上交所,2023-01-12,16.66,16.99,16.31,16.37,16.47,601329,10000421.58,-0.6072,0.3621,1,0,none,baostock,query_history_k_data_plus
688510,SHSE.688510,,SH,A股-上交所,2023-01-13,16.37,16.78,16.19,16.58,16.37,915262,15128930.03,1.2828,0.5511,1,0,none,baostock,query_history_k_data_plus
688510,SHSE.688510,,SH,A股-上交所,2023-01-16,16.8,16.99,16.5,16.71,16.58,688196,11466841.78,0.7841,0.4144,1,0,none,baostock,query_history_k_data_plus
688510,SHSE.688510,,SH,A股-上交所,2023-01-17,16.77,17.02,16.63,16.74,16.71,748288,12593043.17,0.1795,0.4506,1,0,none,baostock,query_history_k_data_plus
688510,SHSE.688510,,SH,A股-上交所,2023-01-18,16.7,17.09,16.65,16.88,16.74,645272,10914388.8,0.8363,0.3886,1,0,none,baostock,query_history_k_data_plus
688510,SHSE.688510,,SH,A股-上交所,2023-01-19,16.98,18.1,16.83,17.83,16.88,2140845,37626561.26,5.628,1.2891,1,0,none,baostock,query_history_k_data_plus
688510,SHSE.688510,,SH,A股-上交所,2023-01-20,17.97,17.98,17.28,17.48,17.83,843282,14779793.9,-1.963,0.5078,1,0,none,baostock,query_history_k_data_plus
688510,SHSE.688510,,SH,A股-上交所,2023-01-30,17.6,18.96,17.6,18.6,17.48,3378935,62463463.51,6.4073,2.0347,1,0,none,baostock,query_history_k_data_plus
688510,SHSE.688510,,SH,A股-上交所,2023-01-31,18.57,18.8,18.2,18.66,18.6,1142095,21158034.92,0.3226,0.6877,1,0,none,baostock,query_history_k_data_plus
688510,SHSE.688510,,SH,A股-上交所,2023-02-01,18.82,18.82,18.46,18.7,18.66,1019958,19010952.2,0.2144,0.6142,1,0,none,baostock,query_history_k_data_plus
688510,SHSE.688510,,SH,A股-上交所,2023-02-02,18.81,19.26,18.38,18.53,18.7,1229968,23001707.15,-0.9091,0.7406,1,0,none,baostock,query_history_k_data_plus
688510,SHSE.688510,,SH,A股-上交所,2023-02-03,18.38,18.7,18.26,18.56,18.53,833106,15382908.27,0.1619,0.5017,1,0,none,baostock,query_history_k_data_plus
688510,SHSE.688510,,SH,A股-上交所,2023-02-06,18.56,18.88,18.2,18.34,18.56,977833,18060619.79,-1.1853,0.5888,1,0,none,baostock,query_history_k_data_plus
688510,SHSE.688510,,SH,A股-上交所,2023-02-07,18.29,18.68,18.15,18.3,18.34,739113,13528352.79,-0.2181,0.4451,1,0,none,baostock,query_history_k_data_plus
688510,SHSE.688510,,SH,A股-上交所,2023-02-08,18.53,18.53,17.93,18.0,18.3,918761,16617685.29,-1.6393,0.5532,1,0,none,baostock,query_history_k_data_plus
688510,SHSE.688510,,SH,A股-上交所,2023-02-09,17.97,18.33,17.93,18.24,18.0,784992,14292005.77,1.3333,0.4727,1,0,none,baostock,query_history_k_data_plus
688510,SHSE.688510,,SH,A股-上交所,2023-02-10,18.25,18.42,17.85,18.01,18.24,701998,12708328.55,-1.261,0.4227,1,0,none,baostock,query_history_k_data_plus
688510,SHSE.688510,,SH,A股-上交所,2023-02-13,18.1,18.8,18.09,18.33,18.01,1731176,31850946.1,1.7768,1.0424,1,0,none,baostock,query_history_k_data_plus
688510,SHSE.688510,,SH,A股-上交所,2023-02-14,18.45,18.45,18.03,18.12,18.33,576327,10448585.91,-1.1457,0.347,1,0,none,baostock,query_history_k_data_plus
688510,SHSE.688510,,SH,A股-上交所,2023-02-15,18.19,18.42,18.07,18.35,18.12,928123,16969331.48,1.2693,0.5589,1,0,none,baostock,query_history_k_data_plus
688510,SHSE.688510,,SH,A股-上交所,2023-02-16,18.3,18.36,17.56,17.64,18.35,1243491,22326620.03,-3.8692,0.7488,1,0,none,baostock,query_history_k_data_plus
688510,SHSE.688510,,SH,A股-上交所,2023-02-17,17.65,17.98,17.37,17.71,17.64,906625,16010974.22,0.3968,0.5459,1,0,none,baostock,query_history_k_data_plus
688510,SHSE.688510,,SH,A股-上交所,2023-02-20,17.71,17.77,17.26,17.51,17.71,921326,16074321.88,-1.1293,0.5548,1,0,none,baostock,query_history_k_data_plus
688510,SHSE.688510,,SH,A股-上交所,2023-02-21,17.51,17.85,17.34,17.54,17.51,1148743,20182599.34,0.1713,0.6917,1,0,none,baostock,query_history_k_data_plus
688510,SHSE.688510,,SH,A股-上交所,2023-02-22,17.55,17.87,17.37,17.74,17.54,1392843,24595671.75,1.1403,0.8387,1,0,none,baostock,query_history_k_data_plus
688510,SHSE.688510,,SH,A股-上交所,2023-02-23,17.78,17.85,17.36,17.47,17.74,939509,16467418.42,-1.522,0.5657,1,0,none,baostock,query_history_k_data_plus
688510,SHSE.688510,,SH,A股-上交所,2023-02-24,17.59,17.78,17.46,17.54,17.47,1444859,25466471.61,0.4007,0.87,1,0,none,baostock,query_history_k_data_plus
688510,SHSE.688510,,SH,A股-上交所,2023-02-27,17.54,17.65,17.21,17.3,17.54,1279425,22243328.81,-1.3683,0.7704,1,0,none,baostock,query_history_k_data_plus
688510,SHSE.688510,,SH,A股-上交所,2023-02-28,17.49,17.56,17.2,17.36,17.3,1306880,22719698.42,0.3468,0.787,1,0,none,baostock,query_history_k_data_plus
688510,SHSE.688510,,SH,A股-上交所,2023-03-01,17.45,17.73,17.29,17.72,17.36,1306626,22956054.3,2.0737,0.7868,1,0,none,baostock,query_history_k_data_plus
688510,SHSE.688510,,SH,A股-上交所,2023-03-02,17.8,18.36,17.62,17.86,17.72,1530412,27537747.97,0.7901,0.9216,1,0,none,baostock,query_history_k_data_plus
688510,SHSE.688510,,SH,A股-上交所,2023-03-03,17.88,18.14,17.74,18.04,17.86,1288429,23147654.46,1.0078,0.7758,1,0,none,baostock,query_history_k_data_plus
688510,SHSE.688510,,SH,A股-上交所,2023-03-06,18.21,18.48,17.92,18.06,18.04,1368868,24856773.0,0.1109,0.8243,1,0,none,baostock,query_history_k_data_plus
688510,SHSE.688510,,SH,A股-上交所,2023-03-07,18.09,18.29,17.51,17.51,18.06,1093471,19484167.08,-3.0454,0.6584,1,0,none,baostock,query_history_k_data_plus
688510,SHSE.688510,,SH,A股-上交所,2023-03-08,17.49,17.98,17.49,17.85,17.51,856692,15292797.8,1.9417,0.5159,1,0,none,baostock,query_history_k_data_plus
688510,SHSE.688510,,SH,A股-上交所,2023-03-09,17.81,18.07,17.75,17.84,17.85,910118,16287652.41,-0.056,0.548,1,0,none,baostock,query_history_k_data_plus
688510,SHSE.688510,,SH,A股-上交所,2023-03-10,17.84,18.02,17.7,17.74,17.84,795872,14200410.19,-0.5605,0.4792,1,0,none,baostock,query_history_k_data_plus
688510,SHSE.688510,,SH,A股-上交所,2023-03-13,17.59,17.95,17.5,17.81,17.74,938721,16661849.78,0.3946,0.5653,1,0,none,baostock,query_history_k_data_plus
688510,SHSE.688510,,SH,A股-上交所,2023-03-14,17.74,17.97,17.46,17.68,17.81,1370985,24215999.23,-0.7299,0.8256,1,0,none,baostock,query_history_k_data_plus
688510,SHSE.688510,,SH,A股-上交所,2023-03-15,17.69,18.03,17.42,17.44,17.68,1140692,20174048.54,-1.3575,0.6869,1,0,none,baostock,query_history_k_data_plus
688510,SHSE.688510,,SH,A股-上交所,2023-03-16,17.48,17.58,16.8,16.88,17.44,1093419,18684198.46,-3.211,0.6584,1,0,none,baostock,query_history_k_data_plus
688510,SHSE.688510,,SH,A股-上交所,2023-03-17,17.15,17.16,16.67,16.74,16.88,1147001,19388263.52,-0.8294,0.6907,1,0,none,baostock,query_history_k_data_plus
688510,SHSE.688510,,SH,A股-上交所,2023-03-20,16.81,16.86,16.3,16.66,16.74,712892,11865630.88,-0.4779,0.4293,1,0,none,baostock,query_history_k_data_plus
688510,SHSE.688510,,SH,A股-上交所,2023-03-21,16.79,17.28,16.79,17.25,16.66,1079910,18507541.68,3.5414,0.6503,1,0,none,baostock,query_history_k_data_plus
688510,SHSE.688510,,SH,A股-上交所,2023-03-22,17.24,17.36,17.16,17.29,17.25,713269,12317706.74,0.2319,0.4295,1,0,none,baostock,query_history_k_data_plus
688510,SHSE.688510,,SH,A股-上交所,2023-03-23,17.3,17.5,17.1,17.36,17.29,786535,13588851.51,0.4049,0.4736,1,0,none,baostock,query_history_k_data_plus
688510,SHSE.688510,,SH,A股-上交所,2023-03-24,17.2,17.42,17.13,17.2,17.36,871031,15001018.26,-0.9217,0.5245,1,0,none,baostock,query_history_k_data_plus
688510,SHSE.688510,,SH,A股-上交所,2023-03-27,17.24,17.34,16.82,16.88,17.2,696950,11808037.09,-1.8605,0.4197,1,0,none,baostock,query_history_k_data_plus
688510,SHSE.688510,,SH,A股-上交所,2023-03-28,16.88,16.99,16.58,16.68,16.88,904133,15175574.46,-1.1848,0.5444,1,0,none,baostock,query_history_k_data_plus
688510,SHSE.688510,,SH,A股-上交所,2023-03-29,16.91,16.91,16.38,16.41,16.68,1193116,19672598.66,-1.6187,0.7184,1,0,none,baostock,query_history_k_data_plus
688510,SHSE.688510,,SH,A股-上交所,2023-03-30,16.51,16.57,16.16,16.23,16.41,790789,12903580.77,-1.0969,0.4762,1,0,none,baostock,query_history_k_data_plus
688510,SHSE.688510,,SH,A股-上交所,2023-03-31,16.33,16.45,16.11,16.24,16.23,807317,13091956.89,0.0616,0.4861,1,0,none,baostock,query_history_k_data_plus
688510,SHSE.688510,,SH,A股-上交所,2023-04-03,16.18,16.6,16.02,16.51,16.24,1121150,18408403.08,1.6626,0.6751,1,0,none,baostock,query_history_k_data_plus
688510,SHSE.688510,,SH,A股-上交所,2023-04-04,16.62,16.7,15.9,16.04,16.51,1499961,24282380.89,-2.8468,0.9032,1,0,none,baostock,query_history_k_data_plus
688510,SHSE.688510,,SH,A股-上交所,2023-04-06,16.04,16.37,15.95,16.23,16.04,718327,11627234.2,1.1845,0.4325,1,0,none,baostock,query_history_k_data_plus
688510,SHSE.688510,,SH,A股-上交所,2023-04-07,16.23,16.66,16.23,16.63,16.23,1065634,17591677.15,2.4646,0.6417,1,0,none,baostock,query_history_k_data_plus
688510,SHSE.688510,,SH,A股-上交所,2023-04-10,16.7,17.07,16.43,16.58,16.63,944666,15757954.2,-0.3007,0.5688,1,0,none,baostock,query_history_k_data_plus
688510,SHSE.688510,,SH,A股-上交所,2023-04-11,16.49,16.73,16.05,16.21,16.58,996892,16256112.83,-2.2316,0.6003,1,0,none,baostock,query_history_k_data_plus
688510,SHSE.688510,,SH,A股-上交所,2023-04-12,16.25,16.46,16.12,16.37,16.21,622661,10141727.35,0.987,0.3749,1,0,none,baostock,query_history_k_data_plus
688510,SHSE.688510,,SH,A股-上交所,2023-04-13,16.4,16.67,16.19,16.53,16.37,900252,14796457.14,0.9774,0.5421,1,0,none,baostock,query_history_k_data_plus
688510,SHSE.688510,,SH,A股-上交所,2023-04-14,16.39,16.71,16.23,16.47,16.53,616693,10120700.95,-0.363,0.3713,1,0,none,baostock,query_history_k_data_plus
688510,SHSE.688510,,SH,A股-上交所,2023-04-17,16.44,16.89,16.38,16.82,16.47,1113463,18526501.52,2.1251,0.6705,1,0,none,baostock,query_history_k_data_plus
688510,SHSE.688510,,SH,A股-上交所,2023-04-18,16.83,16.83,16.53,16.66,16.82,794976,13219029.36,-0.9512,0.4787,1,0,none,baostock,query_history_k_data_plus
688510,SHSE.688510,,SH,A股-上交所,2023-04-19,16.6,16.64,16.3,16.35,16.66,715805,11741026.75,-1.8607,0.431,1,0,none,baostock,query_history_k_data_plus
688510,SHSE.688510,,SH,A股-上交所,2023-04-20,16.43,16.49,15.8,15.82,16.35,1245575,19913706.03,-3.2416,0.75,1,0,none,baostock,query_history_k_data_plus
688510,SHSE.688510,,SH,A股-上交所,2023-04-21,15.95,16.5,15.87,15.91,15.82,1339131,21661710.38,0.5689,0.8064,1,0,none,baostock,query_history_k_data_plus
688510,SHSE.688510,,SH,A股-上交所,2023-04-24,15.88,16.2,15.4,16.05,15.91,1071179,17015595.08,0.8799,0.645,1,0,none,baostock,query_history_k_data_plus
688510,SHSE.688510,,SH,A股-上交所,2023-04-25,15.92,15.99,15.13,15.65,16.05,1716796,26541180.41,-2.4922,1.0338,1,0,none,baostock,query_history_k_data_plus
688510,SHSE.688510,,SH,A股-上交所,2023-04-26,16.0,18.35,15.91,18.1,15.65,7078359,124380305.04,15.655,4.2623,1,0,none,baostock,query_history_k_data_plus
688510,SHSE.688510,,SH,A股-上交所,2023-04-27,17.54,19.2,17.54,18.59,18.1,6127023,114050475.56,2.7072,3.6895,1,0,none,baostock,query_history_k_data_plus
688510,SHSE.688510,,SH,A股-上交所,2023-04-28,18.6,18.77,18.18,18.7,18.59,3483524,64475325.96,0.5917,2.0976,1,0,none,baostock,query_history_k_data_plus
688510,SHSE.688510,,SH,A股-上交所,2023-05-04,18.52,19.07,18.22,18.47,18.7,3547974,65894900.78,-1.2299,2.1365,1,0,none,baostock,query_history_k_data_plus
688510,SHSE.688510,,SH,A股-上交所,2023-05-05,18.25,18.9,18.25,18.63,18.47,2158016,40025514.34,0.8663,1.2995,1,0,none,baostock,query_history_k_data_plus
688510,SHSE.688510,,SH,A股-上交所,2023-05-08,18.63,19.18,18.36,18.95,18.63,3519569,66258210.0,1.7177,2.1193,1,0,none,baostock,query_history_k_data_plus
688510,SHSE.688510,,SH,A股-上交所,2023-05-09,19.13,19.3,18.31,18.42,18.95,2584332,48403805.14,-2.7968,1.5562,1,0,none,baostock,query_history_k_data_plus
688510,SHSE.688510,,SH,A股-上交所,2023-05-10,18.49,18.58,18.07,18.2,18.42,1978312,36207668.93,-1.1944,1.1913,1,0,none,baostock,query_history_k_data_plus
688510,SHSE.688510,,SH,A股-上交所,2023-05-11,18.22,18.55,18.06,18.25,18.2,1751428,32072190.27,0.2747,1.0546,1,0,none,baostock,query_history_k_data_plus
688510,SHSE.688510,,SH,A股-上交所,2023-05-12,18.35,18.4,17.8,17.92,18.25,2028276,36516864.32,-1.8082,1.2213,1,0,none,baostock,query_history_k_data_plus
688510,SHSE.688510,,SH,A股-上交所,2023-05-15,17.95,18.64,17.9,18.64,17.92,2556857,46750576.9,4.0179,1.5396,1,0,none,baostock,query_history_k_data_plus
688510,SHSE.688510,,SH,A股-上交所,2023-05-16,18.53,18.85,18.3,18.68,18.64,2326259,43290682.39,0.2146,1.4008,1,0,none,baostock,query_history_k_data_plus
688510,SHSE.688510,,SH,A股-上交所,2023-05-17,18.44,19.33,18.44,19.2,18.68,5142073,97999612.41,2.7837,3.0964,1,0,none,baostock,query_history_k_data_plus
688510,SHSE.688510,,SH,A股-上交所,2023-05-18,19.3,19.3,18.81,18.96,19.2,2824565,53608079.11,-1.25,1.7008,1,0,none,baostock,query_history_k_data_plus
688510,SHSE.688510,,SH,A股-上交所,2023-05-19,19.11,19.3,18.79,19.04,18.96,2977502,56892294.74,0.4219,1.7929,1,0,none,baostock,query_history_k_data_plus
688510,SHSE.688510,,SH,A股-上交所,2023-05-22,18.86,19.06,18.6,18.76,19.04,2078860,39062399.14,-1.4706,1.2518,1,0,none,baostock,query_history_k_data_plus
688510,SHSE.688510,,SH,A股-上交所,2023-05-23,18.58,18.91,18.35,18.55,18.76,1973433,36889905.12,-1.1194,1.1883,1,0,none,baostock,query_history_k_data_plus
688510,SHSE.688510,,SH,A股-上交所,2023-05-24,18.35,18.88,18.2,18.6,18.55,1445144,26913791.04,0.2695,0.8702,1,0,none,baostock,query_history_k_data_plus
688510,SHSE.688510,,SH,A股-上交所,2023-05-25,18.55,19.29,18.52,19.04,18.6,2259392,42887809.52,2.3656,1.3605,1,0,none,baostock,query_history_k_data_plus
688510,SHSE.688510,,SH,A股-上交所,2023-05-26,19.08,19.23,18.65,19.13,19.04,2059693,39077789.06,0.4727,1.2403,1,0,none,baostock,query_history_k_data_plus
688510,SHSE.688510,,SH,A股-上交所,2023-05-29,20.05,20.69,18.71,18.85,19.13,6463254,126426851.24,-1.4637,3.8919,1,0,none,baostock,query_history_k_data_plus
688510,SHSE.688510,,SH,A股-上交所,2023-05-30,19.19,19.38,18.54,18.86,18.85,3278560,61831736.48,0.0531,1.9742,1,0,none,baostock,query_history_k_data_plus
688510,SHSE.688510,,SH,A股-上交所,2023-05-31,18.82,19.43,18.62,19.07,18.86,3637745,69652965.75,1.1135,2.1905,1,0,none,baostock,query_history_k_data_plus
688510,SHSE.688510,,SH,A股-上交所,2023-06-01,19.11,19.16,18.6,18.96,19.07,2250706,42615210.61,-0.5768,1.3553,1,0,none,baostock,query_history_k_data_plus
688510,SHSE.688510,,SH,A股-上交所,2023-06-02,18.89,19.34,18.62,18.67,18.96,1879290,35406333.54,-1.5295,1.1316,1,0,none,baostock,query_history_k_data_plus
688510,SHSE.688510,,SH,A股-上交所,2023-06-05,18.74,19.2,18.48,18.53,18.67,2211277,41446204.29,-0.7499,1.3315,1,0,none,baostock,query_history_k_data_plus
688510,SHSE.688510,,SH,A股-上交所,2023-06-06,18.68,18.72,17.86,17.86,18.53,2138543,38657342.36,-3.6158,1.2877,1,0,none,baostock,query_history_k_data_plus
688510,SHSE.688510,,SH,A股-上交所,2023-06-07,18.13,18.36,17.7,18.21,17.86,2122051,38548521.6,1.9597,1.2778,1,0,none,baostock,query_history_k_data_plus
688510,SHSE.688510,,SH,A股-上交所,2023-06-08,18.12,18.42,17.67,18.01,18.21,1332306,23915568.54,-1.0983,0.8023,1,0,none,baostock,query_history_k_data_plus
688510,SHSE.688510,,SH,A股-上交所,2023-06-09,18.01,18.2,17.8,18.15,18.01,901369,16309641.15,0.7773,0.5428,1,0,none,baostock,query_history_k_data_plus
688510,SHSE.688510,,SH,A股-上交所,2023-06-12,18.02,18.47,17.95,18.27,18.15,1808791,33023477.58,0.6612,1.0892,1,0,none,baostock,query_history_k_data_plus
688510,SHSE.688510,,SH,A股-上交所,2023-06-13,18.11,18.5,18.05,18.36,18.27,944274,17289010.38,0.4926,0.5686,1,0,none,baostock,query_history_k_data_plus
688510,SHSE.688510,,SH,A股-上交所,2023-06-14,18.21,18.61,18.21,18.43,18.36,1039784,19194897.75,0.3813,0.6261,1,0,none,baostock,query_history_k_data_plus
688510,SHSE.688510,,SH,A股-上交所,2023-06-15,18.46,18.65,18.3,18.54,18.43,1081744,19987778.96,0.5969,0.6514,1,0,none,baostock,query_history_k_data_plus
688510,SHSE.688510,,SH,A股-上交所,2023-06-16,18.69,18.75,18.47,18.7,18.54,1313140,24470398.47,0.863,0.7907,1,0,none,baostock,query_history_k_data_plus
688510,SHSE.688510,,SH,A股-上交所,2023-06-19,18.7,19.07,18.52,18.95,18.7,1858476,35134998.3,1.3369,1.1191,1,0,none,baostock,query_history_k_data_plus
688510,SHSE.688510,,SH,A股-上交所,2023-06-20,19.08,19.48,18.76,19.35,18.95,2976026,57316383.74,2.1108,1.792,1,0,none,baostock,query_history_k_data_plus
688510,SHSE.688510,,SH,A股-上交所,2023-06-21,19.16,19.89,19.16,19.6,19.35,3608666,70862710.43,1.292,2.173,1,0,none,baostock,query_history_k_data_plus
688510,SHSE.688510,,SH,A股-上交所,2023-06-26,19.4,20.22,19.07,19.17,19.6,2619451,50992733.04,-2.1939,1.5773,1,0,none,baostock,query_history_k_data_plus
688510,SHSE.688510,,SH,A股-上交所,2023-06-27,19.31,19.64,18.87,19.57,19.17,1618562,31318710.54,2.0866,0.9746,1,0,none,baostock,query_history_k_data_plus
688510,SHSE.688510,,SH,A股-上交所,2023-06-28,19.57,19.72,19.12,19.5,19.57,1709321,33199297.99,-0.3577,1.0293,1,0,none,baostock,query_history_k_data_plus
688510,SHSE.688510,,SH,A股-上交所,2023-06-29,19.58,20.18,19.5,19.91,19.5,2342462,46663292.96,2.1026,1.4105,1,0,none,baostock,query_history_k_data_plus
688510,SHSE.688510,,SH,A股-上交所,2023-06-30,19.88,20.38,19.78,19.89,19.91,2592473,51796726.34,-0.1005,1.5611,1,0,none,baostock,query_history_k_data_plus
688510,SHSE.688510,,SH,A股-上交所,2023-07-03,20.21,20.38,19.97,20.13,19.89,2440959,49165048.41,1.2066,1.4699,1,0,none,baostock,query_history_k_data_plus
688510,SHSE.688510,,SH,A股-上交所,2023-07-04,20.13,20.47,20.06,20.26,20.13,1867913,37890279.29,0.6458,1.1248,1,0,none,baostock,query_history_k_data_plus
688510,SHSE.688510,,SH,A股-上交所,2023-07-05,20.01,20.44,20.01,20.05,20.26,1433032,28949284.96,-1.0365,0.8629,1,0,none,baostock,query_history_k_data_plus
688510,SHSE.688510,,SH,A股-上交所,2023-07-06,20.04,20.35,19.93,20.12,20.05,1804163,36350202.1,0.3491,1.0864,1,0,none,baostock,query_history_k_data_plus
688510,SHSE.688510,,SH,A股-上交所,2023-07-07,20.07,20.07,19.6,19.61,20.12,1546762,30535644.13,-2.5348,0.9314,1,0,none,baostock,query_history_k_data_plus
688510,SHSE.688510,,SH,A股-上交所,2023-07-10,19.74,20.01,19.51,19.7,19.61,1516048,29999436.88,0.4589,0.9129,1,0,none,baostock,query_history_k_data_plus
688510,SHSE.688510,,SH,A股-上交所,2023-07-11,19.74,20.12,19.74,20.09,19.7,1205066,24124780.33,1.9797,0.7256,1,0,none,baostock,query_history_k_data_plus
688510,SHSE.688510,,SH,A股-上交所,2023-07-12,20.01,20.35,19.44,19.62,20.09,1469859,29002265.26,-2.3395,0.8851,1,0,none,baostock,query_history_k_data_plus
688510,SHSE.688510,,SH,A股-上交所,2023-07-13,19.62,19.82,19.35,19.41,19.62,1423200,27808450.17,-1.0703,0.857,1,0,none,baostock,query_history_k_data_plus
688510,SHSE.688510,,SH,A股-上交所,2023-07-14,19.49,19.63,19.26,19.31,19.41,1615883,31363958.78,-0.5152,0.973,1,0,none,baostock,query_history_k_data_plus
688510,SHSE.688510,,SH,A股-上交所,2023-07-17,19.43,19.43,19.06,19.13,19.31,1167872,22425531.06,-0.9322,0.7032,1,0,none,baostock,query_history_k_data_plus
688510,SHSE.688510,,SH,A股-上交所,2023-07-18,19.12,19.8,19.08,19.6,19.13,1492293,29152124.35,2.4569,0.8986,1,0,none,baostock,query_history_k_data_plus
688510,SHSE.688510,,SH,A股-上交所,2023-07-19,19.47,19.67,19.26,19.36,19.6,1268890,24618091.76,-1.2245,0.7641,1,0,none,baostock,query_history_k_data_plus
688510,SHSE.688510,,SH,A股-上交所,2023-07-20,19.55,19.55,18.9,18.99,19.36,1127821,21688501.0,-1.9112,0.6791,1,0,none,baostock,query_history_k_data_plus
688510,SHSE.688510,,SH,A股-上交所,2023-07-21,18.94,19.14,18.81,19.01,18.99,976737,18562743.98,0.1053,0.5882,1,0,none,baostock,query_history_k_data_plus
688510,SHSE.688510,,SH,A股-上交所,2023-07-24,18.88,19.32,18.72,19.24,19.01,1353147,25714570.18,1.2099,0.8148,1,0,none,baostock,query_history_k_data_plus
688510,SHSE.688510,,SH,A股-上交所,2023-07-25,19.4,19.41,18.91,19.28,19.24,1253985,24051409.62,0.2079,0.7551,1,0,none,baostock,query_history_k_data_plus
688510,SHSE.688510,,SH,A股-上交所,2023-07-26,19.21,19.24,18.7,18.8,19.28,1296037,24493804.19,-2.4896,0.7804,1,0,none,baostock,query_history_k_data_plus
688510,SHSE.688510,,SH,A股-上交所,2023-07-27,19.0,19.4,18.84,19.05,18.8,1575183,30173650.94,1.3298,0.9485,1,0,none,baostock,query_history_k_data_plus
688510,SHSE.688510,,SH,A股-上交所,2023-07-28,18.81,19.38,18.52,18.72,19.05,1542946,28803809.09,-1.7323,0.9291,1,0,none,baostock,query_history_k_data_plus
688510,SHSE.688510,,SH,A股-上交所,2023-07-31,18.63,19.29,18.61,18.78,18.72,1899361,35864741.57,0.3205,1.1437,1,0,none,baostock,query_history_k_data_plus
688510,SHSE.688510,,SH,A股-上交所,2023-08-01,18.68,18.94,18.51,18.62,18.78,1121395,20946680.85,-0.852,0.6753,1,0,none,baostock,query_history_k_data_plus
688510,SHSE.688510,,SH,A股-上交所,2023-08-02,18.59,18.86,18.53,18.66,18.62,714775,13319524.22,0.2148,0.4304,1,0,none,baostock,query_history_k_data_plus
688510,SHSE.688510,,SH,A股-上交所,2023-08-03,18.79,18.79,18.33,18.36,18.66,980269,18058379.27,-1.6077,0.5903,1,0,none,baostock,query_history_k_data_plus
688510,SHSE.688510,,SH,A股-上交所,2023-08-04,18.58,18.73,18.32,18.56,18.36,1524910,28197343.12,1.0893,0.9182,1,0,none,baostock,query_history_k_data_plus
688510,SHSE.688510,,SH,A股-上交所,2023-08-07,18.73,19.2,18.51,19.08,18.56,2858820,54157422.24,2.8017,1.7215,1,0,none,baostock,query_history_k_data_plus
688510,SHSE.688510,,SH,A股-上交所,2023-08-08,19.1,19.1,17.13,17.56,19.08,5586565,98091577.83,-7.9665,3.364,1,0,none,baostock,query_history_k_data_plus
688510,SHSE.688510,,SH,A股-上交所,2023-08-09,17.5,17.54,17.18,17.25,17.56,2909683,50350489.1,-1.7654,1.7521,1,0,none,baostock,query_history_k_data_plus
688510,SHSE.688510,,SH,A股-上交所,2023-08-10,17.41,17.73,17.25,17.47,17.25,1888532,33143431.45,1.2754,1.1372,1,0,none,baostock,query_history_k_data_plus
688510,SHSE.688510,,SH,A股-上交所,2023-08-11,17.66,17.66,17.17,17.18,17.47,1408257,24415232.66,-1.66,0.848,1,0,none,baostock,query_history_k_data_plus
688510,SHSE.688510,,SH,A股-上交所,2023-08-14,17.06,17.25,16.9,17.16,17.18,1322232,22561989.49,-0.1164,0.7962,1,0,none,baostock,query_history_k_data_plus
688510,SHSE.688510,,SH,A股-上交所,2023-08-15,17.43,17.43,16.96,17.15,17.16,1046251,17950105.56,-0.0583,0.63,1,0,none,baostock,query_history_k_data_plus
688510,SHSE.688510,,SH,A股-上交所,2023-08-16,17.15,17.44,16.95,16.95,17.15,740823,12730061.75,-1.1662,0.4461,1,0,none,baostock,query_history_k_data_plus
688510,SHSE.688510,,SH,A股-上交所,2023-08-17,16.95,17.89,16.84,17.85,16.95,2247040,39429922.07,5.3097,1.3531,1,0,none,baostock,query_history_k_data_plus
688510,SHSE.688510,,SH,A股-上交所,2023-08-18,17.77,18.23,17.77,17.88,17.85,2229577,40255673.26,0.1681,1.3426,1,0,none,baostock,query_history_k_data_plus
688510,SHSE.688510,,SH,A股-上交所,2023-08-21,17.89,18.24,17.35,17.35,17.88,1489706,26336274.46,-2.9642,0.897,1,0,none,baostock,query_history_k_data_plus
688510,SHSE.688510,,SH,A股-上交所,2023-08-22,17.63,17.94,17.27,17.71,17.35,1809314,32006797.76,2.0749,1.0895,1,0,none,baostock,query_history_k_data_plus
688510,SHSE.688510,,SH,A股-上交所,2023-08-23,17.68,17.85,17.21,17.3,17.71,1299273,22541097.59,-2.3151,0.7824,1,0,none,baostock,query_history_k_data_plus
688510,SHSE.688510,,SH,A股-上交所,2023-08-24,17.31,17.55,16.85,17.22,17.3,1937819,33218491.85,-0.4624,1.1669,1,0,none,baostock,query_history_k_data_plus
688510,SHSE.688510,,SH,A股-上交所,2023-08-25,17.29,17.29,16.79,16.87,17.22,1562942,26580072.46,-2.0325,0.9411,1,0,none,baostock,query_history_k_data_plus
688510,SHSE.688510,,SH,A股-上交所,2023-08-28,17.71,17.8,17.02,17.2,16.87,1759151,30560617.01,1.9561,1.0593,1,0,none,baostock,query_history_k_data_plus
688510,SHSE.688510,,SH,A股-上交所,2023-08-29,17.12,18.13,17.02,17.74,17.2,2563625,45546760.92,3.1395,1.5437,1,0,none,baostock,query_history_k_data_plus
688510,SHSE.688510,,SH,A股-上交所,2023-08-30,18.0,18.32,17.85,18.25,17.74,1508454,27414665.21,2.8749,0.9083,1,0,none,baostock,query_history_k_data_plus
688510,SHSE.688510,,SH,A股-上交所,2023-08-31,18.16,18.16,17.66,17.98,18.25,1652175,29724954.75,-1.4795,0.9949,1,0,none,baostock,query_history_k_data_plus
688510,SHSE.688510,,SH,A股-上交所,2023-09-01,17.92,17.98,17.38,17.45,17.98,1522796,26696916.79,-2.9477,0.917,1,0,none,baostock,query_history_k_data_plus
688510,SHSE.688510,,SH,A股-上交所,2023-09-04,17.46,17.66,17.22,17.57,17.45,2513891,43861759.62,0.6877,1.5138,1,0,none,baostock,query_history_k_data_plus
688510,SHSE.688510,,SH,A股-上交所,2023-09-05,17.45,17.83,17.45,17.5,17.57,1382027,24352680.93,-0.3984,0.8322,1,0,none,baostock,query_history_k_data_plus
688510,SHSE.688510,,SH,A股-上交所,2023-09-06,17.54,18.32,17.39,18.25,17.5,3590021,64816325.73,4.2857,2.1618,1,0,none,baostock,query_history_k_data_plus
688510,SHSE.688510,,SH,A股-上交所,2023-09-07,18.29,18.31,17.61,17.66,18.25,1819345,32459983.25,-3.2329,1.0955,1,0,none,baostock,query_history_k_data_plus
688510,SHSE.688510,,SH,A股-上交所,2023-09-08,17.51,18.28,17.51,18.04,17.66,2130180,38506828.69,2.1518,1.2827,1,0,none,baostock,query_history_k_data_plus
688510,SHSE.688510,,SH,A股-上交所,2023-09-11,18.08,18.1,17.72,17.8,18.04,2295920,40987915.37,-1.3304,1.3825,1,0,none,baostock,query_history_k_data_plus
688510,SHSE.688510,,SH,A股-上交所,2023-09-12,17.74,17.8,17.51,17.57,17.8,1308442,23050841.3,-1.2921,0.7879,1,0,none,baostock,query_history_k_data_plus
688510,SHSE.688510,,SH,A股-上交所,2023-09-13,17.64,17.64,17.09,17.25,17.57,2174214,37580325.77,-1.8213,1.3092,1,0,none,baostock,query_history_k_data_plus
688510,SHSE.688510,,SH,A股-上交所,2023-09-14,17.6,17.6,17.01,17.08,17.25,1457213,25069426.54,-0.9855,0.8775,1,0,none,baostock,query_history_k_data_plus
688510,SHSE.688510,,SH,A股-上交所,2023-09-15,17.19,17.19,16.8,16.98,17.08,1386932,23485792.17,-0.5855,0.8352,1,0,none,baostock,query_history_k_data_plus
688510,SHSE.688510,,SH,A股-上交所,2023-09-18,16.68,17.12,16.68,16.9,16.98,1105100,18683131.53,-0.4711,0.6654,1,0,none,baostock,query_history_k_data_plus
688510,SHSE.688510,,SH,A股-上交所,2023-09-19,16.8,17.05,16.31,16.43,16.9,1507717,24894189.78,-2.7811,0.9079,1,0,none,baostock,query_history_k_data_plus
688510,SHSE.688510,,SH,A股-上交所,2023-09-20,16.41,16.57,15.88,15.94,16.43,2255174,36351746.88,-2.9823,1.358,1,0,none,baostock,query_history_k_data_plus
688510,SHSE.688510,,SH,A股-上交所,2023-09-21,16.07,16.31,15.85,15.96,15.94,2017590,32401247.94,0.1255,1.2149,1,0,none,baostock,query_history_k_data_plus
688510,SHSE.688510,,SH,A股-上交所,2023-09-22,16.0,16.23,15.78,16.06,15.96,2628531,41998395.22,0.6266,1.5828,1,0,none,baostock,query_history_k_data_plus
688510,SHSE.688510,,SH,A股-上交所,2023-09-25,16.07,16.13,15.72,15.81,16.06,1422406,22517613.76,-1.5567,0.8565,1,0,none,baostock,query_history_k_data_plus
688510,SHSE.688510,,SH,A股-上交所,2023-09-26,15.77,15.98,15.68,15.78,15.81,1222186,19314561.39,-0.1898,0.736,1,0,none,baostock,query_history_k_data_plus
688510,SHSE.688510,,SH,A股-上交所,2023-09-27,16.8,17.68,16.56,16.61,15.78,6617842,112455030.57,5.2598,3.985,1,0,none,baostock,query_history_k_data_plus
688510,SHSE.688510,,SH,A股-上交所,2023-09-28,16.73,17.82,16.31,17.61,16.61,5691442,98536266.86,6.0205,3.4272,1,0,none,baostock,query_history_k_data_plus
688510,SHSE.688510,,SH,A股-上交所,2023-10-09,17.57,17.89,17.5,17.72,17.61,4563748,80850377.6,0.6246,2.7481,1,0,none,baostock,query_history_k_data_plus
688510,SHSE.688510,,SH,A股-上交所,2023-10-10,17.84,17.85,16.99,17.06,17.72,4259599,73909804.11,-3.7246,2.565,1,0,none,baostock,query_history_k_data_plus
688510,SHSE.688510,,SH,A股-上交所,2023-10-11,17.06,17.06,16.39,16.5,17.06,4462732,74188806.71,-3.2825,2.6873,1,0,none,baostock,query_history_k_data_plus
688510,SHSE.688510,,SH,A股-上交所,2023-10-12,16.59,16.66,16.2,16.61,16.5,3457759,56991595.62,0.6667,2.0821,1,0,none,baostock,query_history_k_data_plus
688510,SHSE.688510,,SH,A股-上交所,2023-10-13,16.51,16.72,16.4,16.46,16.61,2523634,41695609.51,-0.9031,1.5196,1,0,none,baostock,query_history_k_data_plus
688510,SHSE.688510,,SH,A股-上交所,2023-10-16,16.46,16.8,16.22,16.37,16.46,2332448,38398426.65,-0.5468,1.4045,1,0,none,baostock,query_history_k_data_plus
688510,SHSE.688510,,SH,A股-上交所,2023-10-17,16.32,16.6,16.15,16.52,16.37,1717338,28090915.48,0.9163,1.0341,1,0,none,baostock,query_history_k_data_plus
688510,SHSE.688510,,SH,A股-上交所,2023-10-18,16.37,16.66,16.17,16.29,16.52,1870917,30569379.39,-1.3923,1.1266,1,0,none,baostock,query_history_k_data_plus
688510,SHSE.688510,,SH,A股-上交所,2023-10-19,16.2,16.54,16.13,16.17,16.29,1518102,24741668.74,-0.7366,0.9141,1,0,none,baostock,query_history_k_data_plus
688510,SHSE.688510,,SH,A股-上交所,2023-10-20,16.09,16.32,15.93,16.06,16.17,1757679,28314611.52,-0.6803,1.0584,1,0,none,baostock,query_history_k_data_plus
688510,SHSE.688510,,SH,A股-上交所,2023-10-23,15.88,16.43,15.85,16.0,16.06,2013671,32360043.02,-0.3736,1.2126,1,0,none,baostock,query_history_k_data_plus
688510,SHSE.688510,,SH,A股-上交所,2023-10-24,15.92,16.18,15.76,16.09,16.0,1973253,31510896.93,0.5625,1.1882,1,0,none,baostock,query_history_k_data_plus
688510,SHSE.688510,,SH,A股-上交所,2023-10-25,16.37,16.7,16.09,16.41,16.09,1617366,26598356.71,1.9888,0.9739,1,0,none,baostock,query_history_k_data_plus
688510,SHSE.688510,,SH,A股-上交所,2023-10-26,16.62,16.62,15.86,16.43,16.41,2014707,32624237.32,0.1219,1.2132,1,0,none,baostock,query_history_k_data_plus
688510,SHSE.688510,,SH,A股-上交所,2023-10-27,16.44,16.87,16.13,16.7,16.43,2652653,44220042.06,1.6433,1.5973,1,0,none,baostock,query_history_k_data_plus
688510,SHSE.688510,,SH,A股-上交所,2023-10-30,16.92,16.92,16.53,16.88,16.7,2673488,44717673.84,1.0778,1.6099,1,0,none,baostock,query_history_k_data_plus
688510,SHSE.688510,,SH,A股-上交所,2023-10-31,17.4,18.38,17.0,18.23,16.88,8086190,145641515.87,7.9976,4.8692,1,0,none,baostock,query_history_k_data_plus
688510,SHSE.688510,,SH,A股-上交所,2023-11-01,18.05,18.6,17.8,18.3,18.23,6278864,114672141.83,0.384,3.7809,1,0,none,baostock,query_history_k_data_plus
688510,SHSE.688510,,SH,A股-上交所,2023-11-02,18.15,18.5,18.0,18.05,18.3,2888982,52512171.48,-1.3661,1.7396,1,0,none,baostock,query_history_k_data_plus
688510,SHSE.688510,,SH,A股-上交所,2023-11-03,17.96,18.36,17.9,18.21,18.05,1942026,35321268.95,0.8864,1.1694,1,0,none,baostock,query_history_k_data_plus
688510,SHSE.688510,,SH,A股-上交所,2023-11-06,18.28,18.94,18.04,18.7,18.21,3327863,61535701.08,2.6908,2.0039,1,0,none,baostock,query_history_k_data_plus
688510,SHSE.688510,,SH,A股-上交所,2023-11-07,18.79,18.79,18.37,18.41,18.7,2384455,44075308.36,-1.5508,1.4358,1,0,none,baostock,query_history_k_data_plus
688510,SHSE.688510,,SH,A股-上交所,2023-11-08,18.38,18.52,18.16,18.3,18.41,1554251,28424206.27,-0.5975,0.9359,1,0,none,baostock,query_history_k_data_plus
688510,SHSE.688510,,SH,A股-上交所,2023-11-09,18.35,18.35,18.0,18.13,18.3,1352293,24520820.46,-0.929,0.8143,1,0,none,baostock,query_history_k_data_plus
688510,SHSE.688510,,SH,A股-上交所,2023-11-10,18.3,18.3,17.88,18.09,18.13,1021428,18486975.02,-0.2206,0.6151,1,0,none,baostock,query_history_k_data_plus
688510,SHSE.688510,,SH,A股-上交所,2023-11-13,18.09,18.67,17.99,18.66,18.09,2664174,48923392.94,3.1509,1.6043,1,0,none,baostock,query_history_k_data_plus
688510,SHSE.688510,,SH,A股-上交所,2023-11-14,18.73,18.73,18.4,18.49,18.66,1892138,34989822.06,-0.911,1.1394,1,0,none,baostock,query_history_k_data_plus
688510,SHSE.688510,,SH,A股-上交所,2023-11-15,18.66,18.71,18.4,18.63,18.49,1844530,34216036.83,0.7572,1.1107,1,0,none,baostock,query_history_k_data_plus
688510,SHSE.688510,,SH,A股-上交所,2023-11-16,18.54,18.71,18.28,18.35,18.63,1346606,24859157.52,-1.503,0.8109,1,0,none,baostock,query_history_k_data_plus
688510,SHSE.688510,,SH,A股-上交所,2023-11-17,18.38,18.49,18.24,18.27,18.35,1205851,22104569.74,-0.436,0.7261,1,0,none,baostock,query_history_k_data_plus
688510,SHSE.688510,,SH,A股-上交所,2023-11-20,18.24,18.73,18.15,18.57,18.27,2675446,49473002.65,1.642,1.611,1,0,none,baostock,query_history_k_data_plus
688510,SHSE.688510,,SH,A股-上交所,2023-11-21,18.66,18.77,18.21,18.28,18.57,1567490,28861153.23,-1.5617,0.9439,1,0,none,baostock,query_history_k_data_plus
688510,SHSE.688510,,SH,A股-上交所,2023-11-22,18.37,18.53,18.1,18.11,18.28,1521876,27807251.96,-0.93,0.9164,1,0,none,baostock,query_history_k_data_plus
688510,SHSE.688510,,SH,A股-上交所,2023-11-23,18.05,18.25,17.95,18.12,18.11,1769133,31993982.3,0.0552,1.0653,1,0,none,baostock,query_history_k_data_plus
688510,SHSE.688510,,SH,A股-上交所,2023-11-24,18.12,18.17,17.74,17.8,18.12,1346846,24082539.38,-1.766,0.811,1,0,none,baostock,query_history_k_data_plus
688510,SHSE.688510,,SH,A股-上交所,2023-11-27,17.73,18.27,17.73,18.16,17.8,1925343,34785280.34,2.0225,1.1594,1,0,none,baostock,query_history_k_data_plus
688510,SHSE.688510,,SH,A股-上交所,2023-11-28,18.14,18.45,18.1,18.16,18.16,1783346,32507033.82,0.0,1.0739,1,0,none,baostock,query_history_k_data_plus
688510,SHSE.688510,,SH,A股-上交所,2023-11-29,18.16,18.32,18.0,18.06,18.16,1126373,20421159.58,-0.5507,0.6783,1,0,none,baostock,query_history_k_data_plus
688510,SHSE.688510,,SH,A股-上交所,2023-11-30,18.11,18.15,17.71,17.88,18.06,1615265,28849991.14,-0.9967,0.9726,1,0,none,baostock,query_history_k_data_plus
688510,SHSE.688510,,SH,A股-上交所,2023-12-01,17.75,17.88,17.58,17.64,17.88,1507622,26670292.21,-1.3423,0.9078,1,0,none,baostock,query_history_k_data_plus
688510,SHSE.688510,,SH,A股-上交所,2023-12-04,17.52,18.05,17.52,17.86,17.64,2416493,43217572.89,1.2472,1.4551,1,0,none,baostock,query_history_k_data_plus
688510,SHSE.688510,,SH,A股-上交所,2023-12-05,17.77,17.85,17.4,17.55,17.86,2345138,41166914.72,-1.7357,1.4122,1,0,none,baostock,query_history_k_data_plus
688510,SHSE.688510,,SH,A股-上交所,2023-12-06,17.44,17.65,17.37,17.46,17.55,1171038,20499031.05,-0.5128,0.7052,1,0,none,baostock,query_history_k_data_plus
688510,SHSE.688510,,SH,A股-上交所,2023-12-07,17.45,17.51,17.23,17.33,17.46,1495754,25976356.82,-0.7446,0.9007,1,0,none,baostock,query_history_k_data_plus
688510,SHSE.688510,,SH,A股-上交所,2023-12-08,17.28,17.64,17.08,17.11,17.33,1236936,21365920.98,-1.2695,0.7448,1,0,none,baostock,query_history_k_data_plus
688510,SHSE.688510,,SH,A股-上交所,2023-12-11,17.19,17.52,16.99,17.43,17.11,2474784,42864877.42,1.8703,1.4902,1,0,none,baostock,query_history_k_data_plus
688510,SHSE.688510,,SH,A股-上交所,2023-12-12,17.52,17.78,17.18,17.28,17.43,1542327,26820583.59,-0.8606,0.9287,1,0,none,baostock,query_history_k_data_plus
688510,SHSE.688510,,SH,A股-上交所,2023-12-13,17.27,17.7,17.1,17.25,17.28,2539141,44252080.58,-0.1736,1.529,1,0,none,baostock,query_history_k_data_plus
688510,SHSE.688510,,SH,A股-上交所,2023-12-14,17.5,17.5,17.0,17.09,17.25,1774101,30381480.21,-0.9275,1.0683,1,0,none,baostock,query_history_k_data_plus
688510,SHSE.688510,,SH,A股-上交所,2023-12-15,17.4,17.4,16.99,16.99,17.09,2053188,35143677.43,-0.5851,1.2363,1,0,none,baostock,query_history_k_data_plus
688510,SHSE.688510,,SH,A股-上交所,2023-12-18,17.08,17.2,16.77,16.84,16.99,1604932,27165857.25,-0.8829,0.6211,1,0,none,baostock,query_history_k_data_plus
688510,SHSE.688510,,SH,A股-上交所,2023-12-19,16.87,17.04,16.58,16.9,16.84,2137143,36083807.32,0.3563,0.8271,1,0,none,baostock,query_history_k_data_plus
688510,SHSE.688510,,SH,A股-上交所,2023-12-20,17.38,17.38,16.8,16.9,16.9,1744637,29641195.61,0.0,0.6752,1,0,none,baostock,query_history_k_data_plus
688510,SHSE.688510,,SH,A股-上交所,2023-12-21,16.82,17.13,16.49,16.96,16.9,1666420,28001277.32,0.355,0.6449,1,0,none,baostock,query_history_k_data_plus
688510,SHSE.688510,,SH,A股-上交所,2023-12-22,16.88,17.46,16.8,17.01,16.96,4402439,75044404.31,0.2948,1.7038,1,0,none,baostock,query_history_k_data_plus
688510,SHSE.688510,,SH,A股-上交所,2023-12-25,16.72,17.49,16.72,16.99,17.01,3499284,60161660.67,-0.1176,1.3543,1,0,none,baostock,query_history_k_data_plus
688510,SHSE.688510,,SH,A股-上交所,2023-12-26,16.9,16.98,16.31,16.61,16.99,2950779,48855189.05,-2.2366,1.142,1,0,none,baostock,query_history_k_data_plus
688510,SHSE.688510,,SH,A股-上交所,2023-12-27,16.58,16.74,16.44,16.7,16.61,2436758,40405859.03,0.5418,0.9431,1,0,none,baostock,query_history_k_data_plus
688510,SHSE.688510,,SH,A股-上交所,2023-12-28,16.72,17.35,16.51,17.29,16.7,2213592,37736109.92,3.5329,0.8567,1,0,none,baostock,query_history_k_data_plus
688510,SHSE.688510,,SH,A股-上交所,2023-12-29,17.19,17.67,17.19,17.62,17.29,1980305,34549566.86,1.9086,0.7664,1,0,none,baostock,query_history_k_data_plus
688510,SHSE.688510,,SH,A股-上交所,2024-01-02,17.6,18.2,17.45,18.03,17.62,2830885,50813193.61,2.3269,1.0956,1,0,none,baostock,query_history_k_data_plus
688510,SHSE.688510,,SH,A股-上交所,2024-01-03,17.9,18.0,17.41,17.54,18.03,2650740,46653912.29,-2.7177,1.0259,1,0,none,baostock,query_history_k_data_plus
688510,SHSE.688510,,SH,A股-上交所,2024-01-04,17.55,17.75,17.31,17.6,17.54,1918655,33639854.28,0.3421,0.7426,1,0,none,baostock,query_history_k_data_plus
688510,SHSE.688510,,SH,A股-上交所,2024-01-05,17.65,17.66,16.94,17.14,17.6,1670166,28927798.91,-2.6136,0.6464,1,0,none,baostock,query_history_k_data_plus
688510,SHSE.688510,,SH,A股-上交所,2024-01-08,17.24,17.34,16.72,16.79,17.14,1487499,25233208.38,-2.042,0.5757,1,0,none,baostock,query_history_k_data_plus
688510,SHSE.688510,,SH,A股-上交所,2024-01-09,16.79,17.08,16.64,16.94,16.79,1489853,25138570.62,0.8934,0.5766,1,0,none,baostock,query_history_k_data_plus
688510,SHSE.688510,,SH,A股-上交所,2024-01-10,16.89,16.97,16.45,16.6,16.94,1933037,32353840.23,-2.0071,0.7481,1,0,none,baostock,query_history_k_data_plus
688510,SHSE.688510,,SH,A股-上交所,2024-01-11,16.8,16.83,16.42,16.67,16.6,2374310,39438914.48,0.4217,0.9189,1,0,none,baostock,query_history_k_data_plus
688510,SHSE.688510,,SH,A股-上交所,2024-01-12,16.69,17.02,16.6,16.81,16.67,1540028,25909154.17,0.8398,0.596,1,0,none,baostock,query_history_k_data_plus
688510,SHSE.688510,,SH,A股-上交所,2024-01-15,16.8,16.81,16.42,16.54,16.81,1545991,25567030.95,-1.6062,0.5983,1,0,none,baostock,query_history_k_data_plus
688510,SHSE.688510,,SH,A股-上交所,2024-01-16,16.53,16.6,16.17,16.57,16.54,1867819,30580875.77,0.1814,0.7229,1,0,none,baostock,query_history_k_data_plus
688510,SHSE.688510,,SH,A股-上交所,2024-01-17,16.66,16.66,15.64,15.67,16.57,3101618,49485802.59,-5.4315,1.2004,1,0,none,baostock,query_history_k_data_plus
688510,SHSE.688510,,SH,A股-上交所,2024-01-18,15.33,15.66,14.88,15.34,15.67,4032868,61125819.93,-2.1059,1.5608,1,0,none,baostock,query_history_k_data_plus
688510,SHSE.688510,,SH,A股-上交所,2024-01-19,15.37,15.79,15.23,15.44,15.34,3888424,60452534.23,0.6519,1.5049,1,0,none,baostock,query_history_k_data_plus
688510,SHSE.688510,,SH,A股-上交所,2024-01-22,15.43,15.43,13.92,14.1,15.44,5559839,81425272.71,-8.6788,2.1518,1,0,none,baostock,query_history_k_data_plus
688510,SHSE.688510,,SH,A股-上交所,2024-01-23,14.06,14.37,13.84,14.33,14.1,3916949,55442573.84,1.6312,1.5159,1,0,none,baostock,query_history_k_data_plus
688510,SHSE.688510,,SH,A股-上交所,2024-01-24,14.25,14.66,13.93,14.58,14.33,3414682,48696388.77,1.7446,1.3216,1,0,none,baostock,query_history_k_data_plus
688510,SHSE.688510,,SH,A股-上交所,2024-01-25,14.67,15.04,14.46,15.01,14.58,2448399,36412230.98,2.9492,0.9476,1,0,none,baostock,query_history_k_data_plus
688510,SHSE.688510,,SH,A股-上交所,2024-01-26,15.06,15.06,14.56,14.68,15.01,1913353,28306766.49,-2.1985,0.7405,1,0,none,baostock,query_history_k_data_plus
688510,SHSE.688510,,SH,A股-上交所,2024-01-29,14.98,14.98,14.11,14.13,14.68,2754402,39683818.02,-3.7466,1.066,1,0,none,baostock,query_history_k_data_plus
688510,SHSE.688510,,SH,A股-上交所,2024-01-30,14.2,14.2,13.62,13.64,14.13,2279567,31588795.44,-3.4678,0.8822,1,0,none,baostock,query_history_k_data_plus
688510,SHSE.688510,,SH,A股-上交所,2024-01-31,13.52,14.07,12.89,13.02,13.64,2803054,37081737.83,-4.5455,1.0848,1,0,none,baostock,query_history_k_data_plus
688510,SHSE.688510,,SH,A股-上交所,2024-02-01,12.86,13.01,12.38,12.71,13.02,3358934,42625624.43,-2.381,1.3,1,0,none,baostock,query_history_k_data_plus
688510,SHSE.688510,,SH,A股-上交所,2024-02-02,12.76,12.94,11.47,11.91,12.71,3419097,41428242.12,-6.2943,1.3233,1,0,none,baostock,query_history_k_data_plus
688510,SHSE.688510,,SH,A股-上交所,2024-02-05,11.7,11.7,10.23,11.0,11.91,5160340,56131958.36,-7.6406,1.9972,1,0,none,baostock,query_history_k_data_plus
688510,SHSE.688510,,SH,A股-上交所,2024-02-06,11.31,12.01,10.21,11.67,11.0,5848057,64798599.55,6.0909,2.2633,1,0,none,baostock,query_history_k_data_plus
688510,SHSE.688510,,SH,A股-上交所,2024-02-07,11.55,11.92,11.38,11.85,11.67,6063168,70225112.4,1.5424,2.3466,1,0,none,baostock,query_history_k_data_plus
688510,SHSE.688510,,SH,A股-上交所,2024-02-08,11.85,14.1,11.7,13.47,11.85,8023658,101978508.82,13.6709,3.1053,1,0,none,baostock,query_history_k_data_plus
688510,SHSE.688510,,SH,A股-上交所,2024-02-19,13.5,13.5,12.9,13.34,13.47,6071461,80263960.31,-0.9651,2.3498,1,0,none,baostock,query_history_k_data_plus
688510,SHSE.688510,,SH,A股-上交所,2024-02-20,13.5,14.04,13.03,13.65,13.34,5047327,68377048.76,2.3238,1.9534,1,0,none,baostock,query_history_k_data_plus
688510,SHSE.688510,,SH,A股-上交所,2024-02-21,13.35,14.26,13.15,13.86,13.65,4348573,59993754.25,1.5385,1.683,1,0,none,baostock,query_history_k_data_plus
688510,SHSE.688510,,SH,A股-上交所,2024-02-22,13.68,14.18,13.58,14.18,13.86,3061109,42413657.38,2.3088,1.1847,1,0,none,baostock,query_history_k_data_plus
688510,SHSE.688510,,SH,A股-上交所,2024-02-23,14.12,14.22,13.75,14.19,14.18,4127079,57679127.83,0.0705,1.5973,1,0,none,baostock,query_history_k_data_plus
688510,SHSE.688510,,SH,A股-上交所,2024-02-26,14.2,14.62,13.98,14.45,14.19,4082984,58526285.86,1.8323,1.5802,1,0,none,baostock,query_history_k_data_plus
688510,SHSE.688510,,SH,A股-上交所,2024-02-27,14.33,14.81,14.11,14.81,14.45,2842777,41390449.77,2.4913,1.1002,1,0,none,baostock,query_history_k_data_plus
688510,SHSE.688510,,SH,A股-上交所,2024-02-28,14.81,14.89,13.7,13.71,14.81,6477630,92036261.38,-7.4274,2.507,1,0,none,baostock,query_history_k_data_plus
688510,SHSE.688510,,SH,A股-上交所,2024-02-29,13.61,14.19,13.5,14.12,13.71,4837500,67123343.62,2.9905,1.8722,1,0,none,baostock,query_history_k_data_plus
688510,SHSE.688510,,SH,A股-上交所,2024-03-01,14.12,14.64,13.89,14.54,14.12,4689127,66809233.21,2.9745,1.8148,1,0,none,baostock,query_history_k_data_plus
688510,SHSE.688510,,SH,A股-上交所,2024-03-04,14.6,14.72,14.2,14.45,14.54,2671770,38573987.77,-0.619,1.034,1,0,none,baostock,query_history_k_data_plus
688510,SHSE.688510,,SH,A股-上交所,2024-03-05,14.31,14.76,14.25,14.34,14.45,2996144,43520190.61,-0.7612,1.1596,1,0,none,baostock,query_history_k_data_plus
688510,SHSE.688510,,SH,A股-上交所,2024-03-06,14.26,14.59,14.19,14.46,14.34,2374906,34213894.2,0.8368,0.9191,1,0,none,baostock,query_history_k_data_plus
688510,SHSE.688510,,SH,A股-上交所,2024-03-07,14.46,14.62,14.1,14.11,14.46,2273393,32592546.11,-2.4205,0.8799,1,0,none,baostock,query_history_k_data_plus
688510,SHSE.688510,,SH,A股-上交所,2024-03-08,14.11,14.56,14.01,14.45,14.11,2350022,33567918.81,2.4096,0.9095,1,0,none,baostock,query_history_k_data_plus
688510,SHSE.688510,,SH,A股-上交所,2024-03-11,15.7,16.04,15.24,15.74,14.45,6593585,103243371.99,8.9273,2.5519,1,0,none,baostock,query_history_k_data_plus
688510,SHSE.688510,,SH,A股-上交所,2024-03-12,15.63,17.05,15.62,16.79,15.74,7954668,130019544.23,6.6709,3.0786,1,0,none,baostock,query_history_k_data_plus
688510,SHSE.688510,,SH,A股-上交所,2024-03-13,16.79,17.06,16.53,16.87,16.79,4985931,83816951.82,0.4765,1.9297,1,0,none,baostock,query_history_k_data_plus
688510,SHSE.688510,,SH,A股-上交所,2024-03-14,17.0,17.02,16.26,16.51,16.87,3808252,62966908.67,-2.134,1.4739,1,0,none,baostock,query_history_k_data_plus
688510,SHSE.688510,,SH,A股-上交所,2024-03-15,16.43,17.0,16.34,16.77,16.51,3862172,64408768.04,1.5748,1.4947,1,0,none,baostock,query_history_k_data_plus
688510,SHSE.688510,,SH,A股-上交所,2024-03-18,16.8,18.36,16.68,18.15,16.77,6391736,112610094.21,8.229,2.4737,1,0,none,baostock,query_history_k_data_plus
688510,SHSE.688510,,SH,A股-上交所,2024-03-19,17.9,18.28,17.73,17.95,18.15,3711324,66818456.43,-1.1019,1.4364,1,0,none,baostock,query_history_k_data_plus
688510,SHSE.688510,,SH,A股-上交所,2024-03-20,18.0,18.35,17.83,17.89,17.95,2612512,47098081.03,-0.3343,1.0111,1,0,none,baostock,query_history_k_data_plus
688510,SHSE.688510,,SH,A股-上交所,2024-03-21,17.98,18.23,17.64,18.06,17.89,3831479,69069184.54,0.9503,1.4829,1,0,none,baostock,query_history_k_data_plus
688510,SHSE.688510,,SH,A股-上交所,2024-03-22,18.05,18.05,17.57,17.74,18.06,2622421,46543982.5,-1.7719,1.0149,1,0,none,baostock,query_history_k_data_plus
688510,SHSE.688510,,SH,A股-上交所,2024-03-25,17.62,18.07,17.21,17.22,17.74,3764395,66622410.32,-2.9312,1.4569,1,0,none,baostock,query_history_k_data_plus
688510,SHSE.688510,,SH,A股-上交所,2024-03-26,17.22,17.54,16.92,17.22,17.22,3228232,55520093.02,0.0,1.2494,1,0,none,baostock,query_history_k_data_plus
688510,SHSE.688510,,SH,A股-上交所,2024-03-27,17.11,17.14,16.38,16.49,17.22,3518870,58710783.24,-4.2393,1.3619,1,0,none,baostock,query_history_k_data_plus
688510,SHSE.688510,,SH,A股-上交所,2024-03-28,16.85,17.61,16.46,17.38,16.49,5190901,89094131.52,5.3972,2.009,1,0,none,baostock,query_history_k_data_plus
688510,SHSE.688510,,SH,A股-上交所,2024-03-29,17.15,17.6,17.06,17.34,17.38,3730995,64564711.57,-0.2301,1.444,1,0,none,baostock,query_history_k_data_plus
688510,SHSE.688510,,SH,A股-上交所,2024-04-01,17.45,17.66,17.2,17.51,17.34,3809874,66311862.32,0.9804,1.4745,1,0,none,baostock,query_history_k_data_plus
688510,SHSE.688510,,SH,A股-上交所,2024-04-02,17.55,17.8,17.31,17.55,17.51,3322786,58326444.06,0.2284,1.286,1,0,none,baostock,query_history_k_data_plus
688510,SHSE.688510,,SH,A股-上交所,2024-04-03,17.36,17.49,17.0,17.24,17.55,2041919,35188803.82,-1.7664,0.7903,1,0,none,baostock,query_history_k_data_plus
688510,SHSE.688510,,SH,A股-上交所,2024-04-08,17.24,17.24,16.64,16.69,17.24,2766091,46726708.98,-3.1903,1.0705,1,0,none,baostock,query_history_k_data_plus
688510,SHSE.688510,,SH,A股-上交所,2024-04-09,16.68,17.14,16.6,17.07,16.69,3244706,54868527.29,2.2768,1.2558,1,0,none,baostock,query_history_k_data_plus
688510,SHSE.688510,,SH,A股-上交所,2024-04-10,17.07,17.45,16.79,17.18,17.07,2922050,50263858.48,0.6444,1.1309,1,0,none,baostock,query_history_k_data_plus
688510,SHSE.688510,,SH,A股-上交所,2024-04-11,16.94,17.31,16.87,16.88,17.18,1763399,30022365.36,-1.7462,0.6825,1,0,none,baostock,query_history_k_data_plus
688510,SHSE.688510,,SH,A股-上交所,2024-04-12,17.0,17.24,16.81,16.86,16.88,1388311,23604051.09,-0.1185,0.5373,1,0,none,baostock,query_history_k_data_plus
688510,SHSE.688510,,SH,A股-上交所,2024-04-15,16.73,17.18,16.41,16.93,16.86,3343335,56452287.73,0.4152,1.2939,1,0,none,baostock,query_history_k_data_plus
688510,SHSE.688510,,SH,A股-上交所,2024-04-16,17.24,17.26,15.8,16.1,16.93,4057451,65759400.09,-4.9025,1.5703,1,0,none,baostock,query_history_k_data_plus
688510,SHSE.688510,,SH,A股-上交所,2024-04-17,17.16,17.23,16.26,16.99,16.1,2854321,47894552.78,5.528,1.1047,1,0,none,baostock,query_history_k_data_plus
688510,SHSE.688510,,SH,A股-上交所,2024-04-18,17.62,18.85,17.62,18.3,16.99,7405212,135176388.87,7.7104,2.866,1,0,none,baostock,query_history_k_data_plus
688510,SHSE.688510,,SH,A股-上交所,2024-04-19,18.23,18.84,18.0,18.24,18.3,5341606,98273514.39,-0.3279,2.0673,1,0,none,baostock,query_history_k_data_plus
688510,SHSE.688510,,SH,A股-上交所,2024-04-22,18.25,18.63,17.6,18.61,18.24,5839073,107069695.3,2.0285,2.2599,1,0,none,baostock,query_history_k_data_plus
688510,SHSE.688510,,SH,A股-上交所,2024-04-23,18.81,18.81,18.18,18.33,18.61,4199587,77487956.85,-1.5046,1.6253,1,0,none,baostock,query_history_k_data_plus
688510,SHSE.688510,,SH,A股-上交所,2024-04-24,18.4,19.38,18.39,19.13,18.33,5635109,106727069.09,4.3644,2.1809,1,0,none,baostock,query_history_k_data_plus
688510,SHSE.688510,,SH,A股-上交所,2024-04-25,19.01,19.5,18.89,19.0,19.13,5025592,96339277.4,-0.6796,1.945,1,0,none,baostock,query_history_k_data_plus
688510,SHSE.688510,,SH,A股-上交所,2024-04-26,18.87,19.68,18.87,19.46,19.0,5596174,107966241.2,2.4211,2.1658,1,0,none,baostock,query_history_k_data_plus
688510,SHSE.688510,,SH,A股-上交所,2024-04-29,19.37,20.26,19.37,19.73,19.46,5252184,104283976.65,1.3875,2.0327,1,0,none,baostock,query_history_k_data_plus
688510,SHSE.688510,,SH,A股-上交所,2024-04-30,19.82,19.88,18.92,19.19,19.73,3995727,76642525.53,-2.7369,1.5464,1,0,none,baostock,query_history_k_data_plus
688510,SHSE.688510,,SH,A股-上交所,2024-05-06,19.0,19.95,18.91,19.72,18.99,5536390,107969942.02,3.8441,2.1427,1,0,none,baostock,query_history_k_data_plus
688510,SHSE.688510,,SH,A股-上交所,2024-05-07,19.69,20.26,19.45,20.06,19.72,4060496,81084544.29,1.7241,1.5715,1,0,none,baostock,query_history_k_data_plus
688510,SHSE.688510,,SH,A股-上交所,2024-05-08,20.18,20.5,19.86,20.26,20.06,3633447,73552786.92,0.997,1.4062,1,0,none,baostock,query_history_k_data_plus
688510,SHSE.688510,,SH,A股-上交所,2024-05-09,20.25,20.25,19.5,20.0,20.26,4827159,95883684.97,-1.2833,1.8682,1,0,none,baostock,query_history_k_data_plus
688510,SHSE.688510,,SH,A股-上交所,2024-05-10,20.02,20.4,19.7,19.8,20.0,2697508,53828544.01,-1.0,1.044,1,0,none,baostock,query_history_k_data_plus
688510,SHSE.688510,,SH,A股-上交所,2024-05-13,19.65,19.75,19.12,19.28,19.8,3523522,68363866.4,-2.6263,1.3637,1,0,none,baostock,query_history_k_data_plus
688510,SHSE.688510,,SH,A股-上交所,2024-05-14,19.28,19.61,19.15,19.39,19.28,2099193,40767715.48,0.5705,0.8124,1,0,none,baostock,query_history_k_data_plus
688510,SHSE.688510,,SH,A股-上交所,2024-05-15,19.26,19.87,19.17,19.29,19.39,2380847,46463838.99,-0.5157,0.9214,1,0,none,baostock,query_history_k_data_plus
688510,SHSE.688510,,SH,A股-上交所,2024-05-16,19.39,19.55,18.82,18.83,19.29,2587125,49399915.4,-2.3847,1.0013,1,0,none,baostock,query_history_k_data_plus
688510,SHSE.688510,,SH,A股-上交所,2024-05-17,18.84,19.48,18.75,19.4,18.83,2841945,54568460.22,3.0271,1.0999,1,0,none,baostock,query_history_k_data_plus
688510,SHSE.688510,,SH,A股-上交所,2024-05-20,19.55,20.09,19.27,19.83,19.4,2223964,43934475.22,2.2165,0.8607,1,0,none,baostock,query_history_k_data_plus
688510,SHSE.688510,,SH,A股-上交所,2024-05-21,19.73,19.81,19.5,19.59,19.83,1543551,30306744.7,-1.2103,0.5974,1,0,none,baostock,query_history_k_data_plus
688510,SHSE.688510,,SH,A股-上交所,2024-05-22,19.44,19.79,19.26,19.35,19.59,2301426,44889679.92,-1.2251,0.8907,1,0,none,baostock,query_history_k_data_plus
688510,SHSE.688510,,SH,A股-上交所,2024-05-23,19.3,19.59,19.12,19.25,19.35,1831189,35378786.78,-0.5168,0.7087,1,0,none,baostock,query_history_k_data_plus
688510,SHSE.688510,,SH,A股-上交所,2024-05-24,19.1,19.38,18.91,19.0,19.25,1583515,30230900.94,-1.2987,0.6129,1,0,none,baostock,query_history_k_data_plus
688510,SHSE.688510,,SH,A股-上交所,2024-05-27,19.13,19.13,18.6,19.08,19.0,1843465,34682429.08,0.4211,0.7135,1,0,none,baostock,query_history_k_data_plus
688510,SHSE.688510,,SH,A股-上交所,2024-05-28,18.87,19.63,18.86,19.2,19.08,1885605,36478907.72,0.6289,0.7298,1,0,none,baostock,query_history_k_data_plus
688510,SHSE.688510,,SH,A股-上交所,2024-05-29,19.2,19.69,18.85,19.0,19.2,1474542,28234177.22,-1.0417,0.5707,1,0,none,baostock,query_history_k_data_plus
688510,SHSE.688510,,SH,A股-上交所,2024-05-30,18.99,19.77,18.7,19.25,19.0,1859672,35974924.25,1.3158,0.7197,1,0,none,baostock,query_history_k_data_plus
688510,SHSE.688510,,SH,A股-上交所,2024-05-31,19.16,19.65,19.1,19.46,19.25,1746273,33884979.13,1.0909,0.6758,1,0,none,baostock,query_history_k_data_plus
688510,SHSE.688510,,SH,A股-上交所,2024-06-03,18.9,19.5,18.37,19.25,19.46,3706725,70812227.43,-1.0791,1.4346,1,0,none,baostock,query_history_k_data_plus
688510,SHSE.688510,,SH,A股-上交所,2024-06-04,19.31,19.31,18.47,18.88,19.25,3925284,73979866.07,-1.9221,1.5192,1,0,none,baostock,query_history_k_data_plus
688510,SHSE.688510,,SH,A股-上交所,2024-06-05,18.86,19.25,18.7,18.75,18.88,2266500,43026219.63,-0.6886,0.8772,1,0,none,baostock,query_history_k_data_plus
688510,SHSE.688510,,SH,A股-上交所,2024-06-06,18.59,18.92,17.89,18.17,18.75,3356541,61150381.33,-3.0933,1.2991,1,0,none,baostock,query_history_k_data_plus
688510,SHSE.688510,,SH,A股-上交所,2024-06-07,18.31,18.44,17.81,18.1,18.17,2112543,38365735.01,-0.3853,0.8176,1,0,none,baostock,query_history_k_data_plus
688510,SHSE.688510,,SH,A股-上交所,2024-06-11,18.05,18.49,17.67,18.39,18.1,2178561,39679982.69,1.6022,0.8432,1,0,none,baostock,query_history_k_data_plus
688510,SHSE.688510,,SH,A股-上交所,2024-06-12,18.41,18.97,18.35,18.86,18.39,2085189,39246839.01,2.5557,0.807,1,0,none,baostock,query_history_k_data_plus
688510,SHSE.688510,,SH,A股-上交所,2024-06-13,18.8,19.23,18.61,19.02,18.86,1611319,30570063.03,0.8484,0.6236,1,0,none,baostock,query_history_k_data_plus
688510,SHSE.688510,,SH,A股-上交所,2024-06-14,19.08,19.19,18.25,18.43,19.02,2093023,38665956.45,-3.102,0.81,1,0,none,baostock,query_history_k_data_plus
688510,SHSE.688510,,SH,A股-上交所,2024-06-17,18.83,19.05,18.42,18.91,18.43,2622763,49415270.68,2.6044,1.0151,1,0,none,baostock,query_history_k_data_plus
688510,SHSE.688510,,SH,A股-上交所,2024-06-18,18.7,19.0,18.63,18.73,18.91,1505633,28183130.74,-0.9519,0.5827,1,0,none,baostock,query_history_k_data_plus
688510,SHSE.688510,,SH,A股-上交所,2024-06-19,18.69,18.88,18.47,18.74,18.73,1229447,23020778.54,0.0534,0.4758,1,0,none,baostock,query_history_k_data_plus
688510,SHSE.688510,,SH,A股-上交所,2024-06-20,18.56,18.95,18.52,18.55,18.74,1320025,24642992.71,-1.0139,0.5109,1,0,none,baostock,query_history_k_data_plus
688510,SHSE.688510,,SH,A股-上交所,2024-06-21,18.55,18.73,18.31,18.44,18.55,1416104,26218981.69,-0.593,0.5481,1,0,none,baostock,query_history_k_data_plus
688510,SHSE.688510,,SH,A股-上交所,2024-06-24,18.44,18.56,17.41,17.51,18.44,2963771,53027931.61,-5.0434,1.147,1,0,none,baostock,query_history_k_data_plus
688510,SHSE.688510,,SH,A股-上交所,2024-06-25,17.35,17.99,17.14,17.29,17.51,1981574,34471881.39,-1.2564,0.7669,1,0,none,baostock,query_history_k_data_plus
688510,SHSE.688510,,SH,A股-上交所,2024-06-26,17.06,17.8,17.06,17.76,17.29,1262500,22027973.8,2.7183,0.4886,1,0,none,baostock,query_history_k_data_plus
688510,SHSE.688510,,SH,A股-上交所,2024-06-27,17.75,17.85,17.22,17.3,17.76,1502400,26318634.31,-2.5901,0.5815,1,0,none,baostock,query_history_k_data_plus
688510,SHSE.688510,,SH,A股-上交所,2024-06-28,17.3,18.59,17.3,18.41,17.3,2921996,53373728.64,6.4162,1.1309,1,0,none,baostock,query_history_k_data_plus
688510,SHSE.688510,,SH,A股-上交所,2024-07-01,18.21,18.45,17.47,17.77,18.41,3058041,54303696.93,-3.4764,1.1835,1,0,none,baostock,query_history_k_data_plus
688510,SHSE.688510,,SH,A股-上交所,2024-07-02,17.74,18.18,17.58,17.88,17.77,2360223,42238780.0,0.619,0.9135,1,0,none,baostock,query_history_k_data_plus
688510,SHSE.688510,,SH,A股-上交所,2024-07-03,17.66,17.87,17.41,17.49,17.88,1981113,34864252.9,-2.1812,0.7667,1,0,none,baostock,query_history_k_data_plus
688510,SHSE.688510,,SH,A股-上交所,2024-07-04,17.23,17.66,17.18,17.18,17.49,1496660,26004993.13,-1.7724,0.5792,1,0,none,baostock,query_history_k_data_plus
688510,SHSE.688510,,SH,A股-上交所,2024-07-05,17.08,17.35,16.65,17.18,17.18,2870016,48662718.56,0.0,1.1108,1,0,none,baostock,query_history_k_data_plus
688510,SHSE.688510,,SH,A股-上交所,2024-07-08,16.89,17.16,16.6,16.71,17.18,2002923,33670482.8,-2.7357,0.7752,1,0,none,baostock,query_history_k_data_plus
688510,SHSE.688510,,SH,A股-上交所,2024-07-09,16.72,17.35,16.48,17.2,16.71,1839612,31129895.79,2.9324,0.712,1,0,none,baostock,query_history_k_data_plus
688510,SHSE.688510,,SH,A股-上交所,2024-07-10,17.12,17.64,17.01,17.52,17.2,1986729,34665717.39,1.8605,0.7689,1,0,none,baostock,query_history_k_data_plus
688510,SHSE.688510,,SH,A股-上交所,2024-07-11,17.62,18.18,17.42,18.15,17.52,2350849,42252602.05,3.5959,0.9098,1,0,none,baostock,query_history_k_data_plus
688510,SHSE.688510,,SH,A股-上交所,2024-07-12,18.2,18.28,17.87,18.18,18.15,1922149,34645404.69,0.1653,0.7439,1,0,none,baostock,query_history_k_data_plus
688510,SHSE.688510,,SH,A股-上交所,2024-07-15,17.81,18.24,17.74,17.95,18.18,1849357,33143899.99,-1.2651,0.7157,1,0,none,baostock,query_history_k_data_plus
688510,SHSE.688510,,SH,A股-上交所,2024-07-16,17.6,17.87,17.25,17.6,17.95,2414302,42199917.17,-1.9499,0.9344,1,0,none,baostock,query_history_k_data_plus
688510,SHSE.688510,,SH,A股-上交所,2024-07-17,17.59,17.63,17.06,17.18,17.6,1829546,31525104.48,-2.3864,0.7081,1,0,none,baostock,query_history_k_data_plus
688510,SHSE.688510,,SH,A股-上交所,2024-07-18,17.14,17.74,16.84,17.68,17.18,2556258,44234586.48,2.9104,0.9893,1,0,none,baostock,query_history_k_data_plus
688510,SHSE.688510,,SH,A股-上交所,2024-07-19,17.5,18.09,17.49,17.87,17.68,1991395,35425064.51,1.0747,0.7707,1,0,none,baostock,query_history_k_data_plus
688510,SHSE.688510,,SH,A股-上交所,2024-07-22,17.82,18.14,17.72,18.08,17.87,2050029,36851112.54,1.1752,0.7934,1,0,none,baostock,query_history_k_data_plus
688510,SHSE.688510,,SH,A股-上交所,2024-07-23,18.08,18.12,17.7,17.76,18.08,2718680,48562098.82,-1.7699,1.0522,1,0,none,baostock,query_history_k_data_plus
688510,SHSE.688510,,SH,A股-上交所,2024-07-24,17.69,18.51,17.69,18.27,17.76,4592919,83385186.0,2.8716,1.7776,1,0,none,baostock,query_history_k_data_plus
688510,SHSE.688510,,SH,A股-上交所,2024-07-25,17.05,17.83,16.8,17.4,18.27,7409979,128240460.35,-4.7619,2.8678,1,0,none,baostock,query_history_k_data_plus
688510,SHSE.688510,,SH,A股-上交所,2024-07-26,17.37,17.72,17.11,17.53,17.4,3532993,61721051.17,0.7471,1.3673,1,0,none,baostock,query_history_k_data_plus
688510,SHSE.688510,,SH,A股-上交所,2024-07-29,17.52,17.69,16.53,16.76,17.53,4447800,75298476.47,-4.3925,1.7214,1,0,none,baostock,query_history_k_data_plus
688510,SHSE.688510,,SH,A股-上交所,2024-07-30,16.63,16.69,15.8,15.91,16.76,5058699,81360119.29,-5.0716,1.9578,1,0,none,baostock,query_history_k_data_plus
688510,SHSE.688510,,SH,A股-上交所,2024-07-31,16.01,16.95,15.79,16.85,15.91,4653005,76289591.61,5.9082,1.8008,1,0,none,baostock,query_history_k_data_plus
688510,SHSE.688510,,SH,A股-上交所,2024-08-01,16.84,16.96,16.27,16.42,16.85,4250517,70441565.92,-2.5519,1.645,1,0,none,baostock,query_history_k_data_plus
688510,SHSE.688510,,SH,A股-上交所,2024-08-02,16.31,16.69,16.11,16.2,16.42,3217783,52738125.09,-1.3398,1.2454,1,0,none,baostock,query_history_k_data_plus
688510,SHSE.688510,,SH,A股-上交所,2024-08-05,16.0,16.34,15.3,15.33,16.2,4266630,67369938.92,-5.3704,1.6513,1,0,none,baostock,query_history_k_data_plus
688510,SHSE.688510,,SH,A股-上交所,2024-08-06,15.55,16.08,15.35,15.86,15.33,2848064,44942263.94,3.4573,1.1023,1,0,none,baostock,query_history_k_data_plus
688510,SHSE.688510,,SH,A股-上交所,2024-08-07,15.99,16.26,15.69,16.0,15.86,2701944,43316326.35,0.8827,1.0457,1,0,none,baostock,query_history_k_data_plus
688510,SHSE.688510,,SH,A股-上交所,2024-08-08,15.7,15.93,15.15,15.43,16.0,2944755,45529821.06,-3.5625,1.1397,1,0,none,baostock,query_history_k_data_plus
688510,SHSE.688510,,SH,A股-上交所,2024-08-09,15.4,15.85,15.35,15.35,15.43,2174034,33933579.09,-0.5185,0.8414,1,0,none,baostock,query_history_k_data_plus
688510,SHSE.688510,,SH,A股-上交所,2024-08-12,15.29,15.4,15.1,15.2,15.35,1652676,25152409.9,-0.9772,0.6396,1,0,none,baostock,query_history_k_data_plus
688510,SHSE.688510,,SH,A股-上交所,2024-08-13,15.08,15.49,15.08,15.28,15.2,1128118,17198972.12,0.5263,0.4366,1,0,none,baostock,query_history_k_data_plus
688510,SHSE.688510,,SH,A股-上交所,2024-08-14,15.28,15.46,15.0,15.02,15.28,1220916,18438331.24,-1.7016,0.4725,1,0,none,baostock,query_history_k_data_plus
688510,SHSE.688510,,SH,A股-上交所,2024-08-15,15.07,15.37,14.91,15.07,15.02,1923848,29097556.97,0.3329,0.7446,1,0,none,baostock,query_history_k_data_plus
688510,SHSE.688510,,SH,A股-上交所,2024-08-16,15.09,15.28,15.03,15.07,15.07,1644403,24906968.84,0.0,0.6364,1,0,none,baostock,query_history_k_data_plus
688510,SHSE.688510,,SH,A股-上交所,2024-08-19,14.83,15.13,14.72,14.86,15.07,1381376,20655394.07,-1.3935,0.5346,1,0,none,baostock,query_history_k_data_plus
688510,SHSE.688510,,SH,A股-上交所,2024-08-20,14.76,15.17,14.52,14.57,14.86,1562752,22873460.78,-1.9515,0.6048,1,0,none,baostock,query_history_k_data_plus
688510,SHSE.688510,,SH,A股-上交所,2024-08-21,14.53,14.69,14.49,14.59,14.57,843514,12314106.02,0.1373,0.3265,1,0,none,baostock,query_history_k_data_plus
688510,SHSE.688510,,SH,A股-上交所,2024-08-22,14.65,14.87,14.56,14.74,14.59,1972982,29062670.07,1.0281,0.7636,1,0,none,baostock,query_history_k_data_plus
688510,SHSE.688510,,SH,A股-上交所,2024-08-23,14.64,14.88,14.31,14.46,14.74,1642100,23804917.88,-1.8996,0.6355,1,0,none,baostock,query_history_k_data_plus
688510,SHSE.688510,,SH,A股-上交所,2024-08-26,14.34,14.64,14.34,14.54,14.46,1440742,20913531.04,0.5533,0.5576,1,0,none,baostock,query_history_k_data_plus
688510,SHSE.688510,,SH,A股-上交所,2024-08-27,14.31,14.51,14.2,14.32,14.54,1258023,18015968.21,-1.5131,0.4869,1,0,none,baostock,query_history_k_data_plus
688510,SHSE.688510,,SH,A股-上交所,2024-08-28,14.49,14.67,14.21,14.58,14.32,1518225,22038241.91,1.8156,0.5876,1,0,none,baostock,query_history_k_data_plus
688510,SHSE.688510,,SH,A股-上交所,2024-08-29,14.56,15.02,14.4,14.82,14.58,1978793,29303419.06,1.6461,0.7658,1,0,none,baostock,query_history_k_data_plus
688510,SHSE.688510,,SH,A股-上交所,2024-08-30,14.82,15.25,14.63,15.03,14.82,2568302,38479507.76,1.417,0.994,1,0,none,baostock,query_history_k_data_plus
688510,SHSE.688510,,SH,A股-上交所,2024-09-02,15.11,15.11,14.05,14.09,15.03,3125635,44905927.31,-6.2542,1.2097,1,0,none,baostock,query_history_k_data_plus
688510,SHSE.688510,,SH,A股-上交所,2024-09-03,14.09,14.31,14.02,14.23,14.09,2208291,31329871.67,0.9936,0.8547,1,0,none,baostock,query_history_k_data_plus
688510,SHSE.688510,,SH,A股-上交所,2024-09-04,14.23,14.25,14.01,14.13,14.23,1518058,21422605.46,-0.7027,0.5875,1,0,none,baostock,query_history_k_data_plus
688510,SHSE.688510,,SH,A股-上交所,2024-09-05,14.16,14.44,14.11,14.26,14.13,1300983,18600392.44,0.92,0.5035,1,0,none,baostock,query_history_k_data_plus
688510,SHSE.688510,,SH,A股-上交所,2024-09-06,14.26,14.35,13.75,13.78,14.26,1723098,24030933.73,-3.3661,0.6669,1,0,none,baostock,query_history_k_data_plus
688510,SHSE.688510,,SH,A股-上交所,2024-09-09,13.7,14.02,13.7,13.94,13.78,2304002,32013192.02,1.1611,0.8917,1,0,none,baostock,query_history_k_data_plus
688510,SHSE.688510,,SH,A股-上交所,2024-09-10,13.94,14.1,13.69,13.95,13.94,1489825,20626232.64,0.0717,0.5766,1,0,none,baostock,query_history_k_data_plus
688510,SHSE.688510,,SH,A股-上交所,2024-09-11,13.93,14.08,13.82,13.93,13.95,1278794,17878597.2,-0.1434,0.4949,1,0,none,baostock,query_history_k_data_plus
688510,SHSE.688510,,SH,A股-上交所,2024-09-12,13.85,14.12,13.76,13.77,13.93,1248975,17405974.86,-1.1486,0.4834,1,0,none,baostock,query_history_k_data_plus
688510,SHSE.688510,,SH,A股-上交所,2024-09-13,13.73,13.77,13.42,13.42,13.77,1642256,22283164.9,-2.5418,0.6356,1,0,none,baostock,query_history_k_data_plus
688510,SHSE.688510,,SH,A股-上交所,2024-09-18,13.82,13.82,12.94,13.09,13.42,3149899,41485397.09,-2.459,1.2191,1,0,none,baostock,query_history_k_data_plus
688510,SHSE.688510,,SH,A股-上交所,2024-09-19,13.1,13.5,12.97,13.14,13.09,2702376,35697209.77,0.382,1.0459,1,0,none,baostock,query_history_k_data_plus
688510,SHSE.688510,,SH,A股-上交所,2024-09-20,13.11,13.29,13.01,13.14,13.14,2173095,28533341.42,0.0,0.841,1,0,none,baostock,query_history_k_data_plus
688510,SHSE.688510,,SH,A股-上交所,2024-09-23,12.97,13.24,12.9,13.1,13.14,1549876,20334820.44,-0.3044,0.5998,1,0,none,baostock,query_history_k_data_plus
688510,SHSE.688510,,SH,A股-上交所,2024-09-24,13.0,13.69,13.0,13.68,13.1,2165662,29021973.26,4.4275,0.8382,1,0,none,baostock,query_history_k_data_plus
688510,SHSE.688510,,SH,A股-上交所,2024-09-25,13.75,14.14,13.51,13.59,13.68,2697839,37355750.64,-0.6579,1.0441,1,0,none,baostock,query_history_k_data_plus
688510,SHSE.688510,,SH,A股-上交所,2024-09-26,13.52,14.24,13.5,14.2,13.59,2578446,35705942.36,4.4886,0.9979,1,0,none,baostock,query_history_k_data_plus
688510,SHSE.688510,,SH,A股-上交所,2024-09-27,14.5,15.05,14.4,15.04,14.2,2198966,32442431.86,5.9155,0.8511,1,0,none,baostock,query_history_k_data_plus
688510,SHSE.688510,,SH,A股-上交所,2024-09-30,15.86,17.18,15.34,16.94,15.04,10125290,167129709.79,12.633,3.9187,1,0,none,baostock,query_history_k_data_plus
688510,SHSE.688510,,SH,A股-上交所,2024-10-08,20.19,20.19,17.2,18.81,16.94,11353522,210643940.45,11.039,4.3941,1,0,none,baostock,query_history_k_data_plus
688510,SHSE.688510,,SH,A股-上交所,2024-10-09,17.98,17.98,16.47,16.56,18.81,9510714,163882742.99,-11.9617,3.6809,1,0,none,baostock,query_history_k_data_plus
688510,SHSE.688510,,SH,A股-上交所,2024-10-10,16.56,17.15,16.16,16.36,16.56,6471949,107678985.42,-1.2077,2.5048,1,0,none,baostock,query_history_k_data_plus
688510,SHSE.688510,,SH,A股-上交所,2024-10-11,16.36,16.43,15.0,15.2,16.36,6518010,101083846.45,-7.0905,2.5226,1,0,none,baostock,query_history_k_data_plus
688510,SHSE.688510,,SH,A股-上交所,2024-10-14,15.44,16.2,15.3,16.1,15.2,6790196,107572954.85,5.9211,2.628,1,0,none,baostock,query_history_k_data_plus
688510,SHSE.688510,,SH,A股-上交所,2024-10-15,16.07,16.5,15.65,15.89,16.1,5010774,80410576.31,-1.3043,1.9393,1,0,none,baostock,query_history_k_data_plus
688510,SHSE.688510,,SH,A股-上交所,2024-10-16,15.77,16.01,15.5,15.7,15.89,2913687,45869350.78,-1.1957,1.1277,1,0,none,baostock,query_history_k_data_plus
688510,SHSE.688510,,SH,A股-上交所,2024-10-17,15.69,16.22,15.68,15.79,15.7,3049879,48721151.78,0.5732,1.1804,1,0,none,baostock,query_history_k_data_plus
688510,SHSE.688510,,SH,A股-上交所,2024-10-18,16.0,16.93,15.71,16.63,15.79,4417459,72274386.71,5.3198,1.7097,1,0,none,baostock,query_history_k_data_plus
688510,SHSE.688510,,SH,A股-上交所,2024-10-21,16.88,17.73,16.61,17.33,16.63,7465998,129004306.31,4.2093,2.8895,1,0,none,baostock,query_history_k_data_plus
688510,SHSE.688510,,SH,A股-上交所,2024-10-22,17.41,17.43,16.9,17.16,17.33,4875304,83543901.71,-0.981,1.8869,1,0,none,baostock,query_history_k_data_plus
688510,SHSE.688510,,SH,A股-上交所,2024-10-23,17.28,18.38,17.14,17.71,17.16,8048264,143266815.48,3.2051,3.1149,1,0,none,baostock,query_history_k_data_plus
688510,SHSE.688510,,SH,A股-上交所,2024-10-24,17.66,17.8,17.3,17.34,17.71,4510809,78952724.25,-2.0892,1.7458,1,0,none,baostock,query_history_k_data_plus
688510,SHSE.688510,,SH,A股-上交所,2024-10-25,16.88,17.51,16.8,17.3,17.34,5847194,100610447.24,-0.2307,2.263,1,0,none,baostock,query_history_k_data_plus
688510,SHSE.688510,,SH,A股-上交所,2024-10-28,17.33,17.58,17.2,17.38,17.3,5777709,100226490.8,0.4624,2.2361,1,0,none,baostock,query_history_k_data_plus
688510,SHSE.688510,,SH,A股-上交所,2024-10-29,17.27,17.44,16.75,16.83,17.38,4681150,79700076.14,-3.1646,1.8117,1,0,none,baostock,query_history_k_data_plus
688510,SHSE.688510,,SH,A股-上交所,2024-10-30,16.78,17.15,16.51,16.66,16.83,4014403,67407083.83,-1.0101,1.5537,1,0,none,baostock,query_history_k_data_plus
688510,SHSE.688510,,SH,A股-上交所,2024-10-31,16.62,17.08,16.44,16.92,16.66,3929185,66160821.2,1.5606,1.5207,1,0,none,baostock,query_history_k_data_plus
688510,SHSE.688510,,SH,A股-上交所,2024-11-01,16.73,17.0,16.12,16.13,16.92,5737120,93902410.96,-4.669,2.2204,1,0,none,baostock,query_history_k_data_plus
688510,SHSE.688510,,SH,A股-上交所,2024-11-04,16.11,16.79,16.11,16.65,16.13,3759501,62236438.67,3.2238,1.455,1,0,none,baostock,query_history_k_data_plus
688510,SHSE.688510,,SH,A股-上交所,2024-11-05,16.72,18.05,16.72,18.03,16.65,9365162,164550039.04,8.2883,3.6245,1,0,none,baostock,query_history_k_data_plus
688510,SHSE.688510,,SH,A股-上交所,2024-11-06,18.5,18.7,17.7,17.92,18.03,8188115,147918797.57,-0.6101,3.169,1,0,none,baostock,query_history_k_data_plus
688510,SHSE.688510,,SH,A股-上交所,2024-11-07,17.65,17.91,17.35,17.8,17.92,6243087,110081239.86,-0.6696,2.4162,1,0,none,baostock,query_history_k_data_plus
688510,SHSE.688510,,SH,A股-上交所,2024-11-08,17.88,18.19,17.6,17.88,17.8,6965143,125048702.25,0.4494,2.6957,1,0,none,baostock,query_history_k_data_plus
688510,SHSE.688510,,SH,A股-上交所,2024-11-11,17.81,18.75,17.81,18.75,17.88,7728981,141849190.85,4.8658,2.9913,1,0,none,baostock,query_history_k_data_plus
688510,SHSE.688510,,SH,A股-上交所,2024-11-12,18.88,19.57,18.57,19.11,18.75,11049341,210543794.78,1.92,4.2763,1,0,none,baostock,query_history_k_data_plus
688510,SHSE.688510,,SH,A股-上交所,2024-11-13,19.08,19.24,18.06,18.76,19.11,8511921,157549859.38,-1.8315,3.2943,1,0,none,baostock,query_history_k_data_plus
688510,SHSE.688510,,SH,A股-上交所,2024-11-14,18.67,18.67,17.85,17.93,18.76,4660987,85083343.56,-4.4243,1.8039,1,0,none,baostock,query_history_k_data_plus
688510,SHSE.688510,,SH,A股-上交所,2024-11-15,17.86,18.0,16.82,16.85,17.93,7750755,134293264.53,-6.0234,2.9997,1,0,none,baostock,query_history_k_data_plus
688510,SHSE.688510,,SH,A股-上交所,2024-11-18,16.9,17.09,16.39,16.66,16.85,4210476,70343122.54,-1.1276,1.6296,1,0,none,baostock,query_history_k_data_plus
688510,SHSE.688510,,SH,A股-上交所,2024-11-19,16.69,17.2,16.6,17.18,16.66,2935017,49454176.11,3.1212,1.1359,1,0,none,baostock,query_history_k_data_plus
688510,SHSE.688510,,SH,A股-上交所,2024-11-20,17.14,17.4,16.88,17.34,17.18,3330749,57283669.82,0.9313,1.2891,1,0,none,baostock,query_history_k_data_plus
688510,SHSE.688510,,SH,A股-上交所,2024-11-21,17.32,17.32,16.95,17.25,17.34,2513997,43147679.89,-0.519,0.973,1,0,none,baostock,query_history_k_data_plus
688510,SHSE.688510,,SH,A股-上交所,2024-11-22,17.3,17.3,16.43,16.46,17.25,3485627,58777180.78,-4.5797,1.349,1,0,none,baostock,query_history_k_data_plus
688510,SHSE.688510,,SH,A股-上交所,2024-11-25,16.46,16.72,16.12,16.68,16.46,2408892,39486899.35,1.3366,0.9323,1,0,none,baostock,query_history_k_data_plus
688510,SHSE.688510,,SH,A股-上交所,2024-11-26,16.7,17.17,16.56,16.8,16.68,3505298,59611330.16,0.7194,1.3566,1,0,none,baostock,query_history_k_data_plus
688510,SHSE.688510,,SH,A股-上交所,2024-11-27,16.72,17.2,16.44,17.17,16.8,2400710,40581065.97,2.2024,0.9291,1,0,none,baostock,query_history_k_data_plus
688510,SHSE.688510,,SH,A股-上交所,2024-11-28,17.17,17.28,16.87,16.92,17.17,2730073,46699039.68,-1.456,1.0566,1,0,none,baostock,query_history_k_data_plus
688510,SHSE.688510,,SH,A股-上交所,2024-11-29,16.91,17.24,16.71,17.13,16.92,3551170,60462158.84,1.2411,1.3744,1,0,none,baostock,query_history_k_data_plus
688510,SHSE.688510,,SH,A股-上交所,2024-12-02,17.17,17.39,17.02,17.3,17.13,2826500,48773088.44,0.9924,1.0939,1,0,none,baostock,query_history_k_data_plus
688510,SHSE.688510,,SH,A股-上交所,2024-12-03,17.3,17.31,17.03,17.2,17.3,2118543,36359755.37,-0.578,0.8199,1,0,none,baostock,query_history_k_data_plus
688510,SHSE.688510,,SH,A股-上交所,2024-12-04,17.16,17.21,16.8,16.88,17.2,2290292,38908105.44,-1.8605,0.8864,1,0,none,baostock,query_history_k_data_plus
688510,SHSE.688510,,SH,A股-上交所,2024-12-05,16.8,17.16,16.71,17.02,16.88,2758888,46857849.5,0.8294,1.0678,1,0,none,baostock,query_history_k_data_plus
688510,SHSE.688510,,SH,A股-上交所,2024-12-06,17.1,17.27,16.76,17.16,17.02,2796641,47624941.89,0.8226,1.0824,1,0,none,baostock,query_history_k_data_plus
688510,SHSE.688510,,SH,A股-上交所,2024-12-09,17.21,17.78,17.03,17.51,17.16,4726723,82635175.73,2.0396,1.8294,1,0,none,baostock,query_history_k_data_plus
688510,SHSE.688510,,SH,A股-上交所,2024-12-10,17.94,18.1,17.63,17.67,17.51,4590335,81851001.63,0.9138,1.7766,1,0,none,baostock,query_history_k_data_plus
688510,SHSE.688510,,SH,A股-上交所,2024-12-11,17.6,17.88,17.41,17.85,17.67,2336401,41448904.82,1.0187,0.9042,1,0,none,baostock,query_history_k_data_plus
688510,SHSE.688510,,SH,A股-上交所,2024-12-12,17.85,18.16,17.63,18.0,17.85,3377783,60856612.1,0.8403,1.3073,1,0,none,baostock,query_history_k_data_plus
688510,SHSE.688510,,SH,A股-上交所,2024-12-13,17.97,18.0,17.45,17.65,18.0,3249714,57348570.16,-1.9444,1.2577,1,0,none,baostock,query_history_k_data_plus
688510,SHSE.688510,,SH,A股-上交所,2024-12-16,17.65,17.65,17.15,17.27,17.65,2178732,37754278.7,-2.153,0.8432,1,0,none,baostock,query_history_k_data_plus
688510,SHSE.688510,,SH,A股-上交所,2024-12-17,17.29,17.34,16.59,16.61,17.27,2760845,46523780.17,-3.8217,1.0685,1,0,none,baostock,query_history_k_data_plus
688510,SHSE.688510,,SH,A股-上交所,2024-12-18,16.78,16.84,16.35,16.59,16.61,1916820,31780243.99,-0.1204,0.7419,1,0,none,baostock,query_history_k_data_plus
688510,SHSE.688510,,SH,A股-上交所,2024-12-19,16.62,16.62,16.34,16.57,16.59,1736456,28633495.63,-0.1206,0.672,1,0,none,baostock,query_history_k_data_plus
688510,SHSE.688510,,SH,A股-上交所,2024-12-20,16.51,17.08,16.48,16.94,16.57,1985689,33518461.15,2.233,0.7685,1,0,none,baostock,query_history_k_data_plus
688510,SHSE.688510,,SH,A股-上交所,2024-12-23,16.9,17.0,16.22,16.22,16.94,3018140,50075578.84,-4.2503,1.1681,1,0,none,baostock,query_history_k_data_plus
688510,SHSE.688510,,SH,A股-上交所,2024-12-24,16.38,16.52,16.16,16.4,16.22,2481840,40639465.84,1.1097,0.9605,1,0,none,baostock,query_history_k_data_plus
688510,SHSE.688510,,SH,A股-上交所,2024-12-25,16.4,16.45,15.83,16.08,16.4,2600631,41677768.06,-1.9512,1.0065,1,0,none,baostock,query_history_k_data_plus
688510,SHSE.688510,,SH,A股-上交所,2024-12-26,16.14,16.87,16.08,16.7,16.08,4160938,69263055.21,3.8557,1.6104,1,0,none,baostock,query_history_k_data_plus
688510,SHSE.688510,,SH,A股-上交所,2024-12-27,17.06,17.24,16.82,17.1,16.7,3828587,65269338.89,2.3952,1.4818,1,0,none,baostock,query_history_k_data_plus
688510,SHSE.688510,,SH,A股-上交所,2024-12-30,17.08,17.68,16.71,17.5,17.1,5316812,92075081.11,2.3392,2.0577,1,0,none,baostock,query_history_k_data_plus
688510,SHSE.688510,,SH,A股-上交所,2024-12-31,17.42,17.66,17.14,17.42,17.5,5375897,93606801.41,-0.4571,2.0806,1,0,none,baostock,query_history_k_data_plus
688510,SHSE.688510,,SH,A股-上交所,2025-01-02,17.32,17.65,16.2,16.48,17.42,4234383,71960810.24,-5.3961,1.6388,1,0,none,baostock,query_history_k_data_plus
688510,SHSE.688510,,SH,A股-上交所,2025-01-03,16.62,16.65,15.46,15.55,16.48,3709316,59298459.15,-5.6432,1.4356,1,0,none,baostock,query_history_k_data_plus
688510,SHSE.688510,,SH,A股-上交所,2025-01-06,15.45,15.76,15.2,15.35,15.55,1546878,23931510.1,-1.2862,0.5987,1,0,none,baostock,query_history_k_data_plus
688510,SHSE.688510,,SH,A股-上交所,2025-01-07,15.42,15.65,15.22,15.59,15.35,1513877,23356747.7,1.5635,0.5859,1,0,none,baostock,query_history_k_data_plus
688510,SHSE.688510,,SH,A股-上交所,2025-01-08,15.64,15.65,14.98,15.29,15.59,2489392,38131259.6,-1.9243,0.9635,1,0,none,baostock,query_history_k_data_plus
688510,SHSE.688510,,SH,A股-上交所,2025-01-09,15.31,15.49,15.15,15.2,15.29,3454816,52803357.52,-0.5886,1.3371,1,0,none,baostock,query_history_k_data_plus
688510,SHSE.688510,,SH,A股-上交所,2025-01-10,15.17,15.45,14.89,14.89,15.2,2186815,33167879.09,-2.0395,0.8463,1,0,none,baostock,query_history_k_data_plus
688510,SHSE.688510,,SH,A股-上交所,2025-01-13,14.88,15.21,14.5,15.0,14.89,2275588,33999072.62,0.7388,0.8807,1,0,none,baostock,query_history_k_data_plus
688510,SHSE.688510,,SH,A股-上交所,2025-01-14,15.06,15.47,14.98,15.41,15.0,5221594,80001144.81,2.7333,2.0209,1,0,none,baostock,query_history_k_data_plus
688510,SHSE.688510,,SH,A股-上交所,2025-01-15,15.33,15.5,15.15,15.22,15.41,2106567,32147176.91,-1.233,0.8153,1,0,none,baostock,query_history_k_data_plus
688510,SHSE.688510,,SH,A股-上交所,2025-01-16,15.29,15.45,15.03,15.13,15.22,2109750,32099903.27,-0.5913,0.8165,1,0,none,baostock,query_history_k_data_plus
688510,SHSE.688510,,SH,A股-上交所,2025-01-17,15.3,15.46,15.03,15.36,15.13,2222039,33951756.81,1.5202,0.86,1,0,none,baostock,query_history_k_data_plus
688510,SHSE.688510,,SH,A股-上交所,2025-01-20,15.46,15.65,15.31,15.49,15.36,2239773,34708787.29,0.8464,0.8668,1,0,none,baostock,query_history_k_data_plus
688510,SHSE.688510,,SH,A股-上交所,2025-01-21,15.49,15.6,15.33,15.56,15.49,1492240,23117821.14,0.4519,0.5775,1,0,none,baostock,query_history_k_data_plus
688510,SHSE.688510,,SH,A股-上交所,2025-01-22,15.45,15.7,15.4,15.54,15.56,2160647,33557768.16,-0.1285,0.8362,1,0,none,baostock,query_history_k_data_plus
688510,SHSE.688510,,SH,A股-上交所,2025-01-23,15.81,16.2,15.67,15.68,15.54,3427746,54638178.03,0.9009,1.3266,1,0,none,baostock,query_history_k_data_plus
688510,SHSE.688510,,SH,A股-上交所,2025-01-24,15.7,15.99,15.5,15.94,15.68,2334962,36875506.35,1.6582,0.9037,1,0,none,baostock,query_history_k_data_plus
688510,SHSE.688510,,SH,A股-上交所,2025-01-27,16.08,16.13,15.65,15.7,15.94,2394861,38059926.67,-1.5056,0.9269,1,0,none,baostock,query_history_k_data_plus
688510,SHSE.688510,,SH,A股-上交所,2025-02-05,15.88,15.88,15.52,15.7,15.7,1694200,26624891.38,0.0,0.6557,1,0,none,baostock,query_history_k_data_plus
688510,SHSE.688510,,SH,A股-上交所,2025-02-06,15.8,16.13,15.62,16.04,15.7,2652212,42275144.81,2.1656,1.0265,1,0,none,baostock,query_history_k_data_plus
688510,SHSE.688510,,SH,A股-上交所,2025-02-07,15.98,16.38,15.98,16.26,16.04,2976983,48301315.15,1.3716,1.1522,1,0,none,baostock,query_history_k_data_plus
688510,SHSE.688510,,SH,A股-上交所,2025-02-10,16.26,16.59,16.15,16.55,16.26,2879108,47309561.0,1.7835,1.1143,1,0,none,baostock,query_history_k_data_plus
688510,SHSE.688510,,SH,A股-上交所,2025-02-11,17.37,17.77,16.99,17.27,16.55,7966297,137812413.27,4.3505,3.0831,1,0,none,baostock,query_history_k_data_plus
688510,SHSE.688510,,SH,A股-上交所,2025-02-12,17.28,17.76,17.2,17.64,17.27,6472653,113593779.0,2.1424,2.5051,1,0,none,baostock,query_history_k_data_plus
688510,SHSE.688510,,SH,A股-上交所,2025-02-13,17.67,17.81,17.06,17.06,17.64,3407634,59194933.0,-3.288,1.3188,1,0,none,baostock,query_history_k_data_plus
688510,SHSE.688510,,SH,A股-上交所,2025-02-14,17.12,17.18,16.84,17.02,17.06,2883566,49067350.44,-0.2345,1.116,1,0,none,baostock,query_history_k_data_plus
688510,SHSE.688510,,SH,A股-上交所,2025-02-17,17.02,17.17,16.86,17.14,17.02,3291105,56066193.05,0.7051,1.2737,1,0,none,baostock,query_history_k_data_plus
688510,SHSE.688510,,SH,A股-上交所,2025-02-18,17.07,17.2,16.62,16.7,17.14,2987572,50553973.23,-2.5671,1.1563,1,0,none,baostock,query_history_k_data_plus
688510,SHSE.688510,,SH,A股-上交所,2025-02-19,16.66,17.36,16.66,17.3,16.7,3367925,57639174.98,3.5928,1.3035,1,0,none,baostock,query_history_k_data_plus
688510,SHSE.688510,,SH,A股-上交所,2025-02-20,17.2,17.56,17.2,17.45,17.3,2854097,49688303.67,0.8671,1.1046,1,0,none,baostock,query_history_k_data_plus
688510,SHSE.688510,,SH,A股-上交所,2025-02-21,17.45,17.95,17.3,17.82,17.45,4713652,83074345.65,2.1203,1.8243,1,0,none,baostock,query_history_k_data_plus
688510,SHSE.688510,,SH,A股-上交所,2025-02-24,17.83,18.27,17.52,17.92,17.82,3994006,71430847.61,0.5612,1.5458,1,0,none,baostock,query_history_k_data_plus
688510,SHSE.688510,,SH,A股-上交所,2025-02-25,17.79,18.01,17.6,17.68,17.92,3058884,54481030.73,-1.3393,1.1839,1,0,none,baostock,query_history_k_data_plus
688510,SHSE.688510,,SH,A股-上交所,2025-02-26,17.68,17.88,17.6,17.71,17.68,4903953,86787517.46,0.1697,1.8979,1,0,none,baostock,query_history_k_data_plus
688510,SHSE.688510,,SH,A股-上交所,2025-02-27,17.62,17.72,17.18,17.51,17.71,3623821,63285485.39,-1.1293,1.4025,1,0,none,baostock,query_history_k_data_plus
688510,SHSE.688510,,SH,A股-上交所,2025-02-28,17.5,17.51,16.8,16.84,17.51,3326560,56829600.45,-3.8264,1.2875,1,0,none,baostock,query_history_k_data_plus
688510,SHSE.688510,,SH,A股-上交所,2025-03-03,16.96,17.46,16.87,17.1,16.84,3085155,53106106.87,1.5439,1.194,1,0,none,baostock,query_history_k_data_plus
688510,SHSE.688510,,SH,A股-上交所,2025-03-04,17.1,17.99,17.01,17.94,17.1,7152307,127052151.53,4.9123,2.7681,1,0,none,baostock,query_history_k_data_plus
688510,SHSE.688510,,SH,A股-上交所,2025-03-05,17.9,17.99,17.6,17.76,17.94,5526771,98126351.47,-1.0033,2.139,1,0,none,baostock,query_history_k_data_plus
688510,SHSE.688510,,SH,A股-上交所,2025-03-06,17.87,18.41,17.73,18.27,17.76,7342485,133524375.58,2.8716,2.8417,1,0,none,baostock,query_history_k_data_plus
688510,SHSE.688510,,SH,A股-上交所,2025-03-07,18.11,18.76,18.06,18.39,18.27,7960257,147169913.6,0.6568,3.0808,1,0,none,baostock,query_history_k_data_plus
688510,SHSE.688510,,SH,A股-上交所,2025-03-10,18.5,18.78,18.16,18.37,18.39,8250264,151714517.6,-0.1088,3.193,1,0,none,baostock,query_history_k_data_plus
688510,SHSE.688510,,SH,A股-上交所,2025-03-11,17.98,19.03,17.98,18.95,18.37,9755813,181431963.82,3.1573,3.7757,1,0,none,baostock,query_history_k_data_plus
688510,SHSE.688510,,SH,A股-上交所,2025-03-12,18.88,19.08,18.41,18.41,18.95,7174845,133408913.36,-2.8496,2.7768,1,0,none,baostock,query_history_k_data_plus
688510,SHSE.688510,,SH,A股-上交所,2025-03-13,18.42,18.63,18.1,18.41,18.41,6706697,122794395.06,0.0,2.5956,1,0,none,baostock,query_history_k_data_plus
688510,SHSE.688510,,SH,A股-上交所,2025-03-14,18.42,18.57,18.11,18.39,18.41,4184523,76641018.36,-0.1086,1.6195,1,0,none,baostock,query_history_k_data_plus
688510,SHSE.688510,,SH,A股-上交所,2025-03-17,18.38,18.47,18.16,18.24,18.39,2933070,53576823.86,-0.8157,1.1352,1,0,none,baostock,query_history_k_data_plus
688510,SHSE.688510,,SH,A股-上交所,2025-03-18,18.38,18.4,18.13,18.22,18.24,3208065,58517178.59,-0.1096,1.2416,1,0,none,baostock,query_history_k_data_plus
688510,SHSE.688510,,SH,A股-上交所,2025-03-19,18.18,18.28,18.0,18.08,18.22,3131874,56799126.32,-0.7684,1.2121,1,0,none,baostock,query_history_k_data_plus
688510,SHSE.688510,,SH,A股-上交所,2025-03-20,18.08,18.8,18.0,18.42,18.08,7203468,132996966.17,1.8805,2.7879,1,0,none,baostock,query_history_k_data_plus
688510,SHSE.688510,,SH,A股-上交所,2025-03-21,18.42,18.72,18.2,18.24,18.42,4668889,85964871.59,-0.9772,1.807,1,0,none,baostock,query_history_k_data_plus
688510,SHSE.688510,,SH,A股-上交所,2025-03-24,18.32,18.38,17.3,17.67,18.24,5692075,100674241.17,-3.125,2.203,1,0,none,baostock,query_history_k_data_plus
688510,SHSE.688510,,SH,A股-上交所,2025-03-25,17.57,18.08,17.5,17.59,17.67,4246722,75321218.57,-0.4527,1.6436,1,0,none,baostock,query_history_k_data_plus
688510,SHSE.688510,,SH,A股-上交所,2025-03-26,17.73,17.9,17.46,17.52,17.59,2910890,51284123.2,-0.398,1.1266,1,0,none,baostock,query_history_k_data_plus
688510,SHSE.688510,,SH,A股-上交所,2025-03-27,17.41,17.68,17.01,17.5,17.52,3202314,55700892.4,-0.1142,1.2394,1,0,none,baostock,query_history_k_data_plus
688510,SHSE.688510,,SH,A股-上交所,2025-03-28,17.63,17.93,17.35,17.39,17.5,4557734,80296028.48,-0.6286,1.7639,1,0,none,baostock,query_history_k_data_plus
688510,SHSE.688510,,SH,A股-上交所,2025-03-31,17.39,17.63,17.1,17.54,17.39,4761232,82630441.42,0.8626,1.8427,1,0,none,baostock,query_history_k_data_plus
688510,SHSE.688510,,SH,A股-上交所,2025-04-01,17.59,18.42,17.55,18.1,17.54,6514095,117695411.77,3.1927,2.5211,1,0,none,baostock,query_history_k_data_plus
688510,SHSE.688510,,SH,A股-上交所,2025-04-02,18.01,18.28,17.75,17.88,18.1,4282990,76975217.5,-1.2155,1.6576,1,0,none,baostock,query_history_k_data_plus
688510,SHSE.688510,,SH,A股-上交所,2025-04-03,17.58,18.07,17.25,17.48,17.88,4408736,77498442.3,-2.2371,1.7063,1,0,none,baostock,query_history_k_data_plus
688510,SHSE.688510,,SH,A股-上交所,2025-04-07,16.78,16.86,14.51,14.92,17.48,9681862,150411902.04,-14.6453,3.7471,1,0,none,baostock,query_history_k_data_plus
688510,SHSE.688510,,SH,A股-上交所,2025-04-08,14.92,15.75,14.7,15.1,14.92,5060584,76896787.15,1.2064,1.9586,1,0,none,baostock,query_history_k_data_plus
688510,SHSE.688510,,SH,A股-上交所,2025-04-09,14.83,16.58,14.56,16.3,15.1,10754056,171366310.0,7.947,4.1621,1,0,none,baostock,query_history_k_data_plus
688510,SHSE.688510,,SH,A股-上交所,2025-04-10,16.58,16.65,16.02,16.32,16.3,6223360,102041781.92,0.1227,2.4086,1,0,none,baostock,query_history_k_data_plus
688510,SHSE.688510,,SH,A股-上交所,2025-04-11,16.11,16.7,16.06,16.5,16.32,4102658,67617426.35,1.1029,1.5878,1,0,none,baostock,query_history_k_data_plus
688510,SHSE.688510,,SH,A股-上交所,2025-04-14,16.57,16.78,16.47,16.53,16.5,3854268,63990973.21,0.1818,1.4917,1,0,none,baostock,query_history_k_data_plus
688510,SHSE.688510,,SH,A股-上交所,2025-04-15,16.6,16.6,16.2,16.58,16.53,3645832,59795892.33,0.3025,1.411,1,0,none,baostock,query_history_k_data_plus
688510,SHSE.688510,,SH,A股-上交所,2025-04-16,17.18,17.65,16.76,17.09,16.58,9068208,156612920.31,3.076,3.5096,1,0,none,baostock,query_history_k_data_plus
688510,SHSE.688510,,SH,A股-上交所,2025-04-17,16.88,19.5,16.86,18.34,17.09,20846148,384933665.8,7.3142,8.0679,1,0,none,baostock,query_history_k_data_plus
688510,SHSE.688510,,SH,A股-上交所,2025-04-18,18.06,18.97,18.06,18.1,18.34,12778775,236007332.56,-1.3086,4.9457,1,0,none,baostock,query_history_k_data_plus
688510,SHSE.688510,,SH,A股-上交所,2025-04-21,18.38,19.89,18.21,19.73,18.1,25907631,500561319.65,9.0055,10.0268,1,0,none,baostock,query_history_k_data_plus
688510,SHSE.688510,,SH,A股-上交所,2025-04-22,19.25,19.45,18.78,18.95,19.73,19318541,367284066.12,-3.9534,7.4767,1,0,none,baostock,query_history_k_data_plus
688510,SHSE.688510,,SH,A股-上交所,2025-04-23,18.82,18.9,18.12,18.52,18.95,13051796,240899535.28,-2.2691,5.0513,1,0,none,baostock,query_history_k_data_plus
688510,SHSE.688510,,SH,A股-上交所,2025-04-24,18.49,18.74,18.32,18.6,18.52,7993897,148124305.08,0.432,3.0938,1,0,none,baostock,query_history_k_data_plus
688510,SHSE.688510,,SH,A股-上交所,2025-04-25,18.38,18.4,17.92,18.16,18.6,8466985,153500279.24,-2.3656,3.2769,1,0,none,baostock,query_history_k_data_plus
688510,SHSE.688510,,SH,A股-上交所,2025-04-28,18.16,18.16,17.7,17.8,18.16,5209984,92981219.96,-1.9824,2.0164,1,0,none,baostock,query_history_k_data_plus
688510,SHSE.688510,,SH,A股-上交所,2025-04-29,17.58,18.01,17.45,17.84,17.8,5874442,104385733.72,0.2247,2.2735,1,0,none,baostock,query_history_k_data_plus
688510,SHSE.688510,,SH,A股-上交所,2025-04-30,17.82,18.15,17.73,17.89,17.84,5270248,94698579.84,0.2803,2.0397,1,0,none,baostock,query_history_k_data_plus
688510,SHSE.688510,,SH,A股-上交所,2025-05-06,17.81,18.24,17.78,18.04,17.69,7286094,131520742.37,1.9785,2.8199,1,0,none,baostock,query_history_k_data_plus
688510,SHSE.688510,,SH,A股-上交所,2025-05-07,18.3,19.55,18.3,19.42,18.04,21260527,402468511.85,7.6497,8.2283,1,0,none,baostock,query_history_k_data_plus
688510,SHSE.688510,,SH,A股-上交所,2025-05-08,19.16,19.85,18.97,19.73,19.42,16432159,320047869.95,1.5963,6.3596,1,0,none,baostock,query_history_k_data_plus
688510,SHSE.688510,,SH,A股-上交所,2025-05-09,19.61,19.7,18.98,19.03,19.73,11508531,220859856.77,-3.5479,4.4541,1,0,none,baostock,query_history_k_data_plus
688510,SHSE.688510,,SH,A股-上交所,2025-05-12,19.18,20.44,18.85,19.67,19.03,19916290,394664168.68,3.3631,7.7081,1,0,none,baostock,query_history_k_data_plus
688510,SHSE.688510,,SH,A股-上交所,2025-05-13,19.81,19.88,18.95,19.0,19.67,12197600,235713824.3,-3.4062,4.7208,1,0,none,baostock,query_history_k_data_plus
688510,SHSE.688510,,SH,A股-上交所,2025-05-14,18.96,19.19,18.33,18.44,19.0,10374000,193180824.73,-2.9474,4.015,1,0,none,baostock,query_history_k_data_plus
688510,SHSE.688510,,SH,A股-上交所,2025-05-15,18.4,18.45,17.88,17.99,18.44,6428582,116317644.26,-2.4403,2.488,1,0,none,baostock,query_history_k_data_plus
688510,SHSE.688510,,SH,A股-上交所,2025-05-16,17.88,18.31,17.85,17.96,17.99,5437508,98122015.09,-0.1668,2.1044,1,0,none,baostock,query_history_k_data_plus
688510,SHSE.688510,,SH,A股-上交所,2025-05-19,18.1,18.1,17.69,18.07,17.96,6926752,124143392.38,0.6125,2.6808,1,0,none,baostock,query_history_k_data_plus
688510,SHSE.688510,,SH,A股-上交所,2025-05-20,18.07,18.13,17.81,18.08,18.07,6299185,113385741.61,0.0553,2.4379,1,0,none,baostock,query_history_k_data_plus
688510,SHSE.688510,,SH,A股-上交所,2025-05-21,18.0,18.15,17.56,17.78,18.08,5394050,95757851.08,-1.6593,2.0876,1,0,none,baostock,query_history_k_data_plus
688510,SHSE.688510,,SH,A股-上交所,2025-05-22,17.8,18.02,17.26,17.27,17.78,6659636,117663483.33,-2.8684,2.5774,1,0,none,baostock,query_history_k_data_plus
688510,SHSE.688510,,SH,A股-上交所,2025-05-23,17.3,18.4,17.19,17.9,17.27,14634573,261926452.69,3.6479,5.6639,1,0,none,baostock,query_history_k_data_plus
688510,SHSE.688510,,SH,A股-上交所,2025-05-26,17.82,18.15,17.41,18.0,17.9,8546343,152842655.07,0.5587,3.3076,1,0,none,baostock,query_history_k_data_plus
688510,SHSE.688510,,SH,A股-上交所,2025-05-27,18.0,18.56,17.61,18.56,18.0,9687583,175530152.33,3.1111,3.7493,1,0,none,baostock,query_history_k_data_plus
688510,SHSE.688510,,SH,A股-上交所,2025-05-28,18.4,19.0,18.27,18.58,18.56,9248828,173107540.5,0.1078,3.5795,1,0,none,baostock,query_history_k_data_plus
688510,SHSE.688510,,SH,A股-上交所,2025-05-29,18.6,19.34,18.45,19.3,18.58,10556966,199470362.39,3.8751,4.0858,1,0,none,baostock,query_history_k_data_plus
688510,SHSE.688510,,SH,A股-上交所,2025-05-30,19.25,19.43,18.81,19.02,19.3,9450337,180535901.81,-1.4508,3.6575,1,0,none,baostock,query_history_k_data_plus
688510,SHSE.688510,,SH,A股-上交所,2025-06-03,19.22,19.65,18.93,19.31,19.02,9812265,188845396.93,1.5247,3.7976,1,0,none,baostock,query_history_k_data_plus
688510,SHSE.688510,,SH,A股-上交所,2025-06-04,19.22,19.45,19.08,19.25,19.31,5532209,106348790.16,-0.3107,2.1411,1,0,none,baostock,query_history_k_data_plus
688510,SHSE.688510,,SH,A股-上交所,2025-06-05,19.2,21.12,18.94,20.87,19.25,21607613,436905023.6,8.4156,8.3626,1,0,none,baostock,query_history_k_data_plus
688510,SHSE.688510,,SH,A股-上交所,2025-06-06,20.8,21.58,20.62,20.69,20.87,17807580,374809462.92,-0.8625,6.8919,1,0,none,baostock,query_history_k_data_plus
688510,SHSE.688510,,SH,A股-上交所,2025-06-09,20.89,21.5,20.43,21.21,20.69,12920500,271781157.97,2.5133,5.0005,1,0,none,baostock,query_history_k_data_plus
688510,SHSE.688510,,SH,A股-上交所,2025-06-10,21.07,21.2,20.47,20.77,21.21,11547993,239673005.01,-2.0745,4.4693,1,0,none,baostock,query_history_k_data_plus
688510,SHSE.688510,,SH,A股-上交所,2025-06-11,20.7,21.02,20.5,20.8,20.77,8119707,168430968.54,0.1444,3.1425,1,0,none,baostock,query_history_k_data_plus
688510,SHSE.688510,,SH,A股-上交所,2025-06-12,20.65,22.55,20.65,22.32,20.8,16821418,371402117.55,7.3077,6.5103,1,0,none,baostock,query_history_k_data_plus
688510,SHSE.688510,,SH,A股-上交所,2025-06-13,22.4,22.73,21.81,22.05,22.32,14241836,314758491.13,-1.2097,5.5119,1,0,none,baostock,query_history_k_data_plus
688510,SHSE.688510,,SH,A股-上交所,2025-06-16,21.96,22.39,21.58,21.83,22.05,9589544,210287424.6,-0.9977,3.7114,1,0,none,baostock,query_history_k_data_plus
688510,SHSE.688510,,SH,A股-上交所,2025-06-17,21.72,23.08,21.71,22.04,21.83,13791685,308565797.86,0.962,5.3377,1,0,none,baostock,query_history_k_data_plus
688510,SHSE.688510,,SH,A股-上交所,2025-06-18,21.7,22.7,21.6,21.98,22.04,10903192,240518724.41,-0.2722,4.2198,1,0,none,baostock,query_history_k_data_plus
688510,SHSE.688510,,SH,A股-上交所,2025-06-19,21.9,21.9,20.58,20.95,21.98,14447701,302278821.74,-4.6861,5.5916,1,0,none,baostock,query_history_k_data_plus
688510,SHSE.688510,,SH,A股-上交所,2025-06-20,20.83,21.31,20.51,21.15,20.95,8973540,188234205.25,0.9547,3.473,1,0,none,baostock,query_history_k_data_plus
688510,SHSE.688510,,SH,A股-上交所,2025-06-23,21.27,22.4,20.82,22.12,21.15,12245355,266997379.9,4.5863,4.7392,1,0,none,baostock,query_history_k_data_plus
688510,SHSE.688510,,SH,A股-上交所,2025-06-24,21.91,22.15,21.5,22.0,22.12,9053975,198055185.85,-0.5425,3.5041,1,0,none,baostock,query_history_k_data_plus
688510,SHSE.688510,,SH,A股-上交所,2025-06-25,22.0,22.99,21.83,22.55,22.0,13747607,310417949.86,2.5,5.3206,1,0,none,baostock,query_history_k_data_plus
688510,SHSE.688510,,SH,A股-上交所,2025-06-26,22.51,23.38,21.94,22.09,22.55,14367831,324699312.3,-2.0399,5.5607,1,0,none,baostock,query_history_k_data_plus
688510,SHSE.688510,,SH,A股-上交所,2025-06-27,21.7,23.52,21.62,23.03,22.09,11918278,270681075.83,4.2553,4.6126,1,0,none,baostock,query_history_k_data_plus
688510,SHSE.688510,,SH,A股-上交所,2025-06-30,23.25,24.56,23.0,24.18,23.03,16340075,392871300.82,4.9935,6.324,1,0,none,baostock,query_history_k_data_plus
688510,SHSE.688510,,SH,A股-上交所,2025-07-01,24.02,24.02,23.27,23.45,24.18,9898954,233568830.93,-3.019,3.8311,1,0,none,baostock,query_history_k_data_plus
688510,SHSE.688510,,SH,A股-上交所,2025-07-02,23.4,23.46,22.78,22.9,23.45,6479177,149158798.2,-2.3454,2.5076,1,0,none,baostock,query_history_k_data_plus
688510,SHSE.688510,,SH,A股-上交所,2025-07-03,22.81,23.4,22.69,22.99,22.9,6291687,144721317.25,0.393,2.435,1,0,none,baostock,query_history_k_data_plus
688510,SHSE.688510,,SH,A股-上交所,2025-07-04,23.1,23.1,22.14,22.8,22.99,8939048,201630766.86,-0.8264,3.4596,1,0,none,baostock,query_history_k_data_plus
688510,SHSE.688510,,SH,A股-上交所,2025-07-07,22.58,23.86,22.46,23.5,22.8,9308395,217897563.53,3.0702,3.6026,1,0,none,baostock,query_history_k_data_plus
688510,SHSE.688510,,SH,A股-上交所,2025-07-08,23.27,23.68,23.02,23.39,23.5,6870599,160334450.3,-0.4681,2.6591,1,0,none,baostock,query_history_k_data_plus
688510,SHSE.688510,,SH,A股-上交所,2025-07-09,23.35,23.86,23.2,23.45,23.39,5998422,140679302.29,0.2565,2.3215,1,0,none,baostock,query_history_k_data_plus
688510,SHSE.688510,,SH,A股-上交所,2025-07-10,23.16,23.51,22.75,23.38,23.45,6545137,151282235.96,-0.2985,2.5331,1,0,none,baostock,query_history_k_data_plus
688510,SHSE.688510,,SH,A股-上交所,2025-07-11,23.33,23.69,22.9,23.23,23.38,6843703,159214640.09,-0.6416,2.6487,1,0,none,baostock,query_history_k_data_plus
688510,SHSE.688510,,SH,A股-上交所,2025-07-14,23.17,23.47,22.9,23.01,23.23,5185735,119879612.99,-0.9471,2.007,1,0,none,baostock,query_history_k_data_plus
688510,SHSE.688510,,SH,A股-上交所,2025-07-15,22.9,23.29,22.74,23.24,23.01,5626703,129455377.64,0.9996,2.1777,1,0,none,baostock,query_history_k_data_plus
688510,SHSE.688510,,SH,A股-上交所,2025-07-16,23.12,23.35,22.58,23.07,23.24,6999369,161008287.57,-0.7315,2.7089,1,0,none,baostock,query_history_k_data_plus
688510,SHSE.688510,,SH,A股-上交所,2025-07-17,22.93,24.11,22.93,24.11,23.07,8339543,197014966.69,4.508,3.2276,1,0,none,baostock,query_history_k_data_plus
688510,SHSE.688510,,SH,A股-上交所,2025-07-18,23.85,24.45,23.82,24.26,24.11,5996813,144895878.81,0.6221,2.3209,1,0,none,baostock,query_history_k_data_plus
688510,SHSE.688510,,SH,A股-上交所,2025-07-21,24.13,25.31,23.97,24.2,24.26,7528576,185501166.16,-0.2473,2.9137,1,0,none,baostock,query_history_k_data_plus
688510,SHSE.688510,,SH,A股-上交所,2025-07-22,24.13,24.52,22.9,23.06,24.2,11315327,265685724.83,-4.7107,4.3793,1,0,none,baostock,query_history_k_data_plus
688510,SHSE.688510,,SH,A股-上交所,2025-07-23,22.99,23.22,22.32,22.6,23.06,9387021,212662728.05,-1.9948,3.633,1,0,none,baostock,query_history_k_data_plus
688510,SHSE.688510,,SH,A股-上交所,2025-07-24,22.6,22.91,22.28,22.72,22.6,7128546,160602834.68,0.531,2.7589,1,0,none,baostock,query_history_k_data_plus
688510,SHSE.688510,,SH,A股-上交所,2025-07-25,22.72,22.97,22.45,22.86,22.72,4664869,105926259.19,0.6162,1.8054,1,0,none,baostock,query_history_k_data_plus
688510,SHSE.688510,,SH,A股-上交所,2025-07-28,22.88,24.17,22.7,23.8,22.86,11366557,267829877.5,4.112,4.3991,1,0,none,baostock,query_history_k_data_plus
688510,SHSE.688510,,SH,A股-上交所,2025-07-29,23.72,26.15,23.72,25.86,23.8,15744562,392824766.76,8.6555,6.0935,1,0,none,baostock,query_history_k_data_plus
688510,SHSE.688510,,SH,A股-上交所,2025-07-30,25.74,26.25,24.95,25.19,25.86,10364348,263692825.37,-2.5909,4.0112,1,0,none,baostock,query_history_k_data_plus
688510,SHSE.688510,,SH,A股-上交所,2025-07-31,24.83,25.44,24.44,24.76,25.19,6168197,153368204.37,-1.707,2.3872,1,0,none,baostock,query_history_k_data_plus
688510,SHSE.688510,,SH,A股-上交所,2025-08-01,24.59,24.85,23.88,24.31,24.76,7399877,179992831.24,-1.8174,2.8639,1,0,none,baostock,query_history_k_data_plus
688510,SHSE.688510,,SH,A股-上交所,2025-08-04,24.28,27.48,24.25,27.03,24.31,19407959,510365786.55,11.1888,7.5113,1,0,none,baostock,query_history_k_data_plus
688510,SHSE.688510,,SH,A股-上交所,2025-08-05,26.99,27.3,26.51,26.98,27.03,8367019,224614474.08,-0.185,3.2382,1,0,none,baostock,query_history_k_data_plus
688510,SHSE.688510,,SH,A股-上交所,2025-08-06,26.72,28.1,26.71,26.88,26.98,12447673,340485196.42,-0.3706,4.8175,1,0,none,baostock,query_history_k_data_plus
688510,SHSE.688510,,SH,A股-上交所,2025-08-07,26.78,27.87,26.38,27.72,26.88,9257809,252280918.86,3.125,3.583,1,0,none,baostock,query_history_k_data_plus
688510,SHSE.688510,,SH,A股-上交所,2025-08-08,27.42,27.7,26.62,26.63,27.72,7682762,206974256.49,-3.9322,2.9734,1,0,none,baostock,query_history_k_data_plus
688510,SHSE.688510,,SH,A股-上交所,2025-08-11,26.72,27.09,26.35,26.72,26.63,8268107,220462722.02,0.338,3.1999,1,0,none,baostock,query_history_k_data_plus
688510,SHSE.688510,,SH,A股-上交所,2025-08-12,26.37,26.38,25.09,25.49,26.72,12557310,321759265.15,-4.6033,4.86,1,0,none,baostock,query_history_k_data_plus
688510,SHSE.688510,,SH,A股-上交所,2025-08-13,25.27,25.98,25.27,25.74,25.49,11647941,299052324.65,0.9808,4.508,1,0,none,baostock,query_history_k_data_plus
688510,SHSE.688510,,SH,A股-上交所,2025-08-14,25.5,25.93,24.9,25.38,25.74,9863993,249753440.89,-1.3986,3.8176,1,0,none,baostock,query_history_k_data_plus
688510,SHSE.688510,,SH,A股-上交所,2025-08-15,25.55,25.85,25.32,25.7,25.38,6848372,175168118.77,1.2608,2.6505,1,0,none,baostock,query_history_k_data_plus
688510,SHSE.688510,,SH,A股-上交所,2025-08-18,25.72,26.19,25.42,25.93,25.7,9634162,248797140.38,0.8949,3.7286,1,0,none,baostock,query_history_k_data_plus
688510,SHSE.688510,,SH,A股-上交所,2025-08-19,26.05,26.09,24.8,25.83,25.93,13247882,335998810.91,-0.3857,5.1272,1,0,none,baostock,query_history_k_data_plus
688510,SHSE.688510,,SH,A股-上交所,2025-08-20,25.7,26.13,25.23,25.66,25.83,6112090,156939302.0,-0.6581,2.3655,1,0,none,baostock,query_history_k_data_plus
688510,SHSE.688510,,SH,A股-上交所,2025-08-21,25.8,26.26,25.1,25.12,25.66,8741305,224638726.26,-2.1044,3.3831,1,0,none,baostock,query_history_k_data_plus
688510,SHSE.688510,,SH,A股-上交所,2025-08-22,25.2,25.59,24.95,25.42,25.12,9029948,227373312.92,1.1943,3.4948,1,0,none,baostock,query_history_k_data_plus
688510,SHSE.688510,,SH,A股-上交所,2025-08-25,25.54,25.78,25.08,25.49,25.42,8716986,221285230.49,0.2754,3.3737,1,0,none,baostock,query_history_k_data_plus
688510,SHSE.688510,,SH,A股-上交所,2025-08-26,25.5,25.5,24.51,24.55,25.49,10169010,251983505.41,-3.6877,3.9356,1,0,none,baostock,query_history_k_data_plus
688510,SHSE.688510,,SH,A股-上交所,2025-08-27,24.55,25.04,23.89,23.89,24.55,6842925,167569774.14,-2.6884,2.6484,1,0,none,baostock,query_history_k_data_plus
688510,SHSE.688510,,SH,A股-上交所,2025-08-28,23.9,24.35,23.2,24.06,23.89,6170457,146718310.11,0.7116,2.3881,1,0,none,baostock,query_history_k_data_plus
688510,SHSE.688510,,SH,A股-上交所,2025-08-29,24.05,24.58,23.71,24.5,24.06,5509760,133795822.96,1.8288,2.1324,1,0,none,baostock,query_history_k_data_plus
688510,SHSE.688510,,SH,A股-上交所,2025-09-01,24.5,24.64,23.93,24.26,24.5,5277230,128027387.93,-0.9796,2.0424,1,0,none,baostock,query_history_k_data_plus
688510,SHSE.688510,,SH,A股-上交所,2025-09-02,24.36,24.39,22.82,23.68,24.26,9688243,226762997.46,-2.3908,3.7496,1,0,none,baostock,query_history_k_data_plus
688510,SHSE.688510,,SH,A股-上交所,2025-09-03,23.67,23.88,22.85,22.95,23.68,7972733,184798649.67,-3.0828,3.0856,1,0,none,baostock,query_history_k_data_plus
688510,SHSE.688510,,SH,A股-上交所,2025-09-04,22.95,23.05,21.86,22.15,22.95,7634879,170841817.0,-3.4858,2.9549,1,0,none,baostock,query_history_k_data_plus
688510,SHSE.688510,,SH,A股-上交所,2025-09-05,22.19,22.89,22.0,22.67,22.15,5075486,113733206.87,2.3476,1.9643,1,0,none,baostock,query_history_k_data_plus
688510,SHSE.688510,,SH,A股-上交所,2025-09-08,22.69,23.84,22.46,23.33,22.67,6006834,139807256.59,2.9113,2.3248,1,0,none,baostock,query_history_k_data_plus
688510,SHSE.688510,,SH,A股-上交所,2025-09-09,23.21,23.35,22.6,22.67,23.33,4045931,92980787.21,-2.829,1.5659,1,0,none,baostock,query_history_k_data_plus
688510,SHSE.688510,,SH,A股-上交所,2025-09-10,22.67,24.11,22.67,23.99,22.67,8310703,196592478.27,5.8227,3.2164,1,0,none,baostock,query_history_k_data_plus
688510,SHSE.688510,,SH,A股-上交所,2025-09-11,23.86,24.88,23.76,24.75,23.99,7482435,182598741.65,3.168,2.8959,1,0,none,baostock,query_history_k_data_plus
688510,SHSE.688510,,SH,A股-上交所,2025-09-12,24.75,25.55,24.3,24.92,24.75,7698364,193682765.36,0.6869,2.9794,1,0,none,baostock,query_history_k_data_plus
688510,SHSE.688510,,SH,A股-上交所,2025-09-15,24.94,25.2,24.53,24.59,24.92,3862615,95972213.31,-1.3242,1.4949,1,0,none,baostock,query_history_k_data_plus
688510,SHSE.688510,,SH,A股-上交所,2025-09-16,24.5,24.81,23.95,24.35,24.59,3519186,85461719.16,-0.976,1.362,1,0,none,baostock,query_history_k_data_plus
688510,SHSE.688510,,SH,A股-上交所,2025-09-17,24.42,24.5,24.02,24.19,24.35,3092273,74835842.68,-0.6571,1.1968,1,0,none,baostock,query_history_k_data_plus
688510,SHSE.688510,,SH,A股-上交所,2025-09-18,24.06,25.28,24.06,24.33,24.19,4708962,116258080.96,0.5788,1.8225,1,0,none,baostock,query_history_k_data_plus
688510,SHSE.688510,,SH,A股-上交所,2025-09-19,24.55,27.0,24.06,25.67,24.33,12128833,317486754.42,5.5076,4.6941,1,0,none,baostock,query_history_k_data_plus
688510,SHSE.688510,,SH,A股-上交所,2025-09-22,25.59,25.67,25.05,25.43,25.67,4316245,109417866.74,-0.9349,1.6705,1,0,none,baostock,query_history_k_data_plus
688510,SHSE.688510,,SH,A股-上交所,2025-09-23,25.74,25.79,24.4,25.22,25.43,5818283,145549377.69,-0.8258,2.2518,1,0,none,baostock,query_history_k_data_plus
688510,SHSE.688510,,SH,A股-上交所,2025-09-24,24.91,25.29,24.7,25.23,25.22,3319297,83209192.14,0.0397,1.2846,1,0,none,baostock,query_history_k_data_plus
688510,SHSE.688510,,SH,A股-上交所,2025-09-25,25.01,25.23,24.67,24.7,25.23,3528160,87913851.06,-2.1007,1.3655,1,0,none,baostock,query_history_k_data_plus
688510,SHSE.688510,,SH,A股-上交所,2025-09-26,24.69,27.27,24.4,25.97,24.7,10004416,260161165.58,5.1417,3.8719,1,0,none,baostock,query_history_k_data_plus
688510,SHSE.688510,,SH,A股-上交所,2025-09-29,26.1,27.38,26.02,26.3,25.97,5308337,140565938.05,1.2707,2.0544,1,0,none,baostock,query_history_k_data_plus
688510,SHSE.688510,,SH,A股-上交所,2025-09-30,26.58,26.58,25.8,26.15,26.3,6191889,161838291.29,-0.5703,2.3964,1,0,none,baostock,query_history_k_data_plus
688510,SHSE.688510,,SH,A股-上交所,2025-10-09,26.11,26.81,25.71,26.63,26.15,5825441,153394125.05,1.8356,2.2546,1,0,none,baostock,query_history_k_data_plus
688510,SHSE.688510,,SH,A股-上交所,2025-10-10,26.63,26.74,25.3,25.38,26.63,4318245,111589334.97,-4.694,1.6713,1,0,none,baostock,query_history_k_data_plus
688510,SHSE.688510,,SH,A股-上交所,2025-10-13,24.5,26.92,24.5,26.62,25.38,6961149,180526056.46,4.8857,2.6941,1,0,none,baostock,query_history_k_data_plus
688510,SHSE.688510,,SH,A股-上交所,2025-10-14,26.63,27.18,25.75,26.01,26.62,7284651,192039715.63,-2.2915,2.8193,1,0,none,baostock,query_history_k_data_plus
688510,SHSE.688510,,SH,A股-上交所,2025-10-15,25.82,26.8,25.41,26.61,26.01,4111274,107859777.39,2.3068,1.5912,1,0,none,baostock,query_history_k_data_plus
688510,SHSE.688510,,SH,A股-上交所,2025-10-16,26.39,27.13,25.75,25.9,26.61,4362948,114835899.73,-2.6682,1.6886,1,0,none,baostock,query_history_k_data_plus
688510,SHSE.688510,,SH,A股-上交所,2025-10-17,25.84,26.22,24.09,24.1,25.9,4760793,118183379.06,-6.9498,1.8425,1,0,none,baostock,query_history_k_data_plus
688510,SHSE.688510,,SH,A股-上交所,2025-10-20,24.55,24.69,23.38,23.64,24.1,4803149,114660616.52,-1.9087,1.8589,1,0,none,baostock,query_history_k_data_plus
688510,SHSE.688510,,SH,A股-上交所,2025-10-21,23.77,24.09,23.33,23.75,23.64,3677820,86850700.88,0.4653,1.4234,1,0,none,baostock,query_history_k_data_plus
688510,SHSE.688510,,SH,A股-上交所,2025-10-22,23.56,24.65,23.3,24.1,23.75,4066028,98016464.08,1.4737,1.5736,1,0,none,baostock,query_history_k_data_plus
688510,SHSE.688510,,SH,A股-上交所,2025-10-23,24.02,24.06,23.3,23.68,24.1,3287576,77530699.32,-1.7427,1.2724,1,0,none,baostock,query_history_k_data_plus
688510,SHSE.688510,,SH,A股-上交所,2025-10-24,23.98,25.07,23.9,24.19,23.68,4674041,114432881.47,2.1537,1.809,1,0,none,baostock,query_history_k_data_plus
688510,SHSE.688510,,SH,A股-上交所,2025-10-27,24.28,25.05,24.1,24.4,24.19,2702033,66298565.96,0.8681,1.0457,1,0,none,baostock,query_history_k_data_plus
688510,SHSE.688510,,SH,A股-上交所,2025-10-28,24.56,24.56,24.08,24.29,24.4,2325320,56381939.89,-0.4508,0.9,1,0,none,baostock,query_history_k_data_plus
688510,SHSE.688510,,SH,A股-上交所,2025-10-29,24.1,25.49,23.85,25.17,24.29,5837118,145536748.06,3.6229,2.2591,1,0,none,baostock,query_history_k_data_plus
688510,SHSE.688510,,SH,A股-上交所,2025-10-30,25.17,25.17,22.5,22.62,25.17,11507603,269834378.97,-10.1311,4.4537,1,0,none,baostock,query_history_k_data_plus
688510,SHSE.688510,,SH,A股-上交所,2025-10-31,22.62,23.44,22.48,23.26,22.62,4694239,108335899.04,2.8294,1.8168,1,0,none,baostock,query_history_k_data_plus
688510,SHSE.688510,,SH,A股-上交所,2025-11-03,23.35,23.42,22.21,22.9,23.26,4497801,101574942.09,-1.5477,1.7408,1,0,none,baostock,query_history_k_data_plus
688510,SHSE.688510,,SH,A股-上交所,2025-11-04,22.86,23.68,22.62,23.49,22.9,5014654,117327830.81,2.5764,1.9408,1,0,none,baostock,query_history_k_data_plus
688510,SHSE.688510,,SH,A股-上交所,2025-11-05,23.38,24.1,22.82,23.73,23.49,3256821,76697707.92,1.0217,1.2605,1,0,none,baostock,query_history_k_data_plus
688510,SHSE.688510,,SH,A股-上交所,2025-11-06,24.23,26.44,24.2,25.64,23.73,10114852,259505011.04,8.0489,3.9147,1,0,none,baostock,query_history_k_data_plus
688510,SHSE.688510,,SH,A股-上交所,2025-11-07,25.28,26.0,24.84,24.95,25.64,5466629,137194667.87,-2.6911,2.1157,1,0,none,baostock,query_history_k_data_plus
688510,SHSE.688510,,SH,A股-上交所,2025-11-10,25.0,26.1,24.61,25.35,24.95,6487193,164632229.98,1.6032,2.5107,1,0,none,baostock,query_history_k_data_plus
688510,SHSE.688510,,SH,A股-上交所,2025-11-11,25.25,25.5,24.6,24.95,25.35,3014956,75259994.29,-1.5779,1.1669,1,0,none,baostock,query_history_k_data_plus
688510,SHSE.688510,,SH,A股-上交所,2025-11-12,24.88,24.98,24.28,24.8,24.95,4308954,106381293.92,-0.6012,1.6677,1,0,none,baostock,query_history_k_data_plus
688510,SHSE.688510,,SH,A股-上交所,2025-11-13,24.5,25.09,24.5,24.77,24.8,2379928,59158203.03,-0.121,0.9211,1,0,none,baostock,query_history_k_data_plus
688510,SHSE.688510,,SH,A股-上交所,2025-11-14,24.7,24.88,24.0,24.05,24.77,3011093,73373762.39,-2.9067,1.1654,1,0,none,baostock,query_history_k_data_plus
688510,SHSE.688510,,SH,A股-上交所,2025-11-17,24.36,24.36,23.38,23.53,24.05,3532960,83702808.88,-2.1622,1.3673,1,0,none,baostock,query_history_k_data_plus
688510,SHSE.688510,,SH,A股-上交所,2025-11-18,23.25,23.67,23.01,23.32,23.53,2991092,69661935.33,-0.8925,1.1576,1,0,none,baostock,query_history_k_data_plus
688510,SHSE.688510,,SH,A股-上交所,2025-11-19,23.5,23.8,23.15,23.54,23.32,3374302,79325952.08,0.9434,1.3059,1,0,none,baostock,query_history_k_data_plus
688510,SHSE.688510,,SH,A股-上交所,2025-11-20,23.5,23.79,23.26,23.32,23.54,2450600,57535213.45,-0.9346,0.9484,1,0,none,baostock,query_history_k_data_plus
688510,SHSE.688510,,SH,A股-上交所,2025-11-21,23.22,23.43,22.61,22.66,23.32,3632762,83184840.53,-2.8302,1.406,1,0,none,baostock,query_history_k_data_plus
688510,SHSE.688510,,SH,A股-上交所,2025-11-24,22.68,23.61,22.68,23.43,22.66,2732373,63848580.87,3.3981,1.0575,1,0,none,baostock,query_history_k_data_plus
688510,SHSE.688510,,SH,A股-上交所,2025-11-25,23.35,24.08,23.35,23.6,23.43,2581185,61282448.96,0.7256,0.999,1,0,none,baostock,query_history_k_data_plus
688510,SHSE.688510,,SH,A股-上交所,2025-11-26,23.9,23.9,22.58,22.7,23.6,2870520,66054485.89,-3.8136,1.111,1,0,none,baostock,query_history_k_data_plus
688510,SHSE.688510,,SH,A股-上交所,2025-11-27,22.65,23.0,22.31,22.48,22.7,3500102,78771830.58,-0.9692,1.3546,1,0,none,baostock,query_history_k_data_plus
688510,SHSE.688510,,SH,A股-上交所,2025-11-28,22.48,22.55,22.03,22.36,22.48,3195616,71243800.3,-0.5338,1.2368,1,0,none,baostock,query_history_k_data_plus
688510,SHSE.688510,,SH,A股-上交所,2025-12-01,22.52,23.35,22.42,22.63,22.36,4110748,93289600.67,1.2075,1.591,1,0,none,baostock,query_history_k_data_plus
688510,SHSE.688510,,SH,A股-上交所,2025-12-02,22.64,22.65,21.87,22.38,22.63,4075724,90946083.54,-1.1047,1.5774,1,0,none,baostock,query_history_k_data_plus
688510,SHSE.688510,,SH,A股-上交所,2025-12-03,22.54,22.54,21.92,22.0,22.38,2897889,64020484.87,-1.6979,1.1215,1,0,none,baostock,query_history_k_data_plus
688510,SHSE.688510,,SH,A股-上交所,2025-12-04,22.0,23.18,21.85,23.01,22.0,5536841,125715073.4,4.5909,2.1429,1,0,none,baostock,query_history_k_data_plus
688510,SHSE.688510,,SH,A股-上交所,2025-12-05,23.1,24.1,22.98,23.91,23.01,6211056,147831362.54,3.9113,2.4038,1,0,none,baostock,query_history_k_data_plus
688510,SHSE.688510,,SH,A股-上交所,2025-12-08,23.95,24.24,23.52,23.9,23.91,5155729,122676404.8,-0.0418,1.9954,1,0,none,baostock,query_history_k_data_plus
688510,SHSE.688510,,SH,A股-上交所,2025-12-09,23.85,23.96,23.36,23.48,23.9,3368898,79672568.86,-1.7573,1.3038,1,0,none,baostock,query_history_k_data_plus
688510,SHSE.688510,,SH,A股-上交所,2025-12-10,23.5,24.09,23.5,23.73,23.48,2672067,63545589.23,1.0647,1.0342,1,0,none,baostock,query_history_k_data_plus
688510,SHSE.688510,,SH,A股-上交所,2025-12-11,24.21,25.3,24.04,24.14,23.73,5553616,135569361.72,1.7278,2.1494,1,0,none,baostock,query_history_k_data_plus
688510,SHSE.688510,,SH,A股-上交所,2025-12-12,23.99,25.44,23.81,25.27,24.14,7704700,191887489.55,4.681,2.9819,1,0,none,baostock,query_history_k_data_plus
688510,SHSE.688510,,SH,A股-上交所,2025-12-15,25.51,26.16,25.11,25.36,25.27,8691502,223804969.96,0.3562,3.3638,1,0,none,baostock,query_history_k_data_plus
688510,SHSE.688510,,SH,A股-上交所,2025-12-16,25.3,25.3,23.85,24.32,25.36,6365022,155586195.76,-4.1009,2.4634,1,0,none,baostock,query_history_k_data_plus
688510,SHSE.688510,,SH,A股-上交所,2025-12-17,24.3,24.52,23.46,24.42,24.32,5281917,126841207.46,0.4112,2.0352,1,0,none,baostock,query_history_k_data_plus
688510,SHSE.688510,,SH,A股-上交所,2025-12-18,24.0,24.99,24.0,24.37,24.42,3603339,88487665.77,-0.2048,1.3884,1,0,none,baostock,query_history_k_data_plus
688510,SHSE.688510,,SH,A股-上交所,2025-12-19,24.13,24.97,24.05,24.39,24.37,4942741,121126793.52,0.0821,1.9046,1,0,none,baostock,query_history_k_data_plus
688510,SHSE.688510,,SH,A股-上交所,2025-12-22,24.48,24.93,24.09,24.55,24.39,3423057,84196294.06,0.656,1.319,1,0,none,baostock,query_history_k_data_plus
688510,SHSE.688510,,SH,A股-上交所,2025-12-23,24.59,24.59,23.83,24.34,24.55,4394239,106182376.46,-0.8554,1.6932,1,0,none,baostock,query_history_k_data_plus
688510,SHSE.688510,,SH,A股-上交所,2025-12-24,24.12,25.98,24.1,25.59,24.34,8326736,211806540.37,5.1356,3.2085,1,0,none,baostock,query_history_k_data_plus
688510,SHSE.688510,,SH,A股-上交所,2025-12-25,25.75,27.65,25.63,27.1,25.59,11150713,297573057.96,5.9007,4.2966,1,0,none,baostock,query_history_k_data_plus
688510,SHSE.688510,,SH,A股-上交所,2025-12-26,27.29,27.29,26.35,26.51,27.1,7031456,187697299.5,-2.1771,2.7094,1,0,none,baostock,query_history_k_data_plus
688510,SHSE.688510,,SH,A股-上交所,2025-12-29,26.36,26.56,25.99,26.35,26.51,5829601,153026498.62,-0.6035,2.2463,1,0,none,baostock,query_history_k_data_plus
688510,SHSE.688510,,SH,A股-上交所,2025-12-30,26.11,26.97,25.95,26.42,26.35,7247792,192189667.71,0.2657,2.7927,1,0,none,baostock,query_history_k_data_plus
688510,SHSE.688510,,SH,A股-上交所,2025-12-31,26.2,27.04,26.02,26.9,26.42,7613078,202690478.58,1.8168,2.9335,1,0,none,baostock,query_history_k_data_plus
688510,SHSE.688510,,SH,A股-上交所,2026-01-05,27.18,27.22,26.06,26.89,26.9,7841237,209778646.45,-0.0372,3.0214,1,0,none,baostock,query_history_k_data_plus
688510,SHSE.688510,,SH,A股-上交所,2026-01-06,26.33,27.13,26.1,27.01,26.89,9929156,265084723.05,0.4463,3.8259,1,0,none,baostock,query_history_k_data_plus
688510,SHSE.688510,,SH,A股-上交所,2026-01-07,26.87,28.7,25.94,28.27,27.01,14839436,407655813.07,4.6649,5.718,1,0,none,baostock,query_history_k_data_plus
688510,SHSE.688510,,SH,A股-上交所,2026-01-08,28.2,31.66,27.77,30.31,28.27,21729690,659051051.23,7.2161,8.3729,1,0,none,baostock,query_history_k_data_plus
688510,SHSE.688510,,SH,A股-上交所,2026-01-09,30.29,32.29,29.8,31.0,30.31,18140077,563968823.59,2.2765,6.9898,1,0,none,baostock,query_history_k_data_plus
688510,SHSE.688510,,SH,A股-上交所,2026-01-12,31.0,33.13,30.51,31.9,31.0,17149429,547727988.22,2.9032,6.6081,1,0,none,baostock,query_history_k_data_plus
688510,SHSE.688510,,SH,A股-上交所,2026-01-13,31.01,33.0,29.85,31.36,31.9,16145456,508240320.01,-1.6928,6.2212,1,0,none,baostock,query_history_k_data_plus
688510,SHSE.688510,,SH,A股-上交所,2026-01-14,31.2,32.75,30.25,31.1,31.36,13150065,412158920.57,-0.8291,5.067,1,0,none,baostock,query_history_k_data_plus
688510,SHSE.688510,,SH,A股-上交所,2026-01-15,30.5,31.58,29.73,31.51,31.1,10563630,323670767.1,1.3183,4.0704,1,0,none,baostock,query_history_k_data_plus
688510,SHSE.688510,,SH,A股-上交所,2026-01-16,31.6,32.39,30.8,31.12,31.51,7055475,220321650.83,-1.2377,2.7186,1,0,none,baostock,query_history_k_data_plus
688510,SHSE.688510,,SH,A股-上交所,2026-01-19,31.2,37.34,31.13,35.79,31.12,24289238,845701787.35,15.0064,9.3592,1,0,none,baostock,query_history_k_data_plus
688510,SHSE.688510,,SH,A股-上交所,2026-01-20,35.73,39.5,35.2,39.5,35.79,32026193,1217241894.35,10.366,12.3404,1,0,none,baostock,query_history_k_data_plus
688510,SHSE.688510,,SH,A股-上交所,2026-01-21,37.45,39.67,36.78,36.9,39.5,22606309,856688810.46,-6.5823,8.7107,1,0,none,baostock,query_history_k_data_plus
688510,SHSE.688510,,SH,A股-上交所,2026-01-22,36.48,40.24,36.31,40.0,36.9,30043881,1162887777.49,8.4011,11.5766,1,0,none,baostock,query_history_k_data_plus
688510,SHSE.688510,,SH,A股-上交所,2026-01-23,39.0,39.39,36.92,37.27,40.0,19813772,754272489.38,-6.825,7.6347,1,0,none,baostock,query_history_k_data_plus
688510,SHSE.688510,,SH,A股-上交所,2026-01-26,36.99,37.6,35.5,36.65,37.27,13152528,480998159.44,-1.6635,5.068,1,0,none,baostock,query_history_k_data_plus
688510,SHSE.688510,,SH,A股-上交所,2026-01-27,36.4,39.95,36.11,39.16,36.65,15456293,595237247.53,6.8486,5.9557,1,0,none,baostock,query_history_k_data_plus
688510,SHSE.688510,,SH,A股-上交所,2026-01-28,39.0,39.5,37.9,38.61,39.16,7043090,271821854.12,-1.4045,2.7139,1,0,none,baostock,query_history_k_data_plus
688510,SHSE.688510,,SH,A股-上交所,2026-01-29,38.77,40.88,37.78,38.07,38.61,9763807,383222626.68,-1.3986,3.7622,1,0,none,baostock,query_history_k_data_plus
688510,SHSE.688510,,SH,A股-上交所,2026-01-30,38.31,38.31,35.5,36.49,38.07,11072986,403945351.0,-4.1502,4.2667,1,0,none,baostock,query_history_k_data_plus
688510,SHSE.688510,,SH,A股-上交所,2026-02-02,37.19,37.19,34.83,34.93,36.49,6554447,233781735.89,-4.2751,2.5256,1,0,none,baostock,query_history_k_data_plus
688510,SHSE.688510,,SH,A股-上交所,2026-02-03,35.28,39.91,35.28,39.91,34.93,13085785,503350629.66,14.2571,5.0423,1,0,none,baostock,query_history_k_data_plus
688510,SHSE.688510,,SH,A股-上交所,2026-02-04,39.05,41.2,38.8,40.19,39.91,11991829,480700078.97,0.7016,4.6207,1,0,none,baostock,query_history_k_data_plus
688510,SHSE.688510,,SH,A股-上交所,2026-02-05,38.6,41.2,38.6,40.04,40.19,10149762,409339813.22,-0.3732,3.9109,1,0,none,baostock,query_history_k_data_plus
688510,SHSE.688510,,SH,A股-上交所,2026-02-06,37.77,40.17,37.77,38.38,40.04,8806241,343584960.25,-4.1459,3.3932,1,0,none,baostock,query_history_k_data_plus
688510,SHSE.688510,,SH,A股-上交所,2026-02-09,39.42,41.56,38.01,40.05,38.38,8549330,341629008.98,4.3512,3.2943,1,0,none,baostock,query_history_k_data_plus
688510,SHSE.688510,,SH,A股-上交所,2026-02-10,40.24,42.0,38.66,40.42,40.05,8369948,339580287.8,0.9238,3.2251,1,0,none,baostock,query_history_k_data_plus
688510,SHSE.688510,,SH,A股-上交所,2026-02-11,40.85,40.85,38.9,39.11,40.42,6927164,274749856.64,-3.241,2.6692,1,0,none,baostock,query_history_k_data_plus
688510,SHSE.688510,,SH,A股-上交所,2026-02-12,39.89,42.13,39.0,41.31,39.11,9258513,380332480.23,5.6252,3.5675,1,0,none,baostock,query_history_k_data_plus
688510,SHSE.688510,,SH,A股-上交所,2026-02-13,41.21,44.35,40.2,44.28,41.31,18075191,770092791.92,7.1895,6.9648,1,0,none,baostock,query_history_k_data_plus
688510,SHSE.688510,,SH,A股-上交所,2026-02-24,43.74,45.33,41.65,45.33,44.28,9630041,419081036.92,2.3713,3.7107,1,0,none,baostock,query_history_k_data_plus
688510,SHSE.688510,,SH,A股-上交所,2026-02-25,44.83,45.79,43.37,45.79,45.33,7576518,336937477.38,1.0148,2.9194,1,0,none,baostock,query_history_k_data_plus
688510,SHSE.688510,,SH,A股-上交所,2026-02-26,45.34,49.5,43.0,47.78,45.79,8517334,391495545.63,4.3459,3.2819,1,0,none,baostock,query_history_k_data_plus
688510,SHSE.688510,,SH,A股-上交所,2026-02-27,47.31,50.47,44.71,46.63,47.78,11428333,540385075.52,-2.4069,4.4036,1,0,none,baostock,query_history_k_data_plus
688510,SHSE.688510,,SH,A股-上交所,2026-03-02,45.0,46.06,43.12,44.84,46.63,11973213,535195672.29,-3.8387,4.6136,1,0,none,baostock,query_history_k_data_plus
688510,SHSE.688510,,SH,A股-上交所,2026-03-03,44.12,44.34,37.2,38.05,44.84,28266637,1113933343.96,-15.1427,10.8918,1,0,none,baostock,query_history_k_data_plus
688510,SHSE.688510,,SH,A股-上交所,2026-03-04,36.57,39.27,36.36,38.52,38.05,15556819,593153308.88,1.2352,5.9944,1,0,none,baostock,query_history_k_data_plus
688510,SHSE.688510,,SH,A股-上交所,2026-03-05,39.5,40.09,38.1,39.25,38.52,8413802,330970427.9,1.8951,3.242,1,0,none,baostock,query_history_k_data_plus
688510,SHSE.688510,,SH,A股-上交所,2026-03-06,39.0,42.6,39.0,40.21,39.25,10992954,449081813.78,2.4459,4.2358,1,0,none,baostock,query_history_k_data_plus
688510,SHSE.688510,,SH,A股-上交所,2026-03-09,39.13,40.0,38.0,39.59,40.21,13372858,521730882.01,-1.5419,5.1529,1,0,none,baostock,query_history_k_data_plus
688510,SHSE.688510,,SH,A股-上交所,2026-03-10,39.92,41.77,39.86,41.2,39.59,10509719,428583401.78,4.0667,4.0496,1,0,none,baostock,query_history_k_data_plus
688510,SHSE.688510,,SH,A股-上交所,2026-03-11,43.5,45.0,40.12,40.18,41.2,13688161,577241279.27,-2.4757,5.2744,1,0,none,baostock,query_history_k_data_plus
688510,SHSE.688510,,SH,A股-上交所,2026-03-12,40.83,40.83,36.24,37.47,40.18,15032919,571626889.05,-6.7446,5.7925,1,0,none,baostock,query_history_k_data_plus
688510,SHSE.688510,,SH,A股-上交所,2026-03-13,36.9,37.28,35.92,36.1,37.47,9717571,354300696.6,-3.6563,3.7444,1,0,none,baostock,query_history_k_data_plus
688510,SHSE.688510,,SH,A股-上交所,2026-03-16,36.28,36.7,34.78,35.6,36.1,9707968,344313877.86,-1.385,3.7407,1,0,none,baostock,query_history_k_data_plus
688510,SHSE.688510,,SH,A股-上交所,2026-03-17,35.58,36.79,34.8,34.85,35.6,5352536,191123631.99,-2.1067,2.0625,1,0,none,baostock,query_history_k_data_plus
688510,SHSE.688510,,SH,A股-上交所,2026-03-18,34.35,36.67,34.35,36.36,34.85,7408536,266489386.24,4.3329,2.8547,1,0,none,baostock,query_history_k_data_plus
688510,SHSE.688510,,SH,A股-上交所,2026-03-19,35.66,35.84,34.5,34.87,36.36,4972006,174177121.41,-4.0979,1.9158,1,0,none,baostock,query_history_k_data_plus
688510,SHSE.688510,,SH,A股-上交所,2026-03-20,34.0,35.54,33.67,33.67,34.87,9333847,319289329.28,-3.4414,3.5965,1,0,none,baostock,query_history_k_data_plus
688510,SHSE.688510,,SH,A股-上交所,2026-03-23,33.11,33.5,30.7,30.96,33.67,12861122,409736246.77,-8.0487,4.9557,1,0,none,baostock,query_history_k_data_plus
688510,SHSE.688510,,SH,A股-上交所,2026-03-24,31.99,32.5,30.8,31.8,30.96,8933135,282861116.12,2.7132,3.4421,1,0,none,baostock,query_history_k_data_plus
688510,SHSE.688510,,SH,A股-上交所,2026-03-25,32.32,33.12,32.01,32.5,31.8,6255912,202963179.48,2.2013,2.4105,1,0,none,baostock,query_history_k_data_plus
688510,SHSE.688510,,SH,A股-上交所,2026-03-26,32.56,32.6,31.32,31.6,32.5,5885261,187158428.5,-2.7692,2.2677,1,0,none,baostock,query_history_k_data_plus
688510,SHSE.688510,,SH,A股-上交所,2026-03-27,30.97,31.84,30.5,31.63,31.6,4903711,154170235.44,0.0949,1.8895,1,0,none,baostock,query_history_k_data_plus
688510,SHSE.688510,,SH,A股-上交所,2026-03-30,31.56,31.95,30.71,31.79,31.63,5576091,175188426.77,0.5058,2.1486,1,0,none,baostock,query_history_k_data_plus
688510,SHSE.688510,,SH,A股-上交所,2026-03-31,32.13,32.79,30.86,30.86,31.79,7628858,241382924.24,-2.9254,2.9396,1,0,none,baostock,query_history_k_data_plus
688510,SHSE.688510,,SH,A股-上交所,2026-04-01,32.18,32.18,31.13,31.81,30.86,5810921,183668828.44,3.0784,2.2391,1,0,none,baostock,query_history_k_data_plus
688510,SHSE.688510,,SH,A股-上交所,2026-04-02,31.51,32.16,30.9,30.99,31.81,4700706,147386541.44,-2.5778,1.8113,1,0,none,baostock,query_history_k_data_plus
688510,SHSE.688510,,SH,A股-上交所,2026-04-03,30.98,31.55,30.27,30.67,30.99,3678917,112853700.68,-1.0326,1.4176,1,0,none,baostock,query_history_k_data_plus
688510,SHSE.688510,,SH,A股-上交所,2026-04-07,30.49,31.38,30.38,30.81,30.67,4771784,147855311.22,0.4565,1.8387,1,0,none,baostock,query_history_k_data_plus
688510,SHSE.688510,,SH,A股-上交所,2026-04-08,31.96,33.5,31.6,33.35,30.81,7350914,242116703.82,8.2441,2.8325,1,0,none,baostock,query_history_k_data_plus
688510,SHSE.688510,,SH,A股-上交所,2026-04-09,32.77,33.3,32.08,32.73,33.35,5397423,176015065.17,-1.8591,2.0798,1,0,none,baostock,query_history_k_data_plus
688510,SHSE.688510,,SH,A股-上交所,2026-04-10,33.99,34.28,32.82,33.5,32.73,8198728,276050248.51,2.3526,3.1592,1,0,none,baostock,query_history_k_data_plus
688510,SHSE.688510,,SH,A股-上交所,2026-04-13,33.26,33.42,31.19,32.07,33.5,10785722,346199246.78,-4.2687,4.156,1,0,none,baostock,query_history_k_data_plus
688510,SHSE.688510,,SH,A股-上交所,2026-04-14,32.17,32.95,31.63,32.31,32.07,7893038,254945531.42,0.7484,3.0414,1,0,none,baostock,query_history_k_data_plus
688510,SHSE.688510,,SH,A股-上交所,2026-04-15,32.33,33.67,32.23,33.2,32.31,10229041,337139727.07,2.7546,3.9415,1,0,none,baostock,query_history_k_data_plus
688510,SHSE.688510,,SH,A股-上交所,2026-04-16,33.13,33.49,32.5,32.95,33.2,8970675,295073820.74,-0.753,3.4566,1,0,none,baostock,query_history_k_data_plus
688510,SHSE.688510,,SH,A股-上交所,2026-04-17,32.0,34.26,31.56,33.35,32.95,9142370,303985693.8,1.214,3.5228,1,0,none,baostock,query_history_k_data_plus
