code,symbol,name,market,asset_type,date,open,high,low,close,preclose,volume,amount,pct_chg,turnover,trade_status,is_st,adjust,provider,source_function
688800,SHSE.688800,,SH,A股-上交所,2022-08-12,141.0,141.18,132.81,133.56,141.24,1584992,214937014.0,-5.4376,2.2764,1,0,none,baostock,query_history_k_data_plus
688800,SHSE.688800,,SH,A股-上交所,2022-08-15,133.18,145.78,131.99,143.05,133.56,1624729,229496013.34,7.1054,2.3334,1,0,none,baostock,query_history_k_data_plus
688800,SHSE.688800,,SH,A股-上交所,2022-08-16,144.3,150.88,141.91,145.4,143.05,1747062,256129668.5,1.6428,2.5091,1,0,none,baostock,query_history_k_data_plus
688800,SHSE.688800,,SH,A股-上交所,2022-08-17,145.75,150.59,143.45,144.8,145.4,1236330,182179062.27,-0.4127,1.7756,1,0,none,baostock,query_history_k_data_plus
688800,SHSE.688800,,SH,A股-上交所,2022-08-18,144.0,158.0,141.75,158.0,144.8,1902022,293020864.14,9.116,2.7317,1,0,none,baostock,query_history_k_data_plus
688800,SHSE.688800,,SH,A股-上交所,2022-08-19,169.0,171.0,144.46,144.98,158.0,6111315,949925938.53,-8.2405,8.7771,1,0,none,baostock,query_history_k_data_plus
688800,SHSE.688800,,SH,A股-上交所,2022-08-22,149.99,164.2,149.65,158.76,144.98,4279928,673720396.4,9.5048,6.1468,1,0,none,baostock,query_history_k_data_plus
688800,SHSE.688800,,SH,A股-上交所,2022-08-23,158.6,164.8,154.0,158.75,158.76,2238366,359075957.86,-0.0063,3.2147,1,0,none,baostock,query_history_k_data_plus
688800,SHSE.688800,,SH,A股-上交所,2022-08-24,159.22,162.8,151.03,154.0,158.75,1777723,275817525.9,-2.9921,2.5532,1,0,none,baostock,query_history_k_data_plus
688800,SHSE.688800,,SH,A股-上交所,2022-08-25,153.23,157.5,147.63,148.93,154.0,1776648,266999529.3,-3.2922,2.5516,1,0,none,baostock,query_history_k_data_plus
688800,SHSE.688800,,SH,A股-上交所,2022-08-26,149.02,154.0,146.55,149.01,148.93,1614432,242483250.13,0.0537,2.3187,1,0,none,baostock,query_history_k_data_plus
688800,SHSE.688800,,SH,A股-上交所,2022-08-29,145.5,153.91,145.5,152.0,149.01,1709703,258202355.96,2.0066,2.4555,1,0,none,baostock,query_history_k_data_plus
688800,SHSE.688800,,SH,A股-上交所,2022-08-30,153.0,159.0,148.01,154.0,152.0,1553833,241337091.96,1.3158,2.2316,1,0,none,baostock,query_history_k_data_plus
688800,SHSE.688800,,SH,A股-上交所,2022-08-31,152.0,157.8,139.1,142.0,154.0,2178771,318907391.46,-7.7922,3.1292,1,0,none,baostock,query_history_k_data_plus
688800,SHSE.688800,,SH,A股-上交所,2022-09-01,141.94,148.8,138.11,144.21,142.0,1519897,219692436.4,1.5563,2.1829,1,0,none,baostock,query_history_k_data_plus
688800,SHSE.688800,,SH,A股-上交所,2022-09-02,143.99,150.99,142.7,144.43,144.21,1850221,271896843.7,0.1526,2.6573,1,0,none,baostock,query_history_k_data_plus
688800,SHSE.688800,,SH,A股-上交所,2022-09-05,144.72,153.8,144.43,149.3,144.43,3212053,483803996.7,3.3719,4.6132,1,0,none,baostock,query_history_k_data_plus
688800,SHSE.688800,,SH,A股-上交所,2022-09-06,147.88,157.3,147.0,150.89,149.3,2658087,402810313.89,1.065,3.8176,1,0,none,baostock,query_history_k_data_plus
688800,SHSE.688800,,SH,A股-上交所,2022-09-07,150.98,153.86,148.0,151.99,150.89,1626578,246331370.6,0.729,2.3361,1,0,none,baostock,query_history_k_data_plus
688800,SHSE.688800,,SH,A股-上交所,2022-09-08,150.16,158.68,149.8,157.5,151.99,1608686,252353774.27,3.6252,2.3104,1,0,none,baostock,query_history_k_data_plus
688800,SHSE.688800,,SH,A股-上交所,2022-09-09,158.88,158.88,147.0,148.59,157.5,1658177,248192177.54,-5.6571,2.3815,1,0,none,baostock,query_history_k_data_plus
688800,SHSE.688800,,SH,A股-上交所,2022-09-13,150.88,152.77,148.0,150.8,148.59,1394638,208672931.41,1.4873,2.003,1,0,none,baostock,query_history_k_data_plus
688800,SHSE.688800,,SH,A股-上交所,2022-09-14,146.74,151.54,145.0,146.58,150.8,1156617,169906259.63,-2.7984,1.6611,1,0,none,baostock,query_history_k_data_plus
688800,SHSE.688800,,SH,A股-上交所,2022-09-15,148.2,148.99,134.49,137.2,146.58,1526888,212505734.94,-6.3992,2.1929,1,0,none,baostock,query_history_k_data_plus
688800,SHSE.688800,,SH,A股-上交所,2022-09-16,139.0,144.39,134.05,140.23,137.2,1585591,223986709.45,2.2085,2.2772,1,0,none,baostock,query_history_k_data_plus
688800,SHSE.688800,,SH,A股-上交所,2022-09-19,141.73,147.0,140.3,143.48,140.23,1328292,189536043.05,2.3176,1.9077,1,0,none,baostock,query_history_k_data_plus
688800,SHSE.688800,,SH,A股-上交所,2022-09-20,146.08,146.3,139.0,140.0,143.48,1242225,176000040.52,-2.4254,1.7502,1,0,none,baostock,query_history_k_data_plus
688800,SHSE.688800,,SH,A股-上交所,2022-09-21,140.0,141.77,135.0,136.42,140.0,674148,92267097.05,-2.5571,0.9498,1,0,none,baostock,query_history_k_data_plus
688800,SHSE.688800,,SH,A股-上交所,2022-09-22,135.79,142.5,132.71,139.14,136.42,933832,129927986.14,1.9938,1.3157,1,0,none,baostock,query_history_k_data_plus
688800,SHSE.688800,,SH,A股-上交所,2022-09-23,138.98,138.98,132.42,132.56,139.14,1317593,177377925.8,-4.729,1.8563,1,0,none,baostock,query_history_k_data_plus
688800,SHSE.688800,,SH,A股-上交所,2022-09-26,133.45,138.8,131.78,136.0,132.56,1087780,148131218.71,2.5951,1.5326,1,0,none,baostock,query_history_k_data_plus
688800,SHSE.688800,,SH,A股-上交所,2022-09-27,134.99,139.77,132.66,135.56,136.0,843673,113940458.12,-0.3235,1.1886,1,0,none,baostock,query_history_k_data_plus
688800,SHSE.688800,,SH,A股-上交所,2022-09-28,135.3,135.81,130.35,131.44,135.56,1009145,133725848.07,-3.0392,1.4218,1,0,none,baostock,query_history_k_data_plus
688800,SHSE.688800,,SH,A股-上交所,2022-09-29,132.3,137.5,130.0,136.0,131.44,876752,117999901.06,3.4693,1.2352,1,0,none,baostock,query_history_k_data_plus
688800,SHSE.688800,,SH,A股-上交所,2022-09-30,136.0,137.37,128.6,130.0,136.0,1096278,143943312.09,-4.4118,1.5445,1,0,none,baostock,query_history_k_data_plus
688800,SHSE.688800,,SH,A股-上交所,2022-10-10,130.0,130.0,118.0,120.24,130.0,2078068,254115055.73,-7.5077,2.9278,1,0,none,baostock,query_history_k_data_plus
688800,SHSE.688800,,SH,A股-上交所,2022-10-11,122.32,127.31,121.11,124.55,120.24,1205746,150898328.48,3.5845,1.6988,1,0,none,baostock,query_history_k_data_plus
688800,SHSE.688800,,SH,A股-上交所,2022-10-12,125.8,133.0,119.67,130.5,124.55,1316015,165024155.78,4.7772,1.8541,1,0,none,baostock,query_history_k_data_plus
688800,SHSE.688800,,SH,A股-上交所,2022-10-13,129.96,138.0,128.04,135.0,130.5,1018998,138440437.9,3.4483,1.4357,1,0,none,baostock,query_history_k_data_plus
688800,SHSE.688800,,SH,A股-上交所,2022-10-14,136.33,138.22,133.21,136.29,135.0,671911,91450925.27,0.9556,0.9466,1,0,none,baostock,query_history_k_data_plus
688800,SHSE.688800,,SH,A股-上交所,2022-10-17,136.16,140.11,132.06,135.91,136.29,749039,101645490.37,-0.2788,1.0553,1,0,none,baostock,query_history_k_data_plus
688800,SHSE.688800,,SH,A股-上交所,2022-10-18,138.0,138.0,133.82,135.97,135.91,570809,77383302.85,0.0441,0.8042,1,0,none,baostock,query_history_k_data_plus
688800,SHSE.688800,,SH,A股-上交所,2022-10-19,133.51,139.48,131.83,133.01,135.97,1043965,140484238.75,-2.177,1.4708,1,0,none,baostock,query_history_k_data_plus
688800,SHSE.688800,,SH,A股-上交所,2022-10-20,133.7,133.7,124.0,127.9,133.01,1620519,206431024.76,-3.8418,2.2831,1,0,none,baostock,query_history_k_data_plus
688800,SHSE.688800,,SH,A股-上交所,2022-10-21,126.2,133.0,126.2,130.57,127.9,1356747,176664568.82,2.0876,1.9115,1,0,none,baostock,query_history_k_data_plus
688800,SHSE.688800,,SH,A股-上交所,2022-10-24,129.48,129.48,115.01,119.5,130.57,5486847,657431098.96,-8.4782,7.7303,1,0,none,baostock,query_history_k_data_plus
688800,SHSE.688800,,SH,A股-上交所,2022-10-25,119.87,123.88,116.21,119.5,119.5,2630365,314815785.1,0.0,3.7059,1,0,none,baostock,query_history_k_data_plus
688800,SHSE.688800,,SH,A股-上交所,2022-10-26,118.5,121.0,114.5,116.05,119.5,2588056,303311526.68,-2.887,3.6463,1,0,none,baostock,query_history_k_data_plus
688800,SHSE.688800,,SH,A股-上交所,2022-10-27,116.05,116.95,111.11,111.5,116.05,2044016,231344471.53,-3.9207,2.8798,1,0,none,baostock,query_history_k_data_plus
688800,SHSE.688800,,SH,A股-上交所,2022-10-28,108.0,110.99,101.14,107.0,111.5,4578273,478208037.15,-4.0359,6.4503,1,0,none,baostock,query_history_k_data_plus
688800,SHSE.688800,,SH,A股-上交所,2022-10-31,104.02,110.26,103.78,108.1,107.0,1852061,200099971.74,1.028,2.6093,1,0,none,baostock,query_history_k_data_plus
688800,SHSE.688800,,SH,A股-上交所,2022-11-01,108.81,112.03,105.96,112.03,108.1,2409440,263677510.62,3.6355,3.3946,1,0,none,baostock,query_history_k_data_plus
688800,SHSE.688800,,SH,A股-上交所,2022-11-02,112.03,120.16,108.91,118.51,112.03,3467345,401758134.24,5.7842,4.8851,1,0,none,baostock,query_history_k_data_plus
688800,SHSE.688800,,SH,A股-上交所,2022-11-03,118.51,125.39,114.43,123.62,118.51,2173691,267617614.45,4.3119,3.0625,1,0,none,baostock,query_history_k_data_plus
688800,SHSE.688800,,SH,A股-上交所,2022-11-04,126.34,130.98,124.94,128.8,123.62,1877472,241396710.31,4.1903,2.6451,1,0,none,baostock,query_history_k_data_plus
688800,SHSE.688800,,SH,A股-上交所,2022-11-07,127.17,130.3,124.12,127.13,128.8,1078473,136306033.75,-1.2966,1.5194,1,0,none,baostock,query_history_k_data_plus
688800,SHSE.688800,,SH,A股-上交所,2022-11-08,126.83,126.83,120.2,123.13,127.13,1395151,171433636.41,-3.1464,1.9656,1,0,none,baostock,query_history_k_data_plus
688800,SHSE.688800,,SH,A股-上交所,2022-11-09,124.33,124.33,120.28,120.8,123.13,976138,118959856.06,-1.8923,1.3753,1,0,none,baostock,query_history_k_data_plus
688800,SHSE.688800,,SH,A股-上交所,2022-11-10,120.23,123.08,116.66,119.23,120.8,1356757,161103815.11,-1.2997,1.9115,1,0,none,baostock,query_history_k_data_plus
688800,SHSE.688800,,SH,A股-上交所,2022-11-11,121.0,123.0,117.23,117.6,119.23,1460689,174666837.38,-1.3671,2.0579,1,0,none,baostock,query_history_k_data_plus
688800,SHSE.688800,,SH,A股-上交所,2022-11-14,116.55,119.94,110.95,112.8,117.6,1615219,184030976.6,-4.0816,2.2757,1,0,none,baostock,query_history_k_data_plus
688800,SHSE.688800,,SH,A股-上交所,2022-11-15,113.0,116.97,112.3,115.96,112.8,1285560,147575613.22,2.8014,1.8112,1,0,none,baostock,query_history_k_data_plus
688800,SHSE.688800,,SH,A股-上交所,2022-11-16,116.25,117.65,111.2,112.03,115.96,1205847,136601321.17,-3.3891,1.6989,1,0,none,baostock,query_history_k_data_plus
688800,SHSE.688800,,SH,A股-上交所,2022-11-17,110.01,113.86,106.73,108.7,112.03,1700122,184466903.83,-2.9724,2.3953,1,0,none,baostock,query_history_k_data_plus
688800,SHSE.688800,,SH,A股-上交所,2022-11-18,108.48,109.68,105.45,107.07,108.7,1219180,130604240.55,-1.4995,1.7177,1,0,none,baostock,query_history_k_data_plus
688800,SHSE.688800,,SH,A股-上交所,2022-11-21,109.88,110.65,104.11,109.4,107.07,1716779,185450831.93,2.1761,2.4187,1,0,none,baostock,query_history_k_data_plus
688800,SHSE.688800,,SH,A股-上交所,2022-11-22,109.37,115.0,106.57,112.41,109.4,2105902,237034604.52,2.7514,2.967,1,0,none,baostock,query_history_k_data_plus
688800,SHSE.688800,,SH,A股-上交所,2022-11-23,112.21,117.0,108.64,115.61,112.41,1511575,169402650.93,2.8467,2.1296,1,0,none,baostock,query_history_k_data_plus
688800,SHSE.688800,,SH,A股-上交所,2022-11-24,115.0,116.28,110.01,111.04,115.61,1473409,165290708.22,-3.9529,2.0759,1,0,none,baostock,query_history_k_data_plus
688800,SHSE.688800,,SH,A股-上交所,2022-11-25,111.12,113.28,107.8,108.6,111.04,1183832,129858955.77,-2.1974,1.6679,1,0,none,baostock,query_history_k_data_plus
688800,SHSE.688800,,SH,A股-上交所,2022-11-28,105.53,110.88,105.35,110.34,108.6,1246790,136063721.34,1.6022,1.7566,1,0,none,baostock,query_history_k_data_plus
688800,SHSE.688800,,SH,A股-上交所,2022-11-29,111.95,111.95,105.31,106.4,110.34,1525614,162846484.19,-3.5708,2.1494,1,0,none,baostock,query_history_k_data_plus
688800,SHSE.688800,,SH,A股-上交所,2022-11-30,105.83,114.1,105.51,113.13,106.4,1712203,190382850.68,6.3252,2.4123,1,0,none,baostock,query_history_k_data_plus
688800,SHSE.688800,,SH,A股-上交所,2022-12-01,113.86,120.62,113.18,115.46,113.13,1654665,195288631.63,2.0596,2.3312,1,0,none,baostock,query_history_k_data_plus
688800,SHSE.688800,,SH,A股-上交所,2022-12-02,114.19,119.0,113.66,117.31,115.46,942252,110513660.81,1.6023,1.3275,1,0,none,baostock,query_history_k_data_plus
688800,SHSE.688800,,SH,A股-上交所,2022-12-05,116.7,120.0,112.9,114.13,117.31,1192913,138593928.98,-2.7108,1.6807,1,0,none,baostock,query_history_k_data_plus
688800,SHSE.688800,,SH,A股-上交所,2022-12-06,113.0,117.2,112.05,115.5,114.13,1000816,115249932.11,1.2004,1.41,1,0,none,baostock,query_history_k_data_plus
688800,SHSE.688800,,SH,A股-上交所,2022-12-07,115.55,116.91,113.2,114.49,115.5,720974,82932889.54,-0.8745,1.0158,1,0,none,baostock,query_history_k_data_plus
688800,SHSE.688800,,SH,A股-上交所,2022-12-08,114.0,116.81,112.01,112.6,114.49,655254,74387491.19,-1.6508,0.9232,1,0,none,baostock,query_history_k_data_plus
688800,SHSE.688800,,SH,A股-上交所,2022-12-09,113.15,114.5,109.69,111.13,112.6,1078214,120246041.31,-1.3055,1.5191,1,0,none,baostock,query_history_k_data_plus
688800,SHSE.688800,,SH,A股-上交所,2022-12-12,108.91,113.9,107.12,112.15,111.13,1210406,133750304.54,0.9178,1.7053,1,0,none,baostock,query_history_k_data_plus
688800,SHSE.688800,,SH,A股-上交所,2022-12-13,111.0,112.94,105.7,106.54,112.15,1067109,115585347.59,-5.0022,1.5034,1,0,none,baostock,query_history_k_data_plus
688800,SHSE.688800,,SH,A股-上交所,2022-12-14,106.0,106.54,103.89,104.97,106.54,1079342,113545690.96,-1.4736,1.5207,1,0,none,baostock,query_history_k_data_plus
688800,SHSE.688800,,SH,A股-上交所,2022-12-15,104.97,111.58,103.49,111.58,104.97,1354977,147250169.83,6.297,1.909,1,0,none,baostock,query_history_k_data_plus
688800,SHSE.688800,,SH,A股-上交所,2022-12-16,110.01,110.95,106.35,107.55,111.58,838436,90507362.77,-3.6118,1.1813,1,0,none,baostock,query_history_k_data_plus
688800,SHSE.688800,,SH,A股-上交所,2022-12-19,107.56,112.45,106.5,112.4,107.55,1526287,168032782.6,4.5095,2.1504,1,0,none,baostock,query_history_k_data_plus
688800,SHSE.688800,,SH,A股-上交所,2022-12-20,109.5,111.19,105.7,108.11,112.4,1764543,191413868.13,-3.8167,2.486,1,0,none,baostock,query_history_k_data_plus
688800,SHSE.688800,,SH,A股-上交所,2022-12-21,107.03,108.01,102.6,103.96,108.11,1105228,115337208.2,-3.8387,1.5571,1,0,none,baostock,query_history_k_data_plus
688800,SHSE.688800,,SH,A股-上交所,2022-12-22,104.5,108.49,102.63,105.6,103.96,1178509,124822657.57,1.5775,1.6604,1,0,none,baostock,query_history_k_data_plus
688800,SHSE.688800,,SH,A股-上交所,2022-12-23,104.7,106.32,100.0,101.29,105.6,972211,98919168.78,-4.0814,1.3697,1,0,none,baostock,query_history_k_data_plus
688800,SHSE.688800,,SH,A股-上交所,2022-12-26,99.0,109.7,99.0,108.7,101.29,896361,96245459.51,7.3156,1.2629,1,0,none,baostock,query_history_k_data_plus
688800,SHSE.688800,,SH,A股-上交所,2022-12-27,110.33,111.67,107.21,111.0,108.7,849492,93080678.98,2.1159,1.1968,1,0,none,baostock,query_history_k_data_plus
688800,SHSE.688800,,SH,A股-上交所,2022-12-28,111.68,111.68,106.62,107.08,111.0,726964,78327920.29,-3.5315,1.0242,1,0,none,baostock,query_history_k_data_plus
688800,SHSE.688800,,SH,A股-上交所,2022-12-29,105.2,116.13,104.23,113.18,107.08,1855301,209058188.12,5.6967,2.6139,1,0,none,baostock,query_history_k_data_plus
688800,SHSE.688800,,SH,A股-上交所,2022-12-30,114.18,114.58,105.5,106.68,113.18,2120797,229836784.28,-5.7431,2.988,1,0,none,baostock,query_history_k_data_plus
688800,SHSE.688800,,SH,A股-上交所,2023-01-03,106.71,108.99,101.71,108.0,106.68,1824251,191812333.05,1.2373,2.5702,1,0,none,baostock,query_history_k_data_plus
688800,SHSE.688800,,SH,A股-上交所,2023-01-04,107.8,107.98,103.67,104.63,108.0,1139683,119953623.72,-3.1204,1.6057,1,0,none,baostock,query_history_k_data_plus
688800,SHSE.688800,,SH,A股-上交所,2023-01-05,106.04,112.0,104.05,110.0,104.63,1903658,206590270.09,5.1324,2.682,1,0,none,baostock,query_history_k_data_plus
688800,SHSE.688800,,SH,A股-上交所,2023-01-06,108.2,113.17,107.8,112.2,110.0,1412030,156343920.06,2.0,1.9894,1,0,none,baostock,query_history_k_data_plus
688800,SHSE.688800,,SH,A股-上交所,2023-01-09,112.39,114.0,108.39,108.84,112.2,1564114,172395560.21,-2.9947,2.2037,1,0,none,baostock,query_history_k_data_plus
688800,SHSE.688800,,SH,A股-上交所,2023-01-10,108.79,110.5,106.0,107.23,108.84,1891530,202788189.94,-1.4792,2.665,1,0,none,baostock,query_history_k_data_plus
688800,SHSE.688800,,SH,A股-上交所,2023-01-11,107.35,107.6,101.03,102.49,107.23,2746160,284083340.74,-4.4204,3.869,1,0,none,baostock,query_history_k_data_plus
688800,SHSE.688800,,SH,A股-上交所,2023-01-12,102.02,102.5,99.61,100.6,102.49,2127213,214040165.82,-1.8441,2.997,1,0,none,baostock,query_history_k_data_plus
688800,SHSE.688800,,SH,A股-上交所,2023-01-13,100.55,101.76,97.18,98.19,100.6,1637225,161790032.65,-2.3956,2.3067,1,0,none,baostock,query_history_k_data_plus
688800,SHSE.688800,,SH,A股-上交所,2023-01-16,98.38,99.84,97.22,99.71,98.19,2413245,237095629.62,1.548,3.4,1,0,none,baostock,query_history_k_data_plus
688800,SHSE.688800,,SH,A股-上交所,2023-01-17,100.0,100.62,97.71,97.71,99.71,1826172,180561775.11,-2.0058,2.5729,1,0,none,baostock,query_history_k_data_plus
688800,SHSE.688800,,SH,A股-上交所,2023-01-18,97.71,99.02,96.81,97.86,97.71,1369838,134079671.48,0.1535,1.9299,1,0,none,baostock,query_history_k_data_plus
688800,SHSE.688800,,SH,A股-上交所,2023-01-19,97.69,100.65,97.27,99.98,97.86,1434840,141770087.13,2.1664,2.0215,1,0,none,baostock,query_history_k_data_plus
688800,SHSE.688800,,SH,A股-上交所,2023-01-20,99.48,100.98,97.51,99.28,99.98,1471799,145506112.11,-0.7001,2.0736,1,0,none,baostock,query_history_k_data_plus
688800,SHSE.688800,,SH,A股-上交所,2023-01-30,101.7,106.99,101.2,104.22,99.28,2962266,308497488.88,4.9758,4.1735,1,0,none,baostock,query_history_k_data_plus
688800,SHSE.688800,,SH,A股-上交所,2023-01-31,104.0,107.25,103.26,105.3,104.22,1754255,185170750.99,1.0363,2.4715,1,0,none,baostock,query_history_k_data_plus
688800,SHSE.688800,,SH,A股-上交所,2023-02-01,105.39,114.8,105.0,114.25,105.3,3262664,360097000.98,8.4995,4.5967,1,0,none,baostock,query_history_k_data_plus
688800,SHSE.688800,,SH,A股-上交所,2023-02-02,114.61,115.94,112.6,114.6,114.25,2481401,283881104.31,0.3063,3.496,1,0,none,baostock,query_history_k_data_plus
688800,SHSE.688800,,SH,A股-上交所,2023-02-03,113.66,116.12,111.81,114.9,114.6,1389848,158590190.56,0.2618,1.9581,1,0,none,baostock,query_history_k_data_plus
688800,SHSE.688800,,SH,A股-上交所,2023-02-06,113.73,114.88,112.02,113.91,114.9,1234862,140446464.53,-0.8616,1.7398,1,0,none,baostock,query_history_k_data_plus
688800,SHSE.688800,,SH,A股-上交所,2023-02-07,114.69,114.74,112.31,113.2,113.91,770865,87512231.53,-0.6233,1.0861,1,0,none,baostock,query_history_k_data_plus
688800,SHSE.688800,,SH,A股-上交所,2023-02-08,112.8,117.78,112.31,114.11,113.2,1409428,162732637.08,0.8039,1.9857,1,0,none,baostock,query_history_k_data_plus
688800,SHSE.688800,,SH,A股-上交所,2023-02-09,113.42,116.77,112.13,116.31,114.11,1019753,117482993.91,1.928,1.4367,1,0,none,baostock,query_history_k_data_plus
688800,SHSE.688800,,SH,A股-上交所,2023-02-10,116.5,118.58,113.05,114.79,116.31,1014720,117574837.13,-1.3069,1.4296,1,0,none,baostock,query_history_k_data_plus
688800,SHSE.688800,,SH,A股-上交所,2023-02-13,114.0,119.32,113.77,118.26,114.79,1536485,180635405.4,3.0229,2.1647,1,0,none,baostock,query_history_k_data_plus
688800,SHSE.688800,,SH,A股-上交所,2023-02-14,118.98,118.98,115.7,116.64,118.26,606030,70637745.74,-1.3699,0.8538,1,0,none,baostock,query_history_k_data_plus
688800,SHSE.688800,,SH,A股-上交所,2023-02-15,116.02,119.79,115.32,116.51,116.64,891370,104400270.0,-0.1115,1.2558,1,0,none,baostock,query_history_k_data_plus
688800,SHSE.688800,,SH,A股-上交所,2023-02-16,116.6,119.0,112.8,113.51,116.51,983587,114169456.84,-2.5749,1.3858,1,0,none,baostock,query_history_k_data_plus
688800,SHSE.688800,,SH,A股-上交所,2023-02-17,113.65,115.0,110.56,110.96,113.51,753049,84335462.81,-2.2465,1.061,1,0,none,baostock,query_history_k_data_plus
688800,SHSE.688800,,SH,A股-上交所,2023-02-20,110.03,111.54,105.13,106.98,110.96,1873691,201182985.53,-3.5869,2.6398,1,0,none,baostock,query_history_k_data_plus
688800,SHSE.688800,,SH,A股-上交所,2023-02-21,107.62,107.62,101.21,104.98,106.98,2318905,240033561.52,-1.8695,3.2671,1,0,none,baostock,query_history_k_data_plus
688800,SHSE.688800,,SH,A股-上交所,2023-02-22,103.7,104.65,102.36,102.93,104.98,1038035,107035640.37,-1.9528,1.4625,1,0,none,baostock,query_history_k_data_plus
688800,SHSE.688800,,SH,A股-上交所,2023-02-23,102.62,104.06,101.61,102.42,102.93,1008890,103351909.74,-0.4955,1.4214,1,0,none,baostock,query_history_k_data_plus
688800,SHSE.688800,,SH,A股-上交所,2023-02-24,103.21,103.48,101.11,101.65,102.42,1071694,109126285.4,-0.7518,1.5099,1,0,none,baostock,query_history_k_data_plus
688800,SHSE.688800,,SH,A股-上交所,2023-02-27,101.65,102.65,100.6,101.01,101.65,874276,88717396.54,-0.6296,1.2318,1,0,none,baostock,query_history_k_data_plus
688800,SHSE.688800,,SH,A股-上交所,2023-02-28,101.49,101.7,98.05,99.45,101.01,1559377,154664717.32,-1.5444,2.197,1,0,none,baostock,query_history_k_data_plus
688800,SHSE.688800,,SH,A股-上交所,2023-03-01,99.7,102.69,99.08,101.5,99.45,1408125,142424585.8,2.0613,1.9839,1,0,none,baostock,query_history_k_data_plus
688800,SHSE.688800,,SH,A股-上交所,2023-03-02,101.4,102.19,95.49,96.85,101.5,2291475,223763360.45,-4.5813,3.2284,1,0,none,baostock,query_history_k_data_plus
688800,SHSE.688800,,SH,A股-上交所,2023-03-03,97.03,98.54,94.32,94.41,96.85,1284068,123110138.99,-2.5194,1.8091,1,0,none,baostock,query_history_k_data_plus
688800,SHSE.688800,,SH,A股-上交所,2023-03-06,93.88,95.21,92.87,94.15,94.41,1066194,100137615.83,-0.2754,1.5021,1,0,none,baostock,query_history_k_data_plus
688800,SHSE.688800,,SH,A股-上交所,2023-03-07,94.67,95.21,93.29,93.68,94.15,1150235,108426663.09,-0.4992,1.6206,1,0,none,baostock,query_history_k_data_plus
688800,SHSE.688800,,SH,A股-上交所,2023-03-08,93.0,94.73,91.69,92.4,93.68,1269681,117641889.49,-1.3664,1.7888,1,0,none,baostock,query_history_k_data_plus
688800,SHSE.688800,,SH,A股-上交所,2023-03-09,92.49,92.87,89.1,89.59,92.4,1492107,135275034.46,-3.0411,2.1022,1,0,none,baostock,query_history_k_data_plus
688800,SHSE.688800,,SH,A股-上交所,2023-03-10,89.34,89.5,85.18,85.45,89.59,2665681,230305774.45,-4.6211,3.7556,1,0,none,baostock,query_history_k_data_plus
688800,SHSE.688800,,SH,A股-上交所,2023-03-13,85.5,86.36,83.73,84.24,85.45,1661031,141110262.33,-1.416,2.3402,1,0,none,baostock,query_history_k_data_plus
688800,SHSE.688800,,SH,A股-上交所,2023-03-14,84.36,84.9,81.1,83.4,84.24,1457631,120383278.95,-0.9972,2.0536,1,0,none,baostock,query_history_k_data_plus
688800,SHSE.688800,,SH,A股-上交所,2023-03-15,83.5,86.98,83.3,84.54,83.4,1478446,125521070.55,1.3669,2.083,1,0,none,baostock,query_history_k_data_plus
688800,SHSE.688800,,SH,A股-上交所,2023-03-16,83.3,84.5,81.7,82.35,84.54,2052009,169248391.79,-2.5905,2.6952,1,0,none,baostock,query_history_k_data_plus
688800,SHSE.688800,,SH,A股-上交所,2023-03-17,82.35,85.85,81.42,82.78,82.35,1893737,158286646.98,0.5222,2.4873,1,0,none,baostock,query_history_k_data_plus
688800,SHSE.688800,,SH,A股-上交所,2023-03-20,82.13,85.7,80.46,84.45,82.78,1901639,158339736.26,2.0174,2.4977,1,0,none,baostock,query_history_k_data_plus
688800,SHSE.688800,,SH,A股-上交所,2023-03-21,85.0,87.07,83.22,86.99,84.45,2173469,185627190.61,3.0077,2.8548,1,0,none,baostock,query_history_k_data_plus
688800,SHSE.688800,,SH,A股-上交所,2023-03-22,86.9,89.12,85.82,86.26,86.99,1915986,167258206.43,-0.8392,2.5166,1,0,none,baostock,query_history_k_data_plus
688800,SHSE.688800,,SH,A股-上交所,2023-03-23,86.25,87.5,84.99,85.95,86.26,1326204,113877185.51,-0.3594,1.7419,1,0,none,baostock,query_history_k_data_plus
688800,SHSE.688800,,SH,A股-上交所,2023-03-24,86.5,88.49,85.91,87.65,85.95,1669398,145719692.24,1.9779,2.1927,1,0,none,baostock,query_history_k_data_plus
688800,SHSE.688800,,SH,A股-上交所,2023-03-27,87.6,87.6,85.25,86.0,87.65,1626360,140294109.91,-1.8825,2.1362,1,0,none,baostock,query_history_k_data_plus
688800,SHSE.688800,,SH,A股-上交所,2023-03-28,87.07,87.4,84.25,84.33,86.0,1164966,99250139.58,-1.9419,1.5301,1,0,none,baostock,query_history_k_data_plus
688800,SHSE.688800,,SH,A股-上交所,2023-03-29,84.01,86.87,84.01,84.07,84.33,1449626,123759540.48,-0.3083,1.904,1,0,none,baostock,query_history_k_data_plus
688800,SHSE.688800,,SH,A股-上交所,2023-03-30,84.6,85.0,83.3,84.56,84.07,1014825,85594003.67,0.5828,1.3329,1,0,none,baostock,query_history_k_data_plus
688800,SHSE.688800,,SH,A股-上交所,2023-03-31,85.45,86.88,83.85,84.71,84.56,1211282,103065696.64,0.1774,1.591,1,0,none,baostock,query_history_k_data_plus
688800,SHSE.688800,,SH,A股-上交所,2023-04-03,84.8,85.58,83.5,84.72,84.71,1057255,89276624.52,0.0118,1.3887,1,0,none,baostock,query_history_k_data_plus
688800,SHSE.688800,,SH,A股-上交所,2023-04-04,85.0,85.38,81.2,81.35,84.72,1957556,161187651.68,-3.9778,2.5712,1,0,none,baostock,query_history_k_data_plus
688800,SHSE.688800,,SH,A股-上交所,2023-04-06,80.97,84.65,80.48,84.3,81.35,1514838,126058015.9,3.6263,1.9897,1,0,none,baostock,query_history_k_data_plus
688800,SHSE.688800,,SH,A股-上交所,2023-04-07,84.3,87.3,83.65,87.27,84.3,1238705,106487480.47,3.5231,1.627,1,0,none,baostock,query_history_k_data_plus
688800,SHSE.688800,,SH,A股-上交所,2023-04-10,88.98,90.52,86.47,88.78,87.27,1562057,137720750.32,1.7303,2.0517,1,0,none,baostock,query_history_k_data_plus
688800,SHSE.688800,,SH,A股-上交所,2023-04-11,89.3,89.5,80.65,82.01,88.78,3864602,318077370.01,-7.6256,5.076,1,0,none,baostock,query_history_k_data_plus
688800,SHSE.688800,,SH,A股-上交所,2023-04-12,81.81,83.01,79.8,80.72,82.01,3011618,243920520.98,-1.573,3.9556,1,0,none,baostock,query_history_k_data_plus
688800,SHSE.688800,,SH,A股-上交所,2023-04-13,80.71,81.6,78.9,79.5,80.72,1381837,110126229.14,-1.5114,1.815,1,0,none,baostock,query_history_k_data_plus
688800,SHSE.688800,,SH,A股-上交所,2023-04-14,79.35,83.48,79.19,82.5,79.5,2186642,179078290.56,3.7736,2.8721,1,0,none,baostock,query_history_k_data_plus
688800,SHSE.688800,,SH,A股-上交所,2023-04-17,82.52,84.5,81.5,82.69,82.5,1522757,126118019.8,0.2303,2.0001,1,0,none,baostock,query_history_k_data_plus
688800,SHSE.688800,,SH,A股-上交所,2023-04-18,83.09,84.27,82.44,83.12,82.69,1371682,114627976.0,0.52,1.8016,1,0,none,baostock,query_history_k_data_plus
688800,SHSE.688800,,SH,A股-上交所,2023-04-19,83.08,83.95,81.87,82.42,83.12,971797,80167581.13,-0.8422,1.2764,1,0,none,baostock,query_history_k_data_plus
688800,SHSE.688800,,SH,A股-上交所,2023-04-20,82.0,82.37,79.5,79.71,82.42,1396121,111940868.78,-3.288,1.8337,1,0,none,baostock,query_history_k_data_plus
688800,SHSE.688800,,SH,A股-上交所,2023-04-21,79.7,81.5,77.78,78.1,79.71,1245150,98660191.32,-2.0198,1.6354,1,0,none,baostock,query_history_k_data_plus
688800,SHSE.688800,,SH,A股-上交所,2023-04-24,77.33,77.88,73.15,74.34,78.1,2397338,178469482.08,-4.8143,3.1488,1,0,none,baostock,query_history_k_data_plus
688800,SHSE.688800,,SH,A股-上交所,2023-04-25,74.76,75.26,71.6,72.7,74.34,1713381,124978760.98,-2.2061,2.2504,1,0,none,baostock,query_history_k_data_plus
688800,SHSE.688800,,SH,A股-上交所,2023-04-26,74.0,77.77,73.33,76.92,72.7,2087031,159096491.38,5.8047,2.7412,1,0,none,baostock,query_history_k_data_plus
688800,SHSE.688800,,SH,A股-上交所,2023-04-27,77.2,77.56,75.7,76.3,76.92,1040614,79605735.75,-0.806,1.3668,1,0,none,baostock,query_history_k_data_plus
688800,SHSE.688800,,SH,A股-上交所,2023-04-28,72.8,78.08,71.81,76.32,76.3,2054451,155778990.13,0.0262,2.6984,1,0,none,baostock,query_history_k_data_plus
688800,SHSE.688800,,SH,A股-上交所,2023-05-04,75.7,76.87,71.88,72.07,76.32,1558379,114677888.53,-5.5687,2.0469,1,0,none,baostock,query_history_k_data_plus
688800,SHSE.688800,,SH,A股-上交所,2023-05-05,71.72,72.97,70.9,72.61,72.07,1139992,81956255.59,0.7493,1.4973,1,0,none,baostock,query_history_k_data_plus
688800,SHSE.688800,,SH,A股-上交所,2023-05-08,72.61,74.0,70.62,71.39,72.61,1064078,76125014.0,-1.6802,1.3976,1,0,none,baostock,query_history_k_data_plus
688800,SHSE.688800,,SH,A股-上交所,2023-05-09,72.03,72.1,69.1,69.24,71.39,1193223,83425841.81,-3.0116,1.5672,1,0,none,baostock,query_history_k_data_plus
688800,SHSE.688800,,SH,A股-上交所,2023-05-10,69.38,74.24,68.7,72.72,69.24,1584287,113509436.27,5.026,2.0809,1,0,none,baostock,query_history_k_data_plus
688800,SHSE.688800,,SH,A股-上交所,2023-05-11,72.72,73.71,70.71,70.8,72.72,1098496,78837955.68,-2.6403,1.4428,1,0,none,baostock,query_history_k_data_plus
688800,SHSE.688800,,SH,A股-上交所,2023-05-12,70.8,72.25,70.35,70.44,70.8,690115,49032821.68,-0.5085,0.9064,1,0,none,baostock,query_history_k_data_plus
688800,SHSE.688800,,SH,A股-上交所,2023-05-15,72.99,76.66,72.2,76.3,70.44,2299924,171760450.31,8.3191,3.0208,1,0,none,baostock,query_history_k_data_plus
688800,SHSE.688800,,SH,A股-上交所,2023-05-16,76.8,76.82,73.4,73.95,76.3,1641935,121603981.36,-3.0799,2.1566,1,0,none,baostock,query_history_k_data_plus
688800,SHSE.688800,,SH,A股-上交所,2023-05-17,73.37,74.53,72.82,73.71,73.95,1014082,74559223.84,-0.3245,1.332,1,0,none,baostock,query_history_k_data_plus
688800,SHSE.688800,,SH,A股-上交所,2023-05-18,74.23,74.23,71.92,72.9,73.71,905512,65711867.56,-1.0989,1.1893,1,0,none,baostock,query_history_k_data_plus
688800,SHSE.688800,,SH,A股-上交所,2023-05-19,51.58,51.99,50.54,51.76,51.7,1220667,62674223.91,0.1161,1.1452,1,0,none,baostock,query_history_k_data_plus
688800,SHSE.688800,,SH,A股-上交所,2023-05-22,54.01,55.2,52.5,53.02,51.76,2965475,159311475.46,2.4343,2.7822,1,0,none,baostock,query_history_k_data_plus
688800,SHSE.688800,,SH,A股-上交所,2023-05-23,52.8,55.19,52.12,53.38,53.02,2539637,136558705.87,0.679,2.3826,1,0,none,baostock,query_history_k_data_plus
688800,SHSE.688800,,SH,A股-上交所,2023-05-24,53.86,55.15,52.84,53.89,53.38,1781888,96713833.51,0.9554,1.6717,1,0,none,baostock,query_history_k_data_plus
688800,SHSE.688800,,SH,A股-上交所,2023-05-25,53.65,55.22,53.4,54.9,53.89,1897136,103690368.47,1.8742,1.7799,1,0,none,baostock,query_history_k_data_plus
688800,SHSE.688800,,SH,A股-上交所,2023-05-26,54.53,54.69,53.0,53.64,54.9,1361304,73115739.85,-2.2951,1.2772,1,0,none,baostock,query_history_k_data_plus
688800,SHSE.688800,,SH,A股-上交所,2023-05-29,53.74,54.12,52.56,53.01,53.64,1234876,65426397.88,-1.1745,1.1585,1,0,none,baostock,query_history_k_data_plus
688800,SHSE.688800,,SH,A股-上交所,2023-05-30,53.0,54.65,52.68,53.49,53.01,1537434,82495616.53,0.9055,1.4424,1,0,none,baostock,query_history_k_data_plus
688800,SHSE.688800,,SH,A股-上交所,2023-05-31,53.49,53.49,52.36,53.07,53.49,1056136,55872671.67,-0.7852,0.9908,1,0,none,baostock,query_history_k_data_plus
688800,SHSE.688800,,SH,A股-上交所,2023-06-01,52.82,53.53,52.17,52.55,53.07,1038366,54670257.88,-0.9798,0.9742,1,0,none,baostock,query_history_k_data_plus
688800,SHSE.688800,,SH,A股-上交所,2023-06-02,52.75,55.03,52.41,54.36,52.55,2069041,111629783.2,3.4443,1.9411,1,0,none,baostock,query_history_k_data_plus
688800,SHSE.688800,,SH,A股-上交所,2023-06-05,54.8,55.0,53.22,53.58,54.36,1097017,58979579.57,-1.4349,1.0292,1,0,none,baostock,query_history_k_data_plus
688800,SHSE.688800,,SH,A股-上交所,2023-06-06,53.58,53.75,51.12,51.52,53.58,1552698,81065942.04,-3.8447,1.4567,1,0,none,baostock,query_history_k_data_plus
688800,SHSE.688800,,SH,A股-上交所,2023-06-07,51.2,51.66,49.73,50.18,51.52,1897984,95601241.95,-2.6009,1.7807,1,0,none,baostock,query_history_k_data_plus
688800,SHSE.688800,,SH,A股-上交所,2023-06-08,50.34,51.1,48.07,48.4,50.18,2080666,102271789.77,-3.5472,1.952,1,0,none,baostock,query_history_k_data_plus
688800,SHSE.688800,,SH,A股-上交所,2023-06-09,48.91,49.31,47.1,48.98,48.4,2281035,109755873.41,1.1983,2.14,1,0,none,baostock,query_history_k_data_plus
688800,SHSE.688800,,SH,A股-上交所,2023-06-12,48.95,52.98,48.95,52.25,48.98,3734517,191596567.13,6.6762,3.5037,1,0,none,baostock,query_history_k_data_plus
688800,SHSE.688800,,SH,A股-上交所,2023-06-13,52.25,57.03,52.19,56.64,52.25,4843742,267012076.56,8.4019,4.5443,1,0,none,baostock,query_history_k_data_plus
688800,SHSE.688800,,SH,A股-上交所,2023-06-14,56.3,57.0,54.56,54.64,56.64,2938442,162957376.65,-3.5311,2.7568,1,0,none,baostock,query_history_k_data_plus
688800,SHSE.688800,,SH,A股-上交所,2023-06-15,54.59,56.07,54.2,55.65,54.64,3184287,176209815.16,1.8485,2.9874,1,0,none,baostock,query_history_k_data_plus
688800,SHSE.688800,,SH,A股-上交所,2023-06-16,56.09,56.2,54.32,55.26,55.65,2107168,116140943.35,-0.7008,1.9769,1,0,none,baostock,query_history_k_data_plus
688800,SHSE.688800,,SH,A股-上交所,2023-06-19,56.55,57.45,55.44,56.03,55.26,2623558,147761851.85,1.3934,2.4614,1,0,none,baostock,query_history_k_data_plus
688800,SHSE.688800,,SH,A股-上交所,2023-06-20,56.55,57.98,56.06,56.43,56.03,2885993,164037849.51,0.7139,2.7076,1,0,none,baostock,query_history_k_data_plus
688800,SHSE.688800,,SH,A股-上交所,2023-06-21,56.5,61.86,56.5,59.6,56.43,8337744,501704212.86,5.6176,7.8223,1,0,none,baostock,query_history_k_data_plus
688800,SHSE.688800,,SH,A股-上交所,2023-06-26,59.13,59.13,54.85,55.4,59.6,5719732,320115072.2,-7.047,5.3662,1,0,none,baostock,query_history_k_data_plus
688800,SHSE.688800,,SH,A股-上交所,2023-06-27,55.9,61.84,55.3,61.84,55.4,7914647,461782320.94,11.6245,7.4254,1,0,none,baostock,query_history_k_data_plus
688800,SHSE.688800,,SH,A股-上交所,2023-06-28,63.4,63.4,57.74,59.7,61.84,8094735,480182679.83,-3.4605,7.5943,1,0,none,baostock,query_history_k_data_plus
688800,SHSE.688800,,SH,A股-上交所,2023-06-29,59.8,62.78,57.75,61.33,59.7,7283320,440039207.01,2.7303,6.8331,1,0,none,baostock,query_history_k_data_plus
688800,SHSE.688800,,SH,A股-上交所,2023-06-30,60.3,63.18,58.28,62.15,61.33,6668701,404348010.11,1.337,6.2565,1,0,none,baostock,query_history_k_data_plus
688800,SHSE.688800,,SH,A股-上交所,2023-07-03,63.1,65.41,60.5,61.1,62.15,6349728,396999778.23,-1.6895,5.9572,1,0,none,baostock,query_history_k_data_plus
688800,SHSE.688800,,SH,A股-上交所,2023-07-04,60.22,63.5,59.3,60.6,61.1,10226752,631386207.82,-0.8183,9.5946,1,0,none,baostock,query_history_k_data_plus
688800,SHSE.688800,,SH,A股-上交所,2023-07-05,60.16,60.18,57.5,57.6,60.6,6483620,377789761.42,-4.9505,6.0828,1,0,none,baostock,query_history_k_data_plus
688800,SHSE.688800,,SH,A股-上交所,2023-07-06,56.89,58.9,56.7,58.07,57.6,3762247,218301923.87,0.816,3.5297,1,0,none,baostock,query_history_k_data_plus
688800,SHSE.688800,,SH,A股-上交所,2023-07-07,58.07,58.89,57.2,57.98,58.07,2777647,161460433.19,-0.155,2.6059,1,0,none,baostock,query_history_k_data_plus
688800,SHSE.688800,,SH,A股-上交所,2023-07-10,58.09,60.2,58.09,58.64,57.98,3712284,219894403.41,1.1383,3.4828,1,0,none,baostock,query_history_k_data_plus
688800,SHSE.688800,,SH,A股-上交所,2023-07-11,59.0,60.06,57.11,59.6,58.64,4518061,265864909.99,1.6371,4.2388,1,0,none,baostock,query_history_k_data_plus
688800,SHSE.688800,,SH,A股-上交所,2023-07-12,60.09,60.46,58.62,59.15,59.6,3070151,182641365.01,-0.755,2.8804,1,0,none,baostock,query_history_k_data_plus
688800,SHSE.688800,,SH,A股-上交所,2023-07-13,59.16,60.3,57.45,57.54,59.15,3251493,190569082.35,-2.7219,3.0505,1,0,none,baostock,query_history_k_data_plus
688800,SHSE.688800,,SH,A股-上交所,2023-07-14,57.55,57.85,55.36,55.36,57.54,3888714,219247504.67,-3.7887,3.6483,1,0,none,baostock,query_history_k_data_plus
688800,SHSE.688800,,SH,A股-上交所,2023-07-17,55.36,55.5,53.41,53.57,55.36,2757748,149220959.12,-3.2334,2.5873,1,0,none,baostock,query_history_k_data_plus
688800,SHSE.688800,,SH,A股-上交所,2023-07-18,53.68,54.24,52.82,53.88,53.57,2172463,116416905.83,0.5787,2.0382,1,0,none,baostock,query_history_k_data_plus
688800,SHSE.688800,,SH,A股-上交所,2023-07-19,53.82,53.87,52.32,52.81,53.88,1362606,72201306.97,-1.9859,1.2784,1,0,none,baostock,query_history_k_data_plus
688800,SHSE.688800,,SH,A股-上交所,2023-07-20,53.09,53.66,51.85,51.9,52.81,1355151,71514987.55,-1.7232,1.2714,1,0,none,baostock,query_history_k_data_plus
688800,SHSE.688800,,SH,A股-上交所,2023-07-21,51.79,52.39,50.95,50.95,51.9,1376504,70776486.25,-1.8304,1.2914,1,0,none,baostock,query_history_k_data_plus
688800,SHSE.688800,,SH,A股-上交所,2023-07-24,50.74,51.3,50.26,50.66,50.95,997961,50629040.1,-0.5692,0.9363,1,0,none,baostock,query_history_k_data_plus
688800,SHSE.688800,,SH,A股-上交所,2023-07-25,51.3,52.58,50.58,52.32,50.66,2038807,105443593.31,3.2767,1.9128,1,0,none,baostock,query_history_k_data_plus
688800,SHSE.688800,,SH,A股-上交所,2023-07-26,52.36,52.49,51.2,51.36,52.32,1440117,74190211.4,-1.8349,1.3511,1,0,none,baostock,query_history_k_data_plus
688800,SHSE.688800,,SH,A股-上交所,2023-07-27,52.91,53.91,51.41,51.73,51.36,2220138,116989673.33,0.7204,2.0829,1,0,none,baostock,query_history_k_data_plus
688800,SHSE.688800,,SH,A股-上交所,2023-07-28,51.7,51.7,50.0,50.09,51.73,2465203,125307720.59,-3.1703,2.3128,1,0,none,baostock,query_history_k_data_plus
688800,SHSE.688800,,SH,A股-上交所,2023-07-31,50.45,51.8,50.26,51.0,50.09,1556278,79511963.01,1.8167,1.4601,1,0,none,baostock,query_history_k_data_plus
688800,SHSE.688800,,SH,A股-上交所,2023-08-01,51.0,51.0,49.3,49.98,51.0,1911126,95555959.5,-2.0,1.793,1,0,none,baostock,query_history_k_data_plus
688800,SHSE.688800,,SH,A股-上交所,2023-08-02,49.98,50.75,49.83,50.26,49.98,905718,45481296.53,0.5602,0.8497,1,0,none,baostock,query_history_k_data_plus
688800,SHSE.688800,,SH,A股-上交所,2023-08-03,50.5,50.5,48.72,49.39,50.26,1739685,85856201.94,-1.731,1.6321,1,0,none,baostock,query_history_k_data_plus
688800,SHSE.688800,,SH,A股-上交所,2023-08-04,49.52,50.37,49.25,49.87,49.39,1072676,53442525.43,0.9719,1.0064,1,0,none,baostock,query_history_k_data_plus
688800,SHSE.688800,,SH,A股-上交所,2023-08-07,49.59,50.01,49.23,49.49,49.87,853344,42249921.95,-0.762,0.8006,1,0,none,baostock,query_history_k_data_plus
688800,SHSE.688800,,SH,A股-上交所,2023-08-08,49.48,49.87,48.29,48.35,49.49,1138951,55629014.49,-2.3035,1.0685,1,0,none,baostock,query_history_k_data_plus
688800,SHSE.688800,,SH,A股-上交所,2023-08-09,48.05,48.65,47.88,48.39,48.35,817291,39385274.25,0.0827,0.7668,1,0,none,baostock,query_history_k_data_plus
688800,SHSE.688800,,SH,A股-上交所,2023-08-10,48.54,49.35,48.05,48.42,48.39,822147,40070776.19,0.062,0.7713,1,0,none,baostock,query_history_k_data_plus
688800,SHSE.688800,,SH,A股-上交所,2023-08-11,48.2,48.83,47.36,47.6,48.42,991323,47674509.14,-1.6935,0.93,1,0,none,baostock,query_history_k_data_plus
688800,SHSE.688800,,SH,A股-上交所,2023-08-14,46.07,47.5,45.77,46.62,47.6,1336816,61898571.79,-2.0588,1.2542,1,0,none,baostock,query_history_k_data_plus
688800,SHSE.688800,,SH,A股-上交所,2023-08-15,46.79,47.12,44.72,45.1,46.62,1636059,74323491.63,-3.2604,1.5349,1,0,none,baostock,query_history_k_data_plus
688800,SHSE.688800,,SH,A股-上交所,2023-08-16,45.11,45.62,43.8,43.92,45.1,1197056,53373339.04,-2.6164,1.1231,1,0,none,baostock,query_history_k_data_plus
688800,SHSE.688800,,SH,A股-上交所,2023-08-17,43.61,45.31,43.4,44.98,43.92,1431067,63559485.46,2.4135,1.3426,1,0,none,baostock,query_history_k_data_plus
688800,SHSE.688800,,SH,A股-上交所,2023-08-18,44.98,45.78,44.77,44.94,44.98,1313209,59574759.32,-0.0889,1.232,1,0,none,baostock,query_history_k_data_plus
688800,SHSE.688800,,SH,A股-上交所,2023-08-21,44.62,45.09,43.73,43.74,44.94,857787,38022197.41,-2.6702,0.8048,1,0,none,baostock,query_history_k_data_plus
688800,SHSE.688800,,SH,A股-上交所,2023-08-22,44.19,44.57,42.56,43.46,43.74,1261896,54788786.0,-0.6401,1.1839,1,0,none,baostock,query_history_k_data_plus
688800,SHSE.688800,,SH,A股-上交所,2023-08-23,43.7,43.7,41.68,41.68,43.46,1503800,63605500.1,-4.0957,1.4108,1,0,none,baostock,query_history_k_data_plus
688800,SHSE.688800,,SH,A股-上交所,2023-08-24,41.62,43.2,41.62,42.3,41.68,1658936,70324209.09,1.4875,1.5564,1,0,none,baostock,query_history_k_data_plus
688800,SHSE.688800,,SH,A股-上交所,2023-08-25,42.44,42.44,40.91,41.12,42.3,1425295,59013595.58,-2.7896,1.3372,1,0,none,baostock,query_history_k_data_plus
688800,SHSE.688800,,SH,A股-上交所,2023-08-28,44.1,44.2,40.56,40.61,41.12,2050501,85677783.3,-1.2403,1.9237,1,0,none,baostock,query_history_k_data_plus
688800,SHSE.688800,,SH,A股-上交所,2023-08-29,40.54,43.64,40.44,42.8,40.61,3117134,130610498.48,5.3928,2.9244,1,0,none,baostock,query_history_k_data_plus
688800,SHSE.688800,,SH,A股-上交所,2023-08-30,42.64,44.3,42.64,43.89,42.8,2129767,93274124.46,2.5467,1.9981,1,0,none,baostock,query_history_k_data_plus
688800,SHSE.688800,,SH,A股-上交所,2023-08-31,41.7,42.74,41.11,41.89,43.89,3644525,152540497.36,-4.5568,3.4192,1,0,none,baostock,query_history_k_data_plus
688800,SHSE.688800,,SH,A股-上交所,2023-09-01,42.89,42.89,41.3,41.55,41.89,1557162,64964077.56,-0.8116,1.4609,1,0,none,baostock,query_history_k_data_plus
688800,SHSE.688800,,SH,A股-上交所,2023-09-04,41.73,42.08,40.36,41.21,41.55,2349215,96120702.11,-0.8183,2.204,1,0,none,baostock,query_history_k_data_plus
688800,SHSE.688800,,SH,A股-上交所,2023-09-05,41.25,41.86,40.78,41.33,41.21,1544105,63693180.66,0.2912,1.4487,1,0,none,baostock,query_history_k_data_plus
688800,SHSE.688800,,SH,A股-上交所,2023-09-06,41.42,42.86,41.06,42.58,41.33,2357663,99489344.95,3.0244,2.2119,1,0,none,baostock,query_history_k_data_plus
688800,SHSE.688800,,SH,A股-上交所,2023-09-07,42.68,42.69,40.66,41.3,42.58,2013045,83163148.87,-3.0061,1.8886,1,0,none,baostock,query_history_k_data_plus
688800,SHSE.688800,,SH,A股-上交所,2023-09-08,40.8,41.22,40.1,40.5,41.3,1198977,48646302.8,-1.937,1.1249,1,0,none,baostock,query_history_k_data_plus
688800,SHSE.688800,,SH,A股-上交所,2023-09-11,40.86,41.8,40.3,41.44,40.5,1361688,56099322.66,2.321,1.2775,1,0,none,baostock,query_history_k_data_plus
688800,SHSE.688800,,SH,A股-上交所,2023-09-12,41.47,41.89,41.16,41.46,41.44,944135,39205741.28,0.0483,0.8858,1,0,none,baostock,query_history_k_data_plus
688800,SHSE.688800,,SH,A股-上交所,2023-09-13,41.6,41.79,40.01,40.33,41.46,1239598,50129049.51,-2.7255,1.163,1,0,none,baostock,query_history_k_data_plus
688800,SHSE.688800,,SH,A股-上交所,2023-09-14,40.49,40.49,38.67,39.06,40.33,1527436,60034286.72,-3.149,1.433,1,0,none,baostock,query_history_k_data_plus
688800,SHSE.688800,,SH,A股-上交所,2023-09-15,39.21,40.04,38.71,39.09,39.06,1209340,47360089.93,0.0768,1.1346,1,0,none,baostock,query_history_k_data_plus
688800,SHSE.688800,,SH,A股-上交所,2023-09-18,38.92,40.76,38.54,39.77,39.09,1490745,59435504.44,1.7396,1.3986,1,0,none,baostock,query_history_k_data_plus
688800,SHSE.688800,,SH,A股-上交所,2023-09-19,39.64,39.92,39.03,39.38,39.77,911517,35933798.66,-0.9806,0.8552,1,0,none,baostock,query_history_k_data_plus
688800,SHSE.688800,,SH,A股-上交所,2023-09-20,39.09,39.34,38.55,38.55,39.38,1121206,43589003.31,-2.1077,1.0519,1,0,none,baostock,query_history_k_data_plus
688800,SHSE.688800,,SH,A股-上交所,2023-09-21,38.47,38.67,37.84,38.05,38.55,1101569,42019415.5,-1.297,1.0335,1,0,none,baostock,query_history_k_data_plus
688800,SHSE.688800,,SH,A股-上交所,2023-09-22,38.13,39.5,37.63,39.24,38.05,1778070,68790891.79,3.1275,1.6682,1,0,none,baostock,query_history_k_data_plus
688800,SHSE.688800,,SH,A股-上交所,2023-09-25,39.29,39.42,38.6,38.74,39.24,1242942,48279506.55,-1.2742,1.1661,1,0,none,baostock,query_history_k_data_plus
688800,SHSE.688800,,SH,A股-上交所,2023-09-26,38.82,38.99,38.21,38.64,38.74,957220,36900003.51,-0.2581,0.898,1,0,none,baostock,query_history_k_data_plus
688800,SHSE.688800,,SH,A股-上交所,2023-09-27,38.7,39.78,38.2,38.69,38.64,1185487,46187059.5,0.1294,1.1122,1,0,none,baostock,query_history_k_data_plus
688800,SHSE.688800,,SH,A股-上交所,2023-09-28,39.0,39.55,38.78,39.13,38.69,1053755,41275922.46,1.1372,0.9886,1,0,none,baostock,query_history_k_data_plus
688800,SHSE.688800,,SH,A股-上交所,2023-10-09,39.55,40.6,39.27,39.97,39.13,1704935,67963341.9,2.1467,1.5995,1,0,none,baostock,query_history_k_data_plus
688800,SHSE.688800,,SH,A股-上交所,2023-10-10,40.14,47.89,40.14,46.9,39.97,7826578,346316253.1,17.338,7.3428,1,0,none,baostock,query_history_k_data_plus
688800,SHSE.688800,,SH,A股-上交所,2023-10-11,45.48,46.2,44.89,45.45,46.9,5385821,244592300.64,-3.0917,5.0529,1,0,none,baostock,query_history_k_data_plus
688800,SHSE.688800,,SH,A股-上交所,2023-10-12,45.86,45.86,43.5,43.67,45.45,4051137,178645784.23,-3.9164,3.8007,1,0,none,baostock,query_history_k_data_plus
688800,SHSE.688800,,SH,A股-上交所,2023-10-13,43.31,44.29,43.0,43.38,43.67,2049413,89315303.4,-0.6641,1.9227,1,0,none,baostock,query_history_k_data_plus
688800,SHSE.688800,,SH,A股-上交所,2023-10-16,43.5,43.78,41.84,42.3,43.38,2568886,109005554.7,-2.4896,2.4101,1,0,none,baostock,query_history_k_data_plus
688800,SHSE.688800,,SH,A股-上交所,2023-10-17,42.31,42.76,41.74,42.48,42.3,1758098,74266068.63,0.4255,1.6494,1,0,none,baostock,query_history_k_data_plus
688800,SHSE.688800,,SH,A股-上交所,2023-10-18,42.0,42.3,41.52,42.03,42.48,1110167,46476700.05,-1.0593,1.0415,1,0,none,baostock,query_history_k_data_plus
688800,SHSE.688800,,SH,A股-上交所,2023-10-19,41.92,42.19,41.01,41.04,42.03,1859246,76961525.58,-2.3555,1.7443,1,0,none,baostock,query_history_k_data_plus
688800,SHSE.688800,,SH,A股-上交所,2023-10-20,40.02,41.39,40.0,40.57,41.04,1075881,43816822.21,-1.1452,1.0094,1,0,none,baostock,query_history_k_data_plus
688800,SHSE.688800,,SH,A股-上交所,2023-10-23,40.06,40.54,38.42,38.75,40.57,2072274,81342302.5,-4.4861,1.9442,1,0,none,baostock,query_history_k_data_plus
688800,SHSE.688800,,SH,A股-上交所,2023-10-24,38.66,39.82,38.27,39.03,38.75,1765476,68753154.93,0.7226,1.6563,1,0,none,baostock,query_history_k_data_plus
688800,SHSE.688800,,SH,A股-上交所,2023-10-25,39.17,40.51,39.17,39.61,39.03,1435825,57359086.4,1.486,1.3471,1,0,none,baostock,query_history_k_data_plus
688800,SHSE.688800,,SH,A股-上交所,2023-10-26,39.81,40.42,38.57,40.38,39.61,1382739,54660199.56,1.944,1.2973,1,0,none,baostock,query_history_k_data_plus
688800,SHSE.688800,,SH,A股-上交所,2023-10-27,39.51,39.78,36.6,38.22,40.38,4797019,180166057.48,-5.3492,4.5005,1,0,none,baostock,query_history_k_data_plus
688800,SHSE.688800,,SH,A股-上交所,2023-10-30,37.93,40.2,37.38,40.15,38.22,2588643,100890364.1,5.0497,2.4286,1,0,none,baostock,query_history_k_data_plus
688800,SHSE.688800,,SH,A股-上交所,2023-10-31,40.18,40.37,39.03,39.37,40.15,1425655,56223621.76,-1.9427,1.3375,1,0,none,baostock,query_history_k_data_plus
688800,SHSE.688800,,SH,A股-上交所,2023-11-01,39.4,39.78,38.4,38.98,39.37,1582087,61615619.85,-0.9906,1.4843,1,0,none,baostock,query_history_k_data_plus
688800,SHSE.688800,,SH,A股-上交所,2023-11-02,38.98,39.23,38.0,38.01,38.98,1262724,48579925.34,-2.4885,1.1847,1,0,none,baostock,query_history_k_data_plus
688800,SHSE.688800,,SH,A股-上交所,2023-11-03,38.18,39.25,38.01,38.99,38.01,1451149,56406502.59,2.5783,1.3614,1,0,none,baostock,query_history_k_data_plus
688800,SHSE.688800,,SH,A股-上交所,2023-11-06,39.0,41.33,39.0,41.1,38.99,2112293,85637924.53,5.4116,1.9817,1,0,none,baostock,query_history_k_data_plus
688800,SHSE.688800,,SH,A股-上交所,2023-11-07,41.19,42.17,40.71,41.61,41.1,1737250,71985679.68,1.2409,1.6299,1,0,none,baostock,query_history_k_data_plus
688800,SHSE.688800,,SH,A股-上交所,2023-11-08,41.58,42.99,41.23,42.23,41.61,2853472,120245683.76,1.49,2.6771,1,0,none,baostock,query_history_k_data_plus
688800,SHSE.688800,,SH,A股-上交所,2023-11-09,42.1,42.48,41.15,41.28,42.23,1313970,54684003.73,-2.2496,1.2327,1,0,none,baostock,query_history_k_data_plus
688800,SHSE.688800,,SH,A股-上交所,2023-11-10,41.05,41.52,40.66,41.25,41.28,1029531,42315335.06,-0.0727,0.9659,1,0,none,baostock,query_history_k_data_plus
688800,SHSE.688800,,SH,A股-上交所,2023-11-13,41.25,42.95,40.84,42.69,41.25,1928209,81325881.98,3.4909,1.809,1,0,none,baostock,query_history_k_data_plus
688800,SHSE.688800,,SH,A股-上交所,2023-11-14,42.76,47.21,42.76,46.78,42.69,5978095,272366478.71,9.5807,5.6085,1,0,none,baostock,query_history_k_data_plus
688800,SHSE.688800,,SH,A股-上交所,2023-11-15,47.94,48.43,45.18,47.49,46.78,6475070,302943894.56,1.5177,6.0748,1,0,none,baostock,query_history_k_data_plus
688800,SHSE.688800,,SH,A股-上交所,2023-11-16,49.93,50.0,47.0,47.83,47.49,5444441,263028513.81,0.7159,5.1079,1,0,none,baostock,query_history_k_data_plus
688800,SHSE.688800,,SH,A股-上交所,2023-11-17,47.0,48.2,45.95,46.42,47.83,2997262,140276552.18,-2.9479,2.812,1,0,none,baostock,query_history_k_data_plus
688800,SHSE.688800,,SH,A股-上交所,2023-11-20,46.29,46.79,45.0,45.2,46.42,3294461,149264118.81,-2.6282,3.0908,1,0,none,baostock,query_history_k_data_plus
688800,SHSE.688800,,SH,A股-上交所,2023-11-21,45.26,45.57,44.5,44.57,45.2,1540599,69283645.73,-1.3938,1.4454,1,0,none,baostock,query_history_k_data_plus
688800,SHSE.688800,,SH,A股-上交所,2023-11-22,44.65,44.71,43.62,43.75,44.57,1059278,46540496.25,-1.8398,0.9938,1,0,none,baostock,query_history_k_data_plus
688800,SHSE.688800,,SH,A股-上交所,2023-11-23,43.37,46.17,43.37,45.29,43.75,2094648,93941566.65,3.52,1.9652,1,0,none,baostock,query_history_k_data_plus
688800,SHSE.688800,,SH,A股-上交所,2023-11-24,44.93,44.99,43.18,43.52,45.29,1376749,60436326.4,-3.9081,1.2916,1,0,none,baostock,query_history_k_data_plus
688800,SHSE.688800,,SH,A股-上交所,2023-11-27,43.7,44.97,43.11,44.13,43.52,1512025,66726625.88,1.4017,1.4186,1,0,none,baostock,query_history_k_data_plus
688800,SHSE.688800,,SH,A股-上交所,2023-11-28,44.15,45.08,43.62,44.96,44.13,1256511,56048122.71,1.8808,1.1788,1,0,none,baostock,query_history_k_data_plus
688800,SHSE.688800,,SH,A股-上交所,2023-11-29,45.19,47.43,44.26,44.52,44.96,1964080,89317013.65,-0.9786,1.8427,1,0,none,baostock,query_history_k_data_plus
688800,SHSE.688800,,SH,A股-上交所,2023-11-30,44.25,44.7,42.9,43.75,44.52,1461932,63728216.47,-1.7296,1.3716,1,0,none,baostock,query_history_k_data_plus
688800,SHSE.688800,,SH,A股-上交所,2023-12-01,43.75,43.93,43.04,43.53,43.75,1081538,46941786.12,-0.5029,1.0147,1,0,none,baostock,query_history_k_data_plus
688800,SHSE.688800,,SH,A股-上交所,2023-12-04,43.52,44.76,42.97,44.35,43.53,1380123,60926854.25,1.8838,1.2948,1,0,none,baostock,query_history_k_data_plus
688800,SHSE.688800,,SH,A股-上交所,2023-12-05,44.0,45.99,43.6,45.5,44.35,2243173,101235704.88,2.593,2.1045,1,0,none,baostock,query_history_k_data_plus
688800,SHSE.688800,,SH,A股-上交所,2023-12-06,44.95,46.76,44.95,45.7,45.5,2098762,96713324.71,0.4396,1.969,1,0,none,baostock,query_history_k_data_plus
688800,SHSE.688800,,SH,A股-上交所,2023-12-07,45.16,45.36,44.3,44.41,45.7,1176762,52658254.88,-2.8228,1.104,1,0,none,baostock,query_history_k_data_plus
688800,SHSE.688800,,SH,A股-上交所,2023-12-08,44.24,44.98,42.7,42.76,44.41,1535698,67006544.53,-3.7154,1.4408,1,0,none,baostock,query_history_k_data_plus
688800,SHSE.688800,,SH,A股-上交所,2023-12-11,43.27,43.27,40.8,41.8,42.76,2455663,102307435.98,-2.2451,2.3039,1,0,none,baostock,query_history_k_data_plus
688800,SHSE.688800,,SH,A股-上交所,2023-12-12,41.78,41.79,39.02,40.4,41.8,3519432,141299742.99,-3.3493,3.3019,1,0,none,baostock,query_history_k_data_plus
688800,SHSE.688800,,SH,A股-上交所,2023-12-13,40.77,40.79,39.48,39.71,40.4,1489835,59465615.16,-1.7079,1.3977,1,0,none,baostock,query_history_k_data_plus
688800,SHSE.688800,,SH,A股-上交所,2023-12-14,39.69,40.3,39.02,39.1,39.71,1043270,41261679.7,-1.5361,0.9788,1,0,none,baostock,query_history_k_data_plus
688800,SHSE.688800,,SH,A股-上交所,2023-12-15,39.05,40.13,39.05,39.66,39.1,1095478,43424296.43,1.4322,1.0278,1,0,none,baostock,query_history_k_data_plus
688800,SHSE.688800,,SH,A股-上交所,2023-12-18,39.7,40.1,38.4,38.41,39.66,938877,36466784.04,-3.1518,0.8808,1,0,none,baostock,query_history_k_data_plus
688800,SHSE.688800,,SH,A股-上交所,2023-12-19,38.58,39.15,38.15,38.79,38.41,568994,21995263.77,0.9893,0.5338,1,0,none,baostock,query_history_k_data_plus
688800,SHSE.688800,,SH,A股-上交所,2023-12-20,38.49,38.97,38.31,38.35,38.79,582426,22424317.82,-1.1343,0.5464,1,0,none,baostock,query_history_k_data_plus
688800,SHSE.688800,,SH,A股-上交所,2023-12-21,38.3,39.0,37.07,38.75,38.35,1604256,60856905.7,1.043,1.5051,1,0,none,baostock,query_history_k_data_plus
688800,SHSE.688800,,SH,A股-上交所,2023-12-22,38.78,39.41,37.96,38.25,38.75,1081735,41640106.27,-1.2903,1.0149,1,0,none,baostock,query_history_k_data_plus
688800,SHSE.688800,,SH,A股-上交所,2023-12-25,38.25,39.39,38.14,39.34,38.25,1280806,49600216.98,2.8497,1.2016,1,0,none,baostock,query_history_k_data_plus
688800,SHSE.688800,,SH,A股-上交所,2023-12-26,39.3,39.3,38.5,38.51,39.34,836911,32415322.04,-2.1098,0.7852,1,0,none,baostock,query_history_k_data_plus
688800,SHSE.688800,,SH,A股-上交所,2023-12-27,38.51,38.79,37.35,37.42,38.51,1301532,49057648.63,-2.8304,1.2211,1,0,none,baostock,query_history_k_data_plus
688800,SHSE.688800,,SH,A股-上交所,2023-12-28,37.42,39.77,37.13,39.52,37.42,2051132,79916219.93,5.612,1.9243,1,0,none,baostock,query_history_k_data_plus
688800,SHSE.688800,,SH,A股-上交所,2023-12-29,39.5,40.35,39.5,40.18,39.52,1300479,51867807.37,1.67,1.2201,1,0,none,baostock,query_history_k_data_plus
688800,SHSE.688800,,SH,A股-上交所,2024-01-02,40.0,40.5,40.0,40.0,40.18,1214241,48900177.62,-0.448,1.1392,1,0,none,baostock,query_history_k_data_plus
688800,SHSE.688800,,SH,A股-上交所,2024-01-03,39.99,40.14,39.51,39.87,40.0,972941,38743253.48,-0.325,0.9128,1,0,none,baostock,query_history_k_data_plus
688800,SHSE.688800,,SH,A股-上交所,2024-01-04,40.0,40.2,39.22,39.64,39.87,956252,38069819.76,-0.5769,0.8971,1,0,none,baostock,query_history_k_data_plus
688800,SHSE.688800,,SH,A股-上交所,2024-01-05,39.7,40.38,37.11,37.47,39.64,1980613,75735247.59,-5.4743,1.8582,1,0,none,baostock,query_history_k_data_plus
688800,SHSE.688800,,SH,A股-上交所,2024-01-08,37.4,37.4,35.67,35.67,37.47,1551063,56409222.94,-4.8038,1.4552,1,0,none,baostock,query_history_k_data_plus
688800,SHSE.688800,,SH,A股-上交所,2024-01-09,35.85,36.2,34.56,34.61,35.67,1956563,68622164.78,-2.9717,1.8356,1,0,none,baostock,query_history_k_data_plus
688800,SHSE.688800,,SH,A股-上交所,2024-01-10,34.51,35.19,33.39,33.8,34.61,1862108,63639262.28,-2.3404,1.747,1,0,none,baostock,query_history_k_data_plus
688800,SHSE.688800,,SH,A股-上交所,2024-01-11,33.85,35.8,33.85,35.46,33.8,1365875,47707338.75,4.9112,1.2814,1,0,none,baostock,query_history_k_data_plus
688800,SHSE.688800,,SH,A股-上交所,2024-01-12,36.0,36.0,34.9,35.08,35.46,977169,34514033.42,-1.0716,0.9168,1,0,none,baostock,query_history_k_data_plus
688800,SHSE.688800,,SH,A股-上交所,2024-01-15,35.01,35.2,34.31,34.55,35.08,794690,27565279.97,-1.5108,0.7456,1,0,none,baostock,query_history_k_data_plus
688800,SHSE.688800,,SH,A股-上交所,2024-01-16,34.55,34.99,34.11,34.68,34.55,693939,23958860.77,0.3763,0.651,1,0,none,baostock,query_history_k_data_plus
688800,SHSE.688800,,SH,A股-上交所,2024-01-17,34.65,34.65,33.26,33.27,34.68,856321,29007796.77,-4.0657,0.8034,1,0,none,baostock,query_history_k_data_plus
688800,SHSE.688800,,SH,A股-上交所,2024-01-18,33.07,33.8,32.06,33.34,33.27,1370517,45051184.25,0.2104,1.2858,1,0,none,baostock,query_history_k_data_plus
688800,SHSE.688800,,SH,A股-上交所,2024-01-19,33.31,33.8,32.47,32.53,33.34,932657,30750253.59,-2.4295,0.875,1,0,none,baostock,query_history_k_data_plus
688800,SHSE.688800,,SH,A股-上交所,2024-01-22,32.72,32.72,29.69,30.5,32.53,2154908,67344654.67,-6.2404,2.0217,1,0,none,baostock,query_history_k_data_plus
688800,SHSE.688800,,SH,A股-上交所,2024-01-23,30.06,31.45,29.59,31.08,30.5,1546404,47480004.08,1.9016,1.4508,1,0,none,baostock,query_history_k_data_plus
688800,SHSE.688800,,SH,A股-上交所,2024-01-24,31.07,31.64,29.45,30.58,31.08,1550459,46903808.55,-1.6088,1.4546,1,0,none,baostock,query_history_k_data_plus
688800,SHSE.688800,,SH,A股-上交所,2024-01-25,30.6,31.8,30.22,31.38,30.58,1126128,35139777.31,2.6161,1.0565,1,0,none,baostock,query_history_k_data_plus
688800,SHSE.688800,,SH,A股-上交所,2024-01-26,31.27,31.5,30.37,30.51,31.38,1025621,31690235.7,-2.7725,0.9622,1,0,none,baostock,query_history_k_data_plus
688800,SHSE.688800,,SH,A股-上交所,2024-01-29,30.65,31.15,29.0,29.0,30.51,1122233,33437081.99,-4.9492,1.0529,1,0,none,baostock,query_history_k_data_plus
688800,SHSE.688800,,SH,A股-上交所,2024-01-30,29.16,29.96,28.25,28.3,29.0,1364680,39735605.97,-2.4138,1.2803,1,0,none,baostock,query_history_k_data_plus
688800,SHSE.688800,,SH,A股-上交所,2024-01-31,28.4,28.68,26.3,26.55,28.3,1700780,46414714.29,-6.1837,1.5956,1,0,none,baostock,query_history_k_data_plus
688800,SHSE.688800,,SH,A股-上交所,2024-02-01,26.35,26.69,25.3,25.65,26.55,2496374,64626471.78,-3.3898,2.3421,1,0,none,baostock,query_history_k_data_plus
688800,SHSE.688800,,SH,A股-上交所,2024-02-02,25.66,26.42,23.13,24.23,25.65,2574732,63445054.12,-5.5361,2.4156,1,0,none,baostock,query_history_k_data_plus
688800,SHSE.688800,,SH,A股-上交所,2024-02-05,24.05,24.44,20.12,21.01,24.23,3674049,79739149.7,-13.2893,3.4469,1,0,none,baostock,query_history_k_data_plus
688800,SHSE.688800,,SH,A股-上交所,2024-02-06,20.8,23.0,19.2,22.4,21.01,4247778,88643869.1,6.6159,3.9852,1,0,none,baostock,query_history_k_data_plus
688800,SHSE.688800,,SH,A股-上交所,2024-02-07,22.85,23.51,22.11,22.75,22.4,5740632,130461567.7,1.5625,5.3858,1,0,none,baostock,query_history_k_data_plus
688800,SHSE.688800,,SH,A股-上交所,2024-02-08,22.57,27.2,22.53,26.1,22.75,5239276,132232702.35,14.7253,4.9154,1,0,none,baostock,query_history_k_data_plus
688800,SHSE.688800,,SH,A股-上交所,2024-02-19,26.3,26.92,25.06,26.03,26.1,3964497,102789201.79,-0.2682,3.7194,1,0,none,baostock,query_history_k_data_plus
688800,SHSE.688800,,SH,A股-上交所,2024-02-20,25.76,26.3,25.24,26.1,26.03,1857161,47666697.31,0.2689,1.7424,1,0,none,baostock,query_history_k_data_plus
688800,SHSE.688800,,SH,A股-上交所,2024-02-21,25.45,28.1,25.45,27.01,26.1,3043791,82354865.96,3.4866,2.8556,1,0,none,baostock,query_history_k_data_plus
688800,SHSE.688800,,SH,A股-上交所,2024-02-22,27.1,27.93,26.98,27.7,27.01,2138675,58832056.21,2.5546,2.0065,1,0,none,baostock,query_history_k_data_plus
688800,SHSE.688800,,SH,A股-上交所,2024-02-23,27.73,28.68,27.6,28.59,27.7,1844310,52024432.64,3.213,1.7303,1,0,none,baostock,query_history_k_data_plus
688800,SHSE.688800,,SH,A股-上交所,2024-02-26,29.1,29.53,28.5,28.74,28.59,1912454,55331038.23,0.5247,1.7942,1,0,none,baostock,query_history_k_data_plus
688800,SHSE.688800,,SH,A股-上交所,2024-02-27,28.85,30.47,28.21,30.19,28.74,3138986,93189607.81,5.0452,2.9449,1,0,none,baostock,query_history_k_data_plus
688800,SHSE.688800,,SH,A股-上交所,2024-02-28,30.49,30.98,27.46,27.47,30.19,3601017,105312860.33,-9.0096,3.3784,1,0,none,baostock,query_history_k_data_plus
688800,SHSE.688800,,SH,A股-上交所,2024-02-29,27.02,28.8,27.02,28.75,27.47,2204315,62330204.24,4.6596,2.068,1,0,none,baostock,query_history_k_data_plus
688800,SHSE.688800,,SH,A股-上交所,2024-03-01,28.8,29.66,28.54,29.44,28.75,1794546,52444279.67,2.4,1.6836,1,0,none,baostock,query_history_k_data_plus
688800,SHSE.688800,,SH,A股-上交所,2024-03-04,29.44,30.29,28.53,29.28,29.44,1825913,53272403.34,-0.5435,1.713,1,0,none,baostock,query_history_k_data_plus
688800,SHSE.688800,,SH,A股-上交所,2024-03-05,29.19,29.3,28.27,28.51,29.28,1684012,48412517.37,-2.6298,1.5799,1,0,none,baostock,query_history_k_data_plus
688800,SHSE.688800,,SH,A股-上交所,2024-03-06,28.3,29.2,27.91,28.74,28.51,1136573,32442556.02,0.8067,1.0663,1,0,none,baostock,query_history_k_data_plus
688800,SHSE.688800,,SH,A股-上交所,2024-03-07,28.74,29.05,27.9,27.9,28.74,1334541,37937402.07,-2.9228,1.252,1,0,none,baostock,query_history_k_data_plus
688800,SHSE.688800,,SH,A股-上交所,2024-03-08,27.86,28.7,27.84,28.47,27.9,1197487,33895798.54,2.043,1.1235,1,0,none,baostock,query_history_k_data_plus
688800,SHSE.688800,,SH,A股-上交所,2024-03-11,28.47,29.88,28.18,29.88,28.47,2271180,66343483.74,4.9526,2.1308,1,0,none,baostock,query_history_k_data_plus
688800,SHSE.688800,,SH,A股-上交所,2024-03-12,30.3,30.49,29.45,30.35,29.88,1860300,55797575.47,1.573,1.7453,1,0,none,baostock,query_history_k_data_plus
688800,SHSE.688800,,SH,A股-上交所,2024-03-13,30.4,31.1,30.16,30.58,30.35,2023697,61970206.06,0.7578,1.8986,1,0,none,baostock,query_history_k_data_plus
688800,SHSE.688800,,SH,A股-上交所,2024-03-14,30.87,30.87,30.0,30.6,30.58,1551025,47094899.81,0.0654,1.4551,1,0,none,baostock,query_history_k_data_plus
688800,SHSE.688800,,SH,A股-上交所,2024-03-15,30.4,31.84,30.3,31.4,30.6,2483211,77731421.63,2.6144,2.3297,1,0,none,baostock,query_history_k_data_plus
688800,SHSE.688800,,SH,A股-上交所,2024-03-18,32.0,33.16,31.4,33.1,31.4,2893351,94167207.21,5.414,2.7145,1,0,none,baostock,query_history_k_data_plus
688800,SHSE.688800,,SH,A股-上交所,2024-03-19,32.93,33.92,32.1,32.97,33.1,2880199,94855356.36,-0.3927,2.7022,1,0,none,baostock,query_history_k_data_plus
688800,SHSE.688800,,SH,A股-上交所,2024-03-20,33.0,33.75,32.4,32.55,32.97,2193836,72166015.44,-1.2739,2.0582,1,0,none,baostock,query_history_k_data_plus
688800,SHSE.688800,,SH,A股-上交所,2024-03-21,32.6,33.0,31.82,32.34,32.55,2021283,65479650.85,-0.6452,1.8963,1,0,none,baostock,query_history_k_data_plus
688800,SHSE.688800,,SH,A股-上交所,2024-03-22,32.18,33.84,31.5,33.34,32.34,3192718,105108579.81,3.0921,2.9954,1,0,none,baostock,query_history_k_data_plus
688800,SHSE.688800,,SH,A股-上交所,2024-03-25,33.58,34.49,31.2,31.49,33.34,4036217,130956032.11,-5.5489,3.7867,1,0,none,baostock,query_history_k_data_plus
688800,SHSE.688800,,SH,A股-上交所,2024-03-26,30.68,32.31,30.61,31.39,31.49,1946140,61282195.39,-0.3176,1.8258,1,0,none,baostock,query_history_k_data_plus
688800,SHSE.688800,,SH,A股-上交所,2024-03-27,31.9,31.9,28.4,28.4,31.39,3352327,99000205.3,-9.5253,3.1451,1,0,none,baostock,query_history_k_data_plus
688800,SHSE.688800,,SH,A股-上交所,2024-03-28,28.68,30.28,28.68,30.1,28.4,3602060,106483789.66,5.9859,3.3794,1,0,none,baostock,query_history_k_data_plus
688800,SHSE.688800,,SH,A股-上交所,2024-03-29,31.0,32.45,29.82,30.84,30.1,4728266,147119332.85,2.4585,4.436,1,0,none,baostock,query_history_k_data_plus
688800,SHSE.688800,,SH,A股-上交所,2024-04-01,30.9,31.34,30.62,31.01,30.84,3062516,94796006.48,0.5512,2.8732,1,0,none,baostock,query_history_k_data_plus
688800,SHSE.688800,,SH,A股-上交所,2024-04-02,31.0,31.3,29.61,30.42,31.01,2330613,70648608.32,-1.9026,2.1865,1,0,none,baostock,query_history_k_data_plus
688800,SHSE.688800,,SH,A股-上交所,2024-04-03,30.5,30.5,29.0,29.32,30.42,2172004,63885168.67,-3.616,2.0377,1,0,none,baostock,query_history_k_data_plus
688800,SHSE.688800,,SH,A股-上交所,2024-04-08,29.39,29.39,27.69,27.73,29.32,2350507,66508286.75,-5.4229,2.2052,1,0,none,baostock,query_history_k_data_plus
688800,SHSE.688800,,SH,A股-上交所,2024-04-09,27.68,29.47,27.68,29.23,27.73,2449296,70527475.04,5.4093,2.2979,1,0,none,baostock,query_history_k_data_plus
688800,SHSE.688800,,SH,A股-上交所,2024-04-10,29.29,31.15,29.15,29.27,29.23,2703584,80964153.01,0.1368,2.5365,1,0,none,baostock,query_history_k_data_plus
688800,SHSE.688800,,SH,A股-上交所,2024-04-11,28.97,29.27,28.2,28.41,29.27,1721453,49264571.92,-2.9382,1.615,1,0,none,baostock,query_history_k_data_plus
688800,SHSE.688800,,SH,A股-上交所,2024-04-12,28.3,28.77,27.85,27.94,28.41,1131501,31942207.79,-1.6543,1.0616,1,0,none,baostock,query_history_k_data_plus
688800,SHSE.688800,,SH,A股-上交所,2024-04-15,27.88,28.26,25.54,26.08,27.94,2704752,71833052.52,-6.6571,2.5376,1,0,none,baostock,query_history_k_data_plus
688800,SHSE.688800,,SH,A股-上交所,2024-04-16,25.85,26.06,23.8,24.32,26.08,2732405,67255178.0,-6.7485,2.5635,1,0,none,baostock,query_history_k_data_plus
688800,SHSE.688800,,SH,A股-上交所,2024-04-17,24.49,26.05,24.49,25.81,24.32,1980750,50454287.79,6.1266,1.8583,1,0,none,baostock,query_history_k_data_plus
688800,SHSE.688800,,SH,A股-上交所,2024-04-18,25.69,27.17,25.25,26.51,25.81,2370840,62721269.01,2.7121,2.2243,1,0,none,baostock,query_history_k_data_plus
688800,SHSE.688800,,SH,A股-上交所,2024-04-19,26.45,26.69,25.72,26.1,26.51,1687865,44002751.21,-1.5466,1.5835,1,0,none,baostock,query_history_k_data_plus
688800,SHSE.688800,,SH,A股-上交所,2024-04-22,25.46,26.64,24.84,25.88,26.1,1452155,37518005.79,-0.8429,1.3624,1,0,none,baostock,query_history_k_data_plus
688800,SHSE.688800,,SH,A股-上交所,2024-04-23,25.99,26.8,25.86,26.58,25.88,1281006,33732830.44,2.7048,1.2018,1,0,none,baostock,query_history_k_data_plus
688800,SHSE.688800,,SH,A股-上交所,2024-04-24,26.46,28.11,26.3,28.0,26.58,2261839,61856678.37,5.3424,2.122,1,0,none,baostock,query_history_k_data_plus
688800,SHSE.688800,,SH,A股-上交所,2024-04-25,29.0,30.19,28.75,28.95,28.0,4626796,136226630.36,3.3929,4.3408,1,0,none,baostock,query_history_k_data_plus
688800,SHSE.688800,,SH,A股-上交所,2024-04-26,29.16,30.8,28.51,30.18,28.95,4326014,129711623.25,4.2487,4.0586,1,0,none,baostock,query_history_k_data_plus
688800,SHSE.688800,,SH,A股-上交所,2024-04-29,30.45,31.42,29.9,31.19,30.18,3412630,104650207.36,3.3466,3.2017,1,0,none,baostock,query_history_k_data_plus
688800,SHSE.688800,,SH,A股-上交所,2024-04-30,31.4,31.4,30.69,31.1,31.19,2343042,72700941.5,-0.2886,2.1982,1,0,none,baostock,query_history_k_data_plus
688800,SHSE.688800,,SH,A股-上交所,2024-05-06,31.51,31.67,30.81,31.05,31.1,2271487,70955853.68,-0.1608,2.1311,1,0,none,baostock,query_history_k_data_plus
688800,SHSE.688800,,SH,A股-上交所,2024-05-07,31.02,32.26,31.02,32.15,31.05,2555256,81071347.87,3.5427,2.3973,1,0,none,baostock,query_history_k_data_plus
688800,SHSE.688800,,SH,A股-上交所,2024-05-08,32.07,32.07,30.26,30.5,32.15,3026586,93441469.3,-5.1322,2.8395,1,0,none,baostock,query_history_k_data_plus
688800,SHSE.688800,,SH,A股-上交所,2024-05-09,30.65,31.4,30.41,31.23,30.5,1899484,58848688.75,2.3934,1.7821,1,0,none,baostock,query_history_k_data_plus
688800,SHSE.688800,,SH,A股-上交所,2024-05-10,31.21,31.21,29.9,30.14,31.23,1858214,56398463.5,-3.4902,1.7433,1,0,none,baostock,query_history_k_data_plus
688800,SHSE.688800,,SH,A股-上交所,2024-05-13,29.86,30.14,29.01,29.47,30.14,1250342,36991960.53,-2.223,1.173,1,0,none,baostock,query_history_k_data_plus
688800,SHSE.688800,,SH,A股-上交所,2024-05-14,29.87,30.78,29.53,29.8,29.47,1505171,45170197.72,1.1198,1.4121,1,0,none,baostock,query_history_k_data_plus
688800,SHSE.688800,,SH,A股-上交所,2024-05-15,29.9,29.99,28.93,28.93,29.8,1324836,38906083.01,-2.9195,1.2429,1,0,none,baostock,query_history_k_data_plus
688800,SHSE.688800,,SH,A股-上交所,2024-05-16,29.45,30.4,28.88,29.52,28.93,2251118,67050612.14,2.0394,2.112,1,0,none,baostock,query_history_k_data_plus
688800,SHSE.688800,,SH,A股-上交所,2024-05-17,29.55,31.57,29.3,31.56,29.52,4315081,132737237.11,6.9106,4.0483,1,0,none,baostock,query_history_k_data_plus
688800,SHSE.688800,,SH,A股-上交所,2024-05-20,31.6,31.98,30.8,30.98,31.56,2962531,92062695.02,-1.8378,2.7794,1,0,none,baostock,query_history_k_data_plus
688800,SHSE.688800,,SH,A股-上交所,2024-05-21,30.91,31.5,30.5,30.81,30.98,2081610,64381627.91,-0.5487,1.9529,1,0,none,baostock,query_history_k_data_plus
688800,SHSE.688800,,SH,A股-上交所,2024-05-22,30.71,31.99,30.62,31.85,30.81,3220053,101116573.67,3.3755,3.021,1,0,none,baostock,query_history_k_data_plus
688800,SHSE.688800,,SH,A股-上交所,2024-05-23,32.0,32.08,30.4,30.84,31.85,3293007,102764809.1,-3.1711,3.0894,1,0,none,baostock,query_history_k_data_plus
688800,SHSE.688800,,SH,A股-上交所,2024-05-24,30.6,32.99,30.28,31.73,30.84,5639299,179628240.92,2.8859,5.2907,1,0,none,baostock,query_history_k_data_plus
688800,SHSE.688800,,SH,A股-上交所,2024-05-27,31.43,31.43,29.1,29.62,31.73,5759042,171601143.09,-6.6499,5.403,1,0,none,baostock,query_history_k_data_plus
688800,SHSE.688800,,SH,A股-上交所,2024-05-28,29.88,29.88,28.7,29.36,29.62,3024952,88659900.96,-0.8778,2.838,1,0,none,baostock,query_history_k_data_plus
688800,SHSE.688800,,SH,A股-上交所,2024-05-29,29.19,29.87,28.89,29.0,29.36,2215988,65085860.39,-1.2262,2.079,1,0,none,baostock,query_history_k_data_plus
688800,SHSE.688800,,SH,A股-上交所,2024-05-30,29.24,29.77,28.57,29.38,29.0,1892942,55561164.64,1.3103,1.7759,1,0,none,baostock,query_history_k_data_plus
688800,SHSE.688800,,SH,A股-上交所,2024-05-31,29.33,30.7,29.33,30.01,29.38,2459188,74250299.74,2.1443,2.3072,1,0,none,baostock,query_history_k_data_plus
688800,SHSE.688800,,SH,A股-上交所,2024-06-03,30.1,30.95,29.7,30.19,30.01,2436951,73903895.26,0.5998,2.2863,1,0,none,baostock,query_history_k_data_plus
688800,SHSE.688800,,SH,A股-上交所,2024-06-04,30.03,30.07,28.33,28.78,30.19,3163235,91055024.15,-4.6704,2.9677,1,0,none,baostock,query_history_k_data_plus
688800,SHSE.688800,,SH,A股-上交所,2024-06-05,28.85,29.45,28.54,28.85,28.78,2170524,63260934.35,0.2432,2.0363,1,0,none,baostock,query_history_k_data_plus
688800,SHSE.688800,,SH,A股-上交所,2024-06-06,29.68,29.68,27.28,27.72,28.85,2519157,70757515.24,-3.9168,2.3634,1,0,none,baostock,query_history_k_data_plus
688800,SHSE.688800,,SH,A股-上交所,2024-06-07,28.0,28.02,26.91,27.26,27.62,1644793,45007469.49,-1.3034,1.5431,1,0,none,baostock,query_history_k_data_plus
688800,SHSE.688800,,SH,A股-上交所,2024-06-11,27.1,28.26,26.62,28.18,27.26,1775605,48797896.02,3.3749,1.6658,1,0,none,baostock,query_history_k_data_plus
688800,SHSE.688800,,SH,A股-上交所,2024-06-12,28.1,29.33,27.98,28.75,28.18,1692345,48790493.19,2.0227,1.5877,1,0,none,baostock,query_history_k_data_plus
688800,SHSE.688800,,SH,A股-上交所,2024-06-13,29.23,30.0,28.48,29.68,28.75,2368814,69627299.62,3.2348,2.2224,1,0,none,baostock,query_history_k_data_plus
688800,SHSE.688800,,SH,A股-上交所,2024-06-14,29.78,30.2,29.21,29.91,29.68,2528515,75460097.16,0.7749,2.3722,1,0,none,baostock,query_history_k_data_plus
688800,SHSE.688800,,SH,A股-上交所,2024-06-17,30.23,30.59,29.57,30.4,29.91,2277702,68951876.92,1.6382,2.1369,1,0,none,baostock,query_history_k_data_plus
688800,SHSE.688800,,SH,A股-上交所,2024-06-18,30.61,31.29,30.24,30.79,30.4,2139880,65956059.35,1.2829,2.0076,1,0,none,baostock,query_history_k_data_plus
688800,SHSE.688800,,SH,A股-上交所,2024-06-19,30.85,30.95,29.99,30.07,30.79,1807296,54765624.3,-2.3384,1.6956,1,0,none,baostock,query_history_k_data_plus
688800,SHSE.688800,,SH,A股-上交所,2024-06-20,30.14,30.89,29.75,30.06,30.07,2020869,61251996.8,-0.0333,1.8959,1,0,none,baostock,query_history_k_data_plus
688800,SHSE.688800,,SH,A股-上交所,2024-06-21,29.99,29.99,29.2,29.68,30.06,1250499,36993982.65,-1.2641,1.1732,1,0,none,baostock,query_history_k_data_plus
688800,SHSE.688800,,SH,A股-上交所,2024-06-24,29.1,29.87,27.9,28.1,29.68,1901345,54660514.03,-5.3235,1.7838,1,0,none,baostock,query_history_k_data_plus
688800,SHSE.688800,,SH,A股-上交所,2024-06-25,28.19,28.37,26.81,27.03,28.1,2120928,57749720.99,-3.8078,1.9898,1,0,none,baostock,query_history_k_data_plus
688800,SHSE.688800,,SH,A股-上交所,2024-06-26,26.97,27.92,26.5,27.92,27.03,1548445,42231238.73,3.2926,1.4527,1,0,none,baostock,query_history_k_data_plus
688800,SHSE.688800,,SH,A股-上交所,2024-06-27,27.62,28.2,27.12,27.17,27.92,1405192,38738698.02,-2.6862,1.3183,1,0,none,baostock,query_history_k_data_plus
688800,SHSE.688800,,SH,A股-上交所,2024-06-28,27.32,28.99,26.81,28.08,27.17,2362741,66780261.45,3.3493,2.2167,1,0,none,baostock,query_history_k_data_plus
688800,SHSE.688800,,SH,A股-上交所,2024-07-01,27.78,28.19,26.99,27.58,28.08,2309826,63313920.83,-1.7806,2.167,1,0,none,baostock,query_history_k_data_plus
688800,SHSE.688800,,SH,A股-上交所,2024-07-02,27.64,27.64,26.47,26.54,27.58,1756157,47252057.93,-3.7708,1.6476,1,0,none,baostock,query_history_k_data_plus
688800,SHSE.688800,,SH,A股-上交所,2024-07-03,26.6,26.88,25.86,26.44,26.54,1250563,33004914.43,-0.3768,1.1733,1,0,none,baostock,query_history_k_data_plus
688800,SHSE.688800,,SH,A股-上交所,2024-07-04,26.43,26.56,25.58,25.7,26.44,1222042,31845269.6,-2.7988,1.1465,1,0,none,baostock,query_history_k_data_plus
688800,SHSE.688800,,SH,A股-上交所,2024-07-05,25.79,25.86,24.94,25.44,25.7,1770236,44714241.13,-1.0117,1.6608,1,0,none,baostock,query_history_k_data_plus
688800,SHSE.688800,,SH,A股-上交所,2024-07-08,25.88,25.88,24.61,24.7,25.44,1595493,39755806.49,-2.9088,1.4969,1,0,none,baostock,query_history_k_data_plus
688800,SHSE.688800,,SH,A股-上交所,2024-07-09,24.58,26.14,24.58,26.05,24.7,1772689,45009321.46,5.4656,1.6631,1,0,none,baostock,query_history_k_data_plus
688800,SHSE.688800,,SH,A股-上交所,2024-07-10,25.63,26.69,25.63,26.06,26.05,1574649,41379946.6,0.0384,1.4773,1,0,none,baostock,query_history_k_data_plus
688800,SHSE.688800,,SH,A股-上交所,2024-07-11,26.11,27.65,26.11,27.4,26.06,2301342,62425558.5,5.142,2.1591,1,0,none,baostock,query_history_k_data_plus
688800,SHSE.688800,,SH,A股-上交所,2024-07-12,27.35,28.02,26.87,27.46,27.4,1684366,46102362.1,0.219,1.5802,1,0,none,baostock,query_history_k_data_plus
688800,SHSE.688800,,SH,A股-上交所,2024-07-15,27.24,27.58,25.68,25.79,27.46,2447659,64111327.35,-6.0816,2.2964,1,0,none,baostock,query_history_k_data_plus
688800,SHSE.688800,,SH,A股-上交所,2024-07-16,25.89,26.41,25.5,25.95,25.79,1325635,34383328.41,0.6204,1.2437,1,0,none,baostock,query_history_k_data_plus
688800,SHSE.688800,,SH,A股-上交所,2024-07-17,27.2,28.05,25.99,26.03,25.95,2914077,77461252.34,0.3083,2.7339,1,0,none,baostock,query_history_k_data_plus
688800,SHSE.688800,,SH,A股-上交所,2024-07-18,25.66,25.66,24.61,25.18,26.03,2995945,74997204.41,-3.2655,2.8107,1,0,none,baostock,query_history_k_data_plus
688800,SHSE.688800,,SH,A股-上交所,2024-07-19,24.93,26.39,24.93,25.9,25.18,2165511,55932273.71,2.8594,2.0316,1,0,none,baostock,query_history_k_data_plus
688800,SHSE.688800,,SH,A股-上交所,2024-07-22,26.0,26.55,25.77,25.81,25.9,1690767,44119488.65,-0.3475,1.0673,1,0,none,baostock,query_history_k_data_plus
688800,SHSE.688800,,SH,A股-上交所,2024-07-23,26.08,26.08,24.84,24.85,25.81,1907282,48555582.18,-3.7195,1.2039,1,0,none,baostock,query_history_k_data_plus
688800,SHSE.688800,,SH,A股-上交所,2024-07-24,24.62,25.2,24.3,24.37,24.85,1479514,36392728.26,-1.9316,0.9339,1,0,none,baostock,query_history_k_data_plus
688800,SHSE.688800,,SH,A股-上交所,2024-07-25,24.06,24.8,23.99,24.4,24.37,1078894,26324902.29,0.1231,0.681,1,0,none,baostock,query_history_k_data_plus
688800,SHSE.688800,,SH,A股-上交所,2024-07-26,24.39,24.97,24.32,24.72,24.4,1142287,28215993.62,1.3115,0.7211,1,0,none,baostock,query_history_k_data_plus
688800,SHSE.688800,,SH,A股-上交所,2024-07-29,24.34,24.76,24.21,24.46,24.72,1291845,31517221.84,-1.0518,0.8155,1,0,none,baostock,query_history_k_data_plus
688800,SHSE.688800,,SH,A股-上交所,2024-07-30,24.55,24.92,24.05,24.65,24.46,1285675,31488093.39,0.7768,0.8116,1,0,none,baostock,query_history_k_data_plus
688800,SHSE.688800,,SH,A股-上交所,2024-07-31,24.32,25.93,24.3,25.78,24.65,1979609,49966861.31,4.5842,1.2496,1,0,none,baostock,query_history_k_data_plus
688800,SHSE.688800,,SH,A股-上交所,2024-08-01,25.85,26.17,25.46,25.63,25.78,1890371,48817994.29,-0.5818,1.1933,1,0,none,baostock,query_history_k_data_plus
688800,SHSE.688800,,SH,A股-上交所,2024-08-02,25.42,25.58,24.48,24.65,25.63,1854388,46419766.79,-3.8236,1.1706,1,0,none,baostock,query_history_k_data_plus
688800,SHSE.688800,,SH,A股-上交所,2024-08-05,24.58,24.79,23.2,23.3,24.65,2349978,56147870.86,-5.4767,1.4834,1,0,none,baostock,query_history_k_data_plus
688800,SHSE.688800,,SH,A股-上交所,2024-08-06,23.86,23.88,23.4,23.84,23.3,1015553,24038231.98,2.3176,0.6411,1,0,none,baostock,query_history_k_data_plus
688800,SHSE.688800,,SH,A股-上交所,2024-08-07,23.9,24.24,23.54,23.84,23.84,1167333,27876150.22,0.0,0.7369,1,0,none,baostock,query_history_k_data_plus
688800,SHSE.688800,,SH,A股-上交所,2024-08-08,23.84,23.93,23.0,23.54,23.84,1255802,29389012.45,-1.2584,0.7927,1,0,none,baostock,query_history_k_data_plus
688800,SHSE.688800,,SH,A股-上交所,2024-08-09,23.64,24.1,23.55,23.57,23.54,1202323,28600893.35,0.1274,0.7589,1,0,none,baostock,query_history_k_data_plus
688800,SHSE.688800,,SH,A股-上交所,2024-08-12,23.54,23.6,23.06,23.39,23.57,853560,19926881.05,-0.7637,0.5388,1,0,none,baostock,query_history_k_data_plus
688800,SHSE.688800,,SH,A股-上交所,2024-08-13,23.33,23.62,23.14,23.58,23.39,1077050,25160283.56,0.8123,0.6799,1,0,none,baostock,query_history_k_data_plus
688800,SHSE.688800,,SH,A股-上交所,2024-08-14,23.5,23.73,23.27,23.32,23.58,741773,17389199.46,-1.1026,0.4682,1,0,none,baostock,query_history_k_data_plus
688800,SHSE.688800,,SH,A股-上交所,2024-08-15,23.16,24.16,23.07,23.55,23.32,1477555,34981141.14,0.9863,0.9327,1,0,none,baostock,query_history_k_data_plus
688800,SHSE.688800,,SH,A股-上交所,2024-08-16,23.53,24.23,23.45,23.7,23.55,1314696,31368110.9,0.6369,0.8299,1,0,none,baostock,query_history_k_data_plus
688800,SHSE.688800,,SH,A股-上交所,2024-08-19,23.57,24.15,23.15,23.45,23.7,1099410,25933493.74,-1.0549,0.694,1,0,none,baostock,query_history_k_data_plus
688800,SHSE.688800,,SH,A股-上交所,2024-08-20,23.51,23.51,22.8,22.86,23.45,1368405,31579722.94,-2.516,0.8638,1,0,none,baostock,query_history_k_data_plus
688800,SHSE.688800,,SH,A股-上交所,2024-08-21,22.75,23.28,22.68,23.0,22.86,1024147,23603436.57,0.6124,0.6465,1,0,none,baostock,query_history_k_data_plus
688800,SHSE.688800,,SH,A股-上交所,2024-08-22,22.49,22.49,21.38,21.5,23.0,3167692,68783593.98,-6.5217,1.9996,1,0,none,baostock,query_history_k_data_plus
688800,SHSE.688800,,SH,A股-上交所,2024-08-23,21.31,21.65,21.07,21.47,21.5,1402444,29975276.96,-0.1395,0.8853,1,0,none,baostock,query_history_k_data_plus
688800,SHSE.688800,,SH,A股-上交所,2024-08-26,21.3,21.88,21.2,21.33,21.47,1188629,25577652.81,-0.6521,0.7503,1,0,none,baostock,query_history_k_data_plus
688800,SHSE.688800,,SH,A股-上交所,2024-08-27,21.2,21.49,20.93,21.01,21.33,1248627,26393933.03,-1.5002,0.7882,1,0,none,baostock,query_history_k_data_plus
688800,SHSE.688800,,SH,A股-上交所,2024-08-28,20.8,21.32,20.63,21.14,21.01,1030168,21662439.78,0.6188,0.6503,1,0,none,baostock,query_history_k_data_plus
688800,SHSE.688800,,SH,A股-上交所,2024-08-29,20.85,22.08,20.79,21.86,21.14,1285602,27817175.54,3.4059,0.8115,1,0,none,baostock,query_history_k_data_plus
688800,SHSE.688800,,SH,A股-上交所,2024-08-30,21.83,22.57,21.75,22.1,21.86,1655168,36903854.18,1.0979,1.0448,1,0,none,baostock,query_history_k_data_plus
688800,SHSE.688800,,SH,A股-上交所,2024-09-02,22.12,22.48,21.22,21.27,22.1,1397310,30362398.04,-3.7557,0.882,1,0,none,baostock,query_history_k_data_plus
688800,SHSE.688800,,SH,A股-上交所,2024-09-03,21.28,21.8,21.15,21.4,21.27,1338619,28720521.96,0.6112,0.845,1,0,none,baostock,query_history_k_data_plus
688800,SHSE.688800,,SH,A股-上交所,2024-09-04,21.3,21.69,21.17,21.44,21.4,1140561,24459945.16,0.1869,0.72,1,0,none,baostock,query_history_k_data_plus
688800,SHSE.688800,,SH,A股-上交所,2024-09-05,21.46,21.92,21.41,21.59,21.44,911619,19714569.04,0.6996,0.5754,1,0,none,baostock,query_history_k_data_plus
688800,SHSE.688800,,SH,A股-上交所,2024-09-06,21.52,21.57,20.56,20.56,21.59,1421019,29712798.14,-4.7707,0.897,1,0,none,baostock,query_history_k_data_plus
688800,SHSE.688800,,SH,A股-上交所,2024-09-09,20.49,20.75,20.29,20.38,20.56,1092363,22409829.25,-0.8755,0.6895,1,0,none,baostock,query_history_k_data_plus
688800,SHSE.688800,,SH,A股-上交所,2024-09-10,20.42,20.93,20.05,20.76,20.38,1044574,21269007.98,1.8646,0.6594,1,0,none,baostock,query_history_k_data_plus
688800,SHSE.688800,,SH,A股-上交所,2024-09-11,20.6,21.05,20.6,20.81,20.76,910232,18956873.54,0.2408,0.5746,1,0,none,baostock,query_history_k_data_plus
688800,SHSE.688800,,SH,A股-上交所,2024-09-12,20.81,21.18,20.6,20.61,20.81,967418,20146396.56,-0.9611,0.6107,1,0,none,baostock,query_history_k_data_plus
688800,SHSE.688800,,SH,A股-上交所,2024-09-13,20.5,20.61,20.0,20.0,20.61,1110506,22429437.47,-2.9597,0.701,1,0,none,baostock,query_history_k_data_plus
688800,SHSE.688800,,SH,A股-上交所,2024-09-18,19.98,20.33,19.63,20.0,20.0,952470,18904935.25,0.0,0.6012,1,0,none,baostock,query_history_k_data_plus
688800,SHSE.688800,,SH,A股-上交所,2024-09-19,20.03,20.58,19.77,20.08,20.0,1475138,29719305.94,0.4,0.9312,1,0,none,baostock,query_history_k_data_plus
688800,SHSE.688800,,SH,A股-上交所,2024-09-20,20.21,20.45,19.68,19.85,20.08,1513042,30208922.98,-1.1454,0.9551,1,0,none,baostock,query_history_k_data_plus
688800,SHSE.688800,,SH,A股-上交所,2024-09-23,20.0,20.14,19.48,19.85,19.85,938429,18664183.89,0.0,0.5924,1,0,none,baostock,query_history_k_data_plus
688800,SHSE.688800,,SH,A股-上交所,2024-09-24,20.1,20.88,19.71,20.83,19.85,1753627,35740816.36,4.937,1.1069,1,0,none,baostock,query_history_k_data_plus
688800,SHSE.688800,,SH,A股-上交所,2024-09-25,21.08,21.71,21.0,21.11,20.83,2345895,50043740.35,1.3442,1.4808,1,0,none,baostock,query_history_k_data_plus
688800,SHSE.688800,,SH,A股-上交所,2024-09-26,21.2,22.08,20.92,21.88,21.11,1765870,37847024.0,3.6476,1.1147,1,0,none,baostock,query_history_k_data_plus
688800,SHSE.688800,,SH,A股-上交所,2024-09-27,22.76,24.08,22.4,24.0,21.88,1661827,38457210.82,9.6892,1.049,1,0,none,baostock,query_history_k_data_plus
688800,SHSE.688800,,SH,A股-上交所,2024-09-30,26.4,28.8,25.6,28.8,24.0,8196714,225344778.14,20.0,5.174,1,0,none,baostock,query_history_k_data_plus
688800,SHSE.688800,,SH,A股-上交所,2024-10-08,34.56,34.56,30.79,34.56,28.8,9423784,315599784.55,20.0,5.9486,1,0,none,baostock,query_history_k_data_plus
688800,SHSE.688800,,SH,A股-上交所,2024-10-09,32.52,39.15,32.0,34.25,34.56,14504633,511234087.94,-0.897,9.1558,1,0,none,baostock,query_history_k_data_plus
688800,SHSE.688800,,SH,A股-上交所,2024-10-10,35.0,37.12,30.99,35.91,34.25,12267341,429523900.88,4.8467,7.7436,1,0,none,baostock,query_history_k_data_plus
688800,SHSE.688800,,SH,A股-上交所,2024-10-11,35.12,35.5,30.0,30.81,35.91,9634946,313086993.08,-14.2022,6.0819,1,0,none,baostock,query_history_k_data_plus
688800,SHSE.688800,,SH,A股-上交所,2024-10-14,30.5,36.97,29.5,35.75,30.81,13588799,453548520.5,16.0338,8.5777,1,0,none,baostock,query_history_k_data_plus
688800,SHSE.688800,,SH,A股-上交所,2024-10-15,37.99,40.0,36.85,37.46,35.75,15886840,612150000.39,4.7832,10.0283,1,0,none,baostock,query_history_k_data_plus
688800,SHSE.688800,,SH,A股-上交所,2024-10-16,36.0,37.44,34.89,36.1,37.46,8223485,296401204.96,-3.6305,5.1909,1,0,none,baostock,query_history_k_data_plus
688800,SHSE.688800,,SH,A股-上交所,2024-10-17,36.2,39.58,36.2,37.93,36.1,9438350,356971734.19,5.0693,5.9578,1,0,none,baostock,query_history_k_data_plus
688800,SHSE.688800,,SH,A股-上交所,2024-10-18,38.36,41.98,38.36,40.7,37.93,13048537,530505154.23,7.3029,8.2367,1,0,none,baostock,query_history_k_data_plus
688800,SHSE.688800,,SH,A股-上交所,2024-10-21,40.0,46.37,39.68,44.69,40.7,13140215,567194268.49,9.8034,8.2945,1,0,none,baostock,query_history_k_data_plus
688800,SHSE.688800,,SH,A股-上交所,2024-10-22,44.5,48.5,42.01,46.78,44.69,10468222,476033271.3,4.6767,6.6079,1,0,none,baostock,query_history_k_data_plus
688800,SHSE.688800,,SH,A股-上交所,2024-10-23,46.5,47.77,42.8,44.28,46.78,9468693,423856843.41,-5.3442,5.977,1,0,none,baostock,query_history_k_data_plus
688800,SHSE.688800,,SH,A股-上交所,2024-10-24,43.01,44.87,41.7,43.01,44.28,6852289,294367541.34,-2.8681,4.3254,1,0,none,baostock,query_history_k_data_plus
688800,SHSE.688800,,SH,A股-上交所,2024-10-25,42.96,43.91,41.33,43.16,43.01,7858981,336282532.23,0.3488,4.9609,1,0,none,baostock,query_history_k_data_plus
688800,SHSE.688800,,SH,A股-上交所,2024-10-28,43.22,44.55,42.35,44.14,43.16,5812952,253912315.06,2.2706,3.6693,1,0,none,baostock,query_history_k_data_plus
688800,SHSE.688800,,SH,A股-上交所,2024-10-29,44.0,44.6,41.33,41.71,44.14,6865513,291005155.62,-5.5052,4.3337,1,0,none,baostock,query_history_k_data_plus
688800,SHSE.688800,,SH,A股-上交所,2024-10-30,41.0,41.6,38.5,39.15,41.71,10170927,404168878.09,-6.1376,6.4202,1,0,none,baostock,query_history_k_data_plus
688800,SHSE.688800,,SH,A股-上交所,2024-10-31,39.59,40.59,38.7,39.94,39.15,6056239,240094636.92,2.0179,3.8229,1,0,none,baostock,query_history_k_data_plus
688800,SHSE.688800,,SH,A股-上交所,2024-11-01,39.54,39.98,36.14,36.17,39.94,8692954,325035492.44,-9.4392,5.4873,1,0,none,baostock,query_history_k_data_plus
688800,SHSE.688800,,SH,A股-上交所,2024-11-04,36.07,37.88,35.89,37.4,36.17,5733221,210867699.0,3.4006,3.619,1,0,none,baostock,query_history_k_data_plus
688800,SHSE.688800,,SH,A股-上交所,2024-11-05,37.44,44.42,37.4,42.42,37.4,13923087,575196652.41,13.4225,8.7887,1,0,none,baostock,query_history_k_data_plus
688800,SHSE.688800,,SH,A股-上交所,2024-11-06,43.36,45.45,41.8,42.7,42.42,12656733,550907516.26,0.6601,7.9894,1,0,none,baostock,query_history_k_data_plus
688800,SHSE.688800,,SH,A股-上交所,2024-11-07,42.71,43.4,41.3,43.06,42.7,6326941,267586577.25,0.8431,3.9938,1,0,none,baostock,query_history_k_data_plus
688800,SHSE.688800,,SH,A股-上交所,2024-11-08,43.1,45.25,42.81,43.03,43.06,7317894,321750203.69,-0.0697,4.6193,1,0,none,baostock,query_history_k_data_plus
688800,SHSE.688800,,SH,A股-上交所,2024-11-11,42.8,46.45,42.1,45.63,43.03,9491581,421067496.44,6.0423,5.9914,1,0,none,baostock,query_history_k_data_plus
688800,SHSE.688800,,SH,A股-上交所,2024-11-12,45.92,46.0,43.19,43.3,45.63,6370207,279978149.48,-5.1063,4.0211,1,0,none,baostock,query_history_k_data_plus
688800,SHSE.688800,,SH,A股-上交所,2024-11-13,42.98,43.44,41.89,43.21,43.3,4113106,175533663.63,-0.2079,2.5963,1,0,none,baostock,query_history_k_data_plus
688800,SHSE.688800,,SH,A股-上交所,2024-11-14,42.61,43.46,40.4,40.48,43.21,5164409,214499276.1,-6.318,3.26,1,0,none,baostock,query_history_k_data_plus
688800,SHSE.688800,,SH,A股-上交所,2024-11-15,40.39,41.08,37.89,38.08,40.48,6032476,238358579.04,-5.9289,3.8079,1,0,none,baostock,query_history_k_data_plus
688800,SHSE.688800,,SH,A股-上交所,2024-11-18,38.36,38.58,36.71,37.08,38.08,3994572,149187064.41,-2.6261,2.5215,1,0,none,baostock,query_history_k_data_plus
688800,SHSE.688800,,SH,A股-上交所,2024-11-19,37.33,39.13,37.1,39.1,37.08,4529182,172985002.93,5.4477,2.859,1,0,none,baostock,query_history_k_data_plus
688800,SHSE.688800,,SH,A股-上交所,2024-11-20,39.08,41.28,37.88,39.7,39.1,4996984,196676494.89,1.5345,3.1543,1,0,none,baostock,query_history_k_data_plus
688800,SHSE.688800,,SH,A股-上交所,2024-11-21,39.59,40.8,38.75,39.23,39.7,3448576,137234727.25,-1.1839,2.1769,1,0,none,baostock,query_history_k_data_plus
688800,SHSE.688800,,SH,A股-上交所,2024-11-22,39.3,40.65,37.78,37.78,39.23,4401391,173439540.94,-3.6962,2.7783,1,0,none,baostock,query_history_k_data_plus
688800,SHSE.688800,,SH,A股-上交所,2024-11-25,37.83,38.3,36.8,37.99,37.78,3093397,115538532.04,0.5558,1.9527,1,0,none,baostock,query_history_k_data_plus
688800,SHSE.688800,,SH,A股-上交所,2024-11-26,38.5,39.13,37.51,38.6,37.99,3138558,120496843.4,1.6057,1.9812,1,0,none,baostock,query_history_k_data_plus
688800,SHSE.688800,,SH,A股-上交所,2024-11-27,38.45,38.8,37.0,38.63,38.6,3783542,143318360.14,0.0777,2.3883,1,0,none,baostock,query_history_k_data_plus
688800,SHSE.688800,,SH,A股-上交所,2024-11-28,38.65,40.1,38.0,38.86,38.63,3708519,145240202.45,0.5954,2.3409,1,0,none,baostock,query_history_k_data_plus
688800,SHSE.688800,,SH,A股-上交所,2024-11-29,38.51,40.65,38.31,39.9,38.86,3470977,137389987.9,2.6763,2.191,1,0,none,baostock,query_history_k_data_plus
688800,SHSE.688800,,SH,A股-上交所,2024-12-02,40.6,41.3,39.63,40.5,39.9,4784613,193268525.58,1.5038,3.0202,1,0,none,baostock,query_history_k_data_plus
688800,SHSE.688800,,SH,A股-上交所,2024-12-03,40.5,45.22,40.5,44.57,40.5,10662660,462384513.52,10.0494,6.7306,1,0,none,baostock,query_history_k_data_plus
688800,SHSE.688800,,SH,A股-上交所,2024-12-04,44.0,45.5,42.83,43.0,44.57,6605008,290656761.35,-3.5225,4.1693,1,0,none,baostock,query_history_k_data_plus
688800,SHSE.688800,,SH,A股-上交所,2024-12-05,42.88,45.42,42.4,43.53,43.0,8281150,364389794.84,1.2326,5.2273,1,0,none,baostock,query_history_k_data_plus
688800,SHSE.688800,,SH,A股-上交所,2024-12-06,43.26,43.6,41.18,42.11,43.53,5025279,210994721.09,-3.2621,3.1721,1,0,none,baostock,query_history_k_data_plus
688800,SHSE.688800,,SH,A股-上交所,2024-12-09,41.78,42.77,40.78,40.82,42.11,3868924,160784211.42,-3.0634,2.4422,1,0,none,baostock,query_history_k_data_plus
688800,SHSE.688800,,SH,A股-上交所,2024-12-10,42.17,42.84,40.6,41.08,40.82,6450906,268199089.24,0.6369,4.072,1,0,none,baostock,query_history_k_data_plus
688800,SHSE.688800,,SH,A股-上交所,2024-12-11,41.08,43.94,40.62,43.29,41.08,7630302,323619249.99,5.3797,4.8165,1,0,none,baostock,query_history_k_data_plus
688800,SHSE.688800,,SH,A股-上交所,2024-12-12,43.7,45.0,42.87,43.82,43.29,8014597,353705075.92,1.2243,5.0591,1,0,none,baostock,query_history_k_data_plus
688800,SHSE.688800,,SH,A股-上交所,2024-12-13,44.0,47.54,43.97,44.64,43.82,10984896,497961649.65,1.8713,6.934,1,0,none,baostock,query_history_k_data_plus
688800,SHSE.688800,,SH,A股-上交所,2024-12-16,48.9,53.5,47.75,53.0,44.64,20620581,1051524769.45,18.7276,13.0164,1,0,none,baostock,query_history_k_data_plus
688800,SHSE.688800,,SH,A股-上交所,2024-12-17,54.94,54.99,47.76,48.9,53.0,18927962,963916376.95,-7.7358,11.948,1,0,none,baostock,query_history_k_data_plus
688800,SHSE.688800,,SH,A股-上交所,2024-12-18,48.0,50.25,45.14,48.62,48.9,15838972,749617582.41,-0.5726,9.9981,1,0,none,baostock,query_history_k_data_plus
688800,SHSE.688800,,SH,A股-上交所,2024-12-19,47.41,50.82,46.51,50.4,48.62,13035275,634985538.89,3.661,8.2283,1,0,none,baostock,query_history_k_data_plus
688800,SHSE.688800,,SH,A股-上交所,2024-12-20,49.54,56.95,49.5,54.08,50.4,13608919,727977823.38,7.3016,8.5904,1,0,none,baostock,query_history_k_data_plus
688800,SHSE.688800,,SH,A股-上交所,2024-12-23,54.3,58.62,51.5,52.9,54.08,13015670,714107394.02,-2.182,8.2159,1,0,none,baostock,query_history_k_data_plus
688800,SHSE.688800,,SH,A股-上交所,2024-12-24,53.37,58.0,52.39,54.84,52.9,13239557,730236432.03,3.6673,8.3573,1,0,none,baostock,query_history_k_data_plus
688800,SHSE.688800,,SH,A股-上交所,2024-12-25,53.0,54.79,50.89,52.72,54.84,8209877,434613801.15,-3.8658,5.1824,1,0,none,baostock,query_history_k_data_plus
688800,SHSE.688800,,SH,A股-上交所,2024-12-26,53.0,62.49,52.72,60.7,52.72,18060758,1067678449.4,15.1366,11.4006,1,0,none,baostock,query_history_k_data_plus
688800,SHSE.688800,,SH,A股-上交所,2024-12-27,59.0,59.61,56.1,56.19,60.7,12656151,729912833.93,-7.43,7.989,1,0,none,baostock,query_history_k_data_plus
688800,SHSE.688800,,SH,A股-上交所,2024-12-30,56.5,60.0,55.0,55.07,56.19,12105280,697529807.71,-1.9932,7.6413,1,0,none,baostock,query_history_k_data_plus
688800,SHSE.688800,,SH,A股-上交所,2024-12-31,54.04,55.0,49.56,50.11,55.07,12258477,627225343.08,-9.0067,7.738,1,0,none,baostock,query_history_k_data_plus
688800,SHSE.688800,,SH,A股-上交所,2025-01-02,50.5,54.5,48.5,52.59,50.11,14644303,760208988.61,4.9491,9.244,1,0,none,baostock,query_history_k_data_plus
688800,SHSE.688800,,SH,A股-上交所,2025-01-03,52.2,55.97,51.28,53.4,52.59,11895232,639809028.91,1.5402,7.5087,1,0,none,baostock,query_history_k_data_plus
688800,SHSE.688800,,SH,A股-上交所,2025-01-06,58.5,61.5,55.47,56.7,53.4,14947506,858813846.9,6.1798,9.4354,1,0,none,baostock,query_history_k_data_plus
688800,SHSE.688800,,SH,A股-上交所,2025-01-07,58.8,65.1,58.05,65.0,56.7,20957170,1295389294.31,14.6384,13.2289,1,0,none,baostock,query_history_k_data_plus
688800,SHSE.688800,,SH,A股-上交所,2025-01-08,62.0,72.0,60.0,69.09,65.0,20822134,1338036132.6,6.2923,13.1436,1,0,none,baostock,query_history_k_data_plus
688800,SHSE.688800,,SH,A股-上交所,2025-01-09,67.0,69.57,65.0,66.22,69.09,13504683,905262289.26,-4.154,8.5246,1,0,none,baostock,query_history_k_data_plus
688800,SHSE.688800,,SH,A股-上交所,2025-01-10,64.0,68.4,62.86,63.0,66.22,10800843,702085695.33,-4.8626,6.8179,1,0,none,baostock,query_history_k_data_plus
688800,SHSE.688800,,SH,A股-上交所,2025-01-13,61.51,69.3,61.51,66.5,63.0,12899748,849625645.26,5.5556,8.1428,1,0,none,baostock,query_history_k_data_plus
688800,SHSE.688800,,SH,A股-上交所,2025-01-14,66.5,69.89,64.5,69.3,66.5,11475828,772774020.67,4.2105,7.2439,1,0,none,baostock,query_history_k_data_plus
688800,SHSE.688800,,SH,A股-上交所,2025-01-15,68.0,69.2,64.0,65.65,69.3,8929024,590047394.22,-5.267,5.6363,1,0,none,baostock,query_history_k_data_plus
688800,SHSE.688800,,SH,A股-上交所,2025-01-16,65.42,69.2,65.0,66.88,65.65,8527381,571446053.57,1.8736,5.3828,1,0,none,baostock,query_history_k_data_plus
688800,SHSE.688800,,SH,A股-上交所,2025-01-17,65.01,66.08,60.6,63.41,66.88,10084634,635259709.29,-5.1884,6.3658,1,0,none,baostock,query_history_k_data_plus
688800,SHSE.688800,,SH,A股-上交所,2025-01-20,70.0,74.8,66.93,72.98,63.41,18421982,1306068250.11,15.0923,11.6286,1,0,none,baostock,query_history_k_data_plus
688800,SHSE.688800,,SH,A股-上交所,2025-01-21,72.31,73.87,70.11,73.3,72.98,11922779,858424371.17,0.4385,7.5261,1,0,none,baostock,query_history_k_data_plus
688800,SHSE.688800,,SH,A股-上交所,2025-01-22,73.8,77.6,72.3,74.0,73.3,10073206,750206315.16,0.955,6.3585,1,0,none,baostock,query_history_k_data_plus
688800,SHSE.688800,,SH,A股-上交所,2025-01-23,76.98,79.54,70.62,71.32,74.0,9800255,732164505.13,-3.6216,6.1863,1,0,none,baostock,query_history_k_data_plus
688800,SHSE.688800,,SH,A股-上交所,2025-01-24,71.0,76.39,71.0,75.28,71.32,8608944,637949152.59,5.5524,5.4343,1,0,none,baostock,query_history_k_data_plus
688800,SHSE.688800,,SH,A股-上交所,2025-01-27,71.01,74.8,67.4,67.61,75.28,10248205,721869255.25,-10.1886,6.469,1,0,none,baostock,query_history_k_data_plus
688800,SHSE.688800,,SH,A股-上交所,2025-02-05,64.74,64.8,56.66,58.59,67.61,15103301,889115112.17,-13.3412,9.5337,1,0,none,baostock,query_history_k_data_plus
688800,SHSE.688800,,SH,A股-上交所,2025-02-06,60.66,61.98,59.52,61.59,58.59,9654906,587063913.22,5.1203,6.0945,1,0,none,baostock,query_history_k_data_plus
688800,SHSE.688800,,SH,A股-上交所,2025-02-07,62.5,66.37,62.0,65.3,61.59,9674870,626927842.56,6.0237,6.1071,1,0,none,baostock,query_history_k_data_plus
688800,SHSE.688800,,SH,A股-上交所,2025-02-10,65.3,67.63,63.53,65.82,65.3,7547249,497960955.8,0.7963,4.7641,1,0,none,baostock,query_history_k_data_plus
688800,SHSE.688800,,SH,A股-上交所,2025-02-11,65.01,71.0,64.71,70.4,65.82,7887575,545334260.99,6.9584,4.9789,1,0,none,baostock,query_history_k_data_plus
688800,SHSE.688800,,SH,A股-上交所,2025-02-12,68.99,71.3,68.0,69.7,70.4,7859827,544833148.72,-0.9943,4.9614,1,0,none,baostock,query_history_k_data_plus
688800,SHSE.688800,,SH,A股-上交所,2025-02-13,68.8,69.37,66.36,66.5,69.7,5594857,379120655.09,-4.5911,3.5317,1,0,none,baostock,query_history_k_data_plus
688800,SHSE.688800,,SH,A股-上交所,2025-02-14,66.0,68.47,62.0,62.74,66.5,7977423,512953451.55,-5.6541,5.0356,1,0,none,baostock,query_history_k_data_plus
688800,SHSE.688800,,SH,A股-上交所,2025-02-17,62.39,67.28,60.6,66.23,62.74,8316418,537232075.02,5.5626,5.2496,1,0,none,baostock,query_history_k_data_plus
688800,SHSE.688800,,SH,A股-上交所,2025-02-18,65.61,67.5,63.43,63.54,66.23,6438461,422107802.91,-4.0616,4.0642,1,0,none,baostock,query_history_k_data_plus
688800,SHSE.688800,,SH,A股-上交所,2025-02-19,63.84,65.44,63.5,64.96,63.54,6037228,389445034.52,2.2348,3.8109,1,0,none,baostock,query_history_k_data_plus
688800,SHSE.688800,,SH,A股-上交所,2025-02-20,65.45,66.3,62.5,64.05,64.96,5879710,375210585.19,-1.4009,3.7115,1,0,none,baostock,query_history_k_data_plus
688800,SHSE.688800,,SH,A股-上交所,2025-02-21,63.42,66.3,62.69,64.9,64.05,9632779,621751055.8,1.3271,6.0805,1,0,none,baostock,query_history_k_data_plus
688800,SHSE.688800,,SH,A股-上交所,2025-02-24,63.2,63.5,59.07,61.0,64.9,9628114,586703287.21,-6.0092,6.0776,1,0,none,baostock,query_history_k_data_plus
688800,SHSE.688800,,SH,A股-上交所,2025-02-25,58.67,61.39,57.89,60.28,61.0,6012767,360287105.24,-1.1803,3.7955,1,0,none,baostock,query_history_k_data_plus
688800,SHSE.688800,,SH,A股-上交所,2025-02-26,59.9,62.23,58.69,62.22,60.28,7815726,475588512.83,3.2183,4.9336,1,0,none,baostock,query_history_k_data_plus
688800,SHSE.688800,,SH,A股-上交所,2025-02-27,62.0,62.0,55.18,56.39,62.22,13519517,778921651.85,-9.37,8.534,1,0,none,baostock,query_history_k_data_plus
688800,SHSE.688800,,SH,A股-上交所,2025-02-28,55.0,55.27,51.18,51.3,56.39,11832693,624987902.35,-9.0264,7.4692,1,0,none,baostock,query_history_k_data_plus
688800,SHSE.688800,,SH,A股-上交所,2025-03-03,52.48,52.93,49.42,49.62,51.3,9689245,487468778.49,-3.2749,6.1162,1,0,none,baostock,query_history_k_data_plus
688800,SHSE.688800,,SH,A股-上交所,2025-03-04,49.16,51.07,48.8,50.69,49.62,7098844,356299951.16,2.1564,4.481,1,0,none,baostock,query_history_k_data_plus
688800,SHSE.688800,,SH,A股-上交所,2025-03-05,50.69,51.98,49.92,51.61,50.69,6234840,318127621.1,1.815,3.9356,1,0,none,baostock,query_history_k_data_plus
688800,SHSE.688800,,SH,A股-上交所,2025-03-06,52.18,52.65,51.22,51.76,51.61,8256057,428497949.05,0.2906,5.2115,1,0,none,baostock,query_history_k_data_plus
688800,SHSE.688800,,SH,A股-上交所,2025-03-07,51.5,52.1,50.86,51.4,51.76,6036070,310930572.58,-0.6955,3.8102,1,0,none,baostock,query_history_k_data_plus
688800,SHSE.688800,,SH,A股-上交所,2025-03-10,51.87,57.54,51.87,56.52,51.4,13594864,751310040.69,9.9611,8.5815,1,0,none,baostock,query_history_k_data_plus
688800,SHSE.688800,,SH,A股-上交所,2025-03-11,53.0,55.58,51.6,53.29,56.52,14299568,761403784.83,-5.7148,9.0264,1,0,none,baostock,query_history_k_data_plus
688800,SHSE.688800,,SH,A股-上交所,2025-03-12,54.0,60.0,52.8,58.0,53.29,19988371,1105385115.18,8.8384,12.6173,1,0,none,baostock,query_history_k_data_plus
688800,SHSE.688800,,SH,A股-上交所,2025-03-13,56.5,60.29,56.5,59.02,58.0,17815829,1044500521.56,1.7586,11.246,1,0,none,baostock,query_history_k_data_plus
688800,SHSE.688800,,SH,A股-上交所,2025-03-14,58.5,59.17,55.39,58.24,59.02,11081774,636895505.22,-1.3216,6.9952,1,0,none,baostock,query_history_k_data_plus
688800,SHSE.688800,,SH,A股-上交所,2025-03-17,57.94,58.5,55.87,56.87,58.24,7847729,444363773.23,-2.3523,4.9538,1,0,none,baostock,query_history_k_data_plus
688800,SHSE.688800,,SH,A股-上交所,2025-03-18,56.88,59.88,56.5,58.38,56.87,8847552,513154344.29,2.6552,5.5849,1,0,none,baostock,query_history_k_data_plus
688800,SHSE.688800,,SH,A股-上交所,2025-03-19,56.76,57.07,53.95,54.14,58.38,9902262,547825028.85,-7.2628,6.2506,1,0,none,baostock,query_history_k_data_plus
688800,SHSE.688800,,SH,A股-上交所,2025-03-20,54.26,55.55,53.7,53.7,54.14,4568908,249119132.34,-0.8127,2.884,1,0,none,baostock,query_history_k_data_plus
688800,SHSE.688800,,SH,A股-上交所,2025-03-21,53.0,53.39,51.33,51.66,53.7,5792802,302424650.66,-3.7989,3.6566,1,0,none,baostock,query_history_k_data_plus
688800,SHSE.688800,,SH,A股-上交所,2025-03-24,51.88,52.6,50.3,52.46,51.66,3840802,197640195.82,1.5486,2.4244,1,0,none,baostock,query_history_k_data_plus
688800,SHSE.688800,,SH,A股-上交所,2025-03-25,52.98,54.0,50.45,50.67,52.46,5781438,300384923.71,-3.4121,3.6494,1,0,none,baostock,query_history_k_data_plus
688800,SHSE.688800,,SH,A股-上交所,2025-03-26,50.8,51.77,50.7,50.96,50.67,2872074,146812337.63,0.5723,1.813,1,0,none,baostock,query_history_k_data_plus
688800,SHSE.688800,,SH,A股-上交所,2025-03-27,50.78,51.8,50.08,50.96,50.96,3101641,158265992.31,0.0,1.9579,1,0,none,baostock,query_history_k_data_plus
688800,SHSE.688800,,SH,A股-上交所,2025-03-28,50.96,51.45,49.6,49.6,50.96,2994837,151076330.5,-2.6688,1.8904,1,0,none,baostock,query_history_k_data_plus
688800,SHSE.688800,,SH,A股-上交所,2025-03-31,49.58,49.61,47.5,49.25,49.6,5805054,281797786.8,-0.7056,3.6643,1,0,none,baostock,query_history_k_data_plus
688800,SHSE.688800,,SH,A股-上交所,2025-04-01,49.9,49.97,48.41,48.58,49.25,3098983,152622961.47,-1.3604,1.9562,1,0,none,baostock,query_history_k_data_plus
688800,SHSE.688800,,SH,A股-上交所,2025-04-02,48.5,50.19,48.5,49.35,48.58,3388598,167816324.07,1.585,2.139,1,0,none,baostock,query_history_k_data_plus
688800,SHSE.688800,,SH,A股-上交所,2025-04-03,47.5,48.68,46.23,46.45,49.35,5552159,262263005.62,-5.8764,3.5047,1,0,none,baostock,query_history_k_data_plus
688800,SHSE.688800,,SH,A股-上交所,2025-04-07,41.01,43.59,37.16,37.16,46.45,7879845,311729602.51,-20.0,4.974,1,0,none,baostock,query_history_k_data_plus
688800,SHSE.688800,,SH,A股-上交所,2025-04-08,37.5,39.16,36.9,38.09,37.16,7332258,279001550.71,2.5027,4.6284,1,0,none,baostock,query_history_k_data_plus
688800,SHSE.688800,,SH,A股-上交所,2025-04-09,37.0,40.1,34.35,39.73,38.09,8138068,307753947.07,4.3056,5.137,1,0,none,baostock,query_history_k_data_plus
688800,SHSE.688800,,SH,A股-上交所,2025-04-10,42.7,44.0,42.0,43.35,39.73,8774272,378968951.28,9.1115,5.5386,1,0,none,baostock,query_history_k_data_plus
688800,SHSE.688800,,SH,A股-上交所,2025-04-11,42.68,44.0,42.42,43.44,43.35,5702485,246028876.22,0.2076,3.5996,1,0,none,baostock,query_history_k_data_plus
688800,SHSE.688800,,SH,A股-上交所,2025-04-14,44.6,45.59,43.84,44.17,43.44,5590370,249355746.13,1.6805,3.5288,1,0,none,baostock,query_history_k_data_plus
688800,SHSE.688800,,SH,A股-上交所,2025-04-15,45.0,45.46,43.55,44.03,44.17,4240723,188522256.29,-0.317,2.6769,1,0,none,baostock,query_history_k_data_plus
688800,SHSE.688800,,SH,A股-上交所,2025-04-16,44.05,44.09,42.01,42.83,44.03,3285394,141264211.68,-2.7254,2.0739,1,0,none,baostock,query_history_k_data_plus
688800,SHSE.688800,,SH,A股-上交所,2025-04-17,42.83,43.85,42.46,43.31,42.83,3363344,146228875.29,1.1207,2.1231,1,0,none,baostock,query_history_k_data_plus
688800,SHSE.688800,,SH,A股-上交所,2025-04-18,43.2,43.88,43.17,43.53,43.31,2048765,89129208.57,0.508,1.2932,1,0,none,baostock,query_history_k_data_plus
688800,SHSE.688800,,SH,A股-上交所,2025-04-21,43.6,44.64,42.8,44.53,43.53,2895132,127112613.97,2.2973,1.8275,1,0,none,baostock,query_history_k_data_plus
688800,SHSE.688800,,SH,A股-上交所,2025-04-22,44.48,45.07,44.11,44.25,44.53,2935426,130815225.25,-0.6288,1.8529,1,0,none,baostock,query_history_k_data_plus
688800,SHSE.688800,,SH,A股-上交所,2025-04-23,44.69,46.97,44.49,46.29,44.25,5488262,252038190.41,4.6102,3.4644,1,0,none,baostock,query_history_k_data_plus
688800,SHSE.688800,,SH,A股-上交所,2025-04-24,46.06,47.0,45.82,46.2,46.29,3812151,176737099.82,-0.1944,2.4064,1,0,none,baostock,query_history_k_data_plus
688800,SHSE.688800,,SH,A股-上交所,2025-04-25,46.2,47.7,45.77,46.37,46.2,4838238,226398426.65,0.368,3.0541,1,0,none,baostock,query_history_k_data_plus
688800,SHSE.688800,,SH,A股-上交所,2025-04-28,46.14,48.89,46.14,48.2,46.37,5443786,261377086.88,3.9465,3.4363,1,0,none,baostock,query_history_k_data_plus
688800,SHSE.688800,,SH,A股-上交所,2025-04-29,50.18,51.0,48.3,48.64,48.2,6364720,313341991.29,0.9129,4.0176,1,0,none,baostock,query_history_k_data_plus
688800,SHSE.688800,,SH,A股-上交所,2025-04-30,48.66,49.85,48.2,49.41,48.64,5210380,255797958.37,1.5831,3.289,1,0,none,baostock,query_history_k_data_plus
688800,SHSE.688800,,SH,A股-上交所,2025-05-06,50.5,51.85,49.91,51.84,49.41,7637391,390299096.2,4.918,4.821,1,0,none,baostock,query_history_k_data_plus
688800,SHSE.688800,,SH,A股-上交所,2025-05-07,52.26,54.06,50.75,51.38,51.84,7492672,392385588.08,-0.8873,4.7296,1,0,none,baostock,query_history_k_data_plus
688800,SHSE.688800,,SH,A股-上交所,2025-05-08,51.38,54.46,51.05,53.94,51.38,8360415,444404770.18,4.9825,5.2774,1,0,none,baostock,query_history_k_data_plus
688800,SHSE.688800,,SH,A股-上交所,2025-05-09,53.0,53.44,51.7,52.43,53.94,5556705,291616178.43,-2.7994,3.5076,1,0,none,baostock,query_history_k_data_plus
688800,SHSE.688800,,SH,A股-上交所,2025-05-12,53.29,53.92,52.0,53.91,52.43,5702689,303690474.48,2.8228,3.5997,1,0,none,baostock,query_history_k_data_plus
688800,SHSE.688800,,SH,A股-上交所,2025-05-13,54.52,54.98,52.89,53.29,53.91,4673860,251690604.66,-1.1501,2.9503,1,0,none,baostock,query_history_k_data_plus
688800,SHSE.688800,,SH,A股-上交所,2025-05-14,53.38,55.55,53.09,53.34,53.29,6498665,353250489.87,0.0938,4.1022,1,0,none,baostock,query_history_k_data_plus
688800,SHSE.688800,,SH,A股-上交所,2025-05-15,53.2,53.5,51.12,51.25,53.34,5557253,287704474.75,-3.9183,3.5079,1,0,none,baostock,query_history_k_data_plus
688800,SHSE.688800,,SH,A股-上交所,2025-05-16,51.1,52.5,50.92,52.07,51.25,3865135,200802323.17,1.6,2.4398,1,0,none,baostock,query_history_k_data_plus
688800,SHSE.688800,,SH,A股-上交所,2025-05-19,52.6,52.94,51.0,52.38,52.07,3646458,190269121.17,0.5954,2.3018,1,0,none,baostock,query_history_k_data_plus
688800,SHSE.688800,,SH,A股-上交所,2025-05-20,52.18,53.2,51.8,52.23,52.38,2276989,119223922.02,-0.2864,1.4373,1,0,none,baostock,query_history_k_data_plus
688800,SHSE.688800,,SH,A股-上交所,2025-05-21,53.0,56.45,53.0,54.47,52.23,11860952,646884598.21,4.2887,7.487,1,0,none,baostock,query_history_k_data_plus
688800,SHSE.688800,,SH,A股-上交所,2025-05-22,53.9,57.7,52.6,55.4,54.47,10801485,598297660.34,1.7074,6.8183,1,0,none,baostock,query_history_k_data_plus
688800,SHSE.688800,,SH,A股-上交所,2025-05-23,54.88,54.88,52.28,52.3,55.4,9232043,492313525.0,-5.5957,5.8276,1,0,none,baostock,query_history_k_data_plus
688800,SHSE.688800,,SH,A股-上交所,2025-05-26,52.89,52.89,51.65,52.28,52.3,3963567,206720750.56,-0.0382,2.5019,1,0,none,baostock,query_history_k_data_plus
688800,SHSE.688800,,SH,A股-上交所,2025-05-27,52.66,52.66,50.38,50.75,52.28,4155943,211380449.54,-2.9265,2.6234,1,0,none,baostock,query_history_k_data_plus
688800,SHSE.688800,,SH,A股-上交所,2025-05-28,50.95,53.3,50.86,52.25,50.75,5477382,285921814.24,2.9557,3.4575,1,0,none,baostock,query_history_k_data_plus
688800,SHSE.688800,,SH,A股-上交所,2025-05-29,52.89,53.74,51.4,51.52,52.25,6815568,357689971.91,-1.3971,4.3022,1,0,none,baostock,query_history_k_data_plus
688800,SHSE.688800,,SH,A股-上交所,2025-05-30,39.4,40.26,38.11,38.6,39.41,6608177,259179729.49,-2.0553,3.2129,1,0,none,baostock,query_history_k_data_plus
688800,SHSE.688800,,SH,A股-上交所,2025-06-03,38.48,40.18,38.22,38.34,38.6,7288536,286106685.71,-0.6736,3.5437,1,0,none,baostock,query_history_k_data_plus
688800,SHSE.688800,,SH,A股-上交所,2025-06-04,40.0,41.72,40.0,40.94,38.34,13178760,539344667.6,6.7814,6.4076,1,0,none,baostock,query_history_k_data_plus
688800,SHSE.688800,,SH,A股-上交所,2025-06-05,40.9,48.65,40.04,47.69,40.94,24898147,1119781167.02,16.4875,12.1056,1,0,none,baostock,query_history_k_data_plus
688800,SHSE.688800,,SH,A股-上交所,2025-06-06,47.67,48.8,47.3,47.84,47.69,16819576,805189392.22,0.3145,8.1778,1,0,none,baostock,query_history_k_data_plus
688800,SHSE.688800,,SH,A股-上交所,2025-06-09,47.84,48.4,46.88,47.21,47.84,13821553,656580059.02,-1.3169,6.7201,1,0,none,baostock,query_history_k_data_plus
688800,SHSE.688800,,SH,A股-上交所,2025-06-10,46.9,47.05,45.0,45.71,47.21,11126583,511122277.08,-3.1773,5.4098,1,0,none,baostock,query_history_k_data_plus
688800,SHSE.688800,,SH,A股-上交所,2025-06-11,45.33,46.33,44.7,44.96,45.71,7286515,330352241.04,-1.6408,3.5427,1,0,none,baostock,query_history_k_data_plus
688800,SHSE.688800,,SH,A股-上交所,2025-06-12,44.13,47.02,44.13,45.37,44.96,13119385,604000343.22,0.9119,6.3787,1,0,none,baostock,query_history_k_data_plus
688800,SHSE.688800,,SH,A股-上交所,2025-06-13,45.09,45.75,43.75,44.0,45.37,9419956,418841519.22,-3.0196,4.58,1,0,none,baostock,query_history_k_data_plus
688800,SHSE.688800,,SH,A股-上交所,2025-06-16,43.56,47.29,43.53,45.12,44.0,11801346,540519379.18,2.5455,5.7379,1,0,none,baostock,query_history_k_data_plus
688800,SHSE.688800,,SH,A股-上交所,2025-06-17,45.75,45.85,43.8,43.95,45.12,7387455,328823188.49,-2.5931,3.5918,1,0,none,baostock,query_history_k_data_plus
688800,SHSE.688800,,SH,A股-上交所,2025-06-18,43.72,46.33,43.26,46.17,43.95,13712034,617732298.55,5.0512,6.6669,1,0,none,baostock,query_history_k_data_plus
688800,SHSE.688800,,SH,A股-上交所,2025-06-19,46.18,51.0,46.18,48.2,46.17,20936212,1024665692.07,4.3968,10.1793,1,0,none,baostock,query_history_k_data_plus
688800,SHSE.688800,,SH,A股-上交所,2025-06-20,48.0,48.47,46.5,46.92,48.2,10263088,485574404.55,-2.6556,4.99,1,0,none,baostock,query_history_k_data_plus
688800,SHSE.688800,,SH,A股-上交所,2025-06-23,46.0,47.18,44.81,45.4,46.92,11378997,520974979.22,-3.2396,5.5325,1,0,none,baostock,query_history_k_data_plus
688800,SHSE.688800,,SH,A股-上交所,2025-06-24,45.66,46.59,45.41,45.65,45.4,10285989,471051621.28,0.5507,5.0011,1,0,none,baostock,query_history_k_data_plus
688800,SHSE.688800,,SH,A股-上交所,2025-06-25,46.44,46.97,44.88,46.0,45.65,10907621,500082285.63,0.7667,5.3033,1,0,none,baostock,query_history_k_data_plus
688800,SHSE.688800,,SH,A股-上交所,2025-06-26,46.21,47.8,46.2,46.89,46.0,14631866,688699197.91,1.9348,7.1141,1,0,none,baostock,query_history_k_data_plus
688800,SHSE.688800,,SH,A股-上交所,2025-06-27,47.0,49.5,45.72,48.89,46.89,15909310,765640680.64,4.2653,7.7352,1,0,none,baostock,query_history_k_data_plus
688800,SHSE.688800,,SH,A股-上交所,2025-06-30,48.8,49.47,48.28,49.2,48.89,12850167,628471272.91,0.6341,6.2478,1,0,none,baostock,query_history_k_data_plus
688800,SHSE.688800,,SH,A股-上交所,2025-07-01,48.53,48.84,47.0,47.49,49.2,11771112,560366491.24,-3.4756,5.7232,1,0,none,baostock,query_history_k_data_plus
688800,SHSE.688800,,SH,A股-上交所,2025-07-02,47.02,47.49,44.46,44.73,47.49,12145554,552246563.11,-5.8117,5.9052,1,0,none,baostock,query_history_k_data_plus
688800,SHSE.688800,,SH,A股-上交所,2025-07-03,44.85,45.23,44.17,45.0,44.73,9286209,414768249.72,0.6036,4.515,1,0,none,baostock,query_history_k_data_plus
688800,SHSE.688800,,SH,A股-上交所,2025-07-04,45.0,47.5,44.81,45.55,45.0,12300839,567354217.41,1.2222,5.9807,1,0,none,baostock,query_history_k_data_plus
688800,SHSE.688800,,SH,A股-上交所,2025-07-07,44.95,46.56,44.38,45.38,45.55,7414932,334418479.94,-0.3732,3.6052,1,0,none,baostock,query_history_k_data_plus
688800,SHSE.688800,,SH,A股-上交所,2025-07-08,45.16,48.48,44.8,48.0,45.38,15557199,732748314.19,5.7735,7.564,1,0,none,baostock,query_history_k_data_plus
688800,SHSE.688800,,SH,A股-上交所,2025-07-09,48.08,48.08,46.66,47.05,48.0,9197411,435119227.07,-1.9792,4.4718,1,0,none,baostock,query_history_k_data_plus
688800,SHSE.688800,,SH,A股-上交所,2025-07-10,47.25,49.7,46.82,47.51,47.05,18078537,873297401.34,0.9777,8.7899,1,0,none,baostock,query_history_k_data_plus
688800,SHSE.688800,,SH,A股-上交所,2025-07-11,47.0,47.5,45.18,46.27,47.51,14530128,665434425.51,-2.61,7.0646,1,0,none,baostock,query_history_k_data_plus
688800,SHSE.688800,,SH,A股-上交所,2025-07-14,46.79,50.24,45.88,48.72,46.27,22754668,1108338957.04,5.295,11.0634,1,0,none,baostock,query_history_k_data_plus
688800,SHSE.688800,,SH,A股-上交所,2025-07-15,49.04,50.48,48.8,49.0,48.72,18441833,912631053.74,0.5747,8.9665,1,0,none,baostock,query_history_k_data_plus
688800,SHSE.688800,,SH,A股-上交所,2025-07-16,49.44,51.31,48.44,49.72,49.0,16496014,826338722.88,1.4694,8.0205,1,0,none,baostock,query_history_k_data_plus
688800,SHSE.688800,,SH,A股-上交所,2025-07-17,49.6,52.47,49.45,52.0,49.72,16273176,833209533.03,4.5857,7.9121,1,0,none,baostock,query_history_k_data_plus
688800,SHSE.688800,,SH,A股-上交所,2025-07-18,52.44,52.44,50.62,50.77,52.0,13690398,700062690.46,-2.3654,6.6563,1,0,none,baostock,query_history_k_data_plus
688800,SHSE.688800,,SH,A股-上交所,2025-07-21,50.5,51.48,49.9,51.25,50.77,11893728,602277544.52,0.9454,5.7828,1,0,none,baostock,query_history_k_data_plus
688800,SHSE.688800,,SH,A股-上交所,2025-07-22,50.74,52.25,49.84,50.2,51.25,10795180,550146354.69,-2.0488,5.2487,1,0,none,baostock,query_history_k_data_plus
688800,SHSE.688800,,SH,A股-上交所,2025-07-23,49.7,49.9,48.59,49.22,50.2,6987985,344866645.59,-1.9522,3.3976,1,0,none,baostock,query_history_k_data_plus
688800,SHSE.688800,,SH,A股-上交所,2025-07-24,49.71,50.38,48.58,49.37,49.22,8034545,395605374.99,0.3048,3.9064,1,0,none,baostock,query_history_k_data_plus
688800,SHSE.688800,,SH,A股-上交所,2025-07-25,49.19,49.68,48.91,49.64,49.37,5482598,269903793.74,0.5469,2.6657,1,0,none,baostock,query_history_k_data_plus
688800,SHSE.688800,,SH,A股-上交所,2025-07-28,49.59,50.08,49.21,49.94,49.64,7120275,353957633.02,0.6044,3.4619,1,0,none,baostock,query_history_k_data_plus
688800,SHSE.688800,,SH,A股-上交所,2025-07-29,49.89,53.51,48.92,52.17,49.94,15781485,807671100.31,4.4654,7.673,1,0,none,baostock,query_history_k_data_plus
688800,SHSE.688800,,SH,A股-上交所,2025-07-30,51.7,51.97,50.05,50.27,52.17,9841250,500495915.82,-3.6419,4.7849,1,0,none,baostock,query_history_k_data_plus
688800,SHSE.688800,,SH,A股-上交所,2025-07-31,50.98,56.56,50.98,53.42,50.27,27328883,1476983350.53,6.2662,13.2875,1,0,none,baostock,query_history_k_data_plus
688800,SHSE.688800,,SH,A股-上交所,2025-08-01,53.8,64.1,53.8,64.1,53.42,34630435,2162088119.08,19.9925,16.8375,1,0,none,baostock,query_history_k_data_plus
688800,SHSE.688800,,SH,A股-上交所,2025-08-04,67.0,69.99,65.1,67.2,64.1,38466065,2596523649.15,4.8362,18.7024,1,0,none,baostock,query_history_k_data_plus
688800,SHSE.688800,,SH,A股-上交所,2025-08-05,67.5,68.86,66.1,67.37,67.2,22348299,1502040513.45,0.253,10.8659,1,0,none,baostock,query_history_k_data_plus
688800,SHSE.688800,,SH,A股-上交所,2025-08-06,68.46,68.8,66.15,67.57,67.37,15649305,1055279344.85,0.2969,7.6088,1,0,none,baostock,query_history_k_data_plus
688800,SHSE.688800,,SH,A股-上交所,2025-08-07,67.98,72.5,67.0,70.91,67.57,28343000,1976102682.26,4.943,13.7805,1,0,none,baostock,query_history_k_data_plus
688800,SHSE.688800,,SH,A股-上交所,2025-08-08,69.0,69.5,66.26,66.35,70.91,20313673,1367864390.53,-6.4307,9.8766,1,0,none,baostock,query_history_k_data_plus
688800,SHSE.688800,,SH,A股-上交所,2025-08-11,67.01,68.55,65.12,67.98,66.35,13288821,898176895.75,2.4567,6.4611,1,0,none,baostock,query_history_k_data_plus
688800,SHSE.688800,,SH,A股-上交所,2025-08-12,70.8,70.9,66.8,68.4,67.98,14190234,970472007.17,0.6178,6.8994,1,0,none,baostock,query_history_k_data_plus
688800,SHSE.688800,,SH,A股-上交所,2025-08-13,68.69,72.27,67.66,71.59,68.4,22639772,1589466931.57,4.6637,11.0076,1,0,none,baostock,query_history_k_data_plus
688800,SHSE.688800,,SH,A股-上交所,2025-08-14,73.89,77.1,70.6,70.8,71.59,21593987,1586191851.83,-1.1035,10.4991,1,0,none,baostock,query_history_k_data_plus
688800,SHSE.688800,,SH,A股-上交所,2025-08-15,70.89,80.51,70.2,77.8,70.8,23524186,1761465934.58,9.887,11.4376,1,0,none,baostock,query_history_k_data_plus
688800,SHSE.688800,,SH,A股-上交所,2025-08-18,80.86,81.8,75.5,77.83,77.8,22408568,1754899913.3,0.0386,10.8952,1,0,none,baostock,query_history_k_data_plus
688800,SHSE.688800,,SH,A股-上交所,2025-08-19,76.43,85.0,73.31,80.66,77.83,25109513,1988089377.64,3.6361,12.2084,1,0,none,baostock,query_history_k_data_plus
688800,SHSE.688800,,SH,A股-上交所,2025-08-20,76.0,76.0,71.02,74.35,80.66,20314006,1498020917.38,-7.823,9.8768,1,0,none,baostock,query_history_k_data_plus
688800,SHSE.688800,,SH,A股-上交所,2025-08-21,73.74,74.5,70.2,70.97,74.35,14515250,1040441972.68,-4.5461,7.0574,1,0,none,baostock,query_history_k_data_plus
688800,SHSE.688800,,SH,A股-上交所,2025-08-22,70.78,73.1,70.78,72.39,70.97,10972196,788287569.83,2.0008,5.3347,1,0,none,baostock,query_history_k_data_plus
688800,SHSE.688800,,SH,A股-上交所,2025-08-25,72.48,74.26,70.8,73.3,72.39,15469498,1122181602.6,1.2571,7.5214,1,0,none,baostock,query_history_k_data_plus
688800,SHSE.688800,,SH,A股-上交所,2025-08-26,73.42,73.86,70.0,70.1,73.3,14662897,1044653917.62,-4.3656,7.1292,1,0,none,baostock,query_history_k_data_plus
688800,SHSE.688800,,SH,A股-上交所,2025-08-27,70.29,75.77,70.18,72.74,70.1,20323630,1492153426.44,3.766,9.8815,1,0,none,baostock,query_history_k_data_plus
688800,SHSE.688800,,SH,A股-上交所,2025-08-28,73.58,78.68,71.98,78.06,72.74,19716914,1481847211.28,7.3137,9.5865,1,0,none,baostock,query_history_k_data_plus
688800,SHSE.688800,,SH,A股-上交所,2025-08-29,77.5,79.7,75.42,76.72,78.06,14427953,1108783114.27,-1.7166,7.015,1,0,none,baostock,query_history_k_data_plus
688800,SHSE.688800,,SH,A股-上交所,2025-09-01,76.75,77.27,73.03,76.05,76.72,14050058,1056235942.65,-0.8733,6.8312,1,0,none,baostock,query_history_k_data_plus
688800,SHSE.688800,,SH,A股-上交所,2025-09-02,75.95,78.76,70.03,70.9,76.05,18840849,1382929268.6,-6.7719,9.1605,1,0,none,baostock,query_history_k_data_plus
688800,SHSE.688800,,SH,A股-上交所,2025-09-03,70.64,74.56,68.5,71.6,70.9,11826911,853437668.38,0.9873,5.7503,1,0,none,baostock,query_history_k_data_plus
688800,SHSE.688800,,SH,A股-上交所,2025-09-04,75.0,79.18,68.88,70.52,71.6,20728976,1546789565.48,-1.5084,10.0785,1,0,none,baostock,query_history_k_data_plus
688800,SHSE.688800,,SH,A股-上交所,2025-09-05,70.92,73.55,69.01,73.09,70.52,15148140,1083754891.15,3.6444,7.3651,1,0,none,baostock,query_history_k_data_plus
688800,SHSE.688800,,SH,A股-上交所,2025-09-08,72.75,73.18,69.66,72.4,73.09,12956958,921347854.65,-0.944,6.2997,1,0,none,baostock,query_history_k_data_plus
688800,SHSE.688800,,SH,A股-上交所,2025-09-09,72.0,73.46,69.5,70.32,72.4,8974952,638819730.63,-2.8729,4.3637,1,0,none,baostock,query_history_k_data_plus
688800,SHSE.688800,,SH,A股-上交所,2025-09-10,71.48,72.98,70.37,70.68,70.32,9688343,695022602.11,0.5119,4.7105,1,0,none,baostock,query_history_k_data_plus
688800,SHSE.688800,,SH,A股-上交所,2025-09-11,71.51,75.55,70.89,74.8,70.68,15424332,1137513962.42,5.8291,7.4994,1,0,none,baostock,query_history_k_data_plus
688800,SHSE.688800,,SH,A股-上交所,2025-09-12,74.01,77.8,72.5,76.29,74.8,17755377,1341650479.29,1.992,8.6328,1,0,none,baostock,query_history_k_data_plus
688800,SHSE.688800,,SH,A股-上交所,2025-09-15,76.62,78.3,73.8,75.67,76.29,13901442,1052607452.47,-0.8127,6.759,1,0,none,baostock,query_history_k_data_plus
688800,SHSE.688800,,SH,A股-上交所,2025-09-16,75.6,77.77,74.31,76.99,75.67,11542121,881020414.92,1.7444,5.6118,1,0,none,baostock,query_history_k_data_plus
688800,SHSE.688800,,SH,A股-上交所,2025-09-17,78.45,86.67,78.45,82.1,76.99,21190071,1758982642.83,6.6372,10.3027,1,0,none,baostock,query_history_k_data_plus
688800,SHSE.688800,,SH,A股-上交所,2025-09-18,82.55,85.2,79.6,81.02,82.1,16832365,1383000366.81,-1.3155,8.184,1,0,none,baostock,query_history_k_data_plus
688800,SHSE.688800,,SH,A股-上交所,2025-09-19,81.5,81.83,79.33,79.83,81.02,9228118,740696386.71,-1.4688,4.4868,1,0,none,baostock,query_history_k_data_plus
688800,SHSE.688800,,SH,A股-上交所,2025-09-22,79.5,85.16,79.0,82.88,79.83,10990420,907024187.68,3.8206,5.3436,1,0,none,baostock,query_history_k_data_plus
688800,SHSE.688800,,SH,A股-上交所,2025-09-23,84.88,86.34,80.9,84.11,82.88,14121751,1184241952.03,1.4841,6.8661,1,0,none,baostock,query_history_k_data_plus
688800,SHSE.688800,,SH,A股-上交所,2025-09-24,82.6,82.6,78.58,80.43,84.11,13970825,1118296631.15,-4.3752,6.7927,1,0,none,baostock,query_history_k_data_plus
688800,SHSE.688800,,SH,A股-上交所,2025-09-25,79.8,82.28,78.6,81.03,80.43,10169650,821829882.98,0.746,4.9445,1,0,none,baostock,query_history_k_data_plus
688800,SHSE.688800,,SH,A股-上交所,2025-09-26,80.55,81.3,75.0,75.0,81.03,13104867,1011018852.41,-7.4417,6.3717,1,0,none,baostock,query_history_k_data_plus
688800,SHSE.688800,,SH,A股-上交所,2025-09-29,75.0,75.8,74.0,74.79,75.0,6629763,495268218.41,-0.28,3.2234,1,0,none,baostock,query_history_k_data_plus
688800,SHSE.688800,,SH,A股-上交所,2025-09-30,75.3,77.45,74.18,75.12,74.79,7683859,577552553.95,0.4412,3.7359,1,0,none,baostock,query_history_k_data_plus
688800,SHSE.688800,,SH,A股-上交所,2025-10-09,76.23,81.66,76.23,80.13,75.12,13087896,1033638281.96,6.6693,6.3634,1,0,none,baostock,query_history_k_data_plus
688800,SHSE.688800,,SH,A股-上交所,2025-10-10,79.5,79.9,76.0,76.6,80.13,7822312,608214245.8,-4.4053,3.8033,1,0,none,baostock,query_history_k_data_plus
688800,SHSE.688800,,SH,A股-上交所,2025-10-13,70.8,75.3,70.8,74.3,76.6,6997788,514567431.62,-3.0026,3.4024,1,0,none,baostock,query_history_k_data_plus
688800,SHSE.688800,,SH,A股-上交所,2025-10-14,75.0,75.6,69.6,69.9,74.3,7905102,570215371.49,-5.9219,3.8435,1,0,none,baostock,query_history_k_data_plus
688800,SHSE.688800,,SH,A股-上交所,2025-10-15,69.9,71.48,69.25,71.3,69.9,4577719,323370563.75,2.0029,2.2257,1,0,none,baostock,query_history_k_data_plus
688800,SHSE.688800,,SH,A股-上交所,2025-10-16,70.59,72.0,70.02,70.4,71.3,3575124,253617081.81,-1.2623,1.7382,1,0,none,baostock,query_history_k_data_plus
688800,SHSE.688800,,SH,A股-上交所,2025-10-17,70.99,70.99,65.6,65.6,70.4,7308410,491418958.96,-6.8182,3.5534,1,0,none,baostock,query_history_k_data_plus
688800,SHSE.688800,,SH,A股-上交所,2025-10-20,67.85,70.28,67.0,69.11,65.6,8397925,578692230.56,5.3506,4.0831,1,0,none,baostock,query_history_k_data_plus
688800,SHSE.688800,,SH,A股-上交所,2025-10-21,69.54,72.48,68.6,71.37,69.11,7023697,497111527.12,3.2701,3.415,1,0,none,baostock,query_history_k_data_plus
688800,SHSE.688800,,SH,A股-上交所,2025-10-22,71.15,72.68,70.55,71.66,71.37,4458649,319594652.77,0.4063,2.1678,1,0,none,baostock,query_history_k_data_plus
688800,SHSE.688800,,SH,A股-上交所,2025-10-23,72.5,72.53,68.87,69.92,71.66,4649849,324663747.63,-2.4281,2.2608,1,0,none,baostock,query_history_k_data_plus
688800,SHSE.688800,,SH,A股-上交所,2025-10-24,70.6,72.49,70.43,72.0,69.92,5372112,384713340.32,2.9748,2.612,1,0,none,baostock,query_history_k_data_plus
688800,SHSE.688800,,SH,A股-上交所,2025-10-27,73.63,77.77,72.8,75.26,72.0,9408450,709653421.81,4.5278,4.5744,1,0,none,baostock,query_history_k_data_plus
688800,SHSE.688800,,SH,A股-上交所,2025-10-28,75.0,78.91,74.5,77.39,75.26,9153241,706803244.47,2.8302,4.4504,1,0,none,baostock,query_history_k_data_plus
688800,SHSE.688800,,SH,A股-上交所,2025-10-29,79.02,79.99,76.6,79.49,77.39,7250552,568860801.42,2.7135,3.5253,1,0,none,baostock,query_history_k_data_plus
688800,SHSE.688800,,SH,A股-上交所,2025-10-30,77.4,79.95,76.17,76.86,79.49,6896297,534874632.72,-3.3086,3.353,1,0,none,baostock,query_history_k_data_plus
688800,SHSE.688800,,SH,A股-上交所,2025-10-31,78.0,81.62,75.36,76.9,76.86,12301172,970862717.13,0.052,5.9809,1,0,none,baostock,query_history_k_data_plus
688800,SHSE.688800,,SH,A股-上交所,2025-11-03,76.18,81.6,76.18,80.18,76.9,13602223,1078572489.81,4.2653,6.6135,1,0,none,baostock,query_history_k_data_plus
688800,SHSE.688800,,SH,A股-上交所,2025-11-04,80.2,81.77,73.8,74.4,80.18,11583853,881794253.03,-7.2088,5.6321,1,0,none,baostock,query_history_k_data_plus
688800,SHSE.688800,,SH,A股-上交所,2025-11-05,72.6,73.59,71.02,72.69,74.4,7847639,566797578.79,-2.2984,3.8156,1,0,none,baostock,query_history_k_data_plus
688800,SHSE.688800,,SH,A股-上交所,2025-11-06,72.84,73.98,71.8,73.24,72.69,7073287,516646073.29,0.7566,3.4391,1,0,none,baostock,query_history_k_data_plus
688800,SHSE.688800,,SH,A股-上交所,2025-11-07,72.58,73.43,70.78,71.91,73.24,6223500,446342736.81,-1.8159,3.0259,1,0,none,baostock,query_history_k_data_plus
688800,SHSE.688800,,SH,A股-上交所,2025-11-10,71.7,72.45,67.8,69.45,71.91,8185944,568759366.36,-3.4209,3.9801,1,0,none,baostock,query_history_k_data_plus
688800,SHSE.688800,,SH,A股-上交所,2025-11-11,70.5,71.23,67.5,68.19,69.45,5168617,357768853.73,-1.8143,2.513,1,0,none,baostock,query_history_k_data_plus
688800,SHSE.688800,,SH,A股-上交所,2025-11-12,71.0,76.76,69.12,75.69,68.19,18010966,1309237101.57,10.9987,8.757,1,0,none,baostock,query_history_k_data_plus
688800,SHSE.688800,,SH,A股-上交所,2025-11-13,73.95,77.59,73.38,76.15,75.69,13235837,1005289145.36,0.6077,6.4353,1,0,none,baostock,query_history_k_data_plus
688800,SHSE.688800,,SH,A股-上交所,2025-11-14,73.4,73.98,71.27,72.0,76.15,8648569,625886621.07,-5.4498,4.205,1,0,none,baostock,query_history_k_data_plus
688800,SHSE.688800,,SH,A股-上交所,2025-11-17,72.38,76.0,71.56,73.65,72.0,10586341,782880479.88,2.2917,5.1471,1,0,none,baostock,query_history_k_data_plus
688800,SHSE.688800,,SH,A股-上交所,2025-11-18,72.79,73.11,70.25,70.78,73.65,7646592,546339558.02,-3.8968,3.7178,1,0,none,baostock,query_history_k_data_plus
688800,SHSE.688800,,SH,A股-上交所,2025-11-19,70.68,70.88,67.61,68.11,70.78,5231781,360819540.48,-3.7723,2.5437,1,0,none,baostock,query_history_k_data_plus
688800,SHSE.688800,,SH,A股-上交所,2025-11-20,72.0,74.9,69.41,71.65,68.11,9389504,672304945.98,5.1975,4.5652,1,0,none,baostock,query_history_k_data_plus
688800,SHSE.688800,,SH,A股-上交所,2025-11-21,69.39,70.86,64.3,64.56,71.65,11750548,776563365.38,-9.8953,5.7132,1,0,none,baostock,query_history_k_data_plus
688800,SHSE.688800,,SH,A股-上交所,2025-11-24,65.52,66.65,64.31,65.3,64.56,6533666,427513615.42,1.1462,3.1767,1,0,none,baostock,query_history_k_data_plus
688800,SHSE.688800,,SH,A股-上交所,2025-11-25,67.75,71.25,66.33,69.03,65.3,9173739,635332872.81,5.7121,4.4603,1,0,none,baostock,query_history_k_data_plus
688800,SHSE.688800,,SH,A股-上交所,2025-11-26,68.13,71.77,67.58,69.36,69.03,6838293,477136908.3,0.4781,3.3248,1,0,none,baostock,query_history_k_data_plus
688800,SHSE.688800,,SH,A股-上交所,2025-11-27,69.48,71.32,67.85,68.0,69.36,6162276,426770225.52,-1.9608,2.9961,1,0,none,baostock,query_history_k_data_plus
688800,SHSE.688800,,SH,A股-上交所,2025-11-28,67.85,69.82,67.6,68.8,68.0,3722403,255823249.67,1.1765,1.8099,1,0,none,baostock,query_history_k_data_plus
688800,SHSE.688800,,SH,A股-上交所,2025-12-01,69.2,72.37,69.09,71.36,68.8,8008768,568634633.37,3.7209,3.8939,1,0,none,baostock,query_history_k_data_plus
688800,SHSE.688800,,SH,A股-上交所,2025-12-02,74.1,75.66,70.15,71.86,71.36,9006316,651794095.8,0.7007,4.3789,1,0,none,baostock,query_history_k_data_plus
688800,SHSE.688800,,SH,A股-上交所,2025-12-03,71.82,72.98,69.81,70.27,71.86,6843733,487844017.14,-2.2126,3.3275,1,0,none,baostock,query_history_k_data_plus
688800,SHSE.688800,,SH,A股-上交所,2025-12-04,69.6,71.28,68.89,70.6,70.27,4281433,300507889.83,0.4696,2.0817,1,0,none,baostock,query_history_k_data_plus
688800,SHSE.688800,,SH,A股-上交所,2025-12-05,70.63,73.0,69.68,72.31,70.6,5959296,427617044.57,2.4221,2.8974,1,0,none,baostock,query_history_k_data_plus
688800,SHSE.688800,,SH,A股-上交所,2025-12-08,73.15,86.77,73.15,86.77,72.31,25310388,2106234240.38,19.9972,12.3061,1,0,none,baostock,query_history_k_data_plus
688800,SHSE.688800,,SH,A股-上交所,2025-12-09,89.0,91.49,87.02,89.8,86.77,23572363,2108364603.58,3.492,11.461,1,0,none,baostock,query_history_k_data_plus
688800,SHSE.688800,,SH,A股-上交所,2025-12-10,87.94,89.69,85.31,88.97,89.8,13630263,1191257958.38,-0.9243,6.6271,1,0,none,baostock,query_history_k_data_plus
688800,SHSE.688800,,SH,A股-上交所,2025-12-11,89.1,89.86,85.02,85.05,88.97,9236917,802691288.66,-4.406,4.491,1,0,none,baostock,query_history_k_data_plus
688800,SHSE.688800,,SH,A股-上交所,2025-12-12,84.0,84.9,79.5,83.76,85.05,13417484,1104277948.81,-1.5168,6.5237,1,0,none,baostock,query_history_k_data_plus
688800,SHSE.688800,,SH,A股-上交所,2025-12-15,80.51,83.0,79.93,80.44,83.76,8665116,701693105.67,-3.9637,4.213,1,0,none,baostock,query_history_k_data_plus
688800,SHSE.688800,,SH,A股-上交所,2025-12-16,80.2,80.88,75.41,76.09,80.44,8892554,684036158.42,-5.4078,4.3236,1,0,none,baostock,query_history_k_data_plus
688800,SHSE.688800,,SH,A股-上交所,2025-12-17,76.32,79.48,76.32,79.09,76.09,9826032,768963822.45,3.9427,4.7775,1,0,none,baostock,query_history_k_data_plus
688800,SHSE.688800,,SH,A股-上交所,2025-12-18,77.56,78.99,76.87,77.15,79.09,6275877,487404466.31,-2.4529,3.0514,1,0,none,baostock,query_history_k_data_plus
688800,SHSE.688800,,SH,A股-上交所,2025-12-19,77.77,78.15,75.0,75.42,77.15,6895171,525530012.61,-2.2424,3.3525,1,0,none,baostock,query_history_k_data_plus
688800,SHSE.688800,,SH,A股-上交所,2025-12-22,76.49,80.24,75.33,79.22,75.42,10977263,854141772.68,5.0385,5.3372,1,0,none,baostock,query_history_k_data_plus
688800,SHSE.688800,,SH,A股-上交所,2025-12-23,78.91,81.37,78.0,79.63,79.22,9416900,748971435.28,0.5175,4.5785,1,0,none,baostock,query_history_k_data_plus
688800,SHSE.688800,,SH,A股-上交所,2025-12-24,79.57,80.87,79.11,80.26,79.63,7599362,608136889.74,0.7912,3.6949,1,0,none,baostock,query_history_k_data_plus
688800,SHSE.688800,,SH,A股-上交所,2025-12-25,82.0,91.77,82.0,88.03,80.26,22274584,1963618911.42,9.681,10.83,1,0,none,baostock,query_history_k_data_plus
688800,SHSE.688800,,SH,A股-上交所,2025-12-26,89.25,90.98,85.0,86.48,88.03,13485955,1178283952.32,-1.7608,6.5569,1,0,none,baostock,query_history_k_data_plus
688800,SHSE.688800,,SH,A股-上交所,2025-12-29,85.94,93.14,85.94,90.05,86.48,13734758,1231732141.52,4.1281,6.6779,1,0,none,baostock,query_history_k_data_plus
688800,SHSE.688800,,SH,A股-上交所,2025-12-30,88.5,90.04,86.25,86.41,90.05,10820853,947517563.05,-4.0422,5.2612,1,0,none,baostock,query_history_k_data_plus
688800,SHSE.688800,,SH,A股-上交所,2025-12-31,86.0,86.76,82.38,83.0,86.41,9988272,832688188.19,-3.9463,4.8564,1,0,none,baostock,query_history_k_data_plus
688800,SHSE.688800,,SH,A股-上交所,2026-01-05,83.01,84.51,81.9,83.3,83.0,8785770,730967706.79,0.3614,4.2717,1,0,none,baostock,query_history_k_data_plus
688800,SHSE.688800,,SH,A股-上交所,2026-01-06,83.01,83.23,81.0,81.7,83.3,9067947,743165237.75,-1.9208,4.4089,1,0,none,baostock,query_history_k_data_plus
688800,SHSE.688800,,SH,A股-上交所,2026-01-07,81.81,84.49,81.44,82.85,81.7,9162189,761383041.09,1.4076,4.4547,1,0,none,baostock,query_history_k_data_plus
688800,SHSE.688800,,SH,A股-上交所,2026-01-08,83.0,84.03,81.81,82.15,82.85,7781737,644509687.61,-0.8449,3.7835,1,0,none,baostock,query_history_k_data_plus
688800,SHSE.688800,,SH,A股-上交所,2026-01-09,82.5,83.78,80.39,82.63,82.15,7827571,644332912.1,0.5843,3.8058,1,0,none,baostock,query_history_k_data_plus
688800,SHSE.688800,,SH,A股-上交所,2026-01-12,82.95,84.48,78.9,82.34,82.63,10619412,863176392.36,-0.351,5.1632,1,0,none,baostock,query_history_k_data_plus
688800,SHSE.688800,,SH,A股-上交所,2026-01-13,82.36,83.12,79.7,80.02,82.34,8207666,664096412.6,-2.8176,3.9906,1,0,none,baostock,query_history_k_data_plus
688800,SHSE.688800,,SH,A股-上交所,2026-01-14,80.13,81.96,79.2,80.38,80.02,7335254,592134158.42,0.4499,3.5664,1,0,none,baostock,query_history_k_data_plus
688800,SHSE.688800,,SH,A股-上交所,2026-01-15,81.0,84.8,80.48,84.8,80.38,9675872,797934597.39,5.4989,4.7045,1,0,none,baostock,query_history_k_data_plus
688800,SHSE.688800,,SH,A股-上交所,2026-01-16,85.76,90.29,85.7,86.39,84.8,12759870,1118535612.4,1.875,6.2039,1,0,none,baostock,query_history_k_data_plus
688800,SHSE.688800,,SH,A股-上交所,2026-01-19,86.95,89.45,84.8,87.9,86.39,8526530,743697348.35,1.7479,4.1456,1,0,none,baostock,query_history_k_data_plus
688800,SHSE.688800,,SH,A股-上交所,2026-01-20,87.7,87.87,83.12,87.0,87.9,8763517,749038037.79,-1.0239,4.2609,1,0,none,baostock,query_history_k_data_plus
688800,SHSE.688800,,SH,A股-上交所,2026-01-21,85.98,91.6,85.67,90.95,87.0,12174214,1091855860.8,4.5402,5.9192,1,0,none,baostock,query_history_k_data_plus
688800,SHSE.688800,,SH,A股-上交所,2026-01-22,90.98,95.0,87.51,93.9,90.95,14245918,1305947672.35,3.2435,6.9264,1,0,none,baostock,query_history_k_data_plus
688800,SHSE.688800,,SH,A股-上交所,2026-01-23,92.33,93.0,90.15,90.22,93.9,8930515,815437035.71,-3.9191,4.3421,1,0,none,baostock,query_history_k_data_plus
688800,SHSE.688800,,SH,A股-上交所,2026-01-26,89.51,90.58,87.76,89.0,90.22,6003915,534451405.18,-1.3523,2.9191,1,0,none,baostock,query_history_k_data_plus
688800,SHSE.688800,,SH,A股-上交所,2026-01-27,89.0,97.5,87.2,94.01,89.0,11688488,1088422342.15,5.6292,5.683,1,0,none,baostock,query_history_k_data_plus
688800,SHSE.688800,,SH,A股-上交所,2026-01-28,94.66,96.9,93.66,95.1,94.01,7499018,712001491.74,1.1595,3.6461,1,0,none,baostock,query_history_k_data_plus
688800,SHSE.688800,,SH,A股-上交所,2026-01-29,93.31,94.26,87.88,88.0,95.1,10567510,956068815.73,-7.4658,5.138,1,0,none,baostock,query_history_k_data_plus
688800,SHSE.688800,,SH,A股-上交所,2026-01-30,87.54,88.83,83.21,86.46,88.0,9031825,777795040.02,-1.75,4.3913,1,0,none,baostock,query_history_k_data_plus
688800,SHSE.688800,,SH,A股-上交所,2026-02-02,86.51,87.68,81.85,82.3,86.46,7969624,664005011.33,-4.8115,3.8749,1,0,none,baostock,query_history_k_data_plus
688800,SHSE.688800,,SH,A股-上交所,2026-02-03,83.58,84.82,82.0,84.45,82.3,5718926,477884583.34,2.6124,2.7806,1,0,none,baostock,query_history_k_data_plus
688800,SHSE.688800,,SH,A股-上交所,2026-02-04,83.77,84.8,80.2,82.2,84.45,6477763,529383032.33,-2.6643,3.1495,1,0,none,baostock,query_history_k_data_plus
688800,SHSE.688800,,SH,A股-上交所,2026-02-05,81.7,82.74,79.6,79.7,82.2,4942926,398182224.12,-3.0414,2.4033,1,0,none,baostock,query_history_k_data_plus
688800,SHSE.688800,,SH,A股-上交所,2026-02-06,78.98,80.49,78.08,79.1,79.7,3664291,290690054.4,-0.7528,1.7816,1,0,none,baostock,query_history_k_data_plus
688800,SHSE.688800,,SH,A股-上交所,2026-02-09,80.6,82.59,79.86,82.19,79.1,4286342,349850669.4,3.9064,2.084,1,0,none,baostock,query_history_k_data_plus
688800,SHSE.688800,,SH,A股-上交所,2026-02-10,84.0,84.59,81.2,81.2,82.19,4040304,334382123.02,-1.2045,1.9644,1,0,none,baostock,query_history_k_data_plus
688800,SHSE.688800,,SH,A股-上交所,2026-02-11,80.6,81.98,79.86,80.08,81.2,2969989,239288723.01,-1.3793,1.444,1,0,none,baostock,query_history_k_data_plus
688800,SHSE.688800,,SH,A股-上交所,2026-02-12,80.03,82.54,80.03,82.3,80.08,3722077,303986042.53,2.7722,1.8097,1,0,none,baostock,query_history_k_data_plus
688800,SHSE.688800,,SH,A股-上交所,2026-02-13,81.78,82.55,80.51,80.6,82.3,3108941,253735373.11,-2.0656,1.5116,1,0,none,baostock,query_history_k_data_plus
688800,SHSE.688800,,SH,A股-上交所,2026-02-24,82.1,95.0,81.37,94.0,80.6,20717602,1870251404.61,16.6253,10.073,1,0,none,baostock,query_history_k_data_plus
688800,SHSE.688800,,SH,A股-上交所,2026-02-25,98.47,101.9,93.66,97.46,94.0,18761544,1817564704.66,3.6809,9.122,1,0,none,baostock,query_history_k_data_plus
688800,SHSE.688800,,SH,A股-上交所,2026-02-26,98.9,108.0,92.92,105.41,97.46,25861825,2587010742.43,8.1572,12.5742,1,0,none,baostock,query_history_k_data_plus
688800,SHSE.688800,,SH,A股-上交所,2026-02-27,102.0,109.5,100.0,105.35,105.41,16382206,1727541843.18,-0.0569,7.9651,1,0,none,baostock,query_history_k_data_plus
688800,SHSE.688800,,SH,A股-上交所,2026-03-02,102.35,106.0,98.02,99.45,105.35,14152415,1421189820.46,-5.6004,6.881,1,0,none,baostock,query_history_k_data_plus
688800,SHSE.688800,,SH,A股-上交所,2026-03-03,100.03,100.98,93.22,93.8,99.45,12332769,1191280104.43,-5.6812,5.9963,1,0,none,baostock,query_history_k_data_plus
688800,SHSE.688800,,SH,A股-上交所,2026-03-04,92.39,95.48,91.0,91.81,93.8,7318586,678152800.3,-2.1215,3.5583,1,0,none,baostock,query_history_k_data_plus
688800,SHSE.688800,,SH,A股-上交所,2026-03-05,96.4,100.8,94.7,95.52,91.81,11268604,1099990494.48,4.041,5.4789,1,0,none,baostock,query_history_k_data_plus
688800,SHSE.688800,,SH,A股-上交所,2026-03-06,95.35,97.0,92.0,92.66,95.52,7968094,746500319.56,-2.9941,3.8741,1,0,none,baostock,query_history_k_data_plus
688800,SHSE.688800,,SH,A股-上交所,2026-03-09,89.53,90.5,83.3,88.96,92.66,11144935,963253842.43,-3.9931,5.4187,1,0,none,baostock,query_history_k_data_plus
688800,SHSE.688800,,SH,A股-上交所,2026-03-10,91.0,96.39,90.21,95.14,88.96,9764495,909149028.21,6.9469,4.7476,1,0,none,baostock,query_history_k_data_plus
688800,SHSE.688800,,SH,A股-上交所,2026-03-11,95.52,96.46,91.14,91.21,95.14,7634731,711462381.06,-4.1308,3.712,1,0,none,baostock,query_history_k_data_plus
688800,SHSE.688800,,SH,A股-上交所,2026-03-12,90.8,91.21,86.73,87.98,91.21,6391025,565506070.19,-3.5413,3.1074,1,0,none,baostock,query_history_k_data_plus
688800,SHSE.688800,,SH,A股-上交所,2026-03-13,87.0,89.47,86.07,86.92,87.98,6010898,526052634.16,-1.2048,2.9225,1,0,none,baostock,query_history_k_data_plus
688800,SHSE.688800,,SH,A股-上交所,2026-03-16,87.57,93.99,85.11,93.65,86.92,8614063,762470318.32,7.7428,4.1882,1,0,none,baostock,query_history_k_data_plus
688800,SHSE.688800,,SH,A股-上交所,2026-03-17,96.71,98.88,87.0,87.12,93.65,12913144,1191067709.64,-6.9728,6.2784,1,0,none,baostock,query_history_k_data_plus
688800,SHSE.688800,,SH,A股-上交所,2026-03-18,88.0,93.53,85.6,91.45,87.12,11200989,1011086714.85,4.9702,5.446,1,0,none,baostock,query_history_k_data_plus
688800,SHSE.688800,,SH,A股-上交所,2026-03-19,88.07,98.69,88.07,95.2,91.45,17482855,1648078391.33,4.1006,8.5003,1,0,none,baostock,query_history_k_data_plus
688800,SHSE.688800,,SH,A股-上交所,2026-03-20,94.8,98.79,92.1,92.1,95.2,13643471,1303267922.69,-3.2563,6.6335,1,0,none,baostock,query_history_k_data_plus
688800,SHSE.688800,,SH,A股-上交所,2026-03-23,88.8,90.7,84.36,85.56,92.1,13840042,1205863147.17,-7.101,6.7291,1,0,none,baostock,query_history_k_data_plus
688800,SHSE.688800,,SH,A股-上交所,2026-03-24,86.99,88.0,83.3,87.1,85.56,9166671,785419550.04,1.7999,4.4569,1,0,none,baostock,query_history_k_data_plus
688800,SHSE.688800,,SH,A股-上交所,2026-03-25,88.0,94.77,88.0,91.78,87.1,11778158,1076507221.87,5.3731,5.7266,1,0,none,baostock,query_history_k_data_plus
688800,SHSE.688800,,SH,A股-上交所,2026-03-26,91.07,92.29,87.83,88.29,91.78,6534702,587035286.45,-3.8026,3.1772,1,0,none,baostock,query_history_k_data_plus
688800,SHSE.688800,,SH,A股-上交所,2026-03-27,86.0,89.49,83.85,87.6,88.29,6747986,583468767.55,-0.7815,3.2809,1,0,none,baostock,query_history_k_data_plus
688800,SHSE.688800,,SH,A股-上交所,2026-03-30,85.77,86.5,83.3,84.26,87.6,7895150,668100150.69,-3.8128,3.8387,1,0,none,baostock,query_history_k_data_plus
688800,SHSE.688800,,SH,A股-上交所,2026-03-31,83.88,84.9,79.41,80.28,84.26,9465036,770917900.4,-4.7235,4.602,1,0,none,baostock,query_history_k_data_plus
688800,SHSE.688800,,SH,A股-上交所,2026-04-01,83.08,84.35,81.55,83.9,80.28,6104219,507760753.23,4.5092,2.9679,1,0,none,baostock,query_history_k_data_plus
688800,SHSE.688800,,SH,A股-上交所,2026-04-02,83.0,84.55,81.65,82.02,83.9,4350479,360663212.34,-2.2408,2.1152,1,0,none,baostock,query_history_k_data_plus
688800,SHSE.688800,,SH,A股-上交所,2026-04-03,83.57,84.1,81.02,82.0,82.02,4952443,410107135.2,-0.0244,2.4079,1,0,none,baostock,query_history_k_data_plus
688800,SHSE.688800,,SH,A股-上交所,2026-04-07,81.9,83.74,80.87,82.07,82.0,4223886,347332926.03,0.0854,2.0537,1,0,none,baostock,query_history_k_data_plus
688800,SHSE.688800,,SH,A股-上交所,2026-04-08,84.5,89.53,84.11,89.26,82.07,9517715,827015120.28,8.7608,4.6276,1,0,none,baostock,query_history_k_data_plus
688800,SHSE.688800,,SH,A股-上交所,2026-04-09,87.84,89.28,87.02,87.38,89.26,5216890,459201120.04,-2.1062,2.5365,1,0,none,baostock,query_history_k_data_plus
688800,SHSE.688800,,SH,A股-上交所,2026-04-10,88.57,90.9,87.75,88.0,87.38,7192807,640975351.73,0.7095,3.4972,1,0,none,baostock,query_history_k_data_plus
688800,SHSE.688800,,SH,A股-上交所,2026-04-13,87.14,90.11,87.1,88.5,88.0,5417950,481160523.12,0.5682,2.6342,1,0,none,baostock,query_history_k_data_plus
688800,SHSE.688800,,SH,A股-上交所,2026-04-14,93.79,96.97,90.82,95.7,88.5,14175504,1337345676.35,8.1356,6.8922,1,0,none,baostock,query_history_k_data_plus
688800,SHSE.688800,,SH,A股-上交所,2026-04-15,97.51,98.3,93.89,96.05,95.7,12375227,1188024703.91,0.3657,6.0169,1,0,none,baostock,query_history_k_data_plus
688800,SHSE.688800,,SH,A股-上交所,2026-04-16,96.9,99.3,95.06,96.69,96.05,8525988,832819456.47,0.6663,4.1454,1,0,none,baostock,query_history_k_data_plus
688800,SHSE.688800,,SH,A股-上交所,2026-04-17,96.5,99.5,95.0,98.0,96.69,10026040,976932001.57,1.3548,4.8747,1,0,none,baostock,query_history_k_data_plus
